lookahead,nominal_ms,realized_ms,session,fold,epoch,learning_rate,optimization_loss,gradient_mean_before_clip,gradient_max_before_clip,train_loss,train_r2,validation_loss,validation_r2
future50ms,50,48,indy_20160622_01,1,1,0.0009,0.7635350545003023,1.287356518465897,3.529110908508301,0.46860867738723755,0.5313898921012878,0.5877793431282043,0.46788108348846436
future50ms,50,48,indy_20160622_01,1,2,0.000894459753267812,0.4361594189039401,1.0275746995005115,1.388857364654541,0.31301069259643555,0.6869885921478271,0.3967261016368866,0.6390199661254883
future50ms,50,48,indy_20160622_01,1,3,0.0008779754323328191,0.3324399558066626,1.1331140111232627,1.8598015308380127,0.23877878487110138,0.7612208724021912,0.3034478425979614,0.7199333310127258
future50ms,50,48,indy_20160622_01,1,4,0.0008509529358847655,0.2804359389907093,1.013978508012048,1.3673584461212158,0.2049635499715805,0.795035719871521,0.26488086581230164,0.7557462453842163
future50ms,50,48,indy_20160622_01,1,5,0.0008140576474687264,0.25194275184886356,0.9882475692650368,1.6476712226867676,0.19281317293643951,0.8071869611740112,0.27580490708351135,0.7476668357849121
future50ms,50,48,indy_20160622_01,1,6,0.0007681980515339464,0.23463575899090022,0.9768500636363852,1.336121916770935,0.17853908240795135,0.8214610815048218,0.25930050015449524,0.7614478468894958
future50ms,50,48,indy_20160622_01,1,7,0.0007145033635316129,0.21871852502828504,0.8685576936294293,1.475855827331543,0.16547736525535583,0.8345228433609009,0.23271408677101135,0.7856861352920532
future50ms,50,48,indy_20160622_01,1,8,0.0006542957248827961,0.2089440928880162,0.836241524795006,1.7020496129989624,0.15218554437160492,0.8478143811225891,0.24347849190235138,0.7747318148612976
future50ms,50,48,indy_20160622_01,1,9,0.0005890576474687265,0.18679135346872894,0.7844359771958713,1.1090211868286133,0.14224514365196228,0.8577542901039124,0.24256761372089386,0.7751555442810059
future50ms,50,48,indy_20160622_01,1,10,0.000520395509268104,0.18472180225474374,0.8252759349757227,1.5031331777572632,0.13508056104183197,0.8649194836616516,0.22217555344104767,0.7956284284591675
future50ms,50,48,indy_20160622_01,1,11,0.0004500000000000001,0.17734288294152942,0.8020638155526129,1.387110948562622,0.13059666752815247,0.8694028258323669,0.224538654088974,0.7915144562721252
future50ms,50,48,indy_20160622_01,1,12,0.00037960449073189633,0.17545631164165368,0.89396130422066,1.663413405418396,0.1251460760831833,0.8748539090156555,0.22337079048156738,0.793218731880188
future50ms,50,48,indy_20160622_01,1,13,0.0003109423525312738,0.16589053335997284,0.7744289122778794,2.0032007694244385,0.11562173068523407,0.8843779563903809,0.21732555329799652,0.7985357046127319
future50ms,50,48,indy_20160622_01,1,14,0.00024570427511720405,0.15958217003889885,0.7379430059728951,1.00932776927948,0.11533159017562866,0.8846683502197266,0.21780377626419067,0.7976237535476685
future50ms,50,48,indy_20160622_01,1,15,0.0001854966364683872,0.1554138612158107,0.7372849162282615,1.5237793922424316,0.11118870973587036,0.8888111114501953,0.2165594846010208,0.7995603680610657
future50ms,50,48,indy_20160622_01,1,16,0.00013180194846605368,0.15694124334588866,0.734248221948229,1.21924889087677,0.10994015634059906,0.8900595903396606,0.2168552279472351,0.7993806600570679
future50ms,50,48,indy_20160622_01,1,17,8.594235253127372e-05,0.15183470507067565,0.7097038626670837,1.479838490486145,0.11224129796028137,0.887758731842041,0.22044986486434937,0.7959203720092773
future50ms,50,48,indy_20160622_01,1,18,4.9047064115234504e-05,0.1538033802164095,0.7015425655348547,1.4789472818374634,0.10876436531543732,0.8912354111671448,0.21593815088272095,0.8001073598861694
future50ms,50,48,indy_20160622_01,1,19,2.2024567667180916e-05,0.14936933502951072,0.6640585064888,1.1361888647079468,0.10794419050216675,0.8920556306838989,0.21306507289409637,0.8026012182235718
future50ms,50,48,indy_20160622_01,1,20,5.540246732188055e-06,0.14909388310559338,0.654670853039314,0.9009581804275513,0.1079317182302475,0.8920682072639465,0.21328958868980408,0.8024320602416992
future50ms,50,48,indy_20160622_01,2,1,0.0009,0.770031515242798,1.4025437320981706,3.2777395248413086,0.4634304940700531,0.5365681052207947,0.4370808005332947,0.5237677097320557
future50ms,50,48,indy_20160622_01,2,2,0.000894459753267812,0.44455643809282497,1.1125538583312715,2.047297239303589,0.3138812184333801,0.6861187815666199,0.2967997193336487,0.6763864755630493
future50ms,50,48,indy_20160622_01,2,3,0.0008779754323328191,0.31935413876395147,0.977495157292911,1.4697948694229126,0.23712709546089172,0.762872576713562,0.24165335297584534,0.7360478043556213
future50ms,50,48,indy_20160622_01,2,4,0.0008509529358847655,0.282499079780577,1.0683399417570658,1.539793610572815,0.21711738407611847,0.7828826308250427,0.22652067244052887,0.7536247968673706
future50ms,50,48,indy_20160622_01,2,5,0.0008140576474687264,0.2432183434144001,0.8838669785431453,1.2670155763626099,0.20080237090587616,0.7991971969604492,0.2380073368549347,0.7388277649879456
future50ms,50,48,indy_20160622_01,2,6,0.0007681980515339464,0.22488480890268467,0.9085191317967006,1.3521677255630493,0.1627345085144043,0.8372654914855957,0.19866444170475006,0.7831584215164185
future50ms,50,48,indy_20160622_01,2,7,0.0007145033635316129,0.20917446656666924,0.8385441941874368,1.3244144916534424,0.1541140079498291,0.8458863496780396,0.19815117120742798,0.7839290499687195
future50ms,50,48,indy_20160622_01,2,8,0.0006542957248827961,0.19920895887413737,0.8486451974936894,1.1191085577011108,0.14096854627132416,0.859031617641449,0.1904870718717575,0.7926352024078369
future50ms,50,48,indy_20160622_01,2,9,0.0005890576474687265,0.18964676248875306,0.8079322108200618,1.1637537479400635,0.14470529556274414,0.8552943468093872,0.19565945863723755,0.786720335483551
future50ms,50,48,indy_20160622_01,2,10,0.000520395509268104,0.18297523066165478,0.8657732393060412,1.4110779762268066,0.13305366039276123,0.8669461011886597,0.18112076818943024,0.8025621771812439
future50ms,50,48,indy_20160622_01,2,11,0.0004500000000000001,0.17674870948847393,0.8704773592097419,1.2905634641647339,0.1287798136472702,0.8712199926376343,0.1844545602798462,0.7990193367004395
future50ms,50,48,indy_20160622_01,2,12,0.00037960449073189633,0.1708558215924239,0.7730628805501121,1.2000995874404907,0.1236988976597786,0.8763008117675781,0.17966927587985992,0.8044055104255676
future50ms,50,48,indy_20160622_01,2,13,0.0003109423525312738,0.15883865097799968,0.745218540940966,1.261168122291565,0.1173873022198677,0.8826124668121338,0.17885345220565796,0.8048719167709351
future50ms,50,48,indy_20160622_01,2,14,0.00024570427511720405,0.15808966500376215,0.711828217974731,0.9660769701004028,0.11378137767314911,0.8862186670303345,0.18075506389141083,0.8030314445495605
future50ms,50,48,indy_20160622_01,2,15,0.0001854966364683872,0.1559251511929268,0.7468011219586644,1.117567539215088,0.11680970340967178,0.8831899166107178,0.17982420325279236,0.804405927658081
future50ms,50,48,indy_20160622_01,2,16,0.00013180194846605368,0.1511592900578886,0.7341116145253181,1.0691077709197998,0.11312026530504227,0.8868796825408936,0.17647886276245117,0.8079628944396973
future50ms,50,48,indy_20160622_01,2,17,8.594235253127372e-05,0.16078515995527978,0.8028709196618625,2.058816909790039,0.11090248078107834,0.8890974521636963,0.1746336966753006,0.8101094961166382
future50ms,50,48,indy_20160622_01,2,18,4.9047064115234504e-05,0.14579188533772322,0.6875045299530029,0.9069137573242188,0.10806749761104584,0.8919324278831482,0.1732458621263504,0.811324954032898
future50ms,50,48,indy_20160622_01,2,19,2.2024567667180916e-05,0.1506765047356238,0.6711923480033875,0.9259663820266724,0.10740561038255692,0.8925941586494446,0.17207036912441254,0.8126369118690491
future50ms,50,48,indy_20160622_01,2,20,5.540246732188055e-06,0.14851884223151235,0.6596901768020221,0.886646568775177,0.10745499283075333,0.8925449252128601,0.17241790890693665,0.8122364282608032
future50ms,50,48,indy_20160622_01,3,1,0.0009,0.7551532136993838,1.2736812233924866,4.034371852874756,0.4510729908943176,0.5489258170127869,0.4570792317390442,0.5316917896270752
future50ms,50,48,indy_20160622_01,3,2,0.000894459753267812,0.43740597501215095,1.1785736700584148,2.2377469539642334,0.33904048800468445,0.6609576940536499,0.36460942029953003,0.6293489933013916
future50ms,50,48,indy_20160622_01,3,3,0.0008779754323328191,0.3170504662312978,1.2276216169883465,2.371523380279541,0.2507404088973999,0.7492599487304688,0.29203733801841736,0.704124391078949
future50ms,50,48,indy_20160622_01,3,4,0.0008509529358847655,0.2721999777832499,0.9831271397656408,3.7492403984069824,0.21609383821487427,0.7839056253433228,0.26749956607818604,0.727958083152771
future50ms,50,48,indy_20160622_01,3,5,0.0008140576474687264,0.24682434086138264,1.0743564634487546,3.141977310180664,0.203410804271698,0.7965887188911438,0.26031389832496643,0.7345333099365234
future50ms,50,48,indy_20160622_01,3,6,0.0007681980515339464,0.22851538721576975,1.0051211694191242,1.4443095922470093,0.17278839647769928,0.8272117376327515,0.25319644808769226,0.7420759201049805
future50ms,50,48,indy_20160622_01,3,7,0.0007145033635316129,0.21507933753261882,0.9260625160973648,1.649503231048584,0.16429151594638824,0.8357076644897461,0.23467949032783508,0.7600140571594238
future50ms,50,48,indy_20160622_01,3,8,0.0006542957248827961,0.1990236099163914,0.9267768983183235,2.7691848278045654,0.14379052817821503,0.8562097549438477,0.21763642132282257,0.7781184911727905
future50ms,50,48,indy_20160622_01,3,9,0.0005890576474687265,0.19128395444303714,0.9088094851066326,1.4997376203536987,0.14602221548557281,0.8539784550666809,0.21792510151863098,0.777854323387146
future50ms,50,48,indy_20160622_01,3,10,0.000520395509268104,0.1792452770053813,0.7888277008615691,1.5651154518127441,0.13762114942073822,0.8623788952827454,0.22484175860881805,0.770459771156311
future50ms,50,48,indy_20160622_01,3,11,0.0004500000000000001,0.17469408071842077,0.8409379638474563,1.1946004629135132,0.1251434087753296,0.8748561143875122,0.2142259180545807,0.7814173698425293
future50ms,50,48,indy_20160622_01,3,12,0.00037960449073189633,0.16698974968340297,0.8237969587589132,1.2260264158248901,0.1319880187511444,0.8680116534233093,0.2359868735074997,0.7590669393539429
future50ms,50,48,indy_20160622_01,3,13,0.0003109423525312738,0.16647860359347572,0.9024545262599813,3.1780483722686768,0.1286011040210724,0.871398389339447,0.22483675181865692,0.7693170309066772
future50ms,50,48,indy_20160622_01,3,14,0.00024570427511720405,0.1590108371745378,0.697037121345257,1.1318750381469727,0.11413248628377914,0.885867178440094,0.21326911449432373,0.7817578911781311
future50ms,50,48,indy_20160622_01,3,15,0.0001854966364683872,0.15324538033241994,0.6980237745005509,1.26334547996521,0.11329491436481476,0.886704683303833,0.21213723719120026,0.783042848110199
future50ms,50,48,indy_20160622_01,3,16,0.00013180194846605368,0.15231482942322302,0.6987764290694533,1.4485567808151245,0.10883033275604248,0.8911693692207336,0.20040901005268097,0.7950947284698486
future50ms,50,48,indy_20160622_01,3,17,8.594235253127372e-05,0.14953482129019682,0.7344689996078096,2.7550344467163086,0.11100880801677704,0.888991117477417,0.21212676167488098,0.7831249237060547
future50ms,50,48,indy_20160622_01,3,18,4.9047064115234504e-05,0.14852763973924138,0.7734891094010452,4.397484302520752,0.10839774459600449,0.8916019201278687,0.20612312853336334,0.789216935634613
future50ms,50,48,indy_20160622_01,3,19,2.2024567667180916e-05,0.14714991731178623,0.681046102581353,1.2628790140151978,0.10827655345201492,0.8917232751846313,0.20692458748817444,0.7882386445999146
future50ms,50,48,indy_20160622_01,3,20,5.540246732188055e-06,0.14929335481017955,0.7717181999107887,3.547076463699341,0.10817372798919678,0.8918260931968689,0.20684781670570374,0.7883049249649048
future50ms,50,48,indy_20160622_01,4,1,0.0009,0.7558743653895982,1.2994783274058639,3.2854528427124023,0.46407780051231384,0.5359194874763489,0.4384131133556366,0.5281182527542114
future50ms,50,48,indy_20160622_01,4,2,0.000894459753267812,0.42911245574313556,1.0831093685380344,1.6293566226959229,0.2988838851451874,0.7011159062385559,0.27722257375717163,0.7007255554199219
future50ms,50,48,indy_20160622_01,4,3,0.0008779754323328191,0.31323403884048,1.139248685590152,2.7863681316375732,0.2328985631465912,0.7671014070510864,0.22974668443202972,0.7513563632965088
future50ms,50,48,indy_20160622_01,4,4,0.0008509529358847655,0.2743333592813274,1.248460726491336,4.033717155456543,0.22250284254550934,0.7774969339370728,0.23323258757591248,0.7501421570777893
future50ms,50,48,indy_20160622_01,4,5,0.0008140576474687264,0.2518161230576282,1.0823185875498016,2.890104293823242,0.19415675103664398,0.8058427572250366,0.21015119552612305,0.774411141872406
future50ms,50,48,indy_20160622_01,4,6,0.0007681980515339464,0.23414848242242764,1.146407454178251,1.8818973302841187,0.17436768114566803,0.8256321549415588,0.19396322965621948,0.7901562452316284
future50ms,50,48,indy_20160622_01,4,7,0.0007145033635316129,0.2220981950273676,1.0848141065959274,3.1912639141082764,0.1652238368988037,0.8347755670547485,0.19986630976200104,0.784878134727478
future50ms,50,48,indy_20160622_01,4,8,0.0006542957248827961,0.20463115277091692,1.0267913793695385,2.720557451248169,0.15381170809268951,0.8461880683898926,0.19067999720573425,0.7940104603767395
future50ms,50,48,indy_20160622_01,4,9,0.0005890576474687265,0.19511442175659602,0.9369959235191345,1.5809575319290161,0.14480605721473694,0.855194091796875,0.18788842856884003,0.7982016205787659
future50ms,50,48,indy_20160622_01,4,10,0.000520395509268104,0.17747286387726044,0.7567238047205168,1.2384167909622192,0.12645019590854645,0.8735494017601013,0.17147290706634521,0.81563401222229
future50ms,50,48,indy_20160622_01,4,11,0.0004500000000000001,0.17715479814098561,0.8748920580436443,1.4084831476211548,0.1321905106306076,0.8678091764450073,0.18257459998130798,0.8031963109970093
future50ms,50,48,indy_20160622_01,4,12,0.00037960449073189633,0.17089279510730662,0.7933415390294174,1.2896153926849365,0.12517474591732025,0.874825119972229,0.17616261541843414,0.8099021911621094
future50ms,50,48,indy_20160622_01,4,13,0.0003109423525312738,0.1665571211159629,0.8542490848179521,2.460845708847046,0.1228921115398407,0.8771075010299683,0.1785241961479187,0.8077675104141235
future50ms,50,48,indy_20160622_01,4,14,0.00024570427511720405,0.16356219073589254,0.7683623864732939,1.4464961290359497,0.11730559170246124,0.8826937675476074,0.1770360767841339,0.8092321157455444
future50ms,50,48,indy_20160622_01,4,15,0.0001854966364683872,0.15920241458155768,0.7664759960667841,1.3473800420761108,0.11440911889076233,0.8855905532836914,0.17383408546447754,0.8125451803207397
future50ms,50,48,indy_20160622_01,4,16,0.00013180194846605368,0.154289601946662,0.6784274362284561,0.9489725232124329,0.11118101328611374,0.8888185620307922,0.1717737317085266,0.8152343034744263
future50ms,50,48,indy_20160622_01,4,17,8.594235253127372e-05,0.150184216665127,0.6730086012133236,1.045268177986145,0.11344511061906815,0.8865546584129333,0.17614904046058655,0.8104634284973145
future50ms,50,48,indy_20160622_01,4,18,4.9047064115234504e-05,0.1548266210553612,0.8055258578267591,3.3209171295166016,0.10787434875965118,0.8921254277229309,0.1695173978805542,0.8173679113388062
future50ms,50,48,indy_20160622_01,4,19,2.2024567667180916e-05,0.14825071728923314,0.7040773301289,2.0300416946411133,0.10960189998149872,0.8903979063034058,0.17149433493614197,0.8153954744338989
future50ms,50,48,indy_20160622_01,4,20,5.540246732188055e-06,0.14540563770339537,0.7285894854315396,2.6546072959899902,0.10923349857330322,0.8907663822174072,0.17132069170475006,0.8155317306518555
future50ms,50,48,indy_20160622_01,5,1,0.0009,0.7700026769405198,1.372284841948542,2.6821324825286865,0.4749900698661804,0.5250080823898315,0.5603365898132324,0.47305870056152344
future50ms,50,48,indy_20160622_01,5,2,0.000894459753267812,0.4340101304125939,0.9964322591650074,1.3305184841156006,0.3001144230365753,0.6998852491378784,0.3705044686794281,0.6515477299690247
future50ms,50,48,indy_20160622_01,5,3,0.0008779754323328191,0.312438986330715,1.0134582683957856,1.5332359075546265,0.22947274148464203,0.7705267667770386,0.30046993494033813,0.717400074005127
future50ms,50,48,indy_20160622_01,5,4,0.0008509529358847655,0.26795774840606973,0.9836974082321956,2.0429394245147705,0.20948933064937592,0.7905110716819763,0.289025217294693,0.7281596660614014
future50ms,50,48,indy_20160622_01,5,5,0.0008140576474687264,0.23513901034134105,0.9632561083497673,1.490519404411316,0.18861903250217438,0.8113811016082764,0.2727426290512085,0.74346923828125
future50ms,50,48,indy_20160622_01,5,6,0.0007681980515339464,0.2160740081613956,0.8383655763905624,1.3944863080978394,0.16674956679344177,0.8332498073577881,0.26893308758735657,0.7470260858535767
future50ms,50,48,indy_20160622_01,5,7,0.0007145033635316129,0.2065204894165253,0.9076069983942755,2.079991579055786,0.15111985802650452,0.8488800525665283,0.2543969452381134,0.7607038021087646
future50ms,50,48,indy_20160622_01,5,8,0.0006542957248827961,0.1964651450141698,0.760928018339749,1.016163945198059,0.14271293580532074,0.8572874069213867,0.23519790172576904,0.7787805795669556
future50ms,50,48,indy_20160622_01,5,9,0.0005890576474687265,0.18369725584662047,0.8656533278267959,1.3073869943618774,0.14027579128742218,0.8597237467765808,0.243560791015625,0.7709213495254517
future50ms,50,48,indy_20160622_01,5,10,0.000520395509268104,0.1761105110193992,0.7605691819355406,1.2996724843978882,0.13240009546279907,0.8675998449325562,0.23323215544223785,0.7806588411331177
future50ms,50,48,indy_20160622_01,5,11,0.0004500000000000001,0.17333569048000705,0.9045070389221455,1.866100788116455,0.1347750723361969,0.8652249574661255,0.24617403745651245,0.7685046195983887
future50ms,50,48,indy_20160622_01,5,12,0.00037960449073189633,0.1641611480625234,0.7795934389377462,1.229224443435669,0.12226354330778122,0.8777360916137695,0.2257200926542282,0.7877033948898315
future50ms,50,48,indy_20160622_01,5,13,0.0003109423525312738,0.16558971119609023,0.8071904562670609,1.196250557899475,0.11749688535928726,0.8825032711029053,0.2275623083114624,0.7859659194946289
future50ms,50,48,indy_20160622_01,5,14,0.00024570427511720405,0.15783737954868213,0.7577811870081671,1.1642569303512573,0.11115587502717972,0.8888437747955322,0.22956226766109467,0.7840955257415771
future50ms,50,48,indy_20160622_01,5,15,0.0001854966364683872,0.1545261867691816,0.706717717236486,1.1297478675842285,0.11314597725868225,0.8868536949157715,0.2200509011745453,0.7930264472961426
future50ms,50,48,indy_20160622_01,5,16,0.00013180194846605368,0.14945814347579497,0.6727019579246126,1.0143502950668335,0.10930304229259491,0.8906967639923096,0.21942615509033203,0.7936257123947144
future50ms,50,48,indy_20160622_01,5,17,8.594235253127372e-05,0.14637643810393872,0.666234179817397,1.0521845817565918,0.10844704508781433,0.891552746295929,0.21768063306808472,0.7952593564987183
future50ms,50,48,indy_20160622_01,5,18,4.9047064115234504e-05,0.14753290397792038,0.6853146758572809,0.9729632139205933,0.1060410737991333,0.8939589262008667,0.21709099411964417,0.7958165407180786
future50ms,50,48,indy_20160622_01,5,19,2.2024567667180916e-05,0.14716775352241923,0.6321305632591248,0.9259775876998901,0.10506871342658997,0.8949311375617981,0.21685904264450073,0.7960370779037476
future50ms,50,48,indy_20160622_01,5,20,5.540246732188055e-06,0.1446937827282397,0.6674030227907772,1.2256250381469727,0.1051982194185257,0.8948016166687012,0.21658729016780853,0.7962929010391235
future50ms,50,48,indy_20160630_01,1,1,0.0009,0.8727117952365102,1.225870939237731,3.365858316421509,0.6113519668579102,0.3886459171772003,0.6359264850616455,0.3648538887500763
future50ms,50,48,indy_20160630_01,1,2,0.000894459753267812,0.5553560903199957,1.2744760470730918,2.0188066959381104,0.3782707154750824,0.6217280626296997,0.42003828287124634,0.5787526369094849
future50ms,50,48,indy_20160630_01,1,3,0.0008779754323328191,0.4039161612529839,1.4229520793472017,2.5737438201904297,0.3105199337005615,0.6894791722297668,0.3745242953300476,0.6245476007461548
future50ms,50,48,indy_20160630_01,1,4,0.0008509529358847655,0.35121473523239244,1.4284355406250273,2.994990348815918,0.2548392713069916,0.7451608180999756,0.34784549474716187,0.6511381268501282
future50ms,50,48,indy_20160630_01,1,5,0.0008140576474687264,0.3087923287285356,1.258330076932907,2.8021018505096436,0.23985570669174194,0.7601441144943237,0.3474728465080261,0.6517531871795654
future50ms,50,48,indy_20160630_01,1,6,0.0007681980515339464,0.29505941489362775,1.229700750538281,2.102464437484741,0.21253593266010284,0.7874641418457031,0.3301656246185303,0.6690254211425781
future50ms,50,48,indy_20160630_01,1,7,0.0007145033635316129,0.2747698776375344,1.128435948065349,1.6803395748138428,0.1920844465494156,0.8079158663749695,0.3120427131652832,0.6862488985061646
future50ms,50,48,indy_20160630_01,1,8,0.0006542957248827961,0.24970120665437948,1.0389090031385422,1.4788578748703003,0.19823193550109863,0.8017685413360596,0.34106725454330444,0.6585432291030884
future50ms,50,48,indy_20160630_01,1,9,0.0005890576474687265,0.2465787662320092,1.1339551189116068,2.420016050338745,0.17689205706119537,0.8231077194213867,0.3109409213066101,0.6874851584434509
future50ms,50,48,indy_20160630_01,1,10,0.000520395509268104,0.23736281085531266,1.1254921321358,1.8887038230895996,0.1708219051361084,0.8291784524917603,0.3037559390068054,0.6949441432952881
future50ms,50,48,indy_20160630_01,1,11,0.0004500000000000001,0.2191149540416984,0.9962401241064072,2.2873034477233887,0.15790989995002747,0.8420892953872681,0.2947670519351959,0.7030472755432129
future50ms,50,48,indy_20160630_01,1,12,0.00037960449073189633,0.2153310984307193,1.0085439383983612,1.7565032243728638,0.15510983765125275,0.8448901772499084,0.2989245355129242,0.6995221376419067
future50ms,50,48,indy_20160630_01,1,13,0.0003109423525312738,0.20854760051057325,1.1977165745837348,3.067631721496582,0.1486068218946457,0.8513928651809692,0.2939959764480591,0.7041977643966675
future50ms,50,48,indy_20160630_01,1,14,0.00024570427511720405,0.2012794754986516,0.9660598571811404,1.5648140907287598,0.1402713656425476,0.8597284555435181,0.28413376212120056,0.7142664194107056
future50ms,50,48,indy_20160630_01,1,15,0.0001854966364683872,0.19325948449071045,0.9052920362779072,2.7829437255859375,0.1374262124300003,0.8625736236572266,0.2822037637233734,0.7159082889556885
future50ms,50,48,indy_20160630_01,1,16,0.00013180194846605368,0.19658143464474473,0.9750829317740032,2.6844282150268555,0.13794417679309845,0.8620561957359314,0.2931489646434784,0.7050813436508179
future50ms,50,48,indy_20160630_01,1,17,8.594235253127372e-05,0.18672167107359008,0.9065503627061844,1.7990361452102661,0.13131587207317352,0.8686838150024414,0.2813136577606201,0.7168707847595215
future50ms,50,48,indy_20160630_01,1,18,4.9047064115234504e-05,0.18638641703905984,0.8745796637875694,1.4358019828796387,0.13516449928283691,0.8648354411125183,0.2903529405593872,0.7078862190246582
future50ms,50,48,indy_20160630_01,1,19,2.2024567667180916e-05,0.18568160755160634,0.8614355666296822,1.4710973501205444,0.13319514691829681,0.8668045997619629,0.28934767842292786,0.708967387676239
future50ms,50,48,indy_20160630_01,1,20,5.540246732188055e-06,0.1876670564708078,0.9672954997846058,2.0918543338775635,0.13284261524677277,0.8671572804450989,0.28789201378822327,0.7103884220123291
future50ms,50,48,indy_20160630_01,2,1,0.0009,0.8580420141014651,1.098508587905339,2.8786563873291016,0.5915076732635498,0.4084894359111786,0.5606903433799744,0.3953224718570709
future50ms,50,48,indy_20160630_01,2,2,0.000894459753267812,0.5465799498311161,1.2830944316727775,2.0867536067962646,0.38768699765205383,0.6123121976852417,0.3605594336986542,0.6089683771133423
future50ms,50,48,indy_20160630_01,2,3,0.0008779754323328191,0.4153049507051618,1.4225935212203435,2.7370758056640625,0.30568280816078186,0.6943173408508301,0.3036416471004486,0.6707372665405273
future50ms,50,48,indy_20160630_01,2,4,0.0008509529358847655,0.35555712612202534,1.3229566110031945,2.2075016498565674,0.28001195192337036,0.7199877500534058,0.2842073440551758,0.6915680170059204
future50ms,50,48,indy_20160630_01,2,5,0.0008140576474687264,0.31678804535881655,1.2270376682281494,1.9376064538955688,0.24575501680374146,0.7542444467544556,0.2656407058238983,0.7109622359275818
future50ms,50,48,indy_20160630_01,2,6,0.0007681980515339464,0.2971375634899286,1.1304351368120737,1.6588598489761353,0.2272753119468689,0.7727246284484863,0.2625144124031067,0.7135434150695801
future50ms,50,48,indy_20160630_01,2,7,0.0007145033635316129,0.2844222060718833,1.1951302673135484,1.9682962894439697,0.2072068750858307,0.7927931547164917,0.2564561367034912,0.7203680276870728
future50ms,50,48,indy_20160630_01,2,8,0.0006542957248827961,0.25660230476056506,1.1544100237744195,2.4368560314178467,0.19438892602920532,0.8056111931800842,0.24952353537082672,0.7278652191162109
future50ms,50,48,indy_20160630_01,2,9,0.0005890576474687265,0.2535243585253873,1.2834850826433726,2.2669129371643066,0.18951527774333954,0.8104849457740784,0.2468530237674713,0.7308245301246643
future50ms,50,48,indy_20160630_01,2,10,0.000520395509268104,0.23596199895007283,1.047450418983187,1.6163275241851807,0.17245793342590332,0.8275418281555176,0.24095693230628967,0.7364153861999512
future50ms,50,48,indy_20160630_01,2,11,0.0004500000000000001,0.23232652491134917,1.069627304162298,1.5311899185180664,0.16605250537395477,0.833946704864502,0.2396911084651947,0.7378361225128174
future50ms,50,48,indy_20160630_01,2,12,0.00037960449073189633,0.21403119147110444,1.0868651611464364,1.8576176166534424,0.17270201444625854,0.8272970914840698,0.23981282114982605,0.7371816635131836
future50ms,50,48,indy_20160630_01,2,13,0.0003109423525312738,0.22289432579508195,1.2270232566765376,2.0405831336975098,0.1563696563243866,0.8436306715011597,0.2302262783050537,0.748138427734375
future50ms,50,48,indy_20160630_01,2,14,0.00024570427511720405,0.20624960647488133,0.9260619112423488,1.857351303100586,0.1441413015127182,0.855858325958252,0.22230295836925507,0.7568119168281555
future50ms,50,48,indy_20160630_01,2,15,0.0001854966364683872,0.2050422699168633,1.0827854595014028,2.1395504474639893,0.14356407523155212,0.8564361333847046,0.2213045060634613,0.7580338716506958
future50ms,50,48,indy_20160630_01,2,16,0.00013180194846605368,0.1967389100413086,1.024959881390844,1.5884965658187866,0.14091724157333374,0.8590823411941528,0.22370482981204987,0.7553123235702515
future50ms,50,48,indy_20160630_01,2,17,8.594235253127372e-05,0.19161142531407654,0.8864850295441491,1.5718034505844116,0.1411764770746231,0.8588234782218933,0.2272733747959137,0.7513514757156372
future50ms,50,48,indy_20160630_01,2,18,4.9047064115234504e-05,0.18686603695407686,0.8484041690826416,1.2296825647354126,0.13924647867679596,0.8607535362243652,0.22481854259967804,0.7541674375534058
future50ms,50,48,indy_20160630_01,2,19,2.2024567667180916e-05,0.19358040967283868,0.8592163281781333,1.2036114931106567,0.13992275297641754,0.8600773811340332,0.22590135037899017,0.7530436515808105
future50ms,50,48,indy_20160630_01,2,20,5.540246732188055e-06,0.18824176268938642,0.8914640865155629,1.4651464223861694,0.13920220732688904,0.8607977628707886,0.22576020658016205,0.7531818151473999
future50ms,50,48,indy_20160630_01,3,1,0.0009,0.885273102838412,1.2462306107793535,3.7250759601593018,0.6324036717414856,0.3675940930843353,0.6219556331634521,0.37185797095298767
future50ms,50,48,indy_20160630_01,3,2,0.000894459753267812,0.5625291031626739,1.0712299134050096,1.9346076250076294,0.3833580017089844,0.616641640663147,0.4119274914264679,0.5849902629852295
future50ms,50,48,indy_20160630_01,3,3,0.0008779754323328191,0.4078736679764728,1.1781243596758162,1.7506012916564941,0.298362672328949,0.7016360759735107,0.337348997592926,0.659842312335968
future50ms,50,48,indy_20160630_01,3,4,0.0008509529358847655,0.34943783367153175,1.218014929975782,1.704797625541687,0.2674434185028076,0.7325562834739685,0.32348427176475525,0.6741594076156616
future50ms,50,48,indy_20160630_01,3,5,0.0008140576474687264,0.3013859212898808,1.2307210330452238,2.0981202125549316,0.22705653309822083,0.7729427814483643,0.2997826337814331,0.6986443996429443
future50ms,50,48,indy_20160630_01,3,6,0.0007681980515339464,0.2959149189994668,1.3674338161945343,2.1218740940093994,0.21362125873565674,0.786378800868988,0.2974381148815155,0.7007601261138916
future50ms,50,48,indy_20160630_01,3,7,0.0007145033635316129,0.2678913549939952,1.1746487425906318,1.833466649055481,0.20194484293460846,0.7980554699897766,0.2843427360057831,0.7138537764549255
future50ms,50,48,indy_20160630_01,3,8,0.0006542957248827961,0.2632140800305497,1.221503930432456,1.8050453662872314,0.18814025819301605,0.8118593692779541,0.296756386756897,0.7012180685997009
future50ms,50,48,indy_20160630_01,3,9,0.0005890576474687265,0.24151676056942314,1.194700647677694,2.483596086502075,0.1703552007675171,0.8296447992324829,0.2773806154727936,0.7213491201400757
future50ms,50,48,indy_20160630_01,3,10,0.000520395509268104,0.23338261954330033,1.0964238388197762,1.6174886226654053,0.16965283453464508,0.8303476572036743,0.29715532064437866,0.7016708850860596
future50ms,50,48,indy_20160630_01,3,11,0.0004500000000000001,0.22135560171080115,1.1349458077124186,1.907835841178894,0.15575000643730164,0.8442502021789551,0.2920004427433014,0.7067795991897583
future50ms,50,48,indy_20160630_01,3,12,0.00037960449073189633,0.21023216119317487,1.045197652918952,1.7374897003173828,0.1535092145204544,0.8464906215667725,0.2753135859966278,0.7232728004455566
future50ms,50,48,indy_20160630_01,3,13,0.0003109423525312738,0.20887969057712194,0.9841729828289577,1.5376640558242798,0.14700114727020264,0.8529981374740601,0.28503620624542236,0.7134079337120056
future50ms,50,48,indy_20160630_01,3,14,0.00024570427511720405,0.2001565772402424,1.0824406615325384,1.7932240962982178,0.14012284576892853,0.8598771095275879,0.2768182158470154,0.7220101356506348
future50ms,50,48,indy_20160630_01,3,15,0.0001854966364683872,0.1874671356430907,0.9133162860359464,1.9930899143218994,0.13609535992145538,0.8639041185379028,0.27452537417411804,0.7241955995559692
future50ms,50,48,indy_20160630_01,3,16,0.00013180194846605368,0.1911230680333982,0.9219381511211395,1.7605012655258179,0.13559113442897797,0.8644087910652161,0.27420592308044434,0.7246553301811218
future50ms,50,48,indy_20160630_01,3,17,8.594235253127372e-05,0.1842314534255569,0.8688112092869622,1.8375561237335205,0.1317332684993744,0.8682668805122375,0.2714501619338989,0.727400541305542
future50ms,50,48,indy_20160630_01,3,18,4.9047064115234504e-05,0.18299383966350477,0.8803977050951549,1.6710246801376343,0.1326209008693695,0.8673791885375977,0.2719982862472534,0.7267404198646545
future50ms,50,48,indy_20160630_01,3,19,2.2024567667180916e-05,0.18165383082524175,0.859837246792657,1.4557265043258667,0.1327378898859024,0.8672623634338379,0.2731019854545593,0.7255866527557373
future50ms,50,48,indy_20160630_01,3,20,5.540246732188055e-06,0.1836172152696986,0.9141187348536083,1.8925449848175049,0.1324177086353302,0.8675820827484131,0.273158460855484,0.7255309820175171
future50ms,50,48,indy_20160630_01,4,1,0.0009,0.8859012656616003,1.2158275097608566,3.268437623977661,0.6323502063751221,0.36764928698539734,0.5883042812347412,0.3107929527759552
future50ms,50,48,indy_20160630_01,4,2,0.000894459753267812,0.553942517667502,1.0851084270647593,1.5323536396026611,0.38333186507225037,0.6166689395904541,0.38137146830558777,0.5553498268127441
future50ms,50,48,indy_20160630_01,4,3,0.0008779754323328191,0.40926268966898666,1.3117591036217553,1.7321959733963013,0.3018243610858917,0.698174774646759,0.32145580649375916,0.6245065927505493
future50ms,50,48,indy_20160630_01,4,4,0.0008509529358847655,0.34286108750122424,1.1785429396799632,1.5245330333709717,0.2739248275756836,0.7260756492614746,0.30827248096466064,0.6398521065711975
future50ms,50,48,indy_20160630_01,4,5,0.0008140576474687264,0.3166995686494679,1.2927617877721786,2.224823236465454,0.24602650105953217,0.7539728879928589,0.3170483708381653,0.6298515796661377
future50ms,50,48,indy_20160630_01,4,6,0.0007681980515339464,0.31083825490732575,1.3855048226458686,2.2287356853485107,0.21764245629310608,0.7823581695556641,0.2820846438407898,0.6710342168807983
future50ms,50,48,indy_20160630_01,4,7,0.0007145033635316129,0.2732545179064556,1.081534011023385,1.6694811582565308,0.21750569343566895,0.7824945449829102,0.2846379578113556,0.6674231290817261
future50ms,50,48,indy_20160630_01,4,8,0.0006542957248827961,0.25243473311172165,1.0340771121638161,1.9474570751190186,0.1935819536447525,0.8064177632331848,0.2925603985786438,0.6586188077926636
future50ms,50,48,indy_20160630_01,4,9,0.0005890576474687265,0.24188200171286894,1.0159766099282674,1.5509467124938965,0.17833170294761658,0.8216686248779297,0.2713647782802582,0.6841188073158264
future50ms,50,48,indy_20160630_01,4,10,0.000520395509268104,0.242292991183643,1.156245035784585,2.255962610244751,0.17235134541988373,0.8276489973068237,0.3027859628200531,0.646544337272644
future50ms,50,48,indy_20160630_01,4,11,0.0004500000000000001,0.22808989220712805,1.0347135897193636,1.6558946371078491,0.16680103540420532,0.8331989049911499,0.2742308974266052,0.6809747815132141
future50ms,50,48,indy_20160630_01,4,12,0.00037960449073189633,0.21417415445826346,1.0223156533070974,1.677842617034912,0.16056184470653534,0.8394373059272766,0.28306305408477783,0.670312225818634
future50ms,50,48,indy_20160630_01,4,13,0.0003109423525312738,0.2033625640168841,0.979851348059518,1.5831595659255981,0.1542477011680603,0.8457528352737427,0.26614364981651306,0.6900813579559326
future50ms,50,48,indy_20160630_01,4,14,0.00024570427511720405,0.2011371847563265,0.9173939142908368,1.4587799310684204,0.14571920037269592,0.8542805910110474,0.28612902760505676,0.6667835712432861
future50ms,50,48,indy_20160630_01,4,15,0.0001854966364683872,0.20073756175902635,0.9130030551127025,1.4560840129852295,0.14932881295681,0.8506710529327393,0.27636200189590454,0.6779121160507202
future50ms,50,48,indy_20160630_01,4,16,0.00013180194846605368,0.20117843904938154,0.9681658127478191,1.8737891912460327,0.13972073793411255,0.8602790832519531,0.2785920798778534,0.6757142543792725
future50ms,50,48,indy_20160630_01,4,17,8.594235253127372e-05,0.19212859422971962,0.8590494341083935,1.3133069276809692,0.1370401531457901,0.8629597425460815,0.27553194761276245,0.6791263222694397
future50ms,50,48,indy_20160630_01,4,18,4.9047064115234504e-05,0.19330161219851472,0.8444411967481885,1.3732343912124634,0.13755455613136292,0.8624454736709595,0.26832279562950134,0.6876473426818848
future50ms,50,48,indy_20160630_01,4,19,2.2024567667180916e-05,0.19005150240584534,0.8547872751951218,1.2478340864181519,0.13635492324829102,0.8636448383331299,0.26741740107536316,0.6887114644050598
future50ms,50,48,indy_20160630_01,4,20,5.540246732188055e-06,0.1865499103817108,0.8430477646844727,1.6036430597305298,0.13616374135017395,0.8638361096382141,0.2683628499507904,0.6876157522201538
future50ms,50,48,indy_20160630_01,5,1,0.0009,0.8622192734760314,1.2733935586043768,3.3024539947509766,0.5884472131729126,0.4115507900714874,0.7229518294334412,0.3544805347919464
future50ms,50,48,indy_20160630_01,5,2,0.000894459753267812,0.5399245278645093,1.2821001367909568,2.5746753215789795,0.365917444229126,0.6340832710266113,0.4941185414791107,0.5596473217010498
future50ms,50,48,indy_20160630_01,5,3,0.0008779754323328191,0.39993111887729443,1.2124417275190353,2.186453104019165,0.294142484664917,0.7058570384979248,0.43796953558921814,0.6095405220985413
future50ms,50,48,indy_20160630_01,5,4,0.0008509529358847655,0.3502296984550432,1.3456601798534393,2.8508386611938477,0.2824713885784149,0.717528223991394,0.4335727393627167,0.6128456592559814
future50ms,50,48,indy_20160630_01,5,5,0.0008140576474687264,0.31021610903294955,1.3833553961345129,3.6249303817749023,0.22706779837608337,0.7729328274726868,0.37679213285446167,0.6639413833618164
future50ms,50,48,indy_20160630_01,5,6,0.0007681980515339464,0.28216247138494266,1.0866647043398447,1.7511309385299683,0.20242582261562347,0.7975747585296631,0.3631797730922699,0.6761445999145508
future50ms,50,48,indy_20160630_01,5,7,0.0007145033635316129,0.2682621765259749,1.2568947608981813,1.7591149806976318,0.2099340856075287,0.7900660037994385,0.3820800483226776,0.658984899520874
future50ms,50,48,indy_20160630_01,5,8,0.0006542957248827961,0.2548356887791232,1.181360240493502,1.8165638446807861,0.1856970191001892,0.8143026828765869,0.35533735156059265,0.6830065846443176
future50ms,50,48,indy_20160630_01,5,9,0.0005890576474687265,0.24259935733977808,1.1211110268320357,2.6309871673583984,0.17492610216140747,0.8250739574432373,0.3690437972545624,0.6704529523849487
future50ms,50,48,indy_20160630_01,5,10,0.000520395509268104,0.2362372221451766,1.1367482500416892,2.4759960174560547,0.17569242417812347,0.8243082165718079,0.3558441698551178,0.6825016140937805
future50ms,50,48,indy_20160630_01,5,11,0.0004500000000000001,0.23703832044069895,1.333360948732921,1.9611092805862427,0.16211453080177307,0.8378852605819702,0.346587598323822,0.6908315420150757
future50ms,50,48,indy_20160630_01,5,12,0.00037960449073189633,0.2138157293917235,1.0849132878439767,1.5553926229476929,0.15151159465312958,0.848488450050354,0.3435499668121338,0.693388044834137
future50ms,50,48,indy_20160630_01,5,13,0.0003109423525312738,0.2066020740995147,0.9619686113936561,1.9077085256576538,0.14862588047981262,0.8513742089271545,0.34186962246894836,0.6949050426483154
future50ms,50,48,indy_20160630_01,5,14,0.00024570427511720405,0.1957627273134837,1.0641887784004211,5.947197437286377,0.1392831802368164,0.8607169985771179,0.32330143451690674,0.7115312814712524
future50ms,50,48,indy_20160630_01,5,15,0.0001854966364683872,0.20231044565620132,0.9843110048345157,1.5474923849105835,0.13751435279846191,0.8624857664108276,0.32743674516677856,0.7078056931495667
future50ms,50,48,indy_20160630_01,5,16,0.00013180194846605368,0.18917311778907844,0.886501955134528,2.4372289180755615,0.1423679143190384,0.8576322793960571,0.32699164748191833,0.7082598209381104
future50ms,50,48,indy_20160630_01,5,17,8.594235253127372e-05,0.18882615926465618,0.9459107092448643,1.9115403890609741,0.13589303195476532,0.8641065955162048,0.32601603865623474,0.7091105580329895
future50ms,50,48,indy_20160630_01,5,18,4.9047064115234504e-05,0.18397083262130273,0.8576497371707644,2.57072377204895,0.13441859185695648,0.8655814528465271,0.32757776975631714,0.7077069282531738
future50ms,50,48,indy_20160630_01,5,19,2.2024567667180916e-05,0.18643519909897158,0.8714137545653752,1.5121022462844849,0.13348214328289032,0.8665176630020142,0.3285772204399109,0.706807017326355
future50ms,50,48,indy_20160630_01,5,20,5.540246732188055e-06,0.189495458524305,0.8982588670083455,1.7041856050491333,0.13344374299049377,0.8665562272071838,0.329000324010849,0.7064189314842224
future50ms,50,48,indy_20170131_02,1,1,0.0009,0.9339191691176698,1.3494188995922314,2.9488978385925293,0.7242308855056763,0.27576544880867004,0.8907532691955566,0.23934584856033325
future50ms,50,48,indy_20170131_02,1,2,0.000894459753267812,0.6456118789980524,1.1235480483840494,2.641913414001465,0.4839915633201599,0.5160048007965088,0.6281967163085938,0.4635402262210846
future50ms,50,48,indy_20170131_02,1,3,0.0008779754323328191,0.4914950861223528,1.1492584593155806,1.608285665512085,0.35981860756874084,0.6401791572570801,0.507608950138092,0.5665185451507568
future50ms,50,48,indy_20170131_02,1,4,0.0008509529358847655,0.3748964788435956,1.0217244660153109,1.5443657636642456,0.28526678681373596,0.7147318124771118,0.416856974363327,0.644013524055481
future50ms,50,48,indy_20170131_02,1,5,0.0008140576474687264,0.3294033206357346,1.3919186171363382,2.2289319038391113,0.24793212115764618,0.7520667910575867,0.38944652676582336,0.6674236059188843
future50ms,50,48,indy_20170131_02,1,6,0.0007681980515339464,0.2910383451574387,1.07253695936764,1.7120988368988037,0.23084427416324615,0.7691545486450195,0.3952035903930664,0.6625140309333801
future50ms,50,48,indy_20170131_02,1,7,0.0007145033635316129,0.27766017862559145,1.1268224856432747,1.786049723625183,0.21136008203029633,0.788638710975647,0.37320542335510254,0.6812941431999207
future50ms,50,48,indy_20170131_02,1,8,0.0006542957248827961,0.24646456138797435,0.8495425616993624,1.261191487312317,0.18896637856960297,0.8110324740409851,0.3533356189727783,0.698262631893158
future50ms,50,48,indy_20170131_02,1,9,0.0005890576474687265,0.2301014696707458,0.9547260649064008,2.107698440551758,0.17716987431049347,0.8228291273117065,0.36083656549453735,0.6918594241142273
future50ms,50,48,indy_20170131_02,1,10,0.000520395509268104,0.22316040680026417,0.9989071944180656,1.6066588163375854,0.1639123558998108,0.8360867500305176,0.33478888869285583,0.7141013741493225
future50ms,50,48,indy_20170131_02,1,11,0.0004500000000000001,0.2165917185322423,0.9706920174991384,1.4653575420379639,0.16375181078910828,0.8362472057342529,0.33364325761795044,0.7150812745094299
future50ms,50,48,indy_20170131_02,1,12,0.00037960449073189633,0.20511210771185145,0.9367911990951089,1.382461428642273,0.15182630717754364,0.8481727838516235,0.3486417829990387,0.7022767066955566
future50ms,50,48,indy_20170131_02,1,13,0.0003109423525312738,0.1950579986579269,0.8291688000454622,1.396848440170288,0.14141695201396942,0.8585820198059082,0.3307900130748749,0.7175160646438599
future50ms,50,48,indy_20170131_02,1,14,0.00024570427511720405,0.19058956096128757,0.8101057585547952,2.0305066108703613,0.1383087933063507,0.8616905212402344,0.33819007873535156,0.7112013101577759
future50ms,50,48,indy_20170131_02,1,15,0.0001854966364683872,0.18843224494871208,0.7849695998079637,1.213888168334961,0.13694022595882416,0.8630588054656982,0.33522939682006836,0.7137287259101868
future50ms,50,48,indy_20170131_02,1,16,0.00013180194846605368,0.18150952227180217,0.7768601214184481,0.9626960158348083,0.13092638552188873,0.8690729737281799,0.3320137560367584,0.7164745926856995
future50ms,50,48,indy_20170131_02,1,17,8.594235253127372e-05,0.17418002864983,0.6907727578107048,0.9918716549873352,0.12978193163871765,0.8702173233032227,0.3324606716632843,0.7160937190055847
future50ms,50,48,indy_20170131_02,1,18,4.9047064115234504e-05,0.1756983208837226,0.6986418296309078,1.207497000694275,0.12929166853427887,0.8707077503204346,0.3281603753566742,0.7197648286819458
future50ms,50,48,indy_20170131_02,1,19,2.2024567667180916e-05,0.17641860382928082,0.7010405449306264,0.9321725964546204,0.12850259244441986,0.8714966177940369,0.32728078961372375,0.7205162048339844
future50ms,50,48,indy_20170131_02,1,20,5.540246732188055e-06,0.17351692818183034,0.6941538979025448,1.2033604383468628,0.12817679345607758,0.871822714805603,0.32738396525382996,0.7204279899597168
future50ms,50,48,indy_20170131_02,2,1,0.0009,0.9333757241376625,1.4058608377681059,3.106720209121704,0.7177533507347107,0.2822437584400177,0.6135874390602112,0.25267332792282104
future50ms,50,48,indy_20170131_02,2,2,0.000894459753267812,0.6410337241782206,1.1396891544846928,1.9724804162979126,0.484811931848526,0.5151841640472412,0.4549132287502289,0.44355830550193787
future50ms,50,48,indy_20170131_02,2,3,0.0008779754323328191,0.47932063200841607,1.2027737533344942,1.7311774492263794,0.35426560044288635,0.6457321643829346,0.34547409415245056,0.5772824883460999
future50ms,50,48,indy_20170131_02,2,4,0.0008509529358847655,0.36953167080980903,1.0240727663040161,1.3624727725982666,0.27956584095954895,0.7204328775405884,0.3080197274684906,0.6220616698265076
future50ms,50,48,indy_20170131_02,2,5,0.0008140576474687264,0.3138271463876384,1.1853682924719418,1.9277924299240112,0.25525903701782227,0.7447401285171509,0.3143388032913208,0.6123310327529907
future50ms,50,48,indy_20170131_02,2,6,0.0007681980515339464,0.2850109494167,1.173511168536018,2.1047589778900146,0.22711169719696045,0.7728872895240784,0.3085806667804718,0.620013952255249
future50ms,50,48,indy_20170131_02,2,7,0.0007145033635316129,0.26232969135865425,0.9556691471268149,1.463689923286438,0.205848827958107,0.7941502332687378,0.2979670763015747,0.6346681118011475
future50ms,50,48,indy_20170131_02,2,8,0.0006542957248827961,0.243744985534455,0.9920218131121468,1.7832629680633545,0.18978644907474518,0.8102127313613892,0.27192625403404236,0.665927529335022
future50ms,50,48,indy_20170131_02,2,9,0.0005890576474687265,0.23143568647405327,1.0654802147079916,2.036628246307373,0.18012744188308716,0.8198715448379517,0.2851031720638275,0.649869978427887
future50ms,50,48,indy_20170131_02,2,10,0.000520395509268104,0.21973473483108538,0.9697648497188792,1.402669072151184,0.16374900937080383,0.8362504839897156,0.275969922542572,0.6610564589500427
future50ms,50,48,indy_20170131_02,2,11,0.0004500000000000001,0.20534678914332,0.8355363607406616,1.3988714218139648,0.15761587023735046,0.8423832654953003,0.2722392678260803,0.6652736663818359
future50ms,50,48,indy_20170131_02,2,12,0.00037960449073189633,0.20614157124754404,0.8976472475949455,1.3188886642456055,0.14522422850131989,0.8547751903533936,0.255558043718338,0.6860584020614624
future50ms,50,48,indy_20170131_02,2,13,0.0003109423525312738,0.19268725881372212,0.8098570774583256,1.1617205142974854,0.1384505033493042,0.861548662185669,0.2581796944141388,0.6822813749313354
future50ms,50,48,indy_20170131_02,2,14,0.00024570427511720405,0.1846183502961194,0.723365892382229,1.2566874027252197,0.13561658561229706,0.8643825054168701,0.2545129060745239,0.6865435838699341
future50ms,50,48,indy_20170131_02,2,15,0.0001854966364683872,0.18779840782227045,0.7543572783470154,0.9916828274726868,0.13501869142055511,0.8649804592132568,0.2603016197681427,0.6794173121452332
future50ms,50,48,indy_20170131_02,2,16,0.00013180194846605368,0.17883580370703914,0.7482096798279706,1.4852631092071533,0.13134047389030457,0.8686586022377014,0.2529796063899994,0.6886926889419556
future50ms,50,48,indy_20170131_02,2,17,8.594235253127372e-05,0.17702787306175136,0.7238438497571384,1.093965768814087,0.1288769394159317,0.8711223006248474,0.24507799744606018,0.6985644102096558
future50ms,50,48,indy_20170131_02,2,18,4.9047064115234504e-05,0.17419441942565828,0.703948553870706,1.2453416585922241,0.12916041910648346,0.8708391189575195,0.25294750928878784,0.688518762588501
future50ms,50,48,indy_20170131_02,2,19,2.2024567667180916e-05,0.17677204917833494,0.7023534862434163,0.8628780245780945,0.12840861082077026,0.8715906739234924,0.2506518065929413,0.6912505626678467
future50ms,50,48,indy_20170131_02,2,20,5.540246732188055e-06,0.17235780855091595,0.7079654651529649,1.6465072631835938,0.12815338373184204,0.8718459606170654,0.25024211406707764,0.6918004751205444
future50ms,50,48,indy_20170131_02,3,1,0.0009,0.9188670427186443,1.3942661986631506,3.263312816619873,0.7124493718147278,0.2875458598136902,0.7654905319213867,0.23364657163619995
future50ms,50,48,indy_20170131_02,3,2,0.000894459753267812,0.6416034981548899,1.1534920755554647,1.7605684995651245,0.5018520355224609,0.4981464445590973,0.5633431077003479,0.4335954487323761
future50ms,50,48,indy_20170131_02,3,3,0.0008779754323328191,0.4895982859654142,1.224602460861206,2.284879207611084,0.37653878331184387,0.6234588623046875,0.4570189118385315,0.5407503843307495
future50ms,50,48,indy_20170131_02,3,4,0.0008509529358847655,0.4046546507645546,1.336733523537131,1.9644663333892822,0.31172215938568115,0.6882759928703308,0.3837381601333618,0.6154665946960449
future50ms,50,48,indy_20170131_02,3,5,0.0008140576474687264,0.33588532454813486,1.0035729758879717,1.310089111328125,0.25185710191726685,0.7481412887573242,0.33759593963623047,0.6612430810928345
future50ms,50,48,indy_20170131_02,3,6,0.0007681980515339464,0.2996469623748057,1.163392992580638,3.263061761856079,0.236992746591568,0.7630055546760559,0.3509198725223541,0.6474514603614807
future50ms,50,48,indy_20170131_02,3,7,0.0007145033635316129,0.2739579741023147,0.9695555076879614,1.6056009531021118,0.21718832850456238,0.7828105092048645,0.34132707118988037,0.6555126905441284
future50ms,50,48,indy_20170131_02,3,8,0.0006542957248827961,0.2445168311622522,0.8994045327691471,1.4374923706054688,0.1938820630311966,0.8061168789863586,0.3133615553379059,0.6838949918746948
future50ms,50,48,indy_20170131_02,3,9,0.0005890576474687265,0.23738422154525912,0.8683515120955074,1.1410120725631714,0.18319009244441986,0.8168089389801025,0.3129747807979584,0.6865710020065308
future50ms,50,48,indy_20170131_02,3,10,0.000520395509268104,0.22115196102915716,0.9434968127923853,1.4282840490341187,0.17244748771190643,0.8275516033172607,0.31482329964637756,0.6829394102096558
future50ms,50,48,indy_20170131_02,3,11,0.0004500000000000001,0.21776370861972844,1.0085881808224846,1.5968005657196045,0.158726766705513,0.8412723541259766,0.3091726303100586,0.6882175207138062
future50ms,50,48,indy_20170131_02,3,12,0.00037960449073189633,0.2079794888186965,0.8722175727872288,1.8009469509124756,0.14685790240764618,0.8531414270401001,0.2901448905467987,0.7081736326217651
future50ms,50,48,indy_20170131_02,3,13,0.0003109423525312738,0.19245865544892707,0.7757904775002423,1.3256274461746216,0.14643090963363647,0.8535681366920471,0.2861708402633667,0.7124305367469788
future50ms,50,48,indy_20170131_02,3,14,0.00024570427511720405,0.18875810322754358,0.8269018986645866,1.1726566553115845,0.14169561862945557,0.8583034873008728,0.2956397235393524,0.7026013731956482
future50ms,50,48,indy_20170131_02,3,15,0.0001854966364683872,0.18483475170153288,0.7766334624851451,0.9922641515731812,0.13574422895908356,0.8642553091049194,0.286580353975296,0.7116162776947021
future50ms,50,48,indy_20170131_02,3,16,0.00013180194846605368,0.1824734773192077,0.7346611022949219,1.181399941444397,0.13364598155021667,0.8663536310195923,0.28982338309288025,0.7079528570175171
future50ms,50,48,indy_20170131_02,3,17,8.594235253127372e-05,0.17586208565812966,0.7553016368080588,1.3011996746063232,0.13284921646118164,0.8671503663063049,0.2871580719947815,0.7107670307159424
future50ms,50,48,indy_20170131_02,3,18,4.9047064115234504e-05,0.1811787459139378,0.7487828801659977,1.158560872077942,0.13076813519001007,0.8692314624786377,0.28416335582733154,0.7142075896263123
future50ms,50,48,indy_20170131_02,3,19,2.2024567667180916e-05,0.18008456087618008,0.6932560556075152,0.9290571212768555,0.12958018481731415,0.8704190850257874,0.28572896122932434,0.7124710083007812
future50ms,50,48,indy_20170131_02,3,20,5.540246732188055e-06,0.17379109419541441,0.6607728740748238,1.103358268737793,0.12950240075588226,0.8704970479011536,0.28588125109672546,0.7123154401779175
future50ms,50,48,indy_20170131_02,4,1,0.0009,0.9707123886359552,1.5955118361641378,3.022047281265259,0.7639421820640564,0.23605480790138245,0.6881757378578186,0.237769216299057
future50ms,50,48,indy_20170131_02,4,2,0.000894459753267812,0.6895070190286045,1.04152052192127,1.5402857065200806,0.5144602060317993,0.485537588596344,0.47226816415786743,0.46598193049430847
future50ms,50,48,indy_20170131_02,4,3,0.0008779754323328191,0.5080475805924366,1.0968583822250366,2.277190685272217,0.3987507224082947,0.6012468338012695,0.388256698846817,0.5613834857940674
future50ms,50,48,indy_20170131_02,4,4,0.0008509529358847655,0.40493395319464953,1.080542052493376,2.420323133468628,0.2956453263759613,0.7043529152870178,0.3160448968410492,0.6385836601257324
future50ms,50,48,indy_20170131_02,4,5,0.0008140576474687264,0.331497902772017,1.018473036148969,1.4745393991470337,0.2500106394290924,0.7499877214431763,0.304241418838501,0.6502372026443481
future50ms,50,48,indy_20170131_02,4,6,0.0007681980515339464,0.2920938007803968,0.9661800370496862,1.4219931364059448,0.22529463469982147,0.7747039198875427,0.3045547306537628,0.6502058506011963
future50ms,50,48,indy_20170131_02,4,7,0.0007145033635316129,0.26823824037502425,0.9677754079594332,1.7761369943618774,0.20746618509292603,0.7925329208374023,0.2913200259208679,0.6645395755767822
future50ms,50,48,indy_20170131_02,4,8,0.0006542957248827961,0.23938968431699664,0.9182391902979683,1.4324619770050049,0.19412864744663239,0.805870771408081,0.286747008562088,0.6726788282394409
future50ms,50,48,indy_20170131_02,4,9,0.0005890576474687265,0.23459222125264345,0.9851849359624526,1.6101689338684082,0.18024863302707672,0.8197506666183472,0.30037277936935425,0.654644250869751
future50ms,50,48,indy_20170131_02,4,10,0.000520395509268104,0.23130197680274917,1.1100482204381157,1.5632456541061401,0.1626894474029541,0.8373101353645325,0.28455740213394165,0.6731163859367371
future50ms,50,48,indy_20170131_02,4,11,0.0004500000000000001,0.206386363897459,0.9113636122030371,1.2733651399612427,0.15476228296756744,0.845237135887146,0.2830623686313629,0.6735169887542725
future50ms,50,48,indy_20170131_02,4,12,0.00037960449073189633,0.2007792133851039,0.8831791702438804,1.7689013481140137,0.1493653804063797,0.8506340980529785,0.284481942653656,0.6717483997344971
future50ms,50,48,indy_20170131_02,4,13,0.0003109423525312738,0.1890854254917668,0.8024870683165157,1.7052276134490967,0.14108392596244812,0.8589150905609131,0.2836218476295471,0.6704479455947876
future50ms,50,48,indy_20170131_02,4,14,0.00024570427511720405,0.18426749654518143,0.7990700883023879,1.4391088485717773,0.1367209255695343,0.8632785081863403,0.2751908004283905,0.6825090050697327
future50ms,50,48,indy_20170131_02,4,15,0.0001854966364683872,0.1828835848853596,0.7927454184083378,1.8375272750854492,0.1360437273979187,0.8639557957649231,0.28173157572746277,0.6729569435119629
future50ms,50,48,indy_20170131_02,4,16,0.00013180194846605368,0.1753669121837135,0.7318943283137154,1.1609673500061035,0.1312389373779297,0.8687602877616882,0.27457383275032043,0.6822708249092102
future50ms,50,48,indy_20170131_02,4,17,8.594235253127372e-05,0.17897276696015207,0.7050392627716064,0.985321581363678,0.13226404786109924,0.8677353858947754,0.2789764404296875,0.6769113540649414
future50ms,50,48,indy_20170131_02,4,18,4.9047064115234504e-05,0.17706681786781206,0.7552488270927878,1.0739797353744507,0.12912873923778534,0.8708704710006714,0.27829188108444214,0.6773395538330078
future50ms,50,48,indy_20170131_02,4,19,2.2024567667180916e-05,0.1737994177878856,0.7322945174048928,1.8214219808578491,0.12880447506904602,0.8711950182914734,0.27885353565216064,0.6764013767242432
future50ms,50,48,indy_20170131_02,4,20,5.540246732188055e-06,0.17284903445882793,0.693115712965236,1.3088451623916626,0.12855657935142517,0.8714428544044495,0.27824145555496216,0.6772014498710632
future50ms,50,48,indy_20170131_02,5,1,0.0009,0.9133512352136325,1.1860305491615744,3.0956661701202393,0.7012279629707336,0.29876670241355896,0.7604116201400757,0.260222464799881
future50ms,50,48,indy_20170131_02,5,2,0.000894459753267812,0.6441471115588137,1.1940351233762854,1.5597437620162964,0.49608078598976135,0.5039162039756775,0.547029435634613,0.4712592661380768
future50ms,50,48,indy_20170131_02,5,3,0.0008779754323328191,0.4864162311121852,1.1009067998212927,1.7941675186157227,0.37459951639175415,0.6253982782363892,0.4559828042984009,0.5553913712501526
future50ms,50,48,indy_20170131_02,5,4,0.0008509529358847655,0.3919457003520375,1.0971536005244535,1.9457321166992188,0.2991175651550293,0.7008812427520752,0.4045960009098053,0.6035400629043579
future50ms,50,48,indy_20170131_02,5,5,0.0008140576474687264,0.33119733687273023,1.2754829876563127,1.8713452816009521,0.2609490752220154,0.7390498518943787,0.33609533309936523,0.6700887680053711
future50ms,50,48,indy_20170131_02,5,6,0.0007681980515339464,0.31114725139397265,1.1968926051083733,1.88127601146698,0.23185616731643677,0.768142819404602,0.31915003061294556,0.6848022937774658
future50ms,50,48,indy_20170131_02,5,7,0.0007145033635316129,0.2731618593618155,0.919800719794105,1.4378297328948975,0.21367253363132477,0.7863261699676514,0.3122744560241699,0.6900180578231812
future50ms,50,48,indy_20170131_02,5,8,0.0006542957248827961,0.2497378034291747,0.9416188632740694,1.4788310527801514,0.19379264116287231,0.8062061667442322,0.3172149956226349,0.6841652393341064
future50ms,50,48,indy_20170131_02,5,9,0.0005890576474687265,0.238895277375328,0.8762497235746944,1.3079166412353516,0.1763557493686676,0.8236429691314697,0.30391472578048706,0.6986812353134155
future50ms,50,48,indy_20170131_02,5,10,0.000520395509268104,0.222535315302452,0.9116315455997691,1.3415182828903198,0.175092875957489,0.8249064087867737,0.2871035933494568,0.7175005674362183
future50ms,50,48,indy_20170131_02,5,11,0.0004500000000000001,0.2175725674517691,0.946232466136708,1.1532552242279053,0.15710075199604034,0.8428982496261597,0.2811002731323242,0.7210147380828857
future50ms,50,48,indy_20170131_02,5,12,0.00037960449073189633,0.20205588535606267,0.8219970464706421,1.2318265438079834,0.15830811858177185,0.8416911363601685,0.30034616589546204,0.6996505856513977
future50ms,50,48,indy_20170131_02,5,13,0.0003109423525312738,0.19687524583097174,0.8877627534024856,1.172776222229004,0.15049999952316284,0.8494993448257446,0.2919897139072418,0.7108333110809326
future50ms,50,48,indy_20170131_02,5,14,0.00024570427511720405,0.19394552645432603,0.8522495522218592,1.4444447755813599,0.13742436468601227,0.8625750541687012,0.27712753415107727,0.7247718572616577
future50ms,50,48,indy_20170131_02,5,15,0.0001854966364683872,0.18316328841256596,0.7253838777542114,1.0474858283996582,0.13751082122325897,0.862488329410553,0.27795469760894775,0.7238757014274597
future50ms,50,48,indy_20170131_02,5,16,0.00013180194846605368,0.17915183196673948,0.7515664626570309,1.1484118700027466,0.1318923979997635,0.8681069016456604,0.2721979022026062,0.7300675511360168
future50ms,50,48,indy_20170131_02,5,17,8.594235253127372e-05,0.17951000146054885,0.829401037272285,1.7307769060134888,0.13075336813926697,0.8692458868026733,0.2740194797515869,0.7279070615768433
future50ms,50,48,indy_20170131_02,5,18,4.9047064115234504e-05,0.1858020266485478,0.8377928278025459,1.4923479557037354,0.13025683164596558,0.869742751121521,0.2741101384162903,0.727969765663147
future50ms,50,48,indy_20170131_02,5,19,2.2024567667180916e-05,0.17678693367469075,0.7658950826700996,1.1237895488739014,0.12923027575016022,0.8707691431045532,0.2719711363315582,0.7300305962562561
future50ms,50,48,indy_20170131_02,5,20,5.540246732188055e-06,0.17928489544819415,0.7118974415694966,0.9996337890625,0.12918135523796082,0.8708177804946899,0.2719021737575531,0.7301127910614014
future100ms,100,100,indy_20160622_01,1,1,0.0009,0.7490200137294258,1.4150584936141968,3.8010809421539307,0.4724840819835663,0.5275142192840576,0.5674675107002258,0.4868065118789673
future100ms,100,100,indy_20160622_01,1,2,0.000894459753267812,0.4442678778170776,1.2408429651424802,2.4352753162384033,0.3128441274166107,0.6871566772460938,0.3802822530269623,0.6500093340873718
future100ms,100,100,indy_20160622_01,1,3,0.0008779754323328191,0.33219944834232024,1.2044856240009438,3.4611308574676514,0.2536374032497406,0.7463624477386475,0.3231140971183777,0.7063503265380859
future100ms,100,100,indy_20160622_01,1,4,0.0008509529358847655,0.2762138447469906,0.9897284384431511,2.0159718990325928,0.23029877245426178,0.7697009444236755,0.2667709290981293,0.7540361881256104
future100ms,100,100,indy_20160622_01,1,5,0.0008140576474687264,0.26002321883849977,1.0416738555349152,1.97919762134552,0.1997908651828766,0.8002086877822876,0.25479626655578613,0.7661292552947998
future100ms,100,100,indy_20160622_01,1,6,0.0007681980515339464,0.2302683795029026,0.9250912974620688,2.415220022201538,0.17197713255882263,0.8280224800109863,0.23051659762859344,0.7887967824935913
future100ms,100,100,indy_20160622_01,1,7,0.0007145033635316129,0.22462555782185356,0.9710596409337274,2.2770297527313232,0.1768222451210022,0.8231772184371948,0.24305802583694458,0.7749817371368408
future100ms,100,100,indy_20160622_01,1,8,0.0006542957248827961,0.19890642250925922,0.8704703624906212,1.828277826309204,0.15754948556423187,0.8424502015113831,0.22998619079589844,0.7873839735984802
future100ms,100,100,indy_20160622_01,1,9,0.0005890576474687265,0.19033322094716287,0.8362286995197165,2.899104595184326,0.14725881814956665,0.8527411222457886,0.22097763419151306,0.7966175079345703
future100ms,100,100,indy_20160622_01,1,10,0.000520395509268104,0.19170653398243845,0.867368274721606,2.4588215351104736,0.1440798044204712,0.8559197187423706,0.21051429212093353,0.8053593039512634
future100ms,100,100,indy_20160622_01,1,11,0.0004500000000000001,0.18051303061792343,0.8205790560821007,1.746282935142517,0.1307538002729416,0.8692461252212524,0.19612666964530945,0.8190813660621643
future100ms,100,100,indy_20160622_01,1,12,0.00037960449073189633,0.165200780608354,0.7302057393665972,1.4872350692749023,0.12342090904712677,0.8765789270401001,0.20025672018527985,0.8145300149917603
future100ms,100,100,indy_20160622_01,1,13,0.0003109423525312738,0.16714195847783261,0.9433679888988363,7.5783843994140625,0.1259947270154953,0.8740051984786987,0.19773021340370178,0.8173345327377319
future100ms,100,100,indy_20160622_01,1,14,0.00024570427511720405,0.1641145824384048,0.8045586378409945,2.8073883056640625,0.12121454626321793,0.8787853717803955,0.19361060857772827,0.8207632303237915
future100ms,100,100,indy_20160622_01,1,15,0.0001854966364683872,0.15810390490867982,0.714487441654863,1.1795140504837036,0.1113424152135849,0.88865727186203,0.1953195035457611,0.8193928003311157
future100ms,100,100,indy_20160622_01,1,16,0.00013180194846605368,0.15548950542424148,0.6839313825656628,1.5737437009811401,0.11199676990509033,0.8880029916763306,0.1946747601032257,0.8195015788078308
future100ms,100,100,indy_20160622_01,1,17,8.594235253127372e-05,0.1551132364462783,0.7084867111567793,1.364929437637329,0.11245489120483398,0.8875449895858765,0.19405709207057953,0.8200945258140564
future100ms,100,100,indy_20160622_01,1,18,4.9047064115234504e-05,0.15026628916443177,0.7371196315206331,3.6496598720550537,0.11187189817428589,0.8881280422210693,0.19328007102012634,0.8212591409683228
future100ms,100,100,indy_20160622_01,1,19,2.2024567667180916e-05,0.1482502168661751,0.6712047632398277,1.4825677871704102,0.11023804545402527,0.8897616863250732,0.19105800986289978,0.8232192993164062
future100ms,100,100,indy_20160622_01,1,20,5.540246732188055e-06,0.15098571829185287,0.7411403286045996,2.7342369556427,0.11009633541107178,0.8899039030075073,0.19128359854221344,0.8230674266815186
future100ms,100,100,indy_20160622_01,2,1,0.0009,0.753940892878348,1.3581931803907668,4.21321964263916,0.46452271938323975,0.5354753732681274,0.4399970769882202,0.5188702344894409
future100ms,100,100,indy_20160622_01,2,2,0.000894459753267812,0.4433020419178318,1.1968384278672082,1.6810482740402222,0.31145763397216797,0.6885421872138977,0.30617618560791016,0.6658097505569458
future100ms,100,100,indy_20160622_01,2,3,0.0008779754323328191,0.3258031208972122,1.0559763120753425,1.588720440864563,0.23664133250713348,0.7633582949638367,0.24899046123027802,0.7270407676696777
future100ms,100,100,indy_20160622_01,2,4,0.0008509529358847655,0.27325718053736886,0.9053193160465786,1.4164878129959106,0.21073313057422638,0.7892659902572632,0.225615456700325,0.7534471154212952
future100ms,100,100,indy_20160622_01,2,5,0.0008140576474687264,0.24128457781584625,0.9781969849552427,1.5897401571273804,0.18598559498786926,0.8140140771865845,0.20320430397987366,0.7780409455299377
future100ms,100,100,indy_20160622_01,2,6,0.0007681980515339464,0.22371540951189287,0.9195227708135333,1.3746423721313477,0.1678357720375061,0.8321646451950073,0.19489267468452454,0.7869133949279785
future100ms,100,100,indy_20160622_01,2,7,0.0007145033635316129,0.21184007673214444,0.9192460477352142,1.5327844619750977,0.16039679944515228,0.8396031856536865,0.19384415447711945,0.7879661321640015
future100ms,100,100,indy_20160622_01,2,8,0.0006542957248827961,0.19614551467803426,0.8262653968163899,1.0218334197998047,0.16346220672130585,0.8365379571914673,0.2031734436750412,0.7777696251869202
future100ms,100,100,indy_20160622_01,2,9,0.0005890576474687265,0.19075568498738255,0.8978602332728249,1.4219318628311157,0.13714274764060974,0.8628568649291992,0.17668558657169342,0.806622326374054
future100ms,100,100,indy_20160622_01,2,10,0.000520395509268104,0.17896184575736518,0.8147978910378048,1.3048603534698486,0.13110437989234924,0.8688956499099731,0.18119657039642334,0.8016298413276672
future100ms,100,100,indy_20160622_01,2,11,0.0004500000000000001,0.1742294910285975,0.7981838541371482,1.243537425994873,0.13035628199577332,0.8696433305740356,0.1850746124982834,0.7975777983665466
future100ms,100,100,indy_20160622_01,2,12,0.00037960449073189633,0.17159863704881081,0.892486069883619,1.3730055093765259,0.12191011756658554,0.878089964389801,0.17432424426078796,0.8096208572387695
future100ms,100,100,indy_20160622_01,2,13,0.0003109423525312738,0.16770028928019023,0.8192741913454873,1.0904170274734497,0.11633656173944473,0.8836632966995239,0.17260704934597015,0.8113183379173279
future100ms,100,100,indy_20160622_01,2,14,0.00024570427511720405,0.15948208872905945,0.7467950050319944,1.0891053676605225,0.11659928411245346,0.8834009170532227,0.1765902042388916,0.8075869679450989
future100ms,100,100,indy_20160622_01,2,15,0.0001854966364683872,0.1581669288658984,0.768822254879134,1.1661947965621948,0.11042512953281403,0.8895748257637024,0.17150741815567017,0.8125996589660645
future100ms,100,100,indy_20160622_01,2,16,0.00013180194846605368,0.15004750478654186,0.7077732288411686,1.1963906288146973,0.11159038543701172,0.8884092569351196,0.17396143078804016,0.8099977374076843
future100ms,100,100,indy_20160622_01,2,17,8.594235253127372e-05,0.14934943960362013,0.7048835786325591,1.1079586744308472,0.10745450854301453,0.8925457000732422,0.1698881983757019,0.8142795562744141
future100ms,100,100,indy_20160622_01,2,18,4.9047064115234504e-05,0.14646454033870746,0.6908245374049459,1.1334437131881714,0.10693587362766266,0.893064022064209,0.16988568007946014,0.8143255710601807
future100ms,100,100,indy_20160622_01,2,19,2.2024567667180916e-05,0.14405817361241274,0.6265417199049678,0.9387799501419067,0.10561847686767578,0.8943811655044556,0.1685175746679306,0.8158187866210938
future100ms,100,100,indy_20160622_01,2,20,5.540246732188055e-06,0.14531445763474282,0.6969565014754023,1.3282554149627686,0.10550926625728607,0.8944905996322632,0.16845804452896118,0.8158749938011169
future100ms,100,100,indy_20160622_01,3,1,0.0009,0.7582180179217959,1.399822324514389,3.1104109287261963,0.49201151728630066,0.5079854726791382,0.5054342746734619,0.48484525084495544
future100ms,100,100,indy_20160622_01,3,2,0.000894459753267812,0.4499813816649582,1.1577464150530952,1.791146159172058,0.3266794979572296,0.6733194589614868,0.3738882541656494,0.6211847066879272
future100ms,100,100,indy_20160622_01,3,3,0.0008779754323328191,0.329847090916253,1.0784850248268671,1.6017165184020996,0.25639286637306213,0.7436070442199707,0.3085300028324127,0.684963047504425
future100ms,100,100,indy_20160622_01,3,4,0.0008509529358847655,0.27119831020694024,0.9443226669515882,1.7723722457885742,0.2189681977033615,0.7810313701629639,0.3056095242500305,0.6897844076156616
future100ms,100,100,indy_20160622_01,3,5,0.0008140576474687264,0.24476744214166424,0.9338082415716988,1.3603676557540894,0.18950863182544708,0.8104909062385559,0.27153101563453674,0.7224849462509155
future100ms,100,100,indy_20160622_01,3,6,0.0007681980515339464,0.22026892122115363,0.8260066232510975,1.2570058107376099,0.1778220385313034,0.8221784234046936,0.26631709933280945,0.726675271987915
future100ms,100,100,indy_20160622_01,3,7,0.0007145033635316129,0.2099557163229969,0.8264475975717817,1.1675869226455688,0.15430209040641785,0.8456979990005493,0.25288882851600647,0.7419068813323975
future100ms,100,100,indy_20160622_01,3,8,0.0006542957248827961,0.2044202628229596,0.9079510739871434,1.343581199645996,0.15080413222312927,0.8491959571838379,0.2601718008518219,0.7339293956756592
future100ms,100,100,indy_20160622_01,3,9,0.0005890576474687265,0.19053204485359235,0.8416274998869214,1.4159008264541626,0.1375657320022583,0.8624339699745178,0.2565898299217224,0.7374152541160583
future100ms,100,100,indy_20160622_01,3,10,0.000520395509268104,0.18442009600489095,0.7811329332845551,1.2956039905548096,0.1262289136648178,0.8737709522247314,0.23817390203475952,0.7567299604415894
future100ms,100,100,indy_20160622_01,3,11,0.0004500000000000001,0.17406257151860288,0.7488306888512203,1.4531432390213013,0.12708984315395355,0.8729097247123718,0.2481730431318283,0.7470390796661377
future100ms,100,100,indy_20160622_01,3,12,0.00037960449073189633,0.16805610781045488,0.8175134765250343,1.2573411464691162,0.1240958422422409,0.8759040832519531,0.24163495004177094,0.753037691116333
future100ms,100,100,indy_20160622_01,3,13,0.0003109423525312738,0.15708944496821123,0.7048979039703097,0.9097721576690674,0.11806365102529526,0.8819360733032227,0.23696906864643097,0.7576184272766113
future100ms,100,100,indy_20160622_01,3,14,0.00024570427511720405,0.15807044117026486,0.6993952084864888,1.114736795425415,0.11374536901712418,0.8862543702125549,0.2375236302614212,0.7572346925735474
future100ms,100,100,indy_20160622_01,3,15,0.0001854966364683872,0.15489345429137938,0.6631641036697796,1.0953574180603027,0.11303508281707764,0.8869648575782776,0.23568415641784668,0.7589871883392334
future100ms,100,100,indy_20160622_01,3,16,0.00013180194846605368,0.14999393905830052,0.6965263943587031,1.1818190813064575,0.108901247382164,0.8910989165306091,0.23160420358181,0.7635244131088257
future100ms,100,100,indy_20160622_01,3,17,8.594235253127372e-05,0.1464339890353915,0.6719578887735095,1.6830170154571533,0.11078280210494995,0.8892170786857605,0.23560892045497894,0.7592136859893799
future100ms,100,100,indy_20160622_01,3,18,4.9047064115234504e-05,0.14931159629286017,0.6806618102959224,1.161309838294983,0.10723769664764404,0.8927619457244873,0.2303166389465332,0.7645309567451477
future100ms,100,100,indy_20160622_01,3,19,2.2024567667180916e-05,0.14846692092490715,0.6494477912783623,1.2170621156692505,0.10731522738933563,0.8926846981048584,0.23128588497638702,0.763574481010437
future100ms,100,100,indy_20160622_01,3,20,5.540246732188055e-06,0.14845532664564523,0.6565717703529766,0.8700537085533142,0.10716374218463898,0.8928359746932983,0.23110979795455933,0.7637547254562378
future100ms,100,100,indy_20160622_01,4,1,0.0009,0.7596532860847816,1.396599993109703,3.0971972942352295,0.4758624732494354,0.5241354703903198,0.46812981367111206,0.49602219462394714
future100ms,100,100,indy_20160622_01,4,2,0.000894459753267812,0.44036916176913943,1.1057170352765493,1.5870234966278076,0.3086298704147339,0.6913689374923706,0.30940139293670654,0.6657797694206238
future100ms,100,100,indy_20160622_01,4,3,0.0008779754323328191,0.3230509530511671,1.0000193459647042,1.5780694484710693,0.24537047743797302,0.7546292543411255,0.24761994183063507,0.7324709892272949
future100ms,100,100,indy_20160622_01,4,4,0.0008509529358847655,0.27415502948040754,0.9538486429623195,1.8391830921173096,0.20624510943889618,0.7937546968460083,0.21829842031002045,0.7648492455482483
future100ms,100,100,indy_20160622_01,4,5,0.0008140576474687264,0.24549896659522288,0.9484757759741375,1.3924843072891235,0.18255296349525452,0.8174474239349365,0.20328201353549957,0.7812579870223999
future100ms,100,100,indy_20160622_01,4,6,0.0007681980515339464,0.22742964207740682,0.8549407018082482,1.2922950983047485,0.1678895801305771,0.8321104049682617,0.19023822247982025,0.7949259281158447
future100ms,100,100,indy_20160622_01,4,7,0.0007145033635316129,0.2071471712781344,0.8103280110018594,1.1784539222717285,0.15643678605556488,0.8435628414154053,0.18100585043430328,0.8057183027267456
future100ms,100,100,indy_20160622_01,4,8,0.0006542957248827961,0.20426835870941817,0.8709786129849297,1.2261319160461426,0.15111112594604492,0.848888635635376,0.1871921271085739,0.798212468624115
future100ms,100,100,indy_20160622_01,4,9,0.0005890576474687265,0.1922387452167271,0.8342402875423431,1.2458124160766602,0.14688433706760406,0.853115439414978,0.19683104753494263,0.7881170511245728
future100ms,100,100,indy_20160622_01,4,10,0.000520395509268104,0.18245630822499367,0.7972330898046494,1.3151063919067383,0.1422155350446701,0.8577843308448792,0.19261790812015533,0.7930004596710205
future100ms,100,100,indy_20160622_01,4,11,0.0004500000000000001,0.17383082310863585,0.8013350048235485,1.2790080308914185,0.12608586251735687,0.8739141225814819,0.1734818071126938,0.8143230676651001
future100ms,100,100,indy_20160622_01,4,12,0.00037960449073189633,0.17078386371378332,0.7110233796494347,0.9714259505271912,0.12695640325546265,0.8730435371398926,0.18162333965301514,0.8055847883224487
future100ms,100,100,indy_20160622_01,4,13,0.0003109423525312738,0.1615937296145941,0.6645414839897837,0.9301309585571289,0.11773882806301117,0.8822609186172485,0.17532697319984436,0.8128424286842346
future100ms,100,100,indy_20160622_01,4,14,0.00024570427511720405,0.15660467204451273,0.7185832538775035,0.9416477084159851,0.11653192341327667,0.8834677934646606,0.1760929673910141,0.8109197616577148
future100ms,100,100,indy_20160622_01,4,15,0.0001854966364683872,0.1572218274646552,0.6840075765337262,1.0544980764389038,0.10983194410800934,0.8901678323745728,0.17062899470329285,0.8174639940261841
future100ms,100,100,indy_20160622_01,4,16,0.00013180194846605368,0.15579308492497654,0.6632999373333794,0.8840416073799133,0.10746873170137405,0.892531156539917,0.16981428861618042,0.8182328939437866
future100ms,100,100,indy_20160622_01,4,17,8.594235253127372e-05,0.14988938635006352,0.6720249695437295,0.8386220932006836,0.10916458070278168,0.8908352255821228,0.17427600920200348,0.8134026527404785
future100ms,100,100,indy_20160622_01,4,18,4.9047064115234504e-05,0.1448511161624582,0.6295195051601955,0.980461597442627,0.10538681596517563,0.8946130275726318,0.1696661412715912,0.8182854652404785
future100ms,100,100,indy_20160622_01,4,19,2.2024567667180916e-05,0.15018504543260075,0.6555658621447427,1.0383096933364868,0.10604564845561981,0.8939540386199951,0.1712026447057724,0.8167386054992676
future100ms,100,100,indy_20160622_01,4,20,5.540246732188055e-06,0.14852834457594663,0.66369231151683,1.1945562362670898,0.10581384599208832,0.8941858410835266,0.17084689438343048,0.8171117305755615
future100ms,100,100,indy_20160622_01,5,1,0.0009,0.7544440195267931,1.3280508970392162,3.792879819869995,0.4696091413497925,0.5303884744644165,0.5568491220474243,0.4771548807621002
future100ms,100,100,indy_20160622_01,5,2,0.000894459753267812,0.43048482327386833,1.0822021015759171,2.5789260864257812,0.30810242891311646,0.691896915435791,0.3680895268917084,0.6543911099433899
future100ms,100,100,indy_20160622_01,5,3,0.0008779754323328191,0.319920317152378,1.07722028165028,2.6453142166137695,0.2461213618516922,0.7538785338401794,0.34017661213874817,0.6805968284606934
future100ms,100,100,indy_20160622_01,5,4,0.0008509529358847655,0.2707665304102439,0.9611852415676775,1.6299245357513428,0.19786392152309418,0.8021356463432312,0.273432195186615,0.7432330846786499
future100ms,100,100,indy_20160622_01,5,5,0.0008140576474687264,0.2374774313141127,0.9125537543461241,1.6220594644546509,0.18791906535625458,0.812081515789032,0.27275678515434265,0.7438468933105469
future100ms,100,100,indy_20160622_01,5,6,0.0007681980515339464,0.23000942352304254,0.9761378765106201,1.8051223754882812,0.18530286848545074,0.8146969079971313,0.2853429615497589,0.7320869565010071
future100ms,100,100,indy_20160622_01,5,7,0.0007145033635316129,0.20905511937274301,1.039500853111004,1.8504036664962769,0.167509987950325,0.8324898481369019,0.26218998432159424,0.7538037300109863
future100ms,100,100,indy_20160622_01,5,8,0.0006542957248827961,0.20140095099464192,0.9422920942306519,1.3038673400878906,0.14843516051769257,0.8515645265579224,0.23977842926979065,0.7748321294784546
future100ms,100,100,indy_20160622_01,5,9,0.0005890576474687265,0.19552150189078918,0.883149519048888,1.4900627136230469,0.14109569787979126,0.8589040637016296,0.2385883629322052,0.7759582996368408
future100ms,100,100,indy_20160622_01,5,10,0.000520395509268104,0.17637708606182648,0.7541241337513102,1.2560546398162842,0.12812861800193787,0.8718715310096741,0.2207072228193283,0.792762041091919
future100ms,100,100,indy_20160622_01,5,11,0.0004500000000000001,0.1768057693545386,0.8071836572268913,1.3556288480758667,0.12681140005588531,0.8731882572174072,0.2235366851091385,0.7901030778884888
future100ms,100,100,indy_20160622_01,5,12,0.00037960449073189633,0.16826951944455992,0.7613736606877426,1.4340269565582275,0.13017530739307404,0.8698247671127319,0.22834567725658417,0.7855627536773682
future100ms,100,100,indy_20160622_01,5,13,0.0003109423525312738,0.1620180558776469,0.7955842840260473,1.2372528314590454,0.11722846329212189,0.8827710747718811,0.22362889349460602,0.7900204658508301
future100ms,100,100,indy_20160622_01,5,14,0.00024570427511720405,0.15607289395754922,0.7186257500073006,1.40863835811615,0.11302500218153,0.8869750499725342,0.21585194766521454,0.7973081469535828
future100ms,100,100,indy_20160622_01,5,15,0.0001854966364683872,0.1534832920960724,0.7187766525252112,1.494112491607666,0.11042196303606033,0.8895779848098755,0.21422557532787323,0.7988357543945312
future100ms,100,100,indy_20160622_01,5,16,0.00013180194846605368,0.14990224088395793,0.6750418184132412,1.2847049236297607,0.1091589406132698,0.8908408880233765,0.21365806460380554,0.7993766665458679
future100ms,100,100,indy_20160622_01,5,17,8.594235253127372e-05,0.1518369602086569,0.6901048154666506,1.659585952758789,0.10787493735551834,0.8921245336532593,0.21130628883838654,0.8015837669372559
future100ms,100,100,indy_20160622_01,5,18,4.9047064115234504e-05,0.15018014836287708,0.6794440232474228,1.1274356842041016,0.10713266581296921,0.8928674459457397,0.21202032268047333,0.8009080290794373
future100ms,100,100,indy_20160622_01,5,19,2.2024567667180916e-05,0.1455863868826085,0.6577390165164553,1.3475196361541748,0.10729333013296127,0.8927065134048462,0.2120029479265213,0.8009247779846191
future100ms,100,100,indy_20160622_01,5,20,5.540246732188055e-06,0.1490514396406591,0.6862713694572449,2.0369174480438232,0.10711637139320374,0.8928833603858948,0.21179482340812683,0.8011209964752197
future100ms,100,100,indy_20160630_01,1,1,0.0009,0.885012559945297,1.40546472796372,4.216057300567627,0.6022050380706787,0.39779388904571533,0.6198805570602417,0.3808525502681732
future100ms,100,100,indy_20160630_01,1,2,0.000894459753267812,0.5495666473482561,1.2551523000001907,4.683752059936523,0.36872655153274536,0.6312738656997681,0.4105101227760315,0.5882695913314819
future100ms,100,100,indy_20160630_01,1,3,0.0008779754323328191,0.3994349897508228,1.4347283669880457,3.7445294857025146,0.30266323685646057,0.6973373889923096,0.3653237223625183,0.6335825324058533
future100ms,100,100,indy_20160630_01,1,4,0.0008509529358847655,0.3283185348503481,1.1536633712904794,2.697061777114868,0.2511863112449646,0.7488133907318115,0.3488965630531311,0.6504904627799988
future100ms,100,100,indy_20160630_01,1,5,0.0008140576474687264,0.30617295235497827,1.306529381445476,2.1756885051727295,0.2337730973958969,0.7662261724472046,0.34224674105644226,0.6577363014221191
future100ms,100,100,indy_20160630_01,1,6,0.0007681980515339464,0.2931846747352018,1.3093727635485786,2.4748690128326416,0.20573841035366058,0.7942612171173096,0.3092280924320221,0.6899404525756836
future100ms,100,100,indy_20160630_01,1,7,0.0007145033635316129,0.26327770958824326,1.2332266313689095,3.9889919757843018,0.21802271902561188,0.781976044178009,0.33825603127479553,0.6607397198677063
future100ms,100,100,indy_20160630_01,1,8,0.0006542957248827961,0.24623558044726823,1.233392853822027,2.2627832889556885,0.1857794225215912,0.8142205476760864,0.3020222783088684,0.697308361530304
future100ms,100,100,indy_20160630_01,1,9,0.0005890576474687265,0.24167993094777337,1.1239077768155508,1.8374967575073242,0.1723957359790802,0.8276042938232422,0.28773725032806396,0.7109053730964661
future100ms,100,100,indy_20160630_01,1,10,0.000520395509268104,0.22794883700261334,1.0989128713096892,2.4306142330169678,0.1595458835363388,0.8404538631439209,0.2749454081058502,0.7238470911979675
future100ms,100,100,indy_20160630_01,1,11,0.0004500000000000001,0.2156161639304733,1.0970812972102846,1.7574793100357056,0.15250509977340698,0.8474945425987244,0.27141812443733215,0.727211594581604
future100ms,100,100,indy_20160630_01,1,12,0.00037960449073189633,0.20749966362463615,1.1171110378844398,1.7741384506225586,0.160896435379982,0.8391036987304688,0.286484956741333,0.7119457721710205
future100ms,100,100,indy_20160630_01,1,13,0.0003109423525312738,0.20491334642006534,1.1877852571862084,2.337524175643921,0.14635269343852997,0.8536472320556641,0.2835615277290344,0.7154304385185242
future100ms,100,100,indy_20160630_01,1,14,0.00024570427511720405,0.1942966526824246,0.9293787351676396,2.127993106842041,0.14217936992645264,0.8578206300735474,0.2761494219303131,0.7223988771438599
future100ms,100,100,indy_20160630_01,1,15,0.0001854966364683872,0.18742791470649298,1.03029246202537,2.323652982711792,0.13927121460437775,0.8607283234596252,0.27929723262786865,0.7195414900779724
future100ms,100,100,indy_20160630_01,1,16,0.00013180194846605368,0.187050873609459,1.0157430917024612,3.1265599727630615,0.13819965720176697,0.8618000149726868,0.28191861510276794,0.7170543670654297
future100ms,100,100,indy_20160630_01,1,17,8.594235253127372e-05,0.18332623239701454,0.9559438931090491,2.060723304748535,0.13116469979286194,0.8688352108001709,0.2728399336338043,0.7261120080947876
future100ms,100,100,indy_20160630_01,1,18,4.9047064115234504e-05,0.18932960220420153,0.9780424577849252,1.6508901119232178,0.13110871613025665,0.8688912391662598,0.27187803387641907,0.7269148826599121
future100ms,100,100,indy_20160630_01,1,19,2.2024567667180916e-05,0.17656488325921013,0.892758737717356,4.003091335296631,0.13016004860401154,0.8698399066925049,0.2711626887321472,0.7276701331138611
future100ms,100,100,indy_20160630_01,1,20,5.540246732188055e-06,0.18273391029063693,0.9228623977729252,3.1648857593536377,0.12977290153503418,0.8702266812324524,0.2711276113986969,0.7277003526687622
future100ms,100,100,indy_20160630_01,2,1,0.0009,0.8678386172737754,1.317543361868177,2.926286220550537,0.6272336840629578,0.37276238203048706,0.5709382891654968,0.38116776943206787
future100ms,100,100,indy_20160630_01,2,2,0.000894459753267812,0.5543194685773355,1.1741460859775543,2.0645103454589844,0.3905637562274933,0.6094357371330261,0.3440113663673401,0.625049352645874
future100ms,100,100,indy_20160630_01,2,3,0.0008779754323328191,0.3990197844365739,1.2907509080001287,2.1539735794067383,0.294974148273468,0.7050246000289917,0.2854454219341278,0.6893585324287415
future100ms,100,100,indy_20160630_01,2,4,0.0008509529358847655,0.34994110495351355,1.3140833910022462,2.203282356262207,0.2616018056869507,0.7383981943130493,0.2676081657409668,0.7081141471862793
future100ms,100,100,indy_20160630_01,2,5,0.0008140576474687264,0.3062990479172711,1.2125937789678574,2.145467758178711,0.2319730669260025,0.7680268287658691,0.2504139840602875,0.7278342247009277
future100ms,100,100,indy_20160630_01,2,6,0.0007681980515339464,0.28157008591413085,1.2591538429260254,1.934984564781189,0.23867802321910858,0.7613217830657959,0.26020026206970215,0.7176977396011353
future100ms,100,100,indy_20160630_01,2,7,0.0007145033635316129,0.26472836092742863,1.2393024393490382,2.4546396732330322,0.19253961741924286,0.8074603080749512,0.24493059515953064,0.732067883014679
future100ms,100,100,indy_20160630_01,2,8,0.0006542957248827961,0.2611390234979618,1.3347631841897964,2.7297728061676025,0.17827871441841125,0.8217216730117798,0.22200992703437805,0.7579672932624817
future100ms,100,100,indy_20160630_01,2,9,0.0005890576474687265,0.23589154576178623,1.02238310447761,1.5425255298614502,0.1743074208498001,0.8256930112838745,0.23292027413845062,0.7461185455322266
future100ms,100,100,indy_20160630_01,2,10,0.000520395509268104,0.2314615909175884,1.1189637354442052,2.2018890380859375,0.16815637052059174,0.8318431973457336,0.22799652814865112,0.751137375831604
future100ms,100,100,indy_20160630_01,2,11,0.0004500000000000001,0.21482473703826896,1.0616956502199173,1.456231713294983,0.15443585813045502,0.8455641269683838,0.22072799503803253,0.7592074871063232
future100ms,100,100,indy_20160630_01,2,12,0.00037960449073189633,0.2085064700199372,1.0799571509872163,1.8910247087478638,0.15537048876285553,0.8446297645568848,0.22720682621002197,0.7523133158683777
future100ms,100,100,indy_20160630_01,2,13,0.0003109423525312738,0.20246165715475062,1.0663248406989234,1.5798009634017944,0.14482589066028595,0.8551737070083618,0.2133476436138153,0.7666321992874146
future100ms,100,100,indy_20160630_01,2,14,0.00024570427511720405,0.19800360982883602,0.952402012688773,1.5089915990829468,0.1385740339756012,0.8614256381988525,0.20947180688381195,0.7715108394622803
future100ms,100,100,indy_20160630_01,2,15,0.0001854966364683872,0.18926240693632174,0.9502550342253276,1.517360806465149,0.13273952901363373,0.8672603368759155,0.21050061285495758,0.7704315781593323
future100ms,100,100,indy_20160630_01,2,16,0.00013180194846605368,0.17963390972615206,0.8568890924964633,1.4579074382781982,0.13181748986244202,0.8681824207305908,0.20385029911994934,0.7777178883552551
future100ms,100,100,indy_20160630_01,2,17,8.594235253127372e-05,0.1827120643296316,0.8513882798807961,1.4114726781845093,0.12964338064193726,0.870356559753418,0.20125603675842285,0.7804232835769653
future100ms,100,100,indy_20160630_01,2,18,4.9047064115234504e-05,0.185701987658097,0.8398722559213638,1.1992260217666626,0.12859265506267548,0.871407151222229,0.20179076492786407,0.7797563672065735
future100ms,100,100,indy_20160630_01,2,19,2.2024567667180916e-05,0.18357826328486485,0.8448649453265327,1.1860966682434082,0.1292264312505722,0.870773196220398,0.20156912505626678,0.7799543142318726
future100ms,100,100,indy_20160630_01,2,20,5.540246732188055e-06,0.17591064967976905,0.8472917037350791,1.5446401834487915,0.1286875456571579,0.8713124990463257,0.20205099880695343,0.7794331312179565
future100ms,100,100,indy_20160630_01,3,1,0.0009,0.8764053095469718,1.230378093464034,3.7386622428894043,0.615756094455719,0.3842419385910034,0.6281740665435791,0.36599475145339966
future100ms,100,100,indy_20160630_01,3,2,0.000894459753267812,0.5575365837261833,1.230867326259613,2.1745269298553467,0.38967496156692505,0.6103247404098511,0.4371482729911804,0.5599980354309082
future100ms,100,100,indy_20160630_01,3,3,0.0008779754323328191,0.40447849422942167,1.341626444033214,2.13315486907959,0.29638007283210754,0.703619658946991,0.3587793707847595,0.639065146446228
future100ms,100,100,indy_20160630_01,3,4,0.0008509529358847655,0.347771173131223,1.322382396885327,3.4392735958099365,0.2752642333507538,0.7247344851493835,0.3530479669570923,0.6450701355934143
future100ms,100,100,indy_20160630_01,3,5,0.0008140576474687264,0.310655603181952,1.3741866861070906,2.3840243816375732,0.2707071900367737,0.7292920351028442,0.3617759048938751,0.6341469883918762
future100ms,100,100,indy_20160630_01,3,6,0.0007681980515339464,0.29378175052062716,1.2790050911051887,1.911818027496338,0.20710386335849762,0.7928959727287292,0.29718542098999023,0.7012916207313538
future100ms,100,100,indy_20160630_01,3,7,0.0007145033635316129,0.2655844547894937,1.1229562354939324,1.8743419647216797,0.1955651193857193,0.8044345378875732,0.3035220205783844,0.6944037675857544
future100ms,100,100,indy_20160630_01,3,8,0.0006542957248827961,0.25376489407102804,1.073540551321847,2.216862678527832,0.17150354385375977,0.8284962177276611,0.28174853324890137,0.7167331576347351
future100ms,100,100,indy_20160630_01,3,9,0.0005890576474687265,0.2362060748815918,1.1403517190899168,3.7702009677886963,0.16642120480537415,0.8335779309272766,0.28135740756988525,0.7169608473777771
future100ms,100,100,indy_20160630_01,3,10,0.000520395509268104,0.23286559774072413,1.1237640998193197,1.6555310487747192,0.17184670269489288,0.828153133392334,0.2938607931137085,0.7044669389724731
future100ms,100,100,indy_20160630_01,3,11,0.0004500000000000001,0.21834322162005673,1.1101588138512202,2.669438123703003,0.1577441692352295,0.8422558307647705,0.28353363275527954,0.7146506905555725
future100ms,100,100,indy_20160630_01,3,12,0.00037960449073189633,0.20142695531347915,1.0550967284611292,2.7170867919921875,0.14440424740314484,0.855595588684082,0.2708576023578644,0.7278165817260742
future100ms,100,100,indy_20160630_01,3,13,0.0003109423525312738,0.20109638981634537,0.9752263448068074,1.7166163921356201,0.13940179347991943,0.860598087310791,0.2726984918117523,0.7259654998779297
future100ms,100,100,indy_20160630_01,3,14,0.00024570427511720405,0.19479270488542524,1.015831736581666,2.1165108680725098,0.148904949426651,0.8510946035385132,0.2932141423225403,0.7051820755004883
future100ms,100,100,indy_20160630_01,3,15,0.0001854966364683872,0.19695680387141917,1.1203369327953883,2.419862985610962,0.14371955394744873,0.8562799692153931,0.27995970845222473,0.7188605070114136
future100ms,100,100,indy_20160630_01,3,16,0.00013180194846605368,0.1893940089425608,1.0179444061858314,1.8326023817062378,0.13407737016677856,0.8659225702285767,0.27718061208724976,0.7213526964187622
future100ms,100,100,indy_20160630_01,3,17,8.594235253127372e-05,0.1861514785997939,0.9232299221413476,2.181725025177002,0.1304236501455307,0.8695763349533081,0.27431923151016235,0.7241916060447693
future100ms,100,100,indy_20160630_01,3,18,4.9047064115234504e-05,0.1766981315290832,0.8262769430875778,1.3544504642486572,0.12962795794010162,0.8703720569610596,0.2729592025279999,0.7255789041519165
future100ms,100,100,indy_20160630_01,3,19,2.2024567667180916e-05,0.17374441301854765,0.8301458422626767,2.025008201599121,0.12880130112171173,0.8711985349655151,0.2717038094997406,0.7268778681755066
future100ms,100,100,indy_20160630_01,3,20,5.540246732188055e-06,0.17636413581395408,0.9079767635890416,4.467751979827881,0.12867318093776703,0.8713265061378479,0.2720400393009186,0.726542592048645
future100ms,100,100,indy_20160630_01,4,1,0.0009,0.8546898548510286,1.2963068932294846,2.4221854209899902,0.607168972492218,0.3928299844264984,0.5705611705780029,0.33272746205329895
future100ms,100,100,indy_20160630_01,4,2,0.000894459753267812,0.5523321467280877,1.1761060995715005,2.084488868713379,0.3793768584728241,0.6206227540969849,0.37684160470962524,0.5605592727661133
future100ms,100,100,indy_20160630_01,4,3,0.0008779754323328191,0.39839741748766827,1.2830497750214167,2.1983423233032227,0.3226497173309326,0.6773492693901062,0.3339563012123108,0.6106946468353271
future100ms,100,100,indy_20160630_01,4,4,0.0008509529358847655,0.3401050175086868,1.2338406635182244,1.9704840183258057,0.2586123049259186,0.7413870692253113,0.3005813658237457,0.6489384174346924
future100ms,100,100,indy_20160630_01,4,5,0.0008140576474687264,0.30633612616587846,1.320331716111728,2.0879979133605957,0.22752729058265686,0.7724721431732178,0.26959800720214844,0.6856480836868286
future100ms,100,100,indy_20160630_01,4,6,0.0007681980515339464,0.28481180263925326,1.2981121987104416,2.2314510345458984,0.20649269223213196,0.7935072183609009,0.261628657579422,0.6949770450592041
future100ms,100,100,indy_20160630_01,4,7,0.0007145033635316129,0.2680705391617304,1.1576865443161555,1.7326788902282715,0.22087495028972626,0.7791247367858887,0.303053617477417,0.6475299596786499
future100ms,100,100,indy_20160630_01,4,8,0.0006542957248827961,0.2506599507809526,1.1801197975873947,1.889609694480896,0.18052108585834503,0.8194785118103027,0.25405800342559814,0.7044516801834106
future100ms,100,100,indy_20160630_01,4,9,0.0005890576474687265,0.23218939691417007,1.0137985731874193,2.977745532989502,0.17532233893871307,0.824677050113678,0.2534206211566925,0.7046017646789551
future100ms,100,100,indy_20160630_01,4,10,0.000520395509268104,0.2245468654765906,0.985093491418021,2.8795275688171387,0.1661349982023239,0.8338645696640015,0.24484792351722717,0.7147796154022217
future100ms,100,100,indy_20160630_01,4,11,0.0004500000000000001,0.21825387405384494,1.0119855254888535,1.4925473928451538,0.14952819049358368,0.8504714369773865,0.2448410540819168,0.7147374153137207
future100ms,100,100,indy_20160630_01,4,12,0.00037960449073189633,0.20053215094101853,0.9811343444245202,1.592844843864441,0.14907805621623993,0.8509215116500854,0.24360601603984833,0.716354489326477
future100ms,100,100,indy_20160630_01,4,13,0.0003109423525312738,0.19450807143411344,0.8946992371763501,1.3134170770645142,0.14338892698287964,0.8566107749938965,0.24115629494190216,0.7192822694778442
future100ms,100,100,indy_20160630_01,4,14,0.00024570427511720405,0.1891605326666609,0.8874849549361638,1.7788087129592896,0.1400994062423706,0.8599003553390503,0.24273258447647095,0.7173826694488525
future100ms,100,100,indy_20160630_01,4,15,0.0001854966364683872,0.19058992063113955,0.8990770940269742,1.251981496810913,0.13661080598831177,0.8633890151977539,0.2445237785577774,0.7152049541473389
future100ms,100,100,indy_20160630_01,4,16,0.00013180194846605368,0.18582566219003208,0.8774736821651459,1.341141700744629,0.1327732801437378,0.8672264814376831,0.23596476018428802,0.7251019477844238
future100ms,100,100,indy_20160630_01,4,17,8.594235253127372e-05,0.1788012906262167,0.8126441389322281,1.4015449285507202,0.1316763460636139,0.8683236837387085,0.23709918558597565,0.723918080329895
future100ms,100,100,indy_20160630_01,4,18,4.9047064115234504e-05,0.1800662222832416,0.8414458696331296,1.288692593574524,0.12986300885677338,0.8701366186141968,0.23781143128871918,0.7232399582862854
future100ms,100,100,indy_20160630_01,4,19,2.2024567667180916e-05,0.1779521206807775,0.7720144305910382,1.1062686443328857,0.1292753666639328,0.8707250356674194,0.23652034997940063,0.7245995402336121
future100ms,100,100,indy_20160630_01,4,20,5.540246732188055e-06,0.17896084349122254,0.8124815821647644,1.200239658355713,0.1297924816608429,0.8702071905136108,0.23673303425312042,0.724357545375824
future100ms,100,100,indy_20160630_01,5,1,0.0009,0.8794266328802195,1.2319212002413613,2.8551578521728516,0.6217435598373413,0.37825503945350647,0.7591018676757812,0.32156679034233093
future100ms,100,100,indy_20160630_01,5,2,0.000894459753267812,0.5647215246241885,1.434999365891729,7.672812461853027,0.3900512158870697,0.6099481582641602,0.5205783843994141,0.5358092784881592
future100ms,100,100,indy_20160630_01,5,3,0.0008779754323328191,0.4039576341875766,1.3600434682198934,3.5313735008239746,0.3013242781162262,0.6986749768257141,0.4323868155479431,0.6142805814743042
future100ms,100,100,indy_20160630_01,5,4,0.0008509529358847655,0.32884034217269525,1.257409936615399,4.633147716522217,0.2646087110042572,0.7353906631469727,0.3972230851650238,0.6458593606948853
future100ms,100,100,indy_20160630_01,5,5,0.0008140576474687264,0.29885226251779196,1.347069806286267,5.181216716766357,0.25653326511383057,0.7434666156768799,0.40979239344596863,0.6344643831253052
future100ms,100,100,indy_20160630_01,5,6,0.0007681980515339464,0.293047009189685,1.4580085703304835,2.1399855613708496,0.2060205340385437,0.7939799427986145,0.34272414445877075,0.6944166421890259
future100ms,100,100,indy_20160630_01,5,7,0.0007145033635316129,0.2586002034115461,1.1758064180612564,1.739113450050354,0.20358358323574066,0.7964162230491638,0.36623576283454895,0.6730958223342896
future100ms,100,100,indy_20160630_01,5,8,0.0006542957248827961,0.2537279319449592,1.2022274051393782,2.191603899002075,0.18743205070495605,0.812567949295044,0.3411791920661926,0.6956538558006287
future100ms,100,100,indy_20160630_01,5,9,0.0005890576474687265,0.23963523367189193,1.0977570819003242,1.7101823091506958,0.18155649304389954,0.8184434175491333,0.33499765396118164,0.7008625864982605
future100ms,100,100,indy_20160630_01,5,10,0.000520395509268104,0.22373976641932922,0.9981571478503091,1.5064857006072998,0.16359081864356995,0.8364086151123047,0.3185320794582367,0.7161169052124023
future100ms,100,100,indy_20160630_01,5,11,0.0004500000000000001,0.20423404297156295,0.9021858024810042,1.6330374479293823,0.1547219455242157,0.8452777862548828,0.31328248977661133,0.7206043601036072
future100ms,100,100,indy_20160630_01,5,12,0.00037960449073189633,0.20266459699204167,0.9946116954088211,4.017874240875244,0.14997684955596924,0.8500229716300964,0.311738520860672,0.7217721343040466
future100ms,100,100,indy_20160630_01,5,13,0.0003109423525312738,0.19475939111411483,0.8747508451342583,1.6028794050216675,0.14001749455928802,0.8599824905395508,0.3016638457775116,0.7309976816177368
future100ms,100,100,indy_20160630_01,5,14,0.00024570427511720405,0.19916556431157112,1.0520252649273192,3.9208223819732666,0.1363387256860733,0.8636611700057983,0.29456040263175964,0.7373355627059937
future100ms,100,100,indy_20160630_01,5,15,0.0001854966364683872,0.18679147846115138,1.3844001250607627,12.847151756286621,0.13624010980129242,0.8637595772743225,0.29982486367225647,0.7325853109359741
future100ms,100,100,indy_20160630_01,5,16,0.00013180194846605368,0.182558790960479,1.0041306742600031,4.3452534675598145,0.13033618032932281,0.8696638345718384,0.29460811614990234,0.7370971441268921
future100ms,100,100,indy_20160630_01,5,17,8.594235253127372e-05,0.18648443176334734,1.089330860546657,5.076177597045898,0.13010624051094055,0.8698935508728027,0.29410985112190247,0.7376014590263367
future100ms,100,100,indy_20160630_01,5,18,4.9047064115234504e-05,0.1777110918967427,0.8522751097168241,3.0241363048553467,0.1262277513742447,0.8737722635269165,0.29104137420654297,0.7403678297996521
future100ms,100,100,indy_20160630_01,5,19,2.2024567667180916e-05,0.1796773162975026,0.8456791192293167,1.5121015310287476,0.12731729447841644,0.8726825714111328,0.2912631630897522,0.7401520013809204
future100ms,100,100,indy_20160630_01,5,20,5.540246732188055e-06,0.17784917622323904,0.9666838645935059,4.5861735343933105,0.12727384269237518,0.8727258443832397,0.2914573848247528,0.7399753332138062
future100ms,100,100,indy_20170131_02,1,1,0.0009,0.9075467324356163,1.2258757808629204,2.596768856048584,0.7056061625480652,0.2943890690803528,0.86719810962677,0.26206299662590027
future100ms,100,100,indy_20170131_02,1,2,0.000894459753267812,0.6474377571230545,1.1028193375643562,1.970026969909668,0.5134769082069397,0.48652079701423645,0.6734575629234314,0.42693030834198
future100ms,100,100,indy_20170131_02,1,3,0.0008779754323328191,0.4923773085360689,1.0918211516212015,1.48714017868042,0.3694884181022644,0.6305088996887207,0.5258833765983582,0.5525149703025818
future100ms,100,100,indy_20170131_02,1,4,0.0008509529358847655,0.40400209253814456,1.3321717276292688,2.4542806148529053,0.3011689782142639,0.6988296508789062,0.4587421119213104,0.6096471548080444
future100ms,100,100,indy_20170131_02,1,5,0.0008140576474687264,0.34491426081765136,1.4203270708813387,2.3069143295288086,0.2598503828048706,0.7401483058929443,0.4303510785102844,0.6338057518005371
future100ms,100,100,indy_20170131_02,1,6,0.0007681980515339464,0.3013114876321506,1.0347290284493391,2.150689125061035,0.23475751280784607,0.7652411460876465,0.4153498709201813,0.6465590000152588
future100ms,100,100,indy_20170131_02,1,7,0.0007145033635316129,0.2869537586393181,1.219154484131757,2.194232702255249,0.20990696549415588,0.790091872215271,0.38326722383499146,0.6738686561584473
future100ms,100,100,indy_20170131_02,1,8,0.0006542957248827961,0.2602997934081499,0.8918185795054716,1.5319607257843018,0.1928173005580902,0.8071814775466919,0.3682277500629425,0.68666672706604
future100ms,100,100,indy_20170131_02,1,9,0.0005890576474687265,0.24133969680452239,1.0044275767662947,1.9184743165969849,0.1759425550699234,0.8240566253662109,0.36451494693756104,0.6898314356803894
future100ms,100,100,indy_20170131_02,1,10,0.000520395509268104,0.22767221027836848,0.8880446202614728,1.9279311895370483,0.16209673881530762,0.8379023671150208,0.3561169505119324,0.6969752311706543
future100ms,100,100,indy_20170131_02,1,11,0.0004500000000000001,0.2181631136970645,0.9790652744910296,2.0490005016326904,0.15961597859859467,0.8403832316398621,0.36653846502304077,0.6881002187728882
future100ms,100,100,indy_20170131_02,1,12,0.00037960449073189633,0.20514549399901474,0.8858816448379966,1.400934100151062,0.1573096364736557,0.842689573764801,0.3657137453556061,0.6888112425804138
future100ms,100,100,indy_20170131_02,1,13,0.0003109423525312738,0.20167344439482088,0.870362779673408,1.4797170162200928,0.1487395465373993,0.851259708404541,0.35411280393600464,0.6986775398254395
future100ms,100,100,indy_20170131_02,1,14,0.00024570427511720405,0.19334013957707485,0.9891393780708313,1.580655574798584,0.13925482332706451,0.8607443571090698,0.35568568110466003,0.6973394155502319
future100ms,100,100,indy_20170131_02,1,15,0.0001854966364683872,0.18523433817327165,0.83078432784361,1.3988369703292847,0.13480505347251892,0.8651940822601318,0.3500669002532959,0.7021239399909973
future100ms,100,100,indy_20170131_02,1,16,0.00013180194846605368,0.18430733740732505,0.7481690224479226,1.3819806575775146,0.13546696305274963,0.8645325899124146,0.3583780527114868,0.6950501203536987
future100ms,100,100,indy_20170131_02,1,17,8.594235253127372e-05,0.17704518997163124,0.7293133735656738,1.235427975654602,0.132377490401268,0.867621898651123,0.3531504273414612,0.6994961500167847
future100ms,100,100,indy_20170131_02,1,18,4.9047064115234504e-05,0.17658150707358883,0.7314904682776507,1.1137712001800537,0.13026206195354462,0.8697371482849121,0.35020333528518677,0.7020056247711182
future100ms,100,100,indy_20170131_02,1,19,2.2024567667180916e-05,0.1780125387722368,0.7248660220819361,1.354552149772644,0.1296909600496292,0.8703083395957947,0.35052523016929626,0.7017319202423096
future100ms,100,100,indy_20170131_02,1,20,5.540246732188055e-06,0.17611649130527562,0.7137755085440243,1.102407693862915,0.12966524064540863,0.8703344464302063,0.35077422857284546,0.7015199661254883
future100ms,100,100,indy_20170131_02,2,1,0.0009,0.9177367462772191,1.3949415964238785,3.2715911865234375,0.7052570581436157,0.29473912715911865,0.613567054271698,0.25134098529815674
future100ms,100,100,indy_20170131_02,2,2,0.000894459753267812,0.6438552129265374,1.0399730345782112,1.652911901473999,0.493648499250412,0.5063493251800537,0.4771830439567566,0.4178317189216614
future100ms,100,100,indy_20170131_02,2,3,0.0008779754323328191,0.4788020149074793,1.0864638405687668,1.6518291234970093,0.3603886663913727,0.6396095156669617,0.36025428771972656,0.5600565075874329
future100ms,100,100,indy_20170131_02,2,4,0.0008509529358847655,0.38869508218359466,1.285707529853372,2.2550270557403564,0.28054940700531006,0.7194487452507019,0.31319931149482727,0.6169304847717285
future100ms,100,100,indy_20170131_02,2,5,0.0008140576474687264,0.32933156877790887,1.2106570145663094,1.7924813032150269,0.24451576173305511,0.7554836273193359,0.32210931181907654,0.606601357460022
future100ms,100,100,indy_20170131_02,2,6,0.0007681980515339464,0.29739201189960973,1.165255770963781,1.755431890487671,0.2470654547214508,0.752933144569397,0.3788370192050934,0.5378351211547852
future100ms,100,100,indy_20170131_02,2,7,0.0007145033635316129,0.27609027180419055,1.1584168286884533,1.6432784795761108,0.2051539272069931,0.7948452234268188,0.29136303067207336,0.6429779529571533
future100ms,100,100,indy_20170131_02,2,8,0.0006542957248827961,0.24829645000516276,0.8697715296464807,1.3695056438446045,0.18863545358181,0.811363697052002,0.28683820366859436,0.6478301882743835
future100ms,100,100,indy_20170131_02,2,9,0.0005890576474687265,0.23275575417904837,0.9819657662335564,2.7457189559936523,0.17091131210327148,0.8290879726409912,0.28383639454841614,0.6520625352859497
future100ms,100,100,indy_20170131_02,2,10,0.000520395509268104,0.2232039611745442,0.8885851081679849,1.8470005989074707,0.15715940296649933,0.8428401947021484,0.27098774909973145,0.6681137084960938
future100ms,100,100,indy_20170131_02,2,11,0.0004500000000000001,0.2168028192369279,0.9701399417484508,1.410763144493103,0.15663881599903107,0.8433603644371033,0.2708252966403961,0.668757975101471
future100ms,100,100,indy_20170131_02,2,12,0.00037960449073189633,0.202579171074974,0.9323115839677698,1.4049251079559326,0.14999215304851532,0.8500071167945862,0.28360337018966675,0.6516639590263367
future100ms,100,100,indy_20170131_02,2,13,0.0003109423525312738,0.19733855323616098,0.8050848491051618,1.5649641752243042,0.1496199518442154,0.8503793478012085,0.3060644567012787,0.6232794523239136
future100ms,100,100,indy_20170131_02,2,14,0.00024570427511720405,0.1870238260421566,0.8441543859594008,1.2950283288955688,0.138625830411911,0.8613733053207397,0.2719024121761322,0.6658300161361694
future100ms,100,100,indy_20170131_02,2,15,0.0001854966364683872,0.1873875159467799,0.8911247113171745,1.5877934694290161,0.13326525688171387,0.8667342662811279,0.2546479105949402,0.6876122951507568
future100ms,100,100,indy_20170131_02,2,16,0.00013180194846605368,0.1836166086952276,0.7842709632480845,1.0318633317947388,0.132919579744339,0.8670797348022461,0.26386258006095886,0.6758543252944946
future100ms,100,100,indy_20170131_02,2,17,8.594235253127372e-05,0.172588611203799,0.7351367613848518,1.3372251987457275,0.13213033974170685,0.8678689002990723,0.2779082953929901,0.6589583158493042
future100ms,100,100,indy_20170131_02,2,18,4.9047064115234504e-05,0.174673114140943,0.7568857284153209,1.1833246946334839,0.1289745569229126,0.8710249662399292,0.2648037075996399,0.6749253273010254
future100ms,100,100,indy_20170131_02,2,19,2.2024567667180916e-05,0.17254332892602348,0.7110592933262095,1.2580912113189697,0.12790845334529877,0.8720912933349609,0.2647870182991028,0.674981951713562
future100ms,100,100,indy_20170131_02,2,20,5.540246732188055e-06,0.1767888939271835,0.6875332138117622,0.9296716451644897,0.12795816361904144,0.8720411658287048,0.2667688727378845,0.6725741624832153
future100ms,100,100,indy_20170131_02,3,1,0.0009,0.9282102119311455,1.448022137669956,2.7790417671203613,0.7073755264282227,0.2926206588745117,0.7723275423049927,0.22761034965515137
future100ms,100,100,indy_20170131_02,3,2,0.000894459753267812,0.6491749408398658,1.0134982712128584,1.4744781255722046,0.4973686635494232,0.5026278495788574,0.5735542178153992,0.42493027448654175
future100ms,100,100,indy_20170131_02,3,3,0.0008779754323328191,0.4960467402911691,1.0582059762057137,1.6387271881103516,0.3765604794025421,0.623437225818634,0.4678448438644409,0.5311319231987
future100ms,100,100,indy_20170131_02,3,4,0.0008509529358847655,0.3871031238730173,1.1727065268684835,1.5857280492782593,0.2994134724140167,0.700584888458252,0.4124373495578766,0.5864659547805786
future100ms,100,100,indy_20170131_02,3,5,0.0008140576474687264,0.3374451723290678,1.120882223634159,1.4634076356887817,0.2666555643081665,0.7333431243896484,0.37367382645606995,0.6243932247161865
future100ms,100,100,indy_20170131_02,3,6,0.0007681980515339464,0.3033601770246206,1.1835902157951803,1.7283470630645752,0.24363945424556732,0.7563591599464417,0.367174357175827,0.6305825114250183
future100ms,100,100,indy_20170131_02,3,7,0.0007145033635316129,0.28141073191224675,1.0557520494741552,1.335066556930542,0.21012210845947266,0.7898769378662109,0.33411920070648193,0.6644701957702637
future100ms,100,100,indy_20170131_02,3,8,0.0006542957248827961,0.24827762876511503,0.9451825057759005,2.1592588424682617,0.19997014105319977,0.8000289797782898,0.31672778725624084,0.6815313100814819
future100ms,100,100,indy_20170131_02,3,9,0.0005890576474687265,0.2418196934774937,1.0091193423551672,1.4571285247802734,0.18881717324256897,0.8111817240715027,0.32648321986198425,0.6713701486587524
future100ms,100,100,indy_20170131_02,3,10,0.000520395509268104,0.2185785061109155,0.8797057095695945,1.2873587608337402,0.16469916701316833,0.8353002071380615,0.3163366913795471,0.6817625761032104
future100ms,100,100,indy_20170131_02,3,11,0.0004500000000000001,0.2153744449537714,0.9957689818213967,1.830878734588623,0.1610240936279297,0.8389745950698853,0.31998899579048157,0.6775282025337219
future100ms,100,100,indy_20170131_02,3,12,0.00037960449073189633,0.2057008776599291,0.9096699497278999,1.2997158765792847,0.149553582072258,0.8504452705383301,0.31160858273506165,0.6863723397254944
future100ms,100,100,indy_20170131_02,3,13,0.0003109423525312738,0.19975446852189133,0.9123872308170095,1.5516504049301147,0.14673548936843872,0.8532637357711792,0.3099675476551056,0.6873421669006348
future100ms,100,100,indy_20170131_02,3,14,0.00024570427511720405,0.19207933430362756,0.8946962496813606,1.709113597869873,0.13933080434799194,0.8606685400009155,0.3050203323364258,0.6923308372497559
future100ms,100,100,indy_20170131_02,3,15,0.0001854966364683872,0.1888436460474187,0.8270432212773491,1.316576600074768,0.13902968168258667,0.8609694242477417,0.3064935505390167,0.6906864643096924
future100ms,100,100,indy_20170131_02,3,16,0.00013180194846605368,0.1776868269297285,0.7638511131791508,1.1308109760284424,0.13307657837867737,0.8669226169586182,0.3017255961894989,0.6955326795578003
future100ms,100,100,indy_20170131_02,3,17,8.594235253127372e-05,0.17905699247243803,0.7544909961083356,1.4162623882293701,0.13389739394187927,0.8661016225814819,0.29905715584754944,0.698260486125946
future100ms,100,100,indy_20170131_02,3,18,4.9047064115234504e-05,0.17683177188857885,0.8050731420516968,1.2407588958740234,0.13246095180511475,0.8675384521484375,0.30205005407333374,0.695186197757721
future100ms,100,100,indy_20170131_02,3,19,2.2024567667180916e-05,0.18051833424657773,0.7564283872351927,1.541834831237793,0.1312098503112793,0.8687894344329834,0.3027205467224121,0.6944889426231384
future100ms,100,100,indy_20170131_02,3,20,5.540246732188055e-06,0.17897849994744028,0.7489174323923448,1.4001625776290894,0.13082514703273773,0.8691742420196533,0.3013010323047638,0.6959481835365295
future100ms,100,100,indy_20170131_02,4,1,0.0009,0.9181416407398223,1.4333189971306746,2.4935507774353027,0.7221424579620361,0.2778533697128296,0.6542983651161194,0.2639251947402954
future100ms,100,100,indy_20170131_02,4,2,0.000894459753267812,0.6716840095895119,1.255330033162061,1.9158519506454468,0.5272027254104614,0.4727955460548401,0.5014454126358032,0.4290997087955475
future100ms,100,100,indy_20170131_02,4,3,0.0008779754323328191,0.5207894674764775,1.1676670838804806,1.8276770114898682,0.3971540331840515,0.60284423828125,0.3986954391002655,0.5438389778137207
future100ms,100,100,indy_20170131_02,4,4,0.0008509529358847655,0.4032999626039788,1.0207968739902271,1.6676979064941406,0.3149630129337311,0.6850354671478271,0.3443489372730255,0.600949764251709
future100ms,100,100,indy_20170131_02,4,5,0.0008140576474687264,0.3381773903246912,1.1728194741641773,1.9858853816986084,0.2591303288936615,0.7408694624900818,0.328684002161026,0.6163727045059204
future100ms,100,100,indy_20170131_02,4,6,0.0007681980515339464,0.3021025449556915,1.1318415929289425,2.319373369216919,0.2256239354610443,0.7743750810623169,0.30475717782974243,0.6460530757904053
future100ms,100,100,indy_20170131_02,4,7,0.0007145033635316129,0.2681462967612218,0.9468130364137537,1.7974798679351807,0.20457682013511658,0.7954223155975342,0.29641297459602356,0.6553659439086914
future100ms,100,100,indy_20170131_02,4,8,0.0006542957248827961,0.262487474110179,1.085327551645391,1.8996261358261108,0.18851540982723236,0.8114835619926453,0.2916332483291626,0.6623499989509583
future100ms,100,100,indy_20170131_02,4,9,0.0005890576474687265,0.2313128022030477,0.9547040883232566,1.4171656370162964,0.17195460200309753,0.828044593334198,0.28567585349082947,0.6688624024391174
future100ms,100,100,indy_20170131_02,4,10,0.000520395509268104,0.22602315092594982,0.9171236087294186,1.3187280893325806,0.16563640534877777,0.8343625068664551,0.28468555212020874,0.6699780821800232
future100ms,100,100,indy_20170131_02,4,11,0.0004500000000000001,0.20587604831471457,0.9613906671019161,2.6322364807128906,0.17103032767772675,0.8289692401885986,0.3071354925632477,0.6451796889305115
future100ms,100,100,indy_20170131_02,4,12,0.00037960449073189633,0.21151577900066512,1.1681650210829342,1.8240818977355957,0.14622753858566284,0.8537716865539551,0.27887001633644104,0.6762411594390869
future100ms,100,100,indy_20170131_02,4,13,0.0003109423525312738,0.19425223292985294,0.9917492550962111,2.6255924701690674,0.14745406806468964,0.8525453805923462,0.28805726766586304,0.665796160697937
future100ms,100,100,indy_20170131_02,4,14,0.00024570427511720405,0.1919680389430236,0.87792188279769,1.3461898565292358,0.13561995327472687,0.8643794059753418,0.2757016718387604,0.6795054078102112
future100ms,100,100,indy_20170131_02,4,15,0.0001854966364683872,0.17936122266089827,0.9090854595689213,1.8900363445281982,0.13165652751922607,0.8683425784111023,0.27452993392944336,0.6826221942901611
future100ms,100,100,indy_20170131_02,4,16,0.00013180194846605368,0.17580286698304787,0.7940089246805977,1.29159677028656,0.1303596794605255,0.8696393966674805,0.273301362991333,0.6828876733779907
future100ms,100,100,indy_20170131_02,4,17,8.594235253127372e-05,0.17636121892663395,0.7626390562337988,1.0390255451202393,0.12801936268806458,0.8719799518585205,0.27056586742401123,0.687275767326355
future100ms,100,100,indy_20170131_02,4,18,4.9047064115234504e-05,0.1742477205191471,0.7580161480342641,1.250784993171692,0.12783703207969666,0.8721621036529541,0.2745591700077057,0.682100772857666
future100ms,100,100,indy_20170131_02,4,19,2.2024567667180916e-05,0.17714696319527173,0.7702542087611031,1.1541879177093506,0.12717345356941223,0.8728259205818176,0.27424728870391846,0.6823379993438721
future100ms,100,100,indy_20170131_02,4,20,5.540246732188055e-06,0.17321688303233665,0.7790152570780586,1.1109418869018555,0.1271584928035736,0.8728410005569458,0.274242639541626,0.682337760925293
future100ms,100,100,indy_20170131_02,5,1,0.0009,0.9174516289108003,1.365156804814058,2.7665719985961914,0.7278261184692383,0.27216899394989014,0.7876386046409607,0.23662438988685608
future100ms,100,100,indy_20170131_02,5,2,0.000894459753267812,0.6554729088296966,1.0158327221870422,1.8828753232955933,0.5089957118034363,0.4910016655921936,0.5887242555618286,0.4290090799331665
future100ms,100,100,indy_20170131_02,5,3,0.0008779754323328191,0.4987043023860962,1.0063276185708887,1.4329302310943604,0.38293346762657166,0.6170653700828552,0.5093441605567932,0.5030275583267212
future100ms,100,100,indy_20170131_02,5,4,0.0008509529358847655,0.39322027014777633,1.066129817682154,1.5577105283737183,0.28607213497161865,0.7139261960983276,0.39823734760284424,0.6105254888534546
future100ms,100,100,indy_20170131_02,5,5,0.0008140576474687264,0.32438781526079846,1.0673317628748276,1.8613815307617188,0.2488119751214981,0.7511869072914124,0.3950835168361664,0.6125103235244751
future100ms,100,100,indy_20170131_02,5,6,0.0007681980515339464,0.3010874941680194,1.338631388019113,2.5703177452087402,0.21713562309741974,0.7828633785247803,0.37120792269706726,0.6346057653427124
future100ms,100,100,indy_20170131_02,5,7,0.0007145033635316129,0.2639431227704407,1.1379366236574509,1.902091383934021,0.21034546196460724,0.7896535992622375,0.3680822551250458,0.6376311779022217
future100ms,100,100,indy_20170131_02,5,8,0.0006542957248827961,0.26066915640899824,1.2836082507582272,1.9642177820205688,0.1927887350320816,0.807210385799408,0.3857836127281189,0.6182379722595215
future100ms,100,100,indy_20170131_02,5,9,0.0005890576474687265,0.22713870813371195,0.9430119360194487,1.2956510782241821,0.17805363237857819,0.8219454288482666,0.3816009759902954,0.6232990026473999
future100ms,100,100,indy_20170131_02,5,10,0.000520395509268104,0.2164368760849435,0.8610318443354439,1.3830358982086182,0.16040492057800293,0.8395940065383911,0.34693974256515503,0.6591442227363586
future100ms,100,100,indy_20170131_02,5,11,0.0004500000000000001,0.21606766220412668,0.991019722293405,1.530854344367981,0.15269824862480164,0.8473012447357178,0.35403910279273987,0.6524275541305542
future100ms,100,100,indy_20170131_02,5,12,0.00037960449073189633,0.20649960935341682,0.9339934973155751,1.3178017139434814,0.14961284399032593,0.8503861427307129,0.37862351536750793,0.6284015774726868
future100ms,100,100,indy_20170131_02,5,13,0.0003109423525312738,0.2012251482415876,0.9189774814774009,1.6602468490600586,0.1432439386844635,0.8567553758621216,0.3603939712047577,0.6467294692993164
future100ms,100,100,indy_20170131_02,5,14,0.00024570427511720405,0.1872984574520179,0.8254307894145742,1.151200294494629,0.13528652489185333,0.8647130727767944,0.3536553978919983,0.6516673564910889
future100ms,100,100,indy_20170131_02,5,15,0.0001854966364683872,0.18656556084557013,0.815308903946596,1.7859857082366943,0.13231785595417023,0.8676813244819641,0.34584537148475647,0.6592087745666504
future100ms,100,100,indy_20170131_02,5,16,0.00013180194846605368,0.1806361762724896,0.7518228222342098,1.1226812601089478,0.1288689821958542,0.8711307048797607,0.34585580229759216,0.6598113775253296
future100ms,100,100,indy_20170131_02,5,17,8.594235253127372e-05,0.1791399430590867,0.7859014816143933,1.770385503768921,0.12719431519508362,0.8728050589561462,0.3441476821899414,0.6612323522567749
future100ms,100,100,indy_20170131_02,5,18,4.9047064115234504e-05,0.17468485616448334,0.723418158643386,1.577229380607605,0.1270001083612442,0.8729993104934692,0.3475516438484192,0.6582573652267456
future100ms,100,100,indy_20170131_02,5,19,2.2024567667180916e-05,0.173796374940611,0.7188232926761403,0.9398649334907532,0.1267940253019333,0.8732056617736816,0.34452855587005615,0.6606478691101074
future100ms,100,100,indy_20170131_02,5,20,5.540246732188055e-06,0.1730432117405847,0.6960865890278536,1.2280433177947998,0.12676264345645905,0.8732367753982544,0.34483659267425537,0.6603261828422546
