seed,fold,bin_number,prediction_time_ms,source_index,true_label,predicted_label,probability_right,decision_score
42,1,1,50,62,0,1,0.5035281482465861,0.014112827221554089
42,1,1,50,1,1,0,0.26090328670101687,-1.041278993270521
42,1,1,50,288,1,1,0.5193888967947817,0.07759449618213721
42,1,1,50,79,1,0,0.12841588261891365,-1.915038300517958
42,1,1,50,6,0,0,0.18096552472536973,-1.5098196353262026
42,1,1,50,157,0,0,0.13901843268435654,-1.8234665621593833
42,1,1,50,241,1,1,0.5593107474306809,0.23836523313371027
42,1,1,50,278,0,0,0.22069082802059842,-1.2616450964750827
42,1,1,50,174,0,0,0.15774792034436289,-1.6750810333528743
42,1,1,50,10,1,1,0.6599937832431196,0.6632665136253966
42,1,1,50,188,1,0,0.4242153740517691,-0.3054923935541682
42,1,1,50,171,1,0,0.4341920116335424,-0.2647679180994842
42,1,1,50,140,1,1,0.5586426609686955,0.23565518189922752
42,1,1,50,109,0,1,0.5327122942974803,0.1310363527284933
42,1,1,50,146,1,0,0.4324204936127375,-0.2719823592273467
42,1,1,50,221,1,0,0.2429148123184236,-1.1367649650841514
42,1,1,50,281,0,1,0.6966451561637272,0.8313729574195755
42,1,1,50,228,0,1,0.5653442551864523,0.26288052027267717
42,1,1,50,128,1,0,0.39267108012589036,-0.4360982069886042
42,1,1,50,48,0,1,0.6114821981710642,0.45354685225218233
42,1,1,50,56,1,0,0.3097034168795447,-0.8015062160626014
42,1,1,50,267,1,0,0.12763058085845494,-1.9220729759044755
42,1,1,50,256,0,1,0.5911296805510986,0.368637380567972
42,1,1,50,17,0,1,0.7744613149687792,1.2336760137411626
42,1,1,50,113,0,0,0.23296706444409887,-1.1916326519391123
42,1,1,50,242,1,0,0.36165490983090415,-0.5681885613984132
42,1,1,50,211,1,1,0.8170695942605377,1.4966184899209045
42,1,1,50,82,0,1,0.8767181321788894,1.961712198743674
42,1,1,50,41,1,1,0.9747542716766303,3.653528444086062
42,1,1,50,95,0,1,0.6861420064356211,0.7821439789514231
42,1,1,50,204,1,1,0.7023195200593468,0.8583677609456117
42,1,1,50,295,1,0,0.11955861078478223,-1.9966166424270917
42,1,1,50,191,0,0,0.28775284603363266,-0.9063230393348829
42,1,1,50,244,1,0,0.48599678662409235,-0.05602750514567256
42,1,1,50,265,0,0,0.16165352637756752,-1.6459761492167952
42,1,1,50,102,1,0,0.29222850981559056,-0.8845852235373003
42,1,1,50,135,0,1,0.5854940052971213,0.3453685074183174
42,1,1,50,45,0,1,0.6655072828822768,0.687934474361801
42,1,1,50,309,0,0,0.23129865436124827,-1.2009927753918326
42,1,1,50,120,1,1,0.5854284215351181,0.3450982777517644
42,1,1,50,234,1,1,0.7988074270302146,1.3788573753576072
42,1,1,50,289,0,0,0.37455019476188767,-0.5127452538831083
42,1,1,50,112,1,1,0.900215306075896,2.1996191596253674
42,1,1,50,13,0,0,0.40903287702639024,-0.3679648496326515
42,1,1,50,97,1,1,0.6649449353532727,0.685409342850135
42,1,1,50,96,1,1,0.7557587901642429,1.129565962754198
42,1,1,50,255,1,0,0.40768425422093135,-0.37354685897180734
42,1,1,50,193,1,1,0.5457628329466822,0.18356505345411567
42,1,1,50,98,1,1,0.5337723566540192,0.135295429788287
42,1,1,50,214,0,0,0.1363741521987224,-1.8457374010434315
42,1,1,50,38,0,0,0.2025757104191108,-1.3702732001733124
42,1,1,50,192,0,0,0.32863137205354576,-0.7143816842237195
42,1,1,50,68,0,1,0.666901458893261,0.6942039317656703
42,1,1,50,148,0,0,0.03561767570302295,-3.298645794802293
42,1,1,50,99,0,0,0.1423959964446513,-1.7955305749027723
42,1,1,50,18,0,0,0.37419932318193977,-0.5142433076271231
42,1,1,50,253,1,1,0.5276159269647168,0.11057623920524212
42,1,1,50,261,0,0,0.1818355447796146,-1.5039606834253902
42,1,1,50,141,1,0,0.09445824774363952,-2.2603754718268205
42,1,1,50,269,0,1,0.8388921031372223,1.6500077890813265
42,1,1,50,86,1,1,0.8086751402336207,1.4414244594877603
42,1,1,50,67,0,1,0.5790437330882855,0.3188490576076943
42,1,1,50,162,1,0,0.41552729245943953,-0.3411617881747433
42,1,1,50,246,0,1,0.6626560381139471,0.6751529911060239
42,1,2,100,62,0,0,0.14410766323105767,-1.781583911885495
42,1,2,100,1,1,1,0.68134460816661,0.7599579682269197
42,1,2,100,288,1,0,0.17922935131244516,-1.5215774364462327
42,1,2,100,79,1,0,0.30776913534129235,-0.8105695780957091
42,1,2,100,6,0,0,0.4382366151446331,-0.24832175611259177
42,1,2,100,157,0,0,0.17941050990080798,-1.520346440819977
42,1,2,100,241,1,0,0.2942371159888528,-0.8748933634915225
42,1,2,100,278,0,0,0.2972575786917927,-0.8603913941276004
42,1,2,100,174,0,0,0.09753721399578279,-2.2248934678227377
42,1,2,100,10,1,1,0.6083900757422118,0.4405499950118692
42,1,2,100,188,1,0,0.12531853622948963,-1.9430009929201595
42,1,2,100,171,1,0,0.2995195935731685,-0.8495865581851114
42,1,2,100,140,1,1,0.9088342458152364,2.2994834055104945
42,1,2,100,109,0,0,0.3274178092309777,-0.7198872613667393
42,1,2,100,146,1,1,0.732259318626593,1.0061158063832094
42,1,2,100,221,1,0,0.37605627784142986,-0.5063213681538453
42,1,2,100,281,0,1,0.860185931256617,1.816835105490974
42,1,2,100,228,0,1,0.627098867065493,0.519790885569781
42,1,2,100,128,1,0,0.15021057280472833,-1.7329504577199222
42,1,2,100,48,0,1,0.7768727203770887,1.247534158631911
42,1,2,100,56,1,0,0.11191779613611647,-2.071299671884499
42,1,2,100,267,1,0,0.25931852187897764,-1.0495135584926132
42,1,2,100,256,0,0,0.29761218288051494,-0.8586944583032877
42,1,2,100,17,0,0,0.12992229406011244,-1.9016459910925039
42,1,2,100,113,0,1,0.8904854057879923,2.095708892961123
42,1,2,100,242,1,0,0.4203597621510847,-0.3212967103413843
42,1,2,100,211,1,1,0.8314870410892307,1.596203059214159
42,1,2,100,82,0,1,0.5042534564177475,0.01701423610519537
42,1,2,100,41,1,1,0.9255759996542366,2.5206377709305663
42,1,2,100,95,0,0,0.29000678207434694,-0.8953511086020225
42,1,2,100,204,1,0,0.2524728222882594,-1.0854670543262341
42,1,2,100,295,1,0,0.46290132382496463,-0.14866792425996744
42,1,2,100,191,0,0,0.47940372367667444,-0.08243175053220864
42,1,2,100,244,1,0,0.3396446440852336,-0.6648782015883792
42,1,2,100,265,0,0,0.1361207539764204,-1.8478906088154887
42,1,2,100,102,1,0,0.25995341017115886,-1.0462107201351332
42,1,2,100,135,0,1,0.7467948805034361,1.0815906471532504
42,1,2,100,45,0,0,0.2931634161378277,-0.8800693111563985
42,1,2,100,309,0,1,0.6650876398860468,0.6860499352760906
42,1,2,100,120,1,1,0.678677910370789,0.7477026416592776
42,1,2,100,234,1,1,0.6437554152307335,0.5917013331318154
42,1,2,100,289,0,1,0.65213235162959,0.628425447963716
42,1,2,100,112,1,1,0.7862631904043652,1.3025461878042286
42,1,2,100,13,0,0,0.054016760986892585,-2.8629304640999447
42,1,2,100,97,1,0,0.4880648570611263,-0.047749642232172235
42,1,2,100,96,1,0,0.21919445821058092,-1.2703668597841244
42,1,2,100,255,1,0,0.06747856786515573,-2.626082100424754
42,1,2,100,193,1,1,0.8053553332849597,1.4201079135107184
42,1,2,100,98,1,0,0.33111245317956045,-0.7031578991681323
42,1,2,100,214,0,0,0.00026096081513924226,-8.250879300607536
42,1,2,100,38,0,1,0.7760485184580678,1.2427856138802738
42,1,2,100,192,0,1,0.5449921521355966,0.1804567279525293
42,1,2,100,68,0,1,0.6837571776422784,0.7710925074648444
42,1,2,100,148,0,0,0.39578120885262547,-0.423074813670695
42,1,2,100,99,0,1,0.6337263178930719,0.5482363667074742
42,1,2,100,18,0,1,0.8441842403314508,1.6896964834838761
42,1,2,100,253,1,0,0.20340691550369272,-1.365135506871825
42,1,2,100,261,0,0,0.18665617565252565,-1.471885636703596
42,1,2,100,141,1,1,0.50004725501105,0.00018902004476284429
42,1,2,100,269,0,1,0.6066493063158365,0.4332493107276036
42,1,2,100,86,1,1,0.7234833873623483,0.9618066832887171
42,1,2,100,67,0,0,0.4019249281726873,-0.3974509589033789
42,1,2,100,162,1,1,0.7111519180379366,0.9009851931566922
42,1,2,100,246,0,1,0.6701542213887888,0.7088826593921677
42,1,3,150,62,0,1,0.6704024455418933,0.7100058187647333
42,1,3,150,1,1,1,0.7518928161069125,1.1087329361047726
42,1,3,150,288,1,1,0.7712992861617592,1.2156622551289635
42,1,3,150,79,1,0,0.40185506953334504,-0.397741583160523
42,1,3,150,6,0,0,0.2924593076788746,-0.8834696055642883
42,1,3,150,157,0,1,0.8063783152386307,1.4266468294954626
42,1,3,150,241,1,1,0.5219213625623536,0.08774169767357332
42,1,3,150,278,0,0,0.4304209734929508,-0.2801338000837179
42,1,3,150,174,0,0,0.20371053247440862,-1.3632627446985814
42,1,3,150,10,1,1,0.6037530794149295,0.4211277516668408
42,1,3,150,188,1,0,0.36181588922663127,-0.5674913274432236
42,1,3,150,171,1,1,0.9698843300223159,3.4721311834308786
42,1,3,150,140,1,1,0.5020243774558942,0.008097554069929347
42,1,3,150,109,0,1,0.8016366465445705,1.396554978649237
42,1,3,150,146,1,0,0.42385835544124567,-0.30695420909361937
42,1,3,150,221,1,1,0.6435227037865169,0.5906867555426365
42,1,3,150,281,0,1,0.7996769942363339,1.3842767963216613
42,1,3,150,228,0,0,0.2384660725253979,-1.1611076781750658
42,1,3,150,128,1,0,0.3519115874241469,-0.610647154246953
42,1,3,150,48,0,1,0.7852275657558822,1.2963945462517112
42,1,3,150,56,1,0,0.3216407200348876,-0.7462419127264142
42,1,3,150,267,1,0,0.39831430324360423,-0.41249381028425
42,1,3,150,256,0,1,0.5296016741388966,0.11854532814686092
42,1,3,150,17,0,0,0.19005340500124232,-1.449663201773464
42,1,3,150,113,0,0,0.43396586154202704,-0.2656885207159313
42,1,3,150,242,1,1,0.5587781754661055,0.23620481808533655
42,1,3,150,211,1,1,0.8852302842594352,2.042920170447613
42,1,3,150,82,0,0,0.420893073305362,-0.3191083165218275
42,1,3,150,41,1,1,0.7255578335357904,0.9722002326466643
42,1,3,150,95,0,0,0.3094369168982561,-0.8027530785324317
42,1,3,150,204,1,1,0.5489520056805838,0.19643726494080738
42,1,3,150,295,1,0,0.29913281135222186,-0.8514307493443904
42,1,3,150,191,0,0,0.40861586760353236,-0.3696902607752414
42,1,3,150,244,1,0,0.3638914419804913,-0.5585136506462669
42,1,3,150,265,0,0,0.3473194925496496,-0.6308426565639764
42,1,3,150,102,1,1,0.5460289735642411,0.1846386618915459
42,1,3,150,135,0,1,0.8487202280546761,1.7245986840066727
42,1,3,150,45,0,0,0.1405167109204496,-1.8110049613904942
42,1,3,150,309,0,1,0.5064345729644084,0.025739712880531285
42,1,3,150,120,1,0,0.48199045823494263,-0.07206934482410532
42,1,3,150,234,1,1,0.5249262287675598,0.09978763625162435
42,1,3,150,289,0,1,0.5515039869387426,0.20674927596697046
42,1,3,150,112,1,1,0.9979189855000808,6.172816581010524
42,1,3,150,13,0,0,0.10125074095194361,-2.1834040606061853
42,1,3,150,97,1,0,0.47893367631375705,-0.084315209379137
42,1,3,150,96,1,0,0.4844839517194569,-0.062084127061314054
42,1,3,150,255,1,0,0.45917329592473394,-0.16367121250669348
42,1,3,150,193,1,1,0.7132234397022016,0.911091373991932
42,1,3,150,98,1,0,0.2829333295293023,-0.929957536404844
42,1,3,150,214,0,0,0.0005447652463212494,-7.514610683106587
42,1,3,150,38,0,1,0.5122896855085459,0.04916864530150114
42,1,3,150,192,0,1,0.6016288685796177,0.4122566960293479
42,1,3,150,68,0,1,0.7653597780693315,1.182292650897367
42,1,3,150,148,0,0,0.05084383324922245,-2.9268145025732046
42,1,3,150,99,0,1,0.7924298547561243,1.3396346585723213
42,1,3,150,18,0,0,0.4266729314250188,-0.29543860301044117
42,1,3,150,253,1,1,0.5529359540864008,0.21254031562110068
42,1,3,150,261,0,0,0.1604140019708769,-1.6551509251477794
42,1,3,150,141,1,1,0.5275029879417855,0.11012310645131185
42,1,3,150,269,0,1,0.8732990435810482,1.9304484082530418
42,1,3,150,86,1,1,0.7547898883284847,1.1243239752371619
42,1,3,150,67,0,1,0.5834436357665844,0.33692606951742005
42,1,3,150,162,1,1,0.8160212153153025,1.4896199034523314
42,1,3,150,246,0,0,0.34666911621782814,-0.6337129447811118
42,1,4,200,62,0,1,0.5748083702346872,0.30149675522587666
42,1,4,200,1,1,1,0.5710541387310873,0.28615330559519814
42,1,4,200,288,1,0,0.4498093761782207,-0.2014409224212771
42,1,4,200,79,1,0,0.31846056558745883,-0.7608554591696328
42,1,4,200,6,0,0,0.19751101313660085,-1.4019237858718367
42,1,4,200,157,0,0,0.44319391925701607,-0.22820961458419686
42,1,4,200,241,1,0,0.20120582191263162,-1.378774939437405
42,1,4,200,278,0,0,0.32413409543227634,-0.7348373853809864
42,1,4,200,174,0,0,0.08770763267215653,-2.3419515897098258
42,1,4,200,10,1,1,0.5528610768460802,0.21223741630360538
42,1,4,200,188,1,0,0.32489874490588133,-0.73134910751845
42,1,4,200,171,1,1,0.9031785867898388,2.233052123726562
42,1,4,200,140,1,1,0.5223311559152624,0.0893840874457644
42,1,4,200,109,0,0,0.3940254406148832,-0.4304225266734887
42,1,4,200,146,1,0,0.33044813977495124,-0.706158890727622
42,1,4,200,221,1,1,0.5811846597102707,0.3276384297013888
42,1,4,200,281,0,1,0.7057779251956525,0.8749657957857359
42,1,4,200,228,0,0,0.08873308796703173,-2.3292029902298452
42,1,4,200,128,1,1,0.6868547346598926,0.7854556316488299
42,1,4,200,48,0,1,0.6380481990951039,0.5669027713728472
42,1,4,200,56,1,0,0.25214903969851066,-1.0871833671253122
42,1,4,200,267,1,0,0.4758107491361023,-0.09683259556249524
42,1,4,200,256,0,0,0.38753975427433424,-0.45766560016783986
42,1,4,200,17,0,0,0.3919684196098354,-0.4390455477231042
42,1,4,200,113,0,1,0.5088590254573337,0.03543981067182932
42,1,4,200,242,1,1,0.7887257726158683,1.317261751703868
42,1,4,200,211,1,1,0.9449785921107364,2.8434399295353874
42,1,4,200,82,0,0,0.3421695879976554,-0.6536406800901359
42,1,4,200,41,1,1,0.6794836462331297,0.7513998650952091
42,1,4,200,95,0,0,0.4994464034935566,-0.002214386930628476
42,1,4,200,204,1,1,0.857258291304967,1.7927024991239247
42,1,4,200,295,1,0,0.3615546974174596,-0.5686226693311051
42,1,4,200,191,0,0,0.3728570748367534,-0.5199792966434096
42,1,4,200,244,1,0,0.25050528027448166,-1.0959192732123435
42,1,4,200,265,0,0,0.24035449151041066,-1.150737006727613
42,1,4,200,102,1,1,0.6093199005343504,0.4444543528526123
42,1,4,200,135,0,1,0.5811123199249649,0.32734124255823227
42,1,4,200,45,0,0,0.34706953747611513,-0.6319454783073852
42,1,4,200,309,0,1,0.505651919424947,0.022608640685649606
42,1,4,200,120,1,0,0.33210803342347084,-0.698666115912929
42,1,4,200,234,1,1,0.6419342926029885,0.5837694407072558
42,1,4,200,289,0,1,0.5507138295860633,0.2035552733849202
42,1,4,200,112,1,1,0.9987682699886241,6.6981030952831
42,1,4,200,13,0,0,0.14804397285334744,-1.7500255706586871
42,1,4,200,97,1,1,0.6160258394487719,0.4727136497183982
42,1,4,200,96,1,0,0.11634720337504646,-2.0274853683397662
42,1,4,200,255,1,1,0.845582808708653,1.7003681301084945
42,1,4,200,193,1,1,0.6832260665360957,0.7686374195191178
42,1,4,200,98,1,1,0.6620815422246643,0.6725841067251243
42,1,4,200,214,0,0,0.00259117203516426,-5.953050447467097
42,1,4,200,38,0,1,0.8005125436156888,1.3895008429534577
42,1,4,200,192,0,1,0.5158976550948496,0.06361206219110699
42,1,4,200,68,0,1,0.7329240051433932,1.0095087772029154
42,1,4,200,148,0,0,0.06636109144370296,-2.643978843435269
42,1,4,200,99,0,1,0.7196391005336458,0.9426721372019551
42,1,4,200,18,0,1,0.5010240962903998,0.004096390889852031
42,1,4,200,253,1,1,0.7439268275214846,1.0664794462587195
42,1,4,200,261,0,0,0.33963511120594164,-0.6649207050771077
42,1,4,200,141,1,1,0.7396685985550367,1.0442468057794996
42,1,4,200,269,0,1,0.8036881804391293,1.4095070474857418
42,1,4,200,86,1,1,0.7386188417600814,1.0388022937851034
42,1,4,200,67,0,1,0.6961508879377042,0.8290351935646887
42,1,4,200,162,1,0,0.4316712807486503,-0.2750356079958115
42,1,4,200,246,0,0,0.24357948794038325,-1.1331541259892683
42,1,5,250,62,0,0,0.27853168483337165,-0.9517566395314068
42,1,5,250,1,1,0,0.48351446480825855,-0.06596605141125511
42,1,5,250,288,1,0,0.1575549886142679,-1.6765338603201372
42,1,5,250,79,1,0,0.34024791742642724,-0.6621896111916616
42,1,5,250,6,0,0,0.19226588813231063,-1.4353536868432333
42,1,5,250,157,0,0,0.44503204348051,-0.22076408868355601
42,1,5,250,241,1,0,0.449024961951217,-0.20461102438686346
42,1,5,250,278,0,0,0.35760706693684263,-0.5857653565046327
42,1,5,250,174,0,0,0.08772829680491266,-2.3416933639786253
42,1,5,250,10,1,0,0.4976903679905221,-0.009238593748091772
42,1,5,250,188,1,0,0.24381660324780483,-1.1318676184091578
42,1,5,250,171,1,0,0.39290771088089194,-0.4351060689570829
42,1,5,250,140,1,0,0.47162995668982005,-0.11360218979479958
42,1,5,250,109,0,0,0.11990958831441086,-1.99328661464937
42,1,5,250,146,1,1,0.528931092705118,0.11585378053239814
42,1,5,250,221,1,1,0.5672254685708886,0.27053999673599916
42,1,5,250,281,0,1,0.9339810992936095,2.6495151263533705
42,1,5,250,228,0,0,0.03156418685194488,-3.423659055730596
42,1,5,250,128,1,1,0.7145791824232939,0.9177291692385525
42,1,5,250,48,0,0,0.25479229767048134,-1.0732142802782667
42,1,5,250,56,1,0,0.3740858565996452,-0.514727876406769
42,1,5,250,267,1,0,0.3146353081405138,-0.7785368772861975
42,1,5,250,256,0,1,0.5452777351859,0.18160844512919905
42,1,5,250,17,0,1,0.7380198594891003,1.035702032803793
42,1,5,250,113,0,1,0.512337865881006,0.0493614837511519
42,1,5,250,242,1,1,0.7973409578899118,1.3697574175046159
42,1,5,250,211,1,1,0.8053411138524407,1.4200172066392531
42,1,5,250,82,0,0,0.3886308677517689,-0.45307095416721155
42,1,5,250,41,1,1,0.7961898991013749,1.3626490417417851
42,1,5,250,95,0,0,0.41100431584550057,-0.35981514093129024
42,1,5,250,204,1,1,0.7464275519757443,1.0796489887791754
42,1,5,250,295,1,1,0.6534532810633473,0.6342533996424546
42,1,5,250,191,0,1,0.6542604706321228,0.6378198590429305
42,1,5,250,244,1,0,0.1891426617360006,-1.4555905758893248
42,1,5,250,265,0,0,0.3084641817708039,-0.8073092155022284
42,1,5,250,102,1,1,0.5399481515405429,0.16013392210917138
42,1,5,250,135,0,0,0.2743943192571707,-0.9724405345765617
42,1,5,250,45,0,1,0.6240652547479619,0.5068393593516844
42,1,5,250,309,0,1,0.5558646871173861,0.22439562139041774
42,1,5,250,120,1,1,0.5256495383193188,0.10268829458749179
42,1,5,250,234,1,1,0.7347247303952352,1.0187278725140259
42,1,5,250,289,0,0,0.42237013513860383,-0.31305126423877394
42,1,5,250,112,1,1,0.994553236967925,5.207272135097154
42,1,5,250,13,0,0,0.21157874153385123,-1.315435309380424
42,1,5,250,97,1,0,0.3320524590172591,-0.6989166734674288
42,1,5,250,96,1,0,0.14654856927757987,-1.7619317301897006
42,1,5,250,255,1,1,0.7438166014226553,1.0659009123021135
42,1,5,250,193,1,1,0.8236624381902634,1.5413606606643704
42,1,5,250,98,1,1,0.8608694307162381,1.8225300049295117
42,1,5,250,214,0,0,0.008647578013101126,-4.741790810449999
42,1,5,250,38,0,1,0.8535553703362583,1.7627630120716486
42,1,5,250,192,0,0,0.38647481988877164,-0.46215458983841634
42,1,5,250,68,0,1,0.6841821788867242,0.7730586936874317
42,1,5,250,148,0,0,0.15031440524729095,-1.7321372570709002
42,1,5,250,99,0,1,0.7847666554729361,1.293663656447294
42,1,5,250,18,0,0,0.4471140907748685,-0.21233786912599084
42,1,5,250,253,1,1,0.8319696441941213,1.5996513024103827
42,1,5,250,261,0,0,0.46915399402905206,-0.12354091156351488
42,1,5,250,141,1,1,0.6811887239292418,0.7592400787556259
42,1,5,250,269,0,0,0.40208981500047614,-0.39676506629855424
42,1,5,250,86,1,1,0.8562758456169293,1.7846967058667305
42,1,5,250,67,0,1,0.5993291253604099,0.40267057644923765
42,1,5,250,162,1,1,0.553924609334939,0.2165406181535564
42,1,5,250,246,0,0,0.2738241652034978,-0.9753060146338398
42,1,6,300,62,0,0,0.3414189823912906,-0.6569771367602547
42,1,6,300,1,1,1,0.5729265660414337,0.2938015765800513
42,1,6,300,288,1,1,0.6788494858828936,0.748489528145271
42,1,6,300,79,1,1,0.7501254718827719,1.0992815840382075
42,1,6,300,6,0,0,0.16679934388320192,-1.6084829404896945
42,1,6,300,157,0,0,0.4564803827979392,-0.17452007406662703
42,1,6,300,241,1,0,0.21541845103374693,-1.2925680965653963
42,1,6,300,278,0,0,0.4250607404366013,-0.30203232228873633
42,1,6,300,174,0,0,0.009576993451969757,-4.638768424397582
42,1,6,300,10,1,1,0.8216183061773735,1.5273503377183482
42,1,6,300,188,1,0,0.28865470936399434,-0.9019267562463474
42,1,6,300,171,1,0,0.35928731425924165,-0.578458741587603
42,1,6,300,140,1,0,0.3093591208357989,-0.8031171714824038
42,1,6,300,109,0,0,0.2270352462255855,-1.2251281757337384
42,1,6,300,146,1,0,0.47603667924858817,-0.09592677479742395
42,1,6,300,221,1,1,0.6946756427516856,0.8220703576336951
42,1,6,300,281,0,1,0.8291767489985308,1.5798039378121218
42,1,6,300,228,0,0,0.0701580252094825,-2.584264451418656
42,1,6,300,128,1,1,0.6183951693013904,0.4827420870768936
42,1,6,300,48,0,0,0.22593472988891158,-1.231410046584612
42,1,6,300,56,1,0,0.4235974455514664,-0.30802271246713075
42,1,6,300,267,1,0,0.26343711074410686,-1.028179951014062
42,1,6,300,256,0,1,0.5943754679118906,0.3820832866329399
42,1,6,300,17,0,1,0.8627400548301615,1.8382368966028642
42,1,6,300,113,0,1,0.567345030277065,0.2710270639704913
42,1,6,300,242,1,1,0.9769945007849151,3.748747739694124
42,1,6,300,211,1,1,0.7990842724580436,1.3805808584354091
42,1,6,300,82,0,0,0.11527577047599886,-2.0379487295126526
42,1,6,300,41,1,1,0.8217052624215144,1.527943759215486
42,1,6,300,95,0,0,0.3662228755467867,-0.5484552562674873
42,1,6,300,204,1,1,0.7552069915501257,1.1265788826907732
42,1,6,300,295,1,1,0.7032077420686833,0.8626199302621835
42,1,6,300,191,0,1,0.8783087921110704,1.976511477996442
42,1,6,300,244,1,0,0.3087539266474081,-0.8059512665701737
42,1,6,300,265,0,0,0.4046399364021826,-0.38616874567047577
42,1,6,300,102,1,1,0.5357335995259624,0.1431784952835204
42,1,6,300,135,0,0,0.21901933231775114,-1.2713903949015686
42,1,6,300,45,0,0,0.4905740650668238,-0.03770820723373469
42,1,6,300,309,0,0,0.29837999133258747,-0.8550241463700192
42,1,6,300,120,1,0,0.34515128250299726,-0.6404214223781319
42,1,6,300,234,1,1,0.9397773250776215,2.7475940177498677
42,1,6,300,289,0,0,0.09887430418958976,-2.209795366092298
42,1,6,300,112,1,1,0.9997377740431147,8.246041734678702
42,1,6,300,13,0,0,0.1747571681374621,-1.5522802850189703
42,1,6,300,97,1,1,0.565466945655689,0.2633798260583392
42,1,6,300,96,1,0,0.09566959001295483,-2.246294307136074
42,1,6,300,255,1,1,0.7424554687691722,1.0587702521859539
42,1,6,300,193,1,1,0.9395635662327428,2.743823345054651
42,1,6,300,98,1,1,0.6924468715117053,0.8115836673854007
42,1,6,300,214,0,0,0.008773711276848338,-4.7271829565517445
42,1,6,300,38,0,1,0.8960182865662413,2.153745770567432
42,1,6,300,192,0,1,0.6998626695347434,0.8466439912875847
42,1,6,300,68,0,1,0.6020622554541325,0.41406528202714665
42,1,6,300,148,0,0,0.18687434355354218,-1.4704492251977195
42,1,6,300,99,0,1,0.6387758967155833,0.5700551330522096
42,1,6,300,18,0,0,0.1852972859320023,-1.480861792384172
42,1,6,300,253,1,1,0.8451848618811545,1.6973236270474126
42,1,6,300,261,0,0,0.1624983947227355,-1.6397550573546789
42,1,6,300,141,1,1,0.795199499605567,1.356556689578953
42,1,6,300,269,0,0,0.3158922080294875,-0.7727144542430012
42,1,6,300,86,1,1,0.9306672838849588,2.596984949607424
42,1,6,300,67,0,0,0.42132959929305475,-0.3173176358038977
42,1,6,300,162,1,1,0.8066595189452865,1.4284488844701348
42,1,6,300,246,0,0,0.051458205517153945,-2.914155917337251
42,1,7,350,62,0,1,0.5113660195420338,0.045471911717847785
42,1,7,350,1,1,1,0.5675392811883705,0.27181846622288225
42,1,7,350,288,1,1,0.9655978963609994,3.334629776392565
42,1,7,350,79,1,1,0.8369977544887055,1.6360574108219001
42,1,7,350,6,0,1,0.9450219992013097,2.8442750870623006
42,1,7,350,157,0,0,0.3199938789947631,-0.7537999321384671
42,1,7,350,241,1,1,0.5605419146470596,0.24336167688968224
42,1,7,350,278,0,0,0.39451137884143633,-0.4283877867706749
42,1,7,350,174,0,0,0.011141647723775867,-4.485860964052764
42,1,7,350,10,1,0,0.43786027456277116,-0.2498505891317837
42,1,7,350,188,1,1,0.8201178206240033,1.5171459360739101
42,1,7,350,171,1,1,0.6642178151533965,0.6821474401872043
42,1,7,350,140,1,0,0.24466491120166112,-1.127271912014689
42,1,7,350,109,0,0,0.3908206132636539,-0.44386411873496395
42,1,7,350,146,1,1,0.7024234094570712,0.8588647305253221
42,1,7,350,221,1,1,0.8260960201476392,1.558207706951032
42,1,7,350,281,0,1,0.5952615517613685,0.3857598400843376
42,1,7,350,228,0,0,0.05633178989936452,-2.818515604370103
42,1,7,350,128,1,1,0.9202427800605828,2.4456502568772147
42,1,7,350,48,0,0,0.012085559993460082,-4.403584743837481
42,1,7,350,56,1,1,0.6060088354499414,0.430566081866788
42,1,7,350,267,1,0,0.34129460454594934,-0.6575303394277814
42,1,7,350,256,0,1,0.6007299467188645,0.4085074804367824
42,1,7,350,17,0,1,0.72990822629817,0.9941570049956316
42,1,7,350,113,0,0,0.27569218209977703,-0.9659315037952989
42,1,7,350,242,1,1,0.9808196411224233,3.9345018102842917
42,1,7,350,211,1,1,0.9298866145387117,2.5849489349587875
42,1,7,350,82,0,0,0.1976464362840798,-1.4010696040903063
42,1,7,350,41,1,1,0.6664054314265825,0.691971852122145
42,1,7,350,95,0,0,0.35581987550672123,-0.5935537482852944
42,1,7,350,204,1,1,0.7799096269301334,1.2651398013771034
42,1,7,350,295,1,1,0.5323352458871576,0.12952175045560033
42,1,7,350,191,0,0,0.480335508483208,-0.07869855897859745
42,1,7,350,244,1,0,0.3442466457078709,-0.6444263401401797
42,1,7,350,265,0,1,0.5226569955031153,0.09069008910462921
42,1,7,350,102,1,1,0.5847233278939206,0.34219381371545526
42,1,7,350,135,0,0,0.3612016179506072,-0.5701525826320454
42,1,7,350,45,0,1,0.5696837550319026,0.280560999339438
42,1,7,350,309,0,0,0.2608887013317852,-1.0413546320410645
42,1,7,350,120,1,0,0.4822431082541869,-0.07105745027176052
42,1,7,350,234,1,1,0.9655238633659903,3.3324034246931924
42,1,7,350,289,0,0,0.47259699187063925,-0.10972197793078298
42,1,7,350,112,1,1,0.99999811520654,13.181690428506846
42,1,7,350,13,0,0,0.09351477373537603,-2.2714553008274505
42,1,7,350,97,1,1,0.8196669377133649,1.5140925970815597
42,1,7,350,96,1,0,0.07694349827115973,-2.4846190841240365
42,1,7,350,255,1,1,0.9177598239397504,2.4122917841792186
42,1,7,350,193,1,1,0.8847795453161804,2.038491222119889
42,1,7,350,98,1,1,0.9904884553656937,4.64569192522797
42,1,7,350,214,0,0,0.039137107660297606,-3.2007606649755194
42,1,7,350,38,0,1,0.8361771669174026,1.630054954969491
42,1,7,350,192,0,1,0.7083592700668393,0.8874287407930777
42,1,7,350,68,0,1,0.5779725676405905,0.31445608920239054
42,1,7,350,148,0,0,0.2861405309715786,-0.914203063706435
42,1,7,350,99,0,0,0.42883349199361276,-0.28661206182886934
42,1,7,350,18,0,0,0.2874444374150271,-0.9078283112827865
42,1,7,350,253,1,1,0.6498182608373562,0.6182404506151433
42,1,7,350,261,0,0,0.195048396728443,-1.4175344393306146
42,1,7,350,141,1,1,0.8857864810376697,2.0484062595842687
42,1,7,350,269,0,0,0.4963075466599441,-0.014770081868691914
42,1,7,350,86,1,1,0.8916108090953058,2.107301355562176
42,1,7,350,67,0,0,0.41564635811876355,-0.3406715526778809
42,1,7,350,162,1,1,0.9039492773488138,2.2418968368063887
42,1,7,350,246,0,0,0.1668056900560326,-1.6084372778150247
42,1,8,400,62,0,1,0.5431579076023871,0.17306228322963063
42,1,8,400,1,1,1,0.6938634906710012,0.8182441304439536
42,1,8,400,288,1,1,0.9422308176315174,2.7917948174213483
42,1,8,400,79,1,1,0.9826772233746289,4.038258503973335
42,1,8,400,6,0,0,0.4686888939725447,-0.12540852747263864
42,1,8,400,157,0,0,0.2610005047485862,-1.0407748967088377
42,1,8,400,241,1,1,0.6156261840109897,0.47102437698884236
42,1,8,400,278,0,0,0.22352980621258384,-1.2452134902251146
42,1,8,400,174,0,0,0.012118906021493693,-4.400795625966724
42,1,8,400,10,1,0,0.39375302410632085,-0.4315635836422691
42,1,8,400,188,1,1,0.9460251486873331,2.8637509312820058
42,1,8,400,171,1,0,0.3674210289624327,-0.5432966598189723
42,1,8,400,140,1,0,0.19407238087942488,-1.4237627490977491
42,1,8,400,109,0,1,0.6312179700092441,0.5374454738490948
42,1,8,400,146,1,1,0.7714947336023277,1.2167705878392874
42,1,8,400,221,1,1,0.7306510798987783,0.9979283870755014
42,1,8,400,281,0,1,0.5961587231407185,0.38948502390179973
42,1,8,400,228,0,0,0.08235304570051592,-2.4107972945101186
42,1,8,400,128,1,1,0.9894505991381702,4.541080770759652
42,1,8,400,48,0,0,1.4689425816549226e-05,-11.128367965696961
42,1,8,400,56,1,1,0.5447589984605944,0.17951653976614756
42,1,8,400,267,1,0,0.38593384961769583,-0.46443667839174885
42,1,8,400,256,0,0,0.40562953954216246,-0.38206251689425796
42,1,8,400,17,0,0,0.17046078669348047,-1.5823651017344902
42,1,8,400,113,0,0,0.2134770448935288,-1.3040925996509671
42,1,8,400,242,1,1,0.9868301228147018,4.316565719570281
42,1,8,400,211,1,0,0.4887695071772038,-0.04492952789510413
42,1,8,400,82,0,0,0.1343268287278018,-1.863231586225373
42,1,8,400,41,1,1,0.8336789646984123,1.6119285255506983
42,1,8,400,95,0,1,0.5770822456857752,0.310807070637374
42,1,8,400,204,1,1,0.9378148623270111,2.7134365275780685
42,1,8,400,295,1,1,0.8752159331611146,1.9478858584431498
42,1,8,400,191,0,1,0.6465153739651978,0.6037569845479891
42,1,8,400,244,1,0,0.20780133304726117,-1.3382297087769168
42,1,8,400,265,0,1,0.526195607796707,0.10487845970390242
42,1,8,400,102,1,1,0.5338888797106207,0.1357636656205816
42,1,8,400,135,0,0,0.12440994312791614,-1.9513159040043448
42,1,8,400,45,0,1,0.7089680067641143,0.8903771975431792
42,1,8,400,309,0,1,0.5055184817687265,0.022074823449023395
42,1,8,400,120,1,0,0.3009366561566675,-0.8428415608508002
42,1,8,400,234,1,1,0.9919408038625288,4.812849615239042
42,1,8,400,289,0,0,0.23288905672983262,-1.1920692478353598
42,1,8,400,112,1,1,0.9999949042338327,12.187095430485881
42,1,8,400,13,0,0,0.07176335174935553,-2.559912784741035
42,1,8,400,97,1,1,0.6420200525369923,0.5841425655247023
42,1,8,400,96,1,0,0.14824510698357285,-1.7484317690239197
42,1,8,400,255,1,1,0.9698752313463077,3.4718197235103228
42,1,8,400,193,1,1,0.9664530486655635,3.360686728774314
42,1,8,400,98,1,1,0.9950293295772192,5.299217488755335
42,1,8,400,214,0,0,0.017306188498649146,-4.039233433680819
42,1,8,400,38,0,1,0.8390739687720588,1.6513540395532316
42,1,8,400,192,0,1,0.7727484809746561,1.223896197855407
42,1,8,400,68,0,0,0.2806275602696965,-0.941350838539864
42,1,8,400,148,0,0,0.4247767353744574,-0.3031945493786704
42,1,8,400,99,0,0,0.47228370455653973,-0.11097894607100811
42,1,8,400,18,0,0,0.3612597812370234,-0.5699005131607
42,1,8,400,253,1,1,0.8547252626101517,1.7721533967352066
42,1,8,400,261,0,0,0.1338058014536677,-1.867719625267055
42,1,8,400,141,1,1,0.9941651978766627,5.138063034755635
42,1,8,400,269,0,0,0.27911749196848684,-0.9488433557029518
42,1,8,400,86,1,1,0.9532102103825938,3.014170448304192
42,1,8,400,67,0,1,0.6575861106483749,0.652555514102082
42,1,8,400,162,1,1,0.773498738918032,1.2281735270553236
42,1,8,400,246,0,0,0.24774683422446386,-1.1106655288867548
42,1,9,450,62,0,1,0.5075942107435012,0.030379179156579394
42,1,9,450,1,1,1,0.9299945962025089,2.5866063394186534
42,1,9,450,288,1,1,0.8320402301637093,1.6001563077476628
42,1,9,450,79,1,1,0.9824579968864439,4.0254594085482545
42,1,9,450,6,0,0,0.3135586448674156,-0.7835343881315298
42,1,9,450,157,0,0,0.07408109250780097,-2.525626320004179
42,1,9,450,241,1,1,0.8828026802678942,2.0192427027752062
42,1,9,450,278,0,0,0.14563860961262576,-1.7692260015109564
42,1,9,450,174,0,0,0.014257140520119532,-4.236137658645417
42,1,9,450,10,1,0,0.3798473219059647,-0.49019631518829154
42,1,9,450,188,1,1,0.9086872499080222,2.2977105471030597
42,1,9,450,171,1,0,0.24811847815367324,-1.1086723942243415
42,1,9,450,140,1,0,0.43573898960406166,-0.25847351244550243
42,1,9,450,109,0,0,0.20346962856815423,-1.3647485113574427
42,1,9,450,146,1,1,0.8749219676121461,1.9451969008725496
42,1,9,450,221,1,1,0.8440403756808247,1.6886031766526899
42,1,9,450,281,0,0,0.34691526127074934,-0.6326263429086403
42,1,9,450,228,0,0,0.11464987724867919,-2.0441002470574254
42,1,9,450,128,1,1,0.9966061395969866,5.682387610925526
42,1,9,450,48,0,0,9.417046236083875e-06,-11.572979664505018
42,1,9,450,56,1,1,0.7420704811937009,1.0567578621089213
42,1,9,450,267,1,0,0.3242018923944961,-0.7345279276425244
42,1,9,450,256,0,0,0.3357235157347196,-0.6824105033923051
42,1,9,450,17,0,0,0.3914021084607249,-0.44142233109352436
42,1,9,450,113,0,0,0.30282983344366676,-0.8338584804103412
42,1,9,450,242,1,1,0.9944526694835409,5.188875680866424
42,1,9,450,211,1,1,0.7778475982024134,1.2531669748632304
42,1,9,450,82,0,0,0.37970924327859873,-0.49078251998700523
42,1,9,450,41,1,1,0.6938721550722767,0.8182849203616838
42,1,9,450,95,0,1,0.6307786241502068,0.5355585689213508
42,1,9,450,204,1,1,0.9743399115195889,3.6368234205285144
42,1,9,450,295,1,1,0.7942885590807786,1.350972405205203
42,1,9,450,191,0,1,0.5707969597149397,0.2851034648900117
42,1,9,450,244,1,0,0.2059495351570624,-1.3495158531515294
42,1,9,450,265,0,1,0.6759533636743098,0.7352366403047803
42,1,9,450,102,1,0,0.4683898626692628,-0.12660940710410218
42,1,9,450,135,0,0,0.07022580730357614,-2.583225884232345
42,1,9,450,45,0,0,0.49851723703592055,-0.005931069242979897
42,1,9,450,309,0,0,0.31131406541250545,-0.7939830799590203
42,1,9,450,120,1,1,0.6197342654192816,0.48842047214841455
42,1,9,450,234,1,1,0.9780090272760794,3.7948868619171163
42,1,9,450,289,0,0,0.18908275400105287,-1.455981238362363
42,1,9,450,112,1,1,0.9991985346040675,7.128266974238576
42,1,9,450,13,0,0,0.04473383207067287,-3.0612599265938147
42,1,9,450,97,1,1,0.6482386443921341,0.6113059282859388
42,1,9,450,96,1,0,0.47848281733336007,-0.08612192163476007
42,1,9,450,255,1,1,0.9653489165830003,3.32716061498336
42,1,9,450,193,1,1,0.9881513999878754,4.4236262066970795
42,1,9,450,98,1,1,0.9998480335884161,8.791699059998873
42,1,9,450,214,0,0,0.016563200370717776,-4.083869985706212
42,1,9,450,38,0,1,0.5290110118174014,0.11617453384329762
42,1,9,450,192,0,1,0.5816395683325779,0.32950761979526444
42,1,9,450,68,0,0,0.20228689297223446,-1.3720620657844786
42,1,9,450,148,0,0,0.3282612730821937,-0.7160596101214983
42,1,9,450,99,0,1,0.5663992165736692,0.2671749022917489
42,1,9,450,18,0,0,0.22137755544897147,-1.2576566220002612
42,1,9,450,253,1,1,0.8415668794759603,1.6699329352336103
42,1,9,450,261,0,0,0.4715784581815275,-0.11380885036722166
42,1,9,450,141,1,1,0.9919261181318444,4.811014235640373
42,1,9,450,269,0,0,0.14608805235525857,-1.7656185444290713
42,1,9,450,86,1,1,0.9715136558287383,3.5294305045967977
42,1,9,450,67,0,1,0.6266871994453158,0.5180308560971165
42,1,9,450,162,1,1,0.7634639723525118,1.1717654029510307
42,1,9,450,246,0,0,0.44969196645076975,-0.20191535307351194
42,1,10,500,62,0,0,0.3402825537495392,-0.6620353186856345
42,1,10,500,1,1,1,0.9525719322859362,2.9999514242915355
42,1,10,500,288,1,1,0.9021727675853243,2.221603051735868
42,1,10,500,79,1,1,0.9930918227280037,4.968117307992225
42,1,10,500,6,0,0,0.045274281131366376,-3.0486849680401447
42,1,10,500,157,0,0,0.11124618168317205,-2.078074678877624
42,1,10,500,241,1,1,0.9194820410257988,2.435330260224475
42,1,10,500,278,0,0,0.052011518837397686,-2.902877141354682
42,1,10,500,174,0,0,0.003431139415326239,-5.671425842636783
42,1,10,500,10,1,0,0.35820541106678727,-0.5831617017758197
42,1,10,500,188,1,1,0.9523222972487702,2.994439683983995
42,1,10,500,171,1,0,0.06190229796728369,-2.718296800664419
42,1,10,500,140,1,1,0.8985700696935424,2.1814364700953774
42,1,10,500,109,0,0,0.33063808039304493,-0.7053005353522026
42,1,10,500,146,1,1,0.9087763492347214,2.2987848314316164
42,1,10,500,221,1,1,0.8546381753423837,1.771452215944443
42,1,10,500,281,0,0,0.23254057458454064,-1.1940208880120398
42,1,10,500,228,0,0,0.06235597011207508,-2.710510958785662
42,1,10,500,128,1,1,0.9994165511713956,7.44597018831837
42,1,10,500,48,0,0,7.192670764850859e-07,-14.145032373457536
42,1,10,500,56,1,1,0.7637108465722774,1.17313296301763
42,1,10,500,267,1,0,0.1391531149830961,-1.8223417812046456
42,1,10,500,256,0,0,0.14643391338660963,-1.7628487458475264
42,1,10,500,17,0,0,0.4818713531571055,-0.07254638814135062
42,1,10,500,113,0,0,0.2918222057960839,-0.8865504513618788
42,1,10,500,242,1,1,0.9837781069172855,4.105038615778172
42,1,10,500,211,1,1,0.6479321929022092,0.6099622594469252
42,1,10,500,82,0,0,0.2905034053181216,-0.8929403984971314
42,1,10,500,41,1,1,0.6771257234349587,0.740593951559857
42,1,10,500,95,0,0,0.29970559874843544,-0.8487001645197124
42,1,10,500,204,1,1,0.9798152410641038,3.8824362128655645
42,1,10,500,295,1,1,0.9219869281685695,2.46965464553393
42,1,10,500,191,0,1,0.6884646255802123,0.7929510445601672
42,1,10,500,244,1,0,0.2282410470226032,-1.218269969922414
42,1,10,500,265,0,0,0.3761311145369032,-0.50600243536125
42,1,10,500,102,1,0,0.3399687888254566,-0.663433307736384
42,1,10,500,135,0,0,0.04620165646515356,-3.0274366174928398
42,1,10,500,45,0,0,0.21337403979746017,-1.3047061814734615
42,1,10,500,309,0,1,0.5841851132230141,0.33997772978183943
42,1,10,500,120,1,1,0.7380511921705364,1.0358640935733832
42,1,10,500,234,1,1,0.9555961723470907,3.0690097358253534
42,1,10,500,289,0,0,0.08606033023021509,-2.3627159978469856
42,1,10,500,112,1,1,0.9988856399052551,6.7983599634199745
42,1,10,500,13,0,0,0.2424499687091,-1.1392942086211328
42,1,10,500,97,1,1,0.8943889103253904,2.1363773216974655
42,1,10,500,96,1,1,0.5027186256836915,0.01087460990018807
42,1,10,500,255,1,1,0.9790343219484886,3.843679977915652
42,1,10,500,193,1,1,0.9960055945784708,5.518858137129627
42,1,10,500,98,1,1,0.9999678286523517,10.344402154263443
42,1,10,500,214,0,0,0.006896750983575391,-4.969784206731749
42,1,10,500,38,0,0,0.33194211994507805,-0.6994142003687226
42,1,10,500,192,0,1,0.7618185443697629,1.1626755947881888
42,1,10,500,68,0,0,0.08846584611161112,-2.3325125055135896
42,1,10,500,148,0,0,0.3135522962101566,-0.7835638840586271
42,1,10,500,99,0,1,0.6096366059038721,0.44578496660438266
42,1,10,500,18,0,0,0.10639065639973276,-2.1281509465735966
42,1,10,500,253,1,1,0.8827017659250476,2.0182676918473903
42,1,10,500,261,0,1,0.6926301671634496,0.8124444976430414
42,1,10,500,141,1,1,0.9972191087361724,5.882199039035651
42,1,10,500,269,0,0,0.06957749583386429,-2.5931976092009936
42,1,10,500,86,1,1,0.9768267221772332,3.741309482442667
42,1,10,500,67,0,0,0.49048813731185514,-0.03805204156726316
42,1,10,500,162,1,1,0.7741391331031622,1.231832439473793
42,1,10,500,246,0,0,0.11791766618996158,-2.012298763864964
42,2,1,50,238,0,0,0.35843164209935174,-0.5821777735383723
42,2,1,50,11,1,1,0.7454167399606273,1.074315510561041
42,2,1,50,161,1,1,0.5236212256241007,0.09455528879344655
42,2,1,50,200,1,0,0.1883160260215456,-1.4609895287731947
42,2,1,50,139,0,0,0.4894493809103061,-0.04220874175593886
42,2,1,50,220,1,1,0.6784591446300519,0.7466996502500102
42,2,1,50,302,1,1,0.7890354651034045,1.3191212309795786
42,2,1,50,208,0,0,0.3278912667191268,-0.7177380833920687
42,2,1,50,165,1,0,0.29154216158822693,-0.8879059171218112
42,2,1,50,235,0,1,0.8554732147517492,1.7781899279616864
42,2,1,50,190,0,1,0.5447347331349844,0.17941869481091766
42,2,1,50,78,1,1,0.5603795605882734,0.24270262397458725
42,2,1,50,183,0,0,0.38742122694766734,-0.45816500038267527
42,2,1,50,7,1,1,0.8322218614707072,1.6014565630501285
42,2,1,50,216,1,1,0.616487920106531,0.4746676087186828
42,2,1,50,301,1,1,0.593038952834171,0.3765426109346145
42,2,1,50,110,1,0,0.2655646732603396,-1.017243539555305
42,2,1,50,4,0,1,0.7185630608483685,0.9373450637672355
42,2,1,50,5,1,1,0.9309376745094082,2.6011829654873226
42,2,1,50,205,1,0,0.22609195348139713,-1.2305112732514827
42,2,1,50,254,0,1,0.6848961473134264,0.7763649414489199
42,2,1,50,182,0,1,0.7929942051653015,1.3430691268802333
42,2,1,50,223,1,0,0.4879804077258091,-0.04808763352356549
42,2,1,50,274,1,0,0.11193628986899509,-2.0711136170730176
42,2,1,50,83,1,0,0.38099338107785724,-0.48533396307822485
42,2,1,50,36,1,1,0.8844634836288718,2.035394588935082
42,2,1,50,50,1,0,0.38433366309683864,-0.4711940662958777
42,2,1,50,8,0,0,0.3370023155883658,-0.6766816960771102
42,2,1,50,23,0,0,0.3826910815650179,-0.47814148860920586
42,2,1,50,310,0,0,0.3233284220604565,-0.7385174481699038
42,2,1,50,0,0,0,0.4433117863731315,-0.22773199390702764
42,2,1,50,226,1,0,0.47924288240493995,-0.08307621773015239
42,2,1,50,206,1,0,0.49134785696813854,-0.03461202712572353
42,2,1,50,22,1,1,0.6527967719858865,0.6313555787444619
42,2,1,50,58,1,1,0.6014371825809007,0.4114569748640714
42,2,1,50,287,1,0,0.4332770980646579,-0.2684930024985496
42,2,1,50,197,1,0,0.3557163255924459,-0.5940055423441547
42,2,1,50,294,0,0,0.2886109484596368,-0.9021398873059786
42,2,1,50,25,0,1,0.6490880587798379,0.6150330790144263
42,2,1,50,9,0,0,0.0700578492043749,-2.585801062806985
42,2,1,50,126,0,0,0.48041301634755007,-0.07838804912480865
42,2,1,50,104,1,1,0.540218539569916,0.16122247002297396
42,2,1,50,116,1,0,0.35501448838760097,-0.597069252924995
42,2,1,50,314,0,1,0.8079339423119508,1.436640937300007
42,2,1,50,52,0,1,0.5924629682139932,0.37415656605090314
42,2,1,50,172,0,1,0.6694933947789355,0.7058946545487254
42,2,1,50,189,0,1,0.5935740526110503,0.37876023784139734
42,2,1,50,308,0,1,0.6473835879386374,0.6075581757273426
42,2,1,50,167,0,1,0.7670328092964183,1.191631945368802
42,2,1,50,306,0,0,0.4984642883044392,-0.006142866098824612
42,2,1,50,103,0,0,0.28393342144356354,-0.9250333703072157
42,2,1,50,202,0,0,0.1246531906726995,-1.94908475465191
42,2,1,50,122,1,1,0.6184639047849751,0.48303337066820706
42,2,1,50,290,0,0,0.4524116585935711,-0.19093128838873696
42,2,1,50,201,0,0,0.4555300140199606,-0.17835121168775264
42,2,1,50,224,1,0,0.45727842008933156,-0.17130400453898684
42,2,1,50,163,1,1,0.7111697669247306,0.9010720866445302
42,2,1,50,307,0,1,0.9728218599707857,3.5777880073612893
42,2,1,50,260,0,1,0.8486601140386658,1.724130561593988
42,2,1,50,54,0,0,0.19470641086568047,-1.4197140792011962
42,2,1,50,160,0,0,0.4705073324003898,-0.11810777398703809
42,2,1,50,298,1,0,0.4564965573164807,-0.174454882294319
42,2,1,50,248,1,1,0.5288769112122965,0.11563632788518241
42,2,1,50,137,1,1,0.5002980198675687,0.0011920796114420762
42,2,2,100,238,0,0,0.24233097072008428,-1.1399422140726747
42,2,2,100,11,1,1,0.5772650534234254,0.31155614690759414
42,2,2,100,161,1,1,0.5366339118874077,0.14679870497146613
42,2,2,100,200,1,1,0.8375606906634301,1.6401892765347845
42,2,2,100,139,0,0,0.4271392538380916,-0.2935325798204313
42,2,2,100,220,1,0,0.3280916427599195,-0.7168289900509448
42,2,2,100,302,1,0,0.1169878443276908,-2.0212689320772976
42,2,2,100,208,0,0,0.4653946610391892,-0.13864301145331767
42,2,2,100,165,1,1,0.6598729953488718,0.6627282942616979
42,2,2,100,235,0,1,0.8089456437060486,1.4431737498298371
42,2,2,100,190,0,1,0.9365871098142614,2.692575377901137
42,2,2,100,78,1,0,0.40211581735707597,-0.3966569106794869
42,2,2,100,183,0,1,0.6435836722573205,0.5909525378835768
42,2,2,100,7,1,0,0.4601718248987592,-0.1596509425409321
42,2,2,100,216,1,1,0.6530628566086133,0.6325297622758657
42,2,2,100,301,1,1,0.7592623088325693,1.1486393932844914
42,2,2,100,110,1,0,0.377474422534232,-0.5002819042757768
42,2,2,100,4,0,1,0.7522043859553297,1.110403807395088
42,2,2,100,5,1,1,0.7883545786465088,1.3150356279233828
42,2,2,100,205,1,1,0.6398383811296452,0.5746627429651489
42,2,2,100,254,0,0,0.3582918520908849,-0.582785718470505
42,2,2,100,182,0,0,0.25004641368385755,-1.0983647643376269
42,2,2,100,223,1,0,0.488896005747647,-0.04442328107987459
42,2,2,100,274,1,0,0.2196282794549603,-1.2678338925024106
42,2,2,100,83,1,0,0.3478481844627985,-0.6285112476928001
42,2,2,100,36,1,1,0.7758547005595464,1.2416707613208136
42,2,2,100,50,1,1,0.5886118552588955,0.3582298171118573
42,2,2,100,8,0,1,0.8990148875671051,2.186326490153826
42,2,2,100,23,0,0,0.25899790449845117,-1.0511834823021644
42,2,2,100,310,0,0,0.2645356388942453,-1.022526100696196
42,2,2,100,0,0,1,0.5230832449905114,0.09239866178237421
42,2,2,100,226,1,0,0.3213722726555465,-0.7474725320807176
42,2,2,100,206,1,0,0.1520902877537308,-1.7182998158368425
42,2,2,100,22,1,1,0.821781312724868,1.5284629403443197
42,2,2,100,58,1,0,0.3776155544505195,-0.4996813551148186
42,2,2,100,287,1,1,0.894275901477844,2.135181485497008
42,2,2,100,197,1,1,0.5954868326567149,0.38669498902789334
42,2,2,100,294,0,0,0.44683306365519937,-0.2134747645328603
42,2,2,100,25,0,1,0.788839953084796,1.3179470903343518
42,2,2,100,9,0,0,0.014770186119017571,-4.200264229927395
42,2,2,100,126,0,1,0.5455212073168108,0.1825904295926974
42,2,2,100,104,1,1,0.8407602068913209,1.6638952918791832
42,2,2,100,116,1,0,0.4482245325339226,-0.20784690613656975
42,2,2,100,314,0,0,0.4315819075398341,-0.2753999132271996
42,2,2,100,52,0,0,0.4181612169328826,-0.33032635970997615
42,2,2,100,172,0,1,0.5343966162461132,0.1378041264241382
42,2,2,100,189,0,0,0.35822592552884047,-0.583072468580442
42,2,2,100,308,0,0,0.36582569530277353,-0.550166867576005
42,2,2,100,167,0,1,0.7901441267055858,1.3257943902408984
42,2,2,100,306,0,0,0.1940680237528498,-1.4237906067238175
42,2,2,100,103,0,0,0.06869618222061553,-2.606891932996161
42,2,2,100,202,0,0,0.2926279672298305,-0.882654674946549
42,2,2,100,122,1,1,0.6308187971654012,0.5357310654752937
42,2,2,100,290,0,1,0.6532504384569853,0.6333577808754018
42,2,2,100,201,0,0,0.29678090664131135,-0.8626743196045842
42,2,2,100,224,1,1,0.5076316129115183,0.03052882251989608
42,2,2,100,163,1,0,0.333605326219724,-0.6919234620504949
42,2,2,100,307,0,1,0.9666642106885894,3.3672196126881437
42,2,2,100,260,0,0,0.41397837624874195,-0.3475429483176373
42,2,2,100,54,0,1,0.5433234881664674,0.1737295963482782
42,2,2,100,160,0,0,0.4477235926071432,-0.2098725977637932
42,2,2,100,298,1,0,0.42001080341072283,-0.3227290434436948
42,2,2,100,248,1,0,0.4715284538083935,-0.11400951738363414
42,2,2,100,137,1,1,0.8024873714803787,1.401913594238821
42,2,3,150,238,0,0,0.23412572388394015,-1.1851597732439902
42,2,3,150,11,1,1,0.5480519468281945,0.19280282932089132
42,2,3,150,161,1,1,0.7174206553227039,0.9317029793374064
42,2,3,150,200,1,1,0.8666490910247099,1.8716500884815472
42,2,3,150,139,0,0,0.4941978567177728,-0.023209614964445846
42,2,3,150,220,1,0,0.2668370898523942,-1.010729606599872
42,2,3,150,302,1,0,0.40249250069160647,-0.3950903700077081
42,2,3,150,208,0,0,0.2324744285464504,-1.1943915625289172
42,2,3,150,165,1,1,0.7068555724963214,0.8801609486423461
42,2,3,150,235,0,1,0.86024632439625,1.8173373589842767
42,2,3,150,190,0,1,0.9564979465301141,3.090470498835051
42,2,3,150,78,1,0,0.3324098304676362,-0.697305829838248
42,2,3,150,183,0,0,0.43821664732666166,-0.2484028654204462
42,2,3,150,7,1,0,0.21359734631053198,-1.3033762599361896
42,2,3,150,216,1,1,0.6999454926434296,0.847038315018394
42,2,3,150,301,1,1,0.7069901089404609,0.8808103092858165
42,2,3,150,110,1,0,0.4743618635228993,-0.10264256693543115
42,2,3,150,4,0,1,0.510648329762079,0.042599760168614165
42,2,3,150,5,1,1,0.7444944070185356,1.0694610399537146
42,2,3,150,205,1,0,0.41804625737004103,-0.3307988745887939
42,2,3,150,254,0,0,0.47729029799386347,-0.09090134992066515
42,2,3,150,182,0,0,0.22691717582598064,-1.2258011025569417
42,2,3,150,223,1,1,0.8156535114490046,1.487172569697064
42,2,3,150,274,1,0,0.36175276328861494,-0.5677647224836398
42,2,3,150,83,1,0,0.2626847304377071,-1.0320610053615948
42,2,3,150,36,1,1,0.8709856268159807,1.9097016565968326
42,2,3,150,50,1,0,0.3382143795116934,-0.6712617140342039
42,2,3,150,8,0,1,0.8150646674468969,1.4832612464505455
42,2,3,150,23,0,1,0.5779188942455121,0.314236048151689
42,2,3,150,310,0,0,0.2876928099715295,-0.9066159861989638
42,2,3,150,0,0,1,0.6176169031217611,0.4794453899043367
42,2,3,150,226,1,0,0.1402038933649388,-1.8135975315373893
42,2,3,150,206,1,0,0.2943054840139069,-0.8745641577894135
42,2,3,150,22,1,1,0.5580300506697531,0.23317092335229694
42,2,3,150,58,1,1,0.5033406737058143,0.013362893667277942
42,2,3,150,287,1,1,0.6781764894401793,0.7454042715456345
42,2,3,150,197,1,1,0.5917916241315079,0.3713768174616305
42,2,3,150,294,0,0,0.4512196352810507,-0.19574408005116162
42,2,3,150,25,0,1,0.6697473669343378,0.7070426606838992
42,2,3,150,9,0,0,0.02040417470968733,-3.8714005408761842
42,2,3,150,126,0,0,0.4179816108768072,-0.3310646052245395
42,2,3,150,104,1,1,0.7805613285663394,1.2689405206043838
42,2,3,150,116,1,0,0.18678535783884156,-1.4710349486388274
42,2,3,150,314,0,0,0.3815548019178044,-0.4829540944035496
42,2,3,150,52,0,0,0.2946239837483431,-0.8730311050688698
42,2,3,150,172,0,0,0.2623348257407677,-1.0338683795279877
42,2,3,150,189,0,0,0.20691910841694144,-1.3435972871766615
42,2,3,150,308,0,0,0.3180958380965723,-0.7625364078633728
42,2,3,150,167,0,1,0.6758777677403162,0.7348915380330151
42,2,3,150,306,0,0,0.256634347833578,-1.0635357523718674
42,2,3,150,103,0,0,0.057166782859926484,-2.802916392405729
42,2,3,150,202,0,0,0.3955610423364046,-0.42399556758894774
42,2,3,150,122,1,1,0.8210483556029047,1.5234663798255212
42,2,3,150,290,0,0,0.4596450221792291,-0.16177178926075853
42,2,3,150,201,0,0,0.16995774248301396,-1.5859267796443182
42,2,3,150,224,1,0,0.20418022270784447,-1.3603697012897058
42,2,3,150,163,1,0,0.3392394513122922,-0.6666853139859569
42,2,3,150,307,0,1,0.9506145411425614,2.957452635117298
42,2,3,150,260,0,0,0.45478777822520594,-0.18134422795997948
42,2,3,150,54,0,1,0.629292765781766,0.5291839698206373
42,2,3,150,160,0,0,0.4036255491209897,-0.39038115352054514
42,2,3,150,298,1,1,0.5982988465490624,0.3983819597286633
42,2,3,150,248,1,1,0.6591342147460074,0.6594383698482554
42,2,3,150,137,1,1,0.6419596045356106,0.5838795638983886
42,2,4,200,238,0,0,0.28091667047480146,-0.9399191684223273
42,2,4,200,11,1,1,0.56256799582506,0.2515907335496008
42,2,4,200,161,1,1,0.7949333803248173,1.3549234124384237
42,2,4,200,200,1,1,0.7233490759411451,0.9611354120919763
42,2,4,200,139,0,1,0.6326270380689473,0.5435034740648731
42,2,4,200,220,1,0,0.03615890535225133,-3.283003178718408
42,2,4,200,302,1,1,0.5750454684641727,0.302466934681335
42,2,4,200,208,0,0,0.1313703303411216,-1.8888965934765238
42,2,4,200,165,1,1,0.8087817341241914,1.4421135546520198
42,2,4,200,235,0,1,0.842287415406411,1.6753470128276824
42,2,4,200,190,0,1,0.9061424645135365,2.2674184865953566
42,2,4,200,78,1,0,0.2835187051876168,-0.9270740401053972
42,2,4,200,183,0,0,0.3935738993994648,-0.4323140248113451
42,2,4,200,7,1,0,0.2993045979236269,-0.8506114964565233
42,2,4,200,216,1,1,0.7957333240845864,1.3598377346823307
42,2,4,200,301,1,1,0.7276113952462951,0.9825373673060759
42,2,4,200,110,1,1,0.5392305269971297,0.15724531398270325
42,2,4,200,4,0,1,0.6217451046323154,0.49696191438860826
42,2,4,200,5,1,1,0.7093767872252537,0.8923591933726335
42,2,4,200,205,1,0,0.23937565927624993,-1.1561054828976833
42,2,4,200,254,0,0,0.42326243786055995,-0.30939492425419374
42,2,4,200,182,0,0,0.11571365414339288,-2.0336622902627313
42,2,4,200,223,1,1,0.7579257337963142,1.1413408401040743
42,2,4,200,274,1,0,0.395455958279387,-0.42443509990680495
42,2,4,200,83,1,0,0.36092218982605334,-0.5713638211720514
42,2,4,200,36,1,1,0.8563572741483736,1.785358519260599
42,2,4,200,50,1,1,0.5917246753407964,0.3710996891051833
42,2,4,200,8,0,1,0.8904057321027362,2.094892164673385
42,2,4,200,23,0,1,0.6844450671567295,0.7742756085647591
42,2,4,200,310,0,0,0.16914559957618633,-1.5916946894569644
42,2,4,200,0,0,1,0.6778147723732609,0.7437474322921757
42,2,4,200,226,1,0,0.28536573758140643,-0.9179992434141411
42,2,4,200,206,1,1,0.593790753838765,0.37965857956733284
42,2,4,200,22,1,1,0.6462260599469201,0.6024912588376053
42,2,4,200,58,1,0,0.44714001876963494,-0.21223298430454798
42,2,4,200,287,1,1,0.5813289257645773,0.32823114800808606
42,2,4,200,197,1,1,0.5489296983289809,0.19634717237298568
42,2,4,200,294,0,0,0.47068443688570805,-0.11739689753742927
42,2,4,200,25,0,1,0.7477040930032912,1.0864046693642426
42,2,4,200,9,0,0,0.048413659420879086,-2.978348430817623
42,2,4,200,126,0,0,0.3978009124250169,-0.41463644079867285
42,2,4,200,104,1,1,0.6659466856262726,0.6899090116122838
42,2,4,200,116,1,0,0.3791186030668432,-0.49329098348817435
42,2,4,200,314,0,0,0.2789463696508297,-0.9496939779342628
42,2,4,200,52,0,0,0.4215845240153103,-0.3162721382201473
42,2,4,200,172,0,0,0.45413528961739547,-0.18397601345783438
42,2,4,200,189,0,0,0.16346923178477693,-1.632638514011035
42,2,4,200,308,0,0,0.25008811558664773,-1.0981423940707256
42,2,4,200,167,0,1,0.8874035148517663,2.06448929994104
42,2,4,200,306,0,0,0.21129578332575216,-1.317132398191784
42,2,4,200,103,0,0,0.05640574811052266,-2.8171251856695325
42,2,4,200,202,0,1,0.5140490509183953,0.056210999713045884
42,2,4,200,122,1,1,0.7360856918565113,1.0257220810145093
42,2,4,200,290,0,1,0.5892395817787833,0.3608227406886991
42,2,4,200,201,0,0,0.20846812175937288,-1.3341840179313658
42,2,4,200,224,1,0,0.3730853607891273,-0.5190031469929389
42,2,4,200,163,1,0,0.487232243601328,-0.051082130438384665
42,2,4,200,307,0,1,0.9400995688974569,2.753302091880505
42,2,4,200,260,0,0,0.3627941806171392,-0.5632570328186344
42,2,4,200,54,0,0,0.47926704128186953,-0.08297941558464278
42,2,4,200,160,0,0,0.3785520100747629,-0.4956987482275275
42,2,4,200,298,1,1,0.8310713673254759,1.5932393385599273
42,2,4,200,248,1,1,0.6438044506235574,0.5919151558484202
42,2,4,200,137,1,1,0.653867593377358,0.6360834943952921
42,2,5,250,238,0,0,0.204868533235095,-1.35613899585804
42,2,5,250,11,1,1,0.6444623592392055,0.5947852928094202
42,2,5,250,161,1,0,0.48467792490748557,-0.0613074957309071
42,2,5,250,200,1,1,0.8763350828547476,1.9581729057048491
42,2,5,250,139,0,0,0.47383021341864623,-0.10477489084271566
42,2,5,250,220,1,0,0.024915387433410333,-3.667038667532494
42,2,5,250,302,1,1,0.7852931327544879,1.2967833759203993
42,2,5,250,208,0,0,0.16765969160132707,-1.6023051019321404
42,2,5,250,165,1,1,0.738217786153287,1.036725971029187
42,2,5,250,235,0,1,0.6834754635123544,0.7697899941933332
42,2,5,250,190,0,1,0.9097699409684564,2.310829135185645
42,2,5,250,78,1,0,0.32903332730532864,-0.7125604231875503
42,2,5,250,183,0,0,0.27749763054164184,-0.9569083049469916
42,2,5,250,7,1,0,0.10128008927282632,-2.1830815896095794
42,2,5,250,216,1,1,0.9678220432882472,3.4037665868444487
42,2,5,250,301,1,1,0.7031028941852479,0.8621176118090085
42,2,5,250,110,1,1,0.6352177933419789,0.5546674403267328
42,2,5,250,4,0,1,0.6810445730993812,0.7585763909918254
42,2,5,250,5,1,1,0.6461591159556909,0.6021984509958312
42,2,5,250,205,1,0,0.15895351740429878,-1.6660351129602855
42,2,5,250,254,0,0,0.2440392776711605,-1.1306602338379634
42,2,5,250,182,0,0,0.04147057174174728,-3.1404162033833414
42,2,5,250,223,1,1,0.6524300870909735,0.6297381542389282
42,2,5,250,274,1,0,0.33066153351105837,-0.7051945663310902
42,2,5,250,83,1,0,0.3149784098321877,-0.7769462599973164
42,2,5,250,36,1,1,0.9780942889781993,3.7988586953086734
42,2,5,250,50,1,1,0.7929988342662506,1.3430973267903
42,2,5,250,8,0,1,0.9945601188106428,5.208543327321998
42,2,5,250,23,0,1,0.5889892565848782,0.3597885895408902
42,2,5,250,310,0,0,0.35924194450545366,-0.5786558355233709
42,2,5,250,0,0,1,0.7879362210537266,1.3125300753194646
42,2,5,250,226,1,1,0.7736196800325749,1.2288639667494174
42,2,5,250,206,1,1,0.8711240044672647,1.9109336698447255
42,2,5,250,22,1,1,0.6304704244303048,0.5342354668624429
42,2,5,250,58,1,0,0.37726093435948915,-0.5011905141899198
42,2,5,250,287,1,1,0.7194511602115443,0.94174081714587
42,2,5,250,197,1,1,0.5944277690032236,0.38230022409494047
42,2,5,250,294,0,0,0.4044845215214404,-0.3868139108056767
42,2,5,250,25,0,1,0.8415157422112208,1.6695494523374217
42,2,5,250,9,0,0,0.05774750658439858,-2.7921931059373963
42,2,5,250,126,0,0,0.23038617550171464,-1.2061319375567452
42,2,5,250,104,1,1,0.5659484823925293,0.265339822332364
42,2,5,250,116,1,0,0.2542908079822388,-1.0758571757495003
42,2,5,250,314,0,0,0.2087538528783641,-1.3324532836270069
42,2,5,250,52,0,1,0.7021774508622837,0.8576883146397837
42,2,5,250,172,0,1,0.5118138835184066,0.04726433082439596
42,2,5,250,189,0,0,0.12013408993237353,-1.9911609858983912
42,2,5,250,308,0,0,0.15805038173664038,-1.6728063227112964
42,2,5,250,167,0,1,0.9518028287272712,2.9830575686125322
42,2,5,250,306,0,0,0.17645287259914264,-1.5405669462038025
42,2,5,250,103,0,0,0.026344416795071036,-3.609801264233756
42,2,5,250,202,0,1,0.5094806011876584,0.03792695044319616
42,2,5,250,122,1,1,0.5077439862737491,0.0309784222601609
42,2,5,250,290,0,0,0.3409304099393349,-0.6591507483794984
42,2,5,250,201,0,0,0.3069922220563687,-0.8142188107658249
42,2,5,250,224,1,1,0.635633256561145,0.5564608590598246
42,2,5,250,163,1,1,0.7689578576743162,1.2024360383471628
42,2,5,250,307,0,1,0.9565844901751398,3.0925523711228213
42,2,5,250,260,0,0,0.1637932941106591,-1.6302706072849467
42,2,5,250,54,0,0,0.3193545156814036,-0.7567397694358539
42,2,5,250,160,0,0,0.41697261736279767,-0.3352135999043663
42,2,5,250,298,1,1,0.9875038203216007,4.369757393580753
42,2,5,250,248,1,1,0.6564185823608987,0.6473745610516528
42,2,5,250,137,1,1,0.822475573168096,1.533210568521001
42,2,6,300,238,0,0,0.08560587708591891,-2.368507746863973
42,2,6,300,11,1,1,0.7345913833896538,1.0180438157781244
42,2,6,300,161,1,1,0.6294470619514297,0.5298454373057238
42,2,6,300,200,1,1,0.8975247679151533,2.1700195853618687
42,2,6,300,139,0,0,0.47350894968077856,-0.10606351941705361
42,2,6,300,220,1,0,0.03182633667341136,-3.4151173311514698
42,2,6,300,302,1,1,0.8315568969305153,1.596701697621091
42,2,6,300,208,0,0,0.1415767709064084,-1.8022551313389228
42,2,6,300,165,1,1,0.7937648336148918,1.3477701359797118
42,2,6,300,235,0,1,0.5366279643051297,0.14677478626341234
42,2,6,300,190,0,1,0.8597701852643583,1.8133825165081177
42,2,6,300,78,1,1,0.5760597953805652,0.3066190482866685
42,2,6,300,183,0,0,0.4165427223919419,-0.33698220046213706
42,2,6,300,7,1,0,0.09645535909116364,-2.237245216455001
42,2,6,300,216,1,1,0.9308864373683887,2.6003863037054398
42,2,6,300,301,1,1,0.787049942464353,1.307234039144898
42,2,6,300,110,1,1,0.5701021905551553,0.2822680984453285
42,2,6,300,4,0,0,0.4980213995100863,-0.007914443271743121
42,2,6,300,5,1,1,0.6820237350232901,0.763087717768248
42,2,6,300,205,1,0,0.19391482883619734,-1.4247703722975198
42,2,6,300,254,0,0,0.011921707362964483,-4.417401051639959
42,2,6,300,182,0,0,0.0413316535693184,-3.1439165456999207
42,2,6,300,223,1,1,0.5696972011520521,0.280615849394861
42,2,6,300,274,1,1,0.588665659594617,0.35845201762088097
42,2,6,300,83,1,0,0.2919450203943368,-0.8859562472695772
42,2,6,300,36,1,1,0.9707926330389186,3.5036919146356276
42,2,6,300,50,1,1,0.8826107676927157,2.0173891115383458
42,2,6,300,8,0,1,0.9920013837340292,4.820455942211377
42,2,6,300,23,0,0,0.27862935848912174,-0.9512706366603207
42,2,6,300,310,0,0,0.28105143810941013,-0.9392521076288857
42,2,6,300,0,0,1,0.786109063357792,1.3016292970044856
42,2,6,300,226,1,1,0.7390720934618861,1.0411513226123885
42,2,6,300,206,1,1,0.6864583108292562,0.7836131651969589
42,2,6,300,22,1,1,0.7021116339918274,0.8573736085529569
42,2,6,300,58,1,0,0.4687651715644814,-0.1251022188267289
42,2,6,300,287,1,1,0.677258309674345,0.7412004676977577
42,2,6,300,197,1,0,0.4819062163091667,-0.07240675232185088
42,2,6,300,294,0,0,0.44358158529612907,-0.22663881300428523
42,2,6,300,25,0,1,0.8176430019099994,1.5004595195975776
42,2,6,300,9,0,0,0.017728315109461528,-4.014704849864573
42,2,6,300,126,0,0,0.4696163133556023,-0.12168467495232144
42,2,6,300,104,1,1,0.5882123055343234,0.35658003472517674
42,2,6,300,116,1,0,0.348744371609597,-0.624563041220808
42,2,6,300,314,0,0,0.10571212168362201,-2.1353081685054534
42,2,6,300,52,0,1,0.6898235097619186,0.799294323094736
42,2,6,300,172,0,0,0.4471147581976579,-0.2123351692296448
42,2,6,300,189,0,0,0.18339214004954768,-1.4935323020227234
42,2,6,300,308,0,0,0.02060252479966926,-3.861523929984358
42,2,6,300,167,0,1,0.7812707632348863,1.27308717455054
42,2,6,300,306,0,0,0.13801371874929566,-1.8318862640716467
42,2,6,300,103,0,0,0.037991006452809895,-3.2316743400030576
42,2,6,300,202,0,0,0.45194371617631174,-0.19282033903646767
42,2,6,300,122,1,0,0.31831306815879534,-0.7615351186772302
42,2,6,300,290,0,0,0.3911453075179443,-0.4425005176181349
42,2,6,300,201,0,0,0.21433563604783454,-1.2989865042332154
42,2,6,300,224,1,1,0.8687976160217209,1.8903691582751163
42,2,6,300,163,1,0,0.433598437091846,-0.26718445612147845
42,2,6,300,307,0,1,0.9562803799491659,3.085254181758568
42,2,6,300,260,0,0,0.0763218831944556,-2.493403950699858
42,2,6,300,54,0,0,0.1966980786514281,-1.40706067756249
42,2,6,300,160,0,1,0.5385142551901875,0.15436280363347654
42,2,6,300,298,1,1,0.9978670127315473,6.148096543030448
42,2,6,300,248,1,1,0.7578992976177444,1.1411967589226517
42,2,6,300,137,1,1,0.7979959679828645,1.373815887101126
42,2,7,350,238,0,0,0.01589276735786398,-4.125870744794855
42,2,7,350,11,1,1,0.8739730729009968,1.936553974888859
42,2,7,350,161,1,1,0.6904088288843809,0.8020313035181481
42,2,7,350,200,1,1,0.9168854990688813,2.400763413348013
42,2,7,350,139,0,0,0.310571808513972,-0.7974474040406008
42,2,7,350,220,1,0,0.018539486516819397,-3.969138918331134
42,2,7,350,302,1,1,0.9085782348910852,2.2963974180770643
42,2,7,350,208,0,0,0.09190083834750293,-2.2906434297982976
42,2,7,350,165,1,1,0.7720585239248005,1.2199714432194355
42,2,7,350,235,0,0,0.16203705939305885,-1.6431488051288201
42,2,7,350,190,0,1,0.5457772538763345,0.18362322462312963
42,2,7,350,78,1,0,0.4109413985271388,-0.3600750501938915
42,2,7,350,183,0,0,0.38808678326109847,-0.4553614869311787
42,2,7,350,7,1,0,0.10218943447950493,-2.1731308029139216
42,2,7,350,216,1,1,0.5777325438771782,0.3134721391627666
42,2,7,350,301,1,1,0.8738430022564061,1.9353735830758139
42,2,7,350,110,1,1,0.5147844286071646,0.059154958518249756
42,2,7,350,4,0,1,0.8263052598181376,1.5596648774535167
42,2,7,350,5,1,1,0.7480331167740573,1.088149587650986
42,2,7,350,205,1,0,0.40195971455476587,-0.3973062475997799
42,2,7,350,254,0,0,0.0048812405481770075,-5.31746268801819
42,2,7,350,182,0,0,0.07437084132279627,-2.5214097305286414
42,2,7,350,223,1,1,0.6462804930740587,0.602729363610771
42,2,7,350,274,1,1,0.9506824065196979,2.958899166263243
42,2,7,350,83,1,0,0.45322038194434205,-0.18766732766059901
42,2,7,350,36,1,1,0.8822091956768799,2.0135190047930642
42,2,7,350,50,1,1,0.8650446409856885,1.857837063890494
42,2,7,350,8,0,1,0.9793487998025117,3.8591144221340175
42,2,7,350,23,0,0,0.19269328398652297,-1.4326039428300599
42,2,7,350,310,0,0,0.13758838737311557,-1.8354661376933852
42,2,7,350,0,0,0,0.3327743232877014,-0.6956637821971244
42,2,7,350,226,1,0,0.4767341440084355,-0.0931306783414324
42,2,7,350,206,1,1,0.5380187499238572,0.1523691047066802
42,2,7,350,22,1,1,0.7813656750583311,1.2736426690579743
42,2,7,350,58,1,0,0.40894440826988976,-0.3683308511193288
42,2,7,350,287,1,0,0.48169777671070446,-0.07324161664701623
42,2,7,350,197,1,0,0.48905647084074816,-0.043781108546188746
42,2,7,350,294,0,1,0.7704324265406389,1.2107545262296278
42,2,7,350,25,0,1,0.8004187193329266,1.3889134146622695
42,2,7,350,9,0,0,0.0023520107075160643,-6.050129915411349
42,2,7,350,126,0,0,0.33756537911279777,-0.6741626600955124
42,2,7,350,104,1,1,0.7163637578851481,0.9264955001263295
42,2,7,350,116,1,0,0.41925300915189356,-0.32584061200255443
42,2,7,350,314,0,0,0.09335022040426383,-2.273398013965015
42,2,7,350,52,0,1,0.7259212898333733,0.9740262642221651
42,2,7,350,172,0,1,0.7803915530811689,1.2679496109403294
42,2,7,350,189,0,0,0.0842759903701262,-2.3856180070446342
42,2,7,350,308,0,0,0.027494590957397057,-3.5658863446069304
42,2,7,350,167,0,1,0.561147681689857,0.24582116638032092
42,2,7,350,306,0,0,0.053907907733851915,-2.865062735075205
42,2,7,350,103,0,0,0.032082077893754966,-3.4068497393191404
42,2,7,350,202,0,0,0.21397353626160148,-1.301138115694722
42,2,7,350,122,1,0,0.4541977928414356,-0.18372388194466213
42,2,7,350,290,0,0,0.43528829354741655,-0.26030679149814184
42,2,7,350,201,0,0,0.17790115063103112,-1.530632580029163
42,2,7,350,224,1,1,0.807934527619827,1.4366447091846035
42,2,7,350,163,1,0,0.2657047551297904,-1.0165254394873353
42,2,7,350,307,0,1,0.9222550318784617,2.4733879622803556
42,2,7,350,260,0,0,0.06295666058720033,-2.7002829720704673
42,2,7,350,54,0,0,0.1741592695956653,-1.5564317115471442
42,2,7,350,160,0,1,0.5064400057575075,0.025761447655570313
42,2,7,350,298,1,1,0.9987286539547721,6.666406906762458
42,2,7,350,248,1,1,0.9193279982781484,2.4332513941407035
42,2,7,350,137,1,1,0.915299914934569,2.380135181481596
42,2,8,400,238,0,0,0.00952193431211679,-4.644589708996696
42,2,8,400,11,1,1,0.9345908607693929,2.6594468591697042
42,2,8,400,161,1,1,0.8504752168599177,1.738333119312755
42,2,8,400,200,1,1,0.8208548332510399,1.5221498122357546
42,2,8,400,139,0,0,0.13568882910102617,-1.8515686125687083
42,2,8,400,220,1,0,0.07840988196760637,-2.46415060234456
42,2,8,400,302,1,1,0.9695951944116175,3.4622779845598277
42,2,8,400,208,0,1,0.5800983654256254,0.3231772042690169
42,2,8,400,165,1,1,0.9430118447518596,2.806235399690662
42,2,8,400,235,0,0,0.014174388907789973,-4.242042735819156
42,2,8,400,190,0,0,0.25967080174534013,-1.0476802681418276
42,2,8,400,78,1,1,0.6577120824778413,0.6531150239489772
42,2,8,400,183,0,1,0.6463629841943761,0.603090233023581
42,2,8,400,7,1,0,0.46673267192306117,-0.13326619527643954
42,2,8,400,216,1,1,0.534634728589917,0.13876113628229103
42,2,8,400,301,1,1,0.8070218371731781,1.4307736910696103
42,2,8,400,110,1,1,0.6076661835784658,0.43751264110919946
42,2,8,400,4,0,1,0.9426117202485941,2.798814351408856
42,2,8,400,5,1,1,0.9528566523704037,3.006271565485272
42,2,8,400,205,1,1,0.5511326677246567,0.20524818613376827
42,2,8,400,254,0,0,0.004910992544718167,-5.311356118908886
42,2,8,400,182,0,0,0.04407657567688023,-3.0767493322170223
42,2,8,400,223,1,1,0.6365235690015906,0.5603069905771959
42,2,8,400,274,1,1,0.9774164744163633,3.7676921560571826
42,2,8,400,83,1,1,0.6006037492813865,0.4079813644362354
42,2,8,400,36,1,1,0.8365574905559298,1.6328339412601214
42,2,8,400,50,1,1,0.850712284396887,1.7401985590095592
42,2,8,400,8,0,1,0.9837695796572168,4.104504422300692
42,2,8,400,23,0,0,0.2555174676998143,-1.069398615487329
42,2,8,400,310,0,0,0.07843833101535481,-2.4637569733750775
42,2,8,400,0,0,0,0.0681025114337749,-2.6162087267355485
42,2,8,400,226,1,0,0.36781344677770983,-0.5416086582109377
42,2,8,400,206,1,1,0.5256325907157477,0.10262032542403735
42,2,8,400,22,1,1,0.9079339631696424,2.288665536975606
42,2,8,400,58,1,0,0.47726742831977514,-0.09099301791145736
42,2,8,400,287,1,0,0.4881674029291825,-0.04733922691264866
42,2,8,400,197,1,1,0.8744278803475993,1.9406895693687998
42,2,8,400,294,0,1,0.8565614639461262,1.787019453685567
42,2,8,400,25,0,1,0.7735629138734925,1.228539862429553
42,2,8,400,9,0,0,0.0004809179815118112,-7.63933278534593
42,2,8,400,126,0,0,0.16949651593201262,-1.5891997525537565
42,2,8,400,104,1,1,0.5276558293792065,0.11073633795970628
42,2,8,400,116,1,1,0.5578390209145332,0.23239640592801603
42,2,8,400,314,0,0,0.08362744649798586,-2.3940512261820732
42,2,8,400,52,0,0,0.48504868661020567,-0.059823088425045856
42,2,8,400,172,0,1,0.9229523607457357,2.483153697520833
42,2,8,400,189,0,0,0.04738106390495896,-3.0009923132915635
42,2,8,400,308,0,0,0.16335631799875963,-1.6334644563912264
42,2,8,400,167,0,0,0.18884584183242303,-1.4575270895509431
42,2,8,400,306,0,0,0.14918901970716922,-1.7409758984822052
42,2,8,400,103,0,0,0.06207993974901671,-2.715241816424716
42,2,8,400,202,0,0,0.195642393034666,-1.4137554876507796
42,2,8,400,122,1,1,0.6695138409836953,0.7059870590373476
42,2,8,400,290,0,0,0.4057804758383092,-0.38143650691932685
42,2,8,400,201,0,0,0.13757657458890066,-1.8355656946390206
42,2,8,400,224,1,1,0.7420882192039674,1.056850538356506
42,2,8,400,163,1,1,0.7726774605705251,1.2234918172785267
42,2,8,400,307,0,1,0.806242172336822,1.425775091073756
42,2,8,400,260,0,0,0.10742405257614007,-2.117327494962301
42,2,8,400,54,0,0,0.3632589460633167,-0.5612471342031342
42,2,8,400,160,0,1,0.6737869817046719,0.7253634117466106
42,2,8,400,298,1,1,0.9960207260688202,5.522668693371843
42,2,8,400,248,1,1,0.9864201105663699,4.285492359239364
42,2,8,400,137,1,1,0.9892293986507869,4.520105929637271
42,2,9,450,238,0,0,0.01694178990725416,-4.060884989944526
42,2,9,450,11,1,1,0.9323559727622013,2.623455625235694
42,2,9,450,161,1,1,0.9184061018737034,2.420885188259429
42,2,9,450,200,1,1,0.8447725952007981,1.6941763035572093
42,2,9,450,139,0,0,0.13281740066022554,-1.8762743076203559
42,2,9,450,220,1,0,0.1684998686994456,-1.5962964859806967
42,2,9,450,302,1,1,0.9910963692126386,4.7123526268306595
42,2,9,450,208,0,0,0.1551031139953976,-1.6951244441934716
42,2,9,450,165,1,1,0.9059507647502237,2.2651665366250455
42,2,9,450,235,0,0,0.008018197690632617,-4.8179910929006375
42,2,9,450,190,0,0,0.16534688814956272,-1.6189705841523798
42,2,9,450,78,1,1,0.8020699238642365,1.39928197343648
42,2,9,450,183,0,1,0.6455960326260035,0.59973655839578
42,2,9,450,7,1,0,0.382946700279751,-0.4770595897223979
42,2,9,450,216,1,0,0.46893320827142926,-0.1244274528940017
42,2,9,450,301,1,1,0.6958374757378879,0.8275539433639164
42,2,9,450,110,1,0,0.43175397824619066,-0.27469853061508703
42,2,9,450,4,0,1,0.928185324056833,2.55914256000579
42,2,9,450,5,1,1,0.8752492998268362,1.948191412638707
42,2,9,450,205,1,1,0.5470769383730684,0.18886717851685875
42,2,9,450,254,0,0,0.004495014219229424,-5.400281300547745
42,2,9,450,182,0,0,0.02381302391412614,-3.713421487635662
42,2,9,450,223,1,0,0.487448082326896,-0.050218221682944764
42,2,9,450,274,1,1,0.9761718667749186,3.7127717130521005
42,2,9,450,83,1,1,0.8214199170827969,1.5259973045522783
42,2,9,450,36,1,1,0.8440236399833383,1.6884760462509234
42,2,9,450,50,1,1,0.9061552302458793,2.267568595543564
42,2,9,450,8,0,1,0.9560637318460016,3.0800844430867613
42,2,9,450,23,0,0,0.4441674737823631,-0.22426535252213015
42,2,9,450,310,0,0,0.012858641434790605,-4.340797179087131
42,2,9,450,0,0,0,0.021201216436029038,-3.83226752969489
42,2,9,450,226,1,0,0.4955815277397924,-0.017674349123077526
42,2,9,450,206,1,1,0.6407969229614405,0.5788246911151559
42,2,9,450,22,1,1,0.9471533846754869,2.8860673818949825
42,2,9,450,58,1,1,0.5619292642271195,0.24899558307201664
42,2,9,450,287,1,0,0.4734738571420217,-0.10620428523991975
42,2,9,450,197,1,1,0.9436416871293584,2.8180167736612516
42,2,9,450,294,0,1,0.8996025348575218,2.192816078487862
42,2,9,450,25,0,1,0.8078538960138687,1.4361251794989143
42,2,9,450,9,0,0,0.0008329476890327161,-7.089706421266666
42,2,9,450,126,0,0,0.1899282452277979,-1.4504764857470493
42,2,9,450,104,1,1,0.634339867810063,0.5508805784937462
42,2,9,450,116,1,1,0.6194045236807111,0.4870215017040649
42,2,9,450,314,0,0,0.07750895445280194,-2.4766841981322743
42,2,9,450,52,0,0,0.45430848740368857,-0.1832773658626537
42,2,9,450,172,0,1,0.8932741485300483,2.1246301202166493
42,2,9,450,189,0,0,0.035125569115159065,-3.3130686393473434
42,2,9,450,308,0,0,0.039955044408957856,-3.179225179805956
42,2,9,450,167,0,0,0.034602293520374146,-3.328620180920447
42,2,9,450,306,0,0,0.12445994583343069,-1.9508569567985818
42,2,9,450,103,0,0,0.047908998059426215,-2.9893572827940464
42,2,9,450,202,0,0,0.3041172522945551,-0.8277678548208959
42,2,9,450,122,1,1,0.873469689886897,1.9319915442538451
42,2,9,450,290,0,0,0.28131226548239924,-0.9379616407248608
42,2,9,450,201,0,0,0.11165449617708514,-2.0739515004432576
42,2,9,450,224,1,1,0.8535159746147672,1.7624478778828234
42,2,9,450,163,1,1,0.9394449834152163,2.7417369408558807
42,2,9,450,307,0,1,0.8654716982399681,1.861500075271599
42,2,9,450,260,0,0,0.24380077806034808,-1.1319534541182577
42,2,9,450,54,0,0,0.3278444053629169,-0.7179507314207941
42,2,9,450,160,0,0,0.4148980155849744,-0.3437534199191874
42,2,9,450,298,1,1,0.9983867099698266,6.427865095299612
42,2,9,450,248,1,1,0.9955615807206362,5.413008685784273
42,2,9,450,137,1,1,0.9980365357685262,6.231079506476055
42,2,10,500,238,0,0,0.008233520061599539,-4.791274042030119
42,2,10,500,11,1,1,0.9808401261810408,3.9355912891587654
42,2,10,500,161,1,1,0.9806899310442235,3.9276296678125977
42,2,10,500,200,1,1,0.7211756696392073,0.9503008115881144
42,2,10,500,139,0,0,0.2857569383964048,-0.9160817430906396
42,2,10,500,220,1,0,0.15580065121764466,-1.6898113486872595
42,2,10,500,302,1,1,0.9959336562556029,5.500936392378156
42,2,10,500,208,0,0,0.05237178653708899,-2.8955942239813677
42,2,10,500,165,1,1,0.9061234510458359,2.2671949460673106
42,2,10,500,235,0,0,0.0057165674061175325,-5.158653788033786
42,2,10,500,190,0,0,0.15485871524634368,-1.6969906275750326
42,2,10,500,78,1,1,0.827252566303525,1.566279442061882
42,2,10,500,183,0,0,0.48319010866122103,-0.06726491594745514
42,2,10,500,7,1,0,0.32442721192361945,-0.7334997033828842
42,2,10,500,216,1,0,0.2594502015307031,-1.0488280986617358
42,2,10,500,301,1,1,0.6860673852177944,0.7817974918087948
42,2,10,500,110,1,0,0.20048751392978645,-1.3832501793575995
42,2,10,500,4,0,1,0.892219182627874,2.1136121266452084
42,2,10,500,5,1,1,0.924086338019037,2.4992088387382796
42,2,10,500,205,1,1,0.8085743678437552,1.4407732679136744
42,2,10,500,254,0,0,0.0035906914274583665,-5.6258133434155075
42,2,10,500,182,0,0,0.01603202385579803,-4.117005139041066
42,2,10,500,223,1,1,0.521828494021239,0.08736951112439056
42,2,10,500,274,1,1,0.9858663329284948,4.244961093590727
42,2,10,500,83,1,1,0.8741616389913338,1.9382670659350738
42,2,10,500,36,1,1,0.9294884047401716,2.5788571642906843
42,2,10,500,50,1,1,0.843341211880913,1.6833015189911908
42,2,10,500,8,0,1,0.9223349114953382,2.4745025571625288
42,2,10,500,23,0,1,0.6035539275872815,0.42029537182473237
42,2,10,500,310,0,0,0.0035716151906627852,-5.631159342512809
42,2,10,500,0,0,0,0.002311121663491036,-6.067708507260793
42,2,10,500,226,1,1,0.8260991626811192,1.558229581694078
42,2,10,500,206,1,1,0.851304811711999,1.7448717506450964
42,2,10,500,22,1,1,0.9769809181159453,3.748143601657692
42,2,10,500,58,1,1,0.5455310992786931,0.1826303282207029
42,2,10,500,287,1,0,0.45492382868485215,-0.1807955533256108
42,2,10,500,197,1,1,0.9715305586099786,3.5300414433089107
42,2,10,500,294,0,1,0.9183382172950837,2.4199796347183793
42,2,10,500,25,0,1,0.6863875114491828,0.7832842428642339
42,2,10,500,9,0,0,0.010025121561199314,-4.5925854685678
42,2,10,500,126,0,0,0.05058671364540169,-2.9321552348579036
42,2,10,500,104,1,1,0.52525732796356,0.10111537685244332
42,2,10,500,116,1,1,0.5818958702960804,0.33056099908164027
42,2,10,500,314,0,0,0.2879203760595071,-0.905505766641498
42,2,10,500,52,0,1,0.5819431039633721,0.33075514525743555
42,2,10,500,172,0,1,0.8905427975961173,2.0962975345315518
42,2,10,500,189,0,0,0.030021876199543253,-3.47534719588847
42,2,10,500,308,0,0,0.016014634278521036,-4.118108078090533
42,2,10,500,167,0,0,0.013321009323252794,-4.3050023118623075
42,2,10,500,306,0,0,0.07055144292737824,-2.5782493302596867
42,2,10,500,103,0,0,0.09123501509568191,-2.298647757442305
42,2,10,500,202,0,0,0.1383875182401197,-1.828747759469232
42,2,10,500,122,1,1,0.8452244233515286,1.6976260067401996
42,2,10,500,290,0,0,0.43685180628451,-0.25394879349351895
42,2,10,500,201,0,0,0.08142742996999545,-2.4231087170583026
42,2,10,500,224,1,1,0.8956571607903234,2.1498756983481133
42,2,10,500,163,1,1,0.9854701546869715,4.2169140102120055
42,2,10,500,307,0,1,0.788542957366331,1.316165015032915
42,2,10,500,260,0,0,0.2854786350333647,-0.9174457061180181
42,2,10,500,54,0,0,0.08873015287158638,-2.329239289468404
42,2,10,500,160,0,0,0.22120684021891018,-1.2586472980336767
42,2,10,500,298,1,1,0.9999441807726622,9.79333635119734
42,2,10,500,248,1,1,0.9990789485654548,6.989073200993476
42,2,10,500,137,1,1,0.9985350560401225,6.524472271848635
42,3,1,50,152,0,1,0.6502763887626566,0.6202543256518366
42,3,1,50,156,0,0,0.2929828993272852,-0.880940610016827
42,3,1,50,237,1,1,0.8381519120422469,1.644541196705699
42,3,1,50,186,0,1,0.5367726453450921,0.14735664527984677
42,3,1,50,101,1,1,0.8628043151093286,1.8387796522252158
42,3,1,50,258,0,0,0.43205926420159424,-0.2734543104075774
42,3,1,50,134,0,0,0.38495437170252167,-0.4685716452020901
42,3,1,50,81,1,0,0.07611665921608356,-2.4963186560288797
42,3,1,50,40,0,1,0.8297849451121424,1.5841038986156617
42,3,1,50,60,1,1,0.6740875955426866,0.7267314189037046
42,3,1,50,154,1,1,0.7271265324154152,0.9800923106882702
42,3,1,50,14,1,1,0.7039079543280007,0.8659772298242293
42,3,1,50,312,0,1,0.6102050418548127,0.4481741823512376
42,3,1,50,304,1,1,0.8453301048087506,1.6984340702275245
42,3,1,50,106,1,0,0.340288096539343,-0.662010628233425
42,3,1,50,232,1,1,0.5528188558685845,0.21206662495332967
42,3,1,50,55,0,1,0.688403859547761,0.7926677431751187
42,3,1,50,35,1,1,0.7922147749902456,1.3383275614318384
42,3,1,50,89,1,1,0.56189732145287,0.24886582235080734
42,3,1,50,277,1,1,0.7574773375763343,1.1388984602404948
42,3,1,50,32,1,1,0.7146042760807606,0.9178522072847727
42,3,1,50,250,1,1,0.5382566198279142,0.15332615237969274
42,3,1,50,233,1,0,0.1335558877028909,-1.869877584145108
42,3,1,50,268,1,1,0.9219364756408762,2.4689534126514388
42,3,1,50,51,0,0,0.10249638458762637,-2.169789623028403
42,3,1,50,215,0,0,0.4133490230655882,-0.3501377269044702
42,3,1,50,153,0,0,0.11104510312242309,-2.080110046338868
42,3,1,50,80,0,1,0.6794379784437796,0.751190181505143
42,3,1,50,117,0,1,0.5233286722119063,0.09338248991867328
42,3,1,50,239,0,1,0.8837605482404052,2.0285338501150103
42,3,1,50,210,1,0,0.2519067096482089,-1.0884688707574024
42,3,1,50,85,1,0,0.24835561726037295,-1.1074016571865593
42,3,1,50,195,0,0,0.18992614451281417,-1.4504901396221683
42,3,1,50,198,0,1,0.6906016032049118,0.8029333499521322
42,3,1,50,282,0,1,0.6049855540665611,0.42628224395406256
42,3,1,50,132,1,1,0.5313979946359709,0.12575745403733968
42,3,1,50,207,0,1,0.6711891180685241,0.7135681838373672
42,3,1,50,247,1,0,0.23139779716039366,-1.2004352490720196
42,3,1,50,87,1,1,0.531711979369661,0.12701841525732538
42,3,1,50,53,1,1,0.9044720142955486,2.2479321152487954
42,3,1,50,127,0,0,0.23233882143686688,-1.1951517185630718
42,3,1,50,100,1,1,0.5431742088099321,0.1731279776960687
42,3,1,50,143,1,1,0.5078922241511385,0.031571518780874386
42,3,1,50,240,0,0,0.4294622833319974,-0.28404535644109474
42,3,1,50,271,0,0,0.41445894182624443,-0.3455623905880083
42,3,1,50,243,0,1,0.5405912503662381,0.16272311281034452
42,3,1,50,30,0,1,0.8838322932982582,2.029232436727697
42,3,1,50,93,0,0,0.08357379306052713,-2.3947515570700313
42,3,1,50,20,0,1,0.7370380389711669,1.0306301172696712
42,3,1,50,270,1,0,0.3587941870674593,-0.5806015573880886
42,3,1,50,276,0,1,0.5238891277338598,0.095629321601434
42,3,1,50,185,0,1,0.6309927805899654,0.5364782126094411
42,3,1,50,180,0,0,0.4440770066585458,-0.2246317976603036
42,3,1,50,142,1,1,0.7395538844020585,1.0436511556044792
42,3,1,50,63,1,0,0.24960986387414102,-1.1006940983430495
42,3,1,50,293,1,1,0.670988713243157,0.7126602596014182
42,3,1,50,47,1,1,0.6557038910067419,0.6442072323082452
42,3,1,50,149,0,0,0.47801858765482963,-0.08798236067190533
42,3,1,50,144,1,0,0.3920185222514473,-0.4388353279571353
42,3,1,50,184,0,1,0.7484487143066906,1.0903557955431076
42,3,1,50,199,0,0,0.19782641520466446,-1.3999350690504175
42,3,1,50,131,1,0,0.4275674214941838,-0.2917829746520393
42,3,1,50,305,0,0,0.4640560837165305,-0.14402410679602154
42,3,2,100,152,0,1,0.8679685203306078,1.8831150706046114
42,3,2,100,156,0,0,0.19753848989138553,-1.401750440492995
42,3,2,100,237,1,1,0.6350787199099434,0.5540673002353511
42,3,2,100,186,0,1,0.6395846228949724,0.5735617473210024
42,3,2,100,101,1,0,0.41956603226433486,-0.3245551234107384
42,3,2,100,258,0,1,0.7293713210807349,0.9914352662709296
42,3,2,100,134,0,0,0.35725071474639286,-0.5873169166346542
42,3,2,100,81,1,1,0.8210159755574465,1.5232460149866214
42,3,2,100,40,0,1,0.5417691753496888,0.16746699388066522
42,3,2,100,60,1,1,0.9427728770710142,2.8017974390822484
42,3,2,100,154,1,0,0.2599210434867095,-1.0463789724988397
42,3,2,100,14,1,1,0.5677256806821408,0.2725779603756578
42,3,2,100,312,0,0,0.10437157730817571,-2.149568229766774
42,3,2,100,304,1,0,0.2964867941385207,-0.8640839697523035
42,3,2,100,106,1,1,0.8398143471403121,1.6568473791568452
42,3,2,100,232,1,0,0.4941516239898069,-0.02339457098137243
42,3,2,100,55,0,1,0.864795006504006,1.855700395076741
42,3,2,100,35,1,1,0.5109054363982861,0.043628664729034594
42,3,2,100,89,1,0,0.11596510648348647,-2.03120719448411
42,3,2,100,277,1,1,0.5931027825890797,0.37680709395973055
42,3,2,100,32,1,1,0.505001129807753,0.0200051863897521
42,3,2,100,250,1,1,0.5265854027742841,0.106441995447001
42,3,2,100,233,1,0,0.180159101512484,-1.515269937423424
42,3,2,100,268,1,1,0.928719028309262,2.5671768326658757
42,3,2,100,51,0,1,0.6693971199460187,0.7054595893809891
42,3,2,100,215,0,0,0.45200479122771836,-0.19257376395614506
42,3,2,100,153,0,1,0.7349319782853563,1.0197914696158878
42,3,2,100,80,0,1,0.6156625525587721,0.4711780730720525
42,3,2,100,117,0,0,0.09498909760156102,-2.25418486755043
42,3,2,100,239,0,1,0.6053801956883403,0.4279339026307725
42,3,2,100,210,1,0,0.3650314785953171,-0.5535918324821824
42,3,2,100,85,1,0,0.18988014280020318,-1.4507891628334977
42,3,2,100,195,0,1,0.6326661776902267,0.5436718854241451
42,3,2,100,198,0,1,0.8520561419127355,1.7508195543728298
42,3,2,100,282,0,0,0.46125438511941447,-0.155293799608538
42,3,2,100,132,1,0,0.09993120514357802,-2.1979891984537048
42,3,2,100,207,0,0,0.18444427384245013,-1.4865223743939564
42,3,2,100,247,1,0,0.10657887682711027,-2.126172713711963
42,3,2,100,87,1,0,0.49278320654042157,-0.02886917870660355
42,3,2,100,53,1,1,0.8194781354742349,1.512815813960011
42,3,2,100,127,0,1,0.5456399462947374,0.18306936563571463
42,3,2,100,100,1,0,0.44823198798951175,-0.20781676112190922
42,3,2,100,143,1,1,0.7963416116878002,1.3635842311007544
42,3,2,100,240,0,0,0.4459472751760463,-0.21705912544336126
42,3,2,100,271,0,0,0.2983817326084875,-0.8550158288242705
42,3,2,100,243,0,1,0.5876610772793387,0.3543047433925959
42,3,2,100,30,0,1,0.5424248413868201,0.1701083822498265
42,3,2,100,93,0,0,0.11190625732572416,-2.0714157708333474
42,3,2,100,20,0,1,0.8923292640009112,2.1147573650166587
42,3,2,100,270,1,0,0.3248558754771379,-0.7315445619905977
42,3,2,100,276,0,1,0.9144307594115069,2.368975871165776
42,3,2,100,185,0,1,0.7014568579126947,0.8542449458882795
42,3,2,100,180,0,1,0.5354227839445931,0.14192890595768654
42,3,2,100,142,1,1,0.6892911702549942,0.7968075452103515
42,3,2,100,63,1,0,0.15120014990248923,-1.7252189555310424
42,3,2,100,293,1,1,0.9299688597792443,2.586211098053493
42,3,2,100,47,1,0,0.3826215367345471,-0.4784358826138649
42,3,2,100,149,0,0,0.3376232013770081,-0.6739040914058643
42,3,2,100,144,1,0,0.44711205893692263,-0.21234608843630065
42,3,2,100,184,0,1,0.7225008935355333,0.9569009434797666
42,3,2,100,199,0,0,0.25818925506061824,-1.0554012871509804
42,3,2,100,131,1,0,0.18855848237140113,-1.4594041072793358
42,3,2,100,305,0,0,0.1364510466724356,-1.8450846698668302
42,3,3,150,152,0,1,0.6397228864922889,0.5741615976500298
42,3,3,150,156,0,0,0.39148137775093106,-0.441089567600372
42,3,3,150,237,1,1,0.7460054573944923,1.0774201347365917
42,3,3,150,186,0,1,0.741827038958551,1.0554863629180102
42,3,3,150,101,1,0,0.4889931068072874,-0.04403468685973884
42,3,3,150,258,0,1,0.5908942715737376,0.36766347654976006
42,3,3,150,134,0,0,0.4164964892977848,-0.33717243582169537
42,3,3,150,81,1,1,0.8709049564909506,1.9089839464442033
42,3,3,150,40,0,1,0.631710752162628,0.5395629897638146
42,3,3,150,60,1,1,0.8292909834351508,1.5806106493738818
42,3,3,150,154,1,0,0.39081709861292796,-0.44387888124519254
42,3,3,150,14,1,0,0.3876841406800082,-0.4570573216976896
42,3,3,150,312,0,0,0.10446208350290451,-2.148600393480649
42,3,3,150,304,1,1,0.8842665905218035,2.0334692381105217
42,3,3,150,106,1,1,0.7099037307652324,0.8949165395990952
42,3,3,150,232,1,0,0.391479053193769,-0.4410993254856682
42,3,3,150,55,0,1,0.7860247038234035,1.3011276518048638
42,3,3,150,35,1,0,0.23769246438411898,-1.1653723926619277
42,3,3,150,89,1,0,0.25890456819324753,-1.0516698736408154
42,3,3,150,277,1,0,0.21079927774238208,-1.3201142989331491
42,3,3,150,32,1,1,0.702156298176277,0.8575871678306888
42,3,3,150,250,1,1,0.7270738148799545,0.9798266314654412
42,3,3,150,233,1,0,0.3153430897979184,-0.7752566317029245
42,3,3,150,268,1,1,0.7339655825904404,1.0148364481419374
42,3,3,150,51,0,1,0.6459550522851594,0.6013060468364361
42,3,3,150,215,0,1,0.5806669198096345,0.32551175978402125
42,3,3,150,153,0,1,0.8446171078479593,1.6929910550954617
42,3,3,150,80,0,1,0.5164623792353847,0.06587332692735137
42,3,3,150,117,0,0,0.1681743253149386,-1.598621801148657
42,3,3,150,239,0,0,0.3230600634116156,-0.739744288248431
42,3,3,150,210,1,0,0.3878793893620757,-0.45623490016199314
42,3,3,150,85,1,0,0.24047673330512845,-1.150067613941015
42,3,3,150,195,0,1,0.5956312005383465,0.387294352988752
42,3,3,150,198,0,1,0.7369714074081554,1.0302863521706285
42,3,3,150,282,0,0,0.41470013524871435,-0.3445686118327054
42,3,3,150,132,1,0,0.17030484271331195,-1.5834683293177958
42,3,3,150,207,0,0,0.07313521575476613,-2.539497692689773
42,3,3,150,247,1,0,0.29694377706521047,-0.8618940462660183
42,3,3,150,87,1,0,0.4974548349442702,-0.010180748156211866
42,3,3,150,53,1,1,0.58517826232295,0.3440676425506497
42,3,3,150,127,0,1,0.5162329620349796,0.06495467608526112
42,3,3,150,100,1,1,0.5334286441141063,0.13391434261881688
42,3,3,150,143,1,1,0.7670890915682993,1.1919469373137703
42,3,3,150,240,0,0,0.20668562575524557,-1.3450206570122551
42,3,3,150,271,0,1,0.5794197157512975,0.3203917257625779
42,3,3,150,243,0,1,0.5171334974680778,0.06856083360634785
42,3,3,150,30,0,0,0.3856710149813808,-0.46554587761101807
42,3,3,150,93,0,0,0.05259341845662584,-2.891137349902424
42,3,3,150,20,0,1,0.9445453781450767,2.8351386683292636
42,3,3,150,270,1,0,0.4516092073977544,-0.19417093752214543
42,3,3,150,276,0,1,0.8218252459020873,1.528762942956791
42,3,3,150,185,0,1,0.8042165795895095,1.4128595601376717
42,3,3,150,180,0,0,0.47749496510054634,-0.09008100439059763
42,3,3,150,142,1,1,0.6576106580932906,0.6526645349992148
42,3,3,150,63,1,0,0.1683781269411701,-1.597165652168133
42,3,3,150,293,1,1,0.9804111240719305,3.913010147626178
42,3,3,150,47,1,0,0.36042592925455147,-0.5735159714268729
42,3,3,150,149,0,0,0.30894355517666316,-0.8050629152578005
42,3,3,150,144,1,1,0.5228086670401902,0.09129803195238284
42,3,3,150,184,0,1,0.6939445061161827,0.818625556869544
42,3,3,150,199,0,0,0.1667086523503992,-1.6091356459669988
42,3,3,150,131,1,0,0.3162374303114306,-0.7711174438229691
42,3,3,150,305,0,0,0.31582466467960596,-0.7730270219741738
42,3,4,200,152,0,1,0.7610101863620663,1.158225813006153
42,3,4,200,156,0,1,0.5154590324186011,0.06185584458639343
42,3,4,200,237,1,1,0.719063456846552,0.9398207921602827
42,3,4,200,186,0,1,0.7422520551356581,1.057706732934697
42,3,4,200,101,1,1,0.7455161283276677,1.0748393068344737
42,3,4,200,258,0,1,0.6806615924328058,0.7568138759670585
42,3,4,200,134,0,0,0.3507978271805286,-0.6155341159726115
42,3,4,200,81,1,0,0.4027116175863775,-0.39417933270448285
42,3,4,200,40,0,1,0.520305856425418,0.081268124178834
42,3,4,200,60,1,1,0.8612216922802572,1.825474202188901
42,3,4,200,154,1,1,0.5414660786145052,0.1662461487552293
42,3,4,200,14,1,0,0.3089173882366848,-0.8051854813803252
42,3,4,200,312,0,0,0.14504466490791681,-1.7740074990782482
42,3,4,200,304,1,1,0.9062166491898987,2.2682910610340503
42,3,4,200,106,1,1,0.7080552997136814,0.8859577958317242
42,3,4,200,232,1,0,0.25220965162489845,-1.0868619632423342
42,3,4,200,55,0,0,0.2888603632541876,-0.9009254061644645
42,3,4,200,35,1,0,0.2116253098334568,-1.3151561674605565
42,3,4,200,89,1,0,0.3941759787624304,-0.42979209371322
42,3,4,200,277,1,0,0.3639686793558723,-0.5581799902143922
42,3,4,200,32,1,1,0.6236174013425111,0.5049308657905526
42,3,4,200,250,1,1,0.7845776215569087,1.292544859445019
42,3,4,200,233,1,0,0.37391260944323024,-0.5154678573646834
42,3,4,200,268,1,1,0.7192938851661389,0.940961748385075
42,3,4,200,51,0,1,0.5356753818175325,0.1429444308984431
42,3,4,200,215,0,1,0.5857880115912311,0.34658007709478006
42,3,4,200,153,0,1,0.7016796746634015,0.8553091695567693
42,3,4,200,80,0,1,0.5955730345915391,0.38705286046152965
42,3,4,200,117,0,0,0.06338472158869424,-2.6930497612522593
42,3,4,200,239,0,1,0.6184929447095682,0.4831564405625566
42,3,4,200,210,1,0,0.461537107586514,-0.15415612787314148
42,3,4,200,85,1,0,0.10357189021245128,-2.15815213695341
42,3,4,200,195,0,0,0.48875283182974694,-0.04499626300253323
42,3,4,200,198,0,0,0.23413437208031343,-1.185111543677579
42,3,4,200,282,0,0,0.41275367141348035,-0.3525933938785917
42,3,4,200,132,1,0,0.3231253999504405,-0.7394455438576597
42,3,4,200,207,0,0,0.06310978239325796,-2.697690324132087
42,3,4,200,247,1,0,0.2943252982975052,-0.8744687563877964
42,3,4,200,87,1,0,0.4966945961944086,-0.013221807834517624
42,3,4,200,53,1,1,0.5348717393173136,0.13971378158152334
42,3,4,200,127,0,1,0.5724672058666269,0.2919244546009244
42,3,4,200,100,1,0,0.3072427919895872,-0.8130413001982463
42,3,4,200,143,1,1,0.9528560473234566,3.0062580963896464
42,3,4,200,240,0,1,0.5252118618366051,0.10093304792735946
42,3,4,200,271,0,0,0.4798385779632362,-0.08068943896489811
42,3,4,200,243,0,0,0.42293825084955994,-0.31072308906263557
42,3,4,200,30,0,0,0.37999131518840235,-0.48958508800977585
42,3,4,200,93,0,0,0.15357779620394227,-1.706811039677921
42,3,4,200,20,0,1,0.9034762954644243,2.2364612523100837
42,3,4,200,270,1,1,0.5322852107049165,0.12932077047357138
42,3,4,200,276,0,1,0.7911393129060555,1.331806613990245
42,3,4,200,185,0,1,0.8184843368395215,1.5061123118209676
42,3,4,200,180,0,0,0.35835922522482394,-0.582492700515274
42,3,4,200,142,1,0,0.3477936539408449,-0.6287516380775342
42,3,4,200,63,1,0,0.15623924867606956,-1.6864805066394561
42,3,4,200,293,1,1,0.9965331914968472,5.661048016160016
42,3,4,200,47,1,0,0.301985864732121,-0.8378591429007559
42,3,4,200,149,0,1,0.5452467688146911,0.18148355621894
42,3,4,200,144,1,1,0.6943739664524583,0.8206484299614148
42,3,4,200,184,0,1,0.5261940653306698,0.10487227285885736
42,3,4,200,199,0,0,0.2733245159027144,-0.9778202089428897
42,3,4,200,131,1,0,0.4670633431467157,-0.13193768752609356
42,3,4,200,305,0,0,0.1538844279011846,-1.7044541078245068
42,3,5,250,152,0,1,0.8450989115550076,1.696666901444158
42,3,5,250,156,0,0,0.19408849946123743,-1.4236596978242066
42,3,5,250,237,1,1,0.8372191438930593,1.6376810017078798
42,3,5,250,186,0,1,0.5232694868113623,0.09314523313959447
42,3,5,250,101,1,1,0.8977445897514806,2.172411901145574
42,3,5,250,258,0,0,0.13916871841456016,-1.8222115302662596
42,3,5,250,134,0,0,0.29268749647907644,-0.8823671067899236
42,3,5,250,81,1,0,0.486567499965694,-0.05374293189022172
42,3,5,250,40,0,0,0.37561694126243494,-0.5081942053570127
42,3,5,250,60,1,1,0.85205855853322,1.7508387254375015
42,3,5,250,154,1,1,0.5466790758425475,0.18726161509923128
42,3,5,250,14,1,0,0.1982703992856019,-1.3971396428038814
42,3,5,250,312,0,0,0.06482926751396556,-2.668971953651323
42,3,5,250,304,1,1,0.9605942750704378,3.193641020940283
42,3,5,250,106,1,1,0.6180922132244168,0.48145847507341677
42,3,5,250,232,1,0,0.2125615018568769,-1.309553903060591
42,3,5,250,55,0,0,0.3896310933747612,-0.4488631622894987
42,3,5,250,35,1,1,0.5894853156257207,0.3618381096117269
42,3,5,250,89,1,1,0.5974761002139504,0.3949598099175068
42,3,5,250,277,1,1,0.627067379284516,0.5196562360201735
42,3,5,250,32,1,1,0.8588108087531926,1.805447878919257
42,3,5,250,250,1,1,0.8440080988589839,1.688358000215251
42,3,5,250,233,1,0,0.41746123510463484,-0.3332040424708512
42,3,5,250,268,1,0,0.4987972589463192,-0.0048109734940536275
42,3,5,250,51,0,0,0.33209792240978797,-0.698711699911802
42,3,5,250,215,0,1,0.678538378481248,0.7470628780311065
42,3,5,250,153,0,0,0.4994146061333628,-0.002341576536449619
42,3,5,250,80,0,1,0.6619345573194748,0.6719272008979592
42,3,5,250,117,0,0,0.02815989668789531,-3.5412924256336566
42,3,5,250,239,0,1,0.7985349526498824,1.3771628355254562
42,3,5,250,210,1,1,0.7813583335851033,1.273599695106086
42,3,5,250,85,1,0,0.1760435194367124,-1.5433864796654833
42,3,5,250,195,0,1,0.7076704860381265,0.8840969316600593
42,3,5,250,198,0,0,0.09499922103618655,-2.2540671124852163
42,3,5,250,282,0,0,0.32703975866471213,-0.7216045014949756
42,3,5,250,132,1,1,0.5870085889552098,0.3516126554289404
42,3,5,250,207,0,0,0.03654394705749653,-3.272011309623263
42,3,5,250,247,1,0,0.23071421519257676,-1.2042827512722982
42,3,5,250,87,1,0,0.437215767268032,-0.2524694892391887
42,3,5,250,53,1,1,0.7521347042350739,1.1100299995197775
42,3,5,250,127,0,0,0.2426799176726735,-1.1380426302611952
42,3,5,250,100,1,1,0.5574490455853711,0.23081549206597973
42,3,5,250,143,1,1,0.9620366772570034,3.232432073329843
42,3,5,250,240,0,1,0.6884221772044746,0.7927531399633356
42,3,5,250,271,0,1,0.6655938961088528,0.6883235846484553
42,3,5,250,243,0,0,0.17340225828262654,-1.5617040822538817
42,3,5,250,30,0,0,0.4727343431888613,-0.1091709257451503
42,3,5,250,93,0,0,0.08443888369179633,-2.383509116428772
42,3,5,250,20,0,1,0.7003511272107549,0.8489704544408724
42,3,5,250,270,1,1,0.6398300963898517,0.5746267921309904
42,3,5,250,276,0,0,0.42141404234647095,-0.3169712988275112
42,3,5,250,185,0,1,0.607954129985509,0.4387205867295455
42,3,5,250,180,0,0,0.3125081265327022,-0.78841953531668
42,3,5,250,142,1,1,0.579532459582575,0.32085439068653143
42,3,5,250,63,1,0,0.30752384548910894,-0.8117211730032832
42,3,5,250,293,1,1,0.9960287891016686,5.524705101520901
42,3,5,250,47,1,1,0.5761103649486954,0.3068261214964534
42,3,5,250,149,0,1,0.557665486995933,0.23169288435996221
42,3,5,250,144,1,1,0.7580446477694242,1.1419890717577634
42,3,5,250,184,0,0,0.1448205157706755,-1.7758162165666307
42,3,5,250,199,0,0,0.2788535815569293,-0.9501553467850099
42,3,5,250,131,1,0,0.2495351119761162,-1.1010932305474554
42,3,5,250,305,0,0,0.11175445858715258,-2.0729440848008225
42,3,6,300,152,0,1,0.9230777308689677,2.4849180262473833
42,3,6,300,156,0,0,0.2748429156222404,-0.9701885809513061
42,3,6,300,237,1,1,0.919121113249962,2.4304650913578714
42,3,6,300,186,0,0,0.33509848760680927,-0.685214446549563
42,3,6,300,101,1,1,0.9271066928004341,2.543071826819622
42,3,6,300,258,0,0,0.13065632046263378,-1.895168167761398
42,3,6,300,134,0,0,0.21585442714870237,-1.2899904506781155
42,3,6,300,81,1,0,0.4396148414197004,-0.24272534734296436
42,3,6,300,40,0,1,0.6377406459893737,0.5655712868654428
42,3,6,300,60,1,1,0.6562578869323853,0.6466621271020327
42,3,6,300,154,1,0,0.4665728754679032,-0.13390823700053428
42,3,6,300,14,1,1,0.6618037738771094,0.6713428202266363
42,3,6,300,312,0,0,0.13272342667557224,-1.877090461902622
42,3,6,300,304,1,1,0.9923121191395192,4.860392519294415
42,3,6,300,106,1,0,0.43669757313112606,-0.2545757510122568
42,3,6,300,232,1,0,0.15219344057601578,-1.7175001487823527
42,3,6,300,55,0,0,0.4260349781481863,-0.2980470056946629
42,3,6,300,35,1,1,0.8804798517621644,1.9969820832910419
42,3,6,300,89,1,1,0.7549756413488635,1.1253278569460263
42,3,6,300,277,1,1,0.7031012838904511,0.8621098978050123
42,3,6,300,32,1,1,0.8703981815549857,1.9044839718620998
42,3,6,300,250,1,1,0.7296471090054735,0.9928328956437655
42,3,6,300,233,1,1,0.582362300529946,0.3324784545518968
42,3,6,300,268,1,0,0.42821072027812995,-0.28915511989004017
42,3,6,300,51,0,1,0.553589598628916,0.21518490416500385
42,3,6,300,215,0,1,0.7655536563924854,1.183372556107233
42,3,6,300,153,0,1,0.6594893860683628,0.661019581411767
42,3,6,300,80,0,1,0.5603706660502084,0.24266651939527506
42,3,6,300,117,0,0,0.007016306835644652,-4.952477254307803
42,3,6,300,239,0,1,0.6664965792772043,0.6923818848953651
42,3,6,300,210,1,1,0.8156802736979166,1.4873505641332025
42,3,6,300,85,1,0,0.25681280871926865,-1.062600504036584
42,3,6,300,195,0,1,0.6654138137603423,0.6875146201533696
42,3,6,300,198,0,0,0.01477971132741595,-4.199609875458726
42,3,6,300,282,0,0,0.2781943947732758,-0.9534357267061869
42,3,6,300,132,1,1,0.5944583045006643,0.38242688508921263
42,3,6,300,207,0,0,0.06343318580726985,-2.692233703967834
42,3,6,300,247,1,0,0.34846744829227416,-0.6257825389140838
42,3,6,300,87,1,1,0.7625650799987348,1.166794290780641
42,3,6,300,53,1,1,0.821029077949589,1.5233351805479038
42,3,6,300,127,0,0,0.13348176073331106,-1.87051831350388
42,3,6,300,100,1,1,0.866061145360809,1.8665721255744292
42,3,6,300,143,1,1,0.9859497436209119,4.250964740109927
42,3,6,300,240,0,1,0.581854301344904,0.33039014189185567
42,3,6,300,271,0,1,0.8629833812641201,1.8402932108491108
42,3,6,300,243,0,0,0.2305847971772836,-1.2050120710288839
42,3,6,300,30,0,0,0.41501204129813535,-0.34328372861840295
42,3,6,300,93,0,0,0.061598906197701454,-2.7235333490910545
42,3,6,300,20,0,1,0.5129983181507816,0.052004990141098495
42,3,6,300,270,1,0,0.44151164066278065,-0.23502938970194112
42,3,6,300,276,0,0,0.24186390938221586,-1.1424876985513202
42,3,6,300,185,0,0,0.13653447567890453,-1.8443768194674697
42,3,6,300,180,0,0,0.2905679829780271,-0.8926271043665681
42,3,6,300,142,1,1,0.8362855147075221,1.6308461122655262
42,3,6,300,63,1,0,0.19730879306846966,-1.4032001116806294
42,3,6,300,293,1,1,0.9945522127662745,5.207083084371075
42,3,6,300,47,1,1,0.5889340852503739,0.35956068964027943
42,3,6,300,149,0,1,0.6092437961072941,0.4441346635574049
42,3,6,300,144,1,1,0.7216883367107971,0.9528518023866352
42,3,6,300,184,0,0,0.10113501081250252,-2.184676479397698
42,3,6,300,199,0,0,0.32528759202274804,-0.7295768482569117
42,3,6,300,131,1,0,0.41352268665510705,-0.34942160801693667
42,3,6,300,305,0,0,0.1335786860752458,-1.869680582933197
42,3,7,350,152,0,1,0.8405498664698564,1.6623250497207933
42,3,7,350,156,0,0,0.2836496564282345,-0.9264294814342883
42,3,7,350,237,1,1,0.8555142705850045,1.7785220298790296
42,3,7,350,186,0,0,0.3001294051056743,-0.8466817215135611
42,3,7,350,101,1,1,0.9910719971252558,4.709594455044288
42,3,7,350,258,0,0,0.3674627748393073,-0.5431170523106987
42,3,7,350,134,0,0,0.3641992830203098,-0.5571839775084222
42,3,7,350,81,1,0,0.474248074831579,-0.10309892692133066
42,3,7,350,40,0,1,0.6184817629450708,0.4831090523226017
42,3,7,350,60,1,1,0.5113177781361453,0.045278846751662716
42,3,7,350,154,1,0,0.425839200596909,-0.29884768379646476
42,3,7,350,14,1,1,0.9581006944252728,3.1296836280554916
42,3,7,350,312,0,0,0.07324842818833303,-2.537828748589329
42,3,7,350,304,1,1,0.9869137042217738,4.323017044373467
42,3,7,350,106,1,1,0.5220818093819665,0.08838473004775882
42,3,7,350,232,1,0,0.33740103567226765,-0.674897687146381
42,3,7,350,55,0,1,0.5106733493686775,0.042699884112776365
42,3,7,350,35,1,1,0.9780613735628402,3.7973235747494107
42,3,7,350,89,1,1,0.5762762464125365,0.3075054218537
42,3,7,350,277,1,1,0.878610897705177,1.9793410272863259
42,3,7,350,32,1,1,0.7124519607382312,0.907322546981124
42,3,7,350,250,1,0,0.4686783304237364,-0.12545094807816426
42,3,7,350,233,1,1,0.641840412152179,0.5833610304035374
42,3,7,350,268,1,1,0.6249405789257275,0.5105721018821596
42,3,7,350,51,0,1,0.5802165148340072,0.3236622684726306
42,3,7,350,215,0,1,0.5896010039289301,0.36231619596954984
42,3,7,350,153,0,0,0.38514047983769134,-0.46778566878422934
42,3,7,350,80,0,0,0.44505927675045887,-0.22065382361070623
42,3,7,350,117,0,0,0.00047349438717193365,-7.654896892800913
42,3,7,350,239,0,1,0.5766172626639321,0.30890213712864456
42,3,7,350,210,1,1,0.7533636865084729,1.116633258066249
42,3,7,350,85,1,0,0.11524142483700298,-2.0382855371426536
42,3,7,350,195,0,0,0.36319107297778097,-0.5615405853775512
42,3,7,350,198,0,0,0.05527857439275793,-2.8385047060342408
42,3,7,350,282,0,0,0.0923526552579215,-2.285241457963645
42,3,7,350,132,1,1,0.5680775739746505,0.2740119805609855
42,3,7,350,207,0,0,0.0017494003138015383,-6.346731295300373
42,3,7,350,247,1,1,0.7009961248004298,0.8520458250768337
42,3,7,350,87,1,1,0.6932924714161929,0.8155573289524991
42,3,7,350,53,1,1,0.8981927919967156,2.177303828535942
42,3,7,350,127,0,0,0.17430184977074087,-1.5554407061368785
42,3,7,350,100,1,1,0.8609127685595949,1.822891884580743
42,3,7,350,143,1,1,0.9951082792939955,5.315307430439683
42,3,7,350,240,0,1,0.690890610915192,0.804286281524551
42,3,7,350,271,0,1,0.7874486061045126,1.3096142937321966
42,3,7,350,243,0,0,0.2751288648137039,-0.9687543072548548
42,3,7,350,30,0,0,0.3651577793905248,-0.5530469640548543
42,3,7,350,93,0,0,0.13511468774541827,-1.856472954513033
42,3,7,350,20,0,0,0.326018082117276,-0.7262504360393502
42,3,7,350,270,1,0,0.4938905191586063,-0.024439139693161943
42,3,7,350,276,0,0,0.12792462932061646,-1.9194345973826588
42,3,7,350,185,0,0,0.09587275443333657,-2.243948271260292
42,3,7,350,180,0,0,0.2034111835807648,-1.365109166214143
42,3,7,350,142,1,1,0.7295539442325656,0.9923606578375019
42,3,7,350,63,1,1,0.5124927733327951,0.049981495838331114
42,3,7,350,293,1,1,0.9815631734812785,3.974796270229841
42,3,7,350,47,1,0,0.22236139828665816,-1.2519579155785112
42,3,7,350,149,0,1,0.6371265869507657,0.5629143103927259
42,3,7,350,144,1,1,0.7528697786238533,1.1139768663403886
42,3,7,350,184,0,0,0.06765892444736596,-2.6232194418380717
42,3,7,350,199,0,0,0.37185173425491996,-0.5242810195590323
42,3,7,350,131,1,0,0.4097841108464132,-0.36485792168293063
42,3,7,350,305,0,0,0.09311790420355373,-2.276145970731306
42,3,8,400,152,0,1,0.5868719406037683,0.3510490208439999
42,3,8,400,156,0,0,0.18485702188165035,-1.4837808595499058
42,3,8,400,237,1,1,0.8487485513503585,1.7248192973537955
42,3,8,400,186,0,0,0.2754650721240081,-0.9670691296208302
42,3,8,400,101,1,1,0.9992106649357516,7.143530010995445
42,3,8,400,258,0,0,0.3454072290667799,-0.6392892234746449
42,3,8,400,134,0,0,0.3986237420715589,-0.41120282211470094
42,3,8,400,81,1,1,0.5776129199180476,0.31298181061055264
42,3,8,400,40,0,0,0.31681358196711557,-0.7684542309560813
42,3,8,400,60,1,1,0.5857978603925392,0.3466206673464931
42,3,8,400,154,1,0,0.3553483651312781,-0.5956114513757297
42,3,8,400,14,1,1,0.9510067107995944,2.9658377854544367
42,3,8,400,312,0,0,0.002334805334634652,-6.057489224558797
42,3,8,400,304,1,1,0.9435842715067969,2.8169376851733685
42,3,8,400,106,1,0,0.43642566094086027,-0.2556811949219523
42,3,8,400,232,1,1,0.6431653995371256,0.5891295517702064
42,3,8,400,55,0,1,0.6993435990279436,0.8441740917354896
42,3,8,400,35,1,1,0.9855511817209861,4.222588428804203
42,3,8,400,89,1,1,0.7274653688990125,0.9818007023870305
42,3,8,400,277,1,1,0.9530164529953836,3.009834691236569
42,3,8,400,32,1,1,0.5660694783245656,0.26583239091378286
42,3,8,400,250,1,0,0.3186292259836008,-0.7600784874271972
42,3,8,400,233,1,1,0.7000839949346357,0.8476978682704557
42,3,8,400,268,1,1,0.8739483912119375,1.9363299083084966
42,3,8,400,51,0,0,0.2990117387799293,-0.8520083083777132
42,3,8,400,215,0,0,0.10625935346978135,-2.129532791946075
42,3,8,400,153,0,0,0.3719231562440239,-0.5239752579529614
42,3,8,400,80,0,1,0.5207306295065286,0.08297008269285572
42,3,8,400,117,0,0,0.00026696434553168,-8.228128445828604
42,3,8,400,239,0,0,0.2711224137387117,-0.9889353677261037
42,3,8,400,210,1,1,0.7297904430917812,0.9935596340166222
42,3,8,400,85,1,0,0.3818978772014832,-0.48150045535592734
42,3,8,400,195,0,0,0.13564514606090797,-1.851941139415234
42,3,8,400,198,0,0,0.019662709207034654,-3.9091727785009343
42,3,8,400,282,0,0,0.015948898389544684,-4.1222880678753295
42,3,8,400,132,1,1,0.7679670152631107,1.196867246198826
42,3,8,400,207,0,0,0.0004379318470446176,-7.733009232282372
42,3,8,400,247,1,1,0.80928626278907,1.4453791564415317
42,3,8,400,87,1,1,0.516134621624877,0.06456090190192931
42,3,8,400,53,1,1,0.9473231596946339,2.8894643846337495
42,3,8,400,127,0,0,0.13907358657752159,-1.8230058414806782
42,3,8,400,100,1,1,0.8131692948830993,1.4707364360842705
42,3,8,400,143,1,1,0.9938588449890611,5.086582352520471
42,3,8,400,240,0,1,0.6964931806606539,0.8306539230642076
42,3,8,400,271,0,0,0.480139337249849,-0.0794844717047618
42,3,8,400,243,0,1,0.5794074770892762,0.3203415042220318
42,3,8,400,30,0,0,0.3413302654439723,-0.6573717184217799
42,3,8,400,93,0,0,0.2081012198720435,-1.3364089854446
42,3,8,400,20,0,0,0.10618592417933488,-2.130306225324983
42,3,8,400,270,1,1,0.837735525971792,1.6414748894122502
42,3,8,400,276,0,0,0.05628504188254826,-2.8193953554801863
42,3,8,400,185,0,0,0.04108737809367588,-3.1500989849816294
42,3,8,400,180,0,0,0.04479285712225656,-3.0598795330236546
42,3,8,400,142,1,1,0.772569465111569,1.222877076588489
42,3,8,400,63,1,1,0.6042977542877463,0.4234050234744918
42,3,8,400,293,1,1,0.9886434259330283,4.466536937408101
42,3,8,400,47,1,0,0.45243323379882555,-0.1908441990174713
42,3,8,400,149,0,0,0.3515576828009926,-0.6121992492809241
42,3,8,400,144,1,1,0.6521161762552596,0.6283541462706789
42,3,8,400,184,0,0,0.02910640931944316,-3.507258473480625
42,3,8,400,199,0,0,0.1879360732670527,-1.4634771953753467
42,3,8,400,131,1,1,0.6294352953290695,0.5297949898221515
42,3,8,400,305,0,0,0.018561611289855375,-3.967923700387593
42,3,9,450,152,0,1,0.5322627906880475,0.1292307151957639
42,3,9,450,156,0,0,0.30597618883246336,-0.8189989853062092
42,3,9,450,237,1,1,0.7748713644187134,1.236025081648687
42,3,9,450,186,0,0,0.09391099019846864,-2.266790125148695
42,3,9,450,101,1,1,0.998404640466902,6.439059522072093
42,3,9,450,258,0,1,0.5982755269284836,0.3982849319488986
42,3,9,450,134,0,0,0.3887350953552921,-0.4526323015322506
42,3,9,450,81,1,1,0.5958375731681277,0.3881512579057722
42,3,9,450,40,0,1,0.5403294817220252,0.1616691365987697
42,3,9,450,60,1,1,0.6133515808992196,0.46142251062049067
42,3,9,450,154,1,0,0.34904892196939974,-0.6232224004889935
42,3,9,450,14,1,1,0.9101687749662805,2.3156974169167897
42,3,9,450,312,0,0,0.0014094534040259823,-6.563142858851728
42,3,9,450,304,1,1,0.9679677341718296,3.4084550523240535
42,3,9,450,106,1,0,0.44613190140245657,-0.21631191787390502
42,3,9,450,232,1,0,0.48769889917428283,-0.04921433419857352
42,3,9,450,55,0,1,0.7942186129713896,1.3505443772767098
42,3,9,450,35,1,1,0.990634229986519,4.661283819367541
42,3,9,450,89,1,1,0.7116037764518451,0.9031859519326134
42,3,9,450,277,1,1,0.971890136877606,3.543122254618339
42,3,9,450,32,1,0,0.46269403203997045,-0.149501707277518
42,3,9,450,250,1,0,0.34555196329738763,-0.6386491561330095
42,3,9,450,233,1,0,0.29185367322874034,-0.8863981909832261
42,3,9,450,268,1,1,0.9508719346680208,2.962948922758156
42,3,9,450,51,0,0,0.4764506143407236,-0.09426728811296348
42,3,9,450,215,0,0,0.07931148802319597,-2.451738786695564
42,3,9,450,153,0,0,0.3120076905791171,-0.7907498229058105
42,3,9,450,80,0,1,0.6676907774566692,0.6977592297208831
42,3,9,450,117,0,0,8.281219831869299e-05,-9.398852369107015
42,3,9,450,239,0,0,0.346650084001241,-0.6337969771537064
42,3,9,450,210,1,1,0.6175141622855022,0.47901037611632463
42,3,9,450,85,1,0,0.4140669506339337,-0.3471778555637064
42,3,9,450,195,0,0,0.20185099414889277,-1.3747655316699139
42,3,9,450,198,0,0,0.009962510093147471,-4.598913753774674
42,3,9,450,282,0,0,0.016672149979258217,-4.077202922992809
42,3,9,450,132,1,1,0.7440012492101763,1.0668701491372128
42,3,9,450,207,0,0,0.00048728398941001115,-7.626176061618882
42,3,9,450,247,1,1,0.8506007236969362,1.7393204049621072
42,3,9,450,87,1,0,0.27797521553324706,-0.9545275088617392
42,3,9,450,53,1,1,0.9429141002972263,2.8044180407803805
42,3,9,450,127,0,0,0.07328372492297736,-2.537308900392934
42,3,9,450,100,1,1,0.8019321387725286,1.3984142838427032
42,3,9,450,143,1,1,0.9837557980866868,4.103641653805184
42,3,9,450,240,0,1,0.6059807681103929,0.4304485297650647
42,3,9,450,271,0,1,0.5729133510493983,0.29374756788578904
42,3,9,450,243,0,1,0.7809313581177908,1.271102142284557
42,3,9,450,30,0,0,0.39860498153055773,-0.41128108202823177
42,3,9,450,93,0,0,0.06707147732971669,-2.6325697111452007
42,3,9,450,20,0,0,0.0416630145905767,-3.135585680451525
42,3,9,450,270,1,1,0.7350266986691725,1.0202777520574327
42,3,9,450,276,0,0,0.081296246318027,-2.4248638683937886
42,3,9,450,185,0,0,0.014352752654019243,-4.229356782888627
42,3,9,450,180,0,0,0.10935101991538797,-2.0973873139499553
42,3,9,450,142,1,1,0.7768365186937306,1.2473253246770897
42,3,9,450,63,1,0,0.45508596194843043,-0.18014172541146456
42,3,9,450,293,1,1,0.9698352080260593,3.4704507528353212
42,3,9,450,47,1,0,0.48035602103833125,-0.07861638178151562
42,3,9,450,149,0,1,0.5436402480378505,0.1750062911264504
42,3,9,450,144,1,1,0.7562847341616664,1.1324173371610913
42,3,9,450,184,0,0,0.01784711202634819,-4.007905282741805
42,3,9,450,199,0,0,0.10485142478693045,-2.144445364254544
42,3,9,450,131,1,1,0.7511472942474419,1.1047405850835545
42,3,9,450,305,0,0,0.012072429238232301,-4.4046851087680166
42,3,10,500,152,0,1,0.761248439599992,1.1595362541891379
42,3,10,500,156,0,0,0.11881129464528671,-2.003735322318866
42,3,10,500,237,1,1,0.8834787934001582,2.0257940011889426
42,3,10,500,186,0,0,0.047954990113408105,-2.9883494479504233
42,3,10,500,101,1,1,0.9967620722052981,5.729578542100037
42,3,10,500,258,0,0,0.2053133099305112,-1.3534107828966062
42,3,10,500,134,0,0,0.21407011645536642,-1.300563973418844
42,3,10,500,81,1,1,0.5877038561679051,0.3544812882048576
42,3,10,500,40,0,0,0.4934286481290136,-0.026286921072756875
42,3,10,500,60,1,1,0.8361866390614638,1.630124103929682
42,3,10,500,154,1,1,0.5617033972695544,0.24807809133183467
42,3,10,500,14,1,1,0.9705122767956951,3.493850038338696
42,3,10,500,312,0,0,0.000659663400072755,-7.323120971854039
42,3,10,500,304,1,1,0.9614005645651564,3.2151534923685112
42,3,10,500,106,1,1,0.6579166688604862,0.6540239145508223
42,3,10,500,232,1,1,0.579978691884768,0.32268592113768957
42,3,10,500,55,0,1,0.7503297868347656,1.1003719259809863
42,3,10,500,35,1,1,0.9956980801307262,5.444382674948933
42,3,10,500,89,1,1,0.8827201007646718,2.018444784718969
42,3,10,500,277,1,1,0.9926345070066241,4.903556541814927
42,3,10,500,32,1,1,0.8216658462581964,1.5276747407008124
42,3,10,500,250,1,0,0.4613334823928158,-0.15497550307828878
42,3,10,500,233,1,0,0.3613768441050193,-0.5693932366821148
42,3,10,500,268,1,1,0.8595373548485389,1.8114527024012077
42,3,10,500,51,0,1,0.8650193836885999,1.8576207303184558
42,3,10,500,215,0,0,0.07431105184840708,-2.52227858215309
42,3,10,500,153,0,0,0.2582281429837085,-1.0551982562488909
42,3,10,500,80,0,1,0.5326636663257474,0.13084100592600112
42,3,10,500,117,0,0,0.00013105899660166857,-8.93973191281932
42,3,10,500,239,0,1,0.5012940773523619,0.005176320967407555
42,3,10,500,210,1,1,0.8988790259795953,2.1848308976477293
42,3,10,500,85,1,0,0.47886631854416883,-0.08458512112765659
42,3,10,500,195,0,0,0.3088517325264811,-0.8054930384460648
42,3,10,500,198,0,0,0.0008899617303381283,-7.023441737801284
42,3,10,500,282,0,0,0.10087232511974555,-2.1875694337067864
42,3,10,500,132,1,1,0.9429764710589216,2.8055773600643303
42,3,10,500,207,0,0,0.0029418792215647432,-5.825760495764701
42,3,10,500,247,1,1,0.8320077822380548,1.5999241389442131
42,3,10,500,87,1,0,0.24870463614194466,-1.1055328763903762
42,3,10,500,53,1,1,0.8868809509015328,2.0592699618763053
42,3,10,500,127,0,0,0.04893072043540776,-2.9671814800760843
42,3,10,500,100,1,1,0.862378302070494,1.8351854383924995
42,3,10,500,143,1,1,0.9929964762589637,4.954313701484888
42,3,10,500,240,0,0,0.3078787262831145,-0.8100552316976768
42,3,10,500,271,0,1,0.6537477353680535,0.6355539533755352
42,3,10,500,243,0,1,0.8866843072005848,2.0573113431914933
42,3,10,500,30,0,1,0.6932905874986557,0.8155484692278521
42,3,10,500,93,0,0,0.03854587538080802,-3.216597751313725
42,3,10,500,20,0,0,0.028475695481726664,-3.529815352694687
42,3,10,500,270,1,1,0.7942575079245368,1.3507823775818073
42,3,10,500,276,0,0,0.029547400128985067,-3.491766802596881
42,3,10,500,185,0,0,0.0068833763097378466,-4.971738828695001
42,3,10,500,180,0,0,0.11487815260928962,-2.041853292074943
42,3,10,500,142,1,1,0.6483545168746665,0.6118141228239228
42,3,10,500,63,1,1,0.6365976566405922,0.5606272294154089
42,3,10,500,293,1,1,0.9794062859037617,3.8619606690933326
42,3,10,500,47,1,0,0.45181205411522884,-0.1933519112113946
42,3,10,500,149,0,0,0.14605474131083213,-1.7658855999176266
42,3,10,500,144,1,1,0.842645850360629,1.6780477682031512
42,3,10,500,184,0,0,0.05436293758085452,-2.856176213283671
42,3,10,500,199,0,0,0.097058238249122,-2.2303468644924043
42,3,10,500,131,1,1,0.8504404332331442,1.7380596186456696
42,3,10,500,305,0,0,0.004964337190705583,-5.300498786283183
42,4,1,50,29,0,1,0.6523732286607248,0.6294874266561022
42,4,1,50,230,1,0,0.46227603364851794,-0.1511831667042574
42,4,1,50,114,0,1,0.8093181840531877,1.4455859912932896
42,4,1,50,175,0,0,0.23198349220568662,-1.1971450125916236
42,4,1,50,138,1,1,0.8003233987168712,1.3883168301591042
42,4,1,50,119,1,0,0.13167226471989743,-1.886253226415084
42,4,1,50,213,0,1,0.7862746486134219,1.3026143710940254
42,4,1,50,209,0,1,0.8158473550625599,1.4884622668519758
42,4,1,50,124,1,0,0.3307803618222162,-0.7046577187603517
42,4,1,50,37,1,0,0.2396401603794993,-1.154653327944894
42,4,1,50,169,0,0,0.1444313855703115,-1.7789617395719395
42,4,1,50,72,0,1,0.5731067146050558,0.2945378728914787
42,4,1,50,90,1,1,0.773438361907136,1.227828938819488
42,4,1,50,123,0,0,0.13065542634464494,-1.8951760395635628
42,4,1,50,61,0,0,0.34026130929902393,-0.6621299542583253
42,4,1,50,158,0,0,0.23391598919460124,-1.1863298080489333
42,4,1,50,284,1,1,0.6371140939240034,0.5628602743452603
42,4,1,50,297,1,1,0.5622049639447002,0.2501156412930363
42,4,1,50,251,1,1,0.7891144238262402,1.3195956408251468
42,4,1,50,21,0,0,0.17749726701088767,-1.5333965937419478
42,4,1,50,194,0,0,0.455730223701771,-0.17754401649272705
42,4,1,50,107,1,0,0.1966339550388579,-1.4074665527698582
42,4,1,50,252,0,0,0.33263437950469993,-0.6962941250611966
42,4,1,50,212,1,1,0.7933691115906444,1.345354521840132
42,4,1,50,187,1,0,0.27317282602923426,-0.9785840670717688
42,4,1,50,147,0,0,0.49527698301674133,-0.01889262986081247
42,4,1,50,272,0,1,0.7273790622553875,0.9813654238903703
42,4,1,50,129,1,0,0.37040318905685915,-0.5304875193796448
42,4,1,50,74,0,0,0.29043069137028815,-0.8932932145077506
42,4,1,50,280,1,1,0.6318158451166932,0.540014733498461
42,4,1,50,231,0,0,0.33690938431657624,-0.6770976511587619
42,4,1,50,227,0,1,0.544453807679369,0.17828598269061408
42,4,1,50,88,1,1,0.810052292636998,1.4503499945197165
42,4,1,50,262,1,0,0.39246896033697515,-0.4369458158536496
42,4,1,50,70,0,1,0.5918886392339849,0.37177842757121937
42,4,1,50,179,0,0,0.2704282069157267,-0.9924511229731278
42,4,1,50,249,1,0,0.25283950680012446,-1.0835250854283287
42,4,1,50,296,0,1,0.6055114753445908,0.42848346312570207
42,4,1,50,173,1,0,0.43843264220253414,-0.24752553700159863
42,4,1,50,43,0,1,0.5182281963057647,0.07294511303671403
42,4,1,50,166,1,0,0.22085251949121196,-1.2607052021123386
42,4,1,50,108,1,1,0.6907022343761965,0.8034043553466647
42,4,1,50,2,0,1,0.7685448390010422,1.2001127416299893
42,4,1,50,219,1,0,0.0467010507088817,-3.016161883776931
42,4,1,50,19,1,0,0.2726377024067526,-0.9812808830706846
42,4,1,50,263,1,1,0.6431646974614963,0.5891264926673746
42,4,1,50,218,1,0,0.38087087534565534,-0.4858534451267691
42,4,1,50,49,1,0,0.40486126262708017,-0.38525010341622085
42,4,1,50,311,0,0,0.29589224284976057,-0.8669360649614687
42,4,1,50,170,1,0,0.4845916783467294,-0.061652808073016985
42,4,1,50,91,1,1,0.5216701968468663,0.08673512207112727
42,4,1,50,259,0,1,0.547938625749618,0.19234532951440164
42,4,1,50,257,0,1,0.7604943878000684,1.1553918824920135
42,4,1,50,111,0,1,0.7336156535787454,1.0130450814846763
42,4,1,50,130,1,0,0.42064964577495106,-0.3201071049542086
42,4,1,50,291,1,1,0.5509986172840938,0.2047063324005508
42,4,1,50,313,0,0,0.1635494206930683,-1.6320522264554636
42,4,1,50,315,0,1,0.5385007825581453,0.15430859155634175
42,4,1,50,105,0,1,0.7833333357371428,1.2851982584117199
42,4,1,50,136,0,0,0.22913119058291342,-1.2132234785269924
42,4,1,50,46,1,0,0.41933699713298067,-0.3254956733257787
42,4,1,50,264,1,1,0.6445255512224012,0.5950610940073668
42,4,1,50,75,0,1,0.5393130932046721,0.15757762889768
42,4,2,100,29,0,1,0.5230055568005043,0.09208724752250286
42,4,2,100,230,1,0,0.23277178832619586,-1.1927257707997805
42,4,2,100,114,0,0,0.3804506451393864,-0.487635908410554
42,4,2,100,175,0,0,0.19601626741910044,-1.4113813830432598
42,4,2,100,138,1,1,0.5748661536418238,0.30173318547463324
42,4,2,100,119,1,0,0.2009096933576792,-1.3806184436412934
42,4,2,100,213,0,1,0.9120040927342408,2.338354172658442
42,4,2,100,209,0,0,0.11829694701911944,-2.008657361151017
42,4,2,100,124,1,0,0.2266278547363297,-1.2274510968375931
42,4,2,100,37,1,1,0.8056199605071631,1.4217969090423423
42,4,2,100,169,0,0,0.09466593609144464,-2.2579497748589414
42,4,2,100,72,0,0,0.343961217594391,-0.6456909952507159
42,4,2,100,90,1,0,0.2588547076676842,-1.05192975205915
42,4,2,100,123,0,0,0.324940660767199,-0.7311580135783984
42,4,2,100,61,0,0,0.3210663415823463,-0.7488756445787011
42,4,2,100,158,0,1,0.8171755107346133,1.4973272776271958
42,4,2,100,284,1,1,0.541998948963042,0.16839258330311516
42,4,2,100,297,1,1,0.533851960784691,0.13561530913536968
42,4,2,100,251,1,1,0.7752793647486558,1.2383654253936731
42,4,2,100,21,0,0,0.26790803612557806,-1.0052623669416012
42,4,2,100,194,0,1,0.8588825763818791,1.8060398791806633
42,4,2,100,107,1,1,0.847479099498646,1.7149645384674492
42,4,2,100,252,0,0,0.39056831743611314,-0.4449239523689624
42,4,2,100,212,1,1,0.6659316028696206,0.6898412130333377
42,4,2,100,187,1,0,0.2937730937686431,-0.8771289033316305
42,4,2,100,147,0,1,0.9232400788744606,2.4872066642111994
42,4,2,100,272,0,1,0.6672427875488288,0.6957408466819448
42,4,2,100,129,1,1,0.6963855765574879,0.8301449438075609
42,4,2,100,74,0,1,0.7235078032465853,0.9619287323692454
42,4,2,100,280,1,1,0.9460659537231842,2.864550350299388
42,4,2,100,231,0,1,0.610779295291184,0.45058912806212825
42,4,2,100,227,0,0,0.4788731547492287,-0.08455772738350126
42,4,2,100,88,1,1,0.5987946348537556,0.4004452639295316
42,4,2,100,262,1,1,0.903160053988773,2.2328402100879474
42,4,2,100,70,0,0,0.4598387584426755,-0.160991787553859
42,4,2,100,179,0,0,0.2933920863083249,-0.8789660415583408
42,4,2,100,249,1,1,0.8482387621807808,1.7208536733174482
42,4,2,100,296,0,0,0.2753766461380572,-0.9675122250373832
42,4,2,100,173,1,0,0.4033372910393257,-0.3915788147491588
42,4,2,100,43,0,1,0.5456803964629793,0.18323252697728157
42,4,2,100,166,1,1,0.7897607238170405,1.3234837258618752
42,4,2,100,108,1,1,0.6153398071369586,0.46981431853412714
42,4,2,100,2,0,1,0.835206550088964,1.6229861886370611
42,4,2,100,219,1,0,0.4900527474663249,-0.039794260763420686
42,4,2,100,19,1,0,0.1166403894758815,-2.0246367702501544
42,4,2,100,263,1,0,0.45538390672948736,-0.1789403161813522
42,4,2,100,218,1,1,0.7097455338050327,0.8941484948352094
42,4,2,100,49,1,0,0.4631803572593912,-0.147545658524687
42,4,2,100,311,0,0,0.4880267000982374,-0.0479023573778621
42,4,2,100,170,1,0,0.3099820677866609,-0.8002031360120133
42,4,2,100,91,1,1,0.5338791262136179,0.13572447163408305
42,4,2,100,259,0,0,0.34676413670144757,-0.6332934360878368
42,4,2,100,257,0,1,0.7395458144148973,1.0436092588117776
42,4,2,100,111,0,1,0.8469665259231021,1.711004490840289
42,4,2,100,130,1,0,0.15186532522211216,-1.7200453279542638
42,4,2,100,291,1,0,0.3803549532144391,-0.4880419047722011
42,4,2,100,313,0,0,0.14709582495513135,-1.7575629575830312
42,4,2,100,315,0,0,0.4887460802935344,-0.04502328282749321
42,4,2,100,105,0,1,0.6056778586173045,0.4291800653338369
42,4,2,100,136,0,0,0.3786813068417213,-0.4951491714865891
42,4,2,100,46,1,1,0.7337863289929694,1.013918620529089
42,4,2,100,264,1,1,0.6119206236771411,0.45539267737490197
42,4,2,100,75,0,1,0.571599701311356,0.28838088771480563
42,4,3,150,29,0,0,0.27311562111317905,-0.9788722001288701
42,4,3,150,230,1,0,0.24462663361892592,-1.127479048272072
42,4,3,150,114,0,0,0.4238819294174912,-0.3068576752423298
42,4,3,150,175,0,0,0.238271345385282,-1.1621802650588677
42,4,3,150,138,1,0,0.4264850402341835,-0.29620673059714536
42,4,3,150,119,1,0,0.35750867385666873,-0.5861936921363573
42,4,3,150,213,0,1,0.924667213386852,2.507518450238159
42,4,3,150,209,0,0,0.3325849099804688,-0.69651698036252
42,4,3,150,124,1,0,0.21314028014790273,-1.306099444659522
42,4,3,150,37,1,1,0.5349458849597502,0.14001181692530673
42,4,3,150,169,0,0,0.11627670401387642,-2.0281712700132664
42,4,3,150,72,0,0,0.45167709135258627,-0.19389683790060416
42,4,3,150,90,1,0,0.21485237127930076,-1.295920615099225
42,4,3,150,123,0,0,0.20540757708001137,-1.352833121418256
42,4,3,150,61,0,0,0.18670182941757274,-1.4715849465929267
42,4,3,150,158,0,1,0.8095782121853115,1.4472718387343466
42,4,3,150,284,1,1,0.5585370456221378,0.2352268388977364
42,4,3,150,297,1,0,0.4906714476747193,-0.03731853974286309
42,4,3,150,251,1,1,0.8060225752014445,1.4243699657747737
42,4,3,150,21,0,0,0.14160596360617092,-1.802014947705711
42,4,3,150,194,0,1,0.7348381776868165,1.0193100187064985
42,4,3,150,107,1,1,0.6978470402753387,0.8370665604339755
42,4,3,150,252,0,0,0.08539438571914464,-2.3712125920748193
42,4,3,150,212,1,1,0.5612014225976691,0.24603939676866937
42,4,3,150,187,1,0,0.2460297400878689,-1.1199005008513725
42,4,3,150,147,0,1,0.8689497117114542,1.8917041248408493
42,4,3,150,272,0,1,0.5221989291153799,0.0888541293741717
42,4,3,150,129,1,1,0.5843396949301829,0.3406141307937314
42,4,3,150,74,0,1,0.5591291709339611,0.23762859354765498
42,4,3,150,280,1,1,0.8733071188212069,1.9305213917051611
42,4,3,150,231,0,1,0.5050331063161045,0.020133105302832216
42,4,3,150,227,0,0,0.4036414605658373,-0.39031505234657254
42,4,3,150,88,1,1,0.638139105198757,0.5672964233350364
42,4,3,150,262,1,1,0.7238241421476473,0.9635106363504902
42,4,3,150,70,0,0,0.36109994042459137,-0.5705932775548698
42,4,3,150,179,0,0,0.048503184922701226,-2.9764068751688866
42,4,3,150,249,1,0,0.44424555926164655,-0.22394907239449202
42,4,3,150,296,0,0,0.19756175046428648,-1.401603708372793
42,4,3,150,173,1,0,0.4769944256484105,-0.09208731787578323
42,4,3,150,43,0,0,0.33668870234376874,-0.6780856373534057
42,4,3,150,166,1,1,0.6711199560337979,0.7132548167521047
42,4,3,150,108,1,1,0.6335810942951514,0.5476107714974684
42,4,3,150,2,0,1,0.5737797789295419,0.29728949873566846
42,4,3,150,219,1,1,0.5587854556593759,0.2362343469834425
42,4,3,150,19,1,0,0.15584200641122709,-1.6894969586454502
42,4,3,150,263,1,0,0.2851102407858966,-0.9192524326371505
42,4,3,150,218,1,1,0.7623468667550937,1.1655894705709784
42,4,3,150,49,1,0,0.3302169306839073,-0.7072040786185759
42,4,3,150,311,0,1,0.5172760928445997,0.06913189125995367
42,4,3,150,170,1,0,0.2717313427528999,-0.9858561470789172
42,4,3,150,91,1,1,0.545537345586482,0.18265552239880878
42,4,3,150,259,0,0,0.3993712212672597,-0.4080857075677812
42,4,3,150,257,0,1,0.5193315888324085,0.07736492013453111
42,4,3,150,111,0,1,0.7306962945501849,0.9981581484043269
42,4,3,150,130,1,0,0.2003832772237758,-1.3839005975931262
42,4,3,150,291,1,0,0.43287967000964017,-0.27011171239654874
42,4,3,150,313,0,0,0.3056176847955243,-0.8206877705730261
42,4,3,150,315,0,0,0.38591513593884835,-0.4645156434671709
42,4,3,150,105,0,1,0.6748207882440479,0.7300707055830449
42,4,3,150,136,0,0,0.2756344587740959,-0.9662205930070247
42,4,3,150,46,1,1,0.8963051854113211,2.1568288536801523
42,4,3,150,264,1,1,0.8531488253020538,1.759514348159671
42,4,3,150,75,0,0,0.2372298970500629,-1.1679269784252952
42,4,4,200,29,0,1,0.5300420556265776,0.12031314299295226
42,4,4,200,230,1,0,0.43284133088890375,-0.2702678848007076
42,4,4,200,114,0,1,0.7275370177911467,0.9821621215424454
42,4,4,200,175,0,0,0.4246236796133077,-0.30382098002283975
42,4,4,200,138,1,1,0.6186172861409421,0.4836834345587212
42,4,4,200,119,1,0,0.25501579988941475,-1.0720375066598051
42,4,4,200,213,0,1,0.9485153075083679,2.9136133975786582
42,4,4,200,209,0,0,0.24025859922850967,-1.151262273190862
42,4,4,200,124,1,0,0.4934265993283123,-0.0262951176918107
42,4,4,200,37,1,0,0.40738323842736895,-0.374793559383358
42,4,4,200,169,0,0,0.09710866514243476,-2.2297715975734054
42,4,4,200,72,0,1,0.5388378548263416,0.15566499368206715
42,4,4,200,90,1,0,0.1524489304826556,-1.7155214385756254
42,4,4,200,123,0,0,0.13031429468907252,-1.898182704023235
42,4,4,200,61,0,0,0.12122821005637752,-1.9808504365469277
42,4,4,200,158,0,1,0.6281844922750306,0.5244361165571669
42,4,4,200,284,1,1,0.7861360883550648,1.3017900320012288
42,4,4,200,297,1,1,0.5022853993680345,0.009141661135633528
42,4,4,200,251,1,1,0.7798124309167379,1.2645736477328193
42,4,4,200,21,0,0,0.01766271699388757,-4.01847868126114
42,4,4,200,194,0,1,0.6438645199622586,0.5921771108830112
42,4,4,200,107,1,0,0.4565489695501103,-0.17424363611021954
42,4,4,200,252,0,0,0.003771163929506182,-5.576593297857578
42,4,4,200,212,1,0,0.4638630433838177,-0.14480030097172186
42,4,4,200,187,1,1,0.5739210336743508,0.2978671188071107
42,4,4,200,147,0,1,0.8936420326126043,2.128494828533957
42,4,4,200,272,0,1,0.5448725731289901,0.1799745177538511
42,4,4,200,129,1,1,0.6637930758646541,0.6802436521258999
42,4,4,200,74,0,0,0.31488511680771936,-0.7773786731331115
42,4,4,200,280,1,1,0.9494413537603699,2.9327397887964923
42,4,4,200,231,0,0,0.2154746556448024,-1.2922355826205218
42,4,4,200,227,0,1,0.774801551114606,1.2356249249641325
42,4,4,200,88,1,1,0.5189489250728441,0.07583201871072344
42,4,4,200,262,1,1,0.799067435754872,1.3804759919006973
42,4,4,200,70,0,0,0.3796282209594327,-0.49112653402666795
42,4,4,200,179,0,0,0.04712886819335375,-3.0065939447249526
42,4,4,200,249,1,0,0.23169476934990574,-1.1987662338473233
42,4,4,200,296,0,0,0.16072687772619887,-1.652829673785928
42,4,4,200,173,1,0,0.38913341859285017,-0.45095631108899814
42,4,4,200,43,0,0,0.18369446847046125,-1.491514830766346
42,4,4,200,166,1,1,0.631242060294387,0.5375489639317187
42,4,4,200,108,1,1,0.7157854563349941,0.9236510916651441
42,4,4,200,2,0,1,0.5615689989231076,0.24753220257128172
42,4,4,200,219,1,1,0.5823763537445636,0.3325362355178496
42,4,4,200,19,1,0,0.2008156569895389,-1.3812042784813836
42,4,4,200,263,1,0,0.2652006395594209,-1.0191108130343878
42,4,4,200,218,1,1,0.5297715087418627,0.11922706982398379
42,4,4,200,49,1,0,0.4972671718190155,-0.010931421577713318
42,4,4,200,311,0,1,0.5872221419121472,0.3524936098297506
42,4,4,200,170,1,0,0.07459606488866549,-2.5181425724627093
42,4,4,200,91,1,1,0.8493001501652276,1.7291225484159876
42,4,4,200,259,0,1,0.5621936382022799,0.25006962623984236
42,4,4,200,257,0,1,0.555513270359085,0.22297229789741962
42,4,4,200,111,0,1,0.5238770881107874,0.09558105297890324
42,4,4,200,130,1,0,0.1070770172734682,-2.120951968468586
42,4,4,200,291,1,1,0.5018894443379643,0.0075578133271846926
42,4,4,200,313,0,0,0.33855438328081017,-0.6697430290443953
42,4,4,200,315,0,1,0.5053810226892852,0.02152492179991844
42,4,4,200,105,0,0,0.421245295524797,-0.31766342033970907
42,4,4,200,136,0,0,0.28334477031427663,-0.9279304479315301
42,4,4,200,46,1,1,0.9101202975121689,2.315104648634805
42,4,4,200,264,1,1,0.8245408134282618,1.5474201808831745
42,4,4,200,75,0,0,0.10397742203509674,-2.153791831522707
42,4,5,250,29,0,0,0.46255931971365544,-0.15004358408513813
42,4,5,250,230,1,0,0.47686793334696587,-0.09259436642937655
42,4,5,250,114,0,1,0.6207049833143915,0.4925415915053738
42,4,5,250,175,0,1,0.5278177262142475,0.11138592428760655
42,4,5,250,138,1,1,0.9669611065015575,3.376472815524694
42,4,5,250,119,1,1,0.7512293433923135,1.1051795749251223
42,4,5,250,213,0,1,0.8380856448058908,1.6440527729039243
42,4,5,250,209,0,0,0.21816894833435632,-1.276368915743531
42,4,5,250,124,1,1,0.9093874592714019,2.3061786290750987
42,4,5,250,37,1,0,0.1944401219872536,-1.4214132767526153
42,4,5,250,169,0,0,0.14235039063865768,-1.7959040774472799
42,4,5,250,72,0,0,0.287036570640933,-0.9098204963994541
42,4,5,250,90,1,0,0.07012807426601733,-2.584723659716759
42,4,5,250,123,0,0,0.2714810847954483,-0.9871211222039227
42,4,5,250,61,0,0,0.12081089517686172,-1.9847735375691302
42,4,5,250,158,0,0,0.35760679755674357,-0.5857665291285111
42,4,5,250,284,1,1,0.7340763080402196,1.0154035898241993
42,4,5,250,297,1,1,0.6290311840101168,0.5280628274550577
42,4,5,250,251,1,1,0.8943251812982104,2.135702815676362
42,4,5,250,21,0,0,0.025985559158088402,-3.623885163135299
42,4,5,250,194,0,0,0.20145251629356445,-1.3772407295509894
42,4,5,250,107,1,0,0.38277450476154684,-0.47778837216056835
42,4,5,250,252,0,0,0.001807711216964561,-6.3138844078011385
42,4,5,250,212,1,1,0.6509181010879073,0.6230772674717637
42,4,5,250,187,1,0,0.355819275330095,-0.5935563667198123
42,4,5,250,147,0,1,0.6513867315771443,0.6251403291590408
42,4,5,250,272,0,0,0.277441139196102,-0.9571900852261889
42,4,5,250,129,1,1,0.6324183004765602,0.5426054374778647
42,4,5,250,74,0,0,0.21064280449026054,-1.321055108438133
42,4,5,250,280,1,1,0.8542175182473122,1.7680702067965486
42,4,5,250,231,0,0,0.1066286479703957,-2.125650123859775
42,4,5,250,227,0,1,0.7453902222860335,1.0741757799496159
42,4,5,250,88,1,0,0.2527338044375548,-1.0840846960329955
42,4,5,250,262,1,1,0.9274284300067092,2.5478423798432925
42,4,5,250,70,0,0,0.1708427388416212,-1.5796663595109508
42,4,5,250,179,0,0,0.0606769552958703,-2.739595473793619
42,4,5,250,249,1,0,0.18551401342277868,-1.4794267997028512
42,4,5,250,296,0,0,0.28982991671198577,-0.8962102384447013
42,4,5,250,173,1,1,0.5629830403100365,0.25327750020101086
42,4,5,250,43,0,0,0.21933715367831375,-1.2695333012902954
42,4,5,250,166,1,1,0.8034258222321004,1.4078450075206943
42,4,5,250,108,1,1,0.7214064661629022,0.9514488801923416
42,4,5,250,2,0,0,0.348500730943211,-0.6256359470289413
42,4,5,250,219,1,0,0.4698891902016778,-0.12058915840549284
42,4,5,250,19,1,0,0.23945373392798117,-1.15567672579949
42,4,5,250,263,1,0,0.23150007477328519,-1.1998602691599531
42,4,5,250,218,1,1,0.623258316582481,0.5034013034853236
42,4,5,250,49,1,1,0.6548540552297805,0.6404450384653133
42,4,5,250,311,0,0,0.20746156523428275,-1.340294907975149
42,4,5,250,170,1,0,0.3389403905109179,-0.6680197638377213
42,4,5,250,91,1,1,0.9456423926164439,2.8562799030631876
42,4,5,250,259,0,0,0.49878390858621957,-0.004864375246895314
42,4,5,250,257,0,1,0.5441633055594877,0.17711477670497458
42,4,5,250,111,0,0,0.238497460779767,-1.1609348431816597
42,4,5,250,130,1,0,0.0747701639858757,-2.5156232498015605
42,4,5,250,291,1,1,0.6081151307805908,0.4393961281953629
42,4,5,250,313,0,0,0.4224943423803748,-0.3125421832000108
42,4,5,250,315,0,1,0.6636868556428245,0.6797677320936882
42,4,5,250,105,0,1,0.5846103320901784,0.341728487794751
42,4,5,250,136,0,0,0.13512104119767523,-1.8564185869243532
42,4,5,250,46,1,1,0.8820639872220597,2.0121223884528163
42,4,5,250,264,1,1,0.8082123558675198,1.4384361008657622
42,4,5,250,75,0,0,0.04716256577646284,-3.005843825950377
42,4,6,300,29,0,1,0.623420987106345,0.5040941454951189
42,4,6,300,230,1,1,0.5540493560033467,0.21704549082597835
42,4,6,300,114,0,0,0.4365797884213105,-0.2550545791768153
42,4,6,300,175,0,0,0.27874845714565216,-0.9506781691039775
42,4,6,300,138,1,1,0.9877947574353575,4.393609362928551
42,4,6,300,119,1,1,0.903329899427994,2.234783666987028
42,4,6,300,213,0,1,0.8538232909308734,1.764908027161133
42,4,6,300,209,0,0,0.28042789055602135,-0.942340125662631
42,4,6,300,124,1,1,0.790395388435092,1.3273103580010397
42,4,6,300,37,1,0,0.12474823695304835,-1.9482139722771574
42,4,6,300,169,0,0,0.13477910476721902,-1.8593476672239766
42,4,6,300,72,0,0,0.1518186643657971,-1.720407641058114
42,4,6,300,90,1,0,0.08941189618553876,-2.320836918418506
42,4,6,300,123,0,0,0.20813200614723606,-1.3362221801563519
42,4,6,300,61,0,0,0.15638661587516114,-1.6853630657621888
42,4,6,300,158,0,0,0.33173974511258864,-0.700326939543196
42,4,6,300,284,1,1,0.707025791141474,0.8809825641530525
42,4,6,300,297,1,1,0.7988729550036887,1.3792651550733916
42,4,6,300,251,1,1,0.8284880416683996,1.5749494109928213
42,4,6,300,21,0,0,0.020838913539089756,-3.849874088749347
42,4,6,300,194,0,0,0.225328026328369,-1.234882444674775
42,4,6,300,107,1,0,0.43563162836608543,-0.258910182328574
42,4,6,300,252,0,0,0.006574193391841728,-5.018007487907827
42,4,6,300,212,1,1,0.9621312934412825,3.235025834465247
42,4,6,300,187,1,1,0.5239978630946404,0.096065262730746
42,4,6,300,147,0,1,0.663802651882544,0.6802865611492588
42,4,6,300,272,0,0,0.25343781999662846,-1.080360401958977
42,4,6,300,129,1,0,0.1690273048102447,-1.5925366677444903
42,4,6,300,74,0,0,0.2643078641500047,-1.023697161735113
42,4,6,300,280,1,1,0.9552532855706731,3.0609585043571053
42,4,6,300,231,0,0,0.19439879866022186,-1.4216771203634357
42,4,6,300,227,0,1,0.6615338457004002,0.6701370472709058
42,4,6,300,88,1,0,0.4105914430506276,-0.36152092400919383
42,4,6,300,262,1,1,0.961445338277169,3.216360693586445
42,4,6,300,70,0,0,0.18961151592880232,-1.4525364166572763
42,4,6,300,179,0,0,0.02854113237004042,-3.527452641031442
42,4,6,300,249,1,1,0.5308624748709051,0.12360703897233044
42,4,6,300,296,0,0,0.1785524552444792,-1.5261856574674526
42,4,6,300,173,1,1,0.6980294080862741,0.83793159893938
42,4,6,300,43,0,0,0.3347741013091682,-0.6866707003354126
42,4,6,300,166,1,1,0.9312845421118555,2.606590681638344
42,4,6,300,108,1,1,0.562487809710491,0.2512648932895819
42,4,6,300,2,0,0,0.20437568525425726,-1.3591672134614385
42,4,6,300,219,1,1,0.6769563525912841,0.7398193536441284
42,4,6,300,19,1,1,0.5328419269149869,0.1315571211286537
42,4,6,300,263,1,0,0.1981716078642701,-1.3977612483708808
42,4,6,300,218,1,0,0.4889807933874241,-0.04408396444617013
42,4,6,300,49,1,0,0.49209769893549143,-0.03161183649229518
42,4,6,300,311,0,0,0.4101095110257889,-0.3635126836672443
42,4,6,300,170,1,0,0.2954915105486448,-0.8688602742617664
42,4,6,300,91,1,1,0.8991426998908465,2.1877351060853796
42,4,6,300,259,0,0,0.2229001859646842,-1.248844728221229
42,4,6,300,257,0,1,0.5477791576465103,0.19170155893849783
42,4,6,300,111,0,0,0.27917654717408275,-0.9485498757144857
42,4,6,300,130,1,0,0.23135509622241004,-1.2006753559385581
42,4,6,300,291,1,1,0.7639607350134445,1.1745182256361884
42,4,6,300,313,0,0,0.18738650868179757,-1.4670822109518218
42,4,6,300,315,0,1,0.5741336573719551,0.29873667443778656
42,4,6,300,105,0,1,0.6422636706010255,0.585202716260598
42,4,6,300,136,0,0,0.08837088078432717,-2.333690727349672
42,4,6,300,46,1,1,0.5350084597950486,0.14026334715778432
42,4,6,300,264,1,1,0.8701423698890183,1.9022181444661717
42,4,6,300,75,0,0,0.05792618112327459,-2.788914174822047
42,4,7,350,29,0,1,0.5849051106662934,0.3429424869947406
42,4,7,350,230,1,1,0.6012089578112275,0.41050498173182437
42,4,7,350,114,0,1,0.5959082794971488,0.3884448786202004
42,4,7,350,175,0,0,0.12071770632164502,-1.985651185051499
42,4,7,350,138,1,1,0.9906190520259596,4.659649231541483
42,4,7,350,119,1,1,0.7281518914663249,0.9852661827476037
42,4,7,350,213,0,1,0.8750871768594677,1.9467074329716658
42,4,7,350,209,0,0,0.06305641206032545,-2.6985933201897203
42,4,7,350,124,1,1,0.8154839472570986,1.4860452708943659
42,4,7,350,37,1,1,0.7685987136775745,1.2004156309241194
42,4,7,350,169,0,0,0.20588951414389295,-1.349882916717818
42,4,7,350,72,0,0,0.0630764834698687,-2.6982536396128274
42,4,7,350,90,1,0,0.26209670191833845,-1.0350992566502737
42,4,7,350,123,0,0,0.27265658698031636,-0.9811856558562592
42,4,7,350,61,0,0,0.14678230384016677,-1.7600641644439339
42,4,7,350,158,0,0,0.2632865301380743,-1.0289561302311485
42,4,7,350,284,1,1,0.6471872446882609,0.6066981791047792
42,4,7,350,297,1,1,0.7097175545377881,0.8940126815088385
42,4,7,350,251,1,1,0.7859602152909516,1.3007442668718388
42,4,7,350,21,0,0,0.016470163642542945,-4.089597494350393
42,4,7,350,194,0,0,0.07768712919842823,-2.4741949089875424
42,4,7,350,107,1,0,0.4445760255409067,-0.2226106636374648
42,4,7,350,252,0,0,0.005901669399321025,-5.12660086598285
42,4,7,350,212,1,1,0.935803379915636,2.6794548275692875
42,4,7,350,187,1,1,0.792921825258945,1.3426282580399895
42,4,7,350,147,0,1,0.8352052417723996,1.6229766830790011
42,4,7,350,272,0,0,0.2936824551934468,-0.8775658173005337
42,4,7,350,129,1,1,0.6205841244490159,0.4920282702550204
42,4,7,350,74,0,0,0.15029349261773772,-1.7323010045618594
42,4,7,350,280,1,1,0.9805636625010712,3.920983191115704
42,4,7,350,231,0,0,0.09314123001431848,-2.2758697832921735
42,4,7,350,227,0,1,0.6162287693445052,0.4735716518407146
42,4,7,350,88,1,1,0.79218876818711,1.3381695788086416
42,4,7,350,262,1,1,0.9790781991122284,3.845819795866505
42,4,7,350,70,0,0,0.145876221540525,-1.767317658476925
42,4,7,350,179,0,0,0.012317260007775959,-4.384360001407584
42,4,7,350,249,1,1,0.6960879827788108,0.8287378219021453
42,4,7,350,296,0,0,0.3667044697672724,-0.5463809214294706
42,4,7,350,173,1,1,0.6850121001854874,0.7769022778100088
42,4,7,350,43,0,0,0.20063719294976318,-1.3823166522480408
42,4,7,350,166,1,1,0.814423190408646,1.4790112566205371
42,4,7,350,108,1,1,0.71809379965268,0.9350258079753211
42,4,7,350,2,0,0,0.23100126919458275,-1.2026661142006472
42,4,7,350,219,1,1,0.7211089610637816,0.9499690866888746
42,4,7,350,19,1,1,0.7884521788625006,1.3156206787260327
42,4,7,350,263,1,0,0.25770184806964663,-1.0579476954350118
42,4,7,350,218,1,0,0.20965803078452167,-1.32698794566651
42,4,7,350,49,1,0,0.4507255741857888,-0.1977395101463103
42,4,7,350,311,0,1,0.8033229106087537,1.4071935196544625
42,4,7,350,170,1,0,0.44632455483150946,-0.2155322872407827
42,4,7,350,91,1,1,0.9401972741691641,2.7550384770094545
42,4,7,350,259,0,0,0.277363596293395,-0.9575769287747858
42,4,7,350,257,0,0,0.3353962496059413,-0.6838783315173083
42,4,7,350,111,0,0,0.35803906427895676,-0.5838853555067242
42,4,7,350,130,1,0,0.297747334344271,-0.8580480063244666
42,4,7,350,291,1,1,0.8689476194546688,1.8916857518686916
42,4,7,350,313,0,0,0.17417645913059218,-1.5563122015263726
42,4,7,350,315,0,1,0.5872359830074788,0.35255071215679934
42,4,7,350,105,0,0,0.32737240371818305,-0.7200934555353701
42,4,7,350,136,0,0,0.18683535687934483,-1.4707058175681471
42,4,7,350,46,1,1,0.5690672709430825,0.2780466569042257
42,4,7,350,264,1,1,0.8762890003690088,1.9577477483452488
42,4,7,350,75,0,0,0.026016681776973218,-3.622656237328288
42,4,8,400,29,0,0,0.06985655153524589,-2.5888949442605873
42,4,8,400,230,1,1,0.6675924963812343,0.6973163152417571
42,4,8,400,114,0,1,0.5509282935076394,0.20442208421277763
42,4,8,400,175,0,0,0.18651743980809782,-1.4727997426879584
42,4,8,400,138,1,1,0.9893599430386344,4.532432374448881
42,4,8,400,119,1,1,0.9259102206045501,2.525499683052198
42,4,8,400,213,0,1,0.8878151810173055,2.0686159110954536
42,4,8,400,209,0,0,0.03413443376050641,-3.3427179966496046
42,4,8,400,124,1,1,0.8820331880637193,2.0118263533601874
42,4,8,400,37,1,0,0.4437849174584083,-0.22581503362704536
42,4,8,400,169,0,0,0.048951650569222405,-2.9667318139724186
42,4,8,400,72,0,0,0.19697673270970292,-1.4052980752917898
42,4,8,400,90,1,1,0.5297074738348625,0.11897002082067751
42,4,8,400,123,0,0,0.05675658387832436,-2.8105527137178186
42,4,8,400,61,0,0,0.1307938941875115,-1.893957515582394
42,4,8,400,158,0,0,0.1550094061978045,-1.6958396954750787
42,4,8,400,284,1,1,0.6360301910177854,0.5581751105269207
42,4,8,400,297,1,1,0.7628953219812803,1.1686191061602196
42,4,8,400,251,1,1,0.8183292180212102,1.505068563820401
42,4,8,400,21,0,0,0.00935806448887048,-4.662114668974248
42,4,8,400,194,0,0,0.008391342986833472,-4.772127952857334
42,4,8,400,107,1,0,0.3682596670649839,-0.5396901377466077
42,4,8,400,252,0,0,0.0028275852972839766,-5.865500592928314
42,4,8,400,212,1,1,0.9497756094399298,2.939724979672625
42,4,8,400,187,1,1,0.9074914434662295,2.283382994099182
42,4,8,400,147,0,1,0.7588342408540116,1.1462988676952812
42,4,8,400,272,0,0,0.030757243042143965,-3.450389591089512
42,4,8,400,129,1,1,0.8867943614797343,2.0584071446664023
42,4,8,400,74,0,0,0.06556900267762218,-2.656834720908976
42,4,8,400,280,1,1,0.9743526729877514,3.637333969223435
42,4,8,400,231,0,0,0.07089277100823736,-2.5730556883078775
42,4,8,400,227,0,1,0.8975104268607208,2.1698636700334317
42,4,8,400,88,1,1,0.7530443436856328,1.1149153240036638
42,4,8,400,262,1,1,0.9789798706182679,3.8410305605502475
42,4,8,400,70,0,0,0.22953737572189525,-1.210925271767172
42,4,8,400,179,0,0,0.022010276797561096,-3.7939896905563857
42,4,8,400,249,1,1,0.6659799667296582,0.6900586190731752
42,4,8,400,296,0,0,0.12999497993371323,-1.9010031480076601
42,4,8,400,173,1,1,0.7723828619663122,1.2218153639439475
42,4,8,400,43,0,0,0.2734840840604975,-0.9770169638584636
42,4,8,400,166,1,1,0.8151877458322634,1.4840779822551378
42,4,8,400,108,1,1,0.7228593561627649,0.9586895582908934
42,4,8,400,2,0,0,0.28654395399684657,-0.91222889018049
42,4,8,400,219,1,0,0.4478463006581836,-0.2093763536942874
42,4,8,400,19,1,1,0.661035844727083,0.6679137012783958
42,4,8,400,263,1,0,0.1775761572830466,-1.5328563138977889
42,4,8,400,218,1,1,0.9561772312715803,3.0827897679307865
42,4,8,400,49,1,1,0.5485108075114777,0.19465554761150977
42,4,8,400,311,0,0,0.41129490363399795,-0.3586148886931675
42,4,8,400,170,1,0,0.2620779840970667,-1.0351960408110366
42,4,8,400,91,1,1,0.9963023610961391,5.5963563050483085
42,4,8,400,259,0,0,0.08694160604418814,-2.351563138472234
42,4,8,400,257,0,0,0.16171103066933118,-1.645551892042606
42,4,8,400,111,0,0,0.26570537604604927,-1.0165222570294459
42,4,8,400,130,1,0,0.4726804554489443,-0.10938712086795599
42,4,8,400,291,1,1,0.8756468259813955,1.9518371481530847
42,4,8,400,313,0,0,0.04450746978195828,-3.0665699106276154
42,4,8,400,315,0,0,0.35378972042532136,-0.6024222344512614
42,4,8,400,105,0,0,0.18472121267413683,-1.4846823951304882
42,4,8,400,136,0,0,0.2895760004566381,-0.8974441885221631
42,4,8,400,46,1,1,0.6729320339832991,0.7214763384754038
42,4,8,400,264,1,1,0.9683388972898452,3.420493242906885
42,4,8,400,75,0,0,0.0009673311485328651,-6.940001872456327
42,4,9,450,29,0,0,0.016702584441437313,-4.075348169026652
42,4,9,450,230,1,1,0.638926151231791,0.5707063737847534
42,4,9,450,114,0,0,0.3019299951434105,-0.8381242048808921
42,4,9,450,175,0,0,0.09618363864443251,-2.2403669329172153
42,4,9,450,138,1,1,0.9978790347455447,6.15376076752779
42,4,9,450,119,1,1,0.7922729344280254,1.338680913342473
42,4,9,450,213,0,1,0.8819431887035564,2.010961681761752
42,4,9,450,209,0,0,0.01876223531557384,-3.9569687101453876
42,4,9,450,124,1,1,0.918596071887351,2.4234229669313185
42,4,9,450,37,1,1,0.5070670708175665,0.028270165918228507
42,4,9,450,169,0,0,0.1423998955129117,-1.79549864693319
42,4,9,450,72,0,0,0.10025028439452871,-2.19444672784156
42,4,9,450,90,1,1,0.8144222651565362,1.4790051347320785
42,4,9,450,123,0,0,0.018609360690458054,-3.9653058684585214
42,4,9,450,61,0,0,0.19801838925517973,-1.3987257769496981
42,4,9,450,158,0,0,0.13111408360012977,-1.891144023781209
42,4,9,450,284,1,1,0.67923145597954,0.750242130818755
42,4,9,450,297,1,1,0.9465275505443874,2.873633520221851
42,4,9,450,251,1,1,0.8510953408502514,1.7432179265374974
42,4,9,450,21,0,0,0.0034794864746552565,-5.657385006872429
42,4,9,450,194,0,0,0.0011871741201514466,-6.734991605482998
42,4,9,450,107,1,0,0.20786460725489042,-1.3378453865424087
42,4,9,450,252,0,0,0.014304654939078192,-4.232762321678928
42,4,9,450,212,1,1,0.9648752908019779,3.31309401209844
42,4,9,450,187,1,1,0.899329065691954,2.189791881152807
42,4,9,450,147,0,1,0.8213659557837789,1.5256294866997488
42,4,9,450,272,0,0,0.04672172728720453,-3.0156975487010067
42,4,9,450,129,1,1,0.934058153824766,2.6507654644300174
42,4,9,450,74,0,0,0.09587011468190391,-2.2439787252093972
42,4,9,450,280,1,1,0.984509763022474,4.15193386170727
42,4,9,450,231,0,0,0.038414756278257696,-3.2201415542585288
42,4,9,450,227,0,1,0.7439414999814683,1.0665564686132822
42,4,9,450,88,1,1,0.8572552525886482,1.7926776664366266
42,4,9,450,262,1,1,0.9873086750434849,4.354064045439667
42,4,9,450,70,0,0,0.23921021760690453,-1.1570143441462004
42,4,9,450,179,0,0,0.013203077218908331,-4.31401434120076
42,4,9,450,249,1,1,0.5403899795992276,0.1619127151761199
42,4,9,450,296,0,0,0.09096914053390216,-2.301858708416532
42,4,9,450,173,1,1,0.8065151475187013,1.4275234515299036
42,4,9,450,43,0,0,0.3432600863029107,-0.6487996416146762
42,4,9,450,166,1,1,0.8264472667112579,1.5606546206227179
42,4,9,450,108,1,1,0.5871628742269137,0.35224910362198847
42,4,9,450,2,0,0,0.19071771280334068,-1.4453533983164473
42,4,9,450,219,1,1,0.6168661945119828,0.4762678459829145
42,4,9,450,19,1,1,0.5963826581983316,0.39041524964984986
42,4,9,450,263,1,0,0.25139057728261455,-1.091209568032606
42,4,9,450,218,1,1,0.7932794060447116,1.3448074062872426
42,4,9,450,49,1,1,0.6323479648077626,0.5423028855567886
42,4,9,450,311,0,0,0.1280130002166941,-1.9186426923372173
42,4,9,450,170,1,0,0.33055232770546544,-0.7056880270246028
42,4,9,450,91,1,1,0.9964164851295458,5.627821201797217
42,4,9,450,259,0,0,0.09043729189292654,-2.3083072401983964
42,4,9,450,257,0,0,0.09382723602748473,-2.2677747999441524
42,4,9,450,111,0,0,0.08666183116730777,-2.3550926584748644
42,4,9,450,130,1,1,0.729716439485993,0.9931843875953712
42,4,9,450,291,1,1,0.8502026929175174,1.736191689143578
42,4,9,450,313,0,0,0.03577997346089941,-3.2939311755145644
42,4,9,450,315,0,0,0.43751142008081767,-0.2512680230077215
42,4,9,450,105,0,0,0.14593695853863184,-1.76683027247695
42,4,9,450,136,0,0,0.250446188448789,-1.096234030687913
42,4,9,450,46,1,1,0.7436197745629237,1.064868250312668
42,4,9,450,264,1,1,0.9828800103579657,4.0502402822619405
42,4,9,450,75,0,0,0.001053760903513929,-6.854335384857683
42,4,10,500,29,0,0,0.015682698638032334,-4.1393901986757555
42,4,10,500,230,1,1,0.9118008735060034,2.3358245665131205
42,4,10,500,114,0,0,0.3125867699045042,-0.7880535164758486
42,4,10,500,175,0,0,0.09399531062243424,-2.2657995879127864
42,4,10,500,138,1,1,0.9946256787972474,5.22073418598419
42,4,10,500,119,1,1,0.9724829866447919,3.565048100048095
42,4,10,500,213,0,1,0.92543015276834,2.5185224265425292
42,4,10,500,209,0,0,0.02457926057281769,-3.6809658843216386
42,4,10,500,124,1,1,0.8782346844287018,1.975818302958336
42,4,10,500,37,1,1,0.6116934735801506,0.45443625260635934
42,4,10,500,169,0,0,0.08452840020150103,-2.382351767159105
42,4,10,500,72,0,0,0.06848880222327894,-2.610137950488137
42,4,10,500,90,1,1,0.8236921872860228,1.5415654976944375
42,4,10,500,123,0,0,0.004416501826975608,-5.417981054726743
42,4,10,500,61,0,0,0.08969551658231863,-2.3173583552523267
42,4,10,500,158,0,0,0.19537422149504388,-1.4154604938465092
42,4,10,500,284,1,1,0.698926751577768,0.842192361055318
42,4,10,500,297,1,1,0.9701616690241255,3.4816688853793174
42,4,10,500,251,1,1,0.8318964200806903,1.5991276014208207
42,4,10,500,21,0,0,0.0013691081720230423,-6.592225674183938
42,4,10,500,194,0,0,0.0008383956555464336,-7.083181678943877
42,4,10,500,107,1,0,0.2136600694100976,-1.3030028892224326
42,4,10,500,252,0,0,0.021367591777043216,-3.8242807240130956
42,4,10,500,212,1,1,0.9529394533770529,3.0081163702990548
42,4,10,500,187,1,1,0.8654838787411622,1.8616046953964294
42,4,10,500,147,0,1,0.6556027645165056,0.6437593181640284
42,4,10,500,272,0,0,0.04275878858027209,-3.1084806541651924
42,4,10,500,129,1,1,0.9587824796597346,3.1468008122581077
42,4,10,500,74,0,0,0.05088502907858437,-2.9259611847196654
42,4,10,500,280,1,1,0.9568415522310283,3.098759635419631
42,4,10,500,231,0,0,0.014164191242520566,-4.242772782005776
42,4,10,500,227,0,1,0.5579848745910733,0.23298775367193192
42,4,10,500,88,1,1,0.9010995998929713,2.2095025110281625
42,4,10,500,262,1,1,0.9956586587261994,5.435221137093882
42,4,10,500,70,0,0,0.024208268217716513,-3.696554937376346
42,4,10,500,179,0,0,0.013535636603064245,-4.288801244726165
42,4,10,500,249,1,1,0.6366986236851636,0.5610636977927436
42,4,10,500,296,0,0,0.07123166191377839,-2.5679219313751993
42,4,10,500,173,1,1,0.8819788885777999,2.0113046010467466
42,4,10,500,43,0,0,0.36229850276897724,-0.5654018358595927
42,4,10,500,166,1,1,0.857404844922262,1.7939006730709268
42,4,10,500,108,1,1,0.7039967556143335,0.8664033326186777
42,4,10,500,2,0,0,0.13714013422614993,-1.8392490169582654
42,4,10,500,219,1,1,0.8659373488329613,1.865505323778898
42,4,10,500,19,1,1,0.7971845481358105,1.3687897440424865
42,4,10,500,263,1,0,0.40808611357088137,-0.37188294738309313
42,4,10,500,218,1,1,0.8236270624916592,1.5411171170766094
42,4,10,500,49,1,1,0.7459480280557542,1.077117070249605
42,4,10,500,311,0,0,0.04821861938130996,-2.9825901255300966
42,4,10,500,170,1,1,0.5573318832125891,0.2303405858437858
42,4,10,500,91,1,1,0.9981090126687953,6.268763411344862
42,4,10,500,259,0,0,0.1960094297322391,-1.4114247716355044
42,4,10,500,257,0,0,0.026576671976721533,-3.600785224970255
42,4,10,500,111,0,0,0.12062571434465753,-1.9865181338662266
42,4,10,500,130,1,1,0.6545942654171898,0.6392958332861889
42,4,10,500,291,1,1,0.6039983056752662,0.4221529029143403
42,4,10,500,313,0,0,0.01055255595956576,-4.540778548351048
42,4,10,500,315,0,1,0.6058431462116848,0.4298721817952107
42,4,10,500,105,0,0,0.21251662171182875,-1.3098220584155467
42,4,10,500,136,0,0,0.10812597239801806,-2.110027939457341
42,4,10,500,46,1,1,0.7766947329488464,1.2465076481831567
42,4,10,500,264,1,1,0.9778052233424547,3.7854535165655907
42,4,10,500,75,0,0,0.0004904381428924694,-7.619720838775385
42,5,1,50,145,1,1,0.7454410323987849,1.074443524059117
42,5,1,50,151,1,1,0.573492164325723,0.2961135347729881
42,5,1,50,286,0,0,0.46850360970372273,-0.12615259975923743
42,5,1,50,283,0,1,0.6559085498616221,0.6451139080586512
42,5,1,50,236,1,1,0.6545538072675188,0.6391168995360075
42,5,1,50,64,0,0,0.1488966972695125,-1.743280752437733
42,5,1,50,229,0,0,0.23000505895757453,-1.2082826406023606
42,5,1,50,115,0,1,0.6208441362929954,0.4931326917456845
42,5,1,50,12,0,0,0.32150564732559406,-0.7468610469122452
42,5,1,50,279,0,1,0.7559848703022578,1.1307911328227627
42,5,1,50,225,0,1,0.6769094924548228,0.7396050817493212
42,5,1,50,181,1,0,0.3207142382416397,-0.7504913927108824
42,5,1,50,42,0,0,0.2401567134163497,-1.1518205273379458
42,5,1,50,125,1,0,0.44188489588958085,-0.23351578925232802
42,5,1,50,27,0,0,0.20525332648606615,-1.3537784590088573
42,5,1,50,176,1,1,0.7881533559758388,1.3138300494416053
42,5,1,50,168,1,1,0.6948944100430609,0.823101992751638
42,5,1,50,150,1,0,0.478837271888628,-0.08470151597864223
42,5,1,50,196,0,0,0.42904821047107017,-0.2857354831089043
42,5,1,50,84,1,0,0.10014201198316874,-2.195647661378311
42,5,1,50,133,0,1,0.664758451766321,0.6845724327406277
42,5,1,50,65,0,0,0.3777346604596371,-0.49917459999924213
42,5,1,50,300,0,1,0.5072087486041533,0.028836992587091326
42,5,1,50,299,1,1,0.5942817144659933,0.3816944329495479
42,5,1,50,177,1,0,0.44680756357489043,-0.2135779319161788
42,5,1,50,71,1,0,0.24224416916489325,-1.1404150298543771
42,5,1,50,39,1,0,0.4288831874068875,-0.2864091727794392
42,5,1,50,33,1,1,0.5099584592703202,0.03983910547915481
42,5,1,50,155,1,1,0.5155194508996185,0.062097750659896034
42,5,1,50,77,1,1,0.5784702362056293,0.31649670642995104
42,5,1,50,24,1,0,0.4987280583322186,-0.005087777646061581
42,5,1,50,31,0,0,0.3914540673448406,-0.44120421087431344
42,5,1,50,178,1,1,0.7078867762777972,0.885142680808469
42,5,1,50,44,1,1,0.5553827893779284,0.22244387546434757
42,5,1,50,217,0,1,0.9318419231602633,2.6153335232135144
42,5,1,50,94,0,0,0.4925746865506651,-0.029703437535561428
42,5,1,50,118,0,0,0.15398847046509714,-1.7036552553040178
42,5,1,50,275,0,0,0.3535550436225743,-0.6034488700354912
42,5,1,50,15,1,0,0.28477810072911497,-0.920882560102399
42,5,1,50,285,0,0,0.47398694546447323,-0.10414625083672324
42,5,1,50,164,1,0,0.3662784012249916,-0.5482160360134469
42,5,1,50,73,0,1,0.7680773312990871,1.1974864283379814
42,5,1,50,76,0,0,0.319644159964155,-0.7554075785189616
42,5,1,50,34,1,0,0.3269701114395335,-0.7219209752011709
42,5,1,50,92,0,1,0.7851307677319013,1.2958206659301694
42,5,1,50,59,0,0,0.2974472057258544,-0.8594838008829842
42,5,1,50,66,0,0,0.39168691337873474,-0.4402268642211874
42,5,1,50,292,1,0,0.46503481697798754,-0.14008938830895784
42,5,1,50,26,0,0,0.30545206928041535,-0.8214683009244457
42,5,1,50,69,1,1,0.6945562864482635,0.8215076869686427
42,5,1,50,121,1,1,0.5260259368615284,0.10419792006392542
42,5,1,50,57,0,1,0.7737731882536467,1.2297407044048496
42,5,1,50,203,0,0,0.3261836925202419,-0.7254968362717643
42,5,1,50,3,1,1,0.7647182496517582,1.178723731233752
42,5,1,50,245,1,0,0.17239257383234188,-1.5687646368841033
42,5,1,50,273,1,0,0.3155662415111675,-0.7742232492824805
42,5,1,50,303,0,0,0.02261404000410929,-3.7663106675788125
42,5,1,50,28,0,0,0.2973719487298239,-0.8598439560962525
42,5,1,50,222,1,1,0.5331040283867017,0.13261010633478904
42,5,1,50,266,1,0,0.3508208467515438,-0.6154330386295755
42,5,1,50,159,0,0,0.25470868254588713,-1.0736547013779418
42,5,1,50,16,1,1,0.5422139928131955,0.16925890249687023
42,5,2,100,145,1,0,0.32597848781511485,-0.726430636699031
42,5,2,100,151,1,1,0.7279152464052772,0.9840710097875234
42,5,2,100,286,0,1,0.5823514284400985,0.3324337534235119
42,5,2,100,283,0,0,0.38771106092631913,-0.45694391989594657
42,5,2,100,236,1,0,0.2501431987493751,-1.0978487077594428
42,5,2,100,64,0,0,0.4173620004820168,-0.3336121145414501
42,5,2,100,229,0,0,0.3155379564625638,-0.77435421133115
42,5,2,100,115,0,1,0.8068522613857172,1.4296851989984385
42,5,2,100,12,0,1,0.5984468983646978,0.3989980137631409
42,5,2,100,279,0,1,0.8540665571449313,1.7668584796067
42,5,2,100,225,0,0,0.39963164731326317,-0.40700014686913305
42,5,2,100,181,1,0,0.3303712147998718,-0.7065065913263717
42,5,2,100,42,0,1,0.5319898040106681,0.12813424178218474
42,5,2,100,125,1,0,0.2293684218314351,-1.2118808702959925
42,5,2,100,27,0,0,0.3375428548506198,-0.6742633896143232
42,5,2,100,176,1,1,0.7166118497815603,0.9277168273890168
42,5,2,100,168,1,1,0.6205814415313545,0.49201687587794485
42,5,2,100,150,1,1,0.5523297737142954,0.21008842472618033
42,5,2,100,196,0,0,0.40347271196182033,-0.391016130336588
42,5,2,100,84,1,1,0.5696998765395774,0.2806267630134356
42,5,2,100,133,0,0,0.33494810435813904,-0.6858894687090507
42,5,2,100,65,0,1,0.5053643420427696,0.021458191508979596
42,5,2,100,300,0,1,0.566837806054093,0.26896096673840886
42,5,2,100,299,1,0,0.3058245650858365,-0.8197130957914809
42,5,2,100,177,1,1,0.5812069119265334,0.3277298493973184
42,5,2,100,71,1,0,0.2398685247096525,-1.1534004525943056
42,5,2,100,39,1,1,0.6355043428217161,0.555904287399738
42,5,2,100,33,1,1,0.6657734290690573,0.6891302969895136
42,5,2,100,155,1,0,0.10997836130046172,-2.090962144585128
42,5,2,100,77,1,1,0.5303280877664782,0.12146145667580016
42,5,2,100,24,1,0,0.38592899556051063,-0.46445716065168974
42,5,2,100,31,0,0,0.2886746586432768,-0.9018296025820747
42,5,2,100,178,1,1,0.8849857309246631,2.040515322046909
42,5,2,100,44,1,1,0.6109990610609048,0.4515136651045045
42,5,2,100,217,0,0,0.3541039058373146,-0.6010482565164064
42,5,2,100,94,0,0,0.2089411278360381,-1.3313198652234464
42,5,2,100,118,0,1,0.7293592646704965,0.9913741876204958
42,5,2,100,275,0,0,0.18912034618318319,-1.4557360860589068
42,5,2,100,15,1,1,0.6772584141278885,0.7412009455721984
42,5,2,100,285,0,0,0.4499088940792297,-0.20103880697187226
42,5,2,100,164,1,0,0.2512692092063188,-1.0918545830637845
42,5,2,100,73,0,1,0.5065691575960951,0.02627814245736204
42,5,2,100,76,0,0,0.08493521224301633,-2.3771061121049306
42,5,2,100,34,1,1,0.5634196533785861,0.25505230986694727
42,5,2,100,92,0,0,0.2424622788135659,-1.1392271860955672
42,5,2,100,59,0,0,0.23426569145857287,-1.184379349058043
42,5,2,100,66,0,0,0.2692501066491945,-0.9984305459127947
42,5,2,100,292,1,0,0.41397093764193843,-0.3475736103861915
42,5,2,100,26,0,1,0.5714841253674012,0.2879089213786616
42,5,2,100,69,1,1,0.5055984990944031,0.022394932313792276
42,5,2,100,121,1,1,0.603733493097904,0.42104588184751546
42,5,2,100,57,0,0,0.41908484292700976,-0.32653132854441896
42,5,2,100,203,0,1,0.6284374210668108,0.5255191550437617
42,5,2,100,3,1,0,0.4518244640478305,-0.19330180620991844
42,5,2,100,245,1,1,0.6254777409873543,0.5128645055154337
42,5,2,100,273,1,0,0.2690631775373518,-0.9993808170751088
42,5,2,100,303,0,0,0.07665187160255982,-2.488732311384855
42,5,2,100,28,0,0,0.4098203993720272,-0.3647078850069611
42,5,2,100,222,1,0,0.3331164086893673,-0.6941235003762034
42,5,2,100,266,1,1,0.5717105236548279,0.28883347218943856
42,5,2,100,159,0,1,0.5105148481124506,0.04206559432467247
42,5,2,100,16,1,1,0.8911025009404393,2.1020523969931117
42,5,3,150,145,1,0,0.46404834981565457,-0.14405520313564935
42,5,3,150,151,1,0,0.35349334180568226,-0.6037188468924711
42,5,3,150,286,0,1,0.792441426257832,1.3397050100040344
42,5,3,150,283,0,0,0.06515622143094689,-2.66359164062145
42,5,3,150,236,1,1,0.5055320882820078,0.022129256149206245
42,5,3,150,64,0,1,0.6340568720944217,0.5496607209418198
42,5,3,150,229,0,1,0.5216331474372303,0.08658664601323596
42,5,3,150,115,0,0,0.42095266134378573,-0.31886384957181757
42,5,3,150,12,0,1,0.6094300792298578,0.4449172163755927
42,5,3,150,279,0,1,0.6067360161356943,0.43361269614377695
42,5,3,150,225,0,1,0.5965241462734778,0.39100307678691343
42,5,3,150,181,1,1,0.6190964278172358,0.4857147888378365
42,5,3,150,42,0,1,0.5739168754170416,0.297850114122686
42,5,3,150,125,1,1,0.5431565770961607,0.17305692125700867
42,5,3,150,27,0,0,0.1340509555095088,-1.8656060740861897
42,5,3,150,176,1,0,0.46423076788504813,-0.1433217580928487
42,5,3,150,168,1,1,0.7391263937110883,1.0414329168269774
42,5,3,150,150,1,1,0.630621183545122,0.5348826189255722
42,5,3,150,196,0,1,0.6116970180571049,0.4544511752010727
42,5,3,150,84,1,1,0.5575411748771484,0.23118894734022916
42,5,3,150,133,0,0,0.3518902271287959,-0.6107408123707424
42,5,3,150,65,0,1,0.5461119695037326,0.1849734883110019
42,5,3,150,300,0,1,0.6754671217368825,0.7330176329567318
42,5,3,150,299,1,0,0.40459852133285573,-0.3863406619764261
42,5,3,150,177,1,1,0.5923034130329397,0.37349578724666815
42,5,3,150,71,1,1,0.5198253742745694,0.0793430951368926
42,5,3,150,39,1,1,0.7227129997601334,0.9579591141422764
42,5,3,150,33,1,0,0.44280887840831584,-0.2297700565688638
42,5,3,150,155,1,0,0.22547326026637216,-1.2340506122557526
42,5,3,150,77,1,1,0.7191663628821077,0.9403302565942282
42,5,3,150,24,1,1,0.504101502268138,0.01640637707027434
42,5,3,150,31,0,1,0.7106549719577675,0.8985671958366567
42,5,3,150,178,1,0,0.39873253212727067,-0.41074902703078786
42,5,3,150,44,1,0,0.4557637619901714,-0.17740880417848254
42,5,3,150,217,0,0,0.22420808542277015,-1.2413097594805649
42,5,3,150,94,0,0,0.32460634997778415,-0.7326824887449973
42,5,3,150,118,0,0,0.35929951039943736,-0.5784057613423753
42,5,3,150,275,0,0,0.258101750359961,-1.0558582154851082
42,5,3,150,15,1,1,0.5827344280703315,0.33400867387258437
42,5,3,150,285,0,1,0.6971252083104106,0.8336455421636314
42,5,3,150,164,1,1,0.687367953098826,0.7878428128623073
42,5,3,150,73,0,0,0.49788348456985637,-0.008466112287635608
42,5,3,150,76,0,1,0.6047856692611012,0.4254459023723959
42,5,3,150,34,1,1,0.7489418442082042,1.0929767272449067
42,5,3,150,92,0,0,0.39522076012669166,-0.4254190034909107
42,5,3,150,59,0,0,0.13701648130608426,-1.8402943731147676
42,5,3,150,66,0,0,0.2445211005348246,-1.128050246143542
42,5,3,150,292,1,0,0.29930273323062995,-0.8506203877605073
42,5,3,150,26,0,0,0.4003076030739505,-0.4041835927071624
42,5,3,150,69,1,0,0.3147191447601028,-0.7781481247073002
42,5,3,150,121,1,1,0.7306783435136729,0.9980669260751583
42,5,3,150,57,0,0,0.44556000058852724,-0.21862667498581156
42,5,3,150,203,0,1,0.6999259959619625,0.8469454850378534
42,5,3,150,3,1,1,0.8134880078751553,1.4728356472012636
42,5,3,150,245,1,0,0.4183225500519118,-0.32966329859207233
42,5,3,150,273,1,0,0.13598934844416968,-1.8490085345122806
42,5,3,150,303,0,0,0.26338406513155255,-1.0284533461416858
42,5,3,150,28,0,0,0.081158956103625,-2.4267034883426892
42,5,3,150,222,1,1,0.6106710744227012,0.4501339211162296
42,5,3,150,266,1,1,0.6245379200456781,0.5088545677415085
42,5,3,150,159,0,1,0.7477563102378357,1.086681493330043
42,5,3,150,16,1,1,0.8464879520760444,1.7073169167875952
42,5,4,200,145,1,1,0.5415437740981963,0.16655908703430222
42,5,4,200,151,1,0,0.42618621303076387,-0.2974285601898496
42,5,4,200,286,0,1,0.7644969329016269,1.177494076316044
42,5,4,200,283,0,0,0.03741632718158914,-3.2475138303665987
42,5,4,200,236,1,0,0.23754678519367214,-1.1661765546042624
42,5,4,200,64,0,1,0.5300034528030053,0.12015817295985223
42,5,4,200,229,0,0,0.46620382690973905,-0.13539113246443502
42,5,4,200,115,0,1,0.6958272718420055,0.8275057321130577
42,5,4,200,12,0,1,0.6539466122044605,0.6364326522683612
42,5,4,200,279,0,1,0.758156712786096,1.1426001664797978
42,5,4,200,225,0,1,0.7802350617955599,1.2670367231277313
42,5,4,200,181,1,1,0.8244764405382179,1.5469752915065558
42,5,4,200,42,0,0,0.34214922183664076,-0.6537311616379147
42,5,4,200,125,1,1,0.8245860615264357,1.5477329732521445
42,5,4,200,27,0,0,0.10977006298620026,-2.0930919440526035
42,5,4,200,176,1,0,0.40068252977264845,-0.40262204067244
42,5,4,200,168,1,1,0.7535978733339241,1.1178940386769456
42,5,4,200,150,1,0,0.3387529977620111,-0.6688562280480055
42,5,4,200,196,0,0,0.28516069948895484,-0.9190048836863933
42,5,4,200,84,1,1,0.7899564837218127,1.3246631304248409
42,5,4,200,133,0,0,0.39273325732373987,-0.43583749192984045
42,5,4,200,65,0,1,0.6693281865270007,0.7051481192281172
42,5,4,200,300,0,1,0.7057985398191615,0.8750650710279773
42,5,4,200,299,1,0,0.4345850343057577,-0.2631682824546112
42,5,4,200,177,1,0,0.385935765220957,-0.46442859530689906
42,5,4,200,71,1,0,0.4763251716805528,-0.09477018026937545
42,5,4,200,39,1,1,0.5501327238236515,0.20120696772735355
42,5,4,200,33,1,1,0.7560839612151201,1.131328367085803
42,5,4,200,155,1,0,0.39505768484299525,-0.42610131482123986
42,5,4,200,77,1,1,0.6999885831527732,0.8472434950391402
42,5,4,200,24,1,1,0.7593278510860368,1.1489980061103284
42,5,4,200,31,0,1,0.7846809935218436,1.2931565779915686
42,5,4,200,178,1,0,0.4926134292386048,-0.029548432776934364
42,5,4,200,44,1,1,0.6106026984670039,0.4498463365538089
42,5,4,200,217,0,0,0.2520632514875672,-1.0876383596035146
42,5,4,200,94,0,1,0.5287153705331175,0.11498801479190773
42,5,4,200,118,0,0,0.10373292244281342,-2.1564189035879893
42,5,4,200,275,0,0,0.4722115220166687,-0.11126856849393268
42,5,4,200,15,1,1,0.5629751631445075,0.25324548358018817
42,5,4,200,285,0,1,0.6200249491685792,0.48965412296577493
42,5,4,200,164,1,1,0.5736010216126277,0.29655859339118773
42,5,4,200,73,0,1,0.6518449580044535,0.627158835643078
42,5,4,200,76,0,0,0.46586840050073836,-0.13673905772479056
42,5,4,200,34,1,1,0.6813948805034489,0.76018952592135
42,5,4,200,92,0,0,0.2979030823672636,-0.8573032471502371
42,5,4,200,59,0,0,0.35593305913571055,-0.5930599891084685
42,5,4,200,66,0,0,0.2019386502872089,-1.3742215340119996
42,5,4,200,292,1,0,0.2838802592691219,-0.9252948616742608
42,5,4,200,26,0,1,0.5997440880275349,0.40439892180931564
42,5,4,200,69,1,0,0.297151596566369,-0.8608987914856188
42,5,4,200,121,1,1,0.6813118436233802,0.7598070630500129
42,5,4,200,57,0,0,0.3054771025701611,-0.821350306180102
42,5,4,200,203,0,1,0.7379346466649023,1.035261353158317
42,5,4,200,3,1,1,0.9428827899728714,2.8038365073000873
42,5,4,200,245,1,0,0.48460986306721227,-0.06158000012946275
42,5,4,200,273,1,1,0.5572268656761679,0.22991492950743408
42,5,4,200,303,0,0,0.2946845353371518,-0.8727397579199334
42,5,4,200,28,0,0,0.07736732311375151,-2.4786666792971466
42,5,4,200,222,1,1,0.5843434302705522,0.34062950974792094
42,5,4,200,266,1,1,0.7822159316156269,1.2786267699052574
42,5,4,200,159,0,1,0.6416965176436615,0.5827351346032992
42,5,4,200,16,1,1,0.8929096033442157,2.120812041340746
42,5,5,250,145,1,1,0.8847892930850104,2.0385868438378
42,5,5,250,151,1,1,0.6333274878887826,0.5465185346817583
42,5,5,250,286,0,1,0.6449888694043394,0.5970839171349258
42,5,5,250,283,0,0,0.00764620932828327,-4.865869675136102
42,5,5,250,236,1,0,0.4244154027027342,-0.30467351629713757
42,5,5,250,64,0,0,0.3406117130385552,-0.6605694102399473
42,5,5,250,229,0,1,0.5294302417490827,0.1178572006165961
42,5,5,250,115,0,1,0.5653601263400957,0.2629451082853127
42,5,5,250,12,0,0,0.2263907453826522,-1.2288044389115185
42,5,5,250,279,0,1,0.551017917130873,0.20478434368018594
42,5,5,250,225,0,1,0.871527231844186,1.9145301506574948
42,5,5,250,181,1,1,0.9223199895603312,2.474294265229452
42,5,5,250,42,0,0,0.19733385429906125,-1.4030418824752726
42,5,5,250,125,1,1,0.8556134816841523,1.7793248754417823
42,5,5,250,27,0,0,0.026652862106395864,-3.5978442483033257
42,5,5,250,176,1,0,0.24258211820015846,-1.1385748398342028
42,5,5,250,168,1,1,0.6016386385057406,0.41229746000679357
42,5,5,250,150,1,0,0.10943287604432225,-2.09654712058553
42,5,5,250,196,0,1,0.641427008559701,0.5815631534746613
42,5,5,250,84,1,1,0.8494664342262985,1.7304223402247563
42,5,5,250,133,0,1,0.5674638630935593,0.27151119353745623
42,5,5,250,65,0,1,0.5495668004582251,0.19892054700084105
42,5,5,250,300,0,0,0.44119043692820975,-0.23633212881786414
42,5,5,250,299,1,0,0.0996799274853242,-2.2007860086639885
42,5,5,250,177,1,0,0.4231247396325776,-0.3099590282757908
42,5,5,250,71,1,1,0.7505492123131534,1.1015435696297498
42,5,5,250,39,1,0,0.4835512503303634,-0.0658187495492829
42,5,5,250,33,1,1,0.9443249334849667,2.8309379082745716
42,5,5,250,155,1,0,0.36535500349490363,-0.5521962887217338
42,5,5,250,77,1,1,0.7760711833274241,1.2429160284285217
42,5,5,250,24,1,1,0.5899598507502127,0.36379940510488196
42,5,5,250,31,0,1,0.8768608535240915,1.9630333297677964
42,5,5,250,178,1,0,0.42691459174922836,-0.2944507862466419
42,5,5,250,44,1,1,0.8933152392268567,2.125061205046906
42,5,5,250,217,0,0,0.11701950362289643,-2.0209624939150252
42,5,5,250,94,0,1,0.8237834000243095,1.542193711256233
42,5,5,250,118,0,0,0.06642227155266411,-2.6429918099326883
42,5,5,250,275,0,1,0.7382540986650038,1.0369138815475427
42,5,5,250,15,1,0,0.4803091395869259,-0.07880419818236817
42,5,5,250,285,0,1,0.6254251715204308,0.5126401008649959
42,5,5,250,164,1,0,0.19498818429057335,-1.4179179918645344
42,5,5,250,73,0,1,0.7550742408273338,1.125860935797656
42,5,5,250,76,0,0,0.44313609227075984,-0.22844395035059875
42,5,5,250,34,1,1,0.7313312709540734,1.0013874019780955
42,5,5,250,92,0,0,0.17615009548353117,-1.542651911759082
42,5,5,250,59,0,0,0.13203641202929928,-1.883072031184017
42,5,5,250,66,0,0,0.3618773319383106,-0.5672252422023227
42,5,5,250,292,1,0,0.43150557333240047,-0.27571108294575014
42,5,5,250,26,0,1,0.5707923168979545,0.2850845136976
42,5,5,250,69,1,0,0.15714361394787582,-1.6796364571823463
42,5,5,250,121,1,1,0.6983191907809951,0.8393067562962486
42,5,5,250,57,0,0,0.017824975179175712,-4.009168951661166
42,5,5,250,203,0,1,0.73581152963287,1.0243112607233325
42,5,5,250,3,1,1,0.9884807396558238,4.452148711034171
42,5,5,250,245,1,0,0.4915856358076302,-0.033660634641837675
42,5,5,250,273,1,1,0.6897688114916791,0.7990386967253372
42,5,5,250,303,0,0,0.2195176451749838,-1.268479514847518
42,5,5,250,28,0,0,0.03214608940446414,-3.4047903497375636
42,5,5,250,222,1,1,0.744035095121396,1.0670478598188005
42,5,5,250,266,1,1,0.9506913170359949,2.9590892315199335
42,5,5,250,159,0,1,0.7940858753026183,1.3497323992178436
42,5,5,250,16,1,1,0.7792534833112199,1.2613213287989287
42,5,6,300,145,1,1,0.939124702781379,2.7361208103724044
42,5,6,300,151,1,1,0.7608922057443812,1.1575772274192364
42,5,6,300,286,0,0,0.3907024100613324,-0.444360631172713
42,5,6,300,283,0,0,0.01092226709897143,-4.505969367442581
42,5,6,300,236,1,0,0.3564433579497981,-0.5908347014968107
42,5,6,300,64,0,0,0.1770346579470231,-1.5365685670522475
42,5,6,300,229,0,1,0.6230358598141554,0.5024540129717712
42,5,6,300,115,0,0,0.3038849371534664,-0.8288658332995951
42,5,6,300,12,0,0,0.07937598083994331,-2.4508559076345717
42,5,6,300,279,0,0,0.4015043562735102,-0.39920086299481194
42,5,6,300,225,0,1,0.9068805754914978,2.276127967788277
42,5,6,300,181,1,1,0.5288043822026908,0.11534524336974972
42,5,6,300,42,0,0,0.06482983556716178,-2.668962583961463
42,5,6,300,125,1,1,0.9866513639759373,4.302902539901571
42,5,6,300,27,0,0,0.08072107057873804,-2.432589951538933
42,5,6,300,176,1,1,0.5765859208122276,0.308773756471725
42,5,6,300,168,1,1,0.7279632476999982,0.9843133870754677
42,5,6,300,150,1,0,0.22323735121762361,-1.246899271707563
42,5,6,300,196,0,1,0.6989825190648771,0.8424573941712754
42,5,6,300,84,1,1,0.9058812841836716,2.2643513448918906
42,5,6,300,133,0,1,0.505569478881267,0.022278836981371855
42,5,6,300,65,0,1,0.6094460465146536,0.4449842992372294
42,5,6,300,300,0,0,0.4341999422634446,-0.2647356364396456
42,5,6,300,299,1,0,0.11870050119301004,-2.0047939974508067
42,5,6,300,177,1,0,0.328442981976233,-0.7152356717754235
42,5,6,300,71,1,1,0.7302310854759436,0.9957953190982489
42,5,6,300,39,1,0,0.49906731315799063,-0.0037307516952394537
42,5,6,300,33,1,1,0.9828587660893912,4.048978532719477
42,5,6,300,155,1,0,0.19370265550947338,-1.4261283085224052
42,5,6,300,77,1,1,0.8406688668017887,1.6632132096361376
42,5,6,300,24,1,1,0.7709350740196542,1.2135986769912293
42,5,6,300,31,0,1,0.608381606345696,0.4405144470273582
42,5,6,300,178,1,0,0.4455523048219138,-0.21865782741194217
42,5,6,300,44,1,1,0.9241464247278747,2.5000656866374174
42,5,6,300,217,0,0,0.06865201883307372,-2.6075824394339753
42,5,6,300,94,0,0,0.4213360604136432,-0.3172911353262111
42,5,6,300,118,0,0,0.19205508798969792,-1.4367116305036927
42,5,6,300,275,0,0,0.3351509648507486,-0.6849789284086669
42,5,6,300,15,1,0,0.35422935973487873,-0.6004997825225751
42,5,6,300,285,0,0,0.2956647835854242,-0.8680280778217789
42,5,6,300,164,1,0,0.17188386141100007,-1.5723343841533939
42,5,6,300,73,0,1,0.840752457678307,1.6638374123112454
42,5,6,300,76,0,0,0.438615285236353,-0.24678375112307527
42,5,6,300,34,1,0,0.3993147155840674,-0.4083212773190798
42,5,6,300,92,0,0,0.09712361061812662,-2.2296011517162997
42,5,6,300,59,0,0,0.008997938064134358,-4.7017211678868245
42,5,6,300,66,0,0,0.29567032992996556,-0.8680014444912649
42,5,6,300,292,1,0,0.3362497753853695,-0.6800516480416232
42,5,6,300,26,0,0,0.31596808594621906,-0.7723633598618533
42,5,6,300,69,1,0,0.06000988828974551,-2.751360002279175
42,5,6,300,121,1,0,0.40610765422080947,-0.38007978424258715
42,5,6,300,57,0,0,0.022567204842872467,-3.7684317984919353
42,5,6,300,203,0,0,0.48175067758065676,-0.07302973008327629
42,5,6,300,3,1,1,0.9978206814704039,6.126561355453679
42,5,6,300,245,1,1,0.5656900963496607,0.2642880523124777
42,5,6,300,273,1,1,0.8126750203113186,1.467486332798367
42,5,6,300,303,0,0,0.10792849494989518,-2.112077367926699
42,5,6,300,28,0,0,0.02711699108781497,-3.580103328628992
42,5,6,300,222,1,1,0.819423575684961,1.5124470450163627
42,5,6,300,266,1,1,0.9863767281055359,4.282258859744435
42,5,6,300,159,0,1,0.7755774283953418,1.2400770657609415
42,5,6,300,16,1,1,0.6171874792353264,0.4776274664699547
42,5,7,350,145,1,1,0.6819895066660036,0.7629298914634579
42,5,7,350,151,1,1,0.8370015999087426,1.636085596600096
42,5,7,350,286,0,0,0.49435775629384865,-0.0225699328729696
42,5,7,350,283,0,0,0.0038792805813920766,-5.548218735199205
42,5,7,350,236,1,1,0.6657715213965983,0.6891217239315341
42,5,7,350,64,0,0,0.16560371162175153,-1.6171108005495145
42,5,7,350,229,0,0,0.4201190651722639,-0.32228463807936447
42,5,7,350,115,0,0,0.16135134338908894,-1.648207609897292
42,5,7,350,12,0,0,0.042583845780124294,-3.1127631755073493
42,5,7,350,279,0,0,0.3559296412740095,-0.593074898368293
42,5,7,350,225,0,1,0.7904875762734205,1.3278669008354402
42,5,7,350,181,1,0,0.38428964427138074,-0.4713801009979842
42,5,7,350,42,0,0,0.03850413663116485,-3.217724582263815
42,5,7,350,125,1,1,0.9902815547859946,4.6239636531977375
42,5,7,350,27,0,0,0.2096548522526436,-1.3270071280444369
42,5,7,350,176,1,1,0.7807285464068578,1.2699170412233844
42,5,7,350,168,1,1,0.9790538408751354,3.8446313425734373
42,5,7,350,150,1,1,0.7926233593571097,1.3408114921746968
42,5,7,350,196,0,1,0.7403192804493389,1.0476286785374207
42,5,7,350,84,1,1,0.9869049002588023,4.322335587800209
42,5,7,350,133,0,0,0.26209973730575103,-1.0350835620051653
42,5,7,350,65,0,1,0.7316189988317308,1.002852267979367
42,5,7,350,300,0,0,0.42745772987166836,-0.2922311609931336
42,5,7,350,299,1,0,0.2946948736680601,-0.8726900179816205
42,5,7,350,177,1,0,0.22428209178544656,-1.2408843358700836
42,5,7,350,71,1,1,0.8223444889719541,1.5323130497890363
42,5,7,350,39,1,1,0.509784176719578,0.03914170344155299
42,5,7,350,33,1,1,0.9971048287144385,5.8418116333096695
42,5,7,350,155,1,0,0.2795319934941942,-0.9467842569528341
42,5,7,350,77,1,1,0.9980933313855817,6.26048925209019
42,5,7,350,24,1,1,0.9354436007318011,2.6734816070739993
42,5,7,350,31,0,0,0.3997681484463054,-0.4064312496576279
42,5,7,350,178,1,1,0.5458148929297817,0.18377505455673093
42,5,7,350,44,1,1,0.9647655587034226,3.3098610773111
42,5,7,350,217,0,0,0.161967959892677,-1.643657796538083
42,5,7,350,94,0,0,0.4982686953622481,-0.006925246228219217
42,5,7,350,118,0,0,0.32968972430777566,-0.7095887204390453
42,5,7,350,275,0,0,0.20071399998316353,-1.3818378200336403
42,5,7,350,15,1,1,0.5319107745572907,0.12781682787690168
42,5,7,350,285,0,0,0.09597140837982161,-2.2428106700594514
42,5,7,350,164,1,0,0.16652536334573603,-1.610455641573033
42,5,7,350,73,0,1,0.6871398474506547,0.7867815402957599
42,5,7,350,76,0,0,0.3695200411111672,-0.5342763914613138
42,5,7,350,34,1,0,0.3986823365072098,-0.4109584024316747
42,5,7,350,92,0,0,0.06646602651031436,-2.6422864184139487
42,5,7,350,59,0,0,8.546832218891135e-05,-9.36727927941358
42,5,7,350,66,0,1,0.5868793190300812,0.3510794532895747
42,5,7,350,292,1,0,0.21211934988665135,-1.3121975317131027
42,5,7,350,26,0,0,0.02742227613785942,-3.568594313185698
42,5,7,350,69,1,0,0.09875575026111236,-2.211126675683164
42,5,7,350,121,1,0,0.37585333982808006,-0.5071863594299921
42,5,7,350,57,0,0,0.002912272521014855,-5.835905046075231
42,5,7,350,203,0,0,0.24116448977911845,-1.146305803955428
42,5,7,350,3,1,1,0.9995469254791248,7.699000763577359
42,5,7,350,245,1,1,0.8444918713844246,1.6920371065344535
42,5,7,350,273,1,1,0.9390742082409147,2.735237910033988
42,5,7,350,303,0,0,0.00818516112524124,-4.797213539443719
42,5,7,350,28,0,0,0.013851133424959725,-4.265440258483336
42,5,7,350,222,1,1,0.7305772034353255,0.9975530311883452
42,5,7,350,266,1,1,0.9882399347274249,4.431216024335129
42,5,7,350,159,0,1,0.69242057563441,0.8114601947440605
42,5,7,350,16,1,1,0.8151152218248682,1.4835966693503864
42,5,8,400,145,1,1,0.5414799323149805,0.16630194745445737
42,5,8,400,151,1,1,0.8275449330096876,1.568326684161924
42,5,8,400,286,0,0,0.491172746246577,-0.03531268409038024
42,5,8,400,283,0,0,0.00020404743553040282,-8.496953995784438
42,5,8,400,236,1,1,0.5324228961856289,0.12987382812930748
42,5,8,400,64,0,0,0.07719423586776708,-2.4810939833127117
42,5,8,400,229,0,0,0.08470877782885931,-2.3800230596020366
42,5,8,400,115,0,0,0.14002586120624017,-1.8150751891735146
42,5,8,400,12,0,0,0.0058979128339270385,-5.1272413734059334
42,5,8,400,279,0,0,0.08351980515924484,-2.3954566662208325
42,5,8,400,225,0,1,0.6876166698098801,0.7890004606098476
42,5,8,400,181,1,1,0.8408954851997068,1.6649060657504278
42,5,8,400,42,0,0,0.028463059832347794,-3.530272191624788
42,5,8,400,125,1,1,0.9983520806869242,6.406592530579995
42,5,8,400,27,0,0,0.13488045877633886,-1.8584787997154033
42,5,8,400,176,1,1,0.9026436946970675,2.2269503968943347
42,5,8,400,168,1,1,0.9917838194382629,4.793399710355478
42,5,8,400,150,1,1,0.972978632691064,3.583734186870288
42,5,8,400,196,0,1,0.694687154560255,0.8221246332326623
42,5,8,400,84,1,1,0.993099936891475,4.96930074263789
42,5,8,400,133,0,0,0.3135096586023992,-0.7837619872308768
42,5,8,400,65,0,1,0.6878488785872351,0.7900817265440171
42,5,8,400,300,0,1,0.7589664767817674,1.1470215844995868
42,5,8,400,299,1,0,0.3841827032991044,-0.47183209399832104
42,5,8,400,177,1,0,0.45252704534034516,-0.1904655325267835
42,5,8,400,71,1,0,0.43553180090559296,-0.2593162321366966
42,5,8,400,39,1,0,0.47784933592888973,-0.08866068872114916
42,5,8,400,33,1,1,0.9940534464899833,5.118979164597611
42,5,8,400,155,1,0,0.3956659930461592,-0.4235566332915667
42,5,8,400,77,1,1,0.9931861849552538,4.981965968455187
42,5,8,400,24,1,1,0.9464859519331504,2.8728119282964864
42,5,8,400,31,0,0,0.3520206270366579,-0.6101690905817654
42,5,8,400,178,1,1,0.9421465884447303,2.790248452195738
42,5,8,400,44,1,1,0.9301263204032978,2.588631370665653
42,5,8,400,217,0,0,0.004128264037228695,-5.485761481497308
42,5,8,400,94,0,0,0.2520335123428267,-1.087796110216404
42,5,8,400,118,0,0,0.2716743556275851,-0.986144134784251
42,5,8,400,275,0,0,0.20596416912150975,-1.349426369922379
42,5,8,400,15,1,1,0.7760491355594027,1.2427891645812335
42,5,8,400,285,0,0,0.02389309994688958,-3.7099823970551524
42,5,8,400,164,1,1,0.6984163422435593,0.8397679542904917
42,5,8,400,73,0,1,0.5643708177481049,0.25892013168374794
42,5,8,400,76,0,0,0.27614301158769045,-0.9636749536107793
42,5,8,400,34,1,0,0.3852581355970732,-0.46728885533051123
42,5,8,400,92,0,0,0.1277997755109319,-1.9205542274147784
42,5,8,400,59,0,0,0.00043217565388267145,-7.746246177083484
42,5,8,400,66,0,1,0.5755328952415056,0.3044618749264594
42,5,8,400,292,1,0,0.3811596574930438,-0.48462897542825056
42,5,8,400,26,0,0,0.00266352841284617,-5.925436482263209
42,5,8,400,69,1,0,0.04532934693699707,-3.04741175711008
42,5,8,400,121,1,0,0.26649330666650367,-1.0124875951478702
42,5,8,400,57,0,0,0.001719775680431118,-6.363840158823687
42,5,8,400,203,0,1,0.625037068889026,0.5109837874864066
42,5,8,400,3,1,1,0.9983036071531695,6.37755330369837
42,5,8,400,245,1,1,0.9296569117790752,2.5814310757420715
42,5,8,400,273,1,1,0.9337061621170758,2.645064837213634
42,5,8,400,303,0,0,0.10429446796744753,-2.15039339069519
42,5,8,400,28,0,0,0.0015138328047677807,-6.4915955830398335
42,5,8,400,222,1,1,0.585360839168701,0.344819826138427
42,5,8,400,266,1,1,0.998812029435617,6.7343201590433415
42,5,8,400,159,0,1,0.8735070686846093,1.932329794234126
42,5,8,400,16,1,1,0.7919253901946866,1.3365704667067015
42,5,9,450,145,1,1,0.8300010973505977,1.585635040873011
42,5,9,450,151,1,1,0.9008989892623084,2.2072535012834336
42,5,9,450,286,0,0,0.3770447648291748,-0.5021107425485132
42,5,9,450,283,0,0,0.00016891253880195538,-8.68596057207766
42,5,9,450,236,1,1,0.5481067472549839,0.19302407679178993
42,5,9,450,64,0,0,0.04582830786704812,-3.035941650154981
42,5,9,450,229,0,0,0.06386371508736184,-2.685009708324129
42,5,9,450,115,0,0,0.25562974171344205,-1.0688084939139717
42,5,9,450,12,0,0,0.011503222279167223,-4.453558188529399
42,5,9,450,279,0,0,0.09657564018721236,-2.2358658500066344
42,5,9,450,225,0,1,0.859578178751283,1.8117908775796085
42,5,9,450,181,1,1,0.8181673091124088,1.503979866614071
42,5,9,450,42,0,0,0.015437758874557513,-4.155380733682858
42,5,9,450,125,1,1,0.9995776352435854,7.769218811594332
42,5,9,450,27,0,0,0.1573625571013972,-1.6779843619351107
42,5,9,450,176,1,1,0.9303809797101256,2.5925563478305187
42,5,9,450,168,1,1,0.9933906352491697,5.012636430676395
42,5,9,450,150,1,1,0.9895035774790708,4.54616889366188
42,5,9,450,196,0,1,0.7412394499537048,1.0524206005590282
42,5,9,450,84,1,1,0.9973889656330119,5.945394377904037
42,5,9,450,133,0,0,0.2325591271615644,-1.1939169347784042
42,5,9,450,65,0,1,0.5897206152809829,0.362810537548424
42,5,9,450,300,0,1,0.6244747383264742,0.5085851340045993
42,5,9,450,299,1,0,0.43909778622165024,-0.24482444741089035
42,5,9,450,177,1,1,0.5298248994055241,0.11944139369977513
42,5,9,450,71,1,1,0.5333748056607183,0.13369802343724502
42,5,9,450,39,1,1,0.5714095409169049,0.28760436496042385
42,5,9,450,33,1,1,0.9960174874704083,5.5218519061722064
42,5,9,450,155,1,0,0.28600812086928,-0.9148513834438396
42,5,9,450,77,1,1,0.9930655315298313,4.964292249054737
42,5,9,450,24,1,1,0.9678830349994365,3.4057268531466915
42,5,9,450,31,0,0,0.3397131269771121,-0.6645728794073895
42,5,9,450,178,1,1,0.9827261831916548,4.04113865339799
42,5,9,450,44,1,1,0.9254440841369578,2.518724320902451
42,5,9,450,217,0,0,0.003460027579576783,-5.663012691649815
42,5,9,450,94,0,0,0.16775081492485613,-1.601652263459582
42,5,9,450,118,0,0,0.4800352164129156,-0.0799016166735379
42,5,9,450,275,0,0,0.05901924613572949,-2.769059090119553
42,5,9,450,15,1,1,0.8388880319881862,1.64997766667702
42,5,9,450,285,0,0,0.018382956675368368,-3.977777288325169
42,5,9,450,164,1,1,0.8924828911242081,2.1163573566240474
42,5,9,450,73,0,1,0.5379424198284829,0.15206201237130013
42,5,9,450,76,0,0,0.35718004868200676,-0.5876246788353867
42,5,9,450,34,1,1,0.5607838872071841,0.24434402729960714
42,5,9,450,92,0,0,0.10306294057653297,-2.1636458165713144
42,5,9,450,59,0,0,0.00010020213220401808,-9.208220882905923
42,5,9,450,66,0,1,0.6374101159347306,0.5641408728788861
42,5,9,450,292,1,1,0.5112090848340336,0.04484385279966163
42,5,9,450,26,0,0,0.0018613092819332018,-6.284612080200607
42,5,9,450,69,1,0,0.04424475740554954,-3.072764970157058
42,5,9,450,121,1,1,0.5289373099887199,0.115878733227194
42,5,9,450,57,0,0,0.0003200079357634978,-8.046844704067839
42,5,9,450,203,0,1,0.7516300703341667,1.1073249885308074
42,5,9,450,3,1,1,0.9997927691500699,8.481469916712742
42,5,9,450,245,1,1,0.897078634424623,2.1651782663677372
42,5,9,450,273,1,1,0.9767186938095345,3.736547952909235
42,5,9,450,303,0,0,0.13971370382368026,-1.8176698802687583
42,5,9,450,28,0,0,0.0006642175932521935,-7.316236323205479
42,5,9,450,222,1,1,0.6870630619272539,0.7864243867726897
42,5,9,450,266,1,1,0.998491771594579,6.495310191458131
42,5,9,450,159,0,1,0.7790609189538956,1.2602022321505877
42,5,9,450,16,1,1,0.9142438800255787,2.3665899095601466
42,5,10,500,145,1,1,0.7762680941396195,1.2440494564347968
42,5,10,500,151,1,1,0.8456138997799979,1.7006062631365457
42,5,10,500,286,0,0,0.300799273155005,-0.8434946881790453
42,5,10,500,283,0,0,8.906981218541487e-05,-9.326001015361356
42,5,10,500,236,1,1,0.7087971982193663,0.8895495086566035
42,5,10,500,64,0,0,0.04589934128898192,-3.034318412197008
42,5,10,500,229,0,0,0.014065246111061658,-4.249883239977701
42,5,10,500,115,0,0,0.39669009347583367,-0.4192756509961134
42,5,10,500,12,0,0,0.02229892206174968,-3.780665637775944
42,5,10,500,279,0,0,0.27701585705915316,-0.9593125393598195
42,5,10,500,225,0,1,0.9546242975427114,3.0463410837444167
42,5,10,500,181,1,1,0.9124041601097949,2.3433495429471165
42,5,10,500,42,0,0,0.04703692206044285,-3.0086432908621115
42,5,10,500,125,1,1,0.9997630720329244,8.347517443378264
42,5,10,500,27,0,0,0.1866828213781425,-1.4717101326580642
42,5,10,500,176,1,1,0.9817513000970302,3.985244178424601
42,5,10,500,168,1,1,0.9949897508471253,5.291246791476413
42,5,10,500,150,1,1,0.991632954997754,4.7750522579343215
42,5,10,500,196,0,0,0.43204896650395214,-0.2734962761618098
42,5,10,500,84,1,1,0.9953444048380569,5.365019055888855
42,5,10,500,133,0,0,0.19076905159861,-1.445020807742486
42,5,10,500,65,0,1,0.5790704696425444,0.31895874604682667
42,5,10,500,300,0,1,0.7595605795595983,1.1502719135216062
42,5,10,500,299,1,1,0.6406848301091455,0.5783377373973096
42,5,10,500,177,1,1,0.6613916393868856,0.6695019985814291
42,5,10,500,71,1,1,0.6582375805399375,0.6554501150881709
42,5,10,500,39,1,1,0.60826572079882,0.44002807651980336
42,5,10,500,33,1,1,0.9949993256325143,5.293169282565472
42,5,10,500,155,1,0,0.2598795663581297,-1.0465946037334022
42,5,10,500,77,1,1,0.9983423425742775,6.400690829742846
42,5,10,500,24,1,1,0.9349954387716327,2.6660842107799203
42,5,10,500,31,0,1,0.5019304955781733,0.0077220206842169015
42,5,10,500,178,1,1,0.9799513687805784,3.889342063675876
42,5,10,500,44,1,1,0.9066615148162256,2.273536677042455
42,5,10,500,217,0,0,0.0055303727929618485,-5.1919543309662055
42,5,10,500,94,0,0,0.25502920086372427,-1.0719669700277838
42,5,10,500,118,0,0,0.4678493960895757,-0.1287800984359287
42,5,10,500,275,0,0,0.15572575886025164,-1.6903808678704257
42,5,10,500,15,1,1,0.9616020211978932,3.220595842843432
42,5,10,500,285,0,0,0.021213784811967035,-3.8316620507381556
42,5,10,500,164,1,1,0.8748227623565369,1.9442906743559298
42,5,10,500,73,0,0,0.26688823867954203,-1.0104681723238829
42,5,10,500,76,0,0,0.2539693198958196,-1.0775532535917505
42,5,10,500,34,1,1,0.8730871344504237,1.9285346082751262
42,5,10,500,92,0,0,0.20899935626864447,-1.3309676096812535
42,5,10,500,59,0,0,0.0006274775666492924,-7.373174963444
42,5,10,500,66,0,1,0.7541430063460928,1.1208319733266714
42,5,10,500,292,1,1,0.6379586149214879,0.566514885633971
42,5,10,500,26,0,0,0.005073764900845419,-5.27858547281448
42,5,10,500,69,1,0,0.09680638055562929,-2.2332240414809448
42,5,10,500,121,1,1,0.5945230539997264,0.38269547551185407
42,5,10,500,57,0,0,4.2174887681201195e-05,-10.073643416919333
42,5,10,500,203,0,0,0.19178413765142893,-1.4384587227311811
42,5,10,500,3,1,1,0.9997510935103283,8.298184338048564
42,5,10,500,245,1,1,0.9369478990434599,2.6986662927571636
42,5,10,500,273,1,1,0.991799002279951,4.795264648040183
42,5,10,500,303,0,0,0.027248936070300992,-3.575113728542677
42,5,10,500,28,0,0,0.0008563603560803279,-7.061962566436937
42,5,10,500,222,1,1,0.5135670415793012,0.05428149066948096
42,5,10,500,266,1,1,0.9961382844286745,5.552774554466378
42,5,10,500,159,0,1,0.8948696276435802,2.1414768187790685
42,5,10,500,16,1,1,0.8826870195192543,2.018125276418764
43,1,1,50,150,1,1,0.5352855672723168,0.14137728132340058
43,1,1,50,89,1,1,0.6500162469279954,0.6191106242393907
43,1,1,50,308,0,1,0.7662385747705576,1.1871925316012715
43,1,1,50,181,1,0,0.1600705121665247,-1.6577035260641335
43,1,1,50,55,0,1,0.6653639606242395,0.6872907085599205
43,1,1,50,3,1,1,0.5362313508060265,0.1451798655773436
43,1,1,50,229,0,0,0.04247496886281254,-3.1154369284061265
43,1,1,50,115,0,1,0.8360434371056595,1.6290790376531505
43,1,1,50,264,1,1,0.6587183411749181,0.6575879244533955
43,1,1,50,133,0,1,0.7470874325600232,1.0831383774513248
43,1,1,50,252,0,0,0.2680919437830523,-1.0043249043193339
43,1,1,50,278,0,0,0.32208588682782885,-0.7442023639215593
43,1,1,50,245,1,0,0.3362626737282177,-0.6799938566539311
43,1,1,50,135,0,1,0.7570369628016097,1.1365027587768965
43,1,1,50,279,0,1,0.7199076060489369,0.9440033517087143
43,1,1,50,307,0,1,0.9623534193494723,3.241139632232956
43,1,1,50,163,1,1,0.5563898414505472,0.2265230467844656
43,1,1,50,145,1,1,0.6516318973339654,0.6262201408376049
43,1,1,50,247,1,0,0.07639814046891216,-2.4923227343653043
43,1,1,50,295,1,0,0.11677075318538295,-2.023372151345906
43,1,1,50,273,1,0,0.09769593552678693,-2.2230916069448106
43,1,1,50,37,1,0,0.12314102976855726,-1.963015888094973
43,1,1,50,168,1,1,0.6225980583174715,0.5005903615209377
43,1,1,50,304,1,1,0.570139884814417,0.28242190043533966
43,1,1,50,84,1,0,0.21877187196416356,-1.272837698183248
43,1,1,50,76,0,0,0.11108807414549055,-2.0796748121173088
43,1,1,50,175,0,0,0.12410127066625182,-1.9541525472608097
43,1,1,50,182,0,0,0.4559054763137495,-0.17683748929671905
43,1,1,50,230,1,0,0.26084257876434125,-1.0415938386663317
43,1,1,50,302,1,1,0.5150923335936288,0.06038767885516322
43,1,1,50,147,0,0,0.48756564594151713,-0.04974767345254516
43,1,1,50,167,0,1,0.7352365580578873,1.0213555397279634
43,1,1,50,232,1,1,0.7425863027193877,1.0594545888064668
43,1,1,50,154,1,1,0.6309068204459024,0.5361090506993976
43,1,1,50,119,1,0,0.42569937317310913,-0.29941959896066395
43,1,1,50,206,1,0,0.21751164537269085,-1.2802266489993204
43,1,1,50,69,1,1,0.8612659133020157,1.8258442435565327
43,1,1,50,26,0,0,0.48946713477493886,-0.04213769471604534
43,1,1,50,65,0,0,0.22972960470164472,-1.2098386303355315
43,1,1,50,274,1,0,0.08561346755388857,-2.3684107820666584
43,1,1,50,101,1,1,0.6849341844998296,0.7765411975271133
43,1,1,50,208,0,0,0.47827424369395316,-0.08695777921796721
43,1,1,50,30,0,1,0.845440249600693,1.6992767415739793
43,1,1,50,6,0,0,0.11792915279314428,-2.012188334316942
43,1,1,50,48,0,1,0.6317174726019589,0.5395918760698714
43,1,1,50,105,0,0,0.47989802248232566,-0.08045127479046815
43,1,1,50,227,0,1,0.8824455902648343,2.0157958448357536
43,1,1,50,285,0,1,0.7474973125941383,1.0853088182162829
43,1,1,50,290,0,1,0.6363228086974542,0.5594393583365684
43,1,1,50,246,0,1,0.773439311370963,1.2278343571685764
43,1,1,50,138,1,0,0.32649781550902834,-0.7240679812725807
43,1,1,50,22,1,1,0.8556121554142946,1.7793141398502694
43,1,1,50,207,0,0,0.35383293553878203,-0.6022332158330516
43,1,1,50,121,1,1,0.6074303061347975,0.43652336077410747
43,1,1,50,170,1,1,0.5271388707080945,0.10866227580134957
43,1,1,50,253,1,0,0.38676579428056107,-0.46092760066798716
43,1,1,50,314,0,1,0.9021376141280169,2.2212048079523163
43,1,1,50,291,1,1,0.7431509497507097,1.0624106273806238
43,1,1,50,132,1,1,0.6206359105796503,0.49224821258533724
43,1,1,50,130,1,0,0.24346434355548893,-1.133779166790625
43,1,1,50,271,0,0,0.23606996738408526,-1.1743479715741794
43,1,1,50,43,0,1,0.636357061235035,0.5595873740969151
43,1,1,50,139,0,1,0.8162810845458892,1.4913518058186312
43,1,1,50,62,0,1,0.5758226110098791,0.3056479082683381
43,1,2,100,150,1,1,0.5692433747710652,0.2787648103814816
43,1,2,100,89,1,0,0.1569006760044745,-1.6814718048851707
43,1,2,100,308,0,1,0.5193127764511133,0.07728955806460835
43,1,2,100,181,1,0,0.15162577858165072,-1.7219063351234882
43,1,2,100,55,0,1,0.8383584501884184,1.646064525671013
43,1,2,100,3,1,0,0.43929902284819966,-0.24400741922262437
43,1,2,100,229,0,0,0.14749799327795987,-1.7543609922889085
43,1,2,100,115,0,1,0.8145578986139728,1.4799027989510698
43,1,2,100,264,1,1,0.6950251563403591,0.8237187476815958
43,1,2,100,133,0,0,0.49161298540782367,-0.03355120535064321
43,1,2,100,252,0,0,0.27134628554072804,-0.9878027930911687
43,1,2,100,278,0,0,0.2401267268608572,-1.151984860936333
43,1,2,100,245,1,0,0.25275740155077364,-1.0839597545120552
43,1,2,100,135,0,1,0.9537140217919885,3.025524790249689
43,1,2,100,279,0,1,0.9345632132043271,2.658994678930379
43,1,2,100,307,0,1,0.9658578232383681,3.3424831672736217
43,1,2,100,163,1,0,0.07695948409505653,-2.4843940266393827
43,1,2,100,145,1,0,0.44971653447703475,-0.20181607642278016
43,1,2,100,247,1,0,0.03402765587425166,-3.3459616024879524
43,1,2,100,295,1,0,0.09579994925608308,-2.2447884756900445
43,1,2,100,273,1,0,0.2911389487201954,-0.8898588886552218
43,1,2,100,37,1,0,0.14037603228073334,-1.8121702800213484
43,1,2,100,168,1,0,0.4430277767834301,-0.22888290050965981
43,1,2,100,304,1,0,0.17405652675742822,-1.5571462239693554
43,1,2,100,84,1,1,0.6120772146274915,0.456052129198919
43,1,2,100,76,0,0,0.12048808129010076,-1.9878162781909818
43,1,2,100,175,0,0,0.4173465080373832,-0.33367582497027415
43,1,2,100,182,0,0,0.2845833630801689,-0.9218388552192748
43,1,2,100,230,1,0,0.31996363411382783,-0.7539389300429752
43,1,2,100,302,1,0,0.20773725972707316,-1.3386189727338107
43,1,2,100,147,0,1,0.87639753322306,1.958749290480506
43,1,2,100,167,0,1,0.8158550992263838,1.4885138128237383
43,1,2,100,232,1,1,0.5206703813464177,0.08272867627096192
43,1,2,100,154,1,0,0.4555856332661283,-0.17812696304253234
43,1,2,100,119,1,1,0.7503759507959066,1.1006183658337791
43,1,2,100,206,1,0,0.0682941963950894,-2.6131923127729846
43,1,2,100,69,1,1,0.8533505354895161,1.7611252634421204
43,1,2,100,26,0,1,0.5358389259415686,0.143601970251595
43,1,2,100,65,0,0,0.19551473155258925,-1.4145669250292037
43,1,2,100,274,1,0,0.2492714651075769,-1.1025015909822038
43,1,2,100,101,1,0,0.3991963683925902,-0.40881469786820124
43,1,2,100,208,0,0,0.4266385723966561,-0.2955790614403111
43,1,2,100,30,0,1,0.7038200088876946,0.8655553066738769
43,1,2,100,6,0,0,0.06580768231781364,-2.6529457405488444
43,1,2,100,48,0,1,0.7340642645924098,1.01534189534194
43,1,2,100,105,0,1,0.7756220139382308,1.2403332385659964
43,1,2,100,227,0,1,0.7997083617021342,1.3844726174233113
43,1,2,100,285,0,1,0.7190109309688469,0.939560792289854
43,1,2,100,290,0,1,0.6848922175939209,0.7763467326351601
43,1,2,100,246,0,0,0.319234761834108,-0.7572907530469638
43,1,2,100,138,1,1,0.6336669875864777,0.5479807705662434
43,1,2,100,22,1,1,0.827077728968299,1.5650564865486323
43,1,2,100,207,0,0,0.18732047899399934,-1.467515897327194
43,1,2,100,121,1,1,0.6428621240791644,0.5878083609586148
43,1,2,100,170,1,0,0.1654816751967931,-1.6179942370816836
43,1,2,100,253,1,1,0.5752999531753618,0.30350841490489133
43,1,2,100,314,0,1,0.879678811238414,1.9893921134665198
43,1,2,100,291,1,1,0.5539919059128936,0.21681297634226154
43,1,2,100,132,1,1,0.5389075022587758,0.15594527754337634
43,1,2,100,130,1,0,0.2820249917124053,-0.9344390709385844
43,1,2,100,271,0,0,0.08039407201241619,-2.43700479685795
43,1,2,100,43,0,1,0.5915455291113727,0.37035819903378153
43,1,2,100,139,0,1,0.7280300541703995,0.9846507636280178
43,1,2,100,62,0,1,0.5599728120922073,0.24105171701240014
43,1,3,150,150,1,1,0.7495667904141943,1.096303170293483
43,1,3,150,89,1,0,0.1349033622461714,-1.858282533745771
43,1,3,150,308,0,0,0.2807639773980019,-0.9406751906443307
43,1,3,150,181,1,0,0.23282107552707745,-1.1924498101098044
43,1,3,150,55,0,1,0.8901564686287702,2.092340343640357
43,1,3,150,3,1,1,0.6312439723390046,0.5375571780543447
43,1,3,150,229,0,0,0.3977471859128054,-0.4148607219291298
43,1,3,150,115,0,1,0.5420950802855193,0.1687798472496571
43,1,3,150,264,1,1,0.859497065532086,1.8111190362117884
43,1,3,150,133,0,1,0.5886219333559257,0.35827143685157875
43,1,3,150,252,0,0,0.031115995239719595,-3.4384228952361306
43,1,3,150,278,0,0,0.3377392921945022,-0.6733850238575858
43,1,3,150,245,1,0,0.4967826902417707,-0.01286941665139607
43,1,3,150,135,0,1,0.9526872689830814,3.0025072815583314
43,1,3,150,279,0,1,0.9596037457468597,3.167783370241767
43,1,3,150,307,0,1,0.9769203824445236,3.745455285737715
43,1,3,150,163,1,0,0.31990774278178724,-0.754195810927887
43,1,3,150,145,1,0,0.42312289014793475,-0.3099666053344478
43,1,3,150,247,1,0,0.13039970938396897,-1.8974292491624873
43,1,3,150,295,1,0,0.1432348770199521,-1.7886780326854146
43,1,3,150,273,1,0,0.23125811251643738,-1.2012208092687682
43,1,3,150,37,1,0,0.11989915821531744,-1.9933854525582564
43,1,3,150,168,1,0,0.38377456606737315,-0.47355754809807954
43,1,3,150,304,1,1,0.8183937861933124,1.5055029394016923
43,1,3,150,84,1,1,0.7243987375791433,0.9663868635391337
43,1,3,150,76,0,0,0.16101603117208696,-1.6506876662841008
43,1,3,150,175,0,0,0.4181041871949446,-0.33056076277805524
43,1,3,150,182,0,0,0.4353096034601816,-0.2602201002097435
43,1,3,150,230,1,1,0.5214012380187597,0.08565728718875086
43,1,3,150,302,1,0,0.4591049669531082,-0.16394636599030532
43,1,3,150,147,0,1,0.7903598232956457,1.3270956974631982
43,1,3,150,167,0,1,0.7260066396682362,0.9744552866028744
43,1,3,150,232,1,1,0.5668361740680575,0.2689543200259366
43,1,3,150,154,1,0,0.4791251986463075,-0.08354777006925179
43,1,3,150,119,1,1,0.6301634808393536,0.5329182112269824
43,1,3,150,206,1,0,0.14272338358851194,-1.7928522630302068
43,1,3,150,69,1,1,0.7654577599045752,1.1828383338255894
43,1,3,150,26,0,1,0.5696508814951639,0.28042690180397783
43,1,3,150,65,0,0,0.1134038642740687,-2.056434096565942
43,1,3,150,274,1,0,0.290971853222257,-0.8906686868362693
43,1,3,150,101,1,0,0.4608135946836716,-0.15706773528976925
43,1,3,150,208,0,0,0.3918880970237214,-0.43938258371785066
43,1,3,150,30,0,1,0.7178939544547368,0.9340388141120204
43,1,3,150,6,0,0,0.06956336926776162,-2.5934158462099313
43,1,3,150,48,0,1,0.8233670785965665,1.5393284375544942
43,1,3,150,105,0,1,0.7469132943146409,1.0822169662934087
43,1,3,150,227,0,1,0.6881367976930031,0.7914230145085039
43,1,3,150,285,0,1,0.6796001031258239,0.751934648214365
43,1,3,150,290,0,1,0.593837477295198,0.3798522929474645
43,1,3,150,246,0,0,0.4242024334053964,-0.30554537346766997
43,1,3,150,138,1,0,0.36369674067152413,-0.5593548821719927
43,1,3,150,22,1,1,0.8467678613378555,1.7094725677723388
43,1,3,150,207,0,0,0.09553206902540286,-2.247884856800076
43,1,3,150,121,1,1,0.8829701431219613,2.0208622977984985
43,1,3,150,170,1,0,0.06587971835130076,-2.651774581022995
43,1,3,150,253,1,1,0.6227409903270085,0.5011987066152089
43,1,3,150,314,0,1,0.8403702533986287,1.6609855227160388
43,1,3,150,291,1,0,0.45018491619187034,-0.19992358720820796
43,1,3,150,132,1,0,0.4163632551830985,-0.3377206881881614
43,1,3,150,130,1,1,0.6108200111627278,0.4507604021784407
43,1,3,150,271,0,0,0.14543742823286027,-1.7708437784449689
43,1,3,150,43,0,1,0.5479208448666822,0.19227354636455118
43,1,3,150,139,0,1,0.5332844011766094,0.13333479149688926
43,1,3,150,62,0,1,0.7871836791850502,1.3080321626950386
43,1,4,200,150,1,1,0.5125898828132479,0.05037017829690894
43,1,4,200,89,1,0,0.33845088242720084,-0.6702052543978363
43,1,4,200,308,0,0,0.3953638769271199,-0.42482027936083
43,1,4,200,181,1,0,0.2700714606039709,-0.9942600452291253
43,1,4,200,55,0,1,0.5817928554634861,0.3301375950627675
43,1,4,200,3,1,1,0.910944823894246,2.325226195016027
43,1,4,200,229,0,1,0.5360331221958665,0.14438278866762544
43,1,4,200,115,0,1,0.8212226883751687,1.5246533508723328
43,1,4,200,264,1,1,0.8987093188415592,2.182965229346624
43,1,4,200,133,0,1,0.5172029036494716,0.06883878603507299
43,1,4,200,252,0,0,0.005482913884754497,-5.20062058831922
43,1,4,200,278,0,0,0.32941098684854886,-0.7108502789767712
43,1,4,200,245,1,1,0.538790634478962,0.1554749671579183
43,1,4,200,135,0,1,0.8461617222946315,1.704808596587096
43,1,4,200,279,0,1,0.9638136029571465,3.282214642071463
43,1,4,200,307,0,1,0.9732488516891156,3.5940624066870392
43,1,4,200,163,1,0,0.32897888156211924,-0.712807050633877
43,1,4,200,145,1,1,0.6567223719985907,0.6487218290684628
43,1,4,200,247,1,0,0.2430034989511812,-1.1362827890854514
43,1,4,200,295,1,0,0.19911039857695198,-1.391863674014048
43,1,4,200,273,1,1,0.5257196676669051,0.10296955416476039
43,1,4,200,37,1,0,0.137718402524537,-1.8343708575627407
43,1,4,200,168,1,1,0.5448687928925489,0.1799592740426632
43,1,4,200,304,1,1,0.8600887344864586,1.8160271596588224
43,1,4,200,84,1,1,0.8228153444589127,1.535539366270334
43,1,4,200,76,0,0,0.24274447467833546,-1.1376914008967356
43,1,4,200,175,0,0,0.4119089469739784,-0.3560794655608174
43,1,4,200,182,0,0,0.16946856277404063,-1.5893983424504383
43,1,4,200,230,1,0,0.49631580783765705,-0.014737035359617026
43,1,4,200,302,1,1,0.5424587432838566,0.17024497401212618
43,1,4,200,147,0,1,0.833697786690482,1.6120642753622099
43,1,4,200,167,0,1,0.7662819706098541,1.1874348236991978
43,1,4,200,232,1,1,0.5885762202493298,0.35808265688792207
43,1,4,200,154,1,0,0.323643633516651,-0.7370770925834211
43,1,4,200,119,1,1,0.6856742745796937,0.779972906223368
43,1,4,200,206,1,0,0.4698379819172034,-0.12079473837732732
43,1,4,200,69,1,0,0.37680518821090797,-0.5031308576634607
43,1,4,200,26,0,1,0.6973782360563738,0.8348442045811315
43,1,4,200,65,0,0,0.344745315471367,-0.6422180630106479
43,1,4,200,274,1,0,0.42354318983517125,-0.3082449276082827
43,1,4,200,101,1,1,0.8910688637191053,2.101705807274625
43,1,4,200,208,0,0,0.13562952420124477,-1.8520743864288116
43,1,4,200,30,0,1,0.7863142159411766,1.3028498411483014
43,1,4,200,6,0,0,0.06308176790283987,-2.6981642247296027
43,1,4,200,48,0,1,0.6952276441977868,0.8246742140293877
43,1,4,200,105,0,1,0.5705778680983307,0.284209225384447
43,1,4,200,227,0,1,0.5435632687221574,0.17469601437799187
43,1,4,200,285,0,1,0.5346270903956628,0.13873043623100084
43,1,4,200,290,0,1,0.7947907542974414,1.3540487085573962
43,1,4,200,246,0,0,0.31516671538696284,-0.7760736744973167
43,1,4,200,138,1,1,0.5494896878860649,0.19860904014778935
43,1,4,200,22,1,1,0.8680185119660284,1.883551370998096
43,1,4,200,207,0,0,0.055226843566627916,-2.8394957209997034
43,1,4,200,121,1,1,0.9002998865965379,2.2005611007384562
43,1,4,200,170,1,0,0.032551640639067944,-3.391834277099527
43,1,4,200,253,1,1,0.8159503911234578,1.489148223194886
43,1,4,200,314,0,1,0.6539025860800706,0.63623811086192
43,1,4,200,291,1,1,0.5229388809988701,0.09181998014316364
43,1,4,200,132,1,1,0.5859672528671453,0.3473188354844079
43,1,4,200,130,1,0,0.2791748061378495,-0.9485585274014828
43,1,4,200,271,0,0,0.08666241534094185,-2.355085278053488
43,1,4,200,43,0,0,0.40541153445257927,-0.382966826057923
43,1,4,200,139,0,1,0.6154222305669553,0.47016255630576587
43,1,4,200,62,0,1,0.8044140796820641,1.4141143880843128
43,1,5,250,150,1,0,0.08739545923202025,-2.34585931667494
43,1,5,250,89,1,0,0.4869571703567541,-0.052183156933348185
43,1,5,250,308,0,0,0.17823852552091105,-1.5283274916457779
43,1,5,250,181,1,0,0.42326753284596824,-0.30937405272437724
43,1,5,250,55,0,1,0.5727445513563404,0.29305773342359653
43,1,5,250,3,1,1,0.9826752200270481,4.038140823815605
43,1,5,250,229,0,1,0.6176863001539814,0.47973924826524084
43,1,5,250,115,0,1,0.7289223937667418,0.9891621208553932
43,1,5,250,264,1,1,0.8867074902986923,2.0575420982044506
43,1,5,250,133,0,1,0.6657838094360613,0.6891769466658993
43,1,5,250,252,0,0,0.003177364884102682,-5.748520655084497
43,1,5,250,278,0,0,0.3340940839363831,-0.6897257516472483
43,1,5,250,245,1,0,0.28718023710378165,-0.9091185790028056
43,1,5,250,135,0,0,0.4277851881984772,-0.29089329313099765
43,1,5,250,279,0,1,0.9454835240622351,2.853193495544643
43,1,5,250,307,0,1,0.9749205785752527,3.660308363498521
43,1,5,250,163,1,0,0.46144068607981975,-0.15454411560744827
43,1,5,250,145,1,1,0.899747869071806,2.1944262564981094
43,1,5,250,247,1,0,0.13289347215584005,-1.8756139926718385
43,1,5,250,295,1,1,0.5001741626563218,0.0006966506534619166
43,1,5,250,273,1,0,0.48692348739240293,-0.05231798077032712
43,1,5,250,37,1,0,0.08589512714274977,-2.3648182051273796
43,1,5,250,168,1,1,0.5328392302965104,0.13154628792013012
43,1,5,250,304,1,1,0.972179323786516,3.5537607839975722
43,1,5,250,84,1,1,0.8439250469541195,1.6877273236215364
43,1,5,250,76,0,0,0.30620525768427465,-0.8179205025808973
43,1,5,250,175,0,1,0.5025644592142803,0.010257926805423617
43,1,5,250,182,0,0,0.14938821647046077,-1.739407438685657
43,1,5,250,230,1,1,0.5030610904409543,0.012244514744634838
43,1,5,250,302,1,1,0.6985749770294888,0.8405212077832568
43,1,5,250,147,0,1,0.5897732033641574,0.3630278926342272
43,1,5,250,167,0,1,0.7632194896779985,1.170412061358629
43,1,5,250,232,1,1,0.6056283400523867,0.4289727336500968
43,1,5,250,154,1,0,0.19568783401095918,-1.413466754034581
43,1,5,250,119,1,1,0.7925065264940114,1.3401008548482896
43,1,5,250,206,1,1,0.841385861199101,1.6685759143419063
43,1,5,250,69,1,0,0.30902517432964793,-0.8046806474662099
43,1,5,250,26,0,1,0.6129654447591844,0.4597945845729129
43,1,5,250,65,0,1,0.7075475925579447,0.8835029520546402
43,1,5,250,274,1,0,0.4213983105670337,-0.31703582013491594
43,1,5,250,101,1,1,0.9612454706886288,3.210982174487834
43,1,5,250,208,0,0,0.16239778717046488,-1.6404944995847943
43,1,5,250,30,0,1,0.9009163824238549,2.207448332377293
43,1,5,250,6,0,0,0.13258943774563414,-1.8782549886713293
43,1,5,250,48,0,0,0.28742816641265034,-0.9079077530686624
43,1,5,250,105,0,1,0.8779789127651647,1.9734287000106958
43,1,5,250,227,0,0,0.4926713559068754,-0.029316675919530744
43,1,5,250,285,0,1,0.5027427003914868,0.010970911603690514
43,1,5,250,290,0,1,0.6503761364565473,0.6206929659800675
43,1,5,250,246,0,0,0.40692702115540147,-0.37668359845285504
43,1,5,250,138,1,1,0.9873752458854939,4.359390656620999
43,1,5,250,22,1,1,0.8621257928349302,1.8330594642119813
43,1,5,250,207,0,0,0.04910056459116045,-2.963537777265229
43,1,5,250,121,1,1,0.855273231410571,1.7765733765513545
43,1,5,250,170,1,0,0.0701770345326061,-2.583973094215595
43,1,5,250,253,1,1,0.8566452873711318,1.7877018657612354
43,1,5,250,314,0,1,0.5517663020096646,0.20780984700373317
43,1,5,250,291,1,1,0.7190933114740874,0.939968583935587
43,1,5,250,132,1,1,0.8570872118773976,1.7913051066281063
43,1,5,250,130,1,0,0.05420259060359552,-2.859299686727676
43,1,5,250,271,0,0,0.21974602878705282,-1.2671470059070296
43,1,5,250,43,0,0,0.3303764109550091,-0.706483103433141
43,1,5,250,139,0,1,0.602181805742714,0.4145643000382387
43,1,5,250,62,0,0,0.480457354671777,-0.07821042386079252
43,1,6,300,150,1,0,0.24501357054754536,-1.1253861758515877
43,1,6,300,89,1,1,0.8596960022327808,1.8127673598577727
43,1,6,300,308,0,0,0.038391664225764406,-3.2207668738188735
43,1,6,300,181,1,0,0.2958150992519403,-0.8673063703310235
43,1,6,300,55,0,0,0.3958218298942998,-0.42290495255567573
43,1,6,300,3,1,1,0.9964347996535065,5.632963457700949
43,1,6,300,229,0,1,0.6931689502357198,0.8149764953092922
43,1,6,300,115,0,0,0.44594035432086854,-0.21708713626250048
43,1,6,300,264,1,1,0.9199181092705586,2.441234909183124
43,1,6,300,133,0,1,0.6886867523910777,0.7939868943865265
43,1,6,300,252,0,0,0.016457332431861905,-4.090389901844928
43,1,6,300,278,0,0,0.38613133447627723,-0.463603449116916
43,1,6,300,245,1,0,0.3467629540506971,-0.6332986570754646
43,1,6,300,135,0,0,0.2666807229156963,-1.0115290343377772
43,1,6,300,279,0,1,0.7418800295527427,1.055763066280651
43,1,6,300,307,0,1,0.9848786628690868,4.1764116472542385
43,1,6,300,163,1,0,0.2758480909358842,-0.965150870491795
43,1,6,300,145,1,1,0.9810880544719833,3.9488684545146873
43,1,6,300,247,1,0,0.2530861028688219,-1.0822201552306878
43,1,6,300,295,1,1,0.6893565799212806,0.7971129745367218
43,1,6,300,273,1,1,0.6397850717261206,0.5744314182379597
43,1,6,300,37,1,0,0.0696030549614969,-2.592802858204429
43,1,6,300,168,1,1,0.7318118607432071,1.0038347137153811
43,1,6,300,304,1,1,0.9966330217499781,5.690366939297195
43,1,6,300,84,1,1,0.8959466882919387,2.1529775311526382
43,1,6,300,76,0,0,0.3719281857578607,-0.5239537272202746
43,1,6,300,175,0,1,0.5136238903956206,0.054509054183355915
43,1,6,300,182,0,0,0.07246853364871929,-2.549374270882401
43,1,6,300,230,1,0,0.3282409075981987,-0.7161519696247272
43,1,6,300,302,1,1,0.808514792864389,1.440388417224711
43,1,6,300,147,0,0,0.43377064878094523,-0.26648327490739704
43,1,6,300,167,0,0,0.44906408171235396,-0.20445290311957132
43,1,6,300,232,1,0,0.4071206744986771,-0.37588124094207287
43,1,6,300,154,1,0,0.15287795479010774,-1.712204853463655
43,1,6,300,119,1,1,0.9818502049580615,3.990779487751108
43,1,6,300,206,1,1,0.7547169022443315,1.1239296705069213
43,1,6,300,69,1,0,0.33839009097800704,-0.6704767756347966
43,1,6,300,26,0,0,0.29566183258633844,-0.8680422485226275
43,1,6,300,65,0,1,0.8241768686413158,1.5449065989956505
43,1,6,300,274,1,1,0.7396961586170511,1.0443899360034394
43,1,6,300,101,1,1,0.9522302070867295,2.992413327412411
43,1,6,300,208,0,0,0.41337591783708966,-0.3500268178579257
43,1,6,300,30,0,1,0.889994871036711,2.0906887081850742
43,1,6,300,6,0,0,0.21490096839552736,-1.2956325548362126
43,1,6,300,48,0,0,0.18373323139269385,-1.4912563476476568
43,1,6,300,105,0,1,0.8833218249042623,2.024270097188884
43,1,6,300,227,0,1,0.5583817101674765,0.23459688561523506
43,1,6,300,285,0,0,0.35334163686935205,-0.6043827240517005
43,1,6,300,290,0,1,0.5858881225516168,0.346992681501724
43,1,6,300,246,0,0,0.09961785395152674,-2.201477874857461
43,1,6,300,138,1,1,0.9972314817140493,5.886670658999401
43,1,6,300,22,1,1,0.8742861691113094,1.9393996061967527
43,1,6,300,207,0,0,0.028788780947576087,-3.5185582111650895
43,1,6,300,121,1,0,0.3875636131900627,-0.4575650803644995
43,1,6,300,170,1,0,0.133604370293222,-1.8694586791328318
43,1,6,300,253,1,1,0.8330981986619601,1.607745897239759
43,1,6,300,314,0,0,0.3266973382890228,-0.7231607774648697
43,1,6,300,291,1,1,0.7742106395581548,1.23224144948133
43,1,6,300,132,1,1,0.7298560052592964,0.9938921309244937
43,1,6,300,130,1,0,0.18065780434914208,-1.5118971597472264
43,1,6,300,271,0,1,0.595247886225052,0.38570311932454904
43,1,6,300,43,0,0,0.2872723652868473,-0.908668574729943
43,1,6,300,139,0,0,0.42608743272987437,-0.29783249652814214
43,1,6,300,62,0,0,0.3490846828727994,-0.6230650154257356
43,1,7,350,150,1,1,0.7916588742056001,1.3349538204615665
43,1,7,350,89,1,1,0.6389243646948992,0.5706986297940649
43,1,7,350,308,0,0,0.025441176661138872,-3.6456158899050712
43,1,7,350,181,1,0,0.27517113349948646,-0.9685423730347412
43,1,7,350,55,0,0,0.394054437824773,-0.43030108381852283
43,1,7,350,3,1,1,0.9989809174368816,6.887832902174266
43,1,7,350,229,0,0,0.19329408582859914,-1.4287463933011928
43,1,7,350,115,0,0,0.2001452719803912,-1.3853866584246706
43,1,7,350,264,1,1,0.9381632877261317,2.7194267767624973
43,1,7,350,133,0,0,0.32797060469572814,-0.7173780980408113
43,1,7,350,252,0,0,0.007091366836671413,-4.941760543201579
43,1,7,350,278,0,0,0.2673117331180967,-1.0083048103774395
43,1,7,350,245,1,1,0.5996420513491143,0.40397387752974245
43,1,7,350,135,0,0,0.1701572597100242,-1.5845131467424758
43,1,7,350,279,0,1,0.7570130898529848,1.1363729708537411
43,1,7,350,307,0,1,0.9531417418378383,3.012636363561604
43,1,7,350,163,1,0,0.20724729704318848,-1.3415985710889142
43,1,7,350,145,1,1,0.7972213464533018,1.3690173572340487
43,1,7,350,247,1,0,0.3623920775584343,-0.564996839921025
43,1,7,350,295,1,1,0.6626777614710795,0.6752501701688269
43,1,7,350,273,1,1,0.8041703784208222,1.4125661566548744
43,1,7,350,37,1,1,0.7587445712417401,1.1458089448864317
43,1,7,350,168,1,1,0.9481359354299296,2.9058717309189572
43,1,7,350,304,1,1,0.9758574604844107,3.6993411215397027
43,1,7,350,84,1,1,0.9706651420245074,3.4992050490341056
43,1,7,350,76,0,0,0.17441791824317354,-1.55463444277607
43,1,7,350,175,0,0,0.19736754954666982,-1.4028291645211732
43,1,7,350,182,0,0,0.09248277726379275,-2.2836901087408736
43,1,7,350,230,1,1,0.5901041689402053,0.36439602201000365
43,1,7,350,302,1,1,0.8479594676353399,1.7186856914571702
43,1,7,350,147,0,1,0.7594780171084217,1.1498198873943402
43,1,7,350,167,0,0,0.28998036295643637,-0.8954794207162228
43,1,7,350,232,1,1,0.6783218508714748,0.7460703727967365
43,1,7,350,154,1,0,0.29353801904543564,-0.8782622197880962
43,1,7,350,119,1,1,0.8607434331820825,1.8214784368356653
43,1,7,350,206,1,1,0.5126108711494748,0.05045418499263338
43,1,7,350,69,1,0,0.28974260628707327,-0.8966344663602239
43,1,7,350,26,0,0,0.03888249325473056,-3.207552572526331
43,1,7,350,65,0,1,0.6261964374048832,0.5159336939191577
43,1,7,350,274,1,1,0.9774775644288959,3.770463390711693
43,1,7,350,101,1,1,0.9837221179120489,4.101536197439962
43,1,7,350,208,0,0,0.25460533177182293,-1.0741992064563992
43,1,7,350,30,0,1,0.7830893828692604,1.2837614777806088
43,1,7,350,6,0,1,0.8293991809395659,1.5813751241744154
43,1,7,350,48,0,0,0.01791371791034165,-4.004112385083546
43,1,7,350,105,0,1,0.6291474412563179,0.5285610672129665
43,1,7,350,227,0,1,0.6601718963717219,0.6640603379586796
43,1,7,350,285,0,0,0.27225862125034556,-0.9831933081309399
43,1,7,350,290,0,1,0.5641757703011684,0.25812683324310326
43,1,7,350,246,0,0,0.09779745127893576,-2.221940533818416
43,1,7,350,138,1,1,0.9954827321150528,5.395320416554591
43,1,7,350,22,1,1,0.8551654603007487,1.7757029856920592
43,1,7,350,207,0,0,0.002271522466369141,-6.085030875983339
43,1,7,350,121,1,0,0.36844497328761583,-0.5388937002561178
43,1,7,350,170,1,0,0.18981269655565353,-1.451227681424319
43,1,7,350,253,1,1,0.7762194426449661,1.2437693501054006
43,1,7,350,314,0,0,0.1899158091503367,-1.4505573173624526
43,1,7,350,291,1,1,0.8585272531088487,1.8031113278070758
43,1,7,350,132,1,1,0.6894325980920099,0.7974679844895086
43,1,7,350,130,1,0,0.20787028409998465,-1.337810910079567
43,1,7,350,271,0,0,0.42039703510292104,-0.3211437394369413
43,1,7,350,43,0,0,0.20040541887055685,-1.3837624165092288
43,1,7,350,139,0,0,0.2488242131495927,-1.1048930188844617
43,1,7,350,62,0,1,0.6313815615621169,0.5381483063538173
43,1,8,400,150,1,1,0.9831579635303407,4.06689187058336
43,1,8,400,89,1,1,0.5702641234612622,0.28292884864025614
43,1,8,400,308,0,0,0.06562879497486268,-2.6558592476310583
43,1,8,400,181,1,1,0.673356714248973,0.7234065190530102
43,1,8,400,55,0,1,0.6318361938392615,0.5401022090221359
43,1,8,400,3,1,1,0.9993693000515991,7.368049427183649
43,1,8,400,229,0,0,0.05342078640204565,-2.874654729527684
43,1,8,400,115,0,0,0.3556332779462409,-0.5943679264282302
43,1,8,400,264,1,1,0.9890725470115114,4.505489437219521
43,1,8,400,133,0,0,0.32478903864690434,-0.7318493176717077
43,1,8,400,252,0,0,0.005768036764104972,-5.149638769081019
43,1,8,400,278,0,0,0.22551804622255975,-1.2337941757692343
43,1,8,400,245,1,1,0.630331921296782,0.5336410214140528
43,1,8,400,135,0,0,0.08946831433492687,-2.320144166033156
43,1,8,400,279,0,0,0.29278940885915583,-0.8818748778681642
43,1,8,400,307,0,1,0.8847428026155202,2.0381308541391094
43,1,8,400,163,1,1,0.6543823268087039,0.6383586048847243
43,1,8,400,145,1,1,0.7813943129444442,1.2738103133490573
43,1,8,400,247,1,1,0.5040697237563301,0.016279254535163268
43,1,8,400,295,1,1,0.8297457704628424,1.5838265654064307
43,1,8,400,273,1,1,0.8956221701462589,2.149501343761483
43,1,8,400,37,1,1,0.678319489351435,0.7460595501513494
43,1,8,400,168,1,1,0.9668282105914248,3.3723210296498527
43,1,8,400,304,1,1,0.9630878207544951,3.261603045166267
43,1,8,400,84,1,1,0.9904871830996502,4.645556889496052
43,1,8,400,76,0,0,0.2264221078600615,-1.2286253747149003
43,1,8,400,175,0,0,0.12693117462457223,-1.9283693830342699
43,1,8,400,182,0,0,0.04970723419702195,-2.950619631853727
43,1,8,400,230,1,1,0.6418717097185347,0.5834971796733959
43,1,8,400,302,1,1,0.8997842491875991,2.1948296414275807
43,1,8,400,147,0,1,0.7380057748486896,1.035629187457112
43,1,8,400,167,0,0,0.08974820495152207,-2.316713232464344
43,1,8,400,232,1,1,0.8126453464887592,1.4672914226627907
43,1,8,400,154,1,0,0.4538038650849367,-0.18531304323201936
43,1,8,400,119,1,1,0.6955842029764309,0.8263575520470059
43,1,8,400,206,1,0,0.4122987740717695,-0.3544704332730943
43,1,8,400,69,1,0,0.1640781697620708,-1.6281921450570171
43,1,8,400,26,0,0,0.0054221499393145925,-5.211825971264354
43,1,8,400,65,0,1,0.611520476324984,0.4537079776658484
43,1,8,400,274,1,1,0.9845299289702121,4.153257041761913
43,1,8,400,101,1,1,0.9993114738921244,7.280268557328226
43,1,8,400,208,0,1,0.7968488300724083,1.366714605762186
43,1,8,400,30,0,1,0.7835021916119094,1.2861934345268933
43,1,8,400,6,0,0,0.18828699084088554,-1.4611794948244745
43,1,8,400,48,0,0,1.9924442072332294e-05,-10.823543410428067
43,1,8,400,105,0,0,0.40082246663648136,-0.4020393344315264
43,1,8,400,227,0,1,0.8664604589279841,1.8700188532342625
43,1,8,400,285,0,0,0.0914202758214697,-2.2964153476431246
43,1,8,400,290,0,0,0.41604179906839917,-0.3390436727760058
43,1,8,400,246,0,0,0.16205602691636972,-1.6430091197470582
43,1,8,400,138,1,1,0.9989630239873626,6.870408967455216
43,1,8,400,22,1,1,0.9512406096885658,2.970869236910028
43,1,8,400,207,0,0,0.0002425671194731123,-8.323989508007566
43,1,8,400,121,1,0,0.4434065380068055,-0.22734806045369504
43,1,8,400,170,1,0,0.14620345460302447,-1.7646937518333314
43,1,8,400,253,1,1,0.805424352808014,1.4205482658485427
43,1,8,400,314,0,0,0.13291482022135193,-1.8754287449446294
43,1,8,400,291,1,1,0.9133305045263119,2.3549958315794877
43,1,8,400,132,1,1,0.7038556566034405,0.8657263198290155
43,1,8,400,130,1,1,0.6637134814540814,0.6798870221577118
43,1,8,400,271,0,0,0.15709325852223005,-1.6800166926037632
43,1,8,400,43,0,0,0.1777979291103259,-1.5313385174648138
43,1,8,400,139,0,0,0.08314765009355654,-2.400328500825636
43,1,8,400,62,0,1,0.6561617183151102,0.6462358449291278
43,1,9,450,150,1,1,0.9955525081017753,5.410957548660449
43,1,9,450,89,1,1,0.5450546017083564,0.18070856827044302
43,1,9,450,308,0,0,0.04129277657235083,-3.14489815138739
43,1,9,450,181,1,1,0.7250178007085865,0.9694898415326616
43,1,9,450,55,0,1,0.5564253235657449,0.22666680489234614
43,1,9,450,3,1,1,0.9998766822223445,9.000622650684583
43,1,9,450,229,0,0,0.024866160397613378,-3.669066873975011
43,1,9,450,115,0,0,0.36133045314267215,-0.5695942572532814
43,1,9,450,264,1,1,0.9874283556884759,4.363660116522153
43,1,9,450,133,0,0,0.22889324388145071,-1.2145711175308693
43,1,9,450,252,0,0,0.017164530483393847,-4.047596656867028
43,1,9,450,278,0,0,0.16474675663400237,-1.6233254777403336
43,1,9,450,245,1,1,0.652467626278649,0.6299037006137491
43,1,9,450,135,0,0,0.05517970875111001,-2.8403994508040986
43,1,9,450,279,0,0,0.32784876351289094,-0.7179309542985515
43,1,9,450,307,0,1,0.9418440134308087,2.784710845902256
43,1,9,450,163,1,1,0.9021621642593765,2.2214829161562784
43,1,9,450,145,1,1,0.9508999966269661,2.9635497975004963
43,1,9,450,247,1,1,0.8734152020146667,1.9314986230631306
43,1,9,450,295,1,1,0.8513323662791271,1.7450894438150302
43,1,9,450,273,1,1,0.962963648283969,3.2581157535390926
43,1,9,450,37,1,1,0.6192709308011964,0.48645485033550084
43,1,9,450,168,1,1,0.9907470303108252,4.673514687172821
43,1,9,450,304,1,1,0.9927951935256321,4.925776023363262
43,1,9,450,84,1,1,0.9975288724545454,6.000606550549034
43,1,9,450,76,0,0,0.23693184662336578,-1.169574817410762
43,1,9,450,175,0,0,0.12618244448556964,-1.9351427755555324
43,1,9,450,182,0,0,0.026294459777807633,-3.6117506756775217
43,1,9,450,230,1,1,0.6493731294534376,0.6162848701607699
43,1,9,450,302,1,1,0.9864610919143642,4.288556263521273
43,1,9,450,147,0,1,0.7280227988704656,0.9846141214298301
43,1,9,450,167,0,0,0.014043829098880887,-4.2514288129411915
43,1,9,450,232,1,1,0.8503425416782787,1.7372901870240525
43,1,9,450,154,1,0,0.4215409235803587,-0.31645094021003306
43,1,9,450,119,1,1,0.7579869393088693,1.1416744605322626
43,1,9,450,206,1,1,0.6685465702421264,0.7016187415311566
43,1,9,450,69,1,0,0.16603335267668123,-1.6140047224261151
43,1,9,450,26,0,0,0.002258459004988643,-6.090811541297419
43,1,9,450,65,0,0,0.4922294830235455,-0.03108457062089802
43,1,9,450,274,1,1,0.9854991370025612,4.218940086177171
43,1,9,450,101,1,1,0.9988030487335449,6.726779898120325
43,1,9,450,208,0,0,0.29032232478126613,-0.8938191178668807
43,1,9,450,30,0,1,0.5948055920395434,0.3838676444983688
43,1,9,450,6,0,0,0.4448407702228163,-0.22153857468830718
43,1,9,450,48,0,0,4.776844383559546e-06,-12.251725623417258
43,1,9,450,105,0,0,0.30545402893801354,-0.8214590638568458
43,1,9,450,227,0,1,0.5453201919657334,0.18177967772309933
43,1,9,450,285,0,0,0.06350459010086516,-2.6910324321972485
43,1,9,450,290,0,0,0.403698222882208,-0.3900792505918371
43,1,9,450,246,0,0,0.302757422026291,-0.8342014842415486
43,1,9,450,138,1,1,0.9993000357862106,7.263781138082495
43,1,9,450,22,1,1,0.9709108651469104,3.5078699354022183
43,1,9,450,207,0,0,0.0009163226933603104,-6.994225227226562
43,1,9,450,121,1,1,0.6154301909781408,0.47019619040731875
43,1,9,450,170,1,0,0.2547128483921075,-1.0736327566053272
43,1,9,450,253,1,1,0.7894163619497029,1.3214109854719358
43,1,9,450,314,0,0,0.12938387114939107,-1.9064174241391694
43,1,9,450,291,1,1,0.8714548310023497,1.9138836823096432
43,1,9,450,132,1,1,0.846881897456092,1.710351712959259
43,1,9,450,130,1,1,0.7722549728320924,1.2210880698918447
43,1,9,450,271,0,0,0.17495240753766705,-1.550927092495027
43,1,9,450,43,0,0,0.43737565011532636,-0.2518197390193051
43,1,9,450,139,0,0,0.13128551257714624,-1.8896400813667604
43,1,9,450,62,0,1,0.5365618795096672,0.14650902345538472
43,1,10,500,150,1,1,0.9970417338302782,5.820189285251254
43,1,10,500,89,1,1,0.802452429487845,1.4016931566594615
43,1,10,500,308,0,0,0.03012554098182601,-3.4717932898763397
43,1,10,500,181,1,1,0.8582694084080771,1.8009900327681738
43,1,10,500,55,0,0,0.4982316977411495,-0.007073238525178938
43,1,10,500,3,1,1,0.9998334232304877,8.699887686010761
43,1,10,500,229,0,0,0.004855814949097379,-5.322710690909786
43,1,10,500,115,0,0,0.4527799083528359,-0.18944492893351816
43,1,10,500,264,1,1,0.9844923490192077,4.150792612807838
43,1,10,500,133,0,0,0.13414500017968714,-1.8647961520404948
43,1,10,500,252,0,0,0.03384991918280805,-3.3513825734636358
43,1,10,500,278,0,0,0.08392538043768905,-2.390169747837205
43,1,10,500,245,1,1,0.7345948587963941,1.0180616414786892
43,1,10,500,135,0,0,0.04236206002989133,-3.1182166222706025
43,1,10,500,279,0,1,0.541729640813436,0.16730774544716148
43,1,10,500,307,0,1,0.9414447991447218,2.7774458019371435
43,1,10,500,163,1,1,0.9752111512894378,3.6722601096950465
43,1,10,500,145,1,1,0.961521658553949,3.218421567417522
43,1,10,500,247,1,1,0.6815597378749495,0.760949006377561
43,1,10,500,295,1,1,0.8867161149236057,2.057627954680913
43,1,10,500,273,1,1,0.9859989085273435,4.254519958722826
43,1,10,500,37,1,1,0.6008298736324706,0.4089241144153204
43,1,10,500,168,1,1,0.9927460806919047,4.918933005054778
43,1,10,500,304,1,1,0.9829710426251858,4.055664391602226
43,1,10,500,84,1,1,0.99565172081422,5.433617341177123
43,1,10,500,76,0,0,0.0867714644762629,-2.3537083446607117
43,1,10,500,175,0,0,0.07173761207492933,-2.5602992527047483
43,1,10,500,182,0,0,0.020519074702041264,-3.8656678364848736
43,1,10,500,230,1,1,0.8492080811478583,1.728403380348719
43,1,10,500,302,1,1,0.992249743226765,4.8522488580376395
43,1,10,500,147,0,1,0.5517352910228415,0.2076844598363674
43,1,10,500,167,0,0,0.007145622162742803,-4.934084120335659
43,1,10,500,232,1,1,0.7581683591219426,1.1426636854442862
43,1,10,500,154,1,0,0.3636264228802708,-0.5596587464544791
43,1,10,500,119,1,1,0.9726462137150116,3.5711654549902123
43,1,10,500,206,1,1,0.8726107176244491,1.9242419291979271
43,1,10,500,69,1,0,0.27696625755532006,-0.9595602062300044
43,1,10,500,26,0,0,0.0027284617932555803,-5.90128508344467
43,1,10,500,65,0,0,0.49486105743192554,-0.020556494120579194
43,1,10,500,274,1,1,0.9912856946718093,4.734036816166452
43,1,10,500,101,1,1,0.9966357269626029,5.691173430730742
43,1,10,500,208,0,0,0.11165530673807565,-2.073943328483943
43,1,10,500,30,0,1,0.7965876212252374,1.3651017900865319
43,1,10,500,6,0,0,0.15756343836495418,-1.6764702011891088
43,1,10,500,48,0,0,1.0330543516953994e-06,-13.78298972076842
43,1,10,500,105,0,0,0.44993357060568384,-0.20093910065897824
43,1,10,500,227,0,0,0.45187836279697496,-0.1930841932565301
43,1,10,500,285,0,0,0.04244818162341455,-3.1160957618859335
43,1,10,500,290,0,1,0.5299197071150092,0.11982198302125013
43,1,10,500,246,0,0,0.08653527208809288,-2.3566926624171716
43,1,10,500,138,1,1,0.9990028877058176,6.909649552525047
43,1,10,500,22,1,1,0.9894453885512184,4.540581703995942
43,1,10,500,207,0,0,0.001861501742182975,-6.284508492259478
43,1,10,500,121,1,1,0.7202821624045239,0.9458616552670223
43,1,10,500,170,1,0,0.4694235817360452,-0.12245847699264747
43,1,10,500,253,1,1,0.8818443548231485,2.010012789743591
43,1,10,500,314,0,0,0.4089507178025036,-0.3683047473301853
43,1,10,500,291,1,1,0.7721282876773482,1.2203679066195587
43,1,10,500,132,1,1,0.9391245172586182,2.736117565241501
43,1,10,500,130,1,1,0.7834664901002256,1.2859829757830101
43,1,10,500,271,0,0,0.3709417919551758,-0.5281786377320244
43,1,10,500,43,0,1,0.5964601198307066,0.39073706391754326
43,1,10,500,139,0,0,0.23620599938530984,-1.1735938170659945
43,1,10,500,62,0,0,0.44484285202090257,-0.22153014490803813
43,2,1,50,165,1,0,0.2404063004974212,-1.1504532737004687
43,2,1,50,191,0,1,0.8624751735078153,1.836001907037378
43,2,1,50,14,1,1,0.8342776526216954,1.616252481932475
43,2,1,50,152,0,0,0.333734412357356,-0.6913428672163702
43,2,1,50,205,1,0,0.21620263455613897,-1.2879344336322438
43,2,1,50,309,0,1,0.5520960120227911,0.20914306908018881
43,2,1,50,284,1,0,0.4635657788180999,-0.14599565469157752
43,2,1,50,134,0,1,0.6923150422879534,0.8109647205192853
43,2,1,50,184,0,1,0.5858079436670863,0.3466622242348709
43,2,1,50,2,0,0,0.3960765187719698,-0.4218400813905519
43,2,1,50,296,0,0,0.05056350411890257,-2.9326385927876273
43,2,1,50,68,0,1,0.5881695416228828,0.35640348656796017
43,2,1,50,67,0,0,0.4859008365970554,-0.05641160859823846
43,2,1,50,289,0,0,0.3840622277369275,-0.472341348520232
43,2,1,50,186,0,0,0.3391949982266249,-0.6668836334328775
43,2,1,50,300,0,1,0.6797552835699446,0.7526474139218851
43,2,1,50,56,1,0,0.45496098824591824,-0.18064569814538678
43,2,1,50,297,1,0,0.07356242674024109,-2.5332122752154986
43,2,1,50,292,1,0,0.39811380867367957,-0.41333046063395856
43,2,1,50,305,0,1,0.6733470138738177,0.723362416241138
43,2,1,50,98,1,0,0.36036721698010366,-0.5737706764270448
43,2,1,50,221,1,0,0.06168382663687204,-2.722065196538511
43,2,1,50,11,1,0,0.3853706804296073,-0.4668136762867068
43,2,1,50,157,0,1,0.6820635600489392,0.76327136161873
43,2,1,50,35,1,1,0.9314415250716208,2.60904638334724
43,2,1,50,47,1,1,0.7419495756175499,1.05612627430154
43,2,1,50,75,0,0,0.38970143302330534,-0.44856740189865885
43,2,1,50,269,0,1,0.8869543375700965,2.060001671967542
43,2,1,50,199,0,0,0.46686197160474086,-0.13274670576876643
43,2,1,50,148,0,0,0.40502333908103555,-0.38457748662328917
43,2,1,50,114,0,0,0.36507259777371404,-0.5534144333390592
43,2,1,50,81,1,0,0.07676761911353211,-2.4870980446373374
43,2,1,50,110,1,0,0.2876729802488098,-0.9067127536336017
43,2,1,50,51,0,0,0.0677883832982183,-2.6211690029771666
43,2,1,50,60,1,1,0.5745058524837269,0.3002590907773298
43,2,1,50,17,0,1,0.7825347528335199,1.2804992793754661
43,2,1,50,159,0,1,0.6086422576949025,0.4416085856815593
43,2,1,50,77,1,0,0.4266944851071338,-0.29535049383652645
43,2,1,50,29,0,1,0.8695434083592943,1.8969277155826019
43,2,1,50,103,0,1,0.5021798821624774,0.008719583896150546
43,2,1,50,16,1,1,0.8504333583052334,1.7380039955116486
43,2,1,50,236,1,1,0.9033813586305214,2.2353730908875384
43,2,1,50,287,1,0,0.4093521115265559,-0.3666443564164157
43,2,1,50,277,1,1,0.670350873353813,0.7097724306601008
43,2,1,50,86,1,0,0.36778050424689457,-0.541750332890255
43,2,1,50,164,1,1,0.7161933219142445,0.9256568377833557
43,2,1,50,7,1,1,0.6337110140894375,0.5481704359450382
43,2,1,50,250,1,0,0.24028408216112349,-1.1511226720637344
43,2,1,50,197,1,1,0.7612252349591554,1.159408584520329
43,2,1,50,215,0,1,0.5717478028840387,0.2889857224613277
43,2,1,50,143,1,0,0.4618242530302774,-0.1530007600344805
43,2,1,50,79,1,1,0.6240168670549783,0.5066331153460142
43,2,1,50,283,0,1,0.7920561756594844,1.3373643502236412
43,2,1,50,45,0,0,0.37504415542312625,-0.5106372317299775
43,2,1,50,188,1,1,0.5380035582983322,0.15230798496969644
43,2,1,50,303,0,0,0.08477268651283644,-2.3791990665567457
43,2,1,50,9,0,0,0.018716004599417534,-3.9594828947388874
43,2,1,50,12,0,0,0.4231488180949497,-0.30986038326524123
43,2,1,50,187,1,0,0.19122060001602867,-1.4420984620469341
43,2,1,50,162,1,1,0.6125397577871714,0.4580006081967106
43,2,1,50,212,1,1,0.7325051930397983,1.0073702774254887
43,2,1,50,228,0,0,0.235998496155666,-1.1747443247636662
43,2,1,50,158,0,0,0.12129811079568797,-1.9801944513139422
43,2,1,50,50,1,0,0.3001951633039595,-0.8463686839597145
43,2,2,100,165,1,1,0.5496826522198301,0.19938856423157397
43,2,2,100,191,0,0,0.4232565401636796,-0.30941908416276803
43,2,2,100,14,1,1,0.5735031560381715,0.2961584726229586
43,2,2,100,152,0,1,0.8050436778020106,1.418120989339522
43,2,2,100,205,1,1,0.534546138821098,0.13840507309032982
43,2,2,100,309,0,0,0.2984735399769862,-0.8545773324267417
43,2,2,100,284,1,0,0.4579630445048624,-0.1685456906809647
43,2,2,100,134,0,0,0.41972281044425963,-0.3239113841383029
43,2,2,100,184,0,0,0.3239223665649519,-0.7358040340946378
43,2,2,100,2,0,1,0.7184620637939296,0.9368457019543667
43,2,2,100,296,0,0,0.35786698551512325,-0.5846341013818173
43,2,2,100,68,0,0,0.3045938365555831,-0.8255168769939881
43,2,2,100,67,0,1,0.5939461548286369,0.3803028924343991
43,2,2,100,289,0,0,0.4530817250396793,-0.18822686764967797
43,2,2,100,186,0,0,0.3950467176098054,-0.4261472055221487
43,2,2,100,300,0,1,0.6172258548540541,0.4777898942905541
43,2,2,100,56,1,0,0.24037655237088865,-1.1506161848424887
43,2,2,100,297,1,1,0.5344121160018335,0.13786642038661256
43,2,2,100,292,1,0,0.41006972244310225,-0.36367715630437536
43,2,2,100,305,0,1,0.6614430746361397,0.6697316772019414
43,2,2,100,98,1,1,0.5521406242481144,0.20932347817629027
43,2,2,100,221,1,0,0.31463058344860345,-0.7785587874726696
43,2,2,100,11,1,0,0.36026451337307375,-0.5742162677591257
43,2,2,100,157,0,1,0.8298889388119607,1.584840358329072
43,2,2,100,35,1,1,0.6216653700413886,0.4966228892384241
43,2,2,100,47,1,0,0.43147037202273836,-0.27585458247297334
43,2,2,100,75,0,1,0.547636146785043,0.19112425971000352
43,2,2,100,269,0,1,0.6704831056477611,0.7103708804358131
43,2,2,100,199,0,0,0.30187164197645044,-0.8384010794150557
43,2,2,100,148,0,1,0.5630052694089521,0.2533678507356208
43,2,2,100,114,0,0,0.10545580108677864,-2.138022395504487
43,2,2,100,81,1,1,0.8828744304503162,2.019936379323395
43,2,2,100,110,1,0,0.2689506519079855,-0.999953052504441
43,2,2,100,51,0,1,0.7096846377408387,0.8938529109711121
43,2,2,100,60,1,1,0.7587662418648186,1.1459273340659806
43,2,2,100,17,0,0,0.16091632489052615,-1.6514259247426426
43,2,2,100,159,0,1,0.6111614335247648,0.4521968749858457
43,2,2,100,77,1,1,0.6748466965118506,0.7301887746456913
43,2,2,100,29,0,0,0.3173290084277943,-0.766073915655697
43,2,2,100,103,0,0,0.11063630725125978,-2.084257944512913
43,2,2,100,16,1,1,0.7453967107053525,1.0742099687437379
43,2,2,100,236,1,0,0.35489887745153076,-0.5975741870040213
43,2,2,100,287,1,1,0.9677949870081081,3.4028981511539356
43,2,2,100,277,1,0,0.36903787246895675,-0.5363465667882263
43,2,2,100,86,1,1,0.6348140367439737,0.5529253882708058
43,2,2,100,164,1,0,0.3039713614881457,-0.8284573154375474
43,2,2,100,7,1,0,0.2373446405089816,-1.1672929736764615
43,2,2,100,250,1,0,0.30947185577422587,-0.8025895777198258
43,2,2,100,197,1,1,0.6695066430632418,0.7059545284568921
43,2,2,100,215,0,0,0.47309569179945143,-0.10772127741247085
43,2,2,100,143,1,1,0.6818989670311855,0.7625124586280474
43,2,2,100,79,1,1,0.6951747222503974,0.8244244602676593
43,2,2,100,283,0,0,0.3970309340348439,-0.41785169805280303
43,2,2,100,45,0,0,0.42071875018464805,-0.3198235519922136
43,2,2,100,188,1,0,0.3900982829720208,-0.44689910956426
43,2,2,100,303,0,0,0.35907117951686535,-0.5793977657969066
43,2,2,100,9,0,0,0.007046100695340014,-4.9482098663400755
43,2,2,100,12,0,1,0.7609096774318999,1.1576732622701527
43,2,2,100,187,1,0,0.43962134321412333,-0.24269895526588325
43,2,2,100,162,1,1,0.7586592724677114,1.1453430180284871
43,2,2,100,212,1,1,0.5376089503701409,0.1507204769903116
43,2,2,100,228,0,0,0.49487081482189427,-0.020517460445208746
43,2,2,100,158,0,1,0.7903377766643217,1.3269626440287903
43,2,2,100,50,1,0,0.498900529813028,-0.004397887836323305
43,2,3,150,165,1,0,0.2792046683052384,-0.9484101386726552
43,2,3,150,191,0,0,0.31744458733282443,-0.7655404394691074
43,2,3,150,14,1,1,0.5766446221691077,0.3090142075955883
43,2,3,150,152,0,1,0.6087585570634754,0.44209686054935476
43,2,3,150,205,1,1,0.500836717358483,0.0033468725581098924
43,2,3,150,309,0,0,0.42281402447884736,-0.31123210524490197
43,2,3,150,284,1,1,0.599960168433844,0.40529914600318795
43,2,3,150,134,0,1,0.5141546637721814,0.0566337874360595
43,2,3,150,184,0,1,0.6122586008628152,0.45681612334621996
43,2,3,150,2,0,1,0.5184660207674275,0.07389769351823994
43,2,3,150,296,0,0,0.215526819986661,-1.29192702773075
43,2,3,150,68,0,0,0.39862440262266574,-0.41120006663723874
43,2,3,150,67,0,0,0.44184700122992177,-0.23366944505189605
43,2,3,150,289,0,1,0.5060287384514619,0.024116122540558504
43,2,3,150,186,0,1,0.7022508933809184,0.8580395303616671
43,2,3,150,300,0,1,0.7452527430586452,1.0734515088785601
43,2,3,150,56,1,0,0.3281391334923059,-0.7166135692806325
43,2,3,150,297,1,0,0.4910208144220912,-0.03592060414578202
43,2,3,150,292,1,0,0.341573570759898,-0.6562897002219725
43,2,3,150,305,0,0,0.38351239583088753,-0.4746662724389591
43,2,3,150,98,1,1,0.5088363309823626,0.0353490043381377
43,2,3,150,221,1,1,0.6037128291958481,0.42095950928441506
43,2,3,150,11,1,1,0.5213838964681851,0.08558779377404263
43,2,3,150,157,0,1,0.6658786579978003,0.6896032323350963
43,2,3,150,35,1,0,0.3526484519917452,-0.6074178238023976
43,2,3,150,47,1,0,0.4625711684370587,-0.14999592202452056
43,2,3,150,75,0,0,0.20332978403542443,-1.3656115986497714
43,2,3,150,269,0,1,0.6959407825228083,0.828042097363383
43,2,3,150,199,0,0,0.14616902042485289,-1.7649696317490435
43,2,3,150,148,0,0,0.13664962948523707,-1.8434003990616317
43,2,3,150,114,0,0,0.14564335777069157,-1.7691878421443357
43,2,3,150,81,1,1,0.5565410467774516,0.22713568126064904
43,2,3,150,110,1,0,0.36811273248113857,-0.5403217745363661
43,2,3,150,51,0,0,0.4266994993540705,-0.2953299962883393
43,2,3,150,60,1,1,0.6844227128583358,0.7741721088430739
43,2,3,150,17,0,0,0.28330555023618653,-0.9281236007961481
43,2,3,150,159,0,1,0.5623542087952528,0.25072202879454664
43,2,3,150,77,1,1,0.6066090995458974,0.43308082087274924
43,2,3,150,29,0,0,0.4655408099196638,-0.13805561409511044
43,2,3,150,103,0,0,0.08577785510735324,-2.3663127146527825
43,2,3,150,16,1,1,0.9073735550938796,2.2819795401804988
43,2,3,150,236,1,0,0.3709862290775879,-0.5279882062898705
43,2,3,150,287,1,1,0.7849816986136987,1.2949372564108246
43,2,3,150,277,1,0,0.16739654186977385,-1.6041919882081808
43,2,3,150,86,1,0,0.47504538109400274,-0.09990148006006676
43,2,3,150,164,1,1,0.7077805894932248,0.8846292178691239
43,2,3,150,7,1,0,0.3821003473478626,-0.4806428064221885
43,2,3,150,250,1,1,0.6747978829258148,0.7299663256104248
43,2,3,150,197,1,1,0.5875130501538295,0.35369389026167625
43,2,3,150,215,0,1,0.6421521021170842,0.5847171649439079
43,2,3,150,143,1,1,0.6567496641280937,0.6488428939975671
43,2,3,150,79,1,1,0.5611484812843635,0.2458244133207288
43,2,3,150,283,0,0,0.2213649876841101,-1.2577295352346192
43,2,3,150,45,0,0,0.28625403020696566,-0.913647480334652
43,2,3,150,188,1,0,0.3949212277461612,-0.42667233004156235
43,2,3,150,303,0,1,0.5124779678256705,0.049922236859608116
43,2,3,150,9,0,0,0.016503851574811206,-4.087519939186753
43,2,3,150,12,0,1,0.6185258338270959,0.4832958274982567
43,2,3,150,187,1,0,0.32804464853071114,-0.7170421743604791
43,2,3,150,162,1,1,0.869236657620167,1.894226278760399
43,2,3,150,212,1,0,0.270060256964823,-0.9943168789055186
43,2,3,150,228,0,1,0.5198571792525033,0.07947051569847396
43,2,3,150,158,0,1,0.7658894796181486,1.185244563669126
43,2,3,150,50,1,0,0.48897206586995595,-0.044118891493257095
43,2,4,200,165,1,1,0.6943575513127436,0.8205710810369492
43,2,4,200,191,0,1,0.5456799825465056,0.1832308573756924
43,2,4,200,14,1,0,0.46226148433845576,-0.1512416972517573
43,2,4,200,152,0,1,0.8500464145744885,1.7349651376591209
43,2,4,200,205,1,0,0.39511495549059417,-0.425861681781894
43,2,4,200,309,0,1,0.5851011631109682,0.3437500366939282
43,2,4,200,284,1,1,0.7048001189881471,0.8702615537975057
43,2,4,200,134,0,0,0.4080190512762002,-0.37216058553795317
43,2,4,200,184,0,0,0.43389680983665174,-0.26596963588569267
43,2,4,200,2,0,1,0.5456095755849292,0.1829468627794425
43,2,4,200,296,0,0,0.17520681442278957,-1.5491655979061791
43,2,4,200,68,0,1,0.5231408955840245,0.09262975793316797
43,2,4,200,67,0,1,0.6092679729033136,0.44423621978671946
43,2,4,200,289,0,0,0.412187353770945,-0.35493028011538214
43,2,4,200,186,0,1,0.7564611644458757,1.1333747773480822
43,2,4,200,300,0,1,0.7585580716899759,1.1447903753914819
43,2,4,200,56,1,0,0.3625012658430568,-0.5645243251249634
43,2,4,200,297,1,1,0.5635648228020695,0.25564250448730585
43,2,4,200,292,1,0,0.3345335165462112,-0.6877512001213831
43,2,4,200,305,0,0,0.2881814544282693,-0.9042326953707893
43,2,4,200,98,1,1,0.6655794514343513,0.6882586884037926
43,2,4,200,221,1,1,0.6646109251585836,0.6839105191445657
43,2,4,200,11,1,0,0.30270117136007474,-0.8344679686481814
43,2,4,200,157,0,1,0.5278110771011403,0.11135924527527274
43,2,4,200,35,1,0,0.18431740298336283,-1.4873660173584184
43,2,4,200,47,1,0,0.35331631035771255,-0.6044935681873873
43,2,4,200,75,0,0,0.07018043393228403,-2.5839209990739125
43,2,4,200,269,0,1,0.7579671277673706,1.1415664650365982
43,2,4,200,199,0,0,0.2529799888087866,-1.0827815835354104
43,2,4,200,148,0,0,0.0806221627872365,-2.433923593113421
43,2,4,200,114,0,0,0.26456513406632054,-1.0223745040441647
43,2,4,200,81,1,0,0.18513399828891575,-1.4819438066808193
43,2,4,200,110,1,0,0.3604418899335063,-0.5734467341003741
43,2,4,200,51,0,0,0.4567352912901244,-0.17349270240554265
43,2,4,200,60,1,1,0.6199037451118122,0.48913969318483186
43,2,4,200,17,0,0,0.3844420886714091,-0.47073586650244775
43,2,4,200,159,0,0,0.2814483655666626,-0.9372885624406199
43,2,4,200,77,1,1,0.505516838481258,0.02206824949858488
43,2,4,200,29,0,1,0.5015091391160404,0.0060365747952787485
43,2,4,200,103,0,0,0.060677876979792746,-2.739579302671041
43,2,4,200,16,1,1,0.886587015706175,2.0563433924775985
43,2,4,200,236,1,0,0.33111076163677106,-0.7031655367331969
43,2,4,200,287,1,1,0.8337248602579023,1.612259559563301
43,2,4,200,277,1,0,0.2878031372729142,-0.9060776705165267
43,2,4,200,86,1,1,0.6205432107416952,0.4918545127486048
43,2,4,200,164,1,1,0.5407124291677607,0.16321105344717285
43,2,4,200,7,1,0,0.2702544210335889,-0.9933321359940042
43,2,4,200,250,1,1,0.6353368551726489,0.5551813022519234
43,2,4,200,197,1,1,0.863819897624326,1.847386003429397
43,2,4,200,215,0,0,0.45107907261002317,-0.19631174945152996
43,2,4,200,143,1,1,0.9584762815277755,3.139080023345838
43,2,4,200,79,1,1,0.5387052835518443,0.15513150072061144
43,2,4,200,283,0,0,0.02143797776028397,-3.8209201589731503
43,2,4,200,45,0,0,0.41558691718654445,-0.34091628698022797
43,2,4,200,188,1,0,0.40440967034551195,-0.38712466468612006
43,2,4,200,303,0,0,0.23693260972988234,-1.1695705965802627
43,2,4,200,9,0,0,0.018376570021472187,-3.978131277488866
43,2,4,200,12,0,1,0.707791020130208,0.8846796500412135
43,2,4,200,187,1,0,0.26610545468518826,-1.0144726706569966
43,2,4,200,162,1,1,0.737768994349728,1.0344049435681573
43,2,4,200,212,1,0,0.2402313877517116,-1.1514113548425682
43,2,4,200,228,0,0,0.2888382724392068,-0.9010329483259876
43,2,4,200,158,0,0,0.47234284946491767,-0.11074163880127087
43,2,4,200,50,1,1,0.5146656446228404,0.05867941013235367
43,2,5,250,165,1,1,0.8310004718715245,1.5927344399110792
43,2,5,250,191,0,1,0.657279908234584,0.6511959126706607
43,2,5,250,14,1,0,0.17581253149456508,-1.5449797489677586
43,2,5,250,152,0,1,0.8048688676707365,1.41700756080775
43,2,5,250,205,1,0,0.10896346035423064,-2.1013728364130433
43,2,5,250,309,0,1,0.676544014015581,0.7379344578676795
43,2,5,250,284,1,1,0.7308274277016074,0.9988246482481491
43,2,5,250,134,0,0,0.3542595929720851,-0.600367618443279
43,2,5,250,184,0,0,0.12632254431784107,-1.9338727521107855
43,2,5,250,2,0,0,0.499514565833982,-0.0019417372741565853
43,2,5,250,296,0,0,0.18515404146892736,-1.4818109522383418
43,2,5,250,68,0,0,0.4099000422401084,-0.36437861192177345
43,2,5,250,67,0,1,0.5965090940830561,0.3909405377044443
43,2,5,250,289,0,0,0.4027500818771895,-0.39401942376321486
43,2,5,250,186,0,0,0.4911524612533261,-0.03539384941930468
43,2,5,250,300,0,0,0.4083128491317181,-0.3709443661672538
43,2,5,250,56,1,0,0.3077843276956677,-0.8104982692994525
43,2,5,250,297,1,0,0.4904342766155183,-0.03826756279269394
43,2,5,250,292,1,1,0.5329302993846483,0.13191214684442815
43,2,5,250,305,0,0,0.08362858150704548,-2.3940364154767675
43,2,5,250,98,1,1,0.8256786074422549,1.555304923579238
43,2,5,250,221,1,1,0.6053677062709261,0.4278816229771195
43,2,5,250,11,1,1,0.588294791025861,0.35692058649933384
43,2,5,250,157,0,0,0.4196012471844392,-0.3244105233364179
43,2,5,250,35,1,1,0.5358665378582684,0.14371298873924354
43,2,5,250,47,1,1,0.5788619848070831,0.3181034739295491
43,2,5,250,75,0,0,0.020851272576849687,-3.8492685674437706
43,2,5,250,269,0,1,0.5489073053141119,0.1962567346363084
43,2,5,250,199,0,0,0.22052082056122477,-1.2626338632488567
43,2,5,250,148,0,0,0.17288263576921387,-1.5653336422723683
43,2,5,250,114,0,0,0.2368297325264252,-1.1701397068789754
43,2,5,250,81,1,0,0.26247827590117545,-1.0331272240500347
43,2,5,250,110,1,0,0.46738871873721954,-0.13063056904050296
43,2,5,250,51,0,0,0.31117565989108376,-0.7946287139371762
43,2,5,250,60,1,0,0.43838085108018104,-0.24773589363533954
43,2,5,250,17,0,1,0.6670732021580749,0.6949771487420677
43,2,5,250,159,0,1,0.6561330605370866,0.646108825901596
43,2,5,250,77,1,1,0.5367033001997804,0.147077759071104
43,2,5,250,29,0,1,0.6066788727253635,0.43337321511983384
43,2,5,250,103,0,0,0.09582435853346616,-2.2445067180789966
43,2,5,250,16,1,1,0.7482493928176809,1.0892973918205087
43,2,5,250,236,1,1,0.628268053639589,0.5247938921701789
43,2,5,250,287,1,1,0.8856390488539563,2.046949788986267
43,2,5,250,277,1,1,0.6233212523980809,0.5036693440097847
43,2,5,250,86,1,1,0.7222130371066617,0.9554656612249132
43,2,5,250,164,1,0,0.26861197503103923,-1.0016762665949557
43,2,5,250,7,1,0,0.1395357190009834,-1.8191514865290284
43,2,5,250,250,1,1,0.786547723966867,1.3042401233516572
43,2,5,250,197,1,1,0.8360837326641508,1.629373034342146
43,2,5,250,215,0,1,0.6652673848382362,0.686856992879275
43,2,5,250,143,1,1,0.9527346441925129,3.0035588304953134
43,2,5,250,79,1,1,0.6171920352459617,0.47764674981932065
43,2,5,250,283,0,0,0.005480179769866262,-5.201122122797726
43,2,5,250,45,0,1,0.6054227982665111,0.4281122377836781
43,2,5,250,188,1,0,0.4166224191222171,-0.3366542864235391
43,2,5,250,303,0,0,0.32713572079360914,-0.721168510851096
43,2,5,250,9,0,0,0.012658115034571772,-4.356717853257987
43,2,5,250,12,0,0,0.4024575998358732,-0.39523549461864144
43,2,5,250,187,1,0,0.3387333607057695,-0.6689438949501039
43,2,5,250,162,1,1,0.640350363916857,0.5768851457322755
43,2,5,250,212,1,0,0.43223153448587825,-0.27275230035269554
43,2,5,250,228,0,0,0.1309125446636679,-1.8929142569826705
43,2,5,250,158,0,0,0.34263982493808537,-0.6515522575473136
43,2,5,250,50,1,1,0.835124307812724,1.6223887761190159
43,2,6,300,165,1,1,0.8236575489782575,1.5413269986543328
43,2,6,300,191,0,1,0.805872815311417,1.423412397239363
43,2,6,300,14,1,0,0.4370765864240608,-0.2530351514464044
43,2,6,300,152,0,1,0.9233752818191354,2.489116024705376
43,2,6,300,205,1,0,0.1300232742732487,-1.900752991950316
43,2,6,300,309,0,1,0.5033710934154546,0.013484577987490254
43,2,6,300,284,1,1,0.7534027271900664,1.1168433835906715
43,2,6,300,134,0,0,0.2508779624846797,-1.093935288521895
43,2,6,300,184,0,0,0.10019612711849786,-2.1950472841641795
43,2,6,300,2,0,0,0.32974316072399995,-0.7093469305403248
43,2,6,300,296,0,0,0.21540456231299543,-1.2926502737793324
43,2,6,300,68,0,0,0.3695892683274276,-0.533979258555709
43,2,6,300,67,0,0,0.37118656513275705,-0.5271297995817903
43,2,6,300,289,0,0,0.21995293791717652,-1.2659406489568792
43,2,6,300,186,0,0,0.38415911074908105,-0.4719318158214437
43,2,6,300,300,0,0,0.33507446886573117,-0.6853222488857702
43,2,6,300,56,1,1,0.5122902903500929,0.04917106613029365
43,2,6,300,297,1,1,0.6817136147967505,0.7616580901003467
43,2,6,300,292,1,0,0.3170213175305537,-0.7674946281256387
43,2,6,300,305,0,0,0.13049438959125262,-1.8965945520268441
43,2,6,300,98,1,1,0.8079976901546246,1.4370517973974055
43,2,6,300,221,1,1,0.6488882147485215,0.6141558103076356
43,2,6,300,11,1,1,0.7212935865067744,0.9508873014965329
43,2,6,300,157,0,1,0.5298081680070434,0.1193742292622062
43,2,6,300,35,1,1,0.8217310653389408,1.5281198914431409
43,2,6,300,47,1,1,0.5443148761282159,0.1777258426463854
43,2,6,300,75,0,0,0.04451791167093216,-3.066324399996698
43,2,6,300,269,0,0,0.48209281509197205,-0.07165938854633605
43,2,6,300,199,0,0,0.34106289475063695,-0.6585611879054027
43,2,6,300,148,0,0,0.23646264433824415,-1.1721718069291538
43,2,6,300,114,0,0,0.17575974372845127,-1.5453440905567062
43,2,6,300,81,1,0,0.4680204993108763,-0.12809285915531965
43,2,6,300,110,1,0,0.29675415218331386,-0.8628025174897795
43,2,6,300,51,0,0,0.4539925952752034,-0.18455164947814506
43,2,6,300,60,1,0,0.29722102551561164,-0.8605663833985204
43,2,6,300,17,0,1,0.8323350938933363,1.6022677358010529
43,2,6,300,159,0,1,0.8624433698126008,1.835733800336014
43,2,6,300,77,1,1,0.7566436244201472,1.134365433880586
43,2,6,300,29,0,1,0.7750377595242673,1.2369791821200724
43,2,6,300,103,0,0,0.29693978153767314,-0.8619131849261822
43,2,6,300,16,1,1,0.5000261195681303,0.00010447827261622633
43,2,6,300,236,1,1,0.5942043407040262,0.3813735374487358
43,2,6,300,287,1,1,0.7671521297718341,1.192299802753824
43,2,6,300,277,1,1,0.7940156172247375,1.3493027759573368
43,2,6,300,86,1,1,0.876696655877039,1.9615135125001424
43,2,6,300,164,1,0,0.24263584575279928,-1.1382824447722986
43,2,6,300,7,1,0,0.06685048878390344,-2.6361068206563405
43,2,6,300,250,1,1,0.7192373161417793,0.9406815963588906
43,2,6,300,197,1,1,0.7555873010414594,1.1286371433498696
43,2,6,300,215,0,1,0.8209423876189679,1.5227453226330308
43,2,6,300,143,1,1,0.9889151094813948,4.491025526754282
43,2,6,300,79,1,1,0.851903662267182,1.7496104553519696
43,2,6,300,283,0,0,0.009710636978444492,-4.624775305898417
43,2,6,300,45,0,1,0.6145936746140103,0.4666631894014386
43,2,6,300,188,1,1,0.5124802489517706,0.049931367051320175
43,2,6,300,303,0,0,0.14695734370071337,-1.7586671878642337
43,2,6,300,9,0,0,0.007277907603805082,-4.915607354368035
43,2,6,300,12,0,0,0.2608634180443,-1.0414857559983268
43,2,6,300,187,1,1,0.5139708485079924,0.055897944286356305
43,2,6,300,162,1,1,0.7352506857075044,1.0214281155925728
43,2,6,300,212,1,1,0.913211657696698,2.3534953729542214
43,2,6,300,228,0,0,0.20750341528769264,-1.3400403974777682
43,2,6,300,158,0,0,0.45505559362982834,-0.18026418751103723
43,2,6,300,50,1,1,0.9468157648319842,2.879342507143085
43,2,7,350,165,1,1,0.9062055740381828,2.26816075368395
43,2,7,350,191,0,1,0.7518657976689019,1.1085881092429617
43,2,7,350,14,1,1,0.7067029901623464,0.87942469781243
43,2,7,350,152,0,1,0.8837080672503138,2.028023076177268
43,2,7,350,205,1,0,0.2981361148104346,-0.8561893461535977
43,2,7,350,309,0,0,0.36398655151882686,-0.5581027879498535
43,2,7,350,284,1,1,0.5682033599213117,0.27452464582249003
43,2,7,350,134,0,0,0.2888270925321564,-0.9010873760368802
43,2,7,350,184,0,0,0.1037762805661157,-2.1559526349810785
43,2,7,350,2,0,0,0.3495154940018269,-0.6211695864658277
43,2,7,350,296,0,0,0.3789251090117162,-0.4941130880623728
43,2,7,350,68,0,0,0.32720374332701446,-0.7208594996905954
43,2,7,350,67,0,0,0.2775785553757327,-0.9565047113504273
43,2,7,350,289,0,0,0.4050924173407279,-0.38429083818029386
43,2,7,350,186,0,0,0.2329237113177203,-1.191875279437786
43,2,7,350,300,0,1,0.6679106526410665,0.6987503597979154
43,2,7,350,56,1,1,0.6413340138975232,0.5811588491597339
43,2,7,350,297,1,1,0.768759580356908,1.201320334332028
43,2,7,350,292,1,0,0.24060521331240833,-1.1493643114618244
43,2,7,350,305,0,0,0.10091538558020716,-2.1870947514568355
43,2,7,350,98,1,1,0.9832935113281079,4.075110475704866
43,2,7,350,221,1,1,0.8790233036762957,1.9832134742285092
43,2,7,350,11,1,1,0.8026221362203129,1.40276405628681
43,2,7,350,157,0,0,0.27888018664295156,-0.950023049088105
43,2,7,350,35,1,1,0.9621293412784268,3.2349722559740037
43,2,7,350,47,1,0,0.22640964135858724,-1.2286965501565457
43,2,7,350,75,0,0,0.013292968140334304,-4.307137984324188
43,2,7,350,269,0,1,0.5232910839383583,0.09323180933497849
43,2,7,350,199,0,0,0.4871495473835934,-0.051413132544323115
43,2,7,350,148,0,0,0.3062899764844808,-0.8175217508394637
43,2,7,350,114,0,0,0.1790065515377527,-1.5230927235315155
43,2,7,350,81,1,0,0.4319692647189762,-0.2738210894382074
43,2,7,350,110,1,0,0.1486513204685023,-1.7452183413608535
43,2,7,350,51,0,0,0.2588636795437309,-1.0518829872738034
43,2,7,350,60,1,0,0.25933226476447946,-1.049442009186308
43,2,7,350,17,0,1,0.7495566304845359,1.0962490472040742
43,2,7,350,159,0,1,0.7026158635678517,0.8597856261975468
43,2,7,350,77,1,1,0.9929878459859427,4.953073493105599
43,2,7,350,29,0,1,0.8253359397616603,1.55292602992047
43,2,7,350,103,0,0,0.16757122188659443,-1.6029392001950356
43,2,7,350,16,1,1,0.6030221219019949,0.4180733259993162
43,2,7,350,236,1,1,0.7238036777928526,0.9634082671456049
43,2,7,350,287,1,1,0.5158172289562636,0.06329003372893094
43,2,7,350,277,1,1,0.9500007779022919,2.944455356177488
43,2,7,350,86,1,1,0.8510861417080833,1.7431453410558218
43,2,7,350,164,1,0,0.1668945298751793,-1.6077981936810017
43,2,7,350,7,1,0,0.06527313272794011,-2.661673858108572
43,2,7,350,250,1,0,0.3246682168399189,-0.7324003110944908
43,2,7,350,197,1,1,0.7679414690501888,1.1967238896454722
43,2,7,350,215,0,1,0.556222699891888,0.22584589316234294
43,2,7,350,143,1,1,0.998340293261269,6.399453270057809
43,2,7,350,79,1,1,0.861274746896711,1.8259181749053741
43,2,7,350,283,0,0,0.0018973285018285438,-6.265409303187638
43,2,7,350,45,0,1,0.6455749510841303,0.5996444207486271
43,2,7,350,188,1,1,0.8970901982159067,2.1653035186912257
43,2,7,350,303,0,0,0.022159983427676264,-3.787057960386637
43,2,7,350,9,0,0,0.0014709613871237805,-6.520367042800437
43,2,7,350,12,0,0,0.0853044282654683,-2.3723649342639064
43,2,7,350,187,1,1,0.8274317673241544,1.5675339374401671
43,2,7,350,162,1,1,0.7898205766940556,1.3238442389336986
43,2,7,350,212,1,1,0.9160002289113209,2.3892025408724598
43,2,7,350,228,0,0,0.23944478415813103,-1.1557258697625687
43,2,7,350,158,0,0,0.25034752959774226,-1.0967596554098686
43,2,7,350,50,1,1,0.845439430214887,1.6992704709874054
43,2,8,400,165,1,1,0.9549260312173425,3.0533289922418962
43,2,8,400,191,0,1,0.7875957857449388,1.310493865698643
43,2,8,400,14,1,1,0.8339132049857366,1.6136188129387132
43,2,8,400,152,0,1,0.6486432658938133,0.6130808544072468
43,2,8,400,205,1,0,0.2333880814248423,-1.1892780466143547
43,2,8,400,309,0,0,0.2990222717375893,-0.8519580571162475
43,2,8,400,284,1,1,0.5013971786935992,0.005588729320833874
43,2,8,400,134,0,0,0.38542346075252293,-0.4665908486735558
43,2,8,400,184,0,0,0.029726930171113657,-3.4855241724303285
43,2,8,400,2,0,0,0.4022672817141725,-0.3960269470759474
43,2,8,400,296,0,0,0.13097880083509456,-1.892332035444504
43,2,8,400,68,0,0,0.35374159891452905,-0.6026327254596167
43,2,8,400,67,0,1,0.6303543904561111,0.5337374511618109
43,2,8,400,289,0,0,0.17659332937153588,-1.5396006956965524
43,2,8,400,186,0,0,0.23712689292593145,-1.1684962985138683
43,2,8,400,300,0,1,0.7923864251087811,1.3393706445123497
43,2,8,400,56,1,1,0.8043888631756674,1.4139541202094996
43,2,8,400,297,1,1,0.7821911377768451,1.2784812329878357
43,2,8,400,292,1,0,0.40117053763067845,-0.4005902359138547
43,2,8,400,305,0,0,0.01939703356954045,-3.9230475087393337
43,2,8,400,98,1,1,0.9893791678124351,4.5342602700426315
43,2,8,400,221,1,1,0.8519506181214684,1.749982685745267
43,2,8,400,11,1,1,0.7928137378976945,1.3419701056005429
43,2,8,400,157,0,0,0.1399863834070494,-1.8154030658689349
43,2,8,400,35,1,1,0.9526748459665726,3.0022317035835817
43,2,8,400,47,1,1,0.5855690472262078,0.3456777235946825
43,2,8,400,75,0,0,0.0011207377165521077,-6.792646768800977
43,2,8,400,269,0,0,0.4224122088145189,-0.3128788147931551
43,2,8,400,199,0,0,0.3024550890324347,-0.835634099666389
43,2,8,400,148,0,1,0.5439719075610431,0.17634319116715386
43,2,8,400,114,0,0,0.15981773990171838,-1.6595848042860324
43,2,8,400,81,1,1,0.5823250130836268,0.3323251467663863
43,2,8,400,110,1,0,0.42916922956346887,-0.2852414760616443
43,2,8,400,51,0,0,0.3549203033754541,-0.5974806030828537
43,2,8,400,60,1,0,0.16706312160287345,-1.6065861483891342
43,2,8,400,17,0,0,0.4932491710438679,-0.027004956858406315
43,2,8,400,159,0,1,0.796558835018496,1.364924146052381
43,2,8,400,77,1,1,0.989698750766842,4.565135432013859
43,2,8,400,29,0,0,0.4580398859101563,-0.16823614102921147
43,2,8,400,103,0,0,0.45025635210979953,-0.19963498290715953
43,2,8,400,16,1,1,0.7816849961185092,1.275512849374291
43,2,8,400,236,1,1,0.6865183415560278,0.7838920897392786
43,2,8,400,287,1,1,0.6672621528989414,0.6958280675335884
43,2,8,400,277,1,1,0.973371670580611,3.598790328574152
43,2,8,400,86,1,1,0.8631498531181093,1.8417018093010895
43,2,8,400,164,1,0,0.4530655111985129,-0.18829229935917635
43,2,8,400,7,1,0,0.26519687964086286,-1.0191301076916648
43,2,8,400,250,1,0,0.3017462687475308,-0.8389960540066554
43,2,8,400,197,1,1,0.9380991582068542,2.718321876951963
43,2,8,400,215,0,0,0.24566590122152998,-1.121862883966698
43,2,8,400,143,1,1,0.9962573771219689,5.584218965053451
43,2,8,400,79,1,1,0.9672754793697542,3.3863586720440404
43,2,8,400,283,0,0,0.0007704004713371216,-7.167829388289952
43,2,8,400,45,0,1,0.5767278206797134,0.3093550185716666
43,2,8,400,188,1,1,0.9470778441161875,2.884559213601877
43,2,8,400,303,0,0,0.18560617329875195,-1.4788169844804462
43,2,8,400,9,0,0,0.00040336532310972017,-7.815264450994787
43,2,8,400,12,0,0,0.012752474017737516,-4.349195500806923
43,2,8,400,187,1,1,0.9354036660484829,2.672820505313199
43,2,8,400,162,1,1,0.5342594262884863,0.13725276767674632
43,2,8,400,212,1,1,0.8741627416847113,1.9382770901783455
43,2,8,400,228,0,0,0.17458595677778843,-1.5534679216673275
43,2,8,400,158,0,0,0.34743283377947876,-0.6303427084004178
43,2,8,400,50,1,1,0.8671188166716588,1.8757206403357685
43,2,9,450,165,1,1,0.8598769011834033,1.8142679273105695
43,2,9,450,191,0,1,0.6402124655813547,0.5762864236785812
43,2,9,450,14,1,1,0.8354551435726223,1.6247934419873014
43,2,9,450,152,0,0,0.3390541886381851,-0.6675119136094428
43,2,9,450,205,1,0,0.3302153253406195,-0.7072113369191699
43,2,9,450,309,0,0,0.3599203627581364,-0.5757098093850889
43,2,9,450,284,1,1,0.691286738140689,0.8061418078919396
43,2,9,450,134,0,1,0.54977460593633,0.19976005377898098
43,2,9,450,184,0,0,0.046303425518329035,-3.025129621126343
43,2,9,450,2,0,0,0.23859912716289094,-1.1603751388093408
43,2,9,450,296,0,0,0.11225452169878364,-2.067916270167569
43,2,9,450,68,0,0,0.1724132796247775,-1.5686195165477719
43,2,9,450,67,0,1,0.6319990044902034,0.5408021756169512
43,2,9,450,289,0,0,0.16016842125839675,-1.6569754757668447
43,2,9,450,186,0,0,0.17185923178868712,-1.5725074279603701
43,2,9,450,300,0,1,0.7857451102778674,1.2994660729339675
43,2,9,450,56,1,1,0.7415893127544765,1.054245472720708
43,2,9,450,297,1,1,0.9125789196483912,2.3455381214695064
43,2,9,450,292,1,1,0.7238296412354371,0.9635381453345117
43,2,9,450,305,0,0,0.009238225379974768,-4.675124307788337
43,2,9,450,98,1,1,0.9996096488931303,7.8480735225058424
43,2,9,450,221,1,1,0.7776054938813711,1.2517664589306277
43,2,9,450,11,1,1,0.8640614339223711,1.8494408066907033
43,2,9,450,157,0,0,0.07181853443705224,-2.559084675923821
43,2,9,450,35,1,1,0.9857790961071734,4.2387193017912494
43,2,9,450,47,1,1,0.5388101956077171,0.15555368570730221
43,2,9,450,75,0,0,0.0008612093190249425,-7.056311391183312
43,2,9,450,269,0,0,0.21618087417210616,-1.2880628491781163
43,2,9,450,199,0,0,0.23425827019135917,-1.1844207200608095
43,2,9,450,148,0,0,0.4029052495458975,-0.3933743902637412
43,2,9,450,114,0,0,0.10013492403051398,-2.1957263196099412
43,2,9,450,81,1,1,0.5963103848031395,0.3901150079098793
43,2,9,450,110,1,0,0.17559723203840255,-1.546466288359962
43,2,9,450,51,0,0,0.27907437438956256,-0.9490576563014249
43,2,9,450,60,1,0,0.23470507412714867,-1.1819315612948214
43,2,9,450,17,0,1,0.5726520446129,0.2926797150764979
43,2,9,450,159,0,1,0.6672929603042244,0.6959668282417422
43,2,9,450,77,1,1,0.9507385187636187,2.9600966087567597
43,2,9,450,29,0,0,0.07545986581768319,-2.5056955253126794
43,2,9,450,103,0,0,0.2263523746730983,-1.2290235405072216
43,2,9,450,16,1,1,0.8672123976522167,1.876533049899344
43,2,9,450,236,1,1,0.6718811855600896,0.7167057357512133
43,2,9,450,287,1,1,0.7826873979965121,1.2813965008454082
43,2,9,450,277,1,1,0.988252803004132,4.432323879915204
43,2,9,450,86,1,1,0.9005911216556997,2.2038099205310977
43,2,9,450,164,1,1,0.8609191764280001,1.8229453995845735
43,2,9,450,7,1,0,0.44311465474072265,-0.22853082452638773
43,2,9,450,250,1,0,0.20488776469046777,-1.3560209412832294
43,2,9,450,197,1,1,0.970170175424384,3.4819627769863732
43,2,9,450,215,0,0,0.07768184470183874,-2.4742686637055424
43,2,9,450,143,1,1,0.991897267201958,4.807418153381631
43,2,9,450,79,1,1,0.987003712089976,4.330010029106223
43,2,9,450,283,0,0,0.0012824441086875375,-6.657704294695842
43,2,9,450,45,0,1,0.5592102878761547,0.2379576697755565
43,2,9,450,188,1,1,0.9074754257294447,2.2831922096616215
43,2,9,450,303,0,0,0.18988403611611152,-1.4507638531095473
43,2,9,450,9,0,0,0.0009503255973966056,-6.9577551205448565
43,2,9,450,12,0,0,0.032834721371974435,-3.382882865896885
43,2,9,450,187,1,1,0.9247809289982771,2.509152073397448
43,2,9,450,162,1,1,0.7401473770378861,1.046734688985298
43,2,9,450,212,1,1,0.9185677831859302,2.4230447209672934
43,2,9,450,228,0,0,0.1682507072449562,-1.5980758925365428
43,2,9,450,158,0,0,0.14390326810880308,-1.7832420496960388
43,2,9,450,50,1,1,0.9056230489172014,2.2613262775873695
43,2,10,500,165,1,1,0.9787869847142544,3.831699112420192
43,2,10,500,191,0,1,0.7385821320068559,1.0386121565817925
43,2,10,500,14,1,1,0.9584859599616449,3.1393232302525336
43,2,10,500,152,0,0,0.4742420800056841,-0.10312297001759585
43,2,10,500,205,1,1,0.5910943029637203,0.3684910098952833
43,2,10,500,309,0,1,0.5922696541962599,0.3733559893754532
43,2,10,500,284,1,1,0.6964308942202987,0.830359288937046
43,2,10,500,134,0,0,0.4465577252463787,-0.2145887795620185
43,2,10,500,184,0,0,0.05720439492177395,-2.8022187797570264
43,2,10,500,2,0,0,0.17262728824711507,-1.567120405527411
43,2,10,500,296,0,0,0.036065523138193084,-3.285685950963555
43,2,10,500,68,0,0,0.04712783135605798,-3.006617033132069
43,2,10,500,67,0,0,0.40130846201578235,-0.40001614028929555
43,2,10,500,289,0,0,0.12926082135988132,-1.9075102473994114
43,2,10,500,186,0,0,0.03712133999030363,-3.2557353956492587
43,2,10,500,300,0,1,0.8938939406052092,2.1311479792526367
43,2,10,500,56,1,1,0.6671321946232339,0.6952427888043158
43,2,10,500,297,1,1,0.9488421147954643,2.9203257757274623
43,2,10,500,292,1,1,0.899606445017685,2.192859372580491
43,2,10,500,305,0,0,0.0037545874782313874,-5.581015205492536
43,2,10,500,98,1,1,0.9998997248835028,9.207492704387459
43,2,10,500,221,1,1,0.6610838558761869,0.6681279796331759
43,2,10,500,11,1,1,0.9863900607301991,4.283251521013171
43,2,10,500,157,0,0,0.07968692518595025,-2.446608388891588
43,2,10,500,35,1,1,0.9945454240751885,5.20583089691668
43,2,10,500,47,1,1,0.574158338136108,0.298837617279591
43,2,10,500,75,0,0,0.0002044995325743589,-8.494740347738531
43,2,10,500,269,0,0,0.026600178204683425,-3.5998769991354718
43,2,10,500,199,0,0,0.2857345876408192,-0.9161912545546191
43,2,10,500,148,0,0,0.33146125607080434,-0.7015834231782917
43,2,10,500,114,0,0,0.021427097531308625,-3.821438927569112
43,2,10,500,81,1,1,0.5694335655929643,0.2795404910214373
43,2,10,500,110,1,0,0.22331918160208955,-1.2464274230904218
43,2,10,500,51,0,1,0.5768398056724072,0.30981377746275063
43,2,10,500,60,1,0,0.36715485893278454,-0.5444420313505837
43,2,10,500,17,0,1,0.6012891357279304,0.4108394066531935
43,2,10,500,159,0,1,0.7799979356821574,1.2656543435475383
43,2,10,500,77,1,1,0.9930245089370515,4.958352616930269
43,2,10,500,29,0,0,0.014827896014685283,-4.19630607827115
43,2,10,500,103,0,0,0.27706077741101526,-0.9590882606601641
43,2,10,500,16,1,1,0.7801295734937345,1.26642162333594
43,2,10,500,236,1,1,0.9168701884521835,2.4005625205320467
43,2,10,500,287,1,1,0.7000310204634679,0.847445581244338
43,2,10,500,277,1,1,0.9925300638288389,4.889370848696424
43,2,10,500,86,1,1,0.9391008557656434,2.7357037584355064
43,2,10,500,164,1,1,0.8006438433907591,1.3903232514573087
43,2,10,500,7,1,0,0.479574253040001,-0.08174848326570938
43,2,10,500,250,1,0,0.14031228143281815,-1.8126986851408797
43,2,10,500,197,1,1,0.9753034618868949,3.6760855890859165
43,2,10,500,215,0,0,0.046295313068404204,-3.025313344700398
43,2,10,500,143,1,1,0.9867402574341292,4.309674270875252
43,2,10,500,79,1,1,0.9883072634405893,4.4370258026487
43,2,10,500,283,0,0,0.0002013769410598794,-8.510130680262414
43,2,10,500,45,0,0,0.14017822170578575,-1.8138105080294114
43,2,10,500,188,1,1,0.9504859101224881,2.954716065109148
43,2,10,500,303,0,0,0.06688649796572357,-2.6355297235828425
43,2,10,500,9,0,0,0.005484311905043971,-5.200364237479663
43,2,10,500,12,0,0,0.02858123578545913,-3.526007235310287
43,2,10,500,187,1,1,0.8624579891280709,1.835857035407155
43,2,10,500,162,1,1,0.7988190040204033,1.378929411587381
43,2,10,500,212,1,1,0.9343547341525148,2.6555906809895617
43,2,10,500,228,0,0,0.11127649711359003,-2.0777680977729847
43,2,10,500,158,0,0,0.0873999819837986,-2.34580261170848
43,2,10,500,50,1,1,0.8961615216890533,2.1552840677925236
43,3,1,50,257,0,1,0.6174748073209617,0.47884375549820946
43,3,1,50,301,1,1,0.6481457604644186,0.6108986124358212
43,3,1,50,20,0,1,0.6777920401003014,0.7436433400962315
43,3,1,50,53,1,1,0.7056234489515764,0.8742220030704055
43,3,1,50,126,0,0,0.39166753805929244,-0.4403081821813115
43,3,1,50,268,1,1,0.898149802760944,2.1768337933738375
43,3,1,50,155,1,0,0.12201620262818497,-1.9734742951036615
43,3,1,50,263,1,1,0.8613053925355856,1.8261746892684165
43,3,1,50,225,0,0,0.35281077298151403,-0.6067068607559248
43,3,1,50,180,0,1,0.5623771347150661,0.25081518173875855
43,3,1,50,195,0,0,0.43313646801535677,-0.26906574345421397
43,3,1,50,128,1,1,0.6428797689764368,0.5878852156092338
43,3,1,50,41,1,1,0.9773888271311256,3.766440394712128
43,3,1,50,194,0,0,0.10806081340881203,-2.1107037980198253
43,3,1,50,193,1,1,0.736968484916527,1.0302712757542114
43,3,1,50,66,0,1,0.7656845605002398,1.1841020443853112
43,3,1,50,282,0,0,0.22198532116664166,-1.2541341325802517
43,3,1,50,286,0,0,0.4190005798054754,-0.32687745520226263
43,3,1,50,293,1,0,0.49752098259487537,-0.009916150874332265
43,3,1,50,95,0,1,0.5760456197920378,0.30656100299332023
43,3,1,50,104,1,0,0.3859853335150247,-0.46421944197730913
43,3,1,50,117,0,1,0.8559587832768645,1.782122738740187
43,3,1,50,13,0,0,0.48758561201635203,-0.04966775980971816
43,3,1,50,33,1,1,0.7745733578230247,1.2343175775708728
43,3,1,50,74,0,1,0.9036906693514611,2.238921916334144
43,3,1,50,223,1,0,0.3429895397785982,-0.6499999891186073
43,3,1,50,178,1,1,0.6268930709109036,0.5189109335551944
43,3,1,50,38,0,0,0.4508220262707165,-0.19734992561115222
43,3,1,50,88,1,1,0.894301649883348,2.1354538505980596
43,3,1,50,177,1,0,0.20331125815645879,-1.3657259691387478
43,3,1,50,313,0,0,0.4579539965457241,-0.16858214021367351
43,3,1,50,171,1,0,0.3514243763435079,-0.6127840675860654
43,3,1,50,83,1,0,0.3257351591921962,-0.7275383165370223
43,3,1,50,259,0,1,0.6385522179830115,0.5690858713248661
43,3,1,50,146,1,0,0.14875767381327398,-1.7443782109087151
43,3,1,50,315,0,0,0.4152363126543693,-0.342360026114565
43,3,1,50,198,0,1,0.555985961174595,0.22488686333733068
43,3,1,50,233,1,0,0.20100085317676086,-1.3800507252494274
43,3,1,50,111,0,1,0.8654534797554981,1.8613436089467492
43,3,1,50,73,0,1,0.6435131178937793,0.5906449692143615
43,3,1,50,87,1,0,0.47773913321256045,-0.08910237075487715
43,3,1,50,276,0,1,0.7256903047031616,0.9728656033564685
43,3,1,50,260,0,1,0.5346872722614346,0.13897232584842573
43,3,1,50,97,1,0,0.2980748811321173,-0.8564819961500073
43,3,1,50,169,0,0,0.30182320668117113,-0.8386309186320515
43,3,1,50,156,0,0,0.3015554560435507,-0.8399018494349589
43,3,1,50,149,0,1,0.5489529998297182,0.19644128002347877
43,3,1,50,116,1,0,0.24841735071653998,-1.1070709847067253
43,3,1,50,237,1,1,0.8471451207172683,1.7123830450828894
43,3,1,50,201,0,1,0.5407891207622887,0.16351987114830124
43,3,1,50,222,1,0,0.49047226872774957,-0.03811553892187182
43,3,1,50,15,1,1,0.6394693695263748,0.5730618025815047
43,3,1,50,40,0,0,0.48153439840614587,-0.07389601453390421
43,3,1,50,120,1,1,0.5390909758705215,0.15668366416777002
43,3,1,50,24,1,0,0.45652324498283936,-0.1743473178441161
43,3,1,50,129,1,0,0.29765627520837257,-0.8584835387635891
43,3,1,50,209,0,0,0.32469344508946424,-0.7322852518833506
43,3,1,50,70,0,0,0.402832945447078,-0.3936749490412398
43,3,1,50,196,0,1,0.5751142844639265,0.30274854849542954
43,3,1,50,288,1,0,0.33476759146072843,-0.6866999318940955
43,3,1,50,254,0,1,0.5304682232971025,0.12202407835948581
43,3,1,50,131,1,1,0.5500156268013383,0.20073383425276276
43,3,1,50,140,1,0,0.32969195205495716,-0.7095786398973839
43,3,2,100,257,0,1,0.5312706685555012,0.1252461416039673
43,3,2,100,301,1,1,0.7665711980594068,1.1890504673552529
43,3,2,100,20,0,1,0.8947331779052496,2.140027258911238
43,3,2,100,53,1,1,0.7907492010848092,1.3294473245033265
43,3,2,100,126,0,1,0.5136870249598315,0.054761780945914995
43,3,2,100,268,1,1,0.8613121451832946,1.8262312176069309
43,3,2,100,155,1,0,0.1642182691882997,-1.6271710388159044
43,3,2,100,263,1,0,0.2923302616291633,-0.8840933175255904
43,3,2,100,225,0,0,0.4547770350832189,-0.1813875548781255
43,3,2,100,180,0,1,0.7350577910870231,1.020437400821411
43,3,2,100,195,0,1,0.739429796005044,1.0430070212488138
43,3,2,100,128,1,0,0.46233556490079286,-0.15094368059687324
43,3,2,100,41,1,1,0.8802644586688045,1.9949368949873445
43,3,2,100,194,0,0,0.4148122568284696,-0.3441066995580455
43,3,2,100,193,1,1,0.683588193730422,0.7703111307878846
43,3,2,100,66,0,1,0.6315082745508208,0.5386927880207975
43,3,2,100,282,0,0,0.37863171309280724,-0.4953599613678352
43,3,2,100,286,0,1,0.6049196754443837,0.42600658382288736
43,3,2,100,293,1,1,0.9188200113207562,2.4264214784636478
43,3,2,100,95,0,1,0.5871987718682975,0.3523971965050002
43,3,2,100,104,1,1,0.7998015262483008,1.385054361464171
43,3,2,100,117,0,1,0.6691137204952686,0.7041792815812841
43,3,2,100,13,0,0,0.22299561449874886,-1.2482938891556248
43,3,2,100,33,1,1,0.5749850890247947,0.30221985537380835
43,3,2,100,74,0,1,0.5377594021888599,0.15132572229838726
43,3,2,100,223,1,1,0.5144737823881622,0.05791130898473257
43,3,2,100,178,1,1,0.962756427162508,3.252321059846956
43,3,2,100,38,0,1,0.5902709741846801,0.3650856811891451
43,3,2,100,88,1,1,0.6844909713409769,0.7744881559319237
43,3,2,100,177,1,0,0.4972800211058482,-0.010880022902137299
43,3,2,100,313,0,0,0.33487164890644344,-0.686232710378825
43,3,2,100,171,1,1,0.8096333300389358,1.4476294119039086
43,3,2,100,83,1,0,0.22419141704884132,-1.241405590960238
43,3,2,100,259,0,1,0.5289310996431057,0.11585380837757592
43,3,2,100,146,1,1,0.9062147333448042,2.268268518712941
43,3,2,100,315,0,0,0.2423570054285352,-1.1398004231610384
43,3,2,100,198,0,1,0.8676325349290119,1.8801863969541983
43,3,2,100,233,1,0,0.3027601323922105,-0.8341886447410226
43,3,2,100,111,0,1,0.7910501236601871,1.331266936142541
43,3,2,100,73,0,0,0.49884359629368663,-0.004625623072871926
43,3,2,100,87,1,0,0.3967893891331307,-0.41886077354146367
43,3,2,100,276,0,1,0.9676083096452898,3.3969254472215615
43,3,2,100,260,0,1,0.6860388075750493,0.781664809668013
43,3,2,100,97,1,0,0.4560724178019365,-0.17616450916070103
43,3,2,100,169,0,1,0.5762835344100036,0.30753526850915497
43,3,2,100,156,0,0,0.169771990167094,-1.5872440712273914
43,3,2,100,149,0,0,0.2522041388322434,-1.0868911935405488
43,3,2,100,116,1,0,0.3694137788414112,-0.5347325288363978
43,3,2,100,237,1,1,0.6595681538247739,0.6613703609984214
43,3,2,100,201,0,0,0.2830397884944653,-0.9294328628936099
43,3,2,100,222,1,0,0.38847627130245704,-0.45372166824482896
43,3,2,100,15,1,1,0.6129970802923923,0.459927935478028
43,3,2,100,40,0,0,0.392389250877786,-0.43728012764315805
43,3,2,100,120,1,1,0.7998954091351319,1.3856407963603898
43,3,2,100,24,1,0,0.39365382682756317,-0.4319791548517342
43,3,2,100,129,1,0,0.3621694190884292,-0.5659605900448441
43,3,2,100,209,0,0,0.11393487766478518,-2.051163412795632
43,3,2,100,70,0,0,0.444617404040314,-0.22244309218130126
43,3,2,100,196,0,1,0.5365927345282037,0.14663310757785725
43,3,2,100,288,1,0,0.28390242441359687,-0.9251858333105148
43,3,2,100,254,0,1,0.8311074251094216,1.5934961973177542
43,3,2,100,131,1,0,0.16226037776134508,-1.6415050237938018
43,3,2,100,140,1,1,0.7889582942825708,1.3186576891183537
43,3,3,150,257,0,1,0.5180762329380102,0.0723364573457358
43,3,3,150,301,1,1,0.5475858401256152,0.19092119180940575
43,3,3,150,20,0,1,0.9390668827370197,2.7351098799603584
43,3,3,150,53,1,1,0.7331631342919722,1.0107307523271731
43,3,3,150,126,0,0,0.3553497473382252,-0.5956054175427802
43,3,3,150,268,1,1,0.6793793075968168,0.7509208175493007
43,3,3,150,155,1,0,0.12273093127372606,-1.9668193425938396
43,3,3,150,263,1,0,0.1556044321406016,-1.6913039715638578
43,3,3,150,225,0,0,0.4282579365210358,-0.28896228222192993
43,3,3,150,180,0,0,0.39671526677709096,-0.41917046845888045
43,3,3,150,195,0,1,0.542519654795361,0.17049039230447716
43,3,3,150,128,1,1,0.7570898420021881,1.1367902732326942
43,3,3,150,41,1,1,0.7320351260820972,1.004972594810698
43,3,3,150,194,0,1,0.5959201988884189,0.38849437765909
43,3,3,150,193,1,1,0.6193668095633582,0.48686152466358895
43,3,3,150,66,0,0,0.27263023817777654,-0.981318523274916
43,3,3,150,282,0,0,0.25639645992419585,-1.0647830984586009
43,3,3,150,286,0,1,0.5475477093032654,0.19076727551711367
43,3,3,150,293,1,1,0.9791599980559536,3.849820749095531
43,3,3,150,95,0,0,0.49432203113397993,-0.02271285182717113
43,3,3,150,104,1,1,0.8308427464166438,1.5916117659353162
43,3,3,150,117,0,0,0.14586210146664821,-1.7674309895707285
43,3,3,150,13,0,0,0.08283591637875182,-2.4044246514669125
43,3,3,150,33,1,0,0.4357946697292531,-0.25824705457420705
43,3,3,150,74,0,1,0.6650249523884902,0.6857685180314357
43,3,3,150,223,1,0,0.47686005193256054,-0.0926259597313972
43,3,3,150,178,1,1,0.5286039276200188,0.11454077372624782
43,3,3,150,38,0,1,0.5046935037123157,0.018774566308209617
43,3,3,150,88,1,1,0.5733890984178415,0.29569218080494397
43,3,3,150,177,1,0,0.4333995559811645,-0.26799430645045674
43,3,3,150,313,0,0,0.4009845700396937,-0.4013644094545048
43,3,3,150,171,1,1,0.9720079260547092,3.5474425620845627
43,3,3,150,83,1,0,0.22130994023246997,-1.2580489338366188
43,3,3,150,259,0,1,0.7513185424153814,1.1056569288416105
43,3,3,150,146,1,1,0.5558203683236348,0.22421610703369554
43,3,3,150,315,0,1,0.5598512600645769,0.2405584263262145
43,3,3,150,198,0,1,0.6243773518956317,0.5081698722118714
43,3,3,150,233,1,1,0.5329316913731146,0.13191773905619966
43,3,3,150,111,0,1,0.8570889518699581,1.7913193120287545
43,3,3,150,73,0,1,0.7620523741507038,1.1639646958078154
43,3,3,150,87,1,0,0.48526837053202027,-0.05894357780692727
43,3,3,150,276,0,1,0.7209815740787352,0.9493357585264182
43,3,3,150,260,0,0,0.3905691226837377,-0.44492056932802904
43,3,3,150,97,1,1,0.7631027711857962,1.1697663023799503
43,3,3,150,169,0,0,0.10553230357807257,-2.1372116876373664
43,3,3,150,156,0,0,0.2888065913942577,-0.9011871860215299
43,3,3,150,149,0,0,0.3611950572837137,-0.5701810165173519
43,3,3,150,116,1,0,0.40616645861648315,-0.37983597456043766
43,3,3,150,237,1,1,0.7762751382707771,1.2440900159393748
43,3,3,150,201,0,0,0.1530524485647693,-1.710858106263558
43,3,3,150,222,1,1,0.5510582628018289,0.20494742560378942
43,3,3,150,15,1,1,0.5148622386094224,0.059466472325146125
43,3,3,150,40,0,1,0.5307535979436689,0.12316987153779274
43,3,3,150,120,1,1,0.8052477064645679,1.419421478479295
43,3,3,150,24,1,1,0.5434299472542186,0.17415866191645105
43,3,3,150,129,1,0,0.44186627227366465,-0.23359130420934132
43,3,3,150,209,0,0,0.40748395042672136,-0.37437641408041444
43,3,3,150,70,0,0,0.29140712484145215,-0.8885597937217962
43,3,3,150,196,0,1,0.7218169454339219,0.9534922019096647
43,3,3,150,288,1,1,0.9051132276708985,2.255375738784029
43,3,3,150,254,0,1,0.5571414062664739,0.22956856133689985
43,3,3,150,131,1,1,0.5653909180589365,0.2630704174251738
43,3,3,150,140,1,0,0.2776607963789831,-0.9560946278925916
43,3,4,200,257,0,0,0.3102746868675383,-0.7988354296145913
43,3,4,200,301,1,1,0.6372020603730458,0.5632407723729447
43,3,4,200,20,0,0,0.3689655496393766,-0.5366571792307727
43,3,4,200,53,1,1,0.8626123865403286,1.8371592174203406
43,3,4,200,126,0,0,0.18793817660180423,-1.463463413568395
43,3,4,200,268,1,1,0.834308283781885,1.616474048345164
43,3,4,200,155,1,0,0.1671450120973766,-1.605997771318263
43,3,4,200,263,1,0,0.20295611656982437,-1.367919956900197
43,3,4,200,225,0,1,0.6643316432469903,0.6826578484561084
43,3,4,200,180,0,0,0.31922143844585116,-0.7573520603130125
43,3,4,200,195,0,1,0.6868046709635959,0.7852228797252014
43,3,4,200,128,1,1,0.976900127097022,3.7445573072842513
43,3,4,200,41,1,1,0.6683271981660286,0.700628924917701
43,3,4,200,194,0,0,0.43303500085171853,-0.26947901381373074
43,3,4,200,193,1,1,0.7556784357911138,1.1291306924645976
43,3,4,200,66,0,0,0.1627100829180099,-1.6382004021998413
43,3,4,200,282,0,1,0.579299603248963,0.31989885955268527
43,3,4,200,286,0,1,0.5580887838556027,0.23340906712751752
43,3,4,200,293,1,1,0.9938122751107045,5.078980857804085
43,3,4,200,95,0,1,0.5366948936625915,0.14704395078715293
43,3,4,200,104,1,0,0.45136461169239067,-0.19515861847130045
43,3,4,200,117,0,0,0.0726394236503894,-2.5468346612538566
43,3,4,200,13,0,0,0.14339125453944526,-1.7874043348019946
43,3,4,200,33,1,1,0.6393129737919906,0.572383502423003
43,3,4,200,74,0,0,0.37666822866613503,-0.503714145364961
43,3,4,200,223,1,1,0.7744640118157903,1.233691453388536
43,3,4,200,178,1,1,0.8150804868552652,1.4833661989143758
43,3,4,200,38,0,1,0.6350254794744882,0.5538375788779081
43,3,4,200,88,1,0,0.43439764191135716,-0.26393094353030266
43,3,4,200,177,1,0,0.2822316739426845,-0.9334185788584566
43,3,4,200,313,0,1,0.7427074336032071,1.0600883754470507
43,3,4,200,171,1,1,0.9412895573326014,2.7746331946681493
43,3,4,200,83,1,0,0.25866025362361456,-1.0529435788369632
43,3,4,200,259,0,1,0.7729850497036274,1.2252438321349755
43,3,4,200,146,1,1,0.6717563367575322,0.7161394723314225
43,3,4,200,315,0,1,0.5869224167588464,0.3512572138249599
43,3,4,200,198,0,0,0.09113029229428908,-2.2999114821006246
43,3,4,200,233,1,1,0.5748336462077086,0.30160017496868274
43,3,4,200,111,0,1,0.5573774507083719,0.23052528615648488
43,3,4,200,73,0,1,0.5998521617493601,0.4048491533200551
43,3,4,200,87,1,0,0.2649777740725316,-1.0202547870683278
43,3,4,200,276,0,1,0.5830048559876225,0.3351209389488726
43,3,4,200,260,0,0,0.22917281679061016,-1.2129878247304777
43,3,4,200,97,1,1,0.6693605037786036,0.7052941380589125
43,3,4,200,169,0,0,0.05486037190441486,-2.8465414065366494
43,3,4,200,156,0,0,0.17600526852139423,-1.5436502066816233
43,3,4,200,149,0,0,0.2026832167844421,-1.3696078176210555
43,3,4,200,116,1,0,0.22716139411035913,-1.224409485391896
43,3,4,200,237,1,0,0.48560887474858794,-0.05758040473321391
43,3,4,200,201,0,0,0.07486877904882193,-2.514198619444889
43,3,4,200,222,1,1,0.5190946330503017,0.0764156953871503
43,3,4,200,15,1,1,0.7329815511703456,1.0098027798810412
43,3,4,200,40,0,0,0.24654773461087964,-1.1171100412755748
43,3,4,200,120,1,1,0.6263122470699838,0.5164284804885949
43,3,4,200,24,1,1,0.6816561372851243,0.7613932053071688
43,3,4,200,129,1,0,0.422573814488971,-0.3122164765426519
43,3,4,200,209,0,0,0.27142927376627934,-0.9873831020078593
43,3,4,200,70,0,0,0.45997038428594067,-0.16046187654592609
43,3,4,200,196,0,1,0.538764793235083,0.15537097669593347
43,3,4,200,288,1,0,0.11242702164463687,-2.0661864324439922
43,3,4,200,254,0,0,0.4819117707019097,-0.07238450562688381
43,3,4,200,131,1,0,0.4017559053505197,-0.398154152120891
43,3,4,200,140,1,0,0.3643005808041256,-0.5567465419819554
43,3,5,250,257,0,0,0.3729251379624629,-0.5196882337078316
43,3,5,250,301,1,1,0.698654002241555,0.8408965312455173
43,3,5,250,20,0,0,0.28457030576211884,-0.9219029896789461
43,3,5,250,53,1,1,0.8970159405304312,2.1644994190165066
43,3,5,250,126,0,0,0.23533103513583073,-1.178449831440333
43,3,5,250,268,1,0,0.38525673126101606,-0.46729478494875354
43,3,5,250,155,1,0,0.15980007742626864,-1.6597163487312034
43,3,5,250,263,1,0,0.2859960245025798,-0.9149106198650292
43,3,5,250,225,0,1,0.7827338073966831,1.2816693773883943
43,3,5,250,180,0,0,0.40420294116622946,-0.38798302231254445
43,3,5,250,195,0,1,0.6913458658833916,0.8064188851031946
43,3,5,250,128,1,1,0.8617100193760263,1.8295660202658568
43,3,5,250,41,1,1,0.9223189188971659,2.4742793214921535
43,3,5,250,194,0,0,0.0778232695528718,-2.4722964058265378
43,3,5,250,193,1,1,0.9116866097138617,2.3344045598378584
43,3,5,250,66,0,0,0.48609708266320684,-0.05562600832135589
43,3,5,250,282,0,0,0.46618314878498274,-0.13547422482193416
43,3,5,250,286,0,0,0.40784266143554215,-0.3728909078823832
43,3,5,250,293,1,1,0.9928050247645334,4.927151396658132
43,3,5,250,95,0,0,0.3476107366176853,-0.6295581327356193
43,3,5,250,104,1,1,0.5908770436556172,0.36759221017856636
43,3,5,250,117,0,0,0.016698034946690723,-4.075625215574682
43,3,5,250,13,0,0,0.22023605042470867,-1.2642913175107688
43,3,5,250,33,1,1,0.9551825658757522,3.059305272387609
43,3,5,250,74,0,0,0.22260081809589807,-1.250573852050425
43,3,5,250,223,1,1,0.5588460987223198,0.23648032284849332
43,3,5,250,178,1,1,0.5946364129098483,0.38316573775074747
43,3,5,250,38,0,1,0.813463957975636,1.4726771455572
43,3,5,250,88,1,0,0.22399271626249015,-1.2425483717577968
43,3,5,250,177,1,0,0.2606189342741901,-1.0427541200405703
43,3,5,250,313,0,1,0.7728830062187667,1.2246624110138953
43,3,5,250,171,1,1,0.6034480017717448,0.4198527001692812
43,3,5,250,83,1,0,0.47942623582471505,-0.0823415490510245
43,3,5,250,259,0,1,0.7166581001886791,0.9279445841696732
43,3,5,250,146,1,1,0.6806599739223729,0.7568064298044123
43,3,5,250,315,0,1,0.5764778307594463,0.3083310236883621
43,3,5,250,198,0,0,0.01736243589666593,-4.035931332279891
43,3,5,250,233,1,1,0.5484375928411239,0.19435991023612192
43,3,5,250,111,0,0,0.1346592233734992,-1.8603760749808536
43,3,5,250,73,0,1,0.8232718701800108,1.538673924549398
43,3,5,250,87,1,0,0.37736212005681014,-0.5007598406090573
43,3,5,250,276,0,0,0.46475317587487286,-0.1412215339195375
43,3,5,250,260,0,0,0.35147661356410215,-0.6125548896677453
43,3,5,250,97,1,0,0.3964411068314174,-0.4203161243442124
43,3,5,250,169,0,0,0.23711273670711555,-1.1685745554940583
43,3,5,250,156,0,0,0.12004298580983905,-1.9920231650476596
43,3,5,250,149,0,0,0.47342403602544086,-0.10640413324455888
43,3,5,250,116,1,0,0.24576791087393923,-1.121312492286334
43,3,5,250,237,1,1,0.7246173679953452,0.9674822275641523
43,3,5,250,201,0,0,0.2871964493745976,-0.9090393831848996
43,3,5,250,222,1,1,0.7225928878982458,0.9573598303012595
43,3,5,250,15,1,0,0.4935062953606179,-0.025976279120468737
43,3,5,250,40,0,0,0.24830324464673964,-1.1076822318879902
43,3,5,250,120,1,1,0.7033457804050534,0.8632814181474251
43,3,5,250,24,1,1,0.8177726114290583,1.5013290218269373
43,3,5,250,129,1,1,0.5024772503461161,0.009909082464665486
43,3,5,250,209,0,0,0.3786858432457676,-0.49512989080307124
43,3,5,250,70,0,0,0.35745335336424555,-0.5864345423809242
43,3,5,250,196,0,1,0.6148944807742803,0.46793330446209336
43,3,5,250,288,1,0,0.052488007471326564,-2.8932548795127446
43,3,5,250,254,0,0,0.22805846106842048,-1.2193068161024896
43,3,5,250,131,1,0,0.34923837345184927,-0.6223887025590386
43,3,5,250,140,1,0,0.23678942323721788,-1.1703627418508975
43,3,6,300,257,0,1,0.5690848611950453,0.27811838695262125
43,3,6,300,301,1,1,0.7666005978088141,1.1892147742213857
43,3,6,300,20,0,0,0.33040435114095257,-0.7063568101615316
43,3,6,300,53,1,1,0.7609029806186907,1.1576364520081173
43,3,6,300,126,0,0,0.2656684419713976,-1.0167115680062009
43,3,6,300,268,1,0,0.2901166552471603,-0.8948175518022681
43,3,6,300,155,1,0,0.19286247567466244,-1.4315166943915316
43,3,6,300,263,1,0,0.2029946093221388,-1.3676820188527452
43,3,6,300,225,0,1,0.7658808210104182,1.185196273863836
43,3,6,300,180,0,0,0.22449244313314534,-1.2396756813393668
43,3,6,300,195,0,1,0.5898650964287742,0.3634077219552343
43,3,6,300,128,1,1,0.8186630562608919,1.507315722168836
43,3,6,300,41,1,1,0.8489332202535279,1.7262585372446675
43,3,6,300,194,0,0,0.14580364083343156,-1.7679003054399858
43,3,6,300,193,1,1,0.9607356958067124,3.197383524881926
43,3,6,300,66,0,0,0.32317769730748375,-0.7392064424895823
43,3,6,300,282,0,0,0.4751229281438162,-0.09959051968418514
43,3,6,300,286,0,0,0.34047450451039735,-0.6611803840620938
43,3,6,300,293,1,1,0.9897848485598592,4.573615541392729
43,3,6,300,95,0,0,0.24811349911417038,-1.1086990836956527
43,3,6,300,104,1,1,0.7526393660312881,1.1127388551679105
43,3,6,300,117,0,0,0.0038720755244302744,-5.55008501306508
43,3,6,300,13,0,0,0.1707993374866693,-1.57997277707696
43,3,6,300,33,1,1,0.9608942044878782,3.2015936351037992
43,3,6,300,74,0,0,0.33108219784838555,-0.703294509424458
43,3,6,300,223,1,1,0.6525233366505722,0.6301493966182078
43,3,6,300,178,1,1,0.7315953170945314,1.0027316631544534
43,3,6,300,38,0,1,0.7654365296852255,1.182720084533318
43,3,6,300,88,1,0,0.29841119574858677,-0.8548750965877994
43,3,6,300,177,1,0,0.23837971633060748,-1.161583267026138
43,3,6,300,313,0,0,0.39198014499391076,-0.4389963497110346
43,3,6,300,171,1,0,0.12114838364523448,-1.9815999684183934
43,3,6,300,83,1,1,0.5888601257174749,0.3592551945701571
43,3,6,300,259,0,0,0.38797747021869095,-0.45582182371220337
43,3,6,300,146,1,1,0.716909777514421,0.9291843451642202
43,3,6,300,315,0,0,0.2976681417221929,-0.8584267773226151
43,3,6,300,198,0,0,0.0015405122633520138,-6.474098579255849
43,3,6,300,233,1,1,0.5406191414665125,0.1628354178777376
43,3,6,300,111,0,0,0.13539744622173477,-1.8540554266311775
43,3,6,300,73,0,1,0.7955637977389532,1.3587950854245479
43,3,6,300,87,1,1,0.8741435696216717,1.9381028136141292
43,3,6,300,276,0,0,0.30638510435773625,-0.8170740794109653
43,3,6,300,260,0,0,0.18640586177294965,-1.4735352909359072
43,3,6,300,97,1,0,0.3713889252932308,-0.5262629125970927
43,3,6,300,169,0,0,0.15269222871292257,-1.7136396765727915
43,3,6,300,156,0,0,0.3408377333092808,-0.6595632272626903
43,3,6,300,149,0,0,0.4205863077456578,-0.32036700819878433
43,3,6,300,116,1,0,0.3226243096194596,-0.7417375349346236
43,3,6,300,237,1,1,0.8899191776456405,2.0899158022956987
43,3,6,300,201,0,0,0.2986784516197579,-0.8535988993313193
43,3,6,300,222,1,1,0.6161746343159882,0.47334274834116496
43,3,6,300,15,1,0,0.43636716751606436,-0.2559190169781473
43,3,6,300,40,0,0,0.37294195406420816,-0.5196163251948851
43,3,6,300,120,1,0,0.3528894531066896,-0.6063622967539164
43,3,6,300,24,1,1,0.750702994894373,1.1023651167971313
43,3,6,300,129,1,0,0.09763377635335378,-2.2237969478285953
43,3,6,300,209,0,0,0.15195449373772785,-1.7193532046794995
43,3,6,300,70,0,0,0.23890164814761128,-1.1587106365803257
43,3,6,300,196,0,1,0.7609739317282241,1.1580264837396956
43,3,6,300,288,1,0,0.45818270313125187,-0.1676608342613215
43,3,6,300,254,0,0,0.004062060614909009,-5.501994560312484
43,3,6,300,131,1,1,0.5375356162183478,0.15042547459081196
43,3,6,300,140,1,0,0.16926823202046523,-1.5908223321193553
43,3,7,350,257,0,0,0.19747756247439185,-1.4021348439840466
43,3,7,350,301,1,1,0.8071521700888687,1.4316107813203056
43,3,7,350,20,0,0,0.2756784356565533,-0.9660003451527412
43,3,7,350,53,1,1,0.9170910726991042,2.4034640393159163
43,3,7,350,126,0,0,0.2783116821592739,-0.9528517084375765
43,3,7,350,268,1,1,0.627655384791382,0.5221714551046226
43,3,7,350,155,1,0,0.23460046525779102,-1.182514045715686
43,3,7,350,263,1,0,0.17567323551574582,-1.5459413571390144
43,3,7,350,225,0,1,0.6968920215043255,0.8325413731284912
43,3,7,350,180,0,0,0.3176092779306834,-0.7647804584809226
43,3,7,350,195,0,1,0.6106078380489411,0.4498679526455869
43,3,7,350,128,1,1,0.8673495908242413,1.8777249492474977
43,3,7,350,41,1,1,0.7631293902376871,1.1699135561416636
43,3,7,350,194,0,0,0.041380019114104806,-3.1426965960945554
43,3,7,350,193,1,1,0.8864522910512028,2.055004215101713
43,3,7,350,66,0,1,0.5133978200355445,0.0536041119633639
43,3,7,350,282,0,0,0.2423564190380116,-1.1398036166624388
43,3,7,350,286,0,0,0.4513296043930189,-0.1952999861972265
43,3,7,350,293,1,1,0.9693169434172687,3.452881042004656
43,3,7,350,95,0,0,0.30491655022548353,-0.8239937766223574
43,3,7,350,104,1,1,0.6690373331669505,0.7038342830142397
43,3,7,350,117,0,0,0.001624084984476007,-6.421185303029307
43,3,7,350,13,0,0,0.042953483983879256,-3.103734234005484
43,3,7,350,33,1,1,0.9910900133410808,4.711632616857431
43,3,7,350,74,0,0,0.2551911198572007,-1.0711148946799018
43,3,7,350,223,1,1,0.7173715567808511,0.9314608031495253
43,3,7,350,178,1,1,0.790414416481332,1.327425216583705
43,3,7,350,38,0,1,0.6390098738244947,0.5710692996082309
43,3,7,350,88,1,1,0.7160405989540269,0.9249055939240559
43,3,7,350,177,1,0,0.16343361678903814,-1.6328989812010235
43,3,7,350,313,0,0,0.4092008688940441,-0.3672699224763566
43,3,7,350,171,1,0,0.4649564553153627,-0.14040437879841716
43,3,7,350,83,1,1,0.5960086440727455,0.3888616889253552
43,3,7,350,259,0,0,0.4162297728284749,-0.338270012475225
43,3,7,350,146,1,1,0.8307435319535011,1.5909059944184203
43,3,7,350,315,0,0,0.42179835502808527,-0.31539530641487495
43,3,7,350,198,0,0,0.006114912338598169,-5.0908911604333165
43,3,7,350,233,1,1,0.6963084235573083,0.829780064247609
43,3,7,350,111,0,0,0.17591460701971431,-1.5442754668889702
43,3,7,350,73,0,1,0.676590747490245,0.7381480244017715
43,3,7,350,87,1,1,0.6838465155850094,0.7715056941812999
43,3,7,350,276,0,0,0.17717487529165507,-1.5356064521077843
43,3,7,350,260,0,0,0.09311881624022811,-2.2761351706662087
43,3,7,350,97,1,1,0.7126193118670477,0.9081395770721763
43,3,7,350,169,0,0,0.1265746245528647,-1.9315906426184273
43,3,7,350,156,0,0,0.38883151848701286,-0.4522265329494062
43,3,7,350,149,0,0,0.47586795422917233,-0.09660323965591386
43,3,7,350,116,1,0,0.3117643105866715,-0.791883863537064
43,3,7,350,237,1,1,0.8849862268239215,2.0405201940357083
43,3,7,350,201,0,0,0.2693930848819704,-0.9977039842441222
43,3,7,350,222,1,1,0.6064198758276024,0.4322879441779959
43,3,7,350,15,1,1,0.5258785496576646,0.10360677866445184
43,3,7,350,40,0,0,0.3944529599803489,-0.42863235428654023
43,3,7,350,120,1,0,0.43680896023142,-0.25412295764484405
43,3,7,350,24,1,1,0.9088048383333379,2.299128528050676
43,3,7,350,129,1,1,0.625509181710179,0.5129987233857449
43,3,7,350,209,0,0,0.0683674054452024,-2.612042342638831
43,3,7,350,70,0,0,0.2687734025307518,-1.000854739738194
43,3,7,350,196,0,1,0.6434333173794682,0.5902971263838371
43,3,7,350,288,1,1,0.8996153620057601,2.1929581088989885
43,3,7,350,254,0,0,0.003163155207714091,-5.75301709752458
43,3,7,350,131,1,1,0.6653881418927345,0.6873993148288661
43,3,7,350,140,1,0,0.16946544155244816,-1.5894205184172874
43,3,8,400,257,0,0,0.21293293940589453,-1.3073361775316161
43,3,8,400,301,1,1,0.7951925082123832,1.3565137605453832
43,3,8,400,20,0,0,0.12336780995530419,-1.9609172907009351
43,3,8,400,53,1,1,0.9354853192009657,2.6741726454036256
43,3,8,400,126,0,0,0.15987286060231415,-1.6591743586904584
43,3,8,400,268,1,1,0.9151696833566516,2.3784565078800033
43,3,8,400,155,1,0,0.17217257468391006,-1.5703073941421228
43,3,8,400,263,1,0,0.36338754754472735,-0.5606911866854927
43,3,8,400,225,0,1,0.5969773964364578,0.39288660213954135
43,3,8,400,180,0,0,0.10207657334786856,-2.1743615429453134
43,3,8,400,195,0,0,0.315855501712077,-0.772884314175646
43,3,8,400,128,1,1,0.9948987341558079,5.273152243585287
43,3,8,400,41,1,1,0.6890156838071565,0.7955215532404523
43,3,8,400,194,0,0,0.004086677648946153,-5.495927898865256
43,3,8,400,193,1,1,0.9635220869047004,3.2738884544560745
43,3,8,400,66,0,1,0.5105920067305469,0.042374366355401705
43,3,8,400,282,0,0,0.03508968324308086,-3.3141279984480367
43,3,8,400,286,0,0,0.438600829517546,-0.24684245907245322
43,3,8,400,293,1,1,0.9883550826722786,4.4411722246668575
43,3,8,400,95,0,1,0.5666346966058019,0.2681337929065303
43,3,8,400,104,1,1,0.5198659306353863,0.07950557655342239
43,3,8,400,117,0,0,0.00029253349076004815,-8.136638823234817
43,3,8,400,13,0,0,0.04405206823098727,-3.077331143716115
43,3,8,400,33,1,1,0.9931226487321291,4.972620582060937
43,3,8,400,74,0,0,0.11623522940027077,-2.0285749531486235
43,3,8,400,223,1,1,0.7686833292309654,1.2008914482875748
43,3,8,400,178,1,1,0.9795931768673833,3.8712680476169963
43,3,8,400,38,0,1,0.6441333226334021,0.5933495684712742
43,3,8,400,88,1,1,0.614345436668502,0.4656153152425704
43,3,8,400,177,1,0,0.31534276468235956,-0.7752581375523934
43,3,8,400,313,0,0,0.19118381899364975,-1.4423363053541995
43,3,8,400,171,1,0,0.15280501779180314,-1.7127681563299748
43,3,8,400,83,1,1,0.8150650073505821,1.4832635014384767
43,3,8,400,259,0,0,0.28029571359352945,-0.9429952484761475
43,3,8,400,146,1,1,0.9127761729956616,2.3480131559506825
43,3,8,400,315,0,0,0.35915405997697814,-0.5790376519941067
43,3,8,400,198,0,0,0.00922805743274476,-4.676235815216339
43,3,8,400,233,1,1,0.8286849286260007,1.576335637127454
43,3,8,400,111,0,0,0.1453860159028724,-1.7712575026604458
43,3,8,400,73,0,1,0.5014020442213454,0.005608191584317912
43,3,8,400,87,1,0,0.2613713243970812,-1.03885323084594
43,3,8,400,276,0,0,0.03830239976462327,-3.223187505115829
43,3,8,400,260,0,0,0.0629928889389952,-2.6996690253523434
43,3,8,400,97,1,1,0.5567903234356187,0.22814576138390047
43,3,8,400,169,0,0,0.06914495896171723,-2.599898407318887
43,3,8,400,156,0,0,0.24960297501469336,-1.1007308775587155
43,3,8,400,149,0,0,0.26542231331839594,-1.0179735654764699
43,3,8,400,116,1,0,0.47431702588748464,-0.10282239110825886
43,3,8,400,237,1,1,0.7519389448995821,1.108980224574365
43,3,8,400,201,0,0,0.1986290750947598,-1.39488477599478
43,3,8,400,222,1,0,0.40076783864042825,-0.40226680095576517
43,3,8,400,15,1,1,0.6627896532456254,0.6757507647751918
43,3,8,400,40,0,0,0.2652322032420751,-1.0189488455578029
43,3,8,400,120,1,0,0.273682055646696,-0.9760208070642287
43,3,8,400,24,1,1,0.8871373906449113,2.0618286313830025
43,3,8,400,129,1,1,0.872850429923897,1.9264001016940748
43,3,8,400,209,0,0,0.01909687874073027,-3.9389487946184425
43,3,8,400,70,0,0,0.27669323966554693,-0.9609239658325468
43,3,8,400,196,0,1,0.644824417471965,0.5963657928908895
43,3,8,400,288,1,1,0.7019043654949098,0.8563828070774813
43,3,8,400,254,0,0,0.0010232630030700633,-6.883734948160484
43,3,8,400,131,1,1,0.8057974235330226,1.4229305525001514
43,3,8,400,140,1,0,0.2588829803682692,-1.0517823877069967
43,3,9,450,257,0,0,0.15259103772262717,-1.7144220277374975
43,3,9,450,301,1,1,0.6376394708004446,0.5651333776055225
43,3,9,450,20,0,0,0.06130315422690464,-2.7286612819337317
43,3,9,450,53,1,1,0.9274779803672166,2.5485788185355984
43,3,9,450,126,0,0,0.1152914822977011,-2.037794681943894
43,3,9,450,268,1,1,0.9348125970827642,2.6630798347972924
43,3,9,450,155,1,0,0.1599011389820251,-1.658963833696174
43,3,9,450,263,1,0,0.32481578300317754,-0.7317273676106257
43,3,9,450,225,0,1,0.6189452059647425,0.48507356736400364
43,3,9,450,180,0,0,0.13044935170248242,-1.8969915401395472
43,3,9,450,195,0,0,0.246917451176103,-1.1151207733794792
43,3,9,450,128,1,1,0.9949484080117317,5.282987445760176
43,3,9,450,41,1,1,0.6816004039588636,0.7611363829231834
43,3,9,450,194,0,0,0.0005112162359735325,-7.578206547942154
43,3,9,450,193,1,1,0.977924197200407,3.790950046314635
43,3,9,450,66,0,1,0.6472424477090225,0.6069399500301396
43,3,9,450,282,0,0,0.08349301664220075,-2.3958066915127825
43,3,9,450,286,0,0,0.1967380623102091,-1.4068076485733074
43,3,9,450,293,1,1,0.9817336221559247,3.9842579173178714
43,3,9,450,95,0,1,0.6238005750787058,0.5057113378550164
43,3,9,450,104,1,1,0.5429139415264375,0.17207913538945285
43,3,9,450,117,0,0,0.00016680442825504842,-8.69852170175871
43,3,9,450,13,0,0,0.034999857715799665,-3.3167842525654585
43,3,9,450,33,1,1,0.9882485356264605,4.4319563600311085
43,3,9,450,74,0,0,0.194267236114138,-1.4225174121590511
43,3,9,450,223,1,0,0.47540742868132285,-0.09844972570002386
43,3,9,450,178,1,1,0.9937523154519827,5.069277073191145
43,3,9,450,38,0,0,0.20612647111579435,-1.3484342471766233
43,3,9,450,88,1,1,0.7821105601202347,1.2780083341529613
43,3,9,450,177,1,0,0.35695767583426546,-0.5885933253698623
43,3,9,450,313,0,0,0.06575046405068972,-2.6538768428180073
43,3,9,450,171,1,0,0.14882975585960587,-1.7438090858525288
43,3,9,450,83,1,1,0.9245133480981541,2.505311644281073
43,3,9,450,259,0,0,0.2804060496796152,-0.9424483649330442
43,3,9,450,146,1,1,0.9418407395123869,2.784651075940896
43,3,9,450,315,0,0,0.3884390246061862,-0.45387845794955695
43,3,9,450,198,0,0,0.0019962775381731574,-6.2144727908221284
43,3,9,450,233,1,1,0.6402757629531072,0.5765612334530961
43,3,9,450,111,0,0,0.0878719112254966,-2.339900228555725
43,3,9,450,73,0,0,0.42008283816043374,-0.3224333433808261
43,3,9,450,87,1,0,0.1233142252518063,-1.9614128579804322
43,3,9,450,276,0,0,0.16508607903937356,-1.6208616018521629
43,3,9,450,260,0,0,0.22679145858811173,-1.2265178835087762
43,3,9,450,97,1,1,0.6506755969306822,0.6220101908485005
43,3,9,450,169,0,0,0.13618277103593895,-1.8473633176949056
43,3,9,450,156,0,0,0.20244736750597872,-1.3710678901265192
43,3,9,450,149,0,0,0.26686053825240386,-1.0106097520856692
43,3,9,450,116,1,1,0.5639344740428576,0.25714554302415615
43,3,9,450,237,1,1,0.7977333876046583,1.3721877503891602
43,3,9,450,201,0,0,0.23096147637776163,-1.2028901363016549
43,3,9,450,222,1,0,0.4699612608990891,-0.1202998288301268
43,3,9,450,15,1,1,0.6776745656449481,0.7431054801687963
43,3,9,450,40,0,0,0.46307835890881854,-0.14795588263564297
43,3,9,450,120,1,1,0.5140373916056812,0.05616432564342863
43,3,9,450,24,1,1,0.9001597161135303,2.199000461896864
43,3,9,450,129,1,1,0.9438634844803631,2.8221950404769167
43,3,9,450,209,0,0,0.01010333959086485,-4.584734532500612
43,3,9,450,70,0,0,0.2572052564620003,-1.0605453234929407
43,3,9,450,196,0,1,0.7905839752367642,1.3284490589875515
43,3,9,450,288,1,1,0.7815259316183412,1.2745810038471879
43,3,9,450,254,0,0,0.0028268137598711058,-5.865774264766639
43,3,9,450,131,1,1,0.8002926740620929,1.3881245788759526
43,3,9,450,140,1,0,0.17990663800940054,-1.5169801512584478
43,3,10,500,257,0,0,0.0397786618087317,-3.1838331854433877
43,3,10,500,301,1,1,0.6295596787253032,0.5303282967866974
43,3,10,500,20,0,0,0.014710107799163305,-4.2044010417975395
43,3,10,500,53,1,1,0.8294024439504186,1.581398185119587
43,3,10,500,126,0,0,0.015554005014068669,-4.1477608786658875
43,3,10,500,268,1,1,0.8491552323274167,1.7279907316003098
43,3,10,500,155,1,0,0.23452153723899755,-1.1829536529314892
43,3,10,500,263,1,1,0.6094488894448814,0.44499624325570175
43,3,10,500,225,0,1,0.8228812475674632,1.5359914728172421
43,3,10,500,180,0,0,0.17388999794238671,-1.5583050354968113
43,3,10,500,195,0,0,0.22451576784390057,-1.2395417098218087
43,3,10,500,128,1,1,0.9992092975843762,7.141797858661602
43,3,10,500,41,1,1,0.7020660615348662,0.8571557254215694
43,3,10,500,194,0,0,0.0009457426556661144,-6.96259386994757
43,3,10,500,193,1,1,0.9966923096898904,5.708191951859979
43,3,10,500,66,0,1,0.8649795163780493,1.8572793287022027
43,3,10,500,282,0,0,0.1256814369427012,-1.9396943706433825
43,3,10,500,286,0,0,0.29126385140898986,-0.8892537491819421
43,3,10,500,293,1,1,0.9839301226395206,4.11460833281451
43,3,10,500,95,0,0,0.35312203283117644,-0.6053439641074387
43,3,10,500,104,1,0,0.4590372738628233,-0.1642189649537673
43,3,10,500,117,0,0,0.00048610702833740436,-7.628595510176155
43,3,10,500,13,0,0,0.14866196624734712,-1.7451342234716292
43,3,10,500,33,1,1,0.9891401908424821,4.5117673302918115
43,3,10,500,74,0,0,0.08970698775065529,-2.3172178717898637
43,3,10,500,223,1,0,0.46271227849421875,-0.1494283130791595
43,3,10,500,178,1,1,0.987388997279904,4.360494417973176
43,3,10,500,38,0,0,0.10655890103549545,-2.1263825170968556
43,3,10,500,88,1,1,0.8865950690775238,2.056423487776728
43,3,10,500,177,1,0,0.4133513097429574,-0.3501282969884508
43,3,10,500,313,0,0,0.016015210299674655,-4.118071524917297
43,3,10,500,171,1,0,0.03286203997469932,-3.3820229618784774
43,3,10,500,83,1,1,0.9712271268241157,3.519127311502289
43,3,10,500,259,0,0,0.2777520307005798,-0.9556397879650425
43,3,10,500,146,1,1,0.9387490846092338,2.7295694334926823
43,3,10,500,315,0,1,0.6004660736282763,0.4074074593693186
43,3,10,500,198,0,0,0.0003977884045205311,-7.8291924734442
43,3,10,500,233,1,0,0.440559263316555,-0.23889262741725414
43,3,10,500,111,0,0,0.09766404049564419,-2.2234534804998782
43,3,10,500,73,0,0,0.35973198016710894,-0.5765276150413882
43,3,10,500,87,1,0,0.21765665705052673,-1.279374848102319
43,3,10,500,276,0,0,0.0356797617547309,-3.296839806383293
43,3,10,500,260,0,0,0.27919746962091097,-0.9484459089180004
43,3,10,500,97,1,1,0.8689876016043456,1.8920368947704758
43,3,10,500,169,0,0,0.04800349777857521,-2.9872874820075
43,3,10,500,156,0,0,0.12450468651605709,-1.950446440856515
43,3,10,500,149,0,0,0.0723376146876779,-2.5513236053096824
43,3,10,500,116,1,0,0.4684221861389142,-0.12647959492212213
43,3,10,500,237,1,1,0.9115776688100954,2.3330522473613238
43,3,10,500,201,0,0,0.059406439494128466,-2.7621084938469
43,3,10,500,222,1,0,0.24395891379353116,-1.1310958965141642
43,3,10,500,15,1,1,0.9314841419888604,2.6097139434426193
43,3,10,500,40,0,0,0.4157679553390427,-0.3401709356917081
43,3,10,500,120,1,1,0.7990422088063744,1.3803188794670749
43,3,10,500,24,1,1,0.8898419075372322,2.089127276757212
43,3,10,500,129,1,1,0.9754314614566691,3.681413194265585
43,3,10,500,209,0,0,0.0208235710631669,-3.850626270428509
43,3,10,500,70,0,0,0.01843246168460451,-3.9750374904813803
43,3,10,500,196,0,0,0.41241074065478894,-0.3540083692099346
43,3,10,500,288,1,1,0.7122729890478063,0.9064490975358448
43,3,10,500,254,0,0,0.0010028857289174932,-6.903870316832106
43,3,10,500,131,1,1,0.8193831850137316,1.5121741009209317
43,3,10,500,140,1,1,0.8032751752650152,1.4068914157533523
43,4,1,50,249,1,1,0.7406849054142238,1.0495314023236644
43,4,1,50,19,1,0,0.038390550745968956,-3.2207970353392508
43,4,1,50,61,0,1,0.6970170800016765,0.8331334812061622
43,4,1,50,28,0,0,0.4270423539550971,-0.2939285999307505
43,4,1,50,166,1,0,0.29016780073900794,-0.8945692241532575
43,4,1,50,85,1,0,0.12347756154359567,-1.9599028524432882
43,4,1,50,23,0,1,0.5801904673069153,0.323555326709914
43,4,1,50,91,1,1,0.6166034380015923,0.47515622774597016
43,4,1,50,217,0,1,0.611063037113938,0.4517828428981602
43,4,1,50,202,0,0,0.33454519316744274,-0.687698749866744
43,4,1,50,262,1,0,0.05627501419546971,-2.8195841560596273
43,4,1,50,258,0,0,0.3873261556326186,-0.45856561218297465
43,4,1,50,203,0,1,0.7538338951681158,1.1191655145874353
43,4,1,50,34,1,0,0.16112139459664618,-1.6499079217997832
43,4,1,50,213,0,0,0.48117752135699793,-0.07532551036384993
43,4,1,50,42,0,0,0.4966917266156781,-0.013233286651532006
43,4,1,50,5,1,0,0.458446732262878,-0.1665973256320495
43,4,1,50,118,0,0,0.49967771095131325,-0.0012891563732867761
43,4,1,50,80,0,1,0.78526740551285,1.296630796280257
43,4,1,50,261,0,0,0.4369514920765646,-0.25354359732878984
43,4,1,50,39,1,0,0.45485211613010856,-0.18108475777928668
43,4,1,50,106,1,1,0.8501929431906534,1.736115137534435
43,4,1,50,64,0,0,0.05489549581255181,-2.8458642061587396
43,4,1,50,231,0,1,0.7679094230412594,1.1965440740453224
43,4,1,50,137,1,1,0.7263615456657406,0.9762401623107497
43,4,1,50,210,1,0,0.2485369601109083,-1.1064304588815281
43,4,1,50,93,0,1,0.587671004631388,0.35434571223795575
43,4,1,50,200,1,0,0.33635990352647743,-0.6795582509970289
43,4,1,50,90,1,1,0.8859513431961938,2.050036860307526
43,4,1,50,46,1,1,0.7650721304794834,1.1806915887717402
43,4,1,50,235,0,0,0.2557595385205258,-1.0681264831240114
43,4,1,50,109,0,1,0.7718287386549039,1.2186661910580947
43,4,1,50,242,1,1,0.5022683677868147,0.00907353339799688
43,4,1,50,226,1,0,0.10512279783054783,-2.1415573346120302
43,4,1,50,123,0,1,0.6087272656340941,0.44196548054674023
43,4,1,50,214,0,0,0.18390063470195353,-1.4901405358019946
43,4,1,50,306,0,0,0.31654891668455853,-0.7696773009391374
43,4,1,50,4,0,1,0.5029181308436707,0.011672655907028706
43,4,1,50,49,1,1,0.5720480810375619,0.2902121952066131
43,4,1,50,127,0,0,0.3800328079850866,-0.4894089747375686
43,4,1,50,78,1,1,0.6474192278634364,0.6077143043634595
43,4,1,50,275,0,0,0.10740504654601976,-2.117525729124308
43,4,1,50,25,0,1,0.5857207092082144,0.3463027087040998
43,4,1,50,32,1,1,0.5345289993801599,0.13833618664351938
43,4,1,50,281,0,0,0.49969192253923816,-0.001232309998995068
43,4,1,50,299,1,0,0.4097957885416759,-0.36480963924015597
43,4,1,50,265,0,0,0.34490133217254165,-0.6415274797704348
43,4,1,50,218,1,0,0.40559322122199376,-0.38221315856918747
43,4,1,50,220,1,1,0.9283899433295867,2.5622163216871394
43,4,1,50,267,1,0,0.47561520409785046,-0.09761662559585915
43,4,1,50,160,0,0,0.14073281465874962,-1.809216754701153
43,4,1,50,310,0,1,0.5314584399642579,0.12600019440130683
43,4,1,50,173,1,0,0.2736112527336757,-0.9763770227537706
43,4,1,50,151,1,1,0.6671974843954296,0.6955368128204367
43,4,1,50,144,1,0,0.4970732327207536,-0.011707202829553301
43,4,1,50,270,1,1,0.6240967490654631,0.5069736039948824
43,4,1,50,312,0,0,0.24391290149136044,-1.131345378744481
43,4,1,50,107,1,0,0.051002239005164894,-2.923536905453381
43,4,1,50,102,1,1,0.5913376091773622,0.3694977401679327
43,4,1,50,63,1,1,0.6810657530957546,0.7586738962453131
43,4,1,50,256,0,1,0.8188513198162054,1.508584397136744
43,4,1,50,92,0,1,0.692700501732653,0.8127748929205199
43,4,1,50,57,0,1,0.5478523350679443,0.19199697027441243
43,4,2,100,249,1,1,0.940618958600812,2.76256311810695
43,4,2,100,19,1,0,0.07795646079702068,-2.470441969073705
43,4,2,100,61,0,0,0.26567571380071425,-1.0166742938584816
43,4,2,100,28,0,0,0.4126606328472594,-0.35297724808430875
43,4,2,100,166,1,1,0.5469351714649255,0.18829505428802207
43,4,2,100,85,1,1,0.6219240955042991,0.4977230713362297
43,4,2,100,23,0,0,0.3273117559780339,-0.7203688901549761
43,4,2,100,91,1,1,0.6546517736637081,0.6395501913235064
43,4,2,100,217,0,1,0.7239171080681377,0.9639757404998024
43,4,2,100,202,0,1,0.6116807486269022,0.45438267971822466
43,4,2,100,262,1,1,0.6989064880274585,0.8420960661327802
43,4,2,100,258,0,1,0.5947357727446816,0.38357796013865103
43,4,2,100,203,0,0,0.27922781224169196,-0.9482951403354852
43,4,2,100,34,1,0,0.09996764734822582,-2.197584102944724
43,4,2,100,213,0,1,0.8748381644034352,1.9444313295906572
43,4,2,100,42,0,0,0.1763166379411363,-1.541504728868495
43,4,2,100,5,1,0,0.39234935548033584,-0.4374474631360431
43,4,2,100,118,0,0,0.43741614381892796,-0.25165518446748336
43,4,2,100,80,0,1,0.7341085237268977,1.0155686285764707
43,4,2,100,261,0,0,0.16233714969290722,-1.6409403493844756
43,4,2,100,39,1,1,0.8599249174770446,1.814666497591728
43,4,2,100,106,1,1,0.9079691615342018,2.2890866933594465
43,4,2,100,64,0,0,0.484153016950359,-0.06340916955071019
43,4,2,100,231,0,1,0.5820551376386139,0.33121566585698153
43,4,2,100,137,1,1,0.67146053150867,0.7147982593073654
43,4,2,100,210,1,0,0.21094536096715893,-1.3192364222605981
43,4,2,100,93,0,0,0.16770596630789827,-1.6019735388033565
43,4,2,100,200,1,1,0.774401426460302,1.2333331813391066
43,4,2,100,90,1,0,0.23358773556832138,-1.188162481451685
43,4,2,100,46,1,1,0.8942434558279901,2.1348383606209183
43,4,2,100,235,0,1,0.7516113746947236,1.107224844234482
43,4,2,100,109,0,1,0.5148353783688633,0.05935893652184858
43,4,2,100,242,1,1,0.5982731381172494,0.3982749927385727
43,4,2,100,226,1,0,0.08669329022720591,-2.3546952703033224
43,4,2,100,123,0,0,0.3985429087163497,-0.4115400286754555
43,4,2,100,214,0,0,0.0012932674973036302,-6.6492892149679745
43,4,2,100,306,0,0,0.07859336218525181,-2.461614211229513
43,4,2,100,4,0,1,0.7979996301872058,1.373838605869211
43,4,2,100,49,1,0,0.2781422476583827,-0.9536954355142975
43,4,2,100,127,0,1,0.75347842821331,1.1172508869024704
43,4,2,100,78,1,1,0.7923483701458516,1.3391393373083342
43,4,2,100,275,0,0,0.08771407021373712,-2.3418711381976776
43,4,2,100,25,0,1,0.8169912323180838,1.4960943007217296
43,4,2,100,32,1,1,0.6635828488463033,0.6793018011581861
43,4,2,100,281,0,1,0.8000003037907139,1.3862962598129336
43,4,2,100,299,1,0,0.09062569743355575,-2.3060189744585475
43,4,2,100,265,0,0,0.04044693260458856,-3.1664768124098144
43,4,2,100,218,1,1,0.9172891616516691,2.4060721073068336
43,4,2,100,220,1,1,0.6460252399824695,0.6016129629932914
43,4,2,100,267,1,0,0.37559936935111127,-0.508269130359798
43,4,2,100,160,0,1,0.755592663964071,1.1286661833314413
43,4,2,100,310,0,1,0.514901359140648,0.05962309319613451
43,4,2,100,173,1,1,0.7626067050778275,1.1670242017984649
43,4,2,100,151,1,0,0.4616204974390306,-0.1538205871771235
43,4,2,100,144,1,0,0.339773025272066,-0.6643058550478749
43,4,2,100,270,1,0,0.2252034028033675,-1.2355965333851284
43,4,2,100,312,0,1,0.6174787510984093,0.47886045232589447
43,4,2,100,107,1,1,0.7430320600486887,1.061787863404256
43,4,2,100,102,1,1,0.5294640214370443,0.11799278966374702
43,4,2,100,63,1,0,0.3836847643348318,-0.47393728961386994
43,4,2,100,256,0,0,0.4314158189578138,-0.27607697577063317
43,4,2,100,92,0,0,0.2220811708172358,-1.2535792367091743
43,4,2,100,57,0,1,0.8306598744422774,1.5903111447033855
43,4,3,150,249,1,1,0.591431732594138,0.3698872451055623
43,4,3,150,19,1,0,0.0657139159197083,-2.6544719780972392
43,4,3,150,61,0,0,0.10242482527173499,-2.170567759480413
43,4,3,150,28,0,0,0.08500385797821253,-2.376223205457717
43,4,3,150,166,1,0,0.4604640243037569,-0.15847473635383758
43,4,3,150,85,1,0,0.2152882347099356,-1.2933387155335576
43,4,3,150,23,0,0,0.38011286797475613,-0.4890691867417074
43,4,3,150,91,1,1,0.6394038015616769,0.5727774137314684
43,4,3,150,217,0,0,0.10908471374897999,-2.100124575060619
43,4,3,150,202,0,1,0.7707160421035378,1.2123587813304986
43,4,3,150,262,1,1,0.5759274192539571,0.30607702292954847
43,4,3,150,258,0,0,0.4408261905018108,-0.2378096822488478
43,4,3,150,203,0,1,0.7027399264577852,0.8603794511022377
43,4,3,150,34,1,0,0.44642169260946835,-0.21513921446710782
43,4,3,150,213,0,1,0.8326651308718067,1.6046345485479034
43,4,3,150,42,0,0,0.12439849103920904,-1.951421038670503
43,4,3,150,5,1,1,0.5614898327614565,0.247210668784767
43,4,3,150,118,0,0,0.3509817043860611,-0.6147268089239515
43,4,3,150,80,0,1,0.5909402512989365,0.3678536844453288
43,4,3,150,261,0,0,0.2555154458182383,-1.069409244226173
43,4,3,150,39,1,1,0.7345098289921603,1.0176255580955575
43,4,3,150,106,1,1,0.8176888943046328,1.5007673397340642
43,4,3,150,64,0,0,0.29583249968008524,-0.8672228397541079
43,4,3,150,231,0,0,0.4251446452161144,-0.3016889995477186
43,4,3,150,137,1,1,0.60628052056075,0.4317041095771539
43,4,3,150,210,1,0,0.39620352172398665,-0.4213091616774849
43,4,3,150,93,0,0,0.10535945289518553,-2.1390441495529156
43,4,3,150,200,1,1,0.7343738410123205,1.0169283162183924
43,4,3,150,90,1,0,0.3275142980887436,-0.7194491377429187
43,4,3,150,46,1,1,0.9636395899969112,3.277236809947924
43,4,3,150,235,0,1,0.7830566557362576,1.2835688175259992
43,4,3,150,109,0,1,0.640494077754971,0.5775092244238488
43,4,3,150,242,1,1,0.695105708308017,0.824098800367304
43,4,3,150,226,1,0,0.09140728759757483,-2.2965717243079946
43,4,3,150,123,0,0,0.44458619272073907,-0.22256948908822538
43,4,3,150,214,0,0,0.0004830638026752805,-7.63487863588392
43,4,3,150,306,0,0,0.24462930126280724,-1.1274646118076568
43,4,3,150,4,0,1,0.5044084166771314,0.01763412365664574
43,4,3,150,49,1,0,0.2955095432086414,-0.8687736537267012
43,4,3,150,127,0,0,0.43776212384237523,-0.250249360929816
43,4,3,150,78,1,0,0.4739374414171261,-0.10434480548055461
43,4,3,150,275,0,0,0.4707297851246831,-0.11721487984327511
43,4,3,150,25,0,1,0.6675994573371344,0.6973476833913259
43,4,3,150,32,1,1,0.7351265896629305,1.020790700205239
43,4,3,150,281,0,1,0.7120972027378192,0.9055915091325805
43,4,3,150,299,1,0,0.17249607951663962,-1.568039336210865
43,4,3,150,265,0,0,0.12913232439728867,-1.9086523937859763
43,4,3,150,218,1,1,0.7632302066107226,1.170471365070831
43,4,3,150,220,1,0,0.25552036710895787,-1.0693833738094582
43,4,3,150,267,1,1,0.5474030676251561,0.19018344519055055
43,4,3,150,160,0,0,0.48937451623618833,-0.04250833479867955
43,4,3,150,310,0,0,0.46514864701908226,-0.13963183788223682
43,4,3,150,173,1,1,0.7370503543118333,1.0306936606243209
43,4,3,150,151,1,0,0.4678685684141177,-0.12870309092886367
43,4,3,150,144,1,0,0.40390789866289845,-0.3892083092067125
43,4,3,150,270,1,0,0.3244577354536054,-0.7333604407130196
43,4,3,150,312,0,0,0.38168096877267255,-0.48241945663037417
43,4,3,150,107,1,1,0.6939013041544165,0.8184221519675008
43,4,3,150,102,1,1,0.6897835249056304,0.799107455813787
43,4,3,150,63,1,0,0.15093519195360935,-1.7272849656385252
43,4,3,150,256,0,0,0.4355658684624038,-0.25917765941120097
43,4,3,150,92,0,0,0.13401041097382244,-1.8659553958130481
43,4,3,150,57,0,0,0.4741190981598307,-0.10361621266855237
43,4,4,200,249,1,0,0.36903880193669114,-0.5363425750701464
43,4,4,200,19,1,0,0.055191291668177204,-2.840177300754119
43,4,4,200,61,0,0,0.04545477381988323,-3.044517174458706
43,4,4,200,28,0,0,0.13710492872827454,-1.8395465618792513
43,4,4,200,166,1,0,0.335264914630073,-0.6844675841655651
43,4,4,200,85,1,0,0.06923294788213587,-2.598532158644489
43,4,4,200,23,0,1,0.6478372795732367,0.6095462103266529
43,4,4,200,91,1,1,0.7729402771105492,1.2249887051191972
43,4,4,200,217,0,0,0.07382495464897841,-2.529366437312518
43,4,4,200,202,0,1,0.896966141059416,2.16396045268933
43,4,4,200,262,1,1,0.7054844926388164,0.8735531321036084
43,4,4,200,258,0,0,0.21278011300393584,-1.308248309199732
43,4,4,200,203,0,1,0.7855770483465786,1.2984680670792546
43,4,4,200,34,1,0,0.45248043162832646,-0.19065368518546044
43,4,4,200,213,0,1,0.9197631075611498,2.4391327305306927
43,4,4,200,42,0,0,0.10446448876304056,-2.148574682717064
43,4,4,200,5,1,0,0.35930352663479426,-0.5783883149189827
43,4,4,200,118,0,0,0.11617414264238572,-2.0291697542291036
43,4,4,200,80,0,1,0.7201305943645157,0.9451094907020726
43,4,4,200,261,0,0,0.16640633068025676,-1.611313503967277
43,4,4,200,39,1,1,0.7188772597978839,0.9388992617112751
43,4,4,200,106,1,1,0.8562734024485527,1.784676853747664
43,4,4,200,64,0,0,0.1583112042514544,-1.6708476016977598
43,4,4,200,231,0,0,0.12431785637733543,-1.9521615316560492
43,4,4,200,137,1,1,0.6405645809990471,0.5778154254341523
43,4,4,200,210,1,0,0.4106643086145905,-0.361219842342116
43,4,4,200,93,0,0,0.48696437578756413,-0.05215431559552419
43,4,4,200,200,1,1,0.8134400758311614,1.4725197650924273
43,4,4,200,90,1,0,0.45366621787147987,-0.18586838682219964
43,4,4,200,46,1,1,0.9706465406406964,3.498551981140608
43,4,4,200,235,0,1,0.8245422780221487,1.5474303043758961
43,4,4,200,109,0,0,0.45425608615467994,-0.1834887380225588
43,4,4,200,242,1,1,0.8310474308553757,1.5930688504853812
43,4,4,200,226,1,0,0.11589130855360877,-2.0319272525798633
43,4,4,200,123,0,1,0.529901190526571,0.11974765066619808
43,4,4,200,214,0,0,0.0007119319340826738,-7.246816063842623
43,4,4,200,306,0,0,0.12604926358343288,-1.936351197051541
43,4,4,200,4,0,1,0.5620556112598207,0.24950886144891882
43,4,4,200,49,1,0,0.17161893485132035,-1.5741967482014343
43,4,4,200,127,0,0,0.3823652477337654,-0.47952096929844906
43,4,4,200,78,1,0,0.28740065479182975,-0.9080420823226113
43,4,4,200,275,0,1,0.5866948923445607,0.35031883048884355
43,4,4,200,25,0,1,0.6405187763682803,0.5776164894019524
43,4,4,200,32,1,0,0.49081010654520546,-0.03676371398939038
43,4,4,200,281,0,1,0.6377519760377249,0.565620329183699
43,4,4,200,299,1,0,0.36564517876726504,-0.5509450465759969
43,4,4,200,265,0,0,0.07269082904822512,-2.5460717990187094
43,4,4,200,218,1,1,0.8112958440282279,1.4584523004203178
43,4,4,200,220,1,0,0.10006507819414842,-2.1965016953424366
43,4,4,200,267,1,1,0.6210035163608956,0.49380981729204887
43,4,4,200,160,0,1,0.6585411587539549,0.6567998747228985
43,4,4,200,310,0,0,0.40336656522530323,-0.39145717305815
43,4,4,200,173,1,1,0.6244443237075632,0.5084554395710909
43,4,4,200,151,1,0,0.4785164241283082,-0.08598724542982794
43,4,4,200,144,1,0,0.4696078588328228,-0.12171861842047099
43,4,4,200,270,1,1,0.5867057002825807,0.3503634024192789
43,4,4,200,312,0,0,0.25756862431675726,-1.058644256283938
43,4,4,200,107,1,1,0.7459297723869066,1.0770207414120068
43,4,4,200,102,1,1,0.7144956986668577,0.9173198823433735
43,4,4,200,63,1,0,0.4923260075427912,-0.030698380423658023
43,4,4,200,256,0,0,0.1458166692522637,-1.7677957011403358
43,4,4,200,92,0,0,0.14542179796761656,-1.770969545143448
43,4,4,200,57,0,0,0.3145922996046548,-0.7787363307264545
43,4,5,250,249,1,0,0.3714613552504103,-0.5259526782157349
43,4,5,250,19,1,0,0.13106354551186472,-1.891587711890823
43,4,5,250,61,0,0,0.07504419981418384,-2.511668681982989
43,4,5,250,28,0,0,0.06999858589790778,-2.5867110662991832
43,4,5,250,166,1,1,0.612859093458458,0.4593463193088744
43,4,5,250,85,1,0,0.23798841262468254,-1.163739776064979
43,4,5,250,23,0,0,0.4284102431295983,-0.28834027730682
43,4,5,250,91,1,1,0.8970215461453777,2.1645601015295113
43,4,5,250,217,0,0,0.07805600995390152,-2.469057828060028
43,4,5,250,202,0,1,0.8569224715693685,1.7899608093888215
43,4,5,250,262,1,1,0.9054144875891366,2.258888517619941
43,4,5,250,258,0,0,0.14301805352074048,-1.790445981735998
43,4,5,250,203,0,1,0.6106435036537349,0.4500179581581196
43,4,5,250,34,1,0,0.34855309063579093,-0.6254053443804058
43,4,5,250,213,0,1,0.7865826848952845,1.3044483723902198
43,4,5,250,42,0,0,0.14542971882256417,-1.7709058097127772
43,4,5,250,5,1,0,0.4776165540004819,-0.08959366681505349
43,4,5,250,118,0,0,0.12078289790678262,-1.9850371529217172
43,4,5,250,80,0,1,0.6468163667925991,0.6050743025797775
43,4,5,250,261,0,0,0.24425687402333562,-1.1294811040687098
43,4,5,250,39,1,0,0.41698807455198,-0.3351500182620386
43,4,5,250,106,1,1,0.7364488086296125,1.0275921034506057
43,4,5,250,64,0,0,0.23181519309173612,-1.1980898654695515
43,4,5,250,231,0,0,0.1802658400659673,-1.5145474418760165
43,4,5,250,137,1,1,0.8278596934629835,1.570533807724941
43,4,5,250,210,1,1,0.7775858225017425,1.2516527125119814
43,4,5,250,93,0,0,0.14925104623315824,-1.740487321417267
43,4,5,250,200,1,1,0.808533576813774,1.4405097505128928
43,4,5,250,90,1,0,0.17294592154991545,-1.564891130564709
43,4,5,250,46,1,1,0.95095410028573,2.964709208180251
43,4,5,250,235,0,1,0.6162824116071524,0.47379848375351663
43,4,5,250,109,0,0,0.26692790133213484,-1.0102654686533636
43,4,5,250,242,1,1,0.8814610212718792,2.0063389413210566
43,4,5,250,226,1,1,0.5353388537525793,0.1415914957050447
43,4,5,250,123,0,0,0.3745689747526259,-0.5126650881963323
43,4,5,250,214,0,0,0.003017666324226202,-5.800249257975544
43,4,5,250,306,0,0,0.09892331270552493,-2.209245436694713
43,4,5,250,4,0,1,0.5580671284126567,0.2333212606535666
43,4,5,250,49,1,0,0.4179359442098083,-0.33125232590572706
43,4,5,250,127,0,0,0.17865448970165865,-1.5254901463004895
43,4,5,250,78,1,0,0.44463875563279337,-0.22235662536520207
43,4,5,250,275,0,0,0.48196156500858994,-0.07218506810693509
43,4,5,250,25,0,1,0.6927943158993669,0.8132156486472334
43,4,5,250,32,1,1,0.8247523442316932,1.5488830031340877
43,4,5,250,281,0,1,0.7958603250695817,1.3606192588408725
43,4,5,250,299,1,0,0.16671760044493242,-1.6090712340496354
43,4,5,250,265,0,0,0.1374662381521054,-1.8364959460662647
43,4,5,250,218,1,1,0.8689682477648621,1.891866908471834
43,4,5,250,220,1,0,0.06772934604150306,-2.6221036159643707
43,4,5,250,267,1,1,0.61145856335601,0.45344736838685473
43,4,5,250,160,0,1,0.536906537171207,0.14789513584931224
43,4,5,250,310,0,1,0.5619561535389249,0.24910481679438712
43,4,5,250,173,1,1,0.682498279882135,0.765276770724589
43,4,5,250,151,1,1,0.5921424717830348,0.37282934985072214
43,4,5,250,144,1,1,0.584741769667221,0.3422697619210802
43,4,5,250,270,1,1,0.5629602748384614,0.25318497063678025
43,4,5,250,312,0,0,0.23738378996679932,-1.1670767051469868
43,4,5,250,107,1,1,0.5735155887796963,0.2962093022465357
43,4,5,250,102,1,1,0.6269984080937923,0.5193613142245572
43,4,5,250,63,1,0,0.31336441258122794,-0.7844369402845293
43,4,5,250,256,0,0,0.3274249115647176,-0.7198550097866317
43,4,5,250,92,0,0,0.11597596039326323,-2.0311013247526626
43,4,5,250,57,0,0,0.08860878509889084,-2.330741232347362
43,4,6,300,249,1,1,0.5970651145052599,0.3932512025306172
43,4,6,300,19,1,0,0.4423308247400912,-0.23170783630793834
43,4,6,300,61,0,0,0.08339122628572253,-2.3971376406302767
43,4,6,300,28,0,0,0.07336436500889418,-2.5361221026463516
43,4,6,300,166,1,1,0.851759174245218,1.7484656751843113
43,4,6,300,85,1,0,0.28385861657703343,-0.9254013250995323
43,4,6,300,23,0,0,0.08093348869953174,-2.429730803098982
43,4,6,300,91,1,1,0.9076537566272879,2.285317952911565
43,4,6,300,217,0,0,0.10260975504630312,-2.1685578164982395
43,4,6,300,202,0,1,0.6752975984249585,0.732244404895646
43,4,6,300,262,1,1,0.945278226014255,2.8492176111047254
43,4,6,300,258,0,0,0.19017715895368467,-1.4488594557104435
43,4,6,300,203,0,1,0.5573562798069541,0.23043947292003703
43,4,6,300,34,1,0,0.1578540158414544,-1.6742827215234495
43,4,6,300,213,0,1,0.7094986478103006,0.8929503597847162
43,4,6,300,42,0,0,0.10184574082293288,-2.1768825107071095
43,4,6,300,5,1,1,0.5397258639744236,0.15923909149067417
43,4,6,300,118,0,0,0.2053475675920242,-1.3532008319672861
43,4,6,300,80,0,0,0.4563437958933276,-0.1750706055205532
43,4,6,300,261,0,0,0.08149616116355786,-2.4221901672592585
43,4,6,300,39,1,1,0.5791167991702171,0.31914882042923737
43,4,6,300,106,1,1,0.5521981329395571,0.2095560447965743
43,4,6,300,64,0,0,0.10631129647737914,-2.12898595870561
43,4,6,300,231,0,0,0.26219427065575457,-1.0345948305310444
43,4,6,300,137,1,1,0.7986225589605505,1.377707479081941
43,4,6,300,210,1,1,0.5956046253063776,0.3871840169458548
43,4,6,300,93,0,0,0.17134494013897067,-1.576125258206399
43,4,6,300,200,1,1,0.8503452987266595,1.7373118518603339
43,4,6,300,90,1,0,0.11729245505704165,-2.0183235077366186
43,4,6,300,46,1,1,0.7571204857303268,1.1369569085723117
43,4,6,300,235,0,0,0.4034327372526548,-0.39118222198440766
43,4,6,300,109,0,0,0.2895429519975269,-0.8976048403634255
43,4,6,300,242,1,1,0.9858626076536801,4.244693775090543
43,4,6,300,226,1,1,0.6664187994066759,0.6920319850897226
43,4,6,300,123,0,0,0.33676935172394334,-0.6777245356903272
43,4,6,300,214,0,0,0.0037494431028465055,-5.58239146605102
43,4,6,300,306,0,0,0.15305228213583594,-1.71085939016659
43,4,6,300,4,0,0,0.27631356254634737,-0.9628218841015499
43,4,6,300,49,1,0,0.3353313081983793,-0.6841696858884961
43,4,6,300,127,0,0,0.17868800609674845,-1.5252617518194984
43,4,6,300,78,1,1,0.6734145614576078,0.7236695357265436
43,4,6,300,275,0,0,0.44246111635941443,-0.23117965938974977
43,4,6,300,25,0,0,0.429511622711362,-0.2838439941580498
43,4,6,300,32,1,1,0.8007599812854493,1.3910510311977649
43,4,6,300,281,0,1,0.6763278338527347,0.7369467491427789
43,4,6,300,299,1,0,0.19047265107289527,-1.4469419371707828
43,4,6,300,265,0,0,0.20453227741336238,-1.3582044731633036
43,4,6,300,218,1,1,0.8420030212290923,1.673207691252928
43,4,6,300,220,1,0,0.1103906750190551,-2.086756740790687
43,4,6,300,267,1,0,0.46318416370212545,-0.14753034974674306
43,4,6,300,160,0,1,0.654410968503843,0.6384852474519365
43,4,6,300,310,0,0,0.39781806740289954,-0.41456482957149643
43,4,6,300,173,1,1,0.8900912801018813,2.0916738171853604
43,4,6,300,151,1,1,0.8028838982621233,1.4044172144513232
43,4,6,300,144,1,0,0.4410228807719597,-0.23701178276628476
43,4,6,300,270,1,0,0.44388282083034364,-0.22541841539614202
43,4,6,300,312,0,0,0.4282515851465434,-0.2889882218033623
43,4,6,300,107,1,1,0.5307453515552848,0.12313676075527635
43,4,6,300,102,1,0,0.41089799100688623,-0.36025437217030676
43,4,6,300,63,1,0,0.26110026212558396,-1.0402577594109295
43,4,6,300,256,0,1,0.504806093646664,0.01922496669269516
43,4,6,300,92,0,0,0.052223247961803575,-2.8985912218946908
43,4,6,300,57,0,0,0.062085858755329695,-2.715140165260019
43,4,7,350,249,1,1,0.5758591798439625,0.3057976282675149
43,4,7,350,19,1,1,0.8125933727633977,1.4669500946234693
43,4,7,350,61,0,0,0.07875463836097468,-2.45938923284188
43,4,7,350,28,0,0,0.07510996483779481,-2.5107216119847884
43,4,7,350,166,1,1,0.6712428389229161,0.7138116114961921
43,4,7,350,85,1,0,0.229676574011328,-1.210138341064324
43,4,7,350,23,0,0,0.15508813733696572,-1.6952387340842483
43,4,7,350,91,1,1,0.9409237027258776,2.768032272627808
43,4,7,350,217,0,0,0.09368365401862905,-2.269464688996506
43,4,7,350,202,0,0,0.22503276120776092,-1.2365747589608818
43,4,7,350,262,1,1,0.9668653127298932,3.3734785146801
43,4,7,350,258,0,0,0.32050493770644495,-0.7514522843862363
43,4,7,350,203,0,0,0.2173991101479839,-1.280887965298247
43,4,7,350,34,1,0,0.13428191828820832,-1.8636178570713813
43,4,7,350,213,0,1,0.8518066244992073,1.748841522380106
43,4,7,350,42,0,0,0.05829627963171908,-2.782152426088925
43,4,7,350,5,1,0,0.48393432600542996,-0.06428482512756367
43,4,7,350,118,0,0,0.3259412149482099,-0.726600282424811
43,4,7,350,80,0,0,0.2649479647097503,-1.0204078459008543
43,4,7,350,261,0,0,0.1138007159995831,-2.052493037412834
43,4,7,350,39,1,1,0.708399773155909,0.887624807625102
43,4,7,350,106,1,1,0.767572905735101,1.1946568633368713
43,4,7,350,64,0,0,0.05133702861342431,-2.9166412976081357
43,4,7,350,231,0,0,0.05834499924686474,-2.7812653139051893
43,4,7,350,137,1,1,0.9462175449800493,2.8675252064855545
43,4,7,350,210,1,1,0.6372266716363797,0.5633472352670559
43,4,7,350,93,0,0,0.17698991423834412,-1.5368757062303697
43,4,7,350,200,1,1,0.8930758774955192,2.1225520990324576
43,4,7,350,90,1,0,0.17973625655067052,-1.51813539190747
43,4,7,350,46,1,1,0.6964872577131356,0.8306259042229045
43,4,7,350,235,0,0,0.16967272440250764,-1.587948500027841
43,4,7,350,109,0,1,0.6526945797105844,0.6309047346293406
43,4,7,350,242,1,1,0.9940730522110103,5.122301323370576
43,4,7,350,226,1,0,0.2974893230359498,-0.8592822642308728
43,4,7,350,123,0,1,0.5064915801006891,0.02596777953251639
43,4,7,350,214,0,0,0.01590756542286502,-4.1249250213967885
43,4,7,350,306,0,0,0.09449011219965012,-2.260003000759733
43,4,7,350,4,0,1,0.6181619378774814,0.4817538609515018
43,4,7,350,49,1,0,0.3132918539391153,-0.784774181388459
43,4,7,350,127,0,0,0.07156130712678638,-2.562949825835144
43,4,7,350,78,1,1,0.6456419032546775,0.5999370461924117
43,4,7,350,275,0,0,0.2461615376855209,-1.119190126407316
43,4,7,350,25,0,0,0.45459310483697524,-0.1821293689631608
43,4,7,350,32,1,1,0.631047707174281,0.5367141174007509
43,4,7,350,281,0,1,0.6029164305905497,0.41763183689521455
43,4,7,350,299,1,0,0.28139220522921715,-0.9375662774534321
43,4,7,350,265,0,1,0.5803495747649197,0.3242085932553668
43,4,7,350,218,1,1,0.5578849816611462,0.23258274436732806
43,4,7,350,220,1,0,0.07105629487766246,-2.570575691218397
43,4,7,350,267,1,0,0.2774560652539833,-0.9571156302318755
43,4,7,350,160,0,1,0.7676715697107729,1.1952099796962672
43,4,7,350,310,0,0,0.14922911683229784,-1.7406600380921493
43,4,7,350,173,1,1,0.9236682604211971,2.4932641458705573
43,4,7,350,151,1,1,0.7996885832766062,1.384349141810868
43,4,7,350,144,1,0,0.48580032731995093,-0.05681396792707227
43,4,7,350,270,1,1,0.5971476987352291,0.3935944876928949
43,4,7,350,312,0,0,0.298287376375155,-0.8554665800854362
43,4,7,350,107,1,1,0.5759282415416194,0.3060803897188358
43,4,7,350,102,1,1,0.5291540261073526,0.11674853294454807
43,4,7,350,63,1,1,0.5776054065812408,0.31295101532075675
43,4,7,350,256,0,0,0.47628756075270196,-0.0949209625705183
43,4,7,350,92,0,0,0.051186112676728436,-2.9197444063883955
43,4,7,350,57,0,0,0.008119266160243178,-4.805363096337503
43,4,8,400,249,1,0,0.40679457991431417,-0.3772324068766566
43,4,8,400,19,1,0,0.43818939647851507,-0.24851355972007294
43,4,8,400,61,0,0,0.07675750662836288,-2.4872407351260604
43,4,8,400,28,0,0,0.010714907367995165,-4.525346569802882
43,4,8,400,166,1,1,0.6208186535505147,0.49302443870000445
43,4,8,400,85,1,0,0.4795222870240108,-0.08195669568861352
43,4,8,400,23,0,0,0.3409203104500238,-0.6591956958757555
43,4,8,400,91,1,1,0.995866918465527,5.4845903696505856
43,4,8,400,217,0,0,0.0016866914619182614,-6.383298268189382
43,4,8,400,202,0,0,0.4682111614553304,-0.12732709667067132
43,4,8,400,262,1,1,0.949600158915162,2.936052988651287
43,4,8,400,258,0,0,0.3484125960891098,-0.6260241470997228
43,4,8,400,203,0,0,0.28628732505730353,-0.9134845257205939
43,4,8,400,34,1,0,0.25806934014277366,-1.0560274794180766
43,4,8,400,213,0,1,0.9199731629713689,2.441982457657633
43,4,8,400,42,0,0,0.03576043642617248,-3.2944976191262714
43,4,8,400,5,1,1,0.8985767619237648,2.1815098987392467
43,4,8,400,118,0,0,0.2518223446937201,-1.0889165993470151
43,4,8,400,80,0,0,0.34707731318769747,-0.631911165643487
43,4,8,400,261,0,0,0.31646014445510884,-0.770087657666776
43,4,8,400,39,1,1,0.5492209432327577,0.19752348407844061
43,4,8,400,106,1,1,0.6707852508188128,0.71173877135642
43,4,8,400,64,0,0,0.06305472864906012,-2.6986218141580487
43,4,8,400,231,0,0,0.0515839746030777,-2.9115821968030033
43,4,8,400,137,1,1,0.9968334442211739,5.751939206944142
43,4,8,400,210,1,0,0.40882822178547507,-0.36881155986554315
43,4,8,400,93,0,0,0.23135982994492485,-1.2006487367465861
43,4,8,400,200,1,1,0.9390654326084846,2.735084537326772
43,4,8,400,90,1,0,0.3651390473409128,-0.5531277700665815
43,4,8,400,46,1,1,0.8260132924139277,1.5576319627893747
43,4,8,400,235,0,0,0.017405421333445456,-4.033414873804228
43,4,8,400,109,0,1,0.5383540000307323,0.1537179728599315
43,4,8,400,242,1,1,0.9940847401949643,5.124287035179343
43,4,8,400,226,1,0,0.38176331369085387,-0.4820705527832364
43,4,8,400,123,0,0,0.13552678878606494,-1.8529509930391939
43,4,8,400,214,0,0,0.011166770603686944,-4.483583234007371
43,4,8,400,306,0,0,0.09416058378020048,-2.263860382735268
43,4,8,400,4,0,1,0.8344833165779251,1.6177407548723233
43,4,8,400,49,1,0,0.39678013716004745,-0.4188994286654904
43,4,8,400,127,0,0,0.1622783199238327,-1.6413730359644703
43,4,8,400,78,1,1,0.797800572186304,1.3726041798975555
43,4,8,400,275,0,0,0.2149720179516827,-1.2952114924729332
43,4,8,400,25,0,1,0.5633853944441314,0.2549130346504194
43,4,8,400,32,1,1,0.6213017031318336,0.4950769607187413
43,4,8,400,281,0,0,0.42907167075101843,-0.28563971416327116
43,4,8,400,299,1,0,0.4129834521023526,-0.35164548544754015
43,4,8,400,265,0,0,0.3687176465314343,-0.537722066710721
43,4,8,400,218,1,1,0.9554839702404022,3.06636864360883
43,4,8,400,220,1,0,0.12982048995429935,-1.9025468740475768
43,4,8,400,267,1,0,0.392254194636868,-0.437846625920458
43,4,8,400,160,0,1,0.8595970750532295,1.8119474377501126
43,4,8,400,310,0,0,0.09258737940980916,-2.2824444347593325
43,4,8,400,173,1,1,0.8365921692246815,1.633087593486899
43,4,8,400,151,1,1,0.8700541795432255,1.901437887179147
43,4,8,400,144,1,1,0.66468400536873,0.684238393041647
43,4,8,400,270,1,1,0.8398312627990306,1.6569731270064882
43,4,8,400,312,0,0,0.007997796682050279,-4.820559239366534
43,4,8,400,107,1,1,0.5153970835781779,0.0616078130736048
43,4,8,400,102,1,1,0.5525428413861064,0.21095017316508236
43,4,8,400,63,1,1,0.6149260076897738,0.46806644422796884
43,4,8,400,256,0,0,0.444345518892267,-0.22354420872382064
43,4,8,400,92,0,0,0.08989119168727738,-2.314964204267052
43,4,8,400,57,0,0,0.002664703503536269,-5.924994223116835
43,4,9,450,249,1,1,0.5622883717792131,0.250454524849438
43,4,9,450,19,1,0,0.37337489891566433,-0.517765431094332
43,4,9,450,61,0,0,0.09705777487899565,-2.23035215182722
43,4,9,450,28,0,0,0.001994783048773551,-6.215223206757378
43,4,9,450,166,1,1,0.6743955851588256,0.7281336672108426
43,4,9,450,85,1,1,0.6121983870095772,0.45656248962790247
43,4,9,450,23,0,0,0.4062790732411411,-0.3793690927066673
43,4,9,450,91,1,1,0.9993290589747982,7.306158149554739
43,4,9,450,217,0,0,0.001963104449762222,-6.231263121986285
43,4,9,450,202,0,1,0.5960592930195288,0.38907204475884294
43,4,9,450,262,1,1,0.9936073934016184,5.046200048592766
43,4,9,450,258,0,1,0.5780477643703199,0.31476438065862766
43,4,9,450,203,0,1,0.7853419928629236,1.2970731854092374
43,4,9,450,34,1,0,0.3452244473204576,-0.6400977318019243
43,4,9,450,213,0,1,0.952002857329425,2.9874265547436227
43,4,9,450,42,0,0,0.010420330857620775,-4.55352148835457
43,4,9,450,5,1,1,0.8744696458377385,1.941069988388858
43,4,9,450,118,0,0,0.4936054536655554,-0.025579580004912894
43,4,9,450,80,0,1,0.6523168797783232,0.6292389649166298
43,4,9,450,261,0,1,0.556358163774414,0.22639470457931465
43,4,9,450,39,1,1,0.6348442081871415,0.5530555379516329
43,4,9,450,106,1,1,0.5807503449658242,0.3258543877644362
43,4,9,450,64,0,0,0.03421401549369095,-3.34030689166047
43,4,9,450,231,0,0,0.018860086070527922,-3.951667232327263
43,4,9,450,137,1,1,0.9995416285088912,7.68737211009343
43,4,9,450,210,1,0,0.4471787104734779,-0.21207646944806952
43,4,9,450,93,0,0,0.05549633753761565,-2.834342536345595
43,4,9,450,200,1,1,0.843119596886192,1.6816250670513933
43,4,9,450,90,1,1,0.802789129921051,1.4038185138689843
43,4,9,450,46,1,1,0.8574444223385894,1.7942244209925338
43,4,9,450,235,0,0,0.00716554335769224,-4.9312800464242015
43,4,9,450,109,0,0,0.18642824578557032,-1.4733877031335674
43,4,9,450,242,1,1,0.9970887386691918,5.836253337401801
43,4,9,450,226,1,1,0.560858206540756,0.2446457694524603
43,4,9,450,123,0,0,0.012719995684242539,-4.351778472893479
43,4,9,450,214,0,0,0.021613546366994887,-3.8125844741128745
43,4,9,450,306,0,0,0.024525224168527537,-3.683222156228597
43,4,9,450,4,0,1,0.8387344600692734,1.6488418379302054
43,4,9,450,49,1,0,0.39030119230631594,-0.44604634832188467
43,4,9,450,127,0,0,0.04657842689136706,-3.018919678371896
43,4,9,450,78,1,1,0.7506824944713915,1.102255578575437
43,4,9,450,275,0,0,0.05464559066910862,-2.8506913652371093
43,4,9,450,25,0,1,0.7558306991158584,1.129955567363212
43,4,9,450,32,1,1,0.6672523312275196,0.695783830755028
43,4,9,450,281,0,0,0.31948681061787737,-0.7561312121581837
43,4,9,450,299,1,0,0.4553439820404161,-0.1791012978829818
43,4,9,450,265,0,1,0.6265169041583288,0.5173030111109365
43,4,9,450,218,1,1,0.9510962924212597,2.967762098067179
43,4,9,450,220,1,0,0.33504742270501076,-0.6854436436548308
43,4,9,450,267,1,1,0.547907248807751,0.19221865808849192
43,4,9,450,160,0,0,0.4835270463775508,-0.06591567040711421
43,4,9,450,310,0,0,0.017396551737771587,-4.033933618461976
43,4,9,450,173,1,1,0.9408915823256743,2.7674545722583455
43,4,9,450,151,1,1,0.8711200206811717,1.9108981853784317
43,4,9,450,144,1,1,0.7928556523519267,1.3422252958910692
43,4,9,450,270,1,1,0.6914954937270037,0.8071201841373015
43,4,9,450,312,0,0,0.002234803810658309,-6.101364530524212
43,4,9,450,107,1,0,0.22442098905732097,-1.2400861579006792
43,4,9,450,102,1,0,0.42266808333876077,-0.31183014855993446
43,4,9,450,63,1,0,0.3404963889218538,-0.6610829273098242
43,4,9,450,256,0,0,0.35407877906784646,-0.6011581192096221
43,4,9,450,92,0,0,0.05778435242716396,-2.7915161538394946
43,4,9,450,57,0,0,0.0012688241679831784,-6.668395029552148
43,4,10,500,249,1,1,0.5499782647107133,0.2005828764970516
43,4,10,500,19,1,1,0.6225467829921292,0.5003721463626551
43,4,10,500,61,0,0,0.03728986034599457,-3.2510309201408782
43,4,10,500,28,0,0,0.003387578089787434,-5.684246711782528
43,4,10,500,166,1,1,0.8187583790661971,1.507957957535643
43,4,10,500,85,1,1,0.688264016331056,0.792015885603788
43,4,10,500,23,0,1,0.5757101086389137,0.30518732274142746
43,4,10,500,91,1,1,0.9995704473297782,7.752336547621356
43,4,10,500,217,0,0,0.0028501591131232747,-5.857526228543096
43,4,10,500,202,0,1,0.5350035596176649,0.1402436498985309
43,4,10,500,262,1,1,0.9978236830183297,6.127942600273059
43,4,10,500,258,0,0,0.3853198646644214,-0.46702822069921146
43,4,10,500,203,0,0,0.4389425498923722,-0.245454768225781
43,4,10,500,34,1,1,0.8260005962966129,1.557543623212821
43,4,10,500,213,0,1,0.9700121452119028,3.4765161329606613
43,4,10,500,42,0,0,0.022456805246344136,-3.7734487826224647
43,4,10,500,5,1,1,0.9091634260996851,2.3034628639405255
43,4,10,500,118,0,1,0.6190163330068532,0.4853751530307667
43,4,10,500,80,0,1,0.6655494610209335,0.6881239535659797
43,4,10,500,261,0,1,0.6138450232601775,0.46350370814165154
43,4,10,500,39,1,1,0.6662444472942564,0.6912477942811501
43,4,10,500,106,1,1,0.7504383593425307,1.1009515734908888
43,4,10,500,64,0,0,0.032183228415413746,-3.403597323613451
43,4,10,500,231,0,0,0.004865302590634484,-5.320749191115034
43,4,10,500,137,1,1,0.9991957263395275,7.124766375715115
43,4,10,500,210,1,1,0.5545872723952128,0.21922285366910288
43,4,10,500,93,0,0,0.05194304119814446,-2.904266826914068
43,4,10,500,200,1,1,0.7903433424701835,1.3269962332056715
43,4,10,500,90,1,1,0.916343611474727,2.3936736194249053
43,4,10,500,46,1,1,0.8888392631913452,2.078939179643776
43,4,10,500,235,0,0,0.008207144377164596,-4.794509230137063
43,4,10,500,109,0,0,0.1733641584494283,-1.561969917044356
43,4,10,500,242,1,1,0.9924960737942427,4.8847966790107105
43,4,10,500,226,1,1,0.8689895979950853,1.892054430441101
43,4,10,500,123,0,0,0.001211996902160705,-6.714273215346902
43,4,10,500,214,0,0,0.005689013600125458,-5.1635131449403175
43,4,10,500,306,0,0,0.014286787665718517,-4.234030281882747
43,4,10,500,4,0,1,0.7026344404450251,0.859874535004879
43,4,10,500,49,1,0,0.49276512712988857,-0.028941511455485514
43,4,10,500,127,0,0,0.04139694870062289,-3.1422698945677334
43,4,10,500,78,1,1,0.7845815129625504,1.2925678835425658
43,4,10,500,275,0,0,0.059983741364632685,-2.7518236232900635
43,4,10,500,25,0,1,0.7107547887124473,0.8990526777377578
43,4,10,500,32,1,1,0.8740210525852158,1.9369896540097975
43,4,10,500,281,0,0,0.36289193131879127,-0.5628342136686798
43,4,10,500,299,1,1,0.6524296984471001,0.6297364403780836
43,4,10,500,265,0,0,0.43332355233148667,-0.268303818834675
43,4,10,500,218,1,1,0.9431127373059515,2.8081143654052254
43,4,10,500,220,1,0,0.32717622641560845,-0.7209844988914751
43,4,10,500,267,1,0,0.3469155520917021,-0.6326250592998963
43,4,10,500,160,0,0,0.4240649041617194,-0.3061084541404542
43,4,10,500,310,0,0,0.0033253711781572187,-5.702843066063313
43,4,10,500,173,1,1,0.9418743111864525,2.7852641236659186
43,4,10,500,151,1,1,0.8447445180378432,1.6939622053887284
43,4,10,500,144,1,1,0.8514643895404074,1.7461329478016245
43,4,10,500,270,1,1,0.6402450012105351,0.5764276766437848
43,4,10,500,312,0,0,0.0006652646202717374,-7.314660185232034
43,4,10,500,107,1,0,0.27085873917018166,-0.9902700593630342
43,4,10,500,102,1,0,0.2541814313710369,-1.0764340562668766
43,4,10,500,63,1,0,0.43583796275475184,-0.2580709811015353
43,4,10,500,256,0,0,0.2133759410197021,-1.304694854298162
43,4,10,500,92,0,0,0.07633547357637968,-2.4932111864643502
43,4,10,500,57,0,0,0.0001565528439780067,-8.761960378677806
43,5,1,50,153,0,0,0.19514087960127968,-1.4169454991781447
43,5,1,50,294,0,0,0.407458153580722,-0.37448326057488457
43,5,1,50,179,0,0,0.29585447103859486,-0.8671173705426949
43,5,1,50,113,0,0,0.25351577195436037,-1.0799484510085042
43,5,1,50,244,1,0,0.464031210260417,-0.14412411782124157
43,5,1,50,234,1,0,0.17704026465508346,-1.5365300846031706
43,5,1,50,298,1,1,0.5694764927475776,0.2797155781214427
43,5,1,50,54,0,0,0.17204237068879538,-1.5712211930560835
43,5,1,50,125,1,1,0.5651502046536543,0.26209087135418646
43,5,1,50,172,0,1,0.566035817060432,0.2656953543207362
43,5,1,50,243,0,0,0.4791020051037782,-0.08364070641018762
43,5,1,50,176,1,1,0.6433749116541932,0.5900425633956177
43,5,1,50,44,1,1,0.5135803843418133,0.05433490108208425
43,5,1,50,219,1,0,0.01738993683584539,-4.034320664897702
43,5,1,50,183,0,0,0.17615395433832726,-1.5426253214296162
43,5,1,50,1,1,0,0.3109370327889281,-0.7957422313503683
43,5,1,50,8,0,0,0.21024032176079685,-1.3234774286806457
43,5,1,50,141,1,0,0.22176586807977433,-1.255405242626163
43,5,1,50,36,1,1,0.7692874016094962,1.20429186080001
43,5,1,50,82,0,1,0.7154312616042501,0.9219106883311781
43,5,1,50,112,1,1,0.8223531571613373,1.5323723838709842
43,5,1,50,192,0,0,0.30172334023453234,-0.8391048793601646
43,5,1,50,266,1,0,0.2318123770901503,-1.1981056789376694
43,5,1,50,10,1,1,0.574207338494198,0.2990380302780022
43,5,1,50,280,1,0,0.44030228810589317,-0.23993532834985776
43,5,1,50,241,1,1,0.5423429006642222,0.16977824714977346
43,5,1,50,174,0,0,0.2537713968183772,-1.0785981426042979
43,5,1,50,59,0,1,0.8015253382429182,1.395855141677653
43,5,1,50,0,0,0,0.3013561644578516,-0.8408482422426061
43,5,1,50,251,1,1,0.6691202087269934,0.7042085871267949
43,5,1,50,224,1,0,0.4917900837715761,-0.03284261670172575
43,5,1,50,272,0,1,0.6175562380215717,0.4791885231247071
43,5,1,50,100,1,0,0.3148699737811694,-0.7774488675856288
43,5,1,50,27,0,0,0.12206720163532057,-1.972998325101047
43,5,1,50,108,1,1,0.681818951894254,0.7621436017331774
43,5,1,50,189,0,1,0.7783395535257719,1.256016182509382
43,5,1,50,216,1,1,0.6856977371390358,0.7800817707480443
43,5,1,50,31,0,0,0.33587668694270995,-0.6817237552153211
43,5,1,50,190,0,1,0.8150485709127477,1.4831544625441238
43,5,1,50,71,1,0,0.43261543400992125,-0.27118813051283974
43,5,1,50,248,1,1,0.5951441958469577,0.3852727575645944
43,5,1,50,72,0,1,0.7447013410451477,1.0705491820878763
43,5,1,50,21,0,0,0.4442948204894535,-0.22374954875160732
43,5,1,50,255,1,1,0.6060523900667242,0.430748503843674
43,5,1,50,161,1,1,0.8499457077523023,1.7341752972850457
43,5,1,50,142,1,1,0.5215635496714314,0.08630773451337886
43,5,1,50,96,1,1,0.5490638547480454,0.19688900109099777
43,5,1,50,99,0,0,0.13194014575561958,-1.883912290280207
43,5,1,50,239,0,1,0.8964964845929866,2.1588887943666033
43,5,1,50,94,0,0,0.16142779945131364,-1.6476427038729384
43,5,1,50,122,1,1,0.7143949742213951,0.9168261669984689
43,5,1,50,124,1,0,0.33192190791147547,-0.6995053469135164
43,5,1,50,52,0,1,0.5478952244666903,0.19217011519201416
43,5,1,50,238,0,0,0.3249219437372344,-0.7312433427273137
43,5,1,50,204,1,0,0.2726839168199649,-0.9810478499048708
43,5,1,50,211,1,1,0.727432684921285,0.9816358540379739
43,5,1,50,185,0,0,0.47897868257551285,-0.08413486487523125
43,5,1,50,18,0,0,0.2825055580198308,-0.9320669764352331
43,5,1,50,311,0,0,0.3112657747774907,-0.7942083282059839
43,5,1,50,136,0,0,0.134801912707732,-1.8591520957607566
43,5,1,50,240,0,0,0.4534676058773839,-0.18666974583110563
43,5,1,50,58,1,0,0.3205032872896817,-0.7514598627105519
43,5,2,100,153,0,0,0.35939988225247005,-0.577969774256341
43,5,2,100,294,0,1,0.5068138875851187,0.027257237794767214
43,5,2,100,179,0,0,0.10041114899042268,-2.192664579919254
43,5,2,100,113,0,1,0.5226066217200236,0.09048818030233685
43,5,2,100,244,1,0,0.2506068994334266,-1.0953781059666423
43,5,2,100,234,1,1,0.6521315112586668,0.6284217435371869
43,5,2,100,298,1,0,0.415288376198799,-0.34214561360605644
43,5,2,100,54,0,0,0.3433543958285141,-0.6483813199364982
43,5,2,100,125,1,0,0.26078868732732624,-1.0418733718513784
43,5,2,100,172,0,1,0.6913003493499064,0.8062055884766585
43,5,2,100,243,0,0,0.47015505121935697,-0.11952187776302708
43,5,2,100,176,1,1,0.7783669379077053,1.2561749146331587
43,5,2,100,44,1,0,0.4635502011802121,-0.14605829800947356
43,5,2,100,219,1,0,0.41806660404355633,-0.33071524159667026
43,5,2,100,183,0,0,0.4842912955813108,-0.06285550370427562
43,5,2,100,1,1,1,0.6474611595121977,0.6078980045018393
43,5,2,100,8,0,1,0.8283534396593881,1.5740024418920764
43,5,2,100,141,1,1,0.6505992506168452,0.6216743197355227
43,5,2,100,36,1,1,0.56078089070587,0.24433186150834563
43,5,2,100,82,0,1,0.7094526862924361,0.8927273754541294
43,5,2,100,112,1,1,0.968594543836088,3.428864455910804
43,5,2,100,192,0,0,0.4536880163879734,-0.1857804378694254
43,5,2,100,266,1,1,0.7107384966182996,0.8989734305816688
43,5,2,100,10,1,1,0.7529498604690376,1.1144073291404717
43,5,2,100,280,1,1,0.7884805088295386,1.315790535720022
43,5,2,100,241,1,0,0.3715821889963452,-0.5254351741868192
43,5,2,100,174,0,0,0.30645732801673736,-0.8167342469530655
43,5,2,100,59,0,0,0.4241495998425055,-0.30576168219412564
43,5,2,100,0,0,1,0.7293991842502454,0.9915764296608885
43,5,2,100,251,1,1,0.5984234461177166,0.398900422333135
43,5,2,100,224,1,0,0.349184680513379,-0.6226249617706153
43,5,2,100,272,0,1,0.8266304908203731,1.5619325804923183
43,5,2,100,100,1,1,0.5014700167033965,0.00588008375570738
43,5,2,100,27,0,0,0.22700277827915377,-1.2253131979076857
43,5,2,100,108,1,0,0.4084221101229817,-0.3704921334790957
43,5,2,100,189,0,1,0.6179770053709971,0.480970446469117
43,5,2,100,216,1,1,0.718528393620981,0.9371736455981191
43,5,2,100,31,0,0,0.459814561546714,-0.1610892040183798
43,5,2,100,190,0,1,0.9886384090240846,4.466090197870693
43,5,2,100,71,1,0,0.10789610293225997,-2.112413848121241
43,5,2,100,248,1,1,0.5828939300935011,0.33466467796983923
43,5,2,100,72,0,0,0.295092205204042,-0.8707791392185545
43,5,2,100,21,0,1,0.7291606252157823,0.9903681119284192
43,5,2,100,255,1,1,0.5682377879296,0.27466497015978275
43,5,2,100,161,1,1,0.7267365891817217,0.9781278813456816
43,5,2,100,142,1,0,0.4587488989060378,-0.1653803145072939
43,5,2,100,96,1,1,0.5852052263233095,0.3441787232850671
43,5,2,100,99,0,1,0.582206801538386,0.3318391441429295
43,5,2,100,239,0,1,0.8428186940819167,1.679351908779548
43,5,2,100,94,0,0,0.24357476156737612,-1.133179778320538
43,5,2,100,122,1,1,0.644762299732646,0.5960945777006884
43,5,2,100,124,1,1,0.6782594484795782,0.7457844019747638
43,5,2,100,52,0,0,0.37052267248526205,-0.5299751990232414
43,5,2,100,238,0,1,0.6874944858064215,0.7884316944231269
43,5,2,100,204,1,0,0.2331434550477731,-1.190645798905038
43,5,2,100,211,1,1,0.6159011592265664,0.4721865775440145
43,5,2,100,185,0,1,0.5723388445309302,0.2914000123340793
43,5,2,100,18,0,0,0.25507849329050947,-1.0717075380892287
43,5,2,100,311,0,0,0.3464753538927088,-0.6345685590023903
43,5,2,100,136,0,0,0.17964607339117175,-1.5187472086263067
43,5,2,100,240,0,0,0.3404570187426027,-0.6612582547330198
43,5,2,100,58,1,1,0.5060267058554981,0.02410799097491255
43,5,3,150,153,0,1,0.6187642400065807,0.4843063513829997
43,5,3,150,294,0,0,0.49052567833671484,-0.03790182331780073
43,5,3,150,179,0,0,0.03429871352960377,-3.337746712092628
43,5,3,150,113,0,0,0.28683776727550175,-0.9107921447932527
43,5,3,150,244,1,0,0.3878471086144096,-0.4563708618350262
43,5,3,150,234,1,1,0.6404351422942226,0.5772532834009748
43,5,3,150,298,1,1,0.667909442307582,0.6987449030821092
43,5,3,150,54,0,0,0.29446272125980005,-0.8738071981465082
43,5,3,150,125,1,0,0.3192090221208928,-0.7574091949713974
43,5,3,150,172,0,0,0.41239088192044804,-0.35409031957030734
43,5,3,150,243,0,0,0.3511374957880963,-0.6140429636887664
43,5,3,150,176,1,1,0.6698656079969804,0.7075772871346364
43,5,3,150,44,1,0,0.32383074297118397,-0.7362224438654655
43,5,3,150,219,1,1,0.5505799031447892,0.2030140140683795
43,5,3,150,183,0,0,0.36371600571695656,-0.5592716365211571
43,5,3,150,1,1,1,0.5751646292212007,0.3029545805003998
43,5,3,150,8,0,1,0.8251700163847095,1.551775466077732
43,5,3,150,141,1,1,0.7711460908255124,1.2147939891041184
43,5,3,150,36,1,1,0.797297326101804,1.3694874210334391
43,5,3,150,82,0,1,0.7897256342407878,1.3232724051100502
43,5,3,150,112,1,1,0.996283896824092,5.5913566680608024
43,5,3,150,192,0,0,0.47556719159962774,-0.09780913436781381
43,5,3,150,266,1,1,0.7507265271360262,1.1024908621028864
43,5,3,150,10,1,1,0.6224965111224385,0.5001582129944309
43,5,3,150,280,1,1,0.858448505494731,1.8024631269410785
43,5,3,150,241,1,0,0.3758290439849287,-0.5072899290767415
43,5,3,150,174,0,0,0.1458412372698473,-1.7675984672639635
43,5,3,150,59,0,0,0.33045663473955805,-0.706120496033308
43,5,3,150,0,0,1,0.7204992683187237,0.9469394895064629
43,5,3,150,251,1,1,0.7765031785623466,1.2454035438313036
43,5,3,150,224,1,0,0.3430618827361327,-0.649678977158106
43,5,3,150,272,0,1,0.6774864751628475,0.7422445168593118
43,5,3,150,100,1,0,0.41846293680552515,-0.32908638313566646
43,5,3,150,27,0,0,0.18153527057124197,-1.50598034112281
43,5,3,150,108,1,0,0.491539915598319,-0.03384356756881516
43,5,3,150,189,0,0,0.4199015073046352,-0.32317772675659023
43,5,3,150,216,1,1,0.800926716480831,1.392096437022348
43,5,3,150,31,0,1,0.734509185247804,1.0176222569320212
43,5,3,150,190,0,1,0.9880400879028134,4.414162872963233
43,5,3,150,71,1,0,0.3181035347288215,-0.7625009251678135
43,5,3,150,248,1,1,0.7470646993791491,1.0830180664182052
43,5,3,150,72,0,0,0.4947610207269321,-0.020956684042847618
43,5,3,150,21,0,0,0.17073610232961187,-1.5804193337937695
43,5,3,150,255,1,1,0.7823389600686877,1.279349109369849
43,5,3,150,161,1,1,0.7193674350682752,0.9413260478691643
43,5,3,150,142,1,1,0.5609741767437582,0.2451166394511306
43,5,3,150,96,1,1,0.6732080914302263,0.7227308784991643
43,5,3,150,99,0,1,0.7387245108711434,1.0393497005109245
43,5,3,150,239,0,0,0.3954308364187878,-0.42454018243288205
43,5,3,150,94,0,0,0.2688100143614822,-1.000668460492279
43,5,3,150,122,1,1,0.8899682781322877,2.0904171147086985
43,5,3,150,124,1,1,0.6120343273360374,0.45587150816388994
43,5,3,150,52,0,1,0.5264459327101882,0.10588254182290979
43,5,3,150,238,0,1,0.5636695405375387,0.2560682679378907
43,5,3,150,204,1,1,0.5872859835144247,0.35275699719737885
43,5,3,150,211,1,1,0.7287519195797402,0.9882995436949579
43,5,3,150,185,0,1,0.8831054498117596,2.0221723677261236
43,5,3,150,18,0,0,0.40459008429603927,-0.38637568528699495
43,5,3,150,311,0,0,0.39787173094191447,-0.4143408248631406
43,5,3,150,136,0,0,0.18580811635503683,-1.477481558801991
43,5,3,150,240,0,0,0.22239719409467545,-1.2517509157409972
43,5,3,150,58,1,0,0.47669008391456447,-0.09330730186689523
43,5,4,200,153,0,1,0.5374366696066886,0.15002745091399378
43,5,4,200,294,0,1,0.5486540355595494,0.19523392022766334
43,5,4,200,179,0,0,0.017510759765594085,-4.02727385652936
43,5,4,200,113,0,0,0.20868648803781978,-1.3328611696025359
43,5,4,200,244,1,0,0.20278508918186544,-1.3689775478806454
43,5,4,200,234,1,1,0.6109688524870299,0.45138656880548933
43,5,4,200,298,1,1,0.8416992543000549,1.670926092720636
43,5,4,200,54,0,0,0.3334187025270268,-0.6927630437786861
43,5,4,200,125,1,1,0.565133396057661,0.262022476040698
43,5,4,200,172,0,1,0.5144937870728115,0.05799139492506039
43,5,4,200,243,0,0,0.2864899540922213,-0.9124930452869046
43,5,4,200,176,1,1,0.5255271215339413,0.10219734161286315
43,5,4,200,44,1,0,0.43799502926416967,-0.249303132980146
43,5,4,200,219,1,1,0.5776900049346915,0.3132977713340208
43,5,4,200,183,0,0,0.3659338896611107,-0.5497005362387488
43,5,4,200,1,1,1,0.7027772287351703,0.8605580257744613
43,5,4,200,8,0,1,0.8884082788388973,2.074584546744698
43,5,4,200,141,1,1,0.7461468395787798,1.0781664254591368
43,5,4,200,36,1,1,0.7877552969035744,1.3114476357918694
43,5,4,200,82,0,1,0.5062752344592633,0.025102255880255164
43,5,4,200,112,1,1,0.997208120436722,5.878244447246074
43,5,4,200,192,0,0,0.45971159922415916,-0.16150373784726255
43,5,4,200,266,1,1,0.7862266870453636,1.3023289884343525
43,5,4,200,10,1,1,0.5273623142318359,0.10955871266880135
43,5,4,200,280,1,1,0.949510697444973,2.934185313338431
43,5,4,200,241,1,0,0.33727792079965124,-0.6754484342941718
43,5,4,200,174,0,0,0.2007626922433635,-1.3815343326673213
43,5,4,200,59,0,0,0.2597591299130156,-1.0472208551434325
43,5,4,200,0,0,1,0.7780164860485106,1.2541445966126141
43,5,4,200,251,1,1,0.8226424486283183,1.5343538982311513
43,5,4,200,224,1,0,0.4535627414879938,-0.18628588554625192
43,5,4,200,272,0,1,0.701464376462786,0.8542808487588833
43,5,4,200,100,1,0,0.2924946159427163,-0.8832989799943451
43,5,4,200,27,0,0,0.08233999132171121,-2.410970050157081
43,5,4,200,108,1,1,0.6250357272795081,0.5109780630635156
43,5,4,200,189,0,0,0.30360558591624554,-0.8301867424441467
43,5,4,200,216,1,1,0.8324304742303406,1.6029513595636253
43,5,4,200,31,0,1,0.8633640384607951,1.8435162570543009
43,5,4,200,190,0,1,0.965748628823687,3.339176983488973
43,5,4,200,71,1,0,0.465231059145873,-0.1393005837905921
43,5,4,200,248,1,1,0.7421927578397273,1.0573968086091428
43,5,4,200,72,0,1,0.5825829737398525,0.3333858344412863
43,5,4,200,21,0,0,0.020839405328044545,-3.84984998722358
43,5,4,200,255,1,1,0.9403502619420119,2.7577626677279703
43,5,4,200,161,1,1,0.7845017134540796,1.2920957978567424
43,5,4,200,142,1,0,0.3938163361450897,-0.43129836711999325
43,5,4,200,96,1,1,0.5615975329733318,0.2476480968883738
43,5,4,200,99,0,1,0.7185151036224666,0.9371079342813593
43,5,4,200,239,0,0,0.42646131326659636,-0.2963037361916641
43,5,4,200,94,0,1,0.5234880392807428,0.09402135847443538
43,5,4,200,122,1,1,0.8860803341695178,2.0513141028256747
43,5,4,200,124,1,1,0.805629471274609,1.4218576444205089
43,5,4,200,52,0,1,0.546968845799951,0.1884309499513055
43,5,4,200,238,0,0,0.46081989624418623,-0.15704237329182502
43,5,4,200,204,1,1,0.6248259944798576,0.5100832690719892
43,5,4,200,211,1,1,0.8711791373955821,1.911424847061437
43,5,4,200,185,0,1,0.8373800350051669,1.6388620361320465
43,5,4,200,18,0,1,0.6570763707067507,0.6502924860389845
43,5,4,200,311,0,0,0.3815811807874536,-0.4828423071499429
43,5,4,200,136,0,0,0.19576758480775833,-1.4129601372014318
43,5,4,200,240,0,0,0.4454734479243077,-0.21897704584535518
43,5,4,200,58,1,0,0.47347648451046864,-0.10619374610620402
43,5,5,250,153,0,1,0.5060021537916269,0.024009768507259055
43,5,5,250,294,0,1,0.5119179524153596,0.04768084099225656
43,5,5,250,179,0,0,0.026815064197884517,-3.591610305218024
43,5,5,250,113,0,0,0.17941247864282833,-1.520333068304224
43,5,5,250,244,1,0,0.1515558956358229,-1.722449701685312
43,5,5,250,234,1,1,0.7678362237700114,1.1961334054678163
43,5,5,250,298,1,1,0.985669799047412,4.230952144159453
43,5,5,250,54,0,0,0.177926710362888,-1.530457825254371
43,5,5,250,125,1,1,0.816825126107224,1.494983736423292
43,5,5,250,172,0,1,0.6737838612342564,0.7253492147952736
43,5,5,250,243,0,0,0.07541012276454769,-2.506408743056222
43,5,5,250,176,1,1,0.5901205168548933,0.3644636089561264
43,5,5,250,44,1,1,0.6566533026321242,0.6484154653647031
43,5,5,250,219,1,1,0.7716223513882222,1.2174946359223793
43,5,5,250,183,0,0,0.15865024156549898,-1.6683054168462588
43,5,5,250,1,1,1,0.664133999571805,0.6817716635316426
43,5,5,250,8,0,1,0.9858068074797198,4.240697950107771
43,5,5,250,141,1,1,0.868574159289778,1.888410226252019
43,5,5,250,36,1,1,0.9227151256318892,2.4798222852083973
43,5,5,250,82,0,1,0.5979173682977857,0.3967949453045926
43,5,5,250,112,1,1,0.9791324695760109,3.848472561783984
43,5,5,250,192,0,0,0.4611568477623501,-0.1556863119690683
43,5,5,250,266,1,1,0.8659842639258233,1.8659095109654642
43,5,5,250,10,1,1,0.5114806656461683,0.04593073562918737
43,5,5,250,280,1,1,0.9718159816314061,3.5404113744509367
43,5,5,250,241,1,1,0.576863125460674,0.3099093136184442
43,5,5,250,174,0,0,0.15804397618872223,-1.672854460017104
43,5,5,250,59,0,0,0.17343433340950692,-1.5614803195601192
43,5,5,250,0,0,1,0.8953826368536414,2.1469416206037577
43,5,5,250,251,1,1,0.8066954469667573,1.428679267734231
43,5,5,250,224,1,1,0.6096422735670662,0.4458087823973378
43,5,5,250,272,0,1,0.6999391501158411,0.8470081158233942
43,5,5,250,100,1,1,0.5201485248623945,0.08063776630493558
43,5,5,250,27,0,0,0.027223533968463835,-3.5760725002844618
43,5,5,250,108,1,1,0.6232383812811706,0.5033164037173532
43,5,5,250,189,0,0,0.22565730564830092,-1.2329970313956498
43,5,5,250,216,1,1,0.9565798846376469,3.0924414817075956
43,5,5,250,31,0,1,0.8805676350467945,1.9978165118622124
43,5,5,250,190,0,1,0.9494616632652586,2.933162962189202
43,5,5,250,71,1,1,0.6948273040672797,0.8227854987908834
43,5,5,250,248,1,1,0.780792367506771,1.2702898855931966
43,5,5,250,72,0,0,0.35644343502802883,-0.5908343654851005
43,5,5,250,21,0,0,0.035488410874794055,-3.3024156590030755
43,5,5,250,255,1,1,0.9184262499875905,2.4211540882683864
43,5,5,250,161,1,1,0.5979713904800139,0.3970196567526346
43,5,5,250,142,1,0,0.3660247337751368,-0.5493090316739786
43,5,5,250,96,1,0,0.37295341998347503,-0.5195672957261583
43,5,5,250,99,0,1,0.7718711989747098,1.218907309172368
43,5,5,250,239,0,1,0.6014428630576271,0.4114806721590538
43,5,5,250,94,0,1,0.5531581850008385,0.21343935889516408
43,5,5,250,122,1,1,0.7426765637764526,1.059926838393849
43,5,5,250,124,1,1,0.9599065567482563,3.1756231319920523
43,5,5,250,52,0,1,0.7326149492889091,1.0079304989229039
43,5,5,250,238,0,0,0.4571810632456181,-0.1716963024293907
43,5,5,250,204,1,0,0.48559080350239475,-0.05765274972516532
43,5,5,250,211,1,1,0.8609598466695162,1.8232851033525015
43,5,5,250,185,0,1,0.6002888355051171,0.40666873437894524
43,5,5,250,18,0,1,0.533663923536838,0.1348597158424758
43,5,5,250,311,0,0,0.20455548308968058,-1.3580618495243963
43,5,5,250,136,0,0,0.10891801887492424,-2.1018409546483685
43,5,5,250,240,0,0,0.47257610960753244,-0.10980575882766047
43,5,5,250,58,1,0,0.31411004962798644,-0.7809737916306839
43,5,6,300,153,0,1,0.7039304990029589,0.8660854008490673
43,5,6,300,294,0,0,0.4625574376999204,-0.1500511545916936
43,5,6,300,179,0,0,0.014366562776077214,-4.228381040906671
43,5,6,300,113,0,0,0.30575561338399254,-0.8200379068269356
43,5,6,300,244,1,0,0.24642688414160857,-1.117760714915119
43,5,6,300,234,1,1,0.9250463649678593,2.512974137745114
43,5,6,300,298,1,1,0.9969406849364155,5.786500219168339
43,5,6,300,54,0,0,0.12249566630096598,-1.969006241792159
43,5,6,300,125,1,1,0.9799635786692648,3.8899637223913968
43,5,6,300,172,0,1,0.5703007364874659,0.28307825274309895
43,5,6,300,243,0,0,0.17560184152632788,-1.5464344470381102
43,5,6,300,176,1,1,0.528886478929113,0.11567472687487323
43,5,6,300,44,1,1,0.693112003202858,0.8147087571736096
43,5,6,300,219,1,1,0.7299100384106657,0.9941661969203257
43,5,6,300,183,0,0,0.24013701185140235,-1.1519284951117412
43,5,6,300,1,1,1,0.6706100148716674,0.7109453542098374
43,5,6,300,8,0,1,0.979467544710123,3.865002283187113
43,5,6,300,141,1,1,0.9513364978221278,2.9729385285516425
43,5,6,300,36,1,1,0.9571850104756718,3.107108432344269
43,5,6,300,82,0,0,0.23217603138319293,-1.196064659426844
43,5,6,300,112,1,1,0.9989023043497882,6.813443861357946
43,5,6,300,192,0,1,0.7257745452061073,0.9732888270369808
43,5,6,300,266,1,1,0.9411781606964711,2.772619250230946
43,5,6,300,10,1,1,0.8668774701946688,1.873627659766044
43,5,6,300,280,1,1,0.9670926015271613,3.3805967424464147
43,5,6,300,241,1,0,0.44061340532295706,-0.23867295766892152
43,5,6,300,174,0,0,0.013147365958729321,-4.318299290098404
43,5,6,300,59,0,0,0.01105962088827533,-4.493333328019244
43,5,6,300,0,0,1,0.7939098627734757,1.3486562994071336
43,5,6,300,251,1,1,0.7810017513949351,1.2715136597929135
43,5,6,300,224,1,1,0.8536599021279271,1.7635995231466894
43,5,6,300,272,0,1,0.6111770441281617,0.4522625647325661
43,5,6,300,100,1,1,0.9051349896016102,2.2556291544289055
43,5,6,300,27,0,0,0.09349013641843465,-2.2717459732072265
43,5,6,300,108,1,1,0.5019515026925389,0.0078060504080118345
43,5,6,300,189,0,1,0.542975290923247,0.17232635671893118
43,5,6,300,216,1,1,0.9448619978171753,2.8411997095570034
43,5,6,300,31,0,1,0.7255001143504145,0.9719103855678428
43,5,6,300,190,0,1,0.9474003764941549,2.891012825852326
43,5,6,300,71,1,1,0.5781423152754095,0.31515204139613234
43,5,6,300,248,1,1,0.8765350286451817,1.9600191847078403
43,5,6,300,72,0,0,0.19405926834140566,-1.423846586560482
43,5,6,300,21,0,0,0.020715735781551108,-3.855928368037831
43,5,6,300,255,1,1,0.8810874401870603,2.0027684405427046
43,5,6,300,161,1,1,0.6155681600121862,0.4707791747303544
43,5,6,300,142,1,1,0.7623995177196379,1.1658801024720615
43,5,6,300,96,1,0,0.4081767734152985,-0.37150763780561336
43,5,6,300,99,0,1,0.6815930622525417,0.7611025537025178
43,5,6,300,239,0,0,0.4817728061155075,-0.07294109801568038
43,5,6,300,94,0,0,0.23646421550254423,-1.1721631047549073
43,5,6,300,122,1,0,0.38332792077900396,-0.47544659359831487
43,5,6,300,124,1,1,0.9396930124606171,2.746105262824297
43,5,6,300,52,0,1,0.7027744418596858,0.8605446839067566
43,5,6,300,238,0,0,0.31225121957888297,-0.7896155717399163
43,5,6,300,204,1,1,0.5196053218134065,0.07846151461433903
43,5,6,300,211,1,1,0.7871002610839722,1.307534291275441
43,5,6,300,185,0,0,0.11780253913382946,-2.0134060838810677
43,5,6,300,18,0,1,0.505144404857088,0.020578345587365376
43,5,6,300,311,0,1,0.7310363606899958,0.9998869989244348
43,5,6,300,136,0,0,0.11126600548512953,-2.077874191743237
43,5,6,300,240,0,0,0.44601083242973194,-0.21680189374970243
43,5,6,300,58,1,1,0.526329299697086,0.10541470674232092
43,5,7,350,153,0,0,0.34711353640369924,-0.6317513245636361
43,5,7,350,294,0,1,0.856120685908623,1.783436502825802
43,5,7,350,179,0,0,0.0045749786638426574,-5.382567767999067
43,5,7,350,113,0,0,0.2189501718388128,-1.2717947701885928
43,5,7,350,244,1,0,0.44631517712599844,-0.21557023546265341
43,5,7,350,234,1,1,0.9760404186502405,3.7071356978939853
43,5,7,350,298,1,1,0.9993661142625083,7.363007757818175
43,5,7,350,54,0,0,0.11174574669432763,-2.073031851431751
43,5,7,350,125,1,1,0.989138752595012,4.51163344738415
43,5,7,350,172,0,1,0.8354508388617959,1.624762128461363
43,5,7,350,243,0,0,0.1761511110720959,-1.5426449135673104
43,5,7,350,176,1,1,0.6590357085247304,0.6589999642407591
43,5,7,350,44,1,1,0.8529725403739146,1.758107985638054
43,5,7,350,219,1,1,0.7466058998228906,1.0805914837348958
43,5,7,350,183,0,0,0.21509401870775116,-1.2944887126984463
43,5,7,350,1,1,1,0.7379199555325578,1.0351853870441747
43,5,7,350,8,0,1,0.9227218076370617,2.4799159900141916
43,5,7,350,141,1,1,0.9736032755041113,3.6077639756606144
43,5,7,350,36,1,1,0.8138972054253701,1.4755348947100786
43,5,7,350,82,0,0,0.3057168714206709,-0.8202204267209369
43,5,7,350,112,1,1,0.9999943634148154,12.086226502961157
43,5,7,350,192,0,1,0.6370494612374983,0.5625807315839774
43,5,7,350,266,1,1,0.9740146732665691,3.623894346178509
43,5,7,350,10,1,0,0.4418089530657289,-0.23382372604656576
43,5,7,350,280,1,1,0.9778770536254052,3.788768582734268
43,5,7,350,241,1,1,0.5633420561728795,0.2547368521005444
43,5,7,350,174,0,0,0.0056564075731303474,-5.169293827042066
43,5,7,350,59,0,0,0.00010607830421682089,-9.151226933613277
43,5,7,350,0,0,0,0.21646511342190145,-1.2863861918587918
43,5,7,350,251,1,1,0.7748214983272854,1.2357392496419495
43,5,7,350,224,1,1,0.836949792265443,1.635705907055499
43,5,7,350,272,0,1,0.6349682976358206,0.5535908670604206
43,5,7,350,100,1,1,0.8481161106669275,1.7199012064049968
43,5,7,350,27,0,0,0.1407012382314917,-1.8094778987514573
43,5,7,350,108,1,1,0.8294876861410801,1.5820007484408536
43,5,7,350,189,0,0,0.2504864236173064,-1.096019709378435
43,5,7,350,216,1,1,0.6979031831924924,0.8373328356601984
43,5,7,350,31,0,0,0.3590355600088204,-0.579552543016816
43,5,7,350,190,0,1,0.8069259445714834,1.4301580755371743
43,5,7,350,71,1,1,0.7002287345589496,0.848387310008771
43,5,7,350,248,1,1,0.9612647408664363,3.2114995818349903
43,5,7,350,72,0,0,0.12108076152947406,-1.9822352409835065
43,5,7,350,21,0,0,0.01461233918631954,-4.211168806499578
43,5,7,350,255,1,1,0.9720651290934845,3.5495470457648657
43,5,7,350,161,1,1,0.842422804131625,1.6763665601974138
43,5,7,350,142,1,1,0.8149656681507741,1.4826046019608832
43,5,7,350,96,1,0,0.4052025235457047,-0.3838339716409274
43,5,7,350,99,0,1,0.5950862731946858,0.3850323678197297
43,5,7,350,239,0,0,0.27004932942355514,-0.9943723134271601
43,5,7,350,94,0,0,0.13832695829249336,-1.8292557508789775
43,5,7,350,122,1,1,0.5866555306064545,0.3501565056139123
43,5,7,350,124,1,1,0.8758035784044409,1.9532774827740176
43,5,7,350,52,0,1,0.659716612506097,0.6620316047446292
43,5,7,350,238,0,0,0.14387890910775286,-1.7834397906199757
43,5,7,350,204,1,1,0.7238853527146392,0.9638168590603124
43,5,7,350,211,1,1,0.9274899494702042,2.5487567780223177
43,5,7,350,185,0,0,0.11111327150768661,-2.079419667850579
43,5,7,350,18,0,0,0.365501810636934,-0.5515632004660772
43,5,7,350,311,0,1,0.9244096941622099,2.503827320018463
43,5,7,350,136,0,0,0.17797034014602212,-1.530159568937741
43,5,7,350,240,0,1,0.7176114921048565,0.9326445148864784
43,5,7,350,58,1,1,0.5015548810642494,0.006219544305999969
43,5,8,400,153,0,0,0.402658210132159,-0.39440137363267763
43,5,8,400,294,0,1,0.768994511777517,1.2026423638714485
43,5,8,400,179,0,0,0.006367232617328639,-5.050202753872277
43,5,8,400,113,0,0,0.25479188034516037,-1.0732164781955287
43,5,8,400,244,1,0,0.3111359684541702,-0.7948138955679808
43,5,8,400,234,1,1,0.9830807375944943,4.062238490471998
43,5,8,400,298,1,1,0.9967381591192724,5.722196383359348
43,5,8,400,54,0,0,0.1832554577717293,-1.4944452446298826
43,5,8,400,125,1,1,0.9974591689432267,5.972719999313803
43,5,8,400,172,0,1,0.8939416523995346,2.131651115539729
43,5,8,400,243,0,0,0.3186101742720265,-0.7601662424130532
43,5,8,400,176,1,1,0.8459322742244709,1.7030470187906253
43,5,8,400,44,1,1,0.8233260764848077,1.5390465333934769
43,5,8,400,219,1,1,0.674781868723003,0.7298933508447529
43,5,8,400,183,0,1,0.5100322253620698,0.040134287809657776
43,5,8,400,1,1,1,0.892126857313675,2.1126524072084094
43,5,8,400,8,0,1,0.9542652482356346,3.038083229387221
43,5,8,400,141,1,1,0.997805232225136,6.119481855572875
43,5,8,400,36,1,1,0.7769434255516856,1.2479420999668775
43,5,8,400,82,0,0,0.254681494822277,-1.073797926200533
43,5,8,400,112,1,1,0.9999661432827187,10.293339278421985
43,5,8,400,192,0,1,0.7307119366784859,0.9982376406148794
43,5,8,400,266,1,1,0.9956288540087073,5.428349336302052
43,5,8,400,10,1,1,0.5854320861734166,0.3451133771051078
43,5,8,400,280,1,1,0.9781940245621864,3.8035240045934136
43,5,8,400,241,1,1,0.7528219483053156,1.1137198094070027
43,5,8,400,174,0,0,0.0051904600265405285,-5.255728971375769
43,5,8,400,59,0,0,0.0009361787726317232,-6.972767486061089
43,5,8,400,0,0,0,0.05506031717271115,-2.8426918375704155
43,5,8,400,251,1,1,0.8809446604270517,2.0014063860222198
43,5,8,400,224,1,1,0.8043865922747659,1.4139396878729178
43,5,8,400,272,0,0,0.08700774134278753,-2.350730305894135
43,5,8,400,100,1,1,0.8681917926373199,1.8850647580418902
43,5,8,400,27,0,0,0.16372721318776554,-1.6307531511480606
43,5,8,400,108,1,1,0.8906717403898519,2.0976210298831934
43,5,8,400,189,0,0,0.13725323999575606,-1.8382935199053063
43,5,8,400,216,1,1,0.6580733371367604,0.654720101734346
43,5,8,400,31,0,0,0.4013732506184215,-0.39974648706300053
43,5,8,400,190,0,0,0.32764477170710926,-0.7188568059737067
43,5,8,400,71,1,1,0.6041837452469639,0.42292826523335353
43,5,8,400,248,1,1,0.9970798844492742,5.833207703912141
43,5,8,400,72,0,0,0.27792344061725216,-0.9547854888976742
43,5,8,400,21,0,0,0.010148580889241,-4.580220968313901
43,5,8,400,255,1,1,0.9871192558350331,4.339057362924784
43,5,8,400,161,1,1,0.8973968960187895,2.168630049168403
43,5,8,400,142,1,1,0.7770997071927521,1.2488441114032978
43,5,8,400,96,1,1,0.5803914226999063,0.3243804247197999
43,5,8,400,99,0,1,0.5628984742142285,0.2529337893207827
43,5,8,400,239,0,0,0.32046087415970675,-0.7516546208685857
43,5,8,400,94,0,0,0.09369338615048234,-2.2693500732929364
43,5,8,400,122,1,1,0.7158265774772773,0.9238532329152749
43,5,8,400,124,1,1,0.921139494436231,2.4579309452120675
43,5,8,400,52,0,0,0.3680925951399253,-0.5404083483689955
43,5,8,400,238,0,0,0.031700337221109084,-3.419214289639913
43,5,8,400,204,1,1,0.9344949752812054,2.657879397012081
43,5,8,400,211,1,1,0.8028276869274967,1.4040620722083852
43,5,8,400,185,0,0,0.053895034061738116,-2.8653151793127605
43,5,8,400,18,0,0,0.22351004492421603,-1.2453273495740567
43,5,8,400,311,0,0,0.48738334189619387,-0.050477347551264984
43,5,8,400,136,0,0,0.3205939136330804,-0.7510437584362649
43,5,8,400,240,0,1,0.7594741278826929,1.149798596653799
43,5,8,400,58,1,1,0.6126355288802554,0.45840415391627876
43,5,9,450,153,0,0,0.34741878234012785,-0.6304046851567214
43,5,9,450,294,0,1,0.8774451489534886,1.9684557516576358
43,5,9,450,179,0,0,0.015337067086251124,-4.162026798717338
43,5,9,450,113,0,0,0.18426915772793562,-1.487686947916801
43,5,9,450,244,1,0,0.2987364392241128,-0.8533220841577251
43,5,9,450,234,1,1,0.9467329473450494,2.877699063861274
43,5,9,450,298,1,1,0.9987676378444745,6.69758937752247
43,5,9,450,54,0,0,0.24155126276627595,-1.1441934933558793
43,5,9,450,125,1,1,0.999677879247568,8.040261902520683
43,5,9,450,172,0,1,0.8622681939226385,1.8342579920969053
43,5,9,450,243,0,0,0.3960817823990793,-0.4218180763025418
43,5,9,450,176,1,1,0.8944392331626965,2.1369101907043673
43,5,9,450,44,1,1,0.7066029647075766,0.8789421696562816
43,5,9,450,219,1,1,0.8165690933348347,1.493273464029295
43,5,9,450,183,0,0,0.3100194546484991,-0.8000283496103618
43,5,9,450,1,1,1,0.9451295896768724,2.846347820886291
43,5,9,450,8,0,1,0.8807129551709383,1.999199025798235
43,5,9,450,141,1,1,0.9981484295488582,6.289867820761782
43,5,9,450,36,1,1,0.7659824796930574,1.1857633113541985
43,5,9,450,82,0,0,0.4739398677533695,-0.10433507369651451
43,5,9,450,112,1,1,0.9984026614469982,6.437817823444976
43,5,9,450,192,0,1,0.664254326224992,0.6823111475021671
43,5,9,450,266,1,1,0.9960132290031684,5.520778910342325
43,5,9,450,10,1,0,0.42489923722630296,-0.3026932131159954
43,5,9,450,280,1,1,0.98279585238396,4.0452509252174105
43,5,9,450,241,1,1,0.852401741464059,1.7535638296753315
43,5,9,450,174,0,0,0.006728875786825145,-4.99459557758439
43,5,9,450,59,0,0,0.0004941747010477141,-7.612127160603122
43,5,9,450,0,0,0,0.018026477474139407,-3.997722697322408
43,5,9,450,251,1,1,0.9492522136807074,2.928806533494225
43,5,9,450,224,1,1,0.8647772836054461,1.8555488280139572
43,5,9,450,272,0,0,0.08049675680449074,-2.435616675697627
43,5,9,450,100,1,1,0.8492034781056996,1.728367434618124
43,5,9,450,27,0,0,0.158336660931422,-1.6706565678969765
43,5,9,450,108,1,1,0.769617002204121,1.2061498595584548
43,5,9,450,189,0,0,0.0721783299749597,-2.553699686401544
43,5,9,450,216,1,1,0.5139991433113668,0.05601121211161986
43,5,9,450,31,0,1,0.6725723259918213,0.7198424656735138
43,5,9,450,190,0,0,0.09113533109459994,-2.299850647319057
43,5,9,450,71,1,0,0.4875621027363041,-0.04976185504654074
43,5,9,450,248,1,1,0.9977818449985602,6.108858890318012
43,5,9,450,72,0,0,0.1329755409573608,-1.8749019787710932
43,5,9,450,21,0,0,0.003974940744677914,-5.523762576167077
43,5,9,450,255,1,1,0.9826328798206048,4.03565680750822
43,5,9,450,161,1,1,0.8852693562994807,2.043304803737383
43,5,9,450,142,1,1,0.8624301155101706,1.8356220813012771
43,5,9,450,96,1,1,0.7921235416348928,1.337773413487188
43,5,9,450,99,0,1,0.5511398424063974,0.2052771882128008
43,5,9,450,239,0,0,0.4371490200023871,-0.25274076009749
43,5,9,450,94,0,0,0.09876886174703475,-2.2109793693753583
43,5,9,450,122,1,1,0.8633427994854511,1.8433362265166702
43,5,9,450,124,1,1,0.9510380269457069,2.9665101113154346
43,5,9,450,52,0,0,0.25620120949407993,-1.0658074450388992
43,5,9,450,238,0,0,0.0461539750503473,-3.028519168489919
43,5,9,450,204,1,1,0.9700829085497432,3.4789516030826837
43,5,9,450,211,1,1,0.8516941100535247,1.747950471820785
43,5,9,450,185,0,0,0.009755096958976698,-4.620162375906178
43,5,9,450,18,0,0,0.11069266848296619,-2.0836852716934766
43,5,9,450,311,0,0,0.08021289109866739,-2.4394580010502853
43,5,9,450,136,0,0,0.29791343875002624,-0.8572537327316063
43,5,9,450,240,0,1,0.6914406109296853,0.8068629290454191
43,5,9,450,58,1,1,0.6054657823408006,0.4282921766823656
43,5,10,500,153,0,0,0.2059175982735624,-1.3497111559900745
43,5,10,500,294,0,1,0.9507234630185549,2.9597751903257055
43,5,10,500,179,0,0,0.012304542251587294,-4.385405926131471
43,5,10,500,113,0,0,0.2732926734962621,-0.9779805344303784
43,5,10,500,244,1,0,0.3247599515555624,-0.7319819561529433
43,5,10,500,234,1,1,0.8737615517906433,1.9346349497567998
43,5,10,500,298,1,1,0.9999718905696172,10.479377327288018
43,5,10,500,54,0,0,0.07570169740017567,-2.5022342749365016
43,5,10,500,125,1,1,0.9993329949871061,7.312045768934132
43,5,10,500,172,0,1,0.8926980165369127,2.1186012216368324
43,5,10,500,243,0,1,0.6681736853378416,0.6999364643126528
43,5,10,500,176,1,1,0.9561448194101796,3.08201653103816
43,5,10,500,44,1,1,0.8664282122609032,1.8697401885990712
43,5,10,500,219,1,1,0.9203176083152445,2.4466702079459597
43,5,10,500,183,0,0,0.09594575000720412,-2.243106442000847
43,5,10,500,1,1,1,0.9259494906173161,2.5260722677968457
43,5,10,500,8,0,1,0.7799881224137342,1.2655971579695078
43,5,10,500,141,1,1,0.9978411401801277,6.136013864306928
43,5,10,500,36,1,1,0.8331538748451267,1.608146367408323
43,5,10,500,82,0,0,0.33829444075583437,-0.6709040396707313
43,5,10,500,112,1,1,0.9985675833562154,6.546958856865375
43,5,10,500,192,0,1,0.8331081978936741,1.6078178122946991
43,5,10,500,266,1,1,0.9921773788324567,4.8428822145475365
43,5,10,500,10,1,0,0.4796493470085066,-0.08144760711989951
43,5,10,500,280,1,1,0.9353716236617786,2.6722903322420657
43,5,10,500,241,1,1,0.8792830954803099,1.9856587389135982
43,5,10,500,174,0,0,0.003154114694401157,-5.755888326960456
43,5,10,500,59,0,0,0.0016041411073867756,-6.433561372101519
43,5,10,500,0,0,0,0.0035831243114441704,-5.6279305873909315
43,5,10,500,251,1,1,0.9160899495850829,2.3903691613868703
43,5,10,500,224,1,1,0.8823432768413785,2.014809924094761
43,5,10,500,272,0,0,0.05706079970175777,-2.804884445001804
43,5,10,500,100,1,1,0.9359520595297361,2.681932383919997
43,5,10,500,27,0,0,0.3576941234322656,-0.5853864161096067
43,5,10,500,108,1,1,0.8472229015935421,1.712983840059502
43,5,10,500,189,0,0,0.026825813868083397,-3.591198457860281
43,5,10,500,216,1,0,0.2365450244660245,-1.1717155836747914
43,5,10,500,31,0,0,0.4408583571130418,-0.23767918908934504
43,5,10,500,190,0,0,0.1206843127114526,-1.985965826475352
43,5,10,500,71,1,1,0.7452838709749205,1.0736154751100195
43,5,10,500,248,1,1,0.999168625463032,7.0915984379865264
43,5,10,500,72,0,0,0.07167136430258535,-2.5612945176709156
43,5,10,500,21,0,0,0.001144540766477079,-6.771606603488085
43,5,10,500,255,1,1,0.9853133280829943,4.2060192799695955
43,5,10,500,161,1,1,0.9666402061610109,3.366474956409888
43,5,10,500,142,1,1,0.6921079580474072,0.8099927438000473
43,5,10,500,96,1,1,0.892473692935841,2.116261503011913
43,5,10,500,99,0,1,0.6712282790133984,0.7137456335363266
43,5,10,500,239,0,0,0.14563830840436406,-1.769228422256351
43,5,10,500,94,0,0,0.2095101134406613,-1.3278808504645603
43,5,10,500,122,1,1,0.8213872864071738,1.5257748728078004
43,5,10,500,124,1,1,0.9524300124423237,2.996814577664439
43,5,10,500,52,0,0,0.4557111361233968,-0.1776209703268936
43,5,10,500,238,0,0,0.019878057127036275,-3.898060529002503
43,5,10,500,204,1,1,0.9617126783612856,3.223596921237456
43,5,10,500,211,1,1,0.7610329017688763,1.1583507136902047
43,5,10,500,185,0,0,0.015991623229785278,-4.119569372991698
43,5,10,500,18,0,0,0.07579966107810851,-2.5008350437820357
43,5,10,500,311,0,0,0.015393263419661634,-4.1583123358140455
43,5,10,500,136,0,0,0.04361582325711554,-3.087739687588461
43,5,10,500,240,0,0,0.35990534606406643,-0.5757749929141451
43,5,10,500,58,1,1,0.6634225388438165,0.678583781483331
44,1,1,50,115,0,1,0.5782281320964199,0.3155039125345553
44,1,1,50,51,0,0,0.2712360050477158,-0.988360632301966
44,1,1,50,82,0,1,0.7654433699228747,1.1827581828703633
44,1,1,50,122,1,1,0.821662861854374,1.527654373798429
44,1,1,50,110,1,1,0.5082482202557281,0.03299587432394897
44,1,1,50,3,1,0,0.4635675440402709,-0.14598855611261524
44,1,1,50,80,0,1,0.5433291218574458,0.1737523015985331
44,1,1,50,170,1,0,0.3042762334665005,-0.8270167428484319
44,1,1,50,193,1,1,0.599466499212376,0.4032426812724757
44,1,1,50,227,0,1,0.7219673670109159,0.9542414481711456
44,1,1,50,293,1,0,0.4393500698496885,-0.2438001793939106
44,1,1,50,262,1,0,0.1954702914887512,-1.414849487486428
44,1,1,50,145,1,0,0.1296276896501617,-1.904254647232722
44,1,1,50,296,0,0,0.2317588389303815,-1.1984063520101045
44,1,1,50,39,1,1,0.659619179613449,0.6615976171344036
44,1,1,50,58,1,1,0.8503907712971671,1.7376692219505792
44,1,1,50,172,0,0,0.34953051838972277,-0.6211035035679251
44,1,1,50,216,1,1,0.5540678008643994,0.21712014290217624
44,1,1,50,234,1,1,0.7782946040919296,1.255755665891656
44,1,1,50,260,0,0,0.3424063553782675,-0.6525889738269703
44,1,1,50,167,0,0,0.14535027899141273,-1.771545155514241
44,1,1,50,283,0,1,0.7235095245611439,0.961937337054293
44,1,1,50,285,0,1,0.6461727909994817,0.6022582625428223
44,1,1,50,93,0,1,0.5011473595809502,0.004589446379416717
44,1,1,50,269,0,1,0.8213774005668594,1.5257074908165311
44,1,1,50,139,0,1,0.5593993945038384,0.2387248897434543
44,1,1,50,52,0,1,0.8489302882455791,1.726235674983658
44,1,1,50,273,1,1,0.519394020862692,0.07761502332896209
44,1,1,50,140,1,0,0.15982781923329892,-1.6595097419370994
44,1,1,50,291,1,1,0.6630511646928924,0.6769210638793774
44,1,1,50,202,0,1,0.6204924510447117,0.4916389501644124
44,1,1,50,242,1,0,0.40940767974833087,-0.366414534330109
44,1,1,50,212,1,1,0.5955765380205117,0.3870674056311418
44,1,1,50,268,1,1,0.7169887583856204,0.9295735419222564
44,1,1,50,277,1,1,0.7180100352401664,0.9346120612612832
44,1,1,50,203,0,1,0.7160219094229033,0.9248136769151227
44,1,1,50,143,1,1,0.7881146899141425,1.3135984867204846
44,1,1,50,295,1,0,0.3256836615672635,-0.7277727986912945
44,1,1,50,313,0,1,0.5998435057360363,0.404813091167261
44,1,1,50,163,1,0,0.11773819032553223,-2.0140254149338137
44,1,1,50,306,0,0,0.32435653537943804,-0.7338221890939836
44,1,1,50,186,0,0,0.20564526779729153,-1.3513774440177078
44,1,1,50,198,0,0,0.36994762640590245,-0.5324415032545217
44,1,1,50,125,1,1,0.7514407939900057,1.1063113515901672
44,1,1,50,244,1,0,0.34514237478022436,-0.6404608335065815
44,1,1,50,299,1,0,0.307518938394777,-0.8117442161992499
44,1,1,50,118,0,1,0.5701805426916255,0.28258779844664766
44,1,1,50,209,0,0,0.39677303163053856,-0.4189291160694131
44,1,1,50,221,1,1,0.5821601276121333,0.3316472645244696
44,1,1,50,12,0,1,0.7463545071740617,1.079263103426165
44,1,1,50,130,1,0,0.30513540609597695,-0.822961365166251
44,1,1,50,179,0,0,0.49307858880159827,-0.027687413405814543
44,1,1,50,131,1,1,0.6291572805483479,0.5286032380772083
44,1,1,50,50,1,0,0.3446256750104187,-0.6427477329085991
44,1,1,50,75,0,0,0.39972798682651,-0.406598624923854
44,1,1,50,144,1,0,0.32416166119625833,-0.7347115579966255
44,1,1,50,25,0,1,0.7792755398593018,1.2614495560951602
44,1,1,50,286,0,1,0.5541580281585001,0.2174853294475657
44,1,1,50,105,0,0,0.20845477730660722,-1.3342648908179036
44,1,1,50,189,0,1,0.5647232838351168,0.26035389009062426
44,1,1,50,166,1,0,0.18275682534305787,-1.4977802480610458
44,1,1,50,294,0,0,0.4522753506290116,-0.19148151885561515
44,1,1,50,87,1,0,0.33760080456368297,-0.6740042425459987
44,1,1,50,191,0,0,0.1735344173224234,-1.5607823236921603
44,1,2,100,115,0,1,0.6800543400556641,0.7540215381239183
44,1,2,100,51,0,0,0.34874723358257076,-0.6245504401920227
44,1,2,100,82,0,1,0.6571521100806592,0.6506286346989758
44,1,2,100,122,1,1,0.6859899461589842,0.7814379678759379
44,1,2,100,110,1,0,0.45044775991721603,-0.19886172762314383
44,1,2,100,3,1,1,0.5155344223120767,0.06215769411578759
44,1,2,100,80,0,1,0.547875818370605,0.19209177223883825
44,1,2,100,170,1,0,0.2236876816452423,-1.2443041107446353
44,1,2,100,193,1,1,0.7984947942533912,1.3769132322028832
44,1,2,100,227,0,1,0.7869790351381862,1.3068110216550743
44,1,2,100,293,1,1,0.9397688870353836,2.7474449347177226
44,1,2,100,262,1,0,0.4579120324148153,-0.16875119338452096
44,1,2,100,145,1,0,0.2919119179575056,-0.8861163896879612
44,1,2,100,296,0,0,0.4483981978535303,-0.20714474090938462
44,1,2,100,39,1,1,0.7618304815726378,1.1627413833769298
44,1,2,100,58,1,0,0.21237246811611007,-1.310683644676942
44,1,2,100,172,0,0,0.20634140722322145,-1.347121271295733
44,1,2,100,216,1,1,0.8715613776847765,1.914835147243076
44,1,2,100,234,1,1,0.7148735103214343,0.9191727131607518
44,1,2,100,260,0,0,0.46887817343320787,-0.12464844692478688
44,1,2,100,167,0,1,0.779181174197654,1.2609010190581538
44,1,2,100,283,0,1,0.639930349346063,0.5750618545094383
44,1,2,100,285,0,1,0.7880822105773893,1.3134039988386963
44,1,2,100,93,0,0,0.13315789203870895,-1.873321264825381
44,1,2,100,269,0,1,0.6756775891992901,0.7339779071396897
44,1,2,100,139,0,1,0.7505506420498985,1.1015512061033856
44,1,2,100,52,0,1,0.7360917613503652,1.025753324851792
44,1,2,100,273,1,0,0.09546074738173756,-2.2487105601156854
44,1,2,100,140,1,1,0.521679595635053,0.08677278800586942
44,1,2,100,291,1,1,0.7051758242410594,0.8720680035286709
44,1,2,100,202,0,1,0.6155966913456704,0.470899742887682
44,1,2,100,242,1,1,0.7572548399086939,1.1376876721739388
44,1,2,100,212,1,1,0.7425442547050786,1.0592346287957897
44,1,2,100,268,1,1,0.8195347092756483,1.5131982873717402
44,1,2,100,277,1,0,0.48746213354082163,-0.050161981424149515
44,1,2,100,203,0,0,0.48049210111295004,-0.07807122582669768
44,1,2,100,143,1,1,0.7874069095602348,1.309365188533807
44,1,2,100,295,1,0,0.24454189352628666,-1.1279376908807262
44,1,2,100,313,0,0,0.2631577505044183,-1.0296201610085034
44,1,2,100,163,1,0,0.21494828990085507,-1.2953521012397133
44,1,2,100,306,0,0,0.08728477940452908,-2.347247816360781
44,1,2,100,186,0,0,0.3321630876280347,-0.6984179244742156
44,1,2,100,198,0,1,0.8537117422235104,1.7640145548927477
44,1,2,100,125,1,1,0.7134358113820433,0.9121299147430993
44,1,2,100,244,1,0,0.33857750140671977,-0.6696397950330445
44,1,2,100,299,1,0,0.28023746132589417,-0.9432840302948455
44,1,2,100,118,0,1,0.6203796416015659,0.49115991932411984
44,1,2,100,209,0,0,0.10511591004481527,-2.141630554967008
44,1,2,100,221,1,1,0.5654548695055038,0.26333067905227336
44,1,2,100,12,0,1,0.8418958342198637,1.6724022013726056
44,1,2,100,130,1,0,0.1663456990118996,-1.6117506621413393
44,1,2,100,179,0,0,0.3317502466582738,-0.70027956918967
44,1,2,100,131,1,0,0.2575539077534178,-1.0587212163144777
44,1,2,100,50,1,0,0.430664134661418,-0.27914201659852544
44,1,2,100,75,0,0,0.4290262861721387,-0.2858249830891897
44,1,2,100,144,1,0,0.3173107991386551,-0.7661579735365737
44,1,2,100,25,0,1,0.8562521291032716,1.784504007702731
44,1,2,100,286,0,1,0.7579240954792202,1.1413319107162567
44,1,2,100,105,0,0,0.34596826434628275,-0.6368088264357651
44,1,2,100,189,0,1,0.5538996883635761,0.2164397617030031
44,1,2,100,166,1,1,0.7807143746494686,1.2698342600721735
44,1,2,100,294,0,0,0.39567434952218333,-0.4235216858144113
44,1,2,100,87,1,0,0.23846585190716932,-1.1611088930335067
44,1,2,100,191,0,1,0.6017398891127081,0.41271993729051937
44,1,3,150,115,0,0,0.4131523214750835,-0.3509489526190365
44,1,3,150,51,0,0,0.3053555442289515,-0.8219233237675135
44,1,3,150,82,0,1,0.6730610376900943,0.7220625265940195
44,1,3,150,122,1,1,0.805623390262587,1.4218188110625118
44,1,3,150,110,1,0,0.3717369803726283,-0.5247723376578318
44,1,3,150,3,1,1,0.7501875895462936,1.09961301663331
44,1,3,150,80,0,1,0.6043288533333518,0.4235350803922972
44,1,3,150,170,1,0,0.1744768270369911,-1.5542253979185676
44,1,3,150,193,1,1,0.7473992284224521,1.0847892202473068
44,1,3,150,227,0,1,0.7057305057310518,0.8747374500444427
44,1,3,150,293,1,1,0.9534841438226962,3.020329547926945
44,1,3,150,262,1,0,0.26817168038067624,-1.0039185765636356
44,1,3,150,145,1,0,0.16275300015395772,-1.6378854132803844
44,1,3,150,296,0,0,0.39395080014695205,-0.43073514187285966
44,1,3,150,39,1,1,0.7266071744045787,0.9774763111537903
44,1,3,150,58,1,0,0.28697374996053676,-0.9101274880367859
44,1,3,150,172,0,0,0.21626168907305907,-1.2875859796799305
44,1,3,150,216,1,1,0.8944094231301425,2.136594504941806
44,1,3,150,234,1,1,0.6518695557314917,0.6272672246223135
44,1,3,150,260,0,0,0.32171821653103233,-0.7458867529582577
44,1,3,150,167,0,1,0.695628346158856,0.8265660320734619
44,1,3,150,283,0,0,0.264559103480199,-1.0224054986321782
44,1,3,150,285,0,1,0.7915154580734072,1.334084510179828
44,1,3,150,93,0,0,0.08130228090580857,-2.424783072938437
44,1,3,150,269,0,1,0.7975516232137958,1.37106163927087
44,1,3,150,139,0,1,0.6675745229637339,0.6972353231711012
44,1,3,150,52,0,1,0.6120653875325346,0.456002318325484
44,1,3,150,273,1,0,0.1343975251535345,-1.862623753315804
44,1,3,150,140,1,0,0.24983316355672341,-1.0995022810685398
44,1,3,150,291,1,1,0.6903803489186366,0.8018980638502443
44,1,3,150,202,0,1,0.7893949947038192,1.3212824563191092
44,1,3,150,242,1,1,0.8169456351104522,1.4957893659312274
44,1,3,150,212,1,0,0.3731652775990798,-0.5186614802624302
44,1,3,150,268,1,1,0.8119107358521802,1.4624737434616746
44,1,3,150,277,1,0,0.16527071140967942,-1.6195226623303998
44,1,3,150,203,0,1,0.5753138939592911,0.3035654723622708
44,1,3,150,143,1,1,0.7543582813032199,1.1219933830424411
44,1,3,150,295,1,0,0.31638379202044487,-0.7704406523520734
44,1,3,150,313,0,0,0.2897676815938092,-0.8965126215592677
44,1,3,150,163,1,0,0.31797799601876736,-0.763079735748532
44,1,3,150,306,0,0,0.13211559518738897,-1.8823812711299324
44,1,3,150,186,0,1,0.7115163897543907,0.9027601786653011
44,1,3,150,198,0,1,0.6497733729892122,0.6180431944678767
44,1,3,150,125,1,1,0.8011402981506305,1.3934365252251926
44,1,3,150,244,1,0,0.3601076874899617,-0.5748967818573795
44,1,3,150,299,1,0,0.41760176456414055,-0.3326262050147405
44,1,3,150,118,0,0,0.34686355067932034,-0.6328545881545506
44,1,3,150,209,0,0,0.47530283757904845,-0.0988691089930882
44,1,3,150,221,1,1,0.686719589892245,0.7848273743855342
44,1,3,150,12,0,1,0.7296675260774075,0.9929364003025675
44,1,3,150,130,1,0,0.24370437669723355,-1.1324764160247835
44,1,3,150,179,0,0,0.05928016821182645,-2.7643705421381317
44,1,3,150,131,1,1,0.5150103939978217,0.060059623195619666
44,1,3,150,50,1,0,0.3359519481486847,-0.681386375830166
44,1,3,150,75,0,0,0.15889624902791738,-1.6664635511632433
44,1,3,150,144,1,0,0.4532747682074687,-0.18744786380089895
44,1,3,150,25,0,1,0.8608779767040112,1.8226013581535874
44,1,3,150,286,0,1,0.8551936183205658,1.7759303461237441
44,1,3,150,105,0,0,0.29176079541004724,-0.8868476234778782
44,1,3,150,189,0,0,0.32742533733520834,-0.7198530763812775
44,1,3,150,166,1,0,0.4071540722807776,-0.3757428771096063
44,1,3,150,294,0,0,0.3956877340484452,-0.4234657111442734
44,1,3,150,87,1,0,0.2667215395137623,-1.0113203302609413
44,1,3,150,191,0,1,0.5532053865381932,0.21363032548979524
44,1,4,200,115,0,1,0.7934847701986467,1.3460601848396574
44,1,4,200,51,0,0,0.23260264302647907,-1.1936731306869337
44,1,4,200,82,0,0,0.4954268957735991,-0.018292927003844106
44,1,4,200,122,1,1,0.7054267011600914,0.8732750049764202
44,1,4,200,110,1,0,0.369414596206294,-0.5347290200396745
44,1,4,200,3,1,1,0.9273492102026175,2.5466659434417016
44,1,4,200,80,0,1,0.6368606622268825,0.561764279800107
44,1,4,200,170,1,0,0.0928401882679465,-2.2794390234755735
44,1,4,200,193,1,1,0.8650307239490573,1.8577178575880997
44,1,4,200,227,0,1,0.7765289587176617,1.2455520993466254
44,1,4,200,293,1,1,0.9921734389432725,4.842374717050045
44,1,4,200,262,1,1,0.7287837197880351,0.9884604227707896
44,1,4,200,145,1,0,0.3435231358350198,-0.6476329893155575
44,1,4,200,296,0,0,0.3271458048035969,-0.7211226993643635
44,1,4,200,39,1,0,0.4822189927159142,-0.07115403440505486
44,1,4,200,58,1,0,0.3466025023583372,-0.6340070724249047
44,1,4,200,172,0,0,0.4667037543864207,-0.13338238020468124
44,1,4,200,216,1,1,0.8807678574901177,1.9997217221278614
44,1,4,200,234,1,1,0.7714854943983829,1.2167181796451922
44,1,4,200,260,0,0,0.3272021836234379,-0.7208665847055256
44,1,4,200,167,0,1,0.8855161866119012,2.0457372914738983
44,1,4,200,283,0,0,0.10234408517004963,-2.1714463063253815
44,1,4,200,285,0,1,0.631547976692637,0.5388634028972894
44,1,4,200,93,0,0,0.08052482059114437,-2.435237582880938
44,1,4,200,269,0,1,0.8575057642635117,1.794726353272162
44,1,4,200,139,0,1,0.7078972564309246,0.8851933632102039
44,1,4,200,52,0,1,0.7760141668320154,1.2425879711741785
44,1,4,200,273,1,0,0.43287106357652094,-0.2701467699669031
44,1,4,200,140,1,0,0.16159294716701192,-1.6464232244183945
44,1,4,200,291,1,1,0.585463698698713,0.3452436313290536
44,1,4,200,202,0,1,0.880303553084626,1.9953078658021914
44,1,4,200,242,1,1,0.900857738320758,2.206791546729894
44,1,4,200,212,1,0,0.41033610365312495,-0.3625761184869052
44,1,4,200,268,1,1,0.8206037387496651,1.5204432270063764
44,1,4,200,277,1,0,0.2749567244802796,-0.969617623688242
44,1,4,200,203,0,1,0.5770912493760028,0.31084396229326716
44,1,4,200,143,1,1,0.9447218791197037,2.838513390243964
44,1,4,200,295,1,0,0.3350784811032701,-0.6853042406569511
44,1,4,200,313,0,1,0.6332450103754682,0.5461633875540468
44,1,4,200,163,1,0,0.34214737504699516,-0.6537393665710095
44,1,4,200,306,0,0,0.09024477881330331,-2.31064983256499
44,1,4,200,186,0,1,0.626818210670426,0.5185908916847359
44,1,4,200,198,0,0,0.26706673819291077,-1.0095560667841725
44,1,4,200,125,1,1,0.8298904483838502,1.584851051408729
44,1,4,200,244,1,0,0.15502485236111035,-1.6957217739662942
44,1,4,200,299,1,0,0.4665795886139418,-0.13388126388450078
44,1,4,200,118,0,0,0.1447638549019206,-1.7762737959515793
44,1,4,200,209,0,0,0.29085644276178907,-0.8912281629057304
44,1,4,200,221,1,1,0.6708849342055233,0.7121902045458558
44,1,4,200,12,0,1,0.6829422128595312,0.7673261970899173
44,1,4,200,130,1,0,0.14780091579166393,-1.7519539617950473
44,1,4,200,179,0,0,0.04761672747991374,-2.9957834338059257
44,1,4,200,131,1,0,0.4923718960092569,-0.030514783567699655
44,1,4,200,50,1,1,0.6305650037637035,0.5346414475140936
44,1,4,200,75,0,0,0.12610938788438683,-1.935805521927147
44,1,4,200,144,1,1,0.6999547864085636,0.8470825668406696
44,1,4,200,25,0,1,0.7764054382291157,1.2448404359411702
44,1,4,200,286,0,1,0.9063066018698647,2.2693499322146655
44,1,4,200,105,0,0,0.17891369984098393,-1.5237246540460458
44,1,4,200,189,0,0,0.17236164268404464,-1.5689814492051444
44,1,4,200,166,1,0,0.3597413207979951,-0.5764870611175217
44,1,4,200,294,0,0,0.44283498855671366,-0.22966423207391654
44,1,4,200,87,1,0,0.19039045570735463,-1.4474750938493188
44,1,4,200,191,0,1,0.6059619809537071,0.43036984671713024
44,1,5,250,115,0,1,0.6480994177053576,0.6106954079266718
44,1,5,250,51,0,0,0.28483307617859993,-0.920612664274708
44,1,5,250,82,0,0,0.4404604132239022,-0.23929370557899424
44,1,5,250,122,1,0,0.49723692184283425,-0.011052425137385802
44,1,5,250,110,1,1,0.5162505680668138,0.06502517460121013
44,1,5,250,3,1,1,0.968141987344667,3.4140898325468543
44,1,5,250,80,0,1,0.6304150377677203,0.5339977402472953
44,1,5,250,170,1,0,0.24441207155425784,-1.1286405406932056
44,1,5,250,193,1,1,0.8977941937995977,2.1729523708917053
44,1,5,250,227,0,1,0.6474840337507888,0.6079982194191619
44,1,5,250,293,1,1,0.9975810361628378,6.021994102707952
44,1,5,250,262,1,1,0.8937688693651343,2.1298300083536783
44,1,5,250,145,1,1,0.8785163645002275,1.9784549687637414
44,1,5,250,296,0,0,0.3361496671969875,-0.6805002227930091
44,1,5,250,39,1,0,0.32963008632463947,-0.7098585947974206
44,1,5,250,58,1,1,0.5039915062441561,0.015966364153139345
44,1,5,250,172,0,1,0.6213400737827002,0.4952400449092249
44,1,5,250,216,1,1,0.9732592148588971,3.594460521288677
44,1,5,250,234,1,1,0.8428674311367496,1.6797198504798185
44,1,5,250,260,0,0,0.3037683799912128,-0.8294168892587092
44,1,5,250,167,0,1,0.9403879411028658,2.758434609332309
44,1,5,250,283,0,0,0.028157284347556277,-3.5413878860764663
44,1,5,250,285,0,0,0.4693561738019615,-0.12272912308886391
44,1,5,250,93,0,0,0.09743870323214558,-2.2260131112568637
44,1,5,250,269,0,0,0.41301136775379377,-0.35153033638102255
44,1,5,250,139,0,1,0.6687261206370022,0.702429126768819
44,1,5,250,52,0,1,0.8231525955486056,1.5378543582897581
44,1,5,250,273,1,1,0.559850936359647,0.24055711268381824
44,1,5,250,140,1,0,0.13640348194868712,-1.8454883941661167
44,1,5,250,291,1,1,0.6262576233081801,0.5161950975864844
44,1,5,250,202,0,1,0.7873817230718894,1.3092147356647166
44,1,5,250,242,1,1,0.907151925458243,2.2793453890652384
44,1,5,250,212,1,1,0.7289386382120627,0.9892443334066606
44,1,5,250,268,1,0,0.4649186407011263,-0.14055638474500742
44,1,5,250,277,1,0,0.4782652782493939,-0.08699370886058677
44,1,5,250,203,0,1,0.5119896091532236,0.047967631865694416
44,1,5,250,143,1,1,0.9683703430066916,3.421519406948137
44,1,5,250,295,1,1,0.8145759806148843,1.4800225095328656
44,1,5,250,313,0,1,0.7827865798462316,1.2819797183604056
44,1,5,250,163,1,1,0.6110760674433954,0.45183766968673833
44,1,5,250,306,0,0,0.04894039651274768,-2.966973575121687
44,1,5,250,186,0,1,0.5488604621146312,0.19606755354389394
44,1,5,250,198,0,0,0.11404119764124113,-2.0501106851282245
44,1,5,250,125,1,1,0.9147008534765715,2.372432626868514
44,1,5,250,244,1,0,0.17993663003896448,-1.5167768841475122
44,1,5,250,299,1,0,0.24926577568549302,-1.1025319939496825
44,1,5,250,118,0,0,0.1590792339229378,-1.665095036939109
44,1,5,250,209,0,0,0.19947189864149567,-1.389598269109774
44,1,5,250,221,1,1,0.6620083273697662,0.6722568769754395
44,1,5,250,12,0,0,0.3623522142575813,-0.5651693645767065
44,1,5,250,130,1,0,0.07820848908414063,-2.466940873274063
44,1,5,250,179,0,0,0.07060395556280079,-2.5774487898712466
44,1,5,250,131,1,0,0.3366401354267937,-0.6783031126957283
44,1,5,250,50,1,1,0.9427543554753893,2.8014541947288665
44,1,5,250,75,0,0,0.03318111972344915,-3.372030146133334
44,1,5,250,144,1,1,0.6623039410345042,0.6735783189011014
44,1,5,250,25,0,1,0.7968692942415606,1.3668410255765138
44,1,5,250,286,0,1,0.7038408947724522,0.8656555012982999
44,1,5,250,105,0,1,0.562084073416498,0.24962449201921716
44,1,5,250,189,0,0,0.19099207601038035,-1.4435767714767183
44,1,5,250,166,1,1,0.6362264559178717,0.559023020338726
44,1,5,250,294,0,1,0.532730185851178,0.13110822675951345
44,1,5,250,87,1,0,0.40403437957564814,-0.3886830092497644
44,1,5,250,191,0,1,0.8324556147163379,1.6031316018467576
44,1,6,300,115,0,1,0.5219093402234047,0.0876935157540199
44,1,6,300,51,0,1,0.5544321993436406,0.21859510045667357
44,1,6,300,82,0,0,0.1671038352398681,-1.606293595145836
44,1,6,300,122,1,0,0.27917339894764326,-0.9485655201400814
44,1,6,300,110,1,1,0.5655342405091274,0.263653705604543
44,1,6,300,3,1,1,0.9946880909762896,5.232477926141957
44,1,6,300,80,0,0,0.48172470340665535,-0.07313376556761397
44,1,6,300,170,1,0,0.26531184286378257,-1.018540233513072
44,1,6,300,193,1,1,0.9341895013945983,2.6528999310568384
44,1,6,300,227,0,0,0.4450698768988676,-0.2206109049196754
44,1,6,300,293,1,1,0.9969032011390616,5.774284722654673
44,1,6,300,262,1,1,0.9734163944254177,3.6005172456971692
44,1,6,300,145,1,1,0.9562638479735543,3.084858828987697
44,1,6,300,296,0,0,0.1706313398833828,-1.5811594388127759
44,1,6,300,39,1,0,0.4818747666397809,-0.07253271624107124
44,1,6,300,58,1,1,0.7411218869266015,1.0518077565130006
44,1,6,300,172,0,0,0.412669932965518,-0.35293887692994486
44,1,6,300,216,1,1,0.9523436862337031,2.994910860304741
44,1,6,300,234,1,1,0.9462506394550269,2.8681757104302363
44,1,6,300,260,0,0,0.21649352496736132,-1.2862186867793959
44,1,6,300,167,0,1,0.7123049719535903,0.9066051624211368
44,1,6,300,283,0,0,0.007265348732753887,-4.917347111442392
44,1,6,300,285,0,0,0.35030090842760714,-0.6177167961745264
44,1,6,300,93,0,0,0.08048255573103408,-2.435808553388389
44,1,6,300,269,0,0,0.2760486392851238,-0.9641471293113868
44,1,6,300,139,0,1,0.5760131828133896,0.3064281840552009
44,1,6,300,52,0,1,0.8623712381214098,1.8351259196892307
44,1,6,300,273,1,1,0.7617075182322882,1.162063813498648
44,1,6,300,140,1,0,0.08452012076710792,-2.3824587643682342
44,1,6,300,291,1,1,0.7306556076064264,0.9979513938328664
44,1,6,300,202,0,1,0.8007589407995596,1.391044509563968
44,1,6,300,242,1,1,0.9951932524336047,5.332916268069853
44,1,6,300,212,1,1,0.9797217855690034,3.8777215100451725
44,1,6,300,268,1,0,0.3301969782982526,-0.7072942913808766
44,1,6,300,277,1,1,0.7449029873784856,1.0716100771546633
44,1,6,300,203,0,0,0.46530916377897147,-0.13898665063661877
44,1,6,300,143,1,1,0.9913344844682496,4.739700582277924
44,1,6,300,295,1,1,0.8403684878741898,1.6609723617644219
44,1,6,300,313,0,0,0.38965659945475084,-0.4487559134582544
44,1,6,300,163,1,0,0.26589942737002087,-1.0155278944672277
44,1,6,300,306,0,0,0.02064786226641413,-3.859279477266253
44,1,6,300,186,0,0,0.2625574718215644,-1.0327181589434111
44,1,6,300,198,0,0,0.011459277828090754,-4.457430145132243
44,1,6,300,125,1,1,0.9942612099119162,5.15475155670109
44,1,6,300,244,1,0,0.28629448791302897,-0.9134494701193794
44,1,6,300,299,1,0,0.23756137760124707,-1.1660959879347546
44,1,6,300,118,0,0,0.29075229601029984,-0.891733148225189
44,1,6,300,209,0,0,0.10190807038708906,-2.1762012983883654
44,1,6,300,221,1,1,0.8068371165543669,1.4295880210238858
44,1,6,300,12,0,0,0.21214580801981398,-1.3120392252360942
44,1,6,300,130,1,0,0.16532940117382078,-1.6190973000433773
44,1,6,300,179,0,0,0.02612114977257578,-3.618541589858544
44,1,6,300,131,1,0,0.41756923740009166,-0.3327599472603754
44,1,6,300,50,1,1,0.967813483901277,3.4034917766407755
44,1,6,300,75,0,0,0.048684521929306376,-2.972484585809948
44,1,6,300,144,1,1,0.5236082042557237,0.09450308687734721
44,1,6,300,25,0,1,0.7915174262626928,1.3340964372867512
44,1,6,300,286,0,1,0.6368975905071883,0.5619239599215305
44,1,6,300,105,0,1,0.6349140812343428,0.5533569648351456
44,1,6,300,189,0,0,0.3301831698716591,-0.7073567264508563
44,1,6,300,166,1,1,0.9028376920286473,2.2291599360258347
44,1,6,300,294,0,0,0.2570800942887978,-1.0612005531313133
44,1,6,300,87,1,1,0.816321919432012,1.4916241230665095
44,1,6,300,191,0,1,0.8838696200814905,2.0295960384189806
44,1,7,350,115,0,0,0.3533634585540973,-0.6042872220488602
44,1,7,350,51,0,1,0.5109743191990723,0.04390432789911025
44,1,7,350,82,0,0,0.24492809346272357,-1.125848313764855
44,1,7,350,122,1,0,0.2771790260092422,-0.9584979752874114
44,1,7,350,110,1,0,0.46470717834820485,-0.14140644411016617
44,1,7,350,3,1,1,0.9976040101136786,6.031559954942427
44,1,7,350,80,0,1,0.5319216758699921,0.12786061152777262
44,1,7,350,170,1,0,0.4742472965201772,-0.1031020484474939
44,1,7,350,193,1,1,0.9370204412588297,2.6998948883292
44,1,7,350,227,0,1,0.5227677032964694,0.09113383590847568
44,1,7,350,293,1,1,0.9908825487458941,4.688405712114534
44,1,7,350,262,1,1,0.9838042090054743,4.106675509338455
44,1,7,350,145,1,1,0.7247069506742664,0.9679312029813336
44,1,7,350,296,0,0,0.36621923197551587,-0.548470954333572
44,1,7,350,39,1,0,0.4128072364752041,-0.352372409292173
44,1,7,350,58,1,1,0.6417903014829234,0.5831430521657455
44,1,7,350,172,0,0,0.4392474719796338,-0.2442167099347341
44,1,7,350,216,1,1,0.7768366350287539,1.2473259957316014
44,1,7,350,234,1,1,0.9822342860780385,4.012559444765943
44,1,7,350,260,0,0,0.036053703073849405,-3.286026005525235
44,1,7,350,167,0,0,0.388640678423213,-0.45302966311646875
44,1,7,350,283,0,0,0.006025108456029749,-5.105776466105917
44,1,7,350,285,0,0,0.18986149567951718,-1.4509103898123221
44,1,7,350,93,0,0,0.11078701304844586,-2.0827272305026945
44,1,7,350,269,0,0,0.45072785416382977,-0.19773030079823647
44,1,7,350,139,0,0,0.4046456769285339,-0.3861449168642724
44,1,7,350,52,0,1,0.8972848265653544,2.1674134928122664
44,1,7,350,273,1,1,0.8385043647694957,1.6471416708383384
44,1,7,350,140,1,0,0.04824400330570779,-2.9820371597043867
44,1,7,350,291,1,1,0.8689070568576236,1.8913296041426462
44,1,7,350,202,0,1,0.5009015584132619,0.0036062375612870845
44,1,7,350,242,1,1,0.9949358510579309,5.280492167431367
44,1,7,350,212,1,1,0.9558795569811179,3.075708683132337
44,1,7,350,268,1,0,0.4992355284220049,-0.0030578886947571493
44,1,7,350,277,1,1,0.9367652886332504,2.6955793776053296
44,1,7,350,203,0,0,0.47078391042700135,-0.11699763551746045
44,1,7,350,143,1,1,0.9986687293716509,6.620289275596607
44,1,7,350,295,1,1,0.8874114805665981,2.0645690245118846
44,1,7,350,313,0,0,0.3474903075665376,-0.6300892206696765
44,1,7,350,163,1,0,0.07801600077987679,-2.469613925125799
44,1,7,350,306,0,0,0.006992551345053169,-4.955892676238147
44,1,7,350,186,0,0,0.15868386641562024,-1.6680535298749388
44,1,7,350,198,0,0,0.03551882009186648,-3.3015276199214325
44,1,7,350,125,1,1,0.9986821299361446,6.630419694389049
44,1,7,350,244,1,0,0.3666221661250713,-0.5467353403914982
44,1,7,350,299,1,0,0.3821400763520371,-0.48047453758991704
44,1,7,350,118,0,1,0.5755613612345755,0.30457839908403805
44,1,7,350,209,0,0,0.02787873784467297,-3.55161623810993
44,1,7,350,221,1,1,0.8643735889182314,1.8521009413996052
44,1,7,350,12,0,0,0.11699261582881693,-2.0212227429319056
44,1,7,350,130,1,0,0.08973451903805255,-2.316880771621065
44,1,7,350,179,0,0,0.009497948103689266,-4.647136151520592
44,1,7,350,131,1,1,0.5534157796075152,0.2144815748450936
44,1,7,350,50,1,1,0.9127950156275156,2.3482498484859287
44,1,7,350,75,0,0,0.02190785474142431,-3.7987586471425
44,1,7,350,144,1,1,0.5025464608995707,0.010185931665955827
44,1,7,350,25,0,1,0.8289664896911503,1.5783202277281982
44,1,7,350,286,0,1,0.7953476516600112,1.3574666389722119
44,1,7,350,105,0,0,0.24604438355376532,-1.1198215615370068
44,1,7,350,189,0,0,0.10389471455594938,-2.154679885827691
44,1,7,350,166,1,1,0.8557873239954156,1.7807327652900242
44,1,7,350,294,0,1,0.7851702518435644,1.2960547302025074
44,1,7,350,87,1,1,0.6675643435510819,0.6971894535315727
44,1,7,350,191,0,1,0.8637417427145121,1.8467217795894515
44,1,8,400,115,0,0,0.3882709328126773,-0.4545861074331813
44,1,8,400,51,0,0,0.2646596962893394,-1.0218885545140666
44,1,8,400,82,0,0,0.32257749291697374,-0.7419517700367166
44,1,8,400,122,1,1,0.6871426988313641,0.786794803879945
44,1,8,400,110,1,0,0.48614264468203633,-0.05544361969126213
44,1,8,400,3,1,1,0.9967242638273871,5.717931536482812
44,1,8,400,80,0,1,0.677298219946147,0.7413830628871227
44,1,8,400,170,1,0,0.39149662817697256,-0.4410255507978895
44,1,8,400,193,1,1,0.951498068600703,2.976434037070818
44,1,8,400,227,0,1,0.8525799294839017,1.7549808295922695
44,1,8,400,293,1,1,0.9907989365897368,4.679192558882853
44,1,8,400,262,1,1,0.9589706345446164,3.1515724125491227
44,1,8,400,145,1,1,0.7493737966994354,1.095275320793053
44,1,8,400,296,0,0,0.18140089065274562,-1.5068850284864175
44,1,8,400,39,1,1,0.5179688191039543,0.07190624305374682
44,1,8,400,58,1,1,0.6496788842031401,0.6176280089495835
44,1,8,400,172,0,1,0.7985402059172424,1.377195489804336
44,1,8,400,216,1,1,0.8063225629529369,1.4262897850048275
44,1,8,400,234,1,1,0.9889439565737932,4.493660468398218
44,1,8,400,260,0,0,0.05486797797632697,-2.8463947243586305
44,1,8,400,167,0,0,0.1473731295914165,-1.7553543523931467
44,1,8,400,283,0,0,0.0013252789549224827,-6.624806151771999
44,1,8,400,285,0,0,0.059556620328849556,-2.7594239823281765
44,1,8,400,93,0,0,0.10140070752723146,-2.181757140550741
44,1,8,400,269,0,1,0.5002620836538096,0.0010483347112490438
44,1,8,400,139,0,0,0.18783349003287508,-1.4641495016161477
44,1,8,400,52,0,1,0.6542107782214596,0.6376001865735338
44,1,8,400,273,1,1,0.9080534404194018,2.290095697804474
44,1,8,400,140,1,0,0.05126564224535928,-2.9181080553651593
44,1,8,400,291,1,1,0.8916781135859514,2.107997984037595
44,1,8,400,202,0,1,0.5252260203231593,0.10098982631666464
44,1,8,400,242,1,1,0.9904642639618226,4.643127357321488
44,1,8,400,212,1,1,0.8565631925731187,1.7870335231994687
44,1,8,400,268,1,1,0.8008973305556437,1.3919121437322715
44,1,8,400,277,1,1,0.9388695722689369,2.7316668277996095
44,1,8,400,203,0,1,0.5158020307056566,0.06322917988619037
44,1,8,400,143,1,1,0.9967755554069729,5.733764908465766
44,1,8,400,295,1,1,0.8214773016713895,1.5263885521101872
44,1,8,400,313,0,0,0.18375511099350889,-1.4911104663801895
44,1,8,400,163,1,1,0.5482552051035205,0.19362347396843071
44,1,8,400,306,0,0,0.03738630835968187,-3.248347629616036
44,1,8,400,186,0,0,0.19274098620722344,-1.4322973284395972
44,1,8,400,198,0,0,0.04798416030170407,-2.9877107102580105
44,1,8,400,125,1,1,0.9987888796382026,6.714997574570283
44,1,8,400,244,1,0,0.12973626716998046,-1.9032926311438705
44,1,8,400,299,1,1,0.5994087336316081,0.40300210378260626
44,1,8,400,118,0,0,0.4217394084156513,-0.3156370098697826
44,1,8,400,209,0,0,0.006238025984924243,-5.070833931456557
44,1,8,400,221,1,1,0.883216075538786,2.0232444489434527
44,1,8,400,12,0,0,0.04588689737784725,-3.0346026044913943
44,1,8,400,130,1,1,0.570187108994084,0.28261459156334023
44,1,8,400,179,0,0,0.0067109381753200515,-4.997282962510861
44,1,8,400,131,1,1,0.6580268950367106,0.654513710893911
44,1,8,400,50,1,1,0.9081575202331251,2.2913429108355845
44,1,8,400,75,0,0,0.001106085128541769,-6.805821711803436
44,1,8,400,144,1,1,0.529979962452769,0.12006387226403267
44,1,8,400,25,0,1,0.8650176207040464,1.8576056312947329
44,1,8,400,286,0,1,0.8133211212778646,1.4717361000372136
44,1,8,400,105,0,0,0.07624066697480057,-2.494556567956097
44,1,8,400,189,0,0,0.09942319061990425,-2.2036500648611113
44,1,8,400,166,1,1,0.7168818582090324,0.9290467819617718
44,1,8,400,294,0,1,0.7408717262800081,1.0505042969528455
44,1,8,400,87,1,0,0.26502269707823367,-1.0200241466871276
44,1,8,400,191,0,1,0.6875930492914364,0.788890497701179
44,1,9,450,115,0,1,0.6211422256147598,0.4943992132872844
44,1,9,450,51,0,1,0.5488057383522158,0.1958465504143877
44,1,9,450,82,0,0,0.43742664946802773,-0.25161249314019773
44,1,9,450,122,1,1,0.8453865267214076,1.6988656692060926
44,1,9,450,110,1,0,0.3834285682191707,-0.4750208418619606
44,1,9,450,3,1,1,0.9994509591978287,7.506788606741339
44,1,9,450,80,0,1,0.7201910605149545,0.9454095273597852
44,1,9,450,170,1,0,0.44815451204299633,-0.20813002806653602
44,1,9,450,193,1,1,0.9880013148300241,4.410886953930414
44,1,9,450,227,0,1,0.6939441405412843,0.8186238355904205
44,1,9,450,293,1,1,0.9935733593966832,5.0408559536127875
44,1,9,450,262,1,1,0.9915116967458983,4.760541616845556
44,1,9,450,145,1,1,0.889770345003395,2.0883974279862256
44,1,9,450,296,0,0,0.056394207860525736,-2.817342030134787
44,1,9,450,39,1,1,0.6967879229578904,0.8320486083300793
44,1,9,450,58,1,1,0.7804743152676967,1.2684325909696377
44,1,9,450,172,0,1,0.8568495634065588,1.7893662831323605
44,1,9,450,216,1,1,0.6801900728890787,0.7546454365258192
44,1,9,450,234,1,1,0.9754958497443713,3.6841034041701093
44,1,9,450,260,0,0,0.22544260394208013,-1.2342261657798608
44,1,9,450,167,0,0,0.028680444751523867,-3.5224399902866406
44,1,9,450,283,0,0,0.00047734485771366484,-7.646793897325313
44,1,9,450,285,0,0,0.04133758273886162,-3.1437669176917025
44,1,9,450,93,0,0,0.045153133328263324,-3.0514913029439032
44,1,9,450,269,0,0,0.23227102823133708,-1.1955318545630722
44,1,9,450,139,0,0,0.225922954992176,-1.2314773759536128
44,1,9,450,52,0,1,0.606193222867298,0.4313384092263909
44,1,9,450,273,1,1,0.9500978339971861,2.946500553761677
44,1,9,450,140,1,0,0.07688109452413382,-2.485498049859528
44,1,9,450,291,1,1,0.8183080782149202,1.5049263740991246
44,1,9,450,202,0,1,0.7718531505664413,1.218804814368045
44,1,9,450,242,1,1,0.9980915859180697,6.2595724680056986
44,1,9,450,212,1,1,0.9263491794150022,2.53191596263936
44,1,9,450,268,1,1,0.9431039069284506,2.807949788477255
44,1,9,450,277,1,1,0.9783163850535305,3.809276216074003
44,1,9,450,203,0,1,0.7240006066087993,0.9643935623860567
44,1,9,450,143,1,1,0.9958600082004901,5.482912886649857
44,1,9,450,295,1,1,0.9216221944793671,2.464594577774095
44,1,9,450,313,0,0,0.06778074602672714,-2.621289865353514
44,1,9,450,163,1,1,0.874851154206239,1.9445499671563293
44,1,9,450,306,0,0,0.018864381936830547,-3.9514351042697378
44,1,9,450,186,0,0,0.10658874491580088,-2.1260690831192006
44,1,9,450,198,0,0,0.00417163158807849,-5.47526769445445
44,1,9,450,125,1,1,0.9997736547825217,8.393222842346665
44,1,9,450,244,1,0,0.2037827506683405,-1.362817596222547
44,1,9,450,299,1,1,0.5507817175620158,0.2038296517557262
44,1,9,450,118,0,1,0.5810815500407208,0.3272148377075824
44,1,9,450,209,0,0,0.0025174795714607073,-5.981976394266338
44,1,9,450,221,1,1,0.8302867360784585,1.587660776101232
44,1,9,450,12,0,0,0.022921514390903536,-3.7524910195252748
44,1,9,450,130,1,1,0.6411912179518849,0.580538118321509
44,1,9,450,179,0,0,0.023826195178202475,-3.712855036110435
44,1,9,450,131,1,1,0.8615805298095321,1.8284798140167977
44,1,9,450,50,1,1,0.949488028361274,2.9337125514723876
44,1,9,450,75,0,0,0.0006394260769546873,-7.3542999080969516
44,1,9,450,144,1,1,0.7797872684493228,1.2644271089878745
44,1,9,450,25,0,1,0.9146214794442189,2.3714157425984403
44,1,9,450,286,0,1,0.6063833468577946,0.4321348975497411
44,1,9,450,105,0,0,0.048289751166618385,-2.9810412810197056
44,1,9,450,189,0,0,0.046560215226875964,-3.019329845278585
44,1,9,450,166,1,1,0.8454626904152724,1.6994484869510436
44,1,9,450,294,0,1,0.8779981085322975,1.9736078908948633
44,1,9,450,87,1,0,0.3249484982740411,-0.7311222838917574
44,1,9,450,191,0,1,0.680494290194153,0.7560442867278588
44,1,10,500,115,0,1,0.571880736104658,0.2895286556003527
44,1,10,500,51,0,1,0.7453286275988138,1.0738512536468274
44,1,10,500,82,0,0,0.34713086765383633,-0.6316748502481737
44,1,10,500,122,1,1,0.879017921077689,1.983162858958986
44,1,10,500,110,1,0,0.35831199458064933,-0.5826981125868298
44,1,10,500,3,1,1,0.9995832971632334,7.782720422182308
44,1,10,500,80,0,1,0.5130077727769409,0.052042834240335734
44,1,10,500,170,1,1,0.7286670563400047,0.9878702736532086
44,1,10,500,193,1,1,0.9972509108812683,5.893732776920404
44,1,10,500,227,0,0,0.37818160735554357,-0.49727355388280997
44,1,10,500,293,1,1,0.9916530114525837,4.7774724384452325
44,1,10,500,262,1,1,0.9985752720073134,6.552348621924378
44,1,10,500,145,1,1,0.9599773732384376,3.177464751418248
44,1,10,500,296,0,0,0.07074549975992092,-2.575293725172336
44,1,10,500,39,1,1,0.5570722276718906,0.2292881895774146
44,1,10,500,58,1,1,0.7704217461718501,1.2106941405359297
44,1,10,500,172,0,1,0.7960305408792959,1.3616672806032666
44,1,10,500,216,1,0,0.34762222102886137,-0.629507491371627
44,1,10,500,234,1,1,0.9756695832116797,3.6913967000210715
44,1,10,500,260,0,0,0.2346455827125269,-1.1822628000544326
44,1,10,500,167,0,0,0.004693781903752087,-5.356811813113584
44,1,10,500,283,0,0,8.284580038729425e-05,-9.398446655494864
44,1,10,500,285,0,0,0.04372359695787056,-3.0851590632644914
44,1,10,500,93,0,0,0.054173112814845666,-2.859874845953886
44,1,10,500,269,0,0,0.0425578132030528,-3.113401877701463
44,1,10,500,139,0,0,0.28460107747337793,-0.9217518491400869
44,1,10,500,52,0,1,0.6342614190736275,0.5505423839427471
44,1,10,500,273,1,1,0.984002852168927,4.119218349802166
44,1,10,500,140,1,1,0.6552080950263436,0.6420118264495029
44,1,10,500,291,1,1,0.688831162530744,0.794660543236205
44,1,10,500,202,0,1,0.5229970891817886,0.0920533052174588
44,1,10,500,242,1,1,0.9964455215823469,5.635986133865259
44,1,10,500,212,1,1,0.9703217409880941,3.48721295029
44,1,10,500,268,1,1,0.8222686202020583,1.5317938220477931
44,1,10,500,277,1,1,0.9891279995900005,4.510633031933606
44,1,10,500,203,0,0,0.29427577991446285,-0.8747071834855574
44,1,10,500,143,1,1,0.9955850889288171,5.41834290198582
44,1,10,500,295,1,1,0.9559481051991048,3.0773352620801164
44,1,10,500,313,0,0,0.008064597575158148,-4.812174173995512
44,1,10,500,163,1,1,0.9729745646539063,3.5835794682778106
44,1,10,500,306,0,0,0.01613169743580752,-4.110705927931188
44,1,10,500,186,0,0,0.04415713071862675,-3.074839111676872
44,1,10,500,198,0,0,0.0019332447375765658,-6.246620360672179
44,1,10,500,125,1,1,0.9998913182153216,9.126977664443826
44,1,10,500,244,1,0,0.2491471907994571,-1.1031657899535972
44,1,10,500,299,1,1,0.6207407732900316,0.4926936137021114
44,1,10,500,118,0,1,0.7028333126753082,0.8608265369742976
44,1,10,500,209,0,0,0.0055243972382131865,-5.1930414215316825
44,1,10,500,221,1,1,0.900496661004178,2.2027552553252905
44,1,10,500,12,0,0,0.02101410152648284,-3.8413235247876463
44,1,10,500,130,1,1,0.7225922988336005,0.9573568916273324
44,1,10,500,179,0,0,0.01685568511610903,-4.066067924528686
44,1,10,500,131,1,1,0.8847756591614419,2.038453102456182
44,1,10,500,50,1,1,0.9763293407744127,3.71956369499358
44,1,10,500,75,0,0,0.00018413742024562036,-8.599644075571739
44,1,10,500,144,1,1,0.8579928585720233,1.798718428027706
44,1,10,500,25,0,1,0.8977314431029059,2.172268698439326
44,1,10,500,286,0,1,0.572636672903003,0.29261690233457927
44,1,10,500,105,0,0,0.13843219114556968,-1.8283731519703919
44,1,10,500,189,0,0,0.025947498598934145,-3.6253899932045384
44,1,10,500,166,1,1,0.8987539145639573,2.1834552217115064
44,1,10,500,294,0,1,0.9338851400632926,2.647959922762263
44,1,10,500,87,1,0,0.2651637136032761,-1.019300312389941
44,1,10,500,191,0,1,0.7829376795788078,1.2828685977797065
44,2,1,50,147,0,1,0.6015414299778694,0.41189188279863
44,2,1,50,280,1,1,0.848416014687856,1.722231269008034
44,2,1,50,53,1,1,0.8966663371682532,2.1607206189570363
44,2,1,50,222,1,0,0.22643496103759567,-1.2285519945118706
44,2,1,50,33,1,0,0.3673249523501624,-0.5437100524488269
44,2,1,50,192,0,0,0.18805154857180478,-1.4627207349073283
44,2,1,50,40,0,1,0.7338196915198218,1.014089415983371
44,2,1,50,11,1,0,0.3586632635561096,-0.5811706850667597
44,2,1,50,169,0,0,0.34468664584459824,-0.6424777931401964
44,2,1,50,226,1,0,0.3993780839182674,-0.40805709823298725
44,2,1,50,30,0,1,0.8330190139102795,1.6071765175444814
44,2,1,50,261,0,0,0.41984615547265725,-0.3234049698723998
44,2,1,50,138,1,0,0.17329548311031862,-1.5624492036121924
44,2,1,50,259,0,1,0.6744589507780246,0.7284222500748113
44,2,1,50,201,0,1,0.7330859240328927,1.0103361236852173
44,2,1,50,205,1,0,0.31097524507528546,-0.7955638879589116
44,2,1,50,106,1,0,0.3286813463493262,-0.7141551886265795
44,2,1,50,32,1,1,0.7535564515310434,1.1176709793868116
44,2,1,50,56,1,0,0.2906099354594821,-0.8924235967809407
44,2,1,50,107,1,0,0.13057322574233715,-1.8958999281329962
44,2,1,50,162,1,0,0.39819041128654536,-0.41301078626205523
44,2,1,50,55,0,1,0.5687236208061757,0.27664545256948414
44,2,1,50,225,0,0,0.3871458824137649,-0.4593253473742893
44,2,1,50,204,1,0,0.3944791448761442,-0.4285227310246845
44,2,1,50,200,1,0,0.2258878773934866,-1.2316779659098431
44,2,1,50,233,1,0,0.08552284562144757,-2.3695689454735334
44,2,1,50,98,1,0,0.41000488834198734,-0.36394516912742686
44,2,1,50,310,0,0,0.44465839975115584,-0.22227707397998497
44,2,1,50,19,1,0,0.21048088127341416,-1.3220292259558328
44,2,1,50,158,0,0,0.3235508019239439,-0.7375012095433116
44,2,1,50,79,1,0,0.1799608426984082,-1.5166128052645584
44,2,1,50,65,0,0,0.20585358649461968,-1.3501026732096602
44,2,1,50,133,0,0,0.38311081362614,-0.4763651291354194
44,2,1,50,153,0,0,0.13163314385973712,-1.886595430474776
44,2,1,50,175,0,0,0.38275033834852445,-0.4778906615394459
44,2,1,50,69,1,0,0.2549855623131284,-1.072196672461589
44,2,1,50,270,1,0,0.17092641376749423,-1.5790757812136476
44,2,1,50,119,1,0,0.3249835075105736,-0.7309626889709125
44,2,1,50,309,0,0,0.35784354903392784,-0.5847360900845938
44,2,1,50,252,0,0,0.44202551819844343,-0.23294561590533736
44,2,1,50,81,1,0,0.1935154528761448,-1.4273273678586578
44,2,1,50,28,0,1,0.5012631438062471,0.005052585973758794
44,2,1,50,174,0,0,0.1591944126034628,-1.6642342887918549
44,2,1,50,155,1,0,0.34260114747420317,-0.6517239805590571
44,2,1,50,303,0,0,0.3331625928154995,-0.6939156113297059
44,2,1,50,22,1,1,0.7064788373982045,0.8783435065994543
44,2,1,50,214,0,1,0.7943224297054082,1.351179711719189
44,2,1,50,230,1,0,0.2110476931850353,-1.31862172939603
44,2,1,50,152,0,0,0.14747232061812446,-1.7545651757698661
44,2,1,50,23,0,1,0.5211742134790013,0.08474753994328066
44,2,1,50,24,1,1,0.6056781470727578,0.4291812731085925
44,2,1,50,182,0,0,0.42406900313621115,-0.30609167117167313
44,2,1,50,218,1,0,0.1451868814716156,-1.7728611199077577
44,2,1,50,103,0,1,0.6809118762349223,0.7579655796211208
44,2,1,50,86,1,0,0.1666468425725569,-1.6095806527032046
44,2,1,50,128,1,1,0.8136974631426507,1.4742167354465123
44,2,1,50,4,0,1,0.6089156890013242,0.44275665052705143
44,2,1,50,239,0,1,0.765354620036202,1.1822639290267531
44,2,1,50,68,0,1,0.7039457750237839,0.866158699044007
44,2,1,50,137,1,0,0.41801051457336513,-0.3309457946008587
44,2,1,50,278,0,1,0.6673597611900772,0.69626773057335
44,2,1,50,305,0,1,0.5753090807951997,0.3035457727758621
44,2,1,50,121,1,1,0.6350452258109041,0.5539227785317749
44,2,1,50,208,0,0,0.044347358724957375,-3.070341349339907
44,2,2,100,147,0,1,0.7533915400086857,1.116783169435743
44,2,2,100,280,1,1,0.6747136408878294,0.7295824657922126
44,2,2,100,53,1,1,0.6895948617403318,0.7982259264054549
44,2,2,100,222,1,0,0.22632248924754514,-1.2291942082622582
44,2,2,100,33,1,0,0.2666066221781606,-1.0119079793603076
44,2,2,100,192,0,0,0.47294771352497167,-0.10831491879129562
44,2,2,100,40,0,1,0.5098642185977251,0.03946199460625366
44,2,2,100,11,1,0,0.25597370724503316,-1.067001640802233
44,2,2,100,169,0,0,0.018421466791890103,-3.9756453659200752
44,2,2,100,226,1,0,0.02258465919758521,-3.767640801009559
44,2,2,100,30,0,0,0.45544477908382885,-0.17869487513346916
44,2,2,100,261,0,0,0.02829474764108759,-3.5363763284576404
44,2,2,100,138,1,1,0.6285628784039319,0.5260564738482915
44,2,2,100,259,0,1,0.5452436587928259,0.181471013424588
44,2,2,100,201,0,0,0.3013993827423409,-0.8406429777141712
44,2,2,100,205,1,1,0.5774942008269626,0.3124952279310824
44,2,2,100,106,1,1,0.8025726896550416,1.402451962203262
44,2,2,100,32,1,0,0.34561277899575144,-0.6383802447854733
44,2,2,100,56,1,0,0.2486263424167367,-1.1059519382212004
44,2,2,100,107,1,0,0.4772010342600292,-0.09125914586626038
44,2,2,100,162,1,1,0.5359242201584811,0.14394491325913994
44,2,2,100,55,0,1,0.6132618214366888,0.46104403676102895
44,2,2,100,225,0,1,0.7087202385350827,0.8891766777287831
44,2,2,100,204,1,1,0.7169666272693486,0.9294644790303354
44,2,2,100,200,1,1,0.750050947517337,1.0988840272214517
44,2,2,100,233,1,0,0.0215596895318025,-3.815134438178594
44,2,2,100,98,1,0,0.4593765139741819,-0.16285291157977044
44,2,2,100,310,0,0,0.19098740361525587,-1.443607011038654
44,2,2,100,19,1,0,0.026572506993595788,-3.600946231690612
44,2,2,100,158,0,1,0.8073078940963169,1.43261151589528
44,2,2,100,79,1,0,0.13406268444875524,-1.8655050370896569
44,2,2,100,65,0,0,0.43011697588674813,-0.2813739102757775
44,2,2,100,133,0,1,0.6435928253970207,0.5909924412898978
44,2,2,100,153,0,1,0.78754846362034,1.3102110116532222
44,2,2,100,175,0,0,0.33150141051119564,-0.701402222022782
44,2,2,100,69,1,0,0.17952339042446705,-1.519579894388262
44,2,2,100,270,1,0,0.187417523722838,-1.4668785431568252
44,2,2,100,119,1,1,0.5307034377214227,0.12296846996148181
44,2,2,100,309,0,1,0.5498801052399821,0.2001862839128905
44,2,2,100,252,0,0,0.41812717333645755,-0.3304662842829421
44,2,2,100,81,1,1,0.7821194692573918,1.2780606144104771
44,2,2,100,28,0,1,0.5103635941271392,0.041460314531681225
44,2,2,100,174,0,0,0.34079697283035465,-0.6597446583960083
44,2,2,100,155,1,0,0.1053148777004224,-2.1395171398498736
44,2,2,100,303,0,0,0.10263386331339355,-2.1682960278451326
44,2,2,100,22,1,1,0.9053872320847948,2.2585702986000094
44,2,2,100,214,0,0,7.831388630747656e-05,-9.454707306261371
44,2,2,100,230,1,0,0.2389464833375995,-1.1584640717500179
44,2,2,100,152,0,1,0.7851786028044154,1.2961042392217457
44,2,2,100,23,0,0,0.3813382777533697,-0.4838717832638182
44,2,2,100,24,1,1,0.8488554278535695,1.7256520763943697
44,2,2,100,182,0,0,0.07187081123626407,-2.5583007161597116
44,2,2,100,218,1,1,0.6207034705536238,0.49253516599621305
44,2,2,100,103,0,0,0.10221122989160795,-2.172893264780926
44,2,2,100,86,1,1,0.5516637535042678,0.2073952173654776
44,2,2,100,128,1,1,0.5592105626595222,0.23795878454195063
44,2,2,100,4,0,1,0.8282947476149362,1.5735897085079138
44,2,2,100,239,0,1,0.6061816865244951,0.43129008424877513
44,2,2,100,68,0,0,0.2727417475380444,-0.9807562770510788
44,2,2,100,137,1,1,0.5330454539259222,0.13237477875579906
44,2,2,100,278,0,0,0.1693171085206371,-1.5904747848302745
44,2,2,100,305,0,0,0.2637325814056918,-1.0266577526724299
44,2,2,100,121,1,1,0.5077413133922002,0.03096772816958132
44,2,2,100,208,0,0,0.07291096901782097,-2.542810508673666
44,2,3,150,147,0,1,0.7767999258480537,1.247114258789807
44,2,3,150,280,1,1,0.8356606352205672,1.6262890047250702
44,2,3,150,53,1,0,0.42961957499569237,-0.28340344270731743
44,2,3,150,222,1,1,0.5534154175387418,0.21448010985015198
44,2,3,150,33,1,0,0.24203073975944575,-1.14157808915848
44,2,3,150,192,0,1,0.7091262227562599,0.8911441220658449
44,2,3,150,40,0,0,0.283328315042579,-0.9280114856502789
44,2,3,150,11,1,0,0.4402638134596411,-0.24009145398217524
44,2,3,150,169,0,0,0.021886676898452667,-3.799747444719424
44,2,3,150,226,1,0,0.014469394402299976,-4.221144494200208
44,2,3,150,30,0,0,0.4259056514377617,-0.2985759068878956
44,2,3,150,261,0,0,0.13288822975206668,-1.8756594874568011
44,2,3,150,138,1,0,0.41259144050146507,-0.35326273534622976
44,2,3,150,259,0,1,0.6237851126914735,0.5056454494332756
44,2,3,150,201,0,0,0.14022229710705508,-1.8134448710175712
44,2,3,150,205,1,0,0.11793290118311435,-2.012152300178674
44,2,3,150,106,1,1,0.6350797628978738,0.5540718006527643
44,2,3,150,32,1,1,0.5497337775694572,0.19959510702206945
44,2,3,150,56,1,0,0.3536560341677817,-0.6030070310495729
44,2,3,150,107,1,1,0.5714117312206947,0.2876133086073397
44,2,3,150,162,1,1,0.6303432780761798,0.5336897604233395
44,2,3,150,55,0,1,0.5628768457522483,0.2528458848745152
44,2,3,150,225,0,1,0.7194799337036645,0.9418833767125702
44,2,3,150,204,1,1,0.9113855224893986,2.330670746473235
44,2,3,150,200,1,1,0.7107828319356806,0.8991890903242032
44,2,3,150,233,1,0,0.18868029668041758,-1.4586081543995681
44,2,3,150,98,1,0,0.38886118791807334,-0.45210168518193433
44,2,3,150,310,0,0,0.239061001514101,-1.157834439146953
44,2,3,150,19,1,0,0.16640932902265035,-1.6112918890368653
44,2,3,150,158,0,1,0.7455049451384861,1.0747803624984364
44,2,3,150,79,1,0,0.28219652320716687,-0.9335921033528116
44,2,3,150,65,0,0,0.4292019203130131,-0.28510803643379146
44,2,3,150,133,0,1,0.6918251765405344,0.8086660580636734
44,2,3,150,153,0,1,0.8444599223759705,1.6917938455714678
44,2,3,150,175,0,0,0.4726880688757187,-0.10935657599669232
44,2,3,150,69,1,0,0.15737134914664777,-1.6779180582157904
44,2,3,150,270,1,0,0.3015801857184684,-0.8397844383316249
44,2,3,150,119,1,1,0.665673199776971,0.6886799006924647
44,2,3,150,309,0,0,0.41850668727842905,-0.3289066028819134
44,2,3,150,252,0,0,0.1585716692188918,-1.6688941787450655
44,2,3,150,81,1,1,0.8306717707327298,1.5903957194284966
44,2,3,150,28,0,0,0.10591394751995846,-2.133175077550078
44,2,3,150,174,0,0,0.14789680005563816,-1.7511929125711503
44,2,3,150,155,1,0,0.1755931966046554,-1.5464941647827044
44,2,3,150,303,0,0,0.24000800283039925,-1.152635635272218
44,2,3,150,22,1,1,0.7752757190049346,1.2383444995750745
44,2,3,150,214,0,0,0.0001148290347484271,-9.071951354501477
44,2,3,150,230,1,0,0.2048092353185019,-1.3565030549665527
44,2,3,150,152,0,1,0.7628295668516921,1.168255624028701
44,2,3,150,23,0,1,0.634176647638077,0.5501769665921148
44,2,3,150,24,1,1,0.7454584797205103,1.0745354709132853
44,2,3,150,182,0,0,0.17496851793965154,-1.550815485427439
44,2,3,150,218,1,0,0.43089476176433605,-0.27820148193880967
44,2,3,150,103,0,0,0.08118063028264302,-2.426412876736549
44,2,3,150,86,1,0,0.4497068660646864,-0.20185514527914422
44,2,3,150,128,1,1,0.7006114332709739,0.85021114590797
44,2,3,150,4,0,0,0.42244976978271853,-0.312724865703502
44,2,3,150,239,0,0,0.29619522975946644,-0.8654822057917302
44,2,3,150,68,0,1,0.5631048171087246,0.25377247660641256
44,2,3,150,137,1,1,0.5375043348262106,0.15029964045090308
44,2,3,150,278,0,0,0.3533558507380132,-0.6043205171428829
44,2,3,150,305,0,0,0.30794850341886576,-0.8097277975709655
44,2,3,150,121,1,1,0.6656578867058379,0.6886110948866909
44,2,3,150,208,0,0,0.12028584900941437,-1.9897260410671376
44,2,4,200,147,0,1,0.8219206388303546,1.529414543761678
44,2,4,200,280,1,1,0.9573859610006542,3.112022860219538
44,2,4,200,53,1,1,0.5176505220038203,0.07063143721601914
44,2,4,200,222,1,1,0.5752208647206948,0.30318472745540714
44,2,4,200,33,1,0,0.3952561706690485,-0.4252708577350955
44,2,4,200,192,0,1,0.7209797665264467,0.9493267732186579
44,2,4,200,40,0,0,0.2578498382530297,-1.0571742038086964
44,2,4,200,11,1,0,0.4497940239793725,-0.2015029564876355
44,2,4,200,169,0,0,0.04166721040023853,-3.1354805990342474
44,2,4,200,226,1,0,0.01825078176728908,-3.985127981483216
44,2,4,200,30,0,1,0.5329052327772563,0.1318114439364828
44,2,4,200,261,0,0,0.1591878519101547,-1.6642833043081178
44,2,4,200,138,1,1,0.6430315293097724,0.5885462972467301
44,2,4,200,259,0,1,0.7546343741142293,1.1234839106043033
44,2,4,200,201,0,0,0.1440655587844789,-1.7819253205347156
44,2,4,200,205,1,0,0.21238126393028564,-1.310631061069844
44,2,4,200,106,1,1,0.5138583544205114,0.055447619173698004
44,2,4,200,32,1,1,0.6706981356849943,0.711344312631399
44,2,4,200,56,1,0,0.23205771074748727,-1.1967284921674628
44,2,4,200,107,1,0,0.3431909032472288,-0.6491065465804706
44,2,4,200,162,1,1,0.743916697031898,1.0664262684425243
44,2,4,200,55,0,1,0.5813681908764203,0.32839247894212487
44,2,4,200,225,0,1,0.6811904089842334,0.7592478378952208
44,2,4,200,204,1,1,0.9418123222428834,2.7841324115042347
44,2,4,200,200,1,1,0.7214212322465149,0.9515223521015264
44,2,4,200,233,1,0,0.272045686191962,-0.9842682743366007
44,2,4,200,98,1,1,0.7186163389778558,0.9376085318389259
44,2,4,200,310,0,0,0.40005403353803387,-0.40523997343408186
44,2,4,200,19,1,0,0.2090226342099931,-1.330826808924119
44,2,4,200,158,0,1,0.8321157440674027,1.6006967574271074
44,2,4,200,79,1,0,0.31114068586863974,-0.7947918856461347
44,2,4,200,65,0,1,0.6516898276303247,0.6264753415250585
44,2,4,200,133,0,1,0.712350294876706,0.9068263394268292
44,2,4,200,153,0,1,0.8090637977209829,1.4439384211575879
44,2,4,200,175,0,0,0.3503752564782354,-0.617390137023507
44,2,4,200,69,1,0,0.1318036156191571,-1.8851048840455917
44,2,4,200,270,1,1,0.6667620675867304,0.6935765154260326
44,2,4,200,119,1,1,0.6350405536596183,0.5539026193913567
44,2,4,200,309,0,0,0.49808123500043977,-0.007675097674513503
44,2,4,200,252,0,0,0.025528711785856598,-3.642091284276857
44,2,4,200,81,1,1,0.5391536624228163,0.15693595495787163
44,2,4,200,28,0,0,0.06193488529559109,-2.717735769266567
44,2,4,200,174,0,0,0.18254922937786175,-1.4991707948734523
44,2,4,200,155,1,0,0.2514866048851618,-1.090699372417167
44,2,4,200,303,0,0,0.218064213529963,-1.2769830457928413
44,2,4,200,22,1,1,0.7176592772737213,0.9328803340038092
44,2,4,200,214,0,0,0.0002634798623538151,-8.241270102028713
44,2,4,200,230,1,0,0.47030967515128136,-0.1189011820059771
44,2,4,200,152,0,1,0.8608000569348296,1.821950916663625
44,2,4,200,23,0,1,0.8632157234917032,1.8422595683521148
44,2,4,200,24,1,1,0.8548260678814066,1.7729654634543066
44,2,4,200,182,0,0,0.08125203246086818,-2.4254560025223215
44,2,4,200,218,1,0,0.2485409803596252,-1.1064089334451712
44,2,4,200,103,0,0,0.05038376332486106,-2.936388974664519
44,2,4,200,86,1,0,0.42631045694833697,-0.2969205312121944
44,2,4,200,128,1,1,0.9539211340885204,3.030226594571972
44,2,4,200,4,0,0,0.4812267363872841,-0.07512837159876118
44,2,4,200,239,0,1,0.5531931819982776,0.21358094834853034
44,2,4,200,68,0,1,0.6773202194104883,0.7414837186308137
44,2,4,200,137,1,1,0.7848112832146833,1.2939278897146047
44,2,4,200,278,0,0,0.48793825743413594,-0.048256332520710044
44,2,4,200,305,0,0,0.1313422690041084,-1.8891425258951566
44,2,4,200,121,1,1,0.7341109505053017,1.0155810613122342
44,2,4,200,208,0,0,0.0530627474261295,-2.881757704849636
44,2,5,250,147,0,1,0.5284031255209183,0.11373494653836835
44,2,5,250,280,1,1,0.9545484189351814,3.044590761970429
44,2,5,250,53,1,1,0.8178996648075669,1.5021818424828872
44,2,5,250,222,1,1,0.7691885213135295,1.203734822973257
44,2,5,250,33,1,1,0.9387201234676443,2.7290658660863243
44,2,5,250,192,0,1,0.7990033395595846,1.3800768322348649
44,2,5,250,40,0,0,0.38711926631604027,-0.459437528069764
44,2,5,250,11,1,1,0.6535350948429779,0.6346147048367166
44,2,5,250,169,0,0,0.10507327328999029,-2.14208389768874
44,2,5,250,226,1,0,0.2594758383692678,-1.0486946721139014
44,2,5,250,30,0,1,0.6943529705487246,0.8205494966725616
44,2,5,250,261,0,0,0.15711827810440854,-1.6798277565496964
44,2,5,250,138,1,1,0.9656519641553706,3.336258647358406
44,2,5,250,259,0,1,0.5979478491112555,0.3969217325197019
44,2,5,250,201,0,0,0.21274729715683505,-1.3084442301898807
44,2,5,250,205,1,0,0.09599506193715535,-2.242538070845939
44,2,5,250,106,1,0,0.3495251802957585,-0.6211269823585021
44,2,5,250,32,1,1,0.7933146707771082,1.3450224655047789
44,2,5,250,56,1,0,0.22796468993580077,-1.2198395391455181
44,2,5,250,107,1,0,0.36344947947762424,-0.5604234834724787
44,2,5,250,162,1,1,0.7383445151001482,1.0373818429671995
44,2,5,250,55,0,0,0.482324043609789,-0.07073330188464366
44,2,5,250,225,0,1,0.7282643277310115,0.9858342691687547
44,2,5,250,204,1,1,0.8316958372610298,1.597693958834257
44,2,5,250,200,1,1,0.8610918947030413,1.8243886274058183
44,2,5,250,233,1,0,0.43633775813031267,-0.25603859212110647
44,2,5,250,98,1,1,0.9026272687090964,2.226763492987011
44,2,5,250,310,0,1,0.5296886948697256,0.11889463902030117
44,2,5,250,19,1,0,0.46594428480353123,-0.13643410262125427
44,2,5,250,158,0,1,0.5067968777190205,0.02718918572352222
44,2,5,250,79,1,1,0.5065164813708656,0.026067401470237617
44,2,5,250,65,0,1,0.719327134152767,0.9411264264882604
44,2,5,250,133,0,1,0.7255854690506687,0.9723390226806548
44,2,5,250,153,0,0,0.4900717300675184,-0.039718300351510194
44,2,5,250,175,0,0,0.38953894346667983,-0.44925065851470836
44,2,5,250,69,1,0,0.09234920611263438,-2.2852826062965965
44,2,5,250,270,1,1,0.7435641734587527,1.064576630444822
44,2,5,250,119,1,1,0.7968487128182006,1.3667138814378512
44,2,5,250,309,0,1,0.6724247735704246,0.7191725166371494
44,2,5,250,252,0,0,0.00919714682655257,-4.679622268870569
44,2,5,250,81,1,0,0.42217491378892924,-0.3138514880507908
44,2,5,250,28,0,0,0.046453230203411716,-3.0217424701316227
44,2,5,250,174,0,0,0.23344698365451236,-1.1889488621123065
44,2,5,250,155,1,0,0.29395140936721237,-0.8762695809655952
44,2,5,250,303,0,0,0.2535808946517691,-1.0796043626886833
44,2,5,250,22,1,1,0.7263372964137348,0.9761181632797924
44,2,5,250,214,0,0,0.0010839823232581052,-6.826029112798102
44,2,5,250,230,1,0,0.45453091791832323,-0.18238018801298955
44,2,5,250,152,0,1,0.8621498931967316,1.8332622333176027
44,2,5,250,23,0,1,0.7802371707051338,1.2670490222915873
44,2,5,250,24,1,1,0.810813577954486,1.4553052718493722
44,2,5,250,182,0,0,0.04123082747247475,-3.1464641337157215
44,2,5,250,218,1,0,0.21402961367307072,-1.3008047281927317
44,2,5,250,103,0,0,0.06715579214571038,-2.6312230310398834
44,2,5,250,86,1,1,0.7319748038262569,1.004665100701176
44,2,5,250,128,1,1,0.8799186081761525,1.9916596344229127
44,2,5,250,4,0,1,0.596697298374339,0.3917225462505439
44,2,5,250,239,0,1,0.6428733709845954,0.5878573481265545
44,2,5,250,68,0,0,0.42502886409369967,-0.30216275898069184
44,2,5,250,137,1,1,0.8554231297780043,1.777784895189815
44,2,5,250,278,0,0,0.2618951127187731,-1.0361418477172168
44,2,5,250,305,0,0,0.11053755241286513,-2.0852619847093283
44,2,5,250,121,1,1,0.627871236002918,0.5230951730753806
44,2,5,250,208,0,0,0.16073990940208047,-1.6527330699853646
44,2,6,300,147,0,0,0.23409869914102346,-1.1853104937554013
44,2,6,300,280,1,1,0.939569224682992,2.7439229983187308
44,2,6,300,53,1,1,0.8079714993853975,1.4368829831485073
44,2,6,300,222,1,1,0.7527285952179411,1.1132181933419187
44,2,6,300,33,1,1,0.9491514440107726,2.926716643975264
44,2,6,300,192,0,1,0.8903743190860242,2.0945702955735643
44,2,6,300,40,0,1,0.5600656889396138,0.241428655805359
44,2,6,300,11,1,1,0.7462149810327432,1.0785262104000681
44,2,6,300,169,0,0,0.06570417202205449,-2.6546306958190122
44,2,6,300,226,1,0,0.381410151821601,-0.483567139084975
44,2,6,300,30,0,1,0.6981918767270767,0.8387024979586748
44,2,6,300,261,0,0,0.04507093670534235,-3.053399438618065
44,2,6,300,138,1,1,0.9926710432895576,4.9085661592068615
44,2,6,300,259,0,0,0.355276326356269,-0.59592594125148
44,2,6,300,201,0,0,0.15042311001954292,-1.7312863923023967
44,2,6,300,205,1,0,0.1329057186205496,-1.8755077209571418
44,2,6,300,106,1,0,0.21740535840798253,-1.2808512407479786
44,2,6,300,32,1,1,0.8081445545788933,1.4379987466682356
44,2,6,300,56,1,0,0.3155646671871865,-0.774230538362791
44,2,6,300,107,1,1,0.5432215542394718,0.17331878363336983
44,2,6,300,162,1,1,0.856274950275692,1.7846894306823167
44,2,6,300,55,0,1,0.572991560972236,0.2940672122447481
44,2,6,300,225,0,1,0.6625894507101128,0.6748551326433692
44,2,6,300,204,1,1,0.8011355420646911,1.39340667205702
44,2,6,300,200,1,1,0.9320443857524294,2.6185256773487984
44,2,6,300,233,1,0,0.39304344142257214,-0.4345370773493705
44,2,6,300,98,1,1,0.822351605640966,1.532361763488991
44,2,6,300,310,0,0,0.39970269167408506,-0.4067040464357178
44,2,6,300,19,1,1,0.8424869894096034,1.6768501574929324
44,2,6,300,158,0,1,0.7285383446070625,0.9872193623019972
44,2,6,300,79,1,1,0.8321310560998713,1.600806368629542
44,2,6,300,65,0,1,0.8671482661206844,1.875976249152862
44,2,6,300,133,0,1,0.6794190774641593,0.7511034023007102
44,2,6,300,153,0,1,0.7321417609403339,1.0055162758677039
44,2,6,300,175,0,0,0.2559713630948305,-1.0670139492446684
44,2,6,300,69,1,0,0.08054123453840295,-2.4350159149462844
44,2,6,300,270,1,1,0.5778341501533035,0.3138886441033663
44,2,6,300,119,1,1,0.9089487171052533,2.3008657796830208
44,2,6,300,309,0,1,0.5324811819442845,0.13010795744314924
44,2,6,300,252,0,0,0.03220442112591908,-3.4029171409536185
44,2,6,300,81,1,0,0.47874876561577095,-0.08505617909015539
44,2,6,300,28,0,0,0.04405827023465747,-3.0771838777751785
44,2,6,300,174,0,0,0.045699730271967234,-3.038885974330469
44,2,6,300,155,1,0,0.2997899514007262,-0.8482982920283748
44,2,6,300,303,0,0,0.16515485784010295,-1.6203626830414475
44,2,6,300,22,1,1,0.72878244223356,0.9884539593211735
44,2,6,300,214,0,0,0.002606005907903995,-5.9473271257907
44,2,6,300,230,1,0,0.4086041820663395,-0.36973861848298956
44,2,6,300,152,0,1,0.9198599605682527,2.4404458444396417
44,2,6,300,23,0,0,0.370787917326072,-0.528838126492039
44,2,6,300,24,1,1,0.864815823110195,1.8558784410800069
44,2,6,300,182,0,0,0.023501245431248412,-3.7269200580924777
44,2,6,300,218,1,0,0.1619570742525118,-1.643737996841815
44,2,6,300,103,0,0,0.11348648924152559,-2.05561257364409
44,2,6,300,86,1,1,0.8086781009155738,1.4414435953847975
44,2,6,300,128,1,1,0.6911613332023105,0.805554247752002
44,2,6,300,4,0,0,0.32908888839982103,-0.7123087648807407
44,2,6,300,239,0,1,0.57582416745506,0.3056542805917608
44,2,6,300,68,0,0,0.35340655627508655,-0.6040986139162223
44,2,6,300,137,1,1,0.8643008362264868,1.8514804937725895
44,2,6,300,278,0,0,0.30886078238140047,-0.8054506432320451
44,2,6,300,305,0,0,0.23701254562854257,-1.1691285137722653
44,2,6,300,121,1,0,0.275997260296867,-0.9644042372916505
44,2,6,300,208,0,0,0.27978927114831,-0.9455071313689941
44,2,7,350,147,0,1,0.5450043814966745,0.18050604483280336
44,2,7,350,280,1,1,0.9448012139794062,2.840033589127889
44,2,7,350,53,1,1,0.9666525196353917,3.366856874118045
44,2,7,350,222,1,1,0.5799592862183285,0.3226062607466235
44,2,7,350,33,1,1,0.9943147353875151,5.164176119885925
44,2,7,350,192,0,1,0.8679541577646978,1.8829897476738657
44,2,7,350,40,0,1,0.5106730962727422,0.04269887126751115
44,2,7,350,11,1,1,0.9358625740197705,2.680440580881671
44,2,7,350,169,0,0,0.11058478156378222,-2.0847817080923545
44,2,7,350,226,1,0,0.20188013218204576,-1.3745846802401855
44,2,7,350,30,0,1,0.6777933330565746,0.7436492605032579
44,2,7,350,261,0,0,0.13712165220242717,-1.8394052127392067
44,2,7,350,138,1,1,0.9961635610396198,5.559366879740374
44,2,7,350,259,0,0,0.40738405980899706,-0.37479015712130914
44,2,7,350,201,0,0,0.23769603815799387,-1.1653526693793683
44,2,7,350,205,1,0,0.15586829265076874,-1.689297161016307
44,2,7,350,106,1,0,0.40606217060654126,-0.38026837211281794
44,2,7,350,32,1,1,0.5461389021168764,0.1850821434430423
44,2,7,350,56,1,0,0.2839997266271723,-0.9247072731858343
44,2,7,350,107,1,0,0.3698852003103932,-0.5327093364513684
44,2,7,350,162,1,1,0.8704172402205408,1.9046529344678735
44,2,7,350,55,0,1,0.7241825864411258,0.9653044500847724
44,2,7,350,225,0,1,0.6622516469570584,0.6733445144927641
44,2,7,350,204,1,1,0.8017465349146342,1.397246177936666
44,2,7,350,200,1,1,0.938709123856785,2.728874666529482
44,2,7,350,233,1,1,0.6406197628702067,0.5780551029331501
44,2,7,350,98,1,1,0.983207893482843,4.069911660753062
44,2,7,350,310,0,0,0.07902716340258706,-2.455638908534308
44,2,7,350,19,1,1,0.9653815096205092,3.3281354266148306
44,2,7,350,158,0,1,0.5799177383594254,0.3224357099186668
44,2,7,350,79,1,1,0.8301540971456526,1.5867197705951068
44,2,7,350,65,0,1,0.8474938299520623,1.715078504375804
44,2,7,350,133,0,1,0.5716851708749565,0.2887299320437817
44,2,7,350,153,0,0,0.4895934391187594,-0.04163225572350964
44,2,7,350,175,0,0,0.17847264775931457,-1.5267298767709314
44,2,7,350,69,1,0,0.08444252565730431,-2.383462008121048
44,2,7,350,270,1,1,0.8606603649134563,1.820785590039836
44,2,7,350,119,1,1,0.6789283402349843,0.7488512474208815
44,2,7,350,309,0,1,0.583031747554646,0.3352315546887159
44,2,7,350,252,0,0,0.028503102793505736,-3.528825123698824
44,2,7,350,81,1,0,0.4475190639652604,-0.21069979003490136
44,2,7,350,28,0,0,0.012581366692413595,-4.362877211262084
44,2,7,350,174,0,0,0.02587318453014365,-3.6283344098171457
44,2,7,350,155,1,0,0.42300634244595475,-0.31044410144437457
44,2,7,350,303,0,0,0.0576491982393351,-2.7940012670373746
44,2,7,350,22,1,1,0.8058794079655056,1.4234545390338855
44,2,7,350,214,0,0,0.01129446710433863,-4.472083575996512
44,2,7,350,230,1,1,0.6416764706248805,0.5826479451969939
44,2,7,350,152,0,1,0.9563670692135222,3.087329644436298
44,2,7,350,23,0,0,0.34346885777709435,-0.647873683303252
44,2,7,350,24,1,1,0.9249018218847439,2.5108912943511834
44,2,7,350,182,0,0,0.05193293180286235,-2.9044721337095143
44,2,7,350,218,1,0,0.18313005847502964,-1.4952832894263124
44,2,7,350,103,0,0,0.18262929001565395,-1.4986343766991408
44,2,7,350,86,1,1,0.7037800027781423,0.8653633991470198
44,2,7,350,128,1,1,0.9229710121820036,2.4834160117457644
44,2,7,350,4,0,1,0.627340316280303,0.5208235354852753
44,2,7,350,239,0,0,0.4367957616512515,-0.25417660908844786
44,2,7,350,68,0,0,0.2630148907868786,-1.0303570378532403
44,2,7,350,137,1,1,0.9464655600106513,2.8724093984007
44,2,7,350,278,0,0,0.26489306113190075,-1.0206897820457084
44,2,7,350,305,0,0,0.21341341909675124,-1.3044715809767031
44,2,7,350,121,1,0,0.22994445408028816,-1.2086248740463468
44,2,7,350,208,0,0,0.1279316748383612,-1.9193714443050462
44,2,8,400,147,0,1,0.5586836693323336,0.23582150486733705
44,2,8,400,280,1,1,0.9303208733894535,2.5916287536158817
44,2,8,400,53,1,1,0.9612707308860595,3.211660465145944
44,2,8,400,222,1,0,0.46040883338922445,-0.15869689094534434
44,2,8,400,33,1,1,0.9576867909301388,3.1194214754793137
44,2,8,400,192,0,1,0.8789474695204922,1.9825005466805463
44,2,8,400,40,0,0,0.3071792822928501,-0.8133397025664608
44,2,8,400,11,1,1,0.8884690188935374,2.0751973682248073
44,2,8,400,169,0,0,0.07213663316525297,-2.5543224843904966
44,2,8,400,226,1,0,0.09118617049780618,-2.299237018869614
44,2,8,400,30,0,1,0.5583590644859152,0.23450505133387572
44,2,8,400,261,0,0,0.20690999120277473,-1.3436528457575017
44,2,8,400,138,1,1,0.9992775002130931,7.232070672000687
44,2,8,400,259,0,0,0.08971047107610422,-2.3171752159036574
44,2,8,400,201,0,0,0.15017365687219858,-1.7332396894639748
44,2,8,400,205,1,0,0.12214617368384556,-1.9722616224614729
44,2,8,400,106,1,0,0.36613398526185875,-0.5488382525217328
44,2,8,400,32,1,1,0.5390005870643889,0.156319890544374
44,2,8,400,56,1,0,0.48930733809861715,-0.0427771695248953
44,2,8,400,107,1,0,0.3436480206930767,-0.6470792609803726
44,2,8,400,162,1,1,0.6046056821934608,0.4246929406842219
44,2,8,400,55,0,1,0.6074501078926274,0.43660640212282187
44,2,8,400,225,0,1,0.7164201796888144,0.9267732013113102
44,2,8,400,204,1,1,0.9392757314141089,2.7387656496612776
44,2,8,400,200,1,1,0.885082465850473,2.0414660456425517
44,2,8,400,233,1,1,0.7321255009679617,1.0054333650390461
44,2,8,400,98,1,1,0.9948312408810198,5.259940471578099
44,2,8,400,310,0,0,0.026631459342955546,-3.598669578811804
44,2,8,400,19,1,1,0.6961034477447308,0.8288109262460239
44,2,8,400,158,0,0,0.4272046972122583,-0.2932651322398339
44,2,8,400,79,1,1,0.9605561106178221,3.1926332585973984
44,2,8,400,65,0,1,0.8194417642997873,1.5125699719858974
44,2,8,400,133,0,0,0.48045610753219026,-0.07821542005210848
44,2,8,400,153,0,1,0.508198421677042,0.032796626113986455
44,2,8,400,175,0,0,0.10555476517112788,-2.1369737573577474
44,2,8,400,69,1,0,0.12814669089353337,-1.917445555913335
44,2,8,400,270,1,1,0.9124123909643913,2.34345253237312
44,2,8,400,119,1,0,0.47490242785120473,-0.10047472915133993
44,2,8,400,309,0,0,0.4262495349804163,-0.29716963422397924
44,2,8,400,252,0,0,0.004810967254429479,-5.332034545474753
44,2,8,400,81,1,1,0.6348672341871558,0.5531548676147677
44,2,8,400,28,0,0,0.008698863994533767,-4.735825917219758
44,2,8,400,174,0,0,0.014032945762960545,-4.252215106694137
44,2,8,400,155,1,0,0.2544344223632646,-1.0750999646285713
44,2,8,400,303,0,0,0.4164779859055935,-0.33724857344169906
44,2,8,400,22,1,1,0.9484105467196559,2.911470216864431
44,2,8,400,214,0,0,0.011080167914818233,-4.491456432795824
44,2,8,400,230,1,1,0.5039319067343321,0.01572795114587966
44,2,8,400,152,0,1,0.5873467767699012,0.35300781944565146
44,2,8,400,23,0,0,0.3584771692395514,-0.5819797991901625
44,2,8,400,24,1,1,0.958054609337023,3.128536229878704
44,2,8,400,182,0,0,0.03095020896610561,-3.4439362436667453
44,2,8,400,218,1,1,0.6396241121766612,0.5737330595218098
44,2,8,400,103,0,0,0.28262395652426187,-0.931482932496908
44,2,8,400,86,1,1,0.8818948576591661,2.0104975753828507
44,2,8,400,128,1,1,0.9767911075522012,3.7397373187053438
44,2,8,400,4,0,1,0.9124904068548549,2.344429149067106
44,2,8,400,239,0,0,0.23635673869701299,-1.1727584763012409
44,2,8,400,68,0,0,0.19985184983653004,-1.3872205569879
44,2,8,400,137,1,1,0.9959315808358679,5.500424049043205
44,2,8,400,278,0,0,0.15019150185474145,-1.7330998689354917
44,2,8,400,305,0,0,0.021799936676430064,-3.803807147800133
44,2,8,400,121,1,0,0.3680009376933225,-0.5408024242084255
44,2,8,400,208,0,1,0.7504232510477672,1.1008709031637578
44,2,9,450,147,0,1,0.7419594922810852,1.056178069804235
44,2,9,450,280,1,1,0.9694452794200562,3.457204837544527
44,2,9,450,53,1,1,0.9673584372968608,3.388982690274732
44,2,9,450,222,1,1,0.5359846330096758,0.14418782071027003
44,2,9,450,33,1,1,0.9911074808490502,4.71361260696556
44,2,9,450,192,0,1,0.8528464927926133,1.7571032611120598
44,2,9,450,40,0,1,0.626777325095503,0.5184161089880919
44,2,9,450,11,1,1,0.9637482502678411,3.280342460721051
44,2,9,450,169,0,0,0.1093076905950204,-2.097832281106384
44,2,9,450,226,1,0,0.22025314391960313,-1.2641917844840913
44,2,9,450,30,0,0,0.41861558292441486,-0.32845914974237544
44,2,9,450,261,0,0,0.4047048671543697,-0.38589922577369573
44,2,9,450,138,1,1,0.9996151608387273,7.862300160660888
44,2,9,450,259,0,0,0.12151082949386575,-1.9782001898504042
44,2,9,450,201,0,0,0.06962659020875413,-2.592439483856259
44,2,9,450,205,1,0,0.2985917762793384,-0.8540127185609689
44,2,9,450,106,1,0,0.3545664537363541,-0.5990264696914815
44,2,9,450,32,1,1,0.6399680643517501,0.5752255380086363
44,2,9,450,56,1,1,0.5451963973801108,0.18128040874091458
44,2,9,450,107,1,0,0.12514807894687116,-1.944556971198996
44,2,9,450,162,1,1,0.7519146992169394,1.1088502438270826
44,2,9,450,55,0,1,0.7251602044738452,0.9702042359436045
44,2,9,450,225,0,1,0.7957146258926446,1.3597227023906198
44,2,9,450,204,1,1,0.9875000789758559,4.369454250530994
44,2,9,450,200,1,1,0.8578936371367599,1.797904314299183
44,2,9,450,233,1,1,0.5079734628141477,0.03189655525181445
44,2,9,450,98,1,1,0.9998694277221515,8.94345305047288
44,2,9,450,310,0,0,0.004385399969450727,-5.42507940017437
44,2,9,450,19,1,1,0.681994239414788,0.7629517135379685
44,2,9,450,158,0,0,0.22095931982059674,-1.2600846541692388
44,2,9,450,79,1,1,0.9770411791291586,3.7508265853672444
44,2,9,450,65,0,1,0.6722906815887825,0.718563817784166
44,2,9,450,133,0,0,0.27766193591579413,-0.9560889462742185
44,2,9,450,153,0,0,0.49186674891895465,-0.03253587418095316
44,2,9,450,175,0,0,0.10718595436799574,-2.1198131062521255
44,2,9,450,69,1,0,0.0762856593605638,-2.49391789877924
44,2,9,450,270,1,1,0.8628769697511448,1.8393935659449046
44,2,9,450,119,1,1,0.5622115495609772,0.2501423979367774
44,2,9,450,309,0,0,0.3673605415015981,-0.5435569163170001
44,2,9,450,252,0,0,0.024935361893624445,-3.6662168119213243
44,2,9,450,81,1,1,0.6619409890307728,0.6719559426163203
44,2,9,450,28,0,0,0.001965497415739243,-6.230042496373544
44,2,9,450,174,0,0,0.005915960298553731,-5.124167916099738
44,2,9,450,155,1,0,0.48403329952327934,-0.06388852442140663
44,2,9,450,303,0,0,0.3309156947706393,-0.7040464246163304
44,2,9,450,22,1,1,0.9605169155582027,3.1915992550486867
44,2,9,450,214,0,0,0.02837057746567232,-3.5336218758150393
44,2,9,450,230,1,1,0.5930943723641706,0.37677224486351624
44,2,9,450,152,0,0,0.4411982073725629,-0.23630061107342612
44,2,9,450,23,0,0,0.4351737807302212,-0.26077266007844396
44,2,9,450,24,1,1,0.9059770304933893,2.265474844192158
44,2,9,450,182,0,0,0.01668034103608172,-4.076703411900832
44,2,9,450,218,1,1,0.8031346353986126,1.406002298720129
44,2,9,450,103,0,0,0.1392536944145243,-1.8215024008617386
44,2,9,450,86,1,1,0.9416032192573557,2.7803232108176537
44,2,9,450,128,1,1,0.9978924685255733,6.1601281782708615
44,2,9,450,4,0,1,0.887085160929486,2.0613070897265366
44,2,9,450,239,0,0,0.23981735159228584,-1.1536811326830794
44,2,9,450,68,0,0,0.09011454918481349,-2.3122370835955754
44,2,9,450,137,1,1,0.9997496535661473,8.292414486160752
44,2,9,450,278,0,0,0.13306195976572022,-1.8741526270343505
44,2,9,450,305,0,0,0.005758380978638664,-5.151323899504376
44,2,9,450,121,1,0,0.4966312022212964,-0.01347539502333961
44,2,9,450,208,0,0,0.14750562441886442,-1.754300304870923
44,2,10,500,147,0,1,0.507933822182781,0.0317379525931763
44,2,10,500,280,1,1,0.8848773940834086,2.0394513988053635
44,2,10,500,53,1,1,0.9289822020318614,2.571159059194935
44,2,10,500,222,1,1,0.5041648268525428,0.01665969271784723
44,2,10,500,33,1,1,0.9940849929675444,5.124330022656098
44,2,10,500,192,0,1,0.8478589316779673,1.7179060962888497
44,2,10,500,40,0,0,0.3894839847433435,-0.44948177923322974
44,2,10,500,11,1,1,0.9933923596395051,5.012899101648759
44,2,10,500,169,0,0,0.07435847179327454,-2.521589429949283
44,2,10,500,226,1,1,0.7416765482075548,1.0547007404417654
44,2,10,500,30,0,1,0.8698498041275704,1.8996314213970567
44,2,10,500,261,0,1,0.7626633355044855,1.1673370375983874
44,2,10,500,138,1,1,0.9998362250201445,8.716853357955232
44,2,10,500,259,0,0,0.22780436332544182,-1.220750728278218
44,2,10,500,201,0,0,0.014187658095149094,-4.241093575427319
44,2,10,500,205,1,0,0.33538218153236515,-0.6839414444197685
44,2,10,500,106,1,1,0.6403655909497126,0.5769512640856447
44,2,10,500,32,1,1,0.8489909836085437,1.7267090200074815
44,2,10,500,56,1,1,0.62594829167831,0.514873721133112
44,2,10,500,107,1,0,0.1773457361737045,-1.5344348808003805
44,2,10,500,162,1,1,0.7319814257104077,1.0046988537668582
44,2,10,500,55,0,1,0.7045179937366184,0.8689059296750952
44,2,10,500,225,0,1,0.9694015888522814,3.4557308780826936
44,2,10,500,204,1,1,0.9757325434880888,3.6940523009751116
44,2,10,500,200,1,1,0.802378183786208,1.401224862417246
44,2,10,500,233,1,1,0.5762640106766695,0.307455312949692
44,2,10,500,98,1,1,0.9999467366083005,9.84020803286965
44,2,10,500,310,0,0,0.00031267145205178873,-8.070044872329632
44,2,10,500,19,1,1,0.8163766157471153,1.4919889521056444
44,2,10,500,158,0,0,0.3475815444216158,-0.629686861410961
44,2,10,500,79,1,1,0.9794636856301611,3.864810410619371
44,2,10,500,65,0,1,0.6888010642312093,0.7945201256311518
44,2,10,500,133,0,0,0.29033815551990283,-0.8937422840150232
44,2,10,500,153,0,0,0.35462496894686185,-0.5987707857533541
44,2,10,500,175,0,0,0.07740915421551957,-2.478080803760718
44,2,10,500,69,1,0,0.09267390783364175,-2.281414949739152
44,2,10,500,270,1,1,0.7967962979247538,1.366390125668214
44,2,10,500,119,1,1,0.9501886011607432,2.948416642234923
44,2,10,500,309,0,0,0.49639978300106674,-0.014401116880474962
44,2,10,500,252,0,0,0.008382673636458605,-4.773170359841091
44,2,10,500,81,1,1,0.677799558077163,0.7436777648556231
44,2,10,500,28,0,0,0.005952852082521909,-5.117914191733868
44,2,10,500,174,0,0,0.0013332207392668964,-6.618823545377159
44,2,10,500,155,1,1,0.5125222453625973,0.05009945777239089
44,2,10,500,303,0,0,0.11179182690979203,-2.0725676911884365
44,2,10,500,22,1,1,0.984363884789925,4.142412314147157
44,2,10,500,214,0,0,0.011071779286064135,-4.4922222870955
44,2,10,500,230,1,1,0.8025030806846438,1.4020127080399112
44,2,10,500,152,0,1,0.729495025476396,0.9920620606299018
44,2,10,500,23,0,0,0.38950184910438235,-0.44940665203095875
44,2,10,500,24,1,1,0.9376729099145303,2.7110050139666857
44,2,10,500,182,0,0,0.014728767115754288,-4.203114438491804
44,2,10,500,218,1,1,0.900818601085041,2.206353420918828
44,2,10,500,103,0,0,0.21144485173784305,-1.3162381284818234
44,2,10,500,86,1,1,0.9660294926731513,3.347701647847585
44,2,10,500,128,1,1,0.9989303955669896,6.839396210767287
44,2,10,500,4,0,1,0.9061491728966784,2.267497366457448
44,2,10,500,239,0,0,0.1812928783934848,-1.507612578817927
44,2,10,500,68,0,0,0.04793274992810024,-2.9888366877635857
44,2,10,500,137,1,1,0.9997209986666585,8.184014956891234
44,2,10,500,278,0,0,0.0915721411657495,-2.2945883881101876
44,2,10,500,305,0,0,0.0014743965073676377,-6.518031035961963
44,2,10,500,121,1,0,0.4925014632897673,-0.029996395827729283
44,2,10,500,208,0,0,0.1295032102389958,-1.9053584010683415
44,3,1,50,176,1,0,0.19557019209826276,-1.4142143594285463
44,3,1,50,10,1,1,0.6845516900492766,0.7747693237034526
44,3,1,50,279,0,1,0.6526039661878855,0.6305050246920868
44,3,1,50,135,0,1,0.76429414868568,1.1763680915411268
44,3,1,50,300,0,0,0.47355145860882963,-0.10589300582328434
44,3,1,50,195,0,0,0.38461804349994666,-0.4699923954730221
44,3,1,50,44,1,1,0.5114347822743781,0.045747105714568914
44,3,1,50,251,1,0,0.3231643231725889,-0.7392675865606644
44,3,1,50,48,0,1,0.7400408918798081,1.0461811017830276
44,3,1,50,197,1,0,0.49960555293667785,-0.0015777885806029235
44,3,1,50,66,0,1,0.5226170261144754,0.09052988316994649
44,3,1,50,0,0,1,0.6143652663621578,0.4656990120804212
44,3,1,50,85,1,0,0.41294517798344754,-0.35180336583179744
44,3,1,50,210,1,0,0.19900107266307032,-1.3925493929359183
44,3,1,50,57,0,1,0.9270271771404299,2.541895800203217
44,3,1,50,59,0,0,0.36969412251184613,-0.5335292535586041
44,3,1,50,84,1,0,0.42547700361688306,-0.3003292240056916
44,3,1,50,315,0,0,0.3777504320400361,-0.49910750205671717
44,3,1,50,271,0,0,0.3897243339008092,-0.44847111367859405
44,3,1,50,215,0,0,0.26577411692438224,-1.0161699603558123
44,3,1,50,54,0,0,0.3260904807904031,-0.7259209661104763
44,3,1,50,17,0,1,0.7713340271062864,1.2158592134707926
44,3,1,50,6,0,0,0.23831411225601018,-1.1619446469950776
44,3,1,50,298,1,1,0.5953617229759944,0.3861756337351578
44,3,1,50,307,0,1,0.9067088023362263,2.2740955837441867
44,3,1,50,165,1,1,0.5046665688073331,0.01866681724825453
44,3,1,50,207,0,0,0.4820891242984631,-0.07167417068487242
44,3,1,50,161,1,1,0.6766635310232155,0.7384806687525087
44,3,1,50,184,0,1,0.5004616713880718,0.0018466860770923743
44,3,1,50,238,0,0,0.2627822453963924,-1.0315575843875018
44,3,1,50,134,0,1,0.6824659971814468,0.7651277967485041
44,3,1,50,97,1,1,0.5476896674664566,0.1913403056476538
44,3,1,50,72,0,1,0.6153598747160058,0.46989910118148615
44,3,1,50,2,0,1,0.6283378168829502,0.5250926150201268
44,3,1,50,77,1,1,0.6073793311848488,0.43630959724503093
44,3,1,50,164,1,0,0.3638514635457455,-0.5586863667834555
44,3,1,50,213,0,1,0.9061754609017525,2.2678065200931754
44,3,1,50,194,0,0,0.15821065807093873,-1.6716023712776047
44,3,1,50,289,0,0,0.2710884936225085,-0.9891070219034855
44,3,1,50,73,0,1,0.66883633724406,0.7029266897072933
44,3,1,50,249,1,0,0.4582350004307838,-0.16745017338606338
44,3,1,50,150,1,1,0.7256499147503458,0.9726627131978233
44,3,1,50,263,1,1,0.786086878058012,1.301497357842318
44,3,1,50,245,1,0,0.10933955779708708,-2.0975050082529325
44,3,1,50,287,1,0,0.2967243954120401,-0.8629451092442747
44,3,1,50,247,1,0,0.4923713772957348,-0.030516858904859556
44,3,1,50,7,1,1,0.6544742660665994,0.6387651425162483
44,3,1,50,256,0,0,0.3349202000170847,-0.6860147388861475
44,3,1,50,168,1,1,0.7034197468185968,0.8636359428138402
44,3,1,50,78,1,1,0.6683017200317137,0.7005139878201646
44,3,1,50,124,1,0,0.35403422701759524,-0.6013529244292606
44,3,1,50,154,1,0,0.3188290545444047,-0.7591582158968276
44,3,1,50,199,0,0,0.2723334804296141,-0.9828155194089554
44,3,1,50,127,0,0,0.47274810521209987,-0.10911571355253313
44,3,1,50,37,1,1,0.5485650400986631,0.1948745416994826
44,3,1,50,151,1,1,0.6883256796347262,0.7923032998496876
44,3,1,50,113,0,0,0.11620949924717226,-2.0288254542608275
44,3,1,50,187,1,1,0.7449618157086909,1.071919686716707
44,3,1,50,92,0,1,0.7779560998217685,1.2537949847488186
44,3,1,50,312,0,1,0.6445762864441017,0.5952825436252669
44,3,1,50,171,1,1,0.7081116502123264,0.8862304138929166
44,3,1,50,101,1,1,0.7684342048974804,1.1994908990943896
44,3,1,50,292,1,0,0.3258851788129882,-0.7268553471519744
44,3,2,100,176,1,0,0.287503644926788,-0.9075392582797416
44,3,2,100,10,1,1,0.5173032256865685,0.0692405525573494
44,3,2,100,279,0,1,0.8298851305869361,1.5848133830337559
44,3,2,100,135,0,1,0.8888512120650093,2.0790601204182257
44,3,2,100,300,0,0,0.44870105786459813,-0.20592033613881106
44,3,2,100,195,0,1,0.5951476243524692,0.38528698684270013
44,3,2,100,44,1,0,0.41543395898706575,-0.3415461035303152
44,3,2,100,251,1,1,0.6578692997627458,0.6538134505230472
44,3,2,100,48,0,1,0.7708904957253823,1.2133462607199834
44,3,2,100,197,1,1,0.519154376601112,0.07665501971900163
44,3,2,100,66,0,0,0.4863690135413127,-0.05453745953592337
44,3,2,100,0,0,1,0.7192307055313821,0.9406488602656952
44,3,2,100,85,1,1,0.5104974219539641,0.04199585890144936
44,3,2,100,210,1,0,0.1971776449458129,-1.4040283894911791
44,3,2,100,57,0,1,0.7333051533448158,1.0114568143093288
44,3,2,100,59,0,0,0.493815385675836,-0.02473971905580974
44,3,2,100,84,1,1,0.5320447707060906,0.12835501382368736
44,3,2,100,315,0,0,0.24635357983208817,-1.1181554988799682
44,3,2,100,271,0,0,0.11573036003515148,-2.0334990358648266
44,3,2,100,215,0,0,0.44175690388304806,-0.23403478407207678
44,3,2,100,54,0,1,0.6635270839330973,0.6790520140584727
44,3,2,100,17,0,0,0.11793057744375628,-2.012174638704774
44,3,2,100,6,0,0,0.12685114241236914,-1.92909176198983
44,3,2,100,298,1,1,0.5216103692670324,0.08649536263234792
44,3,2,100,307,0,1,0.9564259060846001,3.088740524788638
44,3,2,100,165,1,1,0.5484711999209189,0.19449561298247203
44,3,2,100,207,0,0,0.32687442295322866,-0.7223558357019061
44,3,2,100,161,1,1,0.7091980896474558,0.8914925655857695
44,3,2,100,184,0,1,0.7281552519295104,0.9852831594183777
44,3,2,100,238,0,0,0.3578490861800516,-0.5847119937794222
44,3,2,100,134,0,1,0.6240427054009247,0.5067432454246982
44,3,2,100,97,1,1,0.6401055211673703,0.5758221654571029
44,3,2,100,72,0,0,0.25680473073403204,-1.0626428286137939
44,3,2,100,2,0,1,0.5192106947530852,0.0768806243898441
44,3,2,100,77,1,1,0.7332049375318408,1.0109444427861796
44,3,2,100,164,1,0,0.2506488003155226,-1.0951550076520196
44,3,2,100,213,0,1,0.6860698764766598,0.7818090586981302
44,3,2,100,194,0,1,0.5682487107776272,0.274709490909544
44,3,2,100,289,0,0,0.39358535592169774,-0.43226602423975247
44,3,2,100,73,0,0,0.2163657827823526,-1.2869719375656303
44,3,2,100,249,1,1,0.8340966018012822,1.6149435447463318
44,3,2,100,150,1,1,0.53280203493806,0.131396862646269
44,3,2,100,263,1,0,0.32894621094532694,-0.7129550514528215
44,3,2,100,245,1,0,0.38461007297219557,-0.47002607099632143
44,3,2,100,287,1,1,0.7905501315707676,1.3282446529653793
44,3,2,100,247,1,0,0.2196352084110335,-1.2677934653545093
44,3,2,100,7,1,0,0.45927953837598284,-0.1632433977575322
44,3,2,100,256,0,0,0.33797646580315976,-0.6723248401938127
44,3,2,100,168,1,1,0.7500659089486839,1.0989638339580177
44,3,2,100,78,1,1,0.6002289976764472,0.406419356216015
44,3,2,100,124,1,0,0.27756138111651774,-0.956590357875366
44,3,2,100,154,1,0,0.25703613053359736,-1.0614307548823252
44,3,2,100,199,0,0,0.2585291095018373,-1.0536276063189618
44,3,2,100,127,0,0,0.4797974392447749,-0.0808542623775641
44,3,2,100,37,1,0,0.3631493635180378,-0.561720929076316
44,3,2,100,151,1,1,0.6584598679416819,0.6564383855520636
44,3,2,100,113,0,0,0.42483115949507644,-0.30297181514078614
44,3,2,100,187,1,0,0.13861810427872553,-1.826815254399365
44,3,2,100,92,0,0,0.4057582368890852,-0.3815287385682942
44,3,2,100,312,0,0,0.4078215789013126,-0.37297820432378714
44,3,2,100,171,1,1,0.8572733971717165,1.792825952286078
44,3,2,100,101,1,0,0.46844346151682753,-0.12639415284290345
44,3,2,100,292,1,0,0.49321045248760764,-0.027159859483650253
44,3,3,150,176,1,0,0.2751575764259655,-0.9686103456898872
44,3,3,150,10,1,0,0.4250013624490472,-0.302275296636197
44,3,3,150,279,0,1,0.9016449109071935,2.215636485725254
44,3,3,150,135,0,1,0.841981151232141,1.6730433063708439
44,3,3,150,300,0,1,0.6084896623270676,0.4409680031256835
44,3,3,150,195,0,1,0.6467563535541537,0.6048116094318047
44,3,3,150,44,1,0,0.3523778315949058,-0.6086034677050225
44,3,3,150,251,1,1,0.72849007290343,0.9869752961826432
44,3,3,150,48,0,1,0.8369902673104754,1.63600253358203
44,3,3,150,197,1,1,0.6680382055738912,0.6993254806091975
44,3,3,150,66,0,0,0.3581397100075081,-0.5834475014838156
44,3,3,150,0,0,1,0.6013247395103095,0.4109879185499664
44,3,3,150,85,1,0,0.3391621229347048,-0.6670303087719154
44,3,3,150,210,1,0,0.4463123618107148,-0.21558162806736625
44,3,3,150,57,0,0,0.4807702677846335,-0.07695688692957292
44,3,3,150,59,0,0,0.3802422466962878,-0.4885201402949333
44,3,3,150,84,1,1,0.708553387232796,0.8883685663519421
44,3,3,150,315,0,0,0.47202921703530654,-0.11200006271273719
44,3,3,150,271,0,0,0.2666047239218312,-1.0119176877661729
44,3,3,150,215,0,1,0.5636212783344698,0.2558720396477754
44,3,3,150,54,0,1,0.6601107219711222,0.6637876697949887
44,3,3,150,17,0,0,0.20700826093681488,-1.3430541038816082
44,3,3,150,6,0,0,0.17464647081161655,-1.553048050930953
44,3,3,150,298,1,1,0.6237248993507009,0.505388878207034
44,3,3,150,307,0,1,0.8490618794715676,1.727262113780979
44,3,3,150,165,1,0,0.4700677056559573,-0.11987251294882983
44,3,3,150,207,0,0,0.16012580276412589,-1.657292341862613
44,3,3,150,161,1,1,0.6377624326613592,0.5656655914553257
44,3,3,150,184,0,1,0.6403243143016153,0.5767720367399749
44,3,3,150,238,0,0,0.3166318679536285,-0.7692939078983202
44,3,3,150,134,0,1,0.5893185724260771,0.36114910888040963
44,3,3,150,97,1,1,0.7038074889466777,0.8654952474602354
44,3,3,150,72,0,0,0.49572604732702263,-0.017096227088240545
44,3,3,150,2,0,0,0.30096108710668884,-0.8427254323832516
44,3,3,150,77,1,1,0.6207840398754917,0.49287740114398804
44,3,3,150,164,1,1,0.6164341383654318,0.47444014102056964
44,3,3,150,213,0,1,0.7586935824012632,1.145530415419848
44,3,3,150,194,0,0,0.3882457774393399,-0.45469201863849124
44,3,3,150,289,0,0,0.4720081874342665,-0.11208444538759166
44,3,3,150,73,0,0,0.481771001988153,-0.07294832412899332
44,3,3,150,249,1,1,0.6056586689440528,0.4290997180811991
44,3,3,150,150,1,1,0.577229616171,0.311410931816476
44,3,3,150,263,1,0,0.2982362198943138,-0.8557109951162134
44,3,3,150,245,1,0,0.3252105687368807,-0.7299278121841216
44,3,3,150,287,1,1,0.688412391886156,0.7927075205354842
44,3,3,150,247,1,0,0.40614725205668956,-0.37991560590476203
44,3,3,150,7,1,0,0.4727611718972073,-0.10906329115748686
44,3,3,150,256,0,0,0.3898834729394843,-0.44780205974868903
44,3,3,150,168,1,1,0.6859065649225989,0.7810509101270617
44,3,3,150,78,1,1,0.58049179117673,0.3247925662563801
44,3,3,150,124,1,0,0.3619902914759081,-0.5667361080126057
44,3,3,150,154,1,0,0.21335302500134629,-1.304831389137271
44,3,3,150,199,0,0,0.13813871653381612,-1.8308359610970992
44,3,3,150,127,0,0,0.3334890460346757,-0.6924465551974422
44,3,3,150,37,1,0,0.29194234710924843,-0.8859691796476025
44,3,3,150,151,1,0,0.48150842461239135,-0.07400005180647895
44,3,3,150,113,0,0,0.23559612152337336,-1.1769772967198209
44,3,3,150,187,1,0,0.26140058672047983,-1.03870166233088
44,3,3,150,92,0,0,0.3839185429703921,-0.4729487878246626
44,3,3,150,312,0,0,0.31916003407414295,-0.7576346286905391
44,3,3,150,171,1,1,0.9805486483226395,3.92019569760717
44,3,3,150,101,1,0,0.43063206089079265,-0.27927282833475986
44,3,3,150,292,1,0,0.390678843358557,-0.4444596295266434
44,3,4,200,176,1,0,0.32320578590093646,-0.7390780309395513
44,3,4,200,10,1,0,0.33791024242494083,-0.6726208269456831
44,3,4,200,279,0,1,0.9575676454977573,3.1164852174736857
44,3,4,200,135,0,1,0.7298103929096136,0.9936608036448132
44,3,4,200,300,0,1,0.72531155712151,0.9709637760829004
44,3,4,200,195,0,1,0.6817878890161947,0.7620004201996621
44,3,4,200,44,1,0,0.4469232386140437,-0.21310994673407874
44,3,4,200,251,1,1,0.8125052918952627,1.4663718057137682
44,3,4,200,48,0,1,0.6741917846566965,0.7272057056453951
44,3,4,200,197,1,1,0.7248925204570341,0.9688615402071583
44,3,4,200,66,0,0,0.26234571098190496,-1.0338121302412766
44,3,4,200,0,0,1,0.8919785871544654,2.1111126522994805
44,3,4,200,85,1,0,0.20967381342327857,-1.326892700913589
44,3,4,200,210,1,1,0.6688926493106787,0.7031809377237057
44,3,4,200,57,0,0,0.24972469480538026,-1.100081122473501
44,3,4,200,59,0,0,0.3746776462903104,-0.5122012363089158
44,3,4,200,84,1,1,0.8596348098579035,1.8122601319721947
44,3,4,200,315,0,1,0.6395745747395573,0.5735181577719913
44,3,4,200,271,0,0,0.1571436328766739,-1.6796363142690294
44,3,4,200,215,0,0,0.38909548852193454,-0.45111587932434594
44,3,4,200,54,0,1,0.5535760105987666,0.21512992058727476
44,3,4,200,17,0,0,0.4071354507031981,-0.3758200240945653
44,3,4,200,6,0,0,0.0990695579090893,-2.2076058452757343
44,3,4,200,298,1,1,0.7403144394756319,1.0476034976326956
44,3,4,200,307,0,1,0.8956368271796464,2.1496581415449296
44,3,4,200,165,1,0,0.4825341895763684,-0.06989167864849927
44,3,4,200,207,0,0,0.1164594402700747,-2.0263941385209963
44,3,4,200,161,1,1,0.6466881680862661,0.6045131689424029
44,3,4,200,184,0,0,0.4702586888157894,-0.1191058502608304
44,3,4,200,238,0,0,0.4562816195439348,-0.17532122422132243
44,3,4,200,134,0,1,0.5928196198451741,0.37563388859447133
44,3,4,200,97,1,1,0.7246999232108295,0.9678959790777041
44,3,4,200,72,0,0,0.4645851158296766,-0.14189714749744056
44,3,4,200,2,0,1,0.5482002945027766,0.19340176889585342
44,3,4,200,77,1,1,0.5155748705607042,0.06231964384340605
44,3,4,200,164,1,1,0.6228685581443719,0.5017417355959113
44,3,4,200,213,0,1,0.8328628306178391,1.6060541106611717
44,3,4,200,194,0,0,0.26772977638905665,-1.0061714289960682
44,3,4,200,289,0,0,0.3607146054051644,-0.5722639026529027
44,3,4,200,73,0,0,0.4973072748343866,-0.010771004794013661
44,3,4,200,249,1,1,0.6349237273941232,0.5533985795427961
44,3,4,200,150,1,0,0.4850935915990535,-0.05964330819841834
44,3,4,200,263,1,0,0.20274339842771302,-1.3692354539790355
44,3,4,200,245,1,1,0.5566198008123595,0.22745478362721638
44,3,4,200,287,1,1,0.5439358181791049,0.1761977093898771
44,3,4,200,247,1,0,0.4821266224467032,-0.0715239857781487
44,3,4,200,7,1,0,0.4042391618896609,-0.3878326205106709
44,3,4,200,256,0,0,0.3654259274772944,-0.5518904240547017
44,3,4,200,168,1,1,0.8232111868806324,1.5382568999427204
44,3,4,200,78,1,0,0.4205526622349129,-0.3205050745996754
44,3,4,200,124,1,1,0.7101596497372484,0.8961595484878455
44,3,4,200,154,1,0,0.20914017228341553,-1.330116035168421
44,3,4,200,199,0,0,0.1773178217593517,-1.5346262258493595
44,3,4,200,127,0,0,0.32235468330809386,-0.7429715790422433
44,3,4,200,37,1,0,0.2806777756855178,-0.941102107920162
44,3,4,200,151,1,0,0.32759359059975657,-0.7190891465394131
44,3,4,200,113,0,0,0.17043602931202936,-1.5825401945629562
44,3,4,200,187,1,1,0.5097877011476759,0.03915580655626116
44,3,4,200,92,0,0,0.16534877204903328,-1.6189569334908827
44,3,4,200,312,0,0,0.39934734883994044,-0.4081852293227611
44,3,4,200,171,1,1,0.8437620036907584,1.6864900066374249
44,3,4,200,101,1,1,0.5424757798246199,0.1703136153450597
44,3,4,200,292,1,1,0.5020655409434159,0.008262210774393264
44,3,5,250,176,1,0,0.35113153216887527,-0.6140691383887321
44,3,5,250,10,1,0,0.3974311611468147,-0.41618017460393175
44,3,5,250,279,0,1,0.8386248248049654,1.6480315021700798
44,3,5,250,135,0,1,0.5410251789542461,0.16447046682210964
44,3,5,250,300,0,1,0.5090593772568891,0.03624147527056709
44,3,5,250,195,0,1,0.7512503543657749,1.1052920060991789
44,3,5,250,44,1,1,0.743767951675233,1.0656456205941025
44,3,5,250,251,1,1,0.7051374740398771,0.8718835484134362
44,3,5,250,48,0,0,0.2529266060515161,-1.0830640799269542
44,3,5,250,197,1,1,0.7561068388583695,1.13145242220681
44,3,5,250,66,0,0,0.314873527937666,-0.777432392375098
44,3,5,250,0,0,1,0.9237557943059908,2.4945063231319704
44,3,5,250,85,1,0,0.3369945511013632,-0.6767164473191105
44,3,5,250,210,1,1,0.8485546840965409,1.7233099219019228
44,3,5,250,57,0,0,0.04632841022366063,-3.024563982013122
44,3,5,250,59,0,0,0.3018789163808441,-0.8383665621105463
44,3,5,250,84,1,1,0.893095746205896,2.1227601842111925
44,3,5,250,315,0,0,0.4841095828645319,-0.06358308106869093
44,3,5,250,271,0,0,0.31553912914643767,-0.7743487815848267
44,3,5,250,215,0,0,0.49322826426285327,-0.027088599277309555
44,3,5,250,54,0,0,0.34647744486140875,-0.634559324519127
44,3,5,250,17,0,1,0.742527890464021,1.059149031129957
44,3,5,250,6,0,0,0.11661654972942186,-2.0248681650837925
44,3,5,250,298,1,1,0.9699933009201787,3.475868505811186
44,3,5,250,307,0,1,0.8271539340203276,1.5655894067836211
44,3,5,250,165,1,1,0.6362545485615718,0.5591444030845062
44,3,5,250,207,0,0,0.07423085643496022,-2.52344497991092
44,3,5,250,161,1,1,0.6223008695736023,0.49932576149924635
44,3,5,250,184,0,0,0.3184404931930586,-0.7609479417251631
44,3,5,250,238,0,0,0.43048962675609814,-0.27985376959980157
44,3,5,250,134,0,0,0.4534497624049603,-0.1867417435360177
44,3,5,250,97,1,0,0.42885783350392664,-0.2865126831954751
44,3,5,250,72,0,0,0.20859009665365838,-1.3334449764326655
44,3,5,250,2,0,0,0.3851191259680065,-0.4678758437565216
44,3,5,250,77,1,1,0.6149592459261677,0.46820681540126485
44,3,5,250,164,1,0,0.1977839511474568,-1.4002026800551868
44,3,5,250,213,0,1,0.7761519387096587,1.2433807744276644
44,3,5,250,194,0,0,0.09336168785841094,-2.2732625299129645
44,3,5,250,289,0,0,0.30948465576822326,-0.8025296811065752
44,3,5,250,73,0,1,0.745532261696842,1.074924345577566
44,3,5,250,249,1,0,0.40177091734243214,-0.3980916931293967
44,3,5,250,150,1,0,0.16419266622769124,-1.627357592164493
44,3,5,250,263,1,0,0.2867611900864306,-0.9111665220115209
44,3,5,250,245,1,0,0.41947478628941365,-0.32492981476192856
44,3,5,250,287,1,1,0.7032392973389623,0.8627711293034126
44,3,5,250,247,1,0,0.4405721223497255,-0.2388404540886106
44,3,5,250,7,1,0,0.25037662025011,-1.0966046548136077
44,3,5,250,256,0,1,0.5188860385887673,0.07558011217378521
44,3,5,250,168,1,1,0.5928057969314093,0.3755766237773234
44,3,5,250,78,1,0,0.33705301164392926,-0.6764548071957645
44,3,5,250,124,1,1,0.8940168167011152,2.132444152221848
44,3,5,250,154,1,0,0.21934402219323745,-1.2694931885582148
44,3,5,250,199,0,0,0.1613630304276089,-1.6481212446278537
44,3,5,250,127,0,0,0.1391468699192196,-1.8223939158243796
44,3,5,250,37,1,0,0.11943872335711822,-1.9977560539188939
44,3,5,250,151,1,1,0.5518395577510017,0.20810604945837402
44,3,5,250,113,0,0,0.23316747223360687,-1.190511470086761
44,3,5,250,187,1,1,0.6341196892429702,0.5499314607854202
44,3,5,250,92,0,0,0.10550494571129662,-2.137501543312831
44,3,5,250,312,0,0,0.3014171401592984,-0.8405586440063233
44,3,5,250,171,1,0,0.47544157771012624,-0.09831279879397514
44,3,5,250,101,1,1,0.8603066447992302,1.8178391890583412
44,3,5,250,292,1,1,0.6089389568997089,0.4428543594492511
44,3,6,300,176,1,0,0.32793101650359163,-0.7175577185402002
44,3,6,300,10,1,1,0.6434477972184612,0.5903602400427921
44,3,6,300,279,0,1,0.6389554244756956,0.570833265073545
44,3,6,300,135,0,0,0.3567964525267704,-0.5892957750131039
44,3,6,300,300,0,0,0.3749548164450097,-0.5110184115803269
44,3,6,300,195,0,1,0.7352756394998958,1.0215563130386907
44,3,6,300,44,1,1,0.7794193842882047,1.2622860311731314
44,3,6,300,251,1,1,0.7270131853424212,0.9795211179551356
44,3,6,300,48,0,0,0.26638043317805954,-1.0130651059800304
44,3,6,300,197,1,1,0.694786550569555,0.8225933108748449
44,3,6,300,66,0,0,0.49970342127738815,-0.0011863150295768898
44,3,6,300,0,0,1,0.8170500871338066,1.4964879839482332
44,3,6,300,85,1,0,0.3922497411730871,-0.43786530731240414
44,3,6,300,210,1,1,0.7708604672702462,1.2131762496532894
44,3,6,300,57,0,0,0.014409799406130306,-4.225332160698867
44,3,6,300,59,0,0,0.02576820699932312,-3.632507810633317
44,3,6,300,84,1,1,0.9231443100206884,2.4858560638535674
44,3,6,300,315,0,0,0.39247964021916953,-0.4369010248716492
44,3,6,300,271,0,1,0.5283386068570364,0.11347603829523378
44,3,6,300,215,0,0,0.4583460471135805,-0.16700287402122196
44,3,6,300,54,0,0,0.3115063722208076,-0.7930862683173348
44,3,6,300,17,0,1,0.7084775953162629,0.8880015731141306
44,3,6,300,6,0,0,0.12771864816344786,-1.9212822396428058
44,3,6,300,298,1,1,0.9953224629269346,5.36029506303486
44,3,6,300,307,0,1,0.8537688465189202,1.7644718729053959
44,3,6,300,165,1,1,0.5569992678996958,0.22899250292282308
44,3,6,300,207,0,0,0.10306424871556928,-2.1636316655766166
44,3,6,300,161,1,1,0.5353738921289715,0.14173235354104352
44,3,6,300,184,0,0,0.3389288181664746,-0.6680714127305519
44,3,6,300,238,0,0,0.21162409055016795,-1.3151634755736004
44,3,6,300,134,0,0,0.26718830813482575,-1.008935084564144
44,3,6,300,97,1,1,0.6692862226591498,0.7049585249274787
44,3,6,300,72,0,0,0.10481959023780103,-2.144784588946846
44,3,6,300,2,0,0,0.1797604382417526,-1.5179713802758328
44,3,6,300,77,1,1,0.6849105160978786,0.7764315219317102
44,3,6,300,164,1,0,0.16463933685929047,-1.624106319245116
44,3,6,300,213,0,1,0.8219191367848112,1.5294042816156235
44,3,6,300,194,0,0,0.11067835858240348,-2.0838306469403736
44,3,6,300,289,0,0,0.11907123870111118,-2.0012548029424835
44,3,6,300,73,0,1,0.7907618561095089,1.3295238078297804
44,3,6,300,249,1,1,0.590089619049917,0.3643358693023855
44,3,6,300,150,1,0,0.17520109308711973,-1.549205189861947
44,3,6,300,263,1,0,0.19464980462474274,-1.4200751378033594
44,3,6,300,245,1,1,0.5249268740580566,0.09979022384463856
44,3,6,300,287,1,1,0.5995975891426307,0.40378867689898684
44,3,6,300,247,1,1,0.5635154740938406,0.2554418695194944
44,3,6,300,7,1,0,0.061101287600617525,-2.7321746662554847
44,3,6,300,256,0,1,0.5860803666093909,0.3477850918219605
44,3,6,300,168,1,1,0.8109083471211731,1.4559232021649575
44,3,6,300,78,1,1,0.594689104650601,0.38338434033827806
44,3,6,300,124,1,1,0.8239750387187738,1.5435144261902285
44,3,6,300,154,1,0,0.16436360458042798,-1.6261125099825136
44,3,6,300,199,0,0,0.07348696994722738,-2.5343199984906577
44,3,6,300,127,0,0,0.060167663471494916,-2.748566437598988
44,3,6,300,37,1,0,0.09523976265537122,-2.2512724479417763
44,3,6,300,151,1,1,0.8123860782999102,1.465589449742691
44,3,6,300,113,0,0,0.25609724043440796,-1.0663531089791038
44,3,6,300,187,1,1,0.658757486286027,0.6577620557480433
44,3,6,300,92,0,0,0.07734309890722749,-2.479006089939235
44,3,6,300,312,0,0,0.4014104348932016,-0.3995917308324548
44,3,6,300,171,1,0,0.3984892212303588,-0.41176400556168247
44,3,6,300,101,1,1,0.8527479874086642,1.7563185708859699
44,3,6,300,292,1,0,0.3130384297868442,-0.7859523902282206
44,3,7,350,176,1,0,0.38416771612149403,-0.47189544206271106
44,3,7,350,10,1,0,0.388320549831567,-0.4543772131589148
44,3,7,350,279,0,1,0.5697226495939169,0.2807196610422225
44,3,7,350,135,0,0,0.31338892779737226,-0.7843230070283431
44,3,7,350,300,0,1,0.7271278942269215,0.9800991741999086
44,3,7,350,195,0,1,0.6724212731692787,0.7191566252476619
44,3,7,350,44,1,1,0.8701545760794741,1.9023261733076824
44,3,7,350,251,1,1,0.7220010811263418,0.9544094115572106
44,3,7,350,48,0,0,0.016227472516256537,-4.1046890587999965
44,3,7,350,197,1,1,0.6474229450221045,0.6077305886195683
44,3,7,350,66,0,1,0.6398106444696589,0.5745423838085275
44,3,7,350,0,0,0,0.26706085716192374,-1.0095861117886944
44,3,7,350,85,1,0,0.1666485823459679,-1.6095681251948577
44,3,7,350,210,1,1,0.7103091828388235,0.8968861375127397
44,3,7,350,57,0,0,0.002102747633328346,-6.1624054311238154
44,3,7,350,59,0,0,0.00014197915501929873,-8.859688317542275
44,3,7,350,84,1,1,0.9851081129360454,4.191934822165323
44,3,7,350,315,0,0,0.4354031536159071,-0.2598395384226272
44,3,7,350,271,0,0,0.45170527659011317,-0.19378303460043372
44,3,7,350,215,0,0,0.421004112213308,-0.3186527739172891
44,3,7,350,54,0,0,0.13623258048401327,-1.8469399664795367
44,3,7,350,17,0,1,0.6674799959176357,0.696809400222681
44,3,7,350,6,0,1,0.8036747200791095,1.4094217352360565
44,3,7,350,298,1,1,0.9985361533307816,6.525222683928977
44,3,7,350,307,0,1,0.7898895435889982,1.324259742097334
44,3,7,350,165,1,1,0.7487369942745897,1.091887557246918
44,3,7,350,207,0,0,0.0016669317895342357,-6.395102271480279
44,3,7,350,161,1,1,0.6129596002754469,0.45976994919594827
44,3,7,350,184,0,0,0.3110881143731158,-0.7950371774928051
44,3,7,350,238,0,0,0.15218398174708844,-1.7175734575192683
44,3,7,350,134,0,0,0.44198822718499253,-0.23309681399862636
44,3,7,350,97,1,1,0.8083859468540173,1.439556392356402
44,3,7,350,72,0,0,0.06043151235180437,-2.743910017605235
44,3,7,350,2,0,0,0.18839801392715103,-1.460453234757909
44,3,7,350,77,1,1,0.9959665946508155,5.509102698570008
44,3,7,350,164,1,0,0.09817230541760417,-2.2176993224922894
44,3,7,350,213,0,1,0.8288602764879142,1.5775712768604817
44,3,7,350,194,0,0,0.017167289201095698,-4.047433140878767
44,3,7,350,289,0,0,0.20156827679102196,-1.376521291058198
44,3,7,350,73,0,1,0.5634622618938819,0.2552255326452881
44,3,7,350,249,1,1,0.7153679901317618,0.9215999292936339
44,3,7,350,150,1,1,0.7673079916366978,1.193172547769424
44,3,7,350,263,1,0,0.25318320686738344,-1.0817065337198757
44,3,7,350,245,1,1,0.7960307869017617,1.3616687958385933
44,3,7,350,287,1,0,0.2612411415732754,-1.0395276648999354
44,3,7,350,247,1,1,0.7763900247556443,1.2447516508476757
44,3,7,350,7,1,0,0.07712888708594919,-2.4820117046659798
44,3,7,350,256,0,1,0.5030279637188444,0.012112002943062139
44,3,7,350,168,1,1,0.985837047365549,4.242861488670539
44,3,7,350,78,1,0,0.41067631102308033,-0.3611702497536853
44,3,7,350,124,1,1,0.794477262657479,1.35212769531917
44,3,7,350,154,1,0,0.23298390827329954,-1.1915383932581356
44,3,7,350,199,0,0,0.1323367064821916,-1.8804542472256829
44,3,7,350,127,0,0,0.09243837785611078,-2.284219229843565
44,3,7,350,37,1,1,0.7449163404799468,1.071680349513942
44,3,7,350,151,1,1,0.7967763195559546,1.3662667398632897
44,3,7,350,113,0,0,0.12936422909305265,-1.906591808755965
44,3,7,350,187,1,1,0.951158453504086,2.969099353164558
44,3,7,350,92,0,0,0.0613246023027387,-2.7282886250427127
44,3,7,350,312,0,0,0.13820992217083683,-1.8302380073118765
44,3,7,350,171,1,1,0.5565840138379111,0.22730977746029857
44,3,7,350,101,1,1,0.9756109826771796,3.688931002386192
44,3,7,350,292,1,0,0.317024102342859,-0.7674817663984865
44,3,8,400,176,1,1,0.8235166199149119,1.540357023344281
44,3,8,400,10,1,0,0.26784360378286126,-1.0055909049800602
44,3,8,400,279,0,0,0.20202940535416722,-1.3736584900891287
44,3,8,400,135,0,0,0.1839061615916944,-1.4901037102320536
44,3,8,400,300,0,1,0.695051370429005,0.8238424223338019
44,3,8,400,195,0,0,0.20453162850938578,-1.358208461543316
44,3,8,400,44,1,1,0.6990393725410797,0.8427276171931064
44,3,8,400,251,1,1,0.7630639202188328,1.169551403443046
44,3,8,400,48,0,0,4.033034476640678e-05,-10.11836606932354
44,3,8,400,197,1,1,0.9304080322583644,2.592974079621364
44,3,8,400,66,0,1,0.6906754649360041,0.8032790524045392
44,3,8,400,0,0,0,0.04474999661267608,-3.060881720846545
44,3,8,400,85,1,0,0.44713059169432806,-0.2122711189011368
44,3,8,400,210,1,1,0.5891221330599561,0.36033750918905005
44,3,8,400,57,0,0,0.0008551322711535001,-7.063398899783969
44,3,8,400,59,0,0,0.0015247647497294058,-6.484389214908463
44,3,8,400,84,1,1,0.9825341698663935,4.029888713230786
44,3,8,400,315,0,0,0.2921368173116998,-0.8850285852598095
44,3,8,400,271,0,0,0.21126193464879417,-1.3173355226285866
44,3,8,400,215,0,0,0.02140707938075571,-3.8223940651300157
44,3,8,400,54,0,0,0.374830570879498,-0.5115485867068061
44,3,8,400,17,0,0,0.29953511453305864,-0.8495125821746201
44,3,8,400,6,0,0,0.03378721475131727,-3.3533016154056043
44,3,8,400,298,1,1,0.9974285620563489,5.960715275625848
44,3,8,400,307,0,1,0.6598634330778509,0.6626856896491178
44,3,8,400,165,1,1,0.9298016561249476,2.583646571187447
44,3,8,400,207,0,0,0.00026530784656987995,-8.234354377995873
44,3,8,400,161,1,1,0.884627301718262,2.036998685570079
44,3,8,400,184,0,0,0.04458752599348027,-3.0646890235272557
44,3,8,400,238,0,0,0.03162658999863706,-3.4216195446056177
44,3,8,400,134,0,1,0.5172940178316422,0.0692036769987332
44,3,8,400,97,1,1,0.5221765700831291,0.0887645167813865
44,3,8,400,72,0,0,0.07598313164424578,-2.498218963669388
44,3,8,400,2,0,0,0.2416537887683349,-1.1436339475051542
44,3,8,400,77,1,1,0.9870495009604566,4.333585867849532
44,3,8,400,164,1,1,0.721513667222053,0.9519823370660059
44,3,8,400,213,0,1,0.9103043293320509,2.317356468111169
44,3,8,400,194,0,0,0.004479098113707982,-5.403844407397726
44,3,8,400,289,0,0,0.13893316077717002,-1.824179171410739
44,3,8,400,73,0,0,0.3634825179096931,-0.5602806815573915
44,3,8,400,249,1,1,0.5339284625284719,0.13592272845256123
44,3,8,400,150,1,1,0.9743509624776105,3.637265522405552
44,3,8,400,263,1,0,0.26020429762796593,-1.0449069876308388
44,3,8,400,245,1,1,0.7566811422087962,1.1345691971212521
44,3,8,400,287,1,1,0.617315639327801,0.47816993829840726
44,3,8,400,247,1,1,0.8944390427742458,2.1369081742570613
44,3,8,400,7,1,0,0.29326935668411036,-0.8795581150911319
44,3,8,400,256,0,0,0.46240989672237026,-0.15064465988226994
44,3,8,400,168,1,1,0.9927830075247448,4.924073806587634
44,3,8,400,78,1,1,0.6909384986999058,0.8045105260511152
44,3,8,400,124,1,1,0.9371224638261779,2.7016250071179666
44,3,8,400,154,1,0,0.23222240883527712,-1.195804525150188
44,3,8,400,199,0,0,0.041667254173454474,-3.1354795028148996
44,3,8,400,127,0,0,0.15354052063640708,-1.70709782170665
44,3,8,400,37,1,0,0.46988166993341507,-0.12061934899640059
44,3,8,400,151,1,1,0.8210648196600053,1.523578439165214
44,3,8,400,113,0,0,0.2466093087667325,-1.1167786010414504
44,3,8,400,187,1,1,0.9771005798551399,3.753478005340694
44,3,8,400,92,0,0,0.16236511208306578,-1.6407347333555262
44,3,8,400,312,0,0,0.004066163298633333,-5.500980949978146
44,3,8,400,171,1,0,0.1622873778758899,-1.6413064074719417
44,3,8,400,101,1,1,0.9976802644140383,6.063979641026654
44,3,8,400,292,1,1,0.6549702382934478,0.6409591177562287
44,3,9,450,176,1,1,0.8619088480425907,1.8312355318027136
44,3,9,450,10,1,0,0.278127921234896,-0.9537667907878216
44,3,9,450,279,0,0,0.26318095771064903,-1.029500481480777
44,3,9,450,135,0,0,0.07679373740309124,-2.4867295867082024
44,3,9,450,300,0,1,0.676875899777908,0.7394514864198117
44,3,9,450,195,0,0,0.2242081577739383,-1.2413093435230464
44,3,9,450,44,1,1,0.7307947217159607,0.9986583969926885
44,3,9,450,251,1,1,0.8546421872718607,1.7714845102247223
44,3,9,450,48,0,0,3.2062021656322784e-06,-12.65042024103236
44,3,9,450,197,1,1,0.9525046224707501,2.9984625688452624
44,3,9,450,66,0,1,0.6567858376526217,0.6490033629141336
44,3,9,450,0,0,0,0.0020358796506513223,-6.194789337852323
44,3,9,450,85,1,1,0.6931938219674718,0.8150934391706064
44,3,9,450,210,1,0,0.3765657148217313,-0.5041507895301445
44,3,9,450,57,0,0,0.00023908301260630905,-8.338460621660637
44,3,9,450,59,0,0,0.00057171994835476,-7.466289403813941
44,3,9,450,84,1,1,0.9910545921503231,4.707629309564726
44,3,9,450,315,0,0,0.3322380958776352,-0.698079810904733
44,3,9,450,271,0,0,0.2981313192994315,-0.8562122637684885
44,3,9,450,215,0,0,0.009764481542695857,-4.619191342773936
44,3,9,450,54,0,0,0.2717748023975761,-0.9856365467188598
44,3,9,450,17,0,0,0.49574088139953487,-0.017036886477401425
44,3,9,450,6,0,0,0.07033095600022231,-2.5816166128528417
44,3,9,450,298,1,1,0.9994220483547018,7.455442232721402
44,3,9,450,307,0,1,0.7525327348359461,1.1121661858220466
44,3,9,450,165,1,1,0.798860360845215,1.3791867740754864
44,3,9,450,207,0,0,0.0002569297250490094,-8.266450991113437
44,3,9,450,161,1,1,0.9289227698030481,2.5702585676220995
44,3,9,450,184,0,0,0.04520291111728999,-3.050337355517117
44,3,9,450,238,0,0,0.06682120765584562,-2.6365763041196457
44,3,9,450,134,0,1,0.5133389575135411,0.053368493441934395
44,3,9,450,97,1,1,0.6702139977364376,0.7091530948759143
44,3,9,450,72,0,0,0.09133643395503555,-2.297425145749754
44,3,9,450,2,0,0,0.15942406395816963,-1.6625195742174936
44,3,9,450,77,1,1,0.9800391700022102,3.8938206871815026
44,3,9,450,164,1,1,0.8873974411892332,2.0644285152165196
44,3,9,450,213,0,1,0.9231864118370553,2.486449623389623
44,3,9,450,194,0,0,0.000728963959438351,-7.223157035751046
44,3,9,450,289,0,0,0.1455125440167307,-1.770239526429719
44,3,9,450,73,0,0,0.18883734236937136,-1.4575825761572272
44,3,9,450,249,1,1,0.5175383961152952,0.07018237760749477
44,3,9,450,150,1,1,0.9907854987499275,4.677719595654171
44,3,9,450,263,1,0,0.3183449239734643,-0.7613883147425535
44,3,9,450,245,1,1,0.7950861778014667,1.3558609972949587
44,3,9,450,287,1,0,0.44371356835670095,-0.22610408848339505
44,3,9,450,247,1,1,0.9588955876858845,3.1496667214014584
44,3,9,450,7,1,0,0.4049942457358976,-0.38469821758487915
44,3,9,450,256,0,0,0.367569757699945,-0.5426568081551975
44,3,9,450,168,1,1,0.9971894781442716,5.871570620308757
44,3,9,450,78,1,1,0.790459044388759,1.327694633118616
44,3,9,450,124,1,1,0.944120149740375,2.827049580606044
44,3,9,450,154,1,0,0.3030643435193619,-0.8327479537357186
44,3,9,450,199,0,0,0.08345382251013193,-2.3963189955628534
44,3,9,450,127,0,0,0.05275089409372727,-2.887981384158027
44,3,9,450,37,1,1,0.583610697594353,0.33761350109189037
44,3,9,450,151,1,1,0.8667545658628147,1.8725630552760826
44,3,9,450,113,0,0,0.2879527445475539,-0.9053478939860535
44,3,9,450,187,1,1,0.9689413412478803,3.4403264404040286
44,3,9,450,92,0,0,0.11951539010241737,-1.997027298414807
44,3,9,450,312,0,0,0.000685817520343507,-7.2842129181534885
44,3,9,450,171,1,0,0.04384779514744612,-3.08219267462181
44,3,9,450,101,1,1,0.9981311353906978,6.280553580197749
44,3,9,450,292,1,1,0.7311930304451414,1.0006839517112331
44,3,10,500,176,1,1,0.9482616223501061,2.9084306166779665
44,3,10,500,10,1,0,0.1743447974245848,-1.5551423232361972
44,3,10,500,279,0,0,0.46736873216004476,-0.13071085710259242
44,3,10,500,135,0,0,0.021644526029347484,-3.8111204911249765
44,3,10,500,300,0,1,0.8780975921354383,1.974536951154234
44,3,10,500,195,0,0,0.39508262749372186,-0.4259969477802168
44,3,10,500,44,1,1,0.8260462803942985,1.5578615169262418
44,3,10,500,251,1,1,0.8607813851429285,1.821795097726298
44,3,10,500,48,0,0,7.372966244270987e-07,-14.120274812953962
44,3,10,500,197,1,1,0.984780456696686,4.169838384096046
44,3,10,500,66,0,1,0.7910388607099483,1.3311987968796324
44,3,10,500,0,0,0,0.0007054518207444447,-7.255966379170664
44,3,10,500,85,1,1,0.7906392057464996,1.3287826875610382
44,3,10,500,210,1,1,0.6597262509715307,0.6620745398669551
44,3,10,500,57,0,0,2.8713155319759554e-05,-10.458126453141409
44,3,10,500,59,0,0,0.0007339335831586367,-7.21635781655951
44,3,10,500,84,1,1,0.9928703319457322,4.936335396250666
44,3,10,500,315,0,1,0.5164660809756086,0.06588814996061709
44,3,10,500,271,0,1,0.5575431475584706,0.23119694397617296
44,3,10,500,215,0,0,0.016168449071282457,-4.108392939287384
44,3,10,500,54,0,0,0.08012713451767794,-2.440620916068668
44,3,10,500,17,0,0,0.37989834256400185,-0.4899797308427507
44,3,10,500,6,0,0,0.043656607961757264,-3.0867623892713216
44,3,10,500,298,1,1,0.9999902561893412,11.538868534910693
44,3,10,500,307,0,1,0.7228524136395199,0.9586549037651069
44,3,10,500,165,1,1,0.8829023370380273,2.0202062781276684
44,3,10,500,207,0,0,0.002113037283540425,-6.157513622770294
44,3,10,500,161,1,1,0.9871011274971961,4.33763258899082
44,3,10,500,184,0,0,0.03506530700918947,-3.3148481860101073
44,3,10,500,238,0,0,0.027028840602464264,-3.5834499744619204
44,3,10,500,134,0,0,0.44080763119017735,-0.23788497437971817
44,3,10,500,97,1,1,0.9275978435183425,2.5503621959753766
44,3,10,500,72,0,0,0.11833728021257127,-2.008270724842528
44,3,10,500,2,0,0,0.08888550592438436,-2.327319477662259
44,3,10,500,77,1,1,0.9932367060940582,4.989458974782728
44,3,10,500,164,1,1,0.911372575347224,2.3305104446468197
44,3,10,500,213,0,1,0.9708509812758667,3.505751737928961
44,3,10,500,194,0,0,0.00035492091251678934,-7.943260591039371
44,3,10,500,289,0,0,0.05944233361752943,-2.76146630177117
44,3,10,500,73,0,0,0.15366839207255586,-1.7061142718474944
44,3,10,500,249,1,1,0.5723403508143001,0.2914061662824343
44,3,10,500,150,1,1,0.9931556161132415,4.977458919421695
44,3,10,500,263,1,1,0.5272485760083291,0.10910239888567613
44,3,10,500,245,1,1,0.9074445479847147,2.2828245139753913
44,3,10,500,287,1,1,0.5208043496578758,0.08326547289251379
44,3,10,500,247,1,1,0.9402954693514575,2.756786247190922
44,3,10,500,7,1,0,0.12660031296331187,-1.9313583009527173
44,3,10,500,256,0,0,0.26683300610294214,-1.0107504810248553
44,3,10,500,168,1,1,0.9985031045910446,6.502864026206584
44,3,10,500,78,1,1,0.8695021840575762,1.8965643550964666
44,3,10,500,124,1,1,0.9007020056811236,2.2050490929413287
44,3,10,500,154,1,0,0.2891365177244073,-0.89958144707062
44,3,10,500,199,0,0,0.11722906994770235,-2.018935861100595
44,3,10,500,127,0,0,0.02520679197400487,-3.655111873189741
44,3,10,500,37,1,1,0.7135965277085278,0.9129161564389212
44,3,10,500,151,1,1,0.7807651760588467,1.2701310229694904
44,3,10,500,113,0,0,0.20850154832793508,-1.333981455880123
44,3,10,500,187,1,1,0.9569286275436318,3.1008702450286747
44,3,10,500,92,0,0,0.1831365507354487,-1.4952398906574011
44,3,10,500,312,0,0,0.0002231418643764482,-8.407479658882824
44,3,10,500,171,1,0,0.016216409581019532,-4.105382277764752
44,3,10,500,101,1,1,0.9926073889679026,4.899854214987821
44,3,10,500,292,1,1,0.8985067770414304,2.1807422214406187
44,4,1,50,246,0,1,0.5015894525783836,0.006357831729816854
44,4,1,50,126,0,0,0.3015185329325203,-0.8400771624974926
44,4,1,50,224,1,0,0.33102845556899135,-0.7035371845724514
44,4,1,50,311,0,0,0.3647058130406363,-0.5549971412317105
44,4,1,50,100,1,0,0.3949810570630288,-0.4264219612315969
44,4,1,50,91,1,1,0.6278839118193617,0.523149424997098
44,4,1,50,253,1,1,0.8390953200241131,1.651512171670307
44,4,1,50,111,0,1,0.7666322692616961,1.189391793101934
44,4,1,50,26,0,1,0.8311279129910489,1.5936421628539221
44,4,1,50,9,0,0,0.11208685970944295,-2.0695998193751586
44,4,1,50,20,0,1,0.8398533004767854,1.6571369671125633
44,4,1,50,272,0,0,0.46316225342729367,-0.14761846887918365
44,4,1,50,60,1,1,0.9242932062195409,2.5021614415283238
44,4,1,50,63,1,0,0.2991374708043076,-0.8514085247865231
44,4,1,50,99,0,0,0.42630615792553733,-0.29693810912846824
44,4,1,50,95,0,0,0.4794382412200179,-0.08229344607325911
44,4,1,50,220,1,1,0.5822828432624889,0.332151769700723
44,4,1,50,132,1,1,0.642475255884652,0.5861237297384447
44,4,1,50,62,0,1,0.5646834913059936,0.26019200909654744
44,4,1,50,223,1,0,0.33643406040822427,-0.6792260575832341
44,4,1,50,181,1,1,0.526000801236193,0.10409710467734135
44,4,1,50,266,1,0,0.2720773372291758,-0.9841084561650812
44,4,1,50,274,1,0,0.05248577410235216,-2.893299787584159
44,4,1,50,109,0,1,0.6524466015696175,0.6298109814256064
44,4,1,50,314,0,1,0.6655892777557285,0.6883028354121024
44,4,1,50,116,1,0,0.44218027974848984,-0.23231815653817556
44,4,1,50,254,0,0,0.4314578576542809,-0.27590559846954144
44,4,1,50,160,0,0,0.33349582352175844,-0.6924160637789388
44,4,1,50,47,1,1,0.8373814981358917,1.638872780682245
44,4,1,50,76,0,0,0.13142670160288683,-1.8884026847104043
44,4,1,50,74,0,1,0.9054115170409398,2.258853831283231
44,4,1,50,232,1,1,0.7768768976988403,1.2475582575909234
44,4,1,50,71,1,0,0.23055376070899306,-1.205187015947551
44,4,1,50,284,1,0,0.26798111353799436,-1.004889808651628
44,4,1,50,308,0,1,0.8336974085101955,1.6120615476922961
44,4,1,50,114,0,1,0.5661938842236203,0.26633887473672313
44,4,1,50,102,1,1,0.592607696800822,0.3747560121208857
44,4,1,50,281,0,0,0.3792511719158734,-0.4927278281714895
44,4,1,50,15,1,0,0.4889091863917892,-0.044370532518860806
44,4,1,50,149,0,0,0.39536797047725075,-0.424803155240992
44,4,1,50,120,1,0,0.2925291745807316,-0.8831319886563077
44,4,1,50,178,1,1,0.9648517904079279,3.3124008237288725
44,4,1,50,282,0,1,0.8559595128991097,1.7821286565274317
44,4,1,50,275,0,0,0.24320342614755946,-1.1351962528062662
44,4,1,50,129,1,1,0.5222720689978824,0.08914726863733913
44,4,1,50,250,1,1,0.6763538515769243,0.7370656036873787
44,4,1,50,123,0,0,0.4419763631151297,-0.23314491796022385
44,4,1,50,177,1,0,0.35865991519783574,-0.5811852416618387
44,4,1,50,142,1,1,0.6052052110725004,0.42720148417323023
44,4,1,50,89,1,0,0.4642556007008513,-0.14322191621835256
44,4,1,50,61,0,0,0.4055435374947393,-0.38241924442141617
44,4,1,50,104,1,0,0.12650194888697944,-1.9322481841773513
44,4,1,50,258,0,0,0.49418030527971224,-0.023279830200464646
44,4,1,50,241,1,1,0.590626720851204,0.36655680907958044
44,4,1,50,183,0,0,0.44232271133940065,-0.23174072752194697
44,4,1,50,217,0,1,0.9817442045094043,3.9848481994710876
44,4,1,50,96,1,0,0.4749194859409723,-0.10040632456042481
44,4,1,50,27,0,0,0.21300116034964225,-1.3069291606748394
44,4,1,50,136,0,0,0.4147467392978921,-0.34437661063420466
44,4,1,50,267,1,1,0.615906747019866,0.47221019795791974
44,4,1,50,34,1,0,0.29244346622577316,-0.8835461625889798
44,4,1,50,117,0,1,0.8658657608711103,1.8648888029620194
44,4,1,50,265,0,0,0.2751876566956714,-0.9684595315990125
44,4,2,100,246,0,1,0.5789214119292145,0.3183472514049779
44,4,2,100,126,0,0,0.35630501088476896,-0.5914378583444725
44,4,2,100,224,1,0,0.25421390248253894,-1.0762627781586036
44,4,2,100,311,0,0,0.3568629508090396,-0.5890060250090312
44,4,2,100,100,1,0,0.4637040496637399,-0.14543963011451022
44,4,2,100,91,1,0,0.42374881980465867,-0.30740276880105877
44,4,2,100,253,1,1,0.5987432759636301,0.40023148651183604
44,4,2,100,111,0,1,0.771109264355782,1.2145853284707187
44,4,2,100,26,0,1,0.6344345688729086,0.5512888781936699
44,4,2,100,9,0,0,0.009144596338216349,-4.685405473453839
44,4,2,100,20,0,1,0.9589538438026182,3.1511457497955853
44,4,2,100,272,0,1,0.6002618840090432,0.40655641066859294
44,4,2,100,60,1,1,0.7340120235029414,1.0150743026533302
44,4,2,100,63,1,0,0.42138685563531425,-0.3170828010661697
44,4,2,100,99,0,1,0.5671697557811495,0.2703130463821772
44,4,2,100,95,0,1,0.5994923003874999,0.4033501396711503
44,4,2,100,220,1,1,0.7079325844587321,0.8853642187069342
44,4,2,100,132,1,0,0.33404129528171445,-0.6899630397884151
44,4,2,100,62,0,1,0.5460525438734979,0.1847337493759283
44,4,2,100,223,1,1,0.5603287868298478,0.24249652598893845
44,4,2,100,181,1,0,0.32173953227048013,-0.7457890726471152
44,4,2,100,266,1,0,0.3294611798222454,-0.7106230668112793
44,4,2,100,274,1,0,0.3269549759834862,-0.721989754583816
44,4,2,100,109,0,0,0.2356127822123994,-1.1768847861583134
44,4,2,100,314,0,0,0.28902192853045616,-0.9001390250107224
44,4,2,100,116,1,0,0.45709776751512027,-0.1720319517432337
44,4,2,100,254,0,1,0.5550616176805899,0.22114332455087699
44,4,2,100,160,0,1,0.8739880535584774,1.93668999137976
44,4,2,100,47,1,1,0.5869586190634595,0.35140653779620995
44,4,2,100,76,0,1,0.5454032348355063,0.18211460590986783
44,4,2,100,74,0,1,0.631520159470685,0.5387438611408003
44,4,2,100,232,1,0,0.3189667105583106,-0.7585244464062187
44,4,2,100,71,1,0,0.09868767384111658,-2.211891787901178
44,4,2,100,284,1,1,0.5272218534184392,0.10899519043565153
44,4,2,100,308,0,0,0.2639362876449976,-1.0256089413396365
44,4,2,100,114,0,1,0.5477424143393707,0.19155323232284185
44,4,2,100,102,1,1,0.6657698777661728,0.6891143374949419
44,4,2,100,281,0,1,0.6484143286069683,0.6120764756230864
44,4,2,100,15,1,0,0.37952896629728844,-0.49154799991563003
44,4,2,100,149,0,1,0.5081052439988938,0.032423816303918995
44,4,2,100,120,1,1,0.7538655964806161,1.1193363556100921
44,4,2,100,178,1,1,0.8513254224394118,1.7450345812962396
44,4,2,100,282,0,1,0.7058890404031583,0.8755009488427326
44,4,2,100,275,0,0,0.07170997105755823,-2.560714410856061
44,4,2,100,129,1,0,0.4050079691155368,-0.384641268243007
44,4,2,100,250,1,1,0.5348072560722269,0.1394545901844859
44,4,2,100,123,0,0,0.3256211333053577,-0.7280575319904068
44,4,2,100,177,1,0,0.38850090412257215,-0.45361797957489625
44,4,2,100,142,1,1,0.591508468549292,0.3702048171476378
44,4,2,100,89,1,0,0.12641543937850216,-1.933031310317971
44,4,2,100,61,0,0,0.29690560762908325,-0.8620768847383337
44,4,2,100,104,1,1,0.9216376612510305,2.4648087153390437
44,4,2,100,258,0,1,0.8227369599347414,1.5350018068520321
44,4,2,100,241,1,0,0.3773201635624406,-0.5009384132264182
44,4,2,100,183,0,0,0.38796612466649005,-0.45586960458145553
44,4,2,100,217,0,1,0.8485259369081383,1.7230862425809872
44,4,2,100,96,1,0,0.4342773367642077,-0.2644206090203837
44,4,2,100,27,0,0,0.12450177703053396,-1.9504731328511333
44,4,2,100,136,0,0,0.3340544842480664,-0.6899037528493996
44,4,2,100,267,1,0,0.23193791572133554,-1.1974008375805143
44,4,2,100,34,1,0,0.4072346777311415,-0.3754089510413202
44,4,2,100,117,0,0,0.17962547751381133,-1.5188869679375094
44,4,2,100,265,0,0,0.10742300393755849,-2.117338431528477
44,4,3,150,246,0,1,0.6959197938521099,0.8279429123552773
44,4,3,150,126,0,0,0.3744148107029525,-0.5133232122310598
44,4,3,150,224,1,0,0.2614338388918199,-1.0385294411161898
44,4,3,150,311,0,0,0.215382527827541,-1.2927806559937292
44,4,3,150,100,1,0,0.34649825066110795,-0.6344674399172231
44,4,3,150,91,1,0,0.40136808116565387,-0.3997680020430779
44,4,3,150,253,1,1,0.6414360288327777,0.5816023725434071
44,4,3,150,111,0,1,0.7522107071411587,1.1104377209093776
44,4,3,150,26,0,0,0.3529156079270857,-0.606247764642193
44,4,3,150,9,0,0,0.02028101064993506,-3.8775807726933995
44,4,3,150,20,0,1,0.9010245017507917,2.2086601241195893
44,4,3,150,272,0,1,0.6556115422333966,0.6437981943600891
44,4,3,150,60,1,1,0.7490913809903139,1.0937721749151867
44,4,3,150,63,1,0,0.2161809011166181,-1.2880626901634518
44,4,3,150,99,0,1,0.6909852552203352,0.8047294917263821
44,4,3,150,95,0,0,0.21294004617679926,-1.3072937729832024
44,4,3,150,220,1,0,0.26198687361125544,-1.0356672090912942
44,4,3,150,132,1,0,0.41707834128181237,-0.3347787282596073
44,4,3,150,62,0,1,0.5720293978516375,0.2901358782511284
44,4,3,150,223,1,1,0.6012939022892184,0.41085928886195194
44,4,3,150,181,1,0,0.470251039359382,-0.11913655675959872
44,4,3,150,266,1,1,0.5431955169002818,0.173213850646464
44,4,3,150,274,1,0,0.39413550255628726,-0.4299615941985567
44,4,3,150,109,0,0,0.479964698856974,-0.0801841389353094
44,4,3,150,314,0,0,0.1535397030568882,-1.7071041124471167
44,4,3,150,116,1,0,0.2651278577377588,-1.0194843363164523
44,4,3,150,254,0,0,0.3751495824646738,-0.5101874561396885
44,4,3,150,160,0,1,0.6524530041173433,0.6298392164508944
44,4,3,150,47,1,0,0.439613577374804,-0.2427304783624446
44,4,3,150,76,0,1,0.7559285603966625,1.1304859071850726
44,4,3,150,74,0,1,0.529537907021781,0.11828936444755264
44,4,3,150,232,1,0,0.4504602198583986,-0.19881139361730737
44,4,3,150,71,1,0,0.25497670385106536,-1.0722433043509554
44,4,3,150,284,1,0,0.4269379928492007,-0.2943551389088346
44,4,3,150,308,0,0,0.19517374745625268,-1.4167362443295537
44,4,3,150,114,0,0,0.4657118294045003,-0.13736828770723708
44,4,3,150,102,1,1,0.8420466867472091,1.6735359565277914
44,4,3,150,281,0,0,0.3926144326876018,-0.43633574792834223
44,4,3,150,15,1,0,0.37565407765263575,-0.5080358638219178
44,4,3,150,149,0,0,0.3798522210597764,-0.4901755176325458
44,4,3,150,120,1,1,0.6854893349531688,0.7791149541419271
44,4,3,150,178,1,1,0.6947316550133978,0.8223344536903608
44,4,3,150,282,0,0,0.38911095324321215,-0.45105082001689345
44,4,3,150,275,0,0,0.4098448104127275,-0.3646069586549226
44,4,3,150,129,1,0,0.32104023589863595,-0.7489954074666775
44,4,3,150,250,1,1,0.6540460293509354,0.6368719968491926
44,4,3,150,123,0,0,0.42703631294351185,-0.2939532896971635
44,4,3,150,177,1,0,0.46737784446939173,-0.1306742520003395
44,4,3,150,142,1,1,0.6458808624732608,0.6009816601581625
44,4,3,150,89,1,0,0.16098513825782426,-1.650916368182079
44,4,3,150,61,0,0,0.17604579370975434,-1.5433708007477511
44,4,3,150,104,1,1,0.6975863537055683,0.8358305407059342
44,4,3,150,258,0,1,0.5456305603874381,0.18303150662943168
44,4,3,150,241,1,0,0.31471096337782417,-0.7781860595228559
44,4,3,150,183,0,0,0.36907454777168597,-0.5361890631754901
44,4,3,150,217,0,0,0.23813155862991192,-1.1629506033560029
44,4,3,150,96,1,0,0.47255274276318016,-0.10989950847052798
44,4,3,150,27,0,0,0.2156404779617854,-1.291254922204618
44,4,3,150,136,0,0,0.3065744099469849,-0.8161834387666661
44,4,3,150,267,1,0,0.4483460135340504,-0.20735572767734012
44,4,3,150,34,1,1,0.5998232740957831,0.40472880435897046
44,4,3,150,117,0,0,0.08615869667394148,-2.36146602171037
44,4,3,150,265,0,0,0.15539368747512924,-1.6929088004832047
44,4,4,200,246,0,1,0.5704828428224923,0.2838214074300204
44,4,4,200,126,0,0,0.23265072668904727,-1.1934037717945631
44,4,4,200,224,1,0,0.41532299824641644,-0.34200303446252533
44,4,4,200,311,0,0,0.3101046120858493,-0.7996302754840829
44,4,4,200,100,1,0,0.2872836588747632,-0.9086134166178708
44,4,4,200,91,1,1,0.7877298690846696,1.3112955593606128
44,4,4,200,253,1,1,0.7703510056628996,1.2102942308382945
44,4,4,200,111,0,0,0.42597742264728117,-0.2982823825287953
44,4,4,200,26,0,1,0.7247439130422877,0.9681164794205955
44,4,4,200,9,0,0,0.01546936767637301,-4.1533032226294875
44,4,4,200,20,0,1,0.6236264080233822,0.5049692382003095
44,4,4,200,272,0,1,0.6286180845553484,0.5262929387254524
44,4,4,200,60,1,1,0.8548721459059178,1.7733368145245547
44,4,4,200,63,1,0,0.37629029755774,-0.5053241262042776
44,4,4,200,99,0,1,0.67088674041232,0.7121983849032245
44,4,4,200,95,0,0,0.2214142016672831,-1.2574440319497664
44,4,4,200,220,1,0,0.07986212509223814,-2.444221811342877
44,4,4,200,132,1,0,0.45738925268145575,-0.17085742233290518
44,4,4,200,62,0,1,0.586005466735735,0.34747634937162675
44,4,4,200,223,1,1,0.669219516752692,0.7046571702308309
44,4,4,200,181,1,1,0.6930727312915276,0.8145241352662594
44,4,4,200,266,1,1,0.7541177157858349,1.1206955756033243
44,4,4,200,274,1,0,0.3685863607132413,-0.5382861359456611
44,4,4,200,109,0,0,0.3222428274626513,-0.7434836872969665
44,4,4,200,314,0,0,0.20466970799019427,-1.357359990766024
44,4,4,200,116,1,0,0.16245570295741898,-1.6400687868683188
44,4,4,200,254,0,0,0.43926590113074,-0.24414188904880668
44,4,4,200,160,0,1,0.632167485752753,0.5415266579003193
44,4,4,200,47,1,0,0.3083144176390557,-0.8080113928496856
44,4,4,200,76,0,1,0.7499480606512356,1.0983352979885495
44,4,4,200,74,0,0,0.3091843876333773,-0.8039351237705052
44,4,4,200,232,1,0,0.2744160060193094,-0.9723316144206401
44,4,4,200,71,1,0,0.33965305521182004,-0.6648407000501082
44,4,4,200,284,1,1,0.6117339209981321,0.4546065431483035
44,4,4,200,308,0,0,0.1994085863514428,-1.389994804064653
44,4,4,200,114,0,1,0.7490556770685446,1.0935822224238425
44,4,4,200,102,1,1,0.8402240315063332,1.6598959233247998
44,4,4,200,281,0,0,0.35656800923675924,-0.5902913440835806
44,4,4,200,15,1,0,0.3423408940769601,-0.652879714044886
44,4,4,200,149,0,1,0.5229426836724529,0.09183522292534985
44,4,4,200,120,1,1,0.572605063839571,0.29248774141016814
44,4,4,200,178,1,1,0.7919711316901835,1.336848081242056
44,4,4,200,282,0,0,0.3653914631919404,-0.5520390505657538
44,4,4,200,275,0,0,0.49487519372437044,-0.020499942993443154
44,4,4,200,129,1,0,0.4875406677227268,-0.04984764828169075
44,4,4,200,250,1,1,0.6634095244125965,0.6785254979591626
44,4,4,200,123,0,0,0.2857442927844361,-0.9161437018626902
44,4,4,200,177,1,0,0.22620897304368848,-1.2298426145996795
44,4,4,200,142,1,1,0.5116696729916346,0.04668717042236481
44,4,4,200,89,1,0,0.2924733313561167,-0.8834018353389372
44,4,4,200,61,0,0,0.12079612549379652,-1.9849125986743994
44,4,4,200,104,1,1,0.6051930618211515,0.42715063626128447
44,4,4,200,258,0,1,0.5123492316814483,0.04940697467749411
44,4,4,200,241,1,0,0.2606483052981644,-1.0426017046042926
44,4,4,200,183,0,0,0.43859893187308424,-0.24685016586799535
44,4,4,200,217,0,0,0.25249254062718196,-1.085362578100649
44,4,4,200,96,1,0,0.24185427644575225,-1.142540233262088
44,4,4,200,27,0,0,0.08160396242513723,-2.420750891146005
44,4,4,200,136,0,0,0.3279505409196612,-0.717469130501623
44,4,4,200,267,1,0,0.3407333320417458,-0.66002795425145
44,4,4,200,34,1,1,0.6114402129515165,0.4533701292290199
44,4,4,200,117,0,0,0.15249948072667863,-1.715130260995592
44,4,4,200,265,0,0,0.1641156272699235,-1.6279190696614774
44,4,5,250,246,0,0,0.14793013459421564,-1.7509284263629046
44,4,5,250,126,0,0,0.17846142061266457,-1.526806451663111
44,4,5,250,224,1,1,0.5159708872332596,0.06390528854712996
44,4,5,250,311,0,0,0.07589364143504619,-2.49949426635657
44,4,5,250,100,1,1,0.6266766814051055,0.5179858979248032
44,4,5,250,91,1,1,0.8704910652310003,1.9053076220901652
44,4,5,250,253,1,1,0.8528012465024954,1.7567427768978434
44,4,5,250,111,0,0,0.2927233686546284,-0.8821938354988674
44,4,5,250,26,0,1,0.6250463462443115,0.5110233726303198
44,4,5,250,9,0,0,0.02106601859335551,-3.8388029564962776
44,4,5,250,20,0,0,0.26984230900081313,-0.995422778239502
44,4,5,250,272,0,0,0.3509650679257575,-0.6147998427809208
44,4,5,250,60,1,1,0.8770270143052827,1.9645730922301663
44,4,5,250,63,1,0,0.3057750275796856,-0.8199464481589704
44,4,5,250,99,0,1,0.5692022152865789,0.27859695513140553
44,4,5,250,95,0,0,0.2428245388903964,-1.1372558910519799
44,4,5,250,220,1,0,0.04761486484585491,-2.9958245075512497
44,4,5,250,132,1,1,0.6817821227011511,0.7619738417110492
44,4,5,250,62,0,0,0.37480783890285757,-0.5116455951952615
44,4,5,250,223,1,1,0.5226818088450318,0.09078954691851228
44,4,5,250,181,1,1,0.9006951319193407,2.2049722401763887
44,4,5,250,266,1,1,0.8962244242170989,2.1559602127668147
44,4,5,250,274,1,0,0.31628398572179084,-0.770902148605359
44,4,5,250,109,0,0,0.4142837532726248,-0.3462843182744314
44,4,5,250,314,0,0,0.1661083897687809,-1.613462904469678
44,4,5,250,116,1,0,0.15502583666631317,-1.6957142597551753
44,4,5,250,254,0,0,0.22167534830808783,-1.2559298107090782
44,4,5,250,160,0,1,0.5795740283979508,0.32102498450936123
44,4,5,250,47,1,0,0.4608291353472737,-0.15700518860737248
44,4,5,250,76,0,1,0.5605823443818441,0.24352580374819116
44,4,5,250,74,0,0,0.20751003115386552,-1.3400001666514587
44,4,5,250,232,1,0,0.20812246279719213,-1.3362800852187
44,4,5,250,71,1,1,0.5957266152921021,0.38769051872840016
44,4,5,250,284,1,1,0.6122473545577825,0.45676875039060355
44,4,5,250,308,0,0,0.1115078694118342,-2.0754306244979506
44,4,5,250,114,0,0,0.4924063833811046,-0.030376802109842838
44,4,5,250,102,1,1,0.7425801178256207,1.0594222331475178
44,4,5,250,281,0,1,0.6179532161211341,0.48086968052807016
44,4,5,250,15,1,0,0.3115537961327696,-0.7928651562646519
44,4,5,250,149,0,0,0.48467964401466823,-0.061300612839426116
44,4,5,250,120,1,0,0.4691951792721476,-0.12337554205055229
44,4,5,250,178,1,1,0.8055547663448196,1.4213806424309676
44,4,5,250,282,0,0,0.25854559238410063,-1.0535416217371187
44,4,5,250,275,0,1,0.5927332309763564,0.3752760114583289
44,4,5,250,129,1,1,0.6604927931132858,0.6654910379269979
44,4,5,250,250,1,1,0.7247440214213325,0.9681170227007794
44,4,5,250,123,0,0,0.22146601722606563,-1.2571434853119472
44,4,5,250,177,1,0,0.24835297771994425,-1.1074157969928602
44,4,5,250,142,1,1,0.549015116541571,0.19669215470414936
44,4,5,250,89,1,0,0.18964341547400765,-1.452328830429011
44,4,5,250,61,0,0,0.10986314896822941,-2.092139725141403
44,4,5,250,104,1,0,0.4205306396738206,-0.3205954471594006
44,4,5,250,258,0,0,0.10913773820096868,-2.0995790894807116
44,4,5,250,241,1,0,0.4140649744278177,-0.3471860009930361
44,4,5,250,183,0,0,0.22569022385205417,-1.2328086530052835
44,4,5,250,217,0,0,0.06609723056828594,-2.648245483184535
44,4,5,250,96,1,0,0.1712611097474603,-1.5767157865076151
44,4,5,250,27,0,0,0.02440929218718862,-3.6880792545626675
44,4,5,250,136,0,0,0.19914574801825935,-1.3916420141854533
44,4,5,250,267,1,0,0.3267735699139239,-0.7228142376245323
44,4,5,250,34,1,1,0.5165999032622127,0.06642402501422695
44,4,5,250,117,0,0,0.032544916559149664,-3.392047815281866
44,4,5,250,265,0,0,0.20856829081209521,-1.3335770738737072
44,4,6,300,246,0,0,0.014708332125855645,-4.204523562366669
44,4,6,300,126,0,0,0.3269023472074914,-0.7222289259457173
44,4,6,300,224,1,1,0.8661860961083531,1.8676497192781811
44,4,6,300,311,0,0,0.38093537229888835,-0.4855799396335929
44,4,6,300,100,1,1,0.8712920144955256,1.9124310240403313
44,4,6,300,91,1,1,0.9126471499954394,2.3463936692633767
44,4,6,300,253,1,1,0.7912720846558192,1.3326103207903917
44,4,6,300,111,0,0,0.12392310828997707,-1.9557925841776966
44,4,6,300,26,0,0,0.3794822660671136,-0.4917463182924846
44,4,6,300,9,0,0,0.003237692656636773,-5.729651400561275
44,4,6,300,20,0,0,0.34464403844676395,-0.6426664290018095
44,4,6,300,272,0,0,0.22186191252509882,-1.2548488260689057
44,4,6,300,60,1,1,0.8553021402598187,1.7768069444200374
44,4,6,300,63,1,0,0.12328529423196098,-1.961680497590849
44,4,6,300,99,0,0,0.4236058408808166,-0.3079883283903384
44,4,6,300,95,0,0,0.20617183517884433,-1.3481570482914536
44,4,6,300,220,1,0,0.03578234199232475,-3.293862524153948
44,4,6,300,132,1,0,0.39533719267305834,-0.424931906312051
44,4,6,300,62,0,0,0.3598879557838761,-0.5758504810454611
44,4,6,300,223,1,1,0.5229596596485339,0.09190327020701217
44,4,6,300,181,1,1,0.7314246689322457,1.0018627962852718
44,4,6,300,266,1,1,0.9449663938449451,2.8432053451564134
44,4,6,300,274,1,1,0.5797809407587626,0.3218741989220475
44,4,6,300,109,0,0,0.4082612984734489,-0.37115774804300083
44,4,6,300,314,0,0,0.08691677396608431,-2.351875993382976
44,4,6,300,116,1,0,0.25033005596213553,-1.0968527640713521
44,4,6,300,254,0,0,0.0014181685457170298,-6.556969821259601
44,4,6,300,160,0,1,0.5374852423117928,0.15022283850232743
44,4,6,300,47,1,0,0.46538225715861414,-0.13869286586976076
44,4,6,300,76,0,1,0.5124694312553655,0.04988806931343903
44,4,6,300,74,0,0,0.4136607306120222,-0.3488524334619808
44,4,6,300,232,1,0,0.0717380398920921,-2.5602928282046764
44,4,6,300,71,1,0,0.39471636487926054,-0.42752972317805965
44,4,6,300,284,1,1,0.695960261986088,0.8281341538423661
44,4,6,300,308,0,0,0.017269905979112952,-4.041369060742683
44,4,6,300,114,0,0,0.4050947601511583,-0.3842811166836686
44,4,6,300,102,1,0,0.4549061677925279,-0.1808667759799324
44,4,6,300,281,0,0,0.171183948886713,-1.577259535199047
44,4,6,300,15,1,0,0.19815454564630444,-1.3978686291864912
44,4,6,300,149,0,1,0.5050110298268222,0.020044790436072185
44,4,6,300,120,1,0,0.2076804722252982,-1.3389640472874442
44,4,6,300,178,1,1,0.8175311621491864,1.499709613941372
44,4,6,300,282,0,0,0.2540007345885765,-1.0773874564047259
44,4,6,300,275,0,0,0.2765992965300354,-0.9613934160149559
44,4,6,300,129,1,0,0.2620737929128316,-1.0352177127607338
44,4,6,300,250,1,0,0.4838392432904779,-0.06466555138905547
44,4,6,300,123,0,0,0.24924515856733367,-1.1026421709867806
44,4,6,300,177,1,0,0.15759294603642168,-1.6762479166657447
44,4,6,300,142,1,1,0.5517208265881137,0.20762597613657224
44,4,6,300,89,1,1,0.5892882097172844,0.3610236560519653
44,4,6,300,61,0,0,0.11995258276891113,-1.9928792681379126
44,4,6,300,104,1,0,0.3671917271791966,-0.5442833607016445
44,4,6,300,258,0,0,0.11827007111538154,-2.0089150584786717
44,4,6,300,241,1,0,0.30464925522258335,-0.8252552550138803
44,4,6,300,183,0,0,0.2734392917779213,-0.9772424127914988
44,4,6,300,217,0,0,0.04479086302171186,-3.059926139893862
44,4,6,300,96,1,0,0.16201687407289847,-1.643297473402344
44,4,6,300,27,0,0,0.0532470694296923,-2.8780953932865754
44,4,6,300,136,0,0,0.20516036696270512,-1.3543484236708714
44,4,6,300,267,1,0,0.10867437785751617,-2.1043537655978155
44,4,6,300,34,1,0,0.24610445519088756,-1.1194977632690086
44,4,6,300,117,0,0,0.025940051027219153,-3.625684704990592
44,4,6,300,265,0,0,0.3091789174542461,-0.8039607346192216
44,4,7,350,246,0,0,0.04655796760189956,-3.0193804773355186
44,4,7,350,126,0,0,0.383383421484328,-0.47521181318175315
44,4,7,350,224,1,1,0.8512680050376406,1.7445810137027389
44,4,7,350,311,0,1,0.7498204443974991,1.0976548879238461
44,4,7,350,100,1,1,0.8704647464332216,1.9050741879147206
44,4,7,350,91,1,1,0.9080941750767684,2.290583679637127
44,4,7,350,253,1,1,0.8409345199771717,1.6651978557368043
44,4,7,350,111,0,0,0.10548039486874478,-2.1377617151080868
44,4,7,350,26,0,0,0.07226683209970644,-2.5523788867526624
44,4,7,350,9,0,0,0.0006265077348858709,-7.374722733444953
44,4,7,350,20,0,0,0.11448693040776485,-2.0457065451071443
44,4,7,350,272,0,0,0.3621797181801312,-0.5659160060333377
44,4,7,350,60,1,1,0.8306095034866526,1.5899530930654742
44,4,7,350,63,1,0,0.3295493509876532,-0.7102239786429838
44,4,7,350,99,0,0,0.22997194329779694,-1.2084696356389097
44,4,7,350,95,0,0,0.13229565726432446,-1.8808117919968803
44,4,7,350,220,1,0,0.02703880842049748,-3.5830710131518346
44,4,7,350,132,1,1,0.5984335296052221,0.3989423823456294
44,4,7,350,62,0,1,0.5527845429411333,0.21192782533936894
44,4,7,350,223,1,1,0.7494427412716953,1.0956424465599552
44,4,7,350,181,1,1,0.7485614586491639,1.090954718281999
44,4,7,350,266,1,1,0.9473665474198407,2.890334181781311
44,4,7,350,274,1,1,0.9319818140163015,2.617538191280272
44,4,7,350,109,0,1,0.6950345516517713,0.8237630728498124
44,4,7,350,314,0,0,0.05181055594506671,-2.906960406563698
44,4,7,350,116,1,0,0.19108505507579535,-1.442975132010785
44,4,7,350,254,0,0,0.0012375178116706621,-6.693409386186632
44,4,7,350,160,0,1,0.5165359460548148,0.06616791497943386
44,4,7,350,47,1,0,0.2107233540445212,-1.3205707330413927
44,4,7,350,76,0,0,0.32712865539536057,-0.7212006092680696
44,4,7,350,74,0,0,0.18859950185073368,-1.459136035814714
44,4,7,350,232,1,0,0.1841476706382531,-1.4884953761195692
44,4,7,350,71,1,1,0.6207795532068482,0.49285834233108605
44,4,7,350,284,1,1,0.6162926164641479,0.47384163741225593
44,4,7,350,308,0,0,0.025989815355780172,-3.6237170159065135
44,4,7,350,114,0,0,0.29731053764192117,-0.8601378883037515
44,4,7,350,102,1,1,0.6660243090729663,0.6902579613114357
44,4,7,350,281,0,0,0.276478463579402,-0.9619973840996828
44,4,7,350,15,1,0,0.34201909458102286,-0.6543093441718537
44,4,7,350,149,0,0,0.4027136423590041,-0.394170914922391
44,4,7,350,120,1,0,0.3294396669522104,-0.7107204485200747
44,4,7,350,178,1,1,0.8962803661154786,2.1565618418206
44,4,7,350,282,0,0,0.1422098777391355,-1.7970554781521593
44,4,7,350,275,0,0,0.15086435692728883,-1.7278378069894755
44,4,7,350,129,1,1,0.7304343562717169,0.9968274291109591
44,4,7,350,250,1,0,0.2856451635754807,-0.9166294549414639
44,4,7,350,123,0,0,0.344246517888193,-0.6444269063631964
44,4,7,350,177,1,0,0.09364814971261597,-2.2698829151564874
44,4,7,350,142,1,1,0.7515661940600257,1.1069828523298504
44,4,7,350,89,1,0,0.2402291506062385,-1.1514236118517187
44,4,7,350,61,0,0,0.1485010598982146,-1.7464061597804987
44,4,7,350,104,1,0,0.44203208641153485,-0.23291898506418562
44,4,7,350,258,0,0,0.18831083986574576,-1.4610234581513544
44,4,7,350,241,1,0,0.3886840687574324,-0.4528470468873682
44,4,7,350,183,0,0,0.14950515246397697,-1.7384874967800272
44,4,7,350,217,0,0,0.08243828852584198,-2.4096698425620433
44,4,7,350,96,1,0,0.15717395231476186,-1.6794074190586403
44,4,7,350,27,0,0,0.1496693340274741,-1.737196871702194
44,4,7,350,136,0,0,0.3565929675544301,-0.5901825604637455
44,4,7,350,267,1,0,0.0684093093190628,-2.611384628608251
44,4,7,350,34,1,0,0.2557798493610803,-1.0680197813937047
44,4,7,350,117,0,0,0.0005348446502556778,-7.532999238857971
44,4,7,350,265,0,1,0.6520483413987399,0.6280551443678242
44,4,8,400,246,0,0,0.06150166705267788,-2.725216798737473
44,4,8,400,126,0,0,0.20049530339698868,-1.3832015846636891
44,4,8,400,224,1,1,0.8847103523916161,2.037812669332028
44,4,8,400,311,0,0,0.11295058230144718,-2.060950295767267
44,4,8,400,100,1,1,0.886161097038034,2.0521144421068924
44,4,8,400,91,1,1,0.9933500358001418,5.006471634080579
44,4,8,400,253,1,1,0.91923325595308,2.4319746078898286
44,4,8,400,111,0,0,0.13083795963958256,-1.8935699672691642
44,4,8,400,26,0,0,0.0035700861437994165,-5.631589079456314
44,4,8,400,9,0,0,0.00013985418296654122,-8.874770364420865
44,4,8,400,20,0,0,0.05941741479990637,-2.7619120929246814
44,4,8,400,272,0,0,0.05080589509210905,-2.9276009209802583
44,4,8,400,60,1,1,0.8911400815974417,2.1024397300740567
44,4,8,400,63,1,0,0.2944498450744192,-0.873869176847019
44,4,8,400,99,0,0,0.46285783525632224,-0.14884284263267478
44,4,8,400,95,0,0,0.48865225073706536,-0.04539879287831561
44,4,8,400,220,1,0,0.06729573424079663,-2.6289913288781106
44,4,8,400,132,1,1,0.7929374522003039,1.3427234327122255
44,4,8,400,62,0,1,0.6583114284543606,0.6557784021894453
44,4,8,400,223,1,1,0.7566853089520309,1.1345918284775478
44,4,8,400,181,1,1,0.9074879197477052,2.2833410211642304
44,4,8,400,266,1,1,0.9962686933153223,5.587258503690725
44,4,8,400,274,1,1,0.9698987144448187,3.4726237676300853
44,4,8,400,109,0,1,0.6278964426663367,0.5232030571959779
44,4,8,400,314,0,0,0.03883691296114892,-3.2087729407809973
44,4,8,400,116,1,0,0.28520542524664577,-0.9187854824127188
44,4,8,400,254,0,0,0.00044220728839883803,-7.723289502453729
44,4,8,400,160,0,1,0.7320752540251898,1.0051771722443803
44,4,8,400,47,1,0,0.13727389840278365,-1.838119072945219
44,4,8,400,76,0,0,0.21199525911619665,-1.3129401944272707
44,4,8,400,74,0,0,0.1473138654979225,-1.755826074867378
44,4,8,400,232,1,0,0.46447218005330626,-0.1423511756684117
44,4,8,400,71,1,0,0.4220667825914098,-0.3142947670797641
44,4,8,400,284,1,1,0.7075052824747678,0.8832984891189148
44,4,8,400,308,0,0,0.05921871908228404,-2.7654729873393875
44,4,8,400,114,0,0,0.2912716638724833,-0.8892159037559507
44,4,8,400,102,1,1,0.5966558120643756,0.3915501561326995
44,4,8,400,281,0,0,0.2772900510652408,-0.9579438904323164
44,4,8,400,15,1,0,0.39273396635745783,-0.43583451896636993
44,4,8,400,149,0,0,0.12115262335772059,-1.981560148838434
44,4,8,400,120,1,0,0.2898000941494783,-0.8963551331774666
44,4,8,400,178,1,1,0.9951639475164946,5.326808709596365
44,4,8,400,282,0,0,0.009541631264568627,-4.6425033717645965
44,4,8,400,275,0,0,0.11407610972396577,-2.049765189505365
44,4,8,400,129,1,1,0.9691945826633771,3.448774837367925
44,4,8,400,250,1,0,0.17509589552308594,-1.5499333443229655
44,4,8,400,123,0,0,0.11342779624096246,-2.056196092297503
44,4,8,400,177,1,0,0.19598297252156938,-1.4115926668437424
44,4,8,400,142,1,1,0.7934983585770602,1.3461431102295234
44,4,8,400,89,1,0,0.4122761321908711,-0.354563876412467
44,4,8,400,61,0,0,0.05895599515168103,-2.7701985816732737
44,4,8,400,104,1,0,0.39514191556266864,-0.42574887905571346
44,4,8,400,258,0,0,0.37378586905242456,-0.5160092840179
44,4,8,400,241,1,1,0.5889293668417717,0.35954119942496476
44,4,8,400,183,0,0,0.25757500386153204,-1.0586108954497329
44,4,8,400,217,0,0,0.002192997173761361,-6.1202906929883225
44,4,8,400,96,1,0,0.401572923401384,-0.3989155296678927
44,4,8,400,27,0,0,0.2546090899043866,-1.074179404130267
44,4,8,400,136,0,0,0.19538813316052073,-1.415372001397158
44,4,8,400,267,1,0,0.042529679179917,-3.114092558187852
44,4,8,400,34,1,0,0.32494239225973826,-0.7311501199983913
44,4,8,400,117,0,0,0.00029959911039316775,-8.11276563164164
44,4,8,400,265,0,1,0.6049780902639502,0.42625101188628267
44,4,9,450,246,0,0,0.13010831637148748,-1.9000013959288746
44,4,9,450,126,0,0,0.23239026945939667,-1.1948632863251896
44,4,9,450,224,1,1,0.9180185029311135,2.4157239698146573
44,4,9,450,311,0,0,0.038981263865415595,-3.2049127882915287
44,4,9,450,100,1,1,0.8973129769372992,2.167718965169265
44,4,9,450,91,1,1,0.9976035432899819,6.031364670555029
44,4,9,450,253,1,1,0.9388525619969401,2.731370486571399
44,4,9,450,111,0,0,0.055732670570612854,-2.8298427937740414
44,4,9,450,26,0,0,0.002685196665666606,-5.917312499372412
44,4,9,450,9,0,0,0.0002881031309566584,-8.151903903688394
44,4,9,450,20,0,0,0.026611007207883283,-3.599458854333018
44,4,9,450,272,0,0,0.03389037321478567,-3.3501463149658806
44,4,9,450,60,1,1,0.7112311307272253,0.9013708475236413
44,4,9,450,63,1,0,0.31341766202900734,-0.7841894722728184
44,4,9,450,99,0,0,0.4044452995756447,-0.3869767432452532
44,4,9,450,95,0,1,0.5018457147904526,0.0073828926966362785
44,4,9,450,220,1,0,0.10252398142713515,-2.169489663396697
44,4,9,450,132,1,1,0.7921186896771636,1.337743947904026
44,4,9,450,62,0,1,0.6259097841270029,0.5147092586637817
44,4,9,450,223,1,1,0.6375632128828964,0.5648033508580772
44,4,9,450,181,1,1,0.903561547534306,2.2374392223633297
44,4,9,450,266,1,1,0.996132547879122,5.551284405405115
44,4,9,450,274,1,1,0.9847985410832152,4.171045688820824
44,4,9,450,109,0,0,0.2601256439263841,-1.0453156225321547
44,4,9,450,314,0,0,0.05066349888444394,-2.930557612501411
44,4,9,450,116,1,0,0.3375890626615687,-0.6740567497496276
44,4,9,450,254,0,0,0.0003550592284760849,-7.942870819350601
44,4,9,450,160,0,1,0.6247369249401505,0.5097033275251643
44,4,9,450,47,1,0,0.1954329462436879,-1.4150869766935261
44,4,9,450,76,0,0,0.2231004390452916,-1.2476890074645912
44,4,9,450,74,0,0,0.13225429119738302,-1.8811721917003132
44,4,9,450,232,1,0,0.46330082728756905,-0.14706115968549396
44,4,9,450,71,1,1,0.5083558850316793,0.03342665219329022
44,4,9,450,284,1,1,0.6853051216197522,0.7782606427799472
44,4,9,450,308,0,0,0.024906484121328752,-3.6674052040702882
44,4,9,450,114,0,0,0.2937363618656359,-0.877305956217813
44,4,9,450,102,1,0,0.4953869631798408,-0.018452670858977394
44,4,9,450,281,0,0,0.1757683492846694,-1.545284689065313
44,4,9,450,15,1,1,0.6145480346912556,0.4664705130611823
44,4,9,450,149,0,0,0.16088087498387332,-1.6516884967271763
44,4,9,450,120,1,0,0.41842782883330276,-0.329230653277253
44,4,9,450,178,1,1,0.9964604067741398,5.640197593980449
44,4,9,450,282,0,0,0.029267925378208846,-3.501558283532209
44,4,9,450,275,0,0,0.05928183231345317,-2.7643407017541963
44,4,9,450,129,1,1,0.9729497869743113,3.582637593937914
44,4,9,450,250,1,0,0.21402286690377242,-1.300844835249292
44,4,9,450,123,0,0,0.028806751541086088,-3.5179156803517757
44,4,9,450,177,1,0,0.30080236376309505,-0.8434799933677902
44,4,9,450,142,1,1,0.8122965557151504,1.4650021965143432
44,4,9,450,89,1,0,0.34339870724679056,-0.6481847900384847
44,4,9,450,61,0,0,0.07411381533208967,-2.5251493597136907
44,4,9,450,104,1,0,0.472140552145981,-0.11155332979511101
44,4,9,450,258,0,0,0.3866684795662004,-0.4613379221615097
44,4,9,450,241,1,1,0.6803595662402793,0.7554247127701463
44,4,9,450,183,0,0,0.24574724097508932,-1.1214240039975307
44,4,9,450,217,0,0,0.00394237347707666,-5.532022166579651
44,4,9,450,96,1,1,0.5660102853505854,0.26559141518047735
44,4,9,450,27,0,0,0.10748496261938742,-2.1166924069447033
44,4,9,450,136,0,0,0.2963025564483771,-0.8649674136513669
44,4,9,450,267,1,0,0.1569340950470433,-1.6812191935654592
44,4,9,450,34,1,0,0.49754456634363375,-0.009821813582280792
44,4,9,450,117,0,0,0.00013034348431021942,-8.945207052966975
44,4,9,450,265,0,1,0.6464917330126044,0.6036535396671971
44,4,10,500,246,0,0,0.08217933051928947,-2.4130982054820387
44,4,10,500,126,0,0,0.09107392425124754,-2.3005922349166763
44,4,10,500,224,1,1,0.9468697047262398,2.8804141982951146
44,4,10,500,311,0,0,0.009929697059108197,-4.6022459837299
44,4,10,500,100,1,1,0.9356422861603346,2.6767764304790953
44,4,10,500,91,1,1,0.9981294732970676,6.279662950129364
44,4,10,500,253,1,1,0.9169791896530155,2.401993474612667
44,4,10,500,111,0,0,0.0797501954661235,-2.4457459672058244
44,4,10,500,26,0,0,0.004727134182424654,-5.349697798775521
44,4,10,500,9,0,0,0.00659691103595563,-5.014534997535717
44,4,10,500,20,0,0,0.014650800006568257,-4.208501154176352
44,4,10,500,272,0,0,0.03998211851215525,-3.178519593871347
44,4,10,500,60,1,1,0.8736613156559092,1.9337265180596919
44,4,10,500,63,1,0,0.41513914289526677,-0.3427602197172467
44,4,10,500,99,0,1,0.6123209574729614,0.457078798042422
44,4,10,500,95,0,0,0.11483493328053083,-2.0422784092178676
44,4,10,500,220,1,0,0.07261759441390418,-2.547158760245083
44,4,10,500,132,1,1,0.7898287784408137,1.3238936465537376
44,4,10,500,62,0,1,0.618765846043153,0.48431315965572463
44,4,10,500,223,1,1,0.6766282340518082,0.7383193452640668
44,4,10,500,181,1,1,0.9679089856667459,3.40656199614854
44,4,10,500,266,1,1,0.992300506789638,4.858871481784748
44,4,10,500,274,1,1,0.9635658945264011,3.2751355767793786
44,4,10,500,109,0,0,0.20472084187532555,-1.3570458911446743
44,4,10,500,314,0,0,0.2058534203704173,-1.350103689397566
44,4,10,500,116,1,0,0.3639643442254271,-0.5581987168931695
44,4,10,500,254,0,0,0.0010005409196240796,-6.906213463807527
44,4,10,500,160,0,1,0.5072978759268122,0.029193576919047004
44,4,10,500,47,1,0,0.15093492102504044,-1.727287079729983
44,4,10,500,76,0,0,0.2061785577232843,-1.3481159737616826
44,4,10,500,74,0,0,0.1449400060519598,-1.7748517293992907
44,4,10,500,232,1,0,0.3554805246663662,-0.5950345748560345
44,4,10,500,71,1,1,0.6139405510129572,0.4639067304792204
44,4,10,500,284,1,1,0.8400452752419683,1.65856498455455
44,4,10,500,308,0,0,0.019957829553322096,-3.893974076649653
44,4,10,500,114,0,0,0.4944675663788431,-0.022130637674934506
44,4,10,500,102,1,0,0.1836890746555648,-1.491550801737365
44,4,10,500,281,0,0,0.18730955213266046,-1.467587676856105
44,4,10,500,15,1,1,0.8431920864301675,1.6821732167414534
44,4,10,500,149,0,0,0.08517922372426984,-2.373970622070451
44,4,10,500,120,1,1,0.613605710031829,0.46249423108416743
44,4,10,500,178,1,1,0.9825868415597547,4.032962575574389
44,4,10,500,282,0,0,0.1276375377434397,-1.9220104946788064
44,4,10,500,275,0,0,0.07858948656960425,-2.461667730882748
44,4,10,500,129,1,1,0.974952454641128,3.6616128722743992
44,4,10,500,250,1,0,0.16740987621345854,-1.604096318789914
44,4,10,500,123,0,0,0.0024548868591817295,-6.007216699636204
44,4,10,500,177,1,0,0.4927775898279216,-0.02889165024170784
44,4,10,500,142,1,1,0.6646378324242785,0.684031234303315
44,4,10,500,89,1,1,0.7658138782702858,1.1848229702486128
44,4,10,500,61,0,0,0.04376844293848128,-3.0840870213669582
44,4,10,500,104,1,0,0.28239861886280926,-0.9325946205096756
44,4,10,500,258,0,0,0.0998476595835759,-2.1989183958657135
44,4,10,500,241,1,1,0.8407397528221843,1.6637425235395351
44,4,10,500,183,0,0,0.28592232902816966,-0.9152715421852614
44,4,10,500,217,0,0,0.0044724519369958495,-5.405336005707699
44,4,10,500,96,1,1,0.791988746964009,1.3369550039622327
44,4,10,500,27,0,0,0.06730798109954962,-2.6287962292028393
44,4,10,500,136,0,0,0.20550473338088887,-1.35223796111916
44,4,10,500,267,1,0,0.053243535016835146,-2.878165506280629
44,4,10,500,34,1,1,0.7856774356095577,1.2990641305263837
44,4,10,500,117,0,0,0.0006146720643821331,-7.393806799968944
44,4,10,500,265,0,1,0.5133154863335176,0.05327454197312176
44,5,1,50,90,1,0,0.4907579758976788,-0.03697230744630599
44,5,1,50,240,0,0,0.2650315088758078,-1.019978908738988
44,5,1,50,94,0,0,0.2231205390316816,-1.2475730452455154
44,5,1,50,38,0,1,0.675522081607919,0.7332683604144994
44,5,1,50,190,0,1,0.6123757392740952,0.4573095769525969
44,5,1,50,16,1,1,0.6209578018596417,0.49361558808356354
44,5,1,50,83,1,0,0.33602682580743043,-0.6810507528590695
44,5,1,50,243,0,1,0.7477934009808274,1.086878148920422
44,5,1,50,157,0,0,0.20574925568390123,-1.350740988304508
44,5,1,50,228,0,0,0.2009303111176806,-1.3804900250072198
44,5,1,50,36,1,1,0.9320390766888399,2.6184418587758134
44,5,1,50,196,0,0,0.4415420866129304,-0.234905917238715
44,5,1,50,67,0,1,0.6870276926522166,0.7862598892485689
44,5,1,50,188,1,0,0.3706591578673248,-0.5293900609359949
44,5,1,50,206,1,0,0.09158830617642995,-2.294394081436694
44,5,1,50,304,1,0,0.34491128304916485,-0.641483438809425
44,5,1,50,290,0,1,0.6746916227481448,0.7294821457586316
44,5,1,50,141,1,0,0.40508115294219027,-0.38433758007532415
44,5,1,50,18,0,0,0.43159061494612083,-0.2753644190893716
44,5,1,50,49,1,0,0.38466167379807464,-0.46980806186141594
44,5,1,50,231,0,1,0.7192234929583924,0.940613143757822
44,5,1,50,35,1,0,0.32178418520537183,-0.7455844596398684
44,5,1,50,29,0,1,0.7611060262132638,1.1587528438322028
44,5,1,50,13,0,1,0.5598627251905895,0.24060495363349987
44,5,1,50,1,1,0,0.423869212318564,-0.30690975073306737
44,5,1,50,45,0,0,0.45326726648984367,-0.18747813507253058
44,5,1,50,42,0,0,0.2145833197936207,-1.2975162795549582
44,5,1,50,88,1,1,0.9111510323156015,2.3277707350128867
44,5,1,50,8,0,0,0.2589066187781014,-1.0516591864693652
44,5,1,50,255,1,0,0.44008709115173816,-0.24080860995926162
44,5,1,50,264,1,0,0.3444889607761797,-0.6433530982338806
44,5,1,50,14,1,1,0.7642298768429071,1.1760113539222397
44,5,1,50,257,0,1,0.52612684651666,0.10460265954193315
44,5,1,50,46,1,1,0.5724852248332092,0.2919980773705264
44,5,1,50,237,1,1,0.640406984218745,0.5771310068675944
44,5,1,50,108,1,0,0.23123772369764706,-1.2013354998965067
44,5,1,50,302,1,0,0.3553922442027465,-0.5954199085072834
44,5,1,50,288,1,0,0.4798433601874843,-0.0806702789223726
44,5,1,50,64,0,0,0.25667654972605747,-1.0633145492375715
44,5,1,50,276,0,1,0.8920228891976639,2.1115725251392905
44,5,1,50,301,1,1,0.6313226057738024,0.5378950017694276
44,5,1,50,21,0,0,0.3373755648375682,-0.6750116213337922
44,5,1,50,31,0,1,0.5757433719716201,0.3053234997212218
44,5,1,50,248,1,1,0.765912418746527,1.1853725031698716
44,5,1,50,112,1,1,0.6238944763087058,0.5061114934586151
44,5,1,50,180,0,1,0.6397866231481008,0.5744381500896472
44,5,1,50,219,1,0,0.1047530291825252,-2.145494148662093
44,5,1,50,297,1,0,0.44261574643157486,-0.23055286076110093
44,5,1,50,185,0,1,0.9133438690774813,2.3551646774547583
44,5,1,50,146,1,1,0.5030347298272729,0.012139068371600864
44,5,1,50,236,1,0,0.48953273966231003,-0.041875159386718735
44,5,1,50,211,1,1,0.9228281610950548,2.4814084333841206
44,5,1,50,173,1,0,0.4367024107145933,-0.2545560854879365
44,5,1,50,156,0,0,0.0874157699327624,-2.345604687721094
44,5,1,50,229,0,0,0.19484050314656592,-1.4188590992373853
44,5,1,50,43,0,1,0.7394308278676548,1.0430123767575652
44,5,1,50,148,0,1,0.5264384410943851,0.10585249131573071
44,5,1,50,70,0,1,0.8682480098218344,1.8855561064257476
44,5,1,50,41,1,1,0.5745601192571689,0.30048109086057795
44,5,1,50,235,0,1,0.5736208792075322,0.2966397835088164
44,5,1,50,5,1,1,0.6741787435836668,0.7271463361512407
44,5,1,50,159,0,1,0.5766034994266128,0.3088457606512446
44,5,2,100,90,1,0,0.23290867007768337,-1.1919594656843948
44,5,2,100,240,0,0,0.15530718250983203,-1.6935680533232436
44,5,2,100,94,0,1,0.5297538527406439,0.1191561946894581
44,5,2,100,38,0,0,0.45759293683215124,-0.1700367539039787
44,5,2,100,190,0,1,0.9843237643925817,4.139808961746489
44,5,2,100,16,1,1,0.7665095450264643,1.1887059527602122
44,5,2,100,83,1,0,0.24366485054692444,-1.1326908795668063
44,5,2,100,243,0,1,0.5258491874368525,0.10348901467313487
44,5,2,100,157,0,1,0.5180334993976844,0.0721653000100923
44,5,2,100,228,0,1,0.5736594449384376,0.2967974668190828
44,5,2,100,36,1,1,0.6986345097828524,0.8408039482866445
44,5,2,100,196,0,1,0.5344638339231227,0.1380742781275633
44,5,2,100,67,0,0,0.3910977506117387,-0.4427002144863559
44,5,2,100,188,1,0,0.3194139614233458,-0.7564663022191055
44,5,2,100,206,1,0,0.20399330490227885,-1.361520422536615
44,5,2,100,304,1,1,0.6775721919575973,0.7426368433259684
44,5,2,100,290,0,1,0.6589929110518715,0.6588095115438469
44,5,2,100,141,1,1,0.6266501015834304,0.5178722877677022
44,5,2,100,18,0,0,0.4323450106466758,-0.27228991580026535
44,5,2,100,49,1,0,0.3084908827761934,-0.807184046214293
44,5,2,100,231,0,1,0.7169121056955322,0.9291958168823874
44,5,2,100,35,1,0,0.44902752894186465,-0.2046006485855127
44,5,2,100,29,0,1,0.6452124404217842,0.598060440936906
44,5,2,100,13,0,0,0.36294801715328384,-0.5625916373916464
44,5,2,100,1,1,1,0.5625707724850318,0.25160201688323613
44,5,2,100,45,0,0,0.49517529868096055,-0.019299404286457322
44,5,2,100,42,0,0,0.21659109196312745,-1.285643585110832
44,5,2,100,88,1,1,0.5016718744980387,0.006687522915863275
44,5,2,100,8,0,1,0.9455145815987017,2.8537961964819796
44,5,2,100,255,1,1,0.5757555491987214,0.3053733528549215
44,5,2,100,264,1,1,0.6835177737558213,0.769985577056862
44,5,2,100,14,1,0,0.28633133491013607,-0.9132691462044411
44,5,2,100,257,0,1,0.7064199852020906,0.8780597155778702
44,5,2,100,46,1,1,0.9109643137247304,2.3254664651019894
44,5,2,100,237,1,1,0.6339047562574784,0.5490051880764136
44,5,2,100,108,1,1,0.7758884142736853,1.241864635421368
44,5,2,100,302,1,0,0.4477419027197523,-0.2097985481388357
44,5,2,100,288,1,0,0.45138319201050175,-0.19508358755723565
44,5,2,100,64,0,1,0.6895960966434402,0.7982316955369814
44,5,2,100,276,0,1,0.505405846523367,0.021624228691273034
44,5,2,100,301,1,1,0.6281233813813392,0.5241744854603724
44,5,2,100,21,0,1,0.6407535832192858,0.5786364067123136
44,5,2,100,31,0,1,0.6371669444318847,0.5630888739450783
44,5,2,100,248,1,0,0.39020941270081577,-0.4464320480593439
44,5,2,100,112,1,1,0.987373810823496,4.359275539178069
44,5,2,100,180,0,0,0.3989765024005049,-0.40973150734533725
44,5,2,100,219,1,1,0.5691726421760571,0.2784763534565082
44,5,2,100,297,1,1,0.8281335522992228,1.5724567280750006
44,5,2,100,185,0,1,0.6954288325733637,0.825623901755556
44,5,2,100,146,1,1,0.8206278049309955,1.5206067139479051
44,5,2,100,236,1,0,0.203679799913469,-1.3634522139228578
44,5,2,100,211,1,1,0.5283934113541879,0.11369596412014443
44,5,2,100,173,1,1,0.5475008719456704,0.19057821809785316
44,5,2,100,156,0,0,0.37479684232878624,-0.511692523813398
44,5,2,100,229,0,1,0.5150516040162093,0.06022461237389887
44,5,2,100,43,0,1,0.5418604702358395,0.1678347454505029
44,5,2,100,148,0,1,0.5825323920444965,0.3331778370081707
44,5,2,100,70,0,1,0.7529105246660344,1.1141958762473703
44,5,2,100,41,1,1,0.9332462967762926,2.637659374944532
44,5,2,100,235,0,1,0.6720588758367783,0.7175118567679092
44,5,2,100,5,1,1,0.7014771433159341,0.8543418147186085
44,5,2,100,159,0,0,0.29900486980686997,-0.8520410798301535
44,5,3,150,90,1,0,0.3396780883017361,-0.6647290911086399
44,5,3,150,240,0,0,0.10945439915029165,-2.0963262931570585
44,5,3,150,94,0,1,0.5859124733593539,0.34709304706699207
44,5,3,150,38,0,1,0.5885088115188871,0.35780429271332825
44,5,3,150,190,0,1,0.9892251709665943,4.519709212209942
44,5,3,150,16,1,1,0.8874127989021541,2.0645822195009407
44,5,3,150,83,1,0,0.25043242736763416,-1.096307337318387
44,5,3,150,243,0,1,0.5307872499814112,0.12330499142511475
44,5,3,150,157,0,0,0.4031652268251189,-0.39229384319109134
44,5,3,150,228,0,0,0.36086804905362324,-0.5715985526348463
44,5,3,150,36,1,1,0.8902948883784803,2.0937567805403474
44,5,3,150,196,0,1,0.7797778339383092,1.2643721682920068
44,5,3,150,67,0,0,0.3428933799956408,-0.650426735080082
44,5,3,150,188,1,0,0.3700545828044649,-0.5319826604087525
44,5,3,150,206,1,0,0.400825351523372,-0.402027322282938
44,5,3,150,304,1,1,0.9424678150626994,2.796157241016091
44,5,3,150,290,0,0,0.4246449868643173,-0.3037337696037417
44,5,3,150,141,1,1,0.6905426169844999,0.8026573035571242
44,5,3,150,18,0,1,0.6362011281004848,0.5589135873004892
44,5,3,150,49,1,0,0.22979929978195013,-1.2094448121842682
44,5,3,150,231,0,1,0.615287002449011,0.4695912342113186
44,5,3,150,35,1,0,0.22918223339793012,-1.2129345197159105
44,5,3,150,29,0,1,0.6829696869991573,0.7674530825331363
44,5,3,150,13,0,0,0.07402192099315574,-2.5264892826131153
44,5,3,150,1,1,1,0.6648327284892269,0.6849057477589664
44,5,3,150,45,0,0,0.4879747606201499,-0.0481102350133429
44,5,3,150,42,0,0,0.37257358127312823,-0.5211918512057444
44,5,3,150,88,1,1,0.5729264652003927,0.2938011644485702
44,5,3,150,8,0,1,0.8400244189945588,1.658409776776033
44,5,3,150,255,1,1,0.6003260785138946,0.4068239534127255
44,5,3,150,264,1,1,0.6962112781486153,0.8293207089515111
44,5,3,150,14,1,0,0.25110894699909425,-1.0927066195820028
44,5,3,150,257,0,1,0.5204794775668041,0.08196376591211246
44,5,3,150,46,1,1,0.9744644658835806,3.6418170774225893
44,5,3,150,237,1,1,0.5807894020985213,0.32601480232776314
44,5,3,150,108,1,0,0.4893464588000727,-0.042620615383472504
44,5,3,150,302,1,1,0.6125783730693424,0.4581633150094718
44,5,3,150,288,1,1,0.8914019260243725,2.1051417488721254
44,5,3,150,64,0,1,0.8146845916937023,1.4807417511454273
44,5,3,150,276,0,0,0.4974359980636782,-0.010256097645480633
44,5,3,150,301,1,1,0.6639087973588719,0.6807622271044723
44,5,3,150,21,0,0,0.43235921030621666,-0.2722320580795385
44,5,3,150,31,0,1,0.8228185439650456,1.5355613123793899
44,5,3,150,248,1,1,0.6684319285267302,0.7011014318155814
44,5,3,150,112,1,1,0.998227108753019,6.333369127512844
44,5,3,150,180,0,0,0.4480452807249575,-0.20857171225936136
44,5,3,150,219,1,1,0.7148978568356256,0.9192921617885984
44,5,3,150,297,1,1,0.8194000282750424,1.5122879151986024
44,5,3,150,185,0,1,0.9478660415832776,2.900396656461784
44,5,3,150,146,1,1,0.669309852442743,0.7050652836628667
44,5,3,150,236,1,0,0.22264038628935817,-1.2503452143500282
44,5,3,150,211,1,1,0.7070665004105872,0.881179102061682
44,5,3,150,173,1,1,0.6819356789729736,0.762681711331954
44,5,3,150,156,0,0,0.14317234169243043,-1.7891877082846026
44,5,3,150,229,0,1,0.5663570384251742,0.2670031629247157
44,5,3,150,43,0,0,0.4784981729021553,-0.08606038547859746
44,5,3,150,148,0,0,0.28720854398068213,-0.9089803036119479
44,5,3,150,70,0,1,0.5373994804789569,0.14987785660765948
44,5,3,150,41,1,1,0.8365744728275037,1.632958150276599
44,5,3,150,235,0,1,0.8372575932125653,1.6379631565465846
44,5,3,150,5,1,1,0.6120530343270185,0.4559502922838867
44,5,3,150,159,0,0,0.4547363439281754,-0.18155166318911153
44,5,4,200,90,1,0,0.31721642147801765,-0.7665936819010293
44,5,4,200,240,0,0,0.26428341905751873,-1.0238228799931277
44,5,4,200,94,0,1,0.9180629288588225,2.416314410690923
44,5,4,200,38,0,1,0.7954568551511063,1.3581376796811198
44,5,4,200,190,0,1,0.9790800127397602,3.8459083380192953
44,5,4,200,16,1,1,0.8947419800963121,2.140120718046623
44,5,4,200,83,1,0,0.3408535850798559,-0.6594926714344578
44,5,4,200,243,0,0,0.40199336583219974,-0.397166262237311
44,5,4,200,157,0,0,0.23774973634772967,-1.1650563392778035
44,5,4,200,228,0,0,0.14348620798561526,-1.7866315014128857
44,5,4,200,36,1,1,0.9071162757907899,2.2789222065400754
44,5,4,200,196,0,1,0.6705628107794764,0.7107316646067382
44,5,4,200,67,0,0,0.48419335034149164,-0.06324767417540261
44,5,4,200,188,1,0,0.41953793669443606,-0.32467049230643913
44,5,4,200,206,1,1,0.7491096261758137,1.0938692501399365
44,5,4,200,304,1,1,0.9507782383781338,2.96094501243175
44,5,4,200,290,0,1,0.7115647195644035,0.9029956459992522
44,5,4,200,141,1,1,0.7081803652911334,0.8865628924192656
44,5,4,200,18,0,1,0.830768928138577,1.5910866212177526
44,5,4,200,49,1,0,0.2551685292622782,-1.0712337530859228
44,5,4,200,231,0,0,0.4183699111923448,-0.32946866323118595
44,5,4,200,35,1,0,0.22057437596040502,-1.2623223250317879
44,5,4,200,29,0,1,0.560836039919779,0.2445557701244228
44,5,4,200,13,0,0,0.15749963841746795,-1.67695092890356
44,5,4,200,1,1,1,0.6453763277295669,0.5987764514132954
44,5,4,200,45,0,1,0.5875723906778532,0.3539387587809029
44,5,4,200,42,0,0,0.22790907105473,-1.2201555884520405
44,5,4,200,88,1,0,0.44508325698230405,-0.22055673090416134
44,5,4,200,8,0,1,0.8638077905231849,1.8472830864457286
44,5,4,200,255,1,1,0.9308703917683384,2.60013693077211
44,5,4,200,264,1,1,0.9090450500492386,2.302030324509298
44,5,4,200,14,1,0,0.15449036642450986,-1.6998078210584646
44,5,4,200,257,0,0,0.3604696772555873,-0.573326196061577
44,5,4,200,46,1,1,0.9731419598198374,3.5899647464591804
44,5,4,200,237,1,1,0.5166208025937068,0.0665077147014349
44,5,4,200,108,1,1,0.66660654210068,0.6928766322113067
44,5,4,200,302,1,1,0.6681319984565288,0.6997484523497837
44,5,4,200,288,1,0,0.28806086438546974,-0.9048206315908898
44,5,4,200,64,0,0,0.4593113280297988,-0.16311539078277915
44,5,4,200,276,0,1,0.5372982269579167,0.1494705699654536
44,5,4,200,301,1,1,0.7925036352971883,1.3400832728539414
44,5,4,200,21,0,0,0.06265541223328379,-2.7054009050426653
44,5,4,200,31,0,1,0.9215791867780467,2.463999339001446
44,5,4,200,248,1,1,0.6964217620263706,0.8303160937020843
44,5,4,200,112,1,1,0.9985972957401351,6.567949602369103
44,5,4,200,180,0,0,0.3361208705300595,-0.6806292699804763
44,5,4,200,219,1,1,0.5904996986608037,0.3660314861614473
44,5,4,200,297,1,1,0.8516809878489581,1.747846587765752
44,5,4,200,185,0,1,0.8317037569445269,1.597750538006673
44,5,4,200,146,1,1,0.507496146237028,0.029986831784526352
44,5,4,200,236,1,0,0.20406878521703511,-1.3610556490738333
44,5,4,200,211,1,1,0.7871543592336888,1.307857153685657
44,5,4,200,173,1,0,0.4685487076493356,-0.12597149034677796
44,5,4,200,156,0,0,0.05566440895693479,-2.831140636690699
44,5,4,200,229,0,1,0.526942204091353,0.10787330176228993
44,5,4,200,43,0,0,0.4322168569322718,-0.272812109514943
44,5,4,200,148,0,0,0.25390700791050486,-1.0778821573153954
44,5,4,200,70,0,0,0.49189520237697204,-0.03242203033116414
44,5,4,200,41,1,1,0.8929633890338906,2.1213746478128788
44,5,4,200,235,0,1,0.7669839991640225,1.1913588152406882
44,5,4,200,5,1,1,0.5732303769431001,0.2950433467385808
44,5,4,200,159,0,0,0.3201665996898862,-0.7530062842619152
44,5,5,250,90,1,0,0.15452680632349225,-1.6995288781367577
44,5,5,250,240,0,0,0.4308367705348438,-0.2784379680383192
44,5,5,250,94,0,1,0.8907121784143673,2.0980363761338356
44,5,5,250,38,0,1,0.8922211462431507,2.113632546227384
44,5,5,250,190,0,1,0.9813735582636433,3.9643710104858574
44,5,5,250,16,1,1,0.7736139708101829,1.2288313675519957
44,5,5,250,83,1,0,0.4710728824047088,-0.11583782668643525
44,5,5,250,243,0,0,0.22581039871981437,-1.2321211030410908
44,5,5,250,157,0,0,0.30981490403660017,-0.8009847812359826
44,5,5,250,228,0,0,0.051560467529149064,-2.9120627909517385
44,5,5,250,36,1,1,0.9743100012306988,3.635627766204861
44,5,5,250,196,0,1,0.7714792402092997,1.2166827044097608
44,5,5,250,67,0,0,0.40130079987039685,-0.40004803144941026
44,5,5,250,188,1,0,0.47539735626983465,-0.09849011309029543
44,5,5,250,206,1,1,0.9268180827564121,2.5388089450680997
44,5,5,250,304,1,1,0.9958682971733069,5.484925388384287
44,5,5,250,290,0,0,0.4341214223860585,-0.26505525795134766
44,5,5,250,141,1,1,0.8178809444199908,1.502056156539798
44,5,5,250,18,0,1,0.6439536509016021,0.5925658363905176
44,5,5,250,49,1,0,0.4758340658447576,-0.09673911013800152
44,5,5,250,231,0,0,0.4098072250202084,-0.36476235453647343
44,5,5,250,35,1,0,0.40213231200723976,-0.39658830311981996
44,5,5,250,29,0,0,0.4788468085905434,-0.08466330074135991
44,5,5,250,13,0,0,0.16636602349335017,-1.6116041071323772
44,5,5,250,1,1,1,0.5108247291914403,0.04330568338912866
44,5,5,250,45,0,1,0.7406551684460384,1.0493765851216252
44,5,5,250,42,0,0,0.1504726752147614,-1.7308985986517558
44,5,5,250,88,1,0,0.3463328018551889,-0.6351981827556841
44,5,5,250,8,0,1,0.9815647508907794,3.9748834384658274
44,5,5,250,255,1,1,0.9012520725516101,2.211214572541115
44,5,5,250,264,1,1,0.8148517705062582,1.4818494752566342
44,5,5,250,14,1,0,0.06623181083465192,-2.6460673422220324
44,5,5,250,257,0,0,0.41081658707849955,-0.36059067758490837
44,5,5,250,46,1,1,0.9626951693286567,3.250613992055328
44,5,5,250,237,1,1,0.7381115518636947,1.0361763248416678
44,5,5,250,108,1,1,0.7473119515769188,1.0843269860595084
44,5,5,250,302,1,1,0.8388946849954442,1.6500268925516113
44,5,5,250,288,1,0,0.16506871840602558,-1.6209875615850897
44,5,5,250,64,0,0,0.46570025106381907,-0.13741481997182192
44,5,5,250,276,0,0,0.2782203887503287,-0.9533062798115024
44,5,5,250,301,1,1,0.7707979454185961,1.2128223220758334
44,5,5,250,21,0,0,0.1426269633335586,-1.7936405320895634
44,5,5,250,31,0,1,0.9013603046424478,2.2124313014125008
44,5,5,250,248,1,1,0.6633660761368373,0.6783309282569747
44,5,5,250,112,1,1,0.9970281525102207,5.815595196932914
44,5,5,250,180,0,0,0.226754636578334,-1.226727878564424
44,5,5,250,219,1,1,0.8002080322749598,1.3875950703770248
44,5,5,250,297,1,1,0.8820931938489128,2.0124031783393814
44,5,5,250,185,0,1,0.6338003418116084,0.5485552877233
44,5,5,250,146,1,0,0.44958202227361466,-0.20235963737224374
44,5,5,250,236,1,0,0.2987080083061258,-0.8534578008520879
44,5,5,250,211,1,1,0.768586592419654,1.2003474795965026
44,5,5,250,173,1,1,0.5738147290098643,0.2974324123060718
44,5,5,250,156,0,0,0.024888859946289744,-3.6681311426543237
44,5,5,250,229,0,1,0.7190479807184312,0.9397441831986959
44,5,5,250,43,0,0,0.3754519368880721,-0.5088978237764593
44,5,5,250,148,0,0,0.40317299541242557,-0.3922615579891029
44,5,5,250,70,0,0,0.32373704303782275,-0.7366503992870763
44,5,5,250,41,1,1,0.9545205750088642,3.043949173043595
44,5,5,250,235,0,1,0.569658320402594,0.2804572463315771
44,5,5,250,5,1,0,0.4204992775161808,-0.3207241482581804
44,5,5,250,159,0,1,0.6253705311119009,0.5124068693198656
44,5,6,300,90,1,0,0.12151868453155204,-1.9781266056152962
44,5,6,300,240,0,0,0.3619735900496831,-0.5668084238939787
44,5,6,300,94,0,1,0.606437445897861,0.4323615598557935
44,5,6,300,38,0,1,0.8739838569888634,1.9366518873395715
44,5,6,300,190,0,1,0.9945325452027469,5.203459616950116
44,5,6,300,16,1,0,0.36677599313890324,-0.5460729520574431
44,5,6,300,83,1,0,0.4284450356538437,-0.28819819590339457
44,5,6,300,243,0,0,0.42717619064652507,-0.2933816288037983
44,5,6,300,157,0,0,0.4061381937145233,-0.37995316265126067
44,5,6,300,228,0,0,0.10318420394194323,-2.1623347066511798
44,5,6,300,36,1,1,0.980393917351976,3.9121145901072354
44,5,6,300,196,0,1,0.8238574282617257,1.5427037571789335
44,5,6,300,67,0,0,0.24133261799390654,-1.1453873098683818
44,5,6,300,188,1,1,0.6191473408248833,0.485930695766046
44,5,6,300,206,1,1,0.8400480654810442,1.6585857501656764
44,5,6,300,304,1,1,0.9996997329802605,8.110538101274637
44,5,6,300,290,0,0,0.3737817156384257,-0.5160270283825024
44,5,6,300,141,1,1,0.9601418771583672,3.1817548423605766
44,5,6,300,18,0,1,0.541417243220206,0.16604945596824375
44,5,6,300,49,1,0,0.37112519824833806,-0.5273927263026997
44,5,6,300,231,0,0,0.42552867472713,-0.3001178471444763
44,5,6,300,35,1,1,0.728612675078534,0.9875952371711945
44,5,6,300,29,0,0,0.496458312716128,-0.014166986077699839
44,5,6,300,13,0,0,0.13242437248130937,-1.879690977970092
44,5,6,300,1,1,1,0.6037894124272474,0.42127962551291065
44,5,6,300,45,0,1,0.7044626495978871,0.8686400868803164
44,5,6,300,42,0,0,0.04911871678674031,-2.963149061668974
44,5,6,300,88,1,0,0.48188847396217077,-0.07247781486035543
44,5,6,300,8,0,1,0.9796859949893026,3.875921556865548
44,5,6,300,255,1,1,0.8285681319720031,1.5755131521176071
44,5,6,300,264,1,1,0.9220057351549431,2.4699161475200064
44,5,6,300,14,1,0,0.2934596824739969,-0.8786400052873216
44,5,6,300,257,0,1,0.5722602346330404,0.29107885775484577
44,5,6,300,46,1,1,0.8154361793513877,1.4857278444246769
44,5,6,300,237,1,1,0.9065324651778163,2.272012688472133
44,5,6,300,108,1,1,0.6553603869044334,0.6426860220063492
44,5,6,300,302,1,1,0.8876577249125552,2.067035985069596
44,5,6,300,288,1,1,0.8719432855520424,1.918251134876672
44,5,6,300,64,0,0,0.18597616883346332,-1.4763711012380782
44,5,6,300,276,0,0,0.11641344021656688,-2.0268412662729482
44,5,6,300,301,1,1,0.7863064294444325,1.3028035002352922
44,5,6,300,21,0,0,0.06616297525135191,-2.6471809110488684
44,5,6,300,31,0,1,0.6846758880962618,0.7753445337027843
44,5,6,300,248,1,1,0.8033325658445786,1.4072546317267067
44,5,6,300,112,1,1,0.9998825310468032,9.049219011553896
44,5,6,300,180,0,0,0.20182772208952943,-1.3749099886899214
44,5,6,300,219,1,1,0.7794196384621417,1.262287509575495
44,5,6,300,297,1,1,0.9424234904280571,2.795340074173318
44,5,6,300,185,0,0,0.19833312168752373,-1.3967451081237423
44,5,6,300,146,1,1,0.671973799746931,0.7171258672769178
44,5,6,300,236,1,0,0.21926034258094348,-1.2699819464070043
44,5,6,300,211,1,1,0.7236169073867484,0.9624741988744134
44,5,6,300,173,1,1,0.8394007357664147,1.6537760072954293
44,5,6,300,156,0,0,0.059682925317317156,-2.7571711604735554
44,5,6,300,229,0,1,0.6299798798584854,0.5321304992223777
44,5,6,300,43,0,0,0.4262392503985795,-0.29721168761453765
44,5,6,300,148,0,0,0.42447037372141355,-0.3044484937171186
44,5,6,300,70,0,0,0.4058742452391136,-0.3810476344754694
44,5,6,300,41,1,1,0.9283768360345296,2.5620191829574104
44,5,6,300,235,0,0,0.3565477115596378,-0.5903798162832258
44,5,6,300,5,1,0,0.395157929733157,-0.42568187596966983
44,5,6,300,159,0,1,0.790958776647296,1.3307143774820434
44,5,7,350,90,1,0,0.15243086437412803,-1.715661266999545
44,5,7,350,240,0,1,0.5473883896855322,0.19012420109898273
44,5,7,350,94,0,1,0.6331250049668145,0.5456467058036716
44,5,7,350,38,0,1,0.8288518111709833,1.5775116004700405
44,5,7,350,190,0,1,0.9000245952512906,2.19749788778399
44,5,7,350,16,1,1,0.5142361278579108,0.056959906643864855
44,5,7,350,83,1,1,0.59171652181897,0.37106593931472065
44,5,7,350,243,0,0,0.4941956331021364,-0.02321851062533542
44,5,7,350,157,0,0,0.17453800839757921,-1.553800688328727
44,5,7,350,228,0,0,0.11114327429996165,-2.079115930626063
44,5,7,350,36,1,1,0.9077805680072146,2.286831816708464
44,5,7,350,196,0,1,0.7640715499084505,1.175132855014287
44,5,7,350,67,0,0,0.2799399273869425,-0.94475960760993
44,5,7,350,188,1,1,0.8330099190945657,1.607111134895582
44,5,7,350,206,1,1,0.7246868390326517,0.9678303984601222
44,5,7,350,304,1,1,0.9968954091577218,5.771763926020859
44,5,7,350,290,0,0,0.4384761496188412,-0.2473488299692772
44,5,7,350,141,1,1,0.9641549597725186,3.2920468187779743
44,5,7,350,18,0,0,0.3365029091634255,-0.6789176747840212
44,5,7,350,49,1,0,0.3842998591868113,-0.4713369294653786
44,5,7,350,231,0,0,0.18250913445198114,-1.4994395055057412
44,5,7,350,35,1,1,0.9444532788813778,2.833381730631961
44,5,7,350,29,0,1,0.6205660294296542,0.49195142114052093
44,5,7,350,13,0,0,0.041136463762651274,-3.1488538424304457
44,5,7,350,1,1,1,0.6094676353132875,0.44507500115808357
44,5,7,350,45,0,1,0.5268398255068889,0.10746259946382894
44,5,7,350,42,0,0,0.04888668746665931,-2.968128086905149
44,5,7,350,88,1,1,0.768628704080191,1.2005842615863553
44,5,7,350,8,0,1,0.8877023836764899,2.067483897749612
44,5,7,350,255,1,1,0.956291279553731,3.0855149176300083
44,5,7,350,264,1,1,0.935076923280911,2.667425662800873
44,5,7,350,14,1,1,0.873751779554143,1.9345463576538933
44,5,7,350,257,0,0,0.399752320424436,-0.40649721294432845
44,5,7,350,46,1,1,0.7867042621355804,1.305172755664952
44,5,7,350,237,1,1,0.8407966252082337,1.6641673341417529
44,5,7,350,108,1,1,0.836139043775574,1.6297766792457131
44,5,7,350,302,1,1,0.9279453969853536,2.5555486848013462
44,5,7,350,288,1,1,0.9383362630064349,2.7224123470409456
44,5,7,350,64,0,0,0.16157239264370277,-1.6465749477544398
44,5,7,350,276,0,0,0.06272545372151198,-2.7042089192241434
44,5,7,350,301,1,1,0.7731076750768824,1.225942768539873
44,5,7,350,21,0,0,0.08179408181643318,-2.418216785654179
44,5,7,350,31,0,0,0.3376191692379362,-0.6739221215574901
44,5,7,350,248,1,1,0.9334355003700714,2.640700469345473
44,5,7,350,112,1,1,0.9999905428497039,11.568730000289586
44,5,7,350,180,0,0,0.22229959049870598,-1.2523153933977083
44,5,7,350,219,1,1,0.775661599161211,1.240560711617141
44,5,7,350,297,1,1,0.8947939311166325,2.140672459557029
44,5,7,350,185,0,0,0.21163634611445395,-1.3150900198463003
44,5,7,350,146,1,1,0.7947197230279728,1.3536132527371345
44,5,7,350,236,1,0,0.49863014186408167,-0.005479446253358056
44,5,7,350,211,1,1,0.8256777613249187,1.5552990450586601
44,5,7,350,173,1,1,0.8167670648902966,1.4945957310331335
44,5,7,350,156,0,0,0.05951536387372071,-2.7601608171658976
44,5,7,350,229,0,0,0.37268450017448884,-0.5207173859102245
44,5,7,350,43,0,0,0.23742869378815126,-1.1668286787394226
44,5,7,350,148,0,0,0.3853278817217176,-0.4669943719422701
44,5,7,350,70,0,0,0.32982618418358794,-0.7089713042289343
44,5,7,350,41,1,1,0.6740393134115868,0.7265116569074277
44,5,7,350,235,0,0,0.06177542911370447,-2.7204836366940284
44,5,7,350,5,1,1,0.5491702360932494,0.1973186727780383
44,5,7,350,159,0,1,0.6300690957740518,0.5325132463395383
44,5,8,400,90,1,0,0.4558050977524109,-0.17724215794478562
44,5,8,400,240,0,1,0.6885519195662841,0.7933580766475783
44,5,8,400,94,0,0,0.2737818815543211,-0.9755186716841667
44,5,8,400,38,0,1,0.7835663594745828,1.286571764228498
44,5,8,400,190,0,1,0.7942098348059191,1.3504906678212347
44,5,8,400,16,1,1,0.7026478029933144,0.8599384900507614
44,5,8,400,83,1,1,0.8120753115617666,1.4635517949322827
44,5,8,400,243,0,1,0.6352548612956814,0.5548274151747392
44,5,8,400,157,0,0,0.10644215663626604,-2.127609363035173
44,5,8,400,228,0,0,0.12249140969387054,-1.9690458422368413
44,5,8,400,36,1,1,0.8710853687392478,1.9105895722587103
44,5,8,400,196,0,1,0.6712133176732535,0.7136778380539479
44,5,8,400,67,0,1,0.5224672170207797,0.08992942630863618
44,5,8,400,188,1,1,0.8987625474821545,2.1835500974174247
44,5,8,400,206,1,1,0.5654891100321524,0.26347003052466894
44,5,8,400,304,1,1,0.9929311425457165,4.944962456706508
44,5,8,400,290,0,0,0.20571671654281906,-1.3509401178164853
44,5,8,400,141,1,1,0.9931755705692565,4.980398718957975
44,5,8,400,18,0,0,0.22317776986695684,-1.247242905966905
44,5,8,400,49,1,0,0.3178781279090048,-0.7635402762058423
44,5,8,400,231,0,0,0.08316276069545177,-2.4001303040884423
44,5,8,400,35,1,1,0.9738520658371717,3.617489221102197
44,5,8,400,29,0,0,0.16966347516691943,-1.588014152929062
44,5,8,400,13,0,0,0.054835421957620575,-2.847022697764406
44,5,8,400,1,1,1,0.8351127613291058,1.622304920960802
44,5,8,400,45,0,1,0.526924820373809,0.10780356453865139
44,5,8,400,42,0,0,0.03799216816232838,-3.2316425543426686
44,5,8,400,88,1,1,0.6647296859837595,0.6844433568136671
44,5,8,400,8,0,1,0.9376112754541627,2.709950881951772
44,5,8,400,255,1,1,0.9842728152202188,4.136512380218553
44,5,8,400,264,1,1,0.985283473513114,4.203958277040446
44,5,8,400,14,1,1,0.8744395165993804,1.9407955467348967
44,5,8,400,257,0,0,0.4164011596526853,-0.3375647078932503
44,5,8,400,46,1,1,0.8742346945573782,1.938931354015066
44,5,8,400,237,1,1,0.8788147870861628,1.9812541062905489
44,5,8,400,108,1,1,0.8830069780940244,2.02121881209413
44,5,8,400,302,1,1,0.9766156155192783,3.732024671461197
44,5,8,400,288,1,1,0.951031450495689,2.966368887783986
44,5,8,400,64,0,0,0.13949346679393304,-1.8195034408135444
44,5,8,400,276,0,0,0.07748601255688922,-2.477005101406343
44,5,8,400,301,1,1,0.7390985668953353,1.041288605748173
44,5,8,400,21,0,0,0.054210425179239574,-2.859146871114805
44,5,8,400,31,0,0,0.3252168642799993,-0.7298991243274603
44,5,8,400,248,1,1,0.9930647424522635,4.9641776703058795
44,5,8,400,112,1,1,0.9999892419413233,11.439844681770062
44,5,8,400,180,0,0,0.03290150493664109,-3.380781947108069
44,5,8,400,219,1,1,0.6239887742059288,0.5065133793734897
44,5,8,400,297,1,1,0.8879331896974483,2.0698012893286135
44,5,8,400,185,0,0,0.09356177199286007,-2.2709010032940604
44,5,8,400,146,1,1,0.8262306266521503,1.559144964059683
44,5,8,400,236,1,0,0.4367996729139146,-0.2541607100003508
44,5,8,400,211,1,1,0.7362114530666634,1.026369554206586
44,5,8,400,173,1,1,0.769643448157328,1.2062990192967196
44,5,8,400,156,0,0,0.10128491688206255,-2.1830285531547027
44,5,8,400,229,0,0,0.15097725137162302,-1.7269568082701265
44,5,8,400,43,0,0,0.22165731795065566,-1.256034316121383
44,5,8,400,148,0,1,0.5503284066589468,0.20199767928701381
44,5,8,400,70,0,0,0.3707923401902236,-0.5288191690424806
44,5,8,400,41,1,1,0.5348455445456998,0.13960849072888948
44,5,8,400,235,0,0,0.005067994219912653,-5.279729276972517
44,5,8,400,5,1,1,0.9160498015162781,2.3898469838342384
44,5,8,400,159,0,1,0.6927221288658114,0.8128764944168454
44,5,9,450,90,1,1,0.7281492765576545,0.9852529726228645
44,5,9,450,240,0,1,0.6459201521360605,0.6011534460016448
44,5,9,450,94,0,0,0.2613262601236758,-1.0390866693353316
44,5,9,450,38,0,0,0.48224892388566104,-0.07103415837907834
44,5,9,450,190,0,0,0.2515096353462549,-1.0905770305808882
44,5,9,450,16,1,1,0.8241670801786473,1.5448390516096335
44,5,9,450,83,1,1,0.8949586952607477,2.1424239153896663
44,5,9,450,243,0,1,0.6944580510549956,0.8210446771140354
44,5,9,450,157,0,0,0.0371411934950904,-3.2551800922333443
44,5,9,450,228,0,0,0.1454362524995336,-1.7708532384252553
44,5,9,450,36,1,1,0.8609907527377642,1.8235433062437763
44,5,9,450,196,0,1,0.7098325630934378,0.8945709905842372
44,5,9,450,67,0,1,0.6312334297059469,0.5375118872391831
44,5,9,450,188,1,1,0.8720388425699125,1.9191072068588573
44,5,9,450,206,1,1,0.7226831663032233,0.9578102487297386
44,5,9,450,304,1,1,0.9888443960567109,4.484595017162322
44,5,9,450,290,0,0,0.3386345198115758,-0.6693851940024613
44,5,9,450,141,1,1,0.9961010978190179,5.543153734814394
44,5,9,450,18,0,0,0.2447715552219119,-1.1266949314492245
44,5,9,450,49,1,1,0.5599324111974138,0.24088775612439334
44,5,9,450,231,0,0,0.06586445912550125,-2.6520225656265417
44,5,9,450,35,1,1,0.9852463258718349,4.201399541733162
44,5,9,450,29,0,0,0.041840001439385884,-3.1311619229781966
44,5,9,450,13,0,0,0.043069746261447654,-3.100909700948467
44,5,9,450,1,1,1,0.881935628978896,2.0108890774729895
44,5,9,450,45,0,0,0.3925918022827091,-0.43643064788671765
44,5,9,450,42,0,0,0.043901703003457276,-3.080907616773598
44,5,9,450,88,1,1,0.7239302534364294,0.9640415139795351
44,5,9,450,8,0,1,0.8378456151396386,1.6422849789779193
44,5,9,450,255,1,1,0.9729424611895958,3.5823592794155537
44,5,9,450,264,1,1,0.9589150622620828,3.1501609259547956
44,5,9,450,14,1,1,0.9107797720540655,2.3231933403836202
44,5,9,450,257,0,0,0.26863354892485075,-1.001566455989352
44,5,9,450,46,1,1,0.8465600994538623,1.70787223366214
44,5,9,450,237,1,1,0.7966696670481377,1.3656082100036362
44,5,9,450,108,1,1,0.847091016487989,1.711965280986528
44,5,9,450,302,1,1,0.9777384272141426,3.7823801788245075
44,5,9,450,288,1,1,0.7422277050629625,1.0575794587709344
44,5,9,450,64,0,0,0.11799717922970578,-2.0115345348070006
44,5,9,450,276,0,0,0.13181777889766683,-1.8849811188000376
44,5,9,450,301,1,1,0.7194227805312892,0.9416002174749345
44,5,9,450,21,0,0,0.008425793137608342,-4.767996175417524
44,5,9,450,31,0,0,0.4960641591309574,-0.015743688658896415
44,5,9,450,248,1,1,0.993782635647488,5.074172426921722
44,5,9,450,112,1,1,0.9953826887399742,5.373314717684281
44,5,9,450,180,0,0,0.06491622982126369,-2.6675384523151964
44,5,9,450,219,1,1,0.7068035958696292,0.8799101222512644
44,5,9,450,297,1,1,0.9599778550754242,3.177477292530464
44,5,9,450,185,0,0,0.00905148308834737,-4.695733960885468
44,5,9,450,146,1,1,0.8896726263198892,2.087401489196247
44,5,9,450,236,1,0,0.44714914033493647,-0.21219608570959
44,5,9,450,211,1,1,0.7702660346318341,1.2098139875492033
44,5,9,450,173,1,1,0.7285621039795073,0.9873395018468514
44,5,9,450,156,0,0,0.16130478495683145,-1.6485517191237993
44,5,9,450,229,0,0,0.08389673501859019,-2.3905423954538394
44,5,9,450,43,0,0,0.4653638205389779,-0.13876696774876263
44,5,9,450,148,0,0,0.48847083993537155,-0.04612481605946786
44,5,9,450,70,0,0,0.33430593319825425,-0.6887736644523562
44,5,9,450,41,1,1,0.5815519989826553,0.3291477587598355
44,5,9,450,235,0,0,0.0065956084156368,-5.014733787433888
44,5,9,450,5,1,1,0.7369927179159679,1.0303962911026026
44,5,9,450,159,0,0,0.4757474085987083,-0.09708655365353902
44,5,10,500,90,1,1,0.8491873219669802,1.7282412764564883
44,5,10,500,240,0,0,0.3966325501146566,-0.41951609514009636
44,5,10,500,94,0,1,0.5083279671472123,0.03331494956286296
44,5,10,500,38,0,0,0.2837926291800609,-0.9257259565706162
44,5,10,500,190,0,0,0.3753668923897546,-0.5092605221695545
44,5,10,500,16,1,1,0.72382417926947,0.9635108220499041
44,5,10,500,83,1,1,0.8992035289571517,2.18840605815485
44,5,10,500,243,0,1,0.7147413111762783,0.9185242260175914
44,5,10,500,157,0,0,0.059941456470375125,-2.7525737932770107
44,5,10,500,228,0,0,0.07520486158439697,-2.5093563634059137
44,5,10,500,36,1,1,0.8584399424865691,1.802392659795418
44,5,10,500,196,0,0,0.2685993332470446,-1.001740615567439
44,5,10,500,67,0,1,0.5266608032908089,0.10674445503453789
44,5,10,500,188,1,1,0.8647966094838774,1.8557141046626096
44,5,10,500,206,1,1,0.8590967308879929,1.8078079040793853
44,5,10,500,304,1,1,0.9781144802585096,3.7998014995481246
44,5,10,500,290,0,0,0.24878098785377006,-1.1051242940411543
44,5,10,500,141,1,1,0.9982652180321577,6.355137251985131
44,5,10,500,18,0,0,0.14609583283665833,-1.7655561753841797
44,5,10,500,49,1,1,0.5938155284836265,0.37976129327032854
44,5,10,500,231,0,0,0.014917028341121493,-4.190222470720199
44,5,10,500,35,1,1,0.9865376186884602,4.2943022320098585
44,5,10,500,29,0,0,0.025444052284675674,-3.6454999153070693
44,5,10,500,13,0,0,0.20037602074194288,-1.3839458861687772
44,5,10,500,1,1,1,0.8657534951850103,1.8639225222978488
44,5,10,500,45,0,0,0.24418762904521854,-1.1298562575255016
44,5,10,500,42,0,0,0.08647508274539606,-2.357454340440685
44,5,10,500,88,1,1,0.8076319016811653,1.4346956721624564
44,5,10,500,8,0,1,0.778798307518942,1.2586771793248728
44,5,10,500,255,1,1,0.96683603032114,3.3725648797657373
44,5,10,500,264,1,1,0.9540461848713208,3.033075208908577
44,5,10,500,14,1,1,0.9443737811311282,2.831867389868514
44,5,10,500,257,0,0,0.060289281529752305,-2.746417746067633
44,5,10,500,46,1,1,0.9138598152754556,2.3617011606263696
44,5,10,500,237,1,1,0.8127673808480961,1.468093147717859
44,5,10,500,108,1,1,0.896432355500817,2.15819786694962
44,5,10,500,302,1,1,0.9887454840686751,4.475667487535533
44,5,10,500,288,1,1,0.7197061279443707,0.9430043772192764
44,5,10,500,64,0,0,0.11997830964163268,-1.9926355818451382
44,5,10,500,276,0,0,0.06631273696890125,-2.644759556117911
44,5,10,500,301,1,1,0.6387829741118237,0.570085805618782
44,5,10,500,21,0,0,0.006609405028990389,-5.012630296044216
44,5,10,500,31,0,0,0.3063773252813313,-0.8171106848025198
44,5,10,500,248,1,1,0.9954033018392684,5.377809728902534
44,5,10,500,112,1,1,0.9900962157400619,4.60488519344166
44,5,10,500,180,0,0,0.045843139659642276,-3.0356025200054946
44,5,10,500,219,1,1,0.8868187708311508,2.058650312489218
44,5,10,500,297,1,1,0.968949891542122,3.4406105976581123
44,5,10,500,185,0,0,0.03354467589921424,-3.360756913866593
44,5,10,500,146,1,1,0.8853030017353485,2.043636107777263
44,5,10,500,236,1,1,0.617154453665045,0.4774876881000222
44,5,10,500,211,1,1,0.6797467229169282,0.7526080888740745
44,5,10,500,173,1,1,0.8073137882126882,1.4326494055493963
44,5,10,500,156,0,0,0.2175617718633612,-1.2799321588467152
44,5,10,500,229,0,0,0.07228622887598045,-2.5520896098766856
44,5,10,500,43,0,1,0.537623790581995,0.1507801757305316
44,5,10,500,148,0,0,0.25627672213918223,-1.0654112207533102
44,5,10,500,70,0,0,0.058363857364995844,-2.780922121974101
44,5,10,500,41,1,1,0.6497522981720132,0.617950586848347
44,5,10,500,235,0,0,0.0035212933284137693,-5.645399426336143
44,5,10,500,5,1,1,0.8489334084706484,1.7262600048755679
44,5,10,500,159,0,1,0.7335334617346485,1.0126245400699845
