seed,source_index,true_label,true_name,predicted_label,predicted_name,probability_right,final_lda_score,f1_bp_cssd_score,f2_erd_cssd_score,f3_bp_trend_score
42,0,0,left,0,left,0.0056774325215144875,-5.165562558898283,0.056641221618685345,-7.322589896589178,1.8939153554593884
42,1,1,right,1,right,0.9467702794362213,2.878439589035963,0.33223296865440066,-2.088898774886602,5.619545561622426
42,2,0,left,1,right,0.6659946427140103,0.6901245939086018,-1.0693325689461484,0.3679669791839303,1.0565144982756824
42,3,1,right,1,right,0.9999928718187543,11.851447312635056,-0.1969842805048312,10.937894426281813,2.9897694694310104
42,4,0,left,1,right,0.9575161333472755,3.115218174671938,0.3188831457601673,-0.656852068398623,3.867467663208485
42,5,1,right,1,right,0.9994311944065549,7.471402878334895,-0.5528339974044252,3.1685238322442046,4.9719965525878145
42,6,0,left,0,left,0.021997904219135413,-3.7945646269037825,-1.0132857193305558,-1.9507663306550302,-1.9455774114691298
42,7,1,right,1,right,0.9913405970741692,4.74041239158024,-1.0391458988744569,2.8528305919094086,2.5536580266959064
42,8,0,left,1,right,0.5818109837310544,0.3302121024128918,0.092773221497785,0.867345802708257,-0.5887840555163475
42,9,0,left,0,left,0.003243930680751413,-5.72772030777593,0.1577040703104322,-1.1122617824699708,-5.090585753601107
42,10,1,right,1,right,0.6255056515849661,0.5129836533450388,-0.502836617570411,1.9564834525786134,-1.1528250282882728
42,11,1,right,1,right,0.9981630041078272,6.297785023674064,-0.17886092597910674,1.0294903180870727,5.752392175479443
42,12,0,left,0,left,0.0001540262908772182,-8.778233211985562,0.7450086021494304,-8.23226899811017,-2.3903701809303186
42,13,0,left,0,left,0.2365026723540101,-1.171950117054063,1.928584542518193,-2.7757381298338992,0.161892894375407
42,14,1,right,1,right,0.9987719476798051,6.701097037148518,1.2285852347678583,6.682928019794614,0.1065214637880958
42,15,1,right,1,right,0.9970921938055667,5.837444325111202,1.2482116369382699,4.176038403047728,2.1910136491932013
42,16,1,right,0,left,0.4063497578542832,-0.3790760667100561,-2.1000854525905153,1.0429139910962415,-0.6860510349405733
42,17,0,left,0,left,0.02658334371156192,-3.6005273653056937,-0.258498641577832,-5.175437426829179,1.269550231740162
42,18,0,left,0,left,0.0064227285425402505,-5.041468801937066,-0.6320087029188403,-1.180424851460923,-4.614986315326875
42,19,1,right,1,right,0.6497954851347896,0.6181403631099764,1.055589476752704,0.27839238375660375,-0.11896885239387889
42,20,0,left,0,left,0.0008067417689245507,-7.121699862482599,-0.08127193717625503,-0.3342731393788383,-7.952744581092487
42,21,0,left,0,left,7.516517196885547e-05,-9.495747405005355,-1.953855226490685,-7.3761834059971685,-2.648840048031856
42,22,1,right,1,right,0.997878120254725,6.153328776738673,1.456768621923411,1.5497137406441919,4.43130643768011
42,23,0,left,1,right,0.6554140159889869,0.6429234713784644,0.14557629504406067,-1.0924600496199897,1.7276005539622468
42,24,1,right,1,right,0.9775965253960937,3.775880971115079,1.0910549933527716,2.4358691159931185,1.5748351510618177
42,25,0,left,0,left,0.13418784018803123,-1.8644273687010322,-0.49688740553916033,-1.4086363358332317,-0.3897405977623613
42,26,0,left,0,left,0.0006406773970376083,-7.352343625765929,-3.2473655387626037,-4.134269160630699,-3.2793891960075428
42,27,0,left,1,right,0.548089506793545,0.19295447083201434,-0.040831518726231364,-1.5646661582546504,2.0254416144111316
42,28,0,left,0,left,0.005156903695777465,-5.262248692139131,0.5524626309025582,-0.3390124937365357,-6.71159664370612
42,29,0,left,0,left,0.004659900622816508,-5.364090364840378,1.812345314966098,-4.829441740372878,-2.3443644506127495
42,30,0,left,1,right,0.6671399087370306,0.6952775268090912,1.650823347297357,-0.33055901439672586,0.5048495153511574
42,31,0,left,0,left,0.3912594629197506,-0.4420212015003679,3.5007215355140646,-1.8075876487252354,-0.22325776364307204
42,32,1,right,1,right,0.9635085155171577,3.2735023943940664,2.1542173795371538,1.0246911342593654,1.8547288256960406
42,33,1,right,1,right,0.9796787674398353,3.875558451244471,0.5392496033943577,2.095282307800125,2.3559365632298785
42,34,1,right,1,right,0.6834518774343205,0.7696809715432389,0.8724277678131973,-0.3688073946453456,0.974623501282254
42,35,1,right,1,right,0.9999944418237066,12.100234950102369,0.3402304117896787,7.8430852818533,5.5236154179576955
42,36,1,right,1,right,0.9462638020568476,2.8684345391221835,-0.2372198272919286,0.7567189109400172,2.3749928143738988
42,37,1,right,1,right,0.9499185687586266,2.9427259583401106,-1.1591207593126394,4.561428205571949,-0.9071023152680748
42,38,0,left,0,left,0.02488753416208667,-3.668185771873132,-1.5773227419120435,-1.4996425848615973,-1.8793043486173122
42,39,1,right,1,right,0.9379976719501335,2.716575533542116,0.19118848640516473,1.0446525982929733,2.216543034256852
42,40,0,left,0,left,0.009743511550766078,-4.621362407309426,0.42367232981307523,-2.8581365718146237,-2.4929006863358536
42,41,1,right,0,left,0.16671421278847007,-1.609095619413067,-0.668925429558941,0.28948378144782116,-1.8839071600695867
42,42,0,left,0,left,0.054130887614154986,-2.8606992419818553,-1.4368120473111172,-1.7485218129348006,-1.0464462233704708
42,43,0,left,0,left,0.2986559664824872,-0.8537062448342043,-3.0485095877547614,0.5617505703171244,-0.09628976851856397
42,44,1,right,1,right,0.9919694414464075,4.816438217922018,1.7067389751066078,2.096466368309918,3.0108895773182613
42,45,0,left,0,left,0.4167185965098471,-0.33625858621240057,0.1392810445318543,-0.3020685235956495,-0.21596009352372436
42,46,1,right,1,right,0.8116107843801925,1.4605107770946881,-0.4781696421410049,0.32067253627864034,1.7946697997341716
42,47,1,right,0,left,0.026685540666973095,-3.5965853446473504,0.04076232751612607,-3.2142860043245745,-0.7551718270732506
42,48,0,left,0,left,4.96220453102576e-07,-14.516245050844486,-1.9350771017412303,-11.129286768499938,-4.759230795720732
42,49,1,right,1,right,0.9646469155419856,3.3063765003949026,0.09371231547620673,0.7104782115681159,3.438392545016633
42,50,1,right,1,right,0.5627194926850698,0.25220638484519653,-0.19921147657770688,-0.6760743378293923,1.0170789128743807
42,51,0,left,1,right,0.9625278598128194,3.2459652824766145,2.5898240522355946,-0.3996923241623558,3.1920514439695022
42,52,0,left,1,right,0.6494500892336743,0.6166228931525184,-1.0709606885062521,1.3057830355396318,-0.27761340034742377
42,53,1,right,1,right,0.976555566199018,3.729398549974209,1.0091605741601155,0.8249830523015861,3.060267834677035
42,54,0,left,0,left,0.055085151797217104,-2.8422146132330366,-0.19023913193315578,0.31267754990325247,-3.31550238389532
42,55,0,left,0,left,0.004664486188492755,-5.363102193699016,0.5436386166334114,-9.40340521375339,3.6807480686273046
42,56,1,right,0,left,0.11590984938376558,-2.031746309297288,-0.5969760878274587,-0.09890535911073134,-2.0423837420414044
42,57,0,left,0,left,3.790032932471878e-07,-14.785720563591807,-1.7103751445268596,-13.318475111802366,-3.208210135756846
42,58,1,right,1,right,0.9168303905325202,2.400040483621718,1.0785888433426811,0.7059424510954364,1.413688836475031
42,59,0,left,0,left,0.001262836691048666,-6.6731311116487575,-0.47694662486905304,-5.240923360616842,-2.4756579322616066
42,60,1,right,1,right,0.7839941724466257,1.289096200484991,-1.1354158404549723,0.5037523848557948,1.4047335734987962
42,61,0,left,0,left,0.07413602170224562,-2.5248257951495123,-2.4418078462161468,-0.7676573523947897,-1.0543792503537819
42,62,0,left,0,left,0.2824093439186961,-0.9325416969888942,-0.46755849947635564,0.4463267579222777,-1.3484358744105676
42,63,1,right,1,right,0.9976721749846684,6.060490378561612,1.4880842307450264,3.6460501099661085,2.5428478729210373
42,64,0,left,0,left,0.22432384937010547,-1.240644337541189,-1.248349765711917,-0.5840517211243467,-0.3629024770002691
42,65,0,left,1,right,0.781148182993165,1.2723700006647611,0.156013573385825,-1.0143125104629256,2.702710564169177
42,66,0,left,1,right,0.9244542863155161,2.504465650386075,0.7783297100130941,-0.936948698219342,3.910152575089856
42,67,0,left,0,left,0.066047959880171,-2.6490439450179046,-0.42469828056778336,-0.35621488193521106,-2.6581398000207725
42,68,0,left,0,left,0.0024203208046051877,-6.021431929197275,-0.7996148695454525,-0.9575516025129889,-5.967311589675171
42,69,1,right,1,right,0.9253223361338356,2.5169611120428104,-0.17643161991952172,1.9840301532836808,1.068158798610712
42,70,0,left,0,left,0.004754084003247462,-5.343985819581079,-2.8790561372676216,-2.3409516376613904,-2.648555289178303
42,71,1,right,1,right,0.7311836658310324,1.000636307237495,-0.6463511767862069,0.5934781727998497,0.910936500183815
42,72,0,left,0,left,0.003675477799408689,-5.602389892359272,-0.6418754083981464,-2.8122837156758207,-3.678921884082415
42,73,0,left,0,left,0.09501319116007811,-2.2539046314484232,0.3020808799636303,-0.9189688270063425,-2.039328887699366
42,74,0,left,0,left,0.020658877601889537,-3.858734886365011,-4.823473664297904,-0.08320418616538039,-2.2884532217559945
42,75,0,left,0,left,1.428207222497288e-06,-13.459089162573008,-2.0994272239818024,-9.52421064210112,-5.227796933979764
42,76,0,left,0,left,0.09360382435469379,-2.2704052492864863,0.913577802963663,-2.779143965851267,-0.24218023612923756
42,77,1,right,1,right,0.999700358887126,8.112625403840156,0.3319220506924172,7.836658281469152,1.4188012516311155
42,78,1,right,1,right,0.9842114444539234,4.132555411492848,-0.46290674369408236,2.678176276873287,1.85632076334763
42,79,1,right,1,right,0.9982122960974074,6.325033914769012,0.39969375554388276,4.483477214794583,2.7492090863958136
42,80,0,left,0,left,0.02934303018163317,-3.4989180851573582,0.26681839754747416,-1.6983104214395377,-2.3728393823364016
42,81,1,right,1,right,0.963844157945483,3.2830910781775517,0.7523194335513378,0.35079332069625613,3.1536218380907615
42,82,0,left,1,right,0.8919562393427568,2.1108807360166173,0.1954033428936538,0.30425904682232285,2.1529991033070552
42,83,1,right,1,right,0.5999486273140087,0.40525105983081433,0.7764416557180687,-1.8717195209614517,2.023601416457203
42,84,1,right,1,right,0.9978695398665128,6.149284564687443,0.31356452829944215,5.406378192804421,1.6467292677339913
42,85,1,right,1,right,0.6710275115066836,0.7128360112182626,0.6251347475297234,-0.02115700079325919,0.5983186581235351
42,86,1,right,1,right,0.9944160955878109,5.182267479143609,0.45642885484288176,2.821599609804108,3.082864683859036
42,87,1,right,0,left,0.04506722572046219,-3.0534856646747754,-0.6363565997671304,0.8677908087900413,-4.271632364082895
42,88,1,right,1,right,0.9931004389841727,4.969374017258687,-0.4429865314617951,3.058610731153161,3.138404192823048
42,89,1,right,1,right,0.732746650893363,1.0086029274179091,1.0964861456544623,1.7542468071632928,-1.1660420677288421
42,90,1,right,1,right,0.8160665681723245,1.489922021675017,-1.3727594385626178,0.26656245827429265,2.3972797508074324
42,91,1,right,1,right,0.9761355395021822,3.7112111054283377,0.918524254874814,2.1630896703417486,1.786641808875654
42,92,0,left,0,left,0.07332391986074206,-2.5367171924792804,-1.7043398364130862,-0.8743167698158041,-1.4913297331707815
42,93,0,left,0,left,0.008798801812485869,-4.724301984597575,-1.6678670607705017,-1.4137179523356214,-3.3458810335753273
42,94,0,left,0,left,0.006175122283988364,-5.081032326382017,-0.7343646947318578,-4.970069246938047,-0.5990693651020746
42,95,0,left,1,right,0.5069369135077003,0.027749434554371843,0.34160594043089365,-1.1797070419844649,1.0513652751814502
42,96,1,right,1,right,0.9047620579197593,2.25129357604498,0.6566588502915619,1.8301842987911798,0.34497540678610006
42,97,1,right,1,right,0.9828219931247973,4.046798122846541,0.603057113919503,0.3871102839676483,4.201916772932377
42,98,1,right,1,right,0.9999930025924654,11.869963832254946,-0.6250242258905149,11.07190757619943,3.26271255223444
42,99,0,left,0,left,0.09196685397199297,-2.289852653152715,-1.1055499577064456,0.9105021279732323,-3.103989539299148
42,100,1,right,1,right,0.9914446220939788,4.752603013675848,0.649526606288286,2.5680774228717977,2.513048017868773
42,101,1,right,1,right,0.9502884882369538,2.9505290790313596,0.26534015817121215,5.341208786125195,-2.4474375886337976
42,102,1,right,0,left,0.08689307061424473,-2.3521747031260407,-0.8223081821892623,0.1433041929579002,-2.548230901490777
42,103,0,left,0,left,0.040933493522319335,-3.154011781850179,0.2775059062352645,-1.8843285932350722,-1.5878362272213054
42,104,1,right,1,right,0.7242926894952669,0.9658557441142768,0.5539690992777315,2.6697104516481565,-1.9265996650826114
42,105,0,left,0,left,0.00819237559554438,-4.796325245155369,-0.5795144281097573,-4.383637086667083,-0.7907890794363582
42,106,1,right,1,right,0.7919357621565376,1.3366334123295118,0.08716638637192176,1.3815194667427177,0.023224612434459946
42,107,1,right,1,right,0.9277649769799101,2.5528534314817177,0.3774331723676203,1.95666753633836,0.8116285644863255
42,108,1,right,1,right,0.9308006063094624,2.5990529819254427,0.5411757511254114,2.345679694915797,0.3194562177464635
42,109,0,left,0,left,0.23255598814221745,-1.1939345228295986,-0.8001000434230167,-0.7840026054918265,-0.10418812188914339
42,110,1,right,1,right,0.5284116474616063,0.11376914468996535,-0.18838188353276109,-0.012541610670541603,0.1867474767509596
42,111,0,left,0,left,0.32297590837794854,-0.7401291247557509,0.7291809428903837,-1.1428184208707721,-0.03576811717692596
42,112,1,right,1,right,0.9990412674628244,6.9489392271920325,-0.3138259947077432,6.138657369991703,2.2360489584231056
42,113,0,left,0,left,0.18718189834545695,-1.468426484817136,-0.4014113950136976,-2.4293363765627576,1.0585085341518
42,114,0,left,0,left,0.0342891351239808,-3.338035933928298,1.4150182813898942,-1.1712397786807465,-3.7989976417400615
42,115,0,left,1,right,0.6193962627786713,0.4869864598029109,1.0322201935485016,-0.11956065518048398,0.24888572135939935
42,116,1,right,0,left,0.22579211309532515,-1.2322257028717638,-1.347422573077713,1.2742353838646727,-2.1213236851652053
42,117,0,left,0,left,7.801365242488067e-07,-14.063796121353885,-1.9949041605303863,-8.490807076715623,-6.483037081704051
42,118,0,left,1,right,0.6549507931570658,0.6408730724710648,2.6643495352163145,-0.07191015131315814,-0.3908232647886549
42,119,1,right,1,right,0.9864221507134617,4.285644671724588,0.27555006564843487,5.679489522898009,-1.2700687429083044
42,120,1,right,1,right,0.8566655550043941,1.7878669157873541,0.048119787394680924,-0.22710982778858135,2.4295721933043843
42,121,1,right,1,right,0.9424700678693937,2.7961987894363713,0.9699267736139536,0.22488405028175046,2.8761355644604274
42,122,1,right,1,right,0.8369590559188195,1.6357737916874988,0.04166797223273222,-0.12334457108675034,1.8432457929340413
42,123,0,left,0,left,3.076121849182003e-05,-10.38922503955176,-0.8624538385052569,-8.78805475936355,-2.758048218719872
42,124,1,right,1,right,0.9540688009291648,3.03359118274079,0.5549180834188829,2.5335615692110602,0.6599396547796141
42,125,1,right,1,right,0.9989716626055326,6.87878309456552,1.3313176705847358,2.768526734163184,5.097152800107896
42,126,0,left,0,left,0.049759805985019265,-2.949507239033807,-0.780665633557893,-0.22614453719649869,-2.651156557376601
42,127,0,left,1,right,0.6576232324275526,0.652720381985664,0.9043321993642931,1.0889039994203635,-0.7855173888469074
42,128,1,right,1,right,0.9998308315274588,8.684446277869448,-0.7971448361428503,7.76055710442939,2.989984262802592
42,129,1,right,1,right,0.9754597007053049,3.6825922123789914,0.40723934721821187,2.380686169061106,1.7765875429342928
42,130,1,right,1,right,0.9854614197019304,4.216304151668198,0.1312150851183167,2.7221436435690896,2.227120875692282
42,131,1,right,1,right,0.6959680720143815,0.8281710635798096,0.4307876601130073,-1.8123963108481715,2.7508745634207057
42,132,1,right,1,right,0.9662679922122321,3.3549940478035793,0.7598446986126522,0.8923625013803429,2.648184959102675
42,133,0,left,1,right,0.534621092567814,0.13870632931947102,0.6023423002229802,1.2676740220358726,-1.5705714132493178
42,134,0,left,1,right,0.854528753271596,1.7705717011290372,-0.3266142859565707,2.2560974367494304,-0.25150488475144517
42,135,0,left,0,left,0.3339159375488204,-0.6905266051585912,-1.4777276799633814,0.24115895972320966,-0.10900223264720932
42,136,0,left,0,left,0.010641153000805518,-4.532328261252629,-1.3513963240046787,-2.555454482133931,-2.1810386851128736
42,137,1,right,1,right,0.999017243975079,6.924166423759664,0.28012839160739333,1.864147954496503,5.393761794147071
42,138,1,right,1,right,0.9992657637752876,7.2159452431850815,-0.8701627943937036,5.520581405852501,3.40905200635754
42,139,0,left,0,left,0.09318367336496196,-2.2753673952831335,0.21258851550467228,-1.5015059147304988,-1.0110845295581194
42,140,1,right,1,right,0.9587348698746716,3.1455967350150265,-0.4794181144866928,0.7244366397115821,3.469733808034194
42,141,1,right,1,right,0.9999816613384568,10.90648073516597,0.49660740550421967,9.742507607255,2.708046403681995
42,142,1,right,1,right,0.9606187173857894,3.1942869312657276,-1.060061567484401,0.7005744639701232,3.391814315062347
42,143,1,right,1,right,0.9622352634079698,3.2378832045057533,2.116336884542899,0.5303242472499639,2.3635881100872638
42,144,1,right,1,right,0.9616586218362692,3.222129841913553,0.8969044901829005,0.8705434258330611,2.4617588059785667
42,145,1,right,1,right,0.9323059708689532,2.6226630756999927,-0.6416649829678771,3.6868820237093276,-0.5052100871269929
42,146,1,right,1,right,0.9870674722564082,4.334992729891191,-1.007470256720639,1.855381075342586,4.1042705705797005
42,147,0,left,0,left,0.44096759768331883,-0.23723603815709193,-0.789529928912952,-0.6828771433117498,0.9279904958597962
42,148,0,left,1,right,0.8002762209720702,1.3880216372055723,-0.558103020046646,1.9239507617727032,0.018429431563665055
42,149,0,left,0,left,0.007216462810749725,-4.9241477341019575,-0.006347800223847178,-2.700265175987431,-2.8472735555177233
42,150,1,right,1,right,0.9975428151104614,6.006278729433971,1.2756240786219781,4.518947492770936,2.006904061534617
42,151,1,right,1,right,0.9917668236148611,4.79131613056445,0.8257939013802844,3.680878164047302,1.6026008110888268
42,152,0,left,1,right,0.7567454437907644,1.1349184756720658,-0.28900230713420527,0.6564641262953792,0.7221067448070526
42,153,0,left,1,right,0.6444451778145195,0.5947103083395557,1.0990836471323986,-1.6462902296268256,2.0317899135249164
42,154,1,right,1,right,0.979273418189675,3.8553938647856514,1.01035902967251,1.6235503648391627,2.342295586981135
42,155,1,right,0,left,0.3812738165421178,-0.48414502617174177,1.0153436493878918,-0.28399975906491215,-0.8130442487575151
42,156,0,left,0,left,0.020458208463943448,-3.868700708834917,-0.042766654630349454,-3.133815397106085,-1.1276484024671738
42,157,0,left,1,right,0.5460409519345427,0.18468698500153302,-0.08509234288732326,1.0224426256205434,-0.8440865487886522
42,158,0,left,0,left,0.34114786110873185,-0.6581831437956671,0.7461639817923744,-0.26854394591161895,-0.974540810776378
42,159,0,left,1,right,0.9006428203679115,2.20438752078911,0.8497721446491415,-1.1070846765318585,3.6806717059288543
42,160,0,left,1,right,0.9757954318643934,3.6967115846619065,1.1695006206844403,-0.45662847137834617,3.9565910946826985
42,161,1,right,1,right,0.9998400109697616,8.740245304260593,0.8449290649771319,4.420663152576201,4.511798305162374
42,162,1,right,1,right,0.8334075923191622,1.609972672450576,-0.15480692835598286,2.7753473424619326,-0.9133661396537174
42,163,1,right,1,right,0.9877829588417534,4.392631202980991,0.6188865389671838,2.0117315591253897,2.396014320846917
42,164,1,right,1,right,0.7675473782887633,1.1945137815496323,-0.5704200325220323,-0.6125731415408169,2.4949932108050445
42,165,1,right,1,right,0.991983290912819,4.8181782638952155,0.2581880983028404,2.3028697496639423,2.695171700801774
42,166,1,right,1,right,0.9960793061547372,5.537558239586015,1.4476870847113792,4.270179190950354,1.391733476014232
42,167,0,left,0,left,0.001299450465159626,-6.644513527510501,-1.2701938929672474,-0.9074471998535332,-5.728956937609707
42,168,1,right,1,right,0.9978677800752722,6.148457127469014,0.8590874286643999,4.739994307024989,2.1401470525239343
42,169,0,left,0,left,0.025613982128226395,-3.6386691681088434,-0.7898681907452494,-1.6685046077031194,-2.3724357647820327
42,170,1,right,1,right,0.9118808991757271,2.336820070646625,0.2858707289029103,1.041403841687023,1.664485910513358
42,171,1,right,1,right,0.9900843923862852,4.603680141965267,0.285010710001414,5.1108939791842225,-0.009501916927508236
42,172,0,left,1,right,0.6594569104791003,0.6608749680041099,-1.23765846064318,-1.0090420813593322,2.1985569405685013
42,173,1,right,1,right,0.8810288731325434,2.0022095662289763,0.7083194335591576,2.002543955288093,-0.15121590922524142
42,174,0,left,0,left,0.008954625015987311,-4.7065901599750966,-0.21904412143014607,-1.127421630159606,-4.544323670543877
42,175,0,left,0,left,0.20199447160234835,-1.373875196520938,0.06417248108992957,2.2293585955774207,-4.496717116769701
42,176,1,right,1,right,0.9655881929285459,3.334337707692916,0.6634272697925827,-0.6606634425809567,4.7256137481882226
42,177,1,right,1,right,0.5661588179499997,0.2661961087769139,-0.7762480571500585,0.30307398303814925,0.35271516539710546
42,178,1,right,0,left,0.4599027073005427,-0.1607343337507816,-0.5615151536448433,-1.032098765153023,1.2132527680275613
42,179,0,left,0,left,0.05387916884010111,-2.865626364101214,0.044184531221649115,-0.14994260701406525,-3.6237279428900155
42,180,0,left,0,left,0.24752349397449325,-1.1118642722539698,0.6326415312693666,-0.4402850803585425,-1.0867069700465262
42,181,1,right,1,right,0.999747402734027,8.283461542475385,2.6884608085379726,1.611730500976365,7.576209980922379
42,182,0,left,0,left,0.0026837137262056003,-5.917866403606232,-0.7710132031987678,-2.4070080637447777,-3.611828706618221
42,183,0,left,0,left,0.02439468437699917,-3.688692859731,-0.6358820823467874,-1.3096925854877788,-2.3937010465110022
42,184,0,left,0,left,0.28940653336287825,-0.8982680999067214,-0.3865746798238351,2.284920115665931,-3.3830643183074014
42,185,0,left,0,left,0.0014148462877154884,-6.5593185362496245,-1.0233710212983924,-2.723844078858171,-4.331290944296101
42,186,0,left,1,right,0.5770698860535283,0.31075642871036324,-0.4182043886857346,3.3828247490913186,-3.144396938269641
42,187,1,right,1,right,0.9463736851726746,2.870597611220272,0.7103251090727729,2.16658602205323,0.7942012537824621
42,188,1,right,1,right,0.8474549210901532,1.7147774956104467,0.8460117721600665,0.5322859875267214,0.9493808048894739
42,189,0,left,0,left,0.035430062317703334,-3.3041216637976643,0.31156796272683907,-2.037833847427329,-1.605311696122492
42,190,0,left,0,left,0.09384755870426192,-2.267535799436857,2.9954704005385597,-0.8541001952422008,-2.7439929206606477
42,191,0,left,0,left,0.17182638540463693,-1.5727382320117933,1.8112496245406629,-0.5829485414187431,-2.640889547653717
42,192,0,left,1,right,0.9198907169850152,2.440863136921089,0.1950962676242779,-1.9963642393693835,5.067265813997245
42,193,1,right,1,right,0.9981522717930196,6.2919489533614525,1.4950159922771586,3.7721369846103427,2.707662715771616
42,194,0,left,0,left,0.00041964422486500796,-7.775683557019556,-2.2495446838913544,-2.4877017801840564,-6.021561665054682
42,195,0,left,0,left,0.07352238476018219,-2.533799970460328,-0.9502184587477603,-0.4235992147382046,-2.139613431003367
42,196,0,left,1,right,0.9120353573648406,2.338743812860368,0.44719233623101684,-0.6101947799703165,3.4838184307085847
42,197,1,right,1,right,0.9695639062228927,3.461217189757885,-0.06239894391490863,0.8587677800304065,2.8387906908682683
42,198,0,left,0,left,6.454232642686559e-05,-9.648124781301444,0.2777794672944641,-9.453673968987335,-1.175162168432703
42,199,0,left,0,left,0.03917306654009175,-3.1998048701087773,-0.2355160232347241,-2.7206562108316117,-0.7154682815312929
42,200,1,right,1,right,0.6077930518838,0.4380448194813633,0.4077655709837009,1.4359367692208767,-1.176044517376736
42,201,0,left,0,left,0.27904741037604597,-0.9491916816585457,0.29812441325020544,-0.4107209157624328,-0.7356709970754567
42,202,0,left,0,left,0.2957109406684325,-0.8678064421372889,0.6047915749045336,-0.3288326932271449,-0.851028065582625
42,203,0,left,0,left,0.2459908900024834,-1.1201099474233773,1.9278916960606793,0.22825496980662413,-2.6565873510219697
42,204,1,right,1,right,0.7191047578092867,0.9400252501919946,0.8936811548983866,2.3717164597801683,-2.054607615846714
42,205,1,right,0,left,0.18255032416041347,-1.499163458435579,0.4202329800816875,-1.7174106814232568,-0.038565352278403076
42,206,1,right,1,right,0.533396023565102,0.13378327513616206,-0.2043898480733668,0.6749841932033764,-0.48770137871208075
42,207,0,left,0,left,0.00010867390374281868,-9.127050188813808,-1.4399856657204895,-8.034698336131724,-1.418799902757522
42,208,0,left,0,left,0.028624008015329872,-3.524467807958261,-1.2742440736273488,-2.5877904261817006,-0.6645158671752442
42,209,0,left,0,left,0.014251084847896068,-4.236568638732816,-0.4973945187668074,-1.150417000761821,-3.9360001609857083
42,210,1,right,1,right,0.9446595128354097,2.8373197812520745,1.03054604143325,-1.0866872647395032,4.078148963866598
42,211,1,right,1,right,0.8085074642002508,1.4403410808191186,0.07797444082474503,0.7444731000286154,0.9169100863908444
42,212,1,right,1,right,0.7024020183459891,0.8587623949568314,-0.27356876989555823,-0.6911050276360249,2.0896936113944578
42,213,0,left,0,left,0.3807032788936032,-0.48656423726119924,1.855920607316097,-2.213916927715376,0.9383668249403221
42,214,0,left,0,left,0.00023311572878908235,-8.36374239472188,-0.8682969131262456,-0.7209252546067342,-9.112154519401098
42,215,0,left,0,left,0.24592706578648033,-1.1204540816255362,0.07724271475287281,1.1586736881341926,-2.607758902788672
42,216,1,right,1,right,0.6213008630406059,0.4950733902078215,-0.2976343676780766,0.505932184139164,0.10868476929568183
42,217,0,left,0,left,0.0012971065761334557,-6.646321257209552,-2.5441740637887973,-2.694267878295582,-4.3391376516722415
42,218,1,right,0,left,0.12052920641694366,-1.987428255181613,3.325486695167246,-2.2119476536142777,-1.8571865939218992
42,219,1,right,1,right,0.6548654656428508,0.6404955228962927,1.4380311344758956,-3.3186342841889203,3.9631351640636643
42,220,1,right,1,right,0.5046249066061256,0.018500154055041823,0.13489521658972525,-0.028435193576551776,-0.0246921289486548
42,221,1,right,1,right,0.716919953465324,0.929234485859648,-0.3908729928030271,1.5495102851467408,-0.2677636225859179
42,222,1,right,1,right,0.8275499456897194,1.5683618084424622,-1.6875944563773213,0.3394047189643955,2.4348407378137136
42,223,1,right,0,left,0.36220088512857196,-0.5658243775883556,0.2765003294583954,0.33221977049488505,-1.0747681605782247
42,224,1,right,1,right,0.8873026033876155,2.063479757270066,1.0032918488160425,1.7420898624937182,0.02373210802996839
42,225,0,left,0,left,0.09727001127937182,-2.2279327600488332,0.2916373661152154,-1.774979717672535,-1.0285626694105658
42,226,1,right,1,right,0.9965493541614089,5.665737252818848,1.288217165408222,1.0704856214978076,4.463103966822056
42,227,0,left,1,right,0.847006859602881,1.7113157069423572,0.8756816660810676,1.523370135913748,-0.0586238639655442
42,228,0,left,0,left,0.16630716741712526,-1.6120285436704027,-0.18364465941056263,-0.7222413622693838,-1.1305597918020558
42,229,0,left,0,left,0.02762705514850961,-3.560943867402826,-0.27593404630496354,0.46296642614904626,-5.022320512287278
42,230,1,right,1,right,0.9990378246100936,6.945351167348717,1.391720867582581,5.601700940356852,1.693610401147871
42,231,0,left,0,left,0.02303333632343996,-3.7475099584296965,-1.5226077100366349,0.08176643656854743,-4.182070957495026
42,232,1,right,0,left,0.33547042026300383,-0.6835456050457246,-0.2932545136173569,-0.5251196467657976,-0.12506783755210615
42,233,1,right,0,left,0.31605609983787336,-0.7719561679894786,-1.848641870221333,1.1904106021253469,-1.467999712728671
42,234,1,right,1,right,0.9919997158343351,4.820245759070422,-0.48138645576128336,5.083809688237968,0.8324037127144641
42,235,0,left,0,left,0.00026809186271823147,-8.22391273704364,-0.40344016854500864,-5.7050445159709495,-2.8600654005518313
42,236,1,right,1,right,0.9610783949671818,3.206506486343266,0.8850156446785935,0.3610531837805244,3.293320647265359
42,237,1,right,1,right,0.6592778192342669,0.6600775965932284,0.32944705312655287,-0.6276670362001051,1.3111489102013971
42,238,0,left,0,left,0.004336371767177315,-5.4363714777610745,0.0176033719893971,0.10948735988532965,-5.971384132363964
42,239,0,left,0,left,0.342143095482176,-0.6537583799404889,0.8547964003738951,-1.2747567119272798,0.2650586781258175
42,240,0,left,0,left,0.026168355464587633,-3.616687565063796,-0.964766023026738,-0.5193061823278381,-3.2978069679018276
42,241,1,right,1,right,0.9398753506112909,2.7493273637023634,0.03343033533583484,3.591445729928362,-0.5049978694150037
42,242,1,right,1,right,0.9594315483117042,3.163350259370257,-0.018701544971976847,1.8198267881056873,1.9762562123878626
42,243,0,left,1,right,0.7138083011442696,0.9139525784937348,-0.6130380013071931,-2.2523965988276484,3.7431559809049157
42,244,1,right,0,left,0.47599296296592936,-0.09610204324808302,0.39875444607306865,0.452442981468215,-0.9181118658561545
42,245,1,right,1,right,0.9806843614001568,3.9273355979561244,0.33232412847950354,-0.8448912794393957,5.8614600189718224
42,246,0,left,0,left,0.13251381217068264,-1.8789127070926968,0.9114499733508962,-1.9948212798573945,-0.8550418525886039
42,247,1,right,0,left,0.23936331586892115,-1.1561732770957431,-0.729659068499939,-3.2256473411919386,2.4204242446204205
42,248,1,right,1,right,0.9990071764969796,6.9139643342060255,0.7877304835284156,3.307026621682689,3.7122668847375344
42,249,1,right,1,right,0.9222206423652455,2.472908433401342,1.125709149200549,1.1492599186750652,1.2461914743579132
42,250,1,right,0,left,0.15304216890410277,-1.710937410051048,-0.15408626884522392,-0.5076562994318785,-1.4020331937934496
42,251,1,right,1,right,0.9941175446652843,5.129881205173495,2.2313292399619122,3.095884186577252,1.8110422590458912
42,252,0,left,0,left,0.22423957691079602,-1.2411287192976623,-0.8423436672607176,0.3931619080866104,-1.6379460983125558
42,253,1,right,1,right,0.9953736949515829,5.371359735672533,1.4377279882588123,1.6664554433382497,3.882655859691905
42,254,0,left,0,left,2.435868997477143e-06,-12.925204551409475,-1.2346282302919656,-5.144482984912101,-8.152927583838476
42,255,1,right,1,right,0.9798176486614487,3.882557955155557,-0.30016265210685045,3.109583549811966,1.6747273427322804
42,256,0,left,0,left,0.014714824608691274,-4.204075655038234,-0.5659901086518547,-4.44505009948462,-0.06377017222604842
42,257,0,left,0,left,0.009731549012172831,-4.622602985851001,-0.7887849911501912,-2.4385636254205743,-2.7526225512488187
42,258,0,left,0,left,0.013894617331369366,-4.262261705074317,-1.011501501355636,-1.297720644963923,-3.1917763620100477
42,259,0,left,0,left,0.08344008573802991,-2.3964985998089894,-1.1440177610366613,-0.11202783925239568,-2.3884244508359016
42,260,0,left,0,left,0.03750992132591998,-3.244918291562287,0.9713108925858143,-2.441967682591968,-1.3851593796959474
42,261,0,left,0,left,0.0789780245572532,-2.456314252777055,-0.18484310735090215,-3.2418173262797247,0.5503251292958018
42,262,1,right,1,right,0.9998362680998508,8.717116477692965,0.2954956246180591,5.900292724208179,4.280074875202155
42,263,1,right,0,left,0.3086883942186997,-0.8062583360150342,-1.1049074248017627,-0.17623458037105116,-0.24446321885128275
42,264,1,right,1,right,0.9310573419591459,2.6030457509697094,0.028880587546740832,0.39290770240538764,2.9270663729724395
42,265,0,left,0,left,0.07581985663849959,-2.5005467937147032,-0.6749771716804122,-0.4310642277800245,-2.213973895515381
42,266,1,right,1,right,0.9959445430685628,5.503628211703644,-0.3749803048271001,1.6540453054101805,5.403569901626118
42,267,1,right,1,right,0.5385890076495172,0.15466360168968593,0.793812124677329,-0.14355324031901537,-0.2348885917561352
42,268,1,right,0,left,0.34610889679813567,-0.636187372556529,-0.9004935611294985,-0.6042613711697269,0.2576737630585919
42,269,0,left,0,left,0.012957696400928965,-4.333022971020931,-0.0022951588087510855,-0.5700995571056411,-4.834769186122517
42,270,1,right,1,right,0.9988574013934658,6.773306879361582,0.8656679386374958,3.574442630588665,3.702464398447379
42,271,0,left,1,right,0.9030971907638832,2.2321216690316596,0.6997548274808051,-0.549273079906418,2.9191785071775085
42,272,0,left,0,left,0.002133012995326257,-6.148084455892728,-1.5119436065035539,-3.3708450821110816,-3.2474063577264736
42,273,1,right,1,right,0.9863774685399511,4.282313962585851,-0.8129614737460098,3.7680640203260074,1.6327949717508756
42,274,1,right,1,right,0.9981261237046133,6.277870474146387,0.23084828394931578,3.7265518497368593,2.817649305420989
42,275,0,left,0,left,0.011867813623575018,-4.421986482486243,-2.4934965123458097,-2.176288007297379,-2.073126065269138
42,276,0,left,0,left,6.787066438482963e-05,-9.597838785249259,-1.5342507676307422,-2.8410467661725076,-7.558044260897833
42,277,1,right,1,right,0.9999547426769617,10.003100807465263,-0.220293030524931,5.855155393571964,5.4449404525392255
42,278,0,left,0,left,0.15518279995415066,-1.6945164960776131,0.29793804273395896,-0.23633674050055453,-2.102009347550473
42,279,0,left,0,left,0.010316937218847747,-4.5635978183826555,0.06844281945843034,-2.227202605547861,-3.430381503437766
42,280,1,right,1,right,0.9965433217390516,5.6639845248579945,0.0736989540677262,1.8189540485702445,5.232840707268716
42,281,0,left,0,left,0.055383328756926586,-2.8365005828028007,0.7492172663360163,-3.250741100400371,-0.5759017450778279
42,282,0,left,0,left,0.4251935329571928,-0.30148896814773063,0.09738456072158186,-1.8307201231273273,1.5809596572353999
42,283,0,left,0,left,8.7435562098364e-05,-9.344521029677555,-1.9758681316729063,-5.704447020326064,-4.685737095804707
42,284,1,right,1,right,0.9178290553590369,2.413209391019409,0.029306125707524222,2.665182979633395,-0.01774295476758192
42,285,0,left,0,left,0.17324561249161374,-1.562797345757063,-0.21716797175491354,-2.503924191019692,0.9046920877821563
42,286,0,left,1,right,0.699213943147848,0.8435575282642049,1.1507622649881004,0.5545947674231189,-0.1122621786176885
42,287,1,right,0,left,0.3930240105590036,-0.43461852859376343,0.8654822633845447,-0.44900983284564683,-0.36480803505266435
42,288,1,right,1,right,0.9000343349542473,2.197606135058117,-0.5744049820238234,-0.568785830540582,3.7539776341731184
42,289,0,left,0,left,0.2430978722235981,-1.1357698268793774,-1.436034938613263,-0.6734453694677586,0.2974702807422023
42,290,0,left,0,left,0.12187238928225126,-1.9748174177623123,0.9406949094555535,-1.4048118064949828,-1.070044866762867
42,291,1,right,0,left,0.26354731031794687,-1.0276120994915163,-0.7600882800920987,-0.9774735507397523,0.2223651284323811
42,292,1,right,1,right,0.9718517524033098,3.5417181744146617,2.6557431613552653,-0.013076173611383968,3.3006305703319754
42,293,1,right,1,right,0.9037414797478163,2.239505854412945,0.9030421904283824,-0.3916184988612036,2.67618098686437
42,294,0,left,0,left,0.2970655511198593,-0.8613108173359577,0.039917306595542934,-1.0346093658118583,0.0959602161424229
42,295,1,right,1,right,0.9914940143838624,4.758442805207026,0.007815052994201932,4.197134460088085,1.3732790668060453
42,296,0,left,0,left,0.009495420544876844,-4.647404855028774,-0.39441799977066716,-3.643118995937445,-1.5768275919067745
42,297,1,right,1,right,0.8726286805552453,1.9244035323822368,-0.5285783431303452,0.283789622704552,2.476156708154771
42,298,1,right,1,right,0.9999874338108939,11.284488188795368,0.4705613065684864,7.067702505526607,4.683008843868038
42,299,1,right,1,right,0.6099125234159427,0.44694452974189974,0.2021180954011943,0.3592091308264733,0.05247078078574474
42,300,0,left,1,right,0.65594611663003,0.6452803634765869,0.3886392699434158,-2.285244201480891,3.222653227649813
42,301,1,right,1,right,0.5564028802492667,0.22657587405838941,-0.18905814240661178,0.2484045785563021,0.04152664460349531
42,302,1,right,1,right,0.9996804710514597,8.048343102482466,0.20157727127385372,2.702953708662361,5.7735147563956675
42,303,0,left,0,left,0.010581581204271146,-4.538002447284175,-0.5744718348780917,-2.0737741765934308,-3.2623781483799323
42,304,1,right,1,right,0.9330436968495947,2.634411819694081,-1.4064921962908032,3.838606272545922,-0.5248016101069177
42,305,0,left,0,left,0.002651035550521871,-5.9301503857662325,-1.6871157752558945,-0.0941764241573243,-6.179105909655688
42,306,0,left,0,left,0.02629362003947832,-3.6117834745436834,-1.4793599461838676,-1.6511571620573058,-1.635094691777013
42,307,0,left,0,left,0.09481340129025147,-2.2562303457747688,-0.16794902452172678,-0.7841345008849946,-1.5754649765143678
42,308,0,left,0,left,0.0011736025591715963,-6.746502858751371,-0.7680922148542686,-5.63082340792146,-1.2095296733429377
42,309,0,left,0,left,0.10937907784099488,-2.0970992577176,-1.9096480516834635,-1.7710619947465809,0.6196729777855858
42,310,0,left,0,left,0.0002670931350304476,-8.227646011238186,-0.773156008102722,-2.576265175344365,-5.9158129300552895
42,311,0,left,0,left,0.001114819630591568,-6.7979472119369975,-0.7205269317678467,-3.492861590153237,-4.39877952564106
42,312,0,left,0,left,5.791273389249978e-05,-9.756515354096557,-1.0609714601217535,-5.454512649961757,-5.101239271407795
42,313,0,left,0,left,0.0017544926445444697,-6.3438195217175535,-1.6575168802550702,-2.552195452772846,-4.394274335872703
42,314,0,left,0,left,0.07324305629762098,-2.53790788570083,-0.33218645010691517,1.0860767670658962,-3.7238099237664857
42,315,0,left,0,left,0.3142638009923717,-0.7802602404711093,0.4291360055514877,-0.7145823717000821,-0.42880091917292673
43,0,0,left,0,left,0.001847178902357574,-6.292246834365602,0.5375944662140132,-7.740293455055044,0.6781019151363745
43,1,1,right,1,right,0.9547497454417204,3.049240963755171,-0.188961010857286,-0.9290192390008015,4.557988023847022
43,2,0,left,0,left,0.40233871672129595,-0.39572986479725825,-1.2231568421180805,-0.6441725957926167,0.7830628149432768
43,3,1,right,1,right,0.9999811509778808,10.879030673179733,-0.7167349733670194,10.52160109402029,2.355379250891219
43,4,0,left,1,right,0.9421497106762381,2.7903057355773666,1.87006709221404,-0.2666872047277941,3.067098782832519
43,5,1,right,1,right,0.9978818560684216,6.155094687376911,0.7782021208548965,4.4412005369032945,2.613408124224295
43,6,0,left,0,left,0.02170632032684733,-3.8082064334820016,-0.8789566061069907,-2.891390286191445,-1.1011513884214545
43,7,1,right,1,right,0.9648976435837975,3.3137537643050563,3.10445536554247,0.21976086030726183,2.2833911465818932
43,8,0,left,1,right,0.5074817034198753,0.029929047552829102,0.9122593601197512,1.4855052382328116,-1.7009211731330445
43,9,0,left,0,left,0.0019370911287314749,-6.244628879622807,-1.6847461924809801,-2.01980162719792,-4.484586695928132
43,10,1,right,1,right,0.5813171514146054,0.328182770851154,-0.20444295935736922,2.568314155739332,-2.299828216330314
43,11,1,right,1,right,0.9987703887425762,6.6998268425777585,4.009589055660917,1.5679493043337989,4.42491129189375
43,12,0,left,0,left,0.0019286935836118203,-6.248981849040328,0.3916034116888828,-5.600510092955194,-1.4473450695459256
43,13,0,left,1,right,0.6686748984695052,0.7021979173454689,3.7835045602286614,-2.841295142153041,1.5301381427928493
43,14,1,right,1,right,0.9974842554014378,5.982667541800403,2.08170820169446,4.735254861632564,0.915546774562676
43,15,1,right,1,right,0.9638619181534243,3.283600837799683,-0.6445775701120384,2.904107805187022,1.2595089045555357
43,16,1,right,1,right,0.7790361915530157,1.2600585783574616,-1.7212434125252907,2.4016402759777837,-0.4007494808344527
43,17,0,left,0,left,0.2019081151533549,-1.3744110163038288,1.635967672404525,-3.018383931080162,0.947084529593418
43,18,0,left,0,left,0.004380756999672418,-5.426143357920132,-1.0175407676955186,-1.2851603879178097,-4.833622922207475
43,19,1,right,1,right,0.5371926297030315,0.14904582407705158,0.45211472572608746,0.272286701394941,-0.35673034066644027
43,20,0,left,0,left,0.002042877982390236,-6.191350722149716,-0.9223424938539919,-0.40057620591041004,-6.863041210567817
43,21,0,left,0,left,0.00024124421842637735,-8.329459509781863,-1.7542338357583245,-6.24298808722607,-2.8856358857607156
43,22,1,right,1,right,0.998387422147792,6.42830735056545,0.6903898052773256,1.9162279560361637,5.462392164760143
43,23,0,left,1,right,0.8725194964995744,1.9234215602013418,0.10744018775173136,0.30366222910913643,2.138722445594301
43,24,1,right,1,right,0.987058022607642,4.334252734751562,1.8043239405518507,2.406191751295497,1.4455048411031832
43,25,0,left,0,left,0.1119906856777964,-2.0705665277930327,0.27601415081408864,-1.0875046192000615,-1.6367848358560215
43,26,0,left,0,left,0.004170938743510607,-5.475434488787568,-1.234071526966895,-3.4951440668811475,-2.3112598068667403
43,27,0,left,1,right,0.6511339216588748,0.6240272190079089,-0.7764676159118838,-0.8522835348534286,1.7427684246969561
43,28,0,left,0,left,0.008541366742134363,-4.754256190657673,1.1634858810469635,-0.01995476861778135,-6.892235503503924
43,29,0,left,0,left,0.01085662885890235,-4.51206343871355,1.9189914759919935,-3.173597922329884,-2.7721450143806354
43,30,0,left,1,right,0.7784125847863854,1.2564395355385332,1.609012573869441,-0.11034606040138362,0.774389656746487
43,31,0,left,0,left,0.18227658660194365,-1.5009989138998123,1.1976030327828542,-1.4014052315708128,-0.5025108520602792
43,32,1,right,1,right,0.916917172842109,2.40117911634977,1.9568833355002053,-0.09965026916158082,2.3119048950613914
43,33,1,right,1,right,0.9875470744275635,4.373268584901719,1.6703077481827195,2.929090234483909,0.9753446048048813
43,34,1,right,1,right,0.5889506092313075,0.35962894537790524,0.6416914010669043,-0.3568437228392511,0.5594784822985146
43,35,1,right,1,right,0.9999236526564088,9.48014096916627,0.6346642645869228,5.287653871918584,5.156896473190059
43,36,1,right,1,right,0.9098334658151263,2.3116032378463975,0.46175945970971777,-0.3566938835883817,2.9818911729455344
43,37,1,right,1,right,0.7724236070407546,1.2220471380672473,-1.0669561281132276,2.956600944543066,-1.1512914362597377
43,38,0,left,0,left,0.007862643006854596,-4.837738752078028,-2.0655579427112256,-1.5541843607274057,-2.9374916335626517
43,39,1,right,1,right,0.8200615574913761,1.5167646012156724,0.8149668212216706,-0.706633204997642,2.417127153515935
43,40,0,left,0,left,0.013743018443225685,-4.273386005446039,-0.41329230027224906,-2.472981538424562,-2.311098383771914
43,41,1,right,0,left,0.25913469543726153,-1.0504708474352573,-0.48583685499878637,0.6993783182588572,-1.8436270536990265
43,42,0,left,0,left,0.06186820837346378,-2.7188839907335844,-2.037234589173241,-0.44183030538389934,-2.0850992851172987
43,43,0,left,0,left,0.17892324783380206,-1.5236596604423607,-1.9100825761667666,-1.2951238899817958,0.5466285659539298
43,44,1,right,1,right,0.9583176150887633,3.135100647414771,1.7345232011701657,1.2047876748889874,2.0835503873216514
43,45,0,left,1,right,0.5117809111799176,0.047132368004798475,-0.5462160835712747,0.6058092750434143,-0.39067419333192965
43,46,1,right,1,right,0.9681401789038642,3.4140312005560216,0.4422623168345975,1.9413927032902594,2.0466465277966135
43,47,1,right,1,right,0.6569420454395433,0.6496964070687975,-0.11054114302411577,0.5658245132600875,0.17675360931437623
43,48,0,left,0,left,3.5831112688348203e-06,-12.539275482349293,-2.1783437085137596,-7.88252611984493,-5.750241917543895
43,49,1,right,1,right,0.8880857758639548,2.0713356108191614,0.16413294158985214,-0.6925121104433004,3.4654241379594484
43,50,1,right,1,right,0.8268092427182243,1.5631803763691345,1.3900133513685722,-0.4675118424912653,1.736915085050428
43,51,0,left,1,right,0.9701149972338639,3.4800578434842584,1.5726732097504685,0.5912281662365473,2.770760980424674
43,52,0,left,0,left,0.4702118561844758,-0.11929384700080214,0.2756368685546594,-0.061200935037094034,-0.13896989117187886
43,53,1,right,1,right,0.9824211377917972,4.023322904288314,2.024495678960304,1.4806319403243275,1.978034467269097
43,54,0,left,0,left,0.3650179094224408,-0.5536503753905424,-0.1152421789632182,2.2469527704798904,-3.0079815910423364
43,55,0,left,0,left,0.019803823589018756,-3.901877702028929,0.6407567078230498,-7.249684374657845,2.7039970451407873
43,56,1,right,0,left,0.1610891360682665,-1.650146608021216,0.768538259168145,0.2887635076416073,-2.6751603129925154
43,57,0,left,0,left,3.462473701249331e-06,-12.573523819307018,-2.6980788799510296,-10.315733393018924,-3.3667929623481907
43,58,1,right,1,right,0.8742764015847789,1.9393107406360413,0.8498787772699533,0.5595787814356692,1.516115589195588
43,59,0,left,0,left,0.01592807300845719,-4.12361584051054,-0.7242624317814798,-2.979621702650364,-1.5785325855601156
43,60,1,right,0,left,0.08350169463193506,-2.3956932916083766,-2.00327476812516,-1.1305433779201628,-0.7149893699962491
43,61,0,left,0,left,0.009691510086022983,-4.626766247171496,-3.462393244884541,-1.8437864234806052,-2.2730499279679095
43,62,0,left,0,left,0.1254590324383362,-1.9417198696753506,-0.055626005847665416,0.18896493238319342,-2.5989732576593347
43,63,1,right,1,right,0.9713038563561949,3.5218766047785732,0.3805279018353044,2.4810012894719966,1.5934555994836703
43,64,0,left,0,left,0.03954896092819902,-3.189863584982199,-0.3023939295991088,-1.148044900866299,-2.7629657561446654
43,65,0,left,0,left,0.190276440205575,-1.44821494201245,-1.2347087005677257,-2.2977210189413158,1.364274940900031
43,66,0,left,1,right,0.6955144355917073,0.8260280883514435,-0.33537192928282433,-1.6545959627619784,3.2439750910533123
43,67,0,left,0,left,0.18534903622037763,-1.4805190264069428,-0.608934095924533,1.0628147465293507,-2.7036625749640937
43,68,0,left,0,left,0.0008309243730003855,-7.092140504687977,-0.35442706849260575,-2.1988045271355916,-5.911179814026795
43,69,1,right,1,right,0.938173497443489,2.719602780700976,0.8513717169478581,1.7306176898868875,0.9906226724623348
43,70,0,left,0,left,0.0034577610122933575,-5.663670252765536,-1.1074852198144098,-2.783272548408362,-3.2402899754139174
43,71,1,right,1,right,0.6721100135199215,0.7177438926694744,0.12432631351752443,-0.3165988809193244,1.134241799957941
43,72,0,left,0,left,0.0016593102735719225,-6.399692572351446,-1.3345884447275975,-2.710672094505178,-4.4177005503076945
43,73,0,left,0,left,0.3504193718378725,-0.6171963247643006,1.4346195069873575,1.1271466591248345,-3.1663566652834536
43,74,0,left,0,left,0.05844986236236483,-2.779358266491038,-2.885893415412002,0.07538230734925888,-1.6163755405980227
43,75,0,left,0,left,1.111409576755912e-06,-13.709880347887578,-2.1214474398937506,-7.7799798479119335,-6.810731185495525
43,76,0,left,0,left,0.15545218045490097,-1.692463196193496,-0.5456782391925203,-1.520715598054065,-0.1602870159359786
43,77,1,right,1,right,0.9998973130526632,9.183722851951016,1.4028203786123248,7.714305998529266,1.7421633707714397
43,78,1,right,1,right,0.9675421377783607,3.3948162761499154,0.7100041575136465,1.6742451501597124,2.197052591385536
43,79,1,right,1,right,0.9948649616477397,5.266519698864045,0.5950066189792754,3.0761596307290078,2.5892360527062026
43,80,0,left,0,left,0.04557945870599915,-3.0416472452266974,-0.4923189754774203,-1.1791111571220132,-2.4342282738152474
43,81,1,right,1,right,0.9935115502604971,5.031222054676308,2.0254808978008674,1.8025535608466274,3.071968144593785
43,82,0,left,1,right,0.9604372084292614,3.1894995364806102,-0.5122786312376174,1.5856810821681222,2.131863938842369
43,83,1,right,1,right,0.9627888278791763,3.253225060041175,1.6594090980572647,0.6182154204783723,2.2636491427364165
43,84,1,right,1,right,0.9997545633913849,8.31222639071966,1.0149427401480493,7.379962221732631,1.6606936845325035
43,85,1,right,1,right,0.7497387942132843,1.0972196759251576,2.0107975124190003,-0.14472194341809674,0.6040019800212564
43,86,1,right,1,right,0.9945023394765753,5.197919808335975,-0.07365498550287797,2.7337262817831234,3.19556294682298
43,87,1,right,0,left,0.0679317974643617,-2.618901767303106,-2.3887398933436,2.0199802679479295,-4.058890356702951
43,88,1,right,1,right,0.868596496866298,1.8886059212431399,0.33918370714120716,0.2569242513653308,1.8765856225016322
43,89,1,right,1,right,0.7991648985533741,1.3810831250992286,1.3729220156746946,2.048580422850944,-1.2955429749460887
43,90,1,right,1,right,0.950743446967963,2.960201839042661,1.0678401201621424,0.3836691263633646,2.940305527994352
43,91,1,right,1,right,0.9928762218243948,4.93716777822085,1.4745545518995269,3.4305316203530998,1.8195540519059201
43,92,0,left,0,left,0.2837631062669922,-0.9258712121923792,-1.2766828561068837,0.7847956986885192,-1.5113730883078194
43,93,0,left,0,left,0.034284204401596435,-3.338184848439752,-0.8078639633845658,-1.1589711296370016,-2.692971351550502
43,94,0,left,0,left,0.1238686712212293,-1.9562940970924523,-0.4801321226174199,-1.890528105541099,-0.23240253396670507
43,95,0,left,0,left,0.25054524065182154,-1.0957064489880857,-2.084153549293549,-1.314836822794266,1.619145930650855
43,96,1,right,1,right,0.9397132138916899,2.7464617932391038,2.0583956695723233,1.649665250550465,1.1056117618721135
43,97,1,right,1,right,0.9908429422082938,4.6840311123101,0.8439170084439782,1.0647051200669364,4.1670156167853944
43,98,1,right,1,right,0.9999875096219267,11.290539473743982,-0.10641457328031223,9.57288444115541,2.887262333309071
43,99,0,left,0,left,0.10594563886639019,-2.13284045828092,-0.6384788325638165,1.5965251355284833,-4.080150885300922
43,100,1,right,1,right,0.9898476897245098,4.579849789592987,1.0526316825297672,3.433060430215922,1.5453287109015368
43,101,1,right,1,right,0.6758178596052655,0.7346180817333814,1.5726175504318347,2.3276667954928474,-2.5080212596485225
43,102,1,right,0,left,0.07954482624005567,-2.4485475869479267,-1.42097971977137,-0.42282614320201384,-2.05807392463735
43,103,0,left,0,left,0.18039683299143786,-1.5136612284531754,-0.9168336905531983,-0.8084012807170469,-0.5147835709652169
43,104,1,right,0,left,0.41067283299916124,-0.36118462050820765,-1.782164767151417,2.270962080655251,-1.8783432365959556
43,105,0,left,0,left,0.01374757794641778,-4.273049668733164,0.14537180256429694,-4.699465690991366,-0.2641091800284683
43,106,1,right,1,right,0.8006933949548835,1.3906337280666774,0.7150234929975564,1.6918018538519333,-0.48979830745328945
43,107,1,right,1,right,0.698117410507618,0.8383491332465798,-0.27802540970856493,-0.053150089533260336,1.3055028408529201
43,108,1,right,1,right,0.9586165185953461,3.1426093172551695,0.6050703419310285,2.8359909507981396,0.5699935616552188
43,109,0,left,0,left,0.18836700590192515,-1.4606560413807563,-2.57013888887106,0.13670159410940882,-0.8173387151486602
43,110,1,right,0,left,0.26008067708432286,-1.045549277806147,1.8886524602229775,-1.5541693301314545,-0.4078237309409609
43,111,0,left,0,left,0.36651342611746934,-0.5472036519897667,1.4528968044335757,-1.3758356301264123,-0.1378437753185786
43,112,1,right,1,right,0.9996472115439611,7.949289104644168,0.5790834218672917,7.643863041747311,1.1357903543511765
43,113,0,left,0,left,0.3118230579208982,-0.7916100832353644,-1.0703866678619218,-0.9727838716270086,0.26496317326273244
43,114,0,left,0,left,0.005077165625320476,-5.27791202265084,0.8712032059783671,-1.3174323647349955,-5.280774784753399
43,115,0,left,0,left,0.48533645623632865,-0.058670999460807005,0.4766254006072581,-1.0278787894076462,0.7655284916608573
43,116,1,right,0,left,0.27577825776146864,-0.9655004904040845,0.976737223672143,-1.091289616892103,-0.6713466855372694
43,117,0,left,0,left,2.6355146174385013e-06,-12.84642945878589,-2.3789209443605186,-7.446494051436501,-6.092537733883396
43,118,0,left,1,right,0.5229762651383684,0.09196983262031588,3.0496234020483226,-1.0051087842068394,-0.2543440317176022
43,119,1,right,1,right,0.9972111165710471,5.879321188318472,0.04643884703957313,5.824754213587637,0.8751191999545893
43,120,1,right,1,right,0.73250007687035,1.007344166863449,-0.7066447224957768,0.008337212148220696,1.7831847427496086
43,121,1,right,1,right,0.9291881851421825,2.5742854224293374,0.48002905442824884,-0.31091519718957017,3.238291660114177
43,122,1,right,1,right,0.7743772524719201,1.2331948153580679,0.8802701396711289,-0.32857009017706446,1.619761100248584
43,123,0,left,0,left,0.00039283401079639107,-7.841730488511457,-4.003993216789215,-4.843906882132653,-2.7842814698985197
43,124,1,right,1,right,0.9931076673227228,4.970429496910166,-0.7359069977548355,3.3093279771306263,2.4389378584990777
43,125,1,right,1,right,0.9980718379893011,6.2492580325705696,1.086264449584593,2.118003687537695,4.874726005253695
43,126,0,left,0,left,0.13579957822131117,-1.8506246023161048,1.455648023561392,0.42826694705938223,-3.9479239641092425
43,127,0,left,0,left,0.09786910408672043,-2.2211287136742226,-0.3511475828121068,-1.5808425664237984,-0.9474292769066428
43,128,1,right,1,right,0.9996712988700126,8.02003288438883,-0.5944893531205819,5.471829613019288,4.303749325496485
43,129,1,right,1,right,0.9711527881545706,3.516470462111935,-1.386852467449354,2.0966673337061477,3.0441353850003683
43,130,1,right,1,right,0.9924729754186515,4.88169996158983,0.7405845125306263,2.994719137938889,2.347106078034204
43,131,1,right,1,right,0.7733037058151908,1.2270606532133237,-0.4655379513893534,-0.6193309071030009,2.633741202955819
43,132,1,right,1,right,0.9692732453593284,3.4514127973588895,0.8569488408746138,0.7987767844760842,2.908079544301221
43,133,0,left,0,left,0.2261467321646635,-1.2301982332160346,-0.4901934898040652,-0.1792543070079693,-1.0808294488337644
43,134,0,left,1,right,0.5047542634651518,0.01901762701552595,-1.4835723803945706,0.2573861522511782,0.39408226440362815
43,135,0,left,0,left,0.1695569059216506,-1.5887708080037584,-1.7276808288841694,-0.7545801790370361,-0.22244237533647504
43,136,0,left,0,left,0.029809392084708092,-3.4826690407153795,0.40131413273654426,-1.7969000576693417,-2.2665705840464505
43,137,1,right,1,right,0.998722158170409,6.661304035733766,0.7653918902342095,2.682321185230852,5.33842117286437
43,138,1,right,1,right,0.999834939436951,8.70903302844038,-0.2451730805429564,5.758554913116522,4.605564601217451
43,139,0,left,0,left,0.05265832584593105,-2.8898354626729006,0.8657328026191726,-1.745304171209506,-2.1658792142500154
43,140,1,right,0,left,0.3940194471905072,-0.4304476280495493,-0.9068731654388982,-1.4932817186239538,1.8432727129717996
43,141,1,right,1,right,0.9998634856034981,8.898943956306471,0.9922204473759738,6.9222913389731655,2.934264492858637
43,142,1,right,1,right,0.9943667457122872,5.173418796681348,-1.7831986534850697,3.3252216044772154,2.8391878144334703
43,143,1,right,1,right,0.9744271025764389,3.6403166149192017,5.631306585117335,0.32507556149454936,1.3989331130270977
43,144,1,right,1,right,0.9685478258936687,3.42732975330155,2.360038173090541,1.5919769118494254,1.5054007799701954
43,145,1,right,1,right,0.9861680016044524,4.266842094725891,0.4331637133222641,5.3201323516073655,-0.7798513175491241
43,146,1,right,1,right,0.9617094105112621,3.2235081762171105,-0.6031354969082967,0.8501066551196176,3.574249953496813
43,147,0,left,0,left,0.20426532922015406,-1.3598460199268076,-1.3242155912213975,-1.5907579279396873,0.7519098591602347
43,148,0,left,1,right,0.5489081519283221,0.1962601538073112,-2.0499179364012656,0.7983621167864123,0.26281240558200936
43,149,0,left,0,left,0.005221165792462332,-5.249799726423976,-1.1437628711331653,-2.1117136317381084,-3.4724317330245
43,150,1,right,1,right,0.9880649296884874,4.416267262919851,0.9299228343532617,2.8762697769690044,1.7973811099475172
43,151,1,right,1,right,0.9215491808803609,2.4635842257271983,0.7611946615392039,2.314877060672271,0.18840843530171547
43,152,0,left,1,right,0.6471511488690916,0.6065401006903588,0.5631972212260753,0.3836852441970281,0.019273793602257783
43,153,0,left,0,left,0.05794081935466047,-2.7886459633924807,0.5345680331769277,-3.4077265913533363,0.21659236300024265
43,154,1,right,1,right,0.9218964956016633,2.4683980300228603,0.5252207877302111,0.5533540522103844,2.1408195393034193
43,155,1,right,0,left,0.2477051495184987,-1.1108892098944154,0.12073847919098046,0.33459825960199646,-1.9263574218005883
43,156,0,left,0,left,0.14626534622728873,-1.764198023564553,0.6125329774667962,-1.8231363011840067,-0.5772050963711153
43,157,0,left,0,left,0.32792512211453656,-0.7175844636538893,-0.11471691300671083,-0.14403389895829144,-0.6690605394305809
43,158,0,left,0,left,0.379177881965277,-0.493039155982846,1.3890460588857598,-0.4338652241319287,-0.7659540621875777
43,159,0,left,1,right,0.9522996310792019,2.9939405917471316,0.8747676428866445,0.10140956657922218,3.0542345150475967
43,160,0,left,1,right,0.8750607950838336,1.9464661057198753,1.6302317721993487,-1.4839828636715928,3.4820303445216925
43,161,1,right,1,right,0.999882369487555,9.047844459156238,0.04397086824718566,5.476093344600269,4.792466778968038
43,162,1,right,0,left,0.2925788480779051,-0.8828919808364998,-3.257619695093859,0.49721484998521226,-0.14159784879928616
43,163,1,right,1,right,0.9649490687531218,3.3152731392265222,0.5646771460638631,1.658864224579725,1.9617757275995673
43,164,1,right,1,right,0.8297337501653953,1.5837414790213844,-0.3142069173045964,0.2256521822029428,1.769706031257576
43,165,1,right,1,right,0.9891249227586775,4.510346956238918,1.328805656389128,2.3638420306973265,2.1406268202673564
43,166,1,right,1,right,0.9871355735606531,4.340341527519188,1.4888461078443211,2.948830360678545,1.579334534297391
43,167,0,left,0,left,0.0004497266620496476,-7.706420749600793,-1.6734500858377233,-2.5089146560569713,-5.905347819773068
43,168,1,right,1,right,0.9858104696998152,4.240959724864015,0.5936788062035048,4.157625251847428,0.3675193618465873
43,169,0,left,0,left,0.008173374592520629,-4.798666448823907,-0.22698427138897426,-2.587624042482955,-2.9868849035878364
43,170,1,right,1,right,0.9292514725559371,2.575247671052283,0.053922663322110376,1.1701315912489054,1.85778675310429
43,171,1,right,1,right,0.7826616565089101,1.2812451649993781,0.6466257841540797,2.1964157684952164,-1.4140123085019474
43,172,0,left,0,left,0.46602789539932193,-0.13609810531424305,-0.6411079848533724,-0.8031381464655937,0.7791957056195269
43,173,1,right,1,right,0.885206609615037,2.04268716776909,0.3253346239072886,1.996850878325277,0.2182472446111292
43,174,0,left,0,left,0.006827264133696787,-4.979980575200028,0.38667522576113955,-0.7758718993421914,-5.088701479860896
43,175,0,left,0,left,0.07608263620395857,-2.4968025664642486,0.7368496919406111,1.520285011707859,-5.168424916540061
43,176,1,right,1,right,0.991533190374415,4.763098652185309,0.29311553126434353,1.7596601717065865,3.6503360523722295
43,177,1,right,0,left,0.1604127128462312,-1.6551604968430174,-0.23254833490438198,-1.277215469844571,-0.47434755666750905
43,178,1,right,0,left,0.24487303350299347,-1.1261460570393398,1.6595152669729574,-3.444589719525337,1.4067723406576846
43,179,0,left,0,left,0.0036145322776682913,-5.619171735029727,0.3458931558594248,-2.9423910390831463,-3.549710843758426
43,180,0,left,0,left,0.049281279751781204,-2.9596739583092484,-0.2227717087810417,-1.714727587591886,-1.6477026810073025
43,181,1,right,1,right,0.9992160750137576,7.150412990588851,0.4587867078894965,1.4536018866077776,6.9858314114301665
43,182,0,left,0,left,0.0024706672892862804,-6.000793282798271,-3.0046773705868848,-2.517320765416017,-3.0610420698804894
43,183,0,left,0,left,0.08735572730583435,-2.3463575782655695,-3.065485953760114,0.10227729945338071,-2.341418567993767
43,184,0,left,0,left,0.04351503682143215,-3.090158515667095,-1.3552725161772026,-0.5959522366581719,-2.441259399791573
43,185,0,left,0,left,0.020073448406164263,-3.888079654511716,-0.20894079660265097,-1.0826936186692255,-3.3872147317297654
43,186,0,left,0,left,0.08806108648516435,-2.3375422687743437,-1.442155813582155,0.5480524089839705,-2.7751025110192504
43,187,1,right,1,right,0.8909494700874697,2.100476362411162,-0.22412876717294872,1.0961677909139973,1.3769530200156082
43,188,1,right,1,right,0.9581947032487705,3.1320279485804545,-0.5287205989502236,2.4036144054865543,1.2950959228211703
43,189,0,left,0,left,0.042811406583524794,-3.1071958633071777,-0.6394472913274821,-1.7675989128941163,-1.6798981748165192
43,190,0,left,0,left,0.09508413557881833,-2.253079834561107,0.6598537045741072,0.7864701716364793,-3.5912361137076423
43,191,0,left,0,left,0.14069184038684918,-1.8095556304728422,-0.5244735545461562,-0.28930241597048056,-1.6285988820562838
43,192,0,left,1,right,0.7298119211416463,0.9936685538176637,-0.005902196730011133,-2.265313758527381,3.529284252106566
43,193,1,right,1,right,0.9995958460041642,7.813310339133476,1.9575801201351029,3.5215447383700327,4.506867406427346
43,194,0,left,0,left,1.8628413140755436e-06,-13.193405784759468,-4.137510860427542,-4.6584447708044046,-8.566479043100884
43,195,0,left,0,left,0.06798349476710507,-2.6180855723054304,0.3066697313154494,-0.7517486992390001,-2.7223277311533645
43,196,0,left,0,left,0.35042136007020025,-0.6171875901166228,-0.7748198284605179,-1.383044278672044,1.377789025316624
43,197,1,right,1,right,0.9208727126440044,2.4542640329266208,-0.5400412769783297,-0.07854879271382209,3.256519875613863
43,198,0,left,0,left,7.806581234301933e-05,-9.457880270182853,-0.886783752651982,-8.061939138730699,-2.0670838409855845
43,199,0,left,0,left,0.07032209342863459,-2.581752166173167,0.2727630720241895,-1.7206542106528653,-1.323386557110095
43,200,1,right,1,right,0.698663715704335,0.8409426683655734,0.6393443901140156,1.4093156141836063,-0.8537837573950267
43,201,0,left,0,left,0.1571026700487796,-1.6799456183331172,-0.241872174028404,-0.5920400273120567,-1.3075394083965601
43,202,0,left,1,right,0.5974426066143819,0.39482054436077985,2.675654469933417,-0.48925547136474634,-0.26354508172598434
43,203,0,left,0,left,0.16551179725967538,-1.6177761312695986,0.689372946824616,-0.06746028364021806,-2.4294122427364053
43,204,1,right,1,right,0.7507977102015806,1.1028712794280038,1.4275541874223623,1.2309248383443245,-0.2671316348423365
43,205,1,right,1,right,0.6937718325311265,0.817812665460466,1.442148535174005,-0.6082722396372182,0.9762066654212875
43,206,1,right,1,right,0.5507511811125124,0.20370623364911145,0.14521587690236104,-0.2761463517450826,0.45146738965490285
43,207,0,left,0,left,0.00011482687382374382,-9.071970175465935,-1.9683754598129413,-8.016732498134242,-1.4307358948559297
43,208,0,left,0,left,0.18521385713738348,-1.4814145354429529,-0.17976950908887956,-0.7722687727164015,-0.9144947577006521
43,209,0,left,0,left,0.0014465809626942592,-6.537104835399004,-2.4236546638416057,-1.8590902723266436,-4.512605811747581
43,210,1,right,1,right,0.9551263236397967,3.057992257573673,0.9582244483720327,0.39510575312115226,3.1121596941424507
43,211,1,right,1,right,0.7620989724535487,1.1642216958254963,0.9750630313604877,-0.23380713522580454,1.4231701201813332
43,212,1,right,1,right,0.9357039451292947,2.6778008541882476,0.37309927988545766,1.8124244730333139,0.9964102654648894
43,213,0,left,0,left,0.44413004841267356,-0.22441694549370772,1.684611443007722,-1.7154925884429426,0.8384452539542306
43,214,0,left,0,left,7.035933584189612e-05,-9.561824715755579,-2.7152091758413266,-3.3456874796412555,-7.461855144304302
43,215,0,left,0,left,0.004675785038671956,-5.360671456911357,0.02457240627557311,-3.36070276022831,-2.7124468299609283
43,216,1,right,0,left,0.15710617057472828,-1.6799191838318892,-0.46771317636102727,-1.667727219036873,-0.14582298051325993
43,217,0,left,0,left,0.0010752714729769645,-6.83410626628968,-2.1573812129491077,-3.5179511496806395,-3.9166748541398833
43,218,1,right,1,right,0.8211502024462717,1.524159709552399,0.9988593247732606,1.1771445130200866,0.14340059528072535
43,219,1,right,1,right,0.9957259010295673,5.450898706916693,0.7999458140213026,1.1072428330931259,5.053854442765649
43,220,1,right,0,left,0.27693093369832306,-0.9597366067159412,-0.015451778100331048,-1.5616033415983677,0.5378275254369318
43,221,1,right,1,right,0.8412769073322762,1.6677597369887802,1.306544139926145,1.3338469717268189,-0.10892250007036774
43,222,1,right,1,right,0.6236732684752391,0.5051688901480427,0.4358032769085307,-1.1268728318574106,1.6549841317270884
43,223,1,right,1,right,0.5628246727268101,0.2526338423152746,-1.488355536598081,1.5818853592461544,-0.48495471812466096
43,224,1,right,1,right,0.9200169854654084,2.4425778385215065,1.1473883449566986,1.8951316309004225,0.6483864193744706
43,225,0,left,0,left,0.13986559814314894,-1.816406710027598,0.11260910225840082,-0.33494452267367447,-2.0408435137464247
43,226,1,right,1,right,0.9940387649152459,5.116498516210969,3.2302655797514572,0.3517630335819555,4.7550378931283905
43,227,0,left,1,right,0.633913224044103,0.5490416764017032,0.5737291644525639,0.5759309746426261,-0.28375436970879897
43,228,0,left,0,left,0.0603638669504572,-2.745102011190761,-0.10112342216043502,-1.6799462377461192,-1.3932546277133713
43,229,0,left,0,left,0.0028680470125397707,-5.851251796539949,-0.4112450161572896,-1.7760125241203868,-5.09821794259487
43,230,1,right,1,right,0.9991325215054229,7.049051981591494,-0.07306631538065189,6.430737397635425,1.7263963489330838
43,231,0,left,0,left,0.00641463643016958,-5.0427376588565895,-2.9632568123386167,-0.08083105847681135,-5.127656624013865
43,232,1,right,0,left,0.31896187258450875,-0.7585467180136334,0.5196490261090416,-0.6011786187164967,-0.5884345681792937
43,233,1,right,1,right,0.6906566976868473,0.8031912098517523,-1.889028846401021,3.016145649471542,-1.1788726870524713
43,234,1,right,1,right,0.992306329696427,4.859633907409434,0.1094541376561754,4.241003763367331,1.1842308032833517
43,235,0,left,0,left,0.00013376033244605142,-8.919327153959683,0.011313247047976538,-7.082275688997394,-3.63430553325689
43,236,1,right,1,right,0.9710693487403252,3.5134962553558915,1.769288688363253,-0.3012871713509335,3.7163616248063285
43,237,1,right,1,right,0.9536376584838936,3.023796261945103,1.1754589902642154,0.5889741307203348,2.349284974815518
43,238,0,left,0,left,0.005812345848005235,-5.141941725923309,-0.15715268320681408,-0.6247289042255307,-5.343763877797638
43,239,0,left,0,left,0.1881710338146248,-1.4619383816114453,-0.3464697396472193,-0.7887606546409844,-0.8364911267034296
43,240,0,left,0,left,0.07449970774776214,-2.519539245262188,-0.5323412408250018,0.5399697483980657,-3.4389041631840835
43,241,1,right,1,right,0.7853748875147121,1.2972683241791418,0.33107027453411286,2.177430968941729,-0.8475283212160796
43,242,1,right,1,right,0.9703128816458253,3.48690535161051,0.9197892636559629,1.6286556791512226,2.2668829064577327
43,243,0,left,1,right,0.717833493478479,0.933740293571429,-0.05892313107938241,-0.7026997907953008,1.8243883815404294
43,244,1,right,1,right,0.5674381996975977,0.2714066371777143,-0.25205673804146433,0.695595280252612,-0.38786352747186137
43,245,1,right,1,right,0.9771437807324735,3.7554105484384808,0.12526864862509357,-0.6144053375612591,5.22309563611152
43,246,0,left,0,left,0.07315344944804991,-2.539228736306695,-0.5964704045561093,-1.2009443591337003,-1.5282068590494737
43,247,1,right,1,right,0.6448348919071908,0.5964115279153983,0.7194402094104844,-2.182951897811112,2.7020147229578555
43,248,1,right,1,right,0.997859802958649,6.144714888253429,1.2591015007077746,2.7286490287494876,4.080434282673695
43,249,1,right,1,right,0.8896542343936785,2.087214126986484,-0.3950213506343264,1.7023488969514806,0.9825566860571904
43,250,1,right,0,left,0.05816105286708713,-2.784618354883073,-1.1587236355542894,-1.1356032820420427,-1.5629693865810856
43,251,1,right,1,right,0.9707307109156436,3.5015102859161877,0.8036678999035193,1.552002804383232,2.3063149316465537
43,252,0,left,0,left,0.13271498860830172,-1.877163769582569,-1.2073446883981178,0.21084897029501415,-1.914949612408837
43,253,1,right,1,right,0.985702823419038,4.233292837166084,1.2672127231803272,1.3016433763972535,3.1032218467243844
43,254,0,left,0,left,2.237834731636845e-06,-13.009999559417688,-0.6933788649919874,-7.115726438478545,-7.9021045894257265
43,255,1,right,1,right,0.9972732940790197,5.901930590536671,0.7571385063314043,4.401631558012243,2.1226670942651302
43,256,0,left,0,left,0.010169932042137031,-4.57809775201887,0.27185129752392034,-5.824656001631431,0.5420763688784902
43,257,0,left,0,left,0.09042785941143527,-2.3084219145158156,-0.7084854009349355,0.13375253118212882,-2.639214096779586
43,258,0,left,0,left,0.029736802302623967,-3.4851819590410495,-1.1851358547975255,-0.8960439862522026,-3.0042607084216395
43,259,0,left,0,left,0.11036060373484495,-2.087062987956806,-1.5384465179827798,0.13932789032560056,-1.7652132293296499
43,260,0,left,0,left,0.00510476315969967,-5.272463385257577,-1.280181128031816,-3.903496572381147,-1.291081040706865
43,261,0,left,0,left,0.03861824801947881,-3.21464666322632,-0.38193030703405706,-3.7352778974766334,0.25329897675786617
43,262,1,right,1,right,0.9994625604119429,7.5281566145310475,0.7717370863985703,4.694055657081041,4.147606696221894
43,263,1,right,1,right,0.5221167528388685,0.0885247774598511,-0.15305006174538516,-0.9707397132991878,1.3558357878107004
43,264,1,right,1,right,0.9951418722295186,5.322232180869459,0.30984040629129184,2.0967542270413047,4.105373784314693
43,265,0,left,0,left,0.13959459148192538,-1.8186612368129853,-0.405434083603868,-0.2163416296456972,-1.9721851111898667
43,266,1,right,1,right,0.974714153987766,3.651899459588049,0.3867222732528598,0.8369071406785366,3.3059662451597362
43,267,1,right,1,right,0.5628058979533427,0.25255753892186256,0.0090694500563554,-0.5109823738753421,0.9148717629405381
43,268,1,right,0,left,0.23717546713779997,-1.1682277999326276,-0.7275752630387187,-1.6453552694499618,0.9426207085385641
43,269,0,left,0,left,0.00516483001068947,-5.260704874877121,-2.4225392804068457,0.21361946254228958,-5.4579089387557325
43,270,1,right,1,right,0.9963696294368793,5.6147835760603915,0.9716869936113394,3.5461054678760062,2.8389210883739286
43,271,0,left,1,right,0.6701134671551542,0.7086982965392228,-0.9524040947565113,-0.8418515146673151,2.2910015824866123
43,272,0,left,0,left,0.0027875506396676333,-5.879800532569759,0.9992890971806677,-3.708121354322673,-3.16091744398152
43,273,1,right,1,right,0.9941145802578196,5.129374409658806,-0.11618910056419351,3.4172649107831,2.6600981966150403
43,274,1,right,1,right,0.9918951531177844,4.8071551460368385,-0.7750690363026054,3.5566540954165085,2.4690202761863986
43,275,0,left,0,left,0.006324032576056311,-5.057054094490663,-3.1655123038589212,-2.68628372255651,-2.014517632836284
43,276,0,left,0,left,0.0004406521331322507,-7.72681405830496,-0.5580438784834199,-2.5446435767140003,-6.5761635545946024
43,277,1,right,1,right,0.9993761377125142,7.378956850112402,0.9589146439968194,2.795985572672478,5.2681244757004535
43,278,0,left,0,left,0.06974285515339468,-2.590646067385461,-1.370440995153453,-1.4712556797634964,-0.875151215679266
43,279,0,left,0,left,0.038864569919942506,-3.20803228862127,1.1666204956689994,-2.5396347536619204,-1.857778295170983
43,280,1,right,1,right,0.986494581222729,4.29106683669817,0.33617833987461554,0.6097487932286463,4.300855788574989
43,281,0,left,0,left,0.2968266720092919,-0.8624550436571088,0.5953351561163881,-1.5611575732839207,0.3591704321934701
43,282,0,left,0,left,0.19468300046812378,-1.4198633909881822,-0.9491984315772042,0.09577558985732026,-1.2759930593700612
43,283,0,left,0,left,6.67428045474223e-05,-9.614597318504849,-3.9141719746293058,-4.78412446793819,-4.419817503068958
43,284,1,right,1,right,0.8878529000682135,2.068994674395802,1.331722230698154,2.260239277924498,-0.672757220498668
43,285,0,left,1,right,0.619194280876558,0.4861297644114453,-0.010771285477744419,0.2507840686175937,0.3115273883661567
43,286,0,left,0,left,0.4362386429819704,-0.25644159620188356,-0.831783806600316,0.3954526009944659,-0.21325805248859583
43,287,1,right,1,right,0.6301235672035546,0.5327469541269046,1.2125788215103972,-0.5027036278673965,0.6218532064066646
43,288,1,right,1,right,0.5529827894302196,0.21272978258474606,-1.282939143461351,-0.42712750262398713,1.685195611605804
43,289,0,left,0,left,0.03173121195508585,-3.4182089215927345,-1.5191320682922589,-2.1422093594718348,-1.0345821692387696
43,290,0,left,0,left,0.4176742873276679,-0.3323280230981635,-0.9164377870880658,0.3561618158008508,-0.3215691880574345
43,291,1,right,1,right,0.8645038561246254,1.853212584208796,1.0892162704278034,1.2830753546141254,0.27726177687377485
43,292,1,right,1,right,0.9942433602605376,5.151628080015982,4.00567654867769,1.3806064367583901,2.779127405576686
43,293,1,right,1,right,0.9436811791999882,2.81875960107144,0.9496152530323032,-0.32729112966350327,3.3272239232138263
43,294,0,left,1,right,0.796112301941474,1.3621709161836737,9.347432522999188e-05,0.7134418497598175,0.825299327493922
43,295,1,right,1,right,0.9300374365623895,2.5872645487508787,1.374924352114695,1.6917189529236893,0.5838649514159451
43,296,0,left,0,left,0.008175460884359982,-4.7984091232630774,-0.26388989437939714,-2.7865590754978053,-2.5464206708184296
43,297,1,right,1,right,0.7834734005192817,1.2860237104206733,-0.4492684797069667,-0.47164156814700003,2.252486447630747
43,298,1,right,1,right,0.9999909405506926,11.611693163115422,0.6636738110544546,7.752142410735303,5.289018345622761
43,299,1,right,0,left,0.30777737218708673,-0.8105309163300576,-0.4714717763488029,-0.9545193921601842,0.2595975935972935
43,300,0,left,1,right,0.7737940813839451,1.229860064718871,0.43671050644824205,-2.667671172478167,4.228703892857165
43,301,1,right,0,left,0.28907032319758375,-0.8999035260852808,0.23956188904970777,-0.598903155535868,-0.6387572260685909
43,302,1,right,1,right,0.9971365780184018,5.852870342903164,0.12845801527787004,2.193870289303283,4.754643963101305
43,303,0,left,0,left,0.004464924174573753,-5.407028125257739,-0.564720324298528,-3.3661546104370488,-2.4917596175492385
43,304,1,right,1,right,0.9871636556587918,4.342555287796803,-0.732580582853467,5.4907013775858955,-0.23642012614148744
43,305,0,left,0,left,0.0007125792350509882,-7.245906611675105,-4.307571761788091,-0.4350352064431077,-6.250610233996471
43,306,0,left,0,left,0.03210566613705066,-3.406090392353866,-0.6672279814511658,-1.6011034605894596,-2.3397820741954685
43,307,0,left,1,right,0.6959925029570502,0.8282865262353427,0.843276393968827,-0.1938563236679336,0.7534985828132209
43,308,0,left,0,left,0.0006227253594575643,-7.380782052581578,-2.06719959491239,-6.411030715668557,-1.0353905320737167
43,309,0,left,0,left,0.020869183427372744,-3.848391662551648,-3.5146467723663557,-2.633323086758186,-0.08762425659386053
43,310,0,left,0,left,0.0008921433981644686,-7.020991136435809,-0.6352873144281151,-3.1894404344193967,-5.313316291025194
43,311,0,left,0,left,0.002676398027502291,-5.9206034220684876,0.24992052406014909,-2.256560938618923,-4.607165430069312
43,312,0,left,0,left,0.00018589902000450655,-8.590121018576585,-1.4710438851360297,-5.814067034829636,-3.9256158813747644
43,313,0,left,0,left,0.0008451695960902673,-7.075127718360193,-2.4133074559134142,-2.6544546261818214,-4.2759873889357065
43,314,0,left,0,left,0.17938286950470858,-1.5205341980085012,-1.0687832464037201,1.8144571215880596,-3.2971147403469416
43,315,0,left,0,left,0.19133553788979663,-1.4413554450128279,0.6441724449005592,-0.9486770230034962,-1.2146789231219108
44,0,0,left,0,left,0.0031077279712061093,-5.7707508086733235,0.7356833801233261,-9.226790950318197,2.4491627291293163
44,1,1,right,1,right,0.7509137625361757,1.1034916432918516,-1.0279480291246124,-2.1622269631421487,4.27203084658492
44,2,0,left,0,left,0.4281266069176396,-0.2894986637214979,0.5773771359165792,-1.5051298609941661,0.9849092568830422
44,3,1,right,1,right,0.9999974572382536,12.882257223133392,-0.8182673958883396,11.384303940830609,2.4097166736487434
44,4,0,left,1,right,0.9313246430569991,2.607217490563794,0.1429737512852639,-0.9270790056268109,3.932022859772954
44,5,1,right,1,right,0.9542418389261006,3.037546979303224,0.9530506955132837,1.3493577423188374,2.0948700015634465
44,6,0,left,0,left,0.009763785794051634,-4.619263300925749,-2.4175179926886377,-3.468561186791005,-0.9263294512421583
44,7,1,right,1,right,0.9740948908418895,3.6270685087161905,0.9716773143362257,1.8782297948317457,1.962856665654548
44,8,0,left,1,right,0.5843977607257211,0.34085320085768545,0.697456604697667,1.5281847872989143,-1.559252611490883
44,9,0,left,0,left,0.0021718746662225804,-6.129990346286301,0.27648351578040764,-2.7651148630003277,-4.056006948715378
44,10,1,right,0,left,0.21675821883981158,-1.2846589030604758,0.297938230734324,1.3990115852143028,-3.1201472332932143
44,11,1,right,1,right,0.9976607568829106,6.055585872749852,-0.042593031867600994,0.5110050211510634,6.604632719543515
44,12,0,left,0,left,0.004557393590894691,-5.386436589645236,0.6715655361559544,-4.8083067237203165,-1.1887490906866118
44,13,0,left,0,left,0.2848574804002886,-0.9204928645206378,0.3678673462660421,-2.58707139353909,1.4878383159893855
44,14,1,right,1,right,0.9976840552427143,6.065618941490705,0.5400215942461203,6.213552687438128,0.8589572378087955
44,15,1,right,1,right,0.9638477649372069,3.283194587793531,-0.8692280210890412,3.3738095975531484,0.4359077759217691
44,16,1,right,1,right,0.7490141093233368,1.0933610957794089,-0.3978563068444848,1.7859739108050314,-0.394342830949715
44,17,0,left,0,left,0.11992766937314688,-1.9931152921603597,0.16138949062116803,-3.7084871249826428,1.4210469523302212
44,18,0,left,0,left,0.011627986126731004,-4.4426443695334505,-0.9104983827318128,-1.2798810697124086,-4.083955355009783
44,19,1,right,1,right,0.537737486183679,0.15123755574769346,0.6851381932127324,-0.3300719284627246,0.22005235447678562
44,20,0,left,0,left,0.0010646460683666368,-6.844047652020268,-0.3445797615016398,-1.37892951538765,-6.080375222022788
44,21,0,left,0,left,0.0013968207299386937,-6.572158734774245,-1.0815059107736111,-5.260667138197161,-2.3993821360227
44,22,1,right,1,right,0.9956949145004251,5.443643901708446,0.8533171222641968,1.2769700390203023,4.750103157381489
44,23,0,left,1,right,0.6853474675341729,0.7784570030707831,-0.736636132042709,-1.1946111071180086,2.4022654950031566
44,24,1,right,1,right,0.964617026022386,3.3055004149855316,1.0602168638715836,1.4868988560430214,1.938580862249508
44,25,0,left,0,left,0.1358941781454129,-1.8498187593167772,1.8516624239545383,-1.9080912300361423,-1.1182178906062294
44,26,0,left,0,left,0.0035574651514991506,-5.635143215853998,-0.6059513981504593,-3.008139202024348,-2.987736242536054
44,27,0,left,0,left,0.39272286497854514,-0.43588106703230034,-0.8376415375159122,-1.6911586386833033,1.498556766188073
44,28,0,left,0,left,0.0005910051547156176,-7.433094638706068,-0.1106858692458389,0.13553907404798024,-8.859754764941423
44,29,0,left,0,left,0.0038212198031063994,-5.563357047834812,0.004435834735073141,-4.092136531553897,-2.8197085460636355
44,30,0,left,1,right,0.6558820116559001,0.6449963245482754,1.777070748562262,-1.1539553579210242,1.201636259338234
44,31,0,left,0,left,0.08335523632722604,-2.397608576946343,0.5171515759035438,-3.0969021716719065,0.041207948868809186
44,32,1,right,1,right,0.9577325924108463,3.1205523250181675,1.2868869438991863,0.6461448984856145,2.4836489963622315
44,33,1,right,1,right,0.9715969202895698,3.532443447596188,0.9868559470588095,2.518784029484532,1.187863377698531
44,34,1,right,1,right,0.7210023190365265,0.94943888386865,0.7253143067624405,0.501702249407411,0.3066420006970614
44,35,1,right,1,right,0.9998305947451976,8.683047336537483,-0.6406078519248463,5.259593861081211,5.870155410339393
44,36,1,right,1,right,0.9787932875185853,3.832002715632578,0.13833013224922663,1.4383985541305386,3.385599185626794
44,37,1,right,1,right,0.8919978048631884,2.111312119402762,0.14477414315842874,3.5358608929588327,-1.242395306749746
44,38,0,left,0,left,0.1475884889622459,-1.7536414833364604,-0.5535988292779982,-0.5167146535390312,-1.5296599685324177
44,39,1,right,1,right,0.7762613752981726,1.244010770767495,0.17216741438490668,-0.9946625692246271,2.4278681782996685
44,40,0,left,0,left,0.012879203906726372,-4.339178508788692,0.11076989340022714,-2.0212622191062466,-3.1189248965766305
44,41,1,right,0,left,0.47559735308592455,-0.09768820000602507,-0.46434535129872845,1.804581104639445,-1.9605141666016095
44,42,0,left,0,left,0.10818394824749425,-2.109426888509253,-0.3420948051455034,-1.0565901724652678,-1.4877106745731845
44,43,0,left,1,right,0.6947142966388018,0.8222526065943954,-1.1042168926077274,0.9705460174458258,0.44924566694886825
44,44,1,right,1,right,0.9576894149251417,3.1194862309424636,1.2925629479209628,0.7466036588946999,2.4106451086383034
44,45,0,left,0,left,0.20935067077368422,-1.328843847048585,0.11444808478953317,-1.412300097377294,-0.25185510873780137
44,46,1,right,1,right,0.97802281474077,3.7955281161230365,-0.04087931414254686,2.6580673637675436,2.0561987993713124
44,47,1,right,0,left,0.33270070869268625,-0.695995344731437,-0.5701942197857565,-0.680014848563587,0.09063612583252567
44,48,0,left,0,left,9.021394673310628e-08,-16.22108171151538,-2.0918985727522643,-14.191828906727759,-3.689601591323055
44,49,1,right,1,right,0.9042887400119893,2.2458127612976657,-1.147564252189735,-0.42763903047981167,3.9022983696582143
44,50,1,right,1,right,0.7940737263936457,1.3496581017214353,-0.0706743606559127,-0.06923638152569844,1.6492935267311177
44,51,0,left,1,right,0.9555361348969148,3.0675957416039017,2.5442672041161263,-0.20592688431681655,2.193529696905868
44,52,0,left,1,right,0.7898018872242372,1.3237316581749083,1.4263067180797027,0.4310728710436578,0.14427826194930016
44,53,1,right,1,right,0.9718388655664566,3.541247198791361,1.314949993759643,0.9880983113961475,2.620533595068154
44,54,0,left,0,left,0.3142069532110833,-0.7805240456797498,0.09874890861988528,1.4914454080610962,-2.5361478966069475
44,55,0,left,0,left,0.4203873363927996,-0.3211835432898291,1.003782172465658,-3.9213785491928426,3.181064479925247
44,56,1,right,0,left,0.10636113434398982,-2.1284615087023275,0.13905229791346152,0.18173794983677877,-2.764101329447029
44,57,0,left,0,left,8.495504029988096e-07,-13.97855771549661,-1.5665058087134658,-12.946324552570482,-2.527648561688678
44,58,1,right,1,right,0.9369824408050155,2.699251137322518,0.8266101288110849,0.5327976455264019,1.9761887151419237
44,59,0,left,0,left,0.006501748654358242,-5.029161137426733,-0.05461734180687505,-3.973118989042012,-1.8340750134371164
44,60,1,right,0,left,0.23319304334722746,-1.1903684606886962,0.46416570884960084,-0.9338845881576621,-0.5137174035002579
44,61,0,left,0,left,0.029163181270178,-3.505251401060708,-0.7682666475495114,-1.4653524643522071,-2.1587936109859895
44,62,0,left,0,left,0.10952588658228185,-2.095593104130061,-0.3666405633437949,0.13571247677658005,-2.361074355441525
44,63,1,right,1,right,0.9644800247205713,3.3014938994673626,0.4014093871451029,2.0522851709287653,1.4234460836557077
44,64,0,left,0,left,0.39448682994085593,-0.4284905579252793,0.3415529410924486,-0.38160753506398404,-0.30341606292411805
44,65,0,left,1,right,0.8137089346886739,1.4742924101156694,-0.016268467817899146,-0.26068463054654667,1.9862064408765805
44,66,0,left,1,right,0.7844181705585139,1.2916017025130455,-0.3374783115801353,-1.7395671974716935,3.479888522880848
44,67,0,left,0,left,0.28673455039332246,-0.9112967744730984,1.0394519599298668,0.12890821529453084,-1.8003012363727415
44,68,0,left,0,left,0.004595248306501509,-5.378126647306086,-0.26277465036960457,-0.7321819207386204,-5.500522863715865
44,69,1,right,1,right,0.9364554536693886,2.6903607769607722,1.1378594373885802,1.7532014449575049,0.9135604522582328
44,70,0,left,0,left,0.014999589431215285,-4.184619228517807,-1.0024567763676195,-2.477693719780162,-2.3729349418688237
44,71,1,right,1,right,0.5827484350034989,0.33406627910010284,0.08966881149086892,0.2530098992601211,0.07380177425437573
44,72,0,left,0,left,0.0010859283136290482,-6.824233550837814,-1.8384074034751525,-3.244760234604171,-4.019213562625971
44,73,0,left,0,left,0.10159796387948562,-2.1795941754195987,0.06440561710984805,-0.6287417235018822,-1.9766938539338306
44,74,0,left,0,left,0.08015644666509944,-2.4402232965360464,-1.413922790591732,-0.4556959530182305,-1.8159812989691484
44,75,0,left,0,left,9.62871598171638e-07,-13.8533448063981,-0.6307589016168277,-8.580424826514601,-5.8719855084199075
44,76,0,left,0,left,0.10544618487149217,-2.138124336616414,-0.7675752519679174,-2.1909263239900607,0.10189151960716525
44,77,1,right,1,right,0.9998888086170995,9.10414647348773,1.061315245066417,9.313394219258116,0.6933909643130596
44,78,1,right,1,right,0.9209778035358877,2.455707154666455,-0.044667724728533975,1.0520275340886716,1.836224351982092
44,79,1,right,1,right,0.9944855209476792,5.194848350958001,-0.2131735930806159,3.2015500137528448,2.929788791332129
44,80,0,left,0,left,0.04246233994167365,-3.1157474878595504,0.7757980375723416,-1.4113931729990163,-2.4841832674087527
44,81,1,right,1,right,0.9486794516921604,2.9169797429403035,1.3674442003429972,0.29178525787486315,2.5715346410925974
44,82,0,left,1,right,0.9070636055180785,2.278297246154834,0.2736449544772216,0.5714306031778498,1.7837195193567372
44,83,1,right,1,right,0.5536067489875868,0.21525430306642201,0.12226118500240457,-1.0983431369190795,1.4354095809053427
44,84,1,right,1,right,0.9990071129581601,6.913900274550155,0.9914520899061113,6.5317276356761305,1.0146798483496402
44,85,1,right,1,right,0.8892786702808514,2.083394149733011,1.3818946347136243,0.705875637030555,1.182771009787152
44,86,1,right,1,right,0.9859793868274797,4.253106832321754,0.35440213258711417,2.4826418279626146,2.324749036856626
44,87,1,right,0,left,0.0943308236085113,-2.2618660881252035,-0.6224639235022648,1.3373147354617103,-3.764172072107127
44,88,1,right,1,right,0.9441472184921356,2.827562778319046,-0.13990645059294227,1.640243460261108,1.9506413357126393
44,89,1,right,0,left,0.1326320480765084,-1.8778845450144108,-0.45205679658037023,0.5116851236842779,-2.479263007965903
44,90,1,right,1,right,0.7651528429999317,1.1811407018406685,1.0800766793263428,-0.9845963763955199,2.184673840222586
44,91,1,right,1,right,0.970161424967159,3.4816604545392824,0.0914666435262409,2.6541847238544225,1.1004921311796285
44,92,0,left,0,left,0.47898146233819106,-0.0841237261384784,-1.3942442229629468,1.0115636021021468,-0.6077763274596399
44,93,0,left,0,left,0.014635229657104412,-4.209580285499033,-0.9485780678238581,-1.7873876810601734,-2.2704885734483415
44,94,0,left,0,left,0.45329166496430656,-0.18737968155402018,-0.627202829301364,-0.33163655185414653,0.36418416506361695
44,95,0,left,1,right,0.6627510983368743,0.675578264070688,-0.34051685776079477,-0.5473593641251941,1.4055207161135492
44,96,1,right,1,right,0.8788878904467503,1.9819407055264713,0.4950804725681569,2.0303409253945333,-0.04629154245744793
44,97,1,right,1,right,0.9876405138638641,4.380894902754027,0.5010138290379796,0.6237529796910433,4.358849643364187
44,98,1,right,1,right,0.9999641174247008,10.235222864787797,0.018652711368775887,7.172375112070172,4.73943403819712
44,99,0,left,0,left,0.03690498550140787,-3.2618054216792203,0.09692167794522721,0.4470817960001942,-4.115947681461657
44,100,1,right,1,right,0.985445607045523,4.2152010624945175,0.0025943363311232703,2.1681212947973134,2.4400670621115927
44,101,1,right,1,right,0.7648311944044892,1.1793515706105255,0.6562556904374969,3.2620827298855044,-2.271943737367147
44,102,1,right,0,left,0.02783192008190881,-3.5533451448383335,-1.2722056613942012,-1.6665819097406198,-1.8514391882932537
44,103,0,left,0,left,0.11642401580473949,-2.026738456315671,-1.2147670456304285,-1.941757718393535,0.05007053423046193
44,104,1,right,0,left,0.49171072688790934,-0.033160130671744614,-0.3921549817027933,2.139870212841658,-2.1222461634062215
44,105,0,left,0,left,0.0037747648807078447,-5.575635274191774,-0.8266000511304964,-3.905642161492964,-1.5187597002384063
44,106,1,right,1,right,0.5321171103197184,0.12864556841846353,0.5550377950685387,1.378522384271906,-1.4883100513983796
44,107,1,right,1,right,0.8107704679708627,1.4550242572068262,-0.06850176978691003,-0.02213115418709566,1.742308462215578
44,108,1,right,1,right,0.9339991034061346,2.649807151588086,1.1385974433046648,1.691837900758126,1.1244115549236524
44,109,0,left,0,left,0.18729518112780413,-1.4676820861775892,-0.3068640675389015,-0.3510316111155944,-1.1834483359295862
44,110,1,right,0,left,0.21933441303525217,-1.2695493071392456,0.43614439466306176,-1.3367546496883393,-0.23781514362069367
44,111,0,left,1,right,0.5116158417334699,0.04647172857365335,-0.39922632254169865,-0.02552722797690321,0.19023700627364626
44,112,1,right,1,right,0.9819433436448516,3.996019221890169,0.05686717031960964,3.609344276149177,1.2225241723979148
44,113,0,left,0,left,0.10123444688761805,-2.1835831309558165,-1.5373503913570308,-1.9287128354079481,0.016558318503526737
44,114,0,left,0,left,0.0026659270192666055,-5.9245339452879024,0.5282515852812201,-2.1809340562633013,-4.504616095425112
44,115,0,left,0,left,0.31893185514034383,-0.7586849073013838,1.2019465682695714,-1.497017708663441,0.06659674405991134
44,116,1,right,0,left,0.07643200157476387,-2.4918429508906144,-0.7979926230990823,-1.5534528703525199,-0.9352652481110664
44,117,0,left,0,left,5.981557911638542e-06,-12.02682352201457,0.6748695853024548,-7.338535037853216,-6.025471617066339
44,118,0,left,0,left,0.27273155506978325,-0.9808076629741738,1.9059617293257052,-2.2020150219449004,0.18162079160141575
44,119,1,right,1,right,0.9337235468874959,2.6453457286378947,-0.1746483160794171,4.082839027642041,-0.9798600588380106
44,120,1,right,1,right,0.8830160962438711,2.0213070788800263,0.2575841876402426,0.3960774017132367,1.747026224636637
44,121,1,right,1,right,0.8368883902178753,1.635256027496851,0.21453545141769859,-1.2598908464114493,3.0974466473114237
44,122,1,right,1,right,0.7428219187367269,1.0606875691666273,0.3114403861499556,-0.44723858993648413,1.5126549102900662
44,123,0,left,0,left,0.0010866016426162484,-6.823613019723026,0.11266500492722475,-4.623764755412832,-2.8679836776861034
44,124,1,right,1,right,0.9902171955624176,4.617298113273091,-0.21017291918065728,3.8287623494458796,1.580159538239869
44,125,1,right,1,right,0.9979602025694962,6.192862894178484,0.7187026586626518,1.4909201758225652,4.977641157180425
44,126,0,left,0,left,0.061475360829899975,-2.725672651835483,-0.2837024534560778,0.1482100563554516,-3.0981352605233274
44,127,0,left,0,left,0.23428808481048258,-1.1842545193648903,0.29287371424488884,-1.2292303181436137,-0.25535968642228474
44,128,1,right,1,right,0.9985140071004367,6.510185012837161,0.018593151204551295,4.030693591886882,3.543861777913458
44,129,1,right,1,right,0.9901814554515393,4.613615316274233,0.8606990600001386,1.5138976437280969,3.2907081452454565
44,130,1,right,1,right,0.9848628574985502,4.175350908662092,0.3397913041984014,2.3034997579274377,1.9660302533123437
44,131,1,right,1,right,0.6418773712908312,0.5835218089531029,-0.09536907205042955,-1.6277637900837318,2.5468567140236793
44,132,1,right,1,right,0.9465019471560489,2.8731277700649653,-0.2465209453814391,0.6929623895499941,2.541443916367615
44,133,0,left,0,left,0.34827102922215,-0.6266477902572651,0.1912161633308741,0.07916065099671588,-0.9135929039038304
44,134,0,left,1,right,0.7533387237669028,1.116498914833155,-0.5131348394996639,0.1145409032971445,1.4064052525701956
44,135,0,left,0,left,0.22265243895983916,-1.250275575919585,-1.818239227946528,0.37933270296411103,-1.1677800655227262
44,136,0,left,0,left,0.004579169577834022,-5.381647926087249,-0.36122986362389564,-3.183752577582662,-2.601253292805461
44,137,1,right,1,right,0.9996082154087712,7.844406520023307,-0.013735824581108669,2.4898642252676773,6.6901982102612765
44,138,1,right,1,right,0.9998318519336787,8.690497457363847,0.0671382706033824,4.8579457052762205,5.250754328675884
44,139,0,left,0,left,0.06976132932703161,-2.5903613532151337,0.20185059431537578,-1.7856238630843833,-1.1074772211017325
44,140,1,right,1,right,0.8138139130797466,1.4749850909650872,0.3242493559704388,0.004146353866935515,1.4706930413946309
44,141,1,right,1,right,0.9995890238685153,7.796564358795344,0.9912445296747344,5.866893682351369,3.3423058468386495
44,142,1,right,1,right,0.969334002921812,3.4534547870215753,0.9849022318283805,1.7714317822255692,1.701635753870614
44,143,1,right,1,right,0.8862750382015018,2.0532444117518214,1.667943571289813,-0.48582648671916656,1.8750562904986012
44,144,1,right,1,right,0.9842302882736504,4.1337687815377855,0.5618650121802505,1.7312181830589,2.4311797927885666
44,145,1,right,1,right,0.9582264022649379,3.1328195712585414,0.8705516014256015,3.4901302264862446,-0.8992415600230603
44,146,1,right,1,right,0.9539532413222066,3.030957283752575,-0.22532373614560786,1.5159530636793512,2.3931780063610875
44,147,0,left,0,left,0.1406622127750904,-1.8098007156487816,-1.138067734510348,-1.9267007757977188,0.25948599527047755
44,148,0,left,1,right,0.5784443441652164,0.3163905238203595,-0.8589217723812758,0.8322926225438196,-0.1676981807954819
44,149,0,left,0,left,0.005150360236671802,-5.263524948826049,-0.4741652370061241,-1.9344762180320518,-3.717606430114509
44,150,1,right,1,right,0.9996003499937935,7.824521648474987,0.050960363535288544,7.7660648999112265,1.18799852445758
44,151,1,right,1,right,0.9905316311071638,4.65028514715523,0.7086622389212135,4.1540382099527005,0.9121460439291902
44,152,0,left,1,right,0.7162530810927967,0.9259508594600948,0.7674190008859255,0.08581138786737919,0.6768871006388272
44,153,0,left,0,left,0.19551596269037133,-1.4145590978001576,0.3070327410539263,-2.1745078384809218,0.39979188356103956
44,154,1,right,1,right,0.9161545663121904,2.391210062274248,0.10562385333041358,0.2554604332888939,2.530587415339867
44,155,1,right,1,right,0.7651207696462627,1.180962221528148,0.1707499412543242,1.2613329355452803,0.022122239311353598
44,156,0,left,0,left,0.12069422785862843,-1.9858723960919165,0.16390368660089305,-1.5607443728704178,-0.975336396167006
44,157,0,left,0,left,0.4363326223607149,-0.25605947374983656,-0.2961606561433249,0.4014529412126215,-0.6799021483128735
44,158,0,left,0,left,0.45883338986873934,-0.16504003927519056,0.904602576593642,-0.47409719662027816,-0.09349323127904607
44,159,0,left,0,left,0.41736778279035314,-0.3335883358100198,1.2386738327128377,-4.579912762868214,4.1150496615183725
44,160,0,left,1,right,0.8354325123059291,1.6246288239452171,0.12232288107797207,-1.9362992828364032,3.741777445067221
44,161,1,right,1,right,0.9999718597884629,10.478282848391274,0.3024237693281787,5.826750229027909,6.273667574282716
44,162,1,right,0,left,0.40717946359316026,-0.37563768569792977,-0.7623210657917284,2.2004431752754945,-2.390399184458002
44,163,1,right,1,right,0.7904345263190262,1.32754661348966,0.3555818731248638,0.673881988690298,0.523850734888178
44,164,1,right,1,right,0.8870021842257528,2.060478955699219,-0.28170796905246964,1.4680058383221668,1.0259973639194162
44,165,1,right,1,right,0.7957642289920516,1.3600278805108017,-0.41333540034232674,0.646663638672206,1.1012651236610627
44,166,1,right,1,right,0.9963222044857009,5.601757176095581,1.6005266753603582,2.9570294777024566,2.1023776245118233
44,167,0,left,0,left,0.001210598712056462,-6.71542890631724,0.2920621626666974,-2.5650622948566735,-5.0271536672954715
44,168,1,right,1,right,0.9989052636089422,6.816146347403244,1.4043494527145053,5.192681487610761,2.130476913336751
44,169,0,left,0,left,0.007757993608860015,-4.85124329038293,-1.1411622496456504,-1.9385716338229912,-3.3061866928272945
44,170,1,right,1,right,0.9281787434045424,2.5590438405656077,0.07143403282023708,-0.013503770499233791,2.8917221460775755
44,171,1,right,1,right,0.8262775743148605,1.5594719926982392,0.08045455010653024,2.7993478594593677,-1.1055223439004116
44,172,0,left,1,right,0.5307012583964887,0.12295971966844488,0.559138147454293,-1.0473697583075279,0.9624656588024216
44,173,1,right,1,right,0.8756853546078743,1.952191027655109,0.2430626519875433,1.6669062148925589,0.6047406267382974
44,174,0,left,0,left,0.0014218043697642247,-6.554405714978035,-0.7336865616818543,-1.5014675910997104,-5.916340557845963
44,175,0,left,0,left,0.018503851961592804,-3.9710991645918745,-0.4456837978500062,0.7755273961107056,-5.301722859181205
44,176,1,right,1,right,0.9777635298827666,3.7835341122780157,0.1377214528424343,0.38755665775135917,4.03897990783347
44,177,1,right,1,right,0.5381337224492496,0.1528316773612336,-0.22916204473505697,0.14713682974942932,0.07898897283658046
44,178,1,right,1,right,0.945600152450565,2.8554584564149286,0.024702705613615206,1.0483966041841795,2.0741252257976974
44,179,0,left,0,left,0.006381576299880816,-5.047938117591573,0.0025287961077270493,-2.5817021574336296,-2.9135474525976246
44,180,0,left,0,left,0.007721420979380752,-4.856005481700877,-1.4414193077822652,-2.9248608636871953,-2.57922187207524
44,181,1,right,1,right,0.9993423348725466,7.326156799543932,-0.23791259080807936,0.5024008077362803,7.673459557602941
44,182,0,left,0,left,0.00508396827800385,-5.276566229635026,-1.839226362799626,-2.0667783259010934,-3.3982389225940164
44,183,0,left,0,left,0.050488085773494694,-2.934210694899595,-1.0761951222115211,-0.4221319333747752,-2.50167912807438
44,184,0,left,0,left,0.14314163450720813,-1.7894380459502988,-0.2648962322714018,0.17317185133829893,-2.2169160450386682
44,185,0,left,0,left,0.05466584082806082,-2.8502994403404527,0.08598274235862757,-0.42571352002924323,-3.346586268241839
44,186,0,left,0,left,0.32882875989112764,-0.7134871771557927,-1.0169354166958424,1.8640901801177787,-2.3390832313393473
44,187,1,right,1,right,0.9926746066745561,4.909056073440748,0.8723955650432803,3.1831477823402103,2.1682811750240365
44,188,1,right,1,right,0.9833069028981555,4.0759259951195945,0.07037997097363669,3.4478994221372474,1.5019299322113495
44,189,0,left,0,left,0.01685318887199266,-4.066218569618806,-1.141270961264409,-1.586619742133929,-2.2157894582971016
44,190,0,left,0,left,0.08057989386101633,-2.434493989319492,3.042993360169138,-1.902291199769804,-2.390851261903155
44,191,0,left,0,left,0.10506657503916189,-2.14215513276346,0.4106981716938217,-0.6841936311798146,-1.9652867282823674
44,192,0,left,1,right,0.9458676111635718,2.860669922038317,-0.6443897810290008,-0.6864384276826698,4.300055337704343
44,193,1,right,1,right,0.9988314204720048,6.75079708355012,0.34343837138448474,3.3614846758722647,3.730063378343001
44,194,0,left,0,left,4.445215732075468e-05,-10.021052610386459,-1.8417842345522577,-3.635000258331644,-7.419936862770092
44,195,0,left,0,left,0.007472644584185913,-4.8890056104873585,-2.8604639020899545,-2.372979879098599,-2.2139046488609875
44,196,0,left,0,left,0.3513223912396763,-0.6132315470589511,0.1857582366638192,-2.4835295503785515,1.8546496066182894
44,197,1,right,1,right,0.9775383445754043,3.7732278662246896,0.7316772521249885,1.3902897439763702,2.7423658604669807
44,198,0,left,0,left,0.0005352094179952363,-7.532317099460364,-0.27237508803895427,-7.295285657076154,-0.26994073340458535
44,199,0,left,0,left,0.08063343062163662,-2.433771585865837,-0.4109853833950442,-1.458076922719613,-1.2236826530240108
44,200,1,right,1,right,0.7127173579952064,0.9086183829783687,1.1603137830269317,1.4301840840665605,-0.8642646914992007
44,201,0,left,0,left,0.2099218906073813,-1.3253963011839336,-1.321580601354758,0.14282577564170257,-1.1972075285075559
44,202,0,left,0,left,0.46979939693449707,-0.12094964272484154,0.9096414369378197,-1.1417783778416357,0.5758467757080676
44,203,0,left,0,left,0.26586139436531775,-1.015722747640828,0.23193432359760802,0.7695733356200509,-2.2061014514093644
44,204,1,right,1,right,0.8992022819037759,2.188392299393842,0.5553330684252301,1.8803455360589734,0.4261509616452359
44,205,1,right,1,right,0.5521453410117011,0.2093425526765582,-0.11544238334882528,-0.12113535433229522,0.39565323316448775
44,206,1,right,1,right,0.743644726716559,1.0649991342733889,-0.4323600802545505,1.2508963018716956,0.1775300959774897
44,207,0,left,0,left,0.00012382320052167322,-8.996531981159793,-2.412554113912542,-9.052449111020506,-0.31637950228345146
44,208,0,left,0,left,0.03749300069983374,-3.245387070584646,-0.4593336064832244,-3.101628892817445,-0.5082904021615395
44,209,0,left,0,left,0.0027170130923866416,-5.905501418985439,-0.9584813381247291,-1.0282776773441216,-5.075503348510199
44,210,1,right,1,right,0.9538678689061849,3.0290154655904713,-0.9598982733093425,0.19679919994364703,3.7783799740587334
44,211,1,right,1,right,0.798815355779978,1.378906710578258,0.04360370527789226,0.5164804927303868,1.2099032529319522
44,212,1,right,1,right,0.9362797408835795,2.68741174877215,0.3706999603877764,1.1297544700200723,1.5635912478266547
44,213,0,left,0,left,0.3080104312325034,-0.8094372314305687,0.34223363909923743,-1.3324873919539268,0.2792879857161521
44,214,0,left,0,left,6.926603815906568e-05,-9.577486573309486,1.233889059495648,-3.1062908294684717,-8.629886373816964
44,215,0,left,0,left,0.004863419872968398,-5.321138126184801,-0.4723260312112888,-2.659779156708362,-3.385524617239845
44,216,1,right,0,left,0.2071535693827714,-1.3421691473768427,-0.2915707918287592,-1.2027833675192605,-0.031244029695094877
44,217,0,left,0,left,0.0022597739635562618,-6.090228155719595,0.4420403969796728,-2.370239230838934,-4.4677626283286305
44,218,1,right,0,left,0.1414717645205586,-1.803119415967203,0.7740050018047767,-1.1245955557755234,-1.308952956524837
44,219,1,right,1,right,0.9038018639918232,2.24020017809963,0.40349597779125557,-1.818327394277623,4.793191947712966
44,220,1,right,0,left,0.23087600226559732,-1.2033714222641452,-0.6447038828506829,-1.7197382336802232,0.6175759121643909
44,221,1,right,1,right,0.7166410666406854,0.9278607010815662,1.4313812675966648,0.6964998995593242,-0.6148459890673273
44,222,1,right,1,right,0.8336464360372313,1.6116939481484422,-0.17598155381785296,-0.10995943395631536,2.058639725313263
44,223,1,right,1,right,0.8930771579424018,2.1225655081377934,-0.2746506714177438,2.2070015777753755,0.16394848461500477
44,224,1,right,1,right,0.7866406146292041,1.3047934926510876,-0.5419018549218942,1.4742234688859002,0.09062276768079403
44,225,0,left,0,left,0.07895437489411251,-2.4566394210436475,0.04879961925135412,-1.9981448058285352,-0.9024339478698862
44,226,1,right,1,right,0.9984473712219225,6.466251963399355,2.047209151072532,1.4442243848068828,5.3076679936154925
44,227,0,left,1,right,0.9033991717386337,2.235577191077305,0.20835903434856273,1.915675401305314,0.25249983104882134
44,228,0,left,0,left,0.047637546760150785,-2.9953244427435965,0.4312266330657232,-1.8966562660690598,-2.0469085379368277
44,229,0,left,0,left,0.03299476491216889,-3.37785499932314,0.33389271029300727,-0.31676694918297266,-4.268125230696853
44,230,1,right,1,right,0.9900554782525115,4.600739158792589,-0.4599173288876316,4.745741284031599,0.7622313488859447
44,231,0,left,0,left,0.01962908420398951,-3.910918631241871,-1.8462442420790204,0.0028868468967377103,-4.416949414396106
44,232,1,right,0,left,0.30856626570647244,-0.8068306976048136,0.15169974901031413,0.15775562631235748,-1.1128698290125354
44,233,1,right,1,right,0.72514494035048,0.9701276496946865,-2.119013924721206,3.21984400936074,-1.300176037356362
44,234,1,right,1,right,0.989601457310286,4.555636623363079,0.9138946518851173,3.256709217007513,0.9760937938984873
44,235,0,left,0,left,0.0030244823625006677,-5.797986256624096,-0.5114003342419372,-4.781614669265466,-2.147558537503154
44,236,1,right,1,right,0.9433192809791464,2.811970705009217,0.14625795563295096,0.3569489685216858,3.2373305768190663
44,237,1,right,1,right,0.8781022644554541,1.974580601197452,0.5452392820533342,0.3715881366883398,1.9482794345908823
44,238,0,left,0,left,0.04014667237362484,-3.174240931968593,-0.3821583288338747,0.3961080336606164,-4.052803290642488
44,239,0,left,0,left,0.18551540031355007,-1.4794176210135965,0.6254308576362703,-1.486259957219555,-0.5018315247250629
44,240,0,left,0,left,0.03766056919677155,-3.240753589897011,-0.366859863755021,-1.3043387179858685,-2.696277569540178
44,241,1,right,1,right,0.7852294140811881,1.2964055061289697,-0.6438519631583314,1.5381492204697027,0.04692002876565349
44,242,1,right,1,right,0.9681492284028644,3.4143246292736658,0.5546448321537144,1.1752527415765333,2.236963518270217
44,243,0,left,0,left,0.4479245592966594,-0.20905988107176543,-0.2970069076206875,-2.973413568840142,3.134859582404313
44,244,1,right,0,left,0.17903886301423547,-1.5228728780525325,-0.4879199438819325,-0.31044092740396934,-1.1301340173967327
44,245,1,right,1,right,0.9536771141127072,3.024689024760826,-0.8875387673220633,-1.6376348789312116,5.658870963446132
44,246,0,left,0,left,0.033921036500194075,-3.349210205969225,0.019047542225019254,-1.9206991454539781,-1.7593949323303066
44,247,1,right,1,right,0.95863782017603,3.143146407014684,0.8372646051255043,-1.0834993271781341,4.531197023476308
44,248,1,right,1,right,0.9987817609428825,6.709129877028083,0.6696991537097327,3.6942911110117747,4.455827933367277
44,249,1,right,1,right,0.9218242557011924,2.4673951691201363,-0.5614945806337136,2.6844953965037996,0.3532285156396051
44,250,1,right,0,left,0.08703504311354834,-2.3503866655143852,0.5941837596177867,-0.5222373172159908,-2.2625525613458066
44,251,1,right,1,right,0.7033132702279293,0.8631256114362978,0.6578481007377587,-0.36931514241362984,1.1407185453012347
44,252,0,left,0,left,0.28488579460633395,-0.9203538784830525,-0.9005892630710733,0.5211002577595215,-1.272273942375021
44,253,1,right,1,right,0.9950585200253242,5.3051366731778975,0.8588944256717587,1.297759929271951,4.280052973837947
44,254,0,left,0,left,6.249681276033202e-05,-9.68033249959117,1.3962035419830503,-3.9166931414301014,-7.1548579544563395
44,255,1,right,1,right,0.998572379033317,6.5503172388027355,-0.11242919401698603,6.322400181114593,1.6507210885273678
44,256,0,left,0,left,0.013653226641614238,-4.280032112192023,1.2347526277428282,-5.598344243003956,0.23869664656279088
44,257,0,left,0,left,0.08308247436245196,-2.4011837474313076,-0.024639007643909028,-1.3033227571785468,-1.731374445192434
44,258,0,left,0,left,0.017541407184143463,-4.025493987266456,0.2554188030452399,-0.8555793771565253,-3.674790087252233
44,259,0,left,0,left,0.16854992587638123,-1.5959392517760533,-0.18266788728846073,0.20718162695183084,-2.034999587740298
44,260,0,left,0,left,0.003415748196030785,-5.675937123696248,1.4289245296521518,-5.187813748476693,-1.552107140215566
44,261,0,left,0,left,0.21211859422024865,-1.312202053290373,1.0551428446140063,-1.6154637091231414,-0.34531128740948946
44,262,1,right,1,right,0.9997148230855064,8.162115600088365,0.3335110816576349,4.812271750779592,3.7179747381187376
44,263,1,right,1,right,0.6601462637909884,0.6639460848403178,0.21974352827340626,0.3608693690974353,0.3166563407133378
44,264,1,right,1,right,0.9805975594443255,3.9227632803790957,1.0155930729096134,1.3155836394260965,3.2755783157936955
44,265,0,left,0,left,0.06517778595361638,-2.6632376611576456,-0.02409257763640038,-1.6088554463376232,-1.3053370756551943
44,266,1,right,1,right,0.9989731097789419,6.8801928287505225,-0.06422546615154967,2.3567550976610225,5.222844002046852
44,267,1,right,0,left,0.21806854478737897,-1.2769576445248663,0.6982470827673187,-1.0851690051396639,-0.5261503542634256
44,268,1,right,1,right,0.6138355790854505,0.463463866092398,-1.0816911196350087,-0.8631868894345938,2.1419878395661884
44,269,0,left,0,left,0.00661697832137005,-5.011477492582058,-1.3927821358303145,-1.0330750246853566,-3.777539861664396
44,270,1,right,1,right,0.9978359447875409,6.133605004084368,0.01938983313088294,2.798817284775412,4.350356347350992
44,271,0,left,1,right,0.5403788552066859,0.16186792541525796,-0.09040912533010503,-1.4697680525867893,1.753184568247552
44,272,0,left,0,left,0.0007343525232492214,-7.215786745447359,-1.075361175390162,-3.993240362548321,-3.586426054165982
44,273,1,right,1,right,0.9979782259994321,6.20175611432944,0.5218939873600749,4.367909488635266,1.8505932166791703
44,274,1,right,1,right,0.9987128846761366,6.654063803282819,-0.3987758789802224,4.929889263016818,2.4340173054528127
44,275,0,left,0,left,0.004670463076215796,-5.361815648660511,-0.2164926174368612,-3.627726958214407,-2.1679681344873862
44,276,0,left,0,left,0.0022787978553988147,-6.081825833201829,0.3752434190849706,-2.6517241041126685,-5.260965470044202
44,277,1,right,1,right,0.9957971768665976,5.467787125062744,0.4718392856992909,1.8798048743717541,3.8528575917850567
44,278,0,left,0,left,0.2844093836149924,-0.9226935468037778,-0.1849695761337572,-0.7306905570636949,-0.29022628501658676
44,279,0,left,0,left,0.047398477420497256,-3.0006065804516693,1.6563688437810735,-1.89505018029816,-2.270661920898246
44,280,1,right,1,right,0.9851303164467289,4.193449454019531,-0.5961396673856328,0.1756722763624356,4.974379676014379
44,281,0,left,0,left,0.24879719172196435,-1.1050375927661742,1.2188640092148493,-0.9741475728039732,-0.6086997354533057
44,282,0,left,0,left,0.21700519202137572,-1.2832047854147344,-0.27833969092015376,-0.824274583003911,-0.501950477565001
44,283,0,left,0,left,0.00017007266504359575,-8.679114683679122,-1.3518832840750559,-4.800389437966621,-3.758564899297488
44,284,1,right,1,right,0.9477733156033855,2.8985217954895814,-0.3002455554889475,2.5870970427774105,0.6424077748287399
44,285,0,left,1,right,0.5236184393530698,0.09454411878248348,1.259207759702976,-0.6314804581225602,0.033959172384129266
44,286,0,left,0,left,0.14939025502445197,-1.7393913961860077,1.0250895130734694,-2.2749939425803616,-0.07398227869766037
44,287,1,right,1,right,0.5142335099392521,0.056949426474840414,-0.23439754881338393,0.38859155280939084,-0.25378088989163894
44,288,1,right,1,right,0.6144916142456218,0.466232336748876,-0.6694927572460151,-0.41656859983273736,1.339637410588869
44,289,0,left,0,left,0.14304271802132762,-1.7902447582845848,-1.0719957567225582,-0.8842334816041364,-0.7911567471674252
44,290,0,left,0,left,0.47174556102191967,-0.11313828503162354,0.11860452704728186,-0.12632746472515044,-0.07756699037213932
44,291,1,right,0,left,0.15534493097661456,-1.693280336070754,0.8375127653087605,-1.7749691579801374,-0.4730680615465024
44,292,1,right,1,right,0.9972703097922757,5.9008337306425585,0.5121078567931004,3.049489814310438,3.6338268346290343
44,293,1,right,1,right,0.8625623924174952,1.8367374342352527,0.5966018352490198,-0.5782718682913477,2.3809607406282787
44,294,0,left,1,right,0.5879902937523228,0.35566353261283373,0.046262625857929396,-0.45621201595856203,0.8724435495815086
44,295,1,right,1,right,0.9656242642111191,3.3354238375787046,1.2042061667155526,1.6378490283280638,1.2281486683716738
44,296,0,left,0,left,0.006879672641551286,-4.972280762648205,0.27122663594875174,-3.3655904169168576,-2.102241585045264
44,297,1,right,1,right,0.957453722524327,3.11368502301037,0.12106825533877352,0.5084968578139466,3.477889893679029
44,298,1,right,1,right,0.9999995930155237,14.714490387014012,1.7528667144608998,9.311393529203874,7.103996820535618
44,299,1,right,1,right,0.6376049375033291,0.5649839217158551,-0.38739485611873026,0.098006836380792,0.7492324554501315
44,300,0,left,1,right,0.9258468031432673,2.524575600560186,0.8556047635878979,-0.5978787891081317,3.2799119527023652
44,301,1,right,0,left,0.32899509335174737,-0.7127336125567717,0.1876285362616309,-1.0456325833153686,0.12371832030985314
44,302,1,right,1,right,0.9984205233297218,6.449080982793399,0.09001778395112237,3.5285606905796763,4.538745052359306
44,303,0,left,0,left,0.021995435247963525,-3.794679394358924,-0.48977260036131376,-1.4799863973874703,-2.7879484127461067
44,304,1,right,1,right,0.9632412279654595,3.265926984765616,0.16113735584622557,3.4493193385119403,0.3925113249301353
44,305,0,left,0,left,0.0015505550802663995,-6.467590537423549,-1.4521974549138053,-0.04200502993367722,-7.008548364529046
44,306,0,left,0,left,0.008253612681854627,-4.7888164113265255,-0.20265690993460173,-2.182051128314847,-2.943180870166315
44,307,0,left,0,left,0.07592723743789997,-2.499015336351574,-1.0752285010695108,-1.1214604177434253,-1.3868473404370112
44,308,0,left,0,left,0.000224609878450026,-8.400920899106808,-1.115081274486995,-7.586763958098462,-1.2013224743191324
44,309,0,left,0,left,0.03924397414989243,-3.197922593853691,-3.5248683036602744,-1.7918796749178891,-0.559028028876438
44,310,0,left,0,left,0.00041615783291296766,-7.784029719167879,-1.8346431602658457,-1.3520909185628,-7.075839671755114
44,311,0,left,0,left,0.0002581853733339664,-8.261574511037779,-0.8462586140506881,-3.052995597994046,-5.781295901207857
44,312,0,left,0,left,9.048970615720883e-06,-11.612850501829474,-0.558728223301593,-9.209499330744693,-4.012228538673137
44,313,0,left,0,left,0.0029432673683129555,-5.825287357659706,0.40557653484398937,-2.462928682234298,-4.187286259197863
44,314,0,left,0,left,0.04036808134820885,-3.16851038580496,-0.7237671569275487,1.260847561905266,-4.596367692586956
44,315,0,left,0,left,0.17666299084604256,-1.5391216943736452,-1.1238314404761032,-0.13610703474671593,-1.2519898324097818
