seed,epoch,source_index,true_label,predicted_label,probability_right,correct
42,20,0,0,1,0.6814985275268555,0
42,20,1,1,0,0.21184130012989044,0
42,20,2,0,1,0.520266056060791,0
42,20,3,1,1,0.5334010720252991,1
42,20,4,0,0,0.35392385721206665,1
42,20,5,1,0,0.40533071756362915,0
42,20,6,0,1,0.6242737770080566,0
42,20,7,1,0,0.4652303457260132,0
42,20,8,0,1,0.6094579100608826,0
42,20,9,0,0,0.4205205738544464,1
42,20,10,1,0,0.26316848397254944,0
42,20,11,1,1,0.6031504273414612,1
42,20,12,0,0,0.45748329162597656,1
42,20,13,0,0,0.24293507635593414,1
42,20,14,1,0,0.39694204926490784,0
42,20,15,1,1,0.6407568454742432,1
42,20,16,1,0,0.4634090065956116,0
42,20,17,0,0,0.3223082423210144,1
42,20,18,0,1,0.5994690656661987,0
42,20,19,1,0,0.47455090284347534,0
42,20,20,0,1,0.5638782978057861,0
42,20,21,0,0,0.21512383222579956,1
42,20,22,1,1,0.5981588363647461,1
42,20,23,0,0,0.4126855432987213,1
42,20,24,1,1,0.5036821365356445,1
42,20,25,0,0,0.4692956507205963,1
42,20,26,0,1,0.5367037653923035,0
42,20,27,0,1,0.6778922080993652,0
42,20,28,0,0,0.49199095368385315,1
42,20,29,0,1,0.804514467716217,0
42,20,30,0,1,0.8434001207351685,0
42,20,31,0,0,0.2442835569381714,1
42,20,32,1,1,0.6374817490577698,1
42,20,33,1,0,0.4148203730583191,0
42,20,34,1,1,0.6771982908248901,1
42,20,35,1,0,0.4456663131713867,0
42,20,36,1,0,0.34908726811408997,0
42,20,37,1,0,0.05764096975326538,0
42,20,38,0,1,0.5030274987220764,0
42,20,39,1,1,0.6385260820388794,1
42,20,40,0,1,0.6449753046035767,0
42,20,41,1,0,0.19032862782478333,0
42,20,42,0,0,0.44769155979156494,1
42,20,43,0,1,0.5464699864387512,0
42,20,44,1,1,0.6977795958518982,1
42,20,45,0,1,0.5049281716346741,0
42,20,46,1,0,0.40047305822372437,0
42,20,47,1,1,0.6164659261703491,1
42,20,48,0,0,0.32528218626976013,1
42,20,49,1,0,0.1472024768590927,0
42,20,50,1,1,0.5456723570823669,1
42,20,51,0,1,0.6169194579124451,0
42,20,52,0,0,0.4950914680957794,1
42,20,53,1,1,0.5346200466156006,1
42,20,54,0,0,0.3397487699985504,1
42,20,55,0,0,0.19311101734638214,1
42,20,56,1,1,0.5292313098907471,1
42,20,57,0,1,0.6647288799285889,0
42,20,58,1,1,0.5991978049278259,1
42,20,59,0,1,0.5019522905349731,0
42,20,60,1,0,0.32121673226356506,0
42,20,61,0,1,0.6232582926750183,0
42,20,62,0,1,0.6040987968444824,0
42,20,63,1,1,0.559949517250061,1
42,20,64,0,1,0.5777503252029419,0
42,20,65,0,1,0.6347209811210632,0
42,20,66,0,1,0.5627418160438538,0
42,20,67,0,1,0.6055129170417786,0
42,20,68,0,1,0.6158596873283386,0
42,20,69,1,0,0.49827805161476135,0
42,20,70,0,0,0.4180014729499817,1
42,20,71,1,1,0.5251434445381165,1
42,20,72,0,1,0.6412454843521118,0
42,20,73,0,1,0.5096572041511536,0
42,20,74,0,1,0.632291316986084,0
42,20,75,0,1,0.5350834131240845,0
42,20,76,0,0,0.4252662658691406,1
42,20,77,1,0,0.4225502014160156,0
42,20,78,1,1,0.6360742449760437,1
42,20,79,1,0,0.42929890751838684,0
42,20,80,0,1,0.6374229192733765,0
42,20,81,1,1,0.5563555359840393,1
42,20,82,0,0,0.29311656951904297,1
42,20,83,1,1,0.6965410113334656,1
42,20,84,1,1,0.5246387720108032,1
42,20,85,1,1,0.6877638697624207,1
42,20,86,1,1,0.6915854215621948,1
42,20,87,1,1,0.5368158221244812,1
42,20,88,1,1,0.6093059182167053,1
42,20,89,1,0,0.3371170461177826,0
42,20,90,1,1,0.7063338160514832,1
42,20,91,1,0,0.48398348689079285,0
42,20,92,0,0,0.17720644176006317,1
42,20,93,0,0,0.30961060523986816,1
42,20,94,0,1,0.7416952252388,0
42,20,95,0,1,0.5767861604690552,0
42,20,96,1,0,0.44977426528930664,0
42,20,97,1,0,0.3924627900123596,0
42,20,98,1,1,0.5204681158065796,1
42,20,99,0,1,0.5990833044052124,0
42,20,100,1,1,0.541045606136322,1
42,20,101,1,1,0.6014927625656128,1
42,20,102,1,1,0.6432995200157166,1
42,20,103,0,0,0.18742695450782776,1
42,20,104,1,1,0.5067567825317383,1
42,20,105,0,0,0.3252715766429901,1
42,20,106,1,1,0.6503291726112366,1
42,20,107,1,1,0.5175069570541382,1
42,20,108,1,0,0.498113214969635,0
42,20,109,0,0,0.47202473878860474,1
42,20,110,1,0,0.4355514943599701,0
42,20,111,0,1,0.6107718348503113,0
42,20,112,1,1,0.661487877368927,1
42,20,113,0,0,0.30150631070137024,1
42,20,114,0,0,0.370113343000412,1
42,20,115,0,1,0.630295991897583,0
42,20,116,1,0,0.4374576508998871,0
42,20,117,0,0,0.12809039652347565,1
42,20,118,0,0,0.436052143573761,1
42,20,119,1,1,0.864730179309845,1
42,20,120,1,1,0.5181533098220825,1
42,20,121,1,1,0.6664518117904663,1
42,20,122,1,1,0.587196409702301,1
42,20,123,0,0,0.28098735213279724,1
42,20,124,1,0,0.3913942873477936,0
42,20,125,1,0,0.3768293261528015,0
42,20,126,0,1,0.5172238349914551,0
42,20,127,0,1,0.7403899431228638,0
42,20,128,1,1,0.566926896572113,1
42,20,129,1,0,0.34278804063796997,0
42,20,130,1,1,0.5844742059707642,1
42,20,131,1,0,0.47214633226394653,0
42,20,132,1,1,0.5599472522735596,1
42,20,133,0,0,0.4835174083709717,1
42,20,134,0,1,0.5085400938987732,0
42,20,135,0,0,0.30050650238990784,1
42,20,136,0,0,0.09167817234992981,1
42,20,137,1,0,0.49937549233436584,0
42,20,138,1,1,0.6831079721450806,1
42,20,139,0,0,0.44326052069664,1
42,20,140,1,1,0.5138216018676758,1
42,20,141,1,0,0.3936212360858917,0
42,20,142,1,1,0.5447019338607788,1
42,20,143,1,1,0.7154515981674194,1
42,20,144,1,1,0.5605685710906982,1
42,20,145,1,0,0.49065449833869934,0
42,20,146,1,1,0.6970548033714294,1
42,20,147,0,0,0.4919903576374054,1
42,20,148,0,0,0.28720033168792725,1
42,20,149,0,0,0.3028242290019989,1
42,20,150,1,0,0.27437418699264526,0
42,20,151,1,1,0.5619460940361023,1
42,20,152,0,0,0.3864729106426239,1
42,20,153,0,0,0.43866536021232605,1
42,20,154,1,1,0.5194686651229858,1
42,20,155,1,0,0.4037533402442932,0
42,20,156,0,0,0.4295077919960022,1
42,20,157,0,1,0.5822206735610962,0
42,20,158,0,0,0.34069857001304626,1
42,20,159,0,0,0.23546122014522552,1
42,20,160,0,1,0.5866867303848267,0
42,20,161,1,1,0.7974446415901184,1
42,20,162,1,0,0.455323189496994,0
42,20,163,1,0,0.3597545325756073,0
42,20,164,1,0,0.48864758014678955,0
42,20,165,1,1,0.5803361535072327,1
42,20,166,1,1,0.5446074604988098,1
42,20,167,0,0,0.31156960129737854,1
42,20,168,1,0,0.23635542392730713,0
42,20,169,0,0,0.4272371232509613,1
42,20,170,1,1,0.608296275138855,1
42,20,171,1,0,0.20973801612854004,0
42,20,172,0,1,0.5484623908996582,0
42,20,173,1,1,0.5287270545959473,1
42,20,174,0,0,0.1566980630159378,1
42,20,175,0,1,0.6362216472625732,0
42,20,176,1,1,0.5387526750564575,1
42,20,177,1,0,0.41457101702690125,0
42,20,178,1,1,0.6397213339805603,1
42,20,179,0,0,0.2236761748790741,1
42,20,180,0,0,0.3048055171966553,1
42,20,181,1,0,0.2702186107635498,0
42,20,182,0,1,0.543072521686554,0
42,20,183,0,0,0.2407449185848236,1
42,20,184,0,0,0.3733855187892914,1
42,20,185,0,1,0.5245680809020996,0
42,20,186,0,1,0.6680425405502319,0
42,20,187,1,0,0.4613438546657562,0
42,20,188,1,1,0.7764602899551392,1
42,20,189,0,0,0.4419865012168884,1
42,20,190,0,1,0.6045948266983032,0
42,20,191,0,1,0.5793172121047974,0
42,20,192,0,1,0.5628342032432556,0
42,20,193,1,1,0.5034129619598389,1
42,20,194,0,0,0.41832444071769714,1
42,20,195,0,1,0.6206873655319214,0
42,20,196,0,0,0.4564363658428192,1
42,20,197,1,1,0.5592212080955505,1
42,20,198,0,0,0.2562345266342163,1
42,20,199,0,0,0.3443567454814911,1
42,20,200,1,0,0.3862108588218689,0
42,20,201,0,0,0.4383096694946289,1
42,20,202,0,0,0.255123496055603,1
42,20,203,0,1,0.6554312109947205,0
42,20,204,1,1,0.5207408666610718,1
42,20,205,1,0,0.3727680444717407,0
42,20,206,1,0,0.49539628624916077,0
42,20,207,0,1,0.6439837217330933,0
42,20,208,0,0,0.4672465920448303,1
42,20,209,0,1,0.6292316317558289,0
42,20,210,1,1,0.6391035914421082,1
42,20,211,1,0,0.3644118010997772,0
42,20,212,1,1,0.6432022452354431,1
42,20,213,0,1,0.5143225789070129,0
42,20,214,0,0,0.185120090842247,1
42,20,215,0,0,0.36875438690185547,1
42,20,216,1,0,0.39071759581565857,0
42,20,217,0,0,0.3565032184123993,1
42,20,218,1,0,0.2501053214073181,0
42,20,219,1,0,0.4215569794178009,0
42,20,220,1,0,0.4395129084587097,0
42,20,221,1,1,0.6639158129692078,1
42,20,222,1,1,0.5106040239334106,1
42,20,223,1,1,0.6180858612060547,1
42,20,224,1,0,0.32589054107666016,0
42,20,225,0,0,0.4767201244831085,1
42,20,226,1,1,0.5386888384819031,1
42,20,227,0,1,0.597890317440033,0
42,20,228,0,0,0.13876982033252716,1
42,20,229,0,1,0.5098370313644409,0
42,20,230,1,0,0.46573004126548767,0
42,20,231,0,1,0.5598684549331665,0
42,20,232,1,1,0.525378406047821,1
42,20,233,1,0,0.3709202706813812,0
42,20,234,1,1,0.5564112663269043,1
42,20,235,0,0,0.24181067943572998,1
42,20,236,1,1,0.674260675907135,1
42,20,237,1,1,0.6535640358924866,1
42,20,238,0,1,0.5389243364334106,0
42,20,239,0,1,0.5130195021629333,0
42,20,240,0,1,0.7155423164367676,0
42,20,241,1,1,0.5209631323814392,1
42,20,242,1,0,0.20142263174057007,0
42,20,243,0,1,0.6967198848724365,0
42,20,244,1,1,0.7321628332138062,1
42,20,245,1,1,0.8254653215408325,1
42,20,246,0,0,0.44261670112609863,1
42,20,247,1,1,0.546088457107544,1
42,20,248,1,1,0.5610240697860718,1
42,20,249,1,0,0.4450181722640991,0
42,20,250,1,1,0.566423773765564,1
42,20,251,1,1,0.7697079181671143,1
42,20,252,0,0,0.2981564402580261,1
42,20,253,1,1,0.7362780570983887,1
42,20,254,0,0,0.16456946730613708,1
42,20,255,1,1,0.532481849193573,1
42,20,256,0,1,0.6698467135429382,0
42,20,257,0,0,0.19168029725551605,1
42,20,258,0,1,0.5812177062034607,0
42,20,259,0,1,0.5695345401763916,0
42,20,260,0,0,0.336174339056015,1
42,20,261,0,1,0.6945789456367493,0
42,20,262,1,1,0.7272765636444092,1
42,20,263,1,1,0.6687914729118347,1
42,20,264,1,0,0.46971800923347473,0
42,20,265,0,1,0.6261552572250366,0
42,20,266,1,1,0.5688585638999939,1
42,20,267,1,0,0.036786459386348724,0
42,20,268,1,1,0.665733277797699,1
42,20,269,0,0,0.2835704982280731,1
42,20,270,1,1,0.5689975619316101,1
42,20,271,0,1,0.5089911222457886,0
42,20,272,0,0,0.43457499146461487,1
42,20,273,1,1,0.5126398205757141,1
42,20,274,1,1,0.6444084644317627,1
42,20,275,0,1,0.5152257084846497,0
42,20,276,0,0,0.3121168911457062,1
42,20,277,1,1,0.6214858889579773,1
42,20,278,0,0,0.03927099332213402,1
42,20,279,0,0,0.37131839990615845,1
42,20,280,1,1,0.7288375496864319,1
42,20,281,0,0,0.08222328871488571,1
42,20,282,0,0,0.44534555077552795,1
42,20,283,0,0,0.47892245650291443,1
42,20,284,1,1,0.552322506904602,1
42,20,285,0,0,0.38025349378585815,1
42,20,286,0,1,0.5201501250267029,0
42,20,287,1,1,0.552704930305481,1
42,20,288,1,0,0.4532337486743927,0
42,20,289,0,1,0.5087934732437134,0
42,20,290,0,0,0.3821706771850586,1
42,20,291,1,1,0.7960506081581116,1
42,20,292,1,0,0.4947381913661957,0
42,20,293,1,1,0.699973464012146,1
42,20,294,0,0,0.37036144733428955,1
42,20,295,1,1,0.5739952921867371,1
42,20,296,0,1,0.7951691746711731,0
42,20,297,1,1,0.7963941693305969,1
42,20,298,1,1,0.8900442123413086,1
42,20,299,1,1,0.5689133405685425,1
42,20,300,0,1,0.7596352100372314,0
42,20,301,1,0,0.41756677627563477,0
42,20,302,1,1,0.615218460559845,1
42,20,303,0,0,0.38741835951805115,1
42,20,304,1,1,0.6976920366287231,1
42,20,305,0,1,0.523627758026123,0
42,20,306,0,0,0.2902472913265228,1
42,20,307,0,0,0.3139466941356659,1
42,20,308,0,0,0.4792223274707794,1
42,20,309,0,0,0.12854984402656555,1
42,20,310,0,0,0.1824478954076767,1
42,20,311,0,0,0.45435744524002075,1
42,20,312,0,1,0.5816874504089355,0
42,20,313,0,0,0.14825783669948578,1
42,20,314,0,0,0.40648528933525085,1
42,20,315,0,1,0.7170640230178833,0
42,30,0,0,1,0.7056079506874084,0
42,30,1,1,0,0.20556117594242096,0
42,30,2,0,0,0.48337817192077637,1
42,30,3,1,1,0.5413728356361389,1
42,30,4,0,0,0.3648686707019806,1
42,30,5,1,0,0.3714315593242645,0
42,30,6,0,1,0.609936535358429,0
42,30,7,1,0,0.4875278174877167,0
42,30,8,0,1,0.647855281829834,0
42,30,9,0,0,0.37137386202812195,1
42,30,10,1,0,0.2263258844614029,0
42,30,11,1,1,0.6118546724319458,1
42,30,12,0,0,0.44970703125,1
42,30,13,0,0,0.22904248535633087,1
42,30,14,1,0,0.33854901790618896,0
42,30,15,1,1,0.663564145565033,1
42,30,16,1,0,0.42817991971969604,0
42,30,17,0,0,0.32607564330101013,1
42,30,18,0,1,0.6012301445007324,0
42,30,19,1,0,0.4938068091869354,0
42,30,20,0,1,0.5916347503662109,0
42,30,21,0,0,0.15149323642253876,1
42,30,22,1,1,0.6392945647239685,1
42,30,23,0,0,0.42240452766418457,1
42,30,24,1,1,0.5235573649406433,1
42,30,25,0,0,0.4378436803817749,1
42,30,26,0,1,0.5544959902763367,0
42,30,27,0,1,0.6878907084465027,0
42,30,28,0,0,0.4687693119049072,1
42,30,29,0,1,0.8794094920158386,0
42,30,30,0,1,0.8743494153022766,0
42,30,31,0,0,0.22003084421157837,1
42,30,32,1,1,0.6209459900856018,1
42,30,33,1,0,0.40251556038856506,0
42,30,34,1,1,0.6728697419166565,1
42,30,35,1,0,0.419954776763916,0
42,30,36,1,0,0.34653785824775696,0
42,30,37,1,0,0.0447080098092556,0
42,30,38,0,1,0.5482847690582275,0
42,30,39,1,1,0.6294729113578796,1
42,30,40,0,1,0.6659939289093018,0
42,30,41,1,0,0.18141186237335205,0
42,30,42,0,0,0.41838160157203674,1
42,30,43,0,1,0.6802849769592285,0
42,30,44,1,1,0.7367289066314697,1
42,30,45,0,0,0.49066615104675293,1
42,30,46,1,0,0.34608206152915955,0
42,30,47,1,1,0.5725923776626587,1
42,30,48,0,0,0.2507772743701935,1
42,30,49,1,0,0.13929373025894165,0
42,30,50,1,1,0.5346491932868958,1
42,30,51,0,1,0.6213768124580383,0
42,30,52,0,0,0.465043306350708,1
42,30,53,1,1,0.5016975402832031,1
42,30,54,0,0,0.4063340127468109,1
42,30,55,0,0,0.19905778765678406,1
42,30,56,1,1,0.5247942805290222,1
42,30,57,0,1,0.6505551338195801,0
42,30,58,1,1,0.5801001191139221,1
42,30,59,0,0,0.4934583604335785,1
42,30,60,1,0,0.2669631242752075,0
42,30,61,0,1,0.6518552303314209,0
42,30,62,0,1,0.5835951566696167,0
42,30,63,1,1,0.5667978525161743,1
42,30,64,0,1,0.5980495810508728,0
42,30,65,0,1,0.6527861952781677,0
42,30,66,0,1,0.577613890171051,0
42,30,67,0,1,0.629706859588623,0
42,30,68,0,1,0.6477861404418945,0
42,30,69,1,1,0.5059692859649658,1
42,30,70,0,0,0.431657075881958,1
42,30,71,1,0,0.4861505627632141,0
42,30,72,0,1,0.6727962493896484,0
42,30,73,0,0,0.4995725750923157,1
42,30,74,0,1,0.6650826930999756,0
42,30,75,0,1,0.5201015472412109,0
42,30,76,0,0,0.42346012592315674,1
42,30,77,1,0,0.3876328766345978,0
42,30,78,1,1,0.6494764685630798,1
42,30,79,1,0,0.42560169100761414,0
42,30,80,0,1,0.6428289413452148,0
42,30,81,1,1,0.5208122134208679,1
42,30,82,0,0,0.257860004901886,1
42,30,83,1,1,0.6692944765090942,1
42,30,84,1,1,0.5029475688934326,1
42,30,85,1,1,0.691228985786438,1
42,30,86,1,1,0.7088743448257446,1
42,30,87,1,1,0.5612837672233582,1
42,30,88,1,1,0.6217666268348694,1
42,30,89,1,0,0.3471509516239166,0
42,30,90,1,1,0.7730789184570312,1
42,30,91,1,0,0.4741710424423218,0
42,30,92,0,0,0.18259234726428986,1
42,30,93,0,0,0.30513525009155273,1
42,30,94,0,1,0.7652307748794556,0
42,30,95,0,1,0.5585120320320129,0
42,30,96,1,0,0.390852153301239,0
42,30,97,1,0,0.39771369099617004,0
42,30,98,1,1,0.5099915862083435,1
42,30,99,0,1,0.6227781176567078,0
42,30,100,1,1,0.5350572466850281,1
42,30,101,1,1,0.5902560949325562,1
42,30,102,1,1,0.6186068058013916,1
42,30,103,0,0,0.1613519936800003,1
42,30,104,1,1,0.5546595454216003,1
42,30,105,0,0,0.33984440565109253,1
42,30,106,1,1,0.6379913687705994,1
42,30,107,1,1,0.5286878943443298,1
42,30,108,1,1,0.5133143067359924,1
42,30,109,0,1,0.5274753570556641,0
42,30,110,1,0,0.46398428082466125,0
42,30,111,0,1,0.6085776090621948,0
42,30,112,1,1,0.663538932800293,1
42,30,113,0,0,0.22685383260250092,1
42,30,114,0,0,0.3269009590148926,1
42,30,115,0,1,0.6329030990600586,0
42,30,116,1,0,0.44984254240989685,0
42,30,117,0,0,0.10212451964616776,1
42,30,118,0,0,0.45363086462020874,1
42,30,119,1,1,0.9412210583686829,1
42,30,120,1,1,0.598381519317627,1
42,30,121,1,1,0.7238714694976807,1
42,30,122,1,1,0.5725829601287842,1
42,30,123,0,0,0.2420288473367691,1
42,30,124,1,0,0.3619377315044403,0
42,30,125,1,0,0.35260236263275146,0
42,30,126,0,1,0.530839741230011,0
42,30,127,0,1,0.7192432880401611,0
42,30,128,1,1,0.5592241287231445,1
42,30,129,1,0,0.4485771656036377,0
42,30,130,1,1,0.6050126552581787,1
42,30,131,1,1,0.5119677186012268,1
42,30,132,1,1,0.587706983089447,1
42,30,133,0,0,0.45942768454551697,1
42,30,134,0,0,0.4930270314216614,1
42,30,135,0,0,0.26389122009277344,1
42,30,136,0,0,0.08583151549100876,1
42,30,137,1,0,0.49283167719841003,0
42,30,138,1,1,0.713821530342102,1
42,30,139,0,0,0.4055502414703369,1
42,30,140,1,1,0.5215163826942444,1
42,30,141,1,0,0.4227679371833801,0
42,30,142,1,1,0.5278280377388,1
42,30,143,1,1,0.7221130132675171,1
42,30,144,1,1,0.551142692565918,1
42,30,145,1,1,0.5176124572753906,1
42,30,146,1,1,0.7406150102615356,1
42,30,147,0,1,0.5106416344642639,0
42,30,148,0,0,0.295584499835968,1
42,30,149,0,0,0.23466674983501434,1
42,30,150,1,0,0.284798800945282,0
42,30,151,1,1,0.586324155330658,1
42,30,152,0,0,0.36574336886405945,1
42,30,153,0,0,0.44640862941741943,1
42,30,154,1,0,0.4929441213607788,0
42,30,155,1,0,0.40774452686309814,0
42,30,156,0,0,0.39174899458885193,1
42,30,157,0,1,0.6460273265838623,0
42,30,158,0,0,0.26601681113243103,1
42,30,159,0,0,0.20500853657722473,1
42,30,160,0,1,0.6473905444145203,0
42,30,161,1,1,0.759066641330719,1
42,30,162,1,0,0.41139867901802063,0
42,30,163,1,0,0.41004323959350586,0
42,30,164,1,0,0.4671766757965088,0
42,30,165,1,1,0.5636824369430542,1
42,30,166,1,1,0.5087888836860657,1
42,30,167,0,0,0.3398386240005493,1
42,30,168,1,0,0.2724427878856659,0
42,30,169,0,0,0.3996284008026123,1
42,30,170,1,1,0.6501094102859497,1
42,30,171,1,0,0.1650632619857788,0
42,30,172,0,0,0.47053295373916626,1
42,30,173,1,1,0.5308976769447327,1
42,30,174,0,0,0.12298095971345901,1
42,30,175,0,1,0.6076590418815613,0
42,30,176,1,1,0.5335578322410583,1
42,30,177,1,0,0.42624998092651367,0
42,30,178,1,1,0.7034421563148499,1
42,30,179,0,0,0.17396320402622223,1
42,30,180,0,0,0.27874690294265747,1
42,30,181,1,0,0.23809675872325897,0
42,30,182,0,1,0.5076014399528503,0
42,30,183,0,0,0.2593599259853363,1
42,30,184,0,0,0.4326535761356354,1
42,30,185,0,0,0.4779736399650574,1
42,30,186,0,1,0.6434532999992371,0
42,30,187,1,0,0.4820653200149536,0
42,30,188,1,1,0.7799023389816284,1
42,30,189,0,0,0.4333097040653229,1
42,30,190,0,1,0.6576424241065979,0
42,30,191,0,1,0.6317524909973145,0
42,30,192,0,1,0.5638762712478638,0
42,30,193,1,0,0.4910736382007599,0
42,30,194,0,0,0.3989470601081848,1
42,30,195,0,1,0.633854329586029,0
42,30,196,0,0,0.4416487216949463,1
42,30,197,1,1,0.5310172438621521,1
42,30,198,0,0,0.22624483704566956,1
42,30,199,0,0,0.3450327515602112,1
42,30,200,1,0,0.42528849840164185,0
42,30,201,0,0,0.3928559124469757,1
42,30,202,0,0,0.2354690432548523,1
42,30,203,0,1,0.6279781460762024,0
42,30,204,1,1,0.5310000777244568,1
42,30,205,1,0,0.3800255358219147,0
42,30,206,1,0,0.4282754361629486,0
42,30,207,0,1,0.6548582315444946,0
42,30,208,0,0,0.4203729033470154,1
42,30,209,0,1,0.6683610677719116,0
42,30,210,1,1,0.6287665367126465,1
42,30,211,1,0,0.3199058473110199,0
42,30,212,1,1,0.6339548230171204,1
42,30,213,0,1,0.5543161630630493,0
42,30,214,0,0,0.1338416039943695,1
42,30,215,0,0,0.3622167110443115,1
42,30,216,1,0,0.4044930338859558,0
42,30,217,0,0,0.37154337763786316,1
42,30,218,1,0,0.32250064611434937,0
42,30,219,1,0,0.39314019680023193,0
42,30,220,1,1,0.533040463924408,1
42,30,221,1,1,0.7380756735801697,1
42,30,222,1,1,0.5131108164787292,1
42,30,223,1,1,0.6167564392089844,1
42,30,224,1,0,0.34205159544944763,0
42,30,225,0,0,0.45252084732055664,1
42,30,226,1,0,0.4797651171684265,0
42,30,227,0,1,0.6072620749473572,0
42,30,228,0,0,0.12965071201324463,1
42,30,229,0,1,0.5172741413116455,0
42,30,230,1,0,0.4685128927230835,0
42,30,231,0,1,0.5947685837745667,0
42,30,232,1,1,0.5562120079994202,1
42,30,233,1,0,0.3795544505119324,0
42,30,234,1,1,0.6027372479438782,1
42,30,235,0,0,0.2432194948196411,1
42,30,236,1,1,0.7343614101409912,1
42,30,237,1,1,0.6655353307723999,1
42,30,238,0,1,0.5579953789710999,0
42,30,239,0,1,0.5200875401496887,0
42,30,240,0,1,0.7375264763832092,0
42,30,241,1,0,0.48536816239356995,0
42,30,242,1,0,0.16333678364753723,0
42,30,243,0,1,0.6643080711364746,0
42,30,244,1,1,0.7755504250526428,1
42,30,245,1,1,0.8611739873886108,1
42,30,246,0,0,0.4980798363685608,1
42,30,247,1,1,0.5392465591430664,1
42,30,248,1,1,0.5355057716369629,1
42,30,249,1,0,0.47299081087112427,0
42,30,250,1,1,0.5476077198982239,1
42,30,251,1,1,0.8188488483428955,1
42,30,252,0,0,0.25590747594833374,1
42,30,253,1,1,0.8181424140930176,1
42,30,254,0,0,0.14987945556640625,1
42,30,255,1,1,0.5303812026977539,1
42,30,256,0,1,0.7117789387702942,0
42,30,257,0,0,0.1900717318058014,1
42,30,258,0,1,0.5650627613067627,0
42,30,259,0,1,0.5372858047485352,0
42,30,260,0,0,0.35575631260871887,1
42,30,261,0,1,0.6950011253356934,0
42,30,262,1,1,0.7406644225120544,1
42,30,263,1,1,0.6525256037712097,1
42,30,264,1,0,0.3945674002170563,0
42,30,265,0,1,0.6346853375434875,0
42,30,266,1,1,0.6342176795005798,1
42,30,267,1,0,0.027715574949979782,0
42,30,268,1,1,0.7036623954772949,1
42,30,269,0,0,0.2949838638305664,1
42,30,270,1,1,0.522066593170166,1
42,30,271,0,0,0.4969203472137451,1
42,30,272,0,0,0.41379618644714355,1
42,30,273,1,1,0.5013306140899658,1
42,30,274,1,1,0.6360452771186829,1
42,30,275,0,1,0.5261576175689697,0
42,30,276,0,0,0.29851585626602173,1
42,30,277,1,1,0.6330116391181946,1
42,30,278,0,0,0.02890854887664318,1
42,30,279,0,0,0.3586443364620209,1
42,30,280,1,1,0.7611479163169861,1
42,30,281,0,0,0.06343834847211838,1
42,30,282,0,0,0.44472065567970276,1
42,30,283,0,0,0.48167985677719116,1
42,30,284,1,1,0.5126923322677612,1
42,30,285,0,0,0.3487075865268707,1
42,30,286,0,1,0.5824983716011047,0
42,30,287,1,1,0.5890004634857178,1
42,30,288,1,0,0.4355261027812958,0
42,30,289,0,0,0.4749760329723358,1
42,30,290,0,0,0.32537588477134705,1
42,30,291,1,1,0.8451696634292603,1
42,30,292,1,0,0.4952428936958313,0
42,30,293,1,1,0.7065423727035522,1
42,30,294,0,0,0.35449498891830444,1
42,30,295,1,1,0.5893847942352295,1
42,30,296,0,1,0.826646089553833,0
42,30,297,1,1,0.8419082760810852,1
42,30,298,1,1,0.7666917443275452,1
42,30,299,1,1,0.5959396958351135,1
42,30,300,0,1,0.7956083416938782,0
42,30,301,1,0,0.3810502588748932,0
42,30,302,1,1,0.6022070646286011,1
42,30,303,0,0,0.4128015339374542,1
42,30,304,1,1,0.7055460810661316,1
42,30,305,0,1,0.5220192670822144,0
42,30,306,0,0,0.28327783942222595,1
42,30,307,0,0,0.2977588176727295,1
42,30,308,0,0,0.3801021873950958,1
42,30,309,0,0,0.12167374789714813,1
42,30,310,0,0,0.2013763040304184,1
42,30,311,0,0,0.41933920979499817,1
42,30,312,0,1,0.5839068293571472,0
42,30,313,0,0,0.12459845095872879,1
42,30,314,0,0,0.3996985852718353,1
42,30,315,0,1,0.726020336151123,0
42,40,0,0,1,0.6244621276855469,0
42,40,1,1,0,0.1799497753381729,0
42,40,2,0,1,0.5045047998428345,0
42,40,3,1,1,0.5294278860092163,1
42,40,4,0,0,0.38469192385673523,1
42,40,5,1,0,0.3607714772224426,0
42,40,6,0,1,0.5827959775924683,0
42,40,7,1,0,0.39300283789634705,0
42,40,8,0,1,0.6442115902900696,0
42,40,9,0,0,0.37944087386131287,1
42,40,10,1,0,0.19957990944385529,0
42,40,11,1,1,0.610102117061615,1
42,40,12,0,0,0.44925224781036377,1
42,40,13,0,0,0.20566250383853912,1
42,40,14,1,0,0.30212870240211487,0
42,40,15,1,1,0.6557445526123047,1
42,40,16,1,0,0.39636534452438354,0
42,40,17,0,0,0.32097166776657104,1
42,40,18,0,1,0.6114256381988525,0
42,40,19,1,1,0.5259641408920288,1
42,40,20,0,1,0.5707259774208069,0
42,40,21,0,0,0.11825273185968399,1
42,40,22,1,1,0.6460732221603394,1
42,40,23,0,0,0.40562954545021057,1
42,40,24,1,1,0.5252339243888855,1
42,40,25,0,0,0.43168604373931885,1
42,40,26,0,1,0.5642761588096619,0
42,40,27,0,1,0.6640920639038086,0
42,40,28,0,0,0.42744171619415283,1
42,40,29,0,1,0.8665658831596375,0
42,40,30,0,1,0.8936429023742676,0
42,40,31,0,0,0.22191064059734344,1
42,40,32,1,1,0.6105443239212036,1
42,40,33,1,0,0.39517301321029663,0
42,40,34,1,1,0.6688430905342102,1
42,40,35,1,0,0.41487357020378113,0
42,40,36,1,0,0.3818475306034088,0
42,40,37,1,0,0.04405512288212776,0
42,40,38,0,1,0.552337646484375,0
42,40,39,1,1,0.6219133734703064,1
42,40,40,0,1,0.6946654915809631,0
42,40,41,1,0,0.17970389127731323,0
42,40,42,0,0,0.368813693523407,1
42,40,43,0,1,0.5677011609077454,0
42,40,44,1,1,0.7299458980560303,1
42,40,45,0,1,0.5099672079086304,0
42,40,46,1,0,0.3543004095554352,0
42,40,47,1,1,0.5510132312774658,1
42,40,48,0,0,0.1942964494228363,1
42,40,49,1,0,0.14312542974948883,0
42,40,50,1,1,0.5658657550811768,1
42,40,51,0,1,0.6077930927276611,0
42,40,52,0,1,0.5035825371742249,0
42,40,53,1,0,0.4916535019874573,0
42,40,54,0,0,0.3449398875236511,1
42,40,55,0,0,0.19928115606307983,1
42,40,56,1,1,0.5520227551460266,1
42,40,57,0,1,0.6746949553489685,0
42,40,58,1,1,0.6182694435119629,1
42,40,59,0,0,0.46995100378990173,1
42,40,60,1,0,0.22858694195747375,0
42,40,61,0,1,0.6791232228279114,0
42,40,62,0,1,0.5314692258834839,0
42,40,63,1,1,0.5933911204338074,1
42,40,64,0,1,0.5699430108070374,0
42,40,65,0,1,0.6409931182861328,0
42,40,66,0,1,0.5534322261810303,0
42,40,67,0,1,0.6222667098045349,0
42,40,68,0,1,0.6682726740837097,0
42,40,69,1,1,0.5283298492431641,1
42,40,70,0,0,0.39173588156700134,1
42,40,71,1,1,0.5326812863349915,1
42,40,72,0,1,0.7276673913002014,0
42,40,73,0,0,0.4881097674369812,1
42,40,74,0,1,0.6688159108161926,0
42,40,75,0,1,0.5181524753570557,0
42,40,76,0,0,0.4690815508365631,1
42,40,77,1,0,0.3820379674434662,0
42,40,78,1,1,0.6597223281860352,1
42,40,79,1,0,0.45043641328811646,0
42,40,80,0,1,0.6916465759277344,0
42,40,81,1,0,0.4879160523414612,0
42,40,82,0,0,0.2321624606847763,1
42,40,83,1,1,0.6708434224128723,1
42,40,84,1,0,0.48356348276138306,0
42,40,85,1,1,0.6808184385299683,1
42,40,86,1,1,0.7088267803192139,1
42,40,87,1,1,0.5584716796875,1
42,40,88,1,1,0.6639389991760254,1
42,40,89,1,0,0.3507266044616699,0
42,40,90,1,1,0.7728297114372253,1
42,40,91,1,0,0.4961625039577484,0
42,40,92,0,0,0.217838853597641,1
42,40,93,0,0,0.27391988039016724,1
42,40,94,0,1,0.7992139458656311,0
42,40,95,0,1,0.5637768507003784,0
42,40,96,1,0,0.34720930457115173,0
42,40,97,1,0,0.37166041135787964,0
42,40,98,1,0,0.45944905281066895,0
42,40,99,0,1,0.6523446440696716,0
42,40,100,1,1,0.5763515830039978,1
42,40,101,1,1,0.5794905424118042,1
42,40,102,1,1,0.6113666296005249,1
42,40,103,0,0,0.12725692987442017,1
42,40,104,1,1,0.5066391229629517,1
42,40,105,0,0,0.3217020630836487,1
42,40,106,1,1,0.5924575924873352,1
42,40,107,1,1,0.5530731678009033,1
42,40,108,1,1,0.5090183615684509,1
42,40,109,0,1,0.5225419402122498,0
42,40,110,1,0,0.4674626886844635,0
42,40,111,0,1,0.5860961079597473,0
42,40,112,1,1,0.6512589454650879,1
42,40,113,0,0,0.2710074782371521,1
42,40,114,0,0,0.32622531056404114,1
42,40,115,0,1,0.6268550753593445,0
42,40,116,1,0,0.395284503698349,0
42,40,117,0,0,0.08097704499959946,1
42,40,118,0,0,0.44926631450653076,1
42,40,119,1,1,0.8351285457611084,1
42,40,120,1,1,0.6542540192604065,1
42,40,121,1,1,0.7216646671295166,1
42,40,122,1,1,0.5924938917160034,1
42,40,123,0,0,0.21960125863552094,1
42,40,124,1,0,0.3281908333301544,0
42,40,125,1,0,0.3671744763851166,0
42,40,126,0,1,0.5578809380531311,0
42,40,127,0,1,0.7244866490364075,0
42,40,128,1,1,0.5336534380912781,1
42,40,129,1,1,0.5350666046142578,1
42,40,130,1,1,0.6255576610565186,1
42,40,131,1,0,0.4921754002571106,0
42,40,132,1,1,0.621900737285614,1
42,40,133,0,0,0.41331812739372253,1
42,40,134,0,0,0.48180490732192993,1
42,40,135,0,0,0.23409701883792877,1
42,40,136,0,0,0.08201269805431366,1
42,40,137,1,1,0.5257778167724609,1
42,40,138,1,1,0.7439138293266296,1
42,40,139,0,0,0.4048426151275635,1
42,40,140,1,1,0.5239560008049011,1
42,40,141,1,0,0.42189860343933105,0
42,40,142,1,1,0.5511996150016785,1
42,40,143,1,1,0.7048409581184387,1
42,40,144,1,1,0.5292420983314514,1
42,40,145,1,1,0.5363605618476868,1
42,40,146,1,1,0.7727444767951965,1
42,40,147,0,1,0.5243368148803711,0
42,40,148,0,0,0.28101956844329834,1
42,40,149,0,0,0.20457841455936432,1
42,40,150,1,0,0.2811119854450226,0
42,40,151,1,1,0.5592580437660217,1
42,40,152,0,0,0.36941713094711304,1
42,40,153,0,0,0.4643101096153259,1
42,40,154,1,1,0.5059033632278442,1
42,40,155,1,0,0.3793849050998688,0
42,40,156,0,0,0.3619673252105713,1
42,40,157,0,1,0.6686767935752869,0
42,40,158,0,0,0.18022455275058746,1
42,40,159,0,0,0.26152873039245605,1
42,40,160,0,1,0.6541118621826172,0
42,40,161,1,1,0.8391827344894409,1
42,40,162,1,0,0.40402257442474365,0
42,40,163,1,0,0.37634503841400146,0
42,40,164,1,1,0.5537074208259583,1
42,40,165,1,1,0.5991563200950623,1
42,40,166,1,1,0.5378013253211975,1
42,40,167,0,0,0.2572973072528839,1
42,40,168,1,0,0.2698496878147125,0
42,40,169,0,0,0.4296661615371704,1
42,40,170,1,1,0.6056778430938721,1
42,40,171,1,0,0.16208350658416748,0
42,40,172,0,0,0.48623764514923096,1
42,40,173,1,1,0.500208854675293,1
42,40,174,0,0,0.09658283740282059,1
42,40,175,0,1,0.6073570847511292,0
42,40,176,1,1,0.5757230520248413,1
42,40,177,1,0,0.4055207073688507,0
42,40,178,1,1,0.8106356263160706,1
42,40,179,0,0,0.16058647632598877,1
42,40,180,0,0,0.2749670743942261,1
42,40,181,1,0,0.26842162013053894,0
42,40,182,0,1,0.527951717376709,0
42,40,183,0,0,0.20381328463554382,1
42,40,184,0,0,0.46319493651390076,1
42,40,185,0,0,0.4577997326850891,1
42,40,186,0,1,0.6285709738731384,0
42,40,187,1,0,0.48968881368637085,0
42,40,188,1,1,0.8149750232696533,1
42,40,189,0,0,0.43772822618484497,1
42,40,190,0,1,0.5648219585418701,0
42,40,191,0,1,0.6176506876945496,0
42,40,192,0,1,0.5326887369155884,0
42,40,193,1,0,0.45896440744400024,0
42,40,194,0,0,0.38442686200141907,1
42,40,195,0,1,0.6551703810691833,0
42,40,196,0,0,0.4505038857460022,1
42,40,197,1,1,0.5492575168609619,1
42,40,198,0,0,0.201214000582695,1
42,40,199,0,0,0.34374961256980896,1
42,40,200,1,0,0.4363771378993988,0
42,40,201,0,0,0.27684539556503296,1
42,40,202,0,0,0.2289268523454666,1
42,40,203,0,1,0.6051203608512878,0
42,40,204,1,1,0.5097358226776123,1
42,40,205,1,0,0.389203280210495,0
42,40,206,1,0,0.378533273935318,0
42,40,207,0,1,0.662908673286438,0
42,40,208,0,0,0.4702940285205841,1
42,40,209,0,1,0.7029445171356201,0
42,40,210,1,1,0.6184993982315063,1
42,40,211,1,0,0.28080135583877563,0
42,40,212,1,1,0.6832612752914429,1
42,40,213,0,0,0.44821739196777344,1
42,40,214,0,0,0.09491542726755142,1
42,40,215,0,0,0.3239744305610657,1
42,40,216,1,0,0.36586254835128784,0
42,40,217,0,0,0.34135445952415466,1
42,40,218,1,0,0.3577774465084076,0
42,40,219,1,0,0.3907192349433899,0
42,40,220,1,0,0.4489794075489044,0
42,40,221,1,1,0.7615652680397034,1
42,40,222,1,0,0.4925016164779663,0
42,40,223,1,1,0.6131059527397156,1
42,40,224,1,0,0.2978585958480835,0
42,40,225,0,0,0.45171770453453064,1
42,40,226,1,1,0.5142160654067993,1
42,40,227,0,1,0.6474071145057678,0
42,40,228,0,0,0.12057537585496902,1
42,40,229,0,0,0.490304172039032,1
42,40,230,1,0,0.4867389500141144,0
42,40,231,0,1,0.6516903638839722,0
42,40,232,1,1,0.570177435874939,1
42,40,233,1,0,0.38070765137672424,0
42,40,234,1,1,0.6068404316902161,1
42,40,235,0,0,0.2136182337999344,1
42,40,236,1,1,0.721628725528717,1
42,40,237,1,1,0.6809512376785278,1
42,40,238,0,1,0.5100570917129517,0
42,40,239,0,1,0.5558945536613464,0
42,40,240,0,1,0.7570944428443909,0
42,40,241,1,0,0.47628387808799744,0
42,40,242,1,0,0.16813160479068756,0
42,40,243,0,1,0.6291710734367371,0
42,40,244,1,1,0.7821808457374573,1
42,40,245,1,1,0.9168065190315247,1
42,40,246,0,1,0.548978328704834,0
42,40,247,1,1,0.5370312929153442,1
42,40,248,1,1,0.549079954624176,1
42,40,249,1,0,0.4889358878135681,0
42,40,250,1,1,0.5483666062355042,1
42,40,251,1,1,0.8318277597427368,1
42,40,252,0,0,0.21403086185455322,1
42,40,253,1,1,0.8425877094268799,1
42,40,254,0,0,0.12014815956354141,1
42,40,255,1,1,0.5248594284057617,1
42,40,256,0,1,0.7181094288825989,0
42,40,257,0,0,0.17774201929569244,1
42,40,258,0,1,0.5660449862480164,0
42,40,259,0,1,0.5473251938819885,0
42,40,260,0,0,0.23403482139110565,1
42,40,261,0,1,0.6915748715400696,0
42,40,262,1,1,0.7530981302261353,1
42,40,263,1,1,0.6953228712081909,1
42,40,264,1,0,0.33571627736091614,0
42,40,265,0,1,0.6571719646453857,0
42,40,266,1,1,0.6858590841293335,1
42,40,267,1,0,0.036543816328048706,0
42,40,268,1,1,0.7062168121337891,1
42,40,269,0,0,0.28164786100387573,1
42,40,270,1,0,0.4983682334423065,0
42,40,271,0,0,0.4783618748188019,1
42,40,272,0,0,0.413539320230484,1
42,40,273,1,1,0.5290837287902832,1
42,40,274,1,1,0.6761202812194824,1
42,40,275,0,1,0.5268282890319824,0
42,40,276,0,0,0.35350140929222107,1
42,40,277,1,1,0.6228550672531128,1
42,40,278,0,0,0.036620549857616425,1
42,40,279,0,0,0.3327358663082123,1
42,40,280,1,1,0.7636353373527527,1
42,40,281,0,0,0.06348565220832825,1
42,40,282,0,0,0.44122859835624695,1
42,40,283,0,0,0.4693452715873718,1
42,40,284,1,1,0.5492895245552063,1
42,40,285,0,0,0.3264422118663788,1
42,40,286,0,1,0.5924385190010071,0
42,40,287,1,1,0.5872183442115784,1
42,40,288,1,0,0.40362492203712463,0
42,40,289,0,0,0.43247851729393005,1
42,40,290,0,0,0.3281375467777252,1
42,40,291,1,1,0.8668491840362549,1
42,40,292,1,1,0.5153464078903198,1
42,40,293,1,1,0.6982143521308899,1
42,40,294,0,0,0.3305443227291107,1
42,40,295,1,1,0.5833917260169983,1
42,40,296,0,1,0.8325579166412354,0
42,40,297,1,1,0.8292974829673767,1
42,40,298,1,1,0.8584074974060059,1
42,40,299,1,1,0.602733314037323,1
42,40,300,0,1,0.8047081828117371,0
42,40,301,1,0,0.42236387729644775,0
42,40,302,1,1,0.6211087703704834,1
42,40,303,0,0,0.41922473907470703,1
42,40,304,1,1,0.6973481178283691,1
42,40,305,0,1,0.540116012096405,0
42,40,306,0,0,0.2948548495769501,1
42,40,307,0,0,0.27385661005973816,1
42,40,308,0,0,0.40691956877708435,1
42,40,309,0,0,0.13596390187740326,1
42,40,310,0,0,0.1312449425458908,1
42,40,311,0,0,0.4076308310031891,1
42,40,312,0,1,0.5801279544830322,0
42,40,313,0,0,0.07756469398736954,1
42,40,314,0,0,0.41479387879371643,1
42,40,315,0,1,0.7270438075065613,0
42,50,0,0,1,0.6015661954879761,0
42,50,1,1,0,0.1539684385061264,0
42,50,2,0,1,0.5026139616966248,0
42,50,3,1,1,0.527935266494751,1
42,50,4,0,0,0.36268550157546997,1
42,50,5,1,0,0.34477734565734863,0
42,50,6,0,1,0.5520064234733582,0
42,50,7,1,0,0.3739229440689087,0
42,50,8,0,1,0.650206983089447,0
42,50,9,0,0,0.345551460981369,1
42,50,10,1,0,0.19108456373214722,0
42,50,11,1,1,0.6246219873428345,1
42,50,12,0,0,0.4475967586040497,1
42,50,13,0,0,0.19921858608722687,1
42,50,14,1,0,0.28793948888778687,0
42,50,15,1,1,0.6586173176765442,1
42,50,16,1,0,0.37426769733428955,0
42,50,17,0,0,0.27224671840667725,1
42,50,18,0,1,0.5998114347457886,0
42,50,19,1,1,0.5744451880455017,1
42,50,20,0,1,0.6003836989402771,0
42,50,21,0,0,0.1229964941740036,1
42,50,22,1,1,0.6620462536811829,1
42,50,23,0,0,0.4257540702819824,1
42,50,24,1,1,0.5847592949867249,1
42,50,25,0,0,0.4275011420249939,1
42,50,26,0,1,0.5977243185043335,0
42,50,27,0,1,0.6728846430778503,0
42,50,28,0,0,0.4570994973182678,1
42,50,29,0,1,0.9022653102874756,0
42,50,30,0,1,0.9132238626480103,0
42,50,31,0,0,0.278581440448761,1
42,50,32,1,1,0.6602818369865417,1
42,50,33,1,0,0.3597469627857208,0
42,50,34,1,1,0.6719130277633667,1
42,50,35,1,0,0.4227845072746277,0
42,50,36,1,0,0.3624380826950073,0
42,50,37,1,0,0.040237076580524445,0
42,50,38,0,1,0.5779240727424622,0
42,50,39,1,1,0.6195444464683533,1
42,50,40,0,1,0.6844553351402283,0
42,50,41,1,0,0.20714734494686127,0
42,50,42,0,0,0.3657192587852478,1
42,50,43,0,0,0.37651875615119934,1
42,50,44,1,1,0.762320876121521,1
42,50,45,0,0,0.49894607067108154,1
42,50,46,1,0,0.3405868113040924,0
42,50,47,1,1,0.5950546264648438,1
42,50,48,0,0,0.18124790489673615,1
42,50,49,1,0,0.08951723575592041,0
42,50,50,1,1,0.5939889550209045,1
42,50,51,0,1,0.6292273998260498,0
42,50,52,0,1,0.508098840713501,0
42,50,53,1,0,0.4905353784561157,0
42,50,54,0,0,0.32947036623954773,1
42,50,55,0,0,0.17044028639793396,1
42,50,56,1,1,0.5257083773612976,1
42,50,57,0,1,0.6401476860046387,0
42,50,58,1,1,0.5930685997009277,1
42,50,59,0,0,0.4275827705860138,1
42,50,60,1,0,0.20563219487667084,0
42,50,61,0,1,0.6614075899124146,0
42,50,62,0,1,0.5707221031188965,0
42,50,63,1,1,0.6266883015632629,1
42,50,64,0,1,0.5791917443275452,0
42,50,65,0,1,0.6516126394271851,0
42,50,66,0,1,0.5523757338523865,0
42,50,67,0,1,0.6819291710853577,0
42,50,68,0,1,0.6852223873138428,0
42,50,69,1,0,0.49028366804122925,0
42,50,70,0,0,0.4161394238471985,1
42,50,71,1,1,0.5019300580024719,1
42,50,72,0,1,0.7281177043914795,0
42,50,73,0,0,0.47044435143470764,1
42,50,74,0,1,0.6830976605415344,0
42,50,75,0,1,0.5326139330863953,0
42,50,76,0,0,0.46910443902015686,1
42,50,77,1,0,0.35910722613334656,0
42,50,78,1,1,0.6625775694847107,1
42,50,79,1,0,0.4008111357688904,0
42,50,80,0,1,0.6711935997009277,0
42,50,81,1,1,0.5199921131134033,1
42,50,82,0,0,0.23177149891853333,1
42,50,83,1,1,0.6964289546012878,1
42,50,84,1,0,0.47908371686935425,0
42,50,85,1,1,0.7253721356391907,1
42,50,86,1,1,0.7502039670944214,1
42,50,87,1,1,0.5837490558624268,1
42,50,88,1,1,0.6681771874427795,1
42,50,89,1,0,0.31400927901268005,0
42,50,90,1,1,0.7728166580200195,1
42,50,91,1,1,0.5159047245979309,1
42,50,92,0,0,0.21795983612537384,1
42,50,93,0,0,0.30023178458213806,1
42,50,94,0,1,0.8400344848632812,0
42,50,95,0,1,0.5400890707969666,0
42,50,96,1,0,0.35932642221450806,0
42,50,97,1,0,0.36752286553382874,0
42,50,98,1,0,0.46020573377609253,0
42,50,99,0,1,0.6699574589729309,0
42,50,100,1,1,0.5677674412727356,1
42,50,101,1,1,0.6286689639091492,1
42,50,102,1,1,0.6193064451217651,1
42,50,103,0,0,0.1231662705540657,1
42,50,104,1,1,0.5098990201950073,1
42,50,105,0,0,0.3360618054866791,1
42,50,106,1,1,0.626234233379364,1
42,50,107,1,1,0.5831514596939087,1
42,50,108,1,1,0.5163325667381287,1
42,50,109,0,1,0.5114743709564209,0
42,50,110,1,0,0.4603855609893799,0
42,50,111,0,1,0.6296514868736267,0
42,50,112,1,1,0.6862539052963257,1
42,50,113,0,0,0.1518009752035141,1
42,50,114,0,0,0.3146762549877167,1
42,50,115,0,1,0.6138536930084229,0
42,50,116,1,0,0.38886961340904236,0
42,50,117,0,0,0.0710396096110344,1
42,50,118,0,0,0.48733678460121155,1
42,50,119,1,1,0.9045993089675903,1
42,50,120,1,1,0.6770442128181458,1
42,50,121,1,1,0.7704867720603943,1
42,50,122,1,1,0.625200629234314,1
42,50,123,0,0,0.20013104379177094,1
42,50,124,1,0,0.346125990152359,0
42,50,125,1,0,0.37242528796195984,0
42,50,126,0,1,0.5683899521827698,0
42,50,127,0,1,0.7860503196716309,0
42,50,128,1,1,0.5694489479064941,1
42,50,129,1,0,0.3204578459262848,0
42,50,130,1,1,0.6669800877571106,1
42,50,131,1,1,0.5160159468650818,1
42,50,132,1,1,0.684822678565979,1
42,50,133,0,0,0.43094849586486816,1
42,50,134,0,1,0.5267254710197449,0
42,50,135,0,0,0.20781198143959045,1
42,50,136,0,0,0.056348688900470734,1
42,50,137,1,1,0.5276196002960205,1
42,50,138,1,1,0.7429859042167664,1
42,50,139,0,0,0.38851937651634216,1
42,50,140,1,1,0.5396272540092468,1
42,50,141,1,0,0.39105597138404846,0
42,50,142,1,1,0.5758867859840393,1
42,50,143,1,1,0.7497549057006836,1
42,50,144,1,1,0.5541093945503235,1
42,50,145,1,1,0.5725041031837463,1
42,50,146,1,1,0.8070841431617737,1
42,50,147,0,1,0.5190747380256653,0
42,50,148,0,0,0.2793527841567993,1
42,50,149,0,0,0.1975797414779663,1
42,50,150,1,0,0.33424603939056396,0
42,50,151,1,1,0.563778817653656,1
42,50,152,0,0,0.39175674319267273,1
42,50,153,0,0,0.49928271770477295,1
42,50,154,1,1,0.5533577799797058,1
42,50,155,1,0,0.4138612151145935,0
42,50,156,0,0,0.3480304777622223,1
42,50,157,0,1,0.70071941614151,0
42,50,158,0,0,0.17923638224601746,1
42,50,159,0,0,0.23846928775310516,1
42,50,160,0,1,0.6975898146629333,0
42,50,161,1,1,0.8915742635726929,1
42,50,162,1,0,0.3529396653175354,0
42,50,163,1,0,0.41828784346580505,0
42,50,164,1,1,0.5317779779434204,1
42,50,165,1,1,0.5972778797149658,1
42,50,166,1,1,0.5377613306045532,1
42,50,167,0,0,0.2238733172416687,1
42,50,168,1,0,0.3153611421585083,0
42,50,169,0,0,0.4360666275024414,1
42,50,170,1,1,0.595106303691864,1
42,50,171,1,0,0.15452881157398224,0
42,50,172,0,0,0.4403238296508789,1
42,50,173,1,1,0.5241308808326721,1
42,50,174,0,0,0.06176610663533211,1
42,50,175,0,1,0.6033356785774231,0
42,50,176,1,1,0.5363484025001526,1
42,50,177,1,0,0.43022775650024414,0
42,50,178,1,1,0.8045626878738403,1
42,50,179,0,0,0.14656417071819305,1
42,50,180,0,0,0.2751652002334595,1
42,50,181,1,0,0.36407554149627686,0
42,50,182,0,1,0.5153326392173767,0
42,50,183,0,0,0.20452848076820374,1
42,50,184,0,0,0.49632418155670166,1
42,50,185,0,0,0.4897143542766571,1
42,50,186,0,1,0.6724584102630615,0
42,50,187,1,0,0.4928436577320099,0
42,50,188,1,1,0.7712461352348328,1
42,50,189,0,0,0.43694454431533813,1
42,50,190,0,1,0.6564636826515198,0
42,50,191,0,1,0.6492189168930054,0
42,50,192,0,1,0.5517750978469849,0
42,50,193,1,0,0.47197332978248596,0
42,50,194,0,0,0.4033801555633545,1
42,50,195,0,1,0.6845445036888123,0
42,50,196,0,1,0.5214856863021851,0
42,50,197,1,1,0.5697384476661682,1
42,50,198,0,0,0.17824293673038483,1
42,50,199,0,0,0.3746751844882965,1
42,50,200,1,0,0.42849111557006836,0
42,50,201,0,0,0.2645242512226105,1
42,50,202,0,0,0.22742101550102234,1
42,50,203,0,1,0.6097130179405212,0
42,50,204,1,1,0.5481983423233032,1
42,50,205,1,0,0.3806503415107727,0
42,50,206,1,0,0.35145318508148193,0
42,50,207,0,1,0.6974263191223145,0
42,50,208,0,1,0.5544139742851257,0
42,50,209,0,1,0.6743075251579285,0
42,50,210,1,1,0.6455660462379456,1
42,50,211,1,0,0.2559230923652649,0
42,50,212,1,1,0.6800695657730103,1
42,50,213,0,1,0.5256074666976929,0
42,50,214,0,0,0.09201031178236008,1
42,50,215,0,0,0.3339592516422272,1
42,50,216,1,0,0.37091878056526184,0
42,50,217,0,0,0.34756404161453247,1
42,50,218,1,1,0.586287796497345,1
42,50,219,1,0,0.4048587679862976,0
42,50,220,1,0,0.42487066984176636,0
42,50,221,1,1,0.7252863049507141,1
42,50,222,1,0,0.4897257387638092,0
42,50,223,1,1,0.643856942653656,1
42,50,224,1,0,0.3220774233341217,0
42,50,225,0,0,0.4384228587150574,1
42,50,226,1,1,0.5672838687896729,1
42,50,227,0,1,0.6691046953201294,0
42,50,228,0,0,0.11590536683797836,1
42,50,229,0,0,0.4844270646572113,1
42,50,230,1,1,0.5008059144020081,1
42,50,231,0,1,0.6717038750648499,0
42,50,232,1,1,0.572272002696991,1
42,50,233,1,0,0.3662256896495819,0
42,50,234,1,1,0.6394397616386414,1
42,50,235,0,0,0.20868544280529022,1
42,50,236,1,1,0.7428764700889587,1
42,50,237,1,1,0.700823187828064,1
42,50,238,0,0,0.48949337005615234,1
42,50,239,0,1,0.5863397717475891,0
42,50,240,0,1,0.7961775660514832,0
42,50,241,1,0,0.4550510048866272,0
42,50,242,1,0,0.15529108047485352,0
42,50,243,0,1,0.6456215977668762,0
42,50,244,1,1,0.8126664757728577,1
42,50,245,1,1,0.9093011617660522,1
42,50,246,0,1,0.5404627919197083,0
42,50,247,1,1,0.5819688439369202,1
42,50,248,1,1,0.5286629796028137,1
42,50,249,1,1,0.5181442499160767,1
42,50,250,1,1,0.59087073802948,1
42,50,251,1,1,0.8593912124633789,1
42,50,252,0,0,0.2051628977060318,1
42,50,253,1,1,0.8349453806877136,1
42,50,254,0,0,0.12456227838993073,1
42,50,255,1,1,0.5187729001045227,1
42,50,256,0,1,0.7482320070266724,0
42,50,257,0,0,0.16414061188697815,1
42,50,258,0,1,0.5901591777801514,0
42,50,259,0,1,0.5516095757484436,0
42,50,260,0,0,0.2110576331615448,1
42,50,261,0,1,0.7320405840873718,0
42,50,262,1,1,0.7946919798851013,1
42,50,263,1,1,0.692837655544281,1
42,50,264,1,0,0.33075544238090515,0
42,50,265,0,1,0.600181519985199,0
42,50,266,1,1,0.660528302192688,1
42,50,267,1,0,0.03888576850295067,0
42,50,268,1,1,0.7691429257392883,1
42,50,269,0,0,0.2897301912307739,1
42,50,270,1,1,0.5307129621505737,1
42,50,271,0,1,0.5094646215438843,0
42,50,272,0,0,0.4255606532096863,1
42,50,273,1,1,0.5004868507385254,1
42,50,274,1,1,0.7190186381340027,1
42,50,275,0,1,0.5138450264930725,0
42,50,276,0,0,0.26853230595588684,1
42,50,277,1,1,0.6713780760765076,1
42,50,278,0,0,0.040276311337947845,1
42,50,279,0,0,0.33741357922554016,1
42,50,280,1,1,0.776547908782959,1
42,50,281,0,0,0.05578209087252617,1
42,50,282,0,0,0.4770691394805908,1
42,50,283,0,0,0.4443615972995758,1
42,50,284,1,1,0.5467052459716797,1
42,50,285,0,0,0.3096112310886383,1
42,50,286,0,1,0.645928144454956,0
42,50,287,1,1,0.6034060716629028,1
42,50,288,1,0,0.4160347878932953,0
42,50,289,0,0,0.4065626859664917,1
42,50,290,0,0,0.2916644215583801,1
42,50,291,1,1,0.8613764047622681,1
42,50,292,1,1,0.528032660484314,1
42,50,293,1,1,0.7251222729682922,1
42,50,294,0,0,0.32095175981521606,1
42,50,295,1,1,0.5838931202888489,1
42,50,296,0,1,0.834179162979126,0
42,50,297,1,1,0.8304989337921143,1
42,50,298,1,1,0.9047443866729736,1
42,50,299,1,1,0.6468847393989563,1
42,50,300,0,1,0.7969213724136353,0
42,50,301,1,0,0.43336760997772217,0
42,50,302,1,1,0.6135460734367371,1
42,50,303,0,0,0.4461385905742645,1
42,50,304,1,1,0.7350472211837769,1
42,50,305,0,1,0.5765531659126282,0
42,50,306,0,0,0.28333428502082825,1
42,50,307,0,0,0.25950244069099426,1
42,50,308,0,0,0.4835350215435028,1
42,50,309,0,0,0.11487571895122528,1
42,50,310,0,0,0.11996591836214066,1
42,50,311,0,0,0.41542741656303406,1
42,50,312,0,1,0.5721906423568726,0
42,50,313,0,0,0.08361945301294327,1
42,50,314,0,0,0.3892878592014313,1
42,50,315,0,1,0.7409165501594543,0
43,20,0,0,1,0.7975229620933533,0
43,20,1,1,0,0.10705922544002533,0
43,20,2,0,0,0.4949114918708801,1
43,20,3,1,1,0.5145979523658752,1
43,20,4,0,1,0.5845345854759216,0
43,20,5,1,0,0.44606563448905945,0
43,20,6,0,1,0.6041085720062256,0
43,20,7,1,0,0.3148881196975708,0
43,20,8,0,1,0.678748369216919,0
43,20,9,0,0,0.3193175196647644,1
43,20,10,1,0,0.24412904679775238,0
43,20,11,1,1,0.5137405395507812,1
43,20,12,0,1,0.5410997271537781,0
43,20,13,0,0,0.35776591300964355,1
43,20,14,1,0,0.36876967549324036,0
43,20,15,1,1,0.5756567120552063,1
43,20,16,1,1,0.5398027300834656,1
43,20,17,0,0,0.3446345627307892,1
43,20,18,0,1,0.5676842331886292,0
43,20,19,1,1,0.6329184770584106,1
43,20,20,0,1,0.5944470763206482,0
43,20,21,0,0,0.2786870300769806,1
43,20,22,1,0,0.48085644841194153,0
43,20,23,0,0,0.3606223464012146,1
43,20,24,1,0,0.40709012746810913,0
43,20,25,0,0,0.37069401144981384,1
43,20,26,0,0,0.1283893883228302,1
43,20,27,0,1,0.6908019185066223,0
43,20,28,0,1,0.5264572501182556,0
43,20,29,0,1,0.8686001300811768,0
43,20,30,0,1,0.8354508280754089,0
43,20,31,0,0,0.16280783712863922,1
43,20,32,1,1,0.6639463901519775,1
43,20,33,1,0,0.4213040769100189,0
43,20,34,1,1,0.6412824392318726,1
43,20,35,1,0,0.44592395424842834,0
43,20,36,1,0,0.41665419936180115,0
43,20,37,1,0,0.20405596494674683,0
43,20,38,0,1,0.6368012428283691,0
43,20,39,1,1,0.7230345606803894,1
43,20,40,0,0,0.4959943890571594,1
43,20,41,1,0,0.24604769051074982,0
43,20,42,0,1,0.5167995095252991,0
43,20,43,0,0,0.23388871550559998,1
43,20,44,1,1,0.7311510443687439,1
43,20,45,0,1,0.5178695917129517,0
43,20,46,1,0,0.4375627338886261,0
43,20,47,1,1,0.5375990271568298,1
43,20,48,0,0,0.33365827798843384,1
43,20,49,1,0,0.2797742187976837,0
43,20,50,1,0,0.468150794506073,0
43,20,51,0,1,0.610965371131897,0
43,20,52,0,0,0.47748997807502747,1
43,20,53,1,1,0.5009906888008118,1
43,20,54,0,0,0.36239323019981384,1
43,20,55,0,0,0.29533353447914124,1
43,20,56,1,1,0.5737204551696777,1
43,20,57,0,1,0.670788586139679,0
43,20,58,1,1,0.5571712255477905,1
43,20,59,0,1,0.5146441459655762,0
43,20,60,1,0,0.41918593645095825,0
43,20,61,0,1,0.6691460013389587,0
43,20,62,0,1,0.6006312966346741,0
43,20,63,1,0,0.4546734094619751,0
43,20,64,0,1,0.6801313161849976,0
43,20,65,0,1,0.6564894914627075,0
43,20,66,0,1,0.5701506733894348,0
43,20,67,0,1,0.535765528678894,0
43,20,68,0,1,0.5596485733985901,0
43,20,69,1,0,0.43557992577552795,0
43,20,70,0,1,0.5086033344268799,0
43,20,71,1,0,0.472279816865921,0
43,20,72,0,1,0.61732417345047,0
43,20,73,0,0,0.4473317563533783,1
43,20,74,0,1,0.7212739586830139,0
43,20,75,0,1,0.5653892755508423,0
43,20,76,0,0,0.4722331464290619,1
43,20,77,1,0,0.4473232924938202,0
43,20,78,1,1,0.6932402849197388,1
43,20,79,1,1,0.5014267563819885,1
43,20,80,0,1,0.6665346622467041,0
43,20,81,1,1,0.5790101289749146,1
43,20,82,0,0,0.3589836061000824,1
43,20,83,1,1,0.732880711555481,1
43,20,84,1,0,0.35578078031539917,0
43,20,85,1,1,0.6938137412071228,1
43,20,86,1,1,0.5945352911949158,1
43,20,87,1,1,0.6850113868713379,1
43,20,88,1,1,0.645700991153717,1
43,20,89,1,0,0.45051929354667664,0
43,20,90,1,1,0.6993961334228516,1
43,20,91,1,1,0.5274813175201416,1
43,20,92,0,0,0.21068844199180603,1
43,20,93,0,0,0.37054282426834106,1
43,20,94,0,1,0.6392982602119446,0
43,20,95,0,1,0.5156391859054565,0
43,20,96,1,0,0.482048362493515,0
43,20,97,1,0,0.4232858419418335,0
43,20,98,1,0,0.3832256495952606,0
43,20,99,0,1,0.5215670466423035,0
43,20,100,1,1,0.5609376430511475,1
43,20,101,1,1,0.5058732032775879,1
43,20,102,1,1,0.6487838625907898,1
43,20,103,0,0,0.17753133177757263,1
43,20,104,1,1,0.6053768992424011,1
43,20,105,0,0,0.362379252910614,1
43,20,106,1,1,0.7595409750938416,1
43,20,107,1,1,0.6350246071815491,1
43,20,108,1,1,0.625444769859314,1
43,20,109,0,1,0.5055211186408997,0
43,20,110,1,0,0.40436801314353943,0
43,20,111,0,1,0.5599891543388367,0
43,20,112,1,1,0.6441037654876709,1
43,20,113,0,0,0.23386579751968384,1
43,20,114,0,0,0.33215415477752686,1
43,20,115,0,1,0.5231797099113464,0
43,20,116,1,1,0.5489278435707092,1
43,20,117,0,0,0.17450322210788727,1
43,20,118,0,1,0.6678509712219238,0
43,20,119,1,1,0.9246395230293274,1
43,20,120,1,1,0.5003200769424438,1
43,20,121,1,1,0.6100915670394897,1
43,20,122,1,1,0.7200077176094055,1
43,20,123,0,0,0.37783074378967285,1
43,20,124,1,0,0.24971017241477966,0
43,20,125,1,0,0.35336795449256897,0
43,20,126,0,1,0.5393877625465393,0
43,20,127,0,1,0.646658182144165,0
43,20,128,1,1,0.5635095834732056,1
43,20,129,1,1,0.507472038269043,1
43,20,130,1,1,0.6048547625541687,1
43,20,131,1,1,0.5956624150276184,1
43,20,132,1,1,0.6170252561569214,1
43,20,133,0,0,0.45500287413597107,1
43,20,134,0,0,0.4833148717880249,1
43,20,135,0,0,0.3539232611656189,1
43,20,136,0,0,0.2640201449394226,1
43,20,137,1,1,0.5540748834609985,1
43,20,138,1,1,0.6054971814155579,1
43,20,139,0,0,0.33691009879112244,1
43,20,140,1,1,0.5109895467758179,1
43,20,141,1,1,0.5389407277107239,1
43,20,142,1,1,0.5821951627731323,1
43,20,143,1,1,0.6664724349975586,1
43,20,144,1,1,0.607543408870697,1
43,20,145,1,0,0.41373953223228455,0
43,20,146,1,1,0.774833083152771,1
43,20,147,0,0,0.4995282292366028,1
43,20,148,0,0,0.41423964500427246,1
43,20,149,0,0,0.30475878715515137,1
43,20,150,1,0,0.40197309851646423,0
43,20,151,1,1,0.6178860068321228,1
43,20,152,0,0,0.29197803139686584,1
43,20,153,0,1,0.5797091722488403,0
43,20,154,1,1,0.5675390362739563,1
43,20,155,1,0,0.33462828397750854,0
43,20,156,0,0,0.3320128917694092,1
43,20,157,0,1,0.6310855150222778,0
43,20,158,0,0,0.38555076718330383,1
43,20,159,0,0,0.18543954193592072,1
43,20,160,0,1,0.6357231140136719,0
43,20,161,1,1,0.8151102066040039,1
43,20,162,1,0,0.43799757957458496,0
43,20,163,1,0,0.4141019284725189,0
43,20,164,1,1,0.7332257032394409,1
43,20,165,1,1,0.5710238814353943,1
43,20,166,1,1,0.5732526779174805,1
43,20,167,0,0,0.2607344388961792,1
43,20,168,1,0,0.2551419734954834,0
43,20,169,0,0,0.47314104437828064,1
43,20,170,1,1,0.6177026033401489,1
43,20,171,1,0,0.27534788846969604,0
43,20,172,0,0,0.43514329195022583,1
43,20,173,1,0,0.43998149037361145,0
43,20,174,0,0,0.1155020147562027,1
43,20,175,0,0,0.4586670994758606,1
43,20,176,1,1,0.6770023703575134,1
43,20,177,1,0,0.4174202084541321,0
43,20,178,1,1,0.6381792426109314,1
43,20,179,0,0,0.28189006447792053,1
43,20,180,0,0,0.4530974328517914,1
43,20,181,1,1,0.5117200613021851,1
43,20,182,0,1,0.5100418329238892,0
43,20,183,0,0,0.21730150282382965,1
43,20,184,0,0,0.37275269627571106,1
43,20,185,0,1,0.5448014140129089,0
43,20,186,0,1,0.6245554685592651,0
43,20,187,1,1,0.7408778071403503,1
43,20,188,1,1,0.816586434841156,1
43,20,189,0,0,0.4900166690349579,1
43,20,190,0,1,0.7922983765602112,0
43,20,191,0,1,0.5273309350013733,0
43,20,192,0,1,0.5649206638336182,0
43,20,193,1,0,0.40235286951065063,0
43,20,194,0,0,0.36930036544799805,1
43,20,195,0,0,0.45327484607696533,1
43,20,196,0,1,0.518189013004303,0
43,20,197,1,1,0.6025495529174805,1
43,20,198,0,0,0.2018022984266281,1
43,20,199,0,0,0.39570650458335876,1
43,20,200,1,0,0.41127336025238037,0
43,20,201,0,0,0.31338754296302795,1
43,20,202,0,0,0.3171249032020569,1
43,20,203,0,0,0.43220457434654236,1
43,20,204,1,1,0.6013150215148926,1
43,20,205,1,0,0.29382774233818054,0
43,20,206,1,0,0.33726799488067627,0
43,20,207,0,1,0.6516717672348022,0
43,20,208,0,0,0.4033817648887634,1
43,20,209,0,0,0.49752238392829895,1
43,20,210,1,1,0.6860999464988708,1
43,20,211,1,0,0.36783841252326965,0
43,20,212,1,1,0.6105322241783142,1
43,20,213,0,1,0.560727059841156,0
43,20,214,0,0,0.29023879766464233,1
43,20,215,0,1,0.5428403615951538,0
43,20,216,1,0,0.32785531878471375,0
43,20,217,0,0,0.4848659932613373,1
43,20,218,1,1,0.6949055790901184,1
43,20,219,1,1,0.6420029997825623,1
43,20,220,1,1,0.7195067405700684,1
43,20,221,1,1,0.6799368858337402,1
43,20,222,1,1,0.5151331424713135,1
43,20,223,1,1,0.696974515914917,1
43,20,224,1,0,0.37352609634399414,0
43,20,225,0,1,0.7060973048210144,0
43,20,226,1,1,0.539821445941925,1
43,20,227,0,1,0.5820910334587097,0
43,20,228,0,0,0.30462706089019775,1
43,20,229,0,1,0.6066582202911377,0
43,20,230,1,0,0.47090232372283936,0
43,20,231,0,1,0.5996401309967041,0
43,20,232,1,1,0.5906728506088257,1
43,20,233,1,0,0.36864230036735535,0
43,20,234,1,1,0.5855687856674194,1
43,20,235,0,0,0.24539285898208618,1
43,20,236,1,1,0.6901240348815918,1
43,20,237,1,1,0.6148892641067505,1
43,20,238,0,1,0.562674343585968,0
43,20,239,0,0,0.4665536880493164,1
43,20,240,0,1,0.7015263438224792,0
43,20,241,1,1,0.517898678779602,1
43,20,242,1,0,0.33740124106407166,0
43,20,243,0,1,0.7403413653373718,0
43,20,244,1,1,0.8213098049163818,1
43,20,245,1,1,0.7048039436340332,1
43,20,246,0,1,0.5777605175971985,0
43,20,247,1,1,0.547208845615387,1
43,20,248,1,1,0.7375546097755432,1
43,20,249,1,0,0.31921011209487915,0
43,20,250,1,1,0.5095890164375305,1
43,20,251,1,1,0.7676870822906494,1
43,20,252,0,0,0.29499611258506775,1
43,20,253,1,1,0.7469807863235474,1
43,20,254,0,0,0.16945819556713104,1
43,20,255,1,1,0.5005264282226562,1
43,20,256,0,1,0.6732563972473145,0
43,20,257,0,0,0.2980373501777649,1
43,20,258,0,1,0.7026941180229187,0
43,20,259,0,1,0.5844383239746094,0
43,20,260,0,0,0.3052010238170624,1
43,20,261,0,1,0.5978575944900513,0
43,20,262,1,1,0.6962993144989014,1
43,20,263,1,1,0.6551561951637268,1
43,20,264,1,0,0.4259990155696869,0
43,20,265,0,1,0.6975833773612976,0
43,20,266,1,1,0.7644408345222473,1
43,20,267,1,0,0.06553541868925095,0
43,20,268,1,1,0.79257732629776,1
43,20,269,0,0,0.40519821643829346,1
43,20,270,1,1,0.6318615078926086,1
43,20,271,0,1,0.5566794872283936,0
43,20,272,0,0,0.3144848048686981,1
43,20,273,1,1,0.5795551538467407,1
43,20,274,1,1,0.5897315144538879,1
43,20,275,0,1,0.5095873475074768,0
43,20,276,0,0,0.3505418300628662,1
43,20,277,1,1,0.6685130596160889,1
43,20,278,0,0,0.14005784690380096,1
43,20,279,0,0,0.31452956795692444,1
43,20,280,1,1,0.8038314580917358,1
43,20,281,0,0,0.14929988980293274,1
43,20,282,0,0,0.38609981536865234,1
43,20,283,0,0,0.3804912865161896,1
43,20,284,1,1,0.5563151836395264,1
43,20,285,0,0,0.4590875804424286,1
43,20,286,0,1,0.5662152767181396,0
43,20,287,1,1,0.5382828712463379,1
43,20,288,1,1,0.5118352770805359,1
43,20,289,0,0,0.4609372019767761,1
43,20,290,0,0,0.2709071636199951,1
43,20,291,1,0,0.4316498935222626,0
43,20,292,1,1,0.567720890045166,1
43,20,293,1,1,0.6889093518257141,1
43,20,294,0,0,0.36007341742515564,1
43,20,295,1,1,0.553784966468811,1
43,20,296,0,1,0.8030387759208679,0
43,20,297,1,1,0.6460815072059631,1
43,20,298,1,1,0.9119873046875,1
43,20,299,1,1,0.5464542508125305,1
43,20,300,0,1,0.7222107648849487,0
43,20,301,1,0,0.42192474007606506,0
43,20,302,1,1,0.6143653988838196,1
43,20,303,0,0,0.43957045674324036,1
43,20,304,1,1,0.7752111554145813,1
43,20,305,0,0,0.4121665954589844,1
43,20,306,0,0,0.4385617971420288,1
43,20,307,0,0,0.3697364032268524,1
43,20,308,0,0,0.289244145154953,1
43,20,309,0,0,0.30076465010643005,1
43,20,310,0,0,0.17963215708732605,1
43,20,311,0,1,0.548933207988739,0
43,20,312,0,1,0.5994681119918823,0
43,20,313,0,0,0.14454349875450134,1
43,20,314,0,1,0.5198841691017151,0
43,20,315,0,1,0.5707215070724487,0
43,30,0,0,1,0.8075841069221497,0
43,30,1,1,0,0.09568102657794952,0
43,30,2,0,0,0.47811219096183777,1
43,30,3,1,0,0.47654834389686584,0
43,30,4,0,1,0.5275025367736816,0
43,30,5,1,0,0.39589035511016846,0
43,30,6,0,1,0.6011540293693542,0
43,30,7,1,0,0.2702192962169647,0
43,30,8,0,1,0.7216691970825195,0
43,30,9,0,0,0.299465537071228,1
43,30,10,1,0,0.21279017627239227,0
43,30,11,1,1,0.5623942017555237,1
43,30,12,0,1,0.5288814306259155,0
43,30,13,0,0,0.32882100343704224,1
43,30,14,1,0,0.3875975012779236,0
43,30,15,1,1,0.5889419913291931,1
43,30,16,1,1,0.5464077591896057,1
43,30,17,0,0,0.3138805627822876,1
43,30,18,0,1,0.5864584445953369,0
43,30,19,1,1,0.6458511352539062,1
43,30,20,0,1,0.5992564558982849,0
43,30,21,0,0,0.22488270699977875,1
43,30,22,1,0,0.47478702664375305,0
43,30,23,0,0,0.38107436895370483,1
43,30,24,1,0,0.4731951355934143,0
43,30,25,0,0,0.37270376086235046,1
43,30,26,0,0,0.18264372646808624,1
43,30,27,0,1,0.6898651123046875,0
43,30,28,0,0,0.4790990352630615,1
43,30,29,0,1,0.8975092768669128,0
43,30,30,0,1,0.7579631209373474,0
43,30,31,0,0,0.23312917351722717,1
43,30,32,1,1,0.6498385667800903,1
43,30,33,1,0,0.38692352175712585,0
43,30,34,1,1,0.6606501340866089,1
43,30,35,1,0,0.42182818055152893,0
43,30,36,1,0,0.4369725286960602,0
43,30,37,1,0,0.15752261877059937,0
43,30,38,0,1,0.6601986289024353,0
43,30,39,1,1,0.7315138578414917,1
43,30,40,0,1,0.5227187871932983,0
43,30,41,1,0,0.22990567982196808,0
43,30,42,0,1,0.504638671875,0
43,30,43,0,0,0.3077356815338135,1
43,30,44,1,1,0.7197545766830444,1
43,30,45,0,1,0.5433872938156128,0
43,30,46,1,0,0.44058212637901306,0
43,30,47,1,0,0.4915969669818878,0
43,30,48,0,0,0.28368210792541504,1
43,30,49,1,0,0.2946726083755493,0
43,30,50,1,1,0.5061765909194946,1
43,30,51,0,1,0.6368550062179565,0
43,30,52,0,0,0.451174795627594,1
43,30,53,1,1,0.5185524821281433,1
43,30,54,0,0,0.3659825325012207,1
43,30,55,0,0,0.3461706340312958,1
43,30,56,1,1,0.6169629096984863,1
43,30,57,0,1,0.6828285455703735,0
43,30,58,1,1,0.5414268970489502,1
43,30,59,0,1,0.514026403427124,0
43,30,60,1,0,0.37211593985557556,0
43,30,61,0,1,0.7042887806892395,0
43,30,62,0,1,0.5764350891113281,0
43,30,63,1,1,0.5288731455802917,1
43,30,64,0,1,0.6959822177886963,0
43,30,65,0,1,0.6848714351654053,0
43,30,66,0,1,0.5872689485549927,0
43,30,67,0,1,0.5398484468460083,0
43,30,68,0,1,0.5417273640632629,0
43,30,69,1,0,0.3691297173500061,0
43,30,70,0,0,0.4479546844959259,1
43,30,71,1,0,0.38539600372314453,0
43,30,72,0,1,0.6172618269920349,0
43,30,73,0,0,0.46165990829467773,1
43,30,74,0,1,0.7385533452033997,0
43,30,75,0,1,0.5753748416900635,0
43,30,76,0,0,0.49265941977500916,1
43,30,77,1,0,0.4392598867416382,0
43,30,78,1,1,0.7229962348937988,1
43,30,79,1,0,0.4944944977760315,0
43,30,80,0,1,0.6667196154594421,0
43,30,81,1,1,0.525411069393158,1
43,30,82,0,0,0.3391348719596863,1
43,30,83,1,1,0.7402364611625671,1
43,30,84,1,0,0.37435027956962585,0
43,30,85,1,1,0.7131901383399963,1
43,30,86,1,1,0.5975777506828308,1
43,30,87,1,1,0.7025074362754822,1
43,30,88,1,1,0.6469377875328064,1
43,30,89,1,0,0.47672170400619507,0
43,30,90,1,1,0.6727059483528137,1
43,30,91,1,1,0.5212671756744385,1
43,30,92,0,0,0.2217777818441391,1
43,30,93,0,0,0.34950461983680725,1
43,30,94,0,1,0.6324120163917542,0
43,30,95,0,1,0.5351120233535767,0
43,30,96,1,0,0.45017746090888977,0
43,30,97,1,0,0.4187324345111847,0
43,30,98,1,0,0.3882540762424469,0
43,30,99,0,1,0.5426828265190125,0
43,30,100,1,1,0.5964211225509644,1
43,30,101,1,0,0.48477333784103394,0
43,30,102,1,1,0.6623308062553406,1
43,30,103,0,0,0.14149200916290283,1
43,30,104,1,1,0.5943371057510376,1
43,30,105,0,0,0.393793523311615,1
43,30,106,1,1,0.7724762558937073,1
43,30,107,1,1,0.6524094939231873,1
43,30,108,1,1,0.6200414896011353,1
43,30,109,0,1,0.5601382255554199,0
43,30,110,1,0,0.3708803057670593,0
43,30,111,0,1,0.5254051685333252,0
43,30,112,1,1,0.6381916403770447,1
43,30,113,0,0,0.26360735297203064,1
43,30,114,0,0,0.29308414459228516,1
43,30,115,0,0,0.4905185103416443,1
43,30,116,1,1,0.5774549841880798,1
43,30,117,0,0,0.10781993716955185,1
43,30,118,0,1,0.6993449330329895,0
43,30,119,1,1,0.913310170173645,1
43,30,120,1,1,0.5453815460205078,1
43,30,121,1,1,0.603819727897644,1
43,30,122,1,1,0.7496293187141418,1
43,30,123,0,0,0.38249531388282776,1
43,30,124,1,0,0.22051984071731567,0
43,30,125,1,0,0.3272751271724701,0
43,30,126,0,1,0.5737568140029907,0
43,30,127,0,1,0.6389070749282837,0
43,30,128,1,1,0.5744665861129761,1
43,30,129,1,1,0.5513446927070618,1
43,30,130,1,1,0.6183407306671143,1
43,30,131,1,1,0.5886406898498535,1
43,30,132,1,1,0.6591111421585083,1
43,30,133,0,0,0.4721831977367401,1
43,30,134,0,0,0.4792134761810303,1
43,30,135,0,0,0.2721850574016571,1
43,30,136,0,0,0.24628563225269318,1
43,30,137,1,1,0.5484642386436462,1
43,30,138,1,1,0.6284090876579285,1
43,30,139,0,0,0.37494194507598877,1
43,30,140,1,0,0.49585631489753723,0
43,30,141,1,1,0.5340118408203125,1
43,30,142,1,1,0.5548995137214661,1
43,30,143,1,1,0.718029797077179,1
43,30,144,1,1,0.5964422225952148,1
43,30,145,1,0,0.46292993426322937,0
43,30,146,1,1,0.7861348390579224,1
43,30,147,0,1,0.5482410192489624,0
43,30,148,0,0,0.36997532844543457,1
43,30,149,0,0,0.27860933542251587,1
43,30,150,1,0,0.43594515323638916,0
43,30,151,1,1,0.6328808069229126,1
43,30,152,0,0,0.2791103720664978,1
43,30,153,0,1,0.5643031001091003,0
43,30,154,1,1,0.5887068510055542,1
43,30,155,1,0,0.3631632626056671,0
43,30,156,0,0,0.3303060233592987,1
43,30,157,0,1,0.669380247592926,0
43,30,158,0,0,0.28181329369544983,1
43,30,159,0,0,0.22704651951789856,1
43,30,160,0,1,0.7155025005340576,0
43,30,161,1,1,0.8946790099143982,1
43,30,162,1,0,0.4458537995815277,0
43,30,163,1,1,0.5375187397003174,1
43,30,164,1,1,0.7741153836250305,1
43,30,165,1,1,0.575594961643219,1
43,30,166,1,1,0.5630542635917664,1
43,30,167,0,0,0.2725531756877899,1
43,30,168,1,0,0.2763124406337738,0
43,30,169,0,0,0.48255908489227295,1
43,30,170,1,1,0.6679442524909973,1
43,30,171,1,0,0.230019673705101,0
43,30,172,0,0,0.40871095657348633,1
43,30,173,1,0,0.4480326473712921,0
43,30,174,0,0,0.11710720509290695,1
43,30,175,0,0,0.4245767891407013,1
43,30,176,1,1,0.717024564743042,1
43,30,177,1,0,0.4006498456001282,0
43,30,178,1,1,0.7017272710800171,1
43,30,179,0,0,0.2478371411561966,1
43,30,180,0,0,0.45099177956581116,1
43,30,181,1,0,0.48774266242980957,0
43,30,182,0,0,0.47614163160324097,1
43,30,183,0,0,0.20734809339046478,1
43,30,184,0,0,0.4122769236564636,1
43,30,185,0,1,0.5121319890022278,0
43,30,186,0,1,0.6214560270309448,0
43,30,187,1,1,0.735093355178833,1
43,30,188,1,1,0.8795403242111206,1
43,30,189,0,0,0.45247307419776917,1
43,30,190,0,1,0.8773038387298584,0
43,30,191,0,1,0.5758904814720154,0
43,30,192,0,1,0.5411641597747803,0
43,30,193,1,0,0.4236077666282654,0
43,30,194,0,0,0.3530697524547577,1
43,30,195,0,0,0.45680946111679077,1
43,30,196,0,1,0.5998492240905762,0
43,30,197,1,1,0.6203881502151489,1
43,30,198,0,0,0.15815369784832,1
43,30,199,0,0,0.36618512868881226,1
43,30,200,1,0,0.41060978174209595,0
43,30,201,0,0,0.3623814284801483,1
43,30,202,0,0,0.3151616156101227,1
43,30,203,0,0,0.4389050602912903,1
43,30,204,1,1,0.5576419830322266,1
43,30,205,1,0,0.3156895637512207,0
43,30,206,1,0,0.28330734372138977,0
43,30,207,0,1,0.6659433841705322,0
43,30,208,0,0,0.43643495440483093,1
43,30,209,0,1,0.5200521945953369,0
43,30,210,1,1,0.6736506819725037,1
43,30,211,1,0,0.3624632656574249,0
43,30,212,1,1,0.6094892024993896,1
43,30,213,0,1,0.5356957316398621,0
43,30,214,0,0,0.24128764867782593,1
43,30,215,0,1,0.5242072939872742,0
43,30,216,1,0,0.308613121509552,0
43,30,217,0,0,0.49319809675216675,1
43,30,218,1,1,0.8389270901679993,1
43,30,219,1,1,0.5702818036079407,1
43,30,220,1,1,0.7539416551589966,1
43,30,221,1,1,0.7170625329017639,1
43,30,222,1,1,0.5353591442108154,1
43,30,223,1,1,0.6906563639640808,1
43,30,224,1,0,0.3560861051082611,0
43,30,225,0,1,0.7026605606079102,0
43,30,226,1,1,0.5158564448356628,1
43,30,227,0,1,0.5607990026473999,0
43,30,228,0,0,0.29261329770088196,1
43,30,229,0,1,0.5969337821006775,0
43,30,230,1,0,0.46304646134376526,0
43,30,231,0,1,0.6104161143302917,0
43,30,232,1,1,0.6406113505363464,1
43,30,233,1,0,0.3567979633808136,0
43,30,234,1,1,0.5649659633636475,1
43,30,235,0,0,0.18783999979496002,1
43,30,236,1,1,0.7040284276008606,1
43,30,237,1,1,0.6677975654602051,1
43,30,238,0,1,0.5339515209197998,0
43,30,239,0,0,0.4563726484775543,1
43,30,240,0,1,0.710980236530304,0
43,30,241,1,0,0.4994542598724365,0
43,30,242,1,0,0.27962160110473633,0
43,30,243,0,1,0.7230472564697266,0
43,30,244,1,1,0.8292945623397827,1
43,30,245,1,1,0.7546420693397522,1
43,30,246,0,1,0.6154643893241882,0
43,30,247,1,1,0.5607637763023376,1
43,30,248,1,1,0.7275867462158203,1
43,30,249,1,0,0.3799965977668762,0
43,30,250,1,1,0.5241422653198242,1
43,30,251,1,1,0.8113161325454712,1
43,30,252,0,0,0.29788511991500854,1
43,30,253,1,1,0.7391989231109619,1
43,30,254,0,0,0.14602839946746826,1
43,30,255,1,1,0.5162670612335205,1
43,30,256,0,1,0.6985973715782166,0
43,30,257,0,0,0.2665179669857025,1
43,30,258,0,1,0.7320052981376648,0
43,30,259,0,1,0.5796719789505005,0
43,30,260,0,0,0.28215935826301575,1
43,30,261,0,1,0.6428452134132385,0
43,30,262,1,1,0.6942715644836426,1
43,30,263,1,1,0.6867004632949829,1
43,30,264,1,0,0.396327406167984,0
43,30,265,0,1,0.7497808337211609,0
43,30,266,1,1,0.8084641695022583,1
43,30,267,1,0,0.05137954279780388,0
43,30,268,1,1,0.8156648278236389,1
43,30,269,0,0,0.3751172423362732,1
43,30,270,1,1,0.6488058567047119,1
43,30,271,0,1,0.5486457943916321,0
43,30,272,0,0,0.3012625277042389,1
43,30,273,1,1,0.5731490850448608,1
43,30,274,1,1,0.6218781471252441,1
43,30,275,0,1,0.5488343238830566,0
43,30,276,0,0,0.38463765382766724,1
43,30,277,1,1,0.6895988583564758,1
43,30,278,0,0,0.1559404730796814,1
43,30,279,0,0,0.315822035074234,1
43,30,280,1,1,0.8178690671920776,1
43,30,281,0,0,0.09159857779741287,1
43,30,282,0,0,0.3884730637073517,1
43,30,283,0,0,0.3934580981731415,1
43,30,284,1,1,0.5595775246620178,1
43,30,285,0,0,0.40733903646469116,1
43,30,286,0,1,0.5757437348365784,0
43,30,287,1,1,0.5867356657981873,1
43,30,288,1,0,0.45280271768569946,0
43,30,289,0,0,0.4638967514038086,1
43,30,290,0,0,0.2659197747707367,1
43,30,291,1,1,0.5385205745697021,1
43,30,292,1,1,0.5451597571372986,1
43,30,293,1,1,0.7034160494804382,1
43,30,294,0,0,0.3380982577800751,1
43,30,295,1,1,0.535579264163971,1
43,30,296,0,1,0.7935147881507874,0
43,30,297,1,1,0.7091774344444275,1
43,30,298,1,1,0.9366777539253235,1
43,30,299,1,1,0.5970897078514099,1
43,30,300,0,1,0.7573095560073853,0
43,30,301,1,0,0.4466842710971832,0
43,30,302,1,1,0.6284249424934387,1
43,30,303,0,0,0.44800394773483276,1
43,30,304,1,1,0.7826167941093445,1
43,30,305,0,0,0.4321156144142151,1
43,30,306,0,0,0.44320401549339294,1
43,30,307,0,0,0.36575958132743835,1
43,30,308,0,0,0.3879995346069336,1
43,30,309,0,0,0.36099696159362793,1
43,30,310,0,0,0.13495250046253204,1
43,30,311,0,1,0.5377643704414368,0
43,30,312,0,1,0.5948288440704346,0
43,30,313,0,0,0.11124075204133987,1
43,30,314,0,1,0.5216844081878662,0
43,30,315,0,1,0.6103612184524536,0
43,40,0,0,1,0.752005398273468,0
43,40,1,1,0,0.09276117384433746,0
43,40,2,0,0,0.478194922208786,1
43,40,3,1,0,0.4333483576774597,0
43,40,4,0,0,0.46746590733528137,1
43,40,5,1,0,0.3692544102668762,0
43,40,6,0,1,0.6062134504318237,0
43,40,7,1,0,0.233035147190094,0
43,40,8,0,1,0.7568155527114868,0
43,40,9,0,0,0.31900620460510254,1
43,40,10,1,0,0.16007907688617706,0
43,40,11,1,1,0.5900052189826965,1
43,40,12,0,1,0.5506590008735657,0
43,40,13,0,0,0.3056565821170807,1
43,40,14,1,0,0.42929232120513916,0
43,40,15,1,1,0.5578164458274841,1
43,40,16,1,1,0.5685039758682251,1
43,40,17,0,0,0.3069734573364258,1
43,40,18,0,1,0.5641012191772461,0
43,40,19,1,1,0.642675518989563,1
43,40,20,0,1,0.6140201091766357,0
43,40,21,0,0,0.20305825769901276,1
43,40,22,1,1,0.5228167176246643,1
43,40,23,0,0,0.4265921413898468,1
43,40,24,1,1,0.5041007399559021,1
43,40,25,0,0,0.3575541079044342,1
43,40,26,0,0,0.3164186179637909,1
43,40,27,0,1,0.6300809383392334,0
43,40,28,0,0,0.4155046343803406,1
43,40,29,0,1,0.8865842223167419,0
43,40,30,0,1,0.7295059561729431,0
43,40,31,0,0,0.20664772391319275,1
43,40,32,1,1,0.6425386667251587,1
43,40,33,1,0,0.3354822099208832,0
43,40,34,1,1,0.6741227507591248,1
43,40,35,1,0,0.4159753918647766,0
43,40,36,1,0,0.42715877294540405,0
43,40,37,1,0,0.14640836417675018,0
43,40,38,0,1,0.6369675397872925,0
43,40,39,1,1,0.709633469581604,1
43,40,40,0,1,0.5217341184616089,0
43,40,41,1,0,0.21533599495887756,0
43,40,42,0,0,0.4920541048049927,1
43,40,43,0,0,0.30113622546195984,1
43,40,44,1,1,0.7106020450592041,1
43,40,45,0,1,0.5280437469482422,0
43,40,46,1,0,0.4040183424949646,0
43,40,47,1,0,0.4986397325992584,0
43,40,48,0,0,0.2746664881706238,1
43,40,49,1,0,0.26304927468299866,0
43,40,50,1,1,0.5061576962471008,1
43,40,51,0,1,0.6675424575805664,0
43,40,52,0,0,0.44055110216140747,1
43,40,53,1,0,0.48342928290367126,0
43,40,54,0,0,0.35748565196990967,1
43,40,55,0,0,0.29978978633880615,1
43,40,56,1,1,0.6058087944984436,1
43,40,57,0,1,0.6618698835372925,0
43,40,58,1,1,0.5317746996879578,1
43,40,59,0,0,0.49030041694641113,1
43,40,60,1,0,0.3570781648159027,0
43,40,61,0,1,0.7460494637489319,0
43,40,62,0,1,0.5572553873062134,0
43,40,63,1,1,0.5199430584907532,1
43,40,64,0,1,0.6644614338874817,0
43,40,65,0,1,0.7122353315353394,0
43,40,66,0,1,0.5548139214515686,0
43,40,67,0,1,0.5636842250823975,0
43,40,68,0,1,0.6017398834228516,0
43,40,69,1,0,0.3541862368583679,0
43,40,70,0,0,0.46121251583099365,1
43,40,71,1,0,0.3657638728618622,0
43,40,72,0,1,0.599849283695221,0
43,40,73,0,0,0.4600451588630676,1
43,40,74,0,1,0.7064132690429688,0
43,40,75,0,1,0.5886452198028564,0
43,40,76,0,1,0.5046693682670593,0
43,40,77,1,0,0.4398946762084961,0
43,40,78,1,1,0.6995874047279358,1
43,40,79,1,0,0.47511026263237,0
43,40,80,0,1,0.6229934692382812,0
43,40,81,1,1,0.5298961997032166,1
43,40,82,0,0,0.30703866481781006,1
43,40,83,1,1,0.7330775260925293,1
43,40,84,1,0,0.41297444701194763,0
43,40,85,1,1,0.6933075189590454,1
43,40,86,1,1,0.632323682308197,1
43,40,87,1,1,0.6598893404006958,1
43,40,88,1,1,0.6034738421440125,1
43,40,89,1,1,0.5659279823303223,1
43,40,90,1,1,0.644546627998352,1
43,40,91,1,1,0.5078357458114624,1
43,40,92,0,0,0.2645660936832428,1
43,40,93,0,0,0.3487433195114136,1
43,40,94,0,1,0.6977792978286743,0
43,40,95,0,1,0.5543615818023682,0
43,40,96,1,0,0.43379533290863037,0
43,40,97,1,0,0.38070598244667053,0
43,40,98,1,0,0.37729713320732117,0
43,40,99,0,1,0.5907557010650635,0
43,40,100,1,1,0.6450855135917664,1
43,40,101,1,0,0.4752132296562195,0
43,40,102,1,1,0.6708922386169434,1
43,40,103,0,0,0.12082289159297943,1
43,40,104,1,1,0.5981265306472778,1
43,40,105,0,0,0.46195507049560547,1
43,40,106,1,1,0.7442803382873535,1
43,40,107,1,1,0.6298494935035706,1
43,40,108,1,1,0.610162079334259,1
43,40,109,0,1,0.5505008101463318,0
43,40,110,1,0,0.3785388767719269,0
43,40,111,0,1,0.503319263458252,0
43,40,112,1,1,0.6565215587615967,1
43,40,113,0,0,0.25516870617866516,1
43,40,114,0,0,0.2737787663936615,1
43,40,115,0,0,0.46572384238243103,1
43,40,116,1,1,0.6091536283493042,1
43,40,117,0,0,0.07073347270488739,1
43,40,118,0,1,0.6959938406944275,0
43,40,119,1,1,0.9696035981178284,1
43,40,120,1,1,0.5389541387557983,1
43,40,121,1,1,0.6423965692520142,1
43,40,122,1,1,0.7507456541061401,1
43,40,123,0,0,0.3393547832965851,1
43,40,124,1,0,0.21870054304599762,0
43,40,125,1,0,0.30204203724861145,0
43,40,126,0,1,0.5350539684295654,0
43,40,127,0,1,0.647464394569397,0
43,40,128,1,1,0.5638771653175354,1
43,40,129,1,1,0.6737306714057922,1
43,40,130,1,1,0.6218879222869873,1
43,40,131,1,1,0.5734941959381104,1
43,40,132,1,1,0.6591566205024719,1
43,40,133,0,0,0.46709686517715454,1
43,40,134,0,0,0.48578086495399475,1
43,40,135,0,0,0.1920211762189865,1
43,40,136,0,0,0.25678104162216187,1
43,40,137,1,1,0.5129706859588623,1
43,40,138,1,1,0.6561572551727295,1
43,40,139,0,0,0.4431206285953522,1
43,40,140,1,0,0.44561320543289185,0
43,40,141,1,1,0.5279713273048401,1
43,40,142,1,1,0.5175119042396545,1
43,40,143,1,1,0.7600950598716736,1
43,40,144,1,1,0.575287938117981,1
43,40,145,1,0,0.47195062041282654,0
43,40,146,1,1,0.7832108736038208,1
43,40,147,0,1,0.5976376533508301,0
43,40,148,0,0,0.32712292671203613,1
43,40,149,0,0,0.23568111658096313,1
43,40,150,1,0,0.4505069851875305,0
43,40,151,1,1,0.6058782935142517,1
43,40,152,0,0,0.3074609339237213,1
43,40,153,0,1,0.5563795566558838,0
43,40,154,1,1,0.5131824016571045,1
43,40,155,1,0,0.3387492895126343,0
43,40,156,0,0,0.27871885895729065,1
43,40,157,0,1,0.6969946622848511,0
43,40,158,0,0,0.28154194355010986,1
43,40,159,0,0,0.22117677330970764,1
43,40,160,0,1,0.7690485715866089,0
43,40,161,1,1,0.8905414938926697,1
43,40,162,1,0,0.3697572946548462,0
43,40,163,1,0,0.48828980326652527,0
43,40,164,1,1,0.8080867528915405,1
43,40,165,1,1,0.5867374539375305,1
43,40,166,1,1,0.5290365219116211,1
43,40,167,0,0,0.24717594683170319,1
43,40,168,1,0,0.32228609919548035,0
43,40,169,0,0,0.43613195419311523,1
43,40,170,1,1,0.6866687536239624,1
43,40,171,1,0,0.21731147170066833,0
43,40,172,0,0,0.3810763955116272,1
43,40,173,1,0,0.49137839674949646,0
43,40,174,0,0,0.14488811790943146,1
43,40,175,0,0,0.4074755012989044,1
43,40,176,1,1,0.7395089268684387,1
43,40,177,1,0,0.4415859580039978,0
43,40,178,1,1,0.7930666208267212,1
43,40,179,0,0,0.2347840815782547,1
43,40,180,0,0,0.436194509267807,1
43,40,181,1,0,0.47957444190979004,0
43,40,182,0,0,0.43596982955932617,1
43,40,183,0,0,0.19218391180038452,1
43,40,184,0,0,0.4360375702381134,1
43,40,185,0,0,0.48699939250946045,1
43,40,186,0,1,0.652702808380127,0
43,40,187,1,1,0.7358354926109314,1
43,40,188,1,1,0.8763083219528198,1
43,40,189,0,0,0.4480532705783844,1
43,40,190,0,1,0.8927125930786133,0
43,40,191,0,1,0.6080406904220581,0
43,40,192,0,1,0.5619165897369385,0
43,40,193,1,0,0.4469769597053528,0
43,40,194,0,0,0.33201515674591064,1
43,40,195,0,0,0.431550532579422,1
43,40,196,0,1,0.6434722542762756,0
43,40,197,1,1,0.5873807072639465,1
43,40,198,0,0,0.15715435147285461,1
43,40,199,0,0,0.3601912558078766,1
43,40,200,1,0,0.37323886156082153,0
43,40,201,0,0,0.44611403346061707,1
43,40,202,0,0,0.33204519748687744,1
43,40,203,0,0,0.41952234506607056,1
43,40,204,1,1,0.5571407675743103,1
43,40,205,1,0,0.32756972312927246,0
43,40,206,1,0,0.24669019877910614,0
43,40,207,0,1,0.6536762714385986,0
43,40,208,0,1,0.5191133618354797,0
43,40,209,0,1,0.5170822739601135,0
43,40,210,1,1,0.6351014375686646,1
43,40,211,1,0,0.3639587163925171,0
43,40,212,1,1,0.6358412504196167,1
43,40,213,0,1,0.502839982509613,0
43,40,214,0,0,0.1678246408700943,1
43,40,215,0,1,0.5491632223129272,0
43,40,216,1,0,0.3051395118236542,0
43,40,217,0,0,0.48568692803382874,1
43,40,218,1,1,0.9059990644454956,1
43,40,219,1,1,0.5599969625473022,1
43,40,220,1,1,0.7472909092903137,1
43,40,221,1,1,0.6982092261314392,1
43,40,222,1,1,0.5061774253845215,1
43,40,223,1,1,0.6909348964691162,1
43,40,224,1,0,0.3995083272457123,0
43,40,225,0,1,0.6821484565734863,0
43,40,226,1,1,0.6209020018577576,1
43,40,227,0,1,0.5276740789413452,0
43,40,228,0,0,0.29563724994659424,1
43,40,229,0,1,0.5853468775749207,0
43,40,230,1,0,0.47253403067588806,0
43,40,231,0,1,0.5884730815887451,0
43,40,232,1,1,0.671316385269165,1
43,40,233,1,0,0.34095335006713867,0
43,40,234,1,1,0.5646305084228516,1
43,40,235,0,0,0.165911465883255,1
43,40,236,1,1,0.7377238869667053,1
43,40,237,1,1,0.6878414750099182,1
43,40,238,0,1,0.5824775695800781,0
43,40,239,0,0,0.43735960125923157,1
43,40,240,0,1,0.7212725877761841,0
43,40,241,1,0,0.4723760783672333,0
43,40,242,1,0,0.24310994148254395,0
43,40,243,0,1,0.71976637840271,0
43,40,244,1,1,0.8331201076507568,1
43,40,245,1,1,0.8236171007156372,1
43,40,246,0,1,0.7253856062889099,0
43,40,247,1,1,0.5335921049118042,1
43,40,248,1,1,0.7222602367401123,1
43,40,249,1,0,0.39725160598754883,0
43,40,250,1,1,0.5746107697486877,1
43,40,251,1,1,0.8435424566268921,1
43,40,252,0,0,0.3781414330005646,1
43,40,253,1,1,0.8126901984214783,1
43,40,254,0,0,0.14790239930152893,1
43,40,255,1,1,0.5351105332374573,1
43,40,256,0,1,0.7011107802391052,0
43,40,257,0,0,0.3316119909286499,1
43,40,258,0,1,0.7104907035827637,0
43,40,259,0,1,0.5220854878425598,0
43,40,260,0,0,0.3234371840953827,1
43,40,261,0,1,0.675635039806366,0
43,40,262,1,1,0.6984158158302307,1
43,40,263,1,1,0.6566001772880554,1
43,40,264,1,0,0.36397260427474976,0
43,40,265,0,1,0.8071883320808411,0
43,40,266,1,1,0.8086763024330139,1
43,40,267,1,0,0.042892999947071075,0
43,40,268,1,1,0.8191133737564087,1
43,40,269,0,0,0.36496588587760925,1
43,40,270,1,1,0.6170260310173035,1
43,40,271,0,1,0.5639392733573914,0
43,40,272,0,0,0.2778400480747223,1
43,40,273,1,1,0.5273259282112122,1
43,40,274,1,1,0.6267584562301636,1
43,40,275,0,1,0.5597435832023621,0
43,40,276,0,0,0.42693135142326355,1
43,40,277,1,1,0.7060344815254211,1
43,40,278,0,0,0.1738867461681366,1
43,40,279,0,0,0.35588687658309937,1
43,40,280,1,1,0.8316907286643982,1
43,40,281,0,0,0.06611602008342743,1
43,40,282,0,0,0.36607614159584045,1
43,40,283,0,0,0.44612014293670654,1
43,40,284,1,1,0.5776662230491638,1
43,40,285,0,0,0.3730485737323761,1
43,40,286,0,1,0.5731568932533264,0
43,40,287,1,1,0.6029066443443298,1
43,40,288,1,0,0.38192018866539,0
43,40,289,0,0,0.45616602897644043,1
43,40,290,0,0,0.2545601427555084,1
43,40,291,1,1,0.6363004446029663,1
43,40,292,1,1,0.5593916177749634,1
43,40,293,1,1,0.6673906445503235,1
43,40,294,0,0,0.33663037419319153,1
43,40,295,1,1,0.5578488707542419,1
43,40,296,0,1,0.8050093650817871,0
43,40,297,1,1,0.6946768760681152,1
43,40,298,1,1,0.9062167406082153,1
43,40,299,1,1,0.5617153644561768,1
43,40,300,0,1,0.7669726014137268,0
43,40,301,1,0,0.41017624735832214,0
43,40,302,1,1,0.6226615309715271,1
43,40,303,0,0,0.46207424998283386,1
43,40,304,1,1,0.7834330797195435,1
43,40,305,0,0,0.43335381150245667,1
43,40,306,0,0,0.3894799053668976,1
43,40,307,0,0,0.3720844089984894,1
43,40,308,0,0,0.35459989309310913,1
43,40,309,0,0,0.40731197595596313,1
43,40,310,0,0,0.123822420835495,1
43,40,311,0,1,0.5230988264083862,0
43,40,312,0,1,0.5613237023353577,0
43,40,313,0,0,0.11274266242980957,1
43,40,314,0,1,0.5382429361343384,0
43,40,315,0,1,0.5815165638923645,0
43,50,0,0,1,0.6867941617965698,0
43,50,1,1,0,0.07563811540603638,0
43,50,2,0,0,0.4512607157230377,1
43,50,3,1,0,0.44992873072624207,0
43,50,4,0,1,0.5619003176689148,0
43,50,5,1,0,0.36166900396347046,0
43,50,6,0,1,0.5836664438247681,0
43,50,7,1,0,0.228227898478508,0
43,50,8,0,1,0.6953538060188293,0
43,50,9,0,0,0.2939814627170563,1
43,50,10,1,0,0.15181921422481537,0
43,50,11,1,1,0.6052228808403015,1
43,50,12,0,1,0.5787250995635986,0
43,50,13,0,0,0.28835734724998474,1
43,50,14,1,0,0.44085660576820374,0
43,50,15,1,1,0.5605674982070923,1
43,50,16,1,1,0.554151713848114,1
43,50,17,0,0,0.2742164731025696,1
43,50,18,0,1,0.5877752900123596,0
43,50,19,1,1,0.6800786256790161,1
43,50,20,0,1,0.622565507888794,0
43,50,21,0,0,0.17275062203407288,1
43,50,22,1,0,0.46769317984580994,0
43,50,23,0,0,0.35914480686187744,1
43,50,24,1,0,0.48309382796287537,0
43,50,25,0,0,0.3744620978832245,1
43,50,26,0,0,0.27567753195762634,1
43,50,27,0,1,0.6716733574867249,0
43,50,28,0,0,0.3939428925514221,1
43,50,29,0,1,0.8888785243034363,0
43,50,30,0,1,0.7649197578430176,0
43,50,31,0,0,0.10450949519872665,1
43,50,32,1,1,0.6385179162025452,1
43,50,33,1,0,0.37764671444892883,0
43,50,34,1,1,0.6639415621757507,1
43,50,35,1,0,0.41969817876815796,0
43,50,36,1,0,0.43802380561828613,0
43,50,37,1,0,0.1643577367067337,0
43,50,38,0,1,0.6581188440322876,0
43,50,39,1,1,0.7213351726531982,1
43,50,40,0,0,0.480384886264801,1
43,50,41,1,0,0.23131735622882843,0
43,50,42,0,0,0.4567822813987732,1
43,50,43,0,0,0.3107454776763916,1
43,50,44,1,1,0.7225374579429626,1
43,50,45,0,1,0.5152018070220947,0
43,50,46,1,0,0.43266230821609497,0
43,50,47,1,0,0.4989157021045685,0
43,50,48,0,0,0.23013800382614136,1
43,50,49,1,0,0.25553256273269653,0
43,50,50,1,1,0.519666850566864,1
43,50,51,0,1,0.6873447299003601,0
43,50,52,0,0,0.44840309023857117,1
43,50,53,1,0,0.4799295961856842,0
43,50,54,0,0,0.3440260589122772,1
43,50,55,0,0,0.2219615876674652,1
43,50,56,1,1,0.6072672605514526,1
43,50,57,0,1,0.6823602318763733,0
43,50,58,1,1,0.5687010288238525,1
43,50,59,0,1,0.5036931037902832,0
43,50,60,1,0,0.30912721157073975,0
43,50,61,0,1,0.7123052477836609,0
43,50,62,0,1,0.5734443068504333,0
43,50,63,1,1,0.5970348715782166,1
43,50,64,0,1,0.6369147300720215,0
43,50,65,0,1,0.7063983678817749,0
43,50,66,0,1,0.5787238478660583,0
43,50,67,0,1,0.5756115317344666,0
43,50,68,0,1,0.6111063957214355,0
43,50,69,1,0,0.36525940895080566,0
43,50,70,0,0,0.458135187625885,1
43,50,71,1,0,0.3051992356777191,0
43,50,72,0,1,0.6276880502700806,0
43,50,73,0,0,0.4706960916519165,1
43,50,74,0,1,0.6615952849388123,0
43,50,75,0,1,0.5972388386726379,0
43,50,76,0,0,0.4892103970050812,1
43,50,77,1,0,0.43252381682395935,0
43,50,78,1,1,0.6956921219825745,1
43,50,79,1,0,0.4508247673511505,0
43,50,80,0,1,0.6621622443199158,0
43,50,81,1,1,0.5155252814292908,1
43,50,82,0,0,0.3359985947608948,1
43,50,83,1,1,0.7380927205085754,1
43,50,84,1,0,0.41715890169143677,0
43,50,85,1,1,0.6967678070068359,1
43,50,86,1,1,0.6271193623542786,1
43,50,87,1,1,0.674729585647583,1
43,50,88,1,1,0.6540274024009705,1
43,50,89,1,0,0.49419593811035156,0
43,50,90,1,1,0.6530919075012207,1
43,50,91,1,1,0.5153425335884094,1
43,50,92,0,0,0.3560837507247925,1
43,50,93,0,0,0.3612464666366577,1
43,50,94,0,1,0.6585033535957336,0
43,50,95,0,1,0.564635694026947,0
43,50,96,1,0,0.44802019000053406,0
43,50,97,1,0,0.3550943434238434,0
43,50,98,1,0,0.4122731685638428,0
43,50,99,0,1,0.6045531034469604,0
43,50,100,1,1,0.5938425660133362,1
43,50,101,1,1,0.5127821564674377,1
43,50,102,1,1,0.6815370917320251,1
43,50,103,0,0,0.11479681730270386,1
43,50,104,1,1,0.5613214373588562,1
43,50,105,0,0,0.43886032700538635,1
43,50,106,1,1,0.7715409994125366,1
43,50,107,1,1,0.6490407586097717,1
43,50,108,1,1,0.6058647632598877,1
43,50,109,0,1,0.5735955238342285,0
43,50,110,1,0,0.42749080061912537,0
43,50,111,0,1,0.5311189293861389,0
43,50,112,1,1,0.6898589134216309,1
43,50,113,0,0,0.11022424697875977,1
43,50,114,0,0,0.2655646502971649,1
43,50,115,0,0,0.4847719371318817,1
43,50,116,1,1,0.6149671077728271,1
43,50,117,0,0,0.060586657375097275,1
43,50,118,0,1,0.6633962392807007,0
43,50,119,1,1,0.9703117609024048,1
43,50,120,1,1,0.5773268342018127,1
43,50,121,1,1,0.634456992149353,1
43,50,122,1,1,0.7653417587280273,1
43,50,123,0,0,0.33772024512290955,1
43,50,124,1,0,0.2546882927417755,0
43,50,125,1,0,0.3245849609375,0
43,50,126,0,1,0.5206170082092285,0
43,50,127,0,1,0.6461327075958252,0
43,50,128,1,1,0.5817189812660217,1
43,50,129,1,1,0.5986782908439636,1
43,50,130,1,1,0.60183185338974,1
43,50,131,1,1,0.6476750373840332,1
43,50,132,1,1,0.6778523325920105,1
43,50,133,0,0,0.4338892996311188,1
43,50,134,0,0,0.47250473499298096,1
43,50,135,0,0,0.22684890031814575,1
43,50,136,0,0,0.18674112856388092,1
43,50,137,1,1,0.5191923379898071,1
43,50,138,1,1,0.6453381180763245,1
43,50,139,0,0,0.3799591362476349,1
43,50,140,1,1,0.5104382634162903,1
43,50,141,1,1,0.5149551033973694,1
43,50,142,1,1,0.5866929292678833,1
43,50,143,1,1,0.7613016963005066,1
43,50,144,1,1,0.5647326111793518,1
43,50,145,1,0,0.465262770652771,0
43,50,146,1,1,0.8093242049217224,1
43,50,147,0,1,0.5930458903312683,0
43,50,148,0,0,0.30442896485328674,1
43,50,149,0,0,0.2225772887468338,1
43,50,150,1,0,0.48047542572021484,0
43,50,151,1,1,0.5995416641235352,1
43,50,152,0,0,0.2844178378582001,1
43,50,153,0,1,0.5412201285362244,0
43,50,154,1,1,0.5747920870780945,1
43,50,155,1,0,0.3398014008998871,0
43,50,156,0,0,0.3173186182975769,1
43,50,157,0,1,0.6944695711135864,0
43,50,158,0,0,0.2757388651371002,1
43,50,159,0,0,0.19768647849559784,1
43,50,160,0,1,0.741879403591156,0
43,50,161,1,1,0.8823366165161133,1
43,50,162,1,0,0.3500109910964966,0
43,50,163,1,1,0.5424275994300842,1
43,50,164,1,1,0.800532877445221,1
43,50,165,1,1,0.5716798901557922,1
43,50,166,1,1,0.502393901348114,1
43,50,167,0,0,0.2638881504535675,1
43,50,168,1,0,0.2862383723258972,0
43,50,169,0,1,0.513420820236206,0
43,50,170,1,1,0.6942674517631531,1
43,50,171,1,0,0.2149030864238739,0
43,50,172,0,0,0.3845607042312622,1
43,50,173,1,0,0.48449012637138367,0
43,50,174,0,0,0.10269979387521744,1
43,50,175,0,0,0.4464803636074066,1
43,50,176,1,1,0.7565239071846008,1
43,50,177,1,0,0.4029097855091095,0
43,50,178,1,1,0.8301199078559875,1
43,50,179,0,0,0.2249780148267746,1
43,50,180,0,0,0.40121856331825256,1
43,50,181,1,1,0.614974319934845,1
43,50,182,0,0,0.42976510524749756,1
43,50,183,0,0,0.1858873963356018,1
43,50,184,0,1,0.5060384273529053,0
43,50,185,0,0,0.48247620463371277,1
43,50,186,0,1,0.6326939463615417,0
43,50,187,1,1,0.7419648766517639,1
43,50,188,1,1,0.8830701112747192,1
43,50,189,0,0,0.48946064710617065,1
43,50,190,0,1,0.8119493722915649,0
43,50,191,0,1,0.62867671251297,0
43,50,192,0,1,0.5655916929244995,0
43,50,193,1,0,0.42194291949272156,0
43,50,194,0,0,0.3215279281139374,1
43,50,195,0,0,0.4794290363788605,1
43,50,196,0,1,0.6477658748626709,0
43,50,197,1,1,0.5798360109329224,1
43,50,198,0,0,0.12467114627361298,1
43,50,199,0,0,0.35181424021720886,1
43,50,200,1,0,0.41144558787345886,0
43,50,201,0,0,0.28468698263168335,1
43,50,202,0,0,0.31473663449287415,1
43,50,203,0,0,0.4223325252532959,1
43,50,204,1,1,0.5635867714881897,1
43,50,205,1,0,0.3142525255680084,0
43,50,206,1,0,0.23826564848423004,0
43,50,207,0,1,0.6812228560447693,0
43,50,208,0,0,0.46236708760261536,1
43,50,209,0,1,0.5418400764465332,0
43,50,210,1,1,0.667300820350647,1
43,50,211,1,0,0.35562315583229065,0
43,50,212,1,1,0.6323223114013672,1
43,50,213,0,1,0.5851240158081055,0
43,50,214,0,0,0.153542622923851,1
43,50,215,0,1,0.517541229724884,0
43,50,216,1,0,0.30852219462394714,0
43,50,217,0,0,0.47950279712677,1
43,50,218,1,1,0.9608649015426636,1
43,50,219,1,1,0.5559939742088318,1
43,50,220,1,1,0.7646560072898865,1
43,50,221,1,1,0.7250379323959351,1
43,50,222,1,1,0.5351701378822327,1
43,50,223,1,1,0.6990963816642761,1
43,50,224,1,0,0.3554231822490692,0
43,50,225,0,1,0.7217633724212646,0
43,50,226,1,1,0.5579044222831726,1
43,50,227,0,1,0.5470223426818848,0
43,50,228,0,0,0.2953547537326813,1
43,50,229,0,1,0.5898764133453369,0
43,50,230,1,0,0.41995739936828613,0
43,50,231,0,1,0.5928394198417664,0
43,50,232,1,1,0.6330080628395081,1
43,50,233,1,0,0.39261752367019653,0
43,50,234,1,1,0.6036146879196167,1
43,50,235,0,0,0.15175695717334747,1
43,50,236,1,1,0.7346369624137878,1
43,50,237,1,1,0.6915490031242371,1
43,50,238,0,1,0.5229900479316711,0
43,50,239,0,0,0.49239253997802734,1
43,50,240,0,1,0.7802314162254333,0
43,50,241,1,0,0.4751041829586029,0
43,50,242,1,0,0.26412415504455566,0
43,50,243,0,1,0.7399287223815918,0
43,50,244,1,1,0.8078891038894653,1
43,50,245,1,1,0.8360874056816101,1
43,50,246,0,1,0.6822104454040527,0
43,50,247,1,1,0.5225024819374084,1
43,50,248,1,1,0.7154298424720764,1
43,50,249,1,0,0.44167137145996094,0
43,50,250,1,1,0.5779256820678711,1
43,50,251,1,1,0.8801169991493225,1
43,50,252,0,0,0.3828950524330139,1
43,50,253,1,1,0.8231800198554993,1
43,50,254,0,0,0.16124197840690613,1
43,50,255,1,1,0.549426794052124,1
43,50,256,0,1,0.7131459712982178,0
43,50,257,0,0,0.46698978543281555,1
43,50,258,0,1,0.7249864339828491,0
43,50,259,0,1,0.5216560363769531,0
43,50,260,0,0,0.27759331464767456,1
43,50,261,0,1,0.7279243469238281,0
43,50,262,1,1,0.7195225358009338,1
43,50,263,1,1,0.6692470908164978,1
43,50,264,1,0,0.3801213800907135,0
43,50,265,0,1,0.7550373077392578,0
43,50,266,1,1,0.8200231194496155,1
43,50,267,1,0,0.034071169793605804,0
43,50,268,1,1,0.8576542139053345,1
43,50,269,0,0,0.3445211350917816,1
43,50,270,1,1,0.6225801110267639,1
43,50,271,0,1,0.6040152311325073,0
43,50,272,0,0,0.29763731360435486,1
43,50,273,1,1,0.5867410898208618,1
43,50,274,1,1,0.6327615976333618,1
43,50,275,0,1,0.5659916996955872,0
43,50,276,0,0,0.3373912274837494,1
43,50,277,1,1,0.7100167274475098,1
43,50,278,0,0,0.21823346614837646,1
43,50,279,0,0,0.33372676372528076,1
43,50,280,1,1,0.8064170479774475,1
43,50,281,0,0,0.06402434408664703,1
43,50,282,0,0,0.3729867935180664,1
43,50,283,0,0,0.4413798749446869,1
43,50,284,1,1,0.560350775718689,1
43,50,285,0,0,0.436636358499527,1
43,50,286,0,1,0.6298443078994751,0
43,50,287,1,1,0.5972152352333069,1
43,50,288,1,0,0.3920753300189972,0
43,50,289,0,0,0.4276447892189026,1
43,50,290,0,0,0.26151391863822937,1
43,50,291,1,1,0.5396800637245178,1
43,50,292,1,1,0.5584028363227844,1
43,50,293,1,1,0.7145732641220093,1
43,50,294,0,0,0.3381047546863556,1
43,50,295,1,1,0.5603398680686951,1
43,50,296,0,1,0.8300697207450867,0
43,50,297,1,1,0.6835891008377075,1
43,50,298,1,1,0.9319886565208435,1
43,50,299,1,1,0.5469469428062439,1
43,50,300,0,1,0.7805222272872925,0
43,50,301,1,0,0.437382310628891,0
43,50,302,1,1,0.6433306336402893,1
43,50,303,0,1,0.5172165632247925,0
43,50,304,1,1,0.7865702509880066,1
43,50,305,0,0,0.43533915281295776,1
43,50,306,0,0,0.45267805457115173,1
43,50,307,0,0,0.3416666090488434,1
43,50,308,0,0,0.39525774121284485,1
43,50,309,0,1,0.5104438066482544,0
43,50,310,0,0,0.1297256499528885,1
43,50,311,0,1,0.5123052000999451,0
43,50,312,0,1,0.5450422167778015,0
43,50,313,0,0,0.07584081590175629,1
43,50,314,0,1,0.5265646576881409,0
43,50,315,0,1,0.6673792600631714,0
44,20,0,0,1,0.5935341715812683,0
44,20,1,1,0,0.06918301433324814,0
44,20,2,0,1,0.5366693139076233,0
44,20,3,1,1,0.602671205997467,1
44,20,4,0,1,0.7012799382209778,0
44,20,5,1,0,0.39476266503334045,0
44,20,6,0,1,0.5068750381469727,0
44,20,7,1,0,0.18852853775024414,0
44,20,8,0,1,0.6489593982696533,0
44,20,9,0,0,0.35379698872566223,1
44,20,10,1,0,0.23182465136051178,0
44,20,11,1,1,0.5727437138557434,1
44,20,12,0,1,0.5615955591201782,0
44,20,13,0,0,0.21373920142650604,1
44,20,14,1,0,0.36299118399620056,0
44,20,15,1,1,0.6794724464416504,1
44,20,16,1,0,0.49361294507980347,0
44,20,17,0,0,0.3664342164993286,1
44,20,18,0,0,0.4595399498939514,1
44,20,19,1,1,0.5569042563438416,1
44,20,20,0,1,0.7377234697341919,0
44,20,21,0,0,0.2910117506980896,1
44,20,22,1,0,0.3441081643104553,0
44,20,23,0,0,0.41225960850715637,1
44,20,24,1,0,0.3063138723373413,0
44,20,25,0,0,0.46161606907844543,1
44,20,26,0,0,0.11521965265274048,1
44,20,27,0,1,0.6897178888320923,0
44,20,28,0,0,0.46792346239089966,1
44,20,29,0,1,0.945777416229248,0
44,20,30,0,1,0.9288444519042969,0
44,20,31,0,0,0.13511507213115692,1
44,20,32,1,1,0.5648769736289978,1
44,20,33,1,0,0.38556233048439026,0
44,20,34,1,1,0.6660407185554504,1
44,20,35,1,0,0.46197038888931274,0
44,20,36,1,0,0.26064950227737427,0
44,20,37,1,0,0.2697613835334778,0
44,20,38,0,1,0.563728928565979,0
44,20,39,1,1,0.62173992395401,1
44,20,40,0,1,0.548265278339386,0
44,20,41,1,0,0.24706432223320007,0
44,20,42,0,0,0.4363909065723419,1
44,20,43,0,1,0.6086839437484741,0
44,20,44,1,1,0.6697514653205872,1
44,20,45,0,1,0.6307668685913086,0
44,20,46,1,0,0.3739694356918335,0
44,20,47,1,0,0.4811091423034668,0
44,20,48,0,0,0.4130391478538513,1
44,20,49,1,0,0.40872249007225037,0
44,20,50,1,0,0.4705173373222351,0
44,20,51,0,1,0.6305050849914551,0
44,20,52,0,0,0.4650157690048218,1
44,20,53,1,0,0.4740467667579651,0
44,20,54,0,0,0.3259645700454712,1
44,20,55,0,0,0.35546520352363586,1
44,20,56,1,1,0.5107466578483582,1
44,20,57,0,1,0.6047382354736328,0
44,20,58,1,1,0.6192710995674133,1
44,20,59,0,1,0.5709795951843262,0
44,20,60,1,0,0.4276679754257202,0
44,20,61,0,1,0.6346405148506165,0
44,20,62,0,1,0.6191895604133606,0
44,20,63,1,1,0.5073735117912292,1
44,20,64,0,1,0.5192307829856873,0
44,20,65,0,1,0.6321691870689392,0
44,20,66,0,1,0.5250662565231323,0
44,20,67,0,0,0.37580594420433044,1
44,20,68,0,1,0.6626147031784058,0
44,20,69,1,1,0.502138614654541,1
44,20,70,0,0,0.46845772862434387,1
44,20,71,1,0,0.4043201506137848,0
44,20,72,0,1,0.7337833046913147,0
44,20,73,0,1,0.5555478930473328,0
44,20,74,0,1,0.5991718173027039,0
44,20,75,0,0,0.4942636489868164,1
44,20,76,0,0,0.46701160073280334,1
44,20,77,1,0,0.44812798500061035,0
44,20,78,1,1,0.6827080249786377,1
44,20,79,1,0,0.369019478559494,0
44,20,80,0,0,0.4345633387565613,1
44,20,81,1,0,0.4775039255619049,0
44,20,82,0,0,0.30562058091163635,1
44,20,83,1,1,0.7467464804649353,1
44,20,84,1,1,0.5758647918701172,1
44,20,85,1,1,0.7619551420211792,1
44,20,86,1,1,0.6132879853248596,1
44,20,87,1,0,0.4735541045665741,0
44,20,88,1,1,0.6285622119903564,1
44,20,89,1,0,0.30764490365982056,0
44,20,90,1,1,0.7800636291503906,1
44,20,91,1,0,0.4931800365447998,0
44,20,92,0,0,0.16754713654518127,1
44,20,93,0,0,0.3357858657836914,1
44,20,94,0,1,0.5427572727203369,0
44,20,95,0,1,0.5928041338920593,0
44,20,96,1,0,0.36361345648765564,0
44,20,97,1,0,0.4379434287548065,0
44,20,98,1,0,0.44376814365386963,0
44,20,99,0,1,0.5147861242294312,0
44,20,100,1,1,0.5921522974967957,1
44,20,101,1,1,0.7050571441650391,1
44,20,102,1,1,0.6597745418548584,1
44,20,103,0,0,0.11867953091859818,1
44,20,104,1,1,0.6677582263946533,1
44,20,105,0,0,0.38287433981895447,1
44,20,106,1,1,0.5968953371047974,1
44,20,107,1,1,0.5219141244888306,1
44,20,108,1,1,0.5949922800064087,1
44,20,109,0,1,0.527077317237854,0
44,20,110,1,0,0.46143221855163574,0
44,20,111,0,1,0.6254940032958984,0
44,20,112,1,1,0.6665568351745605,1
44,20,113,0,0,0.23605851829051971,1
44,20,114,0,0,0.3585706055164337,1
44,20,115,0,1,0.5601552724838257,0
44,20,116,1,1,0.5425024032592773,1
44,20,117,0,0,0.10751249641180038,1
44,20,118,0,0,0.49576258659362793,1
44,20,119,1,1,0.8172825574874878,1
44,20,120,1,1,0.6286043524742126,1
44,20,121,1,1,0.5632314682006836,1
44,20,122,1,1,0.5401366949081421,1
44,20,123,0,0,0.4127770960330963,1
44,20,124,1,0,0.269152969121933,0
44,20,125,1,0,0.3330828547477722,0
44,20,126,0,1,0.5924509167671204,0
44,20,127,0,1,0.7417085766792297,0
44,20,128,1,1,0.5819302201271057,1
44,20,129,1,0,0.48073095083236694,0
44,20,130,1,1,0.5003405213356018,1
44,20,131,1,1,0.574213981628418,1
44,20,132,1,1,0.5476852059364319,1
44,20,133,0,0,0.3831281363964081,1
44,20,134,0,0,0.4825313687324524,1
44,20,135,0,0,0.3603333532810211,1
44,20,136,0,0,0.24814638495445251,1
44,20,137,1,1,0.5231219530105591,1
44,20,138,1,1,0.6495959758758545,1
44,20,139,0,0,0.4438205063343048,1
44,20,140,1,0,0.38980546593666077,0
44,20,141,1,1,0.5612702965736389,1
44,20,142,1,1,0.590368926525116,1
44,20,143,1,1,0.6696742177009583,1
44,20,144,1,1,0.5801176428794861,1
44,20,145,1,1,0.5066814422607422,1
44,20,146,1,1,0.720780074596405,1
44,20,147,0,1,0.6289383769035339,0
44,20,148,0,0,0.35746780037879944,1
44,20,149,0,0,0.27418023347854614,1
44,20,150,1,0,0.33962443470954895,0
44,20,151,1,1,0.5534386038780212,1
44,20,152,0,0,0.3161609172821045,1
44,20,153,0,1,0.5997286438941956,0
44,20,154,1,0,0.48562490940093994,0
44,20,155,1,0,0.3503778278827667,0
44,20,156,0,0,0.4384034276008606,1
44,20,157,0,1,0.6318514943122864,0
44,20,158,0,0,0.42565253376960754,1
44,20,159,0,0,0.316771537065506,1
44,20,160,0,1,0.7487463355064392,0
44,20,161,1,1,0.7815982699394226,1
44,20,162,1,0,0.34661439061164856,0
44,20,163,1,0,0.3754352033138275,0
44,20,164,1,1,0.5941291451454163,1
44,20,165,1,1,0.6673373579978943,1
44,20,166,1,1,0.5960788130760193,1
44,20,167,0,0,0.38855335116386414,1
44,20,168,1,0,0.341573566198349,0
44,20,169,0,0,0.4614555537700653,1
44,20,170,1,0,0.4862794876098633,0
44,20,171,1,0,0.43067818880081177,0
44,20,172,0,1,0.5480917692184448,0
44,20,173,1,0,0.41968169808387756,0
44,20,174,0,0,0.05431388318538666,1
44,20,175,0,1,0.7165543437004089,0
44,20,176,1,1,0.6805562376976013,1
44,20,177,1,0,0.3407589793205261,0
44,20,178,1,0,0.4857594966888428,0
44,20,179,0,0,0.35751357674598694,1
44,20,180,0,0,0.30516430735588074,1
44,20,181,1,1,0.589089035987854,1
44,20,182,0,0,0.3510638177394867,1
44,20,183,0,0,0.1726647913455963,1
44,20,184,0,0,0.27388277649879456,1
44,20,185,0,0,0.4582440257072449,1
44,20,186,0,1,0.5728563070297241,0
44,20,187,1,1,0.6815568804740906,1
44,20,188,1,1,0.9084119200706482,1
44,20,189,0,0,0.4922719895839691,1
44,20,190,0,1,0.7812658548355103,0
44,20,191,0,1,0.6141510605812073,0
44,20,192,0,1,0.5057430863380432,0
44,20,193,1,1,0.5302783846855164,1
44,20,194,0,0,0.4666631817817688,1
44,20,195,0,1,0.5791965126991272,0
44,20,196,0,0,0.45510682463645935,1
44,20,197,1,1,0.5338120460510254,1
44,20,198,0,0,0.31626570224761963,1
44,20,199,0,0,0.3064756691455841,1
44,20,200,1,0,0.40290525555610657,0
44,20,201,0,0,0.17305098474025726,1
44,20,202,0,0,0.2654387354850769,1
44,20,203,0,1,0.5703349709510803,0
44,20,204,1,0,0.4367724359035492,0
44,20,205,1,0,0.3657759726047516,0
44,20,206,1,0,0.35779014229774475,0
44,20,207,0,1,0.690138578414917,0
44,20,208,0,0,0.37429073452949524,1
44,20,209,0,1,0.5480443239212036,0
44,20,210,1,1,0.5465690493583679,1
44,20,211,1,0,0.3097117841243744,0
44,20,212,1,1,0.6882845163345337,1
44,20,213,0,0,0.13262084126472473,1
44,20,214,0,0,0.20334604382514954,1
44,20,215,0,0,0.4679158627986908,1
44,20,216,1,0,0.351659893989563,0
44,20,217,0,1,0.5236141681671143,0
44,20,218,1,1,0.6165446043014526,1
44,20,219,1,1,0.5228008031845093,1
44,20,220,1,0,0.33225005865097046,0
44,20,221,1,1,0.7298303842544556,1
44,20,222,1,1,0.5346507430076599,1
44,20,223,1,1,0.7287495136260986,1
44,20,224,1,0,0.3520694077014923,0
44,20,225,0,1,0.5112717151641846,0
44,20,226,1,1,0.5934104919433594,1
44,20,227,0,1,0.5620707273483276,0
44,20,228,0,0,0.16641677916049957,1
44,20,229,0,1,0.5212534666061401,0
44,20,230,1,0,0.27208462357521057,0
44,20,231,0,1,0.6547943949699402,0
44,20,232,1,1,0.621680736541748,1
44,20,233,1,0,0.18531471490859985,0
44,20,234,1,1,0.6079443097114563,1
44,20,235,0,0,0.3529558777809143,1
44,20,236,1,1,0.6009215712547302,1
44,20,237,1,1,0.5859043598175049,1
44,20,238,0,1,0.73602294921875,0
44,20,239,0,0,0.4644358456134796,1
44,20,240,0,1,0.6317397952079773,0
44,20,241,1,1,0.5152926445007324,1
44,20,242,1,0,0.3220286965370178,0
44,20,243,0,1,0.7023649215698242,0
44,20,244,1,1,0.7600042223930359,1
44,20,245,1,1,0.7804694771766663,1
44,20,246,0,0,0.4806344509124756,1
44,20,247,1,1,0.6291848421096802,1
44,20,248,1,1,0.576274573802948,1
44,20,249,1,0,0.4500460922718048,0
44,20,250,1,0,0.49591052532196045,0
44,20,251,1,1,0.8311558365821838,1
44,20,252,0,1,0.6195839643478394,0
44,20,253,1,1,0.7828041911125183,1
44,20,254,0,0,0.07828629016876221,1
44,20,255,1,1,0.5913153886795044,1
44,20,256,0,1,0.7240314483642578,0
44,20,257,0,0,0.4902491867542267,1
44,20,258,0,1,0.5854604244232178,0
44,20,259,0,1,0.5599311590194702,0
44,20,260,0,0,0.23268133401870728,1
44,20,261,0,1,0.6959050297737122,0
44,20,262,1,1,0.5830416083335876,1
44,20,263,1,1,0.7411330938339233,1
44,20,264,1,0,0.3544876277446747,0
44,20,265,0,1,0.6262690424919128,0
44,20,266,1,1,0.7894701361656189,1
44,20,267,1,0,0.06991821527481079,0
44,20,268,1,1,0.6895812749862671,1
44,20,269,0,0,0.38023045659065247,1
44,20,270,1,1,0.5099098086357117,1
44,20,271,0,1,0.5692377090454102,0
44,20,272,0,0,0.37814632058143616,1
44,20,273,1,1,0.5595448017120361,1
44,20,274,1,1,0.7289419174194336,1
44,20,275,0,1,0.5252057313919067,0
44,20,276,0,0,0.33336713910102844,1
44,20,277,1,1,0.5717383027076721,1
44,20,278,0,1,0.6336443424224854,0
44,20,279,0,0,0.34805411100387573,1
44,20,280,1,1,0.7505249381065369,1
44,20,281,0,0,0.10280776023864746,1
44,20,282,0,0,0.4582459032535553,1
44,20,283,0,1,0.5331077575683594,0
44,20,284,1,1,0.5981160998344421,1
44,20,285,0,1,0.5437425374984741,0
44,20,286,0,0,0.4621813893318176,1
44,20,287,1,1,0.5053505301475525,1
44,20,288,1,0,0.3747634291648865,0
44,20,289,0,1,0.5204715728759766,0
44,20,290,0,0,0.233270525932312,1
44,20,291,1,1,0.5882682204246521,1
44,20,292,1,0,0.4472149908542633,0
44,20,293,1,1,0.6558117270469666,1
44,20,294,0,0,0.3483554422855377,1
44,20,295,1,1,0.5660667419433594,1
44,20,296,0,1,0.7901621460914612,0
44,20,297,1,1,0.8433651328086853,1
44,20,298,1,1,0.7440544962882996,1
44,20,299,1,1,0.6079819798469543,1
44,20,300,0,1,0.7373754978179932,0
44,20,301,1,0,0.44130584597587585,0
44,20,302,1,1,0.6321158409118652,1
44,20,303,0,0,0.3799755275249481,1
44,20,304,1,1,0.7700421214103699,1
44,20,305,0,0,0.45679089426994324,1
44,20,306,0,0,0.4281405806541443,1
44,20,307,0,0,0.3385712504386902,1
44,20,308,0,0,0.42167192697525024,1
44,20,309,0,0,0.4842222332954407,1
44,20,310,0,0,0.03805984929203987,1
44,20,311,0,0,0.47891002893447876,1
44,20,312,0,0,0.49224263429641724,1
44,20,313,0,0,0.1515047401189804,1
44,20,314,0,0,0.4280487596988678,1
44,20,315,0,1,0.7422643899917603,0
44,30,0,0,1,0.6487465500831604,0
44,30,1,1,0,0.06284720450639725,0
44,30,2,0,1,0.5138005018234253,0
44,30,3,1,1,0.6154283881187439,1
44,30,4,0,1,0.7035042643547058,0
44,30,5,1,0,0.35590097308158875,0
44,30,6,0,1,0.5316444039344788,0
44,30,7,1,0,0.20901450514793396,0
44,30,8,0,1,0.6812379360198975,0
44,30,9,0,0,0.34920939803123474,1
44,30,10,1,0,0.2147427797317505,0
44,30,11,1,1,0.6079899072647095,1
44,30,12,0,1,0.5435840487480164,0
44,30,13,0,0,0.2097489833831787,1
44,30,14,1,0,0.4297266900539398,0
44,30,15,1,1,0.6873623132705688,1
44,30,16,1,0,0.49974432587623596,0
44,30,17,0,0,0.34660038352012634,1
44,30,18,0,0,0.4770808517932892,1
44,30,19,1,1,0.5800608396530151,1
44,30,20,0,1,0.7241695523262024,0
44,30,21,0,0,0.21739992499351501,1
44,30,22,1,0,0.30905982851982117,0
44,30,23,0,0,0.3870093822479248,1
44,30,24,1,0,0.2890870273113251,0
44,30,25,0,0,0.43163368105888367,1
44,30,26,0,0,0.10302214324474335,1
44,30,27,0,1,0.6998048424720764,0
44,30,28,0,0,0.3680000603199005,1
44,30,29,0,1,0.9415400624275208,0
44,30,30,0,1,0.9260662198066711,0
44,30,31,0,0,0.10398668050765991,1
44,30,32,1,1,0.5797902941703796,1
44,30,33,1,0,0.435014933347702,0
44,30,34,1,1,0.646429181098938,1
44,30,35,1,0,0.484055757522583,0
44,30,36,1,0,0.3239736557006836,0
44,30,37,1,0,0.19274136424064636,0
44,30,38,0,1,0.5992157459259033,0
44,30,39,1,1,0.6547785997390747,1
44,30,40,0,1,0.5455998182296753,0
44,30,41,1,0,0.25707733631134033,0
44,30,42,0,0,0.36723676323890686,1
44,30,43,0,0,0.26893603801727295,1
44,30,44,1,1,0.651465892791748,1
44,30,45,0,1,0.5941556692123413,0
44,30,46,1,0,0.41244062781333923,0
44,30,47,1,0,0.48466089367866516,0
44,30,48,0,0,0.34169748425483704,1
44,30,49,1,0,0.41769763827323914,0
44,30,50,1,1,0.5151503086090088,1
44,30,51,0,1,0.6695975065231323,0
44,30,52,0,0,0.4451292157173157,1
44,30,53,1,0,0.491869181394577,0
44,30,54,0,0,0.307523638010025,1
44,30,55,0,0,0.3948209285736084,1
44,30,56,1,0,0.46899276971817017,0
44,30,57,0,1,0.6368902921676636,0
44,30,58,1,1,0.6479694247245789,1
44,30,59,0,1,0.5763712525367737,0
44,30,60,1,0,0.4097875654697418,0
44,30,61,0,1,0.6728206276893616,0
44,30,62,0,1,0.6204524040222168,0
44,30,63,1,1,0.5160350799560547,1
44,30,64,0,0,0.49733591079711914,1
44,30,65,0,1,0.6606828570365906,0
44,30,66,0,1,0.5288709998130798,0
44,30,67,0,0,0.4719459116458893,1
44,30,68,0,1,0.7000434398651123,0
44,30,69,1,0,0.4909556210041046,0
44,30,70,0,0,0.4786352813243866,1
44,30,71,1,0,0.34894391894340515,0
44,30,72,0,1,0.7436813116073608,0
44,30,73,0,1,0.5464845299720764,0
44,30,74,0,1,0.5898826718330383,0
44,30,75,0,0,0.4822375178337097,1
44,30,76,0,0,0.4703441560268402,1
44,30,77,1,0,0.4242991805076599,0
44,30,78,1,1,0.6840468049049377,1
44,30,79,1,0,0.2878526747226715,0
44,30,80,0,0,0.44774889945983887,1
44,30,81,1,1,0.5077593922615051,1
44,30,82,0,0,0.29278117418289185,1
44,30,83,1,1,0.7213863134384155,1
44,30,84,1,1,0.5927945375442505,1
44,30,85,1,1,0.7709252238273621,1
44,30,86,1,1,0.7063570618629456,1
44,30,87,1,1,0.5090411901473999,1
44,30,88,1,1,0.6067982912063599,1
44,30,89,1,0,0.30690571665763855,0
44,30,90,1,1,0.8117586374282837,1
44,30,91,1,1,0.5217714905738831,1
44,30,92,0,0,0.2306860089302063,1
44,30,93,0,0,0.2986231744289398,1
44,30,94,0,1,0.5427939295768738,0
44,30,95,0,1,0.5418959856033325,0
44,30,96,1,0,0.37236833572387695,0
44,30,97,1,0,0.4198722839355469,0
44,30,98,1,0,0.42748063802719116,0
44,30,99,0,1,0.5141550302505493,0
44,30,100,1,1,0.5611162781715393,1
44,30,101,1,1,0.7025766372680664,1
44,30,102,1,1,0.6292980313301086,1
44,30,103,0,0,0.09770385175943375,1
44,30,104,1,1,0.6593372225761414,1
44,30,105,0,0,0.3725980222225189,1
44,30,106,1,1,0.5925586819648743,1
44,30,107,1,1,0.542900800704956,1
44,30,108,1,1,0.5972254276275635,1
44,30,109,0,0,0.4578489363193512,1
44,30,110,1,0,0.4458780586719513,0
44,30,111,0,1,0.5931575298309326,0
44,30,112,1,1,0.6657620072364807,1
44,30,113,0,0,0.25470152497291565,1
44,30,114,0,0,0.3464956283569336,1
44,30,115,0,1,0.5771795511245728,0
44,30,116,1,1,0.5429746508598328,1
44,30,117,0,0,0.07815439999103546,1
44,30,118,0,1,0.5258849263191223,0
44,30,119,1,1,0.6220360398292542,1
44,30,120,1,1,0.6674424409866333,1
44,30,121,1,1,0.5711039900779724,1
44,30,122,1,1,0.5724079608917236,1
44,30,123,0,0,0.4223496615886688,1
44,30,124,1,0,0.25538426637649536,0
44,30,125,1,0,0.3157157897949219,0
44,30,126,0,1,0.6154307723045349,0
44,30,127,0,1,0.7593953609466553,0
44,30,128,1,1,0.6082028746604919,1
44,30,129,1,0,0.32488685846328735,0
44,30,130,1,1,0.5330103635787964,1
44,30,131,1,1,0.5880589485168457,1
44,30,132,1,1,0.5739952325820923,1
44,30,133,0,0,0.39214444160461426,1
44,30,134,0,0,0.45561572909355164,1
44,30,135,0,0,0.32753416895866394,1
44,30,136,0,0,0.22394999861717224,1
44,30,137,1,1,0.564336895942688,1
44,30,138,1,1,0.6805632710456848,1
44,30,139,0,0,0.4047718644142151,1
44,30,140,1,0,0.4211671054363251,0
44,30,141,1,1,0.5063959360122681,1
44,30,142,1,1,0.6515833735466003,1
44,30,143,1,1,0.7407593131065369,1
44,30,144,1,1,0.6153900027275085,1
44,30,145,1,1,0.5004709362983704,1
44,30,146,1,1,0.7517089247703552,1
44,30,147,0,1,0.6066312789916992,0
44,30,148,0,0,0.34563446044921875,1
44,30,149,0,0,0.25607097148895264,1
44,30,150,1,0,0.3793524503707886,0
44,30,151,1,1,0.5410013794898987,1
44,30,152,0,0,0.3377307057380676,1
44,30,153,0,1,0.6098647713661194,0
44,30,154,1,0,0.4703235626220703,0
44,30,155,1,0,0.30909019708633423,0
44,30,156,0,0,0.3555041253566742,1
44,30,157,0,1,0.6426491737365723,0
44,30,158,0,0,0.41251614689826965,1
44,30,159,0,0,0.3177471160888672,1
44,30,160,0,1,0.7769724130630493,0
44,30,161,1,1,0.8225240111351013,1
44,30,162,1,0,0.2711356282234192,0
44,30,163,1,0,0.4418671429157257,0
44,30,164,1,1,0.6426988244056702,1
44,30,165,1,1,0.652857780456543,1
44,30,166,1,1,0.5837464332580566,1
44,30,167,0,0,0.3499499559402466,1
44,30,168,1,0,0.365057110786438,0
44,30,169,0,1,0.5130620002746582,0
44,30,170,1,1,0.515324592590332,1
44,30,171,1,0,0.4292629063129425,0
44,30,172,0,1,0.5780787467956543,0
44,30,173,1,0,0.42691633105278015,0
44,30,174,0,0,0.017408331856131554,1
44,30,175,0,1,0.71150803565979,0
44,30,176,1,1,0.7110666036605835,1
44,30,177,1,0,0.4028603732585907,0
44,30,178,1,0,0.49465060234069824,0
44,30,179,0,0,0.3216666579246521,1
44,30,180,0,0,0.2790984809398651,1
44,30,181,1,1,0.7205026745796204,1
44,30,182,0,0,0.35557496547698975,1
44,30,183,0,0,0.18639013171195984,1
44,30,184,0,0,0.3344549536705017,1
44,30,185,0,0,0.49131089448928833,1
44,30,186,0,1,0.5944662690162659,0
44,30,187,1,1,0.6596395969390869,1
44,30,188,1,1,0.8896757960319519,1
44,30,189,0,1,0.509075939655304,0
44,30,190,0,1,0.7524318695068359,0
44,30,191,0,1,0.6851500272750854,0
44,30,192,0,1,0.5247170925140381,0
44,30,193,1,1,0.5395194888114929,1
44,30,194,0,0,0.43611982464790344,1
44,30,195,0,1,0.568124532699585,0
44,30,196,0,1,0.5178185701370239,0
44,30,197,1,0,0.49634993076324463,0
44,30,198,0,0,0.2366262674331665,1
44,30,199,0,0,0.3010139763355255,1
44,30,200,1,0,0.3885519802570343,0
44,30,201,0,0,0.114873006939888,1
44,30,202,0,0,0.256077378988266,1
44,30,203,0,1,0.5529201626777649,0
44,30,204,1,0,0.45141419768333435,0
44,30,205,1,0,0.40194442868232727,0
44,30,206,1,0,0.366013765335083,0
44,30,207,0,1,0.6896305680274963,0
44,30,208,0,0,0.2933307886123657,1
44,30,209,0,1,0.5680680871009827,0
44,30,210,1,1,0.5820333361625671,1
44,30,211,1,0,0.2968483865261078,0
44,30,212,1,1,0.7109583020210266,1
44,30,213,0,0,0.14734195172786713,1
44,30,214,0,0,0.14999091625213623,1
44,30,215,0,0,0.4444442093372345,1
44,30,216,1,0,0.3372105360031128,0
44,30,217,0,1,0.5466824769973755,0
44,30,218,1,0,0.4349484443664551,0
44,30,219,1,0,0.49793654680252075,0
44,30,220,1,0,0.28663721680641174,0
44,30,221,1,1,0.7633208632469177,1
44,30,222,1,1,0.5996177792549133,1
44,30,223,1,1,0.7579981684684753,1
44,30,224,1,0,0.37219610810279846,0
44,30,225,0,1,0.5664957165718079,0
44,30,226,1,1,0.5800996422767639,1
44,30,227,0,1,0.584944486618042,0
44,30,228,0,0,0.17362618446350098,1
44,30,229,0,1,0.5513256192207336,0
44,30,230,1,0,0.2697301506996155,0
44,30,231,0,1,0.7113227844238281,0
44,30,232,1,1,0.6779037714004517,1
44,30,233,1,0,0.18178683519363403,0
44,30,234,1,1,0.6645582914352417,1
44,30,235,0,0,0.29754894971847534,1
44,30,236,1,1,0.6568569540977478,1
44,30,237,1,1,0.6359826922416687,1
44,30,238,0,1,0.7557658553123474,0
44,30,239,0,0,0.48210373520851135,1
44,30,240,0,1,0.6943243145942688,0
44,30,241,1,1,0.521121084690094,1
44,30,242,1,0,0.2618677616119385,0
44,30,243,0,1,0.6839467287063599,0
44,30,244,1,1,0.7717819213867188,1
44,30,245,1,1,0.8419539928436279,1
44,30,246,0,1,0.5029812455177307,0
44,30,247,1,1,0.6185030341148376,1
44,30,248,1,1,0.5734099745750427,1
44,30,249,1,0,0.47954341769218445,0
44,30,250,1,1,0.5241087079048157,1
44,30,251,1,1,0.8488392233848572,1
44,30,252,0,1,0.5555227994918823,0
44,30,253,1,1,0.7393854856491089,1
44,30,254,0,0,0.07088309526443481,1
44,30,255,1,1,0.6096594333648682,1
44,30,256,0,1,0.7230173945426941,0
44,30,257,0,0,0.4996791481971741,1
44,30,258,0,1,0.606952965259552,0
44,30,259,0,1,0.5827975869178772,0
44,30,260,0,0,0.20230312645435333,1
44,30,261,0,1,0.772674560546875,0
44,30,262,1,1,0.6131687164306641,1
44,30,263,1,1,0.7526456713676453,1
44,30,264,1,0,0.34952422976493835,0
44,30,265,0,1,0.6205675005912781,0
44,30,266,1,1,0.775421679019928,1
44,30,267,1,0,0.06086891144514084,0
44,30,268,1,1,0.6964624524116516,1
44,30,269,0,0,0.39472705125808716,1
44,30,270,1,1,0.5578099489212036,1
44,30,271,0,1,0.5576356649398804,0
44,30,272,0,0,0.34344375133514404,1
44,30,273,1,1,0.6253300905227661,1
44,30,274,1,1,0.7330237030982971,1
44,30,275,0,1,0.5290248990058899,0
44,30,276,0,0,0.33437126874923706,1
44,30,277,1,1,0.6231615543365479,1
44,30,278,0,1,0.5762007236480713,0
44,30,279,0,0,0.3290224075317383,1
44,30,280,1,1,0.7873508334159851,1
44,30,281,0,0,0.09362146258354187,1
44,30,282,0,0,0.47587984800338745,1
44,30,283,0,1,0.552893877029419,0
44,30,284,1,1,0.6061874628067017,1
44,30,285,0,1,0.521685004234314,0
44,30,286,0,0,0.4886553883552551,1
44,30,287,1,1,0.5427643656730652,1
44,30,288,1,0,0.36349260807037354,0
44,30,289,0,1,0.5350279211997986,0
44,30,290,0,0,0.24824203550815582,1
44,30,291,1,1,0.5916203260421753,1
44,30,292,1,0,0.48495811223983765,0
44,30,293,1,1,0.7087941765785217,1
44,30,294,0,0,0.3102353811264038,1
44,30,295,1,1,0.5761491656303406,1
44,30,296,0,1,0.8365359902381897,0
44,30,297,1,1,0.7811174988746643,1
44,30,298,1,1,0.7153712511062622,1
44,30,299,1,1,0.6473503708839417,1
44,30,300,0,1,0.760822057723999,0
44,30,301,1,0,0.4638458788394928,0
44,30,302,1,1,0.6080144643783569,1
44,30,303,0,0,0.3354281783103943,1
44,30,304,1,1,0.7605966329574585,1
44,30,305,0,0,0.43801987171173096,1
44,30,306,0,0,0.4078179895877838,1
44,30,307,0,0,0.3446783423423767,1
44,30,308,0,0,0.2548001706600189,1
44,30,309,0,0,0.34621724486351013,1
44,30,310,0,0,0.022850019857287407,1
44,30,311,0,0,0.44997718930244446,1
44,30,312,0,0,0.493360310792923,1
44,30,313,0,0,0.10829170048236847,1
44,30,314,0,0,0.4283166527748108,1
44,30,315,0,1,0.7763948440551758,0
44,40,0,0,1,0.6716578602790833,0
44,40,1,1,0,0.0659300684928894,0
44,40,2,0,0,0.4990350902080536,1
44,40,3,1,1,0.5862233638763428,1
44,40,4,0,1,0.6767246127128601,0
44,40,5,1,0,0.30832013487815857,0
44,40,6,0,1,0.5195460319519043,0
44,40,7,1,0,0.18323765695095062,0
44,40,8,0,1,0.7711907625198364,0
44,40,9,0,0,0.27981793880462646,1
44,40,10,1,0,0.20463663339614868,0
44,40,11,1,1,0.6017383337020874,1
44,40,12,0,1,0.5597062110900879,0
44,40,13,0,0,0.18067282438278198,1
44,40,14,1,0,0.4021954834461212,0
44,40,15,1,1,0.659966230392456,1
44,40,16,1,0,0.47516554594039917,0
44,40,17,0,0,0.3202308118343353,1
44,40,18,0,1,0.5087894797325134,0
44,40,19,1,1,0.5712709426879883,1
44,40,20,0,1,0.7792137265205383,0
44,40,21,0,0,0.17107857763767242,1
44,40,22,1,0,0.28710147738456726,0
44,40,23,0,0,0.41547709703445435,1
44,40,24,1,0,0.3298359215259552,0
44,40,25,0,0,0.4195270240306854,1
44,40,26,0,0,0.14018292725086212,1
44,40,27,0,1,0.7077844738960266,0
44,40,28,0,0,0.36333250999450684,1
44,40,29,0,1,0.9618370532989502,0
44,40,30,0,1,0.9235163331031799,0
44,40,31,0,0,0.14780321717262268,1
44,40,32,1,1,0.5971621870994568,1
44,40,33,1,0,0.3899695873260498,0
44,40,34,1,1,0.5991467237472534,1
44,40,35,1,0,0.4757269322872162,0
44,40,36,1,0,0.3279085159301758,0
44,40,37,1,0,0.1720178872346878,0
44,40,38,0,1,0.5832020044326782,0
44,40,39,1,1,0.6454172730445862,1
44,40,40,0,1,0.5824861526489258,0
44,40,41,1,0,0.22042691707611084,0
44,40,42,0,0,0.3318009674549103,1
44,40,43,0,0,0.4067069888114929,1
44,40,44,1,1,0.6473092436790466,1
44,40,45,0,1,0.657496452331543,0
44,40,46,1,0,0.40852266550064087,0
44,40,47,1,0,0.46308615803718567,0
44,40,48,0,0,0.3037196695804596,1
44,40,49,1,1,0.5058445930480957,1
44,40,50,1,1,0.5230841040611267,1
44,40,51,0,1,0.6609255075454712,0
44,40,52,0,0,0.45021307468414307,1
44,40,53,1,1,0.5096550583839417,1
44,40,54,0,0,0.31758320331573486,1
44,40,55,0,0,0.4023425877094269,1
44,40,56,1,1,0.5277742743492126,1
44,40,57,0,1,0.683594286441803,0
44,40,58,1,1,0.6348872780799866,1
44,40,59,0,1,0.6053000092506409,0
44,40,60,1,0,0.3747693598270416,0
44,40,61,0,1,0.7318581342697144,0
44,40,62,0,1,0.5823553204536438,0
44,40,63,1,1,0.542608380317688,1
44,40,64,0,1,0.5042989253997803,0
44,40,65,0,1,0.6485280990600586,0
44,40,66,0,1,0.5649005770683289,0
44,40,67,0,0,0.4560524821281433,1
44,40,68,0,1,0.6706444025039673,0
44,40,69,1,0,0.4946829080581665,0
44,40,70,0,0,0.4677472710609436,1
44,40,71,1,0,0.33997833728790283,0
44,40,72,0,1,0.7635484337806702,0
44,40,73,0,1,0.565717339515686,0
44,40,74,0,1,0.5472734570503235,0
44,40,75,0,0,0.4817189574241638,1
44,40,76,0,0,0.4736780822277069,1
44,40,77,1,0,0.43189477920532227,0
44,40,78,1,1,0.7131576538085938,1
44,40,79,1,0,0.28098469972610474,0
44,40,80,0,0,0.4602647125720978,1
44,40,81,1,0,0.4617987275123596,0
44,40,82,0,0,0.29973745346069336,1
44,40,83,1,1,0.751223623752594,1
44,40,84,1,1,0.6490480899810791,1
44,40,85,1,1,0.7797044515609741,1
44,40,86,1,1,0.6918292045593262,1
44,40,87,1,1,0.5221909284591675,1
44,40,88,1,1,0.6051664352416992,1
44,40,89,1,0,0.3053077161312103,0
44,40,90,1,1,0.8094576597213745,1
44,40,91,1,0,0.48011016845703125,0
44,40,92,0,0,0.26229098439216614,1
44,40,93,0,0,0.2739894390106201,1
44,40,94,0,1,0.5483241081237793,0
44,40,95,0,1,0.5936293005943298,0
44,40,96,1,0,0.2914147973060608,0
44,40,97,1,0,0.39751917123794556,0
44,40,98,1,0,0.4110468029975891,0
44,40,99,0,0,0.4970681071281433,1
44,40,100,1,1,0.6220160722732544,1
44,40,101,1,1,0.7293735146522522,1
44,40,102,1,1,0.6214597821235657,1
44,40,103,0,0,0.0680270865559578,1
44,40,104,1,1,0.7146843671798706,1
44,40,105,0,0,0.3872910737991333,1
44,40,106,1,1,0.594933271408081,1
44,40,107,1,1,0.5435225963592529,1
44,40,108,1,1,0.5761871337890625,1
44,40,109,0,1,0.5069077610969543,0
44,40,110,1,0,0.4871439039707184,0
44,40,111,0,1,0.5748718976974487,0
44,40,112,1,1,0.6679224967956543,1
44,40,113,0,0,0.17573776841163635,1
44,40,114,0,0,0.27043941617012024,1
44,40,115,0,1,0.5627505779266357,0
44,40,116,1,1,0.548079252243042,1
44,40,117,0,0,0.06417994946241379,1
44,40,118,0,1,0.5179153680801392,0
44,40,119,1,1,0.7982932925224304,1
44,40,120,1,1,0.6692014932632446,1
44,40,121,1,1,0.6055513024330139,1
44,40,122,1,1,0.580272912979126,1
44,40,123,0,0,0.3915020823478699,1
44,40,124,1,0,0.26156678795814514,0
44,40,125,1,0,0.36163192987442017,0
44,40,126,0,1,0.564422607421875,0
44,40,127,0,1,0.7860105633735657,0
44,40,128,1,1,0.586316704750061,1
44,40,129,1,1,0.5543502569198608,1
44,40,130,1,1,0.5671525597572327,1
44,40,131,1,1,0.5848387479782104,1
44,40,132,1,1,0.5281215310096741,1
44,40,133,0,0,0.3971047103404999,1
44,40,134,0,0,0.4490078389644623,1
44,40,135,0,0,0.31542345881462097,1
44,40,136,0,0,0.2763313353061676,1
44,40,137,1,1,0.5553473830223083,1
44,40,138,1,1,0.6927026510238647,1
44,40,139,0,0,0.3827022612094879,1
44,40,140,1,0,0.4421844780445099,0
44,40,141,1,1,0.527578592300415,1
44,40,142,1,1,0.6121665835380554,1
44,40,143,1,1,0.7514079809188843,1
44,40,144,1,1,0.5769262313842773,1
44,40,145,1,1,0.5029137134552002,1
44,40,146,1,1,0.7605670690536499,1
44,40,147,0,1,0.6511632204055786,0
44,40,148,0,0,0.31593215465545654,1
44,40,149,0,0,0.1998986303806305,1
44,40,150,1,0,0.4340662956237793,0
44,40,151,1,1,0.5506852269172668,1
44,40,152,0,0,0.3063710331916809,1
44,40,153,0,1,0.6119186282157898,0
44,40,154,1,0,0.4884929358959198,0
44,40,155,1,0,0.3286762833595276,0
44,40,156,0,0,0.3143813908100128,1
44,40,157,0,1,0.6652853488922119,0
44,40,158,0,0,0.3788726031780243,1
44,40,159,0,0,0.31493374705314636,1
44,40,160,0,1,0.8432137966156006,0
44,40,161,1,1,0.8014662861824036,1
44,40,162,1,0,0.29186564683914185,0
44,40,163,1,1,0.5017054080963135,1
44,40,164,1,1,0.6425577402114868,1
44,40,165,1,1,0.6672690510749817,1
44,40,166,1,1,0.5408667922019958,1
44,40,167,0,0,0.3394850492477417,1
44,40,168,1,0,0.36365386843681335,0
44,40,169,0,0,0.48809555172920227,1
44,40,170,1,1,0.5490341782569885,1
44,40,171,1,0,0.4681307375431061,0
44,40,172,0,1,0.5342275500297546,0
44,40,173,1,0,0.42877355217933655,0
44,40,174,0,0,0.011280519887804985,1
44,40,175,0,1,0.6807366013526917,0
44,40,176,1,1,0.7560866475105286,1
44,40,177,1,0,0.3684925138950348,0
44,40,178,1,1,0.635066568851471,1
44,40,179,0,0,0.29034367203712463,1
44,40,180,0,0,0.27292701601982117,1
44,40,181,1,1,0.8507205247879028,1
44,40,182,0,0,0.333819180727005,1
44,40,183,0,0,0.1788240522146225,1
44,40,184,0,0,0.3484756648540497,1
44,40,185,0,0,0.4857872426509857,1
44,40,186,0,1,0.5446863770484924,0
44,40,187,1,1,0.6678025126457214,1
44,40,188,1,1,0.9355745911598206,1
44,40,189,0,0,0.49707722663879395,1
44,40,190,0,1,0.8755013942718506,0
44,40,191,0,1,0.6620647311210632,0
44,40,192,0,1,0.5050665140151978,0
44,40,193,1,1,0.5440953373908997,1
44,40,194,0,0,0.43607282638549805,1
44,40,195,0,1,0.6047767400741577,0
44,40,196,0,1,0.5825325846672058,0
44,40,197,1,0,0.4966164231300354,0
44,40,198,0,0,0.2129780799150467,1
44,40,199,0,0,0.2983250021934509,1
44,40,200,1,0,0.3485851287841797,0
44,40,201,0,0,0.15938392281532288,1
44,40,202,0,0,0.26579737663269043,1
44,40,203,0,1,0.5322452187538147,0
44,40,204,1,0,0.4369659423828125,0
44,40,205,1,0,0.4351324141025543,0
44,40,206,1,0,0.33348920941352844,0
44,40,207,0,1,0.7237111330032349,0
44,40,208,0,0,0.3150610625743866,1
44,40,209,0,1,0.5728201866149902,0
44,40,210,1,1,0.629264771938324,1
44,40,211,1,0,0.27378201484680176,0
44,40,212,1,1,0.6861470937728882,1
44,40,213,0,0,0.13939273357391357,1
44,40,214,0,0,0.11845394968986511,1
44,40,215,0,0,0.4529772102832794,1
44,40,216,1,0,0.352190226316452,0
44,40,217,0,1,0.5293229818344116,0
44,40,218,1,0,0.38132593035697937,0
44,40,219,1,0,0.46282872557640076,0
44,40,220,1,0,0.33059075474739075,0
44,40,221,1,1,0.7461708784103394,1
44,40,222,1,1,0.602048397064209,1
44,40,223,1,1,0.7972710728645325,1
44,40,224,1,0,0.4674845337867737,0
44,40,225,0,1,0.5330808758735657,0
44,40,226,1,1,0.6599920988082886,1
44,40,227,0,1,0.564271867275238,0
44,40,228,0,0,0.13769322633743286,1
44,40,229,0,1,0.5330196022987366,0
44,40,230,1,0,0.243813619017601,0
44,40,231,0,1,0.7236215472221375,0
44,40,232,1,1,0.6998953223228455,1
44,40,233,1,0,0.16630971431732178,0
44,40,234,1,1,0.6615248918533325,1
44,40,235,0,0,0.2442789226770401,1
44,40,236,1,1,0.6714363098144531,1
44,40,237,1,1,0.7104226350784302,1
44,40,238,0,1,0.7651548385620117,0
44,40,239,0,0,0.48001202940940857,1
44,40,240,0,1,0.7017143368721008,0
44,40,241,1,1,0.5122043490409851,1
44,40,242,1,0,0.23663169145584106,0
44,40,243,0,1,0.7004613876342773,0
44,40,244,1,1,0.7652125954627991,1
44,40,245,1,1,0.8700779676437378,1
44,40,246,0,1,0.5097025632858276,0
44,40,247,1,1,0.6293809413909912,1
44,40,248,1,1,0.5754827857017517,1
44,40,249,1,1,0.516849935054779,1
44,40,250,1,0,0.46065106987953186,0
44,40,251,1,1,0.8507037162780762,1
44,40,252,0,1,0.5075350403785706,0
44,40,253,1,1,0.779524028301239,1
44,40,254,0,0,0.07734397053718567,1
44,40,255,1,1,0.6202064156532288,1
44,40,256,0,1,0.7364612817764282,0
44,40,257,0,1,0.5370298624038696,0
44,40,258,0,1,0.55426025390625,0
44,40,259,0,1,0.564409613609314,0
44,40,260,0,0,0.18031835556030273,1
44,40,261,0,1,0.788196861743927,0
44,40,262,1,1,0.6229214072227478,1
44,40,263,1,1,0.7810078263282776,1
44,40,264,1,0,0.3494857847690582,0
44,40,265,0,1,0.7605884671211243,0
44,40,266,1,1,0.8269543051719666,1
44,40,267,1,0,0.05461971089243889,0
44,40,268,1,1,0.710037887096405,1
44,40,269,0,0,0.37943732738494873,1
44,40,270,1,1,0.551342248916626,1
44,40,271,0,1,0.6000077128410339,0
44,40,272,0,0,0.2941475808620453,1
44,40,273,1,1,0.6224426627159119,1
44,40,274,1,1,0.7982612252235413,1
44,40,275,0,1,0.5095592141151428,0
44,40,276,0,0,0.38135436177253723,1
44,40,277,1,1,0.6226630806922913,1
44,40,278,0,1,0.5271835923194885,0
44,40,279,0,0,0.3174944818019867,1
44,40,280,1,1,0.7990034818649292,1
44,40,281,0,0,0.07438664138317108,1
44,40,282,0,0,0.4271577000617981,1
44,40,283,0,1,0.5510158538818359,0
44,40,284,1,1,0.5414307713508606,1
44,40,285,0,0,0.4956722557544708,1
44,40,286,0,0,0.47208330035209656,1
44,40,287,1,1,0.6003347039222717,1
44,40,288,1,0,0.327411025762558,0
44,40,289,0,1,0.5157257318496704,0
44,40,290,0,0,0.23551595211029053,1
44,40,291,1,1,0.5758981704711914,1
44,40,292,1,1,0.5238643288612366,1
44,40,293,1,1,0.7305437326431274,1
44,40,294,0,0,0.2832501232624054,1
44,40,295,1,1,0.5758095979690552,1
44,40,296,0,1,0.8396509885787964,0
44,40,297,1,1,0.849403440952301,1
44,40,298,1,1,0.658701479434967,1
44,40,299,1,1,0.6640044450759888,1
44,40,300,0,1,0.803822934627533,0
44,40,301,1,0,0.4648627042770386,0
44,40,302,1,1,0.6072651743888855,1
44,40,303,0,0,0.31834906339645386,1
44,40,304,1,1,0.7966089844703674,1
44,40,305,0,0,0.41949811577796936,1
44,40,306,0,0,0.4004311263561249,1
44,40,307,0,0,0.3659200668334961,1
44,40,308,0,0,0.4347808361053467,1
44,40,309,0,0,0.3413122296333313,1
44,40,310,0,0,0.01396707259118557,1
44,40,311,0,0,0.4466562271118164,1
44,40,312,0,1,0.5141112208366394,0
44,40,313,0,0,0.11129839718341827,1
44,40,314,0,0,0.3692794442176819,1
44,40,315,0,1,0.8099665641784668,0
44,50,0,0,1,0.5729573369026184,0
44,50,1,1,0,0.08092997223138809,0
44,50,2,0,1,0.5034246444702148,0
44,50,3,1,1,0.5886012315750122,1
44,50,4,0,1,0.6488085389137268,0
44,50,5,1,0,0.28237301111221313,0
44,50,6,0,1,0.5370909571647644,0
44,50,7,1,0,0.1388198584318161,0
44,50,8,0,1,0.7815621495246887,0
44,50,9,0,0,0.273019403219223,1
44,50,10,1,0,0.1635373830795288,0
44,50,11,1,1,0.6705428957939148,1
44,50,12,0,1,0.5709322690963745,0
44,50,13,0,0,0.1870768815279007,1
44,50,14,1,0,0.45358791947364807,0
44,50,15,1,1,0.6297120451927185,1
44,50,16,1,0,0.46560606360435486,0
44,50,17,0,0,0.2665727138519287,1
44,50,18,0,1,0.5118730664253235,0
44,50,19,1,1,0.6134507656097412,1
44,50,20,0,1,0.7194737792015076,0
44,50,21,0,0,0.12781919538974762,1
44,50,22,1,0,0.31238141655921936,0
44,50,23,0,0,0.3765279948711395,1
44,50,24,1,0,0.3101685643196106,0
44,50,25,0,0,0.4264673590660095,1
44,50,26,0,0,0.18536758422851562,1
44,50,27,0,1,0.7000185251235962,0
44,50,28,0,0,0.2849542796611786,1
44,50,29,0,1,0.9594902396202087,0
44,50,30,0,1,0.9137214422225952,0
44,50,31,0,0,0.12966416776180267,1
44,50,32,1,1,0.6050954461097717,1
44,50,33,1,0,0.436919629573822,0
44,50,34,1,1,0.5610942244529724,1
44,50,35,1,0,0.48663637042045593,0
44,50,36,1,0,0.36806270480155945,0
44,50,37,1,0,0.12311233580112457,0
44,50,38,0,1,0.6067848205566406,0
44,50,39,1,1,0.6362400650978088,1
44,50,40,0,1,0.5742031335830688,0
44,50,41,1,0,0.22917580604553223,0
44,50,42,0,0,0.3167157471179962,1
44,50,43,0,0,0.32802897691726685,1
44,50,44,1,1,0.6746713519096375,1
44,50,45,0,1,0.6537614464759827,0
44,50,46,1,0,0.42863744497299194,0
44,50,47,1,0,0.4922310709953308,0
44,50,48,0,0,0.27452921867370605,1
44,50,49,1,1,0.5351008772850037,1
44,50,50,1,1,0.5324763059616089,1
44,50,51,0,1,0.6580720543861389,0
44,50,52,0,0,0.43839946389198303,1
44,50,53,1,0,0.49022820591926575,0
44,50,54,0,0,0.27720949053764343,1
44,50,55,0,0,0.4040703773498535,1
44,50,56,1,1,0.5225462317466736,1
44,50,57,0,1,0.6564653515815735,0
44,50,58,1,1,0.6622180938720703,1
44,50,59,0,1,0.5621953010559082,0
44,50,60,1,0,0.35296201705932617,0
44,50,61,0,1,0.7243570685386658,0
44,50,62,0,1,0.5375551581382751,0
44,50,63,1,1,0.5700027346611023,1
44,50,64,0,0,0.48224350810050964,1
44,50,65,0,1,0.6642481684684753,0
44,50,66,0,1,0.5635378956794739,0
44,50,67,0,1,0.5032098889350891,0
44,50,68,0,1,0.6563742160797119,0
44,50,69,1,1,0.5426668524742126,1
44,50,70,0,0,0.4198285639286041,1
44,50,71,1,0,0.26160481572151184,0
44,50,72,0,1,0.7500417828559875,0
44,50,73,0,1,0.5574552416801453,0
44,50,74,0,1,0.5416210293769836,0
44,50,75,0,0,0.4853093922138214,1
44,50,76,0,0,0.44447505474090576,1
44,50,77,1,0,0.4272008240222931,0
44,50,78,1,1,0.7243981957435608,1
44,50,79,1,0,0.28324344754219055,0
44,50,80,0,0,0.4868128299713135,1
44,50,81,1,0,0.4429425895214081,0
44,50,82,0,0,0.28229790925979614,1
44,50,83,1,1,0.744767427444458,1
44,50,84,1,1,0.6178532838821411,1
44,50,85,1,1,0.7731891870498657,1
44,50,86,1,1,0.6942387223243713,1
44,50,87,1,1,0.5200514793395996,1
44,50,88,1,1,0.5921542644500732,1
44,50,89,1,0,0.38119933009147644,0
44,50,90,1,1,0.8153595328330994,1
44,50,91,1,1,0.5154144167900085,1
44,50,92,0,0,0.23257732391357422,1
44,50,93,0,0,0.2804010212421417,1
44,50,94,0,1,0.5788995027542114,0
44,50,95,0,1,0.5515714287757874,0
44,50,96,1,0,0.3450493812561035,0
44,50,97,1,0,0.3713396191596985,0
44,50,98,1,0,0.4311404824256897,0
44,50,99,0,0,0.49162107706069946,1
44,50,100,1,1,0.5922480225563049,1
44,50,101,1,1,0.7189702391624451,1
44,50,102,1,1,0.5539364814758301,1
44,50,103,0,0,0.06869562715291977,1
44,50,104,1,1,0.6359929442405701,1
44,50,105,0,0,0.41188931465148926,1
44,50,106,1,1,0.5531209707260132,1
44,50,107,1,1,0.5664698481559753,1
44,50,108,1,1,0.5554481744766235,1
44,50,109,0,0,0.4051835238933563,1
44,50,110,1,1,0.5344440937042236,1
44,50,111,0,1,0.5073751211166382,0
44,50,112,1,1,0.6539360284805298,1
44,50,113,0,0,0.2893773913383484,1
44,50,114,0,0,0.27092593908309937,1
44,50,115,0,1,0.5602691769599915,0
44,50,116,1,1,0.5989924073219299,1
44,50,117,0,0,0.04240213334560394,1
44,50,118,0,1,0.5261074900627136,0
44,50,119,1,1,0.8902677893638611,1
44,50,120,1,1,0.6954225897789001,1
44,50,121,1,1,0.6103132963180542,1
44,50,122,1,1,0.5568370223045349,1
44,50,123,0,0,0.4458804428577423,1
44,50,124,1,0,0.24648655951023102,0
44,50,125,1,0,0.3458184003829956,0
44,50,126,0,1,0.5581621527671814,0
44,50,127,0,1,0.7791304588317871,0
44,50,128,1,1,0.5967416763305664,1
44,50,129,1,1,0.5844377875328064,1
44,50,130,1,1,0.5661856532096863,1
44,50,131,1,1,0.6050654649734497,1
44,50,132,1,1,0.5725019574165344,1
44,50,133,0,0,0.33761829137802124,1
44,50,134,0,0,0.4583580493927002,1
44,50,135,0,0,0.25618916749954224,1
44,50,136,0,0,0.29831790924072266,1
44,50,137,1,1,0.5385609269142151,1
44,50,138,1,1,0.6717886924743652,1
44,50,139,0,0,0.3603219985961914,1
44,50,140,1,0,0.45715051889419556,0
44,50,141,1,0,0.47468358278274536,0
44,50,142,1,1,0.6617437601089478,1
44,50,143,1,1,0.7711828947067261,1
44,50,144,1,1,0.551761269569397,1
44,50,145,1,1,0.5135934948921204,1
44,50,146,1,1,0.7527906894683838,1
44,50,147,0,1,0.6279135942459106,0
44,50,148,0,0,0.2894946038722992,1
44,50,149,0,0,0.22257553040981293,1
44,50,150,1,0,0.4126972258090973,0
44,50,151,1,1,0.5454963445663452,1
44,50,152,0,0,0.30981555581092834,1
44,50,153,0,1,0.6273894309997559,0
44,50,154,1,0,0.43551772832870483,0
44,50,155,1,0,0.3193954825401306,0
44,50,156,0,0,0.2820304334163666,1
44,50,157,0,1,0.6728838682174683,0
44,50,158,0,0,0.3324582278728485,1
44,50,159,0,0,0.3270978033542633,1
44,50,160,0,1,0.8435540795326233,0
44,50,161,1,1,0.8792316913604736,1
44,50,162,1,0,0.27784648537635803,0
44,50,163,1,1,0.5685898661613464,1
44,50,164,1,1,0.6157175302505493,1
44,50,165,1,1,0.6741144061088562,1
44,50,166,1,1,0.5375431180000305,1
44,50,167,0,0,0.3059941232204437,1
44,50,168,1,0,0.3722328245639801,0
44,50,169,0,1,0.5089597105979919,0
44,50,170,1,1,0.5297812223434448,1
44,50,171,1,0,0.4369507431983948,0
44,50,172,0,1,0.5481271743774414,0
44,50,173,1,0,0.4708825647830963,0
44,50,174,0,0,0.0159435011446476,1
44,50,175,0,1,0.6482608318328857,0
44,50,176,1,1,0.7175270318984985,1
44,50,177,1,0,0.4502454698085785,0
44,50,178,1,1,0.6671044826507568,1
44,50,179,0,0,0.27342382073402405,1
44,50,180,0,0,0.2777557671070099,1
44,50,181,1,1,0.9092699289321899,1
44,50,182,0,0,0.34211114048957825,1
44,50,183,0,0,0.25865229964256287,1
44,50,184,0,0,0.3165643513202667,1
44,50,185,0,0,0.49397212266921997,1
44,50,186,0,1,0.5700832605361938,0
44,50,187,1,1,0.5980537533760071,1
44,50,188,1,1,0.9331094026565552,1
44,50,189,0,1,0.5141419172286987,0
44,50,190,0,1,0.7334597110748291,0
44,50,191,0,1,0.6758232712745667,0
44,50,192,0,0,0.45967450737953186,1
44,50,193,1,1,0.5425832271575928,1
44,50,194,0,0,0.39826110005378723,1
44,50,195,0,1,0.550463855266571,0
44,50,196,0,1,0.6305975914001465,0
44,50,197,1,1,0.5341448783874512,1
44,50,198,0,0,0.2042209655046463,1
44,50,199,0,0,0.2996472418308258,1
44,50,200,1,0,0.3131178319454193,0
44,50,201,0,0,0.10697537660598755,1
44,50,202,0,0,0.27307066321372986,1
44,50,203,0,1,0.5171342492103577,0
44,50,204,1,0,0.44179877638816833,0
44,50,205,1,0,0.4205353856086731,0
44,50,206,1,0,0.3607165217399597,0
44,50,207,0,1,0.7280312776565552,0
44,50,208,0,0,0.339068204164505,1
44,50,209,0,1,0.5607951879501343,0
44,50,210,1,1,0.6373010873794556,1
44,50,211,1,0,0.26204806566238403,0
44,50,212,1,1,0.6969398856163025,1
44,50,213,0,0,0.12807905673980713,1
44,50,214,0,0,0.11956215649843216,1
44,50,215,0,0,0.4001063108444214,1
44,50,216,1,0,0.34578338265419006,0
44,50,217,0,1,0.5158575177192688,0
44,50,218,1,1,0.6003972291946411,1
44,50,219,1,0,0.4596172571182251,0
44,50,220,1,0,0.25093382596969604,0
44,50,221,1,1,0.7530363202095032,1
44,50,222,1,1,0.5974532961845398,1
44,50,223,1,1,0.7527607679367065,1
44,50,224,1,0,0.4913375973701477,0
44,50,225,0,1,0.5201115012168884,0
44,50,226,1,1,0.6503366827964783,1
44,50,227,0,1,0.5569847226142883,0
44,50,228,0,0,0.16425779461860657,1
44,50,229,0,1,0.5267598032951355,0
44,50,230,1,0,0.2524113357067108,0
44,50,231,0,1,0.7378485202789307,0
44,50,232,1,1,0.6983975768089294,1
44,50,233,1,0,0.22104837000370026,0
44,50,234,1,1,0.6741592288017273,1
44,50,235,0,0,0.20228378474712372,1
44,50,236,1,1,0.6983619332313538,1
44,50,237,1,1,0.7244104146957397,1
44,50,238,0,1,0.7080468535423279,0
44,50,239,0,1,0.5188395380973816,0
44,50,240,0,1,0.7359306216239929,0
44,50,241,1,0,0.46823549270629883,0
44,50,242,1,0,0.22146905958652496,0
44,50,243,0,1,0.6939114332199097,0
44,50,244,1,1,0.7581592798233032,1
44,50,245,1,1,0.8654136061668396,1
44,50,246,0,1,0.551312267780304,0
44,50,247,1,1,0.6357575058937073,1
44,50,248,1,1,0.565248429775238,1
44,50,249,1,1,0.5300636291503906,1
44,50,250,1,0,0.481245219707489,0
44,50,251,1,1,0.870468020439148,1
44,50,252,0,0,0.48115062713623047,1
44,50,253,1,1,0.7594664096832275,1
44,50,254,0,0,0.09336785972118378,1
44,50,255,1,1,0.5840982794761658,1
44,50,256,0,1,0.7348767518997192,0
44,50,257,0,1,0.5929138660430908,0
44,50,258,0,1,0.5575782060623169,0
44,50,259,0,1,0.5406040549278259,0
44,50,260,0,0,0.16806769371032715,1
44,50,261,0,1,0.829518735408783,0
44,50,262,1,1,0.6222413182258606,1
44,50,263,1,1,0.7896993160247803,1
44,50,264,1,0,0.316738098859787,0
44,50,265,0,1,0.7345333695411682,0
44,50,266,1,1,0.8414044380187988,1
44,50,267,1,0,0.09103783965110779,0
44,50,268,1,1,0.714493989944458,1
44,50,269,0,0,0.37173378467559814,1
44,50,270,1,1,0.5415606498718262,1
44,50,271,0,1,0.5653152465820312,0
44,50,272,0,0,0.2909407913684845,1
44,50,273,1,1,0.6494677662849426,1
44,50,274,1,1,0.788566529750824,1
44,50,275,0,0,0.4742024540901184,1
44,50,276,0,0,0.38414302468299866,1
44,50,277,1,1,0.6320834159851074,1
44,50,278,0,0,0.4615039825439453,1
44,50,279,0,0,0.29589584469795227,1
44,50,280,1,1,0.7962185144424438,1
44,50,281,0,0,0.11840180307626724,1
44,50,282,0,0,0.4754747152328491,1
44,50,283,0,1,0.5531291961669922,0
44,50,284,1,1,0.5295370817184448,1
44,50,285,0,0,0.49288901686668396,1
44,50,286,0,0,0.49568143486976624,1
44,50,287,1,1,0.581384539604187,1
44,50,288,1,0,0.2872065603733063,0
44,50,289,0,1,0.5373774170875549,0
44,50,290,0,0,0.2627878487110138,1
44,50,291,1,1,0.5824580192565918,1
44,50,292,1,1,0.5013788938522339,1
44,50,293,1,1,0.7419098615646362,1
44,50,294,0,0,0.27324023842811584,1
44,50,295,1,1,0.5610910058021545,1
44,50,296,0,1,0.856240451335907,0
44,50,297,1,1,0.8463076949119568,1
44,50,298,1,1,0.7057086229324341,1
44,50,299,1,1,0.6716035604476929,1
44,50,300,0,1,0.7923672795295715,0
44,50,301,1,0,0.4722696840763092,0
44,50,302,1,1,0.5924485921859741,1
44,50,303,0,0,0.32412847876548767,1
44,50,304,1,1,0.8042154908180237,1
44,50,305,0,0,0.44132623076438904,1
44,50,306,0,0,0.4317830204963684,1
44,50,307,0,0,0.31698304414749146,1
44,50,308,0,0,0.4966934621334076,1
44,50,309,0,0,0.36625170707702637,1
44,50,310,0,0,0.01829318143427372,1
44,50,311,0,0,0.3856566846370697,1
44,50,312,0,1,0.5273981690406799,0
44,50,313,0,0,0.09826698154211044,1
44,50,314,0,0,0.41050854325294495,1
44,50,315,0,1,0.7763922214508057,0
