model,seed,source_index,true_label,predicted_label,score
adamw_linear,42,0,0,1,0.6015661954879761
adamw_linear,42,1,1,0,0.1539684385061264
adamw_linear,42,2,0,1,0.5026139616966248
adamw_linear,42,3,1,1,0.527935266494751
adamw_linear,42,4,0,0,0.36268550157546997
adamw_linear,42,5,1,0,0.34477734565734863
adamw_linear,42,6,0,1,0.5520064234733582
adamw_linear,42,7,1,0,0.3739229440689087
adamw_linear,42,8,0,1,0.650206983089447
adamw_linear,42,9,0,0,0.345551460981369
adamw_linear,42,10,1,0,0.19108456373214722
adamw_linear,42,11,1,1,0.6246219873428345
adamw_linear,42,12,0,0,0.4475967586040497
adamw_linear,42,13,0,0,0.19921858608722687
adamw_linear,42,14,1,0,0.28793948888778687
adamw_linear,42,15,1,1,0.6586173176765442
adamw_linear,42,16,1,0,0.37426769733428955
adamw_linear,42,17,0,0,0.27224671840667725
adamw_linear,42,18,0,1,0.5998114347457886
adamw_linear,42,19,1,1,0.5744451880455017
adamw_linear,42,20,0,1,0.6003836989402771
adamw_linear,42,21,0,0,0.1229964941740036
adamw_linear,42,22,1,1,0.6620462536811829
adamw_linear,42,23,0,0,0.4257540702819824
adamw_linear,42,24,1,1,0.5847592949867249
adamw_linear,42,25,0,0,0.4275011420249939
adamw_linear,42,26,0,1,0.5977243185043335
adamw_linear,42,27,0,1,0.6728846430778503
adamw_linear,42,28,0,0,0.4570994973182678
adamw_linear,42,29,0,1,0.9022653102874756
adamw_linear,42,30,0,1,0.9132238626480103
adamw_linear,42,31,0,0,0.278581440448761
adamw_linear,42,32,1,1,0.6602818369865417
adamw_linear,42,33,1,0,0.3597469627857208
adamw_linear,42,34,1,1,0.6719130277633667
adamw_linear,42,35,1,0,0.4227845072746277
adamw_linear,42,36,1,0,0.3624380826950073
adamw_linear,42,37,1,0,0.040237076580524445
adamw_linear,42,38,0,1,0.5779240727424622
adamw_linear,42,39,1,1,0.6195444464683533
adamw_linear,42,40,0,1,0.6844553351402283
adamw_linear,42,41,1,0,0.20714734494686127
adamw_linear,42,42,0,0,0.3657192587852478
adamw_linear,42,43,0,0,0.37651875615119934
adamw_linear,42,44,1,1,0.762320876121521
adamw_linear,42,45,0,0,0.49894607067108154
adamw_linear,42,46,1,0,0.3405868113040924
adamw_linear,42,47,1,1,0.5950546264648438
adamw_linear,42,48,0,0,0.18124790489673615
adamw_linear,42,49,1,0,0.08951723575592041
adamw_linear,42,50,1,1,0.5939889550209045
adamw_linear,42,51,0,1,0.6292273998260498
adamw_linear,42,52,0,1,0.508098840713501
adamw_linear,42,53,1,0,0.4905353784561157
adamw_linear,42,54,0,0,0.32947036623954773
adamw_linear,42,55,0,0,0.17044028639793396
adamw_linear,42,56,1,1,0.5257083773612976
adamw_linear,42,57,0,1,0.6401476860046387
adamw_linear,42,58,1,1,0.5930685997009277
adamw_linear,42,59,0,0,0.4275827705860138
adamw_linear,42,60,1,0,0.20563219487667084
adamw_linear,42,61,0,1,0.6614075899124146
adamw_linear,42,62,0,1,0.5707221031188965
adamw_linear,42,63,1,1,0.6266883015632629
adamw_linear,42,64,0,1,0.5791917443275452
adamw_linear,42,65,0,1,0.6516126394271851
adamw_linear,42,66,0,1,0.5523757338523865
adamw_linear,42,67,0,1,0.6819291710853577
adamw_linear,42,68,0,1,0.6852223873138428
adamw_linear,42,69,1,0,0.49028366804122925
adamw_linear,42,70,0,0,0.4161394238471985
adamw_linear,42,71,1,1,0.5019300580024719
adamw_linear,42,72,0,1,0.7281177043914795
adamw_linear,42,73,0,0,0.47044435143470764
adamw_linear,42,74,0,1,0.6830976605415344
adamw_linear,42,75,0,1,0.5326139330863953
adamw_linear,42,76,0,0,0.46910443902015686
adamw_linear,42,77,1,0,0.35910722613334656
adamw_linear,42,78,1,1,0.6625775694847107
adamw_linear,42,79,1,0,0.4008111357688904
adamw_linear,42,80,0,1,0.6711935997009277
adamw_linear,42,81,1,1,0.5199921131134033
adamw_linear,42,82,0,0,0.23177149891853333
adamw_linear,42,83,1,1,0.6964289546012878
adamw_linear,42,84,1,0,0.47908371686935425
adamw_linear,42,85,1,1,0.7253721356391907
adamw_linear,42,86,1,1,0.7502039670944214
adamw_linear,42,87,1,1,0.5837490558624268
adamw_linear,42,88,1,1,0.6681771874427795
adamw_linear,42,89,1,0,0.31400927901268005
adamw_linear,42,90,1,1,0.7728166580200195
adamw_linear,42,91,1,1,0.5159047245979309
adamw_linear,42,92,0,0,0.21795983612537384
adamw_linear,42,93,0,0,0.30023178458213806
adamw_linear,42,94,0,1,0.8400344848632812
adamw_linear,42,95,0,1,0.5400890707969666
adamw_linear,42,96,1,0,0.35932642221450806
adamw_linear,42,97,1,0,0.36752286553382874
adamw_linear,42,98,1,0,0.46020573377609253
adamw_linear,42,99,0,1,0.6699574589729309
adamw_linear,42,100,1,1,0.5677674412727356
adamw_linear,42,101,1,1,0.6286689639091492
adamw_linear,42,102,1,1,0.6193064451217651
adamw_linear,42,103,0,0,0.1231662705540657
adamw_linear,42,104,1,1,0.5098990201950073
adamw_linear,42,105,0,0,0.3360618054866791
adamw_linear,42,106,1,1,0.626234233379364
adamw_linear,42,107,1,1,0.5831514596939087
adamw_linear,42,108,1,1,0.5163325667381287
adamw_linear,42,109,0,1,0.5114743709564209
adamw_linear,42,110,1,0,0.4603855609893799
adamw_linear,42,111,0,1,0.6296514868736267
adamw_linear,42,112,1,1,0.6862539052963257
adamw_linear,42,113,0,0,0.1518009752035141
adamw_linear,42,114,0,0,0.3146762549877167
adamw_linear,42,115,0,1,0.6138536930084229
adamw_linear,42,116,1,0,0.38886961340904236
adamw_linear,42,117,0,0,0.0710396096110344
adamw_linear,42,118,0,0,0.48733678460121155
adamw_linear,42,119,1,1,0.9045993089675903
adamw_linear,42,120,1,1,0.6770442128181458
adamw_linear,42,121,1,1,0.7704867720603943
adamw_linear,42,122,1,1,0.625200629234314
adamw_linear,42,123,0,0,0.20013104379177094
adamw_linear,42,124,1,0,0.346125990152359
adamw_linear,42,125,1,0,0.37242528796195984
adamw_linear,42,126,0,1,0.5683899521827698
adamw_linear,42,127,0,1,0.7860503196716309
adamw_linear,42,128,1,1,0.5694489479064941
adamw_linear,42,129,1,0,0.3204578459262848
adamw_linear,42,130,1,1,0.6669800877571106
adamw_linear,42,131,1,1,0.5160159468650818
adamw_linear,42,132,1,1,0.684822678565979
adamw_linear,42,133,0,0,0.43094849586486816
adamw_linear,42,134,0,1,0.5267254710197449
adamw_linear,42,135,0,0,0.20781198143959045
adamw_linear,42,136,0,0,0.056348688900470734
adamw_linear,42,137,1,1,0.5276196002960205
adamw_linear,42,138,1,1,0.7429859042167664
adamw_linear,42,139,0,0,0.38851937651634216
adamw_linear,42,140,1,1,0.5396272540092468
adamw_linear,42,141,1,0,0.39105597138404846
adamw_linear,42,142,1,1,0.5758867859840393
adamw_linear,42,143,1,1,0.7497549057006836
adamw_linear,42,144,1,1,0.5541093945503235
adamw_linear,42,145,1,1,0.5725041031837463
adamw_linear,42,146,1,1,0.8070841431617737
adamw_linear,42,147,0,1,0.5190747380256653
adamw_linear,42,148,0,0,0.2793527841567993
adamw_linear,42,149,0,0,0.1975797414779663
adamw_linear,42,150,1,0,0.33424603939056396
adamw_linear,42,151,1,1,0.563778817653656
adamw_linear,42,152,0,0,0.39175674319267273
adamw_linear,42,153,0,0,0.49928271770477295
adamw_linear,42,154,1,1,0.5533577799797058
adamw_linear,42,155,1,0,0.4138612151145935
adamw_linear,42,156,0,0,0.3480304777622223
adamw_linear,42,157,0,1,0.70071941614151
adamw_linear,42,158,0,0,0.17923638224601746
adamw_linear,42,159,0,0,0.23846928775310516
adamw_linear,42,160,0,1,0.6975898146629333
adamw_linear,42,161,1,1,0.8915742635726929
adamw_linear,42,162,1,0,0.3529396653175354
adamw_linear,42,163,1,0,0.41828784346580505
adamw_linear,42,164,1,1,0.5317779779434204
adamw_linear,42,165,1,1,0.5972778797149658
adamw_linear,42,166,1,1,0.5377613306045532
adamw_linear,42,167,0,0,0.2238733172416687
adamw_linear,42,168,1,0,0.3153611421585083
adamw_linear,42,169,0,0,0.4360666275024414
adamw_linear,42,170,1,1,0.595106303691864
adamw_linear,42,171,1,0,0.15452881157398224
adamw_linear,42,172,0,0,0.4403238296508789
adamw_linear,42,173,1,1,0.5241308808326721
adamw_linear,42,174,0,0,0.06176610663533211
adamw_linear,42,175,0,1,0.6033356785774231
adamw_linear,42,176,1,1,0.5363484025001526
adamw_linear,42,177,1,0,0.43022775650024414
adamw_linear,42,178,1,1,0.8045626878738403
adamw_linear,42,179,0,0,0.14656417071819305
adamw_linear,42,180,0,0,0.2751652002334595
adamw_linear,42,181,1,0,0.36407554149627686
adamw_linear,42,182,0,1,0.5153326392173767
adamw_linear,42,183,0,0,0.20452848076820374
adamw_linear,42,184,0,0,0.49632418155670166
adamw_linear,42,185,0,0,0.4897143542766571
adamw_linear,42,186,0,1,0.6724584102630615
adamw_linear,42,187,1,0,0.4928436577320099
adamw_linear,42,188,1,1,0.7712461352348328
adamw_linear,42,189,0,0,0.43694454431533813
adamw_linear,42,190,0,1,0.6564636826515198
adamw_linear,42,191,0,1,0.6492189168930054
adamw_linear,42,192,0,1,0.5517750978469849
adamw_linear,42,193,1,0,0.47197332978248596
adamw_linear,42,194,0,0,0.4033801555633545
adamw_linear,42,195,0,1,0.6845445036888123
adamw_linear,42,196,0,1,0.5214856863021851
adamw_linear,42,197,1,1,0.5697384476661682
adamw_linear,42,198,0,0,0.17824293673038483
adamw_linear,42,199,0,0,0.3746751844882965
adamw_linear,42,200,1,0,0.42849111557006836
adamw_linear,42,201,0,0,0.2645242512226105
adamw_linear,42,202,0,0,0.22742101550102234
adamw_linear,42,203,0,1,0.6097130179405212
adamw_linear,42,204,1,1,0.5481983423233032
adamw_linear,42,205,1,0,0.3806503415107727
adamw_linear,42,206,1,0,0.35145318508148193
adamw_linear,42,207,0,1,0.6974263191223145
adamw_linear,42,208,0,1,0.5544139742851257
adamw_linear,42,209,0,1,0.6743075251579285
adamw_linear,42,210,1,1,0.6455660462379456
adamw_linear,42,211,1,0,0.2559230923652649
adamw_linear,42,212,1,1,0.6800695657730103
adamw_linear,42,213,0,1,0.5256074666976929
adamw_linear,42,214,0,0,0.09201031178236008
adamw_linear,42,215,0,0,0.3339592516422272
adamw_linear,42,216,1,0,0.37091878056526184
adamw_linear,42,217,0,0,0.34756404161453247
adamw_linear,42,218,1,1,0.586287796497345
adamw_linear,42,219,1,0,0.4048587679862976
adamw_linear,42,220,1,0,0.42487066984176636
adamw_linear,42,221,1,1,0.7252863049507141
adamw_linear,42,222,1,0,0.4897257387638092
adamw_linear,42,223,1,1,0.643856942653656
adamw_linear,42,224,1,0,0.3220774233341217
adamw_linear,42,225,0,0,0.4384228587150574
adamw_linear,42,226,1,1,0.5672838687896729
adamw_linear,42,227,0,1,0.6691046953201294
adamw_linear,42,228,0,0,0.11590536683797836
adamw_linear,42,229,0,0,0.4844270646572113
adamw_linear,42,230,1,1,0.5008059144020081
adamw_linear,42,231,0,1,0.6717038750648499
adamw_linear,42,232,1,1,0.572272002696991
adamw_linear,42,233,1,0,0.3662256896495819
adamw_linear,42,234,1,1,0.6394397616386414
adamw_linear,42,235,0,0,0.20868544280529022
adamw_linear,42,236,1,1,0.7428764700889587
adamw_linear,42,237,1,1,0.700823187828064
adamw_linear,42,238,0,0,0.48949337005615234
adamw_linear,42,239,0,1,0.5863397717475891
adamw_linear,42,240,0,1,0.7961775660514832
adamw_linear,42,241,1,0,0.4550510048866272
adamw_linear,42,242,1,0,0.15529108047485352
adamw_linear,42,243,0,1,0.6456215977668762
adamw_linear,42,244,1,1,0.8126664757728577
adamw_linear,42,245,1,1,0.9093011617660522
adamw_linear,42,246,0,1,0.5404627919197083
adamw_linear,42,247,1,1,0.5819688439369202
adamw_linear,42,248,1,1,0.5286629796028137
adamw_linear,42,249,1,1,0.5181442499160767
adamw_linear,42,250,1,1,0.59087073802948
adamw_linear,42,251,1,1,0.8593912124633789
adamw_linear,42,252,0,0,0.2051628977060318
adamw_linear,42,253,1,1,0.8349453806877136
adamw_linear,42,254,0,0,0.12456227838993073
adamw_linear,42,255,1,1,0.5187729001045227
adamw_linear,42,256,0,1,0.7482320070266724
adamw_linear,42,257,0,0,0.16414061188697815
adamw_linear,42,258,0,1,0.5901591777801514
adamw_linear,42,259,0,1,0.5516095757484436
adamw_linear,42,260,0,0,0.2110576331615448
adamw_linear,42,261,0,1,0.7320405840873718
adamw_linear,42,262,1,1,0.7946919798851013
adamw_linear,42,263,1,1,0.692837655544281
adamw_linear,42,264,1,0,0.33075544238090515
adamw_linear,42,265,0,1,0.600181519985199
adamw_linear,42,266,1,1,0.660528302192688
adamw_linear,42,267,1,0,0.03888576850295067
adamw_linear,42,268,1,1,0.7691429257392883
adamw_linear,42,269,0,0,0.2897301912307739
adamw_linear,42,270,1,1,0.5307129621505737
adamw_linear,42,271,0,1,0.5094646215438843
adamw_linear,42,272,0,0,0.4255606532096863
adamw_linear,42,273,1,1,0.5004868507385254
adamw_linear,42,274,1,1,0.7190186381340027
adamw_linear,42,275,0,1,0.5138450264930725
adamw_linear,42,276,0,0,0.26853230595588684
adamw_linear,42,277,1,1,0.6713780760765076
adamw_linear,42,278,0,0,0.040276311337947845
adamw_linear,42,279,0,0,0.33741357922554016
adamw_linear,42,280,1,1,0.776547908782959
adamw_linear,42,281,0,0,0.05578209087252617
adamw_linear,42,282,0,0,0.4770691394805908
adamw_linear,42,283,0,0,0.4443615972995758
adamw_linear,42,284,1,1,0.5467052459716797
adamw_linear,42,285,0,0,0.3096112310886383
adamw_linear,42,286,0,1,0.645928144454956
adamw_linear,42,287,1,1,0.6034060716629028
adamw_linear,42,288,1,0,0.4160347878932953
adamw_linear,42,289,0,0,0.4065626859664917
adamw_linear,42,290,0,0,0.2916644215583801
adamw_linear,42,291,1,1,0.8613764047622681
adamw_linear,42,292,1,1,0.528032660484314
adamw_linear,42,293,1,1,0.7251222729682922
adamw_linear,42,294,0,0,0.32095175981521606
adamw_linear,42,295,1,1,0.5838931202888489
adamw_linear,42,296,0,1,0.834179162979126
adamw_linear,42,297,1,1,0.8304989337921143
adamw_linear,42,298,1,1,0.9047443866729736
adamw_linear,42,299,1,1,0.6468847393989563
adamw_linear,42,300,0,1,0.7969213724136353
adamw_linear,42,301,1,0,0.43336760997772217
adamw_linear,42,302,1,1,0.6135460734367371
adamw_linear,42,303,0,0,0.4461385905742645
adamw_linear,42,304,1,1,0.7350472211837769
adamw_linear,42,305,0,1,0.5765531659126282
adamw_linear,42,306,0,0,0.28333428502082825
adamw_linear,42,307,0,0,0.25950244069099426
adamw_linear,42,308,0,0,0.4835350215435028
adamw_linear,42,309,0,0,0.11487571895122528
adamw_linear,42,310,0,0,0.11996591836214066
adamw_linear,42,311,0,0,0.41542741656303406
adamw_linear,42,312,0,1,0.5721906423568726
adamw_linear,42,313,0,0,0.08361945301294327
adamw_linear,42,314,0,0,0.3892878592014313
adamw_linear,42,315,0,1,0.7409165501594543
logistic_l2,42,0,0,1,2.5374528638389258
logistic_l2,42,1,1,0,-2.494409196911542
logistic_l2,42,2,0,0,-0.5154504546948533
logistic_l2,42,3,1,0,-0.4776334611893367
logistic_l2,42,4,0,0,-3.064069910368961
logistic_l2,42,5,1,0,-1.5902462442970733
logistic_l2,42,6,0,0,-1.9229836348009863
logistic_l2,42,7,1,0,-1.3816495859588362
logistic_l2,42,8,0,1,1.5630810363562149
logistic_l2,42,9,0,0,-1.5848446295999614
logistic_l2,42,10,1,0,-4.2310152296169505
logistic_l2,42,11,1,1,1.855420093890434
logistic_l2,42,12,0,0,-0.3477938049146595
logistic_l2,42,13,0,0,-6.6493884612350005
logistic_l2,42,14,1,0,-1.0938673339155511
logistic_l2,42,15,1,1,0.4976926156194045
logistic_l2,42,16,1,0,-1.1271072501520023
logistic_l2,42,17,0,0,-4.994992389901077
logistic_l2,42,18,0,1,0.6899038273590476
logistic_l2,42,19,1,1,1.2157378925564697
logistic_l2,42,20,0,0,-2.500666607850958
logistic_l2,42,21,0,0,-5.306899726176557
logistic_l2,42,22,1,1,3.6622451369348297
logistic_l2,42,23,0,0,-0.6658858482735752
logistic_l2,42,24,1,1,0.22393449789970424
logistic_l2,42,25,0,1,0.3590263261491462
logistic_l2,42,26,0,1,1.0370105869694917
logistic_l2,42,27,0,0,-1.255544628155468
logistic_l2,42,28,0,0,-2.162376146296005
logistic_l2,42,29,0,1,3.5091582395468905
logistic_l2,42,30,0,1,3.193415281107557
logistic_l2,42,31,0,0,-4.233557082782828
logistic_l2,42,32,1,1,2.2323079182431234
logistic_l2,42,33,1,1,1.7020731769251705
logistic_l2,42,34,1,1,0.6577087017508875
logistic_l2,42,35,1,0,-2.3125536604881307
logistic_l2,42,36,1,1,0.5271286471531285
logistic_l2,42,37,1,0,-4.280260197210663
logistic_l2,42,38,0,0,-0.3175137980859127
logistic_l2,42,39,1,0,-1.3664629970316993
logistic_l2,42,40,0,1,1.3592335232473998
logistic_l2,42,41,1,0,-0.3912869032221153
logistic_l2,42,42,0,0,-2.6396929465977097
logistic_l2,42,43,0,0,-6.0202601554557225
logistic_l2,42,44,1,1,1.9246278311590683
logistic_l2,42,45,0,0,-0.07542385352833175
logistic_l2,42,46,1,0,-1.6013358962791042
logistic_l2,42,47,1,1,1.3634918176027284
logistic_l2,42,48,0,0,-5.500358219982477
logistic_l2,42,49,1,0,-3.005039780982385
logistic_l2,42,50,1,1,2.5525084014619304
logistic_l2,42,51,0,1,1.3456797246686372
logistic_l2,42,52,0,1,1.0094508860500828
logistic_l2,42,53,1,0,-0.46219147499295243
logistic_l2,42,54,0,0,-1.0676947718804846
logistic_l2,42,55,0,0,-3.5808046717531576
logistic_l2,42,56,1,1,2.1454134838237837
logistic_l2,42,57,0,1,1.1500826933442017
logistic_l2,42,58,1,1,0.6682201894776503
logistic_l2,42,59,0,0,-1.935412139349891
logistic_l2,42,60,1,0,-2.566361086200659
logistic_l2,42,61,0,1,3.0778689272366138
logistic_l2,42,62,0,0,-0.32930912386246586
logistic_l2,42,63,1,0,-0.25472131258749753
logistic_l2,42,64,0,0,-1.1141043772707542
logistic_l2,42,65,0,1,2.8106318601272733
logistic_l2,42,66,0,0,-0.46798862175186773
logistic_l2,42,67,0,1,0.9487459993997744
logistic_l2,42,68,0,1,0.5297003049651157
logistic_l2,42,69,1,0,-0.7000310674872782
logistic_l2,42,70,0,0,-0.7573073626801737
logistic_l2,42,71,1,0,-0.2567068177877575
logistic_l2,42,72,0,1,2.041141142224547
logistic_l2,42,73,0,1,0.3694667958611383
logistic_l2,42,74,0,1,0.976103434930369
logistic_l2,42,75,0,0,-1.9613605799367444
logistic_l2,42,76,0,0,-0.37901015724672027
logistic_l2,42,77,1,0,-0.38174662430610573
logistic_l2,42,78,1,0,-0.9343348048321123
logistic_l2,42,79,1,0,-1.7378856715548079
logistic_l2,42,80,0,1,3.5106701209661075
logistic_l2,42,81,1,1,0.10939393548220586
logistic_l2,42,82,0,0,-0.10538483110749958
logistic_l2,42,83,1,1,0.1926308365896704
logistic_l2,42,84,1,0,-1.038025983749884
logistic_l2,42,85,1,0,-0.03668364317984088
logistic_l2,42,86,1,1,0.5387902525972217
logistic_l2,42,87,1,0,-0.2947539508604048
logistic_l2,42,88,1,1,1.8118522072141876
logistic_l2,42,89,1,1,0.6532204641738676
logistic_l2,42,90,1,1,1.5201515069571039
logistic_l2,42,91,1,1,0.4092647625849286
logistic_l2,42,92,0,0,-0.6268638069303024
logistic_l2,42,93,0,0,-1.7805024158048615
logistic_l2,42,94,0,1,1.664977950972836
logistic_l2,42,95,0,0,-0.8578986536457913
logistic_l2,42,96,1,0,-2.095047471648315
logistic_l2,42,97,1,0,-2.0741122284571047
logistic_l2,42,98,1,1,0.30759966167095826
logistic_l2,42,99,0,1,2.2852202168587925
logistic_l2,42,100,1,1,1.0261424331804445
logistic_l2,42,101,1,1,0.5295010389465259
logistic_l2,42,102,1,0,-0.9248898276711901
logistic_l2,42,103,0,0,-1.9994268780478985
logistic_l2,42,104,1,1,0.18438641565905245
logistic_l2,42,105,0,0,-0.4624951949479088
logistic_l2,42,106,1,1,1.087076264737877
logistic_l2,42,107,1,1,1.0347028339069335
logistic_l2,42,108,1,0,-0.7744994788498368
logistic_l2,42,109,0,0,-0.2972027276454469
logistic_l2,42,110,1,1,1.389528589352311
logistic_l2,42,111,0,1,0.14722307321505898
logistic_l2,42,112,1,1,0.9491191040412317
logistic_l2,42,113,0,0,-4.198898495268496
logistic_l2,42,114,0,0,-1.7270110082791563
logistic_l2,42,115,0,1,0.9192616066111462
logistic_l2,42,116,1,1,2.882854099539259
logistic_l2,42,117,0,0,-6.971944179749805
logistic_l2,42,118,0,1,0.5551217087906491
logistic_l2,42,119,1,1,1.3204619447143873
logistic_l2,42,120,1,1,2.775392601228247
logistic_l2,42,121,1,1,2.0993531755053816
logistic_l2,42,122,1,1,0.7413636590895292
logistic_l2,42,123,0,0,-2.714111850690109
logistic_l2,42,124,1,0,-1.5640132040659183
logistic_l2,42,125,1,1,0.5032162745262042
logistic_l2,42,126,0,1,0.8942956158576423
logistic_l2,42,127,0,1,1.8520998055923787
logistic_l2,42,128,1,1,0.3077006945204131
logistic_l2,42,129,1,1,1.7407212318593723
logistic_l2,42,130,1,1,1.2266193370526388
logistic_l2,42,131,1,1,0.6315631525704234
logistic_l2,42,132,1,1,4.179790408445067
logistic_l2,42,133,0,1,1.468325018262317
logistic_l2,42,134,0,1,2.4567634573885893
logistic_l2,42,135,0,0,-6.904836860856208
logistic_l2,42,136,0,0,-3.245890436770149
logistic_l2,42,137,1,1,2.3810962740855413
logistic_l2,42,138,1,1,3.550579694192882
logistic_l2,42,139,0,0,-1.7665068777453674
logistic_l2,42,140,1,1,1.0617053438610125
logistic_l2,42,141,1,0,-1.1417276701207393
logistic_l2,42,142,1,1,1.5779391871314976
logistic_l2,42,143,1,1,3.6994163388033425
logistic_l2,42,144,1,1,0.9777716810037363
logistic_l2,42,145,1,1,2.378711394404309
logistic_l2,42,146,1,1,2.106017576111588
logistic_l2,42,147,0,1,2.039851683131611
logistic_l2,42,148,0,0,-1.379869284899533
logistic_l2,42,149,0,0,-4.615426010469625
logistic_l2,42,150,1,1,1.6891662925743975
logistic_l2,42,151,1,0,-0.48693040560089496
logistic_l2,42,152,0,0,-1.9523968804941538
logistic_l2,42,153,0,1,0.09423941847052184
logistic_l2,42,154,1,1,0.3830199361670751
logistic_l2,42,155,1,1,0.18283348311038763
logistic_l2,42,156,0,0,-3.0898378814434886
logistic_l2,42,157,0,1,1.6378205513693218
logistic_l2,42,158,0,0,-4.140569892796097
logistic_l2,42,159,0,0,-0.7276159578923741
logistic_l2,42,160,0,1,2.080259378095053
logistic_l2,42,161,1,1,5.673772340668375
logistic_l2,42,162,1,0,-2.1255456016049665
logistic_l2,42,163,1,1,0.884644472945062
logistic_l2,42,164,1,1,2.115953764169836
logistic_l2,42,165,1,1,0.04762974875552439
logistic_l2,42,166,1,0,-1.0452057932015613
logistic_l2,42,167,0,0,-4.018486835830949
logistic_l2,42,168,1,1,3.0979946637457827
logistic_l2,42,169,0,1,0.4590369426884793
logistic_l2,42,170,1,1,1.2083175125114092
logistic_l2,42,171,1,0,-2.7852704486801523
logistic_l2,42,172,0,0,-1.9057432195252422
logistic_l2,42,173,1,1,2.492465987488593
logistic_l2,42,174,0,0,-5.70949328560609
logistic_l2,42,175,0,1,0.5404197167295901
logistic_l2,42,176,1,1,1.054123465854432
logistic_l2,42,177,1,1,1.9516304265618003
logistic_l2,42,178,1,1,2.062581443350129
logistic_l2,42,179,0,0,-4.671920366278363
logistic_l2,42,180,0,0,-2.398946378358333
logistic_l2,42,181,1,1,8.214436849563139
logistic_l2,42,182,0,0,-0.9964035440795707
logistic_l2,42,183,0,0,-1.7787891232122255
logistic_l2,42,184,0,0,-0.5853456532262172
logistic_l2,42,185,0,0,-1.7440561517796427
logistic_l2,42,186,0,0,-0.44833716056609807
logistic_l2,42,187,1,1,0.0059519810905588055
logistic_l2,42,188,1,1,1.071341965734296
logistic_l2,42,189,0,0,-0.23939752511680312
logistic_l2,42,190,0,1,5.82581698598566
logistic_l2,42,191,0,1,1.3147948140340155
logistic_l2,42,192,0,0,-1.1094942502683667
logistic_l2,42,193,1,1,0.3020950086795234
logistic_l2,42,194,0,0,-2.6696680946532605
logistic_l2,42,195,0,0,-1.8047875457344973
logistic_l2,42,196,0,1,1.3764596237192968
logistic_l2,42,197,1,1,0.9552477363675328
logistic_l2,42,198,0,0,-4.284987891391679
logistic_l2,42,199,0,1,0.180729707742161
logistic_l2,42,200,1,1,0.7951758551799077
logistic_l2,42,201,0,0,-4.226961907752822
logistic_l2,42,202,0,0,-0.5691609844431971
logistic_l2,42,203,0,0,-3.5833459161412784
logistic_l2,42,204,1,1,1.2128065386546234
logistic_l2,42,205,1,0,-1.9734534876319418
logistic_l2,42,206,1,0,-0.8134499202424647
logistic_l2,42,207,0,1,0.6166574465056331
logistic_l2,42,208,0,1,1.2528224495414206
logistic_l2,42,209,0,0,-0.17640983031955673
logistic_l2,42,210,1,1,0.13609754002911537
logistic_l2,42,211,1,0,-1.0477666380904598
logistic_l2,42,212,1,1,0.9973876413681071
logistic_l2,42,213,0,1,1.5553476951428127
logistic_l2,42,214,0,0,-8.616044265147984
logistic_l2,42,215,0,0,-5.275713410920233
logistic_l2,42,216,1,1,0.6761214395993114
logistic_l2,42,217,0,0,-0.9257402491608345
logistic_l2,42,218,1,1,0.48136086780759846
logistic_l2,42,219,1,0,-1.5006605429061561
logistic_l2,42,220,1,1,2.934999569163183
logistic_l2,42,221,1,0,-0.45737678043957203
logistic_l2,42,222,1,0,-0.15542911072595314
logistic_l2,42,223,1,1,1.1217100212012179
logistic_l2,42,224,1,1,2.178251751364124
logistic_l2,42,225,0,1,0.20920217295806523
logistic_l2,42,226,1,1,1.4718348513035888
logistic_l2,42,227,0,1,1.041396477257489
logistic_l2,42,228,0,0,-5.2768337071195335
logistic_l2,42,229,0,0,-0.5199371179581084
logistic_l2,42,230,1,1,1.6299224932231808
logistic_l2,42,231,0,1,1.258716792299582
logistic_l2,42,232,1,1,0.491681508751311
logistic_l2,42,233,1,1,0.5228510902801023
logistic_l2,42,234,1,1,1.2391053961197938
logistic_l2,42,235,0,0,-3.324426195173405
logistic_l2,42,236,1,1,0.395605703661576
logistic_l2,42,237,1,1,2.5975732543754564
logistic_l2,42,238,0,1,2.8681093746824193
logistic_l2,42,239,0,1,0.2144363435898878
logistic_l2,42,240,0,1,3.331504836798388
logistic_l2,42,241,1,0,-2.4504053036246862
logistic_l2,42,242,1,0,-3.3637882488331945
logistic_l2,42,243,0,1,0.36499411488448896
logistic_l2,42,244,1,1,1.8836083772149208
logistic_l2,42,245,1,1,5.427075792999648
logistic_l2,42,246,0,1,1.5711302159911398
logistic_l2,42,247,1,1,1.7329751413278254
logistic_l2,42,248,1,1,0.08268120384866462
logistic_l2,42,249,1,1,0.6876666755370693
logistic_l2,42,250,1,1,1.2378543506073325
logistic_l2,42,251,1,1,4.612296129019099
logistic_l2,42,252,0,0,-2.428948155080865
logistic_l2,42,253,1,1,1.0416673264137608
logistic_l2,42,254,0,0,-1.7816456461813721
logistic_l2,42,255,1,1,1.4379732880181662
logistic_l2,42,256,0,1,2.2185423270469298
logistic_l2,42,257,0,1,0.830267404675642
logistic_l2,42,258,0,1,1.390592911917627
logistic_l2,42,259,0,0,-0.35186758553427766
logistic_l2,42,260,0,0,-5.656834993565134
logistic_l2,42,261,0,1,2.3401713477866606
logistic_l2,42,262,1,1,2.7418678652928556
logistic_l2,42,263,1,1,1.9948468865519169
logistic_l2,42,264,1,0,-0.8258851556101325
logistic_l2,42,265,0,0,-0.12042124888989963
logistic_l2,42,266,1,1,2.3260065735238427
logistic_l2,42,267,1,1,0.6780829057744278
logistic_l2,42,268,1,1,1.8638399092051419
logistic_l2,42,269,0,0,-0.5826642021745496
logistic_l2,42,270,1,0,-3.159929702108285
logistic_l2,42,271,0,1,0.012562213143019502
logistic_l2,42,272,0,0,-1.2194484213497871
logistic_l2,42,273,1,1,0.04800962651601817
logistic_l2,42,274,1,1,1.722009585374396
logistic_l2,42,275,0,0,-1.7203151498688378
logistic_l2,42,276,0,0,-4.272173342550405
logistic_l2,42,277,1,1,0.4521270786932208
logistic_l2,42,278,0,0,-4.759345150518911
logistic_l2,42,279,0,0,-4.274160739271118
logistic_l2,42,280,1,1,2.9118503390056776
logistic_l2,42,281,0,0,-8.4421515238701
logistic_l2,42,282,0,1,0.11039050328250585
logistic_l2,42,283,0,1,0.9836883064558174
logistic_l2,42,284,1,1,0.25955154444313666
logistic_l2,42,285,0,0,-1.7157954903102812
logistic_l2,42,286,0,1,2.4372460896025374
logistic_l2,42,287,1,1,1.0349878224007334
logistic_l2,42,288,1,0,-0.32945623847626887
logistic_l2,42,289,0,0,-1.3658352191037635
logistic_l2,42,290,0,0,-0.5288786798001854
logistic_l2,42,291,1,1,5.741113664956641
logistic_l2,42,292,1,1,3.1205200704561276
logistic_l2,42,293,1,1,1.7341310108900787
logistic_l2,42,294,0,0,-2.033785469146711
logistic_l2,42,295,1,0,-0.9432507447251735
logistic_l2,42,296,0,1,3.8347047386036404
logistic_l2,42,297,1,1,3.3895967449335633
logistic_l2,42,298,1,0,-0.34497352548754523
logistic_l2,42,299,1,1,2.8034481463550267
logistic_l2,42,300,0,1,2.888128428276483
logistic_l2,42,301,1,0,-0.06598663965128648
logistic_l2,42,302,1,0,-0.6962066017723858
logistic_l2,42,303,0,1,0.9573994841106622
logistic_l2,42,304,1,1,2.7683654135249394
logistic_l2,42,305,0,1,1.9917627253870278
logistic_l2,42,306,0,0,-1.963798277739917
logistic_l2,42,307,0,0,-2.378309950471437
logistic_l2,42,308,0,1,1.6188557388212534
logistic_l2,42,309,0,0,-3.6378978720534443
logistic_l2,42,310,0,0,-0.22000961029573185
logistic_l2,42,311,0,0,-0.03559453911310298
logistic_l2,42,312,0,0,-0.8286200383187009
logistic_l2,42,313,0,0,-8.161885976079883
logistic_l2,42,314,0,0,-1.8317034957224547
logistic_l2,42,315,0,0,-1.713697020809631
ridge,42,0,0,0,-0.3304435610771179
ridge,42,1,1,1,0.13018043339252472
ridge,42,2,0,0,-0.27482905983924866
ridge,42,3,1,0,-0.322005033493042
ridge,42,4,0,0,-1.5903408527374268
ridge,42,5,1,0,-0.7157628536224365
ridge,42,6,0,1,0.0729275494813919
ridge,42,7,1,0,-0.07181209325790405
ridge,42,8,0,0,-0.24878942966461182
ridge,42,9,0,0,-1.186983346939087
ridge,42,10,1,0,-0.7689555883407593
ridge,42,11,1,1,0.31933778524398804
ridge,42,12,0,1,0.116440549492836
ridge,42,13,0,0,-2.4122838973999023
ridge,42,14,1,1,0.17644211649894714
ridge,42,15,1,1,0.3472387194633484
ridge,42,16,1,0,-0.6328063607215881
ridge,42,17,0,0,-1.7829463481903076
ridge,42,18,0,0,-0.5181069374084473
ridge,42,19,1,0,-0.46534523367881775
ridge,42,20,0,0,-1.23232102394104
ridge,42,21,0,0,-1.7268314361572266
ridge,42,22,1,1,1.75821852684021
ridge,42,23,0,0,-0.3407852053642273
ridge,42,24,1,1,0.1832965761423111
ridge,42,25,0,0,-0.1445695161819458
ridge,42,26,0,1,1.881904125213623
ridge,42,27,0,0,-1.120129108428955
ridge,42,28,0,0,-0.3681049942970276
ridge,42,29,0,1,1.2304019927978516
ridge,42,30,0,1,0.7273093461990356
ridge,42,31,0,0,-0.8551527857780457
ridge,42,32,1,1,0.6500762701034546
ridge,42,33,1,1,1.2245490550994873
ridge,42,34,1,1,0.8276730179786682
ridge,42,35,1,0,-0.7631828188896179
ridge,42,36,1,1,1.4015076160430908
ridge,42,37,1,0,-1.5534496307373047
ridge,42,38,0,0,-1.0195492506027222
ridge,42,39,1,0,-0.8565376400947571
ridge,42,40,0,0,-0.09118679165840149
ridge,42,41,1,1,0.0640885978937149
ridge,42,42,0,0,-0.6872666478157043
ridge,42,43,0,0,-2.4063522815704346
ridge,42,44,1,1,0.8295848965644836
ridge,42,45,0,0,-0.48241737484931946
ridge,42,46,1,0,-0.847509503364563
ridge,42,47,1,1,0.5475496649742126
ridge,42,48,0,0,-1.0996863842010498
ridge,42,49,1,1,0.2016548216342926
ridge,42,50,1,1,1.169029712677002
ridge,42,51,0,1,0.473822683095932
ridge,42,52,0,1,0.5019077658653259
ridge,42,53,1,0,-0.2504218518733978
ridge,42,54,0,0,-1.3044018745422363
ridge,42,55,0,0,-1.6040691137313843
ridge,42,56,1,1,0.8810591101646423
ridge,42,57,0,1,0.49322646856307983
ridge,42,58,1,1,0.9417738318443298
ridge,42,59,0,0,-1.113813877105713
ridge,42,60,1,0,-0.5177009105682373
ridge,42,61,0,1,0.9277228116989136
ridge,42,62,0,1,0.06686396896839142
ridge,42,63,1,0,-0.3207768499851227
ridge,42,64,0,0,-0.6897750496864319
ridge,42,65,0,1,1.3207215070724487
ridge,42,66,0,0,-0.46600931882858276
ridge,42,67,0,1,0.8685371279716492
ridge,42,68,0,1,0.31529179215431213
ridge,42,69,1,0,-0.5075070261955261
ridge,42,70,0,1,0.2533794939517975
ridge,42,71,1,0,-0.19766978919506073
ridge,42,72,0,1,0.831287145614624
ridge,42,73,0,1,0.06080038473010063
ridge,42,74,0,1,0.423790842294693
ridge,42,75,0,0,-0.28987255692481995
ridge,42,76,0,1,0.05797882005572319
ridge,42,77,1,0,-0.22963730990886688
ridge,42,78,1,0,-0.6150535941123962
ridge,42,79,1,0,-0.7157161235809326
ridge,42,80,0,1,1.397707223892212
ridge,42,81,1,1,0.39001116156578064
ridge,42,82,0,1,0.16996701061725616
ridge,42,83,1,1,0.19022974371910095
ridge,42,84,1,0,-0.27280503511428833
ridge,42,85,1,0,-0.38773420453071594
ridge,42,86,1,0,-0.05801394581794739
ridge,42,87,1,0,-0.28849485516548157
ridge,42,88,1,1,0.7452992796897888
ridge,42,89,1,1,0.4415014088153839
ridge,42,90,1,0,-0.3250525891780853
ridge,42,91,1,1,0.4796812832355499
ridge,42,92,0,0,-0.9538530707359314
ridge,42,93,0,0,-0.5723781585693359
ridge,42,94,0,1,1.0756280422210693
ridge,42,95,0,1,0.1701301485300064
ridge,42,96,1,0,-0.2599763870239258
ridge,42,97,1,0,-0.43679696321487427
ridge,42,98,1,1,0.7208276987075806
ridge,42,99,0,1,0.03549696505069733
ridge,42,100,1,1,0.4416674077510834
ridge,42,101,1,1,0.004751534666866064
ridge,42,102,1,0,-0.4067822992801666
ridge,42,103,0,0,-0.6553834080696106
ridge,42,104,1,1,0.07274484634399414
ridge,42,105,0,0,-0.26554998755455017
ridge,42,106,1,1,0.4463396966457367
ridge,42,107,1,1,0.2914526164531708
ridge,42,108,1,0,-0.04371938109397888
ridge,42,109,0,1,0.3622947633266449
ridge,42,110,1,0,-0.8425441384315491
ridge,42,111,0,0,-0.27337226271629333
ridge,42,112,1,0,-0.2874225676059723
ridge,42,113,0,0,-0.9839823842048645
ridge,42,114,0,0,-0.3480875790119171
ridge,42,115,0,1,0.7772161960601807
ridge,42,116,1,1,1.4170591831207275
ridge,42,117,0,0,-2.0499675273895264
ridge,42,118,0,1,0.4653545022010803
ridge,42,119,1,0,-1.1708027124404907
ridge,42,120,1,1,1.3800036907196045
ridge,42,121,1,1,0.7143316268920898
ridge,42,122,1,0,-0.057379066944122314
ridge,42,123,0,0,-0.6021586656570435
ridge,42,124,1,1,0.022100238129496574
ridge,42,125,1,1,0.29768311977386475
ridge,42,126,0,1,0.28618496656417847
ridge,42,127,0,1,0.6515517234802246
ridge,42,128,1,0,-0.11247344315052032
ridge,42,129,1,1,1.8472546339035034
ridge,42,130,1,1,0.09063175320625305
ridge,42,131,1,1,0.8374022841453552
ridge,42,132,1,1,1.559014081954956
ridge,42,133,0,1,1.6991961002349854
ridge,42,134,0,1,0.8784083127975464
ridge,42,135,0,0,-2.044041633605957
ridge,42,136,0,0,-0.08753475546836853
ridge,42,137,1,1,1.2825794219970703
ridge,42,138,1,1,1.3611549139022827
ridge,42,139,0,0,-0.22727280855178833
ridge,42,140,1,1,0.3222443163394928
ridge,42,141,1,0,-0.672042191028595
ridge,42,142,1,1,0.7350038290023804
ridge,42,143,1,1,1.429670810699463
ridge,42,144,1,1,0.4630556106567383
ridge,42,145,1,1,1.2172609567642212
ridge,42,146,1,1,0.3078153431415558
ridge,42,147,0,1,1.1149147748947144
ridge,42,148,0,1,0.3640548884868622
ridge,42,149,0,0,-1.940624475479126
ridge,42,150,1,1,0.8508524298667908
ridge,42,151,1,1,0.056327130645513535
ridge,42,152,0,0,-0.20210474729537964
ridge,42,153,0,1,0.4935075044631958
ridge,42,154,1,1,0.2722049653530121
ridge,42,155,1,1,0.5429301857948303
ridge,42,156,0,0,-1.282355546951294
ridge,42,157,0,1,0.15636108815670013
ridge,42,158,0,0,-1.1415835618972778
ridge,42,159,0,0,-0.42823177576065063
ridge,42,160,0,0,-0.2113591432571411
ridge,42,161,1,1,2.2395358085632324
ridge,42,162,1,0,-0.7927345633506775
ridge,42,163,1,1,0.40843313932418823
ridge,42,164,1,1,1.0131094455718994
ridge,42,165,1,0,-0.09599822759628296
ridge,42,166,1,0,-0.8526635766029358
ridge,42,167,0,0,-2.4464612007141113
ridge,42,168,1,1,1.449333906173706
ridge,42,169,0,1,0.43357887864112854
ridge,42,170,1,1,0.34965744614601135
ridge,42,171,1,0,-0.08420388400554657
ridge,42,172,0,0,-0.5217750668525696
ridge,42,173,1,1,1.8691753149032593
ridge,42,174,0,0,-1.306997299194336
ridge,42,175,0,1,0.7744337916374207
ridge,42,176,1,1,0.19455046951770782
ridge,42,177,1,1,0.8694729208946228
ridge,42,178,1,0,-0.156109020113945
ridge,42,179,0,0,-1.5681854486465454
ridge,42,180,0,0,-1.2264974117279053
ridge,42,181,1,1,3.4463343620300293
ridge,42,182,0,0,-0.37265491485595703
ridge,42,183,0,0,-1.1039698123931885
ridge,42,184,0,0,-0.2836029827594757
ridge,42,185,0,0,-0.8623097538948059
ridge,42,186,0,0,-0.35039010643959045
ridge,42,187,1,1,1.2286497354507446
ridge,42,188,1,1,0.0267457515001297
ridge,42,189,0,1,0.3311600089073181
ridge,42,190,0,1,3.0046463012695312
ridge,42,191,0,0,-0.06982199847698212
ridge,42,192,0,0,-0.04991762340068817
ridge,42,193,1,1,0.48598894476890564
ridge,42,194,0,0,-0.9210823774337769
ridge,42,195,0,0,-1.0394880771636963
ridge,42,196,0,1,0.1643645316362381
ridge,42,197,1,1,0.3081974685192108
ridge,42,198,0,0,-0.8718347549438477
ridge,42,199,0,1,0.23990842700004578
ridge,42,200,1,0,-0.753254234790802
ridge,42,201,0,0,-0.9361332058906555
ridge,42,202,0,0,-0.24345117807388306
ridge,42,203,0,0,-1.5202534198760986
ridge,42,204,1,1,0.731996476650238
ridge,42,205,1,0,-1.3750975131988525
ridge,42,206,1,1,0.3070371448993683
ridge,42,207,0,1,0.024234028533101082
ridge,42,208,0,1,0.42714399099349976
ridge,42,209,0,0,-0.6389273405075073
ridge,42,210,1,1,0.4046400189399719
ridge,42,211,1,1,0.3631180226802826
ridge,42,212,1,1,0.04077190160751343
ridge,42,213,0,1,0.22461381554603577
ridge,42,214,0,0,-2.370612382888794
ridge,42,215,0,0,-1.9256035089492798
ridge,42,216,1,1,1.0623341798782349
ridge,42,217,0,1,0.03275762125849724
ridge,42,218,1,0,-1.8113065958023071
ridge,42,219,1,0,-0.6415444612503052
ridge,42,220,1,1,1.7870733737945557
ridge,42,221,1,0,-0.5219751596450806
ridge,42,222,1,0,-0.31863492727279663
ridge,42,223,1,1,0.7779078483581543
ridge,42,224,1,1,1.0415765047073364
ridge,42,225,0,1,0.5427126288414001
ridge,42,226,1,1,0.6046544909477234
ridge,42,227,0,1,0.6310516595840454
ridge,42,228,0,0,-1.4908227920532227
ridge,42,229,0,0,-0.6137363314628601
ridge,42,230,1,1,1.5404704809188843
ridge,42,231,0,1,0.5428110957145691
ridge,42,232,1,1,0.5407293438911438
ridge,42,233,1,1,0.39787790179252625
ridge,42,234,1,1,0.4979115426540375
ridge,42,235,0,0,-1.575222134590149
ridge,42,236,1,0,-0.3189583420753479
ridge,42,237,1,1,1.0607784986495972
ridge,42,238,0,1,1.650894045829773
ridge,42,239,0,1,0.9152131080627441
ridge,42,240,0,1,0.9232265949249268
ridge,42,241,1,0,-0.562706470489502
ridge,42,242,1,0,-1.049074411392212
ridge,42,243,0,1,0.13958290219306946
ridge,42,244,1,1,0.26096245646476746
ridge,42,245,1,1,1.715829849243164
ridge,42,246,0,0,-0.13323132693767548
ridge,42,247,1,1,0.8181678056716919
ridge,42,248,1,0,-0.28030258417129517
ridge,42,249,1,0,-0.3305567800998688
ridge,42,250,1,1,0.44411739706993103
ridge,42,251,1,1,1.7575732469558716
ridge,42,252,0,0,-0.5565725564956665
ridge,42,253,1,0,-0.5133240818977356
ridge,42,254,0,0,-0.4401755928993225
ridge,42,255,1,1,0.4566398561000824
ridge,42,256,0,1,0.13903667032718658
ridge,42,257,0,1,0.2091996967792511
ridge,42,258,0,1,0.07515904307365417
ridge,42,259,0,0,-0.2604626417160034
ridge,42,260,0,0,-2.9100263118743896
ridge,42,261,0,1,0.7515736818313599
ridge,42,262,1,1,1.0155065059661865
ridge,42,263,1,1,0.7628373503684998
ridge,42,264,1,1,0.9218710660934448
ridge,42,265,0,1,0.30620524287223816
ridge,42,266,1,1,0.6424898505210876
ridge,42,267,1,1,0.3753955066204071
ridge,42,268,1,1,0.1219506561756134
ridge,42,269,0,1,0.5248174071311951
ridge,42,270,1,0,-1.5332262516021729
ridge,42,271,0,0,-0.13773265480995178
ridge,42,272,0,1,0.17630591988563538
ridge,42,273,1,0,-0.6538112759590149
ridge,42,274,1,0,-0.13538837432861328
ridge,42,275,0,0,-1.2787911891937256
ridge,42,276,0,0,-1.3938041925430298
ridge,42,277,1,1,0.30642643570899963
ridge,42,278,0,0,-1.231251835823059
ridge,42,279,0,0,-1.7454241514205933
ridge,42,280,1,1,1.2036234140396118
ridge,42,281,0,0,-2.2091245651245117
ridge,42,282,0,1,0.4385649859905243
ridge,42,283,0,1,0.603333055973053
ridge,42,284,1,1,0.4173220694065094
ridge,42,285,0,0,-0.4160764813423157
ridge,42,286,0,1,1.2424055337905884
ridge,42,287,1,1,0.934764564037323
ridge,42,288,1,0,-0.02319149672985077
ridge,42,289,0,0,-0.31462010741233826
ridge,42,290,0,1,0.402875155210495
ridge,42,291,1,1,1.9026401042938232
ridge,42,292,1,1,2.0320944786071777
ridge,42,293,1,1,0.9274802207946777
ridge,42,294,0,0,-0.33778315782546997
ridge,42,295,1,0,-0.79721599817276
ridge,42,296,0,1,1.0686074495315552
ridge,42,297,1,1,0.8034741878509521
ridge,42,298,1,0,-0.7782174944877625
ridge,42,299,1,0,-0.18952350318431854
ridge,42,300,0,1,0.9871081709861755
ridge,42,301,1,0,-0.024414539337158203
ridge,42,302,1,0,-0.05178576707839966
ridge,42,303,0,1,0.6965610384941101
ridge,42,304,1,1,1.1445297002792358
ridge,42,305,0,1,0.6434517502784729
ridge,42,306,0,0,-0.7469251751899719
ridge,42,307,0,0,-1.1602075099945068
ridge,42,308,0,1,2.2871313095092773
ridge,42,309,0,0,-0.42220309376716614
ridge,42,310,0,1,0.32648271322250366
ridge,42,311,0,0,-0.16216811537742615
ridge,42,312,0,0,-1.2654359340667725
ridge,42,313,0,0,-2.872126340866089
ridge,42,314,0,0,-1.3036510944366455
ridge,42,315,0,0,-1.6687415838241577
linear_svm,42,0,0,1,2.027791350873554
linear_svm,42,1,1,1,0.986601940343697
linear_svm,42,2,0,0,-0.62986059920525
linear_svm,42,3,1,0,-1.1986306544113727
linear_svm,42,4,0,0,-3.3569630797592502
linear_svm,42,5,1,0,-1.8932096334832398
linear_svm,42,6,0,0,-1.159160904959828
linear_svm,42,7,1,0,-0.18432082213201748
linear_svm,42,8,0,1,1.2222264311542095
linear_svm,42,9,0,0,-1.2483485464506174
linear_svm,42,10,1,0,-1.9885654574402762
linear_svm,42,11,1,1,2.555514254532149
linear_svm,42,12,0,0,-0.2937716754517884
linear_svm,42,13,0,0,-6.401540187371061
linear_svm,42,14,1,1,0.9501193508298331
linear_svm,42,15,1,1,0.11926425294160459
linear_svm,42,16,1,0,-0.20666230078654635
linear_svm,42,17,0,0,-4.212934014198152
linear_svm,42,18,0,1,0.2073585149843806
linear_svm,42,19,1,1,0.5840917961604701
linear_svm,42,20,0,0,-3.132364201225531
linear_svm,42,21,0,0,-3.201110466496986
linear_svm,42,22,1,1,3.5757022079265113
linear_svm,42,23,0,0,-0.6714710238620866
linear_svm,42,24,1,1,0.045947229462910244
linear_svm,42,25,0,1,0.24399236628505064
linear_svm,42,26,0,1,1.3498751509008762
linear_svm,42,27,0,0,-1.2714031703038282
linear_svm,42,28,0,0,-1.3457977685765132
linear_svm,42,29,0,1,2.391495039589662
linear_svm,42,30,0,1,1.1233323905344887
linear_svm,42,31,0,0,-3.428947126896263
linear_svm,42,32,1,1,2.0666658864320397
linear_svm,42,33,1,1,2.8895809233390484
linear_svm,42,34,1,1,0.4802096590367645
linear_svm,42,35,1,0,-1.7991580196153432
linear_svm,42,36,1,1,0.6187062294997577
linear_svm,42,37,1,0,-3.828283205973615
linear_svm,42,38,0,0,-0.4204621067525246
linear_svm,42,39,1,0,-1.4476242743645167
linear_svm,42,40,0,1,0.9189618268605888
linear_svm,42,41,1,1,0.35431435867248906
linear_svm,42,42,0,0,-1.9394991706879638
linear_svm,42,43,0,0,-7.155182521889342
linear_svm,42,44,1,1,0.9590588004563453
linear_svm,42,45,0,1,0.27008770208344224
linear_svm,42,46,1,0,-1.564802669172426
linear_svm,42,47,1,1,1.4636484047523788
linear_svm,42,48,0,0,-4.8231338854186765
linear_svm,42,49,1,0,-2.891192106986715
linear_svm,42,50,1,1,1.5994514719893607
linear_svm,42,51,0,1,1.157799117361257
linear_svm,42,52,0,1,1.6158242179576148
linear_svm,42,53,1,0,-0.10045381831110609
linear_svm,42,54,0,0,-1.332944325217533
linear_svm,42,55,0,0,-3.7500557017869833
linear_svm,42,56,1,1,1.7571786916814294
linear_svm,42,57,0,1,0.3002759135696823
linear_svm,42,58,1,1,0.8902686774828276
linear_svm,42,59,0,0,-2.589185007428202
linear_svm,42,60,1,0,-0.9951787968822478
linear_svm,42,61,0,1,3.2242585375983124
linear_svm,42,62,0,1,0.5210568733811298
linear_svm,42,63,1,0,-0.1734694865788259
linear_svm,42,64,0,0,-0.9327214871793975
linear_svm,42,65,0,1,2.415181083453632
linear_svm,42,66,0,0,-0.9630475003047693
linear_svm,42,67,0,1,0.8392988703300213
linear_svm,42,68,0,1,0.0799808497341514
linear_svm,42,69,1,0,-0.9698935328527557
linear_svm,42,70,0,0,-0.04002114472249735
linear_svm,42,71,1,0,-0.1418348100736676
linear_svm,42,72,0,1,1.5813445797214454
linear_svm,42,73,0,1,0.6812394696953502
linear_svm,42,74,0,1,1.7592054172962623
linear_svm,42,75,0,0,-2.3604623268120215
linear_svm,42,76,0,0,-0.645237158959061
linear_svm,42,77,1,1,0.23629694229604403
linear_svm,42,78,1,0,-0.9457492732792229
linear_svm,42,79,1,0,-1.099609750885456
linear_svm,42,80,0,1,2.176313368919136
linear_svm,42,81,1,1,0.18632020533159135
linear_svm,42,82,0,1,1.1237899514802434
linear_svm,42,83,1,0,-0.10614116977357632
linear_svm,42,84,1,0,-1.398078919226259
linear_svm,42,85,1,0,-0.06350157519837982
linear_svm,42,86,1,1,0.33693349199683986
linear_svm,42,87,1,0,-0.12282187713653434
linear_svm,42,88,1,1,1.3411736808913866
linear_svm,42,89,1,1,0.5880969989820026
linear_svm,42,90,1,0,-0.4367705697738506
linear_svm,42,91,1,1,0.7163866623640736
linear_svm,42,92,0,0,-1.043444500613862
linear_svm,42,93,0,0,-0.6290734589378615
linear_svm,42,94,0,1,1.2014840294676294
linear_svm,42,95,0,0,-0.6381102058947117
linear_svm,42,96,1,0,-2.9964998688174638
linear_svm,42,97,1,0,-0.7627451640810855
linear_svm,42,98,1,1,1.0621687316476258
linear_svm,42,99,0,1,1.996125077026928
linear_svm,42,100,1,0,-0.3833580061455366
linear_svm,42,101,1,0,-0.31737672036468423
linear_svm,42,102,1,0,-0.9702977522490221
linear_svm,42,103,0,0,-1.4469395013218966
linear_svm,42,104,1,1,1.1203259571496533
linear_svm,42,105,0,1,0.05734665495651409
linear_svm,42,106,1,1,0.09545303529516638
linear_svm,42,107,1,1,0.5376218172286453
linear_svm,42,108,1,0,-0.4205960322085938
linear_svm,42,109,0,1,1.1006596403303142
linear_svm,42,110,1,1,0.29873455155365336
linear_svm,42,111,0,1,0.7219276449983549
linear_svm,42,112,1,1,0.17307976293979285
linear_svm,42,113,0,0,-4.042155576928722
linear_svm,42,114,0,0,-0.9414892561780133
linear_svm,42,115,0,1,1.048627019700802
linear_svm,42,116,1,1,3.7017934956159753
linear_svm,42,117,0,0,-5.072585966944323
linear_svm,42,118,0,1,0.5529959645001343
linear_svm,42,119,1,0,-2.030258226857338
linear_svm,42,120,1,1,1.7524800859782235
linear_svm,42,121,1,1,0.07313636634584209
linear_svm,42,122,1,1,0.9083890389063042
linear_svm,42,123,0,0,-2.2097702819422813
linear_svm,42,124,1,0,-1.2032960753261785
linear_svm,42,125,1,1,0.0006404015218767212
linear_svm,42,126,0,1,0.7918663639663938
linear_svm,42,127,0,1,0.334018646688937
linear_svm,42,128,1,0,-0.7041047271946225
linear_svm,42,129,1,1,1.4199983531490747
linear_svm,42,130,1,1,0.41399136133208786
linear_svm,42,131,1,0,-0.6269074666701737
linear_svm,42,132,1,1,3.29507771964742
linear_svm,42,133,0,1,2.639994194477294
linear_svm,42,134,0,1,2.4746653762145407
linear_svm,42,135,0,0,-5.364322301839498
linear_svm,42,136,0,1,0.062340649843244667
linear_svm,42,137,1,1,2.1081241758294693
linear_svm,42,138,1,1,2.4207088400997527
linear_svm,42,139,0,0,-0.2832147631059131
linear_svm,42,140,1,1,0.4286139903858598
linear_svm,42,141,1,0,-1.0804441990261089
linear_svm,42,142,1,1,1.3383781206895604
linear_svm,42,143,1,1,2.2141452146190344
linear_svm,42,144,1,1,0.735767381550203
linear_svm,42,145,1,1,2.385966890913233
linear_svm,42,146,1,1,0.11663620048778497
linear_svm,42,147,0,1,1.8962664990474198
linear_svm,42,148,0,0,-0.14948460489841756
linear_svm,42,149,0,0,-3.0927661360742564
linear_svm,42,150,1,1,1.7950503880531663
linear_svm,42,151,1,1,0.32151828156604756
linear_svm,42,152,0,0,-0.8086145633835711
linear_svm,42,153,0,0,-1.3396840414114655
linear_svm,42,154,1,1,0.44294233179961884
linear_svm,42,155,1,1,0.3171357060317034
linear_svm,42,156,0,0,-2.6983831202125326
linear_svm,42,157,0,1,0.9398148437591367
linear_svm,42,158,0,0,-3.558959962032636
linear_svm,42,159,0,0,-1.0213931300144172
linear_svm,42,160,0,1,2.062185943932368
linear_svm,42,161,1,1,5.575670890803779
linear_svm,42,162,1,0,-1.4983562489480735
linear_svm,42,163,1,1,1.9712588378994729
linear_svm,42,164,1,1,1.842837643867115
linear_svm,42,165,1,1,0.5424960056927822
linear_svm,42,166,1,0,-1.563147830800535
linear_svm,42,167,0,0,-2.765962135615098
linear_svm,42,168,1,1,2.785160415546779
linear_svm,42,169,0,1,0.4631953074483877
linear_svm,42,170,1,1,1.4615841032352967
linear_svm,42,171,1,0,-0.8188307391076763
linear_svm,42,172,0,0,-1.3182330090790606
linear_svm,42,173,1,1,3.193954276805666
linear_svm,42,174,0,0,-1.7506589547367732
linear_svm,42,175,0,1,1.528641952255893
linear_svm,42,176,1,0,-0.03477568962658417
linear_svm,42,177,1,1,1.2881747451341923
linear_svm,42,178,1,0,-0.03589144720797688
linear_svm,42,179,0,0,-3.203261667007909
linear_svm,42,180,0,0,-1.5666903938877916
linear_svm,42,181,1,1,5.941463730568962
linear_svm,42,182,0,0,-0.8560392647850059
linear_svm,42,183,0,0,-0.06832228078137378
linear_svm,42,184,0,0,-1.5405385538555234
linear_svm,42,185,0,0,-2.5514706254851536
linear_svm,42,186,0,0,-1.0930618514774122
linear_svm,42,187,1,0,-0.6360389049412074
linear_svm,42,188,1,0,-0.24377481298489603
linear_svm,42,189,0,0,-0.4735405411542811
linear_svm,42,190,0,1,5.738672254152807
linear_svm,42,191,0,1,1.2417388870889687
linear_svm,42,192,0,0,-1.1706745231620461
linear_svm,42,193,1,1,0.6335595809217078
linear_svm,42,194,0,0,-2.785336445967782
linear_svm,42,195,0,0,-3.4718344350082733
linear_svm,42,196,0,1,1.3334254310567077
linear_svm,42,197,1,1,0.4060539481576263
linear_svm,42,198,0,0,-2.916888978735739
linear_svm,42,199,0,1,0.9532978118460793
linear_svm,42,200,1,1,1.338397276202155
linear_svm,42,201,0,0,-3.201791602296
linear_svm,42,202,0,0,-0.7297324788831455
linear_svm,42,203,0,0,-4.335739399802698
linear_svm,42,204,1,1,0.8080853441192638
linear_svm,42,205,1,0,-1.9798146252275555
linear_svm,42,206,1,0,-0.828665809573995
linear_svm,42,207,0,0,-0.29496395429207345
linear_svm,42,208,0,1,0.6475433374029876
linear_svm,42,209,0,0,-0.5617051044846189
linear_svm,42,210,1,0,-0.3753352139704005
linear_svm,42,211,1,1,0.52942134462866
linear_svm,42,212,1,1,0.00809495563976076
linear_svm,42,213,0,1,0.9414939192680583
linear_svm,42,214,0,0,-7.066935049663324
linear_svm,42,215,0,0,-4.813957611294983
linear_svm,42,216,1,1,1.682304395587473
linear_svm,42,217,0,1,0.16481040091231913
linear_svm,42,218,1,0,-0.6644826233758263
linear_svm,42,219,1,0,-2.200963524695212
linear_svm,42,220,1,1,6.897451452134797
linear_svm,42,221,1,0,-0.28111191076651254
linear_svm,42,222,1,0,-1.2539272975368028
linear_svm,42,223,1,1,1.709893772213699
linear_svm,42,224,1,1,3.087912402863727
linear_svm,42,225,0,0,-0.39062883628636025
linear_svm,42,226,1,1,0.7996748967761081
linear_svm,42,227,0,1,0.7343264376782643
linear_svm,42,228,0,0,-4.248066248996356
linear_svm,42,229,0,0,-0.6463203094334571
linear_svm,42,230,1,1,2.6139508673550997
linear_svm,42,231,0,1,0.37226314362933327
linear_svm,42,232,1,1,0.1293972341105016
linear_svm,42,233,1,1,0.5269290840999656
linear_svm,42,234,1,1,0.26575327893670764
linear_svm,42,235,0,0,-2.8340490175799267
linear_svm,42,236,1,0,-0.36701939596508004
linear_svm,42,237,1,1,1.3363557343773453
linear_svm,42,238,0,1,3.5498466027368534
linear_svm,42,239,0,0,-0.17280912512848665
linear_svm,42,240,0,1,1.1939198494993035
linear_svm,42,241,1,0,-1.6497501335603153
linear_svm,42,242,1,0,-3.5176863688997657
linear_svm,42,243,0,1,0.3538879703506552
linear_svm,42,244,1,1,1.7862003149751664
linear_svm,42,245,1,1,2.9562245815397925
linear_svm,42,246,0,1,0.6384850987192974
linear_svm,42,247,1,1,2.4507614133152655
linear_svm,42,248,1,1,1.098277657094706
linear_svm,42,249,1,1,0.09077603880832258
linear_svm,42,250,1,0,-0.036864806388266586
linear_svm,42,251,1,1,2.7475114897345008
linear_svm,42,252,0,0,-1.2788056535023478
linear_svm,42,253,1,1,0.6515163333598575
linear_svm,42,254,0,0,-2.771675614103288
linear_svm,42,255,1,1,1.6931339940574164
linear_svm,42,256,0,1,0.8281714277016969
linear_svm,42,257,0,0,-0.7211783786502444
linear_svm,42,258,0,1,1.0175735473791927
linear_svm,42,259,0,1,0.036742926903333306
linear_svm,42,260,0,0,-6.134718257338901
linear_svm,42,261,0,1,2.5651254738249567
linear_svm,42,262,1,1,2.2436901060435095
linear_svm,42,263,1,1,0.6411545780661518
linear_svm,42,264,1,1,0.7841093499768299
linear_svm,42,265,0,0,-1.4293321808766324
linear_svm,42,266,1,0,-0.17825052413687204
linear_svm,42,267,1,1,2.9055584968500843
linear_svm,42,268,1,1,0.6943049207175456
linear_svm,42,269,0,0,-0.1353857111679684
linear_svm,42,270,1,0,-3.633076854650574
linear_svm,42,271,0,0,-0.4697213156253707
linear_svm,42,272,0,0,-0.7351346327232562
linear_svm,42,273,1,0,-0.35005489215176777
linear_svm,42,274,1,1,0.9124586053541673
linear_svm,42,275,0,0,-1.507085196825265
linear_svm,42,276,0,0,-3.13977090212432
linear_svm,42,277,1,0,-1.0294143204948318
linear_svm,42,278,0,0,-4.088529568247742
linear_svm,42,279,0,0,-2.796379064763566
linear_svm,42,280,1,1,2.257093909088459
linear_svm,42,281,0,0,-5.738103647653373
linear_svm,42,282,0,0,-0.07439984623810034
linear_svm,42,283,0,1,0.5702989511725404
linear_svm,42,284,1,1,0.33750958888886445
linear_svm,42,285,0,0,-1.4020596499787876
linear_svm,42,286,0,1,1.6534811847671418
linear_svm,42,287,1,1,2.458835844084889
linear_svm,42,288,1,1,0.2805614239038179
linear_svm,42,289,0,0,-0.4966344862238323
linear_svm,42,290,0,0,-0.6007224442405407
linear_svm,42,291,1,1,3.635039330845127
linear_svm,42,292,1,1,2.8909476941784193
linear_svm,42,293,1,1,1.415677275866347
linear_svm,42,294,0,0,-0.9850614492673756
linear_svm,42,295,1,0,-1.145495851881797
linear_svm,42,296,0,1,2.8653659426928613
linear_svm,42,297,1,1,3.0140321485248784
linear_svm,42,298,1,0,-1.931000489748975
linear_svm,42,299,1,1,0.7541702674396044
linear_svm,42,300,0,1,1.6543736968478409
linear_svm,42,301,1,1,0.5101172284926049
linear_svm,42,302,1,0,-1.1441954037089357
linear_svm,42,303,0,1,0.10103326604308693
linear_svm,42,304,1,1,2.5259573371363397
linear_svm,42,305,0,1,1.2879970443220456
linear_svm,42,306,0,0,-1.2862125017562545
linear_svm,42,307,0,0,-1.3707278622576888
linear_svm,42,308,0,1,0.8263746744276935
linear_svm,42,309,0,0,-0.03812880060408522
linear_svm,42,310,0,1,1.3324751616187898
linear_svm,42,311,0,1,0.25922224834116375
linear_svm,42,312,0,0,-0.9609888363450185
linear_svm,42,313,0,0,-6.356357265806871
linear_svm,42,314,0,0,-1.600201305569403
linear_svm,42,315,0,0,-2.9152071758099027
adamw_linear,43,0,0,1,0.6867941617965698
adamw_linear,43,1,1,0,0.07563811540603638
adamw_linear,43,2,0,0,0.4512607157230377
adamw_linear,43,3,1,0,0.44992873072624207
adamw_linear,43,4,0,1,0.5619003176689148
adamw_linear,43,5,1,0,0.36166900396347046
adamw_linear,43,6,0,1,0.5836664438247681
adamw_linear,43,7,1,0,0.228227898478508
adamw_linear,43,8,0,1,0.6953538060188293
adamw_linear,43,9,0,0,0.2939814627170563
adamw_linear,43,10,1,0,0.15181921422481537
adamw_linear,43,11,1,1,0.6052228808403015
adamw_linear,43,12,0,1,0.5787250995635986
adamw_linear,43,13,0,0,0.28835734724998474
adamw_linear,43,14,1,0,0.44085660576820374
adamw_linear,43,15,1,1,0.5605674982070923
adamw_linear,43,16,1,1,0.554151713848114
adamw_linear,43,17,0,0,0.2742164731025696
adamw_linear,43,18,0,1,0.5877752900123596
adamw_linear,43,19,1,1,0.6800786256790161
adamw_linear,43,20,0,1,0.622565507888794
adamw_linear,43,21,0,0,0.17275062203407288
adamw_linear,43,22,1,0,0.46769317984580994
adamw_linear,43,23,0,0,0.35914480686187744
adamw_linear,43,24,1,0,0.48309382796287537
adamw_linear,43,25,0,0,0.3744620978832245
adamw_linear,43,26,0,0,0.27567753195762634
adamw_linear,43,27,0,1,0.6716733574867249
adamw_linear,43,28,0,0,0.3939428925514221
adamw_linear,43,29,0,1,0.8888785243034363
adamw_linear,43,30,0,1,0.7649197578430176
adamw_linear,43,31,0,0,0.10450949519872665
adamw_linear,43,32,1,1,0.6385179162025452
adamw_linear,43,33,1,0,0.37764671444892883
adamw_linear,43,34,1,1,0.6639415621757507
adamw_linear,43,35,1,0,0.41969817876815796
adamw_linear,43,36,1,0,0.43802380561828613
adamw_linear,43,37,1,0,0.1643577367067337
adamw_linear,43,38,0,1,0.6581188440322876
adamw_linear,43,39,1,1,0.7213351726531982
adamw_linear,43,40,0,0,0.480384886264801
adamw_linear,43,41,1,0,0.23131735622882843
adamw_linear,43,42,0,0,0.4567822813987732
adamw_linear,43,43,0,0,0.3107454776763916
adamw_linear,43,44,1,1,0.7225374579429626
adamw_linear,43,45,0,1,0.5152018070220947
adamw_linear,43,46,1,0,0.43266230821609497
adamw_linear,43,47,1,0,0.4989157021045685
adamw_linear,43,48,0,0,0.23013800382614136
adamw_linear,43,49,1,0,0.25553256273269653
adamw_linear,43,50,1,1,0.519666850566864
adamw_linear,43,51,0,1,0.6873447299003601
adamw_linear,43,52,0,0,0.44840309023857117
adamw_linear,43,53,1,0,0.4799295961856842
adamw_linear,43,54,0,0,0.3440260589122772
adamw_linear,43,55,0,0,0.2219615876674652
adamw_linear,43,56,1,1,0.6072672605514526
adamw_linear,43,57,0,1,0.6823602318763733
adamw_linear,43,58,1,1,0.5687010288238525
adamw_linear,43,59,0,1,0.5036931037902832
adamw_linear,43,60,1,0,0.30912721157073975
adamw_linear,43,61,0,1,0.7123052477836609
adamw_linear,43,62,0,1,0.5734443068504333
adamw_linear,43,63,1,1,0.5970348715782166
adamw_linear,43,64,0,1,0.6369147300720215
adamw_linear,43,65,0,1,0.7063983678817749
adamw_linear,43,66,0,1,0.5787238478660583
adamw_linear,43,67,0,1,0.5756115317344666
adamw_linear,43,68,0,1,0.6111063957214355
adamw_linear,43,69,1,0,0.36525940895080566
adamw_linear,43,70,0,0,0.458135187625885
adamw_linear,43,71,1,0,0.3051992356777191
adamw_linear,43,72,0,1,0.6276880502700806
adamw_linear,43,73,0,0,0.4706960916519165
adamw_linear,43,74,0,1,0.6615952849388123
adamw_linear,43,75,0,1,0.5972388386726379
adamw_linear,43,76,0,0,0.4892103970050812
adamw_linear,43,77,1,0,0.43252381682395935
adamw_linear,43,78,1,1,0.6956921219825745
adamw_linear,43,79,1,0,0.4508247673511505
adamw_linear,43,80,0,1,0.6621622443199158
adamw_linear,43,81,1,1,0.5155252814292908
adamw_linear,43,82,0,0,0.3359985947608948
adamw_linear,43,83,1,1,0.7380927205085754
adamw_linear,43,84,1,0,0.41715890169143677
adamw_linear,43,85,1,1,0.6967678070068359
adamw_linear,43,86,1,1,0.6271193623542786
adamw_linear,43,87,1,1,0.674729585647583
adamw_linear,43,88,1,1,0.6540274024009705
adamw_linear,43,89,1,0,0.49419593811035156
adamw_linear,43,90,1,1,0.6530919075012207
adamw_linear,43,91,1,1,0.5153425335884094
adamw_linear,43,92,0,0,0.3560837507247925
adamw_linear,43,93,0,0,0.3612464666366577
adamw_linear,43,94,0,1,0.6585033535957336
adamw_linear,43,95,0,1,0.564635694026947
adamw_linear,43,96,1,0,0.44802019000053406
adamw_linear,43,97,1,0,0.3550943434238434
adamw_linear,43,98,1,0,0.4122731685638428
adamw_linear,43,99,0,1,0.6045531034469604
adamw_linear,43,100,1,1,0.5938425660133362
adamw_linear,43,101,1,1,0.5127821564674377
adamw_linear,43,102,1,1,0.6815370917320251
adamw_linear,43,103,0,0,0.11479681730270386
adamw_linear,43,104,1,1,0.5613214373588562
adamw_linear,43,105,0,0,0.43886032700538635
adamw_linear,43,106,1,1,0.7715409994125366
adamw_linear,43,107,1,1,0.6490407586097717
adamw_linear,43,108,1,1,0.6058647632598877
adamw_linear,43,109,0,1,0.5735955238342285
adamw_linear,43,110,1,0,0.42749080061912537
adamw_linear,43,111,0,1,0.5311189293861389
adamw_linear,43,112,1,1,0.6898589134216309
adamw_linear,43,113,0,0,0.11022424697875977
adamw_linear,43,114,0,0,0.2655646502971649
adamw_linear,43,115,0,0,0.4847719371318817
adamw_linear,43,116,1,1,0.6149671077728271
adamw_linear,43,117,0,0,0.060586657375097275
adamw_linear,43,118,0,1,0.6633962392807007
adamw_linear,43,119,1,1,0.9703117609024048
adamw_linear,43,120,1,1,0.5773268342018127
adamw_linear,43,121,1,1,0.634456992149353
adamw_linear,43,122,1,1,0.7653417587280273
adamw_linear,43,123,0,0,0.33772024512290955
adamw_linear,43,124,1,0,0.2546882927417755
adamw_linear,43,125,1,0,0.3245849609375
adamw_linear,43,126,0,1,0.5206170082092285
adamw_linear,43,127,0,1,0.6461327075958252
adamw_linear,43,128,1,1,0.5817189812660217
adamw_linear,43,129,1,1,0.5986782908439636
adamw_linear,43,130,1,1,0.60183185338974
adamw_linear,43,131,1,1,0.6476750373840332
adamw_linear,43,132,1,1,0.6778523325920105
adamw_linear,43,133,0,0,0.4338892996311188
adamw_linear,43,134,0,0,0.47250473499298096
adamw_linear,43,135,0,0,0.22684890031814575
adamw_linear,43,136,0,0,0.18674112856388092
adamw_linear,43,137,1,1,0.5191923379898071
adamw_linear,43,138,1,1,0.6453381180763245
adamw_linear,43,139,0,0,0.3799591362476349
adamw_linear,43,140,1,1,0.5104382634162903
adamw_linear,43,141,1,1,0.5149551033973694
adamw_linear,43,142,1,1,0.5866929292678833
adamw_linear,43,143,1,1,0.7613016963005066
adamw_linear,43,144,1,1,0.5647326111793518
adamw_linear,43,145,1,0,0.465262770652771
adamw_linear,43,146,1,1,0.8093242049217224
adamw_linear,43,147,0,1,0.5930458903312683
adamw_linear,43,148,0,0,0.30442896485328674
adamw_linear,43,149,0,0,0.2225772887468338
adamw_linear,43,150,1,0,0.48047542572021484
adamw_linear,43,151,1,1,0.5995416641235352
adamw_linear,43,152,0,0,0.2844178378582001
adamw_linear,43,153,0,1,0.5412201285362244
adamw_linear,43,154,1,1,0.5747920870780945
adamw_linear,43,155,1,0,0.3398014008998871
adamw_linear,43,156,0,0,0.3173186182975769
adamw_linear,43,157,0,1,0.6944695711135864
adamw_linear,43,158,0,0,0.2757388651371002
adamw_linear,43,159,0,0,0.19768647849559784
adamw_linear,43,160,0,1,0.741879403591156
adamw_linear,43,161,1,1,0.8823366165161133
adamw_linear,43,162,1,0,0.3500109910964966
adamw_linear,43,163,1,1,0.5424275994300842
adamw_linear,43,164,1,1,0.800532877445221
adamw_linear,43,165,1,1,0.5716798901557922
adamw_linear,43,166,1,1,0.502393901348114
adamw_linear,43,167,0,0,0.2638881504535675
adamw_linear,43,168,1,0,0.2862383723258972
adamw_linear,43,169,0,1,0.513420820236206
adamw_linear,43,170,1,1,0.6942674517631531
adamw_linear,43,171,1,0,0.2149030864238739
adamw_linear,43,172,0,0,0.3845607042312622
adamw_linear,43,173,1,0,0.48449012637138367
adamw_linear,43,174,0,0,0.10269979387521744
adamw_linear,43,175,0,0,0.4464803636074066
adamw_linear,43,176,1,1,0.7565239071846008
adamw_linear,43,177,1,0,0.4029097855091095
adamw_linear,43,178,1,1,0.8301199078559875
adamw_linear,43,179,0,0,0.2249780148267746
adamw_linear,43,180,0,0,0.40121856331825256
adamw_linear,43,181,1,1,0.614974319934845
adamw_linear,43,182,0,0,0.42976510524749756
adamw_linear,43,183,0,0,0.1858873963356018
adamw_linear,43,184,0,1,0.5060384273529053
adamw_linear,43,185,0,0,0.48247620463371277
adamw_linear,43,186,0,1,0.6326939463615417
adamw_linear,43,187,1,1,0.7419648766517639
adamw_linear,43,188,1,1,0.8830701112747192
adamw_linear,43,189,0,0,0.48946064710617065
adamw_linear,43,190,0,1,0.8119493722915649
adamw_linear,43,191,0,1,0.62867671251297
adamw_linear,43,192,0,1,0.5655916929244995
adamw_linear,43,193,1,0,0.42194291949272156
adamw_linear,43,194,0,0,0.3215279281139374
adamw_linear,43,195,0,0,0.4794290363788605
adamw_linear,43,196,0,1,0.6477658748626709
adamw_linear,43,197,1,1,0.5798360109329224
adamw_linear,43,198,0,0,0.12467114627361298
adamw_linear,43,199,0,0,0.35181424021720886
adamw_linear,43,200,1,0,0.41144558787345886
adamw_linear,43,201,0,0,0.28468698263168335
adamw_linear,43,202,0,0,0.31473663449287415
adamw_linear,43,203,0,0,0.4223325252532959
adamw_linear,43,204,1,1,0.5635867714881897
adamw_linear,43,205,1,0,0.3142525255680084
adamw_linear,43,206,1,0,0.23826564848423004
adamw_linear,43,207,0,1,0.6812228560447693
adamw_linear,43,208,0,0,0.46236708760261536
adamw_linear,43,209,0,1,0.5418400764465332
adamw_linear,43,210,1,1,0.667300820350647
adamw_linear,43,211,1,0,0.35562315583229065
adamw_linear,43,212,1,1,0.6323223114013672
adamw_linear,43,213,0,1,0.5851240158081055
adamw_linear,43,214,0,0,0.153542622923851
adamw_linear,43,215,0,1,0.517541229724884
adamw_linear,43,216,1,0,0.30852219462394714
adamw_linear,43,217,0,0,0.47950279712677
adamw_linear,43,218,1,1,0.9608649015426636
adamw_linear,43,219,1,1,0.5559939742088318
adamw_linear,43,220,1,1,0.7646560072898865
adamw_linear,43,221,1,1,0.7250379323959351
adamw_linear,43,222,1,1,0.5351701378822327
adamw_linear,43,223,1,1,0.6990963816642761
adamw_linear,43,224,1,0,0.3554231822490692
adamw_linear,43,225,0,1,0.7217633724212646
adamw_linear,43,226,1,1,0.5579044222831726
adamw_linear,43,227,0,1,0.5470223426818848
adamw_linear,43,228,0,0,0.2953547537326813
adamw_linear,43,229,0,1,0.5898764133453369
adamw_linear,43,230,1,0,0.41995739936828613
adamw_linear,43,231,0,1,0.5928394198417664
adamw_linear,43,232,1,1,0.6330080628395081
adamw_linear,43,233,1,0,0.39261752367019653
adamw_linear,43,234,1,1,0.6036146879196167
adamw_linear,43,235,0,0,0.15175695717334747
adamw_linear,43,236,1,1,0.7346369624137878
adamw_linear,43,237,1,1,0.6915490031242371
adamw_linear,43,238,0,1,0.5229900479316711
adamw_linear,43,239,0,0,0.49239253997802734
adamw_linear,43,240,0,1,0.7802314162254333
adamw_linear,43,241,1,0,0.4751041829586029
adamw_linear,43,242,1,0,0.26412415504455566
adamw_linear,43,243,0,1,0.7399287223815918
adamw_linear,43,244,1,1,0.8078891038894653
adamw_linear,43,245,1,1,0.8360874056816101
adamw_linear,43,246,0,1,0.6822104454040527
adamw_linear,43,247,1,1,0.5225024819374084
adamw_linear,43,248,1,1,0.7154298424720764
adamw_linear,43,249,1,0,0.44167137145996094
adamw_linear,43,250,1,1,0.5779256820678711
adamw_linear,43,251,1,1,0.8801169991493225
adamw_linear,43,252,0,0,0.3828950524330139
adamw_linear,43,253,1,1,0.8231800198554993
adamw_linear,43,254,0,0,0.16124197840690613
adamw_linear,43,255,1,1,0.549426794052124
adamw_linear,43,256,0,1,0.7131459712982178
adamw_linear,43,257,0,0,0.46698978543281555
adamw_linear,43,258,0,1,0.7249864339828491
adamw_linear,43,259,0,1,0.5216560363769531
adamw_linear,43,260,0,0,0.27759331464767456
adamw_linear,43,261,0,1,0.7279243469238281
adamw_linear,43,262,1,1,0.7195225358009338
adamw_linear,43,263,1,1,0.6692470908164978
adamw_linear,43,264,1,0,0.3801213800907135
adamw_linear,43,265,0,1,0.7550373077392578
adamw_linear,43,266,1,1,0.8200231194496155
adamw_linear,43,267,1,0,0.034071169793605804
adamw_linear,43,268,1,1,0.8576542139053345
adamw_linear,43,269,0,0,0.3445211350917816
adamw_linear,43,270,1,1,0.6225801110267639
adamw_linear,43,271,0,1,0.6040152311325073
adamw_linear,43,272,0,0,0.29763731360435486
adamw_linear,43,273,1,1,0.5867410898208618
adamw_linear,43,274,1,1,0.6327615976333618
adamw_linear,43,275,0,1,0.5659916996955872
adamw_linear,43,276,0,0,0.3373912274837494
adamw_linear,43,277,1,1,0.7100167274475098
adamw_linear,43,278,0,0,0.21823346614837646
adamw_linear,43,279,0,0,0.33372676372528076
adamw_linear,43,280,1,1,0.8064170479774475
adamw_linear,43,281,0,0,0.06402434408664703
adamw_linear,43,282,0,0,0.3729867935180664
adamw_linear,43,283,0,0,0.4413798749446869
adamw_linear,43,284,1,1,0.560350775718689
adamw_linear,43,285,0,0,0.436636358499527
adamw_linear,43,286,0,1,0.6298443078994751
adamw_linear,43,287,1,1,0.5972152352333069
adamw_linear,43,288,1,0,0.3920753300189972
adamw_linear,43,289,0,0,0.4276447892189026
adamw_linear,43,290,0,0,0.26151391863822937
adamw_linear,43,291,1,1,0.5396800637245178
adamw_linear,43,292,1,1,0.5584028363227844
adamw_linear,43,293,1,1,0.7145732641220093
adamw_linear,43,294,0,0,0.3381047546863556
adamw_linear,43,295,1,1,0.5603398680686951
adamw_linear,43,296,0,1,0.8300697207450867
adamw_linear,43,297,1,1,0.6835891008377075
adamw_linear,43,298,1,1,0.9319886565208435
adamw_linear,43,299,1,1,0.5469469428062439
adamw_linear,43,300,0,1,0.7805222272872925
adamw_linear,43,301,1,0,0.437382310628891
adamw_linear,43,302,1,1,0.6433306336402893
adamw_linear,43,303,0,1,0.5172165632247925
adamw_linear,43,304,1,1,0.7865702509880066
adamw_linear,43,305,0,0,0.43533915281295776
adamw_linear,43,306,0,0,0.45267805457115173
adamw_linear,43,307,0,0,0.3416666090488434
adamw_linear,43,308,0,0,0.39525774121284485
adamw_linear,43,309,0,1,0.5104438066482544
adamw_linear,43,310,0,0,0.1297256499528885
adamw_linear,43,311,0,1,0.5123052000999451
adamw_linear,43,312,0,1,0.5450422167778015
adamw_linear,43,313,0,0,0.07584081590175629
adamw_linear,43,314,0,1,0.5265646576881409
adamw_linear,43,315,0,1,0.6673792600631714
logistic_l2,43,0,0,1,2.467160864298426
logistic_l2,43,1,1,0,-3.319535476517256
logistic_l2,43,2,0,0,-1.8229529752007307
logistic_l2,43,3,1,0,-1.0115092882719061
logistic_l2,43,4,0,0,-2.1828167420631486
logistic_l2,43,5,1,0,-3.823736765105103
logistic_l2,43,6,0,1,0.9849706086833874
logistic_l2,43,7,1,0,-0.2877640193823613
logistic_l2,43,8,0,1,0.9834680301062654
logistic_l2,43,9,0,0,-2.605377147312007
logistic_l2,43,10,1,0,-4.139031722555516
logistic_l2,43,11,1,1,2.224104658736571
logistic_l2,43,12,0,0,-0.01446955218499027
logistic_l2,43,13,0,0,-3.9414433365716435
logistic_l2,43,14,1,1,0.20350464972112067
logistic_l2,43,15,1,1,0.5438163437995817
logistic_l2,43,16,1,1,0.6319696988246244
logistic_l2,43,17,0,0,-4.060035960050237
logistic_l2,43,18,0,0,-0.15301598910462486
logistic_l2,43,19,1,1,3.94249570171744
logistic_l2,43,20,0,0,-2.5399151520479273
logistic_l2,43,21,0,0,-3.7089088480901156
logistic_l2,43,22,1,1,2.573438369505406
logistic_l2,43,23,0,0,-1.2022240893239564
logistic_l2,43,24,1,1,1.6630400617620915
logistic_l2,43,25,0,0,-0.5351058932936116
logistic_l2,43,26,0,0,-2.4559685163104814
logistic_l2,43,27,0,0,-0.8499604230660892
logistic_l2,43,28,0,0,-2.7224798690665706
logistic_l2,43,29,0,1,1.4157056822473866
logistic_l2,43,30,0,1,2.009716666811236
logistic_l2,43,31,0,0,-6.279904193243911
logistic_l2,43,32,1,1,0.3403212137728294
logistic_l2,43,33,1,1,0.5852981255613667
logistic_l2,43,34,1,1,1.8200075129974056
logistic_l2,43,35,1,0,-0.7755358779369649
logistic_l2,43,36,1,1,0.6900828281757286
logistic_l2,43,37,1,0,-3.5064537305074244
logistic_l2,43,38,0,0,-0.8969171555490625
logistic_l2,43,39,1,0,-1.2516150753936546
logistic_l2,43,40,0,1,0.18115515283239114
logistic_l2,43,41,1,0,-0.9333898816394368
logistic_l2,43,42,0,0,-1.945052813846466
logistic_l2,43,43,0,0,-4.43084820785701
logistic_l2,43,44,1,1,1.5148425697213261
logistic_l2,43,45,0,0,-0.5359084726506729
logistic_l2,43,46,1,0,-0.2717081257848547
logistic_l2,43,47,1,1,1.1748702566207092
logistic_l2,43,48,0,0,-5.205900878474785
logistic_l2,43,49,1,0,-2.382749082079492
logistic_l2,43,50,1,1,3.5844953916064126
logistic_l2,43,51,0,1,1.9967668750999503
logistic_l2,43,52,0,1,0.49457093544323094
logistic_l2,43,53,1,0,-0.2305725963457423
logistic_l2,43,54,0,0,-1.6835856781170728
logistic_l2,43,55,0,0,-3.5906662534482225
logistic_l2,43,56,1,1,1.1146915321502762
logistic_l2,43,57,0,1,1.9182281662837462
logistic_l2,43,58,1,1,0.01168649983368622
logistic_l2,43,59,0,0,-1.4690245565597058
logistic_l2,43,60,1,0,-0.7061102191040524
logistic_l2,43,61,0,1,3.8525561067778944
logistic_l2,43,62,0,0,-0.7953055987080226
logistic_l2,43,63,1,1,0.05493895028925179
logistic_l2,43,64,0,0,-0.48093861802877214
logistic_l2,43,65,0,1,3.3889932600919166
logistic_l2,43,66,0,1,0.26454152799981845
logistic_l2,43,67,0,1,2.8429121653594307
logistic_l2,43,68,0,1,0.5551023835264589
logistic_l2,43,69,1,0,-0.7665860670140972
logistic_l2,43,70,0,0,-1.4069150867433393
logistic_l2,43,71,1,0,-3.4921135961228544
logistic_l2,43,72,0,0,-0.022394955688130408
logistic_l2,43,73,0,1,1.0867439906963794
logistic_l2,43,74,0,0,-0.8686944658637421
logistic_l2,43,75,0,0,-0.3597382962403751
logistic_l2,43,76,0,0,-0.25118127435857485
logistic_l2,43,77,1,0,-0.4385372660573833
logistic_l2,43,78,1,0,-1.798975280706254
logistic_l2,43,79,1,0,-2.229256873260543
logistic_l2,43,80,0,1,1.7367918253720256
logistic_l2,43,81,1,1,1.0568099158568443
logistic_l2,43,82,0,1,0.42165608001896626
logistic_l2,43,83,1,1,1.2531249999182494
logistic_l2,43,84,1,0,-1.2824562289336972
logistic_l2,43,85,1,1,1.1848427461109565
logistic_l2,43,86,1,1,0.9955127414649986
logistic_l2,43,87,1,0,-0.07773193230808738
logistic_l2,43,88,1,1,1.8120489016284118
logistic_l2,43,89,1,1,1.3399438209531
logistic_l2,43,90,1,1,0.58221388595027
logistic_l2,43,91,1,1,0.4277830268283366
logistic_l2,43,92,0,1,1.0272965180508475
logistic_l2,43,93,0,0,-0.8452132393060231
logistic_l2,43,94,0,1,1.031710842410969
logistic_l2,43,95,0,0,-0.7547436632055987
logistic_l2,43,96,1,0,-1.7449054052712007
logistic_l2,43,97,1,0,-0.8827223024878532
logistic_l2,43,98,1,1,0.7760851391166025
logistic_l2,43,99,0,1,1.5940771548558648
logistic_l2,43,100,1,1,2.17687339328015
logistic_l2,43,101,1,0,-0.8561822349531778
logistic_l2,43,102,1,1,1.0595327259643408
logistic_l2,43,103,0,0,-1.27944276800605
logistic_l2,43,104,1,0,-0.0034153913602115032
logistic_l2,43,105,0,0,-0.4508915761751522
logistic_l2,43,106,1,1,3.0279482136525493
logistic_l2,43,107,1,1,1.1460579937767725
logistic_l2,43,108,1,0,-0.9021510311271727
logistic_l2,43,109,0,1,1.3163415423854674
logistic_l2,43,110,1,0,-0.9469990167502468
logistic_l2,43,111,0,0,-0.6889012059399424
logistic_l2,43,112,1,1,1.529782128681405
logistic_l2,43,113,0,0,-5.642007269707688
logistic_l2,43,114,0,0,-2.800010739467588
logistic_l2,43,115,0,1,0.272428389677289
logistic_l2,43,116,1,1,3.5743187630145106
logistic_l2,43,117,0,0,-7.7247617880602055
logistic_l2,43,118,0,1,1.3268087281122813
logistic_l2,43,119,1,1,6.541755051186895
logistic_l2,43,120,1,1,0.7471629971415699
logistic_l2,43,121,1,1,1.2800625521492255
logistic_l2,43,122,1,1,2.281512341055895
logistic_l2,43,123,0,0,-2.0541138297432866
logistic_l2,43,124,1,0,-1.2658076596634757
logistic_l2,43,125,1,0,-0.8571606711945307
logistic_l2,43,126,0,0,-0.20939594865599576
logistic_l2,43,127,0,1,0.5976115300151036
logistic_l2,43,128,1,1,0.37234846467248317
logistic_l2,43,129,1,1,1.7682024649609636
logistic_l2,43,130,1,1,0.12155670005778726
logistic_l2,43,131,1,1,1.422750282761708
logistic_l2,43,132,1,1,2.8770674424653637
logistic_l2,43,133,0,1,2.023043497446132
logistic_l2,43,134,0,1,1.2405243668008845
logistic_l2,43,135,0,0,-3.5134410839074235
logistic_l2,43,136,0,0,-3.51379204204311
logistic_l2,43,137,1,1,0.5617252763056629
logistic_l2,43,138,1,1,3.011570396392165
logistic_l2,43,139,0,0,-2.2438086171265406
logistic_l2,43,140,1,0,-0.6801045699275943
logistic_l2,43,141,1,1,0.24042119671563547
logistic_l2,43,142,1,1,1.2294072691868212
logistic_l2,43,143,1,1,3.5542388461210566
logistic_l2,43,144,1,0,-0.4895199169861658
logistic_l2,43,145,1,1,1.3640336442806629
logistic_l2,43,146,1,1,1.125181592883756
logistic_l2,43,147,0,1,2.5570090392168137
logistic_l2,43,148,0,0,-0.806205536378977
logistic_l2,43,149,0,0,-4.217463275091009
logistic_l2,43,150,1,1,1.0941865966443607
logistic_l2,43,151,1,0,-0.33910087349494134
logistic_l2,43,152,0,0,-2.6910779385941566
logistic_l2,43,153,0,1,0.5484036725794671
logistic_l2,43,154,1,1,0.64364843883431
logistic_l2,43,155,1,0,-0.022681741288085075
logistic_l2,43,156,0,1,0.10812573304842556
logistic_l2,43,157,0,1,0.744690392031745
logistic_l2,43,158,0,0,-3.867164118696963
logistic_l2,43,159,0,0,-2.298773322653501
logistic_l2,43,160,0,1,1.8802510309991038
logistic_l2,43,161,1,1,3.9000726523263696
logistic_l2,43,162,1,0,-2.309615075468756
logistic_l2,43,163,1,1,2.128151955771143
logistic_l2,43,164,1,1,3.2019733803206556
logistic_l2,43,165,1,0,-0.24263088662446644
logistic_l2,43,166,1,0,-1.397587493722568
logistic_l2,43,167,0,0,-1.1006744344375545
logistic_l2,43,168,1,1,1.7529005323228206
logistic_l2,43,169,0,1,0.7923749129197522
logistic_l2,43,170,1,1,4.194726689610935
logistic_l2,43,171,1,0,-2.2498735443368636
logistic_l2,43,172,0,0,-1.6696200707256805
logistic_l2,43,173,1,1,1.3801762486477314
logistic_l2,43,174,0,0,-2.451589701016167
logistic_l2,43,175,0,0,-0.648589160859244
logistic_l2,43,176,1,1,3.9524930778642497
logistic_l2,43,177,1,1,0.3902542256171362
logistic_l2,43,178,1,1,4.515555791971047
logistic_l2,43,179,0,0,-3.1387048010006384
logistic_l2,43,180,0,0,-2.578628023451999
logistic_l2,43,181,1,1,7.735457175623947
logistic_l2,43,182,0,0,-1.54155784981482
logistic_l2,43,183,0,0,-2.708254408320309
logistic_l2,43,184,0,0,-0.6800166473191177
logistic_l2,43,185,0,0,-1.7801702331329505
logistic_l2,43,186,0,1,0.492761325305449
logistic_l2,43,187,1,1,3.514239139134509
logistic_l2,43,188,1,1,2.8706479552001762
logistic_l2,43,189,0,0,-0.21846904974816359
logistic_l2,43,190,0,1,3.156310926219267
logistic_l2,43,191,0,1,2.719446356586579
logistic_l2,43,192,0,0,-0.6979436245299392
logistic_l2,43,193,1,1,0.7399717360491587
logistic_l2,43,194,0,0,-2.429587162293227
logistic_l2,43,195,0,0,-2.0425978478564715
logistic_l2,43,196,0,1,2.484175657850296
logistic_l2,43,197,1,1,1.8836246675693284
logistic_l2,43,198,0,0,-3.1266064193616194
logistic_l2,43,199,0,0,-1.602290350024679
logistic_l2,43,200,1,0,-0.16139756001423955
logistic_l2,43,201,0,0,-4.618017249403332
logistic_l2,43,202,0,0,-1.7366884459563592
logistic_l2,43,203,0,0,-1.2370393886104745
logistic_l2,43,204,1,1,1.8898485337223343
logistic_l2,43,205,1,0,-2.4603158186884015
logistic_l2,43,206,1,0,-2.0428751085722205
logistic_l2,43,207,0,1,1.2779690724437383
logistic_l2,43,208,0,1,1.4531568967665853
logistic_l2,43,209,0,1,0.1291108024132882
logistic_l2,43,210,1,0,-0.6879590339997338
logistic_l2,43,211,1,0,-0.13990850411742425
logistic_l2,43,212,1,1,0.6930599223004386
logistic_l2,43,213,0,1,2.201825640879242
logistic_l2,43,214,0,0,-7.448649570897715
logistic_l2,43,215,0,0,-3.5677475664003353
logistic_l2,43,216,1,0,-0.5487063319535731
logistic_l2,43,217,0,0,-1.0629706882982612
logistic_l2,43,218,1,1,6.995657118253736
logistic_l2,43,219,1,0,-2.2191322176850186
logistic_l2,43,220,1,1,5.901121708158815
logistic_l2,43,221,1,1,0.29501142698162364
logistic_l2,43,222,1,1,0.4833242669631288
logistic_l2,43,223,1,1,1.553669985320235
logistic_l2,43,224,1,1,0.4941071511220835
logistic_l2,43,225,0,1,1.528486273377722
logistic_l2,43,226,1,1,0.3828597205897458
logistic_l2,43,227,0,1,1.2819857503092278
logistic_l2,43,228,0,0,-2.4771050541488986
logistic_l2,43,229,0,1,0.5015395813657145
logistic_l2,43,230,1,1,0.947971583807969
logistic_l2,43,231,0,1,0.9386067050235977
logistic_l2,43,232,1,0,-0.130522393849297
logistic_l2,43,233,1,1,1.2017773015808113
logistic_l2,43,234,1,1,1.9539397011605615
logistic_l2,43,235,0,0,-5.492254810841913
logistic_l2,43,236,1,1,1.397854373611453
logistic_l2,43,237,1,1,2.644869739996547
logistic_l2,43,238,0,1,1.5351166323763863
logistic_l2,43,239,0,1,1.1849835768836319
logistic_l2,43,240,0,1,2.276403020959785
logistic_l2,43,241,1,0,-1.951114203189215
logistic_l2,43,242,1,0,-0.9682617756863469
logistic_l2,43,243,0,1,0.9865232949106076
logistic_l2,43,244,1,1,3.4913568596465847
logistic_l2,43,245,1,1,4.12472014832073
logistic_l2,43,246,0,1,2.208921607603667
logistic_l2,43,247,1,1,0.8176839790821658
logistic_l2,43,248,1,1,1.4514148546065375
logistic_l2,43,249,1,0,-0.22892902842475926
logistic_l2,43,250,1,1,1.3567018741338654
logistic_l2,43,251,1,1,6.202114883401986
logistic_l2,43,252,0,1,0.2231264398854846
logistic_l2,43,253,1,0,-0.39617835699590254
logistic_l2,43,254,0,0,-2.4871217739684517
logistic_l2,43,255,1,1,1.3678826955823664
logistic_l2,43,256,0,1,2.6932206838547934
logistic_l2,43,257,0,1,3.103179046509878
logistic_l2,43,258,0,1,2.303597289347156
logistic_l2,43,259,0,0,-0.5966955714130897
logistic_l2,43,260,0,0,-1.9808910479367068
logistic_l2,43,261,0,1,2.3527763616201307
logistic_l2,43,262,1,1,1.9908002414357588
logistic_l2,43,263,1,1,2.125068571413323
logistic_l2,43,264,1,1,0.06567069971380543
logistic_l2,43,265,0,1,3.9472500355754407
logistic_l2,43,266,1,1,2.3366849397481277
logistic_l2,43,267,1,0,-3.286078582144783
logistic_l2,43,268,1,1,2.341397574612223
logistic_l2,43,269,0,0,-0.1644090074166499
logistic_l2,43,270,1,0,-1.4859311729062894
logistic_l2,43,271,0,1,0.5160141512860617
logistic_l2,43,272,0,0,-2.195423721332148
logistic_l2,43,273,1,1,1.1680149196314422
logistic_l2,43,274,1,0,-0.492211594074039
logistic_l2,43,275,0,0,-0.5600641558293441
logistic_l2,43,276,0,0,-2.585023164715872
logistic_l2,43,277,1,1,1.4463729937404488
logistic_l2,43,278,0,0,-3.5722463687240995
logistic_l2,43,279,0,0,-2.7830021532678164
logistic_l2,43,280,1,1,3.4446383536024436
logistic_l2,43,281,0,0,-7.624619034925439
logistic_l2,43,282,0,1,0.34562202659677776
logistic_l2,43,283,0,1,2.555306257047417
logistic_l2,43,284,1,1,1.1874684731813518
logistic_l2,43,285,0,0,-0.6088891420656619
logistic_l2,43,286,0,1,2.910945587335656
logistic_l2,43,287,1,1,2.568676508337627
logistic_l2,43,288,1,0,-1.5279575373035748
logistic_l2,43,289,0,0,-0.49912784054047854
logistic_l2,43,290,0,0,-1.0047949918090198
logistic_l2,43,291,1,1,1.866628581390025
logistic_l2,43,292,1,1,0.7956967268918681
logistic_l2,43,293,1,1,0.9959712659223352
logistic_l2,43,294,0,0,-1.8735455518594575
logistic_l2,43,295,1,0,-1.0107629147741344
logistic_l2,43,296,0,1,3.410798038418159
logistic_l2,43,297,1,1,1.0908048082923094
logistic_l2,43,298,1,1,1.571913785704256
logistic_l2,43,299,1,1,2.26116887586082
logistic_l2,43,300,0,1,2.6772759257778453
logistic_l2,43,301,1,1,0.36268373059348247
logistic_l2,43,302,1,1,0.3989331944713538
logistic_l2,43,303,0,1,3.134058309209919
logistic_l2,43,304,1,1,2.564579494890329
logistic_l2,43,305,0,1,0.9883555197679567
logistic_l2,43,306,0,0,-0.39885286313126017
logistic_l2,43,307,0,0,-1.908530656795929
logistic_l2,43,308,0,1,1.3229033827373158
logistic_l2,43,309,0,1,1.52736082061607
logistic_l2,43,310,0,0,-1.3849741495007926
logistic_l2,43,311,0,0,-1.0132901547159967
logistic_l2,43,312,0,0,-1.4810619770501448
logistic_l2,43,313,0,0,-6.919231581640944
logistic_l2,43,314,0,0,-0.9054997462325569
logistic_l2,43,315,0,0,-0.474388749793497
ridge,43,0,0,1,0.610564649105072
ridge,43,1,1,0,-0.022541765123605728
ridge,43,2,0,0,-0.45506933331489563
ridge,43,3,1,0,-0.7789568305015564
ridge,43,4,0,0,-0.6770431399345398
ridge,43,5,1,0,-1.2238374948501587
ridge,43,6,0,1,0.9570881128311157
ridge,43,7,1,1,0.06642908602952957
ridge,43,8,0,1,0.12261968851089478
ridge,43,9,0,0,-0.8214828968048096
ridge,43,10,1,0,-0.8430735468864441
ridge,43,11,1,1,0.7084798216819763
ridge,43,12,0,0,-0.3642417788505554
ridge,43,13,0,0,-1.8995308876037598
ridge,43,14,1,1,0.784704864025116
ridge,43,15,1,1,0.5394477844238281
ridge,43,16,1,1,0.4110562205314636
ridge,43,17,0,0,-1.956176519393921
ridge,43,18,0,1,0.1381874680519104
ridge,43,19,1,1,0.8984365463256836
ridge,43,20,0,0,-1.25691556930542
ridge,43,21,0,0,-1.114019513130188
ridge,43,22,1,1,1.5084643363952637
ridge,43,23,0,0,-0.7076615691184998
ridge,43,24,1,1,0.6273979544639587
ridge,43,25,0,0,-0.3902527391910553
ridge,43,26,0,0,-0.3985562026500702
ridge,43,27,0,0,-0.7657919526100159
ridge,43,28,0,0,-0.017617743462324142
ridge,43,29,0,1,0.8561558127403259
ridge,43,30,0,1,0.648463785648346
ridge,43,31,0,0,-0.8184652924537659
ridge,43,32,1,0,-0.040036361664533615
ridge,43,33,1,1,0.5893180966377258
ridge,43,34,1,1,1.4404792785644531
ridge,43,35,1,0,-0.004489709623157978
ridge,43,36,1,1,0.2787499725818634
ridge,43,37,1,0,-2.201962471008301
ridge,43,38,0,0,-0.8708118200302124
ridge,43,39,1,0,-0.8387789130210876
ridge,43,40,0,0,-0.4083074629306793
ridge,43,41,1,1,0.015686174854636192
ridge,43,42,0,0,-0.2911689281463623
ridge,43,43,0,0,-1.682316780090332
ridge,43,44,1,1,0.6427827477455139
ridge,43,45,0,0,-0.22206680476665497
ridge,43,46,1,0,-0.6585214734077454
ridge,43,47,1,1,0.9234463572502136
ridge,43,48,0,0,-1.7119765281677246
ridge,43,49,1,0,-0.8754423260688782
ridge,43,50,1,1,1.8656755685806274
ridge,43,51,0,1,1.0447936058044434
ridge,43,52,0,1,0.654816210269928
ridge,43,53,1,0,-0.4970380961894989
ridge,43,54,0,0,-0.9122355580329895
ridge,43,55,0,0,-2.2225894927978516
ridge,43,56,1,1,0.5260760188102722
ridge,43,57,0,1,0.4868352711200714
ridge,43,58,1,1,0.46744340658187866
ridge,43,59,0,0,-0.5303588509559631
ridge,43,60,1,1,0.03306544944643974
ridge,43,61,0,1,1.8462409973144531
ridge,43,62,0,1,0.014842425473034382
ridge,43,63,1,0,-0.7427532076835632
ridge,43,64,0,0,-0.3726983964443207
ridge,43,65,0,1,1.2368452548980713
ridge,43,66,0,0,-0.2172279804944992
ridge,43,67,0,1,1.9225267171859741
ridge,43,68,0,1,0.06272716075181961
ridge,43,69,1,0,-0.399167001247406
ridge,43,70,0,0,-0.6196243762969971
ridge,43,71,1,0,-1.4318259954452515
ridge,43,72,0,1,0.015331861563026905
ridge,43,73,0,1,0.6417985558509827
ridge,43,74,0,0,-0.6998035907745361
ridge,43,75,0,0,-0.3209152817726135
ridge,43,76,0,1,0.035392794758081436
ridge,43,77,1,1,0.12734980881214142
ridge,43,78,1,0,-1.1170737743377686
ridge,43,79,1,0,-1.3240069150924683
ridge,43,80,0,1,0.47231003642082214
ridge,43,81,1,1,1.2445223331451416
ridge,43,82,0,0,-0.026938024908304214
ridge,43,83,1,1,0.41990232467651367
ridge,43,84,1,0,-0.06531663984060287
ridge,43,85,1,1,0.25028088688850403
ridge,43,86,1,1,0.3474099040031433
ridge,43,87,1,0,-0.08152107149362564
ridge,43,88,1,1,0.7009002566337585
ridge,43,89,1,1,0.48780229687690735
ridge,43,90,1,1,0.14241202175617218
ridge,43,91,1,1,0.08188934624195099
ridge,43,92,0,0,-1.0976860523223877
ridge,43,93,0,0,-0.6215603947639465
ridge,43,94,0,1,1.0214189291000366
ridge,43,95,0,0,-0.34211912751197815
ridge,43,96,1,1,0.1538604497909546
ridge,43,97,1,0,-0.3358621895313263
ridge,43,98,1,1,1.0067291259765625
ridge,43,99,0,1,0.5997306704521179
ridge,43,100,1,1,0.6014437079429626
ridge,43,101,1,0,-0.35937580466270447
ridge,43,102,1,1,0.27681395411491394
ridge,43,103,0,1,0.680316150188446
ridge,43,104,1,0,-0.025339404121041298
ridge,43,105,0,0,-0.4999243915081024
ridge,43,106,1,1,0.9515768885612488
ridge,43,107,1,0,-0.03442404791712761
ridge,43,108,1,1,0.06701022386550903
ridge,43,109,0,1,0.7636062502861023
ridge,43,110,1,0,-0.7114982008934021
ridge,43,111,0,0,-0.7770054936408997
ridge,43,112,1,1,0.1466713547706604
ridge,43,113,0,0,-1.6909292936325073
ridge,43,114,0,0,-0.8422871232032776
ridge,43,115,0,1,0.48655375838279724
ridge,43,116,1,1,1.3756057024002075
ridge,43,117,0,0,-2.5996527671813965
ridge,43,118,0,1,0.45154932141304016
ridge,43,119,1,1,0.17856553196907043
ridge,43,120,1,1,1.0395886898040771
ridge,43,121,1,1,0.2136097252368927
ridge,43,122,1,1,0.5153246521949768
ridge,43,123,0,0,-0.3826614022254944
ridge,43,124,1,0,-0.24105298519134521
ridge,43,125,1,1,0.08549517393112183
ridge,43,126,0,0,-0.10323772579431534
ridge,43,127,0,1,0.02192898467183113
ridge,43,128,1,0,-0.06899178773164749
ridge,43,129,1,1,0.4091143310070038
ridge,43,130,1,0,-0.36192426085472107
ridge,43,131,1,1,0.8422307968139648
ridge,43,132,1,1,0.6427242159843445
ridge,43,133,0,1,1.9239065647125244
ridge,43,134,0,1,0.3553239107131958
ridge,43,135,0,0,-0.7393457293510437
ridge,43,136,0,0,-0.5417934060096741
ridge,43,137,1,1,1.0041216611862183
ridge,43,138,1,1,1.2821683883666992
ridge,43,139,0,0,-0.4275847375392914
ridge,43,140,1,0,-0.408713698387146
ridge,43,141,1,0,-0.1263527274131775
ridge,43,142,1,1,0.2894282937049866
ridge,43,143,1,1,1.2470190525054932
ridge,43,144,1,1,0.2562089264392853
ridge,43,145,1,1,0.5948105454444885
ridge,43,146,1,1,0.3793555796146393
ridge,43,147,0,1,0.9956970810890198
ridge,43,148,0,1,0.5176429748535156
ridge,43,149,0,0,-1.8825418949127197
ridge,43,150,1,1,0.5946446061134338
ridge,43,151,1,1,0.12860383093357086
ridge,43,152,0,0,-0.6442237496376038
ridge,43,153,0,1,0.3606669306755066
ridge,43,154,1,1,1.3258507251739502
ridge,43,155,1,1,0.13156284391880035
ridge,43,156,0,1,0.23686768114566803
ridge,43,157,0,0,-0.3356131315231323
ridge,43,158,0,0,-0.9168887734413147
ridge,43,159,0,0,-0.6260352730751038
ridge,43,160,0,1,0.08339996635913849
ridge,43,161,1,1,1.1228562593460083
ridge,43,162,1,0,-1.4091770648956299
ridge,43,163,1,1,0.6941817402839661
ridge,43,164,1,1,1.425906777381897
ridge,43,165,1,0,-0.2576960027217865
ridge,43,166,1,0,-0.7486446499824524
ridge,43,167,0,0,-1.4600659608840942
ridge,43,168,1,1,0.9502540826797485
ridge,43,169,0,1,0.5904764533042908
ridge,43,170,1,1,2.186403512954712
ridge,43,171,1,0,-0.3819867670536041
ridge,43,172,0,0,-0.24419111013412476
ridge,43,173,1,1,1.3679558038711548
ridge,43,174,0,0,-0.19706159830093384
ridge,43,175,0,1,0.010609065182507038
ridge,43,176,1,1,1.3829323053359985
ridge,43,177,1,1,0.17697544395923615
ridge,43,178,1,1,1.4804847240447998
ridge,43,179,0,0,-0.964468777179718
ridge,43,180,0,0,-1.4257762432098389
ridge,43,181,1,1,3.2853169441223145
ridge,43,182,0,0,-0.5228671431541443
ridge,43,183,0,0,-1.1792439222335815
ridge,43,184,0,0,-0.5856068730354309
ridge,43,185,0,0,-0.7015733122825623
ridge,43,186,0,1,0.019994329661130905
ridge,43,187,1,1,2.513906955718994
ridge,43,188,1,1,0.6219157576560974
ridge,43,189,0,1,0.08143982291221619
ridge,43,190,0,1,1.0945438146591187
ridge,43,191,0,1,0.5812377333641052
ridge,43,192,0,1,0.2115679383277893
ridge,43,193,1,1,0.7340163588523865
ridge,43,194,0,0,-1.3201279640197754
ridge,43,195,0,0,-0.6331940293312073
ridge,43,196,0,1,1.2015842199325562
ridge,43,197,1,1,0.9510595202445984
ridge,43,198,0,0,-0.6307677626609802
ridge,43,199,0,0,-0.5160786509513855
ridge,43,200,1,0,-0.9947399497032166
ridge,43,201,0,0,-1.5542502403259277
ridge,43,202,0,0,-0.4550628960132599
ridge,43,203,0,0,-0.5744257569313049
ridge,43,204,1,1,1.019830584526062
ridge,43,205,1,0,-1.0543773174285889
ridge,43,206,1,0,-0.07933420687913895
ridge,43,207,0,0,-0.17483827471733093
ridge,43,208,0,1,0.6307864785194397
ridge,43,209,0,1,0.2481117695569992
ridge,43,210,1,1,0.40114471316337585
ridge,43,211,1,0,-0.007667007856070995
ridge,43,212,1,1,0.2551649808883667
ridge,43,213,0,1,1.162621021270752
ridge,43,214,0,0,-1.4023395776748657
ridge,43,215,0,0,-1.843842625617981
ridge,43,216,1,0,-0.07199865579605103
ridge,43,217,0,1,0.01600496843457222
ridge,43,218,1,0,-0.32261815667152405
ridge,43,219,1,0,-0.6569750905036926
ridge,43,220,1,1,1.9946439266204834
ridge,43,221,1,0,-0.6965024471282959
ridge,43,222,1,1,0.4141336679458618
ridge,43,223,1,1,1.120829463005066
ridge,43,224,1,0,-0.4966718554496765
ridge,43,225,0,1,1.122840166091919
ridge,43,226,1,0,-0.2873840630054474
ridge,43,227,0,1,0.8113353848457336
ridge,43,228,0,0,-1.4118380546569824
ridge,43,229,0,1,0.014319722540676594
ridge,43,230,1,1,1.1006804704666138
ridge,43,231,0,1,0.47561439871788025
ridge,43,232,1,1,0.15779128670692444
ridge,43,233,1,1,0.3759090304374695
ridge,43,234,1,1,0.9810356497764587
ridge,43,235,0,0,-1.7468814849853516
ridge,43,236,1,1,0.6115694642066956
ridge,43,237,1,1,1.2880077362060547
ridge,43,238,0,1,0.4780969023704529
ridge,43,239,0,1,1.4595855474472046
ridge,43,240,0,1,0.730269730091095
ridge,43,241,1,0,-0.4692498445510864
ridge,43,242,1,1,0.7300475239753723
ridge,43,243,0,1,0.28104305267333984
ridge,43,244,1,1,1.2244837284088135
ridge,43,245,1,1,1.118807315826416
ridge,43,246,0,0,-0.22881075739860535
ridge,43,247,1,1,0.4985174238681793
ridge,43,248,1,1,0.29507094621658325
ridge,43,249,1,0,-0.8220353126525879
ridge,43,250,1,1,0.5462889075279236
ridge,43,251,1,1,2.396986961364746
ridge,43,252,0,1,0.21523240208625793
ridge,43,253,1,0,-1.2091064453125
ridge,43,254,0,0,-1.0684406757354736
ridge,43,255,1,1,0.7202154994010925
ridge,43,256,0,1,0.5641771554946899
ridge,43,257,0,1,1.4438550472259521
ridge,43,258,0,1,0.6820198893547058
ridge,43,259,0,0,-0.15484590828418732
ridge,43,260,0,0,-0.2501324713230133
ridge,43,261,0,1,0.32394322752952576
ridge,43,262,1,1,0.893155574798584
ridge,43,263,1,1,1.1040349006652832
ridge,43,264,1,1,1.4269933700561523
ridge,43,265,0,1,0.6943723559379578
ridge,43,266,1,1,0.3241165280342102
ridge,43,267,1,0,-1.0148662328720093
ridge,43,268,1,1,0.08489223569631577
ridge,43,269,0,1,0.868008553981781
ridge,43,270,1,0,-1.0635265111923218
ridge,43,271,0,0,-0.05203386768698692
ridge,43,272,0,1,0.05392744764685631
ridge,43,273,1,1,0.8823466897010803
ridge,43,274,1,0,-0.6600715517997742
ridge,43,275,0,0,-0.6646822690963745
ridge,43,276,0,0,-1.3916702270507812
ridge,43,277,1,1,0.553977906703949
ridge,43,278,0,0,-1.5993337631225586
ridge,43,279,0,0,-0.9837527871131897
ridge,43,280,1,1,1.0039761066436768
ridge,43,281,0,0,-2.367626190185547
ridge,43,282,0,1,0.698586106300354
ridge,43,283,0,1,1.47147536277771
ridge,43,284,1,1,0.8264514803886414
ridge,43,285,0,1,0.010563408024609089
ridge,43,286,0,1,1.548860788345337
ridge,43,287,1,1,1.4224045276641846
ridge,43,288,1,0,-0.6040353178977966
ridge,43,289,0,0,-0.17606978118419647
ridge,43,290,0,0,-0.42216798663139343
ridge,43,291,1,1,0.12091998010873795
ridge,43,292,1,1,0.8083057403564453
ridge,43,293,1,1,0.5894256234169006
ridge,43,294,0,0,-1.0004962682724
ridge,43,295,1,0,-0.0710584744811058
ridge,43,296,0,1,1.0983788967132568
ridge,43,297,1,1,0.4826340079307556
ridge,43,298,1,1,0.37013429403305054
ridge,43,299,1,1,0.6700112223625183
ridge,43,300,0,1,0.4791734218597412
ridge,43,301,1,1,0.09460075944662094
ridge,43,302,1,1,0.39808741211891174
ridge,43,303,0,1,1.323350429534912
ridge,43,304,1,1,1.1164746284484863
ridge,43,305,0,1,0.36885109543800354
ridge,43,306,0,0,-0.40303710103034973
ridge,43,307,0,0,-0.6242040991783142
ridge,43,308,0,1,1.8054070472717285
ridge,43,309,0,1,0.7117486596107483
ridge,43,310,0,0,-0.7584066987037659
ridge,43,311,0,0,-0.4986919164657593
ridge,43,312,0,0,-1.4991647005081177
ridge,43,313,0,0,-2.247032642364502
ridge,43,314,0,0,-0.9277512431144714
ridge,43,315,0,0,-0.4359396994113922
linear_svm,43,0,0,1,3.267411109962338
linear_svm,43,1,1,1,0.2491466582932915
linear_svm,43,2,0,0,-1.5813208615972982
linear_svm,43,3,1,0,-1.334551808544004
linear_svm,43,4,0,0,-1.9353102588041027
linear_svm,43,5,1,0,-3.667258909110252
linear_svm,43,6,0,1,0.900086139164329
linear_svm,43,7,1,1,1.125184567951384
linear_svm,43,8,0,0,-0.24991443146662887
linear_svm,43,9,0,0,-2.154141216401544
linear_svm,43,10,1,0,-1.4155843554698937
linear_svm,43,11,1,1,1.1084508848659724
linear_svm,43,12,0,0,-0.8986905862391216
linear_svm,43,13,0,0,-4.024645899715313
linear_svm,43,14,1,1,0.2519960201798658
linear_svm,43,15,1,1,0.7170068166025756
linear_svm,43,16,1,1,0.8962550804824282
linear_svm,43,17,0,0,-3.912304060421812
linear_svm,43,18,0,0,-0.4166585189525527
linear_svm,43,19,1,1,2.996125674394989
linear_svm,43,20,0,0,-3.294803803856596
linear_svm,43,21,0,0,-1.4397677500058974
linear_svm,43,22,1,1,2.3682029073763844
linear_svm,43,23,0,0,-0.034351209768667026
linear_svm,43,24,1,1,2.2682415555502295
linear_svm,43,25,0,0,-0.7248237442744015
linear_svm,43,26,0,0,-0.8315952159211316
linear_svm,43,27,0,0,-0.4931733514601231
linear_svm,43,28,0,0,-1.5210086875077493
linear_svm,43,29,0,0,-0.07680185195403952
linear_svm,43,30,0,1,0.6894150467187427
linear_svm,43,31,0,0,-5.172387991397998
linear_svm,43,32,1,0,-0.25467537003672625
linear_svm,43,33,1,1,1.4582821010781062
linear_svm,43,34,1,1,2.5111117550404614
linear_svm,43,35,1,0,-0.2424449942667591
linear_svm,43,36,1,1,0.10795771762129
linear_svm,43,37,1,0,-3.8409343744502826
linear_svm,43,38,0,0,-1.530839007372792
linear_svm,43,39,1,0,-1.5320512591625262
linear_svm,43,40,0,0,-0.4635697427967679
linear_svm,43,41,1,0,-0.23094449458538005
linear_svm,43,42,0,0,-1.8309965271510302
linear_svm,43,43,0,0,-4.697957159663948
linear_svm,43,44,1,1,0.820690686812478
linear_svm,43,45,0,1,0.04144811786723593
linear_svm,43,46,1,0,-0.8149642564368943
linear_svm,43,47,1,1,1.4711072052548408
linear_svm,43,48,0,0,-3.8223498684506305
linear_svm,43,49,1,1,0.5427071751770568
linear_svm,43,50,1,1,2.6291968492160587
linear_svm,43,51,0,1,1.9322719498294987
linear_svm,43,52,0,1,0.7658948672001842
linear_svm,43,53,1,0,-0.19722568877871785
linear_svm,43,54,0,0,-1.9630294357550475
linear_svm,43,55,0,0,-3.702422560287432
linear_svm,43,56,1,1,1.2494419491769229
linear_svm,43,57,0,1,0.9113972666696869
linear_svm,43,58,1,0,-0.7649187326467721
linear_svm,43,59,0,0,-1.946651784729171
linear_svm,43,60,1,1,0.5885602489255116
linear_svm,43,61,0,1,3.2885635231808545
linear_svm,43,62,0,0,-0.23151148373351996
linear_svm,43,63,1,0,-0.45664269399679835
linear_svm,43,64,0,0,-1.1264335799582192
linear_svm,43,65,0,1,1.6725999103894196
linear_svm,43,66,0,1,0.45967475292680793
linear_svm,43,67,0,1,2.864721487087042
linear_svm,43,68,0,1,0.6895927073975227
linear_svm,43,69,1,0,-0.7055756230047755
linear_svm,43,70,0,0,-1.1465086945121687
linear_svm,43,71,1,0,-3.2352630193513376
linear_svm,43,72,0,0,-0.5965077379689879
linear_svm,43,73,0,1,1.1024309351871155
linear_svm,43,74,0,0,-0.25713018709476265
linear_svm,43,75,0,0,-0.26998589438144605
linear_svm,43,76,0,1,0.36945849496624394
linear_svm,43,77,1,0,-0.2245960662403835
linear_svm,43,78,1,0,-1.8836549088151056
linear_svm,43,79,1,0,-1.751189884232978
linear_svm,43,80,0,1,2.5392372226694433
linear_svm,43,81,1,1,2.2663318599156317
linear_svm,43,82,0,1,1.129561601659496
linear_svm,43,83,1,1,0.013611218958863497
linear_svm,43,84,1,0,-1.3759281641096441
linear_svm,43,85,1,1,1.0944525441326811
linear_svm,43,86,1,1,0.26309318468306253
linear_svm,43,87,1,0,-0.28328162593345296
linear_svm,43,88,1,1,1.3519090034230061
linear_svm,43,89,1,1,0.42005602603723535
linear_svm,43,90,1,1,0.5433382411233191
linear_svm,43,91,1,0,-0.006973038065283391
linear_svm,43,92,0,1,0.8002843693354652
linear_svm,43,93,0,0,-0.9050809541268668
linear_svm,43,94,0,1,1.0908787869533934
linear_svm,43,95,0,0,-0.6069504907262931
linear_svm,43,96,1,0,-3.0942345477884965
linear_svm,43,97,1,0,-0.33739632713810264
linear_svm,43,98,1,1,1.6779764222600848
linear_svm,43,99,0,1,2.4153914996769954
linear_svm,43,100,1,1,1.9153810723609077
linear_svm,43,101,1,0,-0.623648127607287
linear_svm,43,102,1,1,0.8469458126566226
linear_svm,43,103,0,1,0.24696231944430017
linear_svm,43,104,1,1,0.3251653406086079
linear_svm,43,105,0,0,-0.03224152818532025
linear_svm,43,106,1,1,2.0721119292520833
linear_svm,43,107,1,1,0.635696071243095
linear_svm,43,108,1,0,-1.0907666903288153
linear_svm,43,109,0,1,2.1495897591400452
linear_svm,43,110,1,0,-0.019447862823012668
linear_svm,43,111,0,0,-0.8087742433507532
linear_svm,43,112,1,1,1.628190736093925
linear_svm,43,113,0,0,-4.928793402645962
linear_svm,43,114,0,0,-1.5073850068662475
linear_svm,43,115,0,1,1.1889091695198155
linear_svm,43,116,1,1,3.927195432057754
linear_svm,43,117,0,0,-6.281333143978195
linear_svm,43,118,0,0,-0.42586221118151035
linear_svm,43,119,1,1,0.6417669245922771
linear_svm,43,120,1,0,-0.033976980034739396
linear_svm,43,121,1,1,0.6619549292464886
linear_svm,43,122,1,1,2.2291944639724317
linear_svm,43,123,0,0,-2.0373031251169484
linear_svm,43,124,1,0,-1.169906165832834
linear_svm,43,125,1,0,-0.5474781307498575
linear_svm,43,126,0,1,0.2147685205420051
linear_svm,43,127,0,0,-0.034312022607774786
linear_svm,43,128,1,0,-0.13346928440891728
linear_svm,43,129,1,1,0.82258895416049
linear_svm,43,130,1,0,-1.0515271784471585
linear_svm,43,131,1,1,0.41025778551438496
linear_svm,43,132,1,1,1.335310869716846
linear_svm,43,133,0,1,3.609411388739659
linear_svm,43,134,0,1,1.147338994532061
linear_svm,43,135,0,0,-1.3162551384007068
linear_svm,43,136,0,0,-1.9453896603918472
linear_svm,43,137,1,1,0.45486687567666706
linear_svm,43,138,1,1,2.435344121432812
linear_svm,43,139,0,0,-1.2799602105893852
linear_svm,43,140,1,0,-0.6167658467070973
linear_svm,43,141,1,0,-0.07908173175724367
linear_svm,43,142,1,1,0.22710499375781054
linear_svm,43,143,1,1,1.808890812148569
linear_svm,43,144,1,0,-1.0538540555277116
linear_svm,43,145,1,1,2.1738741635793617
linear_svm,43,146,1,0,-0.07545976182361572
linear_svm,43,147,0,1,1.900446837605243
linear_svm,43,148,0,0,-0.7440815338386023
linear_svm,43,149,0,0,-3.4441894200227985
linear_svm,43,150,1,1,2.419030297109021
linear_svm,43,151,1,1,0.016314876025028333
linear_svm,43,152,0,0,-1.3725414741098643
linear_svm,43,153,0,1,1.9790814296656214
linear_svm,43,154,1,1,1.5601106118334571
linear_svm,43,155,1,1,0.019941467571558985
linear_svm,43,156,0,1,0.7532617242644148
linear_svm,43,157,0,0,-0.1369564501567115
linear_svm,43,158,0,0,-3.115723468149116
linear_svm,43,159,0,0,-2.165685136353771
linear_svm,43,160,0,1,1.4898062560890046
linear_svm,43,161,1,1,2.1519625364364385
linear_svm,43,162,1,0,-1.6773687452318957
linear_svm,43,163,1,1,0.7783645963687676
linear_svm,43,164,1,1,2.507980326480461
linear_svm,43,165,1,0,-0.5459581971898534
linear_svm,43,166,1,0,-1.2513490060671686
linear_svm,43,167,0,0,-1.4074543720416905
linear_svm,43,168,1,1,1.9731699213524019
linear_svm,43,169,0,1,0.4711380762244499
linear_svm,43,170,1,1,3.7439374220088766
linear_svm,43,171,1,0,-1.00863760582471
linear_svm,43,172,0,1,0.27901492188215693
linear_svm,43,173,1,1,1.2136619785380578
linear_svm,43,174,0,0,-0.61025048614636
linear_svm,43,175,0,1,0.930964646102067
linear_svm,43,176,1,1,3.491532236279627
linear_svm,43,177,1,1,1.3150209903650036
linear_svm,43,178,1,1,2.8872447000153336
linear_svm,43,179,0,0,-2.3120276452661246
linear_svm,43,180,0,0,-3.4053665530543613
linear_svm,43,181,1,1,6.780262316105827
linear_svm,43,182,0,0,-1.0344314151839002
linear_svm,43,183,0,0,-0.7861692758869563
linear_svm,43,184,0,0,-1.5460677744369948
linear_svm,43,185,0,0,-1.7133896889271714
linear_svm,43,186,0,1,0.1303513792279171
linear_svm,43,187,1,1,3.4632537889068793
linear_svm,43,188,1,1,1.9117108201040587
linear_svm,43,189,0,0,-0.10450759980272897
linear_svm,43,190,0,1,2.848037964732579
linear_svm,43,191,0,1,2.206270268015033
linear_svm,43,192,0,0,-0.9359097484083414
linear_svm,43,193,1,1,1.2107882963833998
linear_svm,43,194,0,0,-1.7828478787454591
linear_svm,43,195,0,0,-2.9788732653293
linear_svm,43,196,0,1,2.0323906070767355
linear_svm,43,197,1,1,2.1099098268602114
linear_svm,43,198,0,0,-1.5470418412753408
linear_svm,43,199,0,0,-1.8213322932754277
linear_svm,43,200,1,1,0.14357606481505314
linear_svm,43,201,0,0,-2.3469061346903413
linear_svm,43,202,0,0,-2.0155550148482475
linear_svm,43,203,0,0,-1.0478746969849098
linear_svm,43,204,1,1,1.3006749048000388
linear_svm,43,205,1,0,-1.606129827576246
linear_svm,43,206,1,0,-0.3002392370842384
linear_svm,43,207,0,1,0.40901886611098315
linear_svm,43,208,0,1,1.6397321803695615
linear_svm,43,209,0,1,0.4419312367032935
linear_svm,43,210,1,1,0.15526576445768792
linear_svm,43,211,1,1,1.4884735572665446
linear_svm,43,212,1,1,0.3292766909429822
linear_svm,43,213,0,1,2.0835475055020964
linear_svm,43,214,0,0,-5.832128558762598
linear_svm,43,215,0,0,-3.939496230411927
linear_svm,43,216,1,0,-0.1402159947395998
linear_svm,43,217,0,0,-0.18211978022882946
linear_svm,43,218,1,1,2.9483896018676785
linear_svm,43,219,1,0,-1.8980692775894963
linear_svm,43,220,1,1,5.424688551264599
linear_svm,43,221,1,1,0.16080764083052593
linear_svm,43,222,1,0,-0.1542618092248438
linear_svm,43,223,1,1,1.3704946356400944
linear_svm,43,224,1,1,1.7982601626920174
linear_svm,43,225,0,1,0.8409945206800933
linear_svm,43,226,1,0,-0.09376413328376278
linear_svm,43,227,0,1,1.69738496996592
linear_svm,43,228,0,0,-1.3026015913437219
linear_svm,43,229,0,1,0.1380886406310091
linear_svm,43,230,1,1,1.174568822448911
linear_svm,43,231,0,1,0.6287495951824639
linear_svm,43,232,1,0,-0.2315044569300361
linear_svm,43,233,1,1,1.0512525915451134
linear_svm,43,234,1,1,1.1806896853971949
linear_svm,43,235,0,0,-3.9232688948962924
linear_svm,43,236,1,1,0.8270138422302385
linear_svm,43,237,1,1,1.6253244079201457
linear_svm,43,238,0,1,1.7639623052844882
linear_svm,43,239,0,1,0.8484272680106841
linear_svm,43,240,0,1,0.8346253575039382
linear_svm,43,241,1,0,-1.6037448404418828
linear_svm,43,242,1,0,-0.3270527880866708
linear_svm,43,243,0,1,0.9610391548608701
linear_svm,43,244,1,1,2.467493579321162
linear_svm,43,245,1,1,2.691812514696971
linear_svm,43,246,0,1,0.6100164425549918
linear_svm,43,247,1,1,0.7573207602731077
linear_svm,43,248,1,1,1.2085514488053324
linear_svm,43,249,1,0,-1.6333955725046587
linear_svm,43,250,1,1,0.5241525492066944
linear_svm,43,251,1,1,4.938671310639345
linear_svm,43,252,0,1,0.5800103006159995
linear_svm,43,253,1,0,-2.1124191417480747
linear_svm,43,254,0,0,-1.5874890501886882
linear_svm,43,255,1,1,1.6863207043569872
linear_svm,43,256,0,1,1.5601763596642977
linear_svm,43,257,0,1,2.4002118927734486
linear_svm,43,258,0,1,1.7669197808323889
linear_svm,43,259,0,0,-0.19453085784610405
linear_svm,43,260,0,1,0.3972190160654361
linear_svm,43,261,0,1,1.114342346536217
linear_svm,43,262,1,1,1.312943897298639
linear_svm,43,263,1,1,1.273003900758089
linear_svm,43,264,1,1,1.834554615195354
linear_svm,43,265,0,1,2.2646141398582276
linear_svm,43,266,1,1,1.1095589251734528
linear_svm,43,267,1,0,-0.521548253716556
linear_svm,43,268,1,1,0.38523808826616013
linear_svm,43,269,0,1,0.07048185304595514
linear_svm,43,270,1,0,-1.957370704253137
linear_svm,43,271,0,0,-0.7807507622807685
linear_svm,43,272,0,0,-1.0813221607356727
linear_svm,43,273,1,1,1.4204295762329064
linear_svm,43,274,1,0,-0.6617462662209109
linear_svm,43,275,0,0,-0.5041942907074645
linear_svm,43,276,0,0,-1.7882966679404582
linear_svm,43,277,1,0,-0.19307910291630723
linear_svm,43,278,0,0,-3.20537176561969
linear_svm,43,279,0,0,-2.0047751597748977
linear_svm,43,280,1,1,1.4677872704312807
linear_svm,43,281,0,0,-4.054579202157199
linear_svm,43,282,0,1,1.316454093588744
linear_svm,43,283,0,1,2.9754055049016284
linear_svm,43,284,1,1,0.9419773969161692
linear_svm,43,285,0,0,-0.5405443674914484
linear_svm,43,286,0,1,2.7297943084715355
linear_svm,43,287,1,1,3.115759471730445
linear_svm,43,288,1,0,-0.5872615757962458
linear_svm,43,289,0,0,-0.17397386504066645
linear_svm,43,290,0,0,-0.9241223120858183
linear_svm,43,291,1,0,-0.2660796799670119
linear_svm,43,292,1,1,0.6804088173204239
linear_svm,43,293,1,1,0.9906854083528989
linear_svm,43,294,0,0,-1.2478319279607095
linear_svm,43,295,1,0,-0.3288887826105308
linear_svm,43,296,0,1,2.9895697070496547
linear_svm,43,297,1,1,0.6459681378055148
linear_svm,43,298,1,1,0.8844905382317376
linear_svm,43,299,1,1,1.8312378810661853
linear_svm,43,300,0,1,1.384416950851172
linear_svm,43,301,1,1,0.678674377629191
linear_svm,43,302,1,1,0.25822124182313766
linear_svm,43,303,0,1,3.1845511345239164
linear_svm,43,304,1,1,1.7175943982768715
linear_svm,43,305,0,1,0.6714667462430247
linear_svm,43,306,0,0,-0.29562554506403815
linear_svm,43,307,0,0,-1.3528180019535583
linear_svm,43,308,0,1,0.9079067958455981
linear_svm,43,309,0,1,2.685673890848972
linear_svm,43,310,0,0,-0.1900693341326566
linear_svm,43,311,0,0,-1.6984073460530038
linear_svm,43,312,0,0,-1.7861246134850903
linear_svm,43,313,0,0,-5.272121014034727
linear_svm,43,314,0,0,-1.2561648787379278
linear_svm,43,315,0,0,-2.073878219121964
adamw_linear,44,0,0,1,0.5729573369026184
adamw_linear,44,1,1,0,0.08092997223138809
adamw_linear,44,2,0,1,0.5034246444702148
adamw_linear,44,3,1,1,0.5886012315750122
adamw_linear,44,4,0,1,0.6488085389137268
adamw_linear,44,5,1,0,0.28237301111221313
adamw_linear,44,6,0,1,0.5370909571647644
adamw_linear,44,7,1,0,0.1388198584318161
adamw_linear,44,8,0,1,0.7815621495246887
adamw_linear,44,9,0,0,0.273019403219223
adamw_linear,44,10,1,0,0.1635373830795288
adamw_linear,44,11,1,1,0.6705428957939148
adamw_linear,44,12,0,1,0.5709322690963745
adamw_linear,44,13,0,0,0.1870768815279007
adamw_linear,44,14,1,0,0.45358791947364807
adamw_linear,44,15,1,1,0.6297120451927185
adamw_linear,44,16,1,0,0.46560606360435486
adamw_linear,44,17,0,0,0.2665727138519287
adamw_linear,44,18,0,1,0.5118730664253235
adamw_linear,44,19,1,1,0.6134507656097412
adamw_linear,44,20,0,1,0.7194737792015076
adamw_linear,44,21,0,0,0.12781919538974762
adamw_linear,44,22,1,0,0.31238141655921936
adamw_linear,44,23,0,0,0.3765279948711395
adamw_linear,44,24,1,0,0.3101685643196106
adamw_linear,44,25,0,0,0.4264673590660095
adamw_linear,44,26,0,0,0.18536758422851562
adamw_linear,44,27,0,1,0.7000185251235962
adamw_linear,44,28,0,0,0.2849542796611786
adamw_linear,44,29,0,1,0.9594902396202087
adamw_linear,44,30,0,1,0.9137214422225952
adamw_linear,44,31,0,0,0.12966416776180267
adamw_linear,44,32,1,1,0.6050954461097717
adamw_linear,44,33,1,0,0.436919629573822
adamw_linear,44,34,1,1,0.5610942244529724
adamw_linear,44,35,1,0,0.48663637042045593
adamw_linear,44,36,1,0,0.36806270480155945
adamw_linear,44,37,1,0,0.12311233580112457
adamw_linear,44,38,0,1,0.6067848205566406
adamw_linear,44,39,1,1,0.6362400650978088
adamw_linear,44,40,0,1,0.5742031335830688
adamw_linear,44,41,1,0,0.22917580604553223
adamw_linear,44,42,0,0,0.3167157471179962
adamw_linear,44,43,0,0,0.32802897691726685
adamw_linear,44,44,1,1,0.6746713519096375
adamw_linear,44,45,0,1,0.6537614464759827
adamw_linear,44,46,1,0,0.42863744497299194
adamw_linear,44,47,1,0,0.4922310709953308
adamw_linear,44,48,0,0,0.27452921867370605
adamw_linear,44,49,1,1,0.5351008772850037
adamw_linear,44,50,1,1,0.5324763059616089
adamw_linear,44,51,0,1,0.6580720543861389
adamw_linear,44,52,0,0,0.43839946389198303
adamw_linear,44,53,1,0,0.49022820591926575
adamw_linear,44,54,0,0,0.27720949053764343
adamw_linear,44,55,0,0,0.4040703773498535
adamw_linear,44,56,1,1,0.5225462317466736
adamw_linear,44,57,0,1,0.6564653515815735
adamw_linear,44,58,1,1,0.6622180938720703
adamw_linear,44,59,0,1,0.5621953010559082
adamw_linear,44,60,1,0,0.35296201705932617
adamw_linear,44,61,0,1,0.7243570685386658
adamw_linear,44,62,0,1,0.5375551581382751
adamw_linear,44,63,1,1,0.5700027346611023
adamw_linear,44,64,0,0,0.48224350810050964
adamw_linear,44,65,0,1,0.6642481684684753
adamw_linear,44,66,0,1,0.5635378956794739
adamw_linear,44,67,0,1,0.5032098889350891
adamw_linear,44,68,0,1,0.6563742160797119
adamw_linear,44,69,1,1,0.5426668524742126
adamw_linear,44,70,0,0,0.4198285639286041
adamw_linear,44,71,1,0,0.26160481572151184
adamw_linear,44,72,0,1,0.7500417828559875
adamw_linear,44,73,0,1,0.5574552416801453
adamw_linear,44,74,0,1,0.5416210293769836
adamw_linear,44,75,0,0,0.4853093922138214
adamw_linear,44,76,0,0,0.44447505474090576
adamw_linear,44,77,1,0,0.4272008240222931
adamw_linear,44,78,1,1,0.7243981957435608
adamw_linear,44,79,1,0,0.28324344754219055
adamw_linear,44,80,0,0,0.4868128299713135
adamw_linear,44,81,1,0,0.4429425895214081
adamw_linear,44,82,0,0,0.28229790925979614
adamw_linear,44,83,1,1,0.744767427444458
adamw_linear,44,84,1,1,0.6178532838821411
adamw_linear,44,85,1,1,0.7731891870498657
adamw_linear,44,86,1,1,0.6942387223243713
adamw_linear,44,87,1,1,0.5200514793395996
adamw_linear,44,88,1,1,0.5921542644500732
adamw_linear,44,89,1,0,0.38119933009147644
adamw_linear,44,90,1,1,0.8153595328330994
adamw_linear,44,91,1,1,0.5154144167900085
adamw_linear,44,92,0,0,0.23257732391357422
adamw_linear,44,93,0,0,0.2804010212421417
adamw_linear,44,94,0,1,0.5788995027542114
adamw_linear,44,95,0,1,0.5515714287757874
adamw_linear,44,96,1,0,0.3450493812561035
adamw_linear,44,97,1,0,0.3713396191596985
adamw_linear,44,98,1,0,0.4311404824256897
adamw_linear,44,99,0,0,0.49162107706069946
adamw_linear,44,100,1,1,0.5922480225563049
adamw_linear,44,101,1,1,0.7189702391624451
adamw_linear,44,102,1,1,0.5539364814758301
adamw_linear,44,103,0,0,0.06869562715291977
adamw_linear,44,104,1,1,0.6359929442405701
adamw_linear,44,105,0,0,0.41188931465148926
adamw_linear,44,106,1,1,0.5531209707260132
adamw_linear,44,107,1,1,0.5664698481559753
adamw_linear,44,108,1,1,0.5554481744766235
adamw_linear,44,109,0,0,0.4051835238933563
adamw_linear,44,110,1,1,0.5344440937042236
adamw_linear,44,111,0,1,0.5073751211166382
adamw_linear,44,112,1,1,0.6539360284805298
adamw_linear,44,113,0,0,0.2893773913383484
adamw_linear,44,114,0,0,0.27092593908309937
adamw_linear,44,115,0,1,0.5602691769599915
adamw_linear,44,116,1,1,0.5989924073219299
adamw_linear,44,117,0,0,0.04240213334560394
adamw_linear,44,118,0,1,0.5261074900627136
adamw_linear,44,119,1,1,0.8902677893638611
adamw_linear,44,120,1,1,0.6954225897789001
adamw_linear,44,121,1,1,0.6103132963180542
adamw_linear,44,122,1,1,0.5568370223045349
adamw_linear,44,123,0,0,0.4458804428577423
adamw_linear,44,124,1,0,0.24648655951023102
adamw_linear,44,125,1,0,0.3458184003829956
adamw_linear,44,126,0,1,0.5581621527671814
adamw_linear,44,127,0,1,0.7791304588317871
adamw_linear,44,128,1,1,0.5967416763305664
adamw_linear,44,129,1,1,0.5844377875328064
adamw_linear,44,130,1,1,0.5661856532096863
adamw_linear,44,131,1,1,0.6050654649734497
adamw_linear,44,132,1,1,0.5725019574165344
adamw_linear,44,133,0,0,0.33761829137802124
adamw_linear,44,134,0,0,0.4583580493927002
adamw_linear,44,135,0,0,0.25618916749954224
adamw_linear,44,136,0,0,0.29831790924072266
adamw_linear,44,137,1,1,0.5385609269142151
adamw_linear,44,138,1,1,0.6717886924743652
adamw_linear,44,139,0,0,0.3603219985961914
adamw_linear,44,140,1,0,0.45715051889419556
adamw_linear,44,141,1,0,0.47468358278274536
adamw_linear,44,142,1,1,0.6617437601089478
adamw_linear,44,143,1,1,0.7711828947067261
adamw_linear,44,144,1,1,0.551761269569397
adamw_linear,44,145,1,1,0.5135934948921204
adamw_linear,44,146,1,1,0.7527906894683838
adamw_linear,44,147,0,1,0.6279135942459106
adamw_linear,44,148,0,0,0.2894946038722992
adamw_linear,44,149,0,0,0.22257553040981293
adamw_linear,44,150,1,0,0.4126972258090973
adamw_linear,44,151,1,1,0.5454963445663452
adamw_linear,44,152,0,0,0.30981555581092834
adamw_linear,44,153,0,1,0.6273894309997559
adamw_linear,44,154,1,0,0.43551772832870483
adamw_linear,44,155,1,0,0.3193954825401306
adamw_linear,44,156,0,0,0.2820304334163666
adamw_linear,44,157,0,1,0.6728838682174683
adamw_linear,44,158,0,0,0.3324582278728485
adamw_linear,44,159,0,0,0.3270978033542633
adamw_linear,44,160,0,1,0.8435540795326233
adamw_linear,44,161,1,1,0.8792316913604736
adamw_linear,44,162,1,0,0.27784648537635803
adamw_linear,44,163,1,1,0.5685898661613464
adamw_linear,44,164,1,1,0.6157175302505493
adamw_linear,44,165,1,1,0.6741144061088562
adamw_linear,44,166,1,1,0.5375431180000305
adamw_linear,44,167,0,0,0.3059941232204437
adamw_linear,44,168,1,0,0.3722328245639801
adamw_linear,44,169,0,1,0.5089597105979919
adamw_linear,44,170,1,1,0.5297812223434448
adamw_linear,44,171,1,0,0.4369507431983948
adamw_linear,44,172,0,1,0.5481271743774414
adamw_linear,44,173,1,0,0.4708825647830963
adamw_linear,44,174,0,0,0.0159435011446476
adamw_linear,44,175,0,1,0.6482608318328857
adamw_linear,44,176,1,1,0.7175270318984985
adamw_linear,44,177,1,0,0.4502454698085785
adamw_linear,44,178,1,1,0.6671044826507568
adamw_linear,44,179,0,0,0.27342382073402405
adamw_linear,44,180,0,0,0.2777557671070099
adamw_linear,44,181,1,1,0.9092699289321899
adamw_linear,44,182,0,0,0.34211114048957825
adamw_linear,44,183,0,0,0.25865229964256287
adamw_linear,44,184,0,0,0.3165643513202667
adamw_linear,44,185,0,0,0.49397212266921997
adamw_linear,44,186,0,1,0.5700832605361938
adamw_linear,44,187,1,1,0.5980537533760071
adamw_linear,44,188,1,1,0.9331094026565552
adamw_linear,44,189,0,1,0.5141419172286987
adamw_linear,44,190,0,1,0.7334597110748291
adamw_linear,44,191,0,1,0.6758232712745667
adamw_linear,44,192,0,0,0.45967450737953186
adamw_linear,44,193,1,1,0.5425832271575928
adamw_linear,44,194,0,0,0.39826110005378723
adamw_linear,44,195,0,1,0.550463855266571
adamw_linear,44,196,0,1,0.6305975914001465
adamw_linear,44,197,1,1,0.5341448783874512
adamw_linear,44,198,0,0,0.2042209655046463
adamw_linear,44,199,0,0,0.2996472418308258
adamw_linear,44,200,1,0,0.3131178319454193
adamw_linear,44,201,0,0,0.10697537660598755
adamw_linear,44,202,0,0,0.27307066321372986
adamw_linear,44,203,0,1,0.5171342492103577
adamw_linear,44,204,1,0,0.44179877638816833
adamw_linear,44,205,1,0,0.4205353856086731
adamw_linear,44,206,1,0,0.3607165217399597
adamw_linear,44,207,0,1,0.7280312776565552
adamw_linear,44,208,0,0,0.339068204164505
adamw_linear,44,209,0,1,0.5607951879501343
adamw_linear,44,210,1,1,0.6373010873794556
adamw_linear,44,211,1,0,0.26204806566238403
adamw_linear,44,212,1,1,0.6969398856163025
adamw_linear,44,213,0,0,0.12807905673980713
adamw_linear,44,214,0,0,0.11956215649843216
adamw_linear,44,215,0,0,0.4001063108444214
adamw_linear,44,216,1,0,0.34578338265419006
adamw_linear,44,217,0,1,0.5158575177192688
adamw_linear,44,218,1,1,0.6003972291946411
adamw_linear,44,219,1,0,0.4596172571182251
adamw_linear,44,220,1,0,0.25093382596969604
adamw_linear,44,221,1,1,0.7530363202095032
adamw_linear,44,222,1,1,0.5974532961845398
adamw_linear,44,223,1,1,0.7527607679367065
adamw_linear,44,224,1,0,0.4913375973701477
adamw_linear,44,225,0,1,0.5201115012168884
adamw_linear,44,226,1,1,0.6503366827964783
adamw_linear,44,227,0,1,0.5569847226142883
adamw_linear,44,228,0,0,0.16425779461860657
adamw_linear,44,229,0,1,0.5267598032951355
adamw_linear,44,230,1,0,0.2524113357067108
adamw_linear,44,231,0,1,0.7378485202789307
adamw_linear,44,232,1,1,0.6983975768089294
adamw_linear,44,233,1,0,0.22104837000370026
adamw_linear,44,234,1,1,0.6741592288017273
adamw_linear,44,235,0,0,0.20228378474712372
adamw_linear,44,236,1,1,0.6983619332313538
adamw_linear,44,237,1,1,0.7244104146957397
adamw_linear,44,238,0,1,0.7080468535423279
adamw_linear,44,239,0,1,0.5188395380973816
adamw_linear,44,240,0,1,0.7359306216239929
adamw_linear,44,241,1,0,0.46823549270629883
adamw_linear,44,242,1,0,0.22146905958652496
adamw_linear,44,243,0,1,0.6939114332199097
adamw_linear,44,244,1,1,0.7581592798233032
adamw_linear,44,245,1,1,0.8654136061668396
adamw_linear,44,246,0,1,0.551312267780304
adamw_linear,44,247,1,1,0.6357575058937073
adamw_linear,44,248,1,1,0.565248429775238
adamw_linear,44,249,1,1,0.5300636291503906
adamw_linear,44,250,1,0,0.481245219707489
adamw_linear,44,251,1,1,0.870468020439148
adamw_linear,44,252,0,0,0.48115062713623047
adamw_linear,44,253,1,1,0.7594664096832275
adamw_linear,44,254,0,0,0.09336785972118378
adamw_linear,44,255,1,1,0.5840982794761658
adamw_linear,44,256,0,1,0.7348767518997192
adamw_linear,44,257,0,1,0.5929138660430908
adamw_linear,44,258,0,1,0.5575782060623169
adamw_linear,44,259,0,1,0.5406040549278259
adamw_linear,44,260,0,0,0.16806769371032715
adamw_linear,44,261,0,1,0.829518735408783
adamw_linear,44,262,1,1,0.6222413182258606
adamw_linear,44,263,1,1,0.7896993160247803
adamw_linear,44,264,1,0,0.316738098859787
adamw_linear,44,265,0,1,0.7345333695411682
adamw_linear,44,266,1,1,0.8414044380187988
adamw_linear,44,267,1,0,0.09103783965110779
adamw_linear,44,268,1,1,0.714493989944458
adamw_linear,44,269,0,0,0.37173378467559814
adamw_linear,44,270,1,1,0.5415606498718262
adamw_linear,44,271,0,1,0.5653152465820312
adamw_linear,44,272,0,0,0.2909407913684845
adamw_linear,44,273,1,1,0.6494677662849426
adamw_linear,44,274,1,1,0.788566529750824
adamw_linear,44,275,0,0,0.4742024540901184
adamw_linear,44,276,0,0,0.38414302468299866
adamw_linear,44,277,1,1,0.6320834159851074
adamw_linear,44,278,0,0,0.4615039825439453
adamw_linear,44,279,0,0,0.29589584469795227
adamw_linear,44,280,1,1,0.7962185144424438
adamw_linear,44,281,0,0,0.11840180307626724
adamw_linear,44,282,0,0,0.4754747152328491
adamw_linear,44,283,0,1,0.5531291961669922
adamw_linear,44,284,1,1,0.5295370817184448
adamw_linear,44,285,0,0,0.49288901686668396
adamw_linear,44,286,0,0,0.49568143486976624
adamw_linear,44,287,1,1,0.581384539604187
adamw_linear,44,288,1,0,0.2872065603733063
adamw_linear,44,289,0,1,0.5373774170875549
adamw_linear,44,290,0,0,0.2627878487110138
adamw_linear,44,291,1,1,0.5824580192565918
adamw_linear,44,292,1,1,0.5013788938522339
adamw_linear,44,293,1,1,0.7419098615646362
adamw_linear,44,294,0,0,0.27324023842811584
adamw_linear,44,295,1,1,0.5610910058021545
adamw_linear,44,296,0,1,0.856240451335907
adamw_linear,44,297,1,1,0.8463076949119568
adamw_linear,44,298,1,1,0.7057086229324341
adamw_linear,44,299,1,1,0.6716035604476929
adamw_linear,44,300,0,1,0.7923672795295715
adamw_linear,44,301,1,0,0.4722696840763092
adamw_linear,44,302,1,1,0.5924485921859741
adamw_linear,44,303,0,0,0.32412847876548767
adamw_linear,44,304,1,1,0.8042154908180237
adamw_linear,44,305,0,0,0.44132623076438904
adamw_linear,44,306,0,0,0.4317830204963684
adamw_linear,44,307,0,0,0.31698304414749146
adamw_linear,44,308,0,0,0.4966934621334076
adamw_linear,44,309,0,0,0.36625170707702637
adamw_linear,44,310,0,0,0.01829318143427372
adamw_linear,44,311,0,0,0.3856566846370697
adamw_linear,44,312,0,1,0.5273981690406799
adamw_linear,44,313,0,0,0.09826698154211044
adamw_linear,44,314,0,0,0.41050854325294495
adamw_linear,44,315,0,1,0.7763922214508057
logistic_l2,44,0,0,1,0.3515374804249731
logistic_l2,44,1,1,0,-4.104458509178877
logistic_l2,44,2,0,0,-0.9280792245482287
logistic_l2,44,3,1,1,0.24037518633556046
logistic_l2,44,4,0,0,-1.3885661278383237
logistic_l2,44,5,1,0,-3.689300558007327
logistic_l2,44,6,0,0,-0.16337914371039353
logistic_l2,44,7,1,0,-3.8057255200851356
logistic_l2,44,8,0,1,2.287141488942105
logistic_l2,44,9,0,0,-3.016053903669872
logistic_l2,44,10,1,0,-3.156131258415009
logistic_l2,44,11,1,1,4.67469230979507
logistic_l2,44,12,0,0,-0.6648300401431734
logistic_l2,44,13,0,0,-3.9593096525344804
logistic_l2,44,14,1,0,-0.23587513733450466
logistic_l2,44,15,1,0,-0.08275208962782371
logistic_l2,44,16,1,0,-0.5065951986308772
logistic_l2,44,17,0,0,-4.509838053172166
logistic_l2,44,18,0,1,0.37939595944783905
logistic_l2,44,19,1,1,1.8334084182871646
logistic_l2,44,20,0,1,0.014811391361156334
logistic_l2,44,21,0,0,-6.590127668319445
logistic_l2,44,22,1,1,1.8242312408057835
logistic_l2,44,23,0,0,-1.6874130104626417
logistic_l2,44,24,1,0,-1.0009030664079996
logistic_l2,44,25,0,0,-0.5510846949357356
logistic_l2,44,26,0,0,-9.021723428374479
logistic_l2,44,27,0,1,0.711031478737163
logistic_l2,44,28,0,0,-2.4214488127319287
logistic_l2,44,29,0,1,3.1565877301475114
logistic_l2,44,30,0,1,2.8511987489279558
logistic_l2,44,31,0,0,-6.007368780304988
logistic_l2,44,32,1,1,1.322430877346876
logistic_l2,44,33,1,1,1.1284607877781185
logistic_l2,44,34,1,1,0.518565192187759
logistic_l2,44,35,1,1,1.1188357808948113
logistic_l2,44,36,1,1,1.3162594831327767
logistic_l2,44,37,1,0,-4.4389117195173196
logistic_l2,44,38,0,1,0.13856277764519714
logistic_l2,44,39,1,0,-1.012121991469406
logistic_l2,44,40,0,1,1.5620634662370332
logistic_l2,44,41,1,0,-1.2577488276834958
logistic_l2,44,42,0,0,-2.1014294496773847
logistic_l2,44,43,0,0,-4.783992761777911
logistic_l2,44,44,1,1,1.2853715276591204
logistic_l2,44,45,0,1,1.0559379243913123
logistic_l2,44,46,1,0,-0.444596433687166
logistic_l2,44,47,1,1,0.7717369468010102
logistic_l2,44,48,0,0,-4.300427956460897
logistic_l2,44,49,1,1,1.4406956776912268
logistic_l2,44,50,1,1,2.787753610033402
logistic_l2,44,51,0,1,1.5033550587481006
logistic_l2,44,52,0,1,0.45072345990763985
logistic_l2,44,53,1,0,-0.2164066301184591
logistic_l2,44,54,0,0,-3.5825566666082493
logistic_l2,44,55,0,0,-0.2454577917109034
logistic_l2,44,56,1,1,0.48899429683558016
logistic_l2,44,57,0,1,2.8145306289536616
logistic_l2,44,58,1,1,1.1367348706057552
logistic_l2,44,59,0,0,-1.6218459574707151
logistic_l2,44,60,1,0,-1.3422122494960649
logistic_l2,44,61,0,1,4.056807252983292
logistic_l2,44,62,0,1,0.1362709590757321
logistic_l2,44,63,1,0,-0.8499400789661937
logistic_l2,44,64,0,0,-1.8564763333639511
logistic_l2,44,65,0,1,2.8883123004521765
logistic_l2,44,66,0,0,-0.393558366306589
logistic_l2,44,67,0,1,2.070769333474193
logistic_l2,44,68,0,0,-0.15155906900834717
logistic_l2,44,69,1,1,1.365164758444789
logistic_l2,44,70,0,0,-2.954201001012945
logistic_l2,44,71,1,0,-3.195100985758043
logistic_l2,44,72,0,1,1.402222463004581
logistic_l2,44,73,0,1,0.4951915221094685
logistic_l2,44,74,0,0,-1.2311515775771866
logistic_l2,44,75,0,0,-1.7898200735930223
logistic_l2,44,76,0,0,-1.612626936740482
logistic_l2,44,77,1,0,-0.6110656621812065
logistic_l2,44,78,1,0,-0.511440511159752
logistic_l2,44,79,1,0,-2.7859177532070567
logistic_l2,44,80,0,0,-0.2470234485400936
logistic_l2,44,81,1,1,0.22165009178261705
logistic_l2,44,82,0,0,-0.8749039653751068
logistic_l2,44,83,1,1,0.439247672931073
logistic_l2,44,84,1,0,-0.4039275300749994
logistic_l2,44,85,1,1,1.7019111723781288
logistic_l2,44,86,1,1,0.9469638413786251
logistic_l2,44,87,1,0,-0.47935770300039116
logistic_l2,44,88,1,1,0.13456317370754672
logistic_l2,44,89,1,1,0.3143791853168881
logistic_l2,44,90,1,1,1.602944168799086
logistic_l2,44,91,1,1,1.132829528436979
logistic_l2,44,92,0,0,-1.0904327759862178
logistic_l2,44,93,0,0,-2.327173120077859
logistic_l2,44,94,0,0,-0.7606231131950218
logistic_l2,44,95,0,0,-0.7960229919393094
logistic_l2,44,96,1,0,-2.75559938149819
logistic_l2,44,97,1,0,-2.3884547802965574
logistic_l2,44,98,1,1,3.157113968567568
logistic_l2,44,99,0,1,0.7278876632703559
logistic_l2,44,100,1,1,1.3701286775407493
logistic_l2,44,101,1,1,1.7087039029260764
logistic_l2,44,102,1,0,-0.33208857199222636
logistic_l2,44,103,0,0,-3.755176231167653
logistic_l2,44,104,1,1,1.1077546493035053
logistic_l2,44,105,0,0,-0.9495398048623563
logistic_l2,44,106,1,1,1.2806515200642956
logistic_l2,44,107,1,1,0.8063443837438459
logistic_l2,44,108,1,0,-1.0389253748088643
logistic_l2,44,109,0,0,-0.13945063617482817
logistic_l2,44,110,1,1,0.7610159454722726
logistic_l2,44,111,0,0,-1.3169501644233257
logistic_l2,44,112,1,1,0.10127586499090596
logistic_l2,44,113,0,0,-4.02162333406873
logistic_l2,44,114,0,0,-2.2953413115955925
logistic_l2,44,115,0,1,0.0014468897888963161
logistic_l2,44,116,1,1,4.0090999975935695
logistic_l2,44,117,0,0,-6.972908208744012
logistic_l2,44,118,0,1,1.2798632737995594
logistic_l2,44,119,1,1,0.04901876913808781
logistic_l2,44,120,1,1,1.3840054534243378
logistic_l2,44,121,1,1,1.4291509617738087
logistic_l2,44,122,1,1,0.2924877243187102
logistic_l2,44,123,0,0,-0.2285524486475401
logistic_l2,44,124,1,0,-1.8507170776407271
logistic_l2,44,125,1,0,-0.34642509929031284
logistic_l2,44,126,0,1,0.886061472349607
logistic_l2,44,127,0,1,1.3074921974297782
logistic_l2,44,128,1,1,1.7545600291526748
logistic_l2,44,129,1,1,2.8795426164356983
logistic_l2,44,130,1,0,-0.9982626240622384
logistic_l2,44,131,1,1,2.4055260261299125
logistic_l2,44,132,1,1,2.207104415986743
logistic_l2,44,133,0,1,0.2530260463412476
logistic_l2,44,134,0,1,0.47223254168868745
logistic_l2,44,135,0,0,-5.07336527150672
logistic_l2,44,136,0,0,-2.4841668972717783
logistic_l2,44,137,1,1,1.3439705138092468
logistic_l2,44,138,1,1,1.3584770492769322
logistic_l2,44,139,0,0,-2.0820669299073153
logistic_l2,44,140,1,1,0.456226485194546
logistic_l2,44,141,1,0,-0.20212250976262053
logistic_l2,44,142,1,1,1.5832763684092703
logistic_l2,44,143,1,1,3.9146119391599035
logistic_l2,44,144,1,1,0.33229291235790126
logistic_l2,44,145,1,1,1.4415574136322076
logistic_l2,44,146,1,1,1.7617462838186615
logistic_l2,44,147,0,1,1.340432762003766
logistic_l2,44,148,0,0,-2.182940213196063
logistic_l2,44,149,0,0,-3.05734069522121
logistic_l2,44,150,1,1,0.5937943108014854
logistic_l2,44,151,1,0,-0.8921327295389236
logistic_l2,44,152,0,0,-2.2310166204754647
logistic_l2,44,153,0,0,-0.5335173150600591
logistic_l2,44,154,1,1,0.07981446720156016
logistic_l2,44,155,1,1,0.7579375190018691
logistic_l2,44,156,0,0,-2.885143293430371
logistic_l2,44,157,0,0,-1.1015156992593984
logistic_l2,44,158,0,0,-4.007490810414844
logistic_l2,44,159,0,0,-1.1533224116628629
logistic_l2,44,160,0,1,4.362925774154835
logistic_l2,44,161,1,1,5.161348658785297
logistic_l2,44,162,1,0,-2.5008555404096997
logistic_l2,44,163,1,1,1.0262790890468603
logistic_l2,44,164,1,1,1.9133455952972303
logistic_l2,44,165,1,1,0.9303084392816015
logistic_l2,44,166,1,0,-0.5419922567997901
logistic_l2,44,167,0,0,-1.9911195012291043
logistic_l2,44,168,1,1,1.4756342587634248
logistic_l2,44,169,0,1,1.1220708830997574
logistic_l2,44,170,1,1,1.4889918792296
logistic_l2,44,171,1,0,-0.2249016167388469
logistic_l2,44,172,0,0,-0.5636320639943225
logistic_l2,44,173,1,1,1.2838290809620017
logistic_l2,44,174,0,0,-4.226238874541121
logistic_l2,44,175,0,1,0.578190732183444
logistic_l2,44,176,1,1,3.121146910389203
logistic_l2,44,177,1,1,1.5943016922908346
logistic_l2,44,178,1,1,0.9475153465733908
logistic_l2,44,179,0,0,-2.2438140008501213
logistic_l2,44,180,0,0,-3.3910015245367005
logistic_l2,44,181,1,1,15.148807713153701
logistic_l2,44,182,0,0,-1.9717028599542121
logistic_l2,44,183,0,0,-1.1928900828240925
logistic_l2,44,184,0,0,-1.6787870417957609
logistic_l2,44,185,0,0,-1.2806530262573965
logistic_l2,44,186,0,0,-0.23442591900810936
logistic_l2,44,187,1,1,1.2066617718646453
logistic_l2,44,188,1,1,4.247820052851911
logistic_l2,44,189,0,1,0.1463108336842515
logistic_l2,44,190,0,1,4.683364016184635
logistic_l2,44,191,0,1,1.617759018698874
logistic_l2,44,192,0,0,-1.5079109168455511
logistic_l2,44,193,1,0,-0.44052455928138856
logistic_l2,44,194,0,0,-2.2391204978766184
logistic_l2,44,195,0,0,-2.416096886138108
logistic_l2,44,196,0,1,0.4465687095451473
logistic_l2,44,197,1,1,1.5905602795161227
logistic_l2,44,198,0,0,-3.313475519222073
logistic_l2,44,199,0,0,-1.7475205129445226
logistic_l2,44,200,1,0,-1.2358709353086816
logistic_l2,44,201,0,0,-5.934962465005151
logistic_l2,44,202,0,0,-0.9328950582605563
logistic_l2,44,203,0,0,-3.0419568142824334
logistic_l2,44,204,1,1,1.0344678501713909
logistic_l2,44,205,1,0,-1.5582693161962553
logistic_l2,44,206,1,0,-2.6661264877825364
logistic_l2,44,207,0,1,1.506332080827923
logistic_l2,44,208,0,0,-0.7591924136112799
logistic_l2,44,209,0,0,-0.31293428297020964
logistic_l2,44,210,1,1,0.0867647809992611
logistic_l2,44,211,1,0,-2.428969673106069
logistic_l2,44,212,1,1,1.3492359726214138
logistic_l2,44,213,0,0,-0.8317641734019652
logistic_l2,44,214,0,0,-7.1124782480235
logistic_l2,44,215,0,0,-4.312360417026088
logistic_l2,44,216,1,0,-0.15119531143890094
logistic_l2,44,217,0,0,-0.7214917863688062
logistic_l2,44,218,1,1,0.7534236699518467
logistic_l2,44,219,1,0,-0.11741374151707534
logistic_l2,44,220,1,1,0.9257709594319226
logistic_l2,44,221,1,1,0.30787451348976214
logistic_l2,44,222,1,1,1.9875908253536425
logistic_l2,44,223,1,1,2.552619856909704
logistic_l2,44,224,1,1,3.21790966653176
logistic_l2,44,225,0,1,0.6303879355177752
logistic_l2,44,226,1,1,1.3376479395976357
logistic_l2,44,227,0,1,0.33962681063001043
logistic_l2,44,228,0,0,-4.403153602747648
logistic_l2,44,229,0,0,-0.046558452232385694
logistic_l2,44,230,1,1,0.062264839643254494
logistic_l2,44,231,0,1,3.2358682922513724
logistic_l2,44,232,1,1,1.1849717176800005
logistic_l2,44,233,1,1,0.37450957826764697
logistic_l2,44,234,1,1,1.7265505107205015
logistic_l2,44,235,0,0,-5.197613091581747
logistic_l2,44,236,1,1,2.1494049111862714
logistic_l2,44,237,1,1,2.9311534006136784
logistic_l2,44,238,0,1,1.5801861803952049
logistic_l2,44,239,0,0,-1.3293656284264268
logistic_l2,44,240,0,1,3.43870902630503
logistic_l2,44,241,1,0,-1.8860922681261327
logistic_l2,44,242,1,0,-1.1229487003401495
logistic_l2,44,243,0,1,2.1602358322361757
logistic_l2,44,244,1,1,1.6787113674208225
logistic_l2,44,245,1,1,5.921116824074289
logistic_l2,44,246,0,1,0.034384347095677115
logistic_l2,44,247,1,1,0.820171349317518
logistic_l2,44,248,1,1,0.5325024745020361
logistic_l2,44,249,1,1,1.1773231764736807
logistic_l2,44,250,1,1,0.45447030912700065
logistic_l2,44,251,1,1,3.9783849073607986
logistic_l2,44,252,0,0,-1.63064632302203
logistic_l2,44,253,1,0,-0.5205924041381313
logistic_l2,44,254,0,0,-3.383953017798525
logistic_l2,44,255,1,1,1.6271800546812203
logistic_l2,44,256,0,1,1.8936939636780719
logistic_l2,44,257,0,1,2.3666045691833846
logistic_l2,44,258,0,1,0.8558442837690861
logistic_l2,44,259,0,0,-0.18577464933186358
logistic_l2,44,260,0,0,-4.408636992787742
logistic_l2,44,261,0,1,3.3540640352883693
logistic_l2,44,262,1,1,1.7191099591871983
logistic_l2,44,263,1,1,2.141335821902947
logistic_l2,44,264,1,0,-1.0500592090663974
logistic_l2,44,265,0,1,1.6814896548043412
logistic_l2,44,266,1,1,3.6768377979123965
logistic_l2,44,267,1,0,-1.3331029068065863
logistic_l2,44,268,1,1,1.736337946005433
logistic_l2,44,269,0,1,0.7867147206776447
logistic_l2,44,270,1,0,-2.509993720216773
logistic_l2,44,271,0,1,0.004364884074998465
logistic_l2,44,272,0,0,-3.265101937639828
logistic_l2,44,273,1,1,2.215713920014525
logistic_l2,44,274,1,1,3.0364225204645585
logistic_l2,44,275,0,0,-2.3722008548703424
logistic_l2,44,276,0,0,-4.172634673655201
logistic_l2,44,277,1,1,1.259353677936047
logistic_l2,44,278,0,0,-0.4915749445642378
logistic_l2,44,279,0,0,-4.89058412971748
logistic_l2,44,280,1,1,2.6630202121610926
logistic_l2,44,281,0,0,-5.043641417850208
logistic_l2,44,282,0,1,1.5103419965920473
logistic_l2,44,283,0,1,1.8383252920018773
logistic_l2,44,284,1,1,0.06528884289793152
logistic_l2,44,285,0,0,-1.1771553496431904
logistic_l2,44,286,0,1,1.718777509007237
logistic_l2,44,287,1,1,0.8009998764477123
logistic_l2,44,288,1,0,-1.9347751558004471
logistic_l2,44,289,0,0,-0.11353694730845432
logistic_l2,44,290,0,1,0.0361948305688799
logistic_l2,44,291,1,1,1.8398284606264401
logistic_l2,44,292,1,1,2.29832914066739
logistic_l2,44,293,1,1,2.106569718475871
logistic_l2,44,294,0,0,-2.799465313114827
logistic_l2,44,295,1,0,-0.3037454337174924
logistic_l2,44,296,0,1,3.6563103498715868
logistic_l2,44,297,1,1,2.804742119426772
logistic_l2,44,298,1,1,1.5821874433277325
logistic_l2,44,299,1,1,1.6098125541535753
logistic_l2,44,300,0,1,3.13630497681589
logistic_l2,44,301,1,0,-0.33469331852380396
logistic_l2,44,302,1,1,0.2480683695748211
logistic_l2,44,303,0,1,1.261158827885928
logistic_l2,44,304,1,1,3.084941293644991
logistic_l2,44,305,0,1,0.9542078760002771
logistic_l2,44,306,0,0,-0.9897211638328806
logistic_l2,44,307,0,0,-1.9449421164550507
logistic_l2,44,308,0,1,0.8432234919927584
logistic_l2,44,309,0,1,1.130511800226785
logistic_l2,44,310,0,0,-3.043176583363852
logistic_l2,44,311,0,0,-1.2918598339522351
logistic_l2,44,312,0,1,0.2507517350597005
logistic_l2,44,313,0,0,-8.20933595962085
logistic_l2,44,314,0,0,-2.1312386905034333
logistic_l2,44,315,0,0,-0.35996306006507156
ridge,44,0,0,0,-1.1449511051177979
ridge,44,1,1,0,-0.08621537685394287
ridge,44,2,0,0,-0.22837725281715393
ridge,44,3,1,0,-0.14144910871982574
ridge,44,4,0,0,-0.7768124341964722
ridge,44,5,1,0,-1.2816827297210693
ridge,44,6,0,1,0.05223461985588074
ridge,44,7,1,0,-1.4525196552276611
ridge,44,8,0,0,-0.28968721628189087
ridge,44,9,0,0,-0.9093273282051086
ridge,44,10,1,0,-0.6586623191833496
ridge,44,11,1,1,2.0244994163513184
ridge,44,12,0,0,-0.06246829777956009
ridge,44,13,0,0,-1.319921612739563
ridge,44,14,1,1,0.7668099403381348
ridge,44,15,1,0,-0.3405403196811676
ridge,44,16,1,0,-0.35663914680480957
ridge,44,17,0,0,-2.0686092376708984
ridge,44,18,0,0,-0.10120260715484619
ridge,44,19,1,1,0.6748241186141968
ridge,44,20,0,0,-0.13829341530799866
ridge,44,21,0,0,-2.0864505767822266
ridge,44,22,1,1,0.8212264776229858
ridge,44,23,0,0,-1.177392840385437
ridge,44,24,1,0,-0.39023739099502563
ridge,44,25,0,0,-0.38189697265625
ridge,44,26,0,0,-2.4830470085144043
ridge,44,27,0,0,-0.015067718923091888
ridge,44,28,0,0,-0.09659062325954437
ridge,44,29,0,1,0.4212524890899658
ridge,44,30,0,1,0.7108091115951538
ridge,44,31,0,0,-1.2244644165039062
ridge,44,32,1,1,0.47161704301834106
ridge,44,33,1,1,0.7084516286849976
ridge,44,34,1,1,0.8212539553642273
ridge,44,35,1,1,0.7589020729064941
ridge,44,36,1,1,1.008613109588623
ridge,44,37,1,0,-1.9126049280166626
ridge,44,38,0,0,-0.4286428689956665
ridge,44,39,1,0,-0.7718214988708496
ridge,44,40,0,1,0.49419939517974854
ridge,44,41,1,1,0.12693578004837036
ridge,44,42,0,0,-0.4603801965713501
ridge,44,43,0,0,-2.214543581008911
ridge,44,44,1,1,0.6344791650772095
ridge,44,45,0,0,-0.2696530818939209
ridge,44,46,1,0,-0.058995723724365234
ridge,44,47,1,0,-0.043009303510189056
ridge,44,48,0,0,-0.7743574380874634
ridge,44,49,1,1,0.9514942169189453
ridge,44,50,1,1,1.1354575157165527
ridge,44,51,0,1,0.544399619102478
ridge,44,52,0,1,0.7489780187606812
ridge,44,53,1,0,-0.36503225564956665
ridge,44,54,0,0,-1.6446380615234375
ridge,44,55,0,0,-0.8432585000991821
ridge,44,56,1,1,0.45180439949035645
ridge,44,57,0,1,0.9534176588058472
ridge,44,58,1,1,0.9684057235717773
ridge,44,59,0,0,-0.6524642705917358
ridge,44,60,1,0,-0.3438340723514557
ridge,44,61,0,1,1.7133467197418213
ridge,44,62,0,1,0.47139936685562134
ridge,44,63,1,0,-1.1354604959487915
ridge,44,64,0,0,-0.746244490146637
ridge,44,65,0,1,1.3434537649154663
ridge,44,66,0,0,-0.3651264011859894
ridge,44,67,0,1,1.4447574615478516
ridge,44,68,0,1,0.1901327520608902
ridge,44,69,1,1,0.554836630821228
ridge,44,70,0,0,-0.8681278228759766
ridge,44,71,1,0,-1.5479997396469116
ridge,44,72,0,1,0.4550994038581848
ridge,44,73,0,1,0.26962897181510925
ridge,44,74,0,0,-0.6008570194244385
ridge,44,75,0,0,-0.7843531370162964
ridge,44,76,0,0,-0.43958809971809387
ridge,44,77,1,0,-0.3115377724170685
ridge,44,78,1,0,-0.9496831893920898
ridge,44,79,1,0,-1.3623710870742798
ridge,44,80,0,1,0.10472618788480759
ridge,44,81,1,1,0.5904067754745483
ridge,44,82,0,0,-0.9359095692634583
ridge,44,83,1,0,-0.5788213610649109
ridge,44,84,1,0,-0.1841987669467926
ridge,44,85,1,1,0.5424424409866333
ridge,44,86,1,1,0.25740569829940796
ridge,44,87,1,0,-0.121025450527668
ridge,44,88,1,1,0.1046149730682373
ridge,44,89,1,1,0.5830339193344116
ridge,44,90,1,0,-0.04374051094055176
ridge,44,91,1,1,0.35607483983039856
ridge,44,92,0,0,-1.1822230815887451
ridge,44,93,0,0,-1.0418509244918823
ridge,44,94,0,1,0.2873845100402832
ridge,44,95,0,0,-0.18871751427650452
ridge,44,96,1,0,-0.5648787021636963
ridge,44,97,1,0,-0.8009870052337646
ridge,44,98,1,1,1.9748066663742065
ridge,44,99,0,1,0.5121332406997681
ridge,44,100,1,1,0.08391783386468887
ridge,44,101,1,1,0.4831105172634125
ridge,44,102,1,0,-0.11030986160039902
ridge,44,103,0,0,-0.4790457487106323
ridge,44,104,1,1,0.8379249572753906
ridge,44,105,0,0,-0.421441912651062
ridge,44,106,1,1,0.5811640024185181
ridge,44,107,1,1,0.6109977960586548
ridge,44,108,1,0,-0.16205120086669922
ridge,44,109,0,1,0.6995094418525696
ridge,44,110,1,0,-0.7232242822647095
ridge,44,111,0,0,-0.8407657146453857
ridge,44,112,1,0,-0.7041706442832947
ridge,44,113,0,0,-0.8298212289810181
ridge,44,114,0,0,-0.7016372680664062
ridge,44,115,0,1,0.1455264538526535
ridge,44,116,1,1,2.0928170680999756
ridge,44,117,0,0,-1.9438985586166382
ridge,44,118,0,1,1.019587516784668
ridge,44,119,1,0,-1.68020498752594
ridge,44,120,1,1,1.0671638250350952
ridge,44,121,1,1,0.4528137445449829
ridge,44,122,1,0,-0.15944375097751617
ridge,44,123,0,1,0.1021786704659462
ridge,44,124,1,0,-0.4727418124675751
ridge,44,125,1,1,0.292621374130249
ridge,44,126,0,1,0.6522911787033081
ridge,44,127,0,1,0.8344825506210327
ridge,44,128,1,1,0.6442496180534363
ridge,44,129,1,1,1.8732610940933228
ridge,44,130,1,0,-0.8198920488357544
ridge,44,131,1,1,1.2279359102249146
ridge,44,132,1,1,0.6536082029342651
ridge,44,133,0,1,1.3793643712997437
ridge,44,134,0,1,0.34143829345703125
ridge,44,135,0,0,-2.3991458415985107
ridge,44,136,0,0,-0.0672549232840538
ridge,44,137,1,1,1.090693473815918
ridge,44,138,1,1,0.8534877300262451
ridge,44,139,0,0,-0.25201237201690674
ridge,44,140,1,1,0.2606849670410156
ridge,44,141,1,0,-0.434543251991272
ridge,44,142,1,1,0.5526542067527771
ridge,44,143,1,1,1.3639768362045288
ridge,44,144,1,1,0.3390296697616577
ridge,44,145,1,1,0.5448957681655884
ridge,44,146,1,1,0.7631969451904297
ridge,44,147,0,1,0.6215687990188599
ridge,44,148,0,0,-0.33576059341430664
ridge,44,149,0,0,-1.2275046110153198
ridge,44,150,1,1,0.2875377833843231
ridge,44,151,1,0,-0.12673211097717285
ridge,44,152,0,0,-0.5270379185676575
ridge,44,153,0,0,-0.1548987478017807
ridge,44,154,1,1,0.58021080493927
ridge,44,155,1,1,0.559375524520874
ridge,44,156,0,0,-1.2938518524169922
ridge,44,157,0,0,-0.7581552863121033
ridge,44,158,0,0,-1.5526643991470337
ridge,44,159,0,1,0.009407522156834602
ridge,44,160,0,1,1.573938012123108
ridge,44,161,1,1,1.442561388015747
ridge,44,162,1,0,-0.7456778287887573
ridge,44,163,1,1,0.7249352931976318
ridge,44,164,1,1,1.2161815166473389
ridge,44,165,1,0,-0.06706348061561584
ridge,44,166,1,0,-0.5157610177993774
ridge,44,167,0,0,-1.4719548225402832
ridge,44,168,1,1,0.6025198698043823
ridge,44,169,0,1,0.4388672113418579
ridge,44,170,1,1,0.6499239802360535
ridge,44,171,1,0,-0.25170058012008667
ridge,44,172,0,0,-0.137717142701149
ridge,44,173,1,1,0.576633095741272
ridge,44,174,0,0,-1.2262879610061646
ridge,44,175,0,1,0.9515606164932251
ridge,44,176,1,1,1.8277318477630615
ridge,44,177,1,1,1.6728838682174683
ridge,44,178,1,0,-0.20238694548606873
ridge,44,179,0,0,-0.5639671683311462
ridge,44,180,0,0,-1.494035005569458
ridge,44,181,1,1,6.267707347869873
ridge,44,182,0,0,-0.7381055355072021
ridge,44,183,0,0,-0.30963650345802307
ridge,44,184,0,0,-0.8912532329559326
ridge,44,185,0,0,-0.6577873229980469
ridge,44,186,0,0,-0.3248114585876465
ridge,44,187,1,1,1.0557940006256104
ridge,44,188,1,1,0.6810699105262756
ridge,44,189,0,1,0.13804744184017181
ridge,44,190,0,1,1.8681249618530273
ridge,44,191,0,1,0.021821312606334686
ridge,44,192,0,0,-0.33984971046447754
ridge,44,193,1,0,-0.13106568157672882
ridge,44,194,0,0,-0.8784900903701782
ridge,44,195,0,0,-1.34281587600708
ridge,44,196,0,0,-0.2372901439666748
ridge,44,197,1,1,1.0138109922409058
ridge,44,198,0,0,-1.0374224185943604
ridge,44,199,0,0,-0.2403271496295929
ridge,44,200,1,0,-0.9158211946487427
ridge,44,201,0,0,-1.6609556674957275
ridge,44,202,0,0,-0.34009212255477905
ridge,44,203,0,0,-1.1639751195907593
ridge,44,204,1,1,0.7594654560089111
ridge,44,205,1,0,-0.9939574003219604
ridge,44,206,1,1,0.01656985469162464
ridge,44,207,0,1,0.2642023265361786
ridge,44,208,0,0,-0.26793742179870605
ridge,44,209,0,0,-0.23784656822681427
ridge,44,210,1,1,0.10479292273521423
ridge,44,211,1,0,-0.860533595085144
ridge,44,212,1,1,0.4142448902130127
ridge,44,213,0,0,-0.15543606877326965
ridge,44,214,0,0,-1.890346884727478
ridge,44,215,0,0,-2.2041308879852295
ridge,44,216,1,1,0.6052988767623901
ridge,44,217,0,1,0.9383680820465088
ridge,44,218,1,0,-0.46930992603302
ridge,44,219,1,0,-0.0892477035522461
ridge,44,220,1,1,1.1078392267227173
ridge,44,221,1,0,-0.0894441083073616
ridge,44,222,1,1,0.8277586698532104
ridge,44,223,1,1,1.1698607206344604
ridge,44,224,1,1,0.9091354608535767
ridge,44,225,0,1,0.5507229566574097
ridge,44,226,1,0,-0.09409008920192719
ridge,44,227,0,1,0.3416554033756256
ridge,44,228,0,0,-1.014984369277954
ridge,44,229,0,0,-0.6667781472206116
ridge,44,230,1,1,0.4728504419326782
ridge,44,231,0,1,1.1195476055145264
ridge,44,232,1,1,0.6858834624290466
ridge,44,233,1,1,0.24834765493869781
ridge,44,234,1,1,0.739108681678772
ridge,44,235,0,0,-2.042609214782715
ridge,44,236,1,1,0.8952314853668213
ridge,44,237,1,1,1.1215293407440186
ridge,44,238,0,1,0.7558866739273071
ridge,44,239,0,1,0.27608561515808105
ridge,44,240,0,1,1.2236506938934326
ridge,44,241,1,0,-0.5312455892562866
ridge,44,242,1,1,1.0021673440933228
ridge,44,243,0,1,0.7777202129364014
ridge,44,244,1,1,0.38362133502960205
ridge,44,245,1,1,2.401902675628662
ridge,44,246,0,0,-0.5163580179214478
ridge,44,247,1,1,0.46795639395713806
ridge,44,248,1,1,0.16375577449798584
ridge,44,249,1,1,0.16416403651237488
ridge,44,250,1,1,0.013344652950763702
ridge,44,251,1,1,1.7046918869018555
ridge,44,252,0,0,-0.5298000574111938
ridge,44,253,1,0,-1.3088070154190063
ridge,44,254,0,0,-0.8656140565872192
ridge,44,255,1,0,-0.026790795847773552
ridge,44,256,0,1,0.10023555159568787
ridge,44,257,0,0,-0.1454157829284668
ridge,44,258,0,1,0.2634342610836029
ridge,44,259,0,1,0.24941398203372955
ridge,44,260,0,0,-1.5025311708450317
ridge,44,261,0,1,0.9760760068893433
ridge,44,262,1,1,0.6512348055839539
ridge,44,263,1,1,0.5469716787338257
ridge,44,264,1,1,0.671882152557373
ridge,44,265,0,0,-0.20609185099601746
ridge,44,266,1,1,1.0206702947616577
ridge,44,267,1,1,0.01945052295923233
ridge,44,268,1,1,0.3757728934288025
ridge,44,269,0,1,1.0200560092926025
ridge,44,270,1,0,-1.064085602760315
ridge,44,271,0,0,-0.3487408459186554
ridge,44,272,0,0,-0.9175891280174255
ridge,44,273,1,1,0.7889306545257568
ridge,44,274,1,1,1.1575250625610352
ridge,44,275,0,0,-1.6876933574676514
ridge,44,276,0,0,-2.4936866760253906
ridge,44,277,1,1,0.7337528467178345
ridge,44,278,0,1,0.1128014475107193
ridge,44,279,0,0,-2.1535136699676514
ridge,44,280,1,1,0.7619398236274719
ridge,44,281,0,0,-0.7163645029067993
ridge,44,282,0,1,1.0646545886993408
ridge,44,283,0,1,0.5694197416305542
ridge,44,284,1,0,-0.12311800569295883
ridge,44,285,0,0,-0.3173877000808716
ridge,44,286,0,1,1.0635501146316528
ridge,44,287,1,1,0.32429859042167664
ridge,44,288,1,0,-0.39317256212234497
ridge,44,289,0,0,-0.2662216126918793
ridge,44,290,0,1,0.564145028591156
ridge,44,291,1,1,0.5910762548446655
ridge,44,292,1,1,1.448937177658081
ridge,44,293,1,1,1.1842577457427979
ridge,44,294,0,0,-1.058181643486023
ridge,44,295,1,0,-0.14117003977298737
ridge,44,296,0,1,1.3725262880325317
ridge,44,297,1,1,0.7011009454727173
ridge,44,298,1,1,0.7807043790817261
ridge,44,299,1,1,0.0990518257021904
ridge,44,300,0,1,1.0306493043899536
ridge,44,301,1,0,-0.5002256631851196
ridge,44,302,1,1,0.7300711274147034
ridge,44,303,0,1,0.3502131700515747
ridge,44,304,1,1,0.5408163666725159
ridge,44,305,0,1,0.3470267653465271
ridge,44,306,0,0,-0.4211515188217163
ridge,44,307,0,0,-0.7687994241714478
ridge,44,308,0,1,1.9897902011871338
ridge,44,309,0,1,1.4495917558670044
ridge,44,310,0,0,-0.36991751194000244
ridge,44,311,0,0,-0.19173410534858704
ridge,44,312,0,0,-0.6101877689361572
ridge,44,313,0,0,-3.1472606658935547
ridge,44,314,0,0,-1.0400618314743042
ridge,44,315,0,0,-0.3786013424396515
linear_svm,44,0,0,0,-0.1512128809504799
linear_svm,44,1,1,1,0.12060409880171298
linear_svm,44,2,0,0,-0.4453967612526802
linear_svm,44,3,1,0,-0.20496979260625497
linear_svm,44,4,0,0,-1.0904674044622424
linear_svm,44,5,1,0,-3.3112640176418657
linear_svm,44,6,0,0,-0.06907540200749784
linear_svm,44,7,1,0,-2.785867332715661
linear_svm,44,8,0,1,2.659962753799721
linear_svm,44,9,0,0,-1.9006641958519153
linear_svm,44,10,1,0,-0.4785520152599406
linear_svm,44,11,1,1,5.242341988803787
linear_svm,44,12,0,0,-0.6927134796253056
linear_svm,44,13,0,0,-3.2484084285942165
linear_svm,44,14,1,0,-0.2458972163996178
linear_svm,44,15,1,0,-0.7023453418444867
linear_svm,44,16,1,0,-0.4246584002555942
linear_svm,44,17,0,0,-3.8508659160354584
linear_svm,44,18,0,1,1.260870221347764
linear_svm,44,19,1,1,0.8943014038692133
linear_svm,44,20,0,0,-0.8612732920558526
linear_svm,44,21,0,0,-4.037916103268316
linear_svm,44,22,1,1,2.2562462271058434
linear_svm,44,23,0,0,-0.7443894130924863
linear_svm,44,24,1,0,-1.022309105764312
linear_svm,44,25,0,0,-0.47801783544241355
linear_svm,44,26,0,0,-3.9869323371325676
linear_svm,44,27,0,1,1.0456086011482693
linear_svm,44,28,0,0,-0.8189604232788482
linear_svm,44,29,0,1,1.337642429254266
linear_svm,44,30,0,1,1.8206906905675402
linear_svm,44,31,0,0,-2.837111438075492
linear_svm,44,32,1,1,1.2927717555788822
linear_svm,44,33,1,1,1.658480971224537
linear_svm,44,34,1,1,0.8310759828387998
linear_svm,44,35,1,1,1.3912440608710384
linear_svm,44,36,1,1,1.1184819785121063
linear_svm,44,37,1,0,-3.9915710119033783
linear_svm,44,38,0,0,-0.1587273813610388
linear_svm,44,39,1,0,-1.1108362238949196
linear_svm,44,40,0,1,1.3619400531119863
linear_svm,44,41,1,0,-1.2046515586317679
linear_svm,44,42,0,0,-1.2202102322705162
linear_svm,44,43,0,0,-4.862867050210536
linear_svm,44,44,1,1,1.7838474267627689
linear_svm,44,45,0,1,0.7200898370703642
linear_svm,44,46,1,0,-0.5535072680211088
linear_svm,44,47,1,1,1.0225428817404094
linear_svm,44,48,0,0,-3.1359944405034925
linear_svm,44,49,1,1,1.3803673635027198
linear_svm,44,50,1,1,1.9893054880526193
linear_svm,44,51,0,1,1.2518440554135222
linear_svm,44,52,0,1,1.2795303307126378
linear_svm,44,53,1,0,-1.027593734874693
linear_svm,44,54,0,0,-2.734303355973074
linear_svm,44,55,0,1,0.28205253614877257
linear_svm,44,56,1,1,0.4590389710448509
linear_svm,44,57,0,1,1.9736849807535384
linear_svm,44,58,1,1,1.428075021045245
linear_svm,44,59,0,0,-1.6669855414437924
linear_svm,44,60,1,1,0.2228795419494671
linear_svm,44,61,0,1,2.956004041645496
linear_svm,44,62,0,1,1.1381211213915885
linear_svm,44,63,1,0,-0.4639884197870141
linear_svm,44,64,0,0,-1.7295650784638883
linear_svm,44,65,0,1,2.1796143959904457
linear_svm,44,66,0,0,-0.5866253791691337
linear_svm,44,67,0,1,2.615568376359474
linear_svm,44,68,0,1,0.053774090375664135
linear_svm,44,69,1,1,0.14340243582958964
linear_svm,44,70,0,0,-3.524792701999362
linear_svm,44,71,1,0,-3.0137982248633204
linear_svm,44,72,0,1,1.3060070269241448
linear_svm,44,73,0,1,0.3899300699732565
linear_svm,44,74,0,0,-0.8802156563377403
linear_svm,44,75,0,0,-1.1519636204653203
linear_svm,44,76,0,0,-1.3718466540938499
linear_svm,44,77,1,0,-1.0689474784182855
linear_svm,44,78,1,0,-1.2557906219664519
linear_svm,44,79,1,0,-1.508675202946197
linear_svm,44,80,0,0,-0.4950683712489276
linear_svm,44,81,1,1,0.423315348402188
linear_svm,44,82,0,1,0.009452344588759584
linear_svm,44,83,1,0,-0.21448470968507571
linear_svm,44,84,1,0,-1.052475495349138
linear_svm,44,85,1,1,1.0895193097942615
linear_svm,44,86,1,1,0.93633702210814
linear_svm,44,87,1,1,0.26688583388742965
linear_svm,44,88,1,0,-0.11475691009884746
linear_svm,44,89,1,1,0.5799720129281598
linear_svm,44,90,1,1,0.36636950551893643
linear_svm,44,91,1,1,1.0344839103627734
linear_svm,44,92,0,0,-0.9198000800816538
linear_svm,44,93,0,0,-1.381503566821494
linear_svm,44,94,0,0,-0.27583735184276725
linear_svm,44,95,0,0,-0.29468414967885403
linear_svm,44,96,1,0,-3.364840396606075
linear_svm,44,97,1,0,-1.6929169738189995
linear_svm,44,98,1,1,4.222209747969698
linear_svm,44,99,0,1,1.4210960147311722
linear_svm,44,100,1,1,2.334547241157951
linear_svm,44,101,1,1,0.7511803051328981
linear_svm,44,102,1,0,-0.3130836754991566
linear_svm,44,103,0,0,-2.0255686873097183
linear_svm,44,104,1,1,0.299543894299527
linear_svm,44,105,0,0,-0.8913763786362476
linear_svm,44,106,1,1,0.6834893650286705
linear_svm,44,107,1,1,0.40607373355436926
linear_svm,44,108,1,0,-0.7817730624756869
linear_svm,44,109,0,1,0.8873653066653648
linear_svm,44,110,1,1,0.6295160151445751
linear_svm,44,111,0,0,-1.3425850610227015
linear_svm,44,112,1,0,-0.3842527037745175
linear_svm,44,113,0,0,-4.696847121421292
linear_svm,44,114,0,0,-0.9821611871792848
linear_svm,44,115,0,1,0.18796954045280306
linear_svm,44,116,1,1,4.248088003008809
linear_svm,44,117,0,0,-4.181198128150964
linear_svm,44,118,0,1,1.1941921669142463
linear_svm,44,119,1,0,-2.219781523656531
linear_svm,44,120,1,1,0.33662424896777077
linear_svm,44,121,1,1,0.18328493939526322
linear_svm,44,122,1,1,0.41863494647368144
linear_svm,44,123,0,0,-0.4807108489301447
linear_svm,44,124,1,0,-1.3120098223540104
linear_svm,44,125,1,1,0.27562956792311427
linear_svm,44,126,0,1,0.8390025579130376
linear_svm,44,127,0,1,0.7513252889217162
linear_svm,44,128,1,1,1.5146064598428977
linear_svm,44,129,1,1,4.598778724661482
linear_svm,44,130,1,0,-0.9970647013250062
linear_svm,44,131,1,1,1.2361271774545672
linear_svm,44,132,1,1,1.376492492276283
linear_svm,44,133,0,1,1.4952945067995065
linear_svm,44,134,0,1,0.7782024630415595
linear_svm,44,135,0,0,-3.2680795810134495
linear_svm,44,136,0,0,-0.45770229189375544
linear_svm,44,137,1,1,0.8722629653301052
linear_svm,44,138,1,1,1.2625222554678996
linear_svm,44,139,0,0,-0.8376689873388762
linear_svm,44,140,1,1,0.5533455857058873
linear_svm,44,141,1,0,-0.7375345463623891
linear_svm,44,142,1,0,-0.11394358991506784
linear_svm,44,143,1,1,2.092796484386176
linear_svm,44,144,1,0,-0.4443586968253605
linear_svm,44,145,1,1,2.025787903422849
linear_svm,44,146,1,1,1.568205785880616
linear_svm,44,147,0,1,1.319089332147714
linear_svm,44,148,0,0,-2.146211754608255
linear_svm,44,149,0,0,-1.7124162357296566
linear_svm,44,150,1,1,1.8642013087192626
linear_svm,44,151,1,0,-0.7414735302597953
linear_svm,44,152,0,0,-1.5634182995270733
linear_svm,44,153,0,0,-1.16505160501825
linear_svm,44,154,1,1,0.433562067336852
linear_svm,44,155,1,1,1.7505981030671955
linear_svm,44,156,0,0,-2.943796088324673
linear_svm,44,157,0,0,-1.2278196092959948
linear_svm,44,158,0,0,-3.3941675323497957
linear_svm,44,159,0,0,-0.5356008817280811
linear_svm,44,160,0,1,2.9758631979262193
linear_svm,44,161,1,1,4.079379395319829
linear_svm,44,162,1,0,-1.2587343489555953
linear_svm,44,163,1,0,-0.07621527513994449
linear_svm,44,164,1,1,1.2469039626378304
linear_svm,44,165,1,1,0.5907378116416343
linear_svm,44,166,1,0,-0.44556474723449097
linear_svm,44,167,0,0,-1.394354565867071
linear_svm,44,168,1,1,2.236593153618357
linear_svm,44,169,0,1,1.196388706805616
linear_svm,44,170,1,1,1.5876157078557707
linear_svm,44,171,1,1,0.348369171912997
linear_svm,44,172,0,0,-0.15097477417814548
linear_svm,44,173,1,1,0.5861709021575757
linear_svm,44,174,0,0,-2.003915800197216
linear_svm,44,175,0,1,1.260858074710179
linear_svm,44,176,1,1,1.6657132883595085
linear_svm,44,177,1,1,2.5083780329835945
linear_svm,44,178,1,0,-0.1996529566091996
linear_svm,44,179,0,0,-1.7123440801747791
linear_svm,44,180,0,0,-2.493369580239996
linear_svm,44,181,1,1,15.076111374992019
linear_svm,44,182,0,0,-1.0604771486431097
linear_svm,44,183,0,1,0.2753006734625203
linear_svm,44,184,0,0,-2.75292118351073
linear_svm,44,185,0,0,-1.0474190665984273
linear_svm,44,186,0,0,-0.218913869579121
linear_svm,44,187,1,1,0.49028235532200604
linear_svm,44,188,1,1,2.5113820661251025
linear_svm,44,189,0,0,-0.18264036024126823
linear_svm,44,190,0,1,6.837733474250713
linear_svm,44,191,0,1,0.38816559196671757
linear_svm,44,192,0,0,-1.037186451444344
linear_svm,44,193,1,0,-0.21942735605271863
linear_svm,44,194,0,0,-1.778638923845461
linear_svm,44,195,0,0,-2.6322274817878077
linear_svm,44,196,0,0,-0.09237182297035827
linear_svm,44,197,1,1,1.7071227293042277
linear_svm,44,198,0,0,-2.552706898193541
linear_svm,44,199,0,0,-2.279893657780263
linear_svm,44,200,1,0,-0.36822465749005906
linear_svm,44,201,0,0,-4.091558749236779
linear_svm,44,202,0,0,-1.4961130450305067
linear_svm,44,203,0,0,-3.296158791274088
linear_svm,44,204,1,1,1.100294472281431
linear_svm,44,205,1,0,-1.0102815532952922
linear_svm,44,206,1,0,-2.420617779919852
linear_svm,44,207,0,1,0.41184580940065885
linear_svm,44,208,0,1,0.7898420068933193
linear_svm,44,209,0,0,-0.3029948737853163
linear_svm,44,210,1,1,0.9901157397561807
linear_svm,44,211,1,0,-1.5653710253487259
linear_svm,44,212,1,1,0.6364725077378985
linear_svm,44,213,0,1,1.0745035666377634
linear_svm,44,214,0,0,-5.351976830162627
linear_svm,44,215,0,0,-3.787560831634239
linear_svm,44,216,1,1,0.737993429342646
linear_svm,44,217,0,0,-0.16417595644412655
linear_svm,44,218,1,0,-1.8411921458289646
linear_svm,44,219,1,0,-0.3195519875005823
linear_svm,44,220,1,1,3.004926966503202
linear_svm,44,221,1,1,0.33050902084302664
linear_svm,44,222,1,1,1.3248988346463784
linear_svm,44,223,1,1,1.8754243082467517
linear_svm,44,224,1,1,2.430663365761677
linear_svm,44,225,0,1,0.6244602088654173
linear_svm,44,226,1,1,0.04969312424896785
linear_svm,44,227,0,1,0.6569854162849018
linear_svm,44,228,0,0,-3.054907908756331
linear_svm,44,229,0,0,-0.5881688908386248
linear_svm,44,230,1,1,1.4571760127231366
linear_svm,44,231,0,1,2.3397599925776382
linear_svm,44,232,1,1,0.6945339221451186
linear_svm,44,233,1,1,1.0373455865427734
linear_svm,44,234,1,1,0.99790856774708
linear_svm,44,235,0,0,-3.5810446289353055
linear_svm,44,236,1,1,2.361859688120133
linear_svm,44,237,1,1,2.0219351892198962
linear_svm,44,238,0,1,0.5739753370920844
linear_svm,44,239,0,0,-1.9002692887135955
linear_svm,44,240,0,1,2.1029013960540506
linear_svm,44,241,1,0,-1.1035588610253682
linear_svm,44,242,1,0,-0.41176105404822766
linear_svm,44,243,0,1,1.7777944798705472
linear_svm,44,244,1,1,0.9489028614301487
linear_svm,44,245,1,1,3.0084775318963946
linear_svm,44,246,0,0,-0.25142389157574185
linear_svm,44,247,1,1,1.1633322249111244
linear_svm,44,248,1,1,1.142496768541162
linear_svm,44,249,1,1,0.5349768884527732
linear_svm,44,250,1,1,0.030107081617444777
linear_svm,44,251,1,1,2.315562998217988
linear_svm,44,252,0,0,-0.8102601360313434
linear_svm,44,253,1,0,-1.0301514381214039
linear_svm,44,254,0,0,-1.9836087270643519
linear_svm,44,255,1,1,2.0019821606142103
linear_svm,44,256,0,1,1.0232514805285131
linear_svm,44,257,0,1,1.6243017905213402
linear_svm,44,258,0,1,0.7850701883110436
linear_svm,44,259,0,1,0.07617594023995519
linear_svm,44,260,0,0,-2.577798041462327
linear_svm,44,261,0,1,1.8508804272551413
linear_svm,44,262,1,1,1.6903830855183835
linear_svm,44,263,1,1,1.226908036158029
linear_svm,44,264,1,1,0.17725493039795492
linear_svm,44,265,0,1,0.6310099078175837
linear_svm,44,266,1,1,2.3219193231129363
linear_svm,44,267,1,1,1.0976655492867728
linear_svm,44,268,1,1,1.094964438909361
linear_svm,44,269,0,1,0.9776391343259807
linear_svm,44,270,1,0,-2.7006704658929284
linear_svm,44,271,0,0,-1.1352522539875203
linear_svm,44,272,0,0,-1.8658169860590843
linear_svm,44,273,1,1,1.6160951948399294
linear_svm,44,274,1,1,2.6042364504790383
linear_svm,44,275,0,0,-2.0170127653701355
linear_svm,44,276,0,0,-5.225593256507598
linear_svm,44,277,1,1,0.127211301377205
linear_svm,44,278,0,1,0.04700683919709578
linear_svm,44,279,0,0,-3.5852560665989035
linear_svm,44,280,1,1,0.22179929465074352
linear_svm,44,281,0,0,-2.136823445838462
linear_svm,44,282,0,1,2.101375650288343
linear_svm,44,283,0,1,0.9607621267368238
linear_svm,44,284,1,0,-0.17762869492746372
linear_svm,44,285,0,0,-1.1342531871093133
linear_svm,44,286,0,1,1.8006827220486636
linear_svm,44,287,1,1,1.0139627437746364
linear_svm,44,288,1,0,-1.4462328036881775
linear_svm,44,289,0,0,-0.13891755868380468
linear_svm,44,290,0,1,0.7870455748652991
linear_svm,44,291,1,1,1.2875636359502327
linear_svm,44,292,1,1,1.8932515187188539
linear_svm,44,293,1,1,1.6708964176242578
linear_svm,44,294,0,0,-1.5739781129540644
linear_svm,44,295,1,1,0.43212851146324943
linear_svm,44,296,0,1,2.3706294820951377
linear_svm,44,297,1,1,1.5825611689226384
linear_svm,44,298,1,1,1.8838371829705736
linear_svm,44,299,1,0,-0.7666263798394679
linear_svm,44,300,0,1,1.55598068012939
linear_svm,44,301,1,0,-0.41541663763638914
linear_svm,44,302,1,1,0.8385390528873222
linear_svm,44,303,0,0,-0.006765659799061432
linear_svm,44,304,1,1,1.5277833366150355
linear_svm,44,305,0,1,0.5822186218893858
linear_svm,44,306,0,0,-0.23274508065025418
linear_svm,44,307,0,0,-0.8516750427041518
linear_svm,44,308,0,1,1.9453043160423034
linear_svm,44,309,0,1,3.7356853712745846
linear_svm,44,310,0,0,-0.10841749166486472
linear_svm,44,311,0,0,-1.1141622390956378
linear_svm,44,312,0,0,-0.736120879957667
linear_svm,44,313,0,0,-6.371237367426916
linear_svm,44,314,0,0,-2.0767149301305845
linear_svm,44,315,0,0,-1.7129139569516867
