lookahead,nominal_ms,realized_ms,session,fold,epoch,learning_rate,optimization_loss,gradient_mean_before_clip,gradient_max_before_clip,train_loss,train_r2,validation_loss,validation_r2
future50ms,50,48,loco_20170210_03,1,1,0.0009,0.892693530273884,1.284854509328541,2.5549166202545166,0.6969580054283142,0.30303576588630676,0.968657374382019,0.22039714455604553
future50ms,50,48,loco_20170210_03,1,2,0.000894459753267812,0.6461305765104176,1.05680471344998,1.362335443496704,0.5164368152618408,0.4835599958896637,0.7675844430923462,0.37414222955703735
future50ms,50,48,loco_20170210_03,1,3,0.0008779754323328191,0.5090344913911219,1.1231259170331453,1.5842429399490356,0.3761287033557892,0.6238677501678467,0.6390118598937988,0.47989600896835327
future50ms,50,48,loco_20170210_03,1,4,0.0008509529358847655,0.4093658371755093,1.351957264699434,2.010545015335083,0.3136328458786011,0.6863644123077393,0.6296708583831787,0.48646751046180725
future50ms,50,48,loco_20170210_03,1,5,0.0008140576474687264,0.3562615425397176,1.4488856447370428,1.9989691972732544,0.28757360577583313,0.7124248743057251,0.5871655344963074,0.5229984521865845
future50ms,50,48,loco_20170210_03,1,6,0.0007681980515339464,0.30311340877759396,1.1156346421492727,2.9489078521728516,0.241678386926651,0.7583202719688416,0.5721942186355591,0.5370897054672241
future50ms,50,48,loco_20170210_03,1,7,0.0007145033635316129,0.29215656533046913,1.1166833513661434,2.2572739124298096,0.22542545199394226,0.7745741009712219,0.5935107469558716,0.513247549533844
future50ms,50,48,loco_20170210_03,1,8,0.0006542957248827961,0.2748182903768657,1.0892427030362581,1.7252964973449707,0.208060622215271,0.7919378280639648,0.5867751836776733,0.518904983997345
future50ms,50,48,loco_20170210_03,1,9,0.0005890576474687265,0.2558599791497048,1.1334452911427146,1.818019151687622,0.21760670840740204,0.7823918461799622,0.6405954957008362,0.4709627032279968
future50ms,50,48,loco_20170210_03,1,10,0.000520395509268104,0.2509930318719408,1.1889122034374036,1.8517240285873413,0.18811023235321045,0.8118886947631836,0.5561272501945496,0.5475711822509766
future50ms,50,48,loco_20170210_03,1,11,0.0004500000000000001,0.24066165035954715,0.9505888474614996,1.482395887374878,0.18865333497524261,0.8113448619842529,0.5883224010467529,0.5200634598731995
future50ms,50,48,loco_20170210_03,1,12,0.00037960449073189633,0.22523033760106495,0.9751983128095928,1.8091310262680054,0.17902103066444397,0.8209772706031799,0.6032752394676208,0.5067883729934692
future50ms,50,48,loco_20170210_03,1,13,0.0003109423525312738,0.22365357892121107,1.1271402396653827,1.5538026094436646,0.1803215891122818,0.8196772933006287,0.5737049579620361,0.5347370505332947
future50ms,50,48,loco_20170210_03,1,14,0.00024570427511720405,0.2153815521511932,1.0212786605483608,1.864722728729248,0.16287767887115479,0.8371211886405945,0.5770812034606934,0.5301202535629272
future50ms,50,48,loco_20170210_03,1,15,0.0001854966364683872,0.20530857592770776,0.907331855673539,1.3644999265670776,0.15929150581359863,0.8407071828842163,0.5889180898666382,0.5177493095397949
future50ms,50,48,loco_20170210_03,1,16,0.00013180194846605368,0.2025655078691741,0.869992218519512,1.351084589958191,0.15564490854740143,0.8443541526794434,0.5677707195281982,0.537416934967041
future50ms,50,48,loco_20170210_03,1,17,8.594235253127372e-05,0.20636223329011696,0.9257843714011343,1.856151819229126,0.1539705991744995,0.8460281491279602,0.5796814560890198,0.5258780717849731
future50ms,50,48,loco_20170210_03,1,18,4.9047064115234504e-05,0.19831215850553996,0.9523850804881046,1.6181308031082153,0.14952857792377472,0.8504701852798462,0.5686110854148865,0.5351284742355347
future50ms,50,48,loco_20170210_03,1,19,2.2024567667180916e-05,0.1995217235271371,0.909065516371476,1.6061105728149414,0.14955534040927887,0.8504436612129211,0.5664224624633789,0.5377985835075378
future50ms,50,48,loco_20170210_03,1,20,5.540246732188055e-06,0.2010814638870311,0.9432222937282763,2.204176425933838,0.149438738822937,0.850560188293457,0.5670035481452942,0.5372608304023743
future50ms,50,48,loco_20170210_03,2,1,0.0009,0.910532330898289,1.1842687475053888,2.4863500595092773,0.7308115363121033,0.2691827118396759,0.6135034561157227,0.3032170236110687
future50ms,50,48,loco_20170210_03,2,2,0.000894459753267812,0.6702011907628215,1.0261842890789634,1.5636979341506958,0.5296410918235779,0.47035378217697144,0.44987693428993225,0.48676183819770813
future50ms,50,48,loco_20170210_03,2,3,0.0008779754323328191,0.5223448086367304,1.2206021390463178,2.0283615589141846,0.393614262342453,0.6063835620880127,0.3602887988090515,0.5890824198722839
future50ms,50,48,loco_20170210_03,2,4,0.0008509529358847655,0.4317326486717588,1.4835966260809648,2.2053897380828857,0.34158891439437866,0.6584079265594482,0.33858996629714966,0.6145439147949219
future50ms,50,48,loco_20170210_03,2,5,0.0008140576474687264,0.3660121498181205,1.2879151262735065,1.8056347370147705,0.28261125087738037,0.7173863649368286,0.31495359539985657,0.6407970786094666
future50ms,50,48,loco_20170210_03,2,6,0.0007681980515339464,0.317254541427574,1.1293384621017857,2.465846300125122,0.2584505081176758,0.7415472865104675,0.31625086069107056,0.6396690607070923
future50ms,50,48,loco_20170210_03,2,7,0.0007145033635316129,0.29810122289646157,1.1110113702322308,1.8738011121749878,0.24128209054470062,0.7587162256240845,0.3282422721385956,0.6258625388145447
future50ms,50,48,loco_20170210_03,2,8,0.0006542957248827961,0.28204589616780834,1.117700219154358,2.0229949951171875,0.22072365880012512,0.779274582862854,0.3084443509578705,0.6483712196350098
future50ms,50,48,loco_20170210_03,2,9,0.0005890576474687265,0.260577359225288,1.0823278270269696,1.6078648567199707,0.22297319769859314,0.7770249843597412,0.3144392669200897,0.6419751048088074
future50ms,50,48,loco_20170210_03,2,10,0.000520395509268104,0.258330270257748,1.2711763099620217,1.8253672122955322,0.196068674325943,0.803930401802063,0.30811071395874023,0.6493211984634399
future50ms,50,48,loco_20170210_03,2,11,0.0004500000000000001,0.24450514589722477,0.9786895921355799,1.4226961135864258,0.18461428582668304,0.8153846263885498,0.29705744981765747,0.6613754034042358
future50ms,50,48,loco_20170210_03,2,12,0.00037960449073189633,0.23551121467605177,1.0148666438303495,2.0012834072113037,0.17661523818969727,0.8233838677406311,0.2930960953235626,0.6656570434570312
future50ms,50,48,loco_20170210_03,2,13,0.0003109423525312738,0.23466821600627777,1.1212304485471625,1.6619040966033936,0.19029848277568817,0.8096997737884521,0.3144615590572357,0.6413376331329346
future50ms,50,48,loco_20170210_03,2,14,0.00024570427511720405,0.2197393845465521,0.9879980212763736,1.8396881818771362,0.17005622386932373,0.8299424648284912,0.2932523190975189,0.6659030318260193
future50ms,50,48,loco_20170210_03,2,15,0.0001854966364683872,0.2140768410614997,1.0346393898913735,2.836153507232666,0.17030830681324005,0.8296909332275391,0.2948516309261322,0.6636410355567932
future50ms,50,48,loco_20170210_03,2,16,0.00013180194846605368,0.2076538672321681,0.9173503769071478,1.4434072971343994,0.1626981794834137,0.8373011350631714,0.29197749495506287,0.6672531366348267
future50ms,50,48,loco_20170210_03,2,17,8.594235253127372e-05,0.21245942186452602,0.8917662940527263,1.220126986503601,0.16069021821022034,0.8393086194992065,0.285398930311203,0.6747103929519653
future50ms,50,48,loco_20170210_03,2,18,4.9047064115234504e-05,0.2090785395312454,0.8745920658111572,1.1885641813278198,0.16025695204734802,0.8397421836853027,0.28763413429260254,0.672123908996582
future50ms,50,48,loco_20170210_03,2,19,2.2024567667180916e-05,0.2025954303466074,0.8682280527917963,1.645531177520752,0.1599072515964508,0.8400917053222656,0.28757917881011963,0.6722095012664795
future50ms,50,48,loco_20170210_03,2,20,5.540246732188055e-06,0.20610559391726224,0.8680441944222701,1.3399651050567627,0.15967270731925964,0.8403257131576538,0.2876247465610504,0.6721535325050354
future50ms,50,48,loco_20170210_03,3,1,0.0009,0.9348913584280452,1.2565502210667259,3.801602363586426,0.7217515707015991,0.2782417833805084,0.6718783974647522,0.28677693009376526
future50ms,50,48,loco_20170210_03,3,2,0.000894459753267812,0.6732769348975501,1.1231451630592346,2.2689831256866455,0.5331865549087524,0.4668091833591461,0.5555283427238464,0.401091068983078
future50ms,50,48,loco_20170210_03,3,3,0.0008779754323328191,0.5230176474231859,1.2246371978207637,2.102665424346924,0.3976227939128876,0.6023741364479065,0.44653820991516113,0.5152611136436462
future50ms,50,48,loco_20170210_03,3,4,0.0008509529358847655,0.41819146540317587,1.2956070868592513,2.710270404815674,0.326991468667984,0.6730064153671265,0.4031299650669098,0.5616059303283691
future50ms,50,48,loco_20170210_03,3,5,0.0008140576474687264,0.37336065183164446,1.278074512356206,2.9277985095977783,0.2860855758190155,0.7139121294021606,0.36790308356285095,0.6009511947631836
future50ms,50,48,loco_20170210_03,3,6,0.0007681980515339464,0.3259063870380445,1.1804209037830955,2.9388551712036133,0.2595788836479187,0.7404189705848694,0.37718451023101807,0.5902990102767944
future50ms,50,48,loco_20170210_03,3,7,0.0007145033635316129,0.3156025093992393,1.2498301738186886,2.430196523666382,0.24110253155231476,0.7588953375816345,0.3463359475135803,0.6247913837432861
future50ms,50,48,loco_20170210_03,3,8,0.0006542957248827961,0.2829881331437213,1.1995736109583002,2.1574854850769043,0.23108255863189697,0.7689155340194702,0.34829649329185486,0.6236125230789185
future50ms,50,48,loco_20170210_03,3,9,0.0005890576474687265,0.2748226024943029,1.1760240008956508,2.3931403160095215,0.2107333391904831,0.7892649173736572,0.3491390347480774,0.6219873428344727
future50ms,50,48,loco_20170210_03,3,10,0.000520395509268104,0.2607368377416637,1.1846286999551874,2.479680299758911,0.1861366331577301,0.8138618469238281,0.3431627154350281,0.6250195503234863
future50ms,50,48,loco_20170210_03,3,11,0.0004500000000000001,0.2553045734715595,1.149905446328615,2.4976916313171387,0.2009393274784088,0.7990598082542419,0.3570058345794678,0.612197756767273
future50ms,50,48,loco_20170210_03,3,12,0.00037960449073189633,0.24171815902488042,1.0999973071248907,1.708635926246643,0.18268433213233948,0.8173147439956665,0.34724941849708557,0.6228059530258179
future50ms,50,48,loco_20170210_03,3,13,0.0003109423525312738,0.2334296239668516,0.9976385674978557,1.5050631761550903,0.17286258935928345,0.8271360993385315,0.33042213320732117,0.6406863927841187
future50ms,50,48,loco_20170210_03,3,14,0.00024570427511720405,0.22631625404583655,1.059951176768855,1.5881733894348145,0.16964055597782135,0.8303579092025757,0.33855026960372925,0.6319094896316528
future50ms,50,48,loco_20170210_03,3,15,0.0001854966364683872,0.22403608078949114,1.0854842317731757,2.034247398376465,0.16412276029586792,0.8358762264251709,0.3319132924079895,0.6397847533226013
future50ms,50,48,loco_20170210_03,3,16,0.00013180194846605368,0.21556850919283788,0.924582744899549,1.5900989770889282,0.1616707295179367,0.8383280038833618,0.3334289491176605,0.6373065710067749
future50ms,50,48,loco_20170210_03,3,17,8.594235253127372e-05,0.20575031128537027,0.8972169662776747,1.3344241380691528,0.15752951800823212,0.842469334602356,0.3275815546512604,0.64402174949646
future50ms,50,48,loco_20170210_03,3,18,4.9047064115234504e-05,0.2091810665259418,0.9241318138022172,1.945156455039978,0.1560557782649994,0.843943178653717,0.32769066095352173,0.6438968181610107
future50ms,50,48,loco_20170210_03,3,19,2.2024567667180916e-05,0.21188839293101014,0.9274834865017941,1.7416375875473022,0.15901468694210052,0.8409841060638428,0.328342467546463,0.6434720754623413
future50ms,50,48,loco_20170210_03,3,20,5.540246732188055e-06,0.21491483737364275,1.0113300837968524,1.8462876081466675,0.15845468640327454,0.8415442705154419,0.32819822430610657,0.6435949802398682
future50ms,50,48,loco_20170210_03,4,1,0.0009,0.9211018910015596,1.3507038448986255,2.8781304359436035,0.7216387987136841,0.2783563733100891,0.7470226287841797,0.2579561471939087
future50ms,50,48,loco_20170210_03,4,2,0.000894459753267812,0.676474765916774,1.215360701084137,4.573949813842773,0.5268548727035522,0.47314152121543884,0.5657538175582886,0.44547179341316223
future50ms,50,48,loco_20170210_03,4,3,0.0008779754323328191,0.5364000495006379,1.2146875136776973,1.9953467845916748,0.4167012572288513,0.583295464515686,0.4734913408756256,0.5378435850143433
future50ms,50,48,loco_20170210_03,4,4,0.0008509529358847655,0.44816526067769685,1.2245391920993203,2.2575459480285645,0.3696618676185608,0.6303346157073975,0.43461325764656067,0.5742053985595703
future50ms,50,48,loco_20170210_03,4,5,0.0008140576474687264,0.38449744725482254,1.3152400066978054,1.965580940246582,0.3021729588508606,0.6978248953819275,0.3592856526374817,0.652051568031311
future50ms,50,48,loco_20170210_03,4,6,0.0007681980515339464,0.35404753187057214,1.3655395099991245,3.6185834407806396,0.30313992500305176,0.6968574523925781,0.3765617609024048,0.6316196322441101
future50ms,50,48,loco_20170210_03,4,7,0.0007145033635316129,0.3327442537324456,1.2939051797515468,2.207730770111084,0.2455686777830124,0.7544292211532593,0.32975953817367554,0.6791040301322937
future50ms,50,48,loco_20170210_03,4,8,0.0006542957248827961,0.30931348520567736,1.8040595336964256,11.919625282287598,0.24174287915229797,0.7582552433013916,0.3232303857803345,0.6845301389694214
future50ms,50,48,loco_20170210_03,4,9,0.0005890576474687265,0.2836284282279661,1.1255429700801247,1.6282662153244019,0.2231542021036148,0.7768440246582031,0.3191644251346588,0.6890010833740234
future50ms,50,48,loco_20170210_03,4,10,0.000520395509268104,0.2708620583437557,1.1110390644324453,3.8379065990448,0.21498870849609375,0.7850100994110107,0.32573384046554565,0.679423451423645
future50ms,50,48,loco_20170210_03,4,11,0.0004500000000000001,0.2637018107515049,1.1283114615239596,2.1169276237487793,0.1941547393798828,0.8058435916900635,0.3102688193321228,0.6952242851257324
future50ms,50,48,loco_20170210_03,4,12,0.00037960449073189633,0.2617310671975872,1.3772351083002592,4.801194190979004,0.18672683835029602,0.81327223777771,0.31215912103652954,0.6934235692024231
future50ms,50,48,loco_20170210_03,4,13,0.0003109423525312738,0.23366343274616236,1.1861840957089473,5.539167404174805,0.18178878724575043,0.8182101845741272,0.30914950370788574,0.6959611177444458
future50ms,50,48,loco_20170210_03,4,14,0.00024570427511720405,0.2431871437562573,1.1963459033715098,3.351638078689575,0.18805715441703796,0.8119417428970337,0.3179317116737366,0.686337947845459
future50ms,50,48,loco_20170210_03,4,15,0.0001854966364683872,0.2313279766657944,1.041366414019936,1.539378046989441,0.1716911494731903,0.8283077478408813,0.3050627112388611,0.7003535032272339
future50ms,50,48,loco_20170210_03,4,16,0.00013180194846605368,0.2259786208319996,0.9303265527675026,1.7059688568115234,0.17536409199237823,0.8246343731880188,0.30932337045669556,0.6953734159469604
future50ms,50,48,loco_20170210_03,4,17,8.594235253127372e-05,0.22086270311870485,0.9626236714814839,2.431586980819702,0.16896317899227142,0.8310356140136719,0.30719637870788574,0.697961151599884
future50ms,50,48,loco_20170210_03,4,18,4.9047064115234504e-05,0.22393091005851593,0.9533964521006534,1.759487271308899,0.1670963168144226,0.8329025506973267,0.30926358699798584,0.6957514882087708
future50ms,50,48,loco_20170210_03,4,19,2.2024567667180916e-05,0.22367247134254442,1.112800657749176,5.095534324645996,0.16905146837234497,0.8309469819068909,0.31114158034324646,0.6935993432998657
future50ms,50,48,loco_20170210_03,4,20,5.540246732188055e-06,0.21685357987510215,0.9649015100378739,2.6232972145080566,0.16868439316749573,0.8313143253326416,0.30968526005744934,0.6952192783355713
future50ms,50,48,loco_20170210_03,5,1,0.0009,0.9237087105712036,1.3493799378997402,2.950455904006958,0.7236281633377075,0.27636757493019104,0.826195478439331,0.24196738004684448
future50ms,50,48,loco_20170210_03,5,2,0.000894459753267812,0.6725505754277371,1.0446472230710482,1.6636462211608887,0.5281863808631897,0.4718095362186432,0.6329415440559387,0.4286476671695709
future50ms,50,48,loco_20170210_03,5,3,0.0008779754323328191,0.5193516289742073,1.1772578735100596,1.8132671117782593,0.4067018926143646,0.5932952165603638,0.5170541405677795,0.537307858467102
future50ms,50,48,loco_20170210_03,5,4,0.0008509529358847655,0.42420263764851895,1.106920257995003,1.7400951385498047,0.3226456344127655,0.6773507595062256,0.44542425870895386,0.5932198166847229
future50ms,50,48,loco_20170210_03,5,5,0.0008140576474687264,0.37774170474541874,1.102212733344028,1.9332695007324219,0.31001928448677063,0.6899782419204712,0.4433355927467346,0.5961087346076965
future50ms,50,48,loco_20170210_03,5,6,0.0007681980515339464,0.33337490619990207,1.094276647818716,1.436921238899231,0.2611159384250641,0.7388818264007568,0.38288912177085876,0.6492422819137573
future50ms,50,48,loco_20170210_03,5,7,0.0007145033635316129,0.3217110729192242,1.3073033533598248,2.4839723110198975,0.26812729239463806,0.7318706512451172,0.4119461178779602,0.6259437799453735
future50ms,50,48,loco_20170210_03,5,8,0.0006542957248827961,0.30013546200672114,1.328645270121725,2.0613367557525635,0.21815818548202515,0.7818397283554077,0.3611348569393158,0.6674362421035767
future50ms,50,48,loco_20170210_03,5,9,0.0005890576474687265,0.2767175981998855,1.152630793420892,3.2694642543792725,0.21761555969715118,0.782382607460022,0.3554277718067169,0.6757856607437134
future50ms,50,48,loco_20170210_03,5,10,0.000520395509268104,0.26406481503414114,1.0018494348776967,1.5198215246200562,0.1971910148859024,0.8028079271316528,0.33559247851371765,0.6927162408828735
future50ms,50,48,loco_20170210_03,5,11,0.0004500000000000001,0.256921039637031,1.2956468306089703,2.468416929244995,0.19229835271835327,0.8077002763748169,0.34876349568367004,0.6789038181304932
future50ms,50,48,loco_20170210_03,5,12,0.00037960449073189633,0.24049451253353699,1.0034581924739636,1.7026467323303223,0.18337903916835785,0.8166199922561646,0.34227636456489563,0.6835260987281799
future50ms,50,48,loco_20170210_03,5,13,0.0003109423525312738,0.2270996482272546,0.9784395694732666,1.5727155208587646,0.18288514018058777,0.8171137571334839,0.34487733244895935,0.6821838021278381
future50ms,50,48,loco_20170210_03,5,14,0.00024570427511720405,0.22659050010372223,1.0178625897357338,1.8180230855941772,0.17072822153568268,0.8292703032493591,0.32195740938186646,0.7037761211395264
future50ms,50,48,loco_20170210_03,5,15,0.0001854966364683872,0.22267076844738828,0.8935304535062689,1.2440690994262695,0.16401544213294983,0.8359832763671875,0.323542058467865,0.702599287033081
future50ms,50,48,loco_20170210_03,5,16,0.00013180194846605368,0.22132110256529144,0.9493870045009413,2.0090689659118652,0.16173425316810608,0.8382649421691895,0.31949499249458313,0.7065427303314209
future50ms,50,48,loco_20170210_03,5,17,8.594235253127372e-05,0.21480527154174708,0.891081596675672,1.5014362335205078,0.15968915820121765,0.8403095006942749,0.31653255224227905,0.7086080312728882
future50ms,50,48,loco_20170210_03,5,18,4.9047064115234504e-05,0.20358159701077977,0.8127973393390053,1.1610101461410522,0.15608613193035126,0.8439127206802368,0.31280189752578735,0.7129589915275574
future50ms,50,48,loco_20170210_03,5,19,2.2024567667180916e-05,0.20382764875068457,0.8261436223983765,1.1420233249664307,0.15651723742485046,0.8434814810752869,0.3137950301170349,0.7120110988616943
future50ms,50,48,loco_20170210_03,5,20,5.540246732188055e-06,0.21737483941460742,0.8904249636750472,1.3792095184326172,0.15627460181713104,0.8437244892120361,0.3140123784542084,0.7117412686347961
future50ms,50,48,loco_20170215_02,1,1,0.0009,0.967799072597657,1.4196738044420878,4.013261318206787,0.8031781315803528,0.19681179523468018,0.8003427982330322,0.16637367010116577
future50ms,50,48,loco_20170215_02,1,2,0.000894459753267812,0.7625852369783893,1.1277865926424662,1.4479297399520874,0.6535899043083191,0.34640175104141235,0.6207374930381775,0.3442929983139038
future50ms,50,48,loco_20170215_02,1,3,0.0008779754323328191,0.6289475692159429,1.089393969376882,1.7339985370635986,0.5145166516304016,0.48547691106796265,0.5105980634689331,0.45169106125831604
future50ms,50,48,loco_20170215_02,1,4,0.0008509529358847655,0.5227612000809648,1.0793775240580241,1.6170687675476074,0.4316977858543396,0.5682976245880127,0.45663216710090637,0.5068941116333008
future50ms,50,48,loco_20170215_02,1,5,0.0008140576474687264,0.4475096827163515,1.1526036779085795,2.7842605113983154,0.3703295886516571,0.6296663880348206,0.4323163330554962,0.5347203016281128
future50ms,50,48,loco_20170215_02,1,6,0.0007681980515339464,0.3964152946958946,1.198728342851003,1.587234377861023,0.3242519199848175,0.675744891166687,0.4291808605194092,0.5273668766021729
future50ms,50,48,loco_20170215_02,1,7,0.0007145033635316129,0.34654874946953895,1.095023222764333,1.9246991872787476,0.2779640853404999,0.7220328450202942,0.3745185434818268,0.5904077291488647
future50ms,50,48,loco_20170215_02,1,8,0.0006542957248827961,0.31937371951115145,1.0378441611925762,1.3841429948806763,0.2641717195510864,0.7358254194259644,0.37217357754707336,0.5992863178253174
future50ms,50,48,loco_20170215_02,1,9,0.0005890576474687265,0.30056685854320014,1.100543244679769,2.1138415336608887,0.23527564108371735,0.7647220492362976,0.36934831738471985,0.5975925922393799
future50ms,50,48,loco_20170215_02,1,10,0.000520395509268104,0.28075466371346197,0.9268533666928609,1.2193942070007324,0.22164730727672577,0.7783507108688354,0.3825334310531616,0.5845319032669067
future50ms,50,48,loco_20170215_02,1,11,0.0004500000000000001,0.25822725255509865,0.9305698672930399,2.0273947715759277,0.21830689907073975,0.7816905379295349,0.3989349901676178,0.5681790113449097
future50ms,50,48,loco_20170215_02,1,12,0.00037960449073189633,0.26390932156121283,1.0266653935114542,1.4049206972122192,0.20973394811153412,0.7902640104293823,0.3855842351913452,0.577462375164032
future50ms,50,48,loco_20170215_02,1,13,0.0003109423525312738,0.2608065066325087,1.0757022857666017,1.5316545963287354,0.18824294209480286,0.8117555379867554,0.37171265482902527,0.5953837633132935
future50ms,50,48,loco_20170215_02,1,14,0.00024570427511720405,0.24628462347541605,0.9262762188911438,1.1449133157730103,0.19192959368228912,0.8080686330795288,0.376743346452713,0.5923967361450195
future50ms,50,48,loco_20170215_02,1,15,0.0001854966364683872,0.23246191328319302,0.8568010250727336,1.5076274871826172,0.18066191673278809,0.8193360567092896,0.36338213086128235,0.6051297783851624
future50ms,50,48,loco_20170215_02,1,16,0.00013180194846605368,0.22371430004226764,0.8076063791910807,1.1949207782745361,0.17666614055633545,0.8233320116996765,0.36176222562789917,0.6067566871643066
future50ms,50,48,loco_20170215_02,1,17,8.594235253127372e-05,0.22852072638512727,0.8663124004999797,1.7757121324539185,0.1774052083492279,0.8225938081741333,0.3697216808795929,0.6000528335571289
future50ms,50,48,loco_20170215_02,1,18,4.9047064115234504e-05,0.22571933729692947,0.8010858297348022,1.0269972085952759,0.17638158798217773,0.8236168622970581,0.36888349056243896,0.6006486415863037
future50ms,50,48,loco_20170215_02,1,19,2.2024567667180916e-05,0.2226999420134214,0.8601809899012248,2.0577704906463623,0.1761130839586258,0.8238855600357056,0.3674285113811493,0.602173388004303
future50ms,50,48,loco_20170215_02,1,20,5.540246732188055e-06,0.22253584252018746,0.8688739736874899,2.1035923957824707,0.17604783177375793,0.8239505887031555,0.36773544549942017,0.6018158197402954
future50ms,50,48,loco_20170215_02,2,1,0.0009,0.9535798978480999,1.3675623416900635,2.6310784816741943,0.8583464622497559,0.14164233207702637,0.9122799634933472,0.08760946989059448
future50ms,50,48,loco_20170215_02,2,2,0.000894459753267812,0.7878770305435361,1.2549526810646057,2.4759206771850586,0.6612989902496338,0.33869263529777527,0.7423543334007263,0.260620653629303
future50ms,50,48,loco_20170215_02,2,3,0.0008779754323328191,0.6401099096929418,1.071769924958547,1.6881967782974243,0.5274129509925842,0.4725804924964905,0.6429110169410706,0.36478081345558167
future50ms,50,48,loco_20170215_02,2,4,0.0008509529358847655,0.5274704891262911,1.0669716437657675,1.976515769958496,0.4525676667690277,0.5474279522895813,0.6047148108482361,0.40384602546691895
future50ms,50,48,loco_20170215_02,2,5,0.0008140576474687264,0.4611856330768295,1.0041313250859578,1.5223469734191895,0.37008604407310486,0.6299097537994385,0.5376676321029663,0.46944698691368103
future50ms,50,48,loco_20170215_02,2,6,0.0007681980515339464,0.39271975499316797,1.0099281986554465,1.6793105602264404,0.3252750635147095,0.674721360206604,0.5272217988967896,0.48110517859458923
future50ms,50,48,loco_20170215_02,2,7,0.0007145033635316129,0.3591970731661761,1.010153059164683,1.5759729146957397,0.29129061102867126,0.7087068557739258,0.4932803809642792,0.5120002031326294
future50ms,50,48,loco_20170215_02,2,8,0.0006542957248827961,0.3298010631934263,1.098694622516632,2.405712842941284,0.26008668541908264,0.739910364151001,0.46930721402168274,0.5381379127502441
future50ms,50,48,loco_20170215_02,2,9,0.0005890576474687265,0.30618647073959615,1.0283989389737447,1.3502470254898071,0.23728758096694946,0.7627096176147461,0.4710320830345154,0.5360363721847534
future50ms,50,48,loco_20170215_02,2,10,0.000520395509268104,0.28421987389271747,0.9145842552185058,1.4857096672058105,0.2226722538471222,0.7773253321647644,0.4581698477268219,0.5473617315292358
future50ms,50,48,loco_20170215_02,2,11,0.0004500000000000001,0.2732028619020935,0.9539790391921997,1.3214454650878906,0.21370923519134521,0.786288321018219,0.4463278651237488,0.5597784519195557
future50ms,50,48,loco_20170215_02,2,12,0.00037960449073189633,0.2577610008437604,0.9746135950088501,1.7569634914398193,0.2058732807636261,0.7941244840621948,0.44787362217903137,0.5584905743598938
future50ms,50,48,loco_20170215_02,2,13,0.0003109423525312738,0.2535653762678354,1.0127497712771099,2.5021779537200928,0.2032032012939453,0.7967939972877502,0.4479747712612152,0.5576679110527039
future50ms,50,48,loco_20170215_02,2,14,0.00024570427511720405,0.2503759841842274,1.0347938378651937,1.8429169654846191,0.20109902322292328,0.7988994121551514,0.4538910686969757,0.552428126335144
future50ms,50,48,loco_20170215_02,2,15,0.0001854966364683872,0.24037042745478562,1.0193323572476705,1.3650429248809814,0.18081751465797424,0.8191808462142944,0.4363577663898468,0.5698056221008301
future50ms,50,48,loco_20170215_02,2,16,0.00013180194846605368,0.23823857213189087,0.9866935451825459,1.8024331331253052,0.1870165914297104,0.8129814863204956,0.4475853443145752,0.5581914186477661
future50ms,50,48,loco_20170215_02,2,17,8.594235253127372e-05,0.23438697554322108,0.9152345180511474,1.3934855461120605,0.18127624690532684,0.8187221884727478,0.43935537338256836,0.5663465261459351
future50ms,50,48,loco_20170215_02,2,18,4.9047064115234504e-05,0.23026124955088137,0.8767266949017842,1.1905443668365479,0.1795041263103485,0.8204938769340515,0.4399184286594391,0.5658251643180847
future50ms,50,48,loco_20170215_02,2,19,2.2024567667180916e-05,0.22738031780883447,0.9080623865127564,1.451881766319275,0.17899082601070404,0.8210076093673706,0.4401097893714905,0.5657079219818115
future50ms,50,48,loco_20170215_02,2,20,5.540246732188055e-06,0.22835537159172922,0.805939773718516,1.3265060186386108,0.17861832678318024,0.8213798999786377,0.43963897228240967,0.5661750435829163
future50ms,50,48,loco_20170215_02,3,1,0.0009,0.9505896839792286,1.4832691868146262,3.7887513637542725,0.7871243953704834,0.21286776661872864,0.7181750535964966,0.11622223258018494
future50ms,50,48,loco_20170215_02,3,2,0.000894459753267812,0.7460122213952796,1.1316393693288167,2.5801610946655273,0.6142832636833191,0.3857108950614929,0.5904691219329834,0.2516433298587799
future50ms,50,48,loco_20170215_02,3,3,0.0008779754323328191,0.6066890561600472,1.4945654392242431,4.817999839782715,0.4856095612049103,0.5143840312957764,0.49435606598854065,0.3591580092906952
future50ms,50,48,loco_20170215_02,3,4,0.0008509529358847655,0.5123445504597037,1.2303803483645122,3.398240327835083,0.40367591381073,0.5963197946548462,0.43618762493133545,0.4260736405849457
future50ms,50,48,loco_20170215_02,3,5,0.0008140576474687264,0.43389910771778667,1.3131306807200114,3.6281802654266357,0.3441931903362274,0.6558030247688293,0.41803252696990967,0.44444170594215393
future50ms,50,48,loco_20170215_02,3,6,0.0007681980515339464,0.37644018943572216,1.280432689189911,3.4624228477478027,0.3122556507587433,0.6877403259277344,0.43239814043045044,0.42728251218795776
future50ms,50,48,loco_20170215_02,3,7,0.0007145033635316129,0.34649169529249035,1.118165663878123,2.129721164703369,0.2829618752002716,0.7170348167419434,0.38376525044441223,0.4889545440673828
future50ms,50,48,loco_20170215_02,3,8,0.0006542957248827961,0.33053795339636427,1.8647031823794047,11.603680610656738,0.2640324532985687,0.7359645366668701,0.3960956931114197,0.4694409668445587
future50ms,50,48,loco_20170215_02,3,9,0.0005890576474687265,0.31076751134388847,1.3119399865468344,2.325640916824341,0.2631954252719879,0.7368015646934509,0.4150323271751404,0.4438196122646332
future50ms,50,48,loco_20170215_02,3,10,0.000520395509268104,0.29952115132557117,1.0896589477856955,1.4527122974395752,0.23517847061157227,0.7648192644119263,0.3911336660385132,0.4750727713108063
future50ms,50,48,loco_20170215_02,3,11,0.0004500000000000001,0.2664604461092545,0.9939892888069153,3.753330707550049,0.21700452268123627,0.7829931974411011,0.37187716364860535,0.5040373802185059
future50ms,50,48,loco_20170215_02,3,12,0.00037960449073189633,0.2701102955410396,1.1979303359985352,4.710893630981445,0.21086211502552032,0.7891355156898499,0.376363068819046,0.4938467741012573
future50ms,50,48,loco_20170215_02,3,13,0.0003109423525312738,0.2527632797299729,0.987803562482198,1.481004238128662,0.20841172337532043,0.7915859222412109,0.3853495419025421,0.4856312870979309
future50ms,50,48,loco_20170215_02,3,14,0.00024570427511720405,0.2534356827704785,1.3515578428904216,5.288299083709717,0.19806146621704102,0.801936686038971,0.3685019314289093,0.5040023922920227
future50ms,50,48,loco_20170215_02,3,15,0.0001854966364683872,0.2439020411958801,1.4484010219573975,6.580130100250244,0.19392238557338715,0.8060752749443054,0.38456180691719055,0.4784410893917084
future50ms,50,48,loco_20170215_02,3,16,0.00013180194846605368,0.23652828586987493,0.8973612546920776,1.138049602508545,0.18734362721443176,0.8126544952392578,0.37604615092277527,0.4917697310447693
future50ms,50,48,loco_20170215_02,3,17,8.594235253127372e-05,0.23944586579295962,0.9280445496241252,2.0708301067352295,0.18869909644126892,0.8112987279891968,0.3735768496990204,0.49873897433280945
future50ms,50,48,loco_20170215_02,3,18,4.9047064115234504e-05,0.23098819976229,0.8911268711090088,2.5865702629089355,0.1867944300174713,0.8132033944129944,0.37430089712142944,0.49591124057769775
future50ms,50,48,loco_20170215_02,3,19,2.2024567667180916e-05,0.2289708412915828,1.0768418590227762,5.085937976837158,0.18488749861717224,0.8151105046272278,0.3721134066581726,0.4984973073005676
future50ms,50,48,loco_20170215_02,3,20,5.540246732188055e-06,0.23678703258367662,1.006064240137736,3.8628242015838623,0.18481890857219696,0.8151800632476807,0.3724093437194824,0.49841612577438354
future50ms,50,48,loco_20170215_02,4,1,0.0009,0.9429810957389219,1.259687352180481,3.184272289276123,0.7767500281333923,0.2232409417629242,0.9634612798690796,0.15659737586975098
future50ms,50,48,loco_20170215_02,4,2,0.000894459753267812,0.73058002893406,0.960169259707133,1.366021752357483,0.5995218753814697,0.40047189593315125,0.7612572908401489,0.32828882336616516
future50ms,50,48,loco_20170215_02,4,3,0.0008779754323328191,0.5939253849162484,0.9834726452827454,1.5053962469100952,0.4976939558982849,0.5023006200790405,0.665629506111145,0.40975210070610046
future50ms,50,48,loco_20170215_02,4,4,0.0008509529358847655,0.4896606384004462,1.0954694072405498,1.5129019021987915,0.4030921459197998,0.5969031453132629,0.5613290071487427,0.5010514259338379
future50ms,50,48,loco_20170215_02,4,5,0.0008140576474687264,0.41737436405526596,1.2012282411257427,1.7361526489257812,0.34490615129470825,0.6550904512405396,0.4719103276729584,0.5800468921661377
future50ms,50,48,loco_20170215_02,4,6,0.0007681980515339464,0.3827195885329407,1.1563061833381654,1.5764223337173462,0.32574984431266785,0.6742463707923889,0.4740414321422577,0.5781035423278809
future50ms,50,48,loco_20170215_02,4,7,0.0007145033635316129,0.3422315385163758,1.030134622255961,1.5117398500442505,0.2879903018474579,0.7120069265365601,0.45354676246643066,0.5966325998306274
future50ms,50,48,loco_20170215_02,4,8,0.0006542957248827961,0.3177416937122768,1.2181366046269735,1.7028028964996338,0.2499849498271942,0.750012218952179,0.44713181257247925,0.6025693416595459
future50ms,50,48,loco_20170215_02,4,9,0.0005890576474687265,0.30373222734824307,1.150205103556315,1.6079823970794678,0.2416040301322937,0.7583930492401123,0.4266858398914337,0.6200461983680725
future50ms,50,48,loco_20170215_02,4,10,0.000520395509268104,0.2960308142415053,1.277500057220459,1.6556681394577026,0.21606121957302094,0.783936619758606,0.40709441900253296,0.6376345157623291
future50ms,50,48,loco_20170215_02,4,11,0.0004500000000000001,0.28075230631131576,1.1922950784365336,1.6859127283096313,0.21314552426338196,0.7868523597717285,0.44307753443717957,0.6062455177307129
future50ms,50,48,loco_20170215_02,4,12,0.00037960449073189633,0.2663001291020496,0.9611821214358012,1.578969120979309,0.19964802265167236,0.800349771976471,0.41559213399887085,0.6307122707366943
future50ms,50,48,loco_20170215_02,4,13,0.0003109423525312738,0.2528839797164186,0.9620077053705851,1.3566862344741821,0.19867543876171112,0.8013222813606262,0.41230475902557373,0.6330857276916504
future50ms,50,48,loco_20170215_02,4,14,0.00024570427511720405,0.24424684365894886,0.9548045516014099,1.326614260673523,0.18643859028816223,0.8135595321655273,0.39780712127685547,0.6460614204406738
future50ms,50,48,loco_20170215_02,4,15,0.0001854966364683872,0.24155416136101557,1.0243650197982788,1.5067671537399292,0.1885727345943451,0.8114253282546997,0.40428945422172546,0.6401365399360657
future50ms,50,48,loco_20170215_02,4,16,0.00013180194846605368,0.24064380656466047,1.073560881614685,1.8059892654418945,0.18692944943904877,0.8130686283111572,0.40319642424583435,0.6417341232299805
future50ms,50,48,loco_20170215_02,4,17,8.594235253127372e-05,0.23580687125824829,0.9080556511878968,1.3356419801712036,0.17977488040924072,0.8202232122421265,0.39916175603866577,0.6449925899505615
future50ms,50,48,loco_20170215_02,4,18,4.9047064115234504e-05,0.22749055975901644,0.8654306968053181,1.1356538534164429,0.17615777254104614,0.8238401412963867,0.4043455123901367,0.6402692794799805
future50ms,50,48,loco_20170215_02,4,19,2.2024567667180916e-05,0.22348049142841586,0.9054911851882934,1.568738341331482,0.17548826336860657,0.8245101571083069,0.40059414505958557,0.643661618232727
future50ms,50,48,loco_20170215_02,4,20,5.540246732188055e-06,0.2284203164703105,0.8305424849192301,1.2169750928878784,0.1755540370941162,0.8244445323944092,0.4003438651561737,0.6438683271408081
future50ms,50,48,loco_20170215_02,5,1,0.0009,0.9832286867263117,1.2900638421376547,3.6625375747680664,0.8124032616615295,0.18758872151374817,0.7500389814376831,0.23347800970077515
future50ms,50,48,loco_20170215_02,5,2,0.000894459753267812,0.7682669521784566,0.8953080336252849,1.385910153388977,0.6693739295005798,0.33061912655830383,0.5867143869400024,0.40977171063423157
future50ms,50,48,loco_20170215_02,5,3,0.0008779754323328191,0.6341645465908106,1.1889512300491334,2.090864419937134,0.5148012042045593,0.4851931929588318,0.4654555320739746,0.5352263450622559
future50ms,50,48,loco_20170215_02,5,4,0.0008509529358847655,0.5166770384531054,1.0535037358601889,1.6367241144180298,0.42032507061958313,0.5796703696250916,0.42260172963142395,0.575692892074585
future50ms,50,48,loco_20170215_02,5,5,0.0008140576474687264,0.45843718830159697,1.2708714922269186,2.5698814392089844,0.3668346703052521,0.633161187171936,0.3794994354248047,0.6162232160568237
future50ms,50,48,loco_20170215_02,5,6,0.0007681980515339464,0.4004587255665225,1.237308112780253,1.7943754196166992,0.33174315094947815,0.66825270652771,0.35686030983924866,0.6403659582138062
future50ms,50,48,loco_20170215_02,5,7,0.0007145033635316129,0.3650442330751873,1.1250208377838136,1.8203182220458984,0.3057331144809723,0.6942628622055054,0.3664182424545288,0.6275516748428345
future50ms,50,48,loco_20170215_02,5,8,0.0006542957248827961,0.34680556054784456,1.3210895697275797,1.8907959461212158,0.2740074098110199,0.7259900569915771,0.33685243129730225,0.6569241881370544
future50ms,50,48,loco_20170215_02,5,9,0.0005890576474687265,0.3244346799431072,1.2276489655176799,2.002094030380249,0.2496342658996582,0.7503629922866821,0.3214064836502075,0.6726160645484924
future50ms,50,48,loco_20170215_02,5,10,0.000520395509268104,0.3073334698811842,1.0370821475982666,1.5099208354949951,0.24465924501419067,0.7553380727767944,0.33228057622909546,0.6606858968734741
future50ms,50,48,loco_20170215_02,5,11,0.0004500000000000001,0.28641860543702685,0.9675178170204163,1.570810079574585,0.22721970081329346,0.7727786898612976,0.3179268538951874,0.6759589910507202
future50ms,50,48,loco_20170215_02,5,12,0.00037960449073189633,0.2758348752366434,0.975393291314443,1.5628321170806885,0.2323525846004486,0.7676446437835693,0.34370139241218567,0.6481114625930786
future50ms,50,48,loco_20170215_02,5,13,0.0003109423525312738,0.26542520423506405,0.909259299437205,1.2691843509674072,0.20766158401966095,0.792336106300354,0.3125874996185303,0.6808551549911499
future50ms,50,48,loco_20170215_02,5,14,0.00024570427511720405,0.2666403546212881,1.0576047937075297,1.8665703535079956,0.20263999700546265,0.7973577380180359,0.3062105178833008,0.6895170211791992
future50ms,50,48,loco_20170215_02,5,15,0.0001854966364683872,0.2531527682000079,0.8764791687329611,1.525115728378296,0.2069041132926941,0.7930941581726074,0.3271995782852173,0.6648264527320862
future50ms,50,48,loco_20170215_02,5,16,0.00013180194846605368,0.25713144474757643,0.9945163607597352,1.5089125633239746,0.20115695893764496,0.7988408207893372,0.3094678819179535,0.684928297996521
future50ms,50,48,loco_20170215_02,5,17,8.594235253127372e-05,0.24987833916950136,0.9389875769615174,1.3285090923309326,0.19269593060016632,0.8073022961616516,0.30450257658958435,0.6902050375938416
future50ms,50,48,loco_20170215_02,5,18,4.9047064115234504e-05,0.24432727345460084,0.8483655611673991,1.2577213048934937,0.19416062533855438,0.8058371543884277,0.30661845207214355,0.6881021857261658
future50ms,50,48,loco_20170215_02,5,19,2.2024567667180916e-05,0.2424131545847281,0.9106393456459045,1.6279189586639404,0.19172631204128265,0.8082712888717651,0.30672693252563477,0.6876917481422424
future50ms,50,48,loco_20170215_02,5,20,5.540246732188055e-06,0.2435281276844233,0.8760903557141622,1.4612339735031128,0.1915440410375595,0.8084537386894226,0.306673526763916,0.6877037286758423
future50ms,50,48,loco_20170301_05,1,1,0.0009,0.9184877951788244,1.2976208885510763,3.2993252277374268,0.7395962476730347,0.26039692759513855,0.6828931570053101,0.21851903200149536
future50ms,50,48,loco_20170301_05,1,2,0.000894459753267812,0.6899369326609213,1.2201013088226318,2.1159441471099854,0.570021390914917,0.4299730062484741,0.5275902152061462,0.3934980630874634
future50ms,50,48,loco_20170301_05,1,3,0.0008779754323328191,0.5416285256092266,1.1015684048334757,1.9239091873168945,0.4256136119365692,0.5743820667266846,0.42415621876716614,0.5125304460525513
future50ms,50,48,loco_20170301_05,1,4,0.0008509529358847655,0.4344418752922893,1.0133832971254984,1.4177716970443726,0.33201077580451965,0.6679862141609192,0.3623349666595459,0.5817537307739258
future50ms,50,48,loco_20170301_05,1,5,0.0008140576474687264,0.3603353164649566,1.1000379204750061,1.8655877113342285,0.2889930307865143,0.7110042572021484,0.34416839480400085,0.6020944118499756
future50ms,50,48,loco_20170301_05,1,6,0.0007681980515339464,0.32751645376869787,1.2517143170038858,2.1808314323425293,0.2579876780509949,0.7420098781585693,0.3231964111328125,0.6274151802062988
future50ms,50,48,loco_20170301_05,1,7,0.0007145033635316129,0.2926311079205958,1.0033438523610434,1.3173747062683105,0.23581025004386902,0.7641875743865967,0.30973950028419495,0.6428517699241638
future50ms,50,48,loco_20170301_05,1,8,0.0006542957248827961,0.27471623031362713,1.0659070571263631,1.3207205533981323,0.21350175142288208,0.7864964008331299,0.31059977412223816,0.6418081521987915
future50ms,50,48,loco_20170301_05,1,9,0.0005890576474687265,0.2493024157001372,1.1120652596155802,1.525606632232666,0.20541618764400482,0.7945815920829773,0.31473737955093384,0.6393716335296631
future50ms,50,48,loco_20170301_05,1,10,0.000520395509268104,0.24222777763919195,1.0419647733370463,1.4441676139831543,0.1869964748620987,0.8130021095275879,0.30625614523887634,0.6488635540008545
future50ms,50,48,loco_20170301_05,1,11,0.0004500000000000001,0.23414896841972707,1.0095066666603087,1.5718607902526855,0.17738118767738342,0.8226165771484375,0.2958187162876129,0.6606045961380005
future50ms,50,48,loco_20170301_05,1,12,0.00037960449073189633,0.21229394666768056,0.9248921990394592,1.5905755758285522,0.1689562052488327,0.8310420513153076,0.2922663390636444,0.6629600524902344
future50ms,50,48,loco_20170301_05,1,13,0.0003109423525312738,0.21409257121399528,0.8983209331830343,1.2692776918411255,0.15806680917739868,0.8419318199157715,0.2827392816543579,0.6742905378341675
future50ms,50,48,loco_20170301_05,1,14,0.00024570427511720405,0.19975793724147173,0.7969081322352092,0.980146586894989,0.1500033289194107,0.8499952554702759,0.2713148891925812,0.6868190169334412
future50ms,50,48,loco_20170301_05,1,15,0.0001854966364683872,0.19837400373224098,0.8320260087649027,1.1669429540634155,0.1519116312265396,0.8480870723724365,0.276222825050354,0.6809284687042236
future50ms,50,48,loco_20170301_05,1,16,0.00013180194846605368,0.19308189704556464,0.767342472076416,1.1395771503448486,0.1523304581642151,0.8476678133010864,0.2810227870941162,0.6762685775756836
future50ms,50,48,loco_20170301_05,1,17,8.594235253127372e-05,0.1858061668232595,0.7107154647509257,0.9902110695838928,0.14531226456165314,0.8546859622001648,0.2707056701183319,0.6875588893890381
future50ms,50,48,loco_20170301_05,1,18,4.9047064115234504e-05,0.1908481623691902,0.7869348963101704,1.0372631549835205,0.14289771020412445,0.8571010231971741,0.2688673734664917,0.689917266368866
future50ms,50,48,loco_20170301_05,1,19,2.2024567667180916e-05,0.19039809974663877,0.7351727684338888,0.8980023264884949,0.1453920155763626,0.8546064496040344,0.2742157280445099,0.6841075420379639
future50ms,50,48,loco_20170301_05,1,20,5.540246732188055e-06,0.18864485872710726,0.7553025702635447,1.0994434356689453,0.14544230699539185,0.8545563220977783,0.2742519974708557,0.6840208768844604
future50ms,50,48,loco_20170301_05,2,1,0.0009,0.9437939070793967,1.2620887398719787,2.2408955097198486,0.7311620116233826,0.26883241534233093,0.8423923850059509,0.2354171872138977
future50ms,50,48,loco_20170301_05,2,2,0.000894459753267812,0.673032892826969,0.9327958623568217,1.432574987411499,0.5465695261955261,0.45342394709587097,0.6925504803657532,0.3598744571208954
future50ms,50,48,loco_20170301_05,2,3,0.0008779754323328191,0.5369291731907325,1.2733278115590414,2.4397506713867188,0.42404690384864807,0.5759495496749878,0.5389657020568848,0.495916485786438
future50ms,50,48,loco_20170301_05,2,4,0.0008509529358847655,0.424593755408857,1.125668478012085,1.9323760271072388,0.3290528357028961,0.6709442138671875,0.4518716633319855,0.5752860307693481
future50ms,50,48,loco_20170301_05,2,5,0.0008140576474687264,0.34944990628309913,0.9839525580406189,1.3351237773895264,0.2765922248363495,0.7234049439430237,0.4067259728908539,0.6178778409957886
future50ms,50,48,loco_20170301_05,2,6,0.0007681980515339464,0.3045587914331945,0.9669596076011657,1.53374183177948,0.23894686996936798,0.7610505819320679,0.4008026421070099,0.6233359575271606
future50ms,50,48,loco_20170301_05,2,7,0.0007145033635316129,0.2877741550515649,1.2713329871495564,1.961429238319397,0.2761284410953522,0.7238686680793762,0.39903223514556885,0.6247327327728271
future50ms,50,48,loco_20170301_05,2,8,0.0006542957248827961,0.26956804153778885,1.1384645183881124,2.0097696781158447,0.20299510657787323,0.7970032095909119,0.3540474772453308,0.6684591770172119
future50ms,50,48,loco_20170301_05,2,9,0.0005890576474687265,0.2460223511747763,1.179782235622406,1.6526060104370117,0.1880648285150528,0.8119329214096069,0.3378069996833801,0.6843709349632263
future50ms,50,48,loco_20170301_05,2,10,0.000520395509268104,0.23374003865885162,1.1222750663757324,1.6833778619766235,0.17950870096683502,0.8204894065856934,0.3544638752937317,0.6711556315422058
future50ms,50,48,loco_20170301_05,2,11,0.0004500000000000001,0.22683424023462953,1.0781855463981629,1.8528382778167725,0.17156067490577698,0.8284375667572021,0.33886757493019104,0.6855568289756775
future50ms,50,48,loco_20170301_05,2,12,0.00037960449073189633,0.2073356016017833,0.8408593157927196,1.2675467729568481,0.15511450171470642,0.8448843955993652,0.3270207643508911,0.694468080997467
future50ms,50,48,loco_20170301_05,2,13,0.0003109423525312738,0.2015443699683255,0.8532944043477376,1.2422553300857544,0.15338174998760223,0.8466170430183411,0.332088440656662,0.6897661685943604
future50ms,50,48,loco_20170301_05,2,14,0.00024570427511720405,0.19755708161951485,0.8436169584592184,1.0219799280166626,0.1504897028207779,0.8495086431503296,0.31776559352874756,0.7031943798065186
future50ms,50,48,loco_20170301_05,2,15,0.0001854966364683872,0.19468629429066378,0.8595410267512004,1.0458570718765259,0.14787040650844574,0.8521280288696289,0.312456339597702,0.7085309028625488
future50ms,50,48,loco_20170301_05,2,16,0.00013180194846605368,0.1902352742412238,0.8534736394882202,1.7297166585922241,0.14839769899845123,0.8516007661819458,0.3149593770503998,0.7060625553131104
future50ms,50,48,loco_20170301_05,2,17,8.594235253127372e-05,0.18332482312038212,0.760077687104543,0.9198569059371948,0.14383971691131592,0.8561586141586304,0.3185119032859802,0.7038239240646362
future50ms,50,48,loco_20170301_05,2,18,4.9047064115234504e-05,0.18808097513859534,0.7642186760902405,1.0648564100265503,0.14175845682621002,0.8582400679588318,0.3114456534385681,0.7099008560180664
future50ms,50,48,loco_20170301_05,2,19,2.2024567667180916e-05,0.18202586576866978,0.6849028865496317,0.8735935091972351,0.1417820006608963,0.8582167625427246,0.31279456615448,0.7087914943695068
future50ms,50,48,loco_20170301_05,2,20,5.540246732188055e-06,0.1837603881282251,0.7617366353670756,0.9554373025894165,0.1415088027715683,0.8584898114204407,0.31268203258514404,0.708850622177124
future50ms,50,48,loco_20170301_05,3,1,0.0009,0.9324569127850889,1.2679839531580608,3.0821144580841064,0.7330963611602783,0.26689717173576355,0.8394286632537842,0.24807938933372498
future50ms,50,48,loco_20170301_05,3,2,0.000894459753267812,0.6890837785751512,1.0581215222676594,1.4462313652038574,0.551517903804779,0.4484763741493225,0.6394253969192505,0.4286738336086273
future50ms,50,48,loco_20170301_05,3,3,0.0008779754323328191,0.5444939932425444,1.05872194369634,1.6128640174865723,0.428088515996933,0.5719071626663208,0.5359862446784973,0.5214300155639648
future50ms,50,48,loco_20170301_05,3,4,0.0008509529358847655,0.4402710744810268,1.2025291919708252,2.0451295375823975,0.3343020975589752,0.6656943559646606,0.4491212069988251,0.600095808506012
future50ms,50,48,loco_20170301_05,3,5,0.0008140576474687264,0.3628966633489973,1.175285796324412,2.6032636165618896,0.27318447828292847,0.7268130779266357,0.3938746154308319,0.6487374305725098
future50ms,50,48,loco_20170301_05,3,6,0.0007681980515339464,0.32094803656573895,1.0848942796389263,2.2924039363861084,0.2522290050983429,0.7477682828903198,0.3722416162490845,0.6678764820098877
future50ms,50,48,loco_20170301_05,3,7,0.0007145033635316129,0.2824132066281726,1.0557165066401164,1.9063133001327515,0.22054728865623474,0.7794503569602966,0.3677482604980469,0.6722496151924133
future50ms,50,48,loco_20170301_05,3,8,0.0006542957248827961,0.2718668154564473,0.995544187227885,1.328421711921692,0.20637176930904388,0.7936263084411621,0.3800782561302185,0.6612847447395325
future50ms,50,48,loco_20170301_05,3,9,0.0005890576474687265,0.25682071111083815,1.082645344734192,1.3315227031707764,0.19934315979480743,0.8006547093391418,0.3692200481891632,0.6704368591308594
future50ms,50,48,loco_20170301_05,3,10,0.000520395509268104,0.23590358495339867,0.9225531737009685,1.595779538154602,0.1954462230205536,0.8045517206192017,0.3767718970775604,0.6639357805252075
future50ms,50,48,loco_20170301_05,3,11,0.0004500000000000001,0.22200824066237784,0.9278258999188741,1.1542328596115112,0.1714697629213333,0.8285288214683533,0.3259337544441223,0.7090158462524414
future50ms,50,48,loco_20170301_05,3,12,0.00037960449073189633,0.21685606499959886,0.7484509944915771,1.0139514207839966,0.15832047164440155,0.8416780829429626,0.32749560475349426,0.7077065706253052
future50ms,50,48,loco_20170301_05,3,13,0.0003109423525312738,0.2122863664380538,0.8654340664545696,1.3049874305725098,0.15518231689929962,0.8448162078857422,0.3255932331085205,0.7092073559761047
future50ms,50,48,loco_20170301_05,3,14,0.00024570427511720405,0.2099854632080886,0.8065444032351176,1.1777029037475586,0.1624162197113037,0.8375825881958008,0.3470655381679535,0.6895209550857544
future50ms,50,48,loco_20170301_05,3,15,0.0001854966364683872,0.19774679504253462,0.8008905529975892,1.0880101919174194,0.14818932116031647,0.8518092632293701,0.32093480229377747,0.7133746147155762
future50ms,50,48,loco_20170301_05,3,16,0.00013180194846605368,0.19543861925266787,0.818110986550649,1.627536416053772,0.14707988500595093,0.8529186248779297,0.3329285979270935,0.7023829817771912
future50ms,50,48,loco_20170301_05,3,17,8.594235253127372e-05,0.19056421414236469,0.7615516384442648,1.1313735246658325,0.1467844545841217,0.8532142639160156,0.3284136652946472,0.7064038515090942
future50ms,50,48,loco_20170301_05,3,18,4.9047064115234504e-05,0.1911297350395698,0.7878845930099487,1.0378655195236206,0.14602996408939362,0.8539685606956482,0.32916805148124695,0.7057600617408752
future50ms,50,48,loco_20170301_05,3,19,2.2024567667180916e-05,0.19277505095081007,0.7345182418823242,0.9721295833587646,0.1430705338716507,0.8569281101226807,0.3229459822177887,0.7113686800003052
future50ms,50,48,loco_20170301_05,3,20,5.540246732188055e-06,0.19460609819564326,0.7784055749575297,1.0671790838241577,0.1427866518497467,0.8572118878364563,0.32228800654411316,0.7119613289833069
future50ms,50,48,loco_20170301_05,4,1,0.0009,0.9546281534516523,1.3923760294914245,3.6837849617004395,0.7344833612442017,0.2655085027217865,0.8139107823371887,0.22265806794166565
future50ms,50,48,loco_20170301_05,4,2,0.000894459753267812,0.6986641819981197,1.0675567150115968,1.39922297000885,0.556429386138916,0.4435657262802124,0.6321841478347778,0.4015468657016754
future50ms,50,48,loco_20170301_05,4,3,0.0008779754323328191,0.5507878089791052,1.1222117384274801,1.9506175518035889,0.45120471715927124,0.5487909317016602,0.520637035369873,0.5133265256881714
future50ms,50,48,loco_20170301_05,4,4,0.0008509529358847655,0.45328659196070686,1.3031909386316936,1.9583052396774292,0.3626076579093933,0.6373887062072754,0.46318289637565613,0.5681734085083008
future50ms,50,48,loco_20170301_05,4,5,0.0008140576474687264,0.3765593901909772,1.101589568456014,1.595831036567688,0.31138643622398376,0.6886112689971924,0.4059945046901703,0.6079564094543457
future50ms,50,48,loco_20170301_05,4,6,0.0007681980515339464,0.3445113795102991,1.2877477486928304,2.0740911960601807,0.26744145154953003,0.7325564622879028,0.3638184070587158,0.6574701070785522
future50ms,50,48,loco_20170301_05,4,7,0.0007145033635316129,0.3010804436043842,1.1087249120076497,1.6380681991577148,0.23470287024974823,0.7652949690818787,0.33442145586013794,0.6872832775115967
future50ms,50,48,loco_20170301_05,4,8,0.0006542957248827961,0.26845191677239255,0.9255385080973307,1.770734190940857,0.20636408030986786,0.7936343550682068,0.3139927387237549,0.7051668167114258
future50ms,50,48,loco_20170301_05,4,9,0.0005890576474687265,0.25585781835504207,1.0630849242210387,1.6889857053756714,0.19923345744609833,0.8007645606994629,0.29925447702407837,0.7189386487007141
future50ms,50,48,loco_20170301_05,4,10,0.000520395509268104,0.24456993429749804,0.9804860512415569,1.9107176065444946,0.19118763506412506,0.8088105916976929,0.31549641489982605,0.7046980857849121
future50ms,50,48,loco_20170301_05,4,11,0.0004500000000000001,0.2309436537778673,1.0026598215103149,2.0759339332580566,0.1851174235343933,0.8148805499076843,0.2972676157951355,0.7193785309791565
future50ms,50,48,loco_20170301_05,4,12,0.00037960449073189633,0.22057759028191307,0.8968332290649415,1.1563392877578735,0.17742231488227844,0.8225759267807007,0.30060842633247375,0.7175804972648621
future50ms,50,48,loco_20170301_05,4,13,0.0003109423525312738,0.22231248440336648,0.938935395081838,1.5088862180709839,0.15735425055027008,0.8426442742347717,0.28956839442253113,0.7302969694137573
future50ms,50,48,loco_20170301_05,4,14,0.00024570427511720405,0.21047823207123367,0.9310965538024902,1.5439084768295288,0.16442321240901947,0.8355753421783447,0.2819637656211853,0.7361432313919067
future50ms,50,48,loco_20170301_05,4,15,0.0001854966364683872,0.20662844773708744,0.8636313756306966,1.6159858703613281,0.15380987524986267,0.8461882472038269,0.2771521210670471,0.7406494617462158
future50ms,50,48,loco_20170301_05,4,16,0.00013180194846605368,0.19784942946650766,0.8086533943812052,1.8383957147598267,0.15508179366588593,0.8449164628982544,0.2737642526626587,0.7434390783309937
future50ms,50,48,loco_20170301_05,4,17,8.594235253127372e-05,0.19404425011753026,0.7271193265914917,0.9532644152641296,0.1503826528787613,0.8496158123016357,0.27402302622795105,0.7436437606811523
future50ms,50,48,loco_20170301_05,4,18,4.9047064115234504e-05,0.19228351341354366,0.7142085512479146,1.1692631244659424,0.1521742343902588,0.847823977470398,0.27480199933052063,0.7428587675094604
future50ms,50,48,loco_20170301_05,4,19,2.2024567667180916e-05,0.1972672612238228,0.8052241643269856,1.3618899583816528,0.1506473571062088,0.849351167678833,0.2747012972831726,0.7431025505065918
future50ms,50,48,loco_20170301_05,4,20,5.540246732188055e-06,0.19504151987943663,0.7810602943102519,1.5300946235656738,0.15028376877307892,0.8497143983840942,0.2743757963180542,0.7433960437774658
future50ms,50,48,loco_20170301_05,5,1,0.0009,0.9519910182885241,1.371835172176361,2.6727683544158936,0.7634440660476685,0.23654776811599731,0.6737329959869385,0.20735543966293335
future50ms,50,48,loco_20170301_05,5,2,0.000894459753267812,0.7111216360619401,1.0620363156000774,1.8164571523666382,0.5726803541183472,0.4273133873939514,0.5429632663726807,0.3584515452384949
future50ms,50,48,loco_20170301_05,5,3,0.0008779754323328191,0.5522476436952356,1.1215173403422039,1.7859084606170654,0.4380447566509247,0.5619509220123291,0.4470972418785095,0.4711141586303711
future50ms,50,48,loco_20170301_05,5,4,0.0008509529358847655,0.4456117999649455,1.0342497110366822,1.3705716133117676,0.3511888384819031,0.6488072276115417,0.3637453317642212,0.5696396231651306
future50ms,50,48,loco_20170301_05,5,5,0.0008140576474687264,0.37837488943125897,1.0661303400993347,1.5202271938323975,0.2770437002182007,0.7229529619216919,0.33389565348625183,0.6050498485565186
future50ms,50,48,loco_20170301_05,5,6,0.0007681980515339464,0.31443306672761645,0.9235601941744487,1.3937474489212036,0.2451896369457245,0.7548083066940308,0.3100563585758209,0.6330529451370239
future50ms,50,48,loco_20170301_05,5,7,0.0007145033635316129,0.2851458518963916,1.1443666497866312,1.8143306970596313,0.2286568582057953,0.7713413834571838,0.2987625002861023,0.6469804048538208
future50ms,50,48,loco_20170301_05,5,8,0.0006542957248827961,0.26354626938794207,1.0338239312171935,1.3992745876312256,0.19784075021743774,0.8021571636199951,0.27335721254348755,0.6766147613525391
future50ms,50,48,loco_20170301_05,5,9,0.0005890576474687265,0.24757317175091195,1.0412132263183593,1.41165030002594,0.19139567017555237,0.8086028695106506,0.27946215867996216,0.6694655418395996
future50ms,50,48,loco_20170301_05,5,10,0.000520395509268104,0.23420893318975447,0.9582067688306173,1.3534927368164062,0.1838502436876297,0.8161482810974121,0.27224957942962646,0.6777776479721069
future50ms,50,48,loco_20170301_05,5,11,0.0004500000000000001,0.21625884145894841,0.888278865814209,1.4608705043792725,0.1782049536705017,0.8217933177947998,0.2848680317401886,0.6627745032310486
future50ms,50,48,loco_20170301_05,5,12,0.00037960449073189633,0.2092150354165394,0.7896567463874817,1.0561118125915527,0.15699544548988342,0.8430033922195435,0.260536253452301,0.6915405988693237
future50ms,50,48,loco_20170301_05,5,13,0.0003109423525312738,0.20112156109267554,0.842167067527771,1.2274320125579834,0.15005718171596527,0.8499413132667542,0.25822529196739197,0.6940734386444092
future50ms,50,48,loco_20170301_05,5,14,0.00024570427511720405,0.2043180483917839,0.8113551179567973,1.0788986682891846,0.15730901062488556,0.8426893949508667,0.26441383361816406,0.686816930770874
future50ms,50,48,loco_20170301_05,5,15,0.0001854966364683872,0.19237295586635442,0.7955031236012776,1.1069267988204956,0.1463606059551239,0.8536378741264343,0.2549494206905365,0.6980888247489929
future50ms,50,48,loco_20170301_05,5,16,0.00013180194846605368,0.18701023471237965,0.7525937159856161,1.2086998224258423,0.14631398022174835,0.8536843061447144,0.2620260417461395,0.6895454525947571
future50ms,50,48,loco_20170301_05,5,17,8.594235253127372e-05,0.18666541782618618,0.690752633412679,0.8967538475990295,0.144959956407547,0.855038583278656,0.25903773307800293,0.6931980848312378
future50ms,50,48,loco_20170301_05,5,18,4.9047064115234504e-05,0.18285961652479968,0.7085524837176005,1.1075000762939453,0.1432153731584549,0.8567832112312317,0.2544942796230316,0.6986892819404602
future50ms,50,48,loco_20170301_05,5,19,2.2024567667180916e-05,0.18240816990989642,0.7135840038458506,1.0358264446258545,0.1412402242422104,0.8587584495544434,0.2534221112728119,0.6998847723007202
future50ms,50,48,loco_20170301_05,5,20,5.540246732188055e-06,0.18029071031755128,0.6845481316248576,0.9620596170425415,0.14102685451507568,0.8589717149734497,0.2537257969379425,0.6995099782943726
future100ms,100,100,loco_20170210_03,1,1,0.0009,0.8784290773130954,1.1203571589369523,2.750213861465454,0.6923601627349854,0.3076336085796356,0.9733054637908936,0.2167777717113495
future100ms,100,100,loco_20170210_03,1,2,0.000894459753267812,0.6709883292711615,1.3926722815162258,2.671182155609131,0.5568090677261353,0.44318655133247375,0.840067982673645,0.3087243139743805
future100ms,100,100,loco_20170210_03,1,3,0.0008779754323328191,0.5460705512595563,1.2831052228024131,1.7170501947402954,0.43582016229629517,0.5641763210296631,0.7097788453102112,0.41981106996536255
future100ms,100,100,loco_20170210_03,1,4,0.0008509529358847655,0.4332880470755442,1.1869829610774392,2.090977668762207,0.3575928807258606,0.6424037218093872,0.6520106792449951,0.46202734112739563
future100ms,100,100,loco_20170210_03,1,5,0.0008140576474687264,0.3727223860783752,1.291168241124404,1.9776626825332642,0.32524168491363525,0.6747552156448364,0.6097668409347534,0.5027918815612793
future100ms,100,100,loco_20170210_03,1,6,0.0007681980515339464,0.32832975968243006,1.1845776375971342,2.1165611743927,0.2714143693447113,0.7285834550857544,0.5782756805419922,0.5251812934875488
future100ms,100,100,loco_20170210_03,1,7,0.0007145033635316129,0.3134618214555533,1.3221891020473682,2.1351282596588135,0.24962273240089417,0.750374972820282,0.5530657768249512,0.5471415519714355
future100ms,100,100,loco_20170210_03,1,8,0.0006542957248827961,0.29248269794534554,1.3539991598380239,4.119441986083984,0.2461061328649521,0.753892719745636,0.5619770288467407,0.5359224677085876
future100ms,100,100,loco_20170210_03,1,9,0.0005890576474687265,0.2699054301330211,1.1467966029518528,2.2870981693267822,0.24890322983264923,0.7510953545570374,0.6000791788101196,0.5025253295898438
future100ms,100,100,loco_20170210_03,1,10,0.000520395509268104,0.2564497596768229,1.087235993460605,2.013758897781372,0.20898514986038208,0.7910129427909851,0.5019396543502808,0.5942292809486389
future100ms,100,100,loco_20170210_03,1,11,0.0004500000000000001,0.25435419136237786,1.1865230014449673,1.8530231714248657,0.1864902377128601,0.8135080933570862,0.48347780108451843,0.6090937852859497
future100ms,100,100,loco_20170210_03,1,12,0.00037960449073189633,0.2339998048407347,1.0283327102661133,2.3031516075134277,0.19084925949573517,0.8091490268707275,0.5271629691123962,0.5669366717338562
future100ms,100,100,loco_20170210_03,1,13,0.0003109423525312738,0.22656091538172068,0.9639890852727389,2.273477554321289,0.1734570562839508,0.826541543006897,0.47670528292655945,0.6128364205360413
future100ms,100,100,loco_20170210_03,1,14,0.00024570427511720405,0.21853201106103282,0.9492861691274141,1.8412920236587524,0.1737350970506668,0.8262637853622437,0.5124596357345581,0.5797101259231567
future100ms,100,100,loco_20170210_03,1,15,0.0001854966364683872,0.2055391728987643,0.8369493076675817,1.6255559921264648,0.16581927239894867,0.8341795206069946,0.4887595474720001,0.6022066473960876
future100ms,100,100,loco_20170210_03,1,16,0.00013180194846605368,0.20432555300125912,0.8672522902488708,1.4156553745269775,0.15659141540527344,0.8434072136878967,0.4807101786136627,0.6083636283874512
future100ms,100,100,loco_20170210_03,1,17,8.594235253127372e-05,0.21407033465206415,0.912669903353641,1.7452380657196045,0.16244322061538696,0.8375552892684937,0.4910848140716553,0.5996044874191284
future100ms,100,100,loco_20170210_03,1,18,4.9047064115234504e-05,0.20570276245935523,0.9168085016702351,2.123242139816284,0.15982785820960999,0.8401708602905273,0.48892688751220703,0.6012088656425476
future100ms,100,100,loco_20170210_03,1,19,2.2024567667180916e-05,0.21003259398589041,0.845764508372859,1.8177168369293213,0.15634414553642273,0.8436545729637146,0.48537805676460266,0.6040974855422974
future100ms,100,100,loco_20170210_03,1,20,5.540246732188055e-06,0.2065183209224414,0.8717888530931974,1.8082058429718018,0.15643638372421265,0.8435621857643127,0.4860337972640991,0.6035163402557373
future100ms,100,100,loco_20170210_03,2,1,0.0009,0.9206845350982309,1.3399224720503156,3.3576574325561523,0.7134068608283997,0.28658851981163025,0.6249207854270935,0.2901424169540405
future100ms,100,100,loco_20170210_03,2,2,0.000894459753267812,0.6625622287088389,1.067949812663229,1.98611319065094,0.5199861526489258,0.4800112843513489,0.4767511487007141,0.4566527009010315
future100ms,100,100,loco_20170210_03,2,3,0.0008779754323328191,0.512333533074843,1.1090196716158014,2.2357566356658936,0.3820434510707855,0.6179543733596802,0.3716464638710022,0.5758777260780334
future100ms,100,100,loco_20170210_03,2,4,0.0008509529358847655,0.4171199025702211,1.2275927192286442,1.7794896364212036,0.31041815876960754,0.6895791292190552,0.3391276001930237,0.6133995652198792
future100ms,100,100,loco_20170210_03,2,5,0.0008140576474687264,0.3585335138257295,1.341652932919954,1.7328613996505737,0.2802104353904724,0.7197875380516052,0.33032363653182983,0.6233776807785034
future100ms,100,100,loco_20170210_03,2,6,0.0007681980515339464,0.32663549533977787,1.2836554803346332,1.6901439428329468,0.26658895611763,0.7334089279174805,0.3295172452926636,0.6245594024658203
future100ms,100,100,loco_20170210_03,2,7,0.0007145033635316129,0.3038282373969567,1.2511126367669356,1.972890853881836,0.23902210593223572,0.76097571849823,0.3327895700931549,0.6204931735992432
future100ms,100,100,loco_20170210_03,2,8,0.0006542957248827961,0.2864415773968546,1.2791895866394043,2.819711208343506,0.20926402509212494,0.7907339334487915,0.31090426445007324,0.6446413993835449
future100ms,100,100,loco_20170210_03,2,9,0.0005890576474687265,0.25693621983143294,0.9852689692848607,1.8040368556976318,0.20983003079891205,0.7901681661605835,0.32209956645965576,0.6321823000907898
future100ms,100,100,loco_20170210_03,2,10,0.000520395509268104,0.25219196484094547,1.1022402393190485,1.5820176601409912,0.200547456741333,0.799452006816864,0.30638083815574646,0.6504103541374207
future100ms,100,100,loco_20170210_03,2,11,0.0004500000000000001,0.251331073846038,1.2034990411055715,1.5158051252365112,0.1909356564283371,0.8090635538101196,0.30119773745536804,0.6557223796844482
future100ms,100,100,loco_20170210_03,2,12,0.00037960449073189633,0.23534233822825937,0.9233017406965557,1.718005657196045,0.178166925907135,0.8218315839767456,0.289381742477417,0.6695711612701416
future100ms,100,100,loco_20170210_03,2,13,0.0003109423525312738,0.22491927136725617,0.9827643695630526,2.1382601261138916,0.17566849291324615,0.8243304491043091,0.28852561116218567,0.670305609703064
future100ms,100,100,loco_20170210_03,2,14,0.00024570427511720405,0.22018478280453996,1.0393271226631968,1.870057463645935,0.16427163779735565,0.8357274532318115,0.2792557179927826,0.6810970306396484
future100ms,100,100,loco_20170210_03,2,15,0.0001854966364683872,0.21669653856105883,0.887065589427948,1.1711835861206055,0.16272799670696259,0.8372706174850464,0.28338727355003357,0.6760518550872803
future100ms,100,100,loco_20170210_03,2,16,0.00013180194846605368,0.21145778409237162,0.9023225778027585,1.6483172178268433,0.16720326244831085,0.8327956199645996,0.291818767786026,0.6668527126312256
future100ms,100,100,loco_20170210_03,2,17,8.594235253127372e-05,0.21062538580256387,0.859851924996627,1.2796498537063599,0.15770240128040314,0.842296302318573,0.2760745882987976,0.6847957372665405
future100ms,100,100,loco_20170210_03,2,18,4.9047064115234504e-05,0.2031327671692389,0.9489203628740812,1.7001956701278687,0.15837819874286652,0.8416207432746887,0.2761847674846649,0.6846875548362732
future100ms,100,100,loco_20170210_03,2,19,2.2024567667180916e-05,0.20100181891762298,0.8568448361597563,1.5675705671310425,0.15902672708034515,0.8409720063209534,0.27871859073638916,0.681889533996582
future100ms,100,100,loco_20170210_03,2,20,5.540246732188055e-06,0.20497754145733452,0.796217658017811,1.2778419256210327,0.15878458321094513,0.8412144780158997,0.27875012159347534,0.6818568706512451
future100ms,100,100,loco_20170210_03,3,1,0.0009,0.9352563216257137,1.425435205300649,3.3348548412323,0.7454499006271362,0.25454506278038025,0.7191051840782166,0.2402326762676239
future100ms,100,100,loco_20170210_03,3,2,0.000894459753267812,0.6847655596902998,1.133450938595666,1.6928430795669556,0.5330308675765991,0.46696484088897705,0.5681838393211365,0.3899144232273102
future100ms,100,100,loco_20170210_03,3,3,0.0008779754323328191,0.5426249394682998,1.2799691988362207,2.1293203830718994,0.4123401939868927,0.5876554250717163,0.4708022177219391,0.4930855333805084
future100ms,100,100,loco_20170210_03,3,4,0.0008509529358847655,0.4275645970860286,1.1244508922100067,1.6527066230773926,0.3327835202217102,0.6672136783599854,0.41797375679016113,0.546983003616333
future100ms,100,100,loco_20170210_03,3,5,0.0008140576474687264,0.36563200974938487,1.069703482919269,1.5804868936538696,0.28581881523132324,0.7141788005828857,0.36916765570640564,0.5978660583496094
future100ms,100,100,loco_20170210_03,3,6,0.0007681980515339464,0.3342182144705649,1.1880212326844533,1.9467401504516602,0.2618563771247864,0.7381415963172913,0.38351356983184814,0.5800753235816956
future100ms,100,100,loco_20170210_03,3,7,0.0007145033635316129,0.2978619476377869,1.017638474702835,1.8402501344680786,0.2361641526222229,0.7638334035873413,0.38059914112091064,0.5816084146499634
future100ms,100,100,loco_20170210_03,3,8,0.0006542957248827961,0.2866879954596484,1.1421301861604054,2.2850146293640137,0.21982230246067047,0.7801756858825684,0.35880598425865173,0.605803370475769
future100ms,100,100,loco_20170210_03,3,9,0.0005890576474687265,0.26740373234041903,1.0619166824552748,1.7121241092681885,0.21552282571792603,0.7844752073287964,0.3492726981639862,0.6191189289093018
future100ms,100,100,loco_20170210_03,3,10,0.000520395509268104,0.25265412014841954,1.0236591597398121,1.666859745979309,0.19124972820281982,0.8087496161460876,0.34629198908805847,0.6195878982543945
future100ms,100,100,loco_20170210_03,3,11,0.0004500000000000001,0.24827302443091834,1.085983223385281,1.5101205110549927,0.1985226273536682,0.8014759421348572,0.336656391620636,0.6316555142402649
future100ms,100,100,loco_20170210_03,3,12,0.00037960449073189633,0.2301369353494143,0.9742221070660485,1.456958293914795,0.182882159948349,0.8171167373657227,0.34694698452949524,0.6180121898651123
future100ms,100,100,loco_20170210_03,3,13,0.0003109423525312738,0.22881266519971652,0.9433136284351349,1.539335012435913,0.18104572594165802,0.8189526796340942,0.33605310320854187,0.6312850117683411
future100ms,100,100,loco_20170210_03,3,14,0.00024570427511720405,0.21665086834353398,0.9059196511904398,1.4393203258514404,0.16824492812156677,0.8317540884017944,0.33780983090400696,0.6283996105194092
future100ms,100,100,loco_20170210_03,3,15,0.0001854966364683872,0.20973270243172631,0.9010993540287018,1.1767549514770508,0.16266277432441711,0.8373358249664307,0.32913851737976074,0.6384239792823792
future100ms,100,100,loco_20170210_03,3,16,0.00013180194846605368,0.20832364708192852,0.9153946538766226,1.633215308189392,0.1623290479183197,0.8376697301864624,0.3380509614944458,0.6272450685501099
future100ms,100,100,loco_20170210_03,3,17,8.594235253127372e-05,0.2111932337115653,0.9190183712376488,1.3715567588806152,0.1569763869047165,0.843022346496582,0.33607709407806396,0.6301456093788147
future100ms,100,100,loco_20170210_03,3,18,4.9047064115234504e-05,0.2046425584042384,0.8817202415731218,1.6595650911331177,0.15752536058425903,0.842473030090332,0.3328166604042053,0.6335136890411377
future100ms,100,100,loco_20170210_03,3,19,2.2024567667180916e-05,0.203106228175863,0.8764167957835727,1.462121605873108,0.15771979093551636,0.8422788977622986,0.33523067831993103,0.6307703256607056
future100ms,100,100,loco_20170210_03,3,20,5.540246732188055e-06,0.19809761053962882,0.7746683855851492,1.089357614517212,0.1570621281862259,0.842936635017395,0.334799200296402,0.6313078999519348
future100ms,100,100,loco_20170210_03,4,1,0.0009,0.9327149326521432,1.3308169047037761,3.3244988918304443,0.7660605311393738,0.23393362760543823,0.7852868437767029,0.21704959869384766
future100ms,100,100,loco_20170210_03,4,2,0.000894459753267812,0.7154656965761771,1.0399045050144196,1.743634581565857,0.5673523545265198,0.4326431155204773,0.5976057052612305,0.41630807518959045
future100ms,100,100,loco_20170210_03,4,3,0.0008779754323328191,0.5475679516728164,0.9866604738765292,1.388713002204895,0.4305350184440613,0.5694611072540283,0.4678395390510559,0.5457570552825928
future100ms,100,100,loco_20170210_03,4,4,0.0008509529358847655,0.4627916311050479,1.2897788451777563,2.456814765930176,0.3431382179260254,0.6568590998649597,0.3954768478870392,0.6157981753349304
future100ms,100,100,loco_20170210_03,4,5,0.0008140576474687264,0.3786247491763252,1.1420507066779666,2.245032548904419,0.3102586269378662,0.6897386908531189,0.38178959488868713,0.6284841299057007
future100ms,100,100,loco_20170210_03,4,6,0.0007681980515339464,0.35225349959626806,1.1427052186595068,2.1538126468658447,0.2698429822921753,0.7301551103591919,0.3438546061515808,0.6644060611724854
future100ms,100,100,loco_20170210_03,4,7,0.0007145033635316129,0.32180447633814213,1.0592134694258373,1.5535179376602173,0.23832668364048004,0.7616713643074036,0.3139213025569916,0.6936947107315063
future100ms,100,100,loco_20170210_03,4,8,0.0006542957248827961,0.2975560912112571,1.1350972950458527,1.9176151752471924,0.22961433231830597,0.7703834772109985,0.3249569237232208,0.6830878853797913
future100ms,100,100,loco_20170210_03,4,9,0.0005890576474687265,0.27722151444547943,1.042399634917577,1.5826436281204224,0.20854851603507996,0.7914499640464783,0.298941969871521,0.707643985748291
future100ms,100,100,loco_20170210_03,4,10,0.000520395509268104,0.25965871728440193,1.0853277378612094,1.4430389404296875,0.1999247670173645,0.8000739812850952,0.30307531356811523,0.7041661739349365
future100ms,100,100,loco_20170210_03,4,11,0.0004500000000000001,0.2445261018363986,0.9992433355914222,1.2858176231384277,0.2011553794145584,0.7988431453704834,0.3137306869029999,0.6909085512161255
future100ms,100,100,loco_20170210_03,4,12,0.00037960449073189633,0.2374044595460041,0.9426955878734589,1.3165528774261475,0.18570083379745483,0.8142983317375183,0.3011886775493622,0.7031134963035583
future100ms,100,100,loco_20170210_03,4,13,0.0003109423525312738,0.23526474689187626,1.1130795843071408,1.5412269830703735,0.18455593287944794,0.815443217754364,0.303496778011322,0.7020381689071655
future100ms,100,100,loco_20170210_03,4,14,0.00024570427511720405,0.22659376179862903,1.0212984250651465,1.5593661069869995,0.17327362298965454,0.8267250061035156,0.29067808389663696,0.7142272591590881
future100ms,100,100,loco_20170210_03,4,15,0.0001854966364683872,0.22684814624319238,1.053863439295027,1.6275893449783325,0.17342260479927063,0.8265764117240906,0.29231515526771545,0.7123590707778931
future100ms,100,100,loco_20170210_03,4,16,0.00013180194846605368,0.21342476713548658,0.9466293851534525,1.734968662261963,0.1645224243402481,0.835476279258728,0.2869423031806946,0.7185302376747131
future100ms,100,100,loco_20170210_03,4,17,8.594235253127372e-05,0.21435204424067478,0.8988626963562436,1.3374285697937012,0.1657443791627884,0.834254264831543,0.2889886498451233,0.7162244319915771
future100ms,100,100,loco_20170210_03,4,18,4.9047064115234504e-05,0.20732798449446593,0.8401071263684167,1.422727346420288,0.16362281143665314,0.8363761305809021,0.28631410002708435,0.7189382910728455
future100ms,100,100,loco_20170210_03,4,19,2.2024567667180916e-05,0.20417650366999754,0.8004826572206285,1.0407299995422363,0.16199396550655365,0.8380049467086792,0.28496792912483215,0.7203562259674072
future100ms,100,100,loco_20170210_03,4,20,5.540246732188055e-06,0.20659654369185423,0.781505114502377,1.0247892141342163,0.16164550185203552,0.8383533954620361,0.28440403938293457,0.7209175825119019
future100ms,100,100,loco_20170210_03,5,1,0.0009,0.9008765036485586,1.162738822008434,2.6020383834838867,0.7412146329879761,0.25877782702445984,0.820768415927887,0.24503403902053833
future100ms,100,100,loco_20170210_03,5,2,0.000894459753267812,0.6835838287646032,1.329455476058157,2.8618199825286865,0.5571470856666565,0.4428485631942749,0.6536654829978943,0.4021896719932556
future100ms,100,100,loco_20170210_03,5,3,0.0008779754323328191,0.5548538491497309,1.09869784116745,1.560899019241333,0.4334777593612671,0.5665179491043091,0.5383589863777161,0.5114786624908447
future100ms,100,100,loco_20170210_03,5,4,0.0008509529358847655,0.46017795935863337,1.184959352016449,1.8231920003890991,0.36074772477149963,0.6392496824264526,0.4820590913295746,0.5545216798782349
future100ms,100,100,loco_20170210_03,5,5,0.0008140576474687264,0.3840058390565345,1.2568341274010508,2.8591670989990234,0.29379433393478394,0.7062033414840698,0.4091823399066925,0.6253275871276855
future100ms,100,100,loco_20170210_03,5,6,0.0007681980515339464,0.32821703480803865,1.105172103957126,1.9268664121627808,0.281668484210968,0.7183295488357544,0.4327176511287689,0.604332447052002
future100ms,100,100,loco_20170210_03,5,7,0.0007145033635316129,0.3131686025425793,1.2824570662096928,2.1894822120666504,0.23868907988071442,0.7613091468811035,0.3910283148288727,0.6430491209030151
future100ms,100,100,loco_20170210_03,5,8,0.0006542957248827961,0.28583357058326464,1.2253864187943309,3.173717737197876,0.22893919050693512,0.7710589170455933,0.3834705650806427,0.653427243232727
future100ms,100,100,loco_20170210_03,5,9,0.0005890576474687265,0.2684741816837851,1.3170637990299023,3.10710072517395,0.22252433001995087,0.7774738669395447,0.37258970737457275,0.6592923402786255
future100ms,100,100,loco_20170210_03,5,10,0.000520395509268104,0.25458387152626455,1.0849307148080123,1.7599173784255981,0.19453102350234985,0.8054671287536621,0.3550894856452942,0.6753617525100708
future100ms,100,100,loco_20170210_03,5,11,0.0004500000000000001,0.24883587894510184,0.9694778574140448,1.3770804405212402,0.18820638954639435,0.811792254447937,0.35970938205718994,0.6702078580856323
future100ms,100,100,loco_20170210_03,5,12,0.00037960449073189633,0.23664432599427673,1.1037247776985168,1.9672826528549194,0.18423746526241302,0.815761148929596,0.35186970233917236,0.676891565322876
future100ms,100,100,loco_20170210_03,5,13,0.0003109423525312738,0.22277783959266087,0.8714305758476257,1.6804263591766357,0.18211176991462708,0.817887544631958,0.3485000729560852,0.6793792247772217
future100ms,100,100,loco_20170210_03,5,14,0.00024570427511720405,0.22775314466915944,1.2121985523324263,4.4715776443481445,0.16465790569782257,0.8353410959243774,0.33645209670066833,0.693275511264801
future100ms,100,100,loco_20170210_03,5,15,0.0001854966364683872,0.21386592025128093,0.938088900164554,1.5560853481292725,0.15809029340744019,0.8419084548950195,0.3432559370994568,0.6883754730224609
future100ms,100,100,loco_20170210_03,5,16,0.00013180194846605368,0.21941247076891612,0.9649123988653484,1.632537841796875,0.1704278588294983,0.8295714855194092,0.33741825819015503,0.6916415691375732
future100ms,100,100,loco_20170210_03,5,17,8.594235253127372e-05,0.20904716142944318,0.965894529694005,2.1689653396606445,0.15787599980831146,0.8421226739883423,0.3348371982574463,0.6946520209312439
future100ms,100,100,loco_20170210_03,5,18,4.9047064115234504e-05,0.20808146730261562,0.9267663453754625,1.7669602632522583,0.15882915258407593,0.8411693572998047,0.33825942873954773,0.6918433904647827
future100ms,100,100,loco_20170210_03,5,19,2.2024567667180916e-05,0.20747123815403745,0.9862711492337679,2.509126663208008,0.1565302014350891,0.8434687852859497,0.3350846469402313,0.6947587728500366
future100ms,100,100,loco_20170210_03,5,20,5.540246732188055e-06,0.19799181290690213,0.796928114012668,1.520233154296875,0.15632149577140808,0.8436771035194397,0.335100919008255,0.6948193311691284
future100ms,100,100,loco_20170215_02,1,1,0.0009,0.9517788182561622,1.468201752503713,3.642939567565918,0.7781025767326355,0.22188997268676758,0.7457156777381897,0.22788885235786438
future100ms,100,100,loco_20170215_02,1,2,0.000894459753267812,0.7376017908355267,1.1118890126546224,1.6346298456192017,0.6097148060798645,0.3902800977230072,0.5720884203910828,0.3906892240047455
future100ms,100,100,loco_20170215_02,1,3,0.0008779754323328191,0.6037667454096503,1.0424821813901266,2.4510412216186523,0.49736258387565613,0.502631664276123,0.489484041929245,0.4683639407157898
future100ms,100,100,loco_20170215_02,1,4,0.0008509529358847655,0.49973362031976826,1.1220331112543742,3.0044848918914795,0.41355642676353455,0.5864404439926147,0.4102180600166321,0.5553216934204102
future100ms,100,100,loco_20170215_02,1,5,0.0008140576474687264,0.416434387357643,1.1158065994580586,1.758898377418518,0.35439273715019226,0.6456048488616943,0.38095009326934814,0.5876713991165161
future100ms,100,100,loco_20170215_02,1,6,0.0007681980515339464,0.3831662290333487,1.2011060833930969,3.041205644607544,0.30856770277023315,0.6914288997650146,0.3698309361934662,0.5971709489822388
future100ms,100,100,loco_20170215_02,1,7,0.0007145033635316129,0.3534423706734985,1.1744967222213745,1.681984543800354,0.2769056558609009,0.7230914831161499,0.36929744482040405,0.599581241607666
future100ms,100,100,loco_20170215_02,1,8,0.0006542957248827961,0.318675187500872,1.0777600169181825,1.466369390487671,0.2570338547229767,0.7429629564285278,0.35984987020492554,0.6092624664306641
future100ms,100,100,loco_20170215_02,1,9,0.0005890576474687265,0.2986011454493378,1.3255983670552571,4.158405780792236,0.2455497831106186,0.7544475793838501,0.35758763551712036,0.6166353225708008
future100ms,100,100,loco_20170215_02,1,10,0.000520395509268104,0.29071105963854005,1.4092793464660645,2.5746912956237793,0.22034543752670288,0.7796519994735718,0.34527289867401123,0.6260155439376831
future100ms,100,100,loco_20170215_02,1,11,0.0004500000000000001,0.27546442107936653,1.1969712058703104,4.092966556549072,0.21612483263015747,0.7838732004165649,0.3584296703338623,0.607811689376831
future100ms,100,100,loco_20170215_02,1,12,0.00037960449073189633,0.2626364595388006,1.8731820901234946,13.881185531616211,0.2072339653968811,0.7927635908126831,0.384103000164032,0.5779288411140442
future100ms,100,100,loco_20170215_02,1,13,0.0003109423525312738,0.2502242227673175,1.3785686294237773,7.131684303283691,0.2004457712173462,0.7995522022247314,0.35408639907836914,0.6137886047363281
future100ms,100,100,loco_20170215_02,1,14,0.00024570427511720405,0.2482071214818759,1.1259317278862,2.865962266921997,0.20285704731941223,0.7971410751342773,0.3739507794380188,0.5917789936065674
future100ms,100,100,loco_20170215_02,1,15,0.0001854966364683872,0.23472302727606828,1.0045775612195333,1.6250768899917603,0.18249031901359558,0.8175078630447388,0.34992003440856934,0.6177661418914795
future100ms,100,100,loco_20170215_02,1,16,0.00013180194846605368,0.23561423287173425,0.9811255812644959,1.9294263124465942,0.18143293261528015,0.8185651302337646,0.34673017263412476,0.6221346855163574
future100ms,100,100,loco_20170215_02,1,17,8.594235253127372e-05,0.2255489963481609,0.8763391375541687,1.4197806119918823,0.18059320747852325,0.819405198097229,0.3507413864135742,0.6176613569259644
future100ms,100,100,loco_20170215_02,1,18,4.9047064115234504e-05,0.22749532478982584,0.9555550614992777,3.077562093734741,0.18009719252586365,0.8199014663696289,0.3540708124637604,0.6137391924858093
future100ms,100,100,loco_20170215_02,1,19,2.2024567667180916e-05,0.2314907372221925,1.0877221504847208,4.7238640785217285,0.17770296335220337,0.8222949504852295,0.3485468029975891,0.6200523376464844
future100ms,100,100,loco_20170215_02,1,20,5.540246732188055e-06,0.221307007458386,0.878487785657247,1.7385371923446655,0.17756247520446777,0.8224362134933472,0.3477150499820709,0.6210721731185913
future100ms,100,100,loco_20170215_02,2,1,0.0009,0.9412642984798653,1.540575869878133,3.615053176879883,0.7480564117431641,0.2519341707229614,0.8135806322097778,0.18673712015151978
future100ms,100,100,loco_20170215_02,2,2,0.000894459753267812,0.7258596748316813,1.1436376730600992,1.8102357387542725,0.6064903736114502,0.39350205659866333,0.7023270130157471,0.30251646041870117
future100ms,100,100,loco_20170215_02,2,3,0.0008779754323328191,0.5960931868578342,0.8729286670684815,1.3061769008636475,0.5083326697349548,0.4916607737541199,0.6276801824569702,0.3806675374507904
future100ms,100,100,loco_20170215_02,2,4,0.0008509529358847655,0.5020123190483038,1.0439424991607666,2.870283603668213,0.4226706624031067,0.5773249864578247,0.5620933771133423,0.4455530643463135
future100ms,100,100,loco_20170215_02,2,5,0.0008140576474687264,0.4328449101683677,1.0394071022669473,1.6951831579208374,0.3683755695819855,0.6316200494766235,0.5142179727554321,0.4932830333709717
future100ms,100,100,loco_20170215_02,2,6,0.0007681980515339464,0.3884127676769971,1.3156595508257547,2.4579100608825684,0.3147624433040619,0.6852342486381531,0.4806872606277466,0.5253229141235352
future100ms,100,100,loco_20170215_02,2,7,0.0007145033635316129,0.3462640293158404,1.0028448104858398,1.478963017463684,0.30101150274276733,0.6989853382110596,0.4825216829776764,0.5236257910728455
future100ms,100,100,loco_20170215_02,2,8,0.0006542957248827961,0.33155731448283704,1.2297283371289571,2.5913631916046143,0.2655391991138458,0.7344581484794617,0.4387311637401581,0.5656167268753052
future100ms,100,100,loco_20170215_02,2,9,0.0005890576474687265,0.30359674741643056,1.0597817738850912,1.7022455930709839,0.24973490834236145,0.7502623200416565,0.4461728036403656,0.5596377849578857
future100ms,100,100,loco_20170215_02,2,10,0.000520395509268104,0.2900832990252002,1.1492858290672303,3.4103806018829346,0.23628270626068115,0.7637149095535278,0.42693400382995605,0.5785293579101562
future100ms,100,100,loco_20170215_02,2,11,0.0004500000000000001,0.2756548014426133,1.3049602111180623,3.1606757640838623,0.22183409333229065,0.778164267539978,0.4186021089553833,0.5856685042381287
future100ms,100,100,loco_20170215_02,2,12,0.00037960449073189633,0.26650127981947463,1.0331335663795471,1.7207945585250854,0.21319979429244995,0.7867977619171143,0.4122031331062317,0.5916277170181274
future100ms,100,100,loco_20170215_02,2,13,0.0003109423525312738,0.25563644533802304,1.0957077980041503,2.3106446266174316,0.20407027006149292,0.7959272265434265,0.40510469675064087,0.5983618497848511
future100ms,100,100,loco_20170215_02,2,14,0.00024570427511720405,0.24248002819210793,0.9929980754852294,2.143998622894287,0.1909366101026535,0.8090617656707764,0.3937414884567261,0.6106561422348022
future100ms,100,100,loco_20170215_02,2,15,0.0001854966364683872,0.24600104068045145,0.9565829594930013,1.3250497579574585,0.19722847640514374,0.8027693629264832,0.4028712511062622,0.6009460687637329
future100ms,100,100,loco_20170215_02,2,16,0.00013180194846605368,0.23538556986150297,1.1094462116559347,1.9296144247055054,0.1933584362268448,0.8066394329071045,0.4080679714679718,0.5960383415222168
future100ms,100,100,loco_20170215_02,2,17,8.594235253127372e-05,0.2310058661666931,0.9803885420163473,2.3919427394866943,0.18788419663906097,0.8121141195297241,0.3932430148124695,0.6101861000061035
future100ms,100,100,loco_20170215_02,2,18,4.9047064115234504e-05,0.2276392478957529,0.8018908937772115,1.4681938886642456,0.1836373507976532,0.8163608908653259,0.39075976610183716,0.6127320528030396
future100ms,100,100,loco_20170215_02,2,19,2.2024567667180916e-05,0.22436627350967092,0.7427143295605977,0.9303144216537476,0.18407787382602692,0.8159201145172119,0.3922941982746124,0.6112551689147949
future100ms,100,100,loco_20170215_02,2,20,5.540246732188055e-06,0.2292660576059402,0.9057167251904805,2.1545774936676025,0.18370972573757172,0.8162883520126343,0.39213988184928894,0.6114548444747925
future100ms,100,100,loco_20170215_02,3,1,0.0009,0.962115535052522,1.474113758121218,3.4464714527130127,0.7954084873199463,0.20458367466926575,0.7066611647605896,0.13436323404312134
future100ms,100,100,loco_20170215_02,3,2,0.000894459753267812,0.7443903183349871,1.0241211014134544,1.3967987298965454,0.6114820837974548,0.3885120153427124,0.5765418410301208,0.2660481333732605
future100ms,100,100,loco_20170215_02,3,3,0.0008779754323328191,0.5878284924896802,0.908183080809457,1.422134518623352,0.4932336211204529,0.5067611932754517,0.49026498198509216,0.3566516935825348
future100ms,100,100,loco_20170215_02,3,4,0.0008509529358847655,0.49737804364924704,1.1277297054018294,1.7759531736373901,0.40838098526000977,0.5916146636009216,0.433444619178772,0.4256536662578583
future100ms,100,100,loco_20170215_02,3,5,0.0008140576474687264,0.4174129523932087,1.0183149491037642,1.79076087474823,0.3479689359664917,0.652027428150177,0.40951648354530334,0.45025670528411865
future100ms,100,100,loco_20170215_02,3,6,0.0007681980515339464,0.3882346887956631,1.2553737589291163,1.9474387168884277,0.3956861197948456,0.6043095588684082,0.49705132842063904,0.32692721486091614
future100ms,100,100,loco_20170215_02,3,7,0.0007145033635316129,0.36617329696450357,1.4690579559121812,3.2628586292266846,0.290833055973053,0.7091642618179321,0.3899548053741455,0.47121185064315796
future100ms,100,100,loco_20170215_02,3,8,0.0006542957248827961,0.318764260497837,1.0694726024355208,2.4553937911987305,0.2502220571041107,0.7497750520706177,0.3621305823326111,0.5106425285339355
future100ms,100,100,loco_20170215_02,3,9,0.0005890576474687265,0.29932890512192706,0.9540912636688778,1.2221369743347168,0.2375721037387848,0.7624257206916809,0.35717955231666565,0.5227437019348145
future100ms,100,100,loco_20170215_02,3,10,0.000520395509268104,0.29635244139482214,1.1568287866456168,2.3170084953308105,0.22159075736999512,0.7784072160720825,0.3505583703517914,0.5266447067260742
future100ms,100,100,loco_20170215_02,3,11,0.0004500000000000001,0.27042398317250915,0.899755950484957,1.1706806421279907,0.21348658204078674,0.7865114212036133,0.35233592987060547,0.5260993838310242
future100ms,100,100,loco_20170215_02,3,12,0.00037960449073189633,0.2580165457285124,0.925005738224302,1.3652478456497192,0.20459720492362976,0.7954011559486389,0.35674309730529785,0.5224167108535767
future100ms,100,100,loco_20170215_02,3,13,0.0003109423525312738,0.25039926063649315,0.8836705046040672,2.072317600250244,0.19801563024520874,0.8019827008247375,0.3400774598121643,0.5449531674385071
future100ms,100,100,loco_20170215_02,3,14,0.00024570427511720405,0.2422300350347979,0.8759655058383942,1.152052879333496,0.20244479179382324,0.7975529432296753,0.35953521728515625,0.5132083892822266
future100ms,100,100,loco_20170215_02,3,15,0.0001854966364683872,0.23320617870667923,0.9024116609777723,1.4171069860458374,0.1839102804660797,0.8160873651504517,0.3289838135242462,0.5579421520233154
future100ms,100,100,loco_20170215_02,3,16,0.00013180194846605368,0.2245494455108516,0.7740592871393476,1.1650927066802979,0.18324218690395355,0.8167560696601868,0.3290010988712311,0.5611199140548706
future100ms,100,100,loco_20170215_02,3,17,8.594235253127372e-05,0.22840775736393823,0.8095191504274096,1.0107477903366089,0.17753742635250092,0.8224613666534424,0.325065553188324,0.5625288486480713
future100ms,100,100,loco_20170215_02,3,18,4.9047064115234504e-05,0.22903934335968343,0.8209256189210075,1.08004629611969,0.1773936152458191,0.822604775428772,0.3265429437160492,0.561782717704773
future100ms,100,100,loco_20170215_02,3,19,2.2024567667180916e-05,0.22853587867523317,0.7356742407594409,0.9363508224487305,0.17860759794712067,0.8213903903961182,0.32840171456336975,0.5598859786987305
future100ms,100,100,loco_20170215_02,3,20,5.540246732188055e-06,0.21767809095445176,0.741641457591738,0.9914751052856445,0.1785265952348709,0.8214715719223022,0.3283158242702484,0.5599100589752197
future100ms,100,100,loco_20170215_02,4,1,0.0009,0.9621309641528257,1.4313196659088134,3.9339654445648193,0.7811495661735535,0.21884194016456604,0.9698581695556641,0.15296489000320435
future100ms,100,100,loco_20170215_02,4,2,0.000894459753267812,0.7359180693793771,0.9336737116177877,1.4069833755493164,0.6028054356575012,0.397187739610672,0.7632598876953125,0.3280423581600189
future100ms,100,100,loco_20170215_02,4,3,0.0008779754323328191,0.5888481104834986,1.0391614238421123,2.3432068824768066,0.49107038974761963,0.5089236497879028,0.6480588316917419,0.4251040816307068
future100ms,100,100,loco_20170215_02,4,4,0.0008509529358847655,0.4854504371172126,1.0383429924647014,1.7425997257232666,0.4060001075267792,0.5939965844154358,0.5522254109382629,0.508808434009552
future100ms,100,100,loco_20170215_02,4,5,0.0008140576474687264,0.43059909869812857,1.1895911335945129,1.8523542881011963,0.35763925313949585,0.6423569321632385,0.5324476957321167,0.5265212655067444
future100ms,100,100,loco_20170215_02,4,6,0.0007681980515339464,0.382380804299918,1.1303768436113992,1.6027450561523438,0.2955196499824524,0.7044768333435059,0.4904438555240631,0.5643552541732788
future100ms,100,100,loco_20170215_02,4,7,0.0007145033635316129,0.3491677924770244,1.055205273628235,1.4742783308029175,0.27720439434051514,0.7227929830551147,0.4862212538719177,0.5678796768188477
future100ms,100,100,loco_20170215_02,4,8,0.0006542957248827961,0.3347483142789464,1.2162352085113526,2.3049979209899902,0.26550257205963135,0.7344945669174194,0.46092650294303894,0.5904490351676941
future100ms,100,100,loco_20170215_02,4,9,0.0005890576474687265,0.31054732742946084,1.077297842502594,1.3841519355773926,0.24518023431301117,0.7548178434371948,0.46204498410224915,0.5893596410751343
future100ms,100,100,loco_20170215_02,4,10,0.000520395509268104,0.2864459453911225,1.1346065402030945,2.0563719272613525,0.22977589070796967,0.7702218890190125,0.45463067293167114,0.596383810043335
future100ms,100,100,loco_20170215_02,4,11,0.0004500000000000001,0.2788563446222175,1.0189826846122743,1.8764172792434692,0.21551351249217987,0.7844842076301575,0.446455180644989,0.6033973693847656
future100ms,100,100,loco_20170215_02,4,12,0.00037960449073189633,0.2665752919425124,1.0540449142456054,2.115280866622925,0.2080257534980774,0.7919722199440002,0.4491056203842163,0.6010183095932007
future100ms,100,100,loco_20170215_02,4,13,0.0003109423525312738,0.2587174951242487,0.9852037390073141,1.6717047691345215,0.19965901970863342,0.8003391027450562,0.4480608403682709,0.6019342541694641
future100ms,100,100,loco_20170215_02,4,14,0.00024570427511720405,0.24697108961331046,0.9338637789090475,1.881431221961975,0.19789829850196838,0.8020997047424316,0.4483826458454132,0.60158371925354
future100ms,100,100,loco_20170215_02,4,15,0.0001854966364683872,0.24538022057793737,0.9206600268681844,1.217592716217041,0.18694829940795898,0.81304931640625,0.4419654309749603,0.6072087287902832
future100ms,100,100,loco_20170215_02,4,16,0.00013180194846605368,0.2354434032181041,0.9069010774294536,1.3458054065704346,0.18724845349788666,0.8127498030662537,0.4442535936832428,0.6052480936050415
future100ms,100,100,loco_20170215_02,4,17,8.594235253127372e-05,0.23896658044691432,1.0163572669029235,2.8158202171325684,0.18213671445846558,0.8178611397743225,0.43874046206474304,0.6101335883140564
future100ms,100,100,loco_20170215_02,4,18,4.9047064115234504e-05,0.23855639541219958,0.8810436129570007,1.1845624446868896,0.18489482998847961,0.8151037096977234,0.440682053565979,0.6084361672401428
future100ms,100,100,loco_20170215_02,4,19,2.2024567667180916e-05,0.23211424540507922,0.9102914532025655,1.2743265628814697,0.18295621871948242,0.8170416355133057,0.4392838776111603,0.6096839904785156
future100ms,100,100,loco_20170215_02,4,20,5.540246732188055e-06,0.22714544486915683,0.810072143872579,1.1432058811187744,0.1820552945137024,0.8179428577423096,0.43913260102272034,0.609795331954956
future100ms,100,100,loco_20170215_02,5,1,0.0009,0.9774686543839411,1.4202208558718363,3.201801061630249,0.8047193884849548,0.1952720284461975,0.7490190863609314,0.23447278141975403
future100ms,100,100,loco_20170215_02,5,2,0.000894459753267812,0.748571237623963,0.9099185228347778,1.4121356010437012,0.6107388138771057,0.38925421237945557,0.551572322845459,0.44679901003837585
future100ms,100,100,loco_20170215_02,5,3,0.0008779754323328191,0.5931005840365952,1.1869139353434244,2.7817718982696533,0.49873441457748413,0.5012597441673279,0.47640445828437805,0.5246866941452026
future100ms,100,100,loco_20170215_02,5,4,0.0008509529358847655,0.5027176157667251,1.2182097554206848,1.7648940086364746,0.4169275164604187,0.5830686092376709,0.39797359704971313,0.6016391515731812
future100ms,100,100,loco_20170215_02,5,5,0.0008140576474687264,0.44104323255013017,1.1729742924372355,2.1422579288482666,0.3551391661167145,0.6448585391044617,0.3684035539627075,0.6316450834274292
future100ms,100,100,loco_20170215_02,5,6,0.0007681980515339464,0.3912621895411874,1.1474068323771158,2.3593711853027344,0.31779593229293823,0.6822009682655334,0.36221030354499817,0.6344299912452698
future100ms,100,100,loco_20170215_02,5,7,0.0007145033635316129,0.3662461931849192,1.038772996266683,1.5872629880905151,0.2951948344707489,0.7048015594482422,0.3444784879684448,0.6551264524459839
future100ms,100,100,loco_20170215_02,5,8,0.0006542957248827961,0.34522607842007197,1.087834930419922,1.7157313823699951,0.27371662855148315,0.7262805700302124,0.31998249888420105,0.6749415397644043
future100ms,100,100,loco_20170215_02,5,9,0.0005890576474687265,0.31800826585767045,1.1808344761530558,1.7202322483062744,0.25279340147972107,0.7472039461135864,0.3193274140357971,0.6793899536132812
future100ms,100,100,loco_20170215_02,5,10,0.000520395509268104,0.29064134144236387,1.14119948943456,2.098600387573242,0.24746035039424896,0.7525374889373779,0.3401416838169098,0.6532763242721558
future100ms,100,100,loco_20170215_02,5,11,0.0004500000000000001,0.2891430707197583,1.027595547835032,1.3928166627883911,0.22519712150096893,0.7748004198074341,0.3050764799118042,0.6933804750442505
future100ms,100,100,loco_20170215_02,5,12,0.00037960449073189633,0.27678796681197915,1.0277924021085103,2.582428455352783,0.2129659801721573,0.787031888961792,0.2966891825199127,0.7006306052207947
future100ms,100,100,loco_20170215_02,5,13,0.0003109423525312738,0.25878362685595824,0.9574230988820394,1.3179259300231934,0.20092730224132538,0.7990709543228149,0.28929978609085083,0.7087053060531616
future100ms,100,100,loco_20170215_02,5,14,0.00024570427511720405,0.25151988560401156,0.9147902468840281,1.385513424873352,0.20652389526367188,0.7934736013412476,0.30637413263320923,0.6887272000312805
future100ms,100,100,loco_20170215_02,5,15,0.0001854966364683872,0.24951474890045,0.9788299997647604,1.7132833003997803,0.19343526661396027,0.8065629005432129,0.28384023904800415,0.7135933637619019
future100ms,100,100,loco_20170215_02,5,16,0.00013180194846605368,0.23863786613637106,0.9169254223505656,1.5177547931671143,0.19338591396808624,0.8066121339797974,0.29683932662010193,0.7008315324783325
future100ms,100,100,loco_20170215_02,5,17,8.594235253127372e-05,0.23789898954985753,1.0398660540580749,2.9288394451141357,0.18761251866817474,0.8123860955238342,0.2872108221054077,0.7097960114479065
future100ms,100,100,loco_20170215_02,5,18,4.9047064115234504e-05,0.23767808511323782,0.8681948224703471,1.2790275812149048,0.18947160243988037,0.8105262517929077,0.2914513647556305,0.7053285241127014
future100ms,100,100,loco_20170215_02,5,19,2.2024567667180916e-05,0.24068788420799253,0.9115248600641886,2.285585641860962,0.18804703652858734,0.8119513988494873,0.2899024188518524,0.7070391774177551
future100ms,100,100,loco_20170215_02,5,20,5.540246732188055e-06,0.23096543912771006,0.8463865399360657,1.624869704246521,0.18738238513469696,0.8126153945922852,0.2892637550830841,0.707664966583252
future100ms,100,100,loco_20170301_05,1,1,0.0009,0.9087599245869227,1.309177609284719,3.2233145236968994,0.6987568140029907,0.30123645067214966,0.60795658826828,0.3034599721431732
future100ms,100,100,loco_20170301_05,1,2,0.000894459753267812,0.6677090336879735,1.0862758994102477,1.5146209001541138,0.5313519239425659,0.4686422049999237,0.49500375986099243,0.4302292466163635
future100ms,100,100,loco_20170301_05,1,3,0.0008779754323328191,0.5217723701663829,1.1751572569211324,2.0415213108062744,0.40926265716552734,0.5907326936721802,0.39581793546676636,0.5417027473449707
future100ms,100,100,loco_20170301_05,1,4,0.0008509529358847655,0.4137292845924944,1.0230597774187724,1.6837815046310425,0.3099934160709381,0.6900039911270142,0.34453004598617554,0.59925377368927
future100ms,100,100,loco_20170301_05,1,5,0.0008140576474687264,0.351573083229823,1.1548708041508993,1.5371626615524292,0.26836472749710083,0.731633186340332,0.32988008856773376,0.6176172494888306
future100ms,100,100,loco_20170301_05,1,6,0.0007681980515339464,0.31537145237759917,1.259949306646983,1.7098032236099243,0.24715667963027954,0.7528412342071533,0.3100815713405609,0.6412758827209473
future100ms,100,100,loco_20170301_05,1,7,0.0007145033635316129,0.26890482619924927,0.9923605839411418,1.5872275829315186,0.2190588116645813,0.7809392809867859,0.3004060685634613,0.6514461040496826
future100ms,100,100,loco_20170301_05,1,8,0.0006542957248827961,0.25596723890268414,1.1145350098609925,1.6385034322738647,0.21534013748168945,0.7846578359603882,0.2992713153362274,0.6557454466819763
future100ms,100,100,loco_20170301_05,1,9,0.0005890576474687265,0.24382587180240545,1.1848352471987407,1.9017362594604492,0.19907231628894806,0.8009259104728699,0.3089149594306946,0.6434916257858276
future100ms,100,100,loco_20170301_05,1,10,0.000520395509268104,0.23463129020827886,1.112675678730011,1.7352591753005981,0.17093485593795776,0.8290632963180542,0.2807326018810272,0.6763486862182617
future100ms,100,100,loco_20170301_05,1,11,0.0004500000000000001,0.21567743747063134,0.9905818541844685,1.3853013515472412,0.1625225692987442,0.8374758958816528,0.2782232165336609,0.6794098019599915
future100ms,100,100,loco_20170301_05,1,12,0.00037960449073189633,0.20731848133357159,0.7874966541926066,0.9886725544929504,0.155409038066864,0.8445895314216614,0.27199825644493103,0.686060905456543
future100ms,100,100,loco_20170301_05,1,13,0.0003109423525312738,0.1991065781407529,0.8085200190544128,1.154463291168213,0.15134891867637634,0.8486500978469849,0.27569475769996643,0.6821975111961365
future100ms,100,100,loco_20170301_05,1,14,0.00024570427511720405,0.190629515700036,0.7387213309605917,0.8958626985549927,0.1463536024093628,0.8536449670791626,0.2712382972240448,0.6863816976547241
future100ms,100,100,loco_20170301_05,1,15,0.0001854966364683872,0.19411280834487935,0.7968660314877828,1.0712425708770752,0.14543353021144867,0.8545650243759155,0.2749824821949005,0.682956337928772
future100ms,100,100,loco_20170301_05,1,16,0.00013180194846605368,0.1892052541179683,0.803788975874583,1.1125093698501587,0.14536137878894806,0.8546371459960938,0.27809348702430725,0.6792081594467163
future100ms,100,100,loco_20170301_05,1,17,8.594235253127372e-05,0.18262091484486853,0.7231352587540945,1.0737980604171753,0.14048448204994202,0.8595139980316162,0.2684074938297272,0.6905298233032227
future100ms,100,100,loco_20170301_05,1,18,4.9047064115234504e-05,0.1824831278299207,0.7619231899579366,1.163222074508667,0.14387375116348267,0.8561248779296875,0.2795248329639435,0.6779580116271973
future100ms,100,100,loco_20170301_05,1,19,2.2024567667180916e-05,0.1826242466662513,0.7475756088892619,1.0390928983688354,0.1410869061946869,0.8589118719100952,0.27356454730033875,0.6844202876091003
future100ms,100,100,loco_20170301_05,1,20,5.540246732188055e-06,0.1773900495284111,0.6887313505013783,0.8597676753997803,0.14047527313232422,0.8595234155654907,0.272255539894104,0.6858770251274109
future100ms,100,100,loco_20170301_05,2,1,0.0009,0.9463902198903852,1.4971121946970622,3.476099729537964,0.7224844098091125,0.27750834822654724,0.8333380222320557,0.24777841567993164
future100ms,100,100,loco_20170301_05,2,2,0.000894459753267812,0.667172557908854,1.056900672117869,1.2841798067092896,0.5309651494026184,0.4690288305282593,0.665558934211731,0.38331398367881775
future100ms,100,100,loco_20170301_05,2,3,0.0008779754323328191,0.5347452081935165,1.0558265328407288,1.6760529279708862,0.4136810600757599,0.5863146781921387,0.5417640209197998,0.4963933229446411
future100ms,100,100,loco_20170301_05,2,4,0.0008509529358847655,0.41747038500749134,1.037606139977773,1.5332896709442139,0.31334376335144043,0.6866527795791626,0.4469580352306366,0.5800390243530273
future100ms,100,100,loco_20170301_05,2,5,0.0008140576474687264,0.34424070785164773,1.1834201256434123,1.6675326824188232,0.2555946707725525,0.7444025874137878,0.3721279501914978,0.6497071981430054
future100ms,100,100,loco_20170301_05,2,6,0.0007681980515339464,0.29980118516239146,1.2118501742680867,1.515384316444397,0.23907281458377838,0.7609248161315918,0.3551265299320221,0.6660705804824829
future100ms,100,100,loco_20170301_05,2,7,0.0007145033635316129,0.27464967828056364,1.0883568167686462,1.709451675415039,0.20591837167739868,0.7940800189971924,0.3137713074684143,0.7051505446434021
future100ms,100,100,loco_20170301_05,2,8,0.0006542957248827961,0.25092555176110637,1.040060567855835,1.387744426727295,0.20429205894470215,0.7957061529159546,0.30441898107528687,0.7145135998725891
future100ms,100,100,loco_20170301_05,2,9,0.0005890576474687265,0.23126235505410941,0.9777047276496887,1.5014252662658691,0.18332429230213165,0.8166738748550415,0.2874123156070709,0.729069709777832
future100ms,100,100,loco_20170301_05,2,10,0.000520395509268104,0.22679088798706695,0.9941642800966899,1.4422658681869507,0.17404012382030487,0.8259584903717041,0.2831634283065796,0.7356019616127014
future100ms,100,100,loco_20170301_05,2,11,0.0004500000000000001,0.21315285989886412,0.9188789864381154,1.3635058403015137,0.16799390316009521,0.8320044875144958,0.27417197823524475,0.7431605458259583
future100ms,100,100,loco_20170301_05,2,12,0.00037960449073189633,0.21438713988360067,0.9620614926020304,1.387290358543396,0.1747877150774002,0.8252107501029968,0.2896585762500763,0.7304728627204895
future100ms,100,100,loco_20170301_05,2,13,0.0003109423525312738,0.19779380855034703,0.8913124322891235,1.293182134628296,0.1529688686132431,0.8470302224159241,0.2767745852470398,0.740591287612915
future100ms,100,100,loco_20170301_05,2,14,0.00024570427511720405,0.19607836567631176,0.8520805875460307,1.1406049728393555,0.14298853278160095,0.8570101857185364,0.26933741569519043,0.7486169934272766
future100ms,100,100,loco_20170301_05,2,15,0.0001854966364683872,0.18922322501695474,0.837129275004069,1.1962239742279053,0.14234338700771332,0.8576550483703613,0.26774078607559204,0.7499557733535767
future100ms,100,100,loco_20170301_05,2,16,0.00013180194846605368,0.19126656388084787,0.819297993183136,1.266345739364624,0.1448003351688385,0.855198323726654,0.2696211338043213,0.7468844652175903
future100ms,100,100,loco_20170301_05,2,17,8.594235253127372e-05,0.18320118969560956,0.8398414293924967,1.500078797340393,0.13844341039657593,0.8615550994873047,0.2659949064254761,0.751299262046814
future100ms,100,100,loco_20170301_05,2,18,4.9047064115234504e-05,0.17854956469430616,0.7526060144106547,1.2038882970809937,0.1412266343832016,0.8587718605995178,0.26550838351249695,0.7516064643859863
future100ms,100,100,loco_20170301_05,2,19,2.2024567667180916e-05,0.1838615758407704,0.7735407829284668,1.1944000720977783,0.13793118298053741,0.8620675206184387,0.2638678252696991,0.7529211044311523
future100ms,100,100,loco_20170301_05,2,20,5.540246732188055e-06,0.17768248225555575,0.7507716457049052,1.3593627214431763,0.1372106820344925,0.8627880215644836,0.2633962631225586,0.7532894611358643
future100ms,100,100,loco_20170301_05,3,1,0.0009,0.9317692266780159,1.2560134768486022,2.562788963317871,0.7156807780265808,0.2843116521835327,0.8001725077629089,0.2809332311153412
future100ms,100,100,loco_20170301_05,3,2,0.000894459753267812,0.6794124637861305,1.0751584053039551,2.1928465366363525,0.5331925749778748,0.4668024778366089,0.5930407047271729,0.46805891394615173
future100ms,100,100,loco_20170301_05,3,3,0.0008779754323328191,0.5198299968447742,0.9701312740643819,1.2395296096801758,0.4001053273677826,0.5998901724815369,0.47332242131233215,0.5755670070648193
future100ms,100,100,loco_20170301_05,3,4,0.0008509529358847655,0.40842217278584997,1.1589371720949808,1.6800857782363892,0.3122202157974243,0.687776505947113,0.3849705457687378,0.6550590991973877
future100ms,100,100,loco_20170301_05,3,5,0.0008140576474687264,0.3529111355287727,1.294734537601471,1.963914394378662,0.2789401710033417,0.7210571765899658,0.3912406265735626,0.6488006114959717
future100ms,100,100,loco_20170301_05,3,6,0.0007681980515339464,0.3103788588365272,1.0132506291071575,1.4738082885742188,0.2447529435157776,0.7552448511123657,0.37485426664352417,0.6637381315231323
future100ms,100,100,loco_20170301_05,3,7,0.0007145033635316129,0.28583847367008425,0.9608472307523092,1.2117087841033936,0.20989128947257996,0.7901063561439514,0.34116417169570923,0.6940631866455078
future100ms,100,100,loco_20170301_05,3,8,0.0006542957248827961,0.25251170944841844,0.9454536318778992,1.346978783607483,0.19914446771144867,0.8008534908294678,0.33434924483299255,0.7003048658370972
future100ms,100,100,loco_20170301_05,3,9,0.0005890576474687265,0.2452422648099858,0.9831671039263408,1.4417240619659424,0.18185782432556152,0.8181402683258057,0.32010433077812195,0.7132014036178589
future100ms,100,100,loco_20170301_05,3,10,0.000520395509268104,0.22986078908343746,0.8763980547587077,1.3559261560440063,0.1808001846075058,0.8191978335380554,0.3311730623245239,0.7028397917747498
future100ms,100,100,loco_20170301_05,3,11,0.0004500000000000001,0.21718397788399543,0.9048250595728556,1.3671178817749023,0.16991068422794342,0.8300877809524536,0.3107527196407318,0.7212700247764587
future100ms,100,100,loco_20170301_05,3,12,0.00037960449073189633,0.20456102615441618,0.8252350409825643,1.137136697769165,0.15941961109638214,0.8405786752700806,0.31290769577026367,0.719538688659668
future100ms,100,100,loco_20170301_05,3,13,0.0003109423525312738,0.20572431921110118,0.9608822941780091,1.1917364597320557,0.16303148865699768,0.836966872215271,0.3208770751953125,0.7119672298431396
future100ms,100,100,loco_20170301_05,3,14,0.00024570427511720405,0.19969325399009352,0.8968074758847554,1.8927099704742432,0.15131090581417084,0.8486874103546143,0.3077375888824463,0.7244962453842163
future100ms,100,100,loco_20170301_05,3,15,0.0001854966364683872,0.19197797916992337,0.8628169616063436,1.1440815925598145,0.15006224811077118,0.8499363660812378,0.31228089332580566,0.7200270891189575
future100ms,100,100,loco_20170301_05,3,16,0.00013180194846605368,0.18707193242968936,0.7600002964337667,0.966581404209137,0.1463039070367813,0.8536949753761292,0.30615946650505066,0.7255818843841553
future100ms,100,100,loco_20170301_05,3,17,8.594235253127372e-05,0.18286726935402667,0.7393068710962931,1.1633330583572388,0.14505895972251892,0.8549395799636841,0.3073403239250183,0.7245621681213379
future100ms,100,100,loco_20170301_05,3,18,4.9047064115234504e-05,0.18658134552385322,0.7378140489260355,1.0779893398284912,0.14255553483963013,0.85744309425354,0.3062295615673065,0.7255369424819946
future100ms,100,100,loco_20170301_05,3,19,2.2024567667180916e-05,0.18594965520374585,0.7036906878153483,0.97538161277771,0.1410433053970337,0.8589555025100708,0.3017955422401428,0.729537844657898
future100ms,100,100,loco_20170301_05,3,20,5.540246732188055e-06,0.18617008841639213,0.7236765623092651,1.0810798406600952,0.1412922888994217,0.8587064743041992,0.3024752736091614,0.7289088368415833
future100ms,100,100,loco_20170301_05,4,1,0.0009,0.9148340970639869,1.2525307019551595,3.1549320220947266,0.7006105780601501,0.2993834316730499,0.7919261455535889,0.23759475350379944
future100ms,100,100,loco_20170301_05,4,2,0.000894459753267812,0.6680772629039086,1.1612427671750387,1.9287139177322388,0.5463860034942627,0.45360803604125977,0.6354461312294006,0.3975519835948944
future100ms,100,100,loco_20170301_05,4,3,0.0008779754323328191,0.5221594486028639,1.2058469692866007,1.7845807075500488,0.4095619320869446,0.5904343128204346,0.5083220601081848,0.5240588784217834
future100ms,100,100,loco_20170301_05,4,4,0.0008509529358847655,0.4135566301462318,1.1603538632392882,2.5766358375549316,0.3182271420955658,0.6817692518234253,0.42077645659446716,0.6033963561058044
future100ms,100,100,loco_20170301_05,4,5,0.0008140576474687264,0.3453722118669825,1.1450356721878052,1.841182827949524,0.2701711654663086,0.7298264503479004,0.3796762228012085,0.6402844190597534
future100ms,100,100,loco_20170301_05,4,6,0.0007681980515339464,0.3170687754032311,1.1934849460919699,1.6285346746444702,0.23636141419410706,0.7636361122131348,0.36483895778656006,0.6554641127586365
future100ms,100,100,loco_20170301_05,4,7,0.0007145033635316129,0.27475875468402683,1.0526774485905965,1.5650804042816162,0.2091665267944336,0.7908315658569336,0.3306138515472412,0.6892825961112976
future100ms,100,100,loco_20170301_05,4,8,0.0006542957248827961,0.2546954169833215,1.0575074911117555,1.824699878692627,0.2130414843559265,0.7869566679000854,0.3302907347679138,0.6861406564712524
future100ms,100,100,loco_20170301_05,4,9,0.0005890576474687265,0.24349729483772845,1.1081104318300883,1.7159438133239746,0.20331525802612305,0.7966830730438232,0.325099378824234,0.6890636682510376
future100ms,100,100,loco_20170301_05,4,10,0.000520395509268104,0.23231667656371463,1.1270076235135396,2.186969518661499,0.17340222001075745,0.8265961408615112,0.3199177384376526,0.695791482925415
future100ms,100,100,loco_20170301_05,4,11,0.0004500000000000001,0.22076706600794377,1.0687702576319376,1.992262601852417,0.17951318621635437,0.8204846382141113,0.30274295806884766,0.7124831676483154
future100ms,100,100,loco_20170301_05,4,12,0.00037960449073189633,0.2075389199261751,0.8655959765116373,1.334346890449524,0.1612587869167328,0.8387397527694702,0.3023371994495392,0.7144163250923157
future100ms,100,100,loco_20170301_05,4,13,0.0003109423525312738,0.20948327958501628,0.8264750878016154,1.3973021507263184,0.15497498214244843,0.845023512840271,0.2938177287578583,0.7217957973480225
future100ms,100,100,loco_20170301_05,4,14,0.00024570427511720405,0.19523189945274028,0.8123114585876465,1.2278087139129639,0.15221010148525238,0.8477883338928223,0.29533419013023376,0.7202759981155396
future100ms,100,100,loco_20170301_05,4,15,0.0001854966364683872,0.19250714920601608,0.8280007521311442,1.2772895097732544,0.1491079479455948,0.8508908748626709,0.28329697251319885,0.731340765953064
future100ms,100,100,loco_20170301_05,4,16,0.00013180194846605368,0.189641745703911,0.750541486342748,1.1064854860305786,0.1455986648797989,0.8544000387191772,0.28433987498283386,0.7302235960960388
future100ms,100,100,loco_20170301_05,4,17,8.594235253127372e-05,0.191215282023137,0.856663703918457,1.3341317176818848,0.14718563854694366,0.8528131246566772,0.27919381856918335,0.7343880534172058
future100ms,100,100,loco_20170301_05,4,18,4.9047064115234504e-05,0.1912012518004171,0.8032605449358622,1.0287119150161743,0.14363037049770355,0.8563684225082397,0.2795545160770416,0.7347152829170227
future100ms,100,100,loco_20170301_05,4,19,2.2024567667180916e-05,0.18938238481150801,0.7535203615824382,1.133959412574768,0.14189395308494568,0.8581048250198364,0.28295382857322693,0.7321481704711914
future100ms,100,100,loco_20170301_05,4,20,5.540246732188055e-06,0.187598134609666,0.8374349276224772,1.8228330612182617,0.14211344718933105,0.8578851222991943,0.28195062279701233,0.7329145669937134
future100ms,100,100,loco_20170301_05,5,1,0.0009,0.9216687945345038,1.2250589291254679,3.088216543197632,0.7082938551902771,0.29169902205467224,0.6420474052429199,0.24385428428649902
future100ms,100,100,loco_20170301_05,5,2,0.000894459753267812,0.6647154417648866,0.9863106330235799,1.4490134716033936,0.5214697122573853,0.47852596640586853,0.5118806958198547,0.39461976289749146
future100ms,100,100,loco_20170301_05,5,3,0.0008779754323328191,0.49951808364204414,1.012402097384135,1.5418117046356201,0.41258642077445984,0.5874091386795044,0.43043509125709534,0.49050045013427734
future100ms,100,100,loco_20170301_05,5,4,0.0008509529358847655,0.40834606471143203,1.1872108936309815,1.8718743324279785,0.30616867542266846,0.6938282251358032,0.34533190727233887,0.5908651351928711
future100ms,100,100,loco_20170301_05,5,5,0.0008140576474687264,0.34370592094713287,1.141271718343099,1.4326090812683105,0.27521100640296936,0.7247861623764038,0.3277859687805176,0.6114637851715088
future100ms,100,100,loco_20170301_05,5,6,0.0007681980515339464,0.29617758083784934,0.9692456404368083,1.2953553199768066,0.23027049005031586,0.7697270512580872,0.30383142828941345,0.6396987438201904
future100ms,100,100,loco_20170301_05,5,7,0.0007145033635316129,0.26673408619750316,1.0257676561673483,1.9406315088272095,0.20601236820220947,0.7939856052398682,0.2868473529815674,0.6595436334609985
future100ms,100,100,loco_20170301_05,5,8,0.0006542957248827961,0.2500921385611748,0.9576303601264954,1.3791223764419556,0.1917603760957718,0.8082380294799805,0.26885220408439636,0.6809159517288208
future100ms,100,100,loco_20170301_05,5,9,0.0005890576474687265,0.23130026431815126,0.9075580596923828,1.5387029647827148,0.18212853372097015,0.8178697824478149,0.27108222246170044,0.6782196760177612
future100ms,100,100,loco_20170301_05,5,10,0.000520395509268104,0.22232874875922354,0.9776175101598104,1.3853377103805542,0.1913064867258072,0.8086918592453003,0.2814900875091553,0.6663469076156616
future100ms,100,100,loco_20170301_05,5,11,0.0004500000000000001,0.21565310619981296,1.1044257958730062,1.9760217666625977,0.17699846625328064,0.8230002522468567,0.2762066423892975,0.672113299369812
future100ms,100,100,loco_20170301_05,5,12,0.00037960449073189633,0.2022928621887875,0.9105468273162842,1.2399344444274902,0.14794299006462097,0.8520554304122925,0.24320197105407715,0.711237907409668
future100ms,100,100,loco_20170301_05,5,13,0.0003109423525312738,0.19540169775281482,0.8696444869041443,1.2910709381103516,0.1462995707988739,0.8536992073059082,0.23845893144607544,0.7168259620666504
future100ms,100,100,loco_20170301_05,5,14,0.00024570427511720405,0.19174435382646565,0.8252746264139811,1.1459732055664062,0.14974752068519592,0.850251317024231,0.24411797523498535,0.7101298570632935
future100ms,100,100,loco_20170301_05,5,15,0.0001854966364683872,0.18780047118262488,0.8174011508623759,1.5354188680648804,0.14026227593421936,0.8597366809844971,0.23394617438316345,0.7221680879592896
future100ms,100,100,loco_20170301_05,5,16,0.00013180194846605368,0.18244930114755045,0.7471691727638244,1.0584826469421387,0.1434926688671112,0.85650634765625,0.2344565987586975,0.7216684818267822
future100ms,100,100,loco_20170301_05,5,17,8.594235253127372e-05,0.17529077508047947,0.7135203818480174,0.9682260155677795,0.14258980751037598,0.8574090003967285,0.2326289415359497,0.7238554954528809
future100ms,100,100,loco_20170301_05,5,18,4.9047064115234504e-05,0.18025264991497372,0.721403028567632,1.2361360788345337,0.1389157921075821,0.8610830903053284,0.23189419507980347,0.7246197462081909
future100ms,100,100,loco_20170301_05,5,19,2.2024567667180916e-05,0.18001574853878544,0.7009195367495219,0.8259451389312744,0.1383766382932663,0.8616223335266113,0.23172086477279663,0.7248132228851318
future100ms,100,100,loco_20170301_05,5,20,5.540246732188055e-06,0.17580382279159876,0.7469191233317057,1.1721457242965698,0.13859598338603973,0.8614028096199036,0.23179253935813904,0.7247443199157715
