c,seed,source_index,true_label,predicted_label,score
1.0,42,0,0,1,2.5374528638389258
1.0,42,1,1,0,-2.494409196911542
1.0,42,2,0,0,-0.5154504546948533
1.0,42,3,1,0,-0.4776334611893367
1.0,42,4,0,0,-3.064069910368961
1.0,42,5,1,0,-1.5902462442970733
1.0,42,6,0,0,-1.9229836348009863
1.0,42,7,1,0,-1.3816495859588362
1.0,42,8,0,1,1.5630810363562149
1.0,42,9,0,0,-1.5848446295999614
1.0,42,10,1,0,-4.2310152296169505
1.0,42,11,1,1,1.855420093890434
1.0,42,12,0,0,-0.3477938049146595
1.0,42,13,0,0,-6.6493884612350005
1.0,42,14,1,0,-1.0938673339155511
1.0,42,15,1,1,0.4976926156194045
1.0,42,16,1,0,-1.1271072501520023
1.0,42,17,0,0,-4.994992389901077
1.0,42,18,0,1,0.6899038273590476
1.0,42,19,1,1,1.2157378925564697
1.0,42,20,0,0,-2.500666607850958
1.0,42,21,0,0,-5.306899726176557
1.0,42,22,1,1,3.6622451369348297
1.0,42,23,0,0,-0.6658858482735752
1.0,42,24,1,1,0.22393449789970424
1.0,42,25,0,1,0.3590263261491462
1.0,42,26,0,1,1.0370105869694917
1.0,42,27,0,0,-1.255544628155468
1.0,42,28,0,0,-2.162376146296005
1.0,42,29,0,1,3.5091582395468905
1.0,42,30,0,1,3.193415281107557
1.0,42,31,0,0,-4.233557082782828
1.0,42,32,1,1,2.2323079182431234
1.0,42,33,1,1,1.7020731769251705
1.0,42,34,1,1,0.6577087017508875
1.0,42,35,1,0,-2.3125536604881307
1.0,42,36,1,1,0.5271286471531285
1.0,42,37,1,0,-4.280260197210663
1.0,42,38,0,0,-0.3175137980859127
1.0,42,39,1,0,-1.3664629970316993
1.0,42,40,0,1,1.3592335232473998
1.0,42,41,1,0,-0.3912869032221153
1.0,42,42,0,0,-2.6396929465977097
1.0,42,43,0,0,-6.0202601554557225
1.0,42,44,1,1,1.9246278311590683
1.0,42,45,0,0,-0.07542385352833175
1.0,42,46,1,0,-1.6013358962791042
1.0,42,47,1,1,1.3634918176027284
1.0,42,48,0,0,-5.500358219982477
1.0,42,49,1,0,-3.005039780982385
1.0,42,50,1,1,2.5525084014619304
1.0,42,51,0,1,1.3456797246686372
1.0,42,52,0,1,1.0094508860500828
1.0,42,53,1,0,-0.46219147499295243
1.0,42,54,0,0,-1.0676947718804846
1.0,42,55,0,0,-3.5808046717531576
1.0,42,56,1,1,2.1454134838237837
1.0,42,57,0,1,1.1500826933442017
1.0,42,58,1,1,0.6682201894776503
1.0,42,59,0,0,-1.935412139349891
1.0,42,60,1,0,-2.566361086200659
1.0,42,61,0,1,3.0778689272366138
1.0,42,62,0,0,-0.32930912386246586
1.0,42,63,1,0,-0.25472131258749753
1.0,42,64,0,0,-1.1141043772707542
1.0,42,65,0,1,2.8106318601272733
1.0,42,66,0,0,-0.46798862175186773
1.0,42,67,0,1,0.9487459993997744
1.0,42,68,0,1,0.5297003049651157
1.0,42,69,1,0,-0.7000310674872782
1.0,42,70,0,0,-0.7573073626801737
1.0,42,71,1,0,-0.2567068177877575
1.0,42,72,0,1,2.041141142224547
1.0,42,73,0,1,0.3694667958611383
1.0,42,74,0,1,0.976103434930369
1.0,42,75,0,0,-1.9613605799367444
1.0,42,76,0,0,-0.37901015724672027
1.0,42,77,1,0,-0.38174662430610573
1.0,42,78,1,0,-0.9343348048321123
1.0,42,79,1,0,-1.7378856715548079
1.0,42,80,0,1,3.5106701209661075
1.0,42,81,1,1,0.10939393548220586
1.0,42,82,0,0,-0.10538483110749958
1.0,42,83,1,1,0.1926308365896704
1.0,42,84,1,0,-1.038025983749884
1.0,42,85,1,0,-0.03668364317984088
1.0,42,86,1,1,0.5387902525972217
1.0,42,87,1,0,-0.2947539508604048
1.0,42,88,1,1,1.8118522072141876
1.0,42,89,1,1,0.6532204641738676
1.0,42,90,1,1,1.5201515069571039
1.0,42,91,1,1,0.4092647625849286
1.0,42,92,0,0,-0.6268638069303024
1.0,42,93,0,0,-1.7805024158048615
1.0,42,94,0,1,1.664977950972836
1.0,42,95,0,0,-0.8578986536457913
1.0,42,96,1,0,-2.095047471648315
1.0,42,97,1,0,-2.0741122284571047
1.0,42,98,1,1,0.30759966167095826
1.0,42,99,0,1,2.2852202168587925
1.0,42,100,1,1,1.0261424331804445
1.0,42,101,1,1,0.5295010389465259
1.0,42,102,1,0,-0.9248898276711901
1.0,42,103,0,0,-1.9994268780478985
1.0,42,104,1,1,0.18438641565905245
1.0,42,105,0,0,-0.4624951949479088
1.0,42,106,1,1,1.087076264737877
1.0,42,107,1,1,1.0347028339069335
1.0,42,108,1,0,-0.7744994788498368
1.0,42,109,0,0,-0.2972027276454469
1.0,42,110,1,1,1.389528589352311
1.0,42,111,0,1,0.14722307321505898
1.0,42,112,1,1,0.9491191040412317
1.0,42,113,0,0,-4.198898495268496
1.0,42,114,0,0,-1.7270110082791563
1.0,42,115,0,1,0.9192616066111462
1.0,42,116,1,1,2.882854099539259
1.0,42,117,0,0,-6.971944179749805
1.0,42,118,0,1,0.5551217087906491
1.0,42,119,1,1,1.3204619447143873
1.0,42,120,1,1,2.775392601228247
1.0,42,121,1,1,2.0993531755053816
1.0,42,122,1,1,0.7413636590895292
1.0,42,123,0,0,-2.714111850690109
1.0,42,124,1,0,-1.5640132040659183
1.0,42,125,1,1,0.5032162745262042
1.0,42,126,0,1,0.8942956158576423
1.0,42,127,0,1,1.8520998055923787
1.0,42,128,1,1,0.3077006945204131
1.0,42,129,1,1,1.7407212318593723
1.0,42,130,1,1,1.2266193370526388
1.0,42,131,1,1,0.6315631525704234
1.0,42,132,1,1,4.179790408445067
1.0,42,133,0,1,1.468325018262317
1.0,42,134,0,1,2.4567634573885893
1.0,42,135,0,0,-6.904836860856208
1.0,42,136,0,0,-3.245890436770149
1.0,42,137,1,1,2.3810962740855413
1.0,42,138,1,1,3.550579694192882
1.0,42,139,0,0,-1.7665068777453674
1.0,42,140,1,1,1.0617053438610125
1.0,42,141,1,0,-1.1417276701207393
1.0,42,142,1,1,1.5779391871314976
1.0,42,143,1,1,3.6994163388033425
1.0,42,144,1,1,0.9777716810037363
1.0,42,145,1,1,2.378711394404309
1.0,42,146,1,1,2.106017576111588
1.0,42,147,0,1,2.039851683131611
1.0,42,148,0,0,-1.379869284899533
1.0,42,149,0,0,-4.615426010469625
1.0,42,150,1,1,1.6891662925743975
1.0,42,151,1,0,-0.48693040560089496
1.0,42,152,0,0,-1.9523968804941538
1.0,42,153,0,1,0.09423941847052184
1.0,42,154,1,1,0.3830199361670751
1.0,42,155,1,1,0.18283348311038763
1.0,42,156,0,0,-3.0898378814434886
1.0,42,157,0,1,1.6378205513693218
1.0,42,158,0,0,-4.140569892796097
1.0,42,159,0,0,-0.7276159578923741
1.0,42,160,0,1,2.080259378095053
1.0,42,161,1,1,5.673772340668375
1.0,42,162,1,0,-2.1255456016049665
1.0,42,163,1,1,0.884644472945062
1.0,42,164,1,1,2.115953764169836
1.0,42,165,1,1,0.04762974875552439
1.0,42,166,1,0,-1.0452057932015613
1.0,42,167,0,0,-4.018486835830949
1.0,42,168,1,1,3.0979946637457827
1.0,42,169,0,1,0.4590369426884793
1.0,42,170,1,1,1.2083175125114092
1.0,42,171,1,0,-2.7852704486801523
1.0,42,172,0,0,-1.9057432195252422
1.0,42,173,1,1,2.492465987488593
1.0,42,174,0,0,-5.70949328560609
1.0,42,175,0,1,0.5404197167295901
1.0,42,176,1,1,1.054123465854432
1.0,42,177,1,1,1.9516304265618003
1.0,42,178,1,1,2.062581443350129
1.0,42,179,0,0,-4.671920366278363
1.0,42,180,0,0,-2.398946378358333
1.0,42,181,1,1,8.214436849563139
1.0,42,182,0,0,-0.9964035440795707
1.0,42,183,0,0,-1.7787891232122255
1.0,42,184,0,0,-0.5853456532262172
1.0,42,185,0,0,-1.7440561517796427
1.0,42,186,0,0,-0.44833716056609807
1.0,42,187,1,1,0.0059519810905588055
1.0,42,188,1,1,1.071341965734296
1.0,42,189,0,0,-0.23939752511680312
1.0,42,190,0,1,5.82581698598566
1.0,42,191,0,1,1.3147948140340155
1.0,42,192,0,0,-1.1094942502683667
1.0,42,193,1,1,0.3020950086795234
1.0,42,194,0,0,-2.6696680946532605
1.0,42,195,0,0,-1.8047875457344973
1.0,42,196,0,1,1.3764596237192968
1.0,42,197,1,1,0.9552477363675328
1.0,42,198,0,0,-4.284987891391679
1.0,42,199,0,1,0.180729707742161
1.0,42,200,1,1,0.7951758551799077
1.0,42,201,0,0,-4.226961907752822
1.0,42,202,0,0,-0.5691609844431971
1.0,42,203,0,0,-3.5833459161412784
1.0,42,204,1,1,1.2128065386546234
1.0,42,205,1,0,-1.9734534876319418
1.0,42,206,1,0,-0.8134499202424647
1.0,42,207,0,1,0.6166574465056331
1.0,42,208,0,1,1.2528224495414206
1.0,42,209,0,0,-0.17640983031955673
1.0,42,210,1,1,0.13609754002911537
1.0,42,211,1,0,-1.0477666380904598
1.0,42,212,1,1,0.9973876413681071
1.0,42,213,0,1,1.5553476951428127
1.0,42,214,0,0,-8.616044265147984
1.0,42,215,0,0,-5.275713410920233
1.0,42,216,1,1,0.6761214395993114
1.0,42,217,0,0,-0.9257402491608345
1.0,42,218,1,1,0.48136086780759846
1.0,42,219,1,0,-1.5006605429061561
1.0,42,220,1,1,2.934999569163183
1.0,42,221,1,0,-0.45737678043957203
1.0,42,222,1,0,-0.15542911072595314
1.0,42,223,1,1,1.1217100212012179
1.0,42,224,1,1,2.178251751364124
1.0,42,225,0,1,0.20920217295806523
1.0,42,226,1,1,1.4718348513035888
1.0,42,227,0,1,1.041396477257489
1.0,42,228,0,0,-5.2768337071195335
1.0,42,229,0,0,-0.5199371179581084
1.0,42,230,1,1,1.6299224932231808
1.0,42,231,0,1,1.258716792299582
1.0,42,232,1,1,0.491681508751311
1.0,42,233,1,1,0.5228510902801023
1.0,42,234,1,1,1.2391053961197938
1.0,42,235,0,0,-3.324426195173405
1.0,42,236,1,1,0.395605703661576
1.0,42,237,1,1,2.5975732543754564
1.0,42,238,0,1,2.8681093746824193
1.0,42,239,0,1,0.2144363435898878
1.0,42,240,0,1,3.331504836798388
1.0,42,241,1,0,-2.4504053036246862
1.0,42,242,1,0,-3.3637882488331945
1.0,42,243,0,1,0.36499411488448896
1.0,42,244,1,1,1.8836083772149208
1.0,42,245,1,1,5.427075792999648
1.0,42,246,0,1,1.5711302159911398
1.0,42,247,1,1,1.7329751413278254
1.0,42,248,1,1,0.08268120384866462
1.0,42,249,1,1,0.6876666755370693
1.0,42,250,1,1,1.2378543506073325
1.0,42,251,1,1,4.612296129019099
1.0,42,252,0,0,-2.428948155080865
1.0,42,253,1,1,1.0416673264137608
1.0,42,254,0,0,-1.7816456461813721
1.0,42,255,1,1,1.4379732880181662
1.0,42,256,0,1,2.2185423270469298
1.0,42,257,0,1,0.830267404675642
1.0,42,258,0,1,1.390592911917627
1.0,42,259,0,0,-0.35186758553427766
1.0,42,260,0,0,-5.656834993565134
1.0,42,261,0,1,2.3401713477866606
1.0,42,262,1,1,2.7418678652928556
1.0,42,263,1,1,1.9948468865519169
1.0,42,264,1,0,-0.8258851556101325
1.0,42,265,0,0,-0.12042124888989963
1.0,42,266,1,1,2.3260065735238427
1.0,42,267,1,1,0.6780829057744278
1.0,42,268,1,1,1.8638399092051419
1.0,42,269,0,0,-0.5826642021745496
1.0,42,270,1,0,-3.159929702108285
1.0,42,271,0,1,0.012562213143019502
1.0,42,272,0,0,-1.2194484213497871
1.0,42,273,1,1,0.04800962651601817
1.0,42,274,1,1,1.722009585374396
1.0,42,275,0,0,-1.7203151498688378
1.0,42,276,0,0,-4.272173342550405
1.0,42,277,1,1,0.4521270786932208
1.0,42,278,0,0,-4.759345150518911
1.0,42,279,0,0,-4.274160739271118
1.0,42,280,1,1,2.9118503390056776
1.0,42,281,0,0,-8.4421515238701
1.0,42,282,0,1,0.11039050328250585
1.0,42,283,0,1,0.9836883064558174
1.0,42,284,1,1,0.25955154444313666
1.0,42,285,0,0,-1.7157954903102812
1.0,42,286,0,1,2.4372460896025374
1.0,42,287,1,1,1.0349878224007334
1.0,42,288,1,0,-0.32945623847626887
1.0,42,289,0,0,-1.3658352191037635
1.0,42,290,0,0,-0.5288786798001854
1.0,42,291,1,1,5.741113664956641
1.0,42,292,1,1,3.1205200704561276
1.0,42,293,1,1,1.7341310108900787
1.0,42,294,0,0,-2.033785469146711
1.0,42,295,1,0,-0.9432507447251735
1.0,42,296,0,1,3.8347047386036404
1.0,42,297,1,1,3.3895967449335633
1.0,42,298,1,0,-0.34497352548754523
1.0,42,299,1,1,2.8034481463550267
1.0,42,300,0,1,2.888128428276483
1.0,42,301,1,0,-0.06598663965128648
1.0,42,302,1,0,-0.6962066017723858
1.0,42,303,0,1,0.9573994841106622
1.0,42,304,1,1,2.7683654135249394
1.0,42,305,0,1,1.9917627253870278
1.0,42,306,0,0,-1.963798277739917
1.0,42,307,0,0,-2.378309950471437
1.0,42,308,0,1,1.6188557388212534
1.0,42,309,0,0,-3.6378978720534443
1.0,42,310,0,0,-0.22000961029573185
1.0,42,311,0,0,-0.03559453911310298
1.0,42,312,0,0,-0.8286200383187009
1.0,42,313,0,0,-8.161885976079883
1.0,42,314,0,0,-1.8317034957224547
1.0,42,315,0,0,-1.713697020809631
1.25,42,0,0,1,2.919159641444242
1.25,42,1,1,0,-2.407391195575866
1.25,42,2,0,0,-0.5526379828954728
1.25,42,3,1,0,-0.6020500282655095
1.25,42,4,0,0,-3.463713071955727
1.25,42,5,1,0,-1.7282631136158384
1.25,42,6,0,0,-2.0564025150245437
1.25,42,7,1,0,-1.3852638851847694
1.25,42,8,0,1,1.6893662375303975
1.25,42,9,0,0,-1.703892800834041
1.25,42,10,1,0,-4.386660350990848
1.25,42,11,1,1,2.049729728507524
1.25,42,12,0,0,-0.42435191544546025
1.25,42,13,0,0,-7.2860719310989115
1.25,42,14,1,0,-0.9962872800465788
1.25,42,15,1,1,0.47915046813303896
1.25,42,16,1,0,-1.1572462323997252
1.25,42,17,0,0,-5.40316185705711
1.25,42,18,0,1,0.6931834640232354
1.25,42,19,1,1,1.223461135380973
1.25,42,20,0,0,-2.8595597570705804
1.25,42,21,0,0,-5.61710310179427
1.25,42,22,1,1,4.061191297777821
1.25,42,23,0,0,-0.6624103519918256
1.25,42,24,1,1,0.255265037598603
1.25,42,25,0,1,0.38396582469509694
1.25,42,26,0,1,1.300159251638155
1.25,42,27,0,0,-1.4179184272417729
1.25,42,28,0,0,-2.3438587924352627
1.25,42,29,0,1,3.6597694912148713
1.25,42,30,0,1,3.24677186332649
1.25,42,31,0,0,-4.650919000889158
1.25,42,32,1,1,2.404086291681293
1.25,42,33,1,1,2.048626762419851
1.25,42,34,1,1,0.7611241970549655
1.25,42,35,1,0,-2.523501743091639
1.25,42,36,1,1,0.5613026006600758
1.25,42,37,1,0,-4.565320967050027
1.25,42,38,0,0,-0.37943456448030266
1.25,42,39,1,0,-1.568518574589067
1.25,42,40,0,1,1.4214150941291503
1.25,42,41,1,0,-0.38136256799670665
1.25,42,42,0,0,-2.8276274508295205
1.25,42,43,0,0,-6.875395480670101
1.25,42,44,1,1,2.0223275942402004
1.25,42,45,0,0,-0.06562528163321116
1.25,42,46,1,0,-1.7528349684623525
1.25,42,47,1,1,1.5317474652996839
1.25,42,48,0,0,-5.9820889496854885
1.25,42,49,1,0,-3.0312167638391587
1.25,42,50,1,1,2.74896352623016
1.25,42,51,0,1,1.4917750181976857
1.25,42,52,0,1,1.1774679007375137
1.25,42,53,1,0,-0.4548791004487417
1.25,42,54,0,0,-1.22853896268868
1.25,42,55,0,0,-4.010680940823986
1.25,42,56,1,1,2.3624036335469993
1.25,42,57,0,1,1.2042212060376702
1.25,42,58,1,1,0.7397251889747254
1.25,42,59,0,0,-2.238057100267453
1.25,42,60,1,0,-2.643800976013153
1.25,42,61,0,1,3.3369752680980413
1.25,42,62,0,0,-0.2852747032078463
1.25,42,63,1,0,-0.3014511052307415
1.25,42,64,0,0,-1.2339204241833448
1.25,42,65,0,1,3.0662826946206208
1.25,42,66,0,0,-0.5741796158604764
1.25,42,67,0,1,1.0492805382884645
1.25,42,68,0,1,0.547583285131516
1.25,42,69,1,0,-0.792291190989709
1.25,42,70,0,0,-0.7702206334376259
1.25,42,71,1,0,-0.29082179808500763
1.25,42,72,0,1,2.2171428788176177
1.25,42,73,0,1,0.4206808868296972
1.25,42,74,0,1,1.1244814047852865
1.25,42,75,0,0,-2.21298428673793
1.25,42,76,0,0,-0.4378782044901093
1.25,42,77,1,0,-0.35404590856492213
1.25,42,78,1,0,-1.0916487933090562
1.25,42,79,1,0,-1.849010658268925
1.25,42,80,0,1,3.660770411140798
1.25,42,81,1,1,0.1568518471241459
1.25,42,82,0,1,0.022275422030139408
1.25,42,83,1,1,0.19049423669705073
1.25,42,84,1,0,-1.199192881289647
1.25,42,85,1,0,-0.09822256350685687
1.25,42,86,1,1,0.5111463899835487
1.25,42,87,1,0,-0.37430165522488645
1.25,42,88,1,1,1.9375251333410008
1.25,42,89,1,1,0.7578894649784277
1.25,42,90,1,1,1.462802141396057
1.25,42,91,1,1,0.4820673220278918
1.25,42,92,0,0,-0.7134968554369355
1.25,42,93,0,0,-1.8820446122700538
1.25,42,94,0,1,1.7126344613285367
1.25,42,95,0,0,-0.99762678791603
1.25,42,96,1,0,-2.40191720622924
1.25,42,97,1,0,-2.1323342232341407
1.25,42,98,1,1,0.4517755078587805
1.25,42,99,0,1,2.4940546702316504
1.25,42,100,1,1,0.9886548768176125
1.25,42,101,1,1,0.4701836811766985
1.25,42,102,1,0,-1.021874716390458
1.25,42,103,0,0,-2.0564383163370703
1.25,42,104,1,1,0.32004523887369646
1.25,42,105,0,0,-0.42967013518465513
1.25,42,106,1,1,1.0962996617658982
1.25,42,107,1,1,1.0599276409967282
1.25,42,108,1,0,-0.8773036526530574
1.25,42,109,0,0,-0.22204054557659472
1.25,42,110,1,1,1.359011458261358
1.25,42,111,0,1,0.1918006617942477
1.25,42,112,1,1,0.956900493290744
1.25,42,113,0,0,-4.698379423213341
1.25,42,114,0,0,-1.8196642287167286
1.25,42,115,0,1,1.0294127460216895
1.25,42,116,1,1,3.267549020702057
1.25,42,117,0,0,-7.447973825560902
1.25,42,118,0,1,0.6215293390497025
1.25,42,119,1,1,1.0655351399794668
1.25,42,120,1,1,2.902816173684589
1.25,42,121,1,1,2.115033692878197
1.25,42,122,1,1,0.8351549365073567
1.25,42,123,0,0,-2.9265620889260258
1.25,42,124,1,0,-1.6608371053138526
1.25,42,125,1,1,0.5251780241221853
1.25,42,126,0,1,0.9937306337002434
1.25,42,127,0,1,1.7915567516101225
1.25,42,128,1,1,0.24150450844171442
1.25,42,129,1,1,1.9232694650720514
1.25,42,130,1,1,1.2336319444221235
1.25,42,131,1,1,0.5873956235305265
1.25,42,132,1,1,4.507030936023159
1.25,42,133,0,1,1.8056929002708775
1.25,42,134,0,1,2.723115786817754
1.25,42,135,0,0,-7.499902777330549
1.25,42,136,0,0,-3.2395460376526803
1.25,42,137,1,1,2.6133588414252036
1.25,42,138,1,1,3.875028593377218
1.25,42,139,0,0,-1.8211389985541204
1.25,42,140,1,1,1.1295469688297366
1.25,42,141,1,0,-1.2521419152842377
1.25,42,142,1,1,1.685999028355461
1.25,42,143,1,1,3.9144250102364877
1.25,42,144,1,1,1.048661426890574
1.25,42,145,1,1,2.6624239919439785
1.25,42,146,1,1,2.09319649949395
1.25,42,147,0,1,2.2693675340330683
1.25,42,148,0,0,-1.4460846247899806
1.25,42,149,0,0,-4.92159873922906
1.25,42,150,1,1,1.9304527854782205
1.25,42,151,1,0,-0.49523025668441956
1.25,42,152,0,0,-2.0633769051483317
1.25,42,153,0,0,-0.04048501422346373
1.25,42,154,1,1,0.4770758317312772
1.25,42,155,1,1,0.26735653439969465
1.25,42,156,0,0,-3.3531644013627298
1.25,42,157,0,1,1.6908340952034053
1.25,42,158,0,0,-4.3729174374275
1.25,42,159,0,0,-0.7873199083274778
1.25,42,160,0,1,2.270411858203426
1.25,42,161,1,1,6.272098616582578
1.25,42,162,1,0,-2.236567461314783
1.25,42,163,1,1,1.2549644837154401
1.25,42,164,1,1,2.2726356187933465
1.25,42,165,1,1,0.044924028014345196
1.25,42,166,1,0,-1.192465207330092
1.25,42,167,0,0,-4.298368177231257
1.25,42,168,1,1,3.4971325150305397
1.25,42,169,0,1,0.5475476635921747
1.25,42,170,1,1,1.3725899977211427
1.25,42,171,1,0,-2.86256550248948
1.25,42,172,0,0,-2.039940477333277
1.25,42,173,1,1,2.8338301180167793
1.25,42,174,0,0,-5.969291768883288
1.25,42,175,0,1,0.6978427648527108
1.25,42,176,1,1,1.0191304071470992
1.25,42,177,1,1,2.1678665662401486
1.25,42,178,1,1,1.9053604073168864
1.25,42,179,0,0,-4.982010216824477
1.25,42,180,0,0,-2.559439557380945
1.25,42,181,1,1,9.030876963541704
1.25,42,182,0,0,-1.1193385208973792
1.25,42,183,0,0,-1.724324411919467
1.25,42,184,0,0,-0.7839440638701319
1.25,42,185,0,0,-2.0106026264424397
1.25,42,186,0,0,-0.6216626820780743
1.25,42,187,1,0,-0.0049214371310516425
1.25,42,188,1,1,1.028054982108305
1.25,42,189,0,0,-0.29840756263713614
1.25,42,190,0,1,6.575384487547498
1.25,42,191,0,1,1.4273234339554561
1.25,42,192,0,0,-1.2803879956362136
1.25,42,193,1,1,0.3927671388969355
1.25,42,194,0,0,-2.943686341025352
1.25,42,195,0,0,-2.2186467659389693
1.25,42,196,0,1,1.5705348738603964
1.25,42,197,1,1,0.9657483246868168
1.25,42,198,0,0,-4.54015700744975
1.25,42,199,0,1,0.2660481003431252
1.25,42,200,1,1,0.9259883936351041
1.25,42,201,0,0,-4.580917617467901
1.25,42,202,0,0,-0.6424914685498966
1.25,42,203,0,0,-4.080391180324575
1.25,42,204,1,1,1.337998725767567
1.25,42,205,1,0,-2.1912766004205824
1.25,42,206,1,0,-0.8044655273588286
1.25,42,207,0,1,0.49002756255414925
1.25,42,208,0,1,1.392070906468893
1.25,42,209,0,0,-0.25951479250167664
1.25,42,210,1,1,0.10130518097086133
1.25,42,211,1,0,-0.9350176610797604
1.25,42,212,1,1,1.0092021857784172
1.25,42,213,0,1,1.7535541994587467
1.25,42,214,0,0,-9.305638999779685
1.25,42,215,0,0,-5.806100006498897
1.25,42,216,1,1,0.9111406706207867
1.25,42,217,0,0,-0.9221333043881692
1.25,42,218,1,1,0.2893401121802698
1.25,42,219,1,0,-1.699692198163687
1.25,42,220,1,1,3.735677067733944
1.25,42,221,1,0,-0.6220147404658566
1.25,42,222,1,0,-0.2895365004016418
1.25,42,223,1,1,1.2419696901556654
1.25,42,224,1,1,2.49479171956084
1.25,42,225,0,1,0.24531094788406496
1.25,42,226,1,1,1.6068173844134972
1.25,42,227,0,1,1.0858436303582772
1.25,42,228,0,0,-5.707876468469132
1.25,42,229,0,0,-0.6344465447007396
1.25,42,230,1,1,1.941691695786278
1.25,42,231,0,1,1.3188388475225437
1.25,42,232,1,1,0.47180981947410294
1.25,42,233,1,1,0.6406340119186885
1.25,42,234,1,1,1.2470479054336363
1.25,42,235,0,0,-3.616649595752676
1.25,42,236,1,1,0.293355428028498
1.25,42,237,1,1,2.6934826757859156
1.25,42,238,0,1,3.289244533564202
1.25,42,239,0,1,0.13388221849480686
1.25,42,240,0,1,3.4392438145113644
1.25,42,241,1,0,-2.6400966015737235
1.25,42,242,1,0,-3.642241964356439
1.25,42,243,0,1,0.4031981259173886
1.25,42,244,1,1,1.994626485534699
1.25,42,245,1,1,5.66970339364666
1.25,42,246,0,1,1.6207915220738696
1.25,42,247,1,1,1.9772408889949142
1.25,42,248,1,1,0.13642448198535168
1.25,42,249,1,1,0.6469274467416157
1.25,42,250,1,1,1.2588529489586704
1.25,42,251,1,1,4.866209148880349
1.25,42,252,0,0,-2.488426456882893
1.25,42,253,1,1,0.9636715282581082
1.25,42,254,0,0,-1.9227422815227808
1.25,42,255,1,1,1.6292158957159608
1.25,42,256,0,1,2.2858817997511762
1.25,42,257,0,1,0.9262895497355278
1.25,42,258,0,1,1.4856552486766672
1.25,42,259,0,0,-0.36786411696920196
1.25,42,260,0,0,-6.132730707633873
1.25,42,261,0,1,2.528560886048054
1.25,42,262,1,1,2.9573761027673466
1.25,42,263,1,1,2.049826815128423
1.25,42,264,1,0,-0.7170434580436672
1.25,42,265,0,0,-0.3701834970560921
1.25,42,266,1,1,2.3699033851422295
1.25,42,267,1,1,0.9457771269757506
1.25,42,268,1,1,1.904716321128919
1.25,42,269,0,0,-0.5848991505011242
1.25,42,270,1,0,-3.5980570704422608
1.25,42,271,0,0,-0.01473101820714473
1.25,42,272,0,0,-1.3057055016384993
1.25,42,273,1,0,-0.054760658728965766
1.25,42,274,1,1,1.815379022446903
1.25,42,275,0,0,-1.9275726614736943
1.25,42,276,0,0,-4.75092782807915
1.25,42,277,1,1,0.2894853887657584
1.25,42,278,0,0,-5.11881303456625
1.25,42,279,0,0,-4.631570131934516
1.25,42,280,1,1,3.1215356957217426
1.25,42,281,0,0,-8.960350457728252
1.25,42,282,0,1,0.13139616747988192
1.25,42,283,0,1,1.116883852191445
1.25,42,284,1,1,0.30506184523104285
1.25,42,285,0,0,-1.8599099308918414
1.25,42,286,0,1,2.624593664103585
1.25,42,287,1,1,1.2145233005847145
1.25,42,288,1,0,-0.2919831713283315
1.25,42,289,0,0,-1.452134825490984
1.25,42,290,0,0,-0.5717096155727345
1.25,42,291,1,1,6.095908964615187
1.25,42,292,1,1,3.4289057941721386
1.25,42,293,1,1,1.8716471779842196
1.25,42,294,0,0,-2.1219970092488363
1.25,42,295,1,0,-1.0330996909610644
1.25,42,296,0,1,4.093881843729636
1.25,42,297,1,1,3.6985751086520975
1.25,42,298,1,0,-0.5338335128693008
1.25,42,299,1,1,2.874578417523529
1.25,42,300,0,1,3.0597797513099114
1.25,42,301,1,0,-0.020982498835308724
1.25,42,302,1,0,-0.813203868227584
1.25,42,303,0,1,0.9371000641598526
1.25,42,304,1,1,3.011051313775635
1.25,42,305,0,1,2.1588803106912553
1.25,42,306,0,0,-2.054605562932716
1.25,42,307,0,0,-2.505080405585022
1.25,42,308,0,1,1.8250980842388498
1.25,42,309,0,0,-3.7269304581479465
1.25,42,310,0,1,0.07314469623226988
1.25,42,311,0,1,0.0021873850948593843
1.25,42,312,0,0,-0.9539627565825332
1.25,42,313,0,0,-8.815469901012143
1.25,42,314,0,0,-2.032213882747006
1.25,42,315,0,0,-2.119747750391463
1.5,42,0,0,1,3.228662383834732
1.5,42,1,1,0,-2.287633639781647
1.5,42,2,0,0,-0.5872500649443377
1.5,42,3,1,0,-0.7196888922832241
1.5,42,4,0,0,-3.8100445006976638
1.5,42,5,1,0,-1.8547584693856518
1.5,42,6,0,0,-2.1578660089602395
1.5,42,7,1,0,-1.3713225059498566
1.5,42,8,0,1,1.8016062396512618
1.5,42,9,0,0,-1.813093608395303
1.5,42,10,1,0,-4.5096376384043095
1.5,42,11,1,1,2.2337011211687825
1.5,42,12,0,0,-0.49169973096156994
1.5,42,13,0,0,-7.849252311715682
1.5,42,14,1,0,-0.8955000184264088
1.5,42,15,1,1,0.46505950855879064
1.5,42,16,1,0,-1.1800672428166044
1.5,42,17,0,0,-5.763613747551483
1.5,42,18,0,1,0.6940914414076643
1.5,42,19,1,1,1.2286575796046446
1.5,42,20,0,0,-3.171639032265418
1.5,42,21,0,0,-5.883992444011535
1.5,42,22,1,1,4.405685362849166
1.5,42,23,0,0,-0.6630831426060393
1.5,42,24,1,1,0.2876829215001456
1.5,42,25,0,1,0.40015163343808974
1.5,42,26,0,1,1.5212897412408746
1.5,42,27,0,0,-1.5603200855559736
1.5,42,28,0,0,-2.4947568450589235
1.5,42,29,0,1,3.796583457456358
1.5,42,30,0,1,3.285838121344597
1.5,42,31,0,0,-5.005495117772303
1.5,42,32,1,1,2.555605067066753
1.5,42,33,1,1,2.3614721979162576
1.5,42,34,1,1,0.8519248440611867
1.5,42,35,1,0,-2.705248414869747
1.5,42,36,1,1,0.5934006131356111
1.5,42,37,1,0,-4.835411348748454
1.5,42,38,0,0,-0.42933303518628285
1.5,42,39,1,0,-1.7414841912237724
1.5,42,40,0,1,1.4805949952047006
1.5,42,41,1,0,-0.3757752010852883
1.5,42,42,0,0,-2.9951747269894606
1.5,42,43,0,0,-7.656541338913191
1.5,42,44,1,1,2.107421559828979
1.5,42,45,0,0,-0.05621702532551065
1.5,42,46,1,0,-1.8879230998816856
1.5,42,47,1,1,1.6792516723369653
1.5,42,48,0,0,-6.414511276800382
1.5,42,49,1,0,-3.0669540892189877
1.5,42,50,1,1,2.911590318402601
1.5,42,51,0,1,1.6209965819111776
1.5,42,52,0,1,1.333278099296851
1.5,42,53,1,0,-0.44720828737304474
1.5,42,54,0,0,-1.3796270069586527
1.5,42,55,0,0,-4.400905864542618
1.5,42,56,1,1,2.5472733711074054
1.5,42,57,0,1,1.2463304190987843
1.5,42,58,1,1,0.8020207755109496
1.5,42,59,0,0,-2.51458520089662
1.5,42,60,1,0,-2.709631970898554
1.5,42,61,0,1,3.566854769339372
1.5,42,62,0,0,-0.23396968799825124
1.5,42,63,1,0,-0.3300508366957231
1.5,42,64,0,0,-1.3358944456841133
1.5,42,65,0,1,3.286700634675646
1.5,42,66,0,0,-0.6705463330563847
1.5,42,67,0,1,1.1415190132928474
1.5,42,68,0,1,0.558979886535346
1.5,42,69,1,0,-0.8766836496889187
1.5,42,70,0,0,-0.7805872787536136
1.5,42,71,1,0,-0.3240386753996157
1.5,42,72,0,1,2.3784621523939733
1.5,42,73,0,1,0.47179738374702473
1.5,42,74,0,1,1.2615237974486346
1.5,42,75,0,0,-2.432942674478783
1.5,42,76,0,0,-0.48985539165913894
1.5,42,77,1,0,-0.3252081699769219
1.5,42,78,1,0,-1.2200544257091992
1.5,42,79,1,0,-1.937457516569538
1.5,42,80,0,1,3.7870002671780028
1.5,42,81,1,1,0.1939943870654475
1.5,42,82,0,1,0.13813367067864724
1.5,42,83,1,1,0.19074048979335562
1.5,42,84,1,0,-1.3428443449805296
1.5,42,85,1,0,-0.14472208120582805
1.5,42,86,1,1,0.4925199001571008
1.5,42,87,1,0,-0.43390647381816194
1.5,42,88,1,1,2.048955030661064
1.5,42,89,1,1,0.8403194024663934
1.5,42,90,1,1,1.400264304951426
1.5,42,91,1,1,0.5526295276195895
1.5,42,92,0,0,-0.7997738110875449
1.5,42,93,0,0,-1.962245601771427
1.5,42,94,0,1,1.7627039700922922
1.5,42,95,0,0,-1.1107733200304049
1.5,42,96,1,0,-2.6881747256354394
1.5,42,97,1,0,-2.1757361850635397
1.5,42,98,1,1,0.5836824077845107
1.5,42,99,0,1,2.678828622745025
1.5,42,100,1,1,0.9410035652833917
1.5,42,101,1,1,0.4132767637870327
1.5,42,102,1,0,-1.1017722217559842
1.5,42,103,0,0,-2.123570690693739
1.5,42,104,1,1,0.4456350378195449
1.5,42,105,0,0,-0.39770320591748953
1.5,42,106,1,1,1.0946354368290832
1.5,42,107,1,1,1.0826755061804543
1.5,42,108,1,0,-0.9632933163977377
1.5,42,109,0,0,-0.1385967829510396
1.5,42,110,1,1,1.3225701039897724
1.5,42,111,0,1,0.24028574019943352
1.5,42,112,1,1,0.9598127767892185
1.5,42,113,0,0,-5.145138167618689
1.5,42,114,0,0,-1.8984764331036903
1.5,42,115,0,1,1.1341086810745926
1.5,42,116,1,1,3.6205890091220985
1.5,42,117,0,0,-7.865530212630412
1.5,42,118,0,1,0.680252107052507
1.5,42,119,1,1,0.8293565734820546
1.5,42,120,1,1,3.002199852902199
1.5,42,121,1,1,2.1098955128117964
1.5,42,122,1,1,0.9212633374716206
1.5,42,123,0,0,-3.116021976369121
1.5,42,124,1,0,-1.748671949687868
1.5,42,125,1,1,0.5348364995955309
1.5,42,126,0,1,1.083149964887468
1.5,42,127,0,1,1.7261620365085224
1.5,42,128,1,1,0.1742208780491098
1.5,42,129,1,1,2.0768707677579674
1.5,42,130,1,1,1.2397699043433807
1.5,42,131,1,1,0.5344778395659755
1.5,42,132,1,1,4.786967430431255
1.5,42,133,0,1,2.103578091048966
1.5,42,134,0,1,2.950431467229492
1.5,42,135,0,0,-8.017146549477708
1.5,42,136,0,0,-3.209556622948503
1.5,42,137,1,1,2.8137863232943645
1.5,42,138,1,1,4.152521646613491
1.5,42,139,0,0,-1.853103971183298
1.5,42,140,1,1,1.1822933256761123
1.5,42,141,1,0,-1.357646063425065
1.5,42,142,1,1,1.7760261413595206
1.5,42,143,1,1,4.0911927641668475
1.5,42,144,1,1,1.1105555256282207
1.5,42,145,1,1,2.91523132336723
1.5,42,146,1,1,2.0788187577870585
1.5,42,147,0,1,2.4707076322929797
1.5,42,148,0,0,-1.491288177671346
1.5,42,149,0,0,-5.185255201333354
1.5,42,150,1,1,2.1376670674715066
1.5,42,151,1,0,-0.4928179314273534
1.5,42,152,0,0,-2.1544061204577285
1.5,42,153,0,0,-0.1688548695724623
1.5,42,154,1,1,0.5589875313236046
1.5,42,155,1,1,0.33774783846938605
1.5,42,156,0,0,-3.5886245189178982
1.5,42,157,0,1,1.7357422132070957
1.5,42,158,0,0,-4.584386298207966
1.5,42,159,0,0,-0.8457086255175398
1.5,42,160,0,1,2.4335220530558566
1.5,42,161,1,1,6.79761201967675
1.5,42,162,1,0,-2.3306729991682062
1.5,42,163,1,1,1.5866434878954492
1.5,42,164,1,1,2.4052627577682197
1.5,42,165,1,1,0.05348454015784325
1.5,42,166,1,0,-1.3256532053262207
1.5,42,167,0,0,-4.52869689379366
1.5,42,168,1,1,3.8364089052172923
1.5,42,169,0,1,0.62349358598612
1.5,42,170,1,1,1.5189559086854179
1.5,42,171,1,0,-2.917507291855824
1.5,42,172,0,0,-2.153663240213134
1.5,42,173,1,1,3.1337995762703517
1.5,42,174,0,0,-6.160336935049252
1.5,42,175,0,1,0.846687257594038
1.5,42,176,1,1,0.9871445788369687
1.5,42,177,1,1,2.3466869741939282
1.5,42,178,1,1,1.7655079112696155
1.5,42,179,0,0,-5.249669052483541
1.5,42,180,0,0,-2.6984102541574075
1.5,42,181,1,1,9.713305721982477
1.5,42,182,0,0,-1.2265422752724973
1.5,42,183,0,0,-1.6654225853950553
1.5,42,184,0,0,-0.9675382068606873
1.5,42,185,0,0,-2.248137672675009
1.5,42,186,0,0,-0.7763298889110948
1.5,42,187,1,0,-0.014110541664028226
1.5,42,188,1,1,0.9844406829537095
1.5,42,189,0,0,-0.3540529188718578
1.5,42,190,0,1,7.218394034954656
1.5,42,191,0,1,1.5282949206554273
1.5,42,192,0,0,-1.4297834828686482
1.5,42,193,1,1,0.4723037961552615
1.5,42,194,0,0,-3.1880409632764195
1.5,42,195,0,0,-2.585739401895956
1.5,42,196,0,1,1.7425043293120501
1.5,42,197,1,1,0.9739387234475281
1.5,42,198,0,0,-4.760463637665714
1.5,42,199,0,1,0.34416197967664
1.5,42,200,1,1,1.0400018642726845
1.5,42,201,0,0,-4.891102746914923
1.5,42,202,0,0,-0.718566756266311
1.5,42,203,0,0,-4.525488830015628
1.5,42,204,1,1,1.4440072556395869
1.5,42,205,1,0,-2.3862509046718476
1.5,42,206,1,0,-0.8045846295071103
1.5,42,207,0,1,0.37627183878034154
1.5,42,208,0,1,1.5060276717887169
1.5,42,209,0,0,-0.32851124185378267
1.5,42,210,1,1,0.06803876890993835
1.5,42,211,1,0,-0.8323632640795532
1.5,42,212,1,1,1.0133665606311377
1.5,42,213,0,1,1.9193089691833702
1.5,42,214,0,0,-9.9110992540732
1.5,42,215,0,0,-6.2661479220331815
1.5,42,216,1,1,1.120152524143027
1.5,42,217,0,0,-0.9071550955131561
1.5,42,218,1,1,0.12499534863740194
1.5,42,219,1,0,-1.8876228644707929
1.5,42,220,1,1,4.4627565829468825
1.5,42,221,1,0,-0.7421491794784661
1.5,42,222,1,0,-0.4197586161702239
1.5,42,223,1,1,1.3605724083971715
1.5,42,224,1,1,2.7790028631453922
1.5,42,225,0,1,0.2638504780114127
1.5,42,226,1,1,1.715171452258944
1.5,42,227,0,1,1.1261641580432784
1.5,42,228,0,0,-6.080244601309719
1.5,42,229,0,0,-0.7362711173701545
1.5,42,230,1,1,2.2248954584770626
1.5,42,231,0,1,1.3668396927526263
1.5,42,232,1,1,0.45697137198616944
1.5,42,233,1,1,0.7353572883836026
1.5,42,234,1,1,1.2473206565208868
1.5,42,235,0,0,-3.875769967727982
1.5,42,236,1,1,0.20600735117875366
1.5,42,237,1,1,2.7783826248210186
1.5,42,238,0,1,3.6540136648013886
1.5,42,239,0,1,0.06731681701477202
1.5,42,240,0,1,3.5176586152077975
1.5,42,241,1,0,-2.793670648407304
1.5,42,242,1,0,-3.9007570306441264
1.5,42,243,0,1,0.43928193451610054
1.5,42,244,1,1,2.1067358291846925
1.5,42,245,1,1,5.875623527956917
1.5,42,246,0,1,1.6563834087244058
1.5,42,247,1,1,2.2006706398650424
1.5,42,248,1,1,0.19450708710815007
1.5,42,249,1,1,0.611029018493719
1.5,42,250,1,1,1.267512216523776
1.5,42,251,1,1,5.079748917925837
1.5,42,252,0,0,-2.536706557214086
1.5,42,253,1,1,0.9074749222591715
1.5,42,254,0,0,-2.06825772693125
1.5,42,255,1,1,1.8003554001350195
1.5,42,256,0,1,2.331843556274258
1.5,42,257,0,1,0.9708462936716541
1.5,42,258,0,1,1.568263710992284
1.5,42,259,0,0,-0.37679232779824134
1.5,42,260,0,0,-6.567209048682537
1.5,42,261,0,1,2.7090738300460857
1.5,42,262,1,1,3.1542808196955554
1.5,42,263,1,1,2.0903809861644236
1.5,42,264,1,0,-0.6162048909369408
1.5,42,265,0,0,-0.5973999746885766
1.5,42,266,1,1,2.391088021566371
1.5,42,267,1,1,1.170219641571109
1.5,42,268,1,1,1.9409621844499096
1.5,42,269,0,0,-0.5907102166846762
1.5,42,270,1,0,-3.983805525273751
1.5,42,271,0,0,-0.04627025419804018
1.5,42,272,0,0,-1.3792977291210242
1.5,42,273,1,0,-0.1498194832802083
1.5,42,274,1,1,1.903021567579733
1.5,42,275,0,0,-2.107058994936632
1.5,42,276,0,0,-5.163693357839421
1.5,42,277,1,1,0.13551723858504253
1.5,42,278,0,0,-5.455761045653364
1.5,42,279,0,0,-4.9314571882399605
1.5,42,280,1,1,3.311036017156906
1.5,42,281,0,0,-9.402718598319256
1.5,42,282,0,1,0.14869254474689783
1.5,42,283,0,1,1.2248003870201682
1.5,42,284,1,1,0.3472682077986261
1.5,42,285,0,0,-1.9881133117050414
1.5,42,286,0,1,2.7828657370770284
1.5,42,287,1,1,1.3964717219242009
1.5,42,288,1,0,-0.2562267037466438
1.5,42,289,0,0,-1.514971644345461
1.5,42,290,0,0,-0.6237047867668233
1.5,42,291,1,1,6.396518926918066
1.5,42,292,1,1,3.6926008088066875
1.5,42,293,1,1,1.9942096055569702
1.5,42,294,0,0,-2.1935658915360206
1.5,42,295,1,0,-1.104887454896207
1.5,42,296,0,1,4.326659331891665
1.5,42,297,1,1,3.97465359906798
1.5,42,298,1,0,-0.6985272828194815
1.5,42,299,1,1,2.930820612150135
1.5,42,300,0,1,3.2093790160544517
1.5,42,301,1,1,0.030825255321754993
1.5,42,302,1,0,-0.9173878459760376
1.5,42,303,0,1,0.9049453921411136
1.5,42,304,1,1,3.2299288456249355
1.5,42,305,0,1,2.3016371731580803
1.5,42,306,0,0,-2.130372692690531
1.5,42,307,0,0,-2.608100994192409
1.5,42,308,0,1,1.979885367542628
1.5,42,309,0,0,-3.7692386335502057
1.5,42,310,0,1,0.3157925995853151
1.5,42,311,0,1,0.03046341887336737
1.5,42,312,0,0,-1.060022108503919
1.5,42,313,0,0,-9.38893512012757
1.5,42,314,0,0,-2.206608863507308
1.5,42,315,0,0,-2.480917291932093
2.0,42,0,0,1,3.707220535054392
2.0,42,1,1,0,-2.000491451818246
2.0,42,2,0,0,-0.6526130613520726
2.0,42,3,1,0,-0.9371032385602023
2.0,42,4,0,0,-4.393561873311463
2.0,42,5,1,0,-2.0852459801032723
2.0,42,6,0,0,-2.3045983786699282
2.0,42,7,1,0,-1.3159790691453548
2.0,42,8,0,1,1.9985716497732766
2.0,42,9,0,0,-2.0092462177024175
2.0,42,10,1,0,-4.700956291470016
2.0,42,11,1,1,2.5754604247500956
2.0,42,12,0,0,-0.6041721350677378
2.0,42,13,0,0,-8.827932502059905
2.0,42,14,1,0,-0.6916859032098069
2.0,42,15,1,1,0.44455623640332176
2.0,42,16,1,0,-1.2124992163284127
2.0,42,17,0,0,-6.389838181465479
2.0,42,18,0,1,0.6891490766187436
2.0,42,19,1,1,1.238593121106205
2.0,42,20,0,0,-3.7010654699578027
2.0,42,21,0,0,-6.3330683961207725
2.0,42,22,1,1,4.985161994906164
2.0,42,23,0,0,-0.6744587462990642
2.0,42,24,1,1,0.3515279629055159
2.0,42,25,0,1,0.4189991480132989
2.0,42,26,0,1,1.8672383357695224
2.0,42,27,0,0,-1.8056570341951996
2.0,42,28,0,0,-2.73878100549315
2.0,42,29,0,1,4.042054202987403
2.0,42,30,0,1,3.341919619692804
2.0,42,31,0,0,-5.581375875576223
2.0,42,32,1,1,2.8212223889074077
2.0,42,33,1,1,2.912950585606156
2.0,42,34,1,1,1.0014989581105986
2.0,42,35,1,0,-3.0094591848835353
2.0,42,36,1,1,0.6562489567525064
2.0,42,37,1,0,-5.336938495179501
2.0,42,38,0,0,-0.506713695136908
2.0,42,39,1,0,-2.0289354950987883
2.0,42,40,0,1,1.591394708301731
2.0,42,41,1,0,-0.3694188174784205
2.0,42,42,0,0,-3.2900508931714687
2.0,42,43,0,0,-9.047013261342054
2.0,42,44,1,1,2.2509931493158555
2.0,42,45,0,0,-0.03728052300226942
2.0,42,46,1,0,-2.123177297595992
2.0,42,47,1,1,1.9308032114945186
2.0,42,48,0,0,-7.178446582341848
2.0,42,49,1,0,-3.176191976954061
2.0,42,50,1,1,3.173266407397041
2.0,42,51,0,1,1.8434902534497473
2.0,42,52,0,1,1.6166458430605375
2.0,42,53,1,0,-0.43336263209913295
2.0,42,54,0,0,-1.6529878129473126
2.0,42,55,0,0,-5.0890220855562305
2.0,42,56,1,1,2.853909590316592
2.0,42,57,0,1,1.3061580708190643
2.0,42,58,1,1,0.9077172966968862
2.0,42,59,0,0,-3.006401870517993
2.0,42,60,1,0,-2.8176267154263064
2.0,42,61,0,1,3.97275592443318
2.0,42,62,0,0,-0.12402577362884365
2.0,42,63,1,0,-0.3525465395734083
2.0,42,64,0,0,-1.5073578103566654
2.0,42,65,0,1,3.6578097121704833
2.0,42,66,0,0,-0.8433413022003076
2.0,42,67,0,1,1.3054605901212557
2.0,42,68,0,1,0.5685868142260391
2.0,42,69,1,0,-1.0291355808491107
2.0,42,70,0,0,-0.7985984993466878
2.0,42,71,1,0,-0.3889721451718944
2.0,42,72,0,1,2.6659483757389584
2.0,42,73,0,1,0.5735252532830044
2.0,42,74,0,1,1.5131833118558542
2.0,42,75,0,0,-2.812340297385511
2.0,42,76,0,0,-0.5811757239535313
2.0,42,77,1,0,-0.2657562822112527
2.0,42,78,1,0,-1.4210441073510789
2.0,42,79,1,0,-2.078050952999235
2.0,42,80,0,1,4.001309443495031
2.0,42,81,1,1,0.24852143074483127
2.0,42,82,0,1,0.34622757267834864
2.0,42,83,1,1,0.1949312667302659
2.0,42,84,1,0,-1.5935724766186161
2.0,42,85,1,0,-0.2078363123213743
2.0,42,86,1,1,0.4751357279074842
2.0,42,87,1,0,-0.5153064328712783
2.0,42,88,1,1,2.2430734385888735
2.0,42,89,1,1,0.9641013864992148
2.0,42,90,1,1,1.270535015166102
2.0,42,91,1,1,0.6852514120283252
2.0,42,92,0,0,-0.9659635237471762
2.0,42,93,0,0,-2.0822053319137703
2.0,42,94,0,1,1.8621002343475568
2.0,42,95,0,0,-1.2827714392221103
2.0,42,96,1,0,-3.2117893688405843
2.0,42,97,1,0,-2.236881980874652
2.0,42,98,1,1,0.8162012913734422
2.0,42,99,0,1,2.99653680404608
2.0,42,100,1,1,0.833667105164008
2.0,42,101,1,1,0.3055131092839246
2.0,42,102,1,0,-1.2289481197212946
2.0,42,103,0,0,-2.2709314930647166
2.0,42,104,1,1,0.6687157518369539
2.0,42,105,0,0,-0.3388551288592715
2.0,42,106,1,1,1.0760236708649573
2.0,42,107,1,1,1.1216951179321932
2.0,42,108,1,0,-1.0992314058448758
2.0,42,109,0,1,0.03436145037937749
2.0,42,110,1,1,1.248230066885102
2.0,42,111,0,1,0.3432814911613543
2.0,42,112,1,1,0.9605918055710145
2.0,42,113,0,0,-5.921363750847181
2.0,42,114,0,0,-2.0279140351803986
2.0,42,115,0,1,1.3276441038403113
2.0,42,116,1,1,4.258579759465913
2.0,42,117,0,0,-8.584872516149249
2.0,42,118,0,1,0.7818789079661177
2.0,42,119,1,1,0.39512424588290596
2.0,42,120,1,1,3.155775494897841
2.0,42,121,1,1,2.0665851363543397
2.0,42,122,1,1,1.0760094292012559
2.0,42,123,0,0,-3.4470209693525793
2.0,42,124,1,0,-1.9064416970422582
2.0,42,125,1,1,0.5347291389440008
2.0,42,126,0,1,1.2404930814909902
2.0,42,127,0,1,1.5978927352327965
2.0,42,128,1,1,0.03839123330435562
2.0,42,129,1,1,2.327607034416859
2.0,42,130,1,1,1.251172601087735
2.0,42,131,1,1,0.41344240413635747
2.0,42,132,1,1,5.257070078984472
2.0,42,133,0,1,2.6124657772398683
2.0,42,134,0,1,3.3293809988038148
2.0,42,135,0,0,-8.89191783718647
2.0,42,136,0,0,-3.104324707579579
2.0,42,137,1,1,3.1530341161292834
2.0,42,138,1,1,4.612549157165894
2.0,42,139,0,0,-1.880987574783103
2.0,42,140,1,1,1.2588315734664302
2.0,42,141,1,0,-1.5542570965965723
2.0,42,142,1,1,1.9243599588877343
2.0,42,143,1,1,4.374454012172056
2.0,42,144,1,1,1.2191518883130532
2.0,42,145,1,1,3.3540575143140603
2.0,42,146,1,1,2.0508718125368315
2.0,42,147,0,1,2.813581001800336
2.0,42,148,0,0,-1.5413470886468743
2.0,42,149,0,0,-5.628682185219411
2.0,42,150,1,1,2.482887615512483
2.0,42,151,1,0,-0.4705019368732355
2.0,42,152,0,0,-2.298621532061896
2.0,42,153,0,0,-0.40703699663005366
2.0,42,154,1,1,0.6956219743503099
2.0,42,155,1,1,0.44986272274233885
2.0,42,156,0,0,-4.003965663777943
2.0,42,157,0,1,1.8116096050452875
2.0,42,158,0,0,-4.969304075711535
2.0,42,159,0,0,-0.9588127602042049
2.0,42,160,0,1,2.7080839632925637
2.0,42,161,1,1,7.700614664781961
2.0,42,162,1,0,-2.4890435992916653
2.0,42,163,1,1,2.1595284843391283
2.0,42,164,1,1,2.6278157891053273
2.0,42,165,1,1,0.08938117056423518
2.0,42,166,1,0,-1.5625977132711273
2.0,42,167,0,0,-4.890686418236318
2.0,42,168,1,1,4.39512804265218
2.0,42,169,0,1,0.7480918019308521
2.0,42,170,1,1,1.7727340979400674
2.0,42,171,1,0,-2.9911263733888087
2.0,42,172,0,0,-2.341262413708121
2.0,42,173,1,1,3.6541047629865897
2.0,42,174,0,0,-6.414860467739672
2.0,42,175,0,1,1.1222782277479308
2.0,42,176,1,1,0.9323135743581321
2.0,42,177,1,1,2.6304906976273608
2.0,42,178,1,1,1.5325412030449015
2.0,42,179,0,0,-5.702278038444122
2.0,42,180,0,0,-2.9343066966200353
2.0,42,181,1,1,10.815732805388981
2.0,42,182,0,0,-1.4073762806533536
2.0,42,183,0,0,-1.5477236316931164
2.0,42,184,0,0,-1.2967458611457754
2.0,42,185,0,0,-2.660804542114767
2.0,42,186,0,0,-1.0429833219069613
2.0,42,187,1,0,-0.02950628847650194
2.0,42,188,1,1,0.8972134499467384
2.0,42,189,0,0,-0.4550952119389255
2.0,42,190,0,1,8.28586899129573
2.0,42,191,0,1,1.7070889224826544
2.0,42,192,0,0,-1.6831093561706263
2.0,42,193,1,1,0.6076734764591194
2.0,42,194,0,0,-3.614454723182301
2.0,42,195,0,0,-3.221139971384675
2.0,42,196,0,1,2.0397760945281056
2.0,42,197,1,1,0.9883871186651488
2.0,42,198,0,0,-5.135656719331304
2.0,42,199,0,1,0.48538021757993877
2.0,42,200,1,1,1.2392960883006894
2.0,42,201,0,0,-5.417478992675533
2.0,42,202,0,0,-0.8685470127471019
2.0,42,203,0,0,-5.310292681624876
2.0,42,204,1,1,1.6160368103222473
2.0,42,205,1,0,-2.7305269044156946
2.0,42,206,1,0,-0.8238813370775296
2.0,42,207,0,1,0.1817898005811859
2.0,42,208,0,1,1.6828518552330816
2.0,42,209,0,0,-0.4379340763238254
2.0,42,210,1,1,0.007806222856460737
2.0,42,211,1,0,-0.6504430615315475
2.0,42,212,1,1,1.0070331792729377
2.0,42,213,0,1,2.1819929544699983
2.0,42,214,0,0,-10.953678236326562
2.0,42,215,0,0,-7.042876202607603
2.0,42,216,1,1,1.4792783262057125
2.0,42,217,0,0,-0.8574537928786106
2.0,42,218,1,0,-0.1412784369241128
2.0,42,219,1,0,-2.2357130164475905
2.0,42,220,1,1,5.746380382097422
2.0,42,221,1,0,-0.9008607604725585
2.0,42,222,1,0,-0.6649854491316703
2.0,42,223,1,1,1.5905971362279216
2.0,42,224,1,1,3.2802778009052713
2.0,42,225,0,1,0.26581507154532735
2.0,42,226,1,1,1.8789817124572212
2.0,42,227,0,1,1.1999692597940763
2.0,42,228,0,0,-6.714740951754598
2.0,42,229,0,0,-0.908677511848453
2.0,42,230,1,1,2.7261591827527005
2.0,42,231,0,1,1.4367130724121462
2.0,42,232,1,1,0.4370411543853875
2.0,42,233,1,1,0.8786007668441315
2.0,42,234,1,1,1.2356369048334113
2.0,42,235,0,0,-4.321762396604571
2.0,42,236,1,1,0.06356049029850533
2.0,42,237,1,1,2.9298533602783308
2.0,42,238,0,1,4.269137517261461
2.0,42,239,0,0,-0.03739339262602512
2.0,42,240,0,1,3.62394127261264
2.0,42,241,1,0,-3.0323472595677234
2.0,42,242,1,0,-4.375710741326412
2.0,42,243,0,1,0.5045672660286377
2.0,42,244,1,1,2.3288517123699704
2.0,42,245,1,1,6.222329590127691
2.0,42,246,0,1,1.6988152506112093
2.0,42,247,1,1,2.601430699298008
2.0,42,248,1,1,0.31996079339897815
2.0,42,249,1,1,0.5519444203132632
2.0,42,250,1,1,1.264068812801171
2.0,42,251,1,1,5.433004773083943
2.0,42,252,0,0,-2.618156227280023
2.0,42,253,1,1,0.8416310224302874
2.0,42,254,0,0,-2.362857600955398
2.0,42,255,1,1,2.099844794387759
2.0,42,256,0,1,2.388545863869178
2.0,42,257,0,1,0.9717350726345163
2.0,42,258,0,1,1.7074571710838338
2.0,42,259,0,0,-0.3823754839435639
2.0,42,260,0,0,-7.353326186607568
2.0,42,261,0,1,3.0531141841700493
2.0,42,262,1,1,3.5072415472989054
2.0,42,263,1,1,2.147299855990411
2.0,42,264,1,0,-0.43741318214012115
2.0,42,265,0,0,-0.9940370104214957
2.0,42,266,1,1,2.3900606829720523
2.0,42,267,1,1,1.5384485148744096
2.0,42,268,1,1,2.005375641893582
2.0,42,269,0,0,-0.6084211817170608
2.0,42,270,1,0,-4.646224918363151
2.0,42,271,0,0,-0.11249057393398418
2.0,42,272,0,0,-1.5024682101566214
2.0,42,273,1,0,-0.3170390628111315
2.0,42,274,1,1,2.0610907082796532
2.0,42,275,0,0,-2.4105334031045498
2.0,42,276,0,0,-5.84546143229303
2.0,42,277,1,0,-0.1468289960961153
2.0,42,278,0,0,-6.073073656109848
2.0,42,279,0,0,-5.419277372124519
2.0,42,280,1,1,3.648544303393287
2.0,42,281,0,0,-10.145010218555543
2.0,42,282,0,1,0.17451432480930348
2.0,42,283,0,1,1.3891885909506874
2.0,42,284,1,1,0.42290131170827017
2.0,42,285,0,0,-2.2114643271664693
2.0,42,286,0,1,3.042755447914645
2.0,42,287,1,1,1.75738841956638
2.0,42,288,1,0,-0.18923102355080607
2.0,42,289,0,0,-1.594965866941128
2.0,42,290,0,0,-0.7403873391220428
2.0,42,291,1,1,6.895217862186591
2.0,42,292,1,1,4.132519423436488
2.0,42,293,1,1,2.2085361058065653
2.0,42,294,0,0,-2.308023367354219
2.0,42,295,1,0,-1.215296322701498
2.0,42,296,0,1,4.737458261468628
2.0,42,297,1,1,4.454026178245118
2.0,42,298,1,0,-0.9895024250461147
2.0,42,299,1,1,3.023226937004245
2.0,42,300,0,1,3.4644173026093985
2.0,42,301,1,1,0.1419386183063065
2.0,42,302,1,0,-1.1035056255196998
2.0,42,303,0,1,0.8238082430718654
2.0,42,304,1,1,3.616352649431089
2.0,42,305,0,1,2.538282301761695
2.0,42,306,0,0,-2.2566756744177243
2.0,42,307,0,0,-2.766160019087336
2.0,42,308,0,1,2.1921585669021164
2.0,42,309,0,0,-3.7830462652554786
2.0,42,310,0,1,0.6972968394890909
2.0,42,311,0,1,0.07015529617235072
2.0,42,312,0,0,-1.2354286147875582
2.0,42,313,0,0,-10.372157440205296
2.0,42,314,0,0,-2.501095124916923
2.0,42,315,0,0,-3.1090195643281655
2.5,42,0,0,1,4.070074999346058
2.5,42,1,1,0,-1.6941442422353818
2.5,42,2,0,0,-0.7145595027271884
2.5,42,3,1,0,-1.1331752574680982
2.5,42,4,0,0,-4.879539413719811
2.5,42,5,1,0,-2.296627421693774
2.5,42,6,0,0,-2.410823151487004
2.5,42,7,1,0,-1.2480090474915007
2.5,42,8,0,1,2.172332756797734
2.5,42,9,0,0,-2.181708772389906
2.5,42,10,1,0,-4.850163657954627
2.5,42,11,1,1,2.8908245283794476
2.5,42,12,0,0,-0.6949648996450251
2.5,42,13,0,0,-9.674357891578099
2.5,42,14,1,0,-0.48958997842913543
2.5,42,15,1,1,0.42998194968468795
2.5,42,16,1,0,-1.2340189166250706
2.5,42,17,0,0,-6.930858426224795
2.5,42,18,0,1,0.680456798564322
2.5,42,19,1,1,1.2506327528863541
2.5,42,20,0,0,-4.148693814925395
2.5,42,21,0,0,-6.707318533131833
2.5,42,22,1,1,5.4681471842766864
2.5,42,23,0,0,-0.6918302151890987
2.5,42,24,1,1,0.4126855776340641
2.5,42,25,0,1,0.4299830988043238
2.5,42,26,0,1,2.1246113286163957
2.5,42,27,0,0,-2.0145617839886443
2.5,42,28,0,0,-2.9345853046631096
2.5,42,29,0,1,4.261606349028054
2.5,42,30,0,1,3.3845437272916454
2.5,42,31,0,0,-6.035211236193433
2.5,42,32,1,1,3.055266607367972
2.5,42,33,1,1,3.392784022763253
2.5,42,34,1,1,1.1179107154994725
2.5,42,35,1,0,-3.2629082662255087
2.5,42,36,1,1,0.7176230288035759
2.5,42,37,1,0,-5.7932898329116975
2.5,42,38,0,0,-0.5700300275643
2.5,42,39,1,0,-2.2643127411944812
2.5,42,40,0,1,1.693808260472037
2.5,42,41,1,0,-0.36152509377709513
2.5,42,42,0,0,-3.547382442097955
2.5,42,43,0,0,-10.261825288482603
2.5,42,44,1,1,2.3701635481493053
2.5,42,45,0,0,-0.014670586955442932
2.5,42,46,1,0,-2.325105405062964
2.5,42,47,1,1,2.142376040807832
2.5,42,48,0,0,-7.849610894851072
2.5,42,49,1,0,-3.3276556121771512
2.5,42,50,1,1,3.380028560951342
2.5,42,51,0,1,2.0315171758562545
2.5,42,52,0,1,1.8696508454892249
2.5,42,53,1,0,-0.4227673143342666
2.5,42,54,0,0,-1.8899507736540535
2.5,42,55,0,0,-5.682665009613947
2.5,42,56,1,1,3.106705251871937
2.5,42,57,0,1,1.3447034601804022
2.5,42,58,1,1,0.9988692505098915
2.5,42,59,0,0,-3.43579036276287
2.5,42,60,1,0,-2.903293719969724
2.5,42,61,0,1,4.3351394176916
2.5,42,62,0,0,-0.013081447023853443
2.5,42,63,1,0,-0.348217632010834
2.5,42,64,0,0,-1.651511276762605
2.5,42,65,0,1,3.9671276623586045
2.5,42,66,0,0,-0.9965006141319341
2.5,42,67,0,1,1.4488447259553026
2.5,42,68,0,1,0.5684588341864971
2.5,42,69,1,0,-1.1659588112927761
2.5,42,70,0,0,-0.8140889139198991
2.5,42,71,1,0,-0.4520099923098606
2.5,42,72,0,1,2.9169171747876024
2.5,42,73,0,1,0.6742355351657554
2.5,42,74,0,1,1.7454912521566786
2.5,42,75,0,0,-3.1397780792671584
2.5,42,76,0,0,-0.6602792407124227
2.5,42,77,1,0,-0.2056085176954208
2.5,42,78,1,0,-1.5762190444414705
2.5,42,79,1,0,-2.192231641998291
2.5,42,80,0,1,4.18820749029169
2.5,42,81,1,1,0.28595713398580547
2.5,42,82,0,1,0.5332365218441024
2.5,42,83,1,1,0.2012163029277198
2.5,42,84,1,0,-1.8082768541318697
2.5,42,85,1,0,-0.2455803927620953
2.5,42,86,1,1,0.47604825040940363
2.5,42,87,1,0,-0.5667679494635375
2.5,42,88,1,1,2.409873974452231
2.5,42,89,1,1,1.0542827346236656
2.5,42,90,1,1,1.1424215299481264
2.5,42,91,1,1,0.8065232996485096
2.5,42,92,0,0,-1.1212998782388823
2.5,42,93,0,0,-2.1682535541525993
2.5,42,94,0,1,1.9583261005890635
2.5,42,95,0,0,-1.406122713652296
2.5,42,96,1,0,-3.682419927487086
2.5,42,97,1,0,-2.2797472475562137
2.5,42,98,1,1,1.017209483067093
2.5,42,99,0,1,3.267405015218459
2.5,42,100,1,1,0.7230218327115855
2.5,42,101,1,1,0.20493873517222772
2.5,42,102,1,0,-1.3292747862941712
2.5,42,103,0,0,-2.423467208308361
2.5,42,104,1,1,0.8603321959026542
2.5,42,105,0,0,-0.2875697496310198
2.5,42,106,1,1,1.0488937267146223
2.5,42,107,1,1,1.1562967589375162
2.5,42,108,1,0,-1.1993742758487804
2.5,42,109,0,1,0.20456297724732825
2.5,42,110,1,1,1.1783112797953241
2.5,42,111,0,1,0.4494124650355783
2.5,42,112,1,1,0.9597870393922325
2.5,42,113,0,0,-6.580468743665635
2.5,42,114,0,0,-2.1318577428623082
2.5,42,115,0,1,1.5030151785302488
2.5,42,116,1,1,4.830569222586519
2.5,42,117,0,0,-9.200049719826215
2.5,42,118,0,1,0.8706599532886792
2.5,42,119,1,0,-0.013589905291060744
2.5,42,120,1,1,3.2758910409745554
2.5,42,121,1,1,2.002879867112334
2.5,42,122,1,1,1.2130369567448178
2.5,42,123,0,0,-3.7336727131817304
2.5,42,124,1,0,-2.0467778447382137
2.5,42,125,1,1,0.5238688847887305
2.5,42,126,0,1,1.3752065037237124
2.5,42,127,0,1,1.4823711273525357
2.5,42,128,1,0,-0.09450887410244108
2.5,42,129,1,1,2.531193348987903
2.5,42,130,1,1,1.2625969702788473
2.5,42,131,1,1,0.282585304123676
2.5,42,132,1,1,5.6503659880009165
2.5,42,133,0,1,3.038440522620633
2.5,42,134,0,1,3.6427001805773123
2.5,42,135,0,0,-9.622726397354862
2.5,42,136,0,0,-2.965715445987762
2.5,42,137,1,1,3.4398800466462363
2.5,42,138,1,1,4.988048113246103
2.5,42,139,0,0,-1.8868334171049876
2.5,42,140,1,1,1.3135971159990654
2.5,42,141,1,0,-1.734369003982663
2.5,42,142,1,1,2.0483082006888265
2.5,42,143,1,1,4.600768787798897
2.5,42,144,1,1,1.3159317375310362
2.5,42,145,1,1,3.7295590407285717
2.5,42,146,1,1,2.0255728585135757
2.5,42,147,0,1,3.100657265597358
2.5,42,148,0,0,-1.5578912253122372
2.5,42,149,0,0,-5.997923794351669
2.5,42,150,1,1,2.7667770398568643
2.5,42,151,1,0,-0.4367302794453741
2.5,42,152,0,0,-2.409942632275874
2.5,42,153,0,0,-0.6259887953626203
2.5,42,154,1,1,0.8070240896908242
2.5,42,155,1,1,0.5361860675024632
2.5,42,156,0,0,-4.368319934482667
2.5,42,157,0,1,1.8779467677262274
2.5,42,158,0,0,-5.323249447782014
2.5,42,159,0,0,-1.0644268255170017
2.5,42,160,0,1,2.9431329635816668
2.5,42,161,1,1,8.476485401752154
2.5,42,162,1,0,-2.6243782371914723
2.5,42,163,1,1,2.647273344649992
2.5,42,164,1,1,2.8156563650744872
2.5,42,165,1,1,0.13714183298295385
2.5,42,166,1,0,-1.7722269340523717
2.5,42,167,0,0,-5.167174719201694
2.5,42,168,1,1,4.848807503010717
2.5,42,169,0,1,0.8460627357793072
2.5,42,170,1,1,1.989298165381324
2.5,42,171,1,0,-3.037095089138503
2.5,42,172,0,0,-2.4939104919326733
2.5,42,173,1,1,4.105302739760378
2.5,42,174,0,0,-6.5719271280870135
2.5,42,175,0,1,1.3742879666001664
2.5,42,176,1,1,0.8850457952098367
2.5,42,177,1,1,2.850562141013215
2.5,42,178,1,1,1.3504137484062844
2.5,42,179,0,0,-6.084720422675475
2.5,42,180,0,0,-3.1340348562258744
2.5,42,181,1,1,11.695210542273257
2.5,42,182,0,0,-1.5560533513871424
2.5,42,183,0,0,-1.4368530552877994
2.5,42,184,0,0,-1.5863467308041521
2.5,42,185,0,0,-3.0149205464566564
2.5,42,186,0,0,-1.2669146279184598
2.5,42,187,1,0,-0.04507014071662041
2.5,42,188,1,1,0.8137958305196233
2.5,42,189,0,0,-0.5451615771101475
2.5,42,190,0,1,9.16297184301845
2.5,42,191,0,1,1.8627760482847469
2.5,42,192,0,0,-1.8940830801139514
2.5,42,193,1,1,0.7211125760447901
2.5,42,194,0,0,-3.9821254536811255
2.5,42,195,0,0,-3.7666356181986305
2.5,42,196,0,1,2.293425038728475
2.5,42,197,1,1,1.0019052627606655
2.5,42,198,0,0,-5.455751268349061
2.5,42,199,0,1,0.6121794652232804
2.5,42,200,1,1,1.415551756213414
2.5,42,201,0,0,-5.853597901432229
2.5,42,202,0,0,-1.0098273059701584
2.5,42,203,0,0,-5.997230166591752
2.5,42,204,1,1,1.752011471881327
2.5,42,205,1,0,-3.0305830794795834
2.5,42,206,1,0,-0.8603211508825893
2.5,42,207,0,1,0.021613443478948557
2.5,42,208,0,1,1.8119388389438744
2.5,42,209,0,0,-0.5225901635225195
2.5,42,210,1,0,-0.04683354779713689
2.5,42,211,1,0,-0.49606752543064864
2.5,42,212,1,1,0.9890095451954491
2.5,42,213,0,1,2.383030098285787
2.5,42,214,0,0,-11.84757973813459
2.5,42,215,0,0,-7.69026677105084
2.5,42,216,1,1,1.7827774616629477
2.5,42,217,0,0,-0.7947068408333504
2.5,42,218,1,0,-0.35003809954855514
2.5,42,219,1,0,-2.553049311512034
2.5,42,220,1,1,6.865325842012
2.5,42,221,1,0,-0.989117513431762
2.5,42,222,1,0,-0.8905435358075136
2.5,42,223,1,1,1.8108419867508219
2.5,42,224,1,1,3.72242060160283
2.5,42,225,0,1,0.2388639949016251
2.5,42,226,1,1,1.9957488595047694
2.5,42,227,0,1,1.2686820080964334
2.5,42,228,0,0,-7.251480557410176
2.5,42,229,0,0,-1.0495406480608385
2.5,42,230,1,1,3.1624821459158112
2.5,42,231,0,1,1.4835511952524567
2.5,42,232,1,1,0.42409666775519594
2.5,42,233,1,1,0.9800204716053654
2.5,42,234,1,1,1.2152835272436533
2.5,42,235,0,0,-4.698732627900407
2.5,42,236,1,0,-0.04927163471106491
2.5,42,237,1,1,3.0659794779736704
2.5,42,238,0,1,4.782980954135801
2.5,42,239,0,0,-0.11604692489397339
2.5,42,240,0,1,3.690772196079451
2.5,42,241,1,0,-3.21264675944844
2.5,42,242,1,0,-4.813515171170513
2.5,42,243,0,1,0.5620233500025761
2.5,42,244,1,1,2.5413102138727264
2.5,42,245,1,1,6.518215066264235
2.5,42,246,0,1,1.7201006941036547
2.5,42,247,1,1,2.95646702739309
2.5,42,248,1,1,0.45372073746535907
2.5,42,249,1,1,0.505789435012351
2.5,42,250,1,1,1.2450945901241317
2.5,42,251,1,1,5.727087118068343
2.5,42,252,0,0,-2.6931359547200358
2.5,42,253,1,1,0.8163192963744981
2.5,42,254,0,0,-2.6582259136158384
2.5,42,255,1,1,2.3623685221836097
2.5,42,256,0,1,2.4208336590198245
2.5,42,257,0,1,0.9098601098464553
2.5,42,258,0,1,1.822551962150666
2.5,42,259,0,0,-0.3794098944204919
2.5,42,260,0,0,-8.061611724379041
2.5,42,261,0,1,3.377021792738106
2.5,42,262,1,1,3.820220303430308
2.5,42,263,1,1,2.1856753863060576
2.5,42,264,1,0,-0.28519403429873813
2.5,42,265,0,0,-1.3263994689434202
2.5,42,266,1,1,2.353946709075275
2.5,42,267,1,1,1.8473798403052164
2.5,42,268,1,1,2.0612766802493474
2.5,42,269,0,0,-0.6316293488571252
2.5,42,270,1,0,-5.207853782638901
2.5,42,271,0,0,-0.1776559369114049
2.5,42,272,0,0,-1.605130184684187
2.5,42,273,1,0,-0.4585719252726963
2.5,42,274,1,1,2.1983259512243474
2.5,42,275,0,0,-2.6657035941426797
2.5,42,276,0,0,-6.394308033508038
2.5,42,277,1,0,-0.39926488174894514
2.5,42,278,0,0,-6.626342954055218
2.5,42,279,0,0,-5.809870564803512
2.5,42,280,1,1,3.9452157624119697
2.5,42,281,0,0,-10.769893811298246
2.5,42,282,0,1,0.19252921848311588
2.5,42,283,0,1,1.508102192954054
2.5,42,284,1,1,0.48864332048213
2.5,42,285,0,0,-2.404829311731215
2.5,42,286,0,1,3.255053295044635
2.5,42,287,1,1,2.109977452250931
2.5,42,288,1,0,-0.129023175927032
2.5,42,289,0,0,-1.6375219345468242
2.5,42,290,0,0,-0.8625757188111353
2.5,42,291,1,1,7.305769836946997
2.5,42,292,1,1,4.49757548369139
2.5,42,293,1,1,2.393788922918234
2.5,42,294,0,0,-2.399987449539925
2.5,42,295,1,0,-1.2995454489865355
2.5,42,296,0,1,5.097121039704363
2.5,42,297,1,1,4.863549112107093
2.5,42,298,1,0,-1.255049394470929
2.5,42,299,1,1,3.1019263783640243
2.5,42,300,0,1,3.6801607308854343
2.5,42,301,1,1,0.253039608600949
2.5,42,302,1,0,-1.2714092602122506
2.5,42,303,0,1,0.735060087879218
2.5,42,304,1,1,3.9522311913149353
2.5,42,305,0,1,2.7306662145185405
2.5,42,306,0,0,-2.3676984940508485
2.5,42,307,0,0,-2.886758047018238
2.5,42,308,0,1,2.3267992421851855
2.5,42,309,0,0,-3.7466917037654848
2.5,42,310,0,1,0.986287332559407
2.5,42,311,0,1,0.09755750190082646
2.5,42,312,0,0,-1.379485061707686
2.5,42,313,0,0,-11.206556191642925
2.5,42,314,0,0,-2.74798220385083
2.5,42,315,0,0,-3.6478814977893337
3.0,42,0,0,1,4.358346817450286
3.0,42,1,1,0,-1.3944810071922458
3.0,42,2,0,0,-0.7741108798998049
3.0,42,3,1,0,-1.3120503158864505
3.0,42,4,0,0,-5.3034300638377205
3.0,42,5,1,0,-2.4958968560991113
3.0,42,6,0,0,-2.4980925260449074
3.0,42,7,1,0,-1.176433638919189
3.0,42,8,0,1,2.328782440914175
3.0,42,9,0,0,-2.3359644432566093
3.0,42,10,1,0,-4.97314760254196
3.0,42,11,1,1,3.185164370721282
3.0,42,12,0,0,-0.7702750773047041
3.0,42,13,0,0,-10.43104720714533
3.0,42,14,1,0,-0.2906047256221622
3.0,42,15,1,1,0.41845889002785774
3.0,42,16,1,0,-1.2495383873840673
3.0,42,17,0,0,-7.4132799294059115
3.0,42,18,0,1,0.6704508562657581
3.0,42,19,1,1,1.2652898322258104
3.0,42,20,0,0,-4.541976883229763
3.0,42,21,0,0,-7.032214593299941
3.0,42,22,1,1,5.886056260522278
3.0,42,23,0,0,-0.7122745392165875
3.0,42,24,1,1,0.47028049541802497
3.0,42,25,0,1,0.439915073838324
3.0,42,26,0,1,2.323652723966257
3.0,42,27,0,0,-2.1987827159714723
3.0,42,28,0,0,-3.100356985091135
3.0,42,29,0,1,4.461561613684422
3.0,42,30,0,1,3.4218110896058276
3.0,42,31,0,0,-6.401713352872188
3.0,42,32,1,1,3.26885018880306
3.0,42,33,1,1,3.8189547470269125
3.0,42,34,1,1,1.209458285917596
3.0,42,35,1,0,-3.4824336994404934
3.0,42,36,1,1,0.7775291325982445
3.0,42,37,1,0,-6.210864494246506
3.0,42,38,0,0,-0.6262057800428824
3.0,42,39,1,0,-2.4651652924230185
3.0,42,40,0,1,1.789852798976671
3.0,42,41,1,0,-0.35083816719392186
3.0,42,42,0,0,-3.7778654211490044
3.0,42,43,0,0,-11.343632028567447
3.0,42,44,1,1,2.472470982862158
3.0,42,45,0,1,0.011082365980720377
3.0,42,46,1,0,-2.5037169236159342
3.0,42,47,1,1,2.3255719380562225
3.0,42,48,0,0,-8.452129684176054
3.0,42,49,1,0,-3.51139106406989
3.0,42,50,1,1,3.551933300687167
3.0,42,51,0,1,2.1960593457799957
3.0,42,52,0,1,2.100085276238449
3.0,42,53,1,0,-0.41592120524739973
3.0,42,54,0,0,-2.0940353665426965
3.0,42,55,0,0,-6.206373059015765
3.0,42,56,1,1,3.3245130438229213
3.0,42,57,0,1,1.3703328886782917
3.0,42,58,1,1,1.081472713818671
3.0,42,59,0,0,-3.818465716667331
3.0,42,60,1,0,-2.9731333444737897
3.0,42,61,0,1,4.669676426308218
3.0,42,62,0,1,0.09497821331963013
3.0,42,63,1,0,-0.3283214029089696
3.0,42,64,0,0,-1.7783353416749765
3.0,42,65,0,1,4.234443608169996
3.0,42,66,0,0,-1.1354371093123192
3.0,42,67,0,1,1.5760127595252942
3.0,42,68,0,1,0.5636492167727867
3.0,42,69,1,0,-1.2923004278368788
3.0,42,70,0,0,-0.8285213114312684
3.0,42,71,1,0,-0.5137685263897719
3.0,42,72,0,1,3.139938955398632
3.0,42,73,0,1,0.7731632377873382
3.0,42,74,0,1,1.9633114194960977
3.0,42,75,0,0,-3.4329226330061156
3.0,42,76,0,0,-0.7313604270584836
3.0,42,77,1,0,-0.1462734916318119
3.0,42,78,1,0,-1.7035225564925627
3.0,42,79,1,0,-2.29254081067339
3.0,42,80,0,1,4.357445784730809
3.0,42,81,1,1,0.31399512896283155
3.0,42,82,0,1,0.7045405408922085
3.0,42,83,1,1,0.20798813243122988
3.0,42,84,1,0,-1.9945192445912752
3.0,42,85,1,0,-0.26679191298955574
3.0,42,86,1,1,0.4894544778121716
3.0,42,87,1,0,-0.5993973714598826
3.0,42,88,1,1,2.557881744736142
3.0,42,89,1,1,1.123816799274272
3.0,42,90,1,1,1.0192939907586116
3.0,42,91,1,1,0.9168666191361934
3.0,42,92,0,0,-1.2667470845030895
3.0,42,93,0,0,-2.234000040976553
3.0,42,94,0,1,2.0494416175102796
3.0,42,95,0,0,-1.4988242996506727
3.0,42,96,1,0,-4.111697659595994
3.0,42,97,1,0,-2.3133074841504455
3.0,42,98,1,1,1.1957226573530457
3.0,42,99,0,1,3.506336080789016
3.0,42,100,1,1,0.6148613506624414
3.0,42,101,1,1,0.10899107271398092
3.0,42,102,1,0,-1.411942833834432
3.0,42,103,0,0,-2.574525093326392
3.0,42,104,1,1,1.0274799239597834
3.0,42,105,0,0,-0.2440910010354897
3.0,42,106,1,1,1.0199187950374164
3.0,42,107,1,1,1.1873216111018337
3.0,42,108,1,0,-1.2741996069561445
3.0,42,109,0,1,0.3655144233858402
3.0,42,110,1,1,1.1142629087053977
3.0,42,111,0,1,0.5538385695821033
3.0,42,112,1,1,0.9596731540569514
3.0,42,113,0,0,-7.150486145741085
3.0,42,114,0,0,-2.21904338690032
3.0,42,115,0,1,1.6624276284546786
3.0,42,116,1,1,5.351620696278986
3.0,42,117,0,0,-9.74484623772509
3.0,42,118,0,1,0.9498113874873274
3.0,42,119,1,0,-0.3994926842335908
3.0,42,120,1,1,3.380281783793921
3.0,42,121,1,1,1.930888218776777
3.0,42,122,1,1,1.336137981425149
3.0,42,123,0,0,-3.9895105697712503
3.0,42,124,1,0,-2.1759667887505914
3.0,42,125,1,1,0.5086131333043608
3.0,42,126,0,1,1.4947483037018041
3.0,42,127,0,1,1.3810162951479248
3.0,42,128,1,0,-0.2227171009949142
3.0,42,129,1,1,2.7040532888932414
3.0,42,130,1,1,1.2744910876724032
3.0,42,131,1,1,0.14693666759752658
3.0,42,132,1,1,5.994236690600528
3.0,42,133,0,1,3.405625574974023
3.0,42,134,0,1,3.913371353808846
3.0,42,135,0,0,-10.257900075374021
3.0,42,136,0,0,-2.813417351448559
3.0,42,137,1,1,3.6924651922672775
3.0,42,138,1,1,5.305776500446809
3.0,42,139,0,0,-1.8825565302450662
3.0,42,140,1,1,1.3544501572984728
3.0,42,141,1,0,-1.8996378038952542
3.0,42,142,1,1,2.1586911066267174
3.0,42,143,1,1,4.793552007686173
3.0,42,144,1,1,1.404410306350212
3.0,42,145,1,1,4.059852128182034
3.0,42,146,1,1,2.0008225234530763
3.0,42,147,0,1,3.3489216587801427
3.0,42,148,0,0,-1.555090501113511
3.0,42,149,0,0,-6.318547149719495
3.0,42,150,1,1,3.0097607582203145
3.0,42,151,1,0,-0.3978710628514863
3.0,42,152,0,0,-2.499801190984688
3.0,42,153,0,0,-0.828733919366311
3.0,42,154,1,1,0.9011449013224937
3.0,42,155,1,1,0.6043890030056313
3.0,42,156,0,0,-4.6960011237124855
3.0,42,157,0,1,1.9391237190149968
3.0,42,158,0,0,-5.6535219399637615
3.0,42,159,0,0,-1.16454036535039
3.0,42,160,0,1,3.154815873589459
3.0,42,161,1,1,9.165966861359555
3.0,42,162,1,0,-2.7480188107553993
3.0,42,163,1,1,3.071277085662238
3.0,42,164,1,1,2.9813431474217853
3.0,42,165,1,1,0.18960516591940785
3.0,42,166,1,0,-1.9622510231253876
3.0,42,167,0,0,-5.39195660105592
3.0,42,168,1,1,5.233021681211617
3.0,42,169,0,1,0.9243083183308582
3.0,42,170,1,1,2.178672233985299
3.0,42,171,1,0,-3.0677777330407876
3.0,42,172,0,0,-2.624586637075089
3.0,42,173,1,1,4.511298194462345
3.0,42,174,0,0,-6.678222067951993
3.0,42,175,0,1,1.607536308796103
3.0,42,176,1,1,0.8418185694602479
3.0,42,177,1,1,3.0293494971334813
3.0,42,178,1,1,1.206997889143676
3.0,42,179,0,0,-6.420850008226787
3.0,42,180,0,0,-3.309994684338675
3.0,42,181,1,1,12.428881971660383
3.0,42,182,0,0,-1.6813754143894923
3.0,42,183,0,0,-1.3351771641277836
3.0,42,184,0,0,-1.846268239060595
3.0,42,185,0,0,-3.3278086966034213
3.0,42,186,0,0,-1.4601285797509773
3.0,42,187,1,0,-0.060874998386557244
3.0,42,188,1,1,0.7334588337510008
3.0,42,189,0,0,-0.6262402448530913
3.0,42,190,0,1,9.907060891408184
3.0,42,191,0,1,2.0009596572179156
3.0,42,192,0,0,-2.0749543728913493
3.0,42,193,1,1,0.8197153926216889
3.0,42,194,0,0,-4.308181810611577
3.0,42,195,0,0,-4.2501192910640535
3.0,42,196,0,1,2.5181394650884976
3.0,42,197,1,1,1.0183143885903227
3.0,42,198,0,0,-5.741953047346649
3.0,42,199,0,1,0.7283409453706411
3.0,42,200,1,1,1.5766224164264346
3.0,42,201,0,0,-6.219962278038794
3.0,42,202,0,0,-1.1405304560536496
3.0,42,203,0,0,-6.614886011923815
3.0,42,204,1,1,1.8621695450381828
3.0,42,205,1,0,-3.302220639411992
3.0,42,206,1,0,-0.904934096246034
3.0,42,207,0,0,-0.11266083400490887
3.0,42,208,0,1,1.908125477055918
3.0,42,209,0,0,-0.5915675730322654
3.0,42,210,1,0,-0.09628563921945596
3.0,42,211,1,0,-0.36254119986855265
3.0,42,212,1,1,0.9641617100830902
3.0,42,213,0,1,2.545227115054159
3.0,42,214,0,0,-12.639652753373888
3.0,42,215,0,0,-8.252138251803666
3.0,42,216,1,1,2.047189320457656
3.0,42,217,0,0,-0.7265401317985626
3.0,42,218,1,0,-0.5233053647402544
3.0,42,219,1,0,-2.8450306292990946
3.0,42,220,1,1,7.861766388610233
3.0,42,221,1,0,-1.036965721522169
3.0,42,222,1,0,-1.0988827527703702
3.0,42,223,1,1,2.0222580983098304
3.0,42,224,1,1,4.122479273201998
3.0,42,225,0,1,0.19518509497848024
3.0,42,226,1,1,2.0833022243713395
3.0,42,227,0,1,1.3345085384618611
3.0,42,228,0,0,-7.725762434019139
3.0,42,229,0,0,-1.1669126921975916
3.0,42,230,1,1,3.549937530672799
3.0,42,231,0,1,1.5139814736906376
3.0,42,232,1,1,0.41472774736882423
3.0,42,233,1,1,1.054743175817978
3.0,42,234,1,1,1.1904092786154377
3.0,42,235,0,0,-5.02557819667852
3.0,42,236,1,0,-0.14147093499661334
3.0,42,237,1,1,3.1922229018674586
3.0,42,238,0,1,5.227686498702078
3.0,42,239,0,0,-0.17826328459286442
3.0,42,240,0,1,3.736701916895038
3.0,42,241,1,0,-3.3565410201998334
3.0,42,242,1,0,-5.223487241097107
3.0,42,243,0,1,0.6136876360941483
3.0,42,244,1,1,2.7412983768533965
3.0,42,245,1,1,6.782612793110391
3.0,42,246,0,1,1.730646731519252
3.0,42,247,1,1,3.27791735240553
3.0,42,248,1,1,0.5934483604220158
3.0,42,249,1,1,0.46730523003306274
3.0,42,250,1,1,1.2178641944648645
3.0,42,251,1,1,5.984843462088449
3.0,42,252,0,0,-2.765745480988554
3.0,42,253,1,1,0.8156371133437097
3.0,42,254,0,0,-2.949696851230405
3.0,42,255,1,1,2.598452197833976
3.0,42,256,0,1,2.4407868976458493
3.0,42,257,0,1,0.8180256086741811
3.0,42,258,0,1,1.9215246095451686
3.0,42,259,0,0,-0.37195428111782997
3.0,42,260,0,0,-8.712020126537572
3.0,42,261,0,1,3.6820630068438667
3.0,42,262,1,1,4.102333778106881
3.0,42,263,1,1,2.21422853251814
3.0,42,264,1,0,-0.15258110185958768
3.0,42,265,0,0,-1.6127192781724697
3.0,42,266,1,1,2.2955735861751028
3.0,42,267,1,1,2.1234065480502786
3.0,42,268,1,1,2.1097557649551253
3.0,42,269,0,0,-0.6582565382038699
3.0,42,270,1,0,-5.69965987050779
3.0,42,271,0,0,-0.2402086415443194
3.0,42,272,0,0,-1.6954077932503075
3.0,42,273,1,0,-0.5803412181206892
3.0,42,274,1,1,2.3181850744812853
3.0,42,275,0,0,-2.889944744362115
3.0,42,276,0,0,-6.851336180018893
3.0,42,277,1,0,-0.629085287376791
3.0,42,278,0,0,-7.130297314359754
3.0,42,279,0,0,-6.137488257732001
3.0,42,280,1,1,4.211152205073157
3.0,42,281,0,0,-11.317635221736609
3.0,42,282,0,1,0.20424363495552703
3.0,42,283,0,1,1.5968008042921258
3.0,42,284,1,1,0.5473483879670111
3.0,42,285,0,0,-2.5769141284483577
3.0,42,286,0,1,3.436566959458253
3.0,42,287,1,1,2.4484890871044924
3.0,42,288,1,0,-0.07421120905374107
3.0,42,289,0,0,-1.660316717037603
3.0,42,290,0,0,-0.9823233355428035
3.0,42,291,1,1,7.659471657552545
3.0,42,292,1,1,4.812609963185435
3.0,42,293,1,1,2.559908597997432
3.0,42,294,0,0,-2.47935106324293
3.0,42,295,1,0,-1.3711571611900664
3.0,42,296,0,1,5.418112189009527
3.0,42,297,1,1,5.223070645374366
3.0,42,298,1,0,-1.507279265300416
3.0,42,299,1,1,3.1750041958156676
3.0,42,300,0,1,3.869800378238313
3.0,42,301,1,1,0.358963580974971
3.0,42,302,1,0,-1.428268617809327
3.0,42,303,0,1,0.6470276687394921
3.0,42,304,1,1,4.251093341287679
3.0,42,305,0,1,2.8923851496004573
3.0,42,306,0,0,-2.4741689469127244
3.0,42,307,0,0,-2.985177279194601
3.0,42,308,0,1,2.418582575849069
3.0,42,309,0,0,-3.6869684416998534
3.0,42,310,0,1,1.2154106024628955
3.0,42,311,0,1,0.11862535248776479
3.0,42,312,0,0,-1.502209675315646
3.0,42,313,0,0,-11.93617109277797
3.0,42,314,0,0,-2.9628803344048418
3.0,42,315,0,0,-4.1237039367594415
4.0,42,0,0,1,4.7928102989558985
4.0,42,1,1,0,-0.8332041514072004
4.0,42,2,0,0,-0.8880968112105838
4.0,42,3,1,0,-1.6283971354105202
4.0,42,4,0,0,-6.021897611310681
4.0,42,5,1,0,-2.8675242571186352
4.0,42,6,0,0,-2.6396338385272053
4.0,42,7,1,0,-1.0463022705854532
4.0,42,8,0,1,2.607720636925053
4.0,42,9,0,0,-2.600200436417654
4.0,42,10,1,0,-5.177917556601905
4.0,42,11,1,1,3.7240142185794483
4.0,42,12,0,0,-0.8865084935157248
4.0,42,13,0,0,-11.757879047326895
4.0,42,14,1,1,0.08574455078427434
4.0,42,15,1,1,0.4002318909696683
4.0,42,16,1,0,-1.2687817540626152
4.0,42,17,0,0,-8.254189566102927
4.0,42,18,0,1,0.6488666915059831
4.0,42,19,1,1,1.3120482048930122
4.0,42,20,0,0,-5.220251678849509
4.0,42,21,0,0,-7.579041375138988
4.0,42,22,1,1,6.595780249691158
4.0,42,23,0,0,-0.7566361994973597
4.0,42,24,1,1,0.5761660429502788
4.0,42,25,0,1,0.46108219184574983
4.0,42,26,0,1,2.6137438741046872
4.0,42,27,0,0,-2.5106390773030376
4.0,42,28,0,0,-3.3764239521807347
4.0,42,29,0,1,4.817326496519142
4.0,42,30,0,1,3.4860658209618673
4.0,42,31,0,0,-6.96239118956634
4.0,42,32,1,1,3.6526914069205025
4.0,42,33,1,1,4.555913671068005
4.0,42,34,1,1,1.3435743483634988
4.0,42,35,1,0,-3.8569925767189397
4.0,42,36,1,1,0.8995496910576187
4.0,42,37,1,0,-6.953492756862525
4.0,42,38,0,0,-0.7288462661239636
4.0,42,39,1,0,-2.798553842985688
4.0,42,40,0,1,1.9663666804580666
4.0,42,41,1,0,-0.317354679041963
4.0,42,42,0,0,-4.178946870368605
4.0,42,43,0,0,-13.218855855222706
4.0,42,44,1,1,2.6437750761782812
4.0,42,45,0,1,0.07290219064260972
4.0,42,46,1,0,-2.81556733564561
4.0,42,47,1,1,2.632264691025896
4.0,42,48,0,0,-9.512970167975617
4.0,42,49,1,0,-3.932120209609042
4.0,42,50,1,1,3.8273089977746175
4.0,42,51,0,1,2.477268689793509
4.0,42,52,0,1,2.5070021817978088
4.0,42,53,1,0,-0.40973813002253634
4.0,42,54,0,0,-2.428322177620286
4.0,42,55,0,0,-7.0990669319348765
4.0,42,56,1,1,3.692254365670217
4.0,42,57,0,1,1.398654385608027
4.0,42,58,1,1,1.2338600287620098
4.0,42,59,0,0,-4.482910073244638
4.0,42,60,1,0,-3.081275699958965
4.0,42,61,0,1,5.280530015092895
4.0,42,62,0,1,0.2969484367118982
4.0,42,63,1,0,-0.2688858290832835
4.0,42,64,0,0,-1.996358590139247
4.0,42,65,0,1,4.686194034576118
4.0,42,66,0,0,-1.3794145170146703
4.0,42,67,0,1,1.7927301957538266
4.0,42,68,0,1,0.5503329407446662
4.0,42,69,1,0,-1.5213197241908953
4.0,42,70,0,0,-0.8499382211406239
4.0,42,71,1,0,-0.6295774225475683
4.0,42,72,0,1,3.5275404823152914
4.0,42,73,0,1,0.9645009594915437
4.0,42,74,0,1,2.367107727089813
4.0,42,75,0,0,-3.94909779717391
4.0,42,76,0,0,-0.8543157312586449
4.0,42,77,1,0,-0.033154543780883505
4.0,42,78,1,0,-1.9057734570180809
4.0,42,79,1,0,-2.4724973860749677
4.0,42,80,0,1,4.661089446451496
4.0,42,81,1,1,0.35388191401427826
4.0,42,82,0,1,1.0195474965267248
4.0,42,83,1,1,0.21751078936836668
4.0,42,84,1,0,-2.3026903273053256
4.0,42,85,1,0,-0.2805194799953453
4.0,42,86,1,1,0.5360341999582567
4.0,42,87,1,0,-0.6335817062947259
4.0,42,88,1,1,2.818088306368291
4.0,42,89,1,1,1.227003555469329
4.0,42,90,1,1,0.7949029744162339
4.0,42,91,1,1,1.1137976537454581
4.0,42,92,0,0,-1.53039159024837
4.0,42,93,0,0,-2.333973231234186
4.0,42,94,0,1,2.2174498461536847
4.0,42,95,0,0,-1.6299710998428085
4.0,42,96,1,0,-4.872899395651234
4.0,42,97,1,0,-2.366761294215009
4.0,42,98,1,1,1.5015843373238598
4.0,42,99,0,1,3.914311412488602
4.0,42,100,1,1,0.41302128578200115
4.0,42,101,1,0,-0.07133844526658273
4.0,42,102,1,0,-1.5449624791502474
4.0,42,103,0,0,-2.861205193978604
4.0,42,104,1,1,1.3107875516146168
4.0,42,105,0,0,-0.17290469991180052
4.0,42,106,1,1,0.9643999877001325
4.0,42,107,1,1,1.2427336247472711
4.0,42,108,1,0,-1.3730653745665191
4.0,42,109,0,1,0.6661761102718424
4.0,42,110,1,1,1.0114210528401795
4.0,42,111,0,1,0.7562133985142023
4.0,42,112,1,1,0.960270568187414
4.0,42,113,0,0,-8.109883586460047
4.0,42,114,0,0,-2.361937437753021
4.0,42,115,0,1,1.9433985817747055
4.0,42,116,1,1,6.280590013066682
4.0,42,117,0,0,-10.690064215256879
4.0,42,118,0,1,1.0906210959379241
4.0,42,119,1,0,-1.1369052221962526
4.0,42,120,1,1,3.5619111239789865
4.0,42,121,1,1,1.7836057559804384
4.0,42,122,1,1,1.553353711741339
4.0,42,123,0,0,-4.439112082909885
4.0,42,124,1,0,-2.4085869904734665
4.0,42,125,1,1,0.4789936835280751
4.0,42,126,0,1,1.6978682359057846
4.0,42,127,0,1,1.218648616957743
4.0,42,128,1,0,-0.46557185467852147
4.0,42,129,1,1,2.987573421935091
4.0,42,130,1,1,1.293826358966784
4.0,42,131,1,0,-0.12634160725439092
4.0,42,132,1,1,6.584285752453691
4.0,42,133,0,1,4.017855267500185
4.0,42,134,0,1,4.372767264428519
4.0,42,135,0,0,-11.330506599442316
4.0,42,136,0,0,-2.495774619610071
4.0,42,137,1,1,4.135941963631709
4.0,42,138,1,1,5.829640772928444
4.0,42,139,0,0,-1.862625132426986
4.0,42,140,1,1,1.4158125603358638
4.0,42,141,1,0,-2.1989269427115063
4.0,42,142,1,1,2.3566700567684595
4.0,42,143,1,1,5.115759558581924
4.0,42,144,1,1,1.5644436770354915
4.0,42,145,1,1,4.624165015239036
4.0,42,146,1,1,1.9508498662364229
4.0,42,147,0,1,3.7706218742009745
4.0,42,148,0,0,-1.5217971924341849
4.0,42,149,0,0,-6.864404503003304
4.0,42,150,1,1,3.415998775076624
4.0,42,151,1,0,-0.31494269081549214
4.0,42,152,0,0,-2.6364247434968155
4.0,42,153,0,0,-1.1924693680591636
4.0,42,154,1,1,1.058299121857878
4.0,42,155,1,1,0.7047856662787164
4.0,42,156,0,0,-5.276725311598953
4.0,42,157,0,1,2.053700636973539
4.0,42,158,0,0,-6.271785271816443
4.0,42,159,0,0,-1.3476542796740225
4.0,42,160,0,1,3.534476003566731
4.0,42,161,1,1,10.37841613963025
4.0,42,162,1,0,-2.969442659617471
4.0,42,163,1,1,3.7930815568373957
4.0,42,164,1,1,3.269633501802826
4.0,42,165,1,1,0.30177352153734305
4.0,42,166,1,0,-2.30038935971642
4.0,42,167,0,0,-5.749262038672079
4.0,42,168,1,1,5.8631192983392895
4.0,42,169,0,1,1.0453263195032023
4.0,42,170,1,1,2.506782064145845
4.0,42,171,1,0,-3.098212509959323
4.0,42,172,0,0,-2.838389286401629
4.0,42,173,1,1,5.232604719675127
4.0,42,174,0,0,-6.809783300140382
4.0,42,175,0,1,2.0292278039096705
4.0,42,176,1,1,0.7572220966018843
4.0,42,177,1,1,3.306824687658064
4.0,42,178,1,1,1.0036307255687493
4.0,42,179,0,0,-7.010551137514849
4.0,42,180,0,0,-3.6111373380634912
4.0,42,181,1,1,13.623211527435537
4.0,42,182,0,0,-1.8822701462165243
4.0,42,183,0,0,-1.1544113983418558
4.0,42,184,0,0,-2.299045506932666
4.0,42,185,0,0,-3.8680717327350402
4.0,42,186,0,0,-1.7830588026390837
4.0,42,187,1,0,-0.09623230762949536
4.0,42,188,1,1,0.5851904832698542
4.0,42,189,0,0,-0.7645711422972233
4.0,42,190,0,1,11.137327217638093
4.0,42,191,0,1,2.2408619729415498
4.0,42,192,0,0,-2.3753173814633817
4.0,42,193,1,1,0.9858745751981077
4.0,42,194,0,0,-4.872460573418169
4.0,42,195,0,0,-5.089829385080395
4.0,42,196,0,1,2.908710395700514
4.0,42,197,1,1,1.0555015244114763
4.0,42,198,0,0,-6.2482735600701735
4.0,42,199,0,1,0.9383384037762342
4.0,42,200,1,1,1.8674875887584312
4.0,42,201,0,0,-6.817578907121913
4.0,42,202,0,0,-1.3724066885752182
4.0,42,203,0,0,-7.699919945025843
4.0,42,204,1,1,2.0310818092227017
4.0,42,205,1,0,-3.779415703519213
4.0,42,206,1,0,-1.0116798887145284
4.0,42,207,0,0,-0.32638804901748963
4.0,42,208,0,1,2.0360642107395144
4.0,42,209,0,0,-0.6997479843769403
4.0,42,210,1,0,-0.1857025421050135
4.0,42,211,1,0,-0.14453003547590004
4.0,42,212,1,1,0.9053759818248239
4.0,42,213,0,1,2.785820460332968
4.0,42,214,0,0,-14.017511247313763
4.0,42,215,0,0,-9.205869424086078
4.0,42,216,1,1,2.495903079227338
4.0,42,217,0,0,-0.5896034872603031
4.0,42,218,1,0,-0.800642574045122
4.0,42,219,1,0,-3.367593265301936
4.0,42,220,1,1,9.600948416984066
4.0,42,221,1,0,-1.0616135839130374
4.0,42,222,1,0,-1.4728816727406802
4.0,42,223,1,1,2.4223261708605826
4.0,42,224,1,1,4.843119083158957
4.0,42,225,0,1,0.08200122477846211
4.0,42,226,1,1,2.2069374595910123
4.0,42,227,0,1,1.4614399101701374
4.0,42,228,0,0,-8.54879573345896
4.0,42,229,0,0,-1.3520644141550768
4.0,42,230,1,1,4.225634336190828
4.0,42,231,0,1,1.5463274996802254
4.0,42,232,1,1,0.40386899517873676
4.0,42,233,1,1,1.1494547630046155
4.0,42,234,1,1,1.1353308822019406
4.0,42,235,0,0,-5.5754082375851395
4.0,42,236,1,0,-0.28381497232582215
4.0,42,237,1,1,3.4226007019317373
4.0,42,238,0,1,5.99031885306697
4.0,42,239,0,0,-0.2718350273620179
4.0,42,240,0,1,3.7965511502061995
4.0,42,241,1,0,-3.576527543268633
4.0,42,242,1,0,-5.98076353363283
4.0,42,243,0,1,0.7017955298613091
4.0,42,244,1,1,3.1067158815335683
4.0,42,245,1,1,7.251613518128931
4.0,42,246,0,1,1.7357006369298733
4.0,42,247,1,1,3.846468869935509
4.0,42,248,1,1,0.8829554884824536
4.0,42,249,1,1,0.4080480424549651
4.0,42,250,1,1,1.1522119323080724
4.0,42,251,1,1,6.434083248088905
4.0,42,252,0,0,-2.918489543406261
4.0,42,253,1,1,0.8523892244192641
4.0,42,254,0,0,-3.5220544736344745
4.0,42,255,1,1,3.020125313013426
4.0,42,256,0,1,2.4672883946046826
4.0,42,257,0,1,0.596934457001163
4.0,42,258,0,1,2.08584627793181
4.0,42,259,0,0,-0.3530552169519044
4.0,42,260,0,0,-9.89226787882748
4.0,42,261,0,1,4.245196420589897
4.0,42,262,1,1,4.601086279002583
4.0,42,263,1,1,2.254884843297211
4.0,42,264,1,1,0.06840133695328315
4.0,42,265,0,0,-2.0811785475106888
4.0,42,266,1,1,2.1355967967863143
4.0,42,267,1,1,2.6282099960450926
4.0,42,268,1,1,2.1896299433300648
4.0,42,269,0,0,-0.7168565867648016
4.0,42,270,1,0,-6.5415157070446535
4.0,42,271,0,0,-0.35588640698571405
4.0,42,272,0,0,-1.8457771624158448
4.0,42,273,1,0,-0.7821752575931014
4.0,42,274,1,1,2.514252906351364
4.0,42,275,0,0,-3.2786925329812897
4.0,42,276,0,0,-7.585085034157692
4.0,42,277,1,0,-1.0397217335597335
4.0,42,278,0,0,-8.01369443749371
4.0,42,279,0,0,-6.669952833986196
4.0,42,280,1,1,4.679309858561316
4.0,42,281,0,0,-12.266908252355243
4.0,42,282,0,1,0.2150242672452919
4.0,42,283,0,1,1.7156978108914864
4.0,42,284,1,1,0.6468698762813365
4.0,42,285,0,0,-2.876622170186566
4.0,42,286,0,1,3.74111035688137
4.0,42,287,1,1,3.0915854306855515
4.0,42,288,1,1,0.02402550241931234
4.0,42,289,0,0,-1.671267150361031
4.0,42,290,0,0,-1.201009751761466
4.0,42,291,1,1,8.249168125272712
4.0,42,292,1,1,5.34551872882299
4.0,42,293,1,1,2.853801621015382
4.0,42,294,0,0,-2.6141744811200596
4.0,42,295,1,0,-1.4926108743122652
4.0,42,296,0,1,5.981108525609898
4.0,42,297,1,1,5.83994292700004
4.0,42,298,1,0,-1.9968846868966514
4.0,42,299,1,1,3.3076370857739263
4.0,42,300,0,1,4.196678345354051
4.0,42,301,1,1,0.5562455649732448
4.0,42,302,1,0,-1.7184637767318047
4.0,42,303,0,1,0.48697331664570226
4.0,42,304,1,1,4.768848047923069
4.0,42,305,0,1,3.1535437784670544
4.0,42,306,0,0,-2.6799597793143928
4.0,42,307,0,0,-3.143715086000489
4.0,42,308,0,1,2.533604968832805
4.0,42,309,0,0,-3.5339535896065124
4.0,42,310,0,1,1.5568593799416404
4.0,42,311,0,1,0.1501914399791881
4.0,42,312,0,0,-1.7100299520202613
4.0,42,313,0,0,-13.190376303490131
4.0,42,314,0,0,-3.3294917261670958
4.0,42,315,0,0,-4.944014067872429
5.0,42,0,0,1,5.09913803655739
5.0,42,1,1,0,-0.3407234976611763
5.0,42,2,0,0,-0.9961840344370447
5.0,42,3,1,0,-1.9038984496080638
5.0,42,4,0,0,-6.627842442366032
5.0,42,5,1,0,-3.2094774764580016
5.0,42,6,0,0,-2.762853867857862
5.0,42,7,1,0,-0.9360960383244793
5.0,42,8,0,1,2.857485351088495
5.0,42,9,0,0,-2.821029043516107
5.0,42,10,1,0,-5.348869518797364
5.0,42,11,1,1,4.209434606571164
5.0,42,12,0,0,-0.9727103684919363
5.0,42,13,0,0,-12.91075257584191
5.0,42,14,1,1,0.4325597231035358
5.0,42,15,1,1,0.388449518298763
5.0,42,16,1,0,-1.2790702070508626
5.0,42,17,0,0,-8.981631371244916
5.0,42,18,0,1,0.6274026686112002
5.0,42,19,1,1,1.3740888321646696
5.0,42,20,0,0,-5.800674335215353
5.0,42,21,0,0,-8.036054392846005
5.0,42,22,1,1,7.194526329567808
5.0,42,23,0,0,-0.8085402935854648
5.0,42,24,1,1,0.6698325899683928
5.0,42,25,0,1,0.48308769033571763
5.0,42,26,0,1,2.8189426431457063
5.0,42,27,0,0,-2.7686156525113903
5.0,42,28,0,0,-3.6078756898508617
5.0,42,29,0,1,5.125003830702477
5.0,42,30,0,1,3.5433289220042608
5.0,42,31,0,0,-7.376225581528256
5.0,42,32,1,1,3.993075699006815
5.0,42,33,1,1,5.180807486582244
5.0,42,34,1,1,1.4341736815871942
5.0,42,35,1,0,-4.174003587446946
5.0,42,36,1,1,1.0202054517110266
5.0,42,37,1,0,-7.596158004250395
5.0,42,38,0,0,-0.8210987252022734
5.0,42,39,1,0,-3.072593711710627
5.0,42,40,0,1,2.125144295200243
5.0,42,41,1,0,-0.2740758951782229
5.0,42,42,0,0,-4.522293784640672
5.0,42,43,0,0,-14.817708934873048
5.0,42,44,1,1,2.7864351234416973
5.0,42,45,0,1,0.14428709179601912
5.0,42,46,1,0,-3.082850403341444
5.0,42,47,1,1,2.8850838019673497
5.0,42,48,0,0,-10.431709591726774
5.0,42,49,1,0,-4.3834960649242625
5.0,42,50,1,1,4.0428431023382485
5.0,42,51,0,1,2.7157601285308597
5.0,42,52,0,1,2.8606746845132425
5.0,42,53,1,0,-0.41039612843991896
5.0,42,54,0,0,-2.6871008458337458
5.0,42,55,0,0,-7.843958931977298
5.0,42,56,1,1,4.000264371985113
5.0,42,57,0,1,1.412701562998627
5.0,42,58,1,1,1.3799359068595893
5.0,42,59,0,0,-5.050542076951458
5.0,42,60,1,0,-3.1601827503188566
5.0,42,61,0,1,5.834575158410082
5.0,42,62,0,1,0.48140008253481176
5.0,42,63,1,0,-0.19798881083389835
5.0,42,64,0,0,-2.1816282500798185
5.0,42,65,0,1,5.061296779479935
5.0,42,66,0,0,-1.5896928830900663
5.0,42,67,0,1,1.9711765910479415
5.0,42,68,0,1,0.5365003878956549
5.0,42,69,1,0,-1.7277676557106743
5.0,42,70,0,0,-0.8632306729607325
5.0,42,71,1,0,-0.7362956787900314
5.0,42,72,0,1,3.8573977930590027
5.0,42,73,0,1,1.1429635149474935
5.0,42,74,0,1,2.730720542193311
5.0,42,75,0,0,-4.398856769563103
5.0,42,76,0,0,-0.9584428440652797
5.0,42,77,1,1,0.07235495005729392
5.0,42,78,1,0,-2.0661552682726287
5.0,42,79,1,0,-2.637427984796446
5.0,42,80,0,1,4.929717303437267
5.0,42,81,1,1,0.38295149675062595
5.0,42,82,0,1,1.3059599120033774
5.0,42,83,1,1,0.22079738758975453
5.0,42,84,1,0,-2.5459097964520465
5.0,42,85,1,0,-0.27192865584815823
5.0,42,86,1,1,0.5993594405023677
5.0,42,87,1,0,-0.6445326141644454
5.0,42,88,1,1,3.0464538892726125
5.0,42,89,1,1,1.302148813474498
5.0,42,90,1,1,0.5962252594662664
5.0,42,91,1,1,1.2822524266407593
5.0,42,92,0,0,-1.7670084562475847
5.0,42,93,0,0,-2.4118226368071753
5.0,42,94,0,1,2.3712167157084405
5.0,42,95,0,0,-1.719351831119976
5.0,42,96,1,0,-5.535659698671944
5.0,42,97,1,0,-2.4113738696254523
5.0,42,98,1,1,1.7582945408950739
5.0,42,99,0,1,4.260600367766526
5.0,42,100,1,1,0.2320017783681469
5.0,42,101,1,0,-0.24080142487624673
5.0,42,102,1,0,-1.6485527840495724
5.0,42,103,0,0,-3.1229477547844557
5.0,42,104,1,1,1.543474575607568
5.0,42,105,0,0,-0.11812717666612682
5.0,42,106,1,1,0.9158289565766509
5.0,42,107,1,1,1.2944648006471664
5.0,42,108,1,0,-1.428932498708562
5.0,42,109,0,1,0.9387011832793837
5.0,42,110,1,1,0.9333609562584967
5.0,42,111,0,1,0.9468455493112554
5.0,42,112,1,1,0.9613619363213948
5.0,42,113,0,0,-8.894389468178595
5.0,42,114,0,0,-2.4772509879644007
5.0,42,115,0,1,2.185496009887411
5.0,42,116,1,1,7.093936170531704
5.0,42,117,0,0,-11.50172193103677
5.0,42,118,0,1,1.214144954696947
5.0,42,119,1,0,-1.821525571186998
5.0,42,120,1,1,3.724685524302778
5.0,42,121,1,1,1.6441934214274072
5.0,42,122,1,1,1.7374124161081745
5.0,42,123,0,0,-4.831099627844553
5.0,42,124,1,0,-2.62082150974519
5.0,42,125,1,1,0.4563334433860821
5.0,42,126,0,1,1.8674411932664454
5.0,42,127,0,1,1.097167505329274
5.0,42,128,1,0,-0.6899348265820124
5.0,42,129,1,1,3.216941818207577
5.0,42,130,1,1,1.3079107088185222
5.0,42,131,1,0,-0.39487970839223757
5.0,42,132,1,1,7.08862151449337
5.0,42,133,0,1,4.523357365710508
5.0,42,134,0,1,4.760491926864992
5.0,42,135,0,0,-12.228379789110859
5.0,42,136,0,0,-2.1959758315314475
5.0,42,137,1,1,4.525460469703249
5.0,42,138,1,1,6.251715468621445
5.0,42,139,0,0,-1.8323830351469987
5.0,42,140,1,1,1.4599943098658685
5.0,42,141,1,0,-2.463338100726524
5.0,42,142,1,1,2.536149024002445
5.0,42,143,1,1,5.385630579299828
5.0,42,144,1,1,1.706584308679919
5.0,42,145,1,1,5.098843149765209
5.0,42,146,1,1,1.8981828682149722
5.0,42,147,0,1,4.119353866714839
5.0,42,148,0,0,-1.4711547974795387
5.0,42,149,0,0,-7.326598285335152
5.0,42,150,1,1,3.751576923450668
5.0,42,151,1,0,-0.23066739651373808
5.0,42,152,0,0,-2.7341719879665214
5.0,42,153,0,0,-1.51060739124811
5.0,42,154,1,1,1.1891057687528084
5.0,42,155,1,1,0.7725248661915818
5.0,42,156,0,0,-5.784594911686585
5.0,42,157,0,1,2.1636365968014304
5.0,42,158,0,0,-6.841105267788496
5.0,42,159,0,0,-1.510639688683601
5.0,42,160,0,1,3.874533988363518
5.0,42,161,1,1,11.430429648300093
5.0,42,162,1,0,-3.167697473014342
5.0,42,163,1,1,4.3949228897764945
5.0,42,164,1,1,3.516500564475229
5.0,42,165,1,1,0.41586110363873485
5.0,42,166,1,0,-2.5951195322607683
5.0,42,167,0,0,-6.04201066778096
5.0,42,168,1,1,6.3734085171581105
5.0,42,169,0,1,1.1328640097634288
5.0,42,170,1,1,2.787642356424733
5.0,42,171,1,0,-3.1056042459356807
5.0,42,172,0,0,-3.0083099615554
5.0,42,173,1,1,5.867138621265278
5.0,42,174,0,0,-6.889466753237699
5.0,42,175,0,1,2.404141163035281
5.0,42,176,1,1,0.6675536374868081
5.0,42,177,1,1,3.5229944465746668
5.0,42,178,1,1,0.8679110475539416
5.0,42,179,0,0,-7.524430297776565
5.0,42,180,0,0,-3.8660421411712145
5.0,42,181,1,1,14.587548847318105
5.0,42,182,0,0,-2.0385548543446035
5.0,42,183,0,0,-1.0033039576626224
5.0,42,184,0,0,-2.6850749914365806
5.0,42,185,0,0,-4.328783671074222
5.0,42,186,0,0,-2.0484924772806674
5.0,42,187,1,0,-0.13285687912392896
5.0,42,188,1,1,0.4507000695289856
5.0,42,189,0,0,-0.8794168996675539
5.0,42,190,0,1,12.125195137358268
5.0,42,191,0,1,2.4454893511164792
5.0,42,192,0,0,-2.620264820787286
5.0,42,193,1,1,1.1251141777055325
5.0,42,194,0,0,-5.353592572790308
5.0,42,195,0,0,-5.812822500761136
5.0,42,196,0,1,3.247411494006964
5.0,42,197,1,1,1.0981545065796265
5.0,42,198,0,0,-6.697372356366868
5.0,42,199,0,1,1.1247810226367063
5.0,42,200,1,1,2.124904049906073
5.0,42,201,0,0,-7.295125989101094
5.0,42,202,0,0,-1.5694164062570133
5.0,42,203,0,0,-8.636990892889814
5.0,42,204,1,1,2.154571648072954
5.0,42,205,1,0,-4.197278159182567
5.0,42,206,1,0,-1.1338262227657179
5.0,42,207,0,0,-0.4889191936944362
5.0,42,208,0,1,2.1087817353694702
5.0,42,209,0,0,-0.7870342823219535
5.0,42,210,1,0,-0.26681934976800675
5.0,42,211,1,1,0.02813905522124044
5.0,42,212,1,1,0.8416958153849406
5.0,42,213,0,1,2.9683856830822157
5.0,42,214,0,0,-15.20472232594438
5.0,42,215,0,0,-10.011152098664969
5.0,42,216,1,1,2.8685173149537975
5.0,42,217,0,0,-0.45857718431313726
5.0,42,218,1,0,-1.0175254890095915
5.0,42,219,1,0,-3.8251631360972236
5.0,42,220,1,1,11.101781770227433
5.0,42,221,1,0,-1.040184748337004
5.0,42,222,1,0,-1.8048399918954428
5.0,42,223,1,1,2.789591100151418
5.0,42,224,1,1,5.4805260776354725
5.0,42,225,0,0,-0.045438548299364945
5.0,42,226,1,1,2.2879587686339344
5.0,42,227,0,1,1.5815371218821506
5.0,42,228,0,0,-9.25970783343455
5.0,42,229,0,0,-1.4926425918799868
5.0,42,230,1,1,4.802088090158797
5.0,42,231,0,1,1.5525936877791788
5.0,42,232,1,1,0.39860670994260666
5.0,42,233,1,1,1.1982955734639924
5.0,42,234,1,1,1.0793788078152975
5.0,42,235,0,0,-6.0318345307503405
5.0,42,236,1,0,-0.3886823195190873
5.0,42,237,1,1,3.6298671122751673
5.0,42,238,0,1,6.641386076441994
5.0,42,239,0,0,-0.33933635134503276
5.0,42,240,0,1,3.8374088776598767
5.0,42,241,1,0,-3.7443794170305784
5.0,42,242,1,0,-6.6677393690683315
5.0,42,243,0,1,0.7759556491093986
5.0,42,244,1,1,3.4345871606117777
5.0,42,245,1,1,7.66562232807082
5.0,42,246,0,1,1.7330223624710261
5.0,42,247,1,1,4.342196505674218
5.0,42,248,1,1,1.174797959772493
5.0,42,249,1,1,0.36233831268273675
5.0,42,250,1,1,1.081423986641909
5.0,42,251,1,1,6.826432723516774
5.0,42,252,0,0,-3.0751228458316544
5.0,42,253,1,1,0.9136684367753878
5.0,42,254,0,0,-4.081641426933211
5.0,42,255,1,1,3.3922317096133323
5.0,42,256,0,1,2.486883068940341
5.0,42,257,0,1,0.36854598042046993
5.0,42,258,0,1,2.220522455173716
5.0,42,259,0,0,-0.3315422148393504
5.0,42,260,0,0,-10.952521729053807
5.0,42,261,0,1,4.751411535056733
5.0,42,262,1,1,5.033456204445139
5.0,42,263,1,1,2.2853028850925736
5.0,42,264,1,1,0.25155285038602637
5.0,42,265,0,0,-2.454981568651628
5.0,42,266,1,1,1.9431356564629922
5.0,42,267,1,1,3.1007463931490955
5.0,42,268,1,1,2.249449565742915
5.0,42,269,0,0,-0.7762192806573176
5.0,42,270,1,0,-7.252637890669966
5.0,42,271,0,0,-0.46197002803256854
5.0,42,272,0,0,-1.9748502751025878
5.0,42,273,1,0,-0.9482655248990666
5.0,42,274,1,1,2.666036673315395
5.0,42,275,0,0,-3.616131263095164
5.0,42,276,0,0,-8.161503284764951
5.0,42,277,1,0,-1.4025096116272386
5.0,42,278,0,0,-8.77415396801537
5.0,42,279,0,0,-7.098189309106995
5.0,42,280,1,1,5.0807672160414565
5.0,42,281,0,0,-13.084275115123663
5.0,42,282,0,1,0.21362143826689745
5.0,42,283,0,1,1.789606687358968
5.0,42,284,1,1,0.7274581198137039
5.0,42,285,0,0,-3.132863599748452
5.0,42,286,0,1,3.994972783112715
5.0,42,287,1,1,3.690893949707019
5.0,42,288,1,1,0.11189625432757216
5.0,42,289,0,0,-1.662852009929897
5.0,42,290,0,0,-1.3899991137641072
5.0,42,291,1,1,8.738866977415322
5.0,42,292,1,1,5.794212249780401
5.0,42,293,1,1,3.1146838289305894
5.0,42,294,0,0,-2.7326860944834084
5.0,42,295,1,0,-1.602482082093739
5.0,42,296,0,1,6.463788859541726
5.0,42,297,1,1,6.363281720903355
5.0,42,298,1,0,-2.4746923200136157
5.0,42,299,1,1,3.426490876313407
5.0,42,300,0,1,4.474298488867935
5.0,42,301,1,1,0.7323123923065248
5.0,42,302,1,0,-1.9845521661606447
5.0,42,303,0,1,0.3513746867452316
5.0,42,304,1,1,5.209190347177898
5.0,42,305,0,1,3.3581076574723654
5.0,42,306,0,0,-2.881917128089903
5.0,42,307,0,0,-3.2727603179831175
5.0,42,308,0,1,2.601689451184368
5.0,42,309,0,0,-3.36629073619946
5.0,42,310,0,1,1.79945167753398
5.0,42,311,0,1,0.1748291237127365
5.0,42,312,0,0,-1.8848896352349767
5.0,42,313,0,0,-14.250221022704132
5.0,42,314,0,0,-3.6379800823748822
5.0,42,315,0,0,-5.638442990311212
1.0,43,0,0,1,2.467160864298426
1.0,43,1,1,0,-3.319535476517256
1.0,43,2,0,0,-1.8229529752007307
1.0,43,3,1,0,-1.0115092882719061
1.0,43,4,0,0,-2.1828167420631486
1.0,43,5,1,0,-3.823736765105103
1.0,43,6,0,1,0.9849706086833874
1.0,43,7,1,0,-0.2877640193823613
1.0,43,8,0,1,0.9834680301062654
1.0,43,9,0,0,-2.605377147312007
1.0,43,10,1,0,-4.139031722555516
1.0,43,11,1,1,2.224104658736571
1.0,43,12,0,0,-0.01446955218499027
1.0,43,13,0,0,-3.9414433365716435
1.0,43,14,1,1,0.20350464972112067
1.0,43,15,1,1,0.5438163437995817
1.0,43,16,1,1,0.6319696988246244
1.0,43,17,0,0,-4.060035960050237
1.0,43,18,0,0,-0.15301598910462486
1.0,43,19,1,1,3.94249570171744
1.0,43,20,0,0,-2.5399151520479273
1.0,43,21,0,0,-3.7089088480901156
1.0,43,22,1,1,2.573438369505406
1.0,43,23,0,0,-1.2022240893239564
1.0,43,24,1,1,1.6630400617620915
1.0,43,25,0,0,-0.5351058932936116
1.0,43,26,0,0,-2.4559685163104814
1.0,43,27,0,0,-0.8499604230660892
1.0,43,28,0,0,-2.7224798690665706
1.0,43,29,0,1,1.4157056822473866
1.0,43,30,0,1,2.009716666811236
1.0,43,31,0,0,-6.279904193243911
1.0,43,32,1,1,0.3403212137728294
1.0,43,33,1,1,0.5852981255613667
1.0,43,34,1,1,1.8200075129974056
1.0,43,35,1,0,-0.7755358779369649
1.0,43,36,1,1,0.6900828281757286
1.0,43,37,1,0,-3.5064537305074244
1.0,43,38,0,0,-0.8969171555490625
1.0,43,39,1,0,-1.2516150753936546
1.0,43,40,0,1,0.18115515283239114
1.0,43,41,1,0,-0.9333898816394368
1.0,43,42,0,0,-1.945052813846466
1.0,43,43,0,0,-4.43084820785701
1.0,43,44,1,1,1.5148425697213261
1.0,43,45,0,0,-0.5359084726506729
1.0,43,46,1,0,-0.2717081257848547
1.0,43,47,1,1,1.1748702566207092
1.0,43,48,0,0,-5.205900878474785
1.0,43,49,1,0,-2.382749082079492
1.0,43,50,1,1,3.5844953916064126
1.0,43,51,0,1,1.9967668750999503
1.0,43,52,0,1,0.49457093544323094
1.0,43,53,1,0,-0.2305725963457423
1.0,43,54,0,0,-1.6835856781170728
1.0,43,55,0,0,-3.5906662534482225
1.0,43,56,1,1,1.1146915321502762
1.0,43,57,0,1,1.9182281662837462
1.0,43,58,1,1,0.01168649983368622
1.0,43,59,0,0,-1.4690245565597058
1.0,43,60,1,0,-0.7061102191040524
1.0,43,61,0,1,3.8525561067778944
1.0,43,62,0,0,-0.7953055987080226
1.0,43,63,1,1,0.05493895028925179
1.0,43,64,0,0,-0.48093861802877214
1.0,43,65,0,1,3.3889932600919166
1.0,43,66,0,1,0.26454152799981845
1.0,43,67,0,1,2.8429121653594307
1.0,43,68,0,1,0.5551023835264589
1.0,43,69,1,0,-0.7665860670140972
1.0,43,70,0,0,-1.4069150867433393
1.0,43,71,1,0,-3.4921135961228544
1.0,43,72,0,0,-0.022394955688130408
1.0,43,73,0,1,1.0867439906963794
1.0,43,74,0,0,-0.8686944658637421
1.0,43,75,0,0,-0.3597382962403751
1.0,43,76,0,0,-0.25118127435857485
1.0,43,77,1,0,-0.4385372660573833
1.0,43,78,1,0,-1.798975280706254
1.0,43,79,1,0,-2.229256873260543
1.0,43,80,0,1,1.7367918253720256
1.0,43,81,1,1,1.0568099158568443
1.0,43,82,0,1,0.42165608001896626
1.0,43,83,1,1,1.2531249999182494
1.0,43,84,1,0,-1.2824562289336972
1.0,43,85,1,1,1.1848427461109565
1.0,43,86,1,1,0.9955127414649986
1.0,43,87,1,0,-0.07773193230808738
1.0,43,88,1,1,1.8120489016284118
1.0,43,89,1,1,1.3399438209531
1.0,43,90,1,1,0.58221388595027
1.0,43,91,1,1,0.4277830268283366
1.0,43,92,0,1,1.0272965180508475
1.0,43,93,0,0,-0.8452132393060231
1.0,43,94,0,1,1.031710842410969
1.0,43,95,0,0,-0.7547436632055987
1.0,43,96,1,0,-1.7449054052712007
1.0,43,97,1,0,-0.8827223024878532
1.0,43,98,1,1,0.7760851391166025
1.0,43,99,0,1,1.5940771548558648
1.0,43,100,1,1,2.17687339328015
1.0,43,101,1,0,-0.8561822349531778
1.0,43,102,1,1,1.0595327259643408
1.0,43,103,0,0,-1.27944276800605
1.0,43,104,1,0,-0.0034153913602115032
1.0,43,105,0,0,-0.4508915761751522
1.0,43,106,1,1,3.0279482136525493
1.0,43,107,1,1,1.1460579937767725
1.0,43,108,1,0,-0.9021510311271727
1.0,43,109,0,1,1.3163415423854674
1.0,43,110,1,0,-0.9469990167502468
1.0,43,111,0,0,-0.6889012059399424
1.0,43,112,1,1,1.529782128681405
1.0,43,113,0,0,-5.642007269707688
1.0,43,114,0,0,-2.800010739467588
1.0,43,115,0,1,0.272428389677289
1.0,43,116,1,1,3.5743187630145106
1.0,43,117,0,0,-7.7247617880602055
1.0,43,118,0,1,1.3268087281122813
1.0,43,119,1,1,6.541755051186895
1.0,43,120,1,1,0.7471629971415699
1.0,43,121,1,1,1.2800625521492255
1.0,43,122,1,1,2.281512341055895
1.0,43,123,0,0,-2.0541138297432866
1.0,43,124,1,0,-1.2658076596634757
1.0,43,125,1,0,-0.8571606711945307
1.0,43,126,0,0,-0.20939594865599576
1.0,43,127,0,1,0.5976115300151036
1.0,43,128,1,1,0.37234846467248317
1.0,43,129,1,1,1.7682024649609636
1.0,43,130,1,1,0.12155670005778726
1.0,43,131,1,1,1.422750282761708
1.0,43,132,1,1,2.8770674424653637
1.0,43,133,0,1,2.023043497446132
1.0,43,134,0,1,1.2405243668008845
1.0,43,135,0,0,-3.5134410839074235
1.0,43,136,0,0,-3.51379204204311
1.0,43,137,1,1,0.5617252763056629
1.0,43,138,1,1,3.011570396392165
1.0,43,139,0,0,-2.2438086171265406
1.0,43,140,1,0,-0.6801045699275943
1.0,43,141,1,1,0.24042119671563547
1.0,43,142,1,1,1.2294072691868212
1.0,43,143,1,1,3.5542388461210566
1.0,43,144,1,0,-0.4895199169861658
1.0,43,145,1,1,1.3640336442806629
1.0,43,146,1,1,1.125181592883756
1.0,43,147,0,1,2.5570090392168137
1.0,43,148,0,0,-0.806205536378977
1.0,43,149,0,0,-4.217463275091009
1.0,43,150,1,1,1.0941865966443607
1.0,43,151,1,0,-0.33910087349494134
1.0,43,152,0,0,-2.6910779385941566
1.0,43,153,0,1,0.5484036725794671
1.0,43,154,1,1,0.64364843883431
1.0,43,155,1,0,-0.022681741288085075
1.0,43,156,0,1,0.10812573304842556
1.0,43,157,0,1,0.744690392031745
1.0,43,158,0,0,-3.867164118696963
1.0,43,159,0,0,-2.298773322653501
1.0,43,160,0,1,1.8802510309991038
1.0,43,161,1,1,3.9000726523263696
1.0,43,162,1,0,-2.309615075468756
1.0,43,163,1,1,2.128151955771143
1.0,43,164,1,1,3.2019733803206556
1.0,43,165,1,0,-0.24263088662446644
1.0,43,166,1,0,-1.397587493722568
1.0,43,167,0,0,-1.1006744344375545
1.0,43,168,1,1,1.7529005323228206
1.0,43,169,0,1,0.7923749129197522
1.0,43,170,1,1,4.194726689610935
1.0,43,171,1,0,-2.2498735443368636
1.0,43,172,0,0,-1.6696200707256805
1.0,43,173,1,1,1.3801762486477314
1.0,43,174,0,0,-2.451589701016167
1.0,43,175,0,0,-0.648589160859244
1.0,43,176,1,1,3.9524930778642497
1.0,43,177,1,1,0.3902542256171362
1.0,43,178,1,1,4.515555791971047
1.0,43,179,0,0,-3.1387048010006384
1.0,43,180,0,0,-2.578628023451999
1.0,43,181,1,1,7.735457175623947
1.0,43,182,0,0,-1.54155784981482
1.0,43,183,0,0,-2.708254408320309
1.0,43,184,0,0,-0.6800166473191177
1.0,43,185,0,0,-1.7801702331329505
1.0,43,186,0,1,0.492761325305449
1.0,43,187,1,1,3.514239139134509
1.0,43,188,1,1,2.8706479552001762
1.0,43,189,0,0,-0.21846904974816359
1.0,43,190,0,1,3.156310926219267
1.0,43,191,0,1,2.719446356586579
1.0,43,192,0,0,-0.6979436245299392
1.0,43,193,1,1,0.7399717360491587
1.0,43,194,0,0,-2.429587162293227
1.0,43,195,0,0,-2.0425978478564715
1.0,43,196,0,1,2.484175657850296
1.0,43,197,1,1,1.8836246675693284
1.0,43,198,0,0,-3.1266064193616194
1.0,43,199,0,0,-1.602290350024679
1.0,43,200,1,0,-0.16139756001423955
1.0,43,201,0,0,-4.618017249403332
1.0,43,202,0,0,-1.7366884459563592
1.0,43,203,0,0,-1.2370393886104745
1.0,43,204,1,1,1.8898485337223343
1.0,43,205,1,0,-2.4603158186884015
1.0,43,206,1,0,-2.0428751085722205
1.0,43,207,0,1,1.2779690724437383
1.0,43,208,0,1,1.4531568967665853
1.0,43,209,0,1,0.1291108024132882
1.0,43,210,1,0,-0.6879590339997338
1.0,43,211,1,0,-0.13990850411742425
1.0,43,212,1,1,0.6930599223004386
1.0,43,213,0,1,2.201825640879242
1.0,43,214,0,0,-7.448649570897715
1.0,43,215,0,0,-3.5677475664003353
1.0,43,216,1,0,-0.5487063319535731
1.0,43,217,0,0,-1.0629706882982612
1.0,43,218,1,1,6.995657118253736
1.0,43,219,1,0,-2.2191322176850186
1.0,43,220,1,1,5.901121708158815
1.0,43,221,1,1,0.29501142698162364
1.0,43,222,1,1,0.4833242669631288
1.0,43,223,1,1,1.553669985320235
1.0,43,224,1,1,0.4941071511220835
1.0,43,225,0,1,1.528486273377722
1.0,43,226,1,1,0.3828597205897458
1.0,43,227,0,1,1.2819857503092278
1.0,43,228,0,0,-2.4771050541488986
1.0,43,229,0,1,0.5015395813657145
1.0,43,230,1,1,0.947971583807969
1.0,43,231,0,1,0.9386067050235977
1.0,43,232,1,0,-0.130522393849297
1.0,43,233,1,1,1.2017773015808113
1.0,43,234,1,1,1.9539397011605615
1.0,43,235,0,0,-5.492254810841913
1.0,43,236,1,1,1.397854373611453
1.0,43,237,1,1,2.644869739996547
1.0,43,238,0,1,1.5351166323763863
1.0,43,239,0,1,1.1849835768836319
1.0,43,240,0,1,2.276403020959785
1.0,43,241,1,0,-1.951114203189215
1.0,43,242,1,0,-0.9682617756863469
1.0,43,243,0,1,0.9865232949106076
1.0,43,244,1,1,3.4913568596465847
1.0,43,245,1,1,4.12472014832073
1.0,43,246,0,1,2.208921607603667
1.0,43,247,1,1,0.8176839790821658
1.0,43,248,1,1,1.4514148546065375
1.0,43,249,1,0,-0.22892902842475926
1.0,43,250,1,1,1.3567018741338654
1.0,43,251,1,1,6.202114883401986
1.0,43,252,0,1,0.2231264398854846
1.0,43,253,1,0,-0.39617835699590254
1.0,43,254,0,0,-2.4871217739684517
1.0,43,255,1,1,1.3678826955823664
1.0,43,256,0,1,2.6932206838547934
1.0,43,257,0,1,3.103179046509878
1.0,43,258,0,1,2.303597289347156
1.0,43,259,0,0,-0.5966955714130897
1.0,43,260,0,0,-1.9808910479367068
1.0,43,261,0,1,2.3527763616201307
1.0,43,262,1,1,1.9908002414357588
1.0,43,263,1,1,2.125068571413323
1.0,43,264,1,1,0.06567069971380543
1.0,43,265,0,1,3.9472500355754407
1.0,43,266,1,1,2.3366849397481277
1.0,43,267,1,0,-3.286078582144783
1.0,43,268,1,1,2.341397574612223
1.0,43,269,0,0,-0.1644090074166499
1.0,43,270,1,0,-1.4859311729062894
1.0,43,271,0,1,0.5160141512860617
1.0,43,272,0,0,-2.195423721332148
1.0,43,273,1,1,1.1680149196314422
1.0,43,274,1,0,-0.492211594074039
1.0,43,275,0,0,-0.5600641558293441
1.0,43,276,0,0,-2.585023164715872
1.0,43,277,1,1,1.4463729937404488
1.0,43,278,0,0,-3.5722463687240995
1.0,43,279,0,0,-2.7830021532678164
1.0,43,280,1,1,3.4446383536024436
1.0,43,281,0,0,-7.624619034925439
1.0,43,282,0,1,0.34562202659677776
1.0,43,283,0,1,2.555306257047417
1.0,43,284,1,1,1.1874684731813518
1.0,43,285,0,0,-0.6088891420656619
1.0,43,286,0,1,2.910945587335656
1.0,43,287,1,1,2.568676508337627
1.0,43,288,1,0,-1.5279575373035748
1.0,43,289,0,0,-0.49912784054047854
1.0,43,290,0,0,-1.0047949918090198
1.0,43,291,1,1,1.866628581390025
1.0,43,292,1,1,0.7956967268918681
1.0,43,293,1,1,0.9959712659223352
1.0,43,294,0,0,-1.8735455518594575
1.0,43,295,1,0,-1.0107629147741344
1.0,43,296,0,1,3.410798038418159
1.0,43,297,1,1,1.0908048082923094
1.0,43,298,1,1,1.571913785704256
1.0,43,299,1,1,2.26116887586082
1.0,43,300,0,1,2.6772759257778453
1.0,43,301,1,1,0.36268373059348247
1.0,43,302,1,1,0.3989331944713538
1.0,43,303,0,1,3.134058309209919
1.0,43,304,1,1,2.564579494890329
1.0,43,305,0,1,0.9883555197679567
1.0,43,306,0,0,-0.39885286313126017
1.0,43,307,0,0,-1.908530656795929
1.0,43,308,0,1,1.3229033827373158
1.0,43,309,0,1,1.52736082061607
1.0,43,310,0,0,-1.3849741495007926
1.0,43,311,0,0,-1.0132901547159967
1.0,43,312,0,0,-1.4810619770501448
1.0,43,313,0,0,-6.919231581640944
1.0,43,314,0,0,-0.9054997462325569
1.0,43,315,0,0,-0.474388749793497
1.25,43,0,0,1,2.8801465060827525
1.25,43,1,1,0,-3.3321430496235656
1.25,43,2,0,0,-2.0075046243060113
1.25,43,3,1,0,-1.1146495737484725
1.25,43,4,0,0,-2.481623254107652
1.25,43,5,1,0,-4.250473478933951
1.25,43,6,0,1,1.0923213585531437
1.25,43,7,1,0,-0.12836015035673226
1.25,43,8,0,1,0.9471676195026368
1.25,43,9,0,0,-2.8286099759403833
1.25,43,10,1,0,-4.272286610351278
1.25,43,11,1,1,2.3630924722218887
1.25,43,12,0,0,-0.12784870513186958
1.25,43,13,0,0,-4.370326080121946
1.25,43,14,1,1,0.32942751108257234
1.25,43,15,1,1,0.60588953850256
1.25,43,16,1,1,0.7362471110451658
1.25,43,17,0,0,-4.480491500265427
1.25,43,18,0,0,-0.22204301293320536
1.25,43,19,1,1,4.2554342952618915
1.25,43,20,0,0,-2.9394277134071425
1.25,43,21,0,0,-3.8324982181109277
1.25,43,22,1,1,2.8941008058725632
1.25,43,23,0,0,-1.2722220681068805
1.25,43,24,1,1,1.8878284364127702
1.25,43,25,0,0,-0.6044968646865281
1.25,43,26,0,0,-2.5597289009828947
1.25,43,27,0,0,-0.9355207326280299
1.25,43,28,0,0,-2.980862771669438
1.25,43,29,0,1,1.3685936309635787
1.25,43,30,0,1,2.0430246132666463
1.25,43,31,0,0,-6.859403234515469
1.25,43,32,1,1,0.2716235099976363
1.25,43,33,1,1,0.7829489750019698
1.25,43,34,1,1,2.1044523287575325
1.25,43,35,1,0,-0.8023061638546476
1.25,43,36,1,1,0.7365744732599204
1.25,43,37,1,0,-3.8248379236160597
1.25,43,38,0,0,-1.1214243012909872
1.25,43,39,1,0,-1.4519927400742347
1.25,43,40,0,1,0.1209614732213043
1.25,43,41,1,0,-0.9575612123332338
1.25,43,42,0,0,-2.144521021743052
1.25,43,43,0,0,-4.936504237100673
1.25,43,44,1,1,1.5876113253996618
1.25,43,45,0,0,-0.5604946930067356
1.25,43,46,1,0,-0.36689588009698526
1.25,43,47,1,1,1.363312590290702
1.25,43,48,0,0,-5.6192983519784905
1.25,43,49,1,0,-2.3325411829067138
1.25,43,50,1,1,3.928134699899418
1.25,43,51,0,1,2.181803111026723
1.25,43,52,0,1,0.6080881794061861
1.25,43,53,1,0,-0.2454595662545601
1.25,43,54,0,0,-1.8841420690508328
1.25,43,55,0,0,-3.960847062794555
1.25,43,56,1,1,1.2432685569647346
1.25,43,57,0,1,2.0736298898598635
1.25,43,58,1,0,-0.054767188494964286
1.25,43,59,0,0,-1.7168915830847047
1.25,43,60,1,0,-0.6077531771379514
1.25,43,61,0,1,4.209717058409318
1.25,43,62,0,0,-0.8479442077831969
1.25,43,63,1,0,-0.02156417227124341
1.25,43,64,0,0,-0.5789941199914879
1.25,43,65,0,1,3.5859174051168874
1.25,43,66,0,1,0.26009776679796853
1.25,43,67,0,1,3.179440416227163
1.25,43,68,0,1,0.6134439952785871
1.25,43,69,1,0,-0.800002495762784
1.25,43,70,0,0,-1.5548316881869109
1.25,43,71,1,0,-3.8606677084283594
1.25,43,72,0,0,-0.06403902489198329
1.25,43,73,0,1,1.2208381029618576
1.25,43,74,0,0,-0.9018223912053138
1.25,43,75,0,0,-0.3972545983103353
1.25,43,76,0,0,-0.28258795676726994
1.25,43,77,1,0,-0.473508541615489
1.25,43,78,1,0,-2.08863368249155
1.25,43,79,1,0,-2.432934815483781
1.25,43,80,0,1,2.0009646120414892
1.25,43,81,1,1,1.3058061426451095
1.25,43,82,0,1,0.5518732522785015
1.25,43,83,1,1,1.3000431686030487
1.25,43,84,1,0,-1.4374940179485483
1.25,43,85,1,1,1.3266993034326815
1.25,43,86,1,1,1.0464295394624485
1.25,43,87,1,0,-0.1665634276496108
1.25,43,88,1,1,1.9409960332194067
1.25,43,89,1,1,1.4002045036761601
1.25,43,90,1,1,0.6140321428111735
1.25,43,91,1,1,0.44229218601511167
1.25,43,92,0,1,1.1508762497379228
1.25,43,93,0,0,-0.864064929635423
1.25,43,94,0,1,0.9836878552541213
1.25,43,95,0,0,-0.8697711645645976
1.25,43,96,1,0,-2.0506718271869078
1.25,43,97,1,0,-0.8925684596238317
1.25,43,98,1,1,0.9996541342648231
1.25,43,99,0,1,1.7960687491306062
1.25,43,100,1,1,2.3543062334456573
1.25,43,101,1,0,-0.9725571782709117
1.25,43,102,1,1,1.1281498459767583
1.25,43,103,0,0,-1.1830476800997112
1.25,43,104,1,1,0.03524914225669168
1.25,43,105,0,0,-0.5099199877610217
1.25,43,106,1,1,3.2582376339854076
1.25,43,107,1,1,1.1477593788009395
1.25,43,108,1,0,-1.0153683694364488
1.25,43,109,0,1,1.5696281112498485
1.25,43,110,1,0,-0.9347090764148132
1.25,43,111,0,0,-0.7631189433654819
1.25,43,112,1,1,1.6480571815965452
1.25,43,113,0,0,-6.253407556378433
1.25,43,114,0,0,-2.9432357910948634
1.25,43,115,0,1,0.4101305981512617
1.25,43,116,1,1,3.9725598398728508
1.25,43,117,0,0,-8.266033096827996
1.25,43,118,0,1,1.3119111053208408
1.25,43,119,1,1,6.381093658786548
1.25,43,120,1,1,0.7335868951544315
1.25,43,121,1,1,1.2984946008452123
1.25,43,122,1,1,2.485626521294864
1.25,43,123,0,0,-2.303612411141617
1.25,43,124,1,0,-1.3658384922379905
1.25,43,125,1,0,-0.9009532066772963
1.25,43,126,0,0,-0.20887494241112198
1.25,43,127,0,1,0.5323704956271815
1.25,43,128,1,1,0.320260491106833
1.25,43,129,1,1,1.8371922597025205
1.25,43,130,1,1,0.012201193744060757
1.25,43,131,1,1,1.4589882986704
1.25,43,132,1,1,3.012044272790192
1.25,43,133,0,1,2.4618914155647977
1.25,43,134,0,1,1.4003937773399144
1.25,43,135,0,0,-3.663035431738961
1.25,43,136,0,0,-3.719615751138082
1.25,43,137,1,1,0.6079514364654928
1.25,43,138,1,1,3.2718761899498503
1.25,43,139,0,0,-2.3684233301175306
1.25,43,140,1,0,-0.7382418008940401
1.25,43,141,1,1,0.2391677708334077
1.25,43,142,1,1,1.256778590603474
1.25,43,143,1,1,3.7207711107432706
1.25,43,144,1,0,-0.6052734082948521
1.25,43,145,1,1,1.5688678472219304
1.25,43,146,1,1,1.0518845542919046
1.25,43,147,0,1,2.7861605878972084
1.25,43,148,0,0,-0.8106648215461643
1.25,43,149,0,0,-4.59488176271916
1.25,43,150,1,1,1.3025429360032452
1.25,43,151,1,0,-0.3763625449683956
1.25,43,152,0,0,-2.873215376660025
1.25,43,153,0,1,0.7315625006367567
1.25,43,154,1,1,0.8269772934697259
1.25,43,155,1,1,0.030958620302030615
1.25,43,156,0,1,0.18509042411663562
1.25,43,157,0,1,0.6962504815733142
1.25,43,158,0,0,-4.133158604834986
1.25,43,159,0,0,-2.541304745499452
1.25,43,160,0,1,2.0222158691659864
1.25,43,161,1,1,4.178210673013169
1.25,43,162,1,0,-2.4455352136074553
1.25,43,163,1,1,2.3038131234629358
1.25,43,164,1,1,3.41662218023649
1.25,43,165,1,0,-0.33769350846297247
1.25,43,166,1,0,-1.5371913812007694
1.25,43,167,0,0,-1.1934326108474123
1.25,43,168,1,1,2.039606023447057
1.25,43,169,0,1,0.8790825852887483
1.25,43,170,1,1,4.564620982880935
1.25,43,171,1,0,-2.376966725380951
1.25,43,172,0,0,-1.6710303063562668
1.25,43,173,1,1,1.5141744754646587
1.25,43,174,0,0,-2.4699525171110555
1.25,43,175,0,0,-0.5316042657285529
1.25,43,176,1,1,4.312322279268976
1.25,43,177,1,1,0.5352010983759268
1.25,43,178,1,1,4.697079737029877
1.25,43,179,0,0,-3.3854258182927284
1.25,43,180,0,0,-2.86753661298176
1.25,43,181,1,1,8.640465075436044
1.25,43,182,0,0,-1.6450999230458592
1.25,43,183,0,0,-2.7288060000181376
1.25,43,184,0,0,-0.898901752066231
1.25,43,185,0,0,-1.9694531767358507
1.25,43,186,0,1,0.49884597988120366
1.25,43,187,1,1,3.8785953925788488
1.25,43,188,1,1,3.0049340266321938
1.25,43,189,0,0,-0.23602363081642294
1.25,43,190,0,1,3.5652839020694795
1.25,43,191,0,1,2.9648460197186925
1.25,43,192,0,0,-0.8214089968552629
1.25,43,193,1,1,0.9430570909371256
1.25,43,194,0,0,-2.6334022788875826
1.25,43,195,0,0,-2.4168640000619206
1.25,43,196,0,1,2.7901708601676276
1.25,43,197,1,1,2.119555686085557
1.25,43,198,0,0,-3.225471424153368
1.25,43,199,0,0,-1.7662862564956299
1.25,43,200,1,0,-0.08911722383176257
1.25,43,201,0,0,-4.90980191289875
1.25,43,202,0,0,-1.9953089729241136
1.25,43,203,0,0,-1.3089253267867866
1.25,43,204,1,1,2.0575430873906067
1.25,43,205,1,0,-2.661364457381176
1.25,43,206,1,0,-2.0326378519179866
1.25,43,207,0,1,1.2448761107217161
1.25,43,208,0,1,1.5646759576205531
1.25,43,209,0,1,0.14003579047840603
1.25,43,210,1,0,-0.6737444351573452
1.25,43,211,1,1,0.03694641944081914
1.25,43,212,1,1,0.7286451324362497
1.25,43,213,0,1,2.4323563598462545
1.25,43,214,0,0,-8.062190891384382
1.25,43,215,0,0,-4.05577103327639
1.25,43,216,1,0,-0.513672921102126
1.25,43,217,0,0,-1.1267190303793204
1.25,43,218,1,1,7.061489649004847
1.25,43,219,1,0,-2.442298296559547
1.25,43,220,1,1,6.648133214778698
1.25,43,221,1,1,0.22361281321053877
1.25,43,222,1,1,0.4827700696162543
1.25,43,223,1,1,1.632563327037597
1.25,43,224,1,1,0.6189734601565596
1.25,43,225,0,1,1.6597316330643095
1.25,43,226,1,1,0.37934191065551315
1.25,43,227,0,1,1.463913489799091
1.25,43,228,0,0,-2.6259596593000114
1.25,43,229,0,1,0.44773114564621547
1.25,43,230,1,1,1.0955428999760197
1.25,43,231,0,1,0.994845865587034
1.25,43,232,1,0,-0.203368800446811
1.25,43,233,1,1,1.3743391098073012
1.25,43,234,1,1,2.0708196898447992
1.25,43,235,0,0,-5.950440619768304
1.25,43,236,1,1,1.4485484192516254
1.25,43,237,1,1,2.8161604527286492
1.25,43,238,0,1,1.7761525679240402
1.25,43,239,0,1,1.3219195211725852
1.25,43,240,0,1,2.3118039109521735
1.25,43,241,1,0,-2.1457778356966903
1.25,43,242,1,0,-0.9551608538265672
1.25,43,243,0,1,1.0581178934841071
1.25,43,244,1,1,3.793052150083445
1.25,43,245,1,1,4.293173375494075
1.25,43,246,0,1,2.277055965938439
1.25,43,247,1,1,0.9130733095611312
1.25,43,248,1,1,1.553369447845579
1.25,43,249,1,0,-0.4352348700418702
1.25,43,250,1,1,1.426855133892928
1.25,43,251,1,1,6.700069868349755
1.25,43,252,0,1,0.3012031149154562
1.25,43,253,1,0,-0.6999819608572329
1.25,43,254,0,0,-2.5469253557590994
1.25,43,255,1,1,1.5435179310901126
1.25,43,256,0,1,2.8737620782343285
1.25,43,257,0,1,3.5103766874429674
1.25,43,258,0,1,2.50242393706339
1.25,43,259,0,0,-0.6200494695151981
1.25,43,260,0,0,-1.8852954404233453
1.25,43,261,0,1,2.421792004166212
1.25,43,262,1,1,2.1355886637226407
1.25,43,263,1,1,2.2891548737180054
1.25,43,264,1,1,0.3230210373694569
1.25,43,265,0,1,4.198708270790653
1.25,43,266,1,1,2.4558436255145466
1.25,43,267,1,0,-3.283962168365578
1.25,43,268,1,1,2.3211645881317664
1.25,43,269,0,0,-0.14844581445597999
1.25,43,270,1,0,-1.7716131219203055
1.25,43,271,0,1,0.45341470751876783
1.25,43,272,0,0,-2.280738422231603
1.25,43,273,1,1,1.271650690307864
1.25,43,274,1,0,-0.6570304974128365
1.25,43,275,0,0,-0.7254094726851401
1.25,43,276,0,0,-2.79153994759846
1.25,43,277,1,1,1.3663709104697515
1.25,43,278,0,0,-3.9054483796087616
1.25,43,279,0,0,-3.0060885085639435
1.25,43,280,1,1,3.6284632663061287
1.25,43,281,0,0,-7.9805615462196124
1.25,43,282,0,1,0.4818397490593607
1.25,43,283,0,1,2.9109134532258056
1.25,43,284,1,1,1.3100494704108139
1.25,43,285,0,0,-0.6588667092856981
1.25,43,286,0,1,3.2138675094264464
1.25,43,287,1,1,2.8418754123407477
1.25,43,288,1,0,-1.5817226889674239
1.25,43,289,0,0,-0.5223191657044521
1.25,43,290,0,0,-1.0632108435191425
1.25,43,291,1,1,1.9116114773425157
1.25,43,292,1,1,0.9364922937791711
1.25,43,293,1,1,1.0627077339325266
1.25,43,294,0,0,-2.016446339469173
1.25,43,295,1,0,-1.0717063134756921
1.25,43,296,0,1,3.6935780425926974
1.25,43,297,1,1,1.1223333389055379
1.25,43,298,1,1,1.685548432071933
1.25,43,299,1,1,2.5098138389203344
1.25,43,300,0,1,2.766826161960354
1.25,43,301,1,1,0.42171229727974563
1.25,43,302,1,1,0.3989622997303173
1.25,43,303,0,1,3.541025812813327
1.25,43,304,1,1,2.703223827517457
1.25,43,305,0,1,1.074482319896629
1.25,43,306,0,0,-0.4173963946991671
1.25,43,307,0,0,-2.051017178770602
1.25,43,308,0,1,1.5056155559670803
1.25,43,309,0,1,1.85944742852857
1.25,43,310,0,0,-1.3404468658986632
1.25,43,311,0,0,-1.1577612393263503
1.25,43,312,0,0,-1.7403030069307408
1.25,43,313,0,0,-7.425232212289229
1.25,43,314,0,0,-1.101915997588893
1.25,43,315,0,0,-0.7329333580934543
1.5,43,0,0,1,3.239840638748352
1.5,43,1,1,0,-3.3064339623760315
1.5,43,2,0,0,-2.169994880774619
1.5,43,3,1,0,-1.2126641091242023
1.5,43,4,0,0,-2.7375437500263
1.5,43,5,1,0,-4.625869335563278
1.5,43,6,0,1,1.1883332342236157
1.5,43,7,1,1,0.008549765068838366
1.5,43,8,0,1,0.910822476958181
1.5,43,9,0,0,-3.027534464176903
1.5,43,10,1,0,-4.3784198698462635
1.5,43,11,1,1,2.4770811500167595
1.5,43,12,0,0,-0.2337599541991358
1.5,43,13,0,0,-4.756132441195185
1.5,43,14,1,1,0.4363103449758107
1.5,43,15,1,1,0.659378626942394
1.5,43,16,1,1,0.8303317564089201
1.5,43,17,0,0,-4.859653170677973
1.5,43,18,0,0,-0.28262384546086844
1.5,43,19,1,1,4.525673165541011
1.5,43,20,0,0,-3.289071159683077
1.5,43,21,0,0,-3.9264815148136196
1.5,43,22,1,1,3.171189050126956
1.5,43,23,0,0,-1.3179267493143563
1.5,43,24,1,1,2.0940122025191346
1.5,43,25,0,0,-0.6678523127089347
1.5,43,26,0,0,-2.643868738438252
1.5,43,27,0,0,-1.0062603958265077
1.5,43,28,0,0,-3.2014150033169995
1.5,43,29,0,1,1.3343571422254077
1.5,43,30,0,1,2.0629767867186795
1.5,43,31,0,0,-7.355942080996951
1.5,43,32,1,1,0.2072267878179809
1.5,43,33,1,1,0.9612222714954448
1.5,43,34,1,1,2.3663336929273355
1.5,43,35,1,0,-0.824368582508419
1.5,43,36,1,1,0.7699248390443154
1.5,43,37,1,0,-4.119445753724408
1.5,43,38,0,0,-1.3153180821850836
1.5,43,39,1,0,-1.6281190526256712
1.5,43,40,0,1,0.0649120836571961
1.5,43,41,1,0,-0.9753854844681822
1.5,43,42,0,0,-2.32434019081104
1.5,43,43,0,0,-5.382813967805965
1.5,43,44,1,1,1.6513243582535522
1.5,43,45,0,0,-0.5731240389410304
1.5,43,46,1,0,-0.4606149899644191
1.5,43,47,1,1,1.5260395326650364
1.5,43,48,0,0,-5.982774438763267
1.5,43,49,1,0,-2.251658607866888
1.5,43,50,1,1,4.218380106041956
1.5,43,51,0,1,2.3499724070273533
1.5,43,52,0,1,0.7103522066236012
1.5,43,53,1,0,-0.25928770292925024
1.5,43,54,0,0,-2.0711517919206357
1.5,43,55,0,0,-4.296292353497648
1.5,43,56,1,1,1.360369955264149
1.5,43,57,0,1,2.2073063580226355
1.5,43,58,1,0,-0.12315089281510255
1.5,43,59,0,0,-1.9430353271876788
1.5,43,60,1,0,-0.515413155395203
1.5,43,61,0,1,4.5243674139439
1.5,43,62,0,0,-0.8838973129593972
1.5,43,63,1,0,-0.08672241373708597
1.5,43,64,0,0,-0.668778687597953
1.5,43,65,0,1,3.7421152686717765
1.5,43,66,0,1,0.2612950070877033
1.5,43,67,0,1,3.4720132483583774
1.5,43,68,0,1,0.6655357852220591
1.5,43,69,1,0,-0.837143111608815
1.5,43,70,0,0,-1.679672123550576
1.5,43,71,1,0,-4.185849068758993
1.5,43,72,0,0,-0.0998666846053306
1.5,43,73,0,1,1.3383175210542664
1.5,43,74,0,0,-0.9238607379886683
1.5,43,75,0,0,-0.42451731857311575
1.5,43,76,0,0,-0.2980758568714197
1.5,43,77,1,0,-0.5030233560174673
1.5,43,78,1,0,-2.3354124804167617
1.5,43,79,1,0,-2.6052029179382004
1.5,43,80,0,1,2.251011628310381
1.5,43,81,1,1,1.5368566137030155
1.5,43,82,0,1,0.6720043246820557
1.5,43,83,1,1,1.3289072991819477
1.5,43,84,1,0,-1.5812124886678898
1.5,43,85,1,1,1.4531259074184795
1.5,43,86,1,1,1.0870897003427413
1.5,43,87,1,0,-0.23691123049762114
1.5,43,88,1,1,2.058390587083112
1.5,43,89,1,1,1.4401574335831968
1.5,43,90,1,1,0.6419911496366176
1.5,43,91,1,1,0.45174147459695335
1.5,43,92,0,1,1.255254463759758
1.5,43,93,0,0,-0.8894955073528227
1.5,43,94,0,1,0.9574807076604515
1.5,43,95,0,0,-0.9631813090560605
1.5,43,96,1,0,-2.3442240866808226
1.5,43,97,1,0,-0.9060012477274695
1.5,43,98,1,1,1.199156333955509
1.5,43,99,0,1,1.9911505410347203
1.5,43,100,1,1,2.518030845036866
1.5,43,101,1,0,-1.068295129999527
1.5,43,102,1,1,1.1910426033174315
1.5,43,103,0,0,-1.0967177390986937
1.5,43,104,1,1,0.07648057989779229
1.5,43,105,0,0,-0.5570610619557281
1.5,43,106,1,1,3.4573323230884694
1.5,43,107,1,1,1.1565787128069487
1.5,43,108,1,0,-1.113196419953722
1.5,43,109,0,1,1.7991498938461161
1.5,43,110,1,0,-0.9174896714657739
1.5,43,111,0,0,-0.8281722901757727
1.5,43,112,1,1,1.7587246810763681
1.5,43,113,0,0,-6.785277990904841
1.5,43,114,0,0,-3.0661284897726935
1.5,43,115,0,1,0.5400890299223318
1.5,43,116,1,1,4.3338202594078945
1.5,43,117,0,0,-8.752953386999764
1.5,43,118,0,1,1.282991653088173
1.5,43,119,1,1,6.200673802112291
1.5,43,120,1,1,0.71422335622306
1.5,43,121,1,1,1.30938162252692
1.5,43,122,1,1,2.67540657904245
1.5,43,123,0,0,-2.529502537031695
1.5,43,124,1,0,-1.457760188263371
1.5,43,125,1,0,-0.9410420370433981
1.5,43,126,0,0,-0.20029417887918705
1.5,43,127,0,1,0.47274318836434526
1.5,43,128,1,1,0.27057843311302215
1.5,43,129,1,1,1.891562003589479
1.5,43,130,1,0,-0.095852081810891
1.5,43,131,1,1,1.4790788758317945
1.5,43,132,1,1,3.119420758289711
1.5,43,133,0,1,2.8517070921326937
1.5,43,134,0,1,1.5402203606165688
1.5,43,135,0,0,-3.7814305943770306
1.5,43,136,0,0,-3.8875489639658576
1.5,43,137,1,1,0.6489334119551299
1.5,43,138,1,1,3.4979424361958387
1.5,43,139,0,0,-2.4692945469011587
1.5,43,140,1,0,-0.7878758017037395
1.5,43,141,1,1,0.23356642244300657
1.5,43,142,1,1,1.2699364593474674
1.5,43,143,1,1,3.8613243036312768
1.5,43,144,1,0,-0.7154676687697822
1.5,43,145,1,1,1.7590907351181955
1.5,43,146,1,1,0.9888810660151741
1.5,43,147,0,1,2.983089355105675
1.5,43,148,0,0,-0.8190475468980458
1.5,43,149,0,0,-4.927287237349122
1.5,43,150,1,1,1.4979731394783282
1.5,43,151,1,0,-0.4020807448464706
1.5,43,152,0,0,-3.0241210355004156
1.5,43,153,0,1,0.9118158285606948
1.5,43,154,1,1,0.9976950466003391
1.5,43,155,1,1,0.0697993118179255
1.5,43,156,0,1,0.2566302942471222
1.5,43,157,0,1,0.6478891562179958
1.5,43,158,0,0,-4.3773574091087735
1.5,43,159,0,0,-2.7578748501291748
1.5,43,160,0,1,2.1537123983357502
1.5,43,161,1,1,4.413573249969449
1.5,43,162,1,0,-2.562262895673229
1.5,43,163,1,1,2.448290060921642
1.5,43,164,1,1,3.6100303336911845
1.5,43,165,1,0,-0.4202091528711313
1.5,43,166,1,0,-1.655028805649893
1.5,43,167,0,0,-1.2790019627210787
1.5,43,168,1,1,2.284086362820541
1.5,43,169,0,1,0.9463257829340155
1.5,43,170,1,1,4.886391308304099
1.5,43,171,1,0,-2.4850141483197485
1.5,43,172,0,0,-1.6542240518142723
1.5,43,173,1,1,1.622047077858094
1.5,43,174,0,0,-2.477498720195724
1.5,43,175,0,0,-0.4107793148696881
1.5,43,176,1,1,4.640730356096603
1.5,43,177,1,1,0.6671559762882215
1.5,43,178,1,1,4.858645343223298
1.5,43,179,0,0,-3.603972363781597
1.5,43,180,0,0,-3.135351527254246
1.5,43,181,1,1,9.428384649898375
1.5,43,182,0,0,-1.729015664340009
1.5,43,183,0,0,-2.7354270718009426
1.5,43,184,0,0,-1.0964408065997149
1.5,43,185,0,0,-2.1352368060349316
1.5,43,186,0,1,0.5046560535674018
1.5,43,187,1,1,4.198765441846399
1.5,43,188,1,1,3.1309872421866816
1.5,43,189,0,0,-0.2517788498806663
1.5,43,190,0,1,3.93533863789391
1.5,43,191,0,1,3.1737841274685024
1.5,43,192,0,0,-0.9247481241887119
1.5,43,193,1,1,1.1238585397419412
1.5,43,194,0,0,-2.8067419078663387
1.5,43,195,0,0,-2.749437591119333
1.5,43,196,0,1,3.0598358275475857
1.5,43,197,1,1,2.332648397466773
1.5,43,198,0,0,-3.314933158349589
1.5,43,199,0,0,-1.9150474476187231
1.5,43,200,1,0,-0.021951904665784644
1.5,43,201,0,0,-5.144240419801098
1.5,43,202,0,0,-2.231588988777275
1.5,43,203,0,0,-1.377585990507065
1.5,43,204,1,1,2.194548602673479
1.5,43,205,1,0,-2.8338321309338683
1.5,43,206,1,0,-2.0114345583261253
1.5,43,207,0,1,1.21543780214081
1.5,43,208,0,1,1.6683677658966147
1.5,43,209,0,1,0.15503505302850845
1.5,43,210,1,0,-0.6461941747845509
1.5,43,211,1,1,0.20637205914389517
1.5,43,212,1,1,0.7574173323658213
1.5,43,213,0,1,2.628036505773434
1.5,43,214,0,0,-8.597410365231575
1.5,43,215,0,0,-4.480310465809068
1.5,43,216,1,0,-0.48656060280908425
1.5,43,217,0,0,-1.1710376688384607
1.5,43,218,1,1,7.121377837500851
1.5,43,219,1,0,-2.638474272761479
1.5,43,220,1,1,7.289536219595512
1.5,43,221,1,1,0.16519884781129818
1.5,43,222,1,1,0.4765660953574335
1.5,43,223,1,1,1.7105385718138975
1.5,43,224,1,1,0.7384269397323697
1.5,43,225,0,1,1.7669974059148392
1.5,43,226,1,1,0.3698714968025497
1.5,43,227,0,1,1.6348127398888999
1.5,43,228,0,0,-2.7490360749693705
1.5,43,229,0,1,0.399382941119908
1.5,43,230,1,1,1.2263597585530601
1.5,43,231,0,1,1.045238708110261
1.5,43,232,1,0,-0.2605224041121219
1.5,43,233,1,1,1.5163026577813992
1.5,43,234,1,1,2.1696242272993356
1.5,43,235,0,0,-6.343794038688173
1.5,43,236,1,1,1.4926242693844372
1.5,43,237,1,1,2.961565292063723
1.5,43,238,0,1,1.9922700768012866
1.5,43,239,0,1,1.4364909333354101
1.5,43,240,0,1,2.338460198386488
1.5,43,241,1,0,-2.3141361087376304
1.5,43,242,1,0,-0.9458883871766429
1.5,43,243,0,1,1.1292805394239407
1.5,43,244,1,1,4.058935960620186
1.5,43,245,1,1,4.438406366643089
1.5,43,246,0,1,2.3266796033315646
1.5,43,247,1,1,0.994635298737893
1.5,43,248,1,1,1.646778869713219
1.5,43,249,1,0,-0.628532183398448
1.5,43,250,1,1,1.47682964108752
1.5,43,251,1,1,7.142335785064825
1.5,43,252,0,1,0.37197724594031834
1.5,43,253,1,0,-0.969244205362221
1.5,43,254,0,0,-2.600874031748778
1.5,43,255,1,1,1.7021084983100538
1.5,43,256,0,1,3.023709849368314
1.5,43,257,0,1,3.8526073953841062
1.5,43,258,0,1,2.6768675585808244
1.5,43,259,0,0,-0.6355617961526914
1.5,43,260,0,0,-1.7852036344090654
1.5,43,261,0,1,2.476537532056866
1.5,43,262,1,1,2.2588670724060003
1.5,43,263,1,1,2.426610876585049
1.5,43,264,1,1,0.5681091755870649
1.5,43,265,0,1,4.413080629082516
1.5,43,266,1,1,2.564646891251546
1.5,43,267,1,0,-3.2807867448933377
1.5,43,268,1,1,2.2977228445933346
1.5,43,269,0,0,-0.14123069196253552
1.5,43,270,1,0,-2.0236510084495847
1.5,43,271,0,1,0.38420582885714283
1.5,43,272,0,0,-2.3531360299284514
1.5,43,273,1,1,1.3726927570353291
1.5,43,274,1,0,-0.7943950111566715
1.5,43,275,0,0,-0.868162826983181
1.5,43,276,0,0,-2.966592318880551
1.5,43,277,1,1,1.2840376860386136
1.5,43,278,0,0,-4.196615723175858
1.5,43,279,0,0,-3.1923864499214805
1.5,43,280,1,1,3.7789147277515274
1.5,43,281,0,0,-8.272761387159823
1.5,43,282,0,1,0.6045989709869246
1.5,43,283,0,1,3.217408306495319
1.5,43,284,1,1,1.4175610085206567
1.5,43,285,0,0,-0.7056778293692936
1.5,43,286,0,1,3.4774635371647187
1.5,43,287,1,1,3.0945602902008766
1.5,43,288,1,0,-1.6234668529393312
1.5,43,289,0,0,-0.5365330950515985
1.5,43,290,0,0,-1.1195258205964955
1.5,43,291,1,1,1.9283877123608446
1.5,43,292,1,1,1.0545927494359828
1.5,43,293,1,1,1.1283329557616404
1.5,43,294,0,0,-2.13908525367684
1.5,43,295,1,0,-1.1159190178232945
1.5,43,296,0,1,3.9439267902274735
1.5,43,297,1,1,1.1551730626849248
1.5,43,298,1,1,1.7890911231398308
1.5,43,299,1,1,2.7189066368551837
1.5,43,300,0,1,2.8436768605801284
1.5,43,301,1,1,0.4778163456129391
1.5,43,302,1,1,0.40048778953135866
1.5,43,303,0,1,3.891049998403014
1.5,43,304,1,1,2.827308063083782
1.5,43,305,0,1,1.1444379990428382
1.5,43,306,0,0,-0.42948150045336786
1.5,43,307,0,0,-2.1673831506711334
1.5,43,308,0,1,1.657473364712066
1.5,43,309,0,1,2.1590594432595256
1.5,43,310,0,0,-1.3055281486742598
1.5,43,311,0,0,-1.2985559164794682
1.5,43,312,0,0,-1.9749706425726727
1.5,43,313,0,0,-7.865771162007044
1.5,43,314,0,0,-1.2740410046474293
1.5,43,315,0,0,-0.9653073167582772
2.0,43,0,0,1,3.847402187518258
2.0,43,1,1,0,-3.192642797616306
2.0,43,2,0,0,-2.4506024905058563
2.0,43,3,1,0,-1.395589871892252
2.0,43,4,0,0,-3.167484099932662
2.0,43,5,1,0,-5.271814340509764
2.0,43,6,0,1,1.3556945950265642
2.0,43,7,1,1,0.23578540817208618
2.0,43,8,0,1,0.8375621575462833
2.0,43,9,0,0,-3.3736579532837765
2.0,43,10,1,0,-4.543282933439974
2.0,43,11,1,1,2.6550632603257274
2.0,43,12,0,0,-0.42512475704757746
2.0,43,13,0,0,-5.434134632023683
2.0,43,14,1,1,0.6139806005507625
2.0,43,15,1,1,0.7489359410282392
2.0,43,16,1,1,0.9941952571039762
2.0,43,17,0,0,-5.529688243484718
2.0,43,18,0,0,-0.3841117226709616
2.0,43,19,1,1,4.98521108819906
2.0,43,20,0,0,-3.8861612940772297
2.0,43,21,0,0,-4.061210279554925
2.0,43,22,1,1,3.637530453598213
2.0,43,23,0,0,-1.3613237203544668
2.0,43,24,1,1,2.465467889887227
2.0,43,25,0,0,-0.7779580576427905
2.0,43,26,0,0,-2.781962311522061
2.0,43,27,0,0,-1.1190348820258715
2.0,43,28,0,0,-3.5596879869271953
2.0,43,29,0,1,1.2906830455306153
2.0,43,30,0,1,2.088429865945584
2.0,43,31,0,0,-8.186272417771933
2.0,43,32,1,1,0.08937435189875889
2.0,43,33,1,1,1.2769838984514128
2.0,43,34,1,1,2.8369874139445326
2.0,43,35,1,0,-0.8588115483515316
2.0,43,36,1,1,0.8129185145603839
2.0,43,37,1,0,-4.650354453818603
2.0,43,38,0,0,-1.6406804370833774
2.0,43,39,1,0,-1.9304831956411874
2.0,43,40,0,0,-0.034193432803160784
2.0,43,41,1,0,-0.9987191545313996
2.0,43,42,0,0,-2.642004995773176
2.0,43,43,0,0,-6.15551418591717
2.0,43,44,1,1,1.7600675816883486
2.0,43,45,0,0,-0.5783188077762981
2.0,43,46,1,0,-0.6385040727903819
2.0,43,47,1,1,1.79920842156451
2.0,43,48,0,0,-6.611086969052687
2.0,43,49,1,0,-2.0398723228525837
2.0,43,50,1,1,4.696149313006488
2.0,43,51,0,1,2.6488063204331906
2.0,43,52,0,1,0.8905444699525575
2.0,43,53,1,0,-0.285858955336047
2.0,43,54,0,0,-2.4108605523635385
2.0,43,55,0,0,-4.894224497830978
2.0,43,56,1,1,1.5678979889766034
2.0,43,57,0,1,2.429211091386877
2.0,43,58,1,0,-0.260836617277421
2.0,43,59,0,0,-2.347871851480279
2.0,43,60,1,0,-0.34607623534291243
2.0,43,61,0,1,5.064325821590643
2.0,43,62,0,0,-0.9269753437767074
2.0,43,63,1,0,-0.19215375145915733
2.0,43,64,0,0,-0.8323276192768669
2.0,43,65,0,1,3.980339191120669
2.0,43,66,0,1,0.27410315199706625
2.0,43,67,0,1,3.966642706394346
2.0,43,68,0,1,0.7576714205606486
2.0,43,69,1,0,-0.9190177349697461
2.0,43,70,0,0,-1.8822490687276958
2.0,43,71,1,0,-4.7457988574206205
2.0,43,72,0,0,-0.16542043281874588
2.0,43,73,0,1,1.5396794073000755
2.0,43,74,0,0,-0.951393908805796
2.0,43,75,0,0,-0.4614027728288975
2.0,43,76,0,0,-0.29939318636928697
2.0,43,77,1,0,-0.5495202930760331
2.0,43,78,1,0,-2.741926615504611
2.0,43,79,1,0,-2.8868107219295758
2.0,43,80,0,1,2.7119646218546096
2.0,43,81,1,1,1.9564348423576776
2.0,43,82,0,1,0.8916838286300703
2.0,43,83,1,1,1.3507866874442866
2.0,43,84,1,0,-1.8423011590928762
2.0,43,85,1,1,1.6718688644354613
2.0,43,86,1,1,1.145703867549317
2.0,43,87,1,0,-0.33806834560958565
2.0,43,88,1,1,2.266690025871576
2.0,43,89,1,1,1.4857599542970288
2.0,43,90,1,1,0.6900903785042787
2.0,43,91,1,1,0.46122786889119327
2.0,43,92,0,1,1.4273913080013738
2.0,43,93,0,0,-0.954651002535222
2.0,43,94,0,1,0.9566968436572956
2.0,43,95,0,0,-1.1037040398104647
2.0,43,96,1,0,-2.8965691303800596
2.0,43,97,1,0,-0.9392113163263676
2.0,43,98,1,1,1.5462081039886812
2.0,43,99,0,1,2.362587021459676
2.0,43,100,1,1,2.8176921146491503
2.0,43,101,1,0,-1.2185669543570143
2.0,43,102,1,1,1.3031024232118371
2.0,43,103,0,0,-0.9443187367812956
2.0,43,104,1,1,0.15916329462972367
2.0,43,105,0,0,-0.6270280608928629
2.0,43,106,1,1,3.7907712846378026
2.0,43,107,1,1,1.1901722946578877
2.0,43,108,1,0,-1.281203923055763
2.0,43,109,0,1,2.203508887482481
2.0,43,110,1,0,-0.878558386845299
2.0,43,111,0,0,-0.94134438284257
2.0,43,112,1,1,1.9645461446172496
2.0,43,113,0,0,-7.681583313237584
2.0,43,114,0,0,-3.27243584085046
2.0,43,115,0,1,0.7797053049543345
2.0,43,116,1,1,4.9765093632201935
2.0,43,117,0,0,-9.616582994334896
2.0,43,118,0,1,1.2001454035951629
2.0,43,119,1,1,5.832140469305735
2.0,43,120,1,1,0.6687269511351506
2.0,43,121,1,1,1.3187862454681147
2.0,43,122,1,1,3.024042384500357
2.0,43,123,0,0,-2.927494754815773
2.0,43,124,1,0,-1.6203981419681053
2.0,43,125,1,0,-1.012180438796512
2.0,43,126,0,0,-0.16700810074097205
2.0,43,127,0,1,0.3683428993457194
2.0,43,128,1,1,0.17961583153851468
2.0,43,129,1,1,1.977436723364407
2.0,43,130,1,0,-0.3060064532794989
2.0,43,131,1,1,1.4900590480725362
2.0,43,132,1,1,3.283375402117788
2.0,43,133,0,1,3.525692983352114
2.0,43,134,0,1,1.7779283844824458
2.0,43,135,0,0,-3.9564838707768
2.0,43,136,0,0,-4.153839366450513
2.0,43,137,1,1,0.7216908857059634
2.0,43,138,1,1,3.8833808066328106
2.0,43,139,0,0,-2.632404317883545
2.0,43,140,1,0,-0.870611409923159
2.0,43,141,1,1,0.21709024068454316
2.0,43,142,1,1,1.2744880684395974
2.0,43,143,1,1,4.095911775875533
2.0,43,144,1,0,-0.919441865191903
2.0,43,145,1,1,2.1062698250941536
2.0,43,146,1,1,0.8834931276960329
2.0,43,147,0,1,3.3153093861322716
2.0,43,148,0,0,-0.8443097934526104
2.0,43,149,0,0,-5.494996580727166
2.0,43,150,1,1,1.8598727102684944
2.0,43,151,1,0,-0.4317202702395586
2.0,43,152,0,0,-3.262798163884966
2.0,43,153,0,1,1.2561211596255237
2.0,43,154,1,1,1.3074066107406521
2.0,43,155,1,1,0.12394108359160716
2.0,43,156,0,1,0.39106519590633326
2.0,43,157,0,1,0.5557029374735046
2.0,43,158,0,0,-4.818941702976173
2.0,43,159,0,0,-3.1354393855069107
2.0,43,160,0,1,2.3968080777454044
2.0,43,161,1,1,4.801339486387225
2.0,43,162,1,0,-2.7617044880784705
2.0,43,163,1,1,2.6750183720898426
2.0,43,164,1,1,3.9541565160455887
2.0,43,165,1,0,-0.5591304639673597
2.0,43,166,1,0,-1.847250004537325
2.0,43,167,0,0,-1.4278977452441364
2.0,43,168,1,1,2.6889811864593
2.0,43,169,0,1,1.0422702862815854
2.0,43,170,1,1,5.4374077774232354
2.0,43,171,1,0,-2.6595467662409438
2.0,43,172,0,0,-1.5940274625080026
2.0,43,173,1,1,1.7917701750681274
2.0,43,174,0,0,-2.4731043075283092
2.0,43,175,0,0,-0.17276235150190195
2.0,43,176,1,1,5.232822592133485
2.0,43,177,1,1,0.902327577250849
2.0,43,178,1,1,5.144286167112192
2.0,43,179,0,0,-3.9814029434305773
2.0,43,180,0,0,-3.6259972958091438
2.0,43,181,1,1,10.774582555109303
2.0,43,182,0,0,-1.861936260110686
2.0,43,183,0,0,-2.7302298222608843
2.0,43,184,0,0,-1.43926017149747
2.0,43,185,0,0,-2.421791354142862
2.0,43,186,0,1,0.514239758845015
2.0,43,187,1,1,4.748063886940587
2.0,43,188,1,1,3.3645317316358634
2.0,43,189,0,0,-0.27895695638958906
2.0,43,190,0,1,4.591515368131105
2.0,43,191,0,1,3.5203028417935416
2.0,43,192,0,0,-1.0925155633094437
2.0,43,193,1,1,1.4307431500645937
2.0,43,194,0,0,-3.0918511119372662
2.0,43,195,0,0,-3.3226229242713488
2.0,43,196,0,1,3.5146639554437566
2.0,43,197,1,1,2.7096778745079395
2.0,43,198,0,0,-3.4750665764656046
2.0,43,199,0,0,-2.1827043908532016
2.0,43,200,1,1,0.09811186085471937
2.0,43,201,0,0,-5.501896403309779
2.0,43,202,0,0,-2.650519584981735
2.0,43,203,0,0,-1.5054060057885454
2.0,43,204,1,1,2.4081855112514994
2.0,43,205,1,0,-3.121059447094321
2.0,43,206,1,0,-1.9531982630290907
2.0,43,207,0,1,1.169076544042556
2.0,43,208,0,1,1.861458775806672
2.0,43,209,0,1,0.19234803377258847
2.0,43,210,1,0,-0.5722935691714495
2.0,43,211,1,1,0.5236238235305302
2.0,43,212,1,1,0.8004841462738986
2.0,43,213,0,1,2.953471959900283
2.0,43,214,0,0,-9.512000034219753
2.0,43,215,0,0,-5.197566077168282
2.0,43,216,1,0,-0.45158665653878005
2.0,43,217,0,0,-1.2234890046060474
2.0,43,218,1,1,7.250777206831396
2.0,43,219,1,0,-2.9792505212438205
2.0,43,220,1,1,8.355510648353478
2.0,43,221,1,1,0.07709898347009184
2.0,43,222,1,1,0.45482078131262016
2.0,43,223,1,1,1.8646349295780364
2.0,43,224,1,1,0.9702260474568489
2.0,43,225,0,1,1.932516132195039
2.0,43,226,1,1,0.3406315566979683
2.0,43,227,0,1,1.9508987385915812
2.0,43,228,0,0,-2.9475897951269077
2.0,43,229,0,1,0.32041914553575607
2.0,43,230,1,1,1.452780135012635
2.0,43,231,0,1,1.13526812893604
2.0,43,232,1,0,-0.3472332014752016
2.0,43,233,1,1,1.7427726879930912
2.0,43,234,1,1,2.3368809485783646
2.0,43,235,0,0,-6.998847847782014
2.0,43,236,1,1,1.5673500968775766
2.0,43,237,1,1,3.199980131372193
2.0,43,238,0,1,2.3706505469010515
2.0,43,239,0,1,1.6191013949122044
2.0,43,240,0,1,2.380954006340093
2.0,43,241,1,0,-2.596707341276733
2.0,43,242,1,0,-0.9331099869823263
2.0,43,243,0,1,1.2672198257576963
2.0,43,244,1,1,4.514009417720162
2.0,43,245,1,1,4.690909689318117
2.0,43,246,0,1,2.392044490006272
2.0,43,247,1,1,1.1285485144087457
2.0,43,248,1,1,1.8166758659480515
2.0,43,249,1,0,-0.9810004398191285
2.0,43,250,1,1,1.5392719077794068
2.0,43,251,1,1,7.91688986617039
2.0,43,252,0,1,0.498004125134424
2.0,43,253,1,0,-1.4325820108518683
2.0,43,254,0,0,-2.6997158183333165
2.0,43,255,1,1,1.982910209963293
2.0,43,256,0,1,3.265847529807938
2.0,43,257,0,1,4.409481649749061
2.0,43,258,0,1,2.9741466615231293
2.0,43,259,0,0,-0.653556463006975
2.0,43,260,0,0,-1.5882830814467526
2.0,43,261,0,1,2.5588548722830375
2.0,43,262,1,1,2.4631820167337914
2.0,43,263,1,1,2.6472605160547404
2.0,43,264,1,1,1.0186920784165001
2.0,43,265,0,1,4.769072070164457
2.0,43,266,1,1,2.7632664299438248
2.0,43,267,1,0,-3.2748741144225963
2.0,43,268,1,1,2.2454699643453377
2.0,43,269,0,0,-0.14161300513243588
2.0,43,270,1,0,-2.4546698482175575
2.0,43,271,0,1,0.240211490852499
2.0,43,272,0,0,-2.4747679318054647
2.0,43,273,1,1,1.5689766244782815
2.0,43,274,1,0,-1.0107030475019214
2.0,43,275,0,0,-1.1042840571884291
2.0,43,276,0,0,-3.2530502360052527
2.0,43,277,1,1,1.1245325304431175
2.0,43,278,0,0,-4.689861514422317
2.0,43,279,0,0,-3.496994517558845
2.0,43,280,1,1,4.016006638223997
2.0,43,281,0,0,-8.737786056145497
2.0,43,282,0,1,0.8223246734915834
2.0,43,283,0,1,3.72964747681392
2.0,43,284,1,1,1.599799601977606
2.0,43,285,0,0,-0.7885183380094971
2.0,43,286,0,1,3.9252014761504257
2.0,43,287,1,1,3.5577501937977782
2.0,43,288,1,0,-1.6838951335522796
2.0,43,289,0,0,-0.5492397377953938
2.0,43,290,0,0,-1.2267890610909329
2.0,43,291,1,1,1.9123693855335704
2.0,43,292,1,1,1.2425645319777483
2.0,43,293,1,1,1.2536112323146986
2.0,43,294,0,0,-2.344648079795495
2.0,43,295,1,0,-1.1746056442421655
2.0,43,296,0,1,4.379071530318142
2.0,43,297,1,1,1.2228209304629107
2.0,43,298,1,1,1.972991468033039
2.0,43,299,1,1,3.055845139061482
2.0,43,300,0,1,2.9749903479409103
2.0,43,301,1,1,0.5830895663701607
2.0,43,302,1,1,0.4053529409571695
2.0,43,303,0,1,4.4776287574394145
2.0,43,304,1,1,3.046427206529493
2.0,43,305,0,1,1.2541151915974509
2.0,43,306,0,0,-0.4434482379891236
2.0,43,307,0,0,-2.3518582595737363
2.0,43,308,0,1,1.8975056869694327
2.0,43,309,0,1,2.6842215310638267
2.0,43,310,0,0,-1.2499672788490255
2.0,43,311,0,0,-1.567752405872448
2.0,43,312,0,0,-2.386140240108893
2.0,43,313,0,0,-8.615846548405827
2.0,43,314,0,0,-1.5644224765720902
2.0,43,315,0,0,-1.3732733638441161
2.5,43,0,0,1,4.351590154216136
2.5,43,1,1,0,-3.037634910971775
2.5,43,2,0,0,-2.690872418629843
2.5,43,3,1,0,-1.5637825713823252
2.5,43,4,0,0,-3.5262705998754305
2.5,43,5,1,0,-5.822834101190027
2.5,43,6,0,1,1.5004929244972756
2.5,43,7,1,1,0.4220135637109861
2.5,43,8,0,1,0.7627163050694811
2.5,43,9,0,0,-3.6710006059194153
2.5,43,10,1,0,-4.670636695774385
2.5,43,11,1,1,2.789297116668989
2.5,43,12,0,0,-0.5929644182421843
2.5,43,13,0,0,-6.022253168640106
2.5,43,14,1,1,0.7617545767405765
2.5,43,15,1,1,0.8246039078986871
2.5,43,16,1,1,1.1335610334421515
2.5,43,17,0,0,-6.115773336324882
2.5,43,18,0,0,-0.46730899046169927
2.5,43,19,1,1,5.377814191329446
2.5,43,20,0,0,-4.38999057248992
2.5,43,21,0,0,-4.154934627943184
2.5,43,22,1,1,4.0232680157485285
2.5,43,23,0,0,-1.3660298882879933
2.5,43,24,1,1,2.797292449654211
2.5,43,25,0,0,-0.8691906695349032
2.5,43,26,0,0,-2.901796753160787
2.5,43,27,0,0,-1.2075908631974384
2.5,43,28,0,0,-3.8414059583824627
2.5,43,29,0,1,1.266686706965142
2.5,43,30,0,1,2.1116614753876566
2.5,43,31,0,0,-8.872857696245667
2.5,43,32,1,0,-0.015984194606894542
2.5,43,33,1,1,1.5558209896265813
2.5,43,34,1,1,3.254368544651341
2.5,43,35,1,0,-0.8850319365915538
2.5,43,36,1,1,0.8392430561778618
2.5,43,37,1,0,-5.11990247093031
2.5,43,38,0,0,-1.9107283684926313
2.5,43,39,1,0,-2.187021032374103
2.5,43,40,0,0,-0.11865561713821246
2.5,43,41,1,0,-1.012506355867191
2.5,43,42,0,0,-2.9189991830822515
2.5,43,43,0,0,-6.818121741181248
2.5,43,44,1,1,1.8526094469200827
2.5,43,45,0,0,-0.5705125084901912
2.5,43,46,1,0,-0.8020138248165192
2.5,43,47,1,1,2.0274026179364193
2.5,43,48,0,0,-7.151550790624218
2.5,43,49,1,0,-1.7929655804110527
2.5,43,50,1,1,5.086211948492437
2.5,43,51,0,1,2.910797689612933
2.5,43,52,0,1,1.0460667163471442
2.5,43,53,1,0,-0.3117900244232218
2.5,43,54,0,0,-2.7130988615265084
2.5,43,55,0,0,-5.425750947877824
2.5,43,56,1,1,1.747983386926288
2.5,43,57,0,1,2.608265961378593
2.5,43,58,1,0,-0.3967320337727397
2.5,43,59,0,0,-2.7054355888194093
2.5,43,60,1,0,-0.191143422394648
2.5,43,61,0,1,5.521711336684122
2.5,43,62,0,0,-0.9481318616816675
2.5,43,63,1,0,-0.27379370311060697
2.5,43,64,0,0,-0.9823731892500303
2.5,43,65,0,1,4.158861937274641
2.5,43,66,0,1,0.29421055104051463
2.5,43,67,0,1,4.379494054700494
2.5,43,68,0,1,0.8401750427240136
2.5,43,69,1,0,-1.005947094429593
2.5,43,70,0,0,-2.044099467915992
2.5,43,71,1,0,-5.222194203515785
2.5,43,72,0,0,-0.2287800611514382
2.5,43,73,0,1,1.710169519399011
2.5,43,74,0,0,-0.9693923393776774
2.5,43,75,0,0,-0.4860579986448843
2.5,43,76,0,0,-0.2781439522238972
2.5,43,77,1,0,-0.5832773046128472
2.5,43,78,1,0,-3.0708422673423486
2.5,43,79,1,0,-3.1130131597272745
2.5,43,80,0,1,3.1265494074301303
2.5,43,81,1,1,2.3337470864058183
2.5,43,82,0,1,1.0919611588068723
2.5,43,83,1,1,1.3434290564478004
2.5,43,84,1,0,-2.07377782921204
2.5,43,85,1,1,1.8592216341977439
2.5,43,86,1,1,1.182286130683452
2.5,43,87,1,0,-0.4034961262691019
2.5,43,88,1,1,2.4480358364204218
2.5,43,89,1,1,1.5061534130515675
2.5,43,90,1,1,0.734882650290388
2.5,43,91,1,1,0.46378246277125484
2.5,43,92,0,1,1.5706836867725547
2.5,43,93,0,0,-1.0333488168288585
2.5,43,94,0,1,1.0015404230517124
2.5,43,95,0,0,-1.2028014853043927
2.5,43,96,1,0,-3.4054798751384063
2.5,43,97,1,0,-0.976578632029323
2.5,43,98,1,1,1.8453561740919362
2.5,43,99,0,1,2.708579875868545
2.5,43,100,1,1,3.0874745981437632
2.5,43,101,1,0,-1.3312894559813842
2.5,43,102,1,1,1.3997399659019742
2.5,43,103,0,0,-0.8105855420325638
2.5,43,104,1,1,0.23810989666138752
2.5,43,105,0,0,-0.6748215879905498
2.5,43,106,1,1,4.065704826375146
2.5,43,107,1,1,1.2376403169369596
2.5,43,108,1,0,-1.4257766877121478
2.5,43,109,0,1,2.5533800231981987
2.5,43,110,1,0,-0.8405653776274247
2.5,43,111,0,0,-1.040868392602357
2.5,43,112,1,1,2.1557504009930235
2.5,43,113,0,0,-8.421637455867296
2.5,43,114,0,0,-3.443065843524432
2.5,43,115,0,1,0.9948778252732783
2.5,43,116,1,1,5.542045144766128
2.5,43,117,0,0,-10.379526254621343
2.5,43,118,0,1,1.100342845547347
2.5,43,119,1,1,5.485756546966953
2.5,43,120,1,1,0.6206980298442462
2.5,43,121,1,1,1.3190674742438202
2.5,43,122,1,1,3.3410390790456357
2.5,43,123,0,0,-3.272449401732894
2.5,43,124,1,0,-1.7610565077364113
2.5,43,125,1,0,-1.0726036499234302
2.5,43,126,0,0,-0.11958907338362887
2.5,43,127,0,1,0.2789627067880934
2.5,43,128,1,1,0.10019791924755891
2.5,43,129,1,1,2.048482218030672
2.5,43,130,1,0,-0.5067312869423298
2.5,43,131,1,1,1.4783497113272688
2.5,43,132,1,1,3.4071255360975887
2.5,43,133,0,1,4.099332934301846
2.5,43,134,0,1,1.9767666277471632
2.5,43,135,0,0,-4.07926377902525
2.5,43,136,0,0,-4.36083840942494
2.5,43,137,1,1,0.7867142451371865
2.5,43,138,1,1,4.210798952993348
2.5,43,139,0,0,-2.768023935270643
2.5,43,140,1,0,-0.9384219564057539
2.5,43,141,1,1,0.20007181226014628
2.5,43,142,1,1,1.2647497711008941
2.5,43,143,1,1,4.292452943526607
2.5,43,144,1,0,-1.1044254172404853
2.5,43,145,1,1,2.4205656957827015
2.5,43,146,1,1,0.7968000847465742
2.5,43,147,0,1,3.5950668960156626
2.5,43,148,0,0,-0.8770168623256018
2.5,43,149,0,0,-5.970653232546662
2.5,43,150,1,1,2.1920847644666983
2.5,43,151,1,0,-0.4439853010197052
2.5,43,152,0,0,-3.445424314732001
2.5,43,153,0,1,1.5784482194930616
2.5,43,154,1,1,1.5821806881359772
2.5,43,155,1,1,0.1612380006737775
2.5,43,156,0,1,0.5165412293436855
2.5,43,157,0,1,0.4715157687804462
2.5,43,158,0,0,-5.213871117096714
2.5,43,159,0,0,-3.461812581741889
2.5,43,160,0,1,2.624674453364714
2.5,43,161,1,1,5.116406150913314
2.5,43,162,1,0,-2.9334520993369813
2.5,43,163,1,1,2.8449109136781727
2.5,43,164,1,1,4.257907517989988
2.5,43,165,1,0,-0.6743117731973539
2.5,43,166,1,0,-2.0025969692615697
2.5,43,167,0,0,-1.554241326343519
2.5,43,168,1,1,3.0211055895440846
2.5,43,169,0,1,1.104594259962639
2.5,43,170,1,1,5.909254604043813
2.5,43,171,1,0,-2.7949845531036095
2.5,43,172,0,0,-1.5167296328967257
2.5,43,173,1,1,1.9273374594911217
2.5,43,174,0,0,-2.456753809269334
2.5,43,175,0,1,0.051417520332978195
2.5,43,176,1,1,5.759429317421106
2.5,43,177,1,1,1.1098723563434376
2.5,43,178,1,1,5.399047491123303
2.5,43,179,0,0,-4.30459168295527
2.5,43,180,0,0,-4.074363014755422
2.5,43,181,1,1,11.914632080676004
2.5,43,182,0,0,-1.9687871479868164
2.5,43,183,0,0,-2.7126392601898015
2.5,43,184,0,0,-1.727719115811406
2.5,43,185,0,0,-2.6673719232416477
2.5,43,186,0,1,0.5228567838108334
2.5,43,187,1,1,5.214769741840097
2.5,43,188,1,1,3.5781888161592152
2.5,43,189,0,0,-0.3015048983233425
2.5,43,190,0,1,5.157075128025936
2.5,43,191,0,1,3.805728576413633
2.5,43,192,0,0,-1.2280746660970039
2.5,43,193,1,1,1.6814531730199451
2.5,43,194,0,0,-3.32278323376512
2.5,43,195,0,0,-3.8079637902470154
2.5,43,196,0,1,3.8870441562453126
2.5,43,197,1,1,3.0396056643776284
2.5,43,198,0,0,-3.6177097923626467
2.5,43,199,0,0,-2.422938426426949
2.5,43,200,1,1,0.20501480982497805
2.5,43,201,0,0,-5.765160268523421
2.5,43,202,0,0,-3.014041259034894
2.5,43,203,0,0,-1.623844397338917
2.5,43,204,1,1,2.5708716813293333
2.5,43,205,1,0,-3.3576649302098915
2.5,43,206,1,0,-1.8884222874813328
2.5,43,207,0,1,1.1378465512647282
2.5,43,208,0,1,2.043270480981272
2.5,43,209,0,1,0.23396071778664143
2.5,43,210,1,0,-0.4905183206501946
2.5,43,211,1,1,0.8142702438357753
2.5,43,212,1,1,0.8315117272149573
2.5,43,213,0,1,3.2270287122424555
2.5,43,214,0,0,-10.289776741501875
2.5,43,215,0,0,-5.794905826154707
2.5,43,216,1,0,-0.43240522686477145
2.5,43,217,0,0,-1.247294466567351
2.5,43,218,1,1,7.4001064924441335
2.5,43,219,1,0,-3.273095072381848
2.5,43,220,1,1,9.228869720581338
2.5,43,221,1,1,0.01665801434261205
2.5,43,222,1,1,0.4276261547454585
2.5,43,223,1,1,2.0161397374164656
2.5,43,224,1,1,1.194638509911669
2.5,43,225,0,1,2.0546589566290607
2.5,43,226,1,1,0.3065331116496495
2.5,43,227,0,1,2.2394906819162994
2.5,43,228,0,0,-3.1060950793286657
2.5,43,229,0,1,0.26281440888285645
2.5,43,230,1,1,1.6455835799696006
2.5,43,231,0,1,1.2178197822449373
2.5,43,232,1,0,-0.4117368867367658
2.5,43,233,1,1,1.9222599595350442
2.5,43,234,1,1,2.480556754298007
2.5,43,235,0,0,-7.536979312613009
2.5,43,236,1,1,1.630727148153416
2.5,43,237,1,1,3.3926946927150725
2.5,43,238,0,1,2.6943024362111694
2.5,43,239,0,1,1.7578945637986332
2.5,43,240,0,1,2.4185652318930027
2.5,43,241,1,0,-2.831968576346623
2.5,43,242,1,0,-0.9267879709168825
2.5,43,243,0,1,1.397731900686565
2.5,43,244,1,1,4.894951868249431
2.5,43,245,1,1,4.916073661387384
2.5,43,246,0,1,2.4296248823416136
2.5,43,247,1,1,1.2359494345563866
2.5,43,248,1,1,1.9718714246238729
2.5,43,249,1,0,-1.2952810675115232
2.5,43,250,1,1,1.5707580831728851
2.5,43,251,1,1,8.588117180316742
2.5,43,252,0,1,0.6079874811456037
2.5,43,253,1,0,-1.8216554544908865
2.5,43,254,0,0,-2.7925408237030793
2.5,43,255,1,1,2.22962353081329
2.5,43,256,0,1,3.458952610938327
2.5,43,257,0,1,4.856906974304226
2.5,43,258,0,1,3.2231782452424667
2.5,43,259,0,0,-0.6632364614298463
2.5,43,260,0,0,-1.4061751904497686
2.5,43,261,0,1,2.6210858123173457
2.5,43,262,1,1,2.6281691987537
2.5,43,263,1,1,2.8194838017359958
2.5,43,264,1,1,1.4202023646953146
2.5,43,265,0,1,5.06507322503577
2.5,43,266,1,1,2.9415066483866634
2.5,43,267,1,0,-3.273386267491888
2.5,43,268,1,1,2.190229540958281
2.5,43,269,0,0,-0.15220025586340702
2.5,43,270,1,0,-2.8145184474766896
2.5,43,271,0,1,0.0984572732174448
2.5,43,272,0,0,-2.577699134058161
2.5,43,273,1,1,1.7578349763433931
2.5,43,274,1,0,-1.1738943421867978
2.5,43,275,0,0,-1.2927797722326158
2.5,43,276,0,0,-3.481366013840971
2.5,43,277,1,1,0.9777933787595232
2.5,43,278,0,0,-5.099891661971607
2.5,43,279,0,0,-3.746093491267895
2.5,43,280,1,1,4.199001745103131
2.5,43,281,0,0,-9.10842445733492
2.5,43,282,0,1,1.0148600435813946
2.5,43,283,0,1,4.1517038804029145
2.5,43,284,1,1,1.7518717827351353
2.5,43,285,0,0,-0.8575552461400743
2.5,43,286,0,1,4.303508320501509
2.5,43,287,1,1,3.978870298319745
2.5,43,288,1,0,-1.7239954421643953
2.5,43,289,0,0,-0.550449418415198
2.5,43,290,0,0,-1.3278762990411508
2.5,43,291,1,1,1.860405781189054
2.5,43,292,1,1,1.3864872510837802
2.5,43,293,1,1,1.3707227409846363
2.5,43,294,0,0,-2.5147589473346876
2.5,43,295,1,0,-1.2102490648872042
2.5,43,296,0,1,4.755140645095059
2.5,43,297,1,1,1.2908858154905767
2.5,43,298,1,1,2.128678919912521
2.5,43,299,1,1,3.323151932887279
2.5,43,300,0,1,3.0886593225355115
2.5,43,301,1,1,0.681904322126587
2.5,43,302,1,1,0.41141415510301627
2.5,43,303,0,1,4.965697123053992
2.5,43,304,1,1,3.2391076889881045
2.5,43,305,0,1,1.3387198291940272
2.5,43,306,0,0,-0.4494253972948666
2.5,43,307,0,0,-2.497930349979893
2.5,43,308,0,1,2.0820706715199613
2.5,43,309,0,1,3.135893724794895
2.5,43,310,0,0,-1.2028128721687366
2.5,43,311,0,0,-1.8206154049529837
2.5,43,312,0,0,-2.7362391518768114
2.5,43,313,0,0,-9.248485712066381
2.5,43,314,0,0,-1.8028668920489945
2.5,43,315,0,0,-1.7272853127434045
3.0,43,0,0,1,4.786576472813922
3.0,43,1,1,0,-2.868237929069772
3.0,43,2,0,0,-2.9039563846360608
3.0,43,3,1,0,-1.7196114893679106
3.0,43,4,0,0,-3.835842788791909
3.0,43,5,1,0,-6.306460529301761
3.0,43,6,0,1,1.6299527953285549
3.0,43,7,1,1,0.5825817235576505
3.0,43,8,0,1,0.686912214702581
3.0,43,9,0,0,-3.9344962385469375
3.0,43,10,1,0,-4.7755642779366205
3.0,43,11,1,1,2.896083493250211
3.0,43,12,0,0,-0.7435258614603701
3.0,43,13,0,0,-6.54500390077822
3.0,43,14,1,1,0.8925519041997112
3.0,43,15,1,1,0.8916077295552463
3.0,43,16,1,1,1.2549132925673665
3.0,43,17,0,0,-6.64195949109512
3.0,43,18,0,0,-0.5380063481881123
3.0,43,19,1,1,5.726392559629657
3.0,43,20,0,0,-4.8303928614853895
3.0,43,21,0,0,-4.225103956716245
3.0,43,22,1,1,4.353550406616518
3.0,43,23,0,0,-1.3455320012020695
3.0,43,24,1,1,3.099454348670826
3.0,43,25,0,0,-0.9451961734706945
3.0,43,26,0,0,-3.0133507767846277
3.0,43,27,0,0,-1.279112876171502
3.0,43,28,0,0,-4.070306803981387
3.0,43,29,0,1,1.2548593499181027
3.0,43,30,0,1,2.1383261387692403
3.0,43,31,0,0,-9.463705233011053
3.0,43,32,1,0,-0.11117546255239677
3.0,43,33,1,1,1.8084508598984175
3.0,43,34,1,1,3.630701784441627
3.0,43,35,1,0,-0.9052508185783608
3.0,43,36,1,1,0.8566376723507254
3.0,43,37,1,0,-5.54139972250668
3.0,43,38,0,0,-2.1448252362754494
3.0,43,39,1,0,-2.4111831538582345
3.0,43,40,0,0,-0.19300457813485788
3.0,43,41,1,0,-1.0221946783557012
3.0,43,42,0,0,-3.1655062699208227
3.0,43,43,0,0,-7.404758513638215
3.0,43,44,1,1,1.9341529181458434
3.0,43,45,0,0,-0.5561699833051585
3.0,43,46,1,0,-0.951893636152021
3.0,43,47,1,1,2.22531824780782
3.0,43,48,0,0,-7.631120701856949
3.0,43,49,1,0,-1.5353265841453252
3.0,43,50,1,1,5.419471547905571
3.0,43,51,0,1,3.1450445157327063
3.0,43,52,0,1,1.1822066413199734
3.0,43,53,1,0,-0.33761648979343956
3.0,43,54,0,0,-2.984783439223035
3.0,43,55,0,0,-5.9101393698717155
3.0,43,56,1,1,1.9073483930111612
3.0,43,57,0,1,2.7567790068010187
3.0,43,58,1,0,-0.5281737036628575
3.0,43,59,0,0,-3.02665348920716
3.0,43,60,1,0,-0.049137863659857395
3.0,43,61,0,1,5.922289711847958
3.0,43,62,0,0,-0.9572372642984824
3.0,43,63,1,0,-0.34268174990765987
3.0,43,64,0,0,-1.1230844902586712
3.0,43,65,0,1,4.301187800186194
3.0,43,66,0,1,0.31845661605645775
3.0,43,67,0,1,4.737177810216323
3.0,43,68,0,1,0.9178139370368341
3.0,43,69,1,0,-1.093570559117878
3.0,43,70,0,0,-2.178553835480783
3.0,43,71,1,0,-5.640424017146936
3.0,43,72,0,0,-0.2911998811119119
3.0,43,73,0,1,1.859646348113134
3.0,43,74,0,0,-0.9844278749286253
3.0,43,75,0,0,-0.5039814232980255
3.0,43,76,0,0,-0.2445331169723871
3.0,43,77,1,0,-0.6087191150607993
3.0,43,78,1,0,-3.3471668171777504
3.0,43,79,1,0,-3.3024620883445452
3.0,43,80,0,1,3.5013013894669744
3.0,43,81,1,1,2.6767220057870262
3.0,43,82,0,1,1.2769775663225924
3.0,43,83,1,1,1.3188746538665632
3.0,43,84,1,0,-2.280870922195846
3.0,43,85,1,1,2.0216092414705176
3.0,43,86,1,1,1.2040847970361828
3.0,43,87,1,0,-0.4460801802336584
3.0,43,88,1,1,2.6086546654528266
3.0,43,89,1,1,1.5141003686764316
3.0,43,90,1,1,0.7753098848970049
3.0,43,91,1,1,0.462145727731034
3.0,43,92,0,1,1.6922746796224823
3.0,43,93,0,0,-1.1195205895322322
3.0,43,94,0,1,1.0740579757849305
3.0,43,95,0,0,-1.2753069558131502
3.0,43,96,1,0,-3.8745877299257434
3.0,43,97,1,0,-1.015788822031214
3.0,43,98,1,1,2.1104643024275336
3.0,43,99,0,1,3.030815690535541
3.0,43,100,1,1,3.332787666287095
3.0,43,101,1,0,-1.4200474163283152
3.0,43,102,1,1,1.4847613149672896
3.0,43,103,0,0,-0.6889729678540162
3.0,43,104,1,1,0.31119310436050657
3.0,43,105,0,0,-0.7072099160706152
3.0,43,106,1,1,4.301612724442271
3.0,43,107,1,1,1.2914116745040183
3.0,43,108,1,0,-1.5544988427599804
3.0,43,109,0,1,2.863180491749627
3.0,43,110,1,0,-0.8075439680953393
3.0,43,111,0,0,-1.1314635953365535
3.0,43,112,1,1,2.335280969571104
3.0,43,113,0,0,-9.054202571429059
3.0,43,114,0,0,-3.5902141080067205
3.0,43,115,0,1,1.1898721466661613
3.0,43,116,1,1,6.050800598518586
3.0,43,117,0,0,-11.071330561386018
3.0,43,118,0,1,0.9926451903345882
3.0,43,119,1,1,5.1710840597701635
3.0,43,120,1,1,0.5733097275322723
3.0,43,121,1,1,1.315358601767929
3.0,43,122,1,1,3.6323593502678846
3.0,43,123,0,0,-3.5783974100950413
3.0,43,124,1,0,-1.8856837915082565
3.0,43,125,1,0,-1.1246276101414545
3.0,43,126,0,0,-0.06425260069533673
3.0,43,127,0,1,0.20185930476593258
3.0,43,128,1,1,0.03170009207699592
3.0,43,129,1,1,2.1113382702851595
3.0,43,130,1,0,-0.6983466565063027
3.0,43,131,1,1,1.45538810970816
3.0,43,132,1,1,3.5056172262977716
3.0,43,133,0,1,4.603347926189403
3.0,43,134,0,1,2.1487098504612656
3.0,43,135,0,0,-4.169140829528233
3.0,43,136,0,0,-4.530332192604486
3.0,43,137,1,1,0.8450952531058048
3.0,43,138,1,1,4.4996646079370715
3.0,43,139,0,0,-2.8889018144030025
3.0,43,140,1,0,-0.99653955017309
3.0,43,141,1,1,0.18472202076115035
3.0,43,142,1,1,1.2484200951908746
3.0,43,143,1,1,4.467122731074351
3.0,43,144,1,0,-1.2736176076723662
3.0,43,145,1,1,2.709427564415665
3.0,43,146,1,1,0.7215701218279837
3.0,43,147,0,1,3.8406183146246757
3.0,43,148,0,0,-0.915647659471972
3.0,43,149,0,0,-6.381240211712187
3.0,43,150,1,1,2.50076335353286
3.0,43,151,1,0,-0.447233313161873
3.0,43,152,0,0,-3.590708265639438
3.0,43,153,0,1,1.8807586683993085
3.0,43,154,1,1,1.8308155649754858
3.0,43,155,1,1,0.1892318877162647
3.0,43,156,0,1,0.6356120899223294
3.0,43,157,0,1,0.39578163233135166
3.0,43,158,0,0,-5.5741117305738594
3.0,43,159,0,0,-3.7529937518733907
3.0,43,160,0,1,2.8401900088529075
3.0,43,161,1,1,5.382749214967381
3.0,43,162,1,0,-3.0883374140497493
3.0,43,163,1,1,2.9756134373233882
3.0,43,164,1,1,4.533312174579841
3.0,43,165,1,0,-0.7740831428014114
3.0,43,166,1,0,-2.1342868682372895
3.0,43,167,0,0,-1.6673283314692489
3.0,43,168,1,1,3.305443665526447
3.0,43,169,0,1,1.1459232762505023
3.0,43,170,1,1,6.329695291928044
3.0,43,171,1,0,-2.9020610595518948
3.0,43,172,0,0,-1.434065047313681
3.0,43,173,1,1,2.044875925914497
3.0,43,174,0,0,-2.436738866025961
3.0,43,175,0,1,0.2594581246042623
3.0,43,176,1,1,6.235793438673788
3.0,43,177,1,1,1.297842687477749
3.0,43,178,1,1,5.633605194138479
3.0,43,179,0,0,-4.588986999538462
3.0,43,180,0,0,-4.492775786981835
3.0,43,181,1,1,12.91622580679852
3.0,43,182,0,0,-2.0610205413423053
3.0,43,183,0,0,-2.6912213002166987
3.0,43,184,0,0,-1.9747310555429458
3.0,43,185,0,0,-2.883121807294254
3.0,43,186,0,1,0.5305244430898557
3.0,43,187,1,1,5.625477149531463
3.0,43,188,1,1,3.7770629540338088
3.0,43,189,0,0,-0.32046883844102597
3.0,43,190,0,1,5.654540102883602
3.0,43,191,0,1,4.051713781166686
3.0,43,192,0,0,-1.342674581851163
3.0,43,193,1,1,1.8905801282260253
3.0,43,194,0,0,-3.5187693306135674
3.0,43,195,0,0,-4.23144507334689
3.0,43,196,0,1,4.20067333177507
3.0,43,197,1,1,3.334382719952171
3.0,43,198,0,0,-3.748261640185488
3.0,43,199,0,0,-2.6452151542027655
3.0,43,200,1,1,0.29763093995978707
3.0,43,201,0,0,-5.970968032976011
3.0,43,202,0,0,-3.333575104167654
3.0,43,203,0,0,-1.7332101676012515
3.0,43,204,1,1,2.703169475603287
3.0,43,205,1,0,-3.5600789896731526
3.0,43,206,1,0,-1.824419311565613
3.0,43,207,0,1,1.117621956769527
3.0,43,208,0,1,2.216133522086165
3.0,43,209,0,1,0.27698176272830316
3.0,43,210,1,0,-0.4081169754971362
3.0,43,211,1,1,1.079903934816667
3.0,43,212,1,1,0.8547971667396388
3.0,43,213,0,1,3.4658172302533807
3.0,43,214,0,0,-10.973447661612441
3.0,43,215,0,0,-6.312585395169048
3.0,43,216,1,0,-0.42270637657789273
3.0,43,217,0,0,-1.2561957726394166
3.0,43,218,1,1,7.570672847230151
3.0,43,219,1,0,-3.5352594245885145
3.0,43,220,1,1,9.969879013113783
3.0,43,221,1,0,-0.02295846257388412
3.0,43,222,1,1,0.3981483639323847
3.0,43,223,1,1,2.164425589149922
3.0,43,224,1,1,1.4113261767208531
3.0,43,225,0,1,2.1479630636670226
3.0,43,226,1,1,0.27003744610212743
3.0,43,227,0,1,2.506221300140754
3.0,43,228,0,0,-3.2395276649089366
3.0,43,229,0,1,0.22273453611582583
3.0,43,230,1,1,1.8145173508651986
3.0,43,231,0,1,1.2926514140549272
3.0,43,232,1,0,-0.4632274344049955
3.0,43,233,1,1,2.0729827770314664
3.0,43,234,1,1,2.609815342502602
3.0,43,235,0,0,-7.994864205572556
3.0,43,236,1,1,1.687609999465189
3.0,43,237,1,1,3.5555654730890693
3.0,43,238,0,1,2.976960171449201
3.0,43,239,0,1,1.867379891815212
3.0,43,240,0,1,2.454910587704803
3.0,43,241,1,0,-3.0358556470196274
3.0,43,242,1,0,-0.9213585929106883
3.0,43,243,0,1,1.5194306110718707
3.0,43,244,1,1,5.222959029614089
3.0,43,245,1,1,5.125821234436581
3.0,43,246,0,1,2.44963777726184
3.0,43,247,1,1,1.325963750080514
3.0,43,248,1,1,2.1160096862638276
3.0,43,249,1,0,-1.57901172636579
3.0,43,250,1,1,1.5849926925486695
3.0,43,251,1,1,9.185511696819011
3.0,43,252,0,1,0.704444655755906
3.0,43,253,1,0,-2.157865423316971
3.0,43,254,0,0,-2.8835943747567816
3.0,43,255,1,1,2.450234760150569
3.0,43,256,0,1,3.6206001941179258
3.0,43,257,0,1,5.232990546394197
3.0,43,258,0,1,3.4383180533156623
3.0,43,259,0,0,-0.6693275287340028
3.0,43,260,0,0,-1.2390930614354563
3.0,43,261,0,1,2.6730894643361283
3.0,43,262,1,1,2.7676313509867696
3.0,43,263,1,1,2.959085091620323
3.0,43,264,1,1,1.7793471806835894
3.0,43,265,0,1,5.319119001470563
3.0,43,266,1,1,3.1027146435133073
3.0,43,267,1,0,-3.281159672650936
3.0,43,268,1,1,2.133988299193292
3.0,43,269,0,0,-0.16850041586373754
3.0,43,270,1,0,-3.1226171860985903
3.0,43,271,0,0,-0.03660295260038471
3.0,43,272,0,0,-2.669020010433689
3.0,43,273,1,1,1.9389201610318185
3.0,43,274,1,0,-1.3010346248973832
3.0,43,275,0,0,-1.446299491674758
3.0,43,276,0,0,-3.6702940644362587
3.0,43,277,1,1,0.8451680049666246
3.0,43,278,0,0,-5.453629634149405
3.0,43,279,0,0,-3.960858711905264
3.0,43,280,1,1,4.346956212732122
3.0,43,281,0,0,-9.420566899651178
3.0,43,282,0,1,1.1905368204952032
3.0,43,283,0,1,4.513126797494348
3.0,43,284,1,1,1.8816948123367756
3.0,43,285,0,0,-0.9149800230023352
3.0,43,286,0,1,4.635352991966383
3.0,43,287,1,1,4.370060401166677
3.0,43,288,1,0,-1.7504573362325635
3.0,43,289,0,0,-0.5455355382250837
3.0,43,290,0,0,-1.4241764711452087
3.0,43,291,1,1,1.7908674530352675
3.0,43,292,1,1,1.502223878306793
3.0,43,293,1,1,1.4800043864695875
3.0,43,294,0,0,-2.6601384076191095
3.0,43,295,1,0,-1.2328188812248158
3.0,43,296,0,1,5.092375565998255
3.0,43,297,1,1,1.3574241023461973
3.0,43,298,1,1,2.2631562471846554
3.0,43,299,1,1,3.5445308086379046
3.0,43,300,0,1,3.19075897175126
3.0,43,301,1,1,0.7759222100889198
3.0,43,302,1,1,0.4174357667788925
3.0,43,303,0,1,5.388913569965139
3.0,43,304,1,1,3.4126779467799997
3.0,43,305,0,1,1.4079175120800325
3.0,43,306,0,0,-0.4530044064218094
3.0,43,307,0,0,-2.6213321695943734
3.0,43,308,0,1,2.23040779403137
3.0,43,309,0,1,3.535404977182019
3.0,43,310,0,0,-1.1625899493024219
3.0,43,311,0,0,-2.05743408740307
3.0,43,312,0,0,-3.0409322495027036
3.0,43,313,0,0,-9.802975019796403
3.0,43,314,0,0,-2.004248447438485
3.0,43,315,0,0,-2.0442985275409975
4.0,43,0,0,1,5.516439924238418
4.0,43,1,1,0,-2.5291898446419765
4.0,43,2,0,0,-3.2744025281307003
4.0,43,3,1,0,-2.001496073318606
4.0,43,4,0,0,-4.358570629393527
4.0,43,5,1,0,-7.136721326149959
4.0,43,6,0,1,1.8573303349421284
4.0,43,7,1,1,0.8532418723327162
4.0,43,8,0,1,0.544658646110279
4.0,43,9,0,0,-4.391000206995712
4.0,43,10,1,0,-4.941831347655145
4.0,43,11,1,1,3.0577721139959873
4.0,43,12,0,0,-1.0053628905261747
4.0,43,13,0,0,-7.450044466988317
4.0,43,14,1,1,1.11775918976133
4.0,43,15,1,1,1.0123988993953903
4.0,43,16,1,1,1.4596405246930275
4.0,43,17,0,0,-7.5665783863188185
4.0,43,18,0,0,-0.6582635901562824
4.0,43,19,1,1,6.334437220532351
4.0,43,20,0,0,-5.5817767244703385
4.0,43,21,0,0,-4.332187410324683
4.0,43,22,1,1,4.900487891754812
4.0,43,23,0,0,-1.2676018092400172
4.0,43,24,1,1,3.6373697956670794
4.0,43,25,0,0,-1.0697229777654207
4.0,43,26,0,0,-3.2208415170991733
4.0,43,27,0,0,-1.3955557753091776
4.0,43,28,0,0,-4.421207530656642
4.0,43,29,0,1,1.2437764208608126
4.0,43,30,0,1,2.2049163254086777
4.0,43,31,0,0,-10.446463346962421
4.0,43,32,1,0,-0.2754823986167448
4.0,43,33,1,1,2.2553635274446013
4.0,43,34,1,1,4.290753427160219
4.0,43,35,1,0,-0.9372651985559506
4.0,43,36,1,1,0.8805905744256254
4.0,43,37,1,0,-6.277405265402134
4.0,43,38,0,0,-2.54053115129619
4.0,43,39,1,0,-2.7931935298018273
4.0,43,40,0,0,-0.31858486505011746
4.0,43,41,1,0,-1.0385166823309497
4.0,43,42,0,0,-3.594698327562735
4.0,43,43,0,0,-8.420380366580222
4.0,43,44,1,1,2.0778167926187523
4.0,43,45,0,0,-0.5247914908419802
4.0,43,46,1,0,-1.2183154366979685
4.0,43,47,1,1,2.5665220436490714
4.0,43,48,0,0,-8.461538633810399
4.0,43,49,1,0,-1.0229674815019272
4.0,43,50,1,1,5.973347073841269
4.0,43,51,0,1,3.553336389504422
4.0,43,52,0,1,1.4128981993333705
4.0,43,53,1,0,-0.3890205517991336
4.0,43,54,0,0,-3.452661995634292
4.0,43,55,0,0,-6.777122987221429
4.0,43,56,1,1,2.180708466281659
4.0,43,57,0,1,2.995112843599779
4.0,43,58,1,0,-0.7705961625927183
4.0,43,59,0,0,-3.5877159527408646
4.0,43,60,1,1,0.2086394290221399
4.0,43,61,0,1,6.607408679676231
4.0,43,62,0,0,-0.9561292468026441
4.0,43,63,1,0,-0.44525157613108185
4.0,43,64,0,0,-1.3797724449523208
4.0,43,65,0,1,4.520679047778351
4.0,43,66,0,1,0.3733234827029673
4.0,43,67,0,1,5.339202466982236
4.0,43,68,0,1,1.0622546289845947
4.0,43,69,1,0,-1.267853650658263
4.0,43,70,0,0,-2.396942184072656
4.0,43,71,1,0,-6.36026608303568
4.0,43,72,0,0,-0.412132013037544
4.0,43,73,0,1,2.1143428095044117
4.0,43,74,0,0,-1.007214499301455
4.0,43,75,0,0,-0.5325348222215156
4.0,43,76,0,0,-0.1583249700615496
4.0,43,77,1,0,-0.6399477104894575
4.0,43,78,1,0,-3.7991061766600116
4.0,43,79,1,0,-3.6083122213983274
4.0,43,80,0,1,4.153970971531209
4.0,43,81,1,1,3.286813236004764
4.0,43,82,0,1,1.6084448164880114
4.0,43,83,1,1,1.24464900913667
4.0,43,84,1,0,-2.63663857683703
4.0,43,85,1,1,2.3024289982643915
4.0,43,86,1,1,1.2171817457833567
4.0,43,87,1,0,-0.48806380078372785
4.0,43,88,1,1,2.8827524473943367
4.0,43,89,1,1,1.5133419068157599
4.0,43,90,1,1,0.8527832052649491
4.0,43,91,1,1,0.4517911857765586
4.0,43,92,0,1,1.8943031641399677
4.0,43,93,0,0,-1.3008506946308818
4.0,43,94,0,1,1.2582155945531097
4.0,43,95,0,0,-1.3694879862451166
4.0,43,96,1,0,-4.711516670191375
4.0,43,97,1,0,-1.0883985100947167
4.0,43,98,1,1,2.5699159844660913
4.0,43,99,0,1,3.609507036846959
4.0,43,100,1,1,3.772178525609914
4.0,43,101,1,0,-1.551661642597642
4.0,43,102,1,1,1.6331882201725336
4.0,43,103,0,0,-0.474984215831834
4.0,43,104,1,1,0.440222510528334
4.0,43,105,0,0,-0.7408241485767642
4.0,43,106,1,1,4.698548587651209
4.0,43,107,1,1,1.4085794293137797
4.0,43,108,1,0,-1.7760765547814805
4.0,43,109,0,1,3.3955812991549634
4.0,43,110,1,0,-0.7597661107951683
4.0,43,111,0,0,-1.2940588174505907
4.0,43,112,1,1,2.6650634595649096
4.0,43,113,0,0,-10.112331944413956
4.0,43,114,0,0,-3.8349620243957694
4.0,43,115,0,1,1.5322163527615449
4.0,43,116,1,1,6.943036290303349
4.0,43,117,0,0,-12.301843178979277
4.0,43,118,0,1,0.7740882508319062
4.0,43,119,1,1,4.637205765492754
4.0,43,120,1,1,0.4823055541174817
4.0,43,121,1,1,1.3054316256200578
4.0,43,122,1,1,4.15403358580403
4.0,43,123,0,0,-4.104894879691327
4.0,43,124,1,0,-2.1060996949293607
4.0,43,125,1,0,-1.208382193396217
4.0,43,126,0,1,0.057439307434096254
4.0,43,127,0,1,0.07583660377541296
4.0,43,128,1,0,-0.08146613480786175
4.0,43,129,1,1,2.2265179985881716
4.0,43,130,1,0,-1.0557065357011641
4.0,43,131,1,1,1.3944101729966618
4.0,43,132,1,1,3.657197918130411
4.0,43,133,0,1,5.469321590738529
4.0,43,134,0,1,2.438316589594414
4.0,43,135,0,0,-4.2894121692596405
4.0,43,136,0,0,-4.80554412589528
4.0,43,137,1,1,0.95220533978735
4.0,43,138,1,1,4.998906393092482
4.0,43,139,0,0,-3.106462070467554
4.0,43,140,1,0,-1.094159550815936
4.0,43,141,1,1,0.15626535559714572
4.0,43,142,1,1,1.2089839123743116
4.0,43,143,1,1,4.769994594580589
4.0,43,144,1,0,-1.571874341966513
4.0,43,145,1,1,3.2300601337881067
4.0,43,146,1,1,0.5917762222329139
4.0,43,147,0,1,4.266515429640095
4.0,43,148,0,0,-1.002570140353903
4.0,43,149,0,0,-7.067871175551095
4.0,43,150,1,1,3.064058482819785
4.0,43,151,1,0,-0.438684589284621
4.0,43,152,0,0,-3.8110851568430526
4.0,43,153,0,1,2.43218786764485
4.0,43,154,1,1,2.271181119590869
4.0,43,155,1,1,0.22932050908959561
4.0,43,156,0,1,0.8558828204349067
4.0,43,157,0,1,0.264571635908684
4.0,43,158,0,0,-6.2173628242671155
4.0,43,159,0,0,-4.258944470975547
4.0,43,160,0,1,3.2408718827516596
4.0,43,161,1,1,5.8255054230063275
4.0,43,162,1,0,-3.3645946453302282
4.0,43,163,1,1,3.1557334535269534
4.0,43,164,1,1,5.015742794785672
4.0,43,165,1,0,-0.944383041180602
4.0,43,166,1,0,-2.3528546387111016
4.0,43,167,0,0,-1.8713208118695546
4.0,43,168,1,1,3.782700766633112
4.0,43,169,0,1,1.1898216512310438
4.0,43,170,1,1,7.0708503213957234
4.0,43,171,1,0,-3.060647952534608
4.0,43,172,0,0,-1.2700820068130771
4.0,43,173,1,1,2.245275788247282
4.0,43,174,0,0,-2.400275796862542
4.0,43,175,0,1,0.6315574334149279
4.0,43,176,1,1,7.0661321089798115
4.0,43,177,1,1,1.6362315015094575
4.0,43,178,1,1,6.052835433087816
4.0,43,179,0,0,-5.082278426437488
4.0,43,180,0,0,-5.257693395762466
4.0,43,181,1,1,14.637045949640742
4.0,43,182,0,0,-2.221842756886729
4.0,43,183,0,0,-2.640870693029039
4.0,43,184,0,0,-2.3813266153999337
4.0,43,185,0,0,-3.2522852485631235
4.0,43,186,0,1,0.5450492962243039
4.0,43,187,1,1,6.332535814389105
4.0,43,188,1,1,4.135004999987459
4.0,43,189,0,0,-0.34861757143332384
4.0,43,190,0,1,6.494047840441298
4.0,43,191,0,1,4.4679323498414325
4.0,43,192,0,0,-1.5333244078175552
4.0,43,193,1,1,2.2209763788369954
4.0,43,194,0,0,-3.843803953620511
4.0,43,195,0,0,-4.948770875175633
4.0,43,196,0,1,4.70900439798844
4.0,43,197,1,1,3.8485251091110437
4.0,43,198,0,0,-3.9802893294150152
4.0,43,199,0,0,-3.0475934151423987
4.0,43,200,1,1,0.4563249828841717
4.0,43,201,0,0,-6.271526405474501
4.0,43,202,0,0,-3.881527709004773
4.0,43,203,0,0,-1.930609059556096
4.0,43,204,1,1,2.9141014092494
4.0,43,205,1,0,-3.897174472876902
4.0,43,206,1,0,-1.7060489190837003
4.0,43,207,0,1,1.0996810635838896
4.0,43,208,0,1,2.5423817183614292
4.0,43,209,0,1,0.36159054811057484
4.0,43,210,1,0,-0.2531575174765868
4.0,43,211,1,1,1.5428530870402648
4.0,43,212,1,1,0.8893924738921335
4.0,43,213,0,1,3.880498772858933
4.0,43,214,0,0,-12.155326057920421
4.0,43,215,0,0,-7.192261749309556
4.0,43,216,1,0,-0.41574880184183727
4.0,43,217,0,0,-1.2489701326078295
4.0,43,218,1,1,7.93364340129892
4.0,43,219,1,0,-3.993076712546797
4.0,43,220,1,1,11.207929519450621
4.0,43,221,1,0,-0.059532903598116194
4.0,43,222,1,1,0.3349925900320792
4.0,43,223,1,1,2.4466744368927946
4.0,43,224,1,1,1.8196135414925063
4.0,43,225,0,1,2.2838913641260383
4.0,43,226,1,1,0.19904728450222103
4.0,43,227,0,1,2.9871559595569934
4.0,43,228,0,0,-3.4587465185236024
4.0,43,229,0,1,0.18060889415466402
4.0,43,230,1,1,2.101703647744899
4.0,43,231,0,1,1.4317780867276397
4.0,43,232,1,0,-0.5421221418308653
4.0,43,233,1,1,2.3207286839904713
4.0,43,234,1,1,2.837244064110739
4.0,43,235,0,0,-8.75403227499318
4.0,43,236,1,1,1.7898419145459397
4.0,43,237,1,1,3.823236924974319
4.0,43,238,0,1,3.4563001014683494
4.0,43,239,0,1,2.0313101972532133
4.0,43,240,0,1,2.5288163762053393
4.0,43,241,1,0,-3.3819934967042338
4.0,43,242,1,0,-0.9152181616810373
4.0,43,243,0,1,1.737720861326883
4.0,43,244,1,1,5.7707355697779485
4.0,43,245,1,1,5.51463177718091
4.0,43,246,0,1,2.4587336239519795
4.0,43,247,1,1,1.4726634295078571
4.0,43,248,1,1,2.382596856692893
4.0,43,249,1,0,-2.077685695227331
4.0,43,250,1,1,1.5820820905987623
4.0,43,251,1,1,10.230192088042047
4.0,43,252,0,1,0.8639867625995992
4.0,43,253,1,0,-2.7166324704077054
4.0,43,254,0,0,-3.0598099956790694
4.0,43,255,1,1,2.841007409640128
4.0,43,256,0,1,3.88473161992335
4.0,43,257,0,1,5.848795728659008
4.0,43,258,0,1,3.80143759703876
4.0,43,259,0,0,-0.6794474471242944
4.0,43,260,0,0,-0.9448104365134331
4.0,43,261,0,1,2.7546053923065386
4.0,43,262,1,1,2.9964797210978618
4.0,43,263,1,1,3.1711895601445517
4.0,43,264,1,1,2.396113850324748
4.0,43,265,0,1,5.748908460945347
4.0,43,266,1,1,3.3869637865856594
4.0,43,267,1,0,-3.308520057537376
4.0,43,268,1,1,2.0205148987788046
4.0,43,269,0,0,-0.20316649713147478
4.0,43,270,1,0,-3.632044495469494
4.0,43,271,0,0,-0.2828143209058966
4.0,43,272,0,0,-2.832197463845958
4.0,43,273,1,1,2.275260285308864
4.0,43,274,1,0,-1.4834361442197181
4.0,43,275,0,0,-1.683855015872994
4.0,43,276,0,0,-3.973273309745802
4.0,43,277,1,1,0.6159473916895624
4.0,43,278,0,0,-6.045653091364868
4.0,43,279,0,0,-4.324711998101282
4.0,43,280,1,1,4.581011044728963
4.0,43,281,0,0,-9.939390248663647
4.0,43,282,0,1,1.5076389940647048
4.0,43,283,0,1,5.1140961141440835
4.0,43,284,1,1,2.097218341324876
4.0,43,285,0,0,-1.0020354489887753
4.0,43,286,0,1,5.210260863953912
4.0,43,287,1,1,5.0798043378862285
4.0,43,288,1,0,-1.778098330503879
4.0,43,289,0,0,-0.526758310568616
4.0,43,290,0,0,-1.602509999489497
4.0,43,291,1,1,1.630240300310938
4.0,43,292,1,1,1.6808286978511215
4.0,43,293,1,1,1.6796645927925156
4.0,43,294,0,0,-2.900347017946716
4.0,43,295,1,0,-1.256516863084018
4.0,43,296,0,1,5.682019706866765
4.0,43,297,1,1,1.4811078310611248
4.0,43,298,1,1,2.4788833427480212
4.0,43,299,1,1,3.895064607015803
4.0,43,300,0,1,3.3717376377125476
4.0,43,301,1,1,0.9508549495467191
4.0,43,302,1,1,0.42967581391476833
4.0,43,303,0,1,6.102368166526036
4.0,43,304,1,1,3.7178097514008916
4.0,43,305,0,1,1.5215985516703348
4.0,43,306,0,0,-0.45358418623143054
4.0,43,307,0,0,-2.8282097821854304
4.0,43,308,0,1,2.460577145170566
4.0,43,309,0,1,4.221742915499839
4.0,43,310,0,0,-1.0905392481291885
4.0,43,311,0,0,-2.482664168984948
4.0,43,312,0,0,-3.549868383091
4.0,43,313,0,0,-10.750241150979848
4.0,43,314,0,0,-2.3306649153168477
4.0,43,315,0,0,-2.601905655814387
5.0,43,0,0,1,6.1255718027206605
5.0,43,1,1,0,-2.2133026760943846
5.0,43,2,0,0,-3.59412702369668
5.0,43,3,1,0,-2.251227759688696
5.0,43,4,0,0,-4.795191628675952
5.0,43,5,1,0,-7.838991499214905
5.0,43,6,0,1,2.0568783928834
5.0,43,7,1,1,1.0833049424840957
5.0,43,8,0,1,0.4116152777203281
5.0,43,9,0,0,-4.782632402878702
5.0,43,10,1,0,-5.075721577012509
5.0,43,11,1,1,3.1789091367179343
5.0,43,12,0,0,-1.2298985418745563
5.0,43,13,0,0,-8.222468370263964
5.0,43,14,1,1,1.3152430892657239
5.0,43,15,1,1,1.1224249997392486
5.0,43,16,1,1,1.6300173771626851
5.0,43,17,0,0,-8.36986703382053
5.0,43,18,0,0,-0.7570286040061693
5.0,43,19,1,1,6.86244441867914
5.0,43,20,0,0,-6.219639524335002
5.0,43,21,0,0,-4.4157619273110615
5.0,43,22,1,1,5.347311752012104
5.0,43,23,0,0,-1.1651183283235833
5.0,43,24,1,1,4.1113895998234415
5.0,43,25,0,0,-1.1703925929503922
5.0,43,26,0,0,-3.424362835527261
5.0,43,27,0,0,-1.4842299517819686
5.0,43,28,0,0,-4.682812818143053
5.0,43,29,0,1,1.2447806839330195
5.0,43,30,0,1,2.2946318526804372
5.0,43,31,0,0,-11.265841852493963
5.0,43,32,1,0,-0.4134943706504128
5.0,43,33,1,1,2.647277947717551
5.0,43,34,1,1,4.86035390086342
5.0,43,35,1,0,-0.9613933132160614
5.0,43,36,1,1,0.9012063773219097
5.0,43,37,1,0,-6.905400333755005
5.0,43,38,0,0,-2.8724524772105298
5.0,43,39,1,0,-3.115347046905587
5.0,43,40,0,0,-0.4230751017532308
5.0,43,41,1,0,-1.0579913452362757
5.0,43,42,0,0,-3.9613369238587515
5.0,43,43,0,0,-9.292738993520858
5.0,43,44,1,1,2.200501817418071
5.0,43,45,0,0,-0.4970898088623229
5.0,43,46,1,0,-1.4493502993821117
5.0,43,47,1,1,2.861009248385834
5.0,43,48,0,0,-9.168910520393421
5.0,43,49,1,0,-0.5413296970048165
5.0,43,50,1,1,6.430742833799284
5.0,43,51,0,1,3.905134950531751
5.0,43,52,0,1,1.6039284375527558
5.0,43,53,1,0,-0.4383844263266219
5.0,43,54,0,0,-3.8456313322482387
5.0,43,55,0,0,-7.543223413833571
5.0,43,56,1,1,2.4116255588187356
5.0,43,57,0,1,3.1832841084088845
5.0,43,58,1,0,-0.9884508536310068
5.0,43,59,0,0,-4.069970528267138
5.0,43,60,1,1,0.4381703207324291
5.0,43,61,0,1,7.189778800301693
5.0,43,62,0,0,-0.9424478441843989
5.0,43,63,1,0,-0.5196628797244089
5.0,43,64,0,0,-1.6081427687973437
5.0,43,65,0,1,4.6868343134294435
5.0,43,66,0,1,0.4334917035809924
5.0,43,67,0,1,5.842473548889153
5.0,43,68,0,1,1.2003811770153399
5.0,43,69,1,0,-1.4332896478928412
5.0,43,70,0,0,-2.5735243000575663
5.0,43,71,1,0,-6.970150340249392
5.0,43,72,0,0,-0.5279950513200158
5.0,43,73,0,1,2.328592467254812
5.0,43,74,0,0,-1.0268689010710128
5.0,43,75,0,0,-0.5524849699404119
5.0,43,76,0,0,-0.0638557129028074
5.0,43,77,1,0,-0.6561777208076288
5.0,43,78,1,0,-4.161058524406113
5.0,43,79,1,0,-3.851692731821464
5.0,43,80,0,1,4.707916749749185
5.0,43,81,1,1,3.8220276081578732
5.0,43,82,0,1,1.8959092237688868
5.0,43,83,1,1,1.1558123693434885
5.0,43,84,1,0,-2.932192049177865
5.0,43,85,1,1,2.5394630200730384
5.0,43,86,1,1,1.2056760701793938
5.0,43,87,1,0,-0.4970870932020077
5.0,43,88,1,1,3.1126777934944965
5.0,43,89,1,1,1.5025857832930363
5.0,43,90,1,1,0.9253433560675288
5.0,43,91,1,1,0.43735121455213416
5.0,43,92,0,1,2.056643566032132
5.0,43,93,0,0,-1.4827579925989702
5.0,43,94,0,1,1.4609048635983515
5.0,43,95,0,0,-1.4238502712316523
5.0,43,96,1,0,-5.436624300607077
5.0,43,97,1,0,-1.1508890121387287
5.0,43,98,1,1,2.9633524694386684
5.0,43,99,0,1,4.117773227782978
5.0,43,100,1,1,4.156047239179578
5.0,43,101,1,0,-1.645337984313229
5.0,43,102,1,1,1.7592319484450354
5.0,43,103,0,0,-0.28621332632850527
5.0,43,104,1,1,0.547929745244802
5.0,43,105,0,0,-0.7479632551936384
5.0,43,106,1,1,5.031326499665755
5.0,43,107,1,1,1.5245704619296279
5.0,43,108,1,0,-1.9654896296742272
5.0,43,109,0,1,3.845433427410432
5.0,43,110,1,0,-0.7327202883082432
5.0,43,111,0,0,-1.4408189069980388
5.0,43,112,1,1,2.9622524489170328
5.0,43,113,0,0,-10.982549759427114
5.0,43,114,0,0,-4.037672859095908
5.0,43,115,0,1,1.826063878065557
5.0,43,116,1,1,7.714306004402681
5.0,43,117,0,0,-13.386051143173002
5.0,43,118,0,1,0.5646718958581853
5.0,43,119,1,1,4.211767649276003
5.0,43,120,1,1,0.3950734956480708
5.0,43,121,1,1,1.297677122844812
5.0,43,122,1,1,4.6101907973481335
5.0,43,123,0,0,-4.550030388658576
5.0,43,124,1,0,-2.294439711554242
5.0,43,125,1,0,-1.2738786596226839
5.0,43,126,0,1,0.18271463743739938
5.0,43,127,0,0,-0.024135464899761316
5.0,43,128,1,0,-0.17007192188273132
5.0,43,129,1,1,2.3357210192750184
5.0,43,130,1,0,-1.3858468832714588
5.0,43,131,1,1,1.3284343652042991
5.0,43,132,1,1,3.774411577828136
5.0,43,133,0,1,6.2031829233699565
5.0,43,134,0,1,2.679599813640742
5.0,43,135,0,0,-4.359950146064653
5.0,43,136,0,0,-5.030697753962176
5.0,43,137,1,1,1.0463127217807682
5.0,43,138,1,1,5.426059089300396
5.0,43,139,0,0,-3.3006968241076367
5.0,43,140,1,0,-1.1761847135914552
5.0,43,141,1,1,0.1322153160797212
5.0,43,142,1,1,1.1660473823068693
5.0,43,143,1,1,5.034587136716505
5.0,43,144,1,0,-1.829663500244181
5.0,43,145,1,1,3.69170383907914
5.0,43,146,1,1,0.478558133642665
5.0,43,147,0,1,4.631387379872485
5.0,43,148,0,0,-1.0945291500242802
5.0,43,149,0,0,-7.6315353300589255
5.0,43,150,1,1,3.571263825211876
5.0,43,151,1,0,-0.42148309746384677
5.0,43,152,0,0,-3.975299685763823
5.0,43,153,0,1,2.9270807537293035
5.0,43,154,1,1,2.6554699760067715
5.0,43,155,1,1,0.25369212842632005
5.0,43,156,0,1,1.0586491984319981
5.0,43,157,0,1,0.15849684093687155
5.0,43,158,0,0,-6.784219844246605
5.0,43,159,0,0,-4.697082834571695
5.0,43,160,0,1,3.606903119351737
5.0,43,161,1,1,6.184912065016305
5.0,43,162,1,0,-3.612898993631123
5.0,43,163,1,1,3.26304793739265
5.0,43,164,1,1,5.43209403012008
5.0,43,165,1,0,-1.0888423463934918
5.0,43,166,1,0,-2.534609550428465
5.0,43,167,0,0,-2.063016834202986
5.0,43,168,1,1,4.18226901969352
5.0,43,169,0,1,1.2015655207256255
5.0,43,170,1,1,7.720990405493633
5.0,43,171,1,0,-3.168718606403958
5.0,43,172,0,0,-1.114999340261133
5.0,43,173,1,1,2.4210512131484268
5.0,43,174,0,0,-2.375682364290652
5.0,43,175,0,1,0.9555991361101348
5.0,43,176,1,1,7.77481756902292
5.0,43,177,1,1,1.9403191287507215
5.0,43,178,1,1,6.425503256189089
5.0,43,179,0,0,-5.50082782920903
5.0,43,180,0,0,-5.950158920938408
5.0,43,181,1,1,16.099677525247095
5.0,43,182,0,0,-2.366172025041174
5.0,43,183,0,0,-2.591892872775789
5.0,43,184,0,0,-2.7060713192399635
5.0,43,185,0,0,-3.55902981883208
5.0,43,186,0,1,0.561360100803585
5.0,43,187,1,1,6.942248853636183
5.0,43,188,1,1,4.452758889778512
5.0,43,189,0,0,-0.37019883484067045
5.0,43,190,0,1,7.184397855660297
5.0,43,191,0,1,4.822081321317443
5.0,43,192,0,0,-1.6892983400521995
5.0,43,193,1,1,2.4713987775022956
5.0,43,194,0,0,-4.1116255749945525
5.0,43,195,0,0,-5.548654838049654
5.0,43,196,0,1,5.11242563721175
5.0,43,197,1,1,4.288133914543534
5.0,43,198,0,0,-4.184172633494855
5.0,43,199,0,0,-3.409977860476866
5.0,43,200,1,1,0.5862950022916922
5.0,43,201,0,0,-6.481763638373614
5.0,43,202,0,0,-4.3396335385409035
5.0,43,203,0,0,-2.103639956209378
5.0,43,204,1,1,3.083902239167056
5.0,43,205,1,0,-4.176769263771098
5.0,43,206,1,0,-1.6025277536550873
5.0,43,207,0,1,1.0995827766242774
5.0,43,208,0,1,2.846635922058071
5.0,43,209,0,1,0.44229702772044055
5.0,43,210,1,0,-0.1152759804625198
5.0,43,211,1,1,1.935192827162788
5.0,43,212,1,1,0.915462498446073
5.0,43,213,0,1,4.234106614659823
5.0,43,214,0,0,-13.166893382141957
5.0,43,215,0,0,-7.938802952544076
5.0,43,216,1,0,-0.4181382311473712
5.0,43,217,0,0,-1.2286791146779568
5.0,43,218,1,1,8.308080715022228
5.0,43,219,1,0,-4.388030274454923
5.0,43,220,1,1,12.235510777764647
5.0,43,221,1,0,-0.057747986404103835
5.0,43,222,1,1,0.2671183122300971
5.0,43,223,1,1,2.7084301145287295
5.0,43,224,1,1,2.198907108962061
5.0,43,225,0,1,2.3774610009214845
5.0,43,226,1,1,0.1321872259789541
5.0,43,227,0,1,3.4124103756296074
5.0,43,228,0,0,-3.636616199299634
5.0,43,229,0,1,0.1719482750303974
5.0,43,230,1,1,2.3410216268856603
5.0,43,231,0,1,1.5570046393080454
5.0,43,232,1,0,-0.604386316670366
5.0,43,233,1,1,2.5247954429830877
5.0,43,234,1,1,3.0395622910717517
5.0,43,235,0,0,-9.376307629936708
5.0,43,236,1,1,1.884084363995005
5.0,43,237,1,1,4.042871329418324
5.0,43,238,0,1,3.8528270249362118
5.0,43,239,0,1,2.1460401465765284
5.0,43,240,0,1,2.6007463285598673
5.0,43,241,1,0,-3.6724562765582327
5.0,43,242,1,0,-0.9102426382547455
5.0,43,243,0,1,1.92841235873616
5.0,43,244,1,1,6.217531872734277
5.0,43,245,1,1,5.87125771534792
5.0,43,246,0,1,2.443877036552741
5.0,43,247,1,1,1.5889213753494393
5.0,43,248,1,1,2.6222032131573645
5.0,43,249,1,0,-2.50724057253626
5.0,43,250,1,1,1.560504313976324
5.0,43,251,1,1,11.12439601514244
5.0,43,252,0,1,0.9902005169153341
5.0,43,253,1,0,-3.1768365364113142
5.0,43,254,0,0,-3.2301179882879207
5.0,43,255,1,1,3.1757886413057084
5.0,43,256,0,1,4.10130990816021
5.0,43,257,0,1,6.3496083770055485
5.0,43,258,0,1,4.104314261451614
5.0,43,259,0,0,-0.6907770554930635
5.0,43,260,0,0,-0.6935842592843164
5.0,43,261,0,1,2.821688774246432
5.0,43,262,1,1,3.182578789083841
5.0,43,263,1,1,3.322710691473419
5.0,43,264,1,1,2.9115771191322244
5.0,43,265,0,1,6.111026298331794
5.0,43,266,1,1,3.6336363219901036
5.0,43,267,1,0,-3.3516294010245606
5.0,43,268,1,1,1.9094098768473484
5.0,43,269,0,0,-0.23755150331894692
5.0,43,270,1,0,-4.041226747073821
5.0,43,271,0,0,-0.5004346441567649
5.0,43,272,0,0,-2.975271077793247
5.0,43,273,1,1,2.5856604934964715
5.0,43,274,1,0,-1.6065445147678645
5.0,43,275,0,0,-1.8600453644027024
5.0,43,276,0,0,-4.210207974877723
5.0,43,277,1,1,0.4249051935335074
5.0,43,278,0,0,-6.54070582528503
5.0,43,279,0,0,-4.633016828194424
5.0,43,280,1,1,4.763996562854522
5.0,43,281,0,0,-10.374805309471267
5.0,43,282,0,1,1.7937788923711258
5.0,43,283,0,1,5.612934809649055
5.0,43,284,1,1,2.273877707273351
5.0,43,285,0,0,-1.061355368203299
5.0,43,286,0,1,5.706760339013094
5.0,43,287,1,1,5.715200258370061
5.0,43,288,1,0,-1.7812626400056175
5.0,43,289,0,0,-0.5015340224126735
5.0,43,290,0,0,-1.7636926809872027
5.0,43,291,1,1,1.4625871308705791
5.0,43,292,1,1,1.8184261482893005
5.0,43,293,1,1,1.8599033733603252
5.0,43,294,0,0,-3.0973910867697345
5.0,43,295,1,0,-1.2652342002077994
5.0,43,296,0,1,6.197889016835718
5.0,43,297,1,1,1.5922132880070987
5.0,43,298,1,1,2.6499625790292876
5.0,43,299,1,1,4.172733643755983
5.0,43,300,0,1,3.530618342491157
5.0,43,301,1,1,1.1116861867267673
5.0,43,302,1,1,0.43903836583192507
5.0,43,303,0,1,6.7045682593318885
5.0,43,304,1,1,3.9813648164936692
5.0,43,305,0,1,1.614036506832354
5.0,43,306,0,0,-0.45141974780861077
5.0,43,307,0,0,-3.005717829647633
5.0,43,308,0,1,2.6317837711603653
5.0,43,309,0,1,4.80833834505064
5.0,43,310,0,0,-1.030217271883285
5.0,43,311,0,0,-2.8558684508371344
5.0,43,312,0,0,-3.963774276308053
5.0,43,313,0,0,-11.552396129631434
5.0,43,314,0,0,-2.59002916820618
5.0,43,315,0,0,-3.090393131685778
1.0,44,0,0,1,0.3515374804249731
1.0,44,1,1,0,-4.104458509178877
1.0,44,2,0,0,-0.9280792245482287
1.0,44,3,1,1,0.24037518633556046
1.0,44,4,0,0,-1.3885661278383237
1.0,44,5,1,0,-3.689300558007327
1.0,44,6,0,0,-0.16337914371039353
1.0,44,7,1,0,-3.8057255200851356
1.0,44,8,0,1,2.287141488942105
1.0,44,9,0,0,-3.016053903669872
1.0,44,10,1,0,-3.156131258415009
1.0,44,11,1,1,4.67469230979507
1.0,44,12,0,0,-0.6648300401431734
1.0,44,13,0,0,-3.9593096525344804
1.0,44,14,1,0,-0.23587513733450466
1.0,44,15,1,0,-0.08275208962782371
1.0,44,16,1,0,-0.5065951986308772
1.0,44,17,0,0,-4.509838053172166
1.0,44,18,0,1,0.37939595944783905
1.0,44,19,1,1,1.8334084182871646
1.0,44,20,0,1,0.014811391361156334
1.0,44,21,0,0,-6.590127668319445
1.0,44,22,1,1,1.8242312408057835
1.0,44,23,0,0,-1.6874130104626417
1.0,44,24,1,0,-1.0009030664079996
1.0,44,25,0,0,-0.5510846949357356
1.0,44,26,0,0,-9.021723428374479
1.0,44,27,0,1,0.711031478737163
1.0,44,28,0,0,-2.4214488127319287
1.0,44,29,0,1,3.1565877301475114
1.0,44,30,0,1,2.8511987489279558
1.0,44,31,0,0,-6.007368780304988
1.0,44,32,1,1,1.322430877346876
1.0,44,33,1,1,1.1284607877781185
1.0,44,34,1,1,0.518565192187759
1.0,44,35,1,1,1.1188357808948113
1.0,44,36,1,1,1.3162594831327767
1.0,44,37,1,0,-4.4389117195173196
1.0,44,38,0,1,0.13856277764519714
1.0,44,39,1,0,-1.012121991469406
1.0,44,40,0,1,1.5620634662370332
1.0,44,41,1,0,-1.2577488276834958
1.0,44,42,0,0,-2.1014294496773847
1.0,44,43,0,0,-4.783992761777911
1.0,44,44,1,1,1.2853715276591204
1.0,44,45,0,1,1.0559379243913123
1.0,44,46,1,0,-0.444596433687166
1.0,44,47,1,1,0.7717369468010102
1.0,44,48,0,0,-4.300427956460897
1.0,44,49,1,1,1.4406956776912268
1.0,44,50,1,1,2.787753610033402
1.0,44,51,0,1,1.5033550587481006
1.0,44,52,0,1,0.45072345990763985
1.0,44,53,1,0,-0.2164066301184591
1.0,44,54,0,0,-3.5825566666082493
1.0,44,55,0,0,-0.2454577917109034
1.0,44,56,1,1,0.48899429683558016
1.0,44,57,0,1,2.8145306289536616
1.0,44,58,1,1,1.1367348706057552
1.0,44,59,0,0,-1.6218459574707151
1.0,44,60,1,0,-1.3422122494960649
1.0,44,61,0,1,4.056807252983292
1.0,44,62,0,1,0.1362709590757321
1.0,44,63,1,0,-0.8499400789661937
1.0,44,64,0,0,-1.8564763333639511
1.0,44,65,0,1,2.8883123004521765
1.0,44,66,0,0,-0.393558366306589
1.0,44,67,0,1,2.070769333474193
1.0,44,68,0,0,-0.15155906900834717
1.0,44,69,1,1,1.365164758444789
1.0,44,70,0,0,-2.954201001012945
1.0,44,71,1,0,-3.195100985758043
1.0,44,72,0,1,1.402222463004581
1.0,44,73,0,1,0.4951915221094685
1.0,44,74,0,0,-1.2311515775771866
1.0,44,75,0,0,-1.7898200735930223
1.0,44,76,0,0,-1.612626936740482
1.0,44,77,1,0,-0.6110656621812065
1.0,44,78,1,0,-0.511440511159752
1.0,44,79,1,0,-2.7859177532070567
1.0,44,80,0,0,-0.2470234485400936
1.0,44,81,1,1,0.22165009178261705
1.0,44,82,0,0,-0.8749039653751068
1.0,44,83,1,1,0.439247672931073
1.0,44,84,1,0,-0.4039275300749994
1.0,44,85,1,1,1.7019111723781288
1.0,44,86,1,1,0.9469638413786251
1.0,44,87,1,0,-0.47935770300039116
1.0,44,88,1,1,0.13456317370754672
1.0,44,89,1,1,0.3143791853168881
1.0,44,90,1,1,1.602944168799086
1.0,44,91,1,1,1.132829528436979
1.0,44,92,0,0,-1.0904327759862178
1.0,44,93,0,0,-2.327173120077859
1.0,44,94,0,0,-0.7606231131950218
1.0,44,95,0,0,-0.7960229919393094
1.0,44,96,1,0,-2.75559938149819
1.0,44,97,1,0,-2.3884547802965574
1.0,44,98,1,1,3.157113968567568
1.0,44,99,0,1,0.7278876632703559
1.0,44,100,1,1,1.3701286775407493
1.0,44,101,1,1,1.7087039029260764
1.0,44,102,1,0,-0.33208857199222636
1.0,44,103,0,0,-3.755176231167653
1.0,44,104,1,1,1.1077546493035053
1.0,44,105,0,0,-0.9495398048623563
1.0,44,106,1,1,1.2806515200642956
1.0,44,107,1,1,0.8063443837438459
1.0,44,108,1,0,-1.0389253748088643
1.0,44,109,0,0,-0.13945063617482817
1.0,44,110,1,1,0.7610159454722726
1.0,44,111,0,0,-1.3169501644233257
1.0,44,112,1,1,0.10127586499090596
1.0,44,113,0,0,-4.02162333406873
1.0,44,114,0,0,-2.2953413115955925
1.0,44,115,0,1,0.0014468897888963161
1.0,44,116,1,1,4.0090999975935695
1.0,44,117,0,0,-6.972908208744012
1.0,44,118,0,1,1.2798632737995594
1.0,44,119,1,1,0.04901876913808781
1.0,44,120,1,1,1.3840054534243378
1.0,44,121,1,1,1.4291509617738087
1.0,44,122,1,1,0.2924877243187102
1.0,44,123,0,0,-0.2285524486475401
1.0,44,124,1,0,-1.8507170776407271
1.0,44,125,1,0,-0.34642509929031284
1.0,44,126,0,1,0.886061472349607
1.0,44,127,0,1,1.3074921974297782
1.0,44,128,1,1,1.7545600291526748
1.0,44,129,1,1,2.8795426164356983
1.0,44,130,1,0,-0.9982626240622384
1.0,44,131,1,1,2.4055260261299125
1.0,44,132,1,1,2.207104415986743
1.0,44,133,0,1,0.2530260463412476
1.0,44,134,0,1,0.47223254168868745
1.0,44,135,0,0,-5.07336527150672
1.0,44,136,0,0,-2.4841668972717783
1.0,44,137,1,1,1.3439705138092468
1.0,44,138,1,1,1.3584770492769322
1.0,44,139,0,0,-2.0820669299073153
1.0,44,140,1,1,0.456226485194546
1.0,44,141,1,0,-0.20212250976262053
1.0,44,142,1,1,1.5832763684092703
1.0,44,143,1,1,3.9146119391599035
1.0,44,144,1,1,0.33229291235790126
1.0,44,145,1,1,1.4415574136322076
1.0,44,146,1,1,1.7617462838186615
1.0,44,147,0,1,1.340432762003766
1.0,44,148,0,0,-2.182940213196063
1.0,44,149,0,0,-3.05734069522121
1.0,44,150,1,1,0.5937943108014854
1.0,44,151,1,0,-0.8921327295389236
1.0,44,152,0,0,-2.2310166204754647
1.0,44,153,0,0,-0.5335173150600591
1.0,44,154,1,1,0.07981446720156016
1.0,44,155,1,1,0.7579375190018691
1.0,44,156,0,0,-2.885143293430371
1.0,44,157,0,0,-1.1015156992593984
1.0,44,158,0,0,-4.007490810414844
1.0,44,159,0,0,-1.1533224116628629
1.0,44,160,0,1,4.362925774154835
1.0,44,161,1,1,5.161348658785297
1.0,44,162,1,0,-2.5008555404096997
1.0,44,163,1,1,1.0262790890468603
1.0,44,164,1,1,1.9133455952972303
1.0,44,165,1,1,0.9303084392816015
1.0,44,166,1,0,-0.5419922567997901
1.0,44,167,0,0,-1.9911195012291043
1.0,44,168,1,1,1.4756342587634248
1.0,44,169,0,1,1.1220708830997574
1.0,44,170,1,1,1.4889918792296
1.0,44,171,1,0,-0.2249016167388469
1.0,44,172,0,0,-0.5636320639943225
1.0,44,173,1,1,1.2838290809620017
1.0,44,174,0,0,-4.226238874541121
1.0,44,175,0,1,0.578190732183444
1.0,44,176,1,1,3.121146910389203
1.0,44,177,1,1,1.5943016922908346
1.0,44,178,1,1,0.9475153465733908
1.0,44,179,0,0,-2.2438140008501213
1.0,44,180,0,0,-3.3910015245367005
1.0,44,181,1,1,15.148807713153701
1.0,44,182,0,0,-1.9717028599542121
1.0,44,183,0,0,-1.1928900828240925
1.0,44,184,0,0,-1.6787870417957609
1.0,44,185,0,0,-1.2806530262573965
1.0,44,186,0,0,-0.23442591900810936
1.0,44,187,1,1,1.2066617718646453
1.0,44,188,1,1,4.247820052851911
1.0,44,189,0,1,0.1463108336842515
1.0,44,190,0,1,4.683364016184635
1.0,44,191,0,1,1.617759018698874
1.0,44,192,0,0,-1.5079109168455511
1.0,44,193,1,0,-0.44052455928138856
1.0,44,194,0,0,-2.2391204978766184
1.0,44,195,0,0,-2.416096886138108
1.0,44,196,0,1,0.4465687095451473
1.0,44,197,1,1,1.5905602795161227
1.0,44,198,0,0,-3.313475519222073
1.0,44,199,0,0,-1.7475205129445226
1.0,44,200,1,0,-1.2358709353086816
1.0,44,201,0,0,-5.934962465005151
1.0,44,202,0,0,-0.9328950582605563
1.0,44,203,0,0,-3.0419568142824334
1.0,44,204,1,1,1.0344678501713909
1.0,44,205,1,0,-1.5582693161962553
1.0,44,206,1,0,-2.6661264877825364
1.0,44,207,0,1,1.506332080827923
1.0,44,208,0,0,-0.7591924136112799
1.0,44,209,0,0,-0.31293428297020964
1.0,44,210,1,1,0.0867647809992611
1.0,44,211,1,0,-2.428969673106069
1.0,44,212,1,1,1.3492359726214138
1.0,44,213,0,0,-0.8317641734019652
1.0,44,214,0,0,-7.1124782480235
1.0,44,215,0,0,-4.312360417026088
1.0,44,216,1,0,-0.15119531143890094
1.0,44,217,0,0,-0.7214917863688062
1.0,44,218,1,1,0.7534236699518467
1.0,44,219,1,0,-0.11741374151707534
1.0,44,220,1,1,0.9257709594319226
1.0,44,221,1,1,0.30787451348976214
1.0,44,222,1,1,1.9875908253536425
1.0,44,223,1,1,2.552619856909704
1.0,44,224,1,1,3.21790966653176
1.0,44,225,0,1,0.6303879355177752
1.0,44,226,1,1,1.3376479395976357
1.0,44,227,0,1,0.33962681063001043
1.0,44,228,0,0,-4.403153602747648
1.0,44,229,0,0,-0.046558452232385694
1.0,44,230,1,1,0.062264839643254494
1.0,44,231,0,1,3.2358682922513724
1.0,44,232,1,1,1.1849717176800005
1.0,44,233,1,1,0.37450957826764697
1.0,44,234,1,1,1.7265505107205015
1.0,44,235,0,0,-5.197613091581747
1.0,44,236,1,1,2.1494049111862714
1.0,44,237,1,1,2.9311534006136784
1.0,44,238,0,1,1.5801861803952049
1.0,44,239,0,0,-1.3293656284264268
1.0,44,240,0,1,3.43870902630503
1.0,44,241,1,0,-1.8860922681261327
1.0,44,242,1,0,-1.1229487003401495
1.0,44,243,0,1,2.1602358322361757
1.0,44,244,1,1,1.6787113674208225
1.0,44,245,1,1,5.921116824074289
1.0,44,246,0,1,0.034384347095677115
1.0,44,247,1,1,0.820171349317518
1.0,44,248,1,1,0.5325024745020361
1.0,44,249,1,1,1.1773231764736807
1.0,44,250,1,1,0.45447030912700065
1.0,44,251,1,1,3.9783849073607986
1.0,44,252,0,0,-1.63064632302203
1.0,44,253,1,0,-0.5205924041381313
1.0,44,254,0,0,-3.383953017798525
1.0,44,255,1,1,1.6271800546812203
1.0,44,256,0,1,1.8936939636780719
1.0,44,257,0,1,2.3666045691833846
1.0,44,258,0,1,0.8558442837690861
1.0,44,259,0,0,-0.18577464933186358
1.0,44,260,0,0,-4.408636992787742
1.0,44,261,0,1,3.3540640352883693
1.0,44,262,1,1,1.7191099591871983
1.0,44,263,1,1,2.141335821902947
1.0,44,264,1,0,-1.0500592090663974
1.0,44,265,0,1,1.6814896548043412
1.0,44,266,1,1,3.6768377979123965
1.0,44,267,1,0,-1.3331029068065863
1.0,44,268,1,1,1.736337946005433
1.0,44,269,0,1,0.7867147206776447
1.0,44,270,1,0,-2.509993720216773
1.0,44,271,0,1,0.004364884074998465
1.0,44,272,0,0,-3.265101937639828
1.0,44,273,1,1,2.215713920014525
1.0,44,274,1,1,3.0364225204645585
1.0,44,275,0,0,-2.3722008548703424
1.0,44,276,0,0,-4.172634673655201
1.0,44,277,1,1,1.259353677936047
1.0,44,278,0,0,-0.4915749445642378
1.0,44,279,0,0,-4.89058412971748
1.0,44,280,1,1,2.6630202121610926
1.0,44,281,0,0,-5.043641417850208
1.0,44,282,0,1,1.5103419965920473
1.0,44,283,0,1,1.8383252920018773
1.0,44,284,1,1,0.06528884289793152
1.0,44,285,0,0,-1.1771553496431904
1.0,44,286,0,1,1.718777509007237
1.0,44,287,1,1,0.8009998764477123
1.0,44,288,1,0,-1.9347751558004471
1.0,44,289,0,0,-0.11353694730845432
1.0,44,290,0,1,0.0361948305688799
1.0,44,291,1,1,1.8398284606264401
1.0,44,292,1,1,2.29832914066739
1.0,44,293,1,1,2.106569718475871
1.0,44,294,0,0,-2.799465313114827
1.0,44,295,1,0,-0.3037454337174924
1.0,44,296,0,1,3.6563103498715868
1.0,44,297,1,1,2.804742119426772
1.0,44,298,1,1,1.5821874433277325
1.0,44,299,1,1,1.6098125541535753
1.0,44,300,0,1,3.13630497681589
1.0,44,301,1,0,-0.33469331852380396
1.0,44,302,1,1,0.2480683695748211
1.0,44,303,0,1,1.261158827885928
1.0,44,304,1,1,3.084941293644991
1.0,44,305,0,1,0.9542078760002771
1.0,44,306,0,0,-0.9897211638328806
1.0,44,307,0,0,-1.9449421164550507
1.0,44,308,0,1,0.8432234919927584
1.0,44,309,0,1,1.130511800226785
1.0,44,310,0,0,-3.043176583363852
1.0,44,311,0,0,-1.2918598339522351
1.0,44,312,0,1,0.2507517350597005
1.0,44,313,0,0,-8.20933595962085
1.0,44,314,0,0,-2.1312386905034333
1.0,44,315,0,0,-0.35996306006507156
1.25,44,0,0,1,0.4173683252651993
1.25,44,1,1,0,-4.076090230976267
1.25,44,2,0,0,-0.9934429410418609
1.25,44,3,1,1,0.21807837752138517
1.25,44,4,0,0,-1.6735012865226007
1.25,44,5,1,0,-4.023006283579507
1.25,44,6,0,0,-0.1706993944862013
1.25,44,7,1,0,-4.052253285919224
1.25,44,8,0,1,2.469811093088497
1.25,44,9,0,0,-3.21545177734132
1.25,44,10,1,0,-3.1449136443616896
1.25,44,11,1,1,5.217187924655314
1.25,44,12,0,0,-0.8017269369920644
1.25,44,13,0,0,-4.270200854532033
1.25,44,14,1,0,-0.1928611256383495
1.25,44,15,1,0,-0.19299192492276332
1.25,44,16,1,0,-0.527076823035521
1.25,44,17,0,0,-4.963664295322919
1.25,44,18,0,1,0.45493528089841956
1.25,44,19,1,1,1.9012375837178803
1.25,44,20,0,0,-0.10141369325321162
1.25,44,21,0,0,-7.0219906683947615
1.25,44,22,1,1,2.0963912368814737
1.25,44,23,0,0,-1.8338095087029773
1.25,44,24,1,0,-1.1003090844653987
1.25,44,25,0,0,-0.6133192642750064
1.25,44,26,0,0,-9.63640756672771
1.25,44,27,0,1,0.7587375049744666
1.25,44,28,0,0,-2.5001927439879195
1.25,44,29,0,1,3.170733548662922
1.25,44,30,0,1,2.932227336511176
1.25,44,31,0,0,-6.427079989685674
1.25,44,32,1,1,1.4017976812548594
1.25,44,33,1,1,1.3481908787755916
1.25,44,34,1,1,0.600852014277894
1.25,44,35,1,1,1.2941584259361087
1.25,44,36,1,1,1.4656935086977492
1.25,44,37,1,0,-4.792445085372392
1.25,44,38,0,1,0.09667637281820456
1.25,44,39,1,0,-1.182792405234768
1.25,44,40,0,1,1.6743602386764769
1.25,44,41,1,0,-1.3279942315694486
1.25,44,42,0,0,-2.19125757826829
1.25,44,43,0,0,-5.268894540961651
1.25,44,44,1,1,1.438365841661816
1.25,44,45,0,1,1.136828640752484
1.25,44,46,1,0,-0.5384901396420636
1.25,44,47,1,1,0.8807431948169727
1.25,44,48,0,0,-4.643116825758743
1.25,44,49,1,1,1.6488748023313013
1.25,44,50,1,1,3.0170862630951905
1.25,44,51,0,1,1.6031637898427078
1.25,44,52,0,1,0.5782938226889877
1.25,44,53,1,0,-0.2773074345911587
1.25,44,54,0,0,-3.9007699331055963
1.25,44,55,0,0,-0.3124942751630194
1.25,44,56,1,1,0.5695331663228268
1.25,44,57,0,1,3.076757896897585
1.25,44,58,1,1,1.2527503532318547
1.25,44,59,0,0,-1.8761686220474711
1.25,44,60,1,0,-1.3705519620948428
1.25,44,61,0,1,4.341413359254161
1.25,44,62,0,1,0.24237473030603915
1.25,44,63,1,0,-0.9560964891014202
1.25,44,64,0,0,-2.0594107081877104
1.25,44,65,0,1,3.1105931688479043
1.25,44,66,0,0,-0.49245878169526214
1.25,44,67,0,1,2.338660183739821
1.25,44,68,0,0,-0.17584157513491658
1.25,44,69,1,1,1.4591083201322572
1.25,44,70,0,0,-3.3211367064279007
1.25,44,71,1,0,-3.463532919845609
1.25,44,72,0,1,1.5205086928345506
1.25,44,73,0,1,0.5126645136116083
1.25,44,74,0,0,-1.2874553416780765
1.25,44,75,0,0,-1.9439112031992398
1.25,44,76,0,0,-1.8235726033567754
1.25,44,77,1,0,-0.7084151825011659
1.25,44,78,1,0,-0.7147279631233645
1.25,44,79,1,0,-2.9783571163390476
1.25,44,80,0,0,-0.35744672894042695
1.25,44,81,1,1,0.33136460026782455
1.25,44,82,0,0,-0.8453253060836311
1.25,44,83,1,1,0.378870114515058
1.25,44,84,1,0,-0.5375505277300755
1.25,44,85,1,1,1.8150332752108485
1.25,44,86,1,1,1.0110346000828345
1.25,44,87,1,0,-0.4934121101635701
1.25,44,88,1,1,0.13337240298780212
1.25,44,89,1,1,0.3698138297494139
1.25,44,90,1,1,1.6153582758837215
1.25,44,91,1,1,1.233637069381912
1.25,44,92,0,0,-1.178534045285843
1.25,44,93,0,0,-2.469305704269789
1.25,44,94,0,0,-0.8322694996976383
1.25,44,95,0,0,-0.8570935346002754
1.25,44,96,1,0,-3.116348985669431
1.25,44,97,1,0,-2.5619173403265334
1.25,44,98,1,1,3.6369057197524794
1.25,44,99,0,1,0.9139727828034153
1.25,44,100,1,1,1.555027747833563
1.25,44,101,1,1,1.7904358311782014
1.25,44,102,1,0,-0.35990945878707403
1.25,44,103,0,0,-3.8219732185459274
1.25,44,104,1,1,1.1733428747254786
1.25,44,105,0,0,-1.0603697129486473
1.25,44,106,1,1,1.3966587058513737
1.25,44,107,1,1,0.8275000572049432
1.25,44,108,1,0,-1.1771023094998374
1.25,44,109,0,0,-0.03388966734415813
1.25,44,110,1,1,0.7806999793266111
1.25,44,111,0,0,-1.450285865921514
1.25,44,112,1,0,-0.017931626590487817
1.25,44,113,0,0,-4.557554315671499
1.25,44,114,0,0,-2.384053502564767
1.25,44,115,0,0,-0.0037757825225218367
1.25,44,116,1,1,4.497645679287231
1.25,44,117,0,0,-7.379388647000859
1.25,44,118,0,1,1.397299155756881
1.25,44,119,1,0,-0.4882846839977323
1.25,44,120,1,1,1.3844909968790824
1.25,44,121,1,1,1.444692879407548
1.25,44,122,1,1,0.3041770145369723
1.25,44,123,0,0,-0.297530206680516
1.25,44,124,1,0,-1.998823760773253
1.25,44,125,1,0,-0.30475659954757794
1.25,44,126,0,1,0.9260060975361802
1.25,44,127,0,1,1.2873301574900444
1.25,44,128,1,1,1.926767704390595
1.25,44,129,1,1,3.2599574786777916
1.25,44,130,1,0,-1.111723977510833
1.25,44,131,1,1,2.544461070070094
1.25,44,132,1,1,2.3942072635835667
1.25,44,133,0,1,0.4965800084408115
1.25,44,134,0,1,0.5760616496648282
1.25,44,135,0,0,-5.567010926547947
1.25,44,136,0,0,-2.610083597034448
1.25,44,137,1,1,1.4630526594955369
1.25,44,138,1,1,1.5190040353817853
1.25,44,139,0,0,-2.206257472518321
1.25,44,140,1,1,0.4956949921769255
1.25,44,141,1,0,-0.19581232423678513
1.25,44,142,1,1,1.5712696338680052
1.25,44,143,1,1,4.088983300242409
1.25,44,144,1,1,0.28866654840822226
1.25,44,145,1,1,1.6114098419002303
1.25,44,146,1,1,1.8615019183033787
1.25,44,147,0,1,1.4696332602496813
1.25,44,148,0,0,-2.3664051182258756
1.25,44,149,0,0,-3.240038099000687
1.25,44,150,1,1,0.7949633520158129
1.25,44,151,1,0,-0.9740593467105467
1.25,44,152,0,0,-2.3675803313674666
1.25,44,153,0,0,-0.7249321314475282
1.25,44,154,1,1,0.13604206390123508
1.25,44,155,1,1,0.945838707937858
1.25,44,156,0,0,-3.1276382261863787
1.25,44,157,0,0,-1.3023907704249216
1.25,44,158,0,0,-4.425664758805277
1.25,44,159,0,0,-1.1876992338297125
1.25,44,160,0,1,4.666103127979755
1.25,44,161,1,1,5.617179920660093
1.25,44,162,1,0,-2.603653763505102
1.25,44,163,1,1,1.0634312479862718
1.25,44,164,1,1,1.9890257955429083
1.25,44,165,1,1,0.9662005014850604
1.25,44,166,1,0,-0.5939957101777438
1.25,44,167,0,0,-2.0583031602708957
1.25,44,168,1,1,1.750181649600342
1.25,44,169,0,1,1.2430227831242497
1.25,44,170,1,1,1.6385601674503552
1.25,44,171,1,0,-0.2641697364382826
1.25,44,172,0,0,-0.5626512899448869
1.25,44,173,1,1,1.417986004778551
1.25,44,174,0,0,-4.272362096594849
1.25,44,175,0,1,0.759488737841863
1.25,44,176,1,1,3.260342798458096
1.25,44,177,1,1,1.8896120028882195
1.25,44,178,1,1,0.8332646655528865
1.25,44,179,0,0,-2.4149817923535455
1.25,44,180,0,0,-3.6689539927872503
1.25,44,181,1,1,16.975835431889205
1.25,44,182,0,0,-2.0976845434572415
1.25,44,183,0,0,-1.1002197803607352
1.25,44,184,0,0,-1.9644462358803634
1.25,44,185,0,0,-1.445907873201209
1.25,44,186,0,0,-0.26531030494574204
1.25,44,187,1,1,1.3386496731177813
1.25,44,188,1,1,4.4492579797585075
1.25,44,189,0,1,0.12830359946306427
1.25,44,190,0,1,5.4269835470637195
1.25,44,191,0,1,1.648286095171265
1.25,44,192,0,0,-1.6852630261992523
1.25,44,193,1,0,-0.4675031761828622
1.25,44,194,0,0,-2.3900822804866206
1.25,44,195,0,0,-2.7734163573753006
1.25,44,196,0,1,0.44932081187456135
1.25,44,197,1,1,1.7714963375001673
1.25,44,198,0,0,-3.5182814140465166
1.25,44,199,0,0,-1.933627449787176
1.25,44,200,1,0,-1.2002276932539697
1.25,44,201,0,0,-6.334449946581255
1.25,44,202,0,0,-1.0641228665968478
1.25,44,203,0,0,-3.386433476853917
1.25,44,204,1,1,1.174382290818914
1.25,44,205,1,0,-1.724455436101662
1.25,44,206,1,0,-2.891941144386403
1.25,44,207,0,1,1.5201365396526083
1.25,44,208,0,0,-0.736603649505647
1.25,44,209,0,0,-0.3534189808358831
1.25,44,210,1,1,0.10314042988505556
1.25,44,211,1,0,-2.56759176124337
1.25,44,212,1,1,1.4008951546793125
1.25,44,213,0,0,-0.6691976555939735
1.25,44,214,0,0,-7.648031519901339
1.25,44,215,0,0,-4.730173541392179
1.25,44,216,1,0,-0.038632334644250615
1.25,44,217,0,0,-0.730495081978742
1.25,44,218,1,1,0.4531277503049137
1.25,44,219,1,0,-0.09769526047274342
1.25,44,220,1,1,1.3897586739310102
1.25,44,221,1,1,0.266672656268674
1.25,44,222,1,1,2.1273680810194544
1.25,44,223,1,1,2.7197827286244336
1.25,44,224,1,1,3.5126517797317223
1.25,44,225,0,1,0.7024035810812569
1.25,44,226,1,1,1.288997461263657
1.25,44,227,0,1,0.40863965523549106
1.25,44,228,0,0,-4.704865403956446
1.25,44,229,0,0,-0.11976531029206529
1.25,44,230,1,1,0.27090936878744964
1.25,44,231,0,1,3.5090814629201708
1.25,44,232,1,1,1.215891867746198
1.25,44,233,1,1,0.5455352327015196
1.25,44,234,1,1,1.7883966627363577
1.25,44,235,0,0,-5.6360565387878445
1.25,44,236,1,1,2.345772712076334
1.25,44,237,1,1,3.0987712422402165
1.25,44,238,0,1,1.6570649846420467
1.25,44,239,0,0,-1.5418402044380044
1.25,44,240,0,1,3.633094737980615
1.25,44,241,1,0,-2.051041895950998
1.25,44,242,1,0,-1.104838987332892
1.25,44,243,0,1,2.3572553531695597
1.25,44,244,1,1,1.7389922625971053
1.25,44,245,1,1,6.262035177696277
1.25,44,246,0,0,-0.035822037290159786
1.25,44,247,1,1,0.892718031189938
1.25,44,248,1,1,0.5896232323743542
1.25,44,249,1,1,1.2112323565746759
1.25,44,250,1,1,0.4630478155636991
1.25,44,251,1,1,4.15533763161408
1.25,44,252,0,0,-1.7759829324915954
1.25,44,253,1,0,-0.694885613806634
1.25,44,254,0,0,-3.54973881916371
1.25,44,255,1,1,1.80821744620468
1.25,44,256,0,1,1.9772953897559775
1.25,44,257,0,1,2.6030092684083503
1.25,44,258,0,1,0.9476260167336773
1.25,44,259,0,0,-0.17112877339790913
1.25,44,260,0,0,-4.556725983603941
1.25,44,261,0,1,3.4381669411454885
1.25,44,262,1,1,1.8619553542729281
1.25,44,263,1,1,2.2246350716872128
1.25,44,264,1,0,-0.9990983505413766
1.25,44,265,0,1,1.6940553554521438
1.25,44,266,1,1,3.8718818458586073
1.25,44,267,1,0,-1.0403355126749254
1.25,44,268,1,1,1.8040643775939837
1.25,44,269,0,1,0.9252436122431732
1.25,44,270,1,0,-2.8363657729623633
1.25,44,271,0,0,-0.0994894952056844
1.25,44,272,0,0,-3.4585116599625145
1.25,44,273,1,1,2.331020109449558
1.25,44,274,1,1,3.1994483205538646
1.25,44,275,0,0,-2.6676191392795703
1.25,44,276,0,0,-4.7390278995732045
1.25,44,277,1,1,1.2214077232550369
1.25,44,278,0,0,-0.5079677326974082
1.25,44,279,0,0,-5.354352142065669
1.25,44,280,1,1,2.687284006829775
1.25,44,281,0,0,-5.212927608331097
1.25,44,282,0,1,1.752626944548627
1.25,44,283,0,1,2.0274374096366383
1.25,44,284,1,1,0.036612261855082234
1.25,44,285,0,0,-1.2804807889237713
1.25,44,286,0,1,1.894030013066269
1.25,44,287,1,1,0.8853018371882045
1.25,44,288,1,0,-2.096544423704225
1.25,44,289,0,0,-0.15294073117698304
1.25,44,290,0,1,0.1658356063695265
1.25,44,291,1,1,1.9449212824021556
1.25,44,292,1,1,2.5650186918748448
1.25,44,293,1,1,2.269922910411581
1.25,44,294,0,0,-2.9543097633996918
1.25,44,295,1,0,-0.25942107223623123
1.25,44,296,0,1,3.8878242593587795
1.25,44,297,1,1,3.0169472327510314
1.25,44,298,1,1,1.694424040235512
1.25,44,299,1,1,1.4857802697316977
1.25,44,300,0,1,3.3011101840865895
1.25,44,301,1,0,-0.3618347003465558
1.25,44,302,1,1,0.3171211242240782
1.25,44,303,0,1,1.2908840126719845
1.25,44,304,1,1,3.2235645857692488
1.25,44,305,0,1,1.063656230560806
1.25,44,306,0,0,-1.0128425862627772
1.25,44,307,0,0,-2.0230802663754437
1.25,44,308,0,1,1.101348672576561
1.25,44,309,0,1,1.5320858686524432
1.25,44,310,0,0,-2.9010074034780224
1.25,44,311,0,0,-1.3641491102489596
1.25,44,312,0,1,0.19469621323709096
1.25,44,313,0,0,-8.848766693319849
1.25,44,314,0,0,-2.344830054329912
1.25,44,315,0,0,-0.5889196804840297
1.5,44,0,0,1,0.45636588952373797
1.5,44,1,1,0,-4.00859115849614
1.5,44,2,0,0,-1.0472852791623646
1.5,44,3,1,1,0.1945676316279938
1.5,44,4,0,0,-1.8997684564676034
1.5,44,5,1,0,-4.315366335482034
1.5,44,6,0,0,-0.17588943062601342
1.5,44,7,1,0,-4.274792687779574
1.5,44,8,0,1,2.6494083106224746
1.5,44,9,0,0,-3.3825798027080265
1.5,44,10,1,0,-3.1130278268819596
1.5,44,11,1,1,5.708786581575736
1.5,44,12,0,0,-0.9183649067993982
1.5,44,13,0,0,-4.546032341814083
1.5,44,14,1,0,-0.15292348405301315
1.5,44,15,1,0,-0.29009231035227606
1.5,44,16,1,0,-0.5457616532880528
1.5,44,17,0,0,-5.3650304632231665
1.5,44,18,0,1,0.5334994397885268
1.5,44,19,1,1,1.9494897431743803
1.5,44,20,0,0,-0.20298636542437837
1.5,44,21,0,0,-7.384294096254466
1.5,44,22,1,1,2.3333874090490556
1.5,44,23,0,0,-1.9583993603899341
1.5,44,24,1,0,-1.191007502772992
1.5,44,25,0,0,-0.6712563170459098
1.5,44,26,0,0,-10.130696045388076
1.5,44,27,0,1,0.8068112855781273
1.5,44,28,0,0,-2.5570259241014583
1.5,44,29,0,1,3.193127503708454
1.5,44,30,0,1,3.0090895681850713
1.5,44,31,0,0,-6.777809546304593
1.5,44,32,1,1,1.4736948209340992
1.5,44,33,1,1,1.5440983825946855
1.5,44,34,1,1,0.674505357547071
1.5,44,35,1,1,1.447624377588317
1.5,44,36,1,1,1.5944892615454551
1.5,44,37,1,0,-5.117414544153567
1.5,44,38,0,1,0.06523131711996731
1.5,44,39,1,0,-1.3286424847677945
1.5,44,40,0,1,1.769973600739663
1.5,44,41,1,0,-1.3949518758552433
1.5,44,42,0,0,-2.2664127173806365
1.5,44,43,0,0,-5.705168450720991
1.5,44,44,1,1,1.5824236659264772
1.5,44,45,0,1,1.2080126855145539
1.5,44,46,1,0,-0.6243060012595679
1.5,44,47,1,1,0.9801683562398629
1.5,44,48,0,0,-4.93485790078148
1.5,44,49,1,1,1.826222863948771
1.5,44,50,1,1,3.2115978207376745
1.5,44,51,0,1,1.6924876608302857
1.5,44,52,0,1,0.6958655353715246
1.5,44,53,1,0,-0.34423644327420305
1.5,44,54,0,0,-4.176190854891383
1.5,44,55,0,0,-0.3653476290078265
1.5,44,56,1,1,0.6412733143354923
1.5,44,57,0,1,3.3017712377526554
1.5,44,58,1,1,1.358924355414885
1.5,44,59,0,0,-2.0914915956866587
1.5,44,60,1,0,-1.3804497020186177
1.5,44,61,0,1,4.583358049882468
1.5,44,62,0,1,0.3531411072033775
1.5,44,63,1,0,-1.03935334170368
1.5,44,64,0,0,-2.2317690602654565
1.5,44,65,0,1,3.2959604888849223
1.5,44,66,0,0,-0.5764702384297586
1.5,44,67,0,1,2.576751822903308
1.5,44,68,0,0,-0.18829223136299694
1.5,44,69,1,1,1.535363361347834
1.5,44,70,0,0,-3.649529453581324
1.5,44,71,1,0,-3.7015980188033457
1.5,44,72,0,1,1.6369718052568023
1.5,44,73,0,1,0.530015859035138
1.5,44,74,0,0,-1.329692961900416
1.5,44,75,0,0,-2.07205288130875
1.5,44,76,0,0,-2.0118249261152896
1.5,44,77,1,0,-0.802257673320186
1.5,44,78,1,0,-0.893461842519186
1.5,44,79,1,0,-3.1399233966172226
1.5,44,80,0,0,-0.4649175414912932
1.5,44,81,1,1,0.428837960326567
1.5,44,82,0,0,-0.8102550528869856
1.5,44,83,1,1,0.3256972955837286
1.5,44,84,1,0,-0.6588550733039642
1.5,44,85,1,1,1.913113663349004
1.5,44,86,1,1,1.0696608556020235
1.5,44,87,1,0,-0.49107347266888574
1.5,44,88,1,1,0.13115925425258002
1.5,44,89,1,1,0.411409599973841
1.5,44,90,1,1,1.6231801092255072
1.5,44,91,1,1,1.3226248336019562
1.5,44,92,0,0,-1.2617109807328906
1.5,44,93,0,0,-2.590123478105982
1.5,44,94,0,0,-0.8855682731462525
1.5,44,95,0,0,-0.8983220406565995
1.5,44,96,1,0,-3.4463916808052613
1.5,44,97,1,0,-2.7142265854515872
1.5,44,98,1,1,4.060600835175074
1.5,44,99,0,1,1.0832061055619626
1.5,44,100,1,1,1.7373218354117161
1.5,44,101,1,1,1.857568753889076
1.5,44,102,1,0,-0.37464317479170467
1.5,44,103,0,0,-3.884958287198557
1.5,44,104,1,1,1.225418479130855
1.5,44,105,0,0,-1.1533748328961093
1.5,44,106,1,1,1.4924752147495337
1.5,44,107,1,1,0.8459878150281648
1.5,44,108,1,0,-1.2887837662024653
1.5,44,109,0,1,0.06430262243149248
1.5,44,110,1,1,0.8004382814031923
1.5,44,111,0,0,-1.5620611257401766
1.5,44,112,1,0,-0.12405575748086152
1.5,44,113,0,0,-5.034279529812406
1.5,44,114,0,0,-2.4531047903154946
1.5,44,115,0,0,-0.005411531782908707
1.5,44,116,1,1,4.927804773504657
1.5,44,117,0,0,-7.725349352388065
1.5,44,118,0,1,1.4993104750501078
1.5,44,119,1,0,-0.9575052496124259
1.5,44,120,1,1,1.3765356780274631
1.5,44,121,1,1,1.449805626526808
1.5,44,122,1,1,0.3225901632417087
1.5,44,123,0,0,-0.36267959213453693
1.5,44,124,1,0,-2.1312588517568334
1.5,44,125,1,0,-0.2659844005796362
1.5,44,126,0,1,0.9652426305897623
1.5,44,127,0,1,1.2763456450001553
1.5,44,128,1,1,2.0756075608414437
1.5,44,129,1,1,3.6097874377131296
1.5,44,130,1,0,-1.2091326475808086
1.5,44,131,1,1,2.6558240226832805
1.5,44,132,1,1,2.5527468632702135
1.5,44,133,0,1,0.7083039159268056
1.5,44,134,0,1,0.6661405379839447
1.5,44,135,0,0,-5.984152453615094
1.5,44,136,0,0,-2.7062320231176376
1.5,44,137,1,1,1.5651511840928738
1.5,44,138,1,1,1.6635565278434925
1.5,44,139,0,0,-2.30002640228447
1.5,44,140,1,1,0.5296880373796349
1.5,44,141,1,0,-0.19868144566060253
1.5,44,142,1,1,1.552088491907422
1.5,44,143,1,1,4.231089141653413
1.5,44,144,1,1,0.24100245222317634
1.5,44,145,1,1,1.766399905991739
1.5,44,146,1,1,1.9580635578638976
1.5,44,147,0,1,1.58593618505856
1.5,44,148,0,0,-2.532452685746732
1.5,44,149,0,0,-3.393696056529908
1.5,44,150,1,1,0.9869171138742845
1.5,44,151,1,0,-1.046175767039452
1.5,44,152,0,0,-2.4854123645592203
1.5,44,153,0,0,-0.897591319428104
1.5,44,154,1,1,0.18774763126291588
1.5,44,155,1,1,1.1115602667444906
1.5,44,156,0,0,-3.348850477840106
1.5,44,157,0,0,-1.4713688795441155
1.5,44,158,0,0,-4.781268638986506
1.5,44,159,0,0,-1.2139303377444224
1.5,44,160,0,1,4.930099736042009
1.5,44,161,1,1,6.026567035107629
1.5,44,162,1,0,-2.6911060112991767
1.5,44,163,1,1,1.0788158921654853
1.5,44,164,1,1,2.054252879801824
1.5,44,165,1,1,0.9984436749732521
1.5,44,166,1,0,-0.6366761601779547
1.5,44,167,0,0,-2.1105151692218262
1.5,44,168,1,1,1.9896038692941909
1.5,44,169,0,1,1.3458796391284584
1.5,44,170,1,1,1.7713613600754183
1.5,44,171,1,0,-0.28769587847982026
1.5,44,172,0,0,-0.5525722208009405
1.5,44,173,1,1,1.5254857124551953
1.5,44,174,0,0,-4.320283161347711
1.5,44,175,0,1,0.9273555667102404
1.5,44,176,1,1,3.380632667624366
1.5,44,177,1,1,2.1614062115368915
1.5,44,178,1,1,0.7223090751051988
1.5,44,179,0,0,-2.5692512145920503
1.5,44,180,0,0,-3.906566464618827
1.5,44,181,1,1,18.584670913232706
1.5,44,182,0,0,-2.2015976170815224
1.5,44,183,0,0,-1.014129577539394
1.5,44,184,0,0,-2.2333092034404505
1.5,44,185,0,0,-1.581817452879686
1.5,44,186,0,0,-0.2865985237718583
1.5,44,187,1,1,1.4519893370401944
1.5,44,188,1,1,4.618792568632797
1.5,44,189,0,1,0.10993386817253364
1.5,44,190,0,1,6.116110047395994
1.5,44,191,0,1,1.6653622815629685
1.5,44,192,0,0,-1.834602611552078
1.5,44,193,1,0,-0.48829976151640603
1.5,44,194,0,0,-2.5216129213948726
1.5,44,195,0,0,-3.08256931480526
1.5,44,196,0,1,0.45205649922020263
1.5,44,197,1,1,1.932465032747374
1.5,44,198,0,0,-3.697483544510644
1.5,44,199,0,0,-2.111626435249277
1.5,44,200,1,0,-1.162416388417902
1.5,44,201,0,0,-6.6843333096789594
1.5,44,202,0,0,-1.1952263447609248
1.5,44,203,0,0,-3.6916143967157797
1.5,44,204,1,1,1.2913072073211371
1.5,44,205,1,0,-1.8631174815581302
1.5,44,206,1,0,-3.0900505076585514
1.5,44,207,0,1,1.529856879335265
1.5,44,208,0,0,-0.7058222507034808
1.5,44,209,0,0,-0.38676655047211694
1.5,44,210,1,1,0.12946525093920397
1.5,44,211,1,0,-2.690162686269189
1.5,44,212,1,1,1.4432017707793123
1.5,44,213,0,0,-0.526117770615111
1.5,44,214,0,0,-8.111242249800535
1.5,44,215,0,0,-5.094135519225629
1.5,44,216,1,1,0.060408855640182224
1.5,44,217,0,0,-0.7265600477278826
1.5,44,218,1,1,0.15948151769767388
1.5,44,219,1,0,-0.08415962039994342
1.5,44,220,1,1,1.8052409651422952
1.5,44,221,1,1,0.24250702291877263
1.5,44,222,1,1,2.2464109890129893
1.5,44,223,1,1,2.866040801601032
1.5,44,224,1,1,3.7567843808297816
1.5,44,225,0,1,0.7610677547216922
1.5,44,226,1,1,1.2330879786357969
1.5,44,227,0,1,0.4750690168495774
1.5,44,228,0,0,-4.969207402618244
1.5,44,229,0,0,-0.18621644304615198
1.5,44,230,1,1,0.45943467989919223
1.5,44,231,0,1,3.7475300662401345
1.5,44,232,1,1,1.2502149711045936
1.5,44,233,1,1,0.6897529163606901
1.5,44,234,1,1,1.8388263159257099
1.5,44,235,0,0,-6.0099072691371
1.5,44,236,1,1,2.52602509352477
1.5,44,237,1,1,3.2505745095757606
1.5,44,238,0,1,1.7245678044792074
1.5,44,239,0,0,-1.7288162348295335
1.5,44,240,0,1,3.7976362148108143
1.5,44,241,1,0,-2.1855528238171953
1.5,44,242,1,0,-1.089116433832875
1.5,44,243,0,1,2.5321228047490902
1.5,44,244,1,1,1.786408537904377
1.5,44,245,1,1,6.545566133459559
1.5,44,246,0,0,-0.10199386193886245
1.5,44,247,1,1,0.963856443067187
1.5,44,248,1,1,0.6538764318159752
1.5,44,249,1,1,1.2380968188385135
1.5,44,250,1,1,0.4620396574059252
1.5,44,251,1,1,4.302859548429479
1.5,44,252,0,0,-1.890944129503919
1.5,44,253,1,0,-0.8412305236330326
1.5,44,254,0,0,-3.695127274277068
1.5,44,255,1,1,1.9721084365123012
1.5,44,256,0,1,2.047921353809167
1.5,44,257,0,1,2.8014630279169603
1.5,44,258,0,1,1.0302083152549046
1.5,44,259,0,0,-0.1530850174833111
1.5,44,260,0,0,-4.674301838386417
1.5,44,261,0,1,3.5119429227870738
1.5,44,262,1,1,1.9930831170248269
1.5,44,263,1,1,2.2969120418376052
1.5,44,264,1,0,-0.938021154012196
1.5,44,265,0,1,1.6991448177588275
1.5,44,266,1,1,4.042131139452589
1.5,44,267,1,0,-0.7751832527628582
1.5,44,268,1,1,1.8630194337968768
1.5,44,269,0,1,1.041280491902374
1.5,44,270,1,0,-3.117584665333163
1.5,44,271,0,0,-0.20270906276063821
1.5,44,272,0,0,-3.6195108718309092
1.5,44,273,1,1,2.429823142924174
1.5,44,274,1,1,3.3476429432285024
1.5,44,275,0,0,-2.9202248821483563
1.5,44,276,0,0,-5.2485587283890744
1.5,44,277,1,1,1.1759524657433116
1.5,44,278,0,0,-0.5143162326753419
1.5,44,279,0,0,-5.7508003967813615
1.5,44,280,1,1,2.6914326269538633
1.5,44,281,0,0,-5.346477412077872
1.5,44,282,0,1,1.9658680798654042
1.5,44,283,0,1,2.179345299319092
1.5,44,284,1,1,0.0157757641454373
1.5,44,285,0,0,-1.3747515048649162
1.5,44,286,0,1,2.048487468196271
1.5,44,287,1,1,0.966022082816713
1.5,44,288,1,0,-2.2366066123542243
1.5,44,289,0,0,-0.18390509249323445
1.5,44,290,0,1,0.28513034273468346
1.5,44,291,1,1,2.0360815074996035
1.5,44,292,1,1,2.7936355762303346
1.5,44,293,1,1,2.4136648499758664
1.5,44,294,0,0,-3.0804439354966675
1.5,44,295,1,0,-0.21004871525179142
1.5,44,296,0,1,4.091179502740709
1.5,44,297,1,1,3.1966056422566282
1.5,44,298,1,1,1.798190653131545
1.5,44,299,1,1,1.3550386861230297
1.5,44,300,0,1,3.4395583296193535
1.5,44,301,1,0,-0.3854226180339323
1.5,44,302,1,1,0.3869146275620413
1.5,44,303,0,1,1.2958500321061674
1.5,44,304,1,1,3.3410660457798436
1.5,44,305,0,1,1.1535957902445328
1.5,44,306,0,0,-1.0245738484648317
1.5,44,307,0,0,-2.084663728399454
1.5,44,308,0,1,1.333729545110099
1.5,44,309,0,1,1.8942579311609713
1.5,44,310,0,0,-2.7764432157445325
1.5,44,311,0,0,-1.4260031849372343
1.5,44,312,0,1,0.13642835523845426
1.5,44,313,0,0,-9.401344765729798
1.5,44,314,0,0,-2.533229077293035
1.5,44,315,0,0,-0.7952908399343797
2.0,44,0,0,1,0.4804166763025487
2.0,44,1,1,0,-3.8175742718171466
2.0,44,2,0,0,-1.131619256611685
2.0,44,3,1,1,0.14645052030804323
2.0,44,4,0,0,-2.2330931726195744
2.0,44,5,1,0,-4.816295190540044
2.0,44,6,0,0,-0.18561411728422816
2.0,44,7,1,0,-4.6702379031459405
2.0,44,8,0,1,2.99662841902793
2.0,44,9,0,0,-3.6565022195147265
2.0,44,10,1,0,-3.019818802235563
2.0,44,11,1,1,6.58206239925944
2.0,44,12,0,0,-1.1080583842708907
2.0,44,13,0,0,-5.027602961700621
2.0,44,14,1,0,-0.0827456234702732
2.0,44,15,1,0,-0.4565596916571173
2.0,44,16,1,0,-0.5808910771559566
2.0,44,17,0,0,-6.0538566905204165
2.0,44,18,0,1,0.6960456742324768
2.0,44,19,1,1,2.013425360384401
2.0,44,20,0,0,-0.38035574214626866
2.0,44,21,0,0,-7.979119806420174
2.0,44,22,1,1,2.736412631275507
2.0,44,23,0,0,-2.1590743751445722
2.0,44,24,1,0,-1.3534893261765268
2.0,44,25,0,0,-0.7768300892068847
2.0,44,26,0,0,-10.881486489895343
2.0,44,27,0,1,0.9034966949871901
2.0,44,28,0,0,-2.633704821059403
2.0,44,29,0,1,3.2539399992579425
2.0,44,30,0,1,3.158193397333733
2.0,44,31,0,0,-7.345403045116714
2.0,44,32,1,1,1.6035524170746847
2.0,44,33,1,1,1.8837819252066619
2.0,44,34,1,1,0.7988911914193644
2.0,44,35,1,1,1.7106230493552756
2.0,44,36,1,1,1.8086913136100393
2.0,44,37,1,0,-5.699087659616887
2.0,44,38,0,1,0.01649406839228057
2.0,44,39,1,0,-1.5728400145726067
2.0,44,40,0,1,1.9311490852898339
2.0,44,41,1,0,-1.5231417969662813
2.0,44,42,0,0,-2.3912499067606543
2.0,44,43,0,0,-6.481924594473839
2.0,44,44,1,1,1.8508222008763897
2.0,44,45,0,1,1.330983390630138
2.0,44,46,1,0,-0.7745395090018117
2.0,44,47,1,1,1.1603225837273976
2.0,44,48,0,0,-5.415755554112793
2.0,44,49,1,1,2.119025742253987
2.0,44,50,1,1,3.534251418885707
2.0,44,51,0,1,1.8490618750201533
2.0,44,52,0,1,0.9087101634264745
2.0,44,53,1,0,-0.4880863204109676
2.0,44,54,0,0,-4.6380242383070955
2.0,44,55,0,0,-0.43835045640665876
2.0,44,56,1,1,0.7627371752555949
2.0,44,57,0,1,3.6768276220533687
2.0,44,58,1,1,1.5521172657440878
2.0,44,59,0,0,-2.4438422493959426
2.0,44,60,1,0,-1.3636241967576208
2.0,44,61,0,1,4.9840372111113185
2.0,44,62,0,1,0.5762119239544403
2.0,44,63,1,0,-1.1583622471386539
2.0,44,64,0,0,-2.514491944839192
2.0,44,65,0,1,3.5958471629175994
2.0,44,66,0,0,-0.7128259717634737
2.0,44,67,0,1,2.9922123171245554
2.0,44,68,0,0,-0.19436843913769325
2.0,44,69,1,1,1.6509869670914026
2.0,44,70,0,0,-4.224017003538507
2.0,44,71,1,0,-4.1184830089345645
2.0,44,72,0,1,1.8587907603636453
2.0,44,73,0,1,0.5663341774314811
2.0,44,74,0,0,-1.3966843481088742
2.0,44,75,0,0,-2.278785201286495
2.0,44,76,0,0,-2.33957285970079
2.0,44,77,1,0,-0.9785395010113253
2.0,44,78,1,0,-1.1993414916959795
2.0,44,79,1,0,-3.401668774601834
2.0,44,80,0,0,-0.6650640458044605
2.0,44,81,1,1,0.5946447656827885
2.0,44,82,0,0,-0.7329133095565719
2.0,44,83,1,1,0.2353437725882062
2.0,44,84,1,0,-0.8736561105500459
2.0,44,85,1,1,2.0767593543435705
2.0,44,86,1,1,1.1754907809686994
2.0,44,87,1,0,-0.4574749146023696
2.0,44,88,1,1,0.12219253940415792
2.0,44,89,1,1,0.47379826680447357
2.0,44,90,1,1,1.6322050744388514
2.0,44,91,1,1,1.4799133505200484
2.0,44,92,0,0,-1.4117104294943883
2.0,44,93,0,0,-2.7919034549204462
2.0,44,94,0,0,-0.9549442228311467
2.0,44,95,0,0,-0.9471283230910053
2.0,44,96,1,0,-4.040184786209195
2.0,44,97,1,0,-2.976487180474581
2.0,44,98,1,1,4.790653473602413
2.0,44,99,0,1,1.3813480912810623
2.0,44,100,1,1,2.0949741430287783
2.0,44,101,1,1,1.9649318171831296
2.0,44,102,1,0,-0.3817174740407645
2.0,44,103,0,0,-4.010311105044783
2.0,44,104,1,1,1.3022068703883964
2.0,44,105,0,0,-1.306420711384671
2.0,44,106,1,1,1.644440037544023
2.0,44,107,1,1,0.8767801611519341
2.0,44,108,1,0,-1.4591755828741346
2.0,44,109,0,1,0.23884724635800916
2.0,44,110,1,1,0.8380585408986454
2.0,44,111,0,0,-1.7441144853988475
2.0,44,112,1,0,-0.30530588691923505
2.0,44,113,0,0,-5.856151054489549
2.0,44,114,0,0,-2.5572043062299374
2.0,44,115,0,1,0.00043167927588599886
2.0,44,116,1,1,5.6660181426393885
2.0,44,117,0,0,-8.301249423520751
2.0,44,118,0,1,1.6732230389593263
2.0,44,119,1,0,-1.7362480717551452
2.0,44,120,1,1,1.3498095856011043
2.0,44,121,1,1,1.4408921276973574
2.0,44,122,1,1,0.37069500518359816
2.0,44,123,0,0,-0.48130400690772257
2.0,44,124,1,0,-2.361908350152244
2.0,44,125,1,0,-0.19524354965041307
2.0,44,126,0,1,1.0452472687856367
2.0,44,127,0,1,1.2753052089521804
2.0,44,128,1,1,2.3254271887545714
2.0,44,129,1,1,4.24825519773316
2.0,44,130,1,0,-1.372930082115534
2.0,44,131,1,1,2.826798516850994
2.0,44,132,1,1,2.813964144294697
2.0,44,133,0,1,1.0624719756186267
2.0,44,134,0,1,0.8185059807178813
2.0,44,135,0,0,-6.657833139812916
2.0,44,136,0,0,-2.8425694747258885
2.0,44,137,1,1,1.7331174645402223
2.0,44,138,1,1,1.9173650133865219
2.0,44,139,0,0,-2.435076059118534
2.0,44,140,1,1,0.5884193508405986
2.0,44,141,1,0,-0.22316194640051962
2.0,44,142,1,1,1.505922171923969
2.0,44,143,1,1,4.457634852799397
2.0,44,144,1,1,0.14408369094071855
2.0,44,145,1,1,2.046235325850432
2.0,44,146,1,1,2.1416595106800047
2.0,44,147,0,1,1.7902940505971476
2.0,44,148,0,0,-2.8279802257209115
2.0,44,149,0,0,-3.6446927473869786
2.0,44,150,1,1,1.3471713377468997
2.0,44,151,1,0,-1.173235441120179
2.0,44,152,0,0,-2.6841714175118567
2.0,44,153,0,0,-1.2021480048263027
2.0,44,154,1,1,0.2802400245650253
2.0,44,155,1,1,1.3987961940185187
2.0,44,156,0,0,-3.7482412095436297
2.0,44,157,0,0,-1.7487222934546347
2.0,44,158,0,0,-5.365491898490431
2.0,44,159,0,0,-1.251645275061387
2.0,44,160,0,1,5.378994175018274
2.0,44,161,1,1,6.743553057576837
2.0,44,162,1,0,-2.836794990484001
2.0,44,163,1,1,1.06762492243195
2.0,44,164,1,1,2.1702514207048753
2.0,44,165,1,1,1.0551481902296715
2.0,44,166,1,0,-0.7052015698533294
2.0,44,167,0,0,-2.1889135185225275
2.0,44,168,1,1,2.3949572365948018
2.0,44,169,0,1,1.516065527157239
2.0,44,170,1,1,2.0089576962802704
2.0,44,171,1,0,-0.2974266665087918
2.0,44,172,0,0,-0.5217637735906393
2.0,44,173,1,1,1.6876438205978768
2.0,44,174,0,0,-4.418287122832087
2.0,44,175,0,1,1.2249851669760963
2.0,44,176,1,1,3.5844233552233766
2.0,44,177,1,1,2.6519107241385647
2.0,44,178,1,1,0.5203258365663301
2.0,44,179,0,0,-2.8411603438455124
2.0,44,180,0,0,-4.299809372917974
2.0,44,181,1,1,21.359533238376507
2.0,44,182,0,0,-2.366131239196242
2.0,44,183,0,0,-0.860737286184659
2.0,44,184,0,0,-2.7278991684204947
2.0,44,185,0,0,-1.7974596982182973
2.0,44,186,0,0,-0.31400326218009084
2.0,44,187,1,1,1.6364678784750333
2.0,44,188,1,1,4.897028796013549
2.0,44,189,0,1,0.07386820364700658
2.0,44,190,0,1,7.363580872783691
2.0,44,191,0,1,1.6799424209800573
2.0,44,192,0,0,-2.076493735769795
2.0,44,193,1,0,-0.5197010034021303
2.0,44,194,0,0,-2.7479858311633856
2.0,44,195,0,0,-3.598518725210722
2.0,44,196,0,1,0.45458037808529467
2.0,44,197,1,1,2.2142231254548568
2.0,44,198,0,0,-4.008094787066097
2.0,44,199,0,0,-2.4482771303934423
2.0,44,200,1,0,-1.0886089625941504
2.0,44,201,0,0,-7.280936422371796
2.0,44,202,0,0,-1.446165285706194
2.0,44,203,0,0,-4.225259333018088
2.0,44,204,1,1,1.4790014925347117
2.0,44,205,1,0,-2.085509050175759
2.0,44,206,1,0,-3.438076546751376
2.0,44,207,0,1,1.5452263349051654
2.0,44,208,0,0,-0.627474108710437
2.0,44,209,0,0,-0.44200401767726555
2.0,44,210,1,1,0.2017595107512501
2.0,44,211,1,0,-2.9012649020452206
2.0,44,212,1,1,1.510285722351742
2.0,44,213,0,0,-0.2759731040394465
2.0,44,214,0,0,-8.89871341320492
2.0,44,215,0,0,-5.713549435221463
2.0,44,216,1,1,0.22793566634707724
2.0,44,217,0,0,-0.699847767330736
2.0,44,218,1,0,-0.38403187462895577
2.0,44,219,1,0,-0.0719981521000041
2.0,44,220,1,1,2.524890313203899
2.0,44,221,1,1,0.22400431750732624
2.0,44,222,1,1,2.446817675733429
2.0,44,223,1,1,3.116208454485824
2.0,44,224,1,1,4.148056388667697
2.0,44,225,0,1,0.8535661458808619
2.0,44,226,1,1,1.1178372640534358
2.0,44,227,0,1,0.6013799642493698
2.0,44,228,0,0,-5.4220007014496785
2.0,44,229,0,0,-0.30247331459570004
2.0,44,230,1,1,0.7919203698528174
2.0,44,231,0,1,4.147547848467722
2.0,44,232,1,1,1.3242266026765055
2.0,44,233,1,1,0.926616103757548
2.0,44,234,1,1,1.9195093355166188
2.0,44,235,0,0,-6.6268851575980845
2.0,44,236,1,1,2.850279488191704
2.0,44,237,1,1,3.524335553010051
2.0,44,238,0,1,1.8399526196408793
2.0,44,239,0,0,-2.0482611573103084
2.0,44,240,0,1,4.07025781208006
2.0,44,241,1,0,-2.3939170797910743
2.0,44,242,1,0,-1.0621297938721017
2.0,44,243,0,1,2.8328211166514845
2.0,44,244,1,1,1.8559984482971068
2.0,44,245,1,1,7.002731853181809
2.0,44,246,0,0,-0.22090288036253589
2.0,44,247,1,1,1.1016768246662063
2.0,44,248,1,1,0.796339979784332
2.0,44,249,1,1,1.281427729350546
2.0,44,250,1,1,0.4428048548725284
2.0,44,251,1,1,4.545563206785708
2.0,44,252,0,0,-2.0604535033461575
2.0,44,253,1,0,-1.0793192889308352
2.0,44,254,0,0,-3.9440710327617645
2.0,44,255,1,1,2.265487308571802
2.0,44,256,0,1,2.166381065545787
2.0,44,257,0,1,3.127485049491372
2.0,44,258,0,1,1.172823045875432
2.0,44,259,0,0,-0.11427019789084764
2.0,44,260,0,0,-4.857148549737363
2.0,44,261,0,1,3.6455892112845523
2.0,44,262,1,1,2.230177886983696
2.0,44,263,1,1,2.420112412942317
2.0,44,264,1,0,-0.8077915274426726
2.0,44,265,0,1,1.6952439712548821
2.0,44,266,1,1,4.333584667502499
2.0,44,267,1,0,-0.31897616102529236
2.0,44,268,1,1,1.9641748894427564
2.0,44,269,0,1,1.2270460825517426
2.0,44,270,1,0,-3.5879095226440456
2.0,44,271,0,0,-0.4032049965842551
2.0,44,272,0,0,-3.8816379594481965
2.0,44,273,1,1,2.6019808273301415
2.0,44,274,1,1,3.6212089652238997
2.0,44,275,0,0,-3.339044744233051
2.0,44,276,0,0,-6.142410396786463
2.0,44,277,1,1,1.0794078902594888
2.0,44,278,0,0,-0.5065849123428818
2.0,44,279,0,0,-6.40817427651768
2.0,44,280,1,1,2.6647754386254916
2.0,44,281,0,0,-5.554406630313042
2.0,44,282,0,1,2.33160602666716
2.0,44,283,0,1,2.408657587745471
2.0,44,284,1,0,-0.011596989019826837
2.0,44,285,0,0,-1.5424537475966773
2.0,44,286,0,1,2.3137494870833244
2.0,44,287,1,1,1.1172899636058053
2.0,44,288,1,0,-2.472394135405181
2.0,44,289,0,0,-0.22976506797118612
2.0,44,290,0,1,0.4975321130565668
2.0,44,291,1,1,2.193704006656416
2.0,44,292,1,1,3.172854171849789
2.0,44,293,1,1,2.659070076301628
2.0,44,294,0,0,-3.2805285657659304
2.0,44,295,1,0,-0.10491895933241652
2.0,44,296,0,1,4.4357604770466335
2.0,44,297,1,1,3.487243592329375
2.0,44,298,1,1,1.9864512264202525
2.0,44,299,1,1,1.1000459122159605
2.0,44,300,0,1,3.662622321573776
2.0,44,301,1,0,-0.4260963651017519
2.0,44,302,1,1,0.5213172948994753
2.0,44,303,0,1,1.2665386521297477
2.0,44,304,1,1,3.536074643041186
2.0,44,305,0,1,1.2952334015376001
2.0,44,306,0,0,-1.0313273597932795
2.0,44,307,0,0,-2.1800529368001302
2.0,44,308,0,1,1.7388917666218062
2.0,44,309,0,1,2.5286797706312103
2.0,44,310,0,0,-2.5703339126796076
2.0,44,311,0,0,-1.5320163826583262
2.0,44,312,0,1,0.01836012047814506
2.0,44,313,0,0,-10.331631245896894
2.0,44,314,0,0,-2.8619826986605514
2.0,44,315,0,0,-1.161318811790517
2.5,44,0,0,1,0.46397991194823307
2.5,44,1,1,0,-3.5957060315106215
2.5,44,2,0,0,-1.1951876222312172
2.5,44,3,1,1,0.0984468708370117
2.5,44,4,0,0,-2.4642709217561656
2.5,44,5,1,0,-5.244676606828981
2.5,44,6,0,0,-0.1964729440738906
2.5,44,7,1,0,-5.018366343171321
2.5,44,8,0,1,3.328204974571615
2.5,44,9,0,0,-3.8809370668764913
2.5,44,10,1,0,-2.9097214469396966
2.5,44,11,1,1,7.350181700559221
2.5,44,12,0,0,-1.2578096977207225
2.5,44,13,0,0,-5.44404022704337
2.5,44,14,1,0,-0.018136998046404895
2.5,44,15,1,0,-0.5981752047752497
2.5,44,16,1,0,-0.6142296314018728
2.5,44,17,0,0,-6.634987775954939
2.5,44,18,0,1,0.8608754611847843
2.5,44,19,1,1,2.0547244959983164
2.5,44,20,0,0,-0.534877037281373
2.5,44,21,0,0,-8.462807451372774
2.5,44,22,1,1,3.0745288788772167
2.5,44,23,0,0,-2.312559028812224
2.5,44,24,1,0,-1.496500865948221
2.5,44,25,0,0,-0.8710338269548867
2.5,44,26,0,0,-11.427639922630929
2.5,44,27,0,1,0.9978538515572416
2.5,44,28,0,0,-2.6824780746243526
2.5,44,29,0,1,3.3257203544457794
2.5,44,30,0,1,3.3039160617365173
2.5,44,31,0,0,-7.801230630640104
2.5,44,32,1,1,1.7215546124806378
2.5,44,33,1,1,2.173026687822909
2.5,44,34,1,1,0.9009674239817583
2.5,44,35,1,1,1.933924939426765
2.5,44,36,1,1,1.986982545566348
2.5,44,37,1,0,-6.209508864262792
2.5,44,38,0,0,-0.022997036233769808
2.5,44,39,1,0,-1.7757989501282696
2.5,44,40,0,1,2.069511581239248
2.5,44,41,1,0,-1.64628466211051
2.5,44,42,0,0,-2.495776468275544
2.5,44,43,0,0,-7.173360254595092
2.5,44,44,1,1,2.098776842186024
2.5,44,45,0,1,1.4326059217920548
2.5,44,46,1,0,-0.9030874577220501
2.5,44,47,1,1,1.326344210565523
2.5,44,48,0,0,-5.804951565371876
2.5,44,49,1,1,2.359608304997194
2.5,44,50,1,1,3.8002456738407515
2.5,44,51,0,1,1.9845532211828047
2.5,44,52,0,1,1.099246022970865
2.5,44,53,1,0,-0.6369149987910794
2.5,44,54,0,0,-5.015022531351045
2.5,44,55,0,0,-0.4813353521507862
2.5,44,56,1,1,0.8617571532507671
2.5,44,57,0,1,3.9832574502205675
2.5,44,58,1,1,1.7282786570510693
2.5,44,59,0,0,-2.7283444742607053
2.5,44,60,1,0,-1.3164005257469815
2.5,44,61,0,1,5.312226824500453
2.5,44,62,0,1,0.7909728829393233
2.5,44,63,1,0,-1.232636709404912
2.5,44,64,0,0,-2.745642844653757
2.5,44,65,0,1,3.8354194599033287
2.5,44,66,0,0,-0.8202408343821602
2.5,44,67,0,1,3.35294376030956
2.5,44,68,0,0,-0.18932587743620038
2.5,44,69,1,1,1.7320816961041186
2.5,44,70,0,0,-4.722870669091951
2.5,44,71,1,0,-4.481930375013775
2.5,44,72,0,1,2.0653094824584537
2.5,44,73,0,1,0.6049163361841603
2.5,44,74,0,0,-1.4540921847772248
2.5,44,75,0,0,-2.443245208873723
2.5,44,76,0,0,-2.620890109787451
2.5,44,77,1,0,-1.1411237191263481
2.5,44,78,1,0,-1.4572298973070268
2.5,44,79,1,0,-3.609731067636149
2.5,44,80,0,0,-0.8447112170337585
2.5,44,81,1,1,0.7310456391520126
2.5,44,82,0,0,-0.6542476846003269
2.5,44,83,1,1,0.15842987229874994
2.5,44,84,1,0,-1.0607138383768957
2.5,44,85,1,1,2.210598771732811
2.5,44,86,1,1,1.2708543701527775
2.5,44,87,1,0,-0.40278116785450074
2.5,44,88,1,1,0.10766058039407522
2.5,44,89,1,1,0.525800929630578
2.5,44,90,1,1,1.6394494375313546
2.5,44,91,1,1,1.6213541786071397
2.5,44,92,0,0,-1.5425789034313775
2.5,44,93,0,0,-2.9605771620142853
2.5,44,94,0,0,-0.9933996305108214
2.5,44,95,0,0,-0.9701172604098438
2.5,44,96,1,0,-4.570411424396423
2.5,44,97,1,0,-3.197988879321806
2.5,44,98,1,1,5.412659593266188
2.5,44,99,0,1,1.637755618482333
2.5,44,100,1,1,2.445301002615751
2.5,44,101,1,1,2.050430257126811
2.5,44,102,1,0,-0.37280867934646544
2.5,44,103,0,0,-4.140044107307971
2.5,44,104,1,1,1.3527490195731928
2.5,44,105,0,0,-1.4327493354690692
2.5,44,106,1,1,1.7621963608789801
2.5,44,107,1,1,0.9012041416115626
2.5,44,108,1,0,-1.5847458217265742
2.5,44,109,0,1,0.38921446164291396
2.5,44,110,1,1,0.8742284099603912
2.5,44,111,0,0,-1.8878103949800302
2.5,44,112,1,0,-0.45730412356916006
2.5,44,113,0,0,-6.553228262539814
2.5,44,114,0,0,-2.635071211831259
2.5,44,115,0,1,0.014942282327507883
2.5,44,116,1,1,6.29484266912923
2.5,44,117,0,0,-8.779051568164924
2.5,44,118,0,1,1.8205213290584477
2.5,44,119,1,0,-2.355694704532092
2.5,44,120,1,1,1.320395880477987
2.5,44,121,1,1,1.4171052151373378
2.5,44,122,1,1,0.42651340960358014
2.5,44,123,0,0,-0.5858498920098782
2.5,44,124,1,0,-2.558537752753514
2.5,44,125,1,0,-0.13084573646569758
2.5,44,126,0,1,1.1276883512327778
2.5,44,127,0,1,1.2943429480557038
2.5,44,128,1,1,2.532552141534664
2.5,44,129,1,1,4.836687528847846
2.5,44,130,1,0,-1.5093470136193023
2.5,44,131,1,1,2.954309549061688
2.5,44,132,1,1,3.0292082812739753
2.5,44,133,0,1,1.3524264989856285
2.5,44,134,0,1,0.9461702187735641
2.5,44,135,0,0,-7.187348558767742
2.5,44,136,0,0,-2.932490321220656
2.5,44,137,1,1,1.866466759351612
2.5,44,138,1,1,2.136719835440919
2.5,44,139,0,0,-2.5318135095103584
2.5,44,140,1,1,0.6404742863843575
2.5,44,141,1,0,-0.2625678175977805
2.5,44,142,1,1,1.455374149631916
2.5,44,143,1,1,4.637503106596495
2.5,44,144,1,1,0.050978807081047794
2.5,44,145,1,1,2.2979713511019138
2.5,44,146,1,1,2.3171735483681544
2.5,44,147,0,1,1.9668076309349705
2.5,44,148,0,0,-3.0885526825523275
2.5,44,149,0,0,-3.8475748497958033
2.5,44,150,1,1,1.680634573382553
2.5,44,151,1,0,-1.286370168856009
2.5,44,152,0,0,-2.850812842393055
2.5,44,153,0,0,-1.4677359107100176
2.5,44,154,1,1,0.35895965221115
2.5,44,155,1,1,1.6479859601137286
2.5,44,156,0,0,-4.104396595475562
2.5,44,157,0,0,-1.9739131701714214
2.5,44,158,0,0,-5.838022370955551
2.5,44,159,0,0,-1.2753823655587153
2.5,44,160,0,1,5.756940705136435
2.5,44,161,1,1,7.360743162701796
2.5,44,162,1,0,-2.956664192656744
2.5,44,163,1,1,1.020103847852474
2.5,44,164,1,1,2.2763475851153276
2.5,44,165,1,1,1.1037544763024316
2.5,44,166,1,0,-0.7605842691702749
2.5,44,167,0,0,-2.249855127039469
2.5,44,168,1,1,2.7366937664346653
2.5,44,169,0,1,1.6556772526036445
2.5,44,170,1,1,2.2240141345435838
2.5,44,171,1,0,-0.27247418741901763
2.5,44,172,0,0,-0.4884847649534116
2.5,44,173,1,1,1.8057030002765004
2.5,44,174,0,0,-4.515408981507282
2.5,44,175,0,1,1.4809213690128762
2.5,44,176,1,1,3.7529484107858098
2.5,44,177,1,1,3.091209110637572
2.5,44,178,1,1,0.3398341748539381
2.5,44,179,0,0,-3.0778596503949207
2.5,44,180,0,0,-4.623879713266207
2.5,44,181,1,1,23.743474331994108
2.5,44,182,0,0,-2.493581104148589
2.5,44,183,0,0,-0.7271086814855635
2.5,44,184,0,0,-3.1742939564713337
2.5,44,185,0,0,-1.9633971335595688
2.5,44,186,0,0,-0.3309231584243461
2.5,44,187,1,1,1.7811683229665132
2.5,44,188,1,1,5.124225085075866
2.5,44,189,0,1,0.039871264096371484
2.5,44,190,0,1,8.471381939170003
2.5,44,191,0,1,1.6838921899776242
2.5,44,192,0,0,-2.2683600583426555
2.5,44,193,1,0,-0.5446607696016299
2.5,44,194,0,0,-2.94186918531445
2.5,44,195,0,0,-4.020265415065979
2.5,44,196,0,1,0.4527695409300537
2.5,44,197,1,1,2.4592110988656106
2.5,44,198,0,0,-4.280212432179135
2.5,44,199,0,0,-2.7633407145692894
2.5,44,200,1,0,-1.0217962944109755
2.5,44,201,0,0,-7.78156592779704
2.5,44,202,0,0,-1.6780777750270663
2.5,44,203,0,0,-4.692368676600766
2.5,44,204,1,1,1.6263838282862613
2.5,44,205,1,0,-2.260803266260444
2.5,44,206,1,0,-3.742505734167475
2.5,44,207,0,1,1.5600132679304979
2.5,44,208,0,0,-0.5351450902554797
2.5,44,209,0,0,-0.48864579717010487
2.5,44,210,1,1,0.29042753150634804
2.5,44,211,1,0,-3.0840257992308184
2.5,44,212,1,1,1.561875746048029
2.5,44,213,0,0,-0.055194408264917616
2.5,44,214,0,0,-9.568202138449454
2.5,44,215,0,0,-6.23259049915018
2.5,44,216,1,1,0.36645623152842327
2.5,44,217,0,0,-0.6644135930263194
2.5,44,218,1,0,-0.8618330642193157
2.5,44,219,1,0,-0.0737356989002681
2.5,44,220,1,1,3.131840466139333
2.5,44,221,1,1,0.22790368472211436
2.5,44,222,1,1,2.616375547104229
2.5,44,223,1,1,3.3269997706563954
2.5,44,224,1,1,4.456028589168842
2.5,44,225,0,1,0.9252889002824609
2.5,44,226,1,1,1.00941003022446
2.5,44,227,0,1,0.7198078833294945
2.5,44,228,0,0,-5.807357312948139
2.5,44,229,0,0,-0.40427665303948496
2.5,44,230,1,1,1.080808528179385
2.5,44,231,0,1,4.477995712164979
2.5,44,232,1,1,1.397529439955803
2.5,44,233,1,1,1.1205583589795556
2.5,44,234,1,1,1.9845110763103821
2.5,44,235,0,0,-7.1258062578149035
2.5,44,236,1,1,3.1395429918521893
2.5,44,237,1,1,3.7711985124004777
2.5,44,238,0,1,1.9373729587320594
2.5,44,239,0,0,-2.3151395216960355
2.5,44,240,0,1,4.294692318282608
2.5,44,241,1,0,-2.550878950641601
2.5,44,242,1,0,-1.03885507350556
2.5,44,243,0,1,3.09001501623254
2.5,44,244,1,1,1.9041073701613012
2.5,44,245,1,1,7.363731789278455
2.5,44,246,0,0,-0.32261925303587635
2.5,44,247,1,1,1.234871536198396
2.5,44,248,1,1,0.9468374955573792
2.5,44,249,1,1,1.3181661140600633
2.5,44,250,1,1,0.410480919342323
2.5,44,251,1,1,4.746635413406434
2.5,44,252,0,0,-2.1761634466355737
2.5,44,253,1,0,-1.2701708187486729
2.5,44,254,0,0,-4.155686051252114
2.5,44,255,1,1,2.5267447163434333
2.5,44,256,0,1,2.2679832834094293
2.5,44,257,0,1,3.391598052761193
2.5,44,258,0,1,1.2934479252305893
2.5,44,259,0,0,-0.07669971810186055
2.5,44,260,0,0,-5.001856473701601
2.5,44,261,0,1,3.7710837861243034
2.5,44,262,1,1,2.442385876916856
2.5,44,263,1,1,2.523848155630796
2.5,44,264,1,0,-0.6791130642080957
2.5,44,265,0,1,1.6743579847130536
2.5,44,266,1,1,4.577527473857483
2.5,44,267,1,1,0.057774751098041616
2.5,44,268,1,1,2.0503283547365907
2.5,44,269,0,1,1.3718156243848285
2.5,44,270,1,0,-3.9762861729856263
2.5,44,271,0,0,-0.5935787235142587
2.5,44,272,0,0,-4.096299489956442
2.5,44,273,1,1,2.7574163415649418
2.5,44,274,1,1,3.875218543075306
2.5,44,275,0,0,-3.680898157679947
2.5,44,276,0,0,-6.9158129204578005
2.5,44,277,1,1,0.9857716881881706
2.5,44,278,0,0,-0.4772456980721376
2.5,44,279,0,0,-6.945472660176277
2.5,44,280,1,1,2.6131053591283413
2.5,44,281,0,0,-5.71465886759638
2.5,44,282,0,1,2.639169565197937
2.5,44,283,0,1,2.5733763805642456
2.5,44,284,1,0,-0.027574650108148774
2.5,44,285,0,0,-1.6889428767026013
2.5,44,286,0,1,2.5381064770592476
2.5,44,287,1,1,1.2561489890900346
2.5,44,288,1,0,-2.6695189726442865
2.5,44,289,0,0,-0.2612871756691908
2.5,44,290,0,1,0.6876875422401836
2.5,44,291,1,1,2.332600569900783
2.5,44,292,1,1,3.4825755656452606
2.5,44,293,1,1,2.8653974910873243
2.5,44,294,0,0,-3.4390015338320206
2.5,44,295,1,1,0.0020975398152225933
2.5,44,296,0,1,4.720252711570586
2.5,44,297,1,1,3.7135052596001517
2.5,44,298,1,1,2.157330123877153
2.5,44,299,1,1,0.8635711355915536
2.5,44,300,0,1,3.836758900343696
2.5,44,301,1,0,-0.4610461282894479
2.5,44,302,1,1,0.6458540169866126
2.5,44,303,0,1,1.2123283103854547
2.5,44,304,1,1,3.6946176344431514
2.5,44,305,0,1,1.4044378981641057
2.5,44,306,0,0,-1.0283638980808532
2.5,44,307,0,0,-2.2547925602710643
2.5,44,308,0,1,2.088244890561682
2.5,44,309,0,1,3.079632735146472
2.5,44,310,0,0,-2.408210583063064
2.5,44,311,0,0,-1.6212124180341758
2.5,44,312,0,0,-0.10030172735772136
2.5,44,313,0,0,-11.106978458193948
2.5,44,314,0,0,-3.1496886858981683
2.5,44,315,0,0,-1.4845318300300394
3.0,44,0,0,1,0.42606679412609905
3.0,44,1,1,0,-3.367262377962656
3.0,44,2,0,0,-1.2442659579086697
3.0,44,3,1,1,0.051987535925621775
3.0,44,4,0,0,-2.631937526229215
3.0,44,5,1,0,-5.625012229660006
3.0,44,6,0,0,-0.20945847685371677
3.0,44,7,1,0,-5.33422163204292
3.0,44,8,0,1,3.645297727710642
3.0,44,9,0,0,-4.075126089779285
3.0,44,10,1,0,-2.795517122861409
3.0,44,11,1,1,8.04209838533875
3.0,44,12,0,0,-1.3810066718468441
3.0,44,13,0,0,-5.8157503584070875
3.0,44,14,1,1,0.04342793877279583
3.0,44,15,1,0,-0.7220573702575971
3.0,44,16,1,0,-0.6463394228919965
3.0,44,17,0,0,-7.137246043044742
3.0,44,18,0,1,1.025323422653481
3.0,44,19,1,1,2.085067709218691
3.0,44,20,0,0,-0.675352284351845
3.0,44,21,0,0,-8.875267233539972
3.0,44,22,1,1,3.3673888268843672
3.0,44,23,0,0,-2.4341564010806875
3.0,44,24,1,0,-1.6238635462126838
3.0,44,25,0,0,-0.9562432569429754
3.0,44,26,0,0,-11.84206056506315
3.0,44,27,0,1,1.0906902691939968
3.0,44,28,0,0,-2.7158714890597246
3.0,44,29,0,1,3.4026567510203787
3.0,44,30,0,1,3.446059908344061
3.0,44,31,0,0,-8.184702393553128
3.0,44,32,1,1,1.8315905537066501
3.0,44,33,1,1,2.425533433183786
3.0,44,34,1,1,0.9872667507811473
3.0,44,35,1,1,2.130136715702318
3.0,44,36,1,1,2.142076533940898
3.0,44,37,1,0,-6.666123333892857
3.0,44,38,0,0,-0.05893727287442618
3.0,44,39,1,0,-1.9514676619319893
3.0,44,40,0,1,2.1946286423194015
3.0,44,41,1,0,-1.7662693441801325
3.0,44,42,0,0,-2.5881360512708476
3.0,44,43,0,0,-7.807747499372293
3.0,44,44,1,1,2.331592930453529
3.0,44,45,0,1,1.5179415820863957
3.0,44,46,1,0,-1.015148970679382
3.0,44,47,1,1,1.4820053324425457
3.0,44,48,0,0,-6.133825876558011
3.0,44,49,1,1,2.564631969175891
3.0,44,50,1,1,4.029621656222868
3.0,44,51,0,1,2.1053814010581617
3.0,44,52,0,1,1.2728520877622613
3.0,44,53,1,0,-0.7851313627478598
3.0,44,54,0,0,-5.334896764731481
3.0,44,55,0,0,-0.5062229849818702
3.0,44,56,1,1,0.9438723216216167
3.0,44,57,0,1,4.244433666730997
3.0,44,58,1,1,1.892566715306382
3.0,44,59,0,0,-2.96814077305949
3.0,44,60,1,0,-1.2521614374841956
3.0,44,61,0,1,5.593172999477648
3.0,44,62,0,1,0.9935343694779512
3.0,44,63,1,0,-1.2787473954539381
3.0,44,64,0,0,-2.9436227882802077
3.0,44,65,0,1,4.036082508583402
3.0,44,66,0,0,-0.9088527616823058
3.0,44,67,0,1,3.6761389701637155
3.0,44,68,0,0,-0.18059636346175267
3.0,44,69,1,1,1.788694492650309
3.0,44,70,0,0,-5.168133183808254
3.0,44,71,1,0,-4.810232177177349
3.0,44,72,0,1,2.257692350533523
3.0,44,73,0,1,0.6463530875569411
3.0,44,74,0,0,-1.5092806006028767
3.0,44,75,0,0,-2.580233267589945
3.0,44,76,0,0,-2.866002134432905
3.0,44,77,1,0,-1.2901028439695685
3.0,44,78,1,0,-1.680953065965253
3.0,44,79,1,0,-3.782026025482016
3.0,44,80,0,0,-1.00466703836848
3.0,44,81,1,1,0.8447028488736845
3.0,44,82,0,0,-0.5784988797949023
3.0,44,83,1,1,0.09047194558701221
3.0,44,84,1,0,-1.2286381101696526
3.0,44,85,1,1,2.3240586657582263
3.0,44,86,1,1,1.358890571603587
3.0,44,87,1,0,-0.3367240702648696
3.0,44,88,1,1,0.08976430418614467
3.0,44,89,1,1,0.5751824266699591
3.0,44,90,1,1,1.6484732161133764
3.0,44,91,1,1,1.7536403643425575
3.0,44,92,0,0,-1.6566697817536813
3.0,44,93,0,0,-3.107705161748282
3.0,44,94,0,0,-1.0131573082806546
3.0,44,95,0,0,-0.9807992272893863
3.0,44,96,1,0,-5.052400900924418
3.0,44,97,1,0,-3.3888434855175507
3.0,44,98,1,1,5.960803240542653
3.0,44,99,0,1,1.8625881094352885
3.0,44,100,1,1,2.7828814103976804
3.0,44,101,1,1,2.12195265446649
3.0,44,102,1,0,-0.3570288703567496
3.0,44,103,0,0,-4.2742508617152595
3.0,44,104,1,1,1.385447649201884
3.0,44,105,0,0,-1.54289431020818
3.0,44,106,1,1,1.857441715709578
3.0,44,107,1,1,0.9206288453539906
3.0,44,108,1,0,-1.6808191815234597
3.0,44,109,0,1,0.519984433760618
3.0,44,110,1,1,0.9087982321011837
3.0,44,111,0,0,-2.0072997128091385
3.0,44,112,1,0,-0.5885076024863245
3.0,44,113,0,0,-7.163124350743598
3.0,44,114,0,0,-2.698030905004402
3.0,44,115,0,1,0.03580439180952688
3.0,44,116,1,1,6.847649716744212
3.0,44,117,0,0,-9.192868601263475
3.0,44,118,0,1,1.9502548134067723
3.0,44,119,1,0,-2.862455657974911
3.0,44,120,1,1,1.293072384531349
3.0,44,121,1,1,1.3859737644578827
3.0,44,122,1,1,0.485690359378551
3.0,44,123,0,0,-0.6797663976714047
3.0,44,124,1,0,-2.7318419238310168
3.0,44,125,1,0,-0.0701619956806333
3.0,44,126,0,1,1.2117309502239046
3.0,44,127,0,1,1.3259561531835096
3.0,44,128,1,1,2.711213843193187
3.0,44,129,1,1,5.387051149082437
3.0,44,130,1,0,-1.6274217258682282
3.0,44,131,1,1,3.0545757197535637
3.0,44,132,1,1,3.2147649508563867
3.0,44,133,0,1,1.5988416572331707
3.0,44,134,0,1,1.0573344712953507
3.0,44,135,0,0,-7.62030312336635
3.0,44,136,0,0,-2.99134457279393
3.0,44,137,1,1,1.974214951280926
3.0,44,138,1,1,2.3306247897361927
3.0,44,139,0,0,-2.6087779616660067
3.0,44,140,1,1,0.6888911746576035
3.0,44,141,1,0,-0.3119183950461817
3.0,44,142,1,1,1.4043506572294207
3.0,44,143,1,1,4.788384699732424
3.0,44,144,1,0,-0.036634425709559104
3.0,44,145,1,1,2.529362178436879
3.0,44,146,1,1,2.486339294347413
3.0,44,147,0,1,2.1219394605128543
3.0,44,148,0,0,-3.3247159832074304
3.0,44,149,0,0,-4.019235486075266
3.0,44,150,1,1,1.9915635706611812
3.0,44,151,1,0,-1.388748523246898
3.0,44,152,0,0,-2.9965626728222157
3.0,44,153,0,0,-1.7054435137953718
3.0,44,154,1,1,0.4282413100492376
3.0,44,155,1,1,1.8726216077789215
3.0,44,156,0,0,-4.4290800240913555
3.0,44,157,0,0,-2.1650517893135275
3.0,44,158,0,0,-6.23870397602251
3.0,44,159,0,0,-1.2912470004922223
3.0,44,160,0,1,6.082881264335619
3.0,44,161,1,1,7.9051644741135405
3.0,44,162,1,0,-3.0586322597068705
3.0,44,163,1,1,0.9499171067775795
3.0,44,164,1,1,2.376078681244995
3.0,44,165,1,1,1.1455877338623424
3.0,44,166,1,0,-0.808226810015232
3.0,44,167,0,0,-2.3030780098206676
3.0,44,168,1,1,3.035117270677193
3.0,44,169,0,1,1.7761074482784989
3.0,44,170,1,1,2.4253720587483776
3.0,44,171,1,0,-0.22587286405871854
3.0,44,172,0,0,-0.45773027788894216
3.0,44,173,1,1,1.8960017327567267
3.0,44,174,0,0,-4.608494056853594
3.0,44,175,0,1,1.7037047537916739
3.0,44,176,1,1,3.8974849922833537
3.0,44,177,1,1,3.4911784342032077
3.0,44,178,1,1,0.17887073107409482
3.0,44,179,0,0,-3.289334281594168
3.0,44,180,0,0,-4.90222311001559
3.0,44,181,1,1,25.84713182592019
3.0,44,182,0,0,-2.5975674540357274
3.0,44,183,0,0,-0.6090982047909167
3.0,44,184,0,0,-3.5827596329630964
3.0,44,185,0,0,-2.0966568722455996
3.0,44,186,0,0,-0.34336533774583466
3.0,44,187,1,1,1.8981254057134618
3.0,44,188,1,1,5.3189323603211855
3.0,44,189,0,1,0.008132022249282334
3.0,44,190,0,1,9.471335225965719
3.0,44,191,0,1,1.6848802210686347
3.0,44,192,0,0,-2.428450637855965
3.0,44,193,1,0,-0.5675002444667968
3.0,44,194,0,0,-3.115061918221395
3.0,44,195,0,0,-4.376281953610734
3.0,44,196,0,1,0.44728363117636616
3.0,44,197,1,1,2.6799006293574643
3.0,44,198,0,0,-4.528315786702306
3.0,44,199,0,0,-3.059249606001595
3.0,44,200,1,0,-0.9626423382114702
3.0,44,201,0,0,-8.215937268486105
3.0,44,202,0,0,-1.890914594389359
3.0,44,203,0,0,-5.114778765468856
3.0,44,204,1,1,1.7483606631621416
3.0,44,205,1,0,-2.407167439273318
3.0,44,206,1,0,-4.017129695184908
3.0,44,207,0,1,1.5761216539441802
3.0,44,208,0,0,-0.4341737356119295
3.0,44,209,0,0,-0.5303230800507143
3.0,44,210,1,1,0.38764675954998606
3.0,44,211,1,0,-3.2487515128509346
3.0,44,212,1,1,1.603158387056474
3.0,44,213,0,1,0.14715629465976632
3.0,44,214,0,0,-10.1626659527414
3.0,44,215,0,0,-6.68134016711282
3.0,44,216,1,1,0.48599038409490547
3.0,44,217,0,0,-0.6273223974319514
3.0,44,218,1,0,-1.2787497657194682
3.0,44,219,1,0,-0.08621125503915916
3.0,44,220,1,1,3.654185011409955
3.0,44,221,1,1,0.2431502198174048
3.0,44,222,1,1,2.7660869869817897
3.0,44,223,1,1,3.5104545817863415
3.0,44,224,1,1,4.710946026542278
3.0,44,225,0,1,0.9837347546552115
3.0,44,226,1,1,0.9117902525125028
3.0,44,227,0,1,0.8326313441565881
3.0,44,228,0,0,-6.146942802227706
3.0,44,229,0,0,-0.49582018871117106
3.0,44,230,1,1,1.3373577102656458
3.0,44,231,0,1,4.7601387438897484
3.0,44,232,1,1,1.4676646525065007
3.0,44,233,1,1,1.287313954735184
3.0,44,234,1,1,2.040065214685861
3.0,44,235,0,0,-7.546221052770503
3.0,44,236,1,1,3.4039969153062035
3.0,44,237,1,1,3.9993206315788132
3.0,44,238,0,1,2.0233875122400447
3.0,44,239,0,0,-2.543524128250039
3.0,44,240,0,1,4.487531479341805
3.0,44,241,1,0,-2.675395473362774
3.0,44,242,1,0,-1.0184900437682267
3.0,44,243,0,1,3.316529197236198
3.0,44,244,1,1,1.9386479942005228
3.0,44,245,1,1,7.664267383461712
3.0,44,246,0,0,-0.40712594182544104
3.0,44,247,1,1,1.3642027566587513
3.0,44,248,1,1,1.0998318206845845
3.0,44,249,1,1,1.3521904172156844
3.0,44,250,1,1,0.3710788153440395
3.0,44,251,1,1,4.923300350837234
3.0,44,252,0,0,-2.256963833886906
3.0,44,253,1,0,-1.4317157967560292
3.0,44,254,0,0,-4.342512466756589
3.0,44,255,1,1,2.765946340798987
3.0,44,256,0,1,2.3599517669631753
3.0,44,257,0,1,3.6148751585715813
3.0,44,258,0,1,1.3966005679399482
3.0,44,259,0,0,-0.042123714341328
3.0,44,260,0,0,-5.125068988645559
3.0,44,261,0,1,3.8931708921234445
3.0,44,262,1,1,2.635959223313732
3.0,44,263,1,1,2.615263510321994
3.0,44,264,1,0,-0.5565467044810759
3.0,44,265,0,1,1.6407623727792435
3.0,44,266,1,1,4.788555449694929
3.0,44,267,1,1,0.37058566036468343
3.0,44,268,1,1,2.126639991311048
3.0,44,269,0,1,1.4893557666934352
3.0,44,270,1,0,-4.309913370054792
3.0,44,271,0,0,-0.7730554807491189
3.0,44,272,0,0,-4.281195702308664
3.0,44,273,1,1,2.905190017778789
3.0,44,274,1,1,4.116709426896478
3.0,44,275,0,0,-3.9715572649545168
3.0,44,276,0,0,-7.601694612708957
3.0,44,277,1,1,0.8991524736304527
3.0,44,278,0,0,-0.4315314739352645
3.0,44,279,0,0,-7.400964547067315
3.0,44,280,1,1,2.549734129216232
3.0,44,281,0,0,-5.847493211916183
3.0,44,282,0,1,2.907700960738681
3.0,44,283,0,1,2.6968764930904428
3.0,44,284,1,0,-0.038734568623496196
3.0,44,285,0,0,-1.8189343502650273
3.0,44,286,0,1,2.7337635300407728
3.0,44,287,1,1,1.383859755517784
3.0,44,288,1,0,-2.840001298912198
3.0,44,289,0,0,-0.2846418805792891
3.0,44,290,0,1,0.8603864039218168
3.0,44,291,1,1,2.4606562928421236
3.0,44,292,1,1,3.7462890594577907
3.0,44,293,1,1,3.045047799747676
3.0,44,294,0,0,-3.572198933056527
3.0,44,295,1,1,0.10766675657492153
3.0,44,296,0,1,4.960539116981365
3.0,44,297,1,1,3.895004327841411
3.0,44,298,1,1,2.313757564511331
3.0,44,299,1,1,0.6478132770169444
3.0,44,300,0,1,3.9773644545526787
3.0,44,301,1,0,-0.4924171039706955
3.0,44,302,1,1,0.760388115913311
3.0,44,303,0,1,1.1473923388349738
3.0,44,304,1,1,3.8275212393210563
3.0,44,305,0,1,1.4930928591174384
3.0,44,306,0,0,-1.02224985786853
3.0,44,307,0,0,-2.317528462597321
3.0,44,308,0,1,2.3966394941417133
3.0,44,309,0,1,3.5749883322610354
3.0,44,310,0,0,-2.279122911076414
3.0,44,311,0,0,-1.7007333914263751
3.0,44,312,0,0,-0.21688788583892593
3.0,44,313,0,0,-11.777762579488552
3.0,44,314,0,0,-3.4096422060615312
3.0,44,315,0,0,-1.777007369721963
4.0,44,0,0,1,0.3182913619995016
4.0,44,1,1,0,-2.9257803982408737
4.0,44,2,0,0,-1.315400233965809
4.0,44,3,1,0,-0.03656237967224585
4.0,44,4,0,0,-2.8631572475516487
4.0,44,5,1,0,-6.289024327126468
4.0,44,6,0,0,-0.23973623531093602
4.0,44,7,1,0,-5.889870289546027
4.0,44,8,0,1,4.2428006513048855
4.0,44,9,0,0,-4.405643392168901
4.0,44,10,1,0,-2.5756868942243587
4.0,44,11,1,1,9.260445782495205
4.0,44,12,0,0,-1.5729482448587209
4.0,44,13,0,0,-6.4673618524989145
4.0,44,14,1,1,0.15822461274985092
4.0,44,15,1,0,-0.9327947573775114
4.0,44,16,1,0,-0.7076794795708782
4.0,44,17,0,0,-7.983020889242301
4.0,44,18,0,1,1.3459045011980988
4.0,44,19,1,1,2.1293305259384914
4.0,44,20,0,0,-0.9227369358146108
4.0,44,21,0,0,-9.56322355423653
4.0,44,22,1,1,3.8616087215739663
4.0,44,23,0,0,-2.6154341976145004
4.0,44,24,1,0,-1.838854808599399
4.0,44,25,0,0,-1.1065828628168612
4.0,44,26,0,0,-12.43847579915578
4.0,44,27,0,1,1.2703313600157418
4.0,44,28,0,0,-2.7528847843471915
4.0,44,29,0,1,3.5586394092844533
4.0,44,30,0,1,3.717459112028547
4.0,44,31,0,0,-8.814436091426186
4.0,44,32,1,1,2.0364644217878003
4.0,44,33,1,1,2.8525596216889717
4.0,44,34,1,1,1.130559450165502
4.0,44,35,1,1,2.466055400670749
4.0,44,36,1,1,2.407812918887628
4.0,44,37,1,0,-7.450439401338824
4.0,44,38,0,0,-0.1274428836916995
4.0,44,39,1,0,-2.2506257077850442
4.0,44,40,0,1,2.4235299970385005
4.0,44,41,1,0,-1.997646514122409
4.0,44,42,0,0,-2.7500244617607983
4.0,44,43,0,0,-8.960912021183338
4.0,44,44,1,1,2.763628517375171
4.0,44,45,0,1,1.6536290546970447
4.0,44,46,1,0,-1.2042153733032281
4.0,44,47,1,1,1.7671218624363072
4.0,44,48,0,0,-6.673750788351634
4.0,44,49,1,1,2.904219512993189
4.0,44,50,1,1,4.415200707752314
4.0,44,51,0,1,2.317407180453541
4.0,44,52,0,1,1.583346618684961
4.0,44,53,1,0,-1.0730305740268649
4.0,44,54,0,0,-5.857499674515133
4.0,44,55,0,0,-0.5279718989949849
4.0,44,56,1,1,1.0725585518188792
4.0,44,57,0,1,4.677090072241228
4.0,44,58,1,1,2.1976449964804328
4.0,44,59,0,0,-3.363769974084068
4.0,44,60,1,0,-1.1006493299851492
4.0,44,61,0,1,6.063986942805075
4.0,44,62,0,1,1.36024894780906
4.0,44,63,1,0,-1.318291769057387
4.0,44,64,0,0,-3.276606825273906
4.0,44,65,0,1,4.366541290906808
4.0,44,66,0,0,-1.0503526001853327
4.0,44,67,0,1,4.245507459078341
4.0,44,68,0,0,-0.16339145312893083
4.0,44,69,1,1,1.8491685160180376
4.0,44,70,0,0,-5.947946769347923
4.0,44,71,1,0,-5.386518889206743
4.0,44,72,0,1,2.607735523247281
4.0,44,73,0,1,0.7335608423025877
4.0,44,74,0,0,-1.6157916737839186
4.0,44,75,0,0,-2.8016940496293454
4.0,44,76,0,0,-3.2819714000233517
4.0,44,77,1,0,-1.5580083328196987
4.0,44,78,1,0,-2.056537450272855
4.0,44,79,1,0,-4.057219888997091
4.0,44,80,0,0,-1.2790606921288938
4.0,44,81,1,1,1.0238832728219387
4.0,44,82,0,0,-0.443330750217384
4.0,44,83,1,0,-0.027806354916562886
4.0,44,84,1,0,-1.5265070041295477
4.0,44,85,1,1,2.5105960021481692
4.0,44,86,1,1,1.5233805114846493
4.0,44,87,1,0,-0.18996491938390903
4.0,44,88,1,1,0.048312353609890085
4.0,44,89,1,1,0.6696960924926766
4.0,44,90,1,1,1.6733083404120903
4.0,44,91,1,1,1.994010633526929
4.0,44,92,0,0,-1.850997165787016
4.0,44,93,0,0,-3.3588797091566827
4.0,44,94,0,0,-1.0201619383950218
4.0,44,95,0,0,-0.9830622894678457
4.0,44,96,1,0,-5.906287003664051
4.0,44,97,1,0,-3.7083235668534984
4.0,44,98,1,1,6.905688165854974
4.0,44,99,0,1,2.2456086200126686
4.0,44,100,1,1,3.4162023057935187
4.0,44,101,1,1,2.237971407761621
4.0,44,102,1,0,-0.31520270988896126
4.0,44,103,0,0,-4.546358855192354
4.0,44,104,1,1,1.418010880161761
4.0,44,105,0,0,-1.7350847712108035
4.0,44,106,1,1,2.00735803958253
4.0,44,107,1,1,0.9507949365622828
4.0,44,108,1,0,-1.8184261466439289
4.0,44,109,0,1,0.7484230173674148
4.0,44,110,1,1,0.97207316601495
4.0,44,111,0,0,-2.2040559345251447
4.0,44,112,1,0,-0.8057400082847413
4.0,44,113,0,0,-8.206488662198057
4.0,44,114,0,0,-2.799603097084306
4.0,44,115,0,1,0.08794438089238299
4.0,44,116,1,1,7.792540629520692
4.0,44,117,0,0,-9.895680871243933
4.0,44,118,0,1,2.17899858847323
4.0,44,119,1,0,-3.648288455050622
4.0,44,120,1,1,1.2433969404822829
4.0,44,121,1,1,1.316539790042295
4.0,44,122,1,1,0.6050721854696073
4.0,44,123,0,0,-0.8378438737990583
4.0,44,124,1,0,-3.027894365112272
4.0,44,125,1,1,0.04381327441561855
4.0,44,126,0,1,1.3809088647907064
4.0,44,127,0,1,1.4160515092906552
4.0,44,128,1,1,3.013489995865225
4.0,44,129,1,1,6.381176164820846
4.0,44,130,1,0,-1.8290116523262234
4.0,44,131,1,1,3.2087971576183776
4.0,44,132,1,1,3.5188482034786053
4.0,44,133,0,1,2.007666378327799
4.0,44,134,0,1,1.253116414111257
4.0,44,135,0,0,-8.300032895325295
4.0,44,136,0,0,-3.056057116518309
4.0,44,137,1,1,2.1374296297212423
4.0,44,138,1,1,2.662390418057835
4.0,44,139,0,0,-2.7339034796074646
4.0,44,140,1,1,0.7790951218153161
4.0,44,141,1,0,-0.42760157357916306
4.0,44,142,1,1,1.2994476016159124
4.0,44,143,1,1,5.038119535435323
4.0,44,144,1,0,-0.19684366151118793
4.0,44,145,1,1,2.948057463312379
4.0,44,146,1,1,2.8080298701368793
4.0,44,147,0,1,2.38458117994346
4.0,44,148,0,0,-3.7460144798660364
4.0,44,149,0,0,-4.299929349517846
4.0,44,150,1,1,2.556030364455098
4.0,44,151,1,0,-1.5728824655022628
4.0,44,152,0,0,-3.248601877640705
4.0,44,153,0,0,-2.1164749881977265
4.0,44,154,1,1,0.5407954299978355
4.0,44,155,1,1,2.2737045879952382
4.0,44,156,0,0,-5.0069974369118855
4.0,44,157,0,0,-2.482300130479592
4.0,44,158,0,0,-6.905755833379072
4.0,44,159,0,0,-1.311013238371588
4.0,44,160,0,1,6.6224828185627675
4.0,44,161,1,1,8.836031979879504
4.0,44,162,1,0,-3.2276610528375027
4.0,44,163,1,1,0.7686595861491103
4.0,44,164,1,1,2.5579234139866998
4.0,44,165,1,1,1.2182290705371088
4.0,44,166,1,0,-0.8906749016619886
4.0,44,167,0,0,-2.4066939157216174
4.0,44,168,1,1,3.547880452335349
4.0,44,169,0,1,1.9811765720762995
4.0,44,170,1,1,2.7979211822612564
4.0,44,171,1,0,-0.0932944974672163
4.0,44,172,0,0,-0.4095634533489958
4.0,44,173,1,1,2.0259211072988905
4.0,44,174,0,0,-4.78742680613917
4.0,44,175,0,1,2.0768045305595657
4.0,44,176,1,1,4.132776533061072
4.0,44,177,1,1,4.199700923944788
4.0,44,178,1,0,-0.10200005675472934
4.0,44,179,0,0,-3.659140806961771
4.0,44,180,0,0,-5.368761738998064
4.0,44,181,1,1,29.45355193537674
4.0,44,182,0,0,-2.75916261591965
4.0,44,183,0,0,-0.407894415632006
4.0,44,184,0,0,-4.311800522567932
4.0,44,185,0,0,-2.3005925411148977
4.0,44,186,0,0,-0.36342894866888353
4.0,44,187,1,1,2.0819939117729858
4.0,44,188,1,1,5.646734208714755
4.0,44,189,0,0,-0.050010343542100655
4.0,44,190,0,1,11.224460727533375
4.0,44,191,0,1,1.6893104011850728
4.0,44,192,0,0,-2.687376236098654
4.0,44,193,1,0,-0.6113273442956155
4.0,44,194,0,0,-3.4193836645620346
4.0,44,195,0,0,-4.959560211126985
4.0,44,196,0,1,0.4303070041137095
4.0,44,197,1,1,3.0693828741174967
4.0,44,198,0,0,-4.974935860637855
4.0,44,199,0,0,-3.6042838066215257
4.0,44,200,1,0,-0.8644210767615237
4.0,44,201,0,0,-8.95215743948124
4.0,44,202,0,0,-2.2688791528039483
4.0,44,203,0,0,-5.869163294534555
4.0,44,204,1,1,1.9496795664685236
4.0,44,205,1,0,-2.6476473285969426
4.0,44,206,1,0,-4.50563653784665
4.0,44,207,0,1,1.615046891120001
4.0,44,208,0,0,-0.2198491810204743
4.0,44,209,0,0,-0.6038803155709315
4.0,44,210,1,1,0.5987320606719109
4.0,44,211,1,0,-3.5427180497269313
4.0,44,212,1,1,1.6654068614000377
4.0,44,213,0,1,0.5209364745285112
4.0,44,214,0,0,-11.207033082206467
4.0,44,215,0,0,-7.437028855570755
4.0,44,216,1,1,0.6875386861781705
4.0,44,217,0,0,-0.5596013123898033
4.0,44,218,1,0,-1.9657389505643048
4.0,44,219,1,0,-0.1343287453021563
4.0,44,220,1,1,4.534640672865828
4.0,44,221,1,1,0.29039956883026785
4.0,44,222,1,1,3.024488919733583
4.0,44,223,1,1,3.824432403134585
4.0,44,224,1,1,5.12102781069567
4.0,44,225,0,1,1.0742133651382504
4.0,44,226,1,1,0.7499456743364934
4.0,44,227,0,1,1.0467869671613965
4.0,44,228,0,0,-6.733087103803397
4.0,44,229,0,0,-0.6569113072606604
4.0,44,230,1,1,1.7802767761794127
4.0,44,231,0,1,5.227086082115777
4.0,44,232,1,1,1.5914619167427446
4.0,44,233,1,1,1.5679112850930819
4.0,44,234,1,1,2.1342126951354805
4.0,44,235,0,0,-8.232184752154962
4.0,44,236,1,1,3.880156027866409
4.0,44,237,1,1,4.4147652427501765
4.0,44,238,0,1,2.1642386918085075
4.0,44,239,0,0,-2.919864151450116
4.0,44,240,0,1,4.811531882491492
4.0,44,241,1,0,-2.8631158952468123
4.0,44,242,1,0,-0.9831761681643234
4.0,44,243,0,1,3.705907578938822
4.0,44,244,1,1,1.981859256365362
4.0,44,245,1,1,8.14321906529543
4.0,44,246,0,0,-0.5440621987176409
4.0,44,247,1,1,1.6106924032785037
4.0,44,248,1,1,1.4025310400238633
4.0,44,249,1,1,1.4128384540041623
4.0,44,250,1,1,0.2855419611393585
4.0,44,251,1,1,5.228869359800182
4.0,44,252,0,0,-2.3496866319717187
4.0,44,253,1,0,-1.7045307102711407
4.0,44,254,0,0,-4.66435579289678
4.0,44,255,1,1,3.1978571686320905
4.0,44,256,0,1,2.526837024219864
4.0,44,257,0,1,3.9802087392544863
4.0,44,258,0,1,1.5663993602604442
4.0,44,259,0,1,0.016253359199559114
4.0,44,260,0,0,-5.3445570600155206
4.0,44,261,0,1,4.130538026093134
4.0,44,262,1,1,2.9807891296903577
4.0,44,263,1,1,2.7712241150942365
4.0,44,264,1,0,-0.3358401518918209
4.0,44,265,0,1,1.5487285106275492
4.0,44,266,1,1,5.150750683077062
4.0,44,267,1,1,0.8591000631733648
4.0,44,268,1,1,2.2600283748052856
4.0,44,269,0,1,1.6724531747887939
4.0,44,270,1,0,-4.872141498371201
4.0,44,271,0,0,-1.1034317646786305
4.0,44,272,0,0,-4.595165632994517
4.0,44,273,1,1,3.1932855748200923
4.0,44,274,1,1,4.563262410991847
4.0,44,275,0,0,-4.4519540173232555
4.0,44,276,0,0,-8.78591940336096
4.0,44,277,1,1,0.7515445945875732
4.0,44,278,0,0,-0.3027884359735042
4.0,44,279,0,0,-8.1528543375265
4.0,44,280,1,1,2.4086136571552466
4.0,44,281,0,0,-6.064429016008127
4.0,44,282,0,1,3.3702017179653527
4.0,44,283,0,1,2.8683632165554265
4.0,44,284,1,0,-0.05224886458358535
4.0,44,285,0,0,-2.0420540966504044
4.0,44,286,0,1,3.066407399413288
4.0,44,287,1,1,1.6210426021430198
4.0,44,288,1,0,-3.1278479890487283
4.0,44,289,0,0,-0.31467629830405675
4.0,44,290,0,1,1.164321405698221
4.0,44,291,1,1,2.7004786817722026
4.0,44,292,1,1,4.183922210813815
4.0,44,293,1,1,3.3513835951437754
4.0,44,294,0,0,-3.7929665477576133
4.0,44,295,1,1,0.3088172081999956
4.0,44,296,0,1,5.349761183345784
4.0,44,297,1,1,4.169775922441646
4.0,44,298,1,1,2.5978023583748016
4.0,44,299,1,1,0.26891415985256883
4.0,44,300,0,1,4.192866884034167
4.0,44,301,1,0,-0.5486282349916985
4.0,44,302,1,1,0.9638382855558688
4.0,44,303,0,1,1.0044902884524711
4.0,44,304,1,1,4.041293886732575
4.0,44,305,0,1,1.629836824709274
4.0,44,306,0,0,-1.0070778963981206
4.0,44,307,0,0,-2.425088651960503
4.0,44,308,0,1,2.917913992357367
4.0,44,309,0,1,4.458629197744083
4.0,44,310,0,0,-2.0910011665800248
4.0,44,311,0,0,-1.8364151263547903
4.0,44,312,0,0,-0.44708596938212297
4.0,44,313,0,0,-12.914736187074006
4.0,44,314,0,0,-3.8737336510445552
4.0,44,315,0,0,-2.297516406141092
5.0,44,0,0,1,0.19525413573785622
5.0,44,1,1,0,-2.5220957368013655
5.0,44,2,0,0,-1.365712761138286
5.0,44,3,1,0,-0.1172008952724507
5.0,44,4,0,0,-3.020493345284603
5.0,44,5,1,0,-6.866311631999485
5.0,44,6,0,0,-0.27194544644902596
5.0,44,7,1,0,-6.377637388135964
5.0,44,8,0,1,4.798317529946926
5.0,44,9,0,0,-4.687192698940474
5.0,44,10,1,0,-2.3743354487666797
5.0,44,11,1,1,10.3205544126367
5.0,44,12,0,0,-1.7186792662877246
5.0,44,13,0,0,-7.0352240349211215
5.0,44,14,1,1,0.2595004302931891
5.0,44,15,1,0,-1.1095616873217573
5.0,44,16,1,0,-0.7656899933536159
5.0,44,17,0,0,-8.67722621503314
5.0,44,18,0,1,1.6507165737243055
5.0,44,19,1,1,2.1644007348060583
5.0,44,20,0,0,-1.1431449053747624
5.0,44,21,0,0,-10.134793524419416
5.0,44,22,1,1,4.272258606357844
5.0,44,23,0,0,-2.746981917244928
5.0,44,24,1,0,-2.0133886911678784
5.0,44,25,0,0,-1.2368437245017767
5.0,44,26,0,0,-12.857490155280361
5.0,44,27,0,1,1.4411907650149423
5.0,44,28,0,0,-2.763447731558559
5.0,44,29,0,1,3.7109166685776214
5.0,44,30,0,1,3.9648352182655255
5.0,44,31,0,0,-9.327329491903884
5.0,44,32,1,1,2.224282269195271
5.0,44,33,1,1,3.2048129542601664
5.0,44,34,1,1,1.252805847269774
5.0,44,35,1,1,2.748883044144081
5.0,44,36,1,1,2.636019737532044
5.0,44,37,1,0,-8.117591589808178
5.0,44,38,0,0,-0.19316022247245318
5.0,44,39,1,0,-2.505185023101572
5.0,44,40,0,1,2.6342373998943227
5.0,44,41,1,0,-2.2177485019747816
5.0,44,42,0,0,-2.8907469627962445
5.0,44,43,0,0,-10.005623984039094
5.0,44,44,1,1,3.16134005772352
5.0,44,45,0,1,1.758324224386001
5.0,44,46,1,0,-1.3626670972049966
5.0,44,47,1,1,2.0236492689293266
5.0,44,48,0,0,-7.110369185310583
5.0,44,49,1,1,3.18104265349265
5.0,44,50,1,1,4.734509201756075
5.0,44,51,0,1,2.5052831473084125
5.0,44,52,0,1,1.8564635912919756
5.0,44,53,1,0,-1.341750287419312
5.0,44,54,0,0,-6.271904201967274
5.0,44,55,0,0,-0.5355216011173447
5.0,44,56,1,1,1.1705983375193314
5.0,44,57,0,1,5.031309940085313
5.0,44,58,1,1,2.479106935978787
5.0,44,59,0,0,-3.6856342740038612
5.0,44,60,1,0,-0.9419835007367711
5.0,44,61,0,1,6.460417483923048
5.0,44,62,0,1,1.6806614654574001
5.0,44,63,1,0,-1.3234831872074857
5.0,44,64,0,0,-3.5558738809901675
5.0,44,65,0,1,4.639321454533119
5.0,44,66,0,0,-1.1630677294437248
5.0,44,67,0,1,4.743562738114472
5.0,44,68,0,0,-0.15241603539025217
5.0,44,69,1,1,1.8623389642212727
5.0,44,70,0,0,-6.6252843605347955
5.0,44,71,1,0,-5.8878257695330625
5.0,44,72,0,1,2.919464209338734
5.0,44,73,0,1,0.8216017611004592
5.0,44,74,0,0,-1.7148506505560845
5.0,44,75,0,0,-2.9782384440180754
5.0,44,76,0,0,-3.6232068796827237
5.0,44,77,1,0,-1.7905192100730822
5.0,44,78,1,0,-2.3645051729919535
5.0,44,79,1,0,-4.271131127886738
5.0,44,80,0,0,-1.5086342242611148
5.0,44,81,1,1,1.1578182312373995
5.0,44,82,0,0,-0.3300062119540649
5.0,44,83,1,0,-0.1303730489855615
5.0,44,84,1,0,-1.7903184884522596
5.0,44,85,1,1,2.6649596395483894
5.0,44,86,1,1,1.6764750258324066
5.0,44,87,1,0,-0.03749379033713296
5.0,44,88,1,1,0.002687332285699673
5.0,44,89,1,1,0.7661368781003018
5.0,44,90,1,1,1.7041664868055109
5.0,44,91,1,1,2.2128307622341485
5.0,44,92,0,0,-2.0131700665576058
5.0,44,93,0,0,-3.5712245916935115
5.0,44,94,0,0,-1.0066193210852865
5.0,44,95,0,0,-0.9750173834763814
5.0,44,96,1,0,-6.642663514963007
5.0,44,97,1,0,-3.965605692363216
5.0,44,98,1,1,7.713636831825129
5.0,44,99,0,1,2.5666247246225264
5.0,44,100,1,1,3.9813985741333338
5.0,44,101,1,1,2.330287289014991
5.0,44,102,1,0,-0.274314757587954
5.0,44,103,0,0,-4.8148420860528836
5.0,44,104,1,1,1.4224031867417073
5.0,44,105,0,0,-1.90569077345446
5.0,44,106,1,1,2.123262378666798
5.0,44,107,1,1,0.9756290311263907
5.0,44,108,1,0,-1.9124027908709005
5.0,44,109,0,1,0.9443101371612955
5.0,44,110,1,1,1.0286190857543178
5.0,44,111,0,0,-2.370127952750035
5.0,44,112,1,0,-0.9797594416524527
5.0,44,113,0,0,-9.090882967563507
5.0,44,114,0,0,-2.882618899032524
5.0,44,115,0,1,0.14706762739597645
5.0,44,116,1,1,8.587236695300303
5.0,44,117,0,0,-10.495830556471173
5.0,44,118,0,1,2.381487924687916
5.0,44,119,1,0,-4.241842185250018
5.0,44,120,1,1,1.2057285761496919
5.0,44,121,1,1,1.2490417061103674
5.0,44,122,1,1,0.7185364819741912
5.0,44,123,0,0,-0.9699646585500202
5.0,44,124,1,0,-3.275102477222319
5.0,44,125,1,1,0.15421903403883308
5.0,44,126,0,1,1.5437592399165811
5.0,44,127,0,1,1.5281453527845605
5.0,44,128,1,1,3.2705464682684573
5.0,44,129,1,1,7.257074942956723
5.0,44,130,1,0,-1.9991161095362666
5.0,44,131,1,1,3.3277787165582704
5.0,44,132,1,1,3.7629966756269355
5.0,44,133,0,1,2.3471895429423366
5.0,44,134,0,1,1.426836450857567
5.0,44,135,0,0,-8.822975932390845
5.0,44,136,0,0,-3.076484942642114
5.0,44,137,1,1,2.2531791844343783
5.0,44,138,1,1,2.9407246120109187
5.0,44,139,0,0,-2.843355262802251
5.0,44,140,1,1,0.8643409480552592
5.0,44,141,1,0,-0.5547767315004444
5.0,44,142,1,1,1.1973313599593236
5.0,44,143,1,1,5.241226703456051
5.0,44,144,1,0,-0.3406355166433873
5.0,44,145,1,1,3.3231410605704625
5.0,44,146,1,1,3.1090318065087197
5.0,44,147,0,1,2.600340873650243
5.0,44,148,0,0,-4.119126055436536
5.0,44,149,0,0,-4.529047054952311
5.0,44,150,1,1,3.062854204354083
5.0,44,151,1,0,-1.734803406142178
5.0,44,152,0,0,-3.467815221181854
5.0,44,153,0,0,-2.465927059746228
5.0,44,154,1,1,0.6324598067152823
5.0,44,155,1,1,2.635416657569994
5.0,44,156,0,0,-5.513029503957141
5.0,44,157,0,0,-2.7441488727227044
5.0,44,158,0,0,-7.462446941155095
5.0,44,159,0,0,-1.3240462523893597
5.0,44,160,0,1,7.049797604699697
5.0,44,161,1,1,9.614048674615974
5.0,44,162,1,0,-3.364375933843543
5.0,44,163,1,1,0.5542916285115901
5.0,44,164,1,1,2.7225023694723354
5.0,44,165,1,1,1.278808863005061
5.0,44,166,1,0,-0.9631149004306229
5.0,44,167,0,0,-2.5118207359900007
5.0,44,168,1,1,3.990339370862378
5.0,44,169,0,1,2.157045840151368
5.0,44,170,1,1,3.1391965264261246
5.0,44,171,1,1,0.05937994697736737
5.0,44,172,0,0,-0.37646787070968857
5.0,44,173,1,1,2.1172533578851533
5.0,44,174,0,0,-4.954724749529433
5.0,44,175,0,1,2.3795267114691754
5.0,44,176,1,1,4.316959051929049
5.0,44,177,1,1,4.817270782122846
5.0,44,178,1,0,-0.33810417810176074
5.0,44,179,0,0,-3.9792543104892477
5.0,44,180,0,0,-5.7560154632434815
5.0,44,181,1,1,32.45436744299077
5.0,44,182,0,0,-2.8831262492898775
5.0,44,183,0,0,-0.24325085185560744
5.0,44,184,0,0,-4.952035809238973
5.0,44,185,0,0,-2.450087715807608
5.0,44,186,0,0,-0.38108531314392147
5.0,44,187,1,1,2.2252866013348926
5.0,44,188,1,1,5.922712906151051
5.0,44,189,0,0,-0.10230785458163305
5.0,44,190,0,1,12.735001413116423
5.0,44,191,0,1,1.7020003819250529
5.0,44,192,0,0,-2.896409342491772
5.0,44,193,1,0,-0.6563485389320648
5.0,44,194,0,0,-3.684570502034472
5.0,44,195,0,0,-5.423578353890305
5.0,44,196,0,1,0.41000682733314203
5.0,44,197,1,1,3.413464437090666
5.0,44,198,0,0,-5.376511043046366
5.0,44,199,0,0,-4.09884777166682
5.0,44,200,1,0,-0.7878903793617449
5.0,44,201,0,0,-9.574892909123577
5.0,44,202,0,0,-2.596293152687519
5.0,44,203,0,0,-6.5361749136354
5.0,44,204,1,1,2.1181660603428183
5.0,44,205,1,0,-2.848528666121261
5.0,44,206,1,0,-4.9382618747398475
5.0,44,207,0,1,1.6616159208552372
5.0,44,208,0,1,0.002248719173493674
5.0,44,209,0,0,-0.6695280814053438
5.0,44,210,1,1,0.8165932479875807
5.0,44,211,1,0,-3.8044167286403576
5.0,44,212,1,1,1.7109120423928372
5.0,44,213,0,1,0.8702707088288107
5.0,44,214,0,0,-12.121023930911853
5.0,44,215,0,0,-8.065624485079391
5.0,44,216,1,1,0.8560674080390861
5.0,44,217,0,0,-0.5020725854685056
5.0,44,218,1,0,-2.5078607522123733
5.0,44,219,1,0,-0.20274983025244403
5.0,44,220,1,1,5.254401493843214
5.0,44,221,1,1,0.3505293842255327
5.0,44,222,1,1,3.245293923511211
5.0,44,223,1,1,4.08928816092769
5.0,44,224,1,1,5.446802714148816
5.0,44,225,0,1,1.1402879945549151
5.0,44,226,1,1,0.6252108213802916
5.0,44,227,0,1,1.2495738322607401
5.0,44,228,0,0,-7.234418149330414
5.0,44,229,0,0,-0.7968019513898723
5.0,44,230,1,1,2.154930061716877
5.0,44,231,0,1,5.6094944124922925
5.0,44,232,1,1,1.693790437336243
5.0,44,233,1,1,1.8048269789328992
5.0,44,234,1,1,2.212378224060663
5.0,44,235,0,0,-8.78380096996426
5.0,44,236,1,1,4.305780711984179
5.0,44,237,1,1,4.788205503783091
5.0,44,238,0,1,2.2832839709536894
5.0,44,239,0,0,-3.218898626648037
5.0,44,240,0,1,5.081698302019955
5.0,44,241,1,0,-3.0027589154792813
5.0,44,242,1,0,-0.9530038886990398
5.0,44,243,0,1,4.036146588855127
5.0,44,244,1,1,2.0066242406306505
5.0,44,245,1,1,8.521243958332624
5.0,44,246,0,0,-0.6419062383614621
5.0,44,247,1,1,1.843287288220437
5.0,44,248,1,1,1.6940302698406353
5.0,44,249,1,1,1.4704464082349147
5.0,44,250,1,1,0.20071046306471899
5.0,44,251,1,1,5.494518167767098
5.0,44,252,0,0,-2.3872728493966813
5.0,44,253,1,0,-1.936965692017311
5.0,44,254,0,0,-4.9384034351855925
5.0,44,255,1,1,3.585580409296613
5.0,44,256,0,1,2.6780900534325416
5.0,44,257,0,1,4.274282562725963
5.0,44,258,0,1,1.700721718193688
5.0,44,259,0,1,0.06380046009603535
5.0,44,260,0,0,-5.547025996503732
5.0,44,261,0,1,4.3593226167069385
5.0,44,262,1,1,3.2822468934587703
5.0,44,263,1,1,2.904768301409089
5.0,44,264,1,0,-0.1466022352081136
5.0,44,265,0,1,1.4378632680538093
5.0,44,266,1,1,5.456701038146741
5.0,44,267,1,1,1.230901619260657
5.0,44,268,1,1,2.375428267160574
5.0,44,269,0,1,1.812498439277498
5.0,44,270,1,0,-5.342424005082108
5.0,44,271,0,0,-1.4043098923358452
5.0,44,272,0,0,-4.8612172060374395
5.0,44,273,1,1,3.4757786069875416
5.0,44,274,1,1,4.966747862972156
5.0,44,275,0,0,-4.846080800332285
5.0,44,276,0,0,-9.792958037295856
5.0,44,277,1,1,0.6336053434974686
5.0,44,278,0,0,-0.14195374743721723
5.0,44,279,0,0,-8.768053688662262
5.0,44,280,1,1,2.2681045414679044
5.0,44,281,0,0,-6.2424392930909045
5.0,44,282,0,1,3.7661265079894517
5.0,44,283,0,1,2.9772892584792787
5.0,44,284,1,0,-0.06538382528848871
5.0,44,285,0,0,-2.2310358412947227
5.0,44,286,0,1,3.348184276967969
5.0,44,287,1,1,1.8332977239448
5.0,44,288,1,0,-3.3678140537765726
5.0,44,289,0,0,-0.33029907007427706
5.0,44,290,0,1,1.4250934796542418
5.0,44,291,1,1,2.931199066260658
5.0,44,292,1,1,4.5431622007124925
5.0,44,293,1,1,3.611686634372986
5.0,44,294,0,0,-3.9748022336696542
5.0,44,295,1,1,0.4982772822390725
5.0,44,296,0,1,5.658091913111078
5.0,44,297,1,1,4.370802129041539
5.0,44,298,1,1,2.859069398690065
5.0,44,299,1,0,-0.06460360316647173
5.0,44,300,0,1,4.349959801000513
5.0,44,301,1,0,-0.600323153561644
5.0,44,302,1,1,1.1400219503980913
5.0,44,303,0,1,0.8590126593671898
5.0,44,304,1,1,4.210266008840349
5.0,44,305,0,1,1.7343117184724626
5.0,44,306,0,0,-0.9928960899090254
5.0,44,307,0,0,-2.5187746261659125
5.0,44,308,0,1,3.3556906713566197
5.0,44,309,0,1,5.255451261502841
5.0,44,310,0,0,-1.9670476599780644
5.0,44,311,0,0,-1.9527352079411229
5.0,44,312,0,0,-0.6659165231921583
5.0,44,313,0,0,-13.867890294010113
5.0,44,314,0,0,-4.281755035442752
5.0,44,315,0,0,-2.7560646688409305
