seed,epoch,source_index,true_label,predicted_label,probability_right,correct
42,20,0,0,1,0.5889066457748413,0
42,20,1,1,0,0.33643320202827454,0
42,20,2,0,1,0.5644873380661011,0
42,20,3,1,0,0.49774983525276184,0
42,20,4,0,0,0.46458667516708374,1
42,20,5,1,1,0.5267955660820007,1
42,20,6,0,1,0.5247759222984314,0
42,20,7,1,0,0.4956471920013428,0
42,20,8,0,0,0.4923267364501953,1
42,20,9,0,0,0.4333842694759369,1
42,20,10,1,1,0.5064437985420227,1
42,20,11,1,1,0.6058204770088196,1
42,20,12,0,0,0.2773413360118866,1
42,20,13,0,1,0.5313382148742676,0
42,20,14,1,1,0.506676435470581,1
42,20,15,1,1,0.5308201313018799,1
42,20,16,1,1,0.5306159853935242,1
42,20,17,0,1,0.5942665338516235,0
42,20,18,0,1,0.516892671585083,0
42,20,19,1,1,0.6408758163452148,1
42,20,20,0,1,0.5480797290802002,0
42,20,21,0,1,0.5283695459365845,0
42,20,22,1,1,0.531574010848999,1
42,20,23,0,0,0.475848525762558,1
42,20,24,1,1,0.5867735743522644,1
42,20,25,0,0,0.494394987821579,1
42,20,26,0,0,0.49773234128952026,1
42,20,27,0,1,0.5545597076416016,0
42,20,28,0,0,0.4889402389526367,1
42,20,29,0,1,0.7259712815284729,0
42,20,30,0,1,0.5228522419929504,0
42,20,31,0,0,0.3505709171295166,1
42,20,32,1,1,0.6288124322891235,1
42,20,33,1,0,0.47237545251846313,0
42,20,34,1,1,0.5650836229324341,1
42,20,35,1,1,0.5434703230857849,1
42,20,36,1,0,0.44523248076438904,0
42,20,37,1,0,0.24176084995269775,0
42,20,38,0,1,0.6081969738006592,0
42,20,39,1,0,0.485637366771698,0
42,20,40,0,1,0.5289880633354187,0
42,20,41,1,0,0.4728977084159851,0
42,20,42,0,0,0.4365300238132477,1
42,20,43,0,1,0.543491005897522,0
42,20,44,1,1,0.5900614857673645,1
42,20,45,0,1,0.5679547190666199,0
42,20,46,1,0,0.3436134159564972,0
42,20,47,1,0,0.42909547686576843,0
42,20,48,0,1,0.5006821155548096,0
42,20,49,1,0,0.1744067668914795,0
42,20,50,1,1,0.5108150839805603,1
42,20,51,0,0,0.4494706988334656,1
42,20,52,0,1,0.519266664981842,0
42,20,53,1,0,0.41910111904144287,0
42,20,54,0,0,0.37474536895751953,1
42,20,55,0,0,0.3136956989765167,1
42,20,56,1,1,0.5694217085838318,1
42,20,57,0,1,0.5728105902671814,0
42,20,58,1,0,0.4723678529262543,0
42,20,59,0,1,0.5417949557304382,0
42,20,60,1,0,0.3673093616962433,0
42,20,61,0,1,0.6130345463752747,0
42,20,62,0,1,0.5034538507461548,0
42,20,63,1,0,0.48808133602142334,0
42,20,64,0,1,0.5044650435447693,0
42,20,65,0,1,0.5329368710517883,0
42,20,66,0,1,0.528938353061676,0
42,20,67,0,1,0.5081647038459778,0
42,20,68,0,0,0.42246320843696594,1
42,20,69,1,0,0.3546268045902252,0
42,20,70,0,0,0.48127275705337524,1
42,20,71,1,0,0.44141584634780884,0
42,20,72,0,1,0.5766996741294861,0
42,20,73,0,0,0.43957996368408203,1
42,20,74,0,1,0.675749659538269,0
42,20,75,0,1,0.5517704486846924,0
42,20,76,0,1,0.5837393999099731,0
42,20,77,1,0,0.47993338108062744,0
42,20,78,1,0,0.42328011989593506,0
42,20,79,1,1,0.559065043926239,1
42,20,80,0,1,0.737432062625885,0
42,20,81,1,1,0.5540217161178589,1
42,20,82,0,0,0.4799131155014038,1
42,20,83,1,1,0.6528010964393616,1
42,20,84,1,1,0.5879390835762024,1
42,20,85,1,0,0.4862925112247467,0
42,20,86,1,1,0.5407294034957886,1
42,20,87,1,0,0.42101946473121643,0
42,20,88,1,1,0.5912656188011169,1
42,20,89,1,0,0.3740443289279938,0
42,20,90,1,1,0.6440150141716003,1
42,20,91,1,0,0.49123111367225647,0
42,20,92,0,0,0.4217374324798584,1
42,20,93,0,0,0.4205286204814911,1
42,20,94,0,1,0.5398389101028442,0
42,20,95,0,1,0.5354143977165222,0
42,20,96,1,0,0.4352196156978607,0
42,20,97,1,0,0.4871283173561096,0
42,20,98,1,1,0.5084712505340576,1
42,20,99,0,0,0.3648402988910675,1
42,20,100,1,0,0.36198168992996216,0
42,20,101,1,1,0.7196007966995239,1
42,20,102,1,1,0.5564262270927429,1
42,20,103,0,0,0.37843531370162964,1
42,20,104,1,0,0.4902578890323639,0
42,20,105,0,0,0.4453144967556,1
42,20,106,1,1,0.7387399673461914,1
42,20,107,1,1,0.5602576732635498,1
42,20,108,1,1,0.7445168495178223,1
42,20,109,0,0,0.48610079288482666,1
42,20,110,1,1,0.5104528665542603,1
42,20,111,0,1,0.6359444856643677,0
42,20,112,1,0,0.4911133944988251,0
42,20,113,0,0,0.41471123695373535,1
42,20,114,0,0,0.4814639687538147,1
42,20,115,0,1,0.6232281923294067,0
42,20,116,1,1,0.6211365461349487,1
42,20,117,0,1,0.5552248358726501,0
42,20,118,0,0,0.4658959209918976,1
42,20,119,1,1,0.752966046333313,1
42,20,120,1,1,0.6266305446624756,1
42,20,121,1,1,0.6458174586296082,1
42,20,122,1,1,0.5785316824913025,1
42,20,123,0,0,0.4132773280143738,1
42,20,124,1,0,0.4955798089504242,0
42,20,125,1,1,0.5281431674957275,1
42,20,126,0,1,0.5529993772506714,0
42,20,127,0,1,0.7491451501846313,0
42,20,128,1,1,0.5239019989967346,1
42,20,129,1,0,0.2916390001773834,0
42,20,130,1,0,0.49692344665527344,0
42,20,131,1,0,0.42005735635757446,0
42,20,132,1,0,0.429760217666626,0
42,20,133,0,1,0.5151879787445068,0
42,20,134,0,0,0.49515199661254883,1
42,20,135,0,1,0.5792604684829712,0
42,20,136,0,0,0.2092062085866928,1
42,20,137,1,1,0.5850796103477478,1
42,20,138,1,1,0.5310318470001221,1
42,20,139,0,0,0.4820433557033539,1
42,20,140,1,1,0.5505916476249695,1
42,20,141,1,1,0.6106424331665039,1
42,20,142,1,1,0.5858520865440369,1
42,20,143,1,1,0.7076564431190491,1
42,20,144,1,1,0.6802736520767212,1
42,20,145,1,1,0.567233145236969,1
42,20,146,1,1,0.6216749548912048,1
42,20,147,0,0,0.31310945749282837,1
42,20,148,0,0,0.4387512803077698,1
42,20,149,0,0,0.407297819852829,1
42,20,150,1,0,0.43544596433639526,0
42,20,151,1,1,0.537874162197113,1
42,20,152,0,1,0.7094273567199707,0
42,20,153,0,0,0.3488275110721588,1
42,20,154,1,1,0.7706285715103149,1
42,20,155,1,1,0.6120299696922302,1
42,20,156,0,1,0.5849756598472595,0
42,20,157,0,1,0.5743375420570374,0
42,20,158,0,0,0.4248505234718323,1
42,20,159,0,0,0.4810738265514374,1
42,20,160,0,0,0.46185341477394104,1
42,20,161,1,1,0.6598119735717773,1
42,20,162,1,1,0.6059759855270386,1
42,20,163,1,0,0.44625476002693176,0
42,20,164,1,1,0.6152539253234863,1
42,20,165,1,1,0.5622497200965881,1
42,20,166,1,1,0.5308409929275513,1
42,20,167,0,0,0.4105989933013916,1
42,20,168,1,0,0.37704604864120483,0
42,20,169,0,0,0.4569529891014099,1
42,20,170,1,1,0.534077525138855,1
42,20,171,1,0,0.3940991461277008,0
42,20,172,0,0,0.49321383237838745,1
42,20,173,1,1,0.5858715772628784,1
42,20,174,0,0,0.3767232596874237,1
42,20,175,0,1,0.529714047908783,0
42,20,176,1,1,0.6720507740974426,1
42,20,177,1,0,0.4217716455459595,0
42,20,178,1,1,0.5518792271614075,1
42,20,179,0,0,0.41994819045066833,1
42,20,180,0,1,0.5444198250770569,0
42,20,181,1,0,0.3459412753582001,0
42,20,182,0,1,0.6209464073181152,0
42,20,183,0,0,0.3574531078338623,1
42,20,184,0,0,0.4287692904472351,1
42,20,185,0,0,0.3919719159603119,1
42,20,186,0,1,0.5570610761642456,0
42,20,187,1,0,0.3435935974121094,0
42,20,188,1,1,0.6626912951469421,1
42,20,189,0,1,0.5926434993743896,0
42,20,190,0,1,0.714414656162262,0
42,20,191,0,1,0.6067578196525574,0
42,20,192,0,1,0.5191503763198853,0
42,20,193,1,0,0.4417804777622223,0
42,20,194,0,0,0.4687992036342621,1
42,20,195,0,0,0.4232912063598633,1
42,20,196,0,1,0.5060087442398071,0
42,20,197,1,1,0.6595585346221924,1
42,20,198,0,0,0.41146841645240784,1
42,20,199,0,0,0.4730952978134155,1
42,20,200,1,0,0.3670917749404907,0
42,20,201,0,0,0.4241120517253876,1
42,20,202,0,1,0.5015249252319336,0
42,20,203,0,0,0.48341497778892517,1
42,20,204,1,1,0.5450702905654907,1
42,20,205,1,0,0.4015970528125763,0
42,20,206,1,1,0.5694987773895264,1
42,20,207,0,0,0.41794297099113464,1
42,20,208,0,1,0.5719220638275146,0
42,20,209,0,1,0.5153236389160156,0
42,20,210,1,0,0.3807147145271301,0
42,20,211,1,0,0.4853067398071289,0
42,20,212,1,1,0.5821026563644409,1
42,20,213,0,0,0.45483285188674927,1
42,20,214,0,0,0.40370357036590576,1
42,20,215,0,0,0.42408132553100586,1
42,20,216,1,0,0.4869205355644226,0
42,20,217,0,1,0.6742382645606995,0
42,20,218,1,0,0.4529402256011963,0
42,20,219,1,0,0.4739868938922882,0
42,20,220,1,0,0.43900319933891296,0
42,20,221,1,1,0.5196207165718079,1
42,20,222,1,1,0.6358867883682251,1
42,20,223,1,1,0.623555064201355,1
42,20,224,1,1,0.5098459720611572,1
42,20,225,0,1,0.5038125514984131,0
42,20,226,1,0,0.48965081572532654,0
42,20,227,0,1,0.5566065311431885,0
42,20,228,0,0,0.3479073643684387,1
42,20,229,0,1,0.5323156714439392,0
42,20,230,1,1,0.6212537884712219,1
42,20,231,0,1,0.7163039445877075,0
42,20,232,1,1,0.5414015054702759,1
42,20,233,1,0,0.44611993432044983,0
42,20,234,1,1,0.6114820837974548,1
42,20,235,0,1,0.5135232210159302,0
42,20,236,1,1,0.5736279487609863,1
42,20,237,1,0,0.4479079842567444,0
42,20,238,0,1,0.5597571730613708,0
42,20,239,0,1,0.6009871959686279,0
42,20,240,0,1,0.7448918223381042,0
42,20,241,1,1,0.5292409658432007,1
42,20,242,1,1,0.5159379243850708,1
42,20,243,0,1,0.524843156337738,0
42,20,244,1,1,0.5860230326652527,1
42,20,245,1,1,0.6293596029281616,1
42,20,246,0,1,0.542168378829956,0
42,20,247,1,1,0.5943797826766968,1
42,20,248,1,1,0.592039167881012,1
42,20,249,1,0,0.4595765471458435,0
42,20,250,1,0,0.4377574026584625,0
42,20,251,1,1,0.6946502327919006,1
42,20,252,0,0,0.31762227416038513,1
42,20,253,1,1,0.5015080571174622,1
42,20,254,0,1,0.5314456820487976,0
42,20,255,1,1,0.5052340030670166,1
42,20,256,0,1,0.6008892059326172,0
42,20,257,0,0,0.4787710905075073,1
42,20,258,0,1,0.5896369814872742,0
42,20,259,0,1,0.6060633659362793,0
42,20,260,0,0,0.27730220556259155,1
42,20,261,0,0,0.4143865406513214,1
42,20,262,1,1,0.6134908199310303,1
42,20,263,1,1,0.5018883943557739,1
42,20,264,1,1,0.5719436407089233,1
42,20,265,0,1,0.5005803108215332,0
42,20,266,1,1,0.6196966767311096,1
42,20,267,1,0,0.28937822580337524,0
42,20,268,1,1,0.7992799878120422,1
42,20,269,0,1,0.5775283575057983,0
42,20,270,1,0,0.4466457664966583,0
42,20,271,0,0,0.44125306606292725,1
42,20,272,0,1,0.5417337417602539,0
42,20,273,1,1,0.6120985150337219,1
42,20,274,1,1,0.5122818350791931,1
42,20,275,0,1,0.5381519198417664,0
42,20,276,0,0,0.4253646731376648,1
42,20,277,1,1,0.6612195372581482,1
42,20,278,0,0,0.35660520195961,1
42,20,279,0,0,0.46219301223754883,1
42,20,280,1,1,0.5419354438781738,1
42,20,281,0,0,0.356398344039917,1
42,20,282,0,1,0.5633364319801331,0
42,20,283,0,0,0.4608563482761383,1
42,20,284,1,0,0.38660284876823425,0
42,20,285,0,0,0.34951427578926086,1
42,20,286,0,0,0.4893229901790619,1
42,20,287,1,1,0.5823137164115906,1
42,20,288,1,1,0.5746205449104309,1
42,20,289,0,0,0.4991806149482727,1
42,20,290,0,0,0.43652060627937317,1
42,20,291,1,1,0.5372797846794128,1
42,20,292,1,0,0.4120989143848419,0
42,20,293,1,0,0.44331860542297363,0
42,20,294,0,0,0.48140984773635864,1
42,20,295,1,1,0.5224089622497559,1
42,20,296,0,1,0.7180116772651672,0
42,20,297,1,1,0.6289466023445129,1
42,20,298,1,1,0.7400938272476196,1
42,20,299,1,1,0.5723024010658264,1
42,20,300,0,1,0.6536880135536194,0
42,20,301,1,1,0.5329641699790955,1
42,20,302,1,1,0.5690755248069763,1
42,20,303,0,0,0.37480539083480835,1
42,20,304,1,0,0.4041416645050049,0
42,20,305,0,1,0.5304900407791138,0
42,20,306,0,0,0.3551352322101593,1
42,20,307,0,0,0.4563840329647064,1
42,20,308,0,1,0.503537118434906,0
42,20,309,0,0,0.3739476203918457,1
42,20,310,0,0,0.44825172424316406,1
42,20,311,0,0,0.4370206892490387,1
42,20,312,0,0,0.434061735868454,1
42,20,313,0,0,0.40748095512390137,1
42,20,314,0,0,0.43676748871803284,1
42,20,315,0,1,0.7052282691001892,0
42,30,0,0,1,0.6205999255180359,0
42,30,1,1,0,0.34593862295150757,0
42,30,2,0,1,0.6288185715675354,0
42,30,3,1,1,0.5159222483634949,1
42,30,4,0,0,0.3506007790565491,1
42,30,5,1,1,0.6144397258758545,1
42,30,6,0,1,0.5674651265144348,0
42,30,7,1,1,0.5623018145561218,1
42,30,8,0,1,0.594978928565979,0
42,30,9,0,0,0.39117977023124695,1
42,30,10,1,1,0.51102614402771,1
42,30,11,1,1,0.6647080779075623,1
42,30,12,0,0,0.23579621315002441,1
42,30,13,0,1,0.5030786991119385,0
42,30,14,1,1,0.5306234955787659,1
42,30,15,1,1,0.5455038547515869,1
42,30,16,1,1,0.5471662282943726,1
42,30,17,0,1,0.612899124622345,0
42,30,18,0,0,0.48011288046836853,1
42,30,19,1,1,0.688140332698822,1
42,30,20,0,0,0.42698100209236145,1
42,30,21,0,0,0.48709380626678467,1
42,30,22,1,0,0.4708251357078552,0
42,30,23,0,1,0.5111109614372253,0
42,30,24,1,1,0.6149704456329346,1
42,30,25,0,0,0.45715999603271484,1
42,30,26,0,0,0.4974384605884552,1
42,30,27,0,1,0.5931191444396973,0
42,30,28,0,0,0.4302231967449188,1
42,30,29,0,1,0.7726227045059204,0
42,30,30,0,0,0.3934439420700073,1
42,30,31,0,0,0.3332519829273224,1
42,30,32,1,1,0.7105777263641357,1
42,30,33,1,0,0.4607017934322357,0
42,30,34,1,1,0.6166452169418335,1
42,30,35,1,0,0.43490007519721985,0
42,30,36,1,1,0.5307021737098694,1
42,30,37,1,0,0.26985496282577515,0
42,30,38,0,1,0.6459017992019653,0
42,30,39,1,1,0.5149558186531067,1
42,30,40,0,1,0.6672940254211426,0
42,30,41,1,0,0.4454846978187561,0
42,30,42,0,0,0.4385856091976166,1
42,30,43,0,1,0.5955219268798828,0
42,30,44,1,1,0.6692579388618469,1
42,30,45,0,1,0.5489445924758911,0
42,30,46,1,0,0.29350143671035767,0
42,30,47,1,0,0.3089207708835602,0
42,30,48,0,1,0.5037086009979248,0
42,30,49,1,0,0.1943506896495819,0
42,30,50,1,0,0.40447157621383667,0
42,30,51,0,0,0.45224466919898987,1
42,30,52,0,1,0.5870093107223511,0
42,30,53,1,0,0.41522863507270813,0
42,30,54,0,0,0.32243236899375916,1
42,30,55,0,0,0.263613760471344,1
42,30,56,1,1,0.6032456755638123,1
42,30,57,0,1,0.5933576822280884,0
42,30,58,1,0,0.46553105115890503,0
42,30,59,0,0,0.4752999544143677,1
42,30,60,1,0,0.3547595143318176,0
42,30,61,0,1,0.700323760509491,0
42,30,62,0,1,0.5097508430480957,0
42,30,63,1,1,0.5044140219688416,1
42,30,64,0,1,0.5369421243667603,0
42,30,65,0,1,0.5482004880905151,0
42,30,66,0,1,0.5220896005630493,0
42,30,67,0,1,0.5263555645942688,0
42,30,68,0,0,0.40763717889785767,1
42,30,69,1,0,0.331537663936615,0
42,30,70,0,0,0.42435166239738464,1
42,30,71,1,0,0.4221874475479126,0
42,30,72,0,1,0.5899947285652161,0
42,30,73,0,0,0.4660547375679016,1
42,30,74,0,1,0.7387270331382751,0
42,30,75,0,1,0.5496814250946045,0
42,30,76,0,1,0.6218885183334351,0
42,30,77,1,0,0.46469512581825256,0
42,30,78,1,0,0.35407912731170654,0
42,30,79,1,1,0.5149464011192322,1
42,30,80,0,1,0.8446803689002991,0
42,30,81,1,0,0.43974676728248596,0
42,30,82,0,0,0.46172139048576355,1
42,30,83,1,1,0.618546724319458,1
42,30,84,1,1,0.5934867858886719,1
42,30,85,1,0,0.4303317666053772,0
42,30,86,1,1,0.567633330821991,1
42,30,87,1,0,0.3776801824569702,0
42,30,88,1,1,0.6237505674362183,1
42,30,89,1,0,0.42378854751586914,0
42,30,90,1,1,0.7643572092056274,1
42,30,91,1,0,0.43979310989379883,0
42,30,92,0,0,0.40224936604499817,1
42,30,93,0,0,0.4214620888233185,1
42,30,94,0,1,0.561793863773346,0
42,30,95,0,1,0.5664258599281311,0
42,30,96,1,0,0.446598619222641,0
42,30,97,1,1,0.5091062188148499,1
42,30,98,1,1,0.5271643400192261,1
42,30,99,0,0,0.3231879770755768,1
42,30,100,1,0,0.36357274651527405,0
42,30,101,1,1,0.7332965731620789,1
42,30,102,1,1,0.5900751948356628,1
42,30,103,0,0,0.3601830005645752,1
42,30,104,1,0,0.41735443472862244,0
42,30,105,0,0,0.4786868095397949,1
42,30,106,1,1,0.7773146033287048,1
42,30,107,1,1,0.6721673607826233,1
42,30,108,1,1,0.795682966709137,1
42,30,109,0,0,0.47684332728385925,1
42,30,110,1,1,0.5872375965118408,1
42,30,111,0,1,0.6380223631858826,0
42,30,112,1,0,0.48355528712272644,0
42,30,113,0,0,0.40237700939178467,1
42,30,114,0,0,0.46535906195640564,1
42,30,115,0,1,0.6547348499298096,0
42,30,116,1,1,0.6112527847290039,1
42,30,117,0,1,0.5221493244171143,0
42,30,118,0,1,0.5176002383232117,0
42,30,119,1,1,0.8034934997558594,1
42,30,120,1,1,0.6644803881645203,1
42,30,121,1,1,0.6651491522789001,1
42,30,122,1,1,0.5853862762451172,1
42,30,123,0,0,0.3734976351261139,1
42,30,124,1,0,0.458857923746109,0
42,30,125,1,1,0.513151228427887,1
42,30,126,0,1,0.5856830477714539,0
42,30,127,0,1,0.7466732263565063,0
42,30,128,1,1,0.5194965600967407,1
42,30,129,1,0,0.29967108368873596,0
42,30,130,1,1,0.644341766834259,1
42,30,131,1,0,0.4057364761829376,0
42,30,132,1,0,0.42388638854026794,0
42,30,133,0,0,0.4603966772556305,1
42,30,134,0,0,0.43986302614212036,1
42,30,135,0,1,0.6084396839141846,0
42,30,136,0,0,0.16608171164989471,1
42,30,137,1,1,0.5976095199584961,1
42,30,138,1,1,0.6463850736618042,1
42,30,139,0,1,0.5329268574714661,0
42,30,140,1,1,0.5725172162055969,1
42,30,141,1,1,0.6383175253868103,1
42,30,142,1,1,0.6478127241134644,1
42,30,143,1,1,0.7720856070518494,1
42,30,144,1,1,0.7880446314811707,1
42,30,145,1,1,0.6127212047576904,1
42,30,146,1,1,0.682603120803833,1
42,30,147,0,0,0.35319212079048157,1
42,30,148,0,0,0.4119338393211365,1
42,30,149,0,0,0.29896280169487,1
42,30,150,1,0,0.4426390826702118,0
42,30,151,1,1,0.5260831713676453,1
42,30,152,0,1,0.7296045422554016,0
42,30,153,0,0,0.25772348046302795,1
42,30,154,1,1,0.6653475761413574,1
42,30,155,1,1,0.6195082068443298,1
42,30,156,0,0,0.4003361761569977,1
42,30,157,0,1,0.609714686870575,0
42,30,158,0,0,0.31692826747894287,1
42,30,159,0,0,0.4667178690433502,1
42,30,160,0,0,0.327523797750473,1
42,30,161,1,1,0.5597800612449646,1
42,30,162,1,1,0.5983924865722656,1
42,30,163,1,0,0.41454190015792847,0
42,30,164,1,1,0.609545886516571,1
42,30,165,1,0,0.4555817246437073,0
42,30,166,1,1,0.5026953220367432,1
42,30,167,0,0,0.440593421459198,1
42,30,168,1,0,0.36739981174468994,0
42,30,169,0,0,0.4770967960357666,1
42,30,170,1,0,0.4981294274330139,0
42,30,171,1,0,0.3889584243297577,0
42,30,172,0,0,0.4566991329193115,1
42,30,173,1,1,0.6467040777206421,1
42,30,174,0,0,0.3964395225048065,1
42,30,175,0,1,0.5156547427177429,0
42,30,176,1,1,0.6729618906974792,1
42,30,177,1,0,0.4165888726711273,0
42,30,178,1,1,0.5144307017326355,1
42,30,179,0,0,0.3523881733417511,1
42,30,180,0,1,0.5314684510231018,0
42,30,181,1,0,0.34023019671440125,0
42,30,182,0,1,0.6776614785194397,0
42,30,183,0,0,0.2445916086435318,1
42,30,184,0,0,0.3872191309928894,1
42,30,185,0,0,0.33005189895629883,1
42,30,186,0,0,0.45844700932502747,1
42,30,187,1,0,0.40392786264419556,0
42,30,188,1,1,0.6532091498374939,1
42,30,189,0,1,0.6348116993904114,0
42,30,190,0,1,0.6152634620666504,0
42,30,191,0,1,0.6058527231216431,0
42,30,192,0,1,0.5578785538673401,0
42,30,193,1,0,0.44010302424430847,0
42,30,194,0,0,0.41343823075294495,1
42,30,195,0,0,0.23645946383476257,1
42,30,196,0,0,0.493892103433609,1
42,30,197,1,1,0.6825752258300781,1
42,30,198,0,0,0.3878776431083679,1
42,30,199,0,0,0.391971617937088,1
42,30,200,1,0,0.3283199071884155,0
42,30,201,0,1,0.5074896216392517,0
42,30,202,0,1,0.5168377757072449,0
42,30,203,0,1,0.5033112168312073,0
42,30,204,1,1,0.5932493209838867,1
42,30,205,1,0,0.4309985339641571,0
42,30,206,1,1,0.5939130783081055,1
42,30,207,0,0,0.37108156085014343,1
42,30,208,0,0,0.4745112359523773,1
42,30,209,0,1,0.5198572278022766,0
42,30,210,1,0,0.35267677903175354,0
42,30,211,1,0,0.4831874370574951,0
42,30,212,1,1,0.6174216866493225,1
42,30,213,0,0,0.4291909337043762,1
42,30,214,0,0,0.38749951124191284,1
42,30,215,0,0,0.37767595052719116,1
42,30,216,1,0,0.42658495903015137,0
42,30,217,0,1,0.7066588997840881,0
42,30,218,1,1,0.5532905459403992,1
42,30,219,1,0,0.33350256085395813,0
42,30,220,1,0,0.41321611404418945,0
42,30,221,1,1,0.5439181327819824,1
42,30,222,1,1,0.6601296067237854,1
42,30,223,1,1,0.6031363010406494,1
42,30,224,1,1,0.5673325657844543,1
42,30,225,0,0,0.4842841923236847,1
42,30,226,1,0,0.31923913955688477,0
42,30,227,0,1,0.5315422415733337,0
42,30,228,0,0,0.3329511880874634,1
42,30,229,0,1,0.5335400700569153,0
42,30,230,1,1,0.7062796354293823,1
42,30,231,0,1,0.6586073637008667,0
42,30,232,1,1,0.655606746673584,1
42,30,233,1,0,0.42754992842674255,0
42,30,234,1,1,0.6439154148101807,1
42,30,235,0,0,0.4175349473953247,1
42,30,236,1,1,0.6327945590019226,1
42,30,237,1,0,0.495337575674057,0
42,30,238,0,1,0.5585132837295532,0
42,30,239,0,1,0.644951581954956,0
42,30,240,0,1,0.74628084897995,0
42,30,241,1,1,0.5542056560516357,1
42,30,242,1,0,0.48934078216552734,0
42,30,243,0,1,0.521099328994751,0
42,30,244,1,1,0.6402923464775085,1
42,30,245,1,1,0.634814441204071,1
42,30,246,0,1,0.5766908526420593,0
42,30,247,1,1,0.5193063020706177,1
42,30,248,1,1,0.6267795562744141,1
42,30,249,1,0,0.45228636264801025,0
42,30,250,1,0,0.4220668077468872,0
42,30,251,1,1,0.8647375702857971,1
42,30,252,0,0,0.2921227514743805,1
42,30,253,1,1,0.5329706072807312,1
42,30,254,0,1,0.649002730846405,0
42,30,255,1,1,0.5283303260803223,1
42,30,256,0,1,0.657214343547821,0
42,30,257,0,0,0.41443127393722534,1
42,30,258,0,1,0.6351848244667053,0
42,30,259,0,1,0.7172794938087463,0
42,30,260,0,0,0.22144851088523865,1
42,30,261,0,0,0.39062535762786865,1
42,30,262,1,1,0.6388180255889893,1
42,30,263,1,0,0.4998205602169037,0
42,30,264,1,1,0.6831888556480408,1
42,30,265,0,1,0.5432188510894775,0
42,30,266,1,1,0.5488024353981018,1
42,30,267,1,0,0.24019140005111694,0
42,30,268,1,1,0.8070315718650818,1
42,30,269,0,1,0.6127548217773438,0
42,30,270,1,0,0.36473679542541504,0
42,30,271,0,0,0.3167841136455536,1
42,30,272,0,0,0.48428016901016235,1
42,30,273,1,1,0.6003626585006714,1
42,30,274,1,0,0.38810816407203674,0
42,30,275,0,1,0.5306469202041626,0
42,30,276,0,0,0.4770672619342804,1
42,30,277,1,1,0.6218790411949158,1
42,30,278,0,0,0.2679765820503235,1
42,30,279,0,0,0.4559521973133087,1
42,30,280,1,0,0.49841779470443726,0
42,30,281,0,0,0.2877061665058136,1
42,30,282,0,1,0.5659959316253662,0
42,30,283,0,0,0.41005465388298035,1
42,30,284,1,0,0.35850760340690613,0
42,30,285,0,0,0.27788594365119934,1
42,30,286,0,1,0.521937370300293,0
42,30,287,1,1,0.6413379311561584,1
42,30,288,1,1,0.6145952343940735,1
42,30,289,0,1,0.5279756188392639,0
42,30,290,0,0,0.2917863428592682,1
42,30,291,1,1,0.5621025562286377,1
42,30,292,1,0,0.3409440219402313,0
42,30,293,1,0,0.3938060998916626,0
42,30,294,0,0,0.4674026370048523,1
42,30,295,1,1,0.5316445231437683,1
42,30,296,0,1,0.7652483582496643,0
42,30,297,1,1,0.6385353207588196,1
42,30,298,1,1,0.6612273454666138,1
42,30,299,1,1,0.6505974531173706,1
42,30,300,0,1,0.6987729072570801,0
42,30,301,1,1,0.5380787253379822,1
42,30,302,1,1,0.6090741753578186,1
42,30,303,0,0,0.3184680640697479,1
42,30,304,1,0,0.3609931766986847,0
42,30,305,0,1,0.5033043026924133,0
42,30,306,0,0,0.22963164746761322,1
42,30,307,0,0,0.3864046633243561,1
42,30,308,0,0,0.45130741596221924,1
42,30,309,0,0,0.38672319054603577,1
42,30,310,0,0,0.4384077489376068,1
42,30,311,0,0,0.3474925458431244,1
42,30,312,0,0,0.3553696274757385,1
42,30,313,0,0,0.3331517279148102,1
42,30,314,0,0,0.33881399035453796,1
42,30,315,0,1,0.7766157984733582,0
42,40,0,0,1,0.5770229697227478,0
42,40,1,1,0,0.3706888258457184,0
42,40,2,0,1,0.5912099480628967,0
42,40,3,1,1,0.5151858329772949,1
42,40,4,0,0,0.34853872656822205,1
42,40,5,1,1,0.6292728185653687,1
42,40,6,0,1,0.6366894245147705,0
42,40,7,1,1,0.5510860085487366,1
42,40,8,0,1,0.624541699886322,0
42,40,9,0,0,0.3211941123008728,1
42,40,10,1,1,0.5632128119468689,1
42,40,11,1,1,0.7461923360824585,1
42,40,12,0,0,0.19183573126792908,1
42,40,13,0,0,0.46077483892440796,1
42,40,14,1,1,0.5362827777862549,1
42,40,15,1,1,0.5806694626808167,1
42,40,16,1,0,0.49211204051971436,0
42,40,17,0,1,0.609330415725708,0
42,40,18,0,0,0.43520015478134155,1
42,40,19,1,1,0.6508116126060486,1
42,40,20,0,0,0.4272528290748596,1
42,40,21,0,0,0.439208984375,1
42,40,22,1,0,0.47185730934143066,0
42,40,23,0,1,0.5438130497932434,0
42,40,24,1,1,0.6915500164031982,1
42,40,25,0,0,0.4187273383140564,1
42,40,26,0,1,0.5099512338638306,0
42,40,27,0,1,0.6661824584007263,0
42,40,28,0,0,0.35230135917663574,1
42,40,29,0,1,0.8073999881744385,0
42,40,30,0,0,0.4797714650630951,1
42,40,31,0,0,0.479352205991745,1
42,40,32,1,1,0.7302796244621277,1
42,40,33,1,0,0.46833789348602295,0
42,40,34,1,1,0.6921532154083252,1
42,40,35,1,0,0.3984736204147339,0
42,40,36,1,1,0.6201775074005127,1
42,40,37,1,0,0.2793382704257965,0
42,40,38,0,1,0.6235650777816772,0
42,40,39,1,1,0.5281628966331482,1
42,40,40,0,1,0.6367843151092529,0
42,40,41,1,0,0.48669061064720154,0
42,40,42,0,0,0.43068939447402954,1
42,40,43,0,1,0.7551360130310059,0
42,40,44,1,1,0.7540278434753418,1
42,40,45,0,0,0.4980476200580597,1
42,40,46,1,0,0.26597854495048523,0
42,40,47,1,0,0.3473396301269531,0
42,40,48,0,0,0.4860120117664337,1
42,40,49,1,0,0.2685559391975403,0
42,40,50,1,0,0.43712157011032104,0
42,40,51,0,0,0.4125189483165741,1
42,40,52,0,1,0.5974136590957642,0
42,40,53,1,0,0.39878594875335693,0
42,40,54,0,0,0.3412521183490753,1
42,40,55,0,0,0.26243847608566284,1
42,40,56,1,1,0.6253262162208557,1
42,40,57,0,1,0.6399211883544922,0
42,40,58,1,0,0.43731051683425903,0
42,40,59,0,0,0.39807698130607605,1
42,40,60,1,0,0.3396073281764984,0
42,40,61,0,1,0.8010811805725098,0
42,40,62,0,0,0.4991280138492584,1
42,40,63,1,0,0.48941466212272644,0
42,40,64,0,1,0.5677660703659058,0
42,40,65,0,1,0.561668336391449,0
42,40,66,0,0,0.49673110246658325,1
42,40,67,0,1,0.5950871706008911,0
42,40,68,0,0,0.4516080319881439,1
42,40,69,1,0,0.28760817646980286,0
42,40,70,0,0,0.36104851961135864,1
42,40,71,1,0,0.40164169669151306,0
42,40,72,0,1,0.5774471759796143,0
42,40,73,0,0,0.49743059277534485,1
42,40,74,0,1,0.7423699498176575,0
42,40,75,0,0,0.4930228888988495,1
42,40,76,0,1,0.6705111861228943,0
42,40,77,1,0,0.4624985158443451,0
42,40,78,1,0,0.30725568532943726,0
42,40,79,1,0,0.46441957354545593,0
42,40,80,0,1,0.8872218728065491,0
42,40,81,1,0,0.44466641545295715,0
42,40,82,0,0,0.42450204491615295,1
42,40,83,1,1,0.6467832922935486,1
42,40,84,1,1,0.583927571773529,1
42,40,85,1,0,0.39466479420661926,0
42,40,86,1,1,0.5984494090080261,1
42,40,87,1,0,0.36462026834487915,0
42,40,88,1,1,0.6009163856506348,1
42,40,89,1,0,0.41862592101097107,0
42,40,90,1,1,0.7141159176826477,1
42,40,91,1,0,0.3766375482082367,0
42,40,92,0,0,0.3942965865135193,1
42,40,93,0,0,0.4193882346153259,1
42,40,94,0,1,0.5744212865829468,0
42,40,95,0,1,0.5770663619041443,0
42,40,96,1,0,0.48766228556632996,0
42,40,97,1,1,0.5374017357826233,1
42,40,98,1,1,0.5068756341934204,1
42,40,99,0,0,0.35089433193206787,1
42,40,100,1,0,0.3533102571964264,0
42,40,101,1,1,0.7199432849884033,1
42,40,102,1,1,0.6043810844421387,1
42,40,103,0,0,0.37099015712738037,1
42,40,104,1,0,0.33512595295906067,0
42,40,105,0,0,0.46532949805259705,1
42,40,106,1,1,0.7744278311729431,1
42,40,107,1,1,0.656581461429596,1
42,40,108,1,1,0.7832753658294678,1
42,40,109,0,0,0.46814489364624023,1
42,40,110,1,1,0.6853650808334351,1
42,40,111,0,1,0.6250120997428894,0
42,40,112,1,0,0.476718544960022,0
42,40,113,0,0,0.4772048890590668,1
42,40,114,0,0,0.4069423973560333,1
42,40,115,0,1,0.6722203493118286,0
42,40,116,1,1,0.6713187098503113,1
42,40,117,0,0,0.4996549189090729,1
42,40,118,0,1,0.5899839997291565,0
42,40,119,1,1,0.8865326642990112,1
42,40,120,1,1,0.6863064169883728,1
42,40,121,1,1,0.6590451002120972,1
42,40,122,1,1,0.6985897421836853,1
42,40,123,0,0,0.38497689366340637,1
42,40,124,1,0,0.3993709087371826,0
42,40,125,1,1,0.5189669728279114,1
42,40,126,0,1,0.5562489628791809,0
42,40,127,0,1,0.7721700668334961,0
42,40,128,1,1,0.5086743831634521,1
42,40,129,1,1,0.5002550482749939,1
42,40,130,1,1,0.6647497415542603,1
42,40,131,1,0,0.38534486293792725,0
42,40,132,1,0,0.49390357732772827,0
42,40,133,0,0,0.4200534224510193,1
42,40,134,0,0,0.47119006514549255,1
42,40,135,0,1,0.6204014420509338,0
42,40,136,0,0,0.13140873610973358,1
42,40,137,1,1,0.5303803086280823,1
42,40,138,1,1,0.6506019830703735,1
42,40,139,0,1,0.6806744337081909,0
42,40,140,1,1,0.6093900203704834,1
42,40,141,1,1,0.6194974184036255,1
42,40,142,1,1,0.6033806204795837,1
42,40,143,1,1,0.7655271887779236,1
42,40,144,1,1,0.7289156913757324,1
42,40,145,1,1,0.6612222790718079,1
42,40,146,1,1,0.7226828932762146,1
42,40,147,0,0,0.3607248067855835,1
42,40,148,0,0,0.4165748655796051,1
42,40,149,0,0,0.2576974928379059,1
42,40,150,1,0,0.4309115409851074,0
42,40,151,1,0,0.4905979335308075,0
42,40,152,0,1,0.799429178237915,0
42,40,153,0,0,0.254822701215744,1
42,40,154,1,1,0.6975264549255371,1
42,40,155,1,1,0.6823975443840027,1
42,40,156,0,0,0.4124099612236023,1
42,40,157,0,1,0.5941422581672668,0
42,40,158,0,0,0.26337411999702454,1
42,40,159,0,0,0.46777045726776123,1
42,40,160,0,0,0.27008503675460815,1
42,40,161,1,1,0.6725488901138306,1
42,40,162,1,1,0.5743603110313416,1
42,40,163,1,0,0.35254621505737305,0
42,40,164,1,1,0.5523722171783447,1
42,40,165,1,0,0.3790629804134369,0
42,40,166,1,0,0.46540725231170654,0
42,40,167,0,0,0.444964736700058,1
42,40,168,1,0,0.3680742681026459,0
42,40,169,0,0,0.4567418694496155,1
42,40,170,1,1,0.6176611185073853,1
42,40,171,1,0,0.40502431988716125,0
42,40,172,0,0,0.4631160795688629,1
42,40,173,1,1,0.6626768708229065,1
42,40,174,0,0,0.44229644536972046,1
42,40,175,0,0,0.4811652600765228,1
42,40,176,1,1,0.6878214478492737,1
42,40,177,1,0,0.42147350311279297,0
42,40,178,1,0,0.436413437128067,0
42,40,179,0,0,0.29310211539268494,1
42,40,180,0,1,0.5476452708244324,0
42,40,181,1,0,0.3837902545928955,0
42,40,182,0,1,0.7036034464836121,0
42,40,183,0,0,0.23980659246444702,1
42,40,184,0,0,0.3759137988090515,1
42,40,185,0,0,0.3238174617290497,1
42,40,186,0,0,0.413248211145401,1
42,40,187,1,0,0.4199357330799103,0
42,40,188,1,1,0.5834279656410217,1
42,40,189,0,1,0.646725058555603,0
42,40,190,0,1,0.7047587633132935,0
42,40,191,0,1,0.5196949243545532,0
42,40,192,0,1,0.5576285123825073,0
42,40,193,1,0,0.48241183161735535,0
42,40,194,0,0,0.35017484426498413,1
42,40,195,0,0,0.1913500726222992,1
42,40,196,0,0,0.48718002438545227,1
42,40,197,1,1,0.7468064427375793,1
42,40,198,0,0,0.37982070446014404,1
42,40,199,0,0,0.37070026993751526,1
42,40,200,1,0,0.3346833884716034,0
42,40,201,0,1,0.5464407205581665,0
42,40,202,0,1,0.5063398480415344,0
42,40,203,0,1,0.5253718495368958,0
42,40,204,1,1,0.641853392124176,1
42,40,205,1,0,0.3306395709514618,0
42,40,206,1,1,0.6366639733314514,1
42,40,207,0,0,0.40405288338661194,1
42,40,208,0,1,0.5720935463905334,0
42,40,209,0,1,0.6041726469993591,0
42,40,210,1,0,0.3723026514053345,0
42,40,211,1,1,0.5324371457099915,1
42,40,212,1,1,0.5762638449668884,1
42,40,213,0,0,0.42962270975112915,1
42,40,214,0,0,0.35660815238952637,1
42,40,215,0,0,0.3193609118461609,1
42,40,216,1,0,0.35130926966667175,0
42,40,217,0,1,0.7585583925247192,0
42,40,218,1,0,0.489913672208786,0
42,40,219,1,0,0.24180658161640167,0
42,40,220,1,0,0.3309917151927948,0
42,40,221,1,1,0.5306409001350403,1
42,40,222,1,1,0.707715630531311,1
42,40,223,1,1,0.6047986149787903,1
42,40,224,1,1,0.6276383996009827,1
42,40,225,0,0,0.4394836127758026,1
42,40,226,1,0,0.33413422107696533,0
42,40,227,0,0,0.48982954025268555,1
42,40,228,0,0,0.3718842566013336,1
42,40,229,0,1,0.5181208252906799,0
42,40,230,1,1,0.7051488161087036,1
42,40,231,0,1,0.5811088681221008,0
42,40,232,1,1,0.6299751996994019,1
42,40,233,1,0,0.39648205041885376,0
42,40,234,1,1,0.6343635320663452,1
42,40,235,0,0,0.3151773512363434,1
42,40,236,1,1,0.6932192444801331,1
42,40,237,1,1,0.5193025469779968,1
42,40,238,0,1,0.537377655506134,0
42,40,239,0,1,0.6909272074699402,0
42,40,240,0,1,0.7223656177520752,0
42,40,241,1,1,0.5398728251457214,1
42,40,242,1,0,0.43530160188674927,0
42,40,243,0,1,0.5070780515670776,0
42,40,244,1,1,0.6436194777488708,1
42,40,245,1,1,0.6396668553352356,1
42,40,246,0,1,0.619125247001648,0
42,40,247,1,0,0.4896335005760193,0
42,40,248,1,1,0.6127422451972961,1
42,40,249,1,0,0.45326098799705505,0
42,40,250,1,0,0.4343770146369934,0
42,40,251,1,1,0.8781309723854065,1
42,40,252,0,0,0.2632066607475281,1
42,40,253,1,1,0.5476237535476685,1
42,40,254,0,1,0.6974979043006897,0
42,40,255,1,1,0.5744017362594604,1
42,40,256,0,1,0.675264835357666,0
42,40,257,0,0,0.33797207474708557,1
42,40,258,0,1,0.6122242212295532,0
42,40,259,0,1,0.6453834772109985,0
42,40,260,0,0,0.17151623964309692,1
42,40,261,0,0,0.3975587785243988,1
42,40,262,1,1,0.6317747831344604,1
42,40,263,1,0,0.4988038241863251,0
42,40,264,1,1,0.6808217763900757,1
42,40,265,0,1,0.6040294766426086,0
42,40,266,1,1,0.506355345249176,1
42,40,267,1,0,0.24361272156238556,0
42,40,268,1,1,0.8017023801803589,1
42,40,269,0,1,0.6425895094871521,0
42,40,270,1,0,0.3488565981388092,0
42,40,271,0,0,0.29372817277908325,1
42,40,272,0,0,0.45344915986061096,1
42,40,273,1,1,0.5547659993171692,1
42,40,274,1,0,0.4315400719642639,0
42,40,275,0,1,0.5054366588592529,0
42,40,276,0,0,0.4965807795524597,1
42,40,277,1,1,0.6196528673171997,1
42,40,278,0,0,0.2558341920375824,1
42,40,279,0,1,0.5040878653526306,0
42,40,280,1,0,0.43982645869255066,0
42,40,281,0,0,0.22052468359470367,1
42,40,282,0,1,0.5644171237945557,0
42,40,283,0,0,0.38641923666000366,1
42,40,284,1,0,0.3356991410255432,0
42,40,285,0,0,0.1959982067346573,1
42,40,286,0,1,0.5681241154670715,0
42,40,287,1,1,0.6722216010093689,1
42,40,288,1,1,0.6454169154167175,1
42,40,289,0,1,0.5246075987815857,0
42,40,290,0,0,0.2318067103624344,1
42,40,291,1,1,0.5213420391082764,1
42,40,292,1,0,0.2485557496547699,0
42,40,293,1,0,0.3914909064769745,0
42,40,294,0,0,0.4839189052581787,1
42,40,295,1,1,0.5235686898231506,1
42,40,296,0,1,0.7664210796356201,0
42,40,297,1,1,0.7564615607261658,1
42,40,298,1,1,0.7989069819450378,1
42,40,299,1,1,0.7343177199363708,1
42,40,300,0,1,0.7395371794700623,0
42,40,301,1,1,0.5669094324111938,1
42,40,302,1,1,0.577362596988678,1
42,40,303,0,0,0.2770715653896332,1
42,40,304,1,0,0.36121073365211487,0
42,40,305,0,0,0.4618305563926697,1
42,40,306,0,0,0.1648266613483429,1
42,40,307,0,0,0.36842644214630127,1
42,40,308,0,1,0.5697130560874939,0
42,40,309,0,0,0.4716433882713318,1
42,40,310,0,0,0.44896453619003296,1
42,40,311,0,0,0.27070891857147217,1
42,40,312,0,0,0.32360151410102844,1
42,40,313,0,0,0.3121696710586548,1
42,40,314,0,0,0.23558640480041504,1
42,40,315,0,1,0.7441719174385071,0
42,50,0,0,1,0.5508565902709961,0
42,50,1,1,0,0.2786422073841095,0
42,50,2,0,1,0.5430978536605835,0
42,50,3,1,0,0.48227548599243164,0
42,50,4,0,0,0.3309876322746277,1
42,50,5,1,1,0.6043336391448975,1
42,50,6,0,1,0.6383700966835022,0
42,50,7,1,1,0.5062618851661682,1
42,50,8,0,1,0.639045000076294,0
42,50,9,0,0,0.26795342564582825,1
42,50,10,1,1,0.6853764653205872,1
42,50,11,1,1,0.7883192300796509,1
42,50,12,0,0,0.1831718385219574,1
42,50,13,0,0,0.4896763861179352,1
42,50,14,1,1,0.5458073616027832,1
42,50,15,1,1,0.5798989534378052,1
42,50,16,1,0,0.4719013273715973,0
42,50,17,0,1,0.7148030996322632,0
42,50,18,0,0,0.30373015999794006,1
42,50,19,1,1,0.6858729720115662,1
42,50,20,0,0,0.42109614610671997,1
42,50,21,0,1,0.5091947913169861,0
42,50,22,1,1,0.5112033486366272,1
42,50,23,0,1,0.6207716464996338,0
42,50,24,1,1,0.7006871104240417,1
42,50,25,0,0,0.3881142735481262,1
42,50,26,0,1,0.5345131754875183,0
42,50,27,0,1,0.6330954432487488,0
42,50,28,0,0,0.2791464328765869,1
42,50,29,0,1,0.7451266646385193,0
42,50,30,0,1,0.5208499431610107,0
42,50,31,0,0,0.4923880398273468,1
42,50,32,1,1,0.7479167580604553,1
42,50,33,1,0,0.4702879786491394,0
42,50,34,1,1,0.7211620211601257,1
42,50,35,1,0,0.3935285806655884,0
42,50,36,1,1,0.6029662489891052,1
42,50,37,1,0,0.31501591205596924,0
42,50,38,0,1,0.6733816862106323,0
42,50,39,1,1,0.5509095191955566,1
42,50,40,0,1,0.6040725708007812,0
42,50,41,1,1,0.5921363234519958,1
42,50,42,0,0,0.3942250609397888,1
42,50,43,0,1,0.6215150356292725,0
42,50,44,1,1,0.7896167635917664,1
42,50,45,0,0,0.37336331605911255,1
42,50,46,1,0,0.2974979281425476,0
42,50,47,1,0,0.35748937726020813,0
42,50,48,0,0,0.46395015716552734,1
42,50,49,1,0,0.27553534507751465,0
42,50,50,1,0,0.4740934371948242,0
42,50,51,0,0,0.38676971197128296,1
42,50,52,0,1,0.540948212146759,0
42,50,53,1,0,0.38283026218414307,0
42,50,54,0,0,0.353496789932251,1
42,50,55,0,0,0.23321914672851562,1
42,50,56,1,1,0.5275949835777283,1
42,50,57,0,1,0.6533405780792236,0
42,50,58,1,0,0.3277210295200348,0
42,50,59,0,0,0.32895898818969727,1
42,50,60,1,0,0.3000246286392212,0
42,50,61,0,1,0.7599464654922485,0
42,50,62,0,1,0.5255641937255859,0
42,50,63,1,0,0.4896154999732971,0
42,50,64,0,1,0.5864863395690918,0
42,50,65,0,1,0.5294812917709351,0
42,50,66,0,0,0.4645262062549591,1
42,50,67,0,1,0.6897866725921631,0
42,50,68,0,1,0.5610051155090332,0
42,50,69,1,0,0.25522318482398987,0
42,50,70,0,0,0.3096797466278076,1
42,50,71,1,0,0.3635220527648926,0
42,50,72,0,1,0.6758444309234619,0
42,50,73,0,1,0.5313239693641663,0
42,50,74,0,1,0.6508524417877197,0
42,50,75,0,1,0.5546842813491821,0
42,50,76,0,1,0.6765628457069397,0
42,50,77,1,0,0.46725034713745117,0
42,50,78,1,0,0.2962345480918884,0
42,50,79,1,0,0.33327847719192505,0
42,50,80,0,1,0.916496992111206,0
42,50,81,1,0,0.4525454342365265,0
42,50,82,0,0,0.37364593148231506,1
42,50,83,1,1,0.6791353225708008,1
42,50,84,1,1,0.5746291279792786,1
42,50,85,1,0,0.3939822018146515,0
42,50,86,1,1,0.7023097276687622,1
42,50,87,1,0,0.3515620827674866,0
42,50,88,1,1,0.6871732473373413,1
42,50,89,1,0,0.4074525833129883,0
42,50,90,1,1,0.8063812255859375,1
42,50,91,1,0,0.45436739921569824,0
42,50,92,0,0,0.3983578383922577,1
42,50,93,0,0,0.39046570658683777,1
42,50,94,0,1,0.5567089915275574,0
42,50,95,0,1,0.5394755005836487,0
42,50,96,1,1,0.5356811285018921,1
42,50,97,1,1,0.5458441972732544,1
42,50,98,1,1,0.5008738040924072,1
42,50,99,0,0,0.3710287809371948,1
42,50,100,1,0,0.33962804079055786,0
42,50,101,1,1,0.7445605397224426,1
42,50,102,1,1,0.6964437365531921,1
42,50,103,0,0,0.34763655066490173,1
42,50,104,1,0,0.3495479226112366,0
42,50,105,0,0,0.4953489601612091,1
42,50,106,1,1,0.8052130341529846,1
42,50,107,1,1,0.7406752705574036,1
42,50,108,1,1,0.7966132164001465,1
42,50,109,0,0,0.4457438588142395,1
42,50,110,1,1,0.713039219379425,1
42,50,111,0,1,0.6758276224136353,0
42,50,112,1,1,0.5191231369972229,1
42,50,113,0,0,0.4085369408130646,1
42,50,114,0,0,0.4355636537075043,1
42,50,115,0,1,0.6587011814117432,0
42,50,116,1,1,0.6649890542030334,1
42,50,117,0,1,0.507442057132721,0
42,50,118,0,1,0.6260005831718445,0
42,50,119,1,1,0.7844374179840088,1
42,50,120,1,1,0.7378715872764587,1
42,50,121,1,1,0.6660327315330505,1
42,50,122,1,1,0.7482152581214905,1
42,50,123,0,0,0.28151190280914307,1
42,50,124,1,0,0.3772084712982178,0
42,50,125,1,1,0.516096830368042,1
42,50,126,0,1,0.5291215181350708,0
42,50,127,0,1,0.8580100536346436,0
42,50,128,1,1,0.5520941615104675,1
42,50,129,1,0,0.40171995759010315,0
42,50,130,1,1,0.7240766882896423,1
42,50,131,1,0,0.3473066985607147,0
42,50,132,1,1,0.5146118402481079,1
42,50,133,0,0,0.34787115454673767,1
42,50,134,0,1,0.5014694333076477,0
42,50,135,0,1,0.7474290132522583,0
42,50,136,0,0,0.08430884033441544,1
42,50,137,1,0,0.46702754497528076,0
42,50,138,1,1,0.6281459927558899,1
42,50,139,0,1,0.7582222819328308,0
42,50,140,1,1,0.6471747756004333,1
42,50,141,1,1,0.5495258569717407,1
42,50,142,1,1,0.5895408391952515,1
42,50,143,1,1,0.7837513089179993,1
42,50,144,1,1,0.7153130173683167,1
42,50,145,1,1,0.6955311894416809,1
42,50,146,1,1,0.8070884943008423,1
42,50,147,0,0,0.36884334683418274,1
42,50,148,0,0,0.41736045479774475,1
42,50,149,0,0,0.23151271045207977,1
42,50,150,1,0,0.4446106553077698,0
42,50,151,1,0,0.4553928077220917,0
42,50,152,0,1,0.8417313694953918,0
42,50,153,0,0,0.259654700756073,1
42,50,154,1,1,0.8247803449630737,1
42,50,155,1,1,0.6687454581260681,1
42,50,156,0,0,0.45589712262153625,1
42,50,157,0,1,0.5393723249435425,0
42,50,158,0,0,0.30130496621131897,1
42,50,159,0,0,0.41709789633750916,1
42,50,160,0,0,0.3378719091415405,1
42,50,161,1,1,0.7422866225242615,1
42,50,162,1,0,0.44674888253211975,0
42,50,163,1,0,0.3877274990081787,0
42,50,164,1,1,0.5074342489242554,1
42,50,165,1,0,0.3448256850242615,0
42,50,166,1,0,0.44799038767814636,0
42,50,167,0,0,0.46788591146469116,1
42,50,168,1,0,0.38023000955581665,0
42,50,169,0,1,0.5320948362350464,0
42,50,170,1,1,0.5062058568000793,1
42,50,171,1,0,0.3588017523288727,0
42,50,172,0,0,0.4392697215080261,1
42,50,173,1,1,0.6088236570358276,1
42,50,174,0,0,0.3815452456474304,1
42,50,175,0,1,0.623873233795166,0
42,50,176,1,1,0.6916553378105164,1
42,50,177,1,0,0.4475756287574768,0
42,50,178,1,0,0.34476566314697266,0
42,50,179,0,0,0.2268339991569519,1
42,50,180,0,1,0.5640417337417603,0
42,50,181,1,0,0.3422513008117676,0
42,50,182,0,1,0.6967011094093323,0
42,50,183,0,0,0.26774391531944275,1
42,50,184,0,0,0.3669208586215973,1
42,50,185,0,0,0.3149655759334564,1
42,50,186,0,0,0.40819427371025085,1
42,50,187,1,1,0.5241020917892456,1
42,50,188,1,0,0.41867995262145996,0
42,50,189,0,1,0.6432135105133057,0
42,50,190,0,1,0.7620624303817749,0
42,50,191,0,0,0.4077815115451813,1
42,50,192,0,1,0.5621492266654968,0
42,50,193,1,0,0.46511438488960266,0
42,50,194,0,0,0.33594560623168945,1
42,50,195,0,0,0.17595386505126953,1
42,50,196,0,0,0.4986448585987091,1
42,50,197,1,1,0.7607202529907227,1
42,50,198,0,0,0.38058868050575256,1
42,50,199,0,0,0.3732980191707611,1
42,50,200,1,0,0.2541006803512573,0
42,50,201,0,1,0.6110678911209106,0
42,50,202,0,1,0.5107620358467102,0
42,50,203,0,1,0.5052063465118408,0
42,50,204,1,1,0.6643305420875549,1
42,50,205,1,0,0.2985897362232208,0
42,50,206,1,1,0.585899293422699,1
42,50,207,0,0,0.3836742341518402,1
42,50,208,0,1,0.6403292417526245,0
42,50,209,0,1,0.5327446460723877,0
42,50,210,1,0,0.3770568370819092,0
42,50,211,1,1,0.5841668248176575,1
42,50,212,1,1,0.5985364317893982,1
42,50,213,0,0,0.35819995403289795,1
42,50,214,0,0,0.34240901470184326,1
42,50,215,0,0,0.27697300910949707,1
42,50,216,1,0,0.34741899371147156,0
42,50,217,0,1,0.780029833316803,0
42,50,218,1,0,0.49681851267814636,0
42,50,219,1,0,0.18498745560646057,0
42,50,220,1,0,0.3900993764400482,0
42,50,221,1,0,0.4758756756782532,0
42,50,222,1,1,0.7641191482543945,1
42,50,223,1,1,0.6152828931808472,1
42,50,224,1,1,0.5860657095909119,1
42,50,225,0,0,0.3694721758365631,1
42,50,226,1,0,0.4363481402397156,0
42,50,227,0,0,0.41304415464401245,1
42,50,228,0,0,0.3710750341415405,1
42,50,229,0,0,0.48506277799606323,1
42,50,230,1,1,0.7519647479057312,1
42,50,231,0,1,0.6391057968139648,0
42,50,232,1,1,0.5940077304840088,1
42,50,233,1,0,0.35430237650871277,0
42,50,234,1,1,0.6061007380485535,1
42,50,235,0,0,0.3088918626308441,1
42,50,236,1,1,0.749391496181488,1
42,50,237,1,1,0.5208174586296082,1
42,50,238,0,1,0.5107339024543762,0
42,50,239,0,1,0.7161067128181458,0
42,50,240,0,1,0.7655820846557617,0
42,50,241,1,0,0.4580892324447632,0
42,50,242,1,0,0.48706698417663574,0
42,50,243,0,0,0.49502336978912354,1
42,50,244,1,1,0.6952498555183411,1
42,50,245,1,1,0.6098870635032654,1
42,50,246,0,1,0.6186189651489258,0
42,50,247,1,1,0.5057790875434875,1
42,50,248,1,1,0.5820638537406921,1
42,50,249,1,0,0.408604234457016,0
42,50,250,1,0,0.44482725858688354,0
42,50,251,1,1,0.8875094652175903,1
42,50,252,0,0,0.2968374788761139,1
42,50,253,1,1,0.5819597244262695,1
42,50,254,0,1,0.7158965468406677,0
42,50,255,1,1,0.6764199733734131,1
42,50,256,0,1,0.7304415702819824,0
42,50,257,0,0,0.3558594882488251,1
42,50,258,0,1,0.6030676960945129,0
42,50,259,0,1,0.6806386113166809,0
42,50,260,0,0,0.21330998837947845,1
42,50,261,0,0,0.4397527873516083,1
42,50,262,1,1,0.7422598600387573,1
42,50,263,1,1,0.5541310906410217,1
42,50,264,1,1,0.8149774074554443,1
42,50,265,0,1,0.5839250087738037,0
42,50,266,1,0,0.4226105213165283,0
42,50,267,1,0,0.1469348520040512,0
42,50,268,1,1,0.8808704614639282,1
42,50,269,0,1,0.6740326881408691,0
42,50,270,1,0,0.33787500858306885,0
42,50,271,0,0,0.2840207815170288,1
42,50,272,0,1,0.5068686008453369,0
42,50,273,1,1,0.5065698027610779,1
42,50,274,1,1,0.5081880688667297,1
42,50,275,0,0,0.48967689275741577,1
42,50,276,0,0,0.4927133023738861,1
42,50,277,1,1,0.6340330839157104,1
42,50,278,0,0,0.3282008767127991,1
42,50,279,0,1,0.5312610268592834,0
42,50,280,1,1,0.5132993459701538,1
42,50,281,0,0,0.2354564368724823,1
42,50,282,0,1,0.5414811968803406,0
42,50,283,0,0,0.35786324739456177,1
42,50,284,1,0,0.3967253267765045,0
42,50,285,0,0,0.15598620474338531,1
42,50,286,0,1,0.5980660915374756,0
42,50,287,1,1,0.662279486656189,1
42,50,288,1,1,0.7037772536277771,1
42,50,289,0,0,0.4770926833152771,1
42,50,290,0,0,0.20175400376319885,1
42,50,291,1,0,0.4563435912132263,0
42,50,292,1,0,0.2053958922624588,0
42,50,293,1,0,0.3844331204891205,0
42,50,294,0,1,0.5164175033569336,0
42,50,295,1,1,0.5464411377906799,1
42,50,296,0,1,0.8495482802391052,0
42,50,297,1,1,0.6338904500007629,1
42,50,298,1,1,0.8433083891868591,1
42,50,299,1,1,0.7844034433364868,1
42,50,300,0,1,0.757155179977417,0
42,50,301,1,1,0.5398135781288147,1
42,50,302,1,1,0.5377129912376404,1
42,50,303,0,0,0.2357761561870575,1
42,50,304,1,0,0.36446714401245117,0
42,50,305,0,0,0.43946927785873413,1
42,50,306,0,0,0.1261163055896759,1
42,50,307,0,0,0.3384353220462799,1
42,50,308,0,1,0.6580162048339844,0
42,50,309,0,0,0.45077547430992126,1
42,50,310,0,0,0.39526671171188354,1
42,50,311,0,0,0.2514798939228058,1
42,50,312,0,0,0.29892292618751526,1
42,50,313,0,0,0.24304012954235077,1
42,50,314,0,0,0.1838330626487732,1
42,50,315,0,1,0.8467271327972412,0
42,60,0,0,1,0.5485878586769104,0
42,60,1,1,0,0.3530259132385254,0
42,60,2,0,1,0.5139541029930115,0
42,60,3,1,1,0.5077250003814697,1
42,60,4,0,0,0.35444319248199463,1
42,60,5,1,1,0.6425399780273438,1
42,60,6,0,1,0.7148499488830566,0
42,60,7,1,1,0.550436794757843,1
42,60,8,0,1,0.6048282384872437,0
42,60,9,0,0,0.2678298056125641,1
42,60,10,1,1,0.5816920399665833,1
42,60,11,1,1,0.7716044187545776,1
42,60,12,0,0,0.2228611558675766,1
42,60,13,0,0,0.34893664717674255,1
42,60,14,1,1,0.5710591673851013,1
42,60,15,1,1,0.5584070682525635,1
42,60,16,1,0,0.42162588238716125,0
42,60,17,0,1,0.5766909122467041,0
42,60,18,0,0,0.45773568749427795,1
42,60,19,1,1,0.7099027037620544,1
42,60,20,0,0,0.35411450266838074,1
42,60,21,0,1,0.5502074360847473,0
42,60,22,1,1,0.5011221170425415,1
42,60,23,0,1,0.506376326084137,0
42,60,24,1,1,0.6389159560203552,1
42,60,25,0,0,0.38500869274139404,1
42,60,26,0,1,0.5568435192108154,0
42,60,27,0,1,0.5192968249320984,0
42,60,28,0,0,0.2836557924747467,1
42,60,29,0,1,0.6930374503135681,0
42,60,30,0,1,0.6938907504081726,0
42,60,31,0,0,0.3662460148334503,1
42,60,32,1,1,0.8009898662567139,1
42,60,33,1,1,0.5462960004806519,1
42,60,34,1,1,0.7063362002372742,1
42,60,35,1,0,0.31367015838623047,0
42,60,36,1,1,0.6612337231636047,1
42,60,37,1,0,0.35448122024536133,0
42,60,38,0,1,0.6149613857269287,0
42,60,39,1,1,0.5837723016738892,1
42,60,40,0,1,0.5702860355377197,0
42,60,41,1,1,0.5013539791107178,1
42,60,42,0,0,0.34800007939338684,1
42,60,43,0,1,0.5473110675811768,0
42,60,44,1,1,0.7838875651359558,1
42,60,45,0,1,0.5018307566642761,0
42,60,46,1,0,0.32338228821754456,0
42,60,47,1,0,0.34216463565826416,0
42,60,48,0,0,0.4393956661224365,1
42,60,49,1,0,0.30512475967407227,0
42,60,50,1,1,0.5174967050552368,1
42,60,51,0,0,0.3678799569606781,1
42,60,52,0,1,0.6231831908226013,0
42,60,53,1,0,0.33625414967536926,0
42,60,54,0,0,0.3847935199737549,1
42,60,55,0,0,0.2306326925754547,1
42,60,56,1,1,0.626054048538208,1
42,60,57,0,1,0.7236657738685608,0
42,60,58,1,0,0.3976994752883911,0
42,60,59,0,0,0.3698594272136688,1
42,60,60,1,0,0.24281485378742218,0
42,60,61,0,1,0.7825066447257996,0
42,60,62,0,1,0.559243381023407,0
42,60,63,1,1,0.5059037208557129,1
42,60,64,0,1,0.5858208537101746,0
42,60,65,0,0,0.4913320541381836,1
42,60,66,0,0,0.4291478395462036,1
42,60,67,0,1,0.6260288953781128,0
42,60,68,0,0,0.4987362027168274,1
42,60,69,1,0,0.24596470594406128,0
42,60,70,0,0,0.25899040699005127,1
42,60,71,1,0,0.32199826836586,0
42,60,72,0,1,0.7483910322189331,0
42,60,73,0,1,0.5269675254821777,0
42,60,74,0,1,0.630585789680481,0
42,60,75,0,1,0.5616396069526672,0
42,60,76,0,1,0.6103153228759766,0
42,60,77,1,1,0.517720103263855,1
42,60,78,1,0,0.3177811801433563,0
42,60,79,1,0,0.4377545416355133,0
42,60,80,0,1,0.9521982073783875,0
42,60,81,1,0,0.41877758502960205,0
42,60,82,0,0,0.325067400932312,1
42,60,83,1,1,0.6634259223937988,1
42,60,84,1,1,0.6077329516410828,1
42,60,85,1,0,0.36897632479667664,0
42,60,86,1,1,0.6519591212272644,1
42,60,87,1,0,0.27176618576049805,0
42,60,88,1,1,0.7758253812789917,1
42,60,89,1,0,0.35982009768486023,0
42,60,90,1,1,0.8791202902793884,1
42,60,91,1,1,0.5135875344276428,1
42,60,92,0,0,0.3360567092895508,1
42,60,93,0,0,0.36093947291374207,1
42,60,94,0,1,0.5873208045959473,0
42,60,95,0,1,0.6228801012039185,0
42,60,96,1,1,0.5036749243736267,1
42,60,97,1,1,0.5257836580276489,1
42,60,98,1,1,0.5339481830596924,1
42,60,99,0,0,0.3694767355918884,1
42,60,100,1,0,0.3239775598049164,0
42,60,101,1,1,0.7480033040046692,1
42,60,102,1,1,0.64093017578125,1
42,60,103,0,0,0.3682965338230133,1
42,60,104,1,0,0.323857843875885,0
42,60,105,0,0,0.4951362907886505,1
42,60,106,1,1,0.838686466217041,1
42,60,107,1,1,0.736493706703186,1
42,60,108,1,1,0.755366861820221,1
42,60,109,0,0,0.4188680946826935,1
42,60,110,1,1,0.7035882472991943,1
42,60,111,0,1,0.6898901462554932,0
42,60,112,1,0,0.47629767656326294,0
42,60,113,0,1,0.5432999134063721,0
42,60,114,0,0,0.4541952610015869,1
42,60,115,0,1,0.6738815307617188,0
42,60,116,1,1,0.7040510177612305,1
42,60,117,0,0,0.46645453572273254,1
42,60,118,0,1,0.6271692514419556,0
42,60,119,1,1,0.6481903791427612,1
42,60,120,1,1,0.7074902057647705,1
42,60,121,1,1,0.6327253580093384,1
42,60,122,1,1,0.7403686046600342,1
42,60,123,0,0,0.2581157088279724,1
42,60,124,1,0,0.3494294583797455,0
42,60,125,1,0,0.48150089383125305,0
42,60,126,0,1,0.5432941913604736,0
42,60,127,0,1,0.8845288753509521,0
42,60,128,1,1,0.5400710701942444,1
42,60,129,1,0,0.35186493396759033,0
42,60,130,1,1,0.7182795405387878,1
42,60,131,1,0,0.32426080107688904,0
42,60,132,1,1,0.6043951511383057,1
42,60,133,0,0,0.3346051275730133,1
42,60,134,0,1,0.5195890665054321,0
42,60,135,0,1,0.6109375953674316,0
42,60,136,0,0,0.06476250290870667,1
42,60,137,1,1,0.5029304623603821,1
42,60,138,1,1,0.5981013178825378,1
42,60,139,0,1,0.7116682529449463,0
42,60,140,1,1,0.6806909441947937,1
42,60,141,1,1,0.5852872133255005,1
42,60,142,1,1,0.5733460187911987,1
42,60,143,1,1,0.8200812935829163,1
42,60,144,1,1,0.7363327145576477,1
42,60,145,1,1,0.6635501384735107,1
42,60,146,1,1,0.7991474270820618,1
42,60,147,0,0,0.3416807949542999,1
42,60,148,0,0,0.37269315123558044,1
42,60,149,0,0,0.19353020191192627,1
42,60,150,1,1,0.512441873550415,1
42,60,151,1,0,0.4689989387989044,0
42,60,152,0,1,0.8691372871398926,0
42,60,153,0,0,0.221404030919075,1
42,60,154,1,1,0.7887534499168396,1
42,60,155,1,1,0.5892439484596252,1
42,60,156,0,0,0.37263333797454834,1
42,60,157,0,1,0.574371874332428,0
42,60,158,0,0,0.3356378674507141,1
42,60,159,0,0,0.3335040509700775,1
42,60,160,0,0,0.31280896067619324,1
42,60,161,1,1,0.653251588344574,1
42,60,162,1,1,0.5842587947845459,1
42,60,163,1,0,0.3263416886329651,0
42,60,164,1,0,0.4478132128715515,0
42,60,165,1,0,0.35767045617103577,0
42,60,166,1,0,0.49109241366386414,0
42,60,167,0,0,0.40267086029052734,1
42,60,168,1,0,0.35663142800331116,0
42,60,169,0,1,0.5891522765159607,0
42,60,170,1,0,0.43544116616249084,0
42,60,171,1,0,0.3722030520439148,0
42,60,172,0,0,0.44186311960220337,1
42,60,173,1,1,0.57541823387146,1
42,60,174,0,0,0.4411937892436981,1
42,60,175,0,1,0.6998521685600281,0
42,60,176,1,1,0.7166962027549744,1
42,60,177,1,1,0.5719045996665955,1
42,60,178,1,0,0.3253658711910248,0
42,60,179,0,0,0.19207748770713806,1
42,60,180,0,1,0.5362665057182312,0
42,60,181,1,0,0.2987383306026459,0
42,60,182,0,1,0.6873632073402405,0
42,60,183,0,0,0.24799790978431702,1
42,60,184,0,0,0.3144327998161316,1
42,60,185,0,0,0.302651047706604,1
42,60,186,0,0,0.3977970480918884,1
42,60,187,1,1,0.7026036381721497,1
42,60,188,1,1,0.5814358592033386,1
42,60,189,0,1,0.5836794376373291,0
42,60,190,0,1,0.7240961790084839,0
42,60,191,0,0,0.4045529365539551,1
42,60,192,0,1,0.6097601056098938,0
42,60,193,1,1,0.5844318270683289,1
42,60,194,0,0,0.34642860293388367,1
42,60,195,0,0,0.1269875466823578,1
42,60,196,0,1,0.5652695298194885,0
42,60,197,1,1,0.7246474027633667,1
42,60,198,0,0,0.342679888010025,1
42,60,199,0,0,0.3199100196361542,1
42,60,200,1,0,0.3009980022907257,0
42,60,201,0,1,0.547675371170044,0
42,60,202,0,1,0.5199494361877441,0
42,60,203,0,1,0.5493902564048767,0
42,60,204,1,1,0.7115907073020935,1
42,60,205,1,0,0.24930457770824432,0
42,60,206,1,1,0.6107050776481628,1
42,60,207,0,0,0.42490679025650024,1
42,60,208,0,1,0.6830235123634338,0
42,60,209,0,1,0.5485377311706543,0
42,60,210,1,0,0.41378068923950195,0
42,60,211,1,1,0.579734206199646,1
42,60,212,1,1,0.612592875957489,1
42,60,213,0,0,0.33174073696136475,1
42,60,214,0,0,0.25641918182373047,1
42,60,215,0,0,0.21713753044605255,1
42,60,216,1,0,0.3092036545276642,0
42,60,217,0,1,0.7493622303009033,0
42,60,218,1,0,0.3710511028766632,0
42,60,219,1,0,0.19707609713077545,0
42,60,220,1,0,0.3076159954071045,0
42,60,221,1,1,0.5064412355422974,1
42,60,222,1,1,0.7990807294845581,1
42,60,223,1,1,0.5825236439704895,1
42,60,224,1,1,0.66422039270401,1
42,60,225,0,0,0.38442790508270264,1
42,60,226,1,0,0.4477851986885071,0
42,60,227,0,0,0.41149529814720154,1
42,60,228,0,0,0.33437448740005493,1
42,60,229,0,0,0.4502119719982147,1
42,60,230,1,1,0.744337797164917,1
42,60,231,0,1,0.6159292459487915,0
42,60,232,1,1,0.5839414000511169,1
42,60,233,1,0,0.2761327922344208,0
42,60,234,1,1,0.6306530237197876,1
42,60,235,0,0,0.3196663558483124,1
42,60,236,1,1,0.7822750210762024,1
42,60,237,1,1,0.5031453967094421,1
42,60,238,0,1,0.5334994196891785,0
42,60,239,0,1,0.773313581943512,0
42,60,240,0,1,0.7876459956169128,0
42,60,241,1,1,0.5117672681808472,1
42,60,242,1,0,0.28955167531967163,0
42,60,243,0,0,0.47729408740997314,1
42,60,244,1,1,0.7349565625190735,1
42,60,245,1,1,0.5973249077796936,1
42,60,246,0,1,0.6725994348526001,0
42,60,247,1,0,0.4434468448162079,0
42,60,248,1,1,0.6158848404884338,1
42,60,249,1,0,0.339028000831604,0
42,60,250,1,0,0.4437268078327179,0
42,60,251,1,1,0.8838353753089905,1
42,60,252,0,0,0.35191860795021057,1
42,60,253,1,1,0.5763126015663147,1
42,60,254,0,1,0.6652904152870178,0
42,60,255,1,1,0.6099526882171631,1
42,60,256,0,1,0.6997124552726746,0
42,60,257,0,0,0.40151992440223694,1
42,60,258,0,1,0.6342719197273254,0
42,60,259,0,1,0.7148540616035461,0
42,60,260,0,0,0.18156233429908752,1
42,60,261,0,0,0.3905895948410034,1
42,60,262,1,1,0.7742162942886353,1
42,60,263,1,1,0.6005595326423645,1
42,60,264,1,1,0.8776214122772217,1
42,60,265,0,1,0.6997074484825134,0
42,60,266,1,1,0.5045201778411865,1
42,60,267,1,0,0.16837230324745178,0
42,60,268,1,1,0.8894240260124207,1
42,60,269,0,1,0.6530594825744629,0
42,60,270,1,0,0.2945178747177124,0
42,60,271,0,0,0.21746152639389038,1
42,60,272,0,1,0.5196042060852051,0
42,60,273,1,0,0.4522671103477478,0
42,60,274,1,0,0.45473381876945496,0
42,60,275,0,1,0.5415760278701782,0
42,60,276,0,0,0.4390035569667816,1
42,60,277,1,1,0.6127032041549683,1
42,60,278,0,0,0.11545177549123764,1
42,60,279,0,1,0.5036745667457581,0
42,60,280,1,1,0.6228523850440979,1
42,60,281,0,0,0.1549418419599533,1
42,60,282,0,1,0.5222998261451721,0
42,60,283,0,0,0.4297497272491455,1
42,60,284,1,1,0.5066301822662354,1
42,60,285,0,0,0.21346625685691833,1
42,60,286,0,1,0.5963643789291382,0
42,60,287,1,1,0.6918343901634216,1
42,60,288,1,1,0.7064580917358398,1
42,60,289,0,1,0.5236174464225769,0
42,60,290,0,0,0.2175409495830536,1
42,60,291,1,0,0.3895774483680725,0
42,60,292,1,0,0.2245156317949295,0
42,60,293,1,0,0.38763028383255005,0
42,60,294,0,0,0.49178507924079895,1
42,60,295,1,1,0.5237971544265747,1
42,60,296,0,1,0.8771331906318665,0
42,60,297,1,1,0.5902750492095947,1
42,60,298,1,1,0.8261377811431885,1
42,60,299,1,1,0.8228495717048645,1
42,60,300,0,1,0.7523100972175598,0
42,60,301,1,1,0.5713040232658386,1
42,60,302,1,1,0.534708559513092,1
42,60,303,0,0,0.19528992474079132,1
42,60,304,1,0,0.3471772074699402,0
42,60,305,0,0,0.4124912619590759,1
42,60,306,0,0,0.13009212911128998,1
42,60,307,0,0,0.3508473336696625,1
42,60,308,0,1,0.6142526268959045,0
42,60,309,0,0,0.4823450744152069,1
42,60,310,0,0,0.40595775842666626,1
42,60,311,0,0,0.27059367299079895,1
42,60,312,0,0,0.2653653919696808,1
42,60,313,0,0,0.25157174468040466,1
42,60,314,0,0,0.19272136688232422,1
42,60,315,0,1,0.905470073223114,0
43,20,0,0,1,0.6935757994651794,0
43,20,1,1,0,0.32636016607284546,0
43,20,2,0,1,0.5564036965370178,0
43,20,3,1,0,0.46056973934173584,0
43,20,4,0,0,0.38516831398010254,1
43,20,5,1,1,0.6044912338256836,1
43,20,6,0,1,0.535743236541748,0
43,20,7,1,0,0.35712191462516785,0
43,20,8,0,0,0.49648571014404297,1
43,20,9,0,0,0.48056551814079285,1
43,20,10,1,0,0.3658548891544342,0
43,20,11,1,0,0.47429510951042175,0
43,20,12,0,0,0.29490476846694946,1
43,20,13,0,0,0.41435128450393677,1
43,20,14,1,0,0.4935511350631714,0
43,20,15,1,0,0.4989490509033203,0
43,20,16,1,1,0.6298046112060547,1
43,20,17,0,1,0.579326331615448,0
43,20,18,0,1,0.6050660610198975,0
43,20,19,1,1,0.7280442118644714,1
43,20,20,0,1,0.5337528586387634,0
43,20,21,0,0,0.40895289182662964,1
43,20,22,1,1,0.5769851803779602,1
43,20,23,0,1,0.5189161896705627,0
43,20,24,1,1,0.5669981837272644,1
43,20,25,0,0,0.4524441063404083,1
43,20,26,0,1,0.5833538770675659,0
43,20,27,0,1,0.6112989187240601,0
43,20,28,0,0,0.49032077193260193,1
43,20,29,0,1,0.7356921434402466,0
43,20,30,0,0,0.22433093190193176,1
43,20,31,0,0,0.3713812530040741,1
43,20,32,1,1,0.7514801621437073,1
43,20,33,1,1,0.5366613864898682,1
43,20,34,1,1,0.7153708934783936,1
43,20,35,1,0,0.37835946679115295,0
43,20,36,1,0,0.4933873116970062,0
43,20,37,1,0,0.34994369745254517,0
43,20,38,0,1,0.6744378209114075,0
43,20,39,1,0,0.42225998640060425,0
43,20,40,0,1,0.5487961173057556,0
43,20,41,1,0,0.47710496187210083,0
43,20,42,0,0,0.47788500785827637,1
43,20,43,0,1,0.6521846652030945,0
43,20,44,1,1,0.6241771578788757,1
43,20,45,0,1,0.5466721653938293,0
43,20,46,1,0,0.2810019552707672,0
43,20,47,1,0,0.2708536684513092,0
43,20,48,0,0,0.35981932282447815,1
43,20,49,1,0,0.25190550088882446,0
43,20,50,1,1,0.5697849988937378,1
43,20,51,0,0,0.44518887996673584,1
43,20,52,0,0,0.4218166768550873,1
43,20,53,1,1,0.5173765420913696,1
43,20,54,0,0,0.34196677803993225,1
43,20,55,0,0,0.2349168360233307,1
43,20,56,1,0,0.49099037051200867,0
43,20,57,0,1,0.6625070571899414,0
43,20,58,1,1,0.5068423748016357,1
43,20,59,0,0,0.4844706356525421,1
43,20,60,1,0,0.38664954900741577,0
43,20,61,0,1,0.6858859062194824,0
43,20,62,0,0,0.49819472432136536,1
43,20,63,1,0,0.40504494309425354,0
43,20,64,0,1,0.5619441270828247,0
43,20,65,0,1,0.5934550166130066,0
43,20,66,0,1,0.5812370181083679,0
43,20,67,0,0,0.47346940636634827,1
43,20,68,0,0,0.3064092993736267,1
43,20,69,1,0,0.2569259703159332,0
43,20,70,0,1,0.5007535219192505,0
43,20,71,1,0,0.43155381083488464,0
43,20,72,0,0,0.47657743096351624,1
43,20,73,0,0,0.4709867238998413,1
43,20,74,0,1,0.667509913444519,0
43,20,75,0,0,0.380552738904953,1
43,20,76,0,1,0.5458189845085144,0
43,20,77,1,0,0.3663635849952698,0
43,20,78,1,0,0.3096843361854553,0
43,20,79,1,1,0.57764732837677,1
43,20,80,0,1,0.5351946949958801,0
43,20,81,1,0,0.41696178913116455,0
43,20,82,0,0,0.4450419247150421,1
43,20,83,1,1,0.6271572709083557,1
43,20,84,1,1,0.6249086856842041,1
43,20,85,1,1,0.5381044149398804,1
43,20,86,1,0,0.46868863701820374,0
43,20,87,1,1,0.5063930749893188,1
43,20,88,1,1,0.6016365885734558,1
43,20,89,1,1,0.5299246311187744,1
43,20,90,1,1,0.6309503316879272,1
43,20,91,1,0,0.47992777824401855,0
43,20,92,0,1,0.5303857922554016,0
43,20,93,0,1,0.5483356714248657,0
43,20,94,0,1,0.5779417157173157,0
43,20,95,0,1,0.517272412776947,0
43,20,96,1,0,0.4987710118293762,0
43,20,97,1,0,0.4213397204875946,0
43,20,98,1,1,0.5532724857330322,1
43,20,99,0,0,0.4536391794681549,1
43,20,100,1,0,0.4060341715812683,0
43,20,101,1,0,0.4765856862068176,0
43,20,102,1,1,0.7366937398910522,1
43,20,103,0,0,0.35119086503982544,1
43,20,104,1,0,0.4766908288002014,0
43,20,105,0,1,0.5252395868301392,0
43,20,106,1,1,0.662743866443634,1
43,20,107,1,1,0.5706138014793396,1
43,20,108,1,1,0.7021961212158203,1
43,20,109,0,0,0.4105682075023651,1
43,20,110,1,0,0.3223489224910736,0
43,20,111,0,1,0.5869176387786865,0
43,20,112,1,1,0.6292125582695007,1
43,20,113,0,0,0.4285871088504791,1
43,20,114,0,0,0.48904210329055786,1
43,20,115,0,1,0.5781623721122742,0
43,20,116,1,1,0.6575056314468384,1
43,20,117,0,1,0.5096300840377808,0
43,20,118,0,0,0.43971124291419983,1
43,20,119,1,1,0.7844614386558533,1
43,20,120,1,1,0.6033177971839905,1
43,20,121,1,1,0.65984708070755,1
43,20,122,1,1,0.640962541103363,1
43,20,123,0,0,0.3995027244091034,1
43,20,124,1,1,0.5054267048835754,1
43,20,125,1,1,0.5088542103767395,1
43,20,126,0,0,0.4785182774066925,1
43,20,127,0,1,0.712390661239624,0
43,20,128,1,1,0.5042254328727722,1
43,20,129,1,0,0.4271891415119171,0
43,20,130,1,1,0.7200116515159607,1
43,20,131,1,0,0.40482643246650696,0
43,20,132,1,1,0.5094175338745117,1
43,20,133,0,0,0.31880295276641846,1
43,20,134,0,0,0.4959162175655365,1
43,20,135,0,1,0.5276322960853577,0
43,20,136,0,0,0.25090792775154114,1
43,20,137,1,1,0.620755136013031,1
43,20,138,1,0,0.47129026055336,0
43,20,139,0,0,0.4699045717716217,1
43,20,140,1,0,0.495374470949173,0
43,20,141,1,1,0.6516517400741577,1
43,20,142,1,1,0.5361871123313904,1
43,20,143,1,1,0.6642407774925232,1
43,20,144,1,1,0.6599555611610413,1
43,20,145,1,1,0.5536262392997742,1
43,20,146,1,1,0.6887059807777405,1
43,20,147,0,0,0.41932427883148193,1
43,20,148,0,0,0.3485282361507416,1
43,20,149,0,0,0.39467889070510864,1
43,20,150,1,0,0.4937283992767334,0
43,20,151,1,0,0.45274028182029724,0
43,20,152,0,1,0.6718000769615173,0
43,20,153,0,0,0.3720218539237976,1
43,20,154,1,1,0.573058009147644,1
43,20,155,1,1,0.5804930925369263,1
43,20,156,0,1,0.5016704797744751,0
43,20,157,0,0,0.47371795773506165,1
43,20,158,0,0,0.25431859493255615,1
43,20,159,0,0,0.4503670930862427,1
43,20,160,0,1,0.5348253846168518,0
43,20,161,1,1,0.6820882558822632,1
43,20,162,1,1,0.5376706123352051,1
43,20,163,1,0,0.30417561531066895,0
43,20,164,1,1,0.7353686690330505,1
43,20,165,1,0,0.4287146329879761,0
43,20,166,1,1,0.557918131351471,1
43,20,167,0,0,0.30902862548828125,1
43,20,168,1,0,0.3469748795032501,0
43,20,169,0,0,0.4672366678714752,1
43,20,170,1,1,0.5381914377212524,1
43,20,171,1,0,0.48247814178466797,0
43,20,172,0,1,0.5414704084396362,0
43,20,173,1,1,0.6864269375801086,1
43,20,174,0,0,0.3025941550731659,1
43,20,175,0,1,0.5123213529586792,0
43,20,176,1,1,0.7008471488952637,1
43,20,177,1,0,0.3571166396141052,0
43,20,178,1,1,0.6113220453262329,1
43,20,179,0,0,0.43364712595939636,1
43,20,180,0,0,0.46069997549057007,1
43,20,181,1,0,0.2688729465007782,0
43,20,182,0,1,0.5800411105155945,0
43,20,183,0,0,0.2924683094024658,1
43,20,184,0,0,0.340450257062912,1
43,20,185,0,0,0.45946764945983887,1
43,20,186,0,1,0.5050714015960693,0
43,20,187,1,0,0.42927706241607666,0
43,20,188,1,1,0.5962690114974976,1
43,20,189,0,1,0.5817863941192627,0
43,20,190,0,1,0.7547418475151062,0
43,20,191,0,1,0.5853875279426575,0
43,20,192,0,1,0.5999860763549805,0
43,20,193,1,0,0.4573696553707123,0
43,20,194,0,0,0.4485224783420563,1
43,20,195,0,0,0.369834840297699,1
43,20,196,0,0,0.37853604555130005,1
43,20,197,1,1,0.545617401599884,1
43,20,198,0,0,0.36037006974220276,1
43,20,199,0,0,0.4563279449939728,1
43,20,200,1,0,0.3301374316215515,0
43,20,201,0,0,0.37788763642311096,1
43,20,202,0,0,0.46512314677238464,1
43,20,203,0,1,0.5459600687026978,0
43,20,204,1,1,0.5589021444320679,1
43,20,205,1,0,0.3913102149963379,0
43,20,206,1,0,0.48688554763793945,0
43,20,207,0,0,0.3359023928642273,1
43,20,208,0,1,0.7151203155517578,0
43,20,209,0,1,0.5375298261642456,0
43,20,210,1,0,0.3791167736053467,0
43,20,211,1,1,0.5495691895484924,1
43,20,212,1,0,0.4621458053588867,0
43,20,213,0,0,0.47869813442230225,1
43,20,214,0,0,0.4409022927284241,1
43,20,215,0,0,0.3408290147781372,1
43,20,216,1,0,0.4704549312591553,0
43,20,217,0,1,0.604608952999115,0
43,20,218,1,1,0.5266271829605103,1
43,20,219,1,0,0.2999173700809479,0
43,20,220,1,1,0.5837491154670715,1
43,20,221,1,1,0.5050463080406189,1
43,20,222,1,1,0.5515206456184387,1
43,20,223,1,1,0.5919233560562134,1
43,20,224,1,1,0.5105729103088379,1
43,20,225,0,1,0.5327827334403992,0
43,20,226,1,1,0.5420743227005005,1
43,20,227,0,0,0.42832183837890625,1
43,20,228,0,0,0.3908047676086426,1
43,20,229,0,1,0.5661203265190125,0
43,20,230,1,1,0.7067791819572449,1
43,20,231,0,1,0.674419641494751,0
43,20,232,1,1,0.6134017109870911,1
43,20,233,1,0,0.4440807104110718,0
43,20,234,1,1,0.6614764332771301,1
43,20,235,0,0,0.4328773319721222,1
43,20,236,1,1,0.6794381737709045,1
43,20,237,1,1,0.5283688306808472,1
43,20,238,0,1,0.5597476363182068,0
43,20,239,0,0,0.4884004592895508,1
43,20,240,0,1,0.6522517204284668,0
43,20,241,1,1,0.589995801448822,1
43,20,242,1,0,0.3911384046077728,0
43,20,243,0,1,0.5171566009521484,0
43,20,244,1,1,0.7506511807441711,1
43,20,245,1,1,0.6011619567871094,1
43,20,246,0,1,0.5468302369117737,0
43,20,247,1,1,0.6484251022338867,1
43,20,248,1,1,0.604880690574646,1
43,20,249,1,0,0.43356645107269287,0
43,20,250,1,0,0.38270094990730286,0
43,20,251,1,1,0.7172653675079346,1
43,20,252,0,0,0.3484957814216614,1
43,20,253,1,1,0.591812789440155,1
43,20,254,0,1,0.5197799205780029,0
43,20,255,1,0,0.4898931086063385,0
43,20,256,0,1,0.5341104865074158,0
43,20,257,0,1,0.5001983046531677,0
43,20,258,0,1,0.635490894317627,0
43,20,259,0,1,0.6077398061752319,0
43,20,260,0,0,0.3301796317100525,1
43,20,261,0,0,0.42542585730552673,1
43,20,262,1,0,0.47757211327552795,0
43,20,263,1,1,0.5041544437408447,1
43,20,264,1,1,0.6235751509666443,1
43,20,265,0,1,0.6242774724960327,0
43,20,266,1,0,0.4868709146976471,0
43,20,267,1,0,0.42417028546333313,0
43,20,268,1,1,0.6963755488395691,1
43,20,269,0,1,0.5877388715744019,0
43,20,270,1,0,0.44549861550331116,0
43,20,271,0,0,0.2502345144748688,1
43,20,272,0,0,0.45390844345092773,1
43,20,273,1,1,0.5711857676506042,1
43,20,274,1,0,0.4495076835155487,0
43,20,275,0,0,0.49309736490249634,1
43,20,276,0,0,0.4474369287490845,1
43,20,277,1,0,0.4561341404914856,0
43,20,278,0,0,0.13477592170238495,1
43,20,279,0,0,0.48876991868019104,1
43,20,280,1,0,0.47141560912132263,0
43,20,281,0,0,0.41511106491088867,1
43,20,282,0,0,0.4301600754261017,1
43,20,283,0,0,0.4394635260105133,1
43,20,284,1,0,0.366289883852005,0
43,20,285,0,0,0.2686755061149597,1
43,20,286,0,0,0.475437730550766,1
43,20,287,1,1,0.5928349494934082,1
43,20,288,1,1,0.5766245126724243,1
43,20,289,0,0,0.4606792628765106,1
43,20,290,0,0,0.28834062814712524,1
43,20,291,1,1,0.5333123803138733,1
43,20,292,1,0,0.29183489084243774,0
43,20,293,1,1,0.515085756778717,1
43,20,294,0,0,0.4564928114414215,1
43,20,295,1,1,0.5729879140853882,1
43,20,296,0,1,0.5274416208267212,0
43,20,297,1,1,0.5385453701019287,1
43,20,298,1,1,0.7083585262298584,1
43,20,299,1,1,0.6035109758377075,1
43,20,300,0,1,0.6357423663139343,0
43,20,301,1,0,0.47891947627067566,0
43,20,302,1,0,0.4500109851360321,0
43,20,303,0,0,0.3627294898033142,1
43,20,304,1,1,0.6204870343208313,1
43,20,305,0,0,0.49570339918136597,1
43,20,306,0,0,0.36976081132888794,1
43,20,307,0,0,0.44477832317352295,1
43,20,308,0,1,0.529429018497467,0
43,20,309,0,0,0.4121472239494324,1
43,20,310,0,0,0.46456828713417053,1
43,20,311,0,0,0.43600043654441833,1
43,20,312,0,0,0.2932354509830475,1
43,20,313,0,0,0.4022913873195648,1
43,20,314,0,0,0.3058916926383972,1
43,20,315,0,1,0.6109418869018555,0
43,30,0,0,1,0.8179296255111694,0
43,30,1,1,0,0.34137094020843506,0
43,30,2,0,1,0.6221121549606323,0
43,30,3,1,0,0.4775707721710205,0
43,30,4,0,0,0.43287456035614014,1
43,30,5,1,1,0.6969476342201233,1
43,30,6,0,1,0.5112752914428711,0
43,30,7,1,0,0.3522982597351074,0
43,30,8,0,1,0.6132015585899353,0
43,30,9,0,0,0.4488239288330078,1
43,30,10,1,0,0.2429904043674469,0
43,30,11,1,1,0.5343905091285706,1
43,30,12,0,0,0.2652374804019928,1
43,30,13,0,0,0.3710179328918457,1
43,30,14,1,1,0.5112161636352539,1
43,30,15,1,0,0.474890798330307,0
43,30,16,1,1,0.6284538507461548,1
43,30,17,0,1,0.5795450210571289,0
43,30,18,0,1,0.6066654324531555,0
43,30,19,1,1,0.8075996041297913,1
43,30,20,0,1,0.5579309463500977,0
43,30,21,0,0,0.44585540890693665,1
43,30,22,1,0,0.49402502179145813,0
43,30,23,0,0,0.47651398181915283,1
43,30,24,1,1,0.5073860287666321,1
43,30,25,0,0,0.4257974326610565,1
43,30,26,0,0,0.4490664005279541,1
43,30,27,0,1,0.548590898513794,0
43,30,28,0,0,0.40351125597953796,1
43,30,29,0,1,0.7650989294052124,0
43,30,30,0,0,0.3261094391345978,1
43,30,31,0,0,0.3394658863544464,1
43,30,32,1,1,0.8284494876861572,1
43,30,33,1,1,0.583340585231781,1
43,30,34,1,1,0.7838233709335327,1
43,30,35,1,0,0.35707077383995056,0
43,30,36,1,0,0.494548499584198,0
43,30,37,1,0,0.3326220214366913,0
43,30,38,0,1,0.6950667500495911,0
43,30,39,1,0,0.4174441695213318,0
43,30,40,0,1,0.5020031332969666,0
43,30,41,1,1,0.5200833678245544,1
43,30,42,0,0,0.40567195415496826,1
43,30,43,0,1,0.6171504259109497,0
43,30,44,1,1,0.7156020402908325,1
43,30,45,0,1,0.5879272818565369,0
43,30,46,1,0,0.29117634892463684,0
43,30,47,1,0,0.26821571588516235,0
43,30,48,0,0,0.3078198730945587,1
43,30,49,1,0,0.2506870925426483,0
43,30,50,1,1,0.6074461936950684,1
43,30,51,0,0,0.4349784255027771,1
43,30,52,0,0,0.4699271023273468,1
43,30,53,1,1,0.5054368376731873,1
43,30,54,0,0,0.28930994868278503,1
43,30,55,0,0,0.1876601129770279,1
43,30,56,1,0,0.47490963339805603,0
43,30,57,0,1,0.7349153757095337,0
43,30,58,1,0,0.41072970628738403,0
43,30,59,0,0,0.3837731182575226,1
43,30,60,1,0,0.35183653235435486,0
43,30,61,0,1,0.7112188339233398,0
43,30,62,0,1,0.5189571380615234,0
43,30,63,1,0,0.4234669804573059,0
43,30,64,0,1,0.5694892406463623,0
43,30,65,0,1,0.5461937189102173,0
43,30,66,0,1,0.6061779260635376,0
43,30,67,0,0,0.4739938974380493,1
43,30,68,0,0,0.28193408250808716,1
43,30,69,1,0,0.19022972881793976,0
43,30,70,0,1,0.5129774212837219,0
43,30,71,1,0,0.40116751194000244,0
43,30,72,0,0,0.46692702174186707,1
43,30,73,0,0,0.4582822322845459,1
43,30,74,0,1,0.6790273785591125,0
43,30,75,0,0,0.38726693391799927,1
43,30,76,0,1,0.5627216696739197,0
43,30,77,1,0,0.36999592185020447,0
43,30,78,1,0,0.27313777804374695,0
43,30,79,1,1,0.5885083675384521,1
43,30,80,0,1,0.6573998928070068,0
43,30,81,1,0,0.38249146938323975,0
43,30,82,0,0,0.3236399292945862,1
43,30,83,1,1,0.6295173168182373,1
43,30,84,1,1,0.6752699017524719,1
43,30,85,1,0,0.48088338971138,0
43,30,86,1,0,0.4951702654361725,0
43,30,87,1,0,0.4894807040691376,0
43,30,88,1,1,0.676706850528717,1
43,30,89,1,0,0.42413005232810974,0
43,30,90,1,1,0.711251437664032,1
43,30,91,1,1,0.560283899307251,1
43,30,92,0,1,0.6031864285469055,0
43,30,93,0,1,0.5395054221153259,0
43,30,94,0,1,0.6090041995048523,0
43,30,95,0,0,0.4761451780796051,1
43,30,96,1,1,0.5923282504081726,1
43,30,97,1,0,0.41865548491477966,0
43,30,98,1,1,0.5949570536613464,1
43,30,99,0,0,0.49430739879608154,1
43,30,100,1,0,0.43711963295936584,0
43,30,101,1,1,0.5543794631958008,1
43,30,102,1,1,0.8120437264442444,1
43,30,103,0,0,0.32801589369773865,1
43,30,104,1,0,0.4560466706752777,0
43,30,105,0,0,0.47011518478393555,1
43,30,106,1,1,0.7521494030952454,1
43,30,107,1,1,0.6437071561813354,1
43,30,108,1,1,0.766286313533783,1
43,30,109,0,0,0.3655121922492981,1
43,30,110,1,0,0.3055284023284912,0
43,30,111,0,1,0.5979126691818237,0
43,30,112,1,1,0.7450575828552246,1
43,30,113,0,0,0.38835370540618896,1
43,30,114,0,1,0.5023794770240784,0
43,30,115,0,1,0.6043103337287903,0
43,30,116,1,1,0.6798104643821716,1
43,30,117,0,1,0.5377869009971619,0
43,30,118,0,0,0.45702314376831055,1
43,30,119,1,1,0.7554833889007568,1
43,30,120,1,1,0.6413435339927673,1
43,30,121,1,1,0.6997241973876953,1
43,30,122,1,1,0.6837801933288574,1
43,30,123,0,0,0.33369752764701843,1
43,30,124,1,0,0.3990683853626251,0
43,30,125,1,0,0.44997072219848633,0
43,30,126,0,0,0.49414241313934326,1
43,30,127,0,1,0.8236052989959717,0
43,30,128,1,1,0.5320074558258057,1
43,30,129,1,0,0.3458614647388458,0
43,30,130,1,1,0.6795833706855774,1
43,30,131,1,0,0.37888163328170776,0
43,30,132,1,1,0.5718523263931274,1
43,30,133,0,0,0.25691041350364685,1
43,30,134,0,1,0.5694578289985657,0
43,30,135,0,1,0.6097611784934998,0
43,30,136,0,0,0.1864781528711319,1
43,30,137,1,1,0.6693903803825378,1
43,30,138,1,1,0.5017924308776855,1
43,30,139,0,0,0.44584670662879944,1
43,30,140,1,1,0.5246706604957581,1
43,30,141,1,1,0.627935528755188,1
43,30,142,1,0,0.4629371464252472,0
43,30,143,1,1,0.6905238032341003,1
43,30,144,1,1,0.666465163230896,1
43,30,145,1,1,0.5999276041984558,1
43,30,146,1,1,0.7622316479682922,1
43,30,147,0,0,0.3593408167362213,1
43,30,148,0,0,0.2841743230819702,1
43,30,149,0,0,0.3664376735687256,1
43,30,150,1,1,0.5039989352226257,1
43,30,151,1,0,0.4407111704349518,0
43,30,152,0,1,0.7475593686103821,0
43,30,153,0,0,0.31389662623405457,1
43,30,154,1,1,0.731947660446167,1
43,30,155,1,1,0.5372011661529541,1
43,30,156,0,1,0.5419974327087402,0
43,30,157,0,0,0.44831621646881104,1
43,30,158,0,0,0.21722176671028137,1
43,30,159,0,0,0.44595515727996826,1
43,30,160,0,0,0.49007704854011536,1
43,30,161,1,1,0.6702144742012024,1
43,30,162,1,1,0.500582218170166,1
43,30,163,1,0,0.23537293076515198,0
43,30,164,1,1,0.794558584690094,1
43,30,165,1,0,0.39840373396873474,0
43,30,166,1,1,0.5245355367660522,1
43,30,167,0,0,0.2672741711139679,1
43,30,168,1,0,0.2588602304458618,0
43,30,169,0,0,0.49622493982315063,1
43,30,170,1,0,0.40279924869537354,0
43,30,171,1,0,0.4801962375640869,0
43,30,172,0,1,0.5112332105636597,0
43,30,173,1,1,0.7211979627609253,1
43,30,174,0,0,0.24635770916938782,1
43,30,175,0,1,0.6103054881095886,0
43,30,176,1,1,0.8255928754806519,1
43,30,177,1,0,0.37849587202072144,0
43,30,178,1,1,0.7069369554519653,1
43,30,179,0,0,0.3857029378414154,1
43,30,180,0,1,0.5249646902084351,0
43,30,181,1,0,0.19142083823680878,0
43,30,182,0,1,0.6051493287086487,0
43,30,183,0,0,0.21141330897808075,1
43,30,184,0,0,0.3512701690196991,1
43,30,185,0,0,0.42964866757392883,1
43,30,186,0,0,0.4503270387649536,1
43,30,187,1,0,0.445353239774704,0
43,30,188,1,1,0.5894599556922913,1
43,30,189,0,1,0.6239783763885498,0
43,30,190,0,1,0.796019434928894,0
43,30,191,0,1,0.5442362427711487,0
43,30,192,0,1,0.6490011811256409,0
43,30,193,1,0,0.4454296827316284,0
43,30,194,0,0,0.44700145721435547,1
43,30,195,0,0,0.3281507194042206,1
43,30,196,0,0,0.45220130681991577,1
43,30,197,1,1,0.6142916083335876,1
43,30,198,0,0,0.3446168005466461,1
43,30,199,0,0,0.47678467631340027,1
43,30,200,1,0,0.3252010941505432,0
43,30,201,0,0,0.3132459223270416,1
43,30,202,0,0,0.4708956182003021,1
43,30,203,0,1,0.516868531703949,0
43,30,204,1,1,0.6545057892799377,1
43,30,205,1,0,0.3221311569213867,0
43,30,206,1,1,0.5747103691101074,1
43,30,207,0,0,0.3573164641857147,1
43,30,208,0,1,0.677177369594574,0
43,30,209,0,0,0.47827741503715515,1
43,30,210,1,0,0.3369716703891754,0
43,30,211,1,1,0.5908797979354858,1
43,30,212,1,0,0.4852761924266815,0
43,30,213,0,0,0.4555903971195221,1
43,30,214,0,0,0.3523908853530884,1
43,30,215,0,0,0.2898823320865631,1
43,30,216,1,0,0.45865073800086975,0
43,30,217,0,1,0.6512964963912964,0
43,30,218,1,1,0.5793382525444031,1
43,30,219,1,0,0.17156851291656494,0
43,30,220,1,1,0.5464612245559692,1
43,30,221,1,1,0.5492453575134277,1
43,30,222,1,1,0.6353356838226318,1
43,30,223,1,1,0.589460551738739,1
43,30,224,1,0,0.4886954128742218,0
43,30,225,0,1,0.5595158934593201,0
43,30,226,1,0,0.47746407985687256,0
43,30,227,0,0,0.43492037057876587,1
43,30,228,0,0,0.3831734359264374,1
43,30,229,0,1,0.6110727190971375,0
43,30,230,1,1,0.7338869571685791,1
43,30,231,0,1,0.7682957649230957,0
43,30,232,1,1,0.6162473559379578,1
43,30,233,1,0,0.44990384578704834,0
43,30,234,1,1,0.7185090780258179,1
43,30,235,0,0,0.36693432927131653,1
43,30,236,1,1,0.7491189241409302,1
43,30,237,1,0,0.4990317225456238,0
43,30,238,0,1,0.6334516406059265,0
43,30,239,0,1,0.557738721370697,0
43,30,240,0,1,0.6630420684814453,0
43,30,241,1,1,0.6331999897956848,1
43,30,242,1,0,0.44467198848724365,0
43,30,243,0,0,0.4602927565574646,1
43,30,244,1,1,0.8739423155784607,1
43,30,245,1,1,0.6164831519126892,1
43,30,246,0,1,0.5288659930229187,0
43,30,247,1,1,0.6926119327545166,1
43,30,248,1,1,0.6562700867652893,1
43,30,249,1,0,0.382789671421051,0
43,30,250,1,0,0.3664418160915375,0
43,30,251,1,1,0.7754673361778259,1
43,30,252,0,0,0.32292652130126953,1
43,30,253,1,1,0.6556396484375,1
43,30,254,0,1,0.511846661567688,0
43,30,255,1,1,0.6088817119598389,1
43,30,256,0,1,0.5746821761131287,0
43,30,257,0,1,0.5278753042221069,0
43,30,258,0,1,0.6393980979919434,0
43,30,259,0,1,0.6661423444747925,0
43,30,260,0,0,0.28303202986717224,1
43,30,261,0,0,0.39768218994140625,1
43,30,262,1,1,0.5214843153953552,1
43,30,263,1,1,0.5269244909286499,1
43,30,264,1,1,0.7517731189727783,1
43,30,265,0,1,0.6459607481956482,0
43,30,266,1,1,0.5195671916007996,1
43,30,267,1,0,0.40160879492759705,0
43,30,268,1,1,0.7829223275184631,1
43,30,269,0,1,0.6487749814987183,0
43,30,270,1,0,0.43044447898864746,0
43,30,271,0,0,0.24341242015361786,1
43,30,272,0,0,0.43310239911079407,1
43,30,273,1,1,0.709271252155304,1
43,30,274,1,0,0.3599551320075989,0
43,30,275,0,1,0.590090811252594,0
43,30,276,0,0,0.4206414818763733,1
43,30,277,1,1,0.5022989511489868,1
43,30,278,0,0,0.15394394099712372,1
43,30,279,0,0,0.43644067645072937,1
43,30,280,1,0,0.48477452993392944,0
43,30,281,0,0,0.3944135010242462,1
43,30,282,0,0,0.4071052372455597,1
43,30,283,0,0,0.393334299325943,1
43,30,284,1,0,0.36829712986946106,0
43,30,285,0,0,0.3568096160888672,1
43,30,286,0,0,0.4563443064689636,1
43,30,287,1,1,0.660391092300415,1
43,30,288,1,1,0.6157141923904419,1
43,30,289,0,0,0.4809933304786682,1
43,30,290,0,0,0.25580477714538574,1
43,30,291,1,1,0.5086225867271423,1
43,30,292,1,0,0.25603511929512024,0
43,30,293,1,1,0.5441573262214661,1
43,30,294,0,0,0.4234429895877838,1
43,30,295,1,1,0.5791026949882507,1
43,30,296,0,1,0.5934514999389648,0
43,30,297,1,1,0.5403019189834595,1
43,30,298,1,1,0.7543511390686035,1
43,30,299,1,1,0.6813768744468689,1
43,30,300,0,1,0.6910000443458557,0
43,30,301,1,0,0.4373134970664978,0
43,30,302,1,0,0.46441853046417236,0
43,30,303,0,0,0.29264000058174133,1
43,30,304,1,1,0.6478468179702759,1
43,30,305,0,0,0.45261526107788086,1
43,30,306,0,0,0.34792235493659973,1
43,30,307,0,0,0.434215247631073,1
43,30,308,0,0,0.37039151787757874,1
43,30,309,0,0,0.42777907848358154,1
43,30,310,0,0,0.38456466794013977,1
43,30,311,0,0,0.38037624955177307,1
43,30,312,0,0,0.2351919263601303,1
43,30,313,0,0,0.3420887291431427,1
43,30,314,0,0,0.3259764015674591,1
43,30,315,0,1,0.6999577283859253,0
43,40,0,0,1,0.8637391924858093,0
43,40,1,1,0,0.31112197041511536,0
43,40,2,0,1,0.5966469645500183,0
43,40,3,1,0,0.4548115134239197,0
43,40,4,0,0,0.39695799350738525,1
43,40,5,1,1,0.673570990562439,1
43,40,6,0,1,0.59212327003479,0
43,40,7,1,0,0.38484883308410645,0
43,40,8,0,1,0.6386290192604065,0
43,40,9,0,0,0.3957918584346771,1
43,40,10,1,0,0.19794759154319763,0
43,40,11,1,1,0.5221295952796936,1
43,40,12,0,0,0.2721188962459564,1
43,40,13,0,0,0.3027130663394928,1
43,40,14,1,1,0.5488237738609314,1
43,40,15,1,0,0.4630207121372223,0
43,40,16,1,1,0.6079581379890442,1
43,40,17,0,1,0.6751407384872437,0
43,40,18,0,1,0.5589970350265503,0
43,40,19,1,1,0.7727659940719604,1
43,40,20,0,1,0.5312668085098267,0
43,40,21,0,1,0.5023345351219177,0
43,40,22,1,0,0.4546857178211212,0
43,40,23,0,1,0.5016637444496155,0
43,40,24,1,1,0.5096313953399658,1
43,40,25,0,0,0.3631994128227234,1
43,40,26,0,0,0.44564586877822876,1
43,40,27,0,0,0.46134358644485474,1
43,40,28,0,0,0.36807557940483093,1
43,40,29,0,1,0.6902261972427368,0
43,40,30,0,0,0.39298948645591736,1
43,40,31,0,0,0.330896258354187,1
43,40,32,1,1,0.8255722522735596,1
43,40,33,1,1,0.578825056552887,1
43,40,34,1,1,0.8023759722709656,1
43,40,35,1,0,0.3633292019367218,0
43,40,36,1,1,0.5674301385879517,1
43,40,37,1,0,0.38704726099967957,0
43,40,38,0,1,0.6802680492401123,0
43,40,39,1,0,0.4203605055809021,0
43,40,40,0,1,0.51465904712677,0
43,40,41,1,1,0.5277769565582275,1
43,40,42,0,0,0.38158130645751953,1
43,40,43,0,1,0.5764902830123901,0
43,40,44,1,1,0.7282046675682068,1
43,40,45,0,0,0.49394989013671875,1
43,40,46,1,0,0.28575146198272705,0
43,40,47,1,0,0.35808151960372925,0
43,40,48,0,0,0.29437950253486633,1
43,40,49,1,0,0.29961147904396057,0
43,40,50,1,1,0.535017728805542,1
43,40,51,0,0,0.38865578174591064,1
43,40,52,0,1,0.5356932282447815,0
43,40,53,1,0,0.49821028113365173,0
43,40,54,0,0,0.27122029662132263,1
43,40,55,0,0,0.20737002789974213,1
43,40,56,1,0,0.40560975670814514,0
43,40,57,0,1,0.7189428806304932,0
43,40,58,1,0,0.42605435848236084,0
43,40,59,0,0,0.3759876787662506,1
43,40,60,1,0,0.3133690059185028,0
43,40,61,0,1,0.7593345046043396,0
43,40,62,0,1,0.5106409192085266,0
43,40,63,1,0,0.4095474183559418,0
43,40,64,0,1,0.5752413868904114,0
43,40,65,0,0,0.4849810302257538,1
43,40,66,0,1,0.5925754308700562,0
43,40,67,0,1,0.5603745579719543,0
43,40,68,0,0,0.3483978807926178,1
43,40,69,1,0,0.1344166398048401,0
43,40,70,0,0,0.4815920293331146,1
43,40,71,1,0,0.3782542645931244,0
43,40,72,0,0,0.4628126919269562,1
43,40,73,0,0,0.4585437774658203,1
43,40,74,0,1,0.7087592482566833,0
43,40,75,0,0,0.43474510312080383,1
43,40,76,0,1,0.5878820419311523,0
43,40,77,1,0,0.3992235064506531,0
43,40,78,1,0,0.2830413281917572,0
43,40,79,1,0,0.4794447720050812,0
43,40,80,0,1,0.6607456803321838,0
43,40,81,1,0,0.42945852875709534,0
43,40,82,0,0,0.2868959605693817,1
43,40,83,1,1,0.6589968204498291,1
43,40,84,1,1,0.6611969470977783,1
43,40,85,1,0,0.409777969121933,0
43,40,86,1,1,0.6168420910835266,1
43,40,87,1,0,0.461492121219635,0
43,40,88,1,1,0.6749329566955566,1
43,40,89,1,0,0.3714413642883301,0
43,40,90,1,1,0.6694583296775818,1
43,40,91,1,1,0.5170210003852844,1
43,40,92,0,1,0.6025964021682739,0
43,40,93,0,0,0.49859267473220825,1
43,40,94,0,1,0.6374592185020447,0
43,40,95,0,0,0.4492698311805725,1
43,40,96,1,1,0.6291635036468506,1
43,40,97,1,0,0.40855926275253296,0
43,40,98,1,1,0.5973262786865234,1
43,40,99,0,1,0.5469579100608826,0
43,40,100,1,0,0.41148173809051514,0
43,40,101,1,1,0.5506120324134827,1
43,40,102,1,1,0.7915515303611755,1
43,40,103,0,0,0.3550857603549957,1
43,40,104,1,0,0.4241386353969574,0
43,40,105,0,0,0.4835952818393707,1
43,40,106,1,1,0.7607138752937317,1
43,40,107,1,1,0.65360027551651,1
43,40,108,1,1,0.8069194555282593,1
43,40,109,0,0,0.35828474164009094,1
43,40,110,1,0,0.38972359895706177,0
43,40,111,0,1,0.5978575944900513,0
43,40,112,1,1,0.825779139995575,1
43,40,113,0,0,0.3398558795452118,1
43,40,114,0,1,0.509802520275116,0
43,40,115,0,1,0.5921205878257751,0
43,40,116,1,1,0.6894489526748657,1
43,40,117,0,1,0.5437861084938049,0
43,40,118,0,1,0.515144407749176,0
43,40,119,1,0,0.49987369775772095,0
43,40,120,1,1,0.6645152568817139,1
43,40,121,1,1,0.6879425644874573,1
43,40,122,1,1,0.7009468674659729,1
43,40,123,0,0,0.3522539436817169,1
43,40,124,1,0,0.35508275032043457,0
43,40,125,1,0,0.42672380805015564,0
43,40,126,0,0,0.48550280928611755,1
43,40,127,0,1,0.8039871454238892,0
43,40,128,1,1,0.5255010724067688,1
43,40,129,1,0,0.33127254247665405,0
43,40,130,1,1,0.6929543018341064,1
43,40,131,1,0,0.34306207299232483,0
43,40,132,1,1,0.6493881344795227,1
43,40,133,0,0,0.2397088259458542,1
43,40,134,0,1,0.6543488502502441,0
43,40,135,0,1,0.5732273459434509,0
43,40,136,0,0,0.17859512567520142,1
43,40,137,1,1,0.613071858882904,1
43,40,138,1,1,0.5286535024642944,1
43,40,139,0,0,0.46511638164520264,1
43,40,140,1,1,0.5308900475502014,1
43,40,141,1,1,0.6115915179252625,1
43,40,142,1,0,0.44706955552101135,0
43,40,143,1,1,0.7333073019981384,1
43,40,144,1,1,0.6725379824638367,1
43,40,145,1,1,0.6839000582695007,1
43,40,146,1,1,0.791678249835968,1
43,40,147,0,0,0.41916319727897644,1
43,40,148,0,0,0.2718740999698639,1
43,40,149,0,0,0.3120711147785187,1
43,40,150,1,0,0.4397875964641571,0
43,40,151,1,0,0.38243189454078674,0
43,40,152,0,1,0.8739796876907349,0
43,40,153,0,0,0.2653355896472931,1
43,40,154,1,1,0.7632896900177002,1
43,40,155,1,1,0.5425280928611755,1
43,40,156,0,1,0.5150310397148132,0
43,40,157,0,0,0.3591875731945038,1
43,40,158,0,0,0.31479257345199585,1
43,40,159,0,0,0.41304656863212585,1
43,40,160,0,1,0.5520468950271606,0
43,40,161,1,1,0.585523247718811,1
43,40,162,1,0,0.40200671553611755,0
43,40,163,1,0,0.2464657425880432,0
43,40,164,1,1,0.8109921216964722,1
43,40,165,1,0,0.40353134274482727,0
43,40,166,1,0,0.4736500382423401,0
43,40,167,0,0,0.3260922431945801,1
43,40,168,1,0,0.18494398891925812,0
43,40,169,0,0,0.48225805163383484,1
43,40,170,1,0,0.3328707218170166,0
43,40,171,1,0,0.4761701226234436,0
43,40,172,0,0,0.490503191947937,1
43,40,173,1,1,0.7336047887802124,1
43,40,174,0,0,0.22706903517246246,1
43,40,175,0,1,0.6205766797065735,0
43,40,176,1,1,0.9087584018707275,1
43,40,177,1,0,0.414132684469223,0
43,40,178,1,1,0.7429522275924683,1
43,40,179,0,0,0.36765483021736145,1
43,40,180,0,1,0.5616167187690735,0
43,40,181,1,0,0.15549135208129883,0
43,40,182,0,1,0.5994893908500671,0
43,40,183,0,0,0.18872369825839996,1
43,40,184,0,0,0.3881738483905792,1
43,40,185,0,0,0.4176243543624878,1
43,40,186,0,0,0.42171987891197205,1
43,40,187,1,1,0.6614924073219299,1
43,40,188,1,1,0.5096480250358582,1
43,40,189,0,1,0.6232993602752686,0
43,40,190,0,1,0.769909679889679,0
43,40,191,0,0,0.38821694254875183,1
43,40,192,0,1,0.6654714345932007,0
43,40,193,1,0,0.4707966148853302,0
43,40,194,0,0,0.4319970905780792,1
43,40,195,0,0,0.2634812891483307,1
43,40,196,0,0,0.4960912764072418,1
43,40,197,1,1,0.6258203983306885,1
43,40,198,0,0,0.34422823786735535,1
43,40,199,0,0,0.48325321078300476,1
43,40,200,1,0,0.2621283531188965,0
43,40,201,0,0,0.2922002077102661,1
43,40,202,0,0,0.4972996711730957,1
43,40,203,0,1,0.5426228642463684,0
43,40,204,1,1,0.6936818957328796,1
43,40,205,1,0,0.2256227433681488,0
43,40,206,1,1,0.5451053380966187,1
43,40,207,0,0,0.3855969309806824,1
43,40,208,0,1,0.6081191897392273,0
43,40,209,0,0,0.45539990067481995,1
43,40,210,1,0,0.29736894369125366,0
43,40,211,1,1,0.661258339881897,1
43,40,212,1,1,0.5290083885192871,1
43,40,213,0,0,0.4548511803150177,1
43,40,214,0,0,0.29095137119293213,1
43,40,215,0,0,0.2656148374080658,1
43,40,216,1,0,0.43520423769950867,0
43,40,217,0,1,0.6800212860107422,0
43,40,218,1,1,0.6095013618469238,1
43,40,219,1,0,0.12552410364151,0
43,40,220,1,1,0.5748630166053772,1
43,40,221,1,0,0.49628588557243347,0
43,40,222,1,1,0.6614084839820862,1
43,40,223,1,1,0.596914529800415,1
43,40,224,1,1,0.5648797154426575,1
43,40,225,0,1,0.5337650179862976,0
43,40,226,1,1,0.5096160769462585,1
43,40,227,0,0,0.37962988018989563,1
43,40,228,0,0,0.410685271024704,1
43,40,229,0,1,0.5689771175384521,0
43,40,230,1,1,0.7345904111862183,1
43,40,231,0,1,0.7199957966804504,0
43,40,232,1,1,0.6207442283630371,1
43,40,233,1,0,0.4393328130245209,0
43,40,234,1,1,0.7387207746505737,1
43,40,235,0,0,0.3159064054489136,1
43,40,236,1,1,0.7251491546630859,1
43,40,237,1,0,0.4980289041996002,0
43,40,238,0,1,0.696997880935669,0
43,40,239,0,1,0.6111946702003479,0
43,40,240,0,1,0.7216625213623047,0
43,40,241,1,1,0.6106554269790649,1
43,40,242,1,0,0.39220646023750305,0
43,40,243,0,0,0.4663028120994568,1
43,40,244,1,1,0.922339916229248,1
43,40,245,1,1,0.5988450646400452,1
43,40,246,0,0,0.4755232036113739,1
43,40,247,1,1,0.7155394554138184,1
43,40,248,1,1,0.7408393621444702,1
43,40,249,1,0,0.37642771005630493,0
43,40,250,1,0,0.3429728150367737,0
43,40,251,1,1,0.778847873210907,1
43,40,252,0,0,0.29436352849006653,1
43,40,253,1,1,0.6361219882965088,1
43,40,254,0,1,0.5181452035903931,0
43,40,255,1,1,0.6896911263465881,1
43,40,256,0,1,0.570676326751709,0
43,40,257,0,0,0.4876255989074707,1
43,40,258,0,1,0.6393269896507263,0
43,40,259,0,1,0.6754903793334961,0
43,40,260,0,0,0.2415580004453659,1
43,40,261,0,0,0.34233009815216064,1
43,40,262,1,1,0.5106004476547241,1
43,40,263,1,1,0.5196387767791748,1
43,40,264,1,1,0.7884326577186584,1
43,40,265,0,1,0.7298631072044373,0
43,40,266,1,1,0.6051164269447327,1
43,40,267,1,0,0.40718650817871094,0
43,40,268,1,1,0.8173457384109497,1
43,40,269,0,1,0.6412777900695801,0
43,40,270,1,0,0.3959924578666687,0
43,40,271,0,0,0.2102077752351761,1
43,40,272,0,0,0.4570813477039337,1
43,40,273,1,1,0.6937460899353027,1
43,40,274,1,0,0.3391522467136383,0
43,40,275,0,1,0.5942168831825256,0
43,40,276,0,0,0.4089147448539734,1
43,40,277,1,1,0.5979333519935608,1
43,40,278,0,0,0.09844060242176056,1
43,40,279,0,0,0.3940920829772949,1
43,40,280,1,1,0.568358838558197,1
43,40,281,0,0,0.3046993017196655,1
43,40,282,0,0,0.3893229365348816,1
43,40,283,0,0,0.4451471269130707,1
43,40,284,1,0,0.4355815351009369,0
43,40,285,0,0,0.31306326389312744,1
43,40,286,0,0,0.42853617668151855,1
43,40,287,1,1,0.6267932057380676,1
43,40,288,1,1,0.6137526631355286,1
43,40,289,0,0,0.4791469871997833,1
43,40,290,0,0,0.21832090616226196,1
43,40,291,1,0,0.4771549105644226,0
43,40,292,1,0,0.3371376693248749,0
43,40,293,1,1,0.5269861817359924,1
43,40,294,0,0,0.40463021397590637,1
43,40,295,1,1,0.5713176131248474,1
43,40,296,0,1,0.6751708388328552,0
43,40,297,1,0,0.4863065183162689,0
43,40,298,1,1,0.7144551277160645,1
43,40,299,1,1,0.7130470871925354,1
43,40,300,0,1,0.6909918785095215,0
43,40,301,1,0,0.42354896664619446,0
43,40,302,1,0,0.472825825214386,0
43,40,303,0,0,0.2589998245239258,1
43,40,304,1,1,0.6831344366073608,1
43,40,305,0,0,0.3474430739879608,1
43,40,306,0,0,0.2928966283798218,1
43,40,307,0,0,0.40368255972862244,1
43,40,308,0,0,0.3241100013256073,1
43,40,309,0,0,0.4070497751235962,1
43,40,310,0,0,0.29702895879745483,1
43,40,311,0,0,0.34896746277809143,1
43,40,312,0,0,0.21692577004432678,1
43,40,313,0,0,0.2951347231864929,1
43,40,314,0,0,0.29858148097991943,1
43,40,315,0,1,0.7112840414047241,0
43,50,0,0,1,0.8466920256614685,0
43,50,1,1,0,0.34813961386680603,0
43,50,2,0,1,0.5983591675758362,0
43,50,3,1,0,0.45538732409477234,0
43,50,4,0,0,0.39381858706474304,1
43,50,5,1,1,0.7492713332176208,1
43,50,6,0,1,0.6457656621932983,0
43,50,7,1,0,0.2011333853006363,0
43,50,8,0,1,0.6571129560470581,0
43,50,9,0,0,0.356759637594223,1
43,50,10,1,0,0.15602000057697296,0
43,50,11,1,1,0.6641340255737305,1
43,50,12,0,0,0.2536543905735016,1
43,50,13,0,0,0.21968698501586914,1
43,50,14,1,0,0.47253113985061646,0
43,50,15,1,0,0.47042128443717957,0
43,50,16,1,0,0.4546695053577423,0
43,50,17,0,0,0.3885931670665741,1
43,50,18,0,1,0.6214334964752197,0
43,50,19,1,1,0.8189703226089478,1
43,50,20,0,0,0.4677664637565613,1
43,50,21,0,0,0.4724210798740387,1
43,50,22,1,0,0.4824994206428528,0
43,50,23,0,0,0.45196008682250977,1
43,50,24,1,1,0.5946930646896362,1
43,50,25,0,0,0.3707008361816406,1
43,50,26,0,0,0.47240883111953735,1
43,50,27,0,1,0.510184645652771,0
43,50,28,0,0,0.3643181622028351,1
43,50,29,0,1,0.7722381353378296,0
43,50,30,0,0,0.3966786861419678,1
43,50,31,0,0,0.41133207082748413,1
43,50,32,1,1,0.8332332968711853,1
43,50,33,1,1,0.5320355296134949,1
43,50,34,1,1,0.8300801515579224,1
43,50,35,1,0,0.2555925250053406,0
43,50,36,1,1,0.5742733478546143,1
43,50,37,1,0,0.36665287613868713,0
43,50,38,0,1,0.6507891416549683,0
43,50,39,1,1,0.5309945344924927,1
43,50,40,0,1,0.592677652835846,0
43,50,41,1,0,0.4948809742927551,0
43,50,42,0,0,0.3682391941547394,1
43,50,43,0,1,0.731015145778656,0
43,50,44,1,1,0.7866467833518982,1
43,50,45,0,1,0.626459538936615,0
43,50,46,1,0,0.301685094833374,0
43,50,47,1,0,0.24138259887695312,0
43,50,48,0,0,0.3091849386692047,1
43,50,49,1,0,0.18934331834316254,0
43,50,50,1,1,0.6095613241195679,1
43,50,51,0,0,0.4588492512702942,1
43,50,52,0,0,0.499237060546875,1
43,50,53,1,1,0.5397561192512512,1
43,50,54,0,0,0.2648293077945709,1
43,50,55,0,0,0.22300809621810913,1
43,50,56,1,1,0.581263542175293,1
43,50,57,0,1,0.7877532839775085,0
43,50,58,1,0,0.3502056300640106,0
43,50,59,0,0,0.24341954290866852,1
43,50,60,1,0,0.3814985156059265,0
43,50,61,0,1,0.7798489928245544,0
43,50,62,0,1,0.5433118343353271,0
43,50,63,1,0,0.3886204957962036,0
43,50,64,0,1,0.5471811890602112,0
43,50,65,0,1,0.5258027911186218,0
43,50,66,0,1,0.5876182317733765,0
43,50,67,0,0,0.34116584062576294,1
43,50,68,0,0,0.21715211868286133,1
43,50,69,1,0,0.11824122816324234,0
43,50,70,0,0,0.44319403171539307,1
43,50,71,1,0,0.35660308599472046,0
43,50,72,0,0,0.4011865258216858,1
43,50,73,0,0,0.4898442029953003,1
43,50,74,0,1,0.7581167817115784,0
43,50,75,0,0,0.2395431101322174,1
43,50,76,0,1,0.6126969456672668,0
43,50,77,1,0,0.3284466862678528,0
43,50,78,1,0,0.2824321687221527,0
43,50,79,1,1,0.6418382525444031,1
43,50,80,0,1,0.6843883991241455,0
43,50,81,1,0,0.2631798982620239,0
43,50,82,0,0,0.30158698558807373,1
43,50,83,1,1,0.7105973362922668,1
43,50,84,1,1,0.6753520369529724,1
43,50,85,1,0,0.4041118621826172,0
43,50,86,1,0,0.3865554630756378,0
43,50,87,1,0,0.4789898991584778,0
43,50,88,1,1,0.6052054166793823,1
43,50,89,1,0,0.43421047925949097,0
43,50,90,1,1,0.7462614178657532,1
43,50,91,1,1,0.5132163166999817,1
43,50,92,0,1,0.6049227714538574,0
43,50,93,0,0,0.48214462399482727,1
43,50,94,0,1,0.6474519968032837,0
43,50,95,0,0,0.46487873792648315,1
43,50,96,1,1,0.5918595790863037,1
43,50,97,1,0,0.38854387402534485,0
43,50,98,1,1,0.5170769691467285,1
43,50,99,0,1,0.533458948135376,0
43,50,100,1,0,0.46022188663482666,0
43,50,101,1,1,0.5670449137687683,1
43,50,102,1,1,0.8286223411560059,1
43,50,103,0,0,0.2786872982978821,1
43,50,104,1,0,0.41692474484443665,0
43,50,105,0,1,0.5045125484466553,0
43,50,106,1,1,0.8048527836799622,1
43,50,107,1,1,0.6494965553283691,1
43,50,108,1,1,0.7823743224143982,1
43,50,109,0,0,0.3338720500469208,1
43,50,110,1,0,0.25087007880210876,0
43,50,111,0,1,0.6149985790252686,0
43,50,112,1,1,0.8167111873626709,1
43,50,113,0,0,0.3994399905204773,1
43,50,114,0,0,0.4296046793460846,1
43,50,115,0,1,0.6288145780563354,0
43,50,116,1,1,0.7288998365402222,1
43,50,117,0,1,0.5617257356643677,0
43,50,118,0,1,0.5124160051345825,0
43,50,119,1,1,0.80195152759552,1
43,50,120,1,1,0.6767417192459106,1
43,50,121,1,1,0.6952040791511536,1
43,50,122,1,1,0.7673261761665344,1
43,50,123,0,0,0.33390724658966064,1
43,50,124,1,0,0.37488308548927307,0
43,50,125,1,0,0.46797287464141846,0
43,50,126,0,0,0.4741855263710022,1
43,50,127,0,1,0.8505065441131592,0
43,50,128,1,1,0.5197086930274963,1
43,50,129,1,0,0.31230148673057556,0
43,50,130,1,1,0.7481926679611206,1
43,50,131,1,0,0.33269789814949036,0
43,50,132,1,1,0.6525467038154602,1
43,50,133,0,0,0.27649909257888794,1
43,50,134,0,1,0.573268473148346,0
43,50,135,0,1,0.5054841041564941,0
43,50,136,0,0,0.2160903811454773,1
43,50,137,1,1,0.6239584684371948,1
43,50,138,1,1,0.5657275319099426,1
43,50,139,0,1,0.5549345016479492,0
43,50,140,1,1,0.5397307872772217,1
43,50,141,1,1,0.688019871711731,1
43,50,142,1,0,0.48868870735168457,0
43,50,143,1,1,0.6407595276832581,1
43,50,144,1,1,0.6732068657875061,1
43,50,145,1,1,0.7101662158966064,1
43,50,146,1,1,0.8088338375091553,1
43,50,147,0,1,0.5083817839622498,0
43,50,148,0,0,0.2319839745759964,1
43,50,149,0,0,0.2282310277223587,1
43,50,150,1,0,0.4210438132286072,0
43,50,151,1,0,0.3396964967250824,0
43,50,152,0,1,0.8047688007354736,0
43,50,153,0,0,0.2545034885406494,1
43,50,154,1,1,0.7637959718704224,1
43,50,155,1,1,0.6416953802108765,1
43,50,156,0,0,0.4209149479866028,1
43,50,157,0,0,0.3444809913635254,1
43,50,158,0,0,0.1479019820690155,1
43,50,159,0,0,0.46010956168174744,1
43,50,160,0,1,0.5527653098106384,0
43,50,161,1,1,0.7033703327178955,1
43,50,162,1,1,0.5532785058021545,1
43,50,163,1,0,0.2811996638774872,0
43,50,164,1,1,0.7235201001167297,1
43,50,165,1,0,0.31303951144218445,0
43,50,166,1,0,0.4886285066604614,0
43,50,167,0,0,0.34912240505218506,1
43,50,168,1,0,0.19018781185150146,0
43,50,169,0,0,0.45601508021354675,1
43,50,170,1,1,0.5157485008239746,1
43,50,171,1,0,0.4960870146751404,0
43,50,172,0,0,0.4993044137954712,1
43,50,173,1,1,0.7389549612998962,1
43,50,174,0,0,0.26850637793540955,1
43,50,175,0,1,0.6408918499946594,0
43,50,176,1,1,0.8841983079910278,1
43,50,177,1,0,0.38613879680633545,0
43,50,178,1,1,0.7644163966178894,1
43,50,179,0,0,0.35533347725868225,1
43,50,180,0,1,0.6196591854095459,0
43,50,181,1,0,0.21041570603847504,0
43,50,182,0,1,0.6125364303588867,0
43,50,183,0,0,0.21291404962539673,1
43,50,184,0,0,0.35878074169158936,1
43,50,185,0,0,0.38515737652778625,1
43,50,186,0,0,0.2429133504629135,1
43,50,187,1,1,0.5132427215576172,1
43,50,188,1,1,0.645361065864563,1
43,50,189,0,1,0.6493287682533264,0
43,50,190,0,1,0.8471733331680298,0
43,50,191,0,0,0.4104951322078705,1
43,50,192,0,1,0.6621150374412537,0
43,50,193,1,1,0.5304061770439148,1
43,50,194,0,0,0.4034354090690613,1
43,50,195,0,0,0.16329313814640045,1
43,50,196,0,1,0.5754808783531189,0
43,50,197,1,1,0.749457061290741,1
43,50,198,0,0,0.34925156831741333,1
43,50,199,0,0,0.35061541199684143,1
43,50,200,1,0,0.23346953094005585,0
43,50,201,0,0,0.27383723855018616,1
43,50,202,0,0,0.4538803994655609,1
43,50,203,0,1,0.5432147979736328,0
43,50,204,1,1,0.7225231528282166,1
43,50,205,1,0,0.28127947449684143,0
43,50,206,1,1,0.5100822448730469,1
43,50,207,0,0,0.39056485891342163,1
43,50,208,0,1,0.7275184988975525,0
43,50,209,0,0,0.465655118227005,1
43,50,210,1,0,0.2997182011604309,0
43,50,211,1,1,0.6531485915184021,1
43,50,212,1,0,0.3856031000614166,0
43,50,213,0,0,0.4426426291465759,1
43,50,214,0,0,0.2786518633365631,1
43,50,215,0,0,0.19023959338665009,1
43,50,216,1,0,0.4289565980434418,0
43,50,217,0,1,0.6489846110343933,0
43,50,218,1,1,0.6101047992706299,1
43,50,219,1,0,0.08584161847829819,0
43,50,220,1,1,0.6057882308959961,1
43,50,221,1,1,0.5573655366897583,1
43,50,222,1,1,0.683850884437561,1
43,50,223,1,1,0.6375176906585693,1
43,50,224,1,1,0.5412269830703735,1
43,50,225,0,1,0.5094792246818542,0
43,50,226,1,0,0.4910999536514282,0
43,50,227,0,0,0.3665096163749695,1
43,50,228,0,0,0.42837998270988464,1
43,50,229,0,1,0.5997680425643921,0
43,50,230,1,1,0.763468325138092,1
43,50,231,0,1,0.6894333958625793,0
43,50,232,1,1,0.6578136682510376,1
43,50,233,1,0,0.4431166648864746,0
43,50,234,1,1,0.7653511166572571,1
43,50,235,0,0,0.29824063181877136,1
43,50,236,1,1,0.7157360315322876,1
43,50,237,1,1,0.5476000308990479,1
43,50,238,0,1,0.650346040725708,0
43,50,239,0,1,0.6058783531188965,0
43,50,240,0,1,0.6658830046653748,0
43,50,241,1,1,0.6640060544013977,1
43,50,242,1,0,0.3922261893749237,0
43,50,243,0,0,0.48049041628837585,1
43,50,244,1,1,0.9178945422172546,1
43,50,245,1,1,0.593437910079956,1
43,50,246,0,1,0.503178596496582,0
43,50,247,1,1,0.7179502248764038,1
43,50,248,1,1,0.7124832272529602,1
43,50,249,1,0,0.33965444564819336,0
43,50,250,1,0,0.3047734200954437,0
43,50,251,1,1,0.8256701231002808,1
43,50,252,0,0,0.28095200657844543,1
43,50,253,1,1,0.6683855652809143,1
43,50,254,0,1,0.5587947368621826,0
43,50,255,1,1,0.6405526995658875,1
43,50,256,0,1,0.5961474776268005,0
43,50,257,0,0,0.3954474925994873,1
43,50,258,0,1,0.6440429091453552,0
43,50,259,0,1,0.6836438775062561,0
43,50,260,0,0,0.2391756772994995,1
43,50,261,0,0,0.3875305950641632,1
43,50,262,1,1,0.5651480555534363,1
43,50,263,1,1,0.5318048596382141,1
43,50,264,1,1,0.8010870814323425,1
43,50,265,0,1,0.7323933243751526,0
43,50,266,1,0,0.45864611864089966,0
43,50,267,1,0,0.29191550612449646,0
43,50,268,1,1,0.8543792963027954,1
43,50,269,0,1,0.6777091026306152,0
43,50,270,1,0,0.3797151744365692,0
43,50,271,0,0,0.21177613735198975,1
43,50,272,0,0,0.3926633298397064,1
43,50,273,1,1,0.6577866077423096,1
43,50,274,1,0,0.4626353681087494,0
43,50,275,0,1,0.6350334286689758,0
43,50,276,0,0,0.4640499949455261,1
43,50,277,1,1,0.5106886029243469,1
43,50,278,0,0,0.06744767725467682,1
43,50,279,0,1,0.5029883980751038,0
43,50,280,1,1,0.5376535058021545,1
43,50,281,0,0,0.3050079047679901,1
43,50,282,0,0,0.3536277115345001,1
43,50,283,0,0,0.29783985018730164,1
43,50,284,1,0,0.3537755310535431,0
43,50,285,0,0,0.2899883985519409,1
43,50,286,0,0,0.39907220005989075,1
43,50,287,1,1,0.6477055549621582,1
43,50,288,1,1,0.6023191809654236,1
43,50,289,0,1,0.5704594254493713,0
43,50,290,0,0,0.18636146187782288,1
43,50,291,1,1,0.5335915088653564,1
43,50,292,1,0,0.15098091959953308,0
43,50,293,1,0,0.46936479210853577,0
43,50,294,0,0,0.44139811396598816,1
43,50,295,1,1,0.5765472650527954,1
43,50,296,0,0,0.4960976839065552,1
43,50,297,1,1,0.659014105796814,1
43,50,298,1,1,0.8074464201927185,1
43,50,299,1,1,0.7567989230155945,1
43,50,300,0,1,0.6811022758483887,0
43,50,301,1,0,0.45160987973213196,0
43,50,302,1,0,0.4702247083187103,0
43,50,303,0,0,0.2235112488269806,1
43,50,304,1,1,0.7014939188957214,1
43,50,305,0,0,0.28515565395355225,1
43,50,306,0,0,0.2351415902376175,1
43,50,307,0,0,0.43094438314437866,1
43,50,308,0,0,0.482445627450943,1
43,50,309,0,1,0.5556920170783997,0
43,50,310,0,0,0.28336000442504883,1
43,50,311,0,0,0.3025934398174286,1
43,50,312,0,0,0.15514205396175385,1
43,50,313,0,0,0.2677871286869049,1
43,50,314,0,0,0.27637192606925964,1
43,50,315,0,1,0.6829020977020264,0
43,60,0,0,1,0.8526006937026978,0
43,60,1,1,0,0.2367822229862213,0
43,60,2,0,1,0.5829058289527893,0
43,60,3,1,0,0.4696861505508423,0
43,60,4,0,0,0.4483220875263214,1
43,60,5,1,1,0.7396104335784912,1
43,60,6,0,1,0.62643963098526,0
43,60,7,1,0,0.31616315245628357,0
43,60,8,0,1,0.57297682762146,0
43,60,9,0,0,0.34855833649635315,1
43,60,10,1,0,0.18280328810214996,0
43,60,11,1,1,0.5946941375732422,1
43,60,12,0,0,0.2533973455429077,1
43,60,13,0,0,0.1504550725221634,1
43,60,14,1,1,0.593567967414856,1
43,60,15,1,0,0.480441689491272,0
43,60,16,1,1,0.5442068576812744,1
43,60,17,0,1,0.6837519407272339,0
43,60,18,0,1,0.5648399591445923,0
43,60,19,1,1,0.7908759713172913,1
43,60,20,0,0,0.36031603813171387,1
43,60,21,0,1,0.5168939232826233,0
43,60,22,1,0,0.44981589913368225,0
43,60,23,0,0,0.4563501477241516,1
43,60,24,1,1,0.6609954833984375,1
43,60,25,0,0,0.30859890580177307,1
43,60,26,0,0,0.40902283787727356,1
43,60,27,0,0,0.4278503656387329,1
43,60,28,0,0,0.3592439889907837,1
43,60,29,0,1,0.5716438889503479,0
43,60,30,0,0,0.3474394977092743,1
43,60,31,0,0,0.25894254446029663,1
43,60,32,1,1,0.8746179938316345,1
43,60,33,1,1,0.5087286829948425,1
43,60,34,1,1,0.8771682977676392,1
43,60,35,1,0,0.3053540587425232,0
43,60,36,1,1,0.5996076464653015,1
43,60,37,1,0,0.2763794958591461,0
43,60,38,0,1,0.5596643686294556,0
43,60,39,1,1,0.5902132987976074,1
43,60,40,0,1,0.6419389843940735,0
43,60,41,1,0,0.4252449572086334,0
43,60,42,0,0,0.3257271647453308,1
43,60,43,0,1,0.671097457408905,0
43,60,44,1,1,0.7703801393508911,1
43,60,45,0,0,0.3619881868362427,1
43,60,46,1,0,0.3399602174758911,0
43,60,47,1,0,0.4821043610572815,0
43,60,48,0,0,0.2672056555747986,1
43,60,49,1,0,0.22651498019695282,0
43,60,50,1,0,0.4654131233692169,0
43,60,51,0,0,0.4116716980934143,1
43,60,52,0,1,0.5584980249404907,0
43,60,53,1,1,0.5706233382225037,1
43,60,54,0,0,0.2549498677253723,1
43,60,55,0,0,0.15549616515636444,1
43,60,56,1,0,0.4080055058002472,0
43,60,57,0,1,0.7661722302436829,0
43,60,58,1,0,0.4461449682712555,0
43,60,59,0,0,0.309757262468338,1
43,60,60,1,0,0.2997559607028961,0
43,60,61,0,1,0.8065853118896484,0
43,60,62,0,1,0.582868218421936,0
43,60,63,1,0,0.42586517333984375,0
43,60,64,0,1,0.5403909087181091,0
43,60,65,0,1,0.5660021305084229,0
43,60,66,0,1,0.5805699825286865,0
43,60,67,0,1,0.5454879999160767,0
43,60,68,0,0,0.4050784111022949,1
43,60,69,1,0,0.08170544356107712,0
43,60,70,0,0,0.39139148592948914,1
43,60,71,1,0,0.3478366732597351,0
43,60,72,0,0,0.4538169205188751,1
43,60,73,0,1,0.5424138307571411,0
43,60,74,0,1,0.784157931804657,0
43,60,75,0,0,0.3719128370285034,1
43,60,76,0,1,0.5746890902519226,0
43,60,77,1,0,0.43654772639274597,0
43,60,78,1,0,0.2783358097076416,0
43,60,79,1,0,0.4287082850933075,0
43,60,80,0,1,0.7847663164138794,0
43,60,81,1,0,0.4513126015663147,0
43,60,82,0,0,0.25359028577804565,1
43,60,83,1,1,0.7637891173362732,1
43,60,84,1,1,0.7286565899848938,1
43,60,85,1,0,0.3796732425689697,0
43,60,86,1,1,0.6682314276695251,1
43,60,87,1,0,0.4576686918735504,0
43,60,88,1,1,0.582294225692749,1
43,60,89,1,0,0.4186384379863739,0
43,60,90,1,1,0.6991406083106995,1
43,60,91,1,0,0.4890211522579193,0
43,60,92,0,1,0.6867572069168091,0
43,60,93,0,0,0.44471824169158936,1
43,60,94,0,1,0.6600891351699829,0
43,60,95,0,1,0.5372082591056824,0
43,60,96,1,1,0.6177913546562195,1
43,60,97,1,0,0.3568353056907654,0
43,60,98,1,1,0.5560515522956848,1
43,60,99,0,1,0.5578688979148865,0
43,60,100,1,0,0.322928249835968,0
43,60,101,1,1,0.6353399157524109,1
43,60,102,1,1,0.8118026852607727,1
43,60,103,0,0,0.4069799482822418,1
43,60,104,1,0,0.42039909958839417,0
43,60,105,0,1,0.5070180892944336,0
43,60,106,1,1,0.8267108201980591,1
43,60,107,1,1,0.7468985915184021,1
43,60,108,1,1,0.8205511569976807,1
43,60,109,0,0,0.31639596819877625,1
43,60,110,1,0,0.41088229417800903,0
43,60,111,0,1,0.5935439467430115,0
43,60,112,1,1,0.8429374694824219,1
43,60,113,0,0,0.22915183007717133,1
43,60,114,0,0,0.4603721797466278,1
43,60,115,0,1,0.7278445959091187,0
43,60,116,1,1,0.6899632811546326,1
43,60,117,0,1,0.5424202680587769,0
43,60,118,0,1,0.5781224966049194,0
43,60,119,1,1,0.6614249348640442,1
43,60,120,1,1,0.5486475825309753,1
43,60,121,1,1,0.7750968337059021,1
43,60,122,1,1,0.7526925802230835,1
43,60,123,0,0,0.31595680117607117,1
43,60,124,1,0,0.3257876932621002,0
43,60,125,1,0,0.41415470838546753,0
43,60,126,0,0,0.4547584652900696,1
43,60,127,0,1,0.8424100279808044,0
43,60,128,1,1,0.5035169720649719,1
43,60,129,1,0,0.34070631861686707,0
43,60,130,1,1,0.7524551153182983,1
43,60,131,1,0,0.3782719075679779,0
43,60,132,1,1,0.6705470681190491,1
43,60,133,0,0,0.2882273197174072,1
43,60,134,0,1,0.7169812321662903,0
43,60,135,0,0,0.4648290276527405,1
43,60,136,0,0,0.14835403859615326,1
43,60,137,1,1,0.6257823705673218,1
43,60,138,1,1,0.6135748624801636,1
43,60,139,0,1,0.5260041952133179,0
43,60,140,1,1,0.5329260230064392,1
43,60,141,1,1,0.6613075137138367,1
43,60,142,1,0,0.4661019444465637,0
43,60,143,1,1,0.7917246222496033,1
43,60,144,1,1,0.7283434271812439,1
43,60,145,1,1,0.7322221398353577,1
43,60,146,1,1,0.802193284034729,1
43,60,147,0,0,0.47540804743766785,1
43,60,148,0,0,0.25903069972991943,1
43,60,149,0,0,0.15171125531196594,1
43,60,150,1,0,0.4727466404438019,0
43,60,151,1,0,0.3291371166706085,0
43,60,152,0,1,0.940269947052002,0
43,60,153,0,0,0.20474910736083984,1
43,60,154,1,1,0.8519850373268127,1
43,60,155,1,1,0.6958795785903931,1
43,60,156,0,0,0.2980377674102783,1
43,60,157,0,0,0.27447831630706787,1
43,60,158,0,0,0.3314473628997803,1
43,60,159,0,0,0.40631410479545593,1
43,60,160,0,1,0.5236350893974304,0
43,60,161,1,1,0.6251029372215271,1
43,60,162,1,0,0.30705055594444275,0
43,60,163,1,0,0.17384470999240875,0
43,60,164,1,1,0.8596583604812622,1
43,60,165,1,0,0.3313327729701996,0
43,60,166,1,0,0.4595942497253418,0
43,60,167,0,0,0.25824278593063354,1
43,60,168,1,0,0.13083688914775848,0
43,60,169,0,0,0.4435517191886902,1
43,60,170,1,0,0.4927881360054016,0
43,60,171,1,1,0.5114242434501648,1
43,60,172,0,0,0.4950520694255829,1
43,60,173,1,1,0.7781577706336975,1
43,60,174,0,0,0.19579531252384186,1
43,60,175,0,1,0.738412618637085,0
43,60,176,1,1,0.9209455847740173,1
43,60,177,1,0,0.3814462125301361,0
43,60,178,1,1,0.7453656792640686,1
43,60,179,0,0,0.35293132066726685,1
43,60,180,0,1,0.6597479581832886,0
43,60,181,1,0,0.11846830695867538,0
43,60,182,0,1,0.6656020283699036,0
43,60,183,0,0,0.1728501170873642,1
43,60,184,0,0,0.424206405878067,1
43,60,185,0,0,0.3784423768520355,1
43,60,186,0,0,0.36570441722869873,1
43,60,187,1,1,0.8027731776237488,1
43,60,188,1,0,0.42521077394485474,0
43,60,189,0,1,0.6108955144882202,0
43,60,190,0,1,0.8438012003898621,0
43,60,191,0,0,0.2763613760471344,1
43,60,192,0,1,0.6494938135147095,0
43,60,193,1,1,0.6285170912742615,1
43,60,194,0,0,0.36013585329055786,1
43,60,195,0,0,0.10504572838544846,1
43,60,196,0,1,0.6355883479118347,0
43,60,197,1,1,0.6803224086761475,1
43,60,198,0,0,0.3037112355232239,1
43,60,199,0,0,0.47384682297706604,1
43,60,200,1,0,0.21841101348400116,0
43,60,201,0,0,0.29010871052742004,1
43,60,202,0,0,0.48541566729545593,1
43,60,203,0,1,0.5200756192207336,0
43,60,204,1,1,0.7218839526176453,1
43,60,205,1,0,0.2154110074043274,0
43,60,206,1,1,0.5888100862503052,1
43,60,207,0,0,0.39381203055381775,1
43,60,208,0,1,0.7046720385551453,0
43,60,209,0,1,0.5353105664253235,0
43,60,210,1,0,0.30247747898101807,0
43,60,211,1,1,0.7080122232437134,1
43,60,212,1,1,0.546409010887146,1
43,60,213,0,0,0.48888516426086426,1
43,60,214,0,0,0.22724705934524536,1
43,60,215,0,0,0.20850597321987152,1
43,60,216,1,0,0.38242965936660767,0
43,60,217,0,1,0.7158323526382446,0
43,60,218,1,1,0.6959506273269653,1
43,60,219,1,0,0.07248685508966446,0
43,60,220,1,1,0.605944812297821,1
43,60,221,1,0,0.48408249020576477,0
43,60,222,1,1,0.6658755540847778,1
43,60,223,1,1,0.6594944000244141,1
43,60,224,1,1,0.5913772583007812,1
43,60,225,0,0,0.4493289291858673,1
43,60,226,1,0,0.47755539417266846,0
43,60,227,0,0,0.3323427140712738,1
43,60,228,0,0,0.47207072377204895,1
43,60,229,0,1,0.6878618597984314,0
43,60,230,1,1,0.8106533885002136,1
43,60,231,0,1,0.7011579871177673,0
43,60,232,1,1,0.6294262409210205,1
43,60,233,1,0,0.44141820073127747,0
43,60,234,1,1,0.7603662014007568,1
43,60,235,0,0,0.3348454535007477,1
43,60,236,1,1,0.7356637716293335,1
43,60,237,1,1,0.5991224050521851,1
43,60,238,0,1,0.6605754494667053,0
43,60,239,0,1,0.6708787083625793,0
43,60,240,0,1,0.739309549331665,0
43,60,241,1,1,0.6057535409927368,1
43,60,242,1,0,0.35840123891830444,0
43,60,243,0,0,0.4853432774543762,1
43,60,244,1,1,0.9316179156303406,1
43,60,245,1,1,0.5783173441886902,1
43,60,246,0,1,0.5582326650619507,0
43,60,247,1,1,0.7588574290275574,1
43,60,248,1,1,0.7511308789253235,1
43,60,249,1,0,0.33396491408348083,0
43,60,250,1,0,0.2841874063014984,0
43,60,251,1,1,0.8246066570281982,1
43,60,252,0,0,0.2385532557964325,1
43,60,253,1,1,0.6938945651054382,1
43,60,254,0,1,0.6023101806640625,0
43,60,255,1,1,0.7109635472297668,1
43,60,256,0,1,0.589982807636261,0
43,60,257,0,0,0.3247692883014679,1
43,60,258,0,1,0.6582393050193787,0
43,60,259,0,1,0.671679675579071,0
43,60,260,0,0,0.272545725107193,1
43,60,261,0,0,0.3345324695110321,1
43,60,262,1,1,0.6086214184761047,1
43,60,263,1,1,0.5561327338218689,1
43,60,264,1,1,0.860782265663147,1
43,60,265,0,1,0.7459220886230469,0
43,60,266,1,1,0.5336245894432068,1
43,60,267,1,0,0.291476309299469,0
43,60,268,1,1,0.8412184715270996,1
43,60,269,0,1,0.712781548500061,0
43,60,270,1,0,0.37499943375587463,0
43,60,271,0,0,0.22980861365795135,1
43,60,272,0,0,0.4269036054611206,1
43,60,273,1,1,0.7443627715110779,1
43,60,274,1,0,0.3617791533470154,0
43,60,275,0,1,0.6770983338356018,0
43,60,276,0,0,0.4895162880420685,1
43,60,277,1,1,0.7239376902580261,1
43,60,278,0,0,0.05448216199874878,1
43,60,279,0,1,0.534712016582489,0
43,60,280,1,1,0.608289897441864,1
43,60,281,0,0,0.23849506676197052,1
43,60,282,0,0,0.2627645432949066,1
43,60,283,0,1,0.5080047249794006,0
43,60,284,1,0,0.4961141347885132,0
43,60,285,0,0,0.27724942564964294,1
43,60,286,0,0,0.4220750331878662,1
43,60,287,1,1,0.6030945777893066,1
43,60,288,1,1,0.5791031122207642,1
43,60,289,0,1,0.5409760475158691,0
43,60,290,0,0,0.14214619994163513,1
43,60,291,1,0,0.4814513921737671,0
43,60,292,1,0,0.3461623191833496,0
43,60,293,1,0,0.4508649706840515,0
43,60,294,0,0,0.37582284212112427,1
43,60,295,1,1,0.5669890642166138,1
43,60,296,0,1,0.7649754285812378,0
43,60,297,1,0,0.4366919696331024,0
43,60,298,1,1,0.8000448346138,1
43,60,299,1,1,0.8138415217399597,1
43,60,300,0,1,0.7111348509788513,0
43,60,301,1,0,0.4074748456478119,0
43,60,302,1,0,0.48333680629730225,0
43,60,303,0,0,0.18504798412322998,1
43,60,304,1,1,0.7213464379310608,1
43,60,305,0,0,0.2554195523262024,1
43,60,306,0,0,0.21379470825195312,1
43,60,307,0,0,0.49082037806510925,1
43,60,308,0,0,0.3504853844642639,1
43,60,309,0,0,0.48112744092941284,1
43,60,310,0,0,0.23608751595020294,1
43,60,311,0,0,0.3242916464805603,1
43,60,312,0,0,0.1552015244960785,1
43,60,313,0,0,0.25337138772010803,1
43,60,314,0,0,0.2849043905735016,1
43,60,315,0,1,0.547540545463562,0
44,20,0,0,1,0.5745570063591003,0
44,20,1,1,0,0.23156620562076569,0
44,20,2,0,1,0.5521931052207947,0
44,20,3,1,1,0.5337267518043518,1
44,20,4,0,0,0.4664297103881836,1
44,20,5,1,0,0.46651706099510193,0
44,20,6,0,0,0.4846091866493225,1
44,20,7,1,0,0.39917564392089844,0
44,20,8,0,0,0.4199858009815216,1
44,20,9,0,0,0.36603012681007385,1
44,20,10,1,0,0.46209701895713806,0
44,20,11,1,0,0.4616965055465698,0
44,20,12,0,0,0.38647085428237915,1
44,20,13,0,0,0.4616571068763733,1
44,20,14,1,1,0.6494734287261963,1
44,20,15,1,1,0.5463983416557312,1
44,20,16,1,1,0.6507104635238647,1
44,20,17,0,1,0.5159610509872437,0
44,20,18,0,0,0.44601574540138245,1
44,20,19,1,1,0.5701898336410522,1
44,20,20,0,0,0.454361230134964,1
44,20,21,0,0,0.43450772762298584,1
44,20,22,1,0,0.470526784658432,0
44,20,23,0,1,0.5190777778625488,0
44,20,24,1,1,0.5296012163162231,1
44,20,25,0,0,0.46447646617889404,1
44,20,26,0,0,0.49306371808052063,1
44,20,27,0,1,0.5762851238250732,0
44,20,28,0,1,0.530581533908844,0
44,20,29,0,1,0.8713648915290833,0
44,20,30,0,0,0.4679531455039978,1
44,20,31,0,0,0.267572820186615,1
44,20,32,1,1,0.6856932640075684,1
44,20,33,1,0,0.4543033242225647,0
44,20,34,1,1,0.6631722450256348,1
44,20,35,1,0,0.39469343423843384,0
44,20,36,1,0,0.4241110384464264,0
44,20,37,1,0,0.3338432013988495,0
44,20,38,0,1,0.7554835081100464,0
44,20,39,1,0,0.47439542412757874,0
44,20,40,0,1,0.5643489956855774,0
44,20,41,1,0,0.4520684480667114,0
44,20,42,0,0,0.4760083258152008,1
44,20,43,0,1,0.5613130331039429,0
44,20,44,1,1,0.5471419095993042,1
44,20,45,0,1,0.5927664041519165,0
44,20,46,1,0,0.33674463629722595,0
44,20,47,1,0,0.3748009204864502,0
44,20,48,0,0,0.4548647105693817,1
44,20,49,1,0,0.3064334988594055,0
44,20,50,1,1,0.5090333819389343,1
44,20,51,0,0,0.48775553703308105,1
44,20,52,0,0,0.4864535927772522,1
44,20,53,1,0,0.43853461742401123,0
44,20,54,0,0,0.34852373600006104,1
44,20,55,0,0,0.3995748460292816,1
44,20,56,1,1,0.5601872205734253,1
44,20,57,0,1,0.5472133755683899,0
44,20,58,1,1,0.5721561312675476,1
44,20,59,0,1,0.5795037150382996,0
44,20,60,1,0,0.38188961148262024,0
44,20,61,0,1,0.6469185948371887,0
44,20,62,0,1,0.5134175419807434,0
44,20,63,1,0,0.3798868656158447,0
44,20,64,0,0,0.4403560757637024,1
44,20,65,0,0,0.49151888489723206,1
44,20,66,0,1,0.5274562835693359,0
44,20,67,0,0,0.4462886154651642,1
44,20,68,0,0,0.44369077682495117,1
44,20,69,1,0,0.40393397212028503,0
44,20,70,0,0,0.47461238503456116,1
44,20,71,1,0,0.3939369320869446,0
44,20,72,0,1,0.547630786895752,0
44,20,73,0,0,0.4580501616001129,1
44,20,74,0,1,0.7523866891860962,0
44,20,75,0,0,0.468833327293396,1
44,20,76,0,1,0.5702638626098633,0
44,20,77,1,0,0.42737236618995667,0
44,20,78,1,0,0.3772943317890167,0
44,20,79,1,0,0.48705214262008667,0
44,20,80,0,1,0.5761227011680603,0
44,20,81,1,0,0.4653094410896301,0
44,20,82,0,0,0.46863192319869995,1
44,20,83,1,1,0.6717091798782349,1
44,20,84,1,1,0.5645342469215393,1
44,20,85,1,1,0.5987381339073181,1
44,20,86,1,1,0.5009723901748657,1
44,20,87,1,0,0.4234577417373657,0
44,20,88,1,0,0.46006345748901367,0
44,20,89,1,0,0.4627547860145569,0
44,20,90,1,1,0.6268538236618042,1
44,20,91,1,0,0.38834208250045776,0
44,20,92,0,1,0.5425640940666199,0
44,20,93,0,0,0.4817101061344147,1
44,20,94,0,1,0.6093125343322754,0
44,20,95,0,0,0.4343799650669098,1
44,20,96,1,0,0.4733555316925049,0
44,20,97,1,0,0.4739055633544922,0
44,20,98,1,1,0.5856853723526001,1
44,20,99,0,0,0.42194509506225586,1
44,20,100,1,0,0.3941057026386261,0
44,20,101,1,1,0.594424843788147,1
44,20,102,1,1,0.5615582466125488,1
44,20,103,0,0,0.36906757950782776,1
44,20,104,1,1,0.5077460408210754,1
44,20,105,0,0,0.47332513332366943,1
44,20,106,1,1,0.5996571779251099,1
44,20,107,1,1,0.5927327871322632,1
44,20,108,1,1,0.6888169050216675,1
44,20,109,0,0,0.39264413714408875,1
44,20,110,1,1,0.5509249567985535,1
44,20,111,0,1,0.5906436443328857,0
44,20,112,1,1,0.5843742489814758,1
44,20,113,0,0,0.4669247567653656,1
44,20,114,0,1,0.5089612007141113,0
44,20,115,0,1,0.5294930338859558,0
44,20,116,1,1,0.6020447015762329,1
44,20,117,0,0,0.442993700504303,1
44,20,118,0,0,0.4854283928871155,1
44,20,119,1,1,0.6564805507659912,1
44,20,120,1,1,0.6026330590248108,1
44,20,121,1,1,0.6017051935195923,1
44,20,122,1,0,0.49874281883239746,0
44,20,123,0,0,0.40173134207725525,1
44,20,124,1,0,0.4578978419303894,0
44,20,125,1,0,0.4800291359424591,0
44,20,126,0,0,0.43301549553871155,1
44,20,127,0,1,0.613656759262085,0
44,20,128,1,0,0.4988363981246948,0
44,20,129,1,0,0.22502538561820984,0
44,20,130,1,0,0.49895110726356506,0
44,20,131,1,0,0.4422408640384674,0
44,20,132,1,0,0.4834253787994385,0
44,20,133,0,0,0.3933977782726288,1
44,20,134,0,1,0.5212122797966003,0
44,20,135,0,0,0.48274096846580505,1
44,20,136,0,0,0.267096608877182,1
44,20,137,1,1,0.5902361273765564,1
44,20,138,1,1,0.5412927865982056,1
44,20,139,0,1,0.5309209823608398,0
44,20,140,1,1,0.515752911567688,1
44,20,141,1,1,0.7116843461990356,1
44,20,142,1,1,0.5632581114768982,1
44,20,143,1,1,0.59996497631073,1
44,20,144,1,1,0.6139729619026184,1
44,20,145,1,1,0.5609843730926514,1
44,20,146,1,1,0.7233970761299133,1
44,20,147,0,0,0.45834898948669434,1
44,20,148,0,0,0.4765219986438751,1
44,20,149,0,0,0.29794856905937195,1
44,20,150,1,1,0.5093032717704773,1
44,20,151,1,0,0.4704458713531494,0
44,20,152,0,1,0.5204092860221863,0
44,20,153,0,0,0.43768060207366943,1
44,20,154,1,1,0.512536883354187,1
44,20,155,1,1,0.5620082020759583,1
44,20,156,0,0,0.46469563245773315,1
44,20,157,0,0,0.45075470209121704,1
44,20,158,0,0,0.40678319334983826,1
44,20,159,0,1,0.534988522529602,0
44,20,160,0,0,0.3806041181087494,1
44,20,161,1,1,0.5585094094276428,1
44,20,162,1,1,0.512410581111908,1
44,20,163,1,0,0.3773059844970703,0
44,20,164,1,1,0.659437894821167,1
44,20,165,1,0,0.4338821470737457,0
44,20,166,1,1,0.5003119707107544,1
44,20,167,0,0,0.4587029814720154,1
44,20,168,1,0,0.4484482705593109,0
44,20,169,0,0,0.47429215908050537,1
44,20,170,1,0,0.46102526783943176,0
44,20,171,1,0,0.3567659556865692,0
44,20,172,0,1,0.5748019814491272,0
44,20,173,1,1,0.5756720304489136,1
44,20,174,0,0,0.4043177664279938,1
44,20,175,0,0,0.47585368156433105,1
44,20,176,1,1,0.6221984028816223,1
44,20,177,1,0,0.46948012709617615,0
44,20,178,1,1,0.6519904732704163,1
44,20,179,0,0,0.49266019463539124,1
44,20,180,0,0,0.4431908428668976,1
44,20,181,1,0,0.3005676865577698,0
44,20,182,0,1,0.532874345779419,0
44,20,183,0,0,0.35424157977104187,1
44,20,184,0,0,0.3966097831726074,1
44,20,185,0,0,0.49662157893180847,1
44,20,186,0,1,0.5465835928916931,0
44,20,187,1,0,0.3964681923389435,0
44,20,188,1,1,0.7314781546592712,1
44,20,189,0,0,0.4925787150859833,1
44,20,190,0,1,0.8655846118927002,0
44,20,191,0,1,0.5898495316505432,0
44,20,192,0,1,0.5229504108428955,0
44,20,193,1,0,0.4678593575954437,0
44,20,194,0,0,0.45995280146598816,1
44,20,195,0,0,0.385990709066391,1
44,20,196,0,0,0.34114766120910645,1
44,20,197,1,0,0.4834379255771637,0
44,20,198,0,0,0.4437329173088074,1
44,20,199,0,0,0.49692302942276,1
44,20,200,1,0,0.40192127227783203,0
44,20,201,0,0,0.40820157527923584,1
44,20,202,0,0,0.47086101770401,1
44,20,203,0,0,0.4755423069000244,1
44,20,204,1,1,0.5415024161338806,1
44,20,205,1,0,0.4516187608242035,0
44,20,206,1,1,0.6984586119651794,1
44,20,207,0,0,0.4565217196941376,1
44,20,208,0,1,0.5961450338363647,0
44,20,209,0,0,0.47881677746772766,1
44,20,210,1,0,0.3895811438560486,0
44,20,211,1,0,0.4384108781814575,0
44,20,212,1,1,0.5092776417732239,1
44,20,213,0,0,0.4616929292678833,1
44,20,214,0,0,0.3472633361816406,1
44,20,215,0,0,0.4173229932785034,1
44,20,216,1,0,0.4215207099914551,0
44,20,217,0,1,0.657255232334137,0
44,20,218,1,1,0.5037592053413391,1
44,20,219,1,0,0.4562014937400818,0
44,20,220,1,0,0.39256972074508667,0
44,20,221,1,0,0.4953334629535675,0
44,20,222,1,1,0.6821528673171997,1
44,20,223,1,1,0.5389474630355835,1
44,20,224,1,0,0.48452723026275635,0
44,20,225,0,0,0.43525299429893494,1
44,20,226,1,0,0.4857367277145386,0
44,20,227,0,1,0.5576305389404297,0
44,20,228,0,0,0.3251327872276306,1
44,20,229,0,1,0.5695449113845825,0
44,20,230,1,1,0.573193371295929,1
44,20,231,0,1,0.7965970039367676,0
44,20,232,1,1,0.6583699584007263,1
44,20,233,1,0,0.42540332674980164,0
44,20,234,1,1,0.598100483417511,1
44,20,235,0,1,0.5115163326263428,0
44,20,236,1,1,0.6010313034057617,1
44,20,237,1,0,0.4922482371330261,0
44,20,238,0,1,0.6477141976356506,0
44,20,239,0,0,0.48432472348213196,1
44,20,240,0,1,0.6521177291870117,0
44,20,241,1,1,0.5153902769088745,1
44,20,242,1,0,0.49407532811164856,0
44,20,243,0,1,0.6648989319801331,0
44,20,244,1,1,0.6325836181640625,1
44,20,245,1,1,0.5285391211509705,1
44,20,246,0,1,0.5734548568725586,0
44,20,247,1,0,0.47661226987838745,0
44,20,248,1,1,0.6007946133613586,1
44,20,249,1,0,0.46869415044784546,0
44,20,250,1,0,0.4155389368534088,0
44,20,251,1,1,0.694983184337616,1
44,20,252,0,0,0.3872094452381134,1
44,20,253,1,1,0.6213815808296204,1
44,20,254,0,0,0.483410120010376,1
44,20,255,1,0,0.41817954182624817,0
44,20,256,0,1,0.5449750423431396,0
44,20,257,0,0,0.41699954867362976,1
44,20,258,0,1,0.5264201164245605,0
44,20,259,0,1,0.6194352507591248,0
44,20,260,0,0,0.33540794253349304,1
44,20,261,0,0,0.4125332236289978,1
44,20,262,1,0,0.4884410500526428,0
44,20,263,1,0,0.4739994406700134,0
44,20,264,1,0,0.4436689615249634,0
44,20,265,0,0,0.4031362235546112,1
44,20,266,1,1,0.6113386750221252,1
44,20,267,1,0,0.2783317267894745,0
44,20,268,1,1,0.565202534198761,1
44,20,269,0,1,0.5243588089942932,0
44,20,270,1,0,0.3899216949939728,0
44,20,271,0,0,0.3855484426021576,1
44,20,272,0,0,0.47300878167152405,1
44,20,273,1,1,0.6420989632606506,1
44,20,274,1,0,0.43464377522468567,0
44,20,275,0,1,0.5026702284812927,0
44,20,276,0,0,0.41882655024528503,1
44,20,277,1,1,0.5327066779136658,1
44,20,278,0,0,0.3997861444950104,1
44,20,279,0,0,0.44361016154289246,1
44,20,280,1,1,0.5009564757347107,1
44,20,281,0,0,0.4070456326007843,1
44,20,282,0,0,0.498920738697052,1
44,20,283,0,1,0.516936719417572,0
44,20,284,1,0,0.4085831344127655,0
44,20,285,0,0,0.4525143504142761,1
44,20,286,0,1,0.5486574172973633,0
44,20,287,1,0,0.4918394386768341,0
44,20,288,1,1,0.518982470035553,1
44,20,289,0,1,0.5099117755889893,0
44,20,290,0,1,0.5059034824371338,0
44,20,291,1,1,0.5002866983413696,1
44,20,292,1,0,0.32213279604911804,0
44,20,293,1,1,0.5142914652824402,1
44,20,294,0,0,0.4760409891605377,1
44,20,295,1,1,0.5204140543937683,1
44,20,296,0,1,0.52485591173172,0
44,20,297,1,1,0.6305651068687439,1
44,20,298,1,1,0.6615760326385498,1
44,20,299,1,1,0.5180115103721619,1
44,20,300,0,1,0.5961461067199707,0
44,20,301,1,1,0.5591353178024292,1
44,20,302,1,1,0.5787182450294495,1
44,20,303,0,0,0.33291542530059814,1
44,20,304,1,0,0.4791664481163025,0
44,20,305,0,0,0.4239063858985901,1
44,20,306,0,0,0.45704102516174316,1
44,20,307,0,0,0.4633324444293976,1
44,20,308,0,0,0.40601831674575806,1
44,20,309,0,0,0.42910778522491455,1
44,20,310,0,0,0.43749868869781494,1
44,20,311,0,0,0.38771918416023254,1
44,20,312,0,0,0.42761385440826416,1
44,20,313,0,0,0.39684292674064636,1
44,20,314,0,0,0.32076770067214966,1
44,20,315,0,1,0.5557818412780762,0
44,30,0,0,1,0.616698682308197,0
44,30,1,1,0,0.22683295607566833,0
44,30,2,0,1,0.55597323179245,0
44,30,3,1,1,0.5535931587219238,1
44,30,4,0,0,0.45799383521080017,1
44,30,5,1,1,0.519652247428894,1
44,30,6,0,1,0.5351524949073792,0
44,30,7,1,0,0.3800033926963806,0
44,30,8,0,0,0.4767046570777893,1
44,30,9,0,0,0.3207453787326813,1
44,30,10,1,0,0.3666119873523712,0
44,30,11,1,0,0.4597432613372803,0
44,30,12,0,0,0.31832024455070496,1
44,30,13,0,0,0.37776732444763184,1
44,30,14,1,1,0.6537571549415588,1
44,30,15,1,1,0.544876754283905,1
44,30,16,1,1,0.6838966608047485,1
44,30,17,0,0,0.42687565088272095,1
44,30,18,0,0,0.3853021562099457,1
44,30,19,1,1,0.6504521369934082,1
44,30,20,0,0,0.43560126423835754,1
44,30,21,0,0,0.45900118350982666,1
44,30,22,1,0,0.44455695152282715,0
44,30,23,0,1,0.5286405682563782,0
44,30,24,1,1,0.5281056761741638,1
44,30,25,0,0,0.43134409189224243,1
44,30,26,0,1,0.538731575012207,0
44,30,27,0,0,0.40154561400413513,1
44,30,28,0,1,0.5352063775062561,0
44,30,29,0,1,0.8645045757293701,0
44,30,30,0,1,0.552101731300354,0
44,30,31,0,0,0.2988874614238739,1
44,30,32,1,1,0.6841676235198975,1
44,30,33,1,0,0.4942288398742676,0
44,30,34,1,1,0.6923933625221252,1
44,30,35,1,0,0.3696860373020172,0
44,30,36,1,0,0.4607083797454834,0
44,30,37,1,0,0.3120274841785431,0
44,30,38,0,1,0.76020747423172,0
44,30,39,1,0,0.4488462805747986,0
44,30,40,0,1,0.5781146883964539,0
44,30,41,1,0,0.4771657884120941,0
44,30,42,0,0,0.42854127287864685,1
44,30,43,0,1,0.6255468726158142,0
44,30,44,1,1,0.6265515685081482,1
44,30,45,0,1,0.5466341376304626,0
44,30,46,1,0,0.31672441959381104,0
44,30,47,1,0,0.4392465054988861,0
44,30,48,0,0,0.44876599311828613,1
44,30,49,1,0,0.3687226474285126,0
44,30,50,1,0,0.46837344765663147,0
44,30,51,0,0,0.4741606116294861,1
44,30,52,0,1,0.5035465955734253,0
44,30,53,1,0,0.417340487241745,0
44,30,54,0,0,0.27010825276374817,1
44,30,55,0,0,0.3906955420970917,1
44,30,56,1,1,0.537463903427124,1
44,30,57,0,1,0.5880948901176453,0
44,30,58,1,1,0.6388415694236755,1
44,30,59,0,0,0.45797109603881836,1
44,30,60,1,0,0.3440078794956207,0
44,30,61,0,1,0.6779468059539795,0
44,30,62,0,1,0.5196651220321655,0
44,30,63,1,0,0.40407922863960266,0
44,30,64,0,0,0.468126505613327,1
44,30,65,0,0,0.46908730268478394,1
44,30,66,0,1,0.5325347185134888,0
44,30,67,0,0,0.45380476117134094,1
44,30,68,0,0,0.4814213812351227,1
44,30,69,1,0,0.33089083433151245,0
44,30,70,0,0,0.4456576704978943,1
44,30,71,1,0,0.35164874792099,0
44,30,72,0,1,0.5118322372436523,0
44,30,73,0,0,0.4590678811073303,1
44,30,74,0,1,0.6828294396400452,0
44,30,75,0,0,0.45373302698135376,1
44,30,76,0,1,0.6776115894317627,0
44,30,77,1,0,0.43953844904899597,0
44,30,78,1,0,0.3326382637023926,0
44,30,79,1,0,0.4804407060146332,0
44,30,80,0,1,0.65052330493927,0
44,30,81,1,0,0.48381224274635315,0
44,30,82,0,0,0.4231707453727722,1
44,30,83,1,1,0.689098060131073,1
44,30,84,1,1,0.6133126020431519,1
44,30,85,1,1,0.5981346964836121,1
44,30,86,1,1,0.530846893787384,1
44,30,87,1,0,0.3591274917125702,0
44,30,88,1,1,0.5342301726341248,1
44,30,89,1,0,0.38035616278648376,0
44,30,90,1,1,0.7345973253250122,1
44,30,91,1,0,0.4106365442276001,0
44,30,92,0,1,0.5083110928535461,0
44,30,93,0,0,0.47833454608917236,1
44,30,94,0,1,0.6577487587928772,0
44,30,95,0,0,0.3558640778064728,1
44,30,96,1,1,0.5059917569160461,1
44,30,97,1,0,0.4643089771270752,0
44,30,98,1,1,0.5888464450836182,1
44,30,99,0,0,0.3911781907081604,1
44,30,100,1,0,0.4153508245944977,0
44,30,101,1,1,0.6298239231109619,1
44,30,102,1,1,0.566765308380127,1
44,30,103,0,0,0.35408225655555725,1
44,30,104,1,0,0.43879321217536926,0
44,30,105,0,0,0.453397661447525,1
44,30,106,1,1,0.6360798478126526,1
44,30,107,1,1,0.636478066444397,1
44,30,108,1,1,0.7375514507293701,1
44,30,109,0,0,0.37134239077568054,1
44,30,110,1,1,0.5846484899520874,1
44,30,111,0,1,0.5912474989891052,0
44,30,112,1,1,0.6390506029129028,1
44,30,113,0,1,0.5328910946846008,0
44,30,114,0,0,0.49064555764198303,1
44,30,115,0,1,0.5256462097167969,0
44,30,116,1,1,0.6805316805839539,1
44,30,117,0,0,0.4578927457332611,1
44,30,118,0,0,0.47609370946884155,1
44,30,119,1,1,0.6633498668670654,1
44,30,120,1,1,0.683983564376831,1
44,30,121,1,1,0.5894643068313599,1
44,30,122,1,0,0.47615838050842285,0
44,30,123,0,0,0.2746412754058838,1
44,30,124,1,0,0.41935017704963684,0
44,30,125,1,0,0.45648014545440674,0
44,30,126,0,0,0.4394638240337372,1
44,30,127,0,1,0.6213251948356628,0
44,30,128,1,1,0.5133790969848633,1
44,30,129,1,0,0.17685940861701965,0
44,30,130,1,1,0.5119047164916992,1
44,30,131,1,0,0.41149160265922546,0
44,30,132,1,1,0.5894426107406616,1
44,30,133,0,0,0.3301331400871277,1
44,30,134,0,1,0.546231746673584,0
44,30,135,0,0,0.41527196764945984,1
44,30,136,0,0,0.18211902678012848,1
44,30,137,1,1,0.6037176847457886,1
44,30,138,1,1,0.5660631656646729,1
44,30,139,0,1,0.5322906970977783,0
44,30,140,1,1,0.526945173740387,1
44,30,141,1,1,0.7002419829368591,1
44,30,142,1,1,0.6061967611312866,1
44,30,143,1,1,0.6283365488052368,1
44,30,144,1,1,0.6635338068008423,1
44,30,145,1,1,0.6047703623771667,1
44,30,146,1,1,0.7971833348274231,1
44,30,147,0,0,0.44582122564315796,1
44,30,148,0,0,0.39721623063087463,1
44,30,149,0,0,0.2354753613471985,1
44,30,150,1,0,0.4589417576789856,0
44,30,151,1,0,0.4574894309043884,0
44,30,152,0,1,0.6108167767524719,0
44,30,153,0,0,0.40973588824272156,1
44,30,154,1,0,0.4646882116794586,0
44,30,155,1,1,0.5750535726547241,1
44,30,156,0,0,0.47085919976234436,1
44,30,157,0,0,0.3929709494113922,1
44,30,158,0,0,0.4105696976184845,1
44,30,159,0,1,0.5288366675376892,0
44,30,160,0,0,0.2739444077014923,1
44,30,161,1,1,0.6102430820465088,1
44,30,162,1,0,0.47321832180023193,0
44,30,163,1,0,0.31709516048431396,0
44,30,164,1,1,0.6928392648696899,1
44,30,165,1,0,0.41073188185691833,0
44,30,166,1,0,0.4987768530845642,0
44,30,167,0,0,0.43031224608421326,1
44,30,168,1,0,0.36395445466041565,0
44,30,169,0,1,0.5030877590179443,0
44,30,170,1,0,0.41421034932136536,0
44,30,171,1,0,0.3124038279056549,0
44,30,172,0,1,0.5903435945510864,0
44,30,173,1,1,0.5887001156806946,1
44,30,174,0,0,0.36999961733818054,1
44,30,175,0,0,0.479401558637619,1
44,30,176,1,1,0.6738595366477966,1
44,30,177,1,1,0.6028185486793518,1
44,30,178,1,1,0.693993330001831,1
44,30,179,0,0,0.4849918782711029,1
44,30,180,0,1,0.5177738666534424,0
44,30,181,1,0,0.2253856360912323,0
44,30,182,0,1,0.5337184071540833,0
44,30,183,0,0,0.23828043043613434,1
44,30,184,0,0,0.37717509269714355,1
44,30,185,0,0,0.45598453283309937,1
44,30,186,0,1,0.5478811264038086,0
44,30,187,1,0,0.40779322385787964,0
44,30,188,1,1,0.6958601474761963,1
44,30,189,0,0,0.4894699156284332,1
44,30,190,0,1,0.8615052700042725,0
44,30,191,0,1,0.605371356010437,0
44,30,192,0,1,0.5142455697059631,0
44,30,193,1,0,0.45490700006484985,0
44,30,194,0,0,0.4160670340061188,1
44,30,195,0,0,0.23053301870822906,1
44,30,196,0,0,0.406421959400177,1
44,30,197,1,1,0.560556173324585,1
44,30,198,0,0,0.41282618045806885,1
44,30,199,0,0,0.4655744731426239,1
44,30,200,1,0,0.38410496711730957,0
44,30,201,0,0,0.3786787986755371,1
44,30,202,0,0,0.4534193277359009,1
44,30,203,0,0,0.46730512380599976,1
44,30,204,1,1,0.5596184134483337,1
44,30,205,1,0,0.40288034081459045,0
44,30,206,1,1,0.7462464570999146,1
44,30,207,0,0,0.4493556320667267,1
44,30,208,0,1,0.595714271068573,0
44,30,209,0,0,0.4419013261795044,1
44,30,210,1,0,0.32772862911224365,0
44,30,211,1,0,0.4719887971878052,0
44,30,212,1,1,0.5311205387115479,1
44,30,213,0,0,0.41623222827911377,1
44,30,214,0,0,0.3064159154891968,1
44,30,215,0,0,0.3241729140281677,1
44,30,216,1,0,0.3697150647640228,0
44,30,217,0,1,0.7136884927749634,0
44,30,218,1,0,0.488525927066803,0
44,30,219,1,0,0.40685126185417175,0
44,30,220,1,0,0.3095489740371704,0
44,30,221,1,0,0.4836682379245758,0
44,30,222,1,1,0.7744125127792358,1
44,30,223,1,0,0.47308993339538574,0
44,30,224,1,1,0.5556586980819702,1
44,30,225,0,0,0.4229382276535034,1
44,30,226,1,0,0.472368448972702,0
44,30,227,0,1,0.5916392803192139,0
44,30,228,0,0,0.3023572266101837,1
44,30,229,0,0,0.49255645275115967,1
44,30,230,1,1,0.5765957832336426,1
44,30,231,0,1,0.8069630861282349,0
44,30,232,1,1,0.7531086802482605,1
44,30,233,1,0,0.40188390016555786,0
44,30,234,1,1,0.6559933423995972,1
44,30,235,0,0,0.44993022084236145,1
44,30,236,1,1,0.6362238526344299,1
44,30,237,1,1,0.5171434879302979,1
44,30,238,0,1,0.6755152344703674,0
44,30,239,0,0,0.4959297478199005,1
44,30,240,0,1,0.6991720199584961,0
44,30,241,1,0,0.49599799513816833,0
44,30,242,1,0,0.49435773491859436,0
44,30,243,0,1,0.6803117990493774,0
44,30,244,1,1,0.7373269200325012,1
44,30,245,1,1,0.5716823935508728,1
44,30,246,0,1,0.5282971858978271,0
44,30,247,1,0,0.46757397055625916,0
44,30,248,1,1,0.6325615644454956,1
44,30,249,1,0,0.4216228425502777,0
44,30,250,1,0,0.37013208866119385,0
44,30,251,1,1,0.7300907373428345,1
44,30,252,0,0,0.4000721573829651,1
44,30,253,1,1,0.6836106777191162,1
44,30,254,0,0,0.49307164549827576,1
44,30,255,1,0,0.4573250412940979,0
44,30,256,0,1,0.5165510773658752,0
44,30,257,0,0,0.4473417103290558,1
44,30,258,0,1,0.503520667552948,0
44,30,259,0,1,0.647503674030304,0
44,30,260,0,0,0.2810233235359192,1
44,30,261,0,0,0.43218913674354553,1
44,30,262,1,0,0.45808857679367065,0
44,30,263,1,1,0.5122912526130676,1
44,30,264,1,1,0.5336400270462036,1
44,30,265,0,0,0.42178797721862793,1
44,30,266,1,1,0.7215706706047058,1
44,30,267,1,0,0.19951844215393066,0
44,30,268,1,1,0.6340324282646179,1
44,30,269,0,1,0.5551028847694397,0
44,30,270,1,0,0.3303026556968689,0
44,30,271,0,0,0.31896525621414185,1
44,30,272,0,1,0.5338016152381897,0
44,30,273,1,1,0.7391499280929565,1
44,30,274,1,0,0.3703945279121399,0
44,30,275,0,1,0.6045852303504944,0
44,30,276,0,0,0.4571474492549896,1
44,30,277,1,1,0.5396996736526489,1
44,30,278,0,0,0.34890511631965637,1
44,30,279,0,0,0.4436664283275604,1
44,30,280,1,1,0.5136996507644653,1
44,30,281,0,0,0.4031325578689575,1
44,30,282,0,1,0.5600891709327698,0
44,30,283,0,1,0.5467117428779602,0
44,30,284,1,0,0.4258642792701721,0
44,30,285,0,0,0.43016737699508667,1
44,30,286,0,1,0.5656675100326538,0
44,30,287,1,1,0.5564989447593689,1
44,30,288,1,0,0.4896974563598633,0
44,30,289,0,1,0.5399965047836304,0
44,30,290,0,1,0.5004838705062866,0
44,30,291,1,0,0.4849674701690674,0
44,30,292,1,0,0.26628994941711426,0
44,30,293,1,1,0.5189162492752075,1
44,30,294,0,0,0.4604383409023285,1
44,30,295,1,1,0.5563709735870361,1
44,30,296,0,1,0.5428975224494934,0
44,30,297,1,1,0.6593891978263855,1
44,30,298,1,1,0.6819826364517212,1
44,30,299,1,1,0.568146824836731,1
44,30,300,0,1,0.6844455599784851,0
44,30,301,1,1,0.558757483959198,1
44,30,302,1,1,0.6182623505592346,1
44,30,303,0,0,0.270261287689209,1
44,30,304,1,0,0.47195252776145935,0
44,30,305,0,0,0.3435533344745636,1
44,30,306,0,0,0.4213811755180359,1
44,30,307,0,0,0.4385465383529663,1
44,30,308,0,0,0.3313341438770294,1
44,30,309,0,0,0.42603030800819397,1
44,30,310,0,0,0.44148385524749756,1
44,30,311,0,0,0.3501133918762207,1
44,30,312,0,0,0.40861421823501587,1
44,30,313,0,0,0.3406541049480438,1
44,30,314,0,0,0.2534811496734619,1
44,30,315,0,1,0.5148252844810486,0
44,40,0,0,1,0.6712781190872192,0
44,40,1,1,0,0.2792699337005615,0
44,40,2,0,1,0.554886519908905,0
44,40,3,1,1,0.5504273176193237,1
44,40,4,0,0,0.4392956495285034,1
44,40,5,1,0,0.44488927721977234,0
44,40,6,0,1,0.541351854801178,0
44,40,7,1,0,0.38943156599998474,0
44,40,8,0,1,0.5062339305877686,0
44,40,9,0,0,0.31051480770111084,1
44,40,10,1,0,0.2967815399169922,0
44,40,11,1,0,0.492760568857193,0
44,40,12,0,0,0.28612154722213745,1
44,40,13,0,0,0.21090222895145416,1
44,40,14,1,1,0.6740686893463135,1
44,40,15,1,1,0.6080009937286377,1
44,40,16,1,1,0.674649178981781,1
44,40,17,0,0,0.31004637479782104,1
44,40,18,0,0,0.4530388116836548,1
44,40,19,1,1,0.6308128237724304,1
44,40,20,0,0,0.3459058105945587,1
44,40,21,0,0,0.2831513583660126,1
44,40,22,1,0,0.42119327187538147,0
44,40,23,0,1,0.5842353701591492,0
44,40,24,1,1,0.5780531167984009,1
44,40,25,0,0,0.4061194956302643,1
44,40,26,0,1,0.5692622065544128,0
44,40,27,0,0,0.45798417925834656,1
44,40,28,0,1,0.5311645865440369,0
44,40,29,0,1,0.9457834362983704,0
44,40,30,0,0,0.49862053990364075,1
44,40,31,0,0,0.3609659671783447,1
44,40,32,1,1,0.6643518209457397,1
44,40,33,1,0,0.48365896940231323,0
44,40,34,1,1,0.7637293338775635,1
44,40,35,1,0,0.2760063409805298,0
44,40,36,1,0,0.4792896509170532,0
44,40,37,1,0,0.2617098391056061,0
44,40,38,0,1,0.7190343141555786,0
44,40,39,1,0,0.448159784078598,0
44,40,40,0,1,0.6135815382003784,0
44,40,41,1,0,0.383698433637619,0
44,40,42,0,0,0.39566102623939514,1
44,40,43,0,1,0.7885468006134033,0
44,40,44,1,1,0.702028214931488,1
44,40,45,0,1,0.659683346748352,0
44,40,46,1,0,0.26938337087631226,0
44,40,47,1,0,0.3783494532108307,0
44,40,48,0,0,0.3639119565486908,1
44,40,49,1,0,0.45234861969947815,0
44,40,50,1,0,0.4289149343967438,0
44,40,51,0,0,0.4618079960346222,1
44,40,52,0,1,0.5338292717933655,0
44,40,53,1,0,0.43437179923057556,0
44,40,54,0,0,0.19349491596221924,1
44,40,55,0,0,0.4225049614906311,1
44,40,56,1,1,0.5710292458534241,1
44,40,57,0,1,0.6917615532875061,0
44,40,58,1,1,0.603128969669342,1
44,40,59,0,0,0.3338049054145813,1
44,40,60,1,0,0.39871156215667725,0
44,40,61,0,1,0.7971920371055603,0
44,40,62,0,1,0.5160456299781799,0
44,40,63,1,0,0.4326462745666504,0
44,40,64,0,0,0.45825836062431335,1
44,40,65,0,0,0.45861387252807617,1
44,40,66,0,1,0.5166099071502686,0
44,40,67,0,0,0.3066050112247467,1
44,40,68,0,0,0.46515437960624695,1
44,40,69,1,0,0.25235968828201294,0
44,40,70,0,0,0.38070330023765564,1
44,40,71,1,0,0.321440190076828,0
44,40,72,0,1,0.5491473078727722,0
44,40,73,0,0,0.45670801401138306,1
44,40,74,0,1,0.7189468145370483,0
44,40,75,0,0,0.45244771242141724,1
44,40,76,0,1,0.7643188238143921,0
44,40,77,1,0,0.446758508682251,0
44,40,78,1,0,0.22593536972999573,0
44,40,79,1,1,0.504181444644928,1
44,40,80,0,1,0.6788182258605957,0
44,40,81,1,0,0.45948976278305054,0
44,40,82,0,0,0.3830965459346771,1
44,40,83,1,1,0.799311637878418,1
44,40,84,1,1,0.6777694821357727,1
44,40,85,1,1,0.6104628443717957,1
44,40,86,1,0,0.4965973198413849,0
44,40,87,1,0,0.34844622015953064,0
44,40,88,1,0,0.4061868488788605,0
44,40,89,1,0,0.44054338335990906,0
44,40,90,1,1,0.6379388570785522,1
44,40,91,1,0,0.3713091313838959,0
44,40,92,0,1,0.5114971995353699,0
44,40,93,0,0,0.4636085629463196,1
44,40,94,0,1,0.7201576232910156,0
44,40,95,0,0,0.40948450565338135,1
44,40,96,1,0,0.4624880850315094,0
44,40,97,1,0,0.4418469965457916,0
44,40,98,1,1,0.5800929665565491,1
44,40,99,0,0,0.32556676864624023,1
44,40,100,1,0,0.4580577313899994,0
44,40,101,1,1,0.675268828868866,1
44,40,102,1,0,0.4443728029727936,0
44,40,103,0,0,0.3429376482963562,1
44,40,104,1,0,0.44261330366134644,0
44,40,105,0,0,0.49248984456062317,1
44,40,106,1,1,0.6192686557769775,1
44,40,107,1,1,0.6769781112670898,1
44,40,108,1,1,0.7650704979896545,1
44,40,109,0,0,0.3597973883152008,1
44,40,110,1,1,0.5633915066719055,1
44,40,111,0,1,0.5865068435668945,0
44,40,112,1,1,0.5991573333740234,1
44,40,113,0,1,0.5060832500457764,0
44,40,114,0,0,0.47869670391082764,1
44,40,115,0,1,0.5188536643981934,0
44,40,116,1,1,0.7407211661338806,1
44,40,117,0,0,0.47329986095428467,1
44,40,118,0,0,0.47288885712623596,1
44,40,119,1,1,0.7043664455413818,1
44,40,120,1,1,0.7544663548469543,1
44,40,121,1,1,0.5444484353065491,1
44,40,122,1,0,0.49289315938949585,0
44,40,123,0,0,0.29240095615386963,1
44,40,124,1,0,0.3783082962036133,0
44,40,125,1,0,0.47025078535079956,0
44,40,126,0,0,0.45316052436828613,1
44,40,127,0,1,0.7252464890480042,0
44,40,128,1,1,0.5044519305229187,1
44,40,129,1,0,0.20900292694568634,0
44,40,130,1,1,0.5607873797416687,1
44,40,131,1,0,0.39703601598739624,0
44,40,132,1,1,0.5714352130889893,1
44,40,133,0,0,0.2985822260379791,1
44,40,134,0,1,0.6085141897201538,0
44,40,135,0,0,0.3290376663208008,1
44,40,136,0,0,0.15534129738807678,1
44,40,137,1,1,0.5554614663124084,1
44,40,138,1,1,0.6108846664428711,1
44,40,139,0,1,0.5568556785583496,0
44,40,140,1,1,0.5257421135902405,1
44,40,141,1,1,0.7681776881217957,1
44,40,142,1,1,0.6931408047676086,1
44,40,143,1,1,0.6151764392852783,1
44,40,144,1,1,0.6444729566574097,1
44,40,145,1,1,0.6379542946815491,1
44,40,146,1,1,0.7840336561203003,1
44,40,147,0,1,0.5237868428230286,0
44,40,148,0,0,0.3037441670894623,1
44,40,149,0,0,0.2033892422914505,1
44,40,150,1,0,0.43489375710487366,0
44,40,151,1,0,0.4183090031147003,0
44,40,152,0,1,0.5893374681472778,0
44,40,153,0,0,0.36528658866882324,1
44,40,154,1,0,0.49160030484199524,0
44,40,155,1,1,0.6397807598114014,1
44,40,156,0,0,0.30324533581733704,1
44,40,157,0,0,0.3762362003326416,1
44,40,158,0,0,0.3876654803752899,1
44,40,159,0,1,0.5328620672225952,0
44,40,160,0,0,0.3325471580028534,1
44,40,161,1,1,0.618238091468811,1
44,40,162,1,0,0.48968207836151123,0
44,40,163,1,0,0.29193490743637085,0
44,40,164,1,1,0.7281235456466675,1
44,40,165,1,0,0.32402628660202026,0
44,40,166,1,0,0.4837227761745453,0
44,40,167,0,0,0.4335664212703705,1
44,40,168,1,0,0.27198243141174316,0
44,40,169,0,1,0.5063568949699402,0
44,40,170,1,0,0.44973447918891907,0
44,40,171,1,0,0.2762216329574585,0
44,40,172,0,1,0.5617328882217407,0
44,40,173,1,1,0.7048696279525757,1
44,40,174,0,0,0.36063775420188904,1
44,40,175,0,0,0.44523540139198303,1
44,40,176,1,1,0.8139910697937012,1
44,40,177,1,1,0.5569125413894653,1
44,40,178,1,1,0.5486863851547241,1
44,40,179,0,0,0.4780734181404114,1
44,40,180,0,1,0.5920140147209167,0
44,40,181,1,0,0.2284039705991745,0
44,40,182,0,1,0.5185048580169678,0
44,40,183,0,0,0.22043727338314056,1
44,40,184,0,0,0.3713242709636688,1
44,40,185,0,0,0.3595343828201294,1
44,40,186,0,0,0.4615125358104706,1
44,40,187,1,1,0.536087155342102,1
44,40,188,1,1,0.8408165574073792,1
44,40,189,0,1,0.5062523484230042,0
44,40,190,0,1,0.9384719133377075,0
44,40,191,0,1,0.5681605935096741,0
44,40,192,0,1,0.5055854320526123,0
44,40,193,1,0,0.4841102957725525,0
44,40,194,0,0,0.40933698415756226,1
44,40,195,0,0,0.09517212957143784,1
44,40,196,0,0,0.43684571981430054,1
44,40,197,1,1,0.6167529225349426,1
44,40,198,0,0,0.39091846346855164,1
44,40,199,0,0,0.439815491437912,1
44,40,200,1,0,0.3149533271789551,0
44,40,201,0,0,0.4697399437427521,1
44,40,202,0,0,0.4612738788127899,1
44,40,203,0,0,0.4939069449901581,1
44,40,204,1,1,0.556852400302887,1
44,40,205,1,0,0.40354403853416443,0
44,40,206,1,1,0.7732740044593811,1
44,40,207,0,0,0.44911107420921326,1
44,40,208,0,1,0.6356722116470337,0
44,40,209,0,0,0.4457746744155884,1
44,40,210,1,0,0.2634875774383545,0
44,40,211,1,0,0.4894782304763794,0
44,40,212,1,1,0.5420228242874146,1
44,40,213,0,0,0.36554670333862305,1
44,40,214,0,0,0.2597588002681732,1
44,40,215,0,0,0.21336627006530762,1
44,40,216,1,0,0.33860331773757935,0
44,40,217,0,1,0.804219126701355,0
44,40,218,1,0,0.4547866880893707,0
44,40,219,1,0,0.21740368008613586,0
44,40,220,1,0,0.3018544614315033,0
44,40,221,1,0,0.48360204696655273,0
44,40,222,1,1,0.8037275671958923,1
44,40,223,1,1,0.5072574615478516,1
44,40,224,1,1,0.5394909381866455,1
44,40,225,0,0,0.4076818525791168,1
44,40,226,1,1,0.504944384098053,1
44,40,227,0,1,0.5737294554710388,0
44,40,228,0,0,0.2702529728412628,1
44,40,229,0,0,0.38793519139289856,1
44,40,230,1,1,0.5883044004440308,1
44,40,231,0,1,0.758693516254425,0
44,40,232,1,1,0.8255959749221802,1
44,40,233,1,0,0.393344521522522,0
44,40,234,1,1,0.6793169379234314,1
44,40,235,0,0,0.4323946237564087,1
44,40,236,1,1,0.6987717151641846,1
44,40,237,1,1,0.5851771235466003,1
44,40,238,0,1,0.739374577999115,0
44,40,239,0,0,0.4477180242538452,1
44,40,240,0,1,0.6287188529968262,0
44,40,241,1,1,0.5581080317497253,1
44,40,242,1,0,0.48696252703666687,0
44,40,243,0,1,0.70240318775177,0
44,40,244,1,1,0.7938757538795471,1
44,40,245,1,1,0.5862062573432922,1
44,40,246,0,1,0.5572047829627991,0
44,40,247,1,0,0.43686217069625854,0
44,40,248,1,1,0.5599321126937866,1
44,40,249,1,0,0.37984150648117065,0
44,40,250,1,0,0.36114057898521423,0
44,40,251,1,1,0.7776846289634705,1
44,40,252,0,0,0.40424856543540955,1
44,40,253,1,1,0.6640467643737793,1
44,40,254,0,1,0.5518649220466614,0
44,40,255,1,0,0.33320242166519165,0
44,40,256,0,0,0.4692364037036896,1
44,40,257,0,0,0.2872512936592102,1
44,40,258,0,1,0.5113147497177124,0
44,40,259,0,1,0.6372554302215576,0
44,40,260,0,0,0.25406718254089355,1
44,40,261,0,0,0.42393890023231506,1
44,40,262,1,0,0.47220689058303833,0
44,40,263,1,1,0.5177403688430786,1
44,40,264,1,0,0.48258480429649353,0
44,40,265,0,1,0.5468903183937073,0
44,40,266,1,0,0.4880807399749756,0
44,40,267,1,0,0.20380768179893494,0
44,40,268,1,1,0.7031593322753906,1
44,40,269,0,1,0.5489270687103271,0
44,40,270,1,0,0.28043171763420105,0
44,40,271,0,0,0.2174789309501648,1
44,40,272,0,0,0.49032968282699585,1
44,40,273,1,1,0.7266462445259094,1
44,40,274,1,0,0.4604398012161255,0
44,40,275,0,1,0.6098036170005798,0
44,40,276,0,0,0.4980694651603699,1
44,40,277,1,1,0.557811975479126,1
44,40,278,0,0,0.24567267298698425,1
44,40,279,0,0,0.44585731625556946,1
44,40,280,1,0,0.4825063645839691,0
44,40,281,0,0,0.31635013222694397,1
44,40,282,0,1,0.52811598777771,0
44,40,283,0,1,0.5186361074447632,0
44,40,284,1,0,0.3627677261829376,0
44,40,285,0,0,0.395719975233078,1
44,40,286,0,1,0.5737202167510986,0
44,40,287,1,1,0.6264449954032898,1
44,40,288,1,0,0.42480745911598206,0
44,40,289,0,1,0.5466803908348083,0
44,40,290,0,0,0.42221441864967346,1
44,40,291,1,1,0.5045034289360046,1
44,40,292,1,0,0.2093401402235031,0
44,40,293,1,1,0.5287752747535706,1
44,40,294,0,0,0.48083966970443726,1
44,40,295,1,1,0.5952551960945129,1
44,40,296,0,1,0.5404022336006165,0
44,40,297,1,1,0.7831041216850281,1
44,40,298,1,1,0.7035866975784302,1
44,40,299,1,1,0.5938546657562256,1
44,40,300,0,1,0.7521406412124634,0
44,40,301,1,1,0.5777929425239563,1
44,40,302,1,1,0.6080908179283142,1
44,40,303,0,0,0.22900375723838806,1
44,40,304,1,0,0.49777838587760925,0
44,40,305,0,0,0.2802494168281555,1
44,40,306,0,0,0.37499064207077026,1
44,40,307,0,0,0.3977520763874054,1
44,40,308,0,0,0.3959597647190094,1
44,40,309,0,0,0.46403664350509644,1
44,40,310,0,0,0.3977144658565521,1
44,40,311,0,0,0.249688059091568,1
44,40,312,0,0,0.3048841953277588,1
44,40,313,0,0,0.329547643661499,1
44,40,314,0,0,0.2052236795425415,1
44,40,315,0,1,0.5239058136940002,0
44,50,0,0,1,0.740163266658783,0
44,50,1,1,0,0.1839737743139267,0
44,50,2,0,1,0.5399707555770874,0
44,50,3,1,1,0.5461889505386353,1
44,50,4,0,0,0.4612816274166107,1
44,50,5,1,1,0.6255225539207458,1
44,50,6,0,1,0.5452907085418701,0
44,50,7,1,0,0.43865758180618286,0
44,50,8,0,1,0.5038754343986511,0
44,50,9,0,0,0.2864026129245758,1
44,50,10,1,0,0.4328046441078186,0
44,50,11,1,1,0.5210237503051758,1
44,50,12,0,0,0.2569424510002136,1
44,50,13,0,0,0.202579066157341,1
44,50,14,1,1,0.719930112361908,1
44,50,15,1,1,0.5065695643424988,1
44,50,16,1,1,0.6377421617507935,1
44,50,17,0,0,0.4553638994693756,1
44,50,18,0,0,0.3485596776008606,1
44,50,19,1,1,0.6097823977470398,1
44,50,20,0,0,0.4271700382232666,1
44,50,21,0,0,0.47199416160583496,1
44,50,22,1,0,0.44448283314704895,0
44,50,23,0,1,0.583581268787384,0
44,50,24,1,1,0.6268239617347717,1
44,50,25,0,0,0.3751463294029236,1
44,50,26,0,1,0.5219582915306091,0
44,50,27,0,0,0.2925679683685303,1
44,50,28,0,1,0.5249006152153015,0
44,50,29,0,1,0.8890330195426941,0
44,50,30,0,0,0.396796852350235,1
44,50,31,0,0,0.24485594034194946,1
44,50,32,1,1,0.7097306251525879,1
44,50,33,1,0,0.4880662262439728,0
44,50,34,1,1,0.7256131172180176,1
44,50,35,1,0,0.2961764335632324,0
44,50,36,1,1,0.5639411211013794,1
44,50,37,1,0,0.2701350450515747,0
44,50,38,0,1,0.7082250118255615,0
44,50,39,1,0,0.4477551281452179,0
44,50,40,0,1,0.6564980745315552,0
44,50,41,1,1,0.5778363943099976,1
44,50,42,0,0,0.33016857504844666,1
44,50,43,0,1,0.6449827551841736,0
44,50,44,1,1,0.724239706993103,1
44,50,45,0,1,0.5448735356330872,0
44,50,46,1,0,0.3264002501964569,0
44,50,47,1,1,0.5358982086181641,1
44,50,48,0,0,0.3180479407310486,1
44,50,49,1,0,0.44295576214790344,0
44,50,50,1,0,0.39584895968437195,0
44,50,51,0,0,0.4378453195095062,1
44,50,52,0,1,0.5954659581184387,0
44,50,53,1,0,0.49349284172058105,0
44,50,54,0,0,0.21129029989242554,1
44,50,55,0,0,0.349796324968338,1
44,50,56,1,1,0.5890341401100159,1
44,50,57,0,1,0.7973061800003052,0
44,50,58,1,1,0.658290445804596,1
44,50,59,0,1,0.5118513107299805,0
44,50,60,1,0,0.35189688205718994,0
44,50,61,0,1,0.7182958722114563,0
44,50,62,0,1,0.5474607348442078,0
44,50,63,1,0,0.4426163136959076,0
44,50,64,0,0,0.4025266170501709,1
44,50,65,0,1,0.5101069211959839,0
44,50,66,0,0,0.4891953468322754,1
44,50,67,0,0,0.38813516497612,1
44,50,68,0,0,0.4406510889530182,1
44,50,69,1,0,0.2002858966588974,0
44,50,70,0,0,0.39643189311027527,1
44,50,71,1,0,0.3699648380279541,0
44,50,72,0,1,0.6681160926818848,0
44,50,73,0,0,0.4617997109889984,1
44,50,74,0,1,0.5678681135177612,0
44,50,75,0,0,0.4443421959877014,1
44,50,76,0,1,0.717901349067688,0
44,50,77,1,1,0.5087541341781616,1
44,50,78,1,0,0.22315190732479095,0
44,50,79,1,1,0.568764328956604,1
44,50,80,0,1,0.7686110138893127,0
44,50,81,1,0,0.40957748889923096,0
44,50,82,0,0,0.3471664488315582,1
44,50,83,1,1,0.7209039926528931,1
44,50,84,1,1,0.7804096937179565,1
44,50,85,1,1,0.6302762627601624,1
44,50,86,1,0,0.48066455125808716,0
44,50,87,1,0,0.31547030806541443,0
44,50,88,1,1,0.6012066602706909,1
44,50,89,1,0,0.31805628538131714,0
44,50,90,1,1,0.781202495098114,1
44,50,91,1,1,0.536355197429657,1
44,50,92,0,1,0.5522232055664062,0
44,50,93,0,0,0.4644923806190491,1
44,50,94,0,1,0.7319179773330688,0
44,50,95,0,0,0.35316386818885803,1
44,50,96,1,1,0.542221188545227,1
44,50,97,1,1,0.5008784532546997,1
44,50,98,1,1,0.5991312861442566,1
44,50,99,0,0,0.3385562002658844,1
44,50,100,1,0,0.4927181303501129,0
44,50,101,1,1,0.7742443680763245,1
44,50,102,1,1,0.6192682385444641,1
44,50,103,0,0,0.2822984457015991,1
44,50,104,1,0,0.35204359889030457,0
44,50,105,0,1,0.5134835839271545,0
44,50,106,1,1,0.5932099223136902,1
44,50,107,1,1,0.6592178344726562,1
44,50,108,1,1,0.7836995124816895,1
44,50,109,0,0,0.3397793769836426,1
44,50,110,1,1,0.555925190448761,1
44,50,111,0,1,0.6029887199401855,0
44,50,112,1,1,0.7097139954566956,1
44,50,113,0,0,0.45472607016563416,1
44,50,114,0,0,0.48896732926368713,1
44,50,115,0,1,0.5281606316566467,0
44,50,116,1,1,0.7966553568840027,1
44,50,117,0,1,0.5104373097419739,0
44,50,118,0,0,0.4520023763179779,1
44,50,119,1,1,0.6617262959480286,1
44,50,120,1,1,0.7741875052452087,1
44,50,121,1,1,0.5128350853919983,1
44,50,122,1,1,0.5138698816299438,1
44,50,123,0,0,0.21718032658100128,1
44,50,124,1,0,0.3524419069290161,0
44,50,125,1,0,0.45053592324256897,0
44,50,126,0,0,0.47511327266693115,1
44,50,127,0,1,0.8877087235450745,0
44,50,128,1,1,0.5014005303382874,1
44,50,129,1,0,0.16509421169757843,0
44,50,130,1,1,0.5859959125518799,1
44,50,131,1,0,0.3702000081539154,0
44,50,132,1,1,0.6992443799972534,1
44,50,133,0,0,0.30463191866874695,1
44,50,134,0,1,0.692523717880249,0
44,50,135,0,1,0.5095705389976501,0
44,50,136,0,0,0.13505037128925323,1
44,50,137,1,0,0.4872739315032959,0
44,50,138,1,1,0.6344715356826782,1
44,50,139,0,1,0.5637180805206299,0
44,50,140,1,1,0.5541547536849976,1
44,50,141,1,1,0.6808282136917114,1
44,50,142,1,1,0.6753838658332825,1
44,50,143,1,1,0.6383357048034668,1
44,50,144,1,1,0.6454862952232361,1
44,50,145,1,1,0.6898022294044495,1
44,50,146,1,1,0.8458524346351624,1
44,50,147,0,1,0.514706015586853,0
44,50,148,0,0,0.31252533197402954,1
44,50,149,0,0,0.21357060968875885,1
44,50,150,1,1,0.5706004500389099,1
44,50,151,1,0,0.45950037240982056,0
44,50,152,0,1,0.531409502029419,0
44,50,153,0,0,0.37576451897621155,1
44,50,154,1,1,0.7679845690727234,1
44,50,155,1,1,0.6919122934341431,1
44,50,156,0,0,0.44931653141975403,1
44,50,157,0,0,0.275644451379776,1
44,50,158,0,0,0.3752394914627075,1
44,50,159,0,0,0.483394056558609,1
44,50,160,0,0,0.26264774799346924,1
44,50,161,1,1,0.618433952331543,1
44,50,162,1,1,0.5422558784484863,1
44,50,163,1,0,0.23990541696548462,0
44,50,164,1,1,0.8202820420265198,1
44,50,165,1,0,0.3100983202457428,0
44,50,166,1,0,0.4699140191078186,0
44,50,167,0,0,0.4204387664794922,1
44,50,168,1,0,0.25990498065948486,0
44,50,169,0,0,0.49923616647720337,1
44,50,170,1,0,0.43151870369911194,0
44,50,171,1,0,0.24113766849040985,0
44,50,172,0,1,0.5512040257453918,0
44,50,173,1,1,0.6476815342903137,1
44,50,174,0,0,0.3362545371055603,1
44,50,175,0,0,0.43504631519317627,1
44,50,176,1,1,0.931446373462677,1
44,50,177,1,1,0.6969799995422363,1
44,50,178,1,1,0.6173016428947449,1
44,50,179,0,0,0.4852876365184784,1
44,50,180,0,1,0.6976316571235657,0
44,50,181,1,0,0.17646853625774384,0
44,50,182,0,1,0.5166639089584351,0
44,50,183,0,0,0.1616601198911667,1
44,50,184,0,0,0.4267468750476837,1
44,50,185,0,0,0.35441023111343384,1
44,50,186,0,0,0.4006597399711609,1
44,50,187,1,1,0.7146979570388794,1
44,50,188,1,1,0.7286893129348755,1
44,50,189,0,1,0.5113250613212585,0
44,50,190,0,1,0.8695793747901917,0
44,50,191,0,1,0.5434896349906921,0
44,50,192,0,0,0.4970974028110504,1
44,50,193,1,0,0.48558521270751953,0
44,50,194,0,0,0.4835945665836334,1
44,50,195,0,0,0.10255937278270721,1
44,50,196,0,1,0.5417407155036926,0
44,50,197,1,1,0.6181504130363464,1
44,50,198,0,0,0.4146798253059387,1
44,50,199,0,0,0.49190959334373474,1
44,50,200,1,0,0.23710015416145325,0
44,50,201,0,0,0.46724048256874084,1
44,50,202,0,0,0.4577648639678955,1
44,50,203,0,0,0.4974898397922516,1
44,50,204,1,1,0.584777295589447,1
44,50,205,1,0,0.25888267159461975,0
44,50,206,1,1,0.7589948773384094,1
44,50,207,0,0,0.4534311890602112,1
44,50,208,0,1,0.6441288590431213,0
44,50,209,0,0,0.3973259925842285,1
44,50,210,1,0,0.27432647347450256,0
44,50,211,1,1,0.6162964105606079,1
44,50,212,1,1,0.5662832260131836,1
44,50,213,0,0,0.3314281702041626,1
44,50,214,0,0,0.23648732900619507,1
44,50,215,0,0,0.22163626551628113,1
44,50,216,1,0,0.2950129806995392,0
44,50,217,0,1,0.7374829053878784,0
44,50,218,1,0,0.3314494788646698,0
44,50,219,1,0,0.23497746884822845,0
44,50,220,1,0,0.2910008430480957,0
44,50,221,1,0,0.4476318657398224,0
44,50,222,1,1,0.7622213363647461,1
44,50,223,1,0,0.43926194310188293,0
44,50,224,1,1,0.6479455828666687,1
44,50,225,0,0,0.42414095997810364,1
44,50,226,1,1,0.6045476794242859,1
44,50,227,0,1,0.5531089305877686,0
44,50,228,0,0,0.27504387497901917,1
44,50,229,0,0,0.39416757225990295,1
44,50,230,1,1,0.6223369836807251,1
44,50,231,0,1,0.7353668808937073,0
44,50,232,1,1,0.7765571475028992,1
44,50,233,1,0,0.3703960180282593,0
44,50,234,1,1,0.7143882513046265,1
44,50,235,0,0,0.4408032298088074,1
44,50,236,1,1,0.6989480257034302,1
44,50,237,1,1,0.5445091128349304,1
44,50,238,0,1,0.8275993466377258,0
44,50,239,0,0,0.38563403487205505,1
44,50,240,0,1,0.6878982186317444,0
44,50,241,1,0,0.4941937327384949,0
44,50,242,1,1,0.5102735161781311,1
44,50,243,0,1,0.7056636810302734,0
44,50,244,1,1,0.8480548858642578,1
44,50,245,1,1,0.6214705109596252,1
44,50,246,0,0,0.42882823944091797,1
44,50,247,1,1,0.5319538116455078,1
44,50,248,1,1,0.6616159677505493,1
44,50,249,1,0,0.3641175329685211,0
44,50,250,1,0,0.3398040235042572,0
44,50,251,1,1,0.7862162590026855,1
44,50,252,0,0,0.3934040665626526,1
44,50,253,1,1,0.6703311204910278,1
44,50,254,0,1,0.5072420835494995,0
44,50,255,1,1,0.5309349894523621,1
44,50,256,0,1,0.5387200117111206,0
44,50,257,0,0,0.42263516783714294,1
44,50,258,0,0,0.44867050647735596,1
44,50,259,0,1,0.6163498163223267,0
44,50,260,0,0,0.22999127209186554,1
44,50,261,0,0,0.4241989254951477,1
44,50,262,1,0,0.4916260838508606,0
44,50,263,1,1,0.5720306038856506,1
44,50,264,1,1,0.7277013659477234,1
44,50,265,0,1,0.5334742069244385,0
44,50,266,1,1,0.8021200895309448,1
44,50,267,1,0,0.15249238908290863,0
44,50,268,1,1,0.7947149872779846,1
44,50,269,0,1,0.5939134955406189,0
44,50,270,1,0,0.3034262955188751,0
44,50,271,0,0,0.24822232127189636,1
44,50,272,0,1,0.5874320864677429,0
44,50,273,1,1,0.7623360753059387,1
44,50,274,1,0,0.36657217144966125,0
44,50,275,0,1,0.7025193572044373,0
44,50,276,0,0,0.40600284934043884,1
44,50,277,1,1,0.6119024157524109,1
44,50,278,0,0,0.14944660663604736,1
44,50,279,0,0,0.42083629965782166,1
44,50,280,1,1,0.5085211992263794,1
44,50,281,0,0,0.4325156807899475,1
44,50,282,0,1,0.5765710473060608,0
44,50,283,0,1,0.5923783779144287,0
44,50,284,1,0,0.48219630122184753,0
44,50,285,0,0,0.38769692182540894,1
44,50,286,0,1,0.5720969438552856,0
44,50,287,1,1,0.6770311594009399,1
44,50,288,1,0,0.46030405163764954,0
44,50,289,0,1,0.5434449911117554,0
44,50,290,0,0,0.40144985914230347,1
44,50,291,1,0,0.4833977222442627,0
44,50,292,1,0,0.29513242840766907,0
44,50,293,1,1,0.5428293347358704,1
44,50,294,0,0,0.48063528537750244,1
44,50,295,1,1,0.6441200971603394,1
44,50,296,0,1,0.532599151134491,0
44,50,297,1,1,0.6928409934043884,1
44,50,298,1,1,0.6962928771972656,1
44,50,299,1,1,0.6762703061103821,1
44,50,300,0,1,0.8068225979804993,0
44,50,301,1,1,0.5261409282684326,1
44,50,302,1,1,0.6234599947929382,1
44,50,303,0,0,0.22925522923469543,1
44,50,304,1,1,0.5261926651000977,1
44,50,305,0,0,0.20604874193668365,1
44,50,306,0,0,0.3647207021713257,1
44,50,307,0,0,0.4342881143093109,1
44,50,308,0,0,0.281097948551178,1
44,50,309,0,0,0.4256281554698944,1
44,50,310,0,0,0.36179178953170776,1
44,50,311,0,0,0.32870346307754517,1
44,50,312,0,0,0.27215126156806946,1
44,50,313,0,0,0.2906198501586914,1
44,50,314,0,0,0.21474115550518036,1
44,50,315,0,1,0.7434832453727722,0
44,60,0,0,1,0.6728031039237976,0
44,60,1,1,0,0.19808462262153625,0
44,60,2,0,1,0.5763816237449646,0
44,60,3,1,1,0.5322272777557373,1
44,60,4,0,0,0.4301081895828247,1
44,60,5,1,1,0.5490099787712097,1
44,60,6,0,1,0.6240730285644531,0
44,60,7,1,0,0.3858652412891388,0
44,60,8,0,0,0.4745867848396301,1
44,60,9,0,0,0.25460124015808105,1
44,60,10,1,0,0.2847018539905548,0
44,60,11,1,0,0.45624974370002747,0
44,60,12,0,0,0.25323301553726196,1
44,60,13,0,0,0.16284292936325073,1
44,60,14,1,1,0.7970015406608582,1
44,60,15,1,1,0.5051982998847961,1
44,60,16,1,1,0.6135934591293335,1
44,60,17,0,0,0.26092013716697693,1
44,60,18,0,0,0.4376212954521179,1
44,60,19,1,1,0.6752690672874451,1
44,60,20,0,0,0.39342594146728516,1
44,60,21,0,0,0.3376460075378418,1
44,60,22,1,0,0.38591450452804565,0
44,60,23,0,1,0.5542979836463928,0
44,60,24,1,1,0.5495876669883728,1
44,60,25,0,0,0.3157585561275482,1
44,60,26,0,1,0.5132937431335449,0
44,60,27,0,0,0.25693097710609436,1
44,60,28,0,1,0.6120268702507019,0
44,60,29,0,1,0.9461948871612549,0
44,60,30,0,0,0.4816894829273224,1
44,60,31,0,0,0.28142938017845154,1
44,60,32,1,1,0.6793518662452698,1
44,60,33,1,1,0.5653278827667236,1
44,60,34,1,1,0.7918047308921814,1
44,60,35,1,0,0.21174176037311554,0
44,60,36,1,1,0.5906446576118469,1
44,60,37,1,0,0.26931169629096985,0
44,60,38,0,1,0.7011804580688477,0
44,60,39,1,0,0.4514406621456146,0
44,60,40,0,1,0.5963711738586426,0
44,60,41,1,1,0.5034614205360413,1
44,60,42,0,0,0.2917940616607666,1
44,60,43,0,1,0.7947849035263062,0
44,60,44,1,1,0.7579459547996521,1
44,60,45,0,1,0.6587093472480774,0
44,60,46,1,0,0.28195253014564514,0
44,60,47,1,0,0.47676703333854675,0
44,60,48,0,0,0.33121857047080994,1
44,60,49,1,0,0.46153613924980164,0
44,60,50,1,0,0.41578781604766846,0
44,60,51,0,0,0.4407220780849457,1
44,60,52,0,1,0.5645301342010498,0
44,60,53,1,0,0.4719083607196808,0
44,60,54,0,0,0.19635692238807678,1
44,60,55,0,0,0.34908056259155273,1
44,60,56,1,0,0.47942396998405457,0
44,60,57,0,1,0.7719546556472778,0
44,60,58,1,1,0.6370245218276978,1
44,60,59,0,0,0.2679378092288971,1
44,60,60,1,0,0.34972625970840454,0
44,60,61,0,1,0.8229038119316101,0
44,60,62,0,1,0.5555466413497925,0
44,60,63,1,0,0.43635934591293335,0
44,60,64,0,0,0.4016311466693878,1
44,60,65,0,1,0.5341761112213135,0
44,60,66,0,0,0.48133859038352966,1
44,60,67,0,0,0.3277300298213959,1
44,60,68,0,1,0.5156218409538269,0
44,60,69,1,0,0.14504525065422058,0
44,60,70,0,0,0.34159404039382935,1
44,60,71,1,0,0.34793466329574585,0
44,60,72,0,1,0.6303929090499878,0
44,60,73,0,0,0.4829925000667572,1
44,60,74,0,1,0.5909277200698853,0
44,60,75,0,0,0.4061322510242462,1
44,60,76,0,1,0.7294715046882629,0
44,60,77,1,0,0.4740075469017029,0
44,60,78,1,0,0.22651350498199463,0
44,60,79,1,0,0.4560413360595703,0
44,60,80,0,1,0.7265911102294922,0
44,60,81,1,0,0.4646739661693573,0
44,60,82,0,0,0.33590030670166016,1
44,60,83,1,1,0.8211761116981506,1
44,60,84,1,1,0.719390869140625,1
44,60,85,1,1,0.5923096537590027,1
44,60,86,1,1,0.5669834613800049,1
44,60,87,1,0,0.3098730742931366,0
44,60,88,1,0,0.4839384853839874,0
44,60,89,1,0,0.3405308425426483,0
44,60,90,1,1,0.6723707318305969,1
44,60,91,1,1,0.511200487613678,1
44,60,92,0,0,0.4942901134490967,1
44,60,93,0,0,0.44817617535591125,1
44,60,94,0,1,0.7647242546081543,0
44,60,95,0,0,0.37866249680519104,1
44,60,96,1,1,0.5205913186073303,1
44,60,97,1,0,0.4605471193790436,0
44,60,98,1,1,0.5749987959861755,1
44,60,99,0,0,0.32343506813049316,1
44,60,100,1,1,0.5015574097633362,1
44,60,101,1,1,0.7003430128097534,1
44,60,102,1,1,0.620983362197876,1
44,60,103,0,0,0.3113900125026703,1
44,60,104,1,0,0.32894280552864075,0
44,60,105,0,1,0.5466076135635376,0
44,60,106,1,1,0.6682373285293579,1
44,60,107,1,1,0.6688557267189026,1
44,60,108,1,1,0.8107101321220398,1
44,60,109,0,0,0.30436983704566956,1
44,60,110,1,1,0.5264177918434143,1
44,60,111,0,1,0.6149356365203857,0
44,60,112,1,1,0.6616566181182861,1
44,60,113,0,1,0.6138169169425964,0
44,60,114,0,1,0.5049457550048828,0
44,60,115,0,1,0.5525683164596558,0
44,60,116,1,1,0.7939728498458862,1
44,60,117,0,0,0.4867781698703766,1
44,60,118,0,0,0.4599866569042206,1
44,60,119,1,0,0.38166549801826477,0
44,60,120,1,1,0.7505691051483154,1
44,60,121,1,0,0.3974739909172058,0
44,60,122,1,1,0.5964756608009338,1
44,60,123,0,0,0.20831923186779022,1
44,60,124,1,0,0.361784964799881,0
44,60,125,1,0,0.4785725474357605,0
44,60,126,0,0,0.47988781332969666,1
44,60,127,0,1,0.8264111876487732,0
44,60,128,1,1,0.5600476861000061,1
44,60,129,1,0,0.20503754913806915,0
44,60,130,1,1,0.6558983325958252,1
44,60,131,1,0,0.34575265645980835,0
44,60,132,1,1,0.7141507267951965,1
44,60,133,0,0,0.3268824815750122,1
44,60,134,0,1,0.6744879484176636,0
44,60,135,0,0,0.3150995671749115,1
44,60,136,0,0,0.12292169779539108,1
44,60,137,1,1,0.575907826423645,1
44,60,138,1,1,0.6508216261863708,1
44,60,139,0,1,0.5998193621635437,0
44,60,140,1,1,0.5976065397262573,1
44,60,141,1,1,0.7852740287780762,1
44,60,142,1,1,0.6990890502929688,1
44,60,143,1,1,0.6879512667655945,1
44,60,144,1,1,0.7024994492530823,1
44,60,145,1,1,0.7132736444473267,1
44,60,146,1,1,0.8518000841140747,1
44,60,147,0,1,0.5032950639724731,0
44,60,148,0,0,0.30564311146736145,1
44,60,149,0,0,0.16020533442497253,1
44,60,150,1,0,0.4437691569328308,0
44,60,151,1,0,0.3837558925151825,0
44,60,152,0,1,0.6334388852119446,0
44,60,153,0,0,0.3967592120170593,1
44,60,154,1,1,0.5763300061225891,1
44,60,155,1,1,0.6603431105613708,1
44,60,156,0,0,0.28836774826049805,1
44,60,157,0,0,0.30170026421546936,1
44,60,158,0,0,0.4122477173805237,1
44,60,159,0,1,0.5016632080078125,0
44,60,160,0,0,0.2752700448036194,1
44,60,161,1,1,0.7297316193580627,1
44,60,162,1,0,0.36697161197662354,0
44,60,163,1,0,0.21608948707580566,0
44,60,164,1,1,0.7559857368469238,1
44,60,165,1,0,0.256211519241333,0
44,60,166,1,0,0.4209531247615814,0
44,60,167,0,0,0.3875735402107239,1
44,60,168,1,0,0.28855252265930176,0
44,60,169,0,1,0.5523828864097595,0
44,60,170,1,0,0.477049857378006,0
44,60,171,1,0,0.2624066472053528,0
44,60,172,0,1,0.5394487977027893,0
44,60,173,1,1,0.7589430212974548,1
44,60,174,0,0,0.25788936018943787,1
44,60,175,0,1,0.5040842890739441,0
44,60,176,1,1,0.8886061310768127,1
44,60,177,1,1,0.6853585243225098,1
44,60,178,1,1,0.593156099319458,1
44,60,179,0,0,0.4522073566913605,1
44,60,180,0,1,0.7485780715942383,0
44,60,181,1,0,0.18617653846740723,0
44,60,182,0,1,0.5290177464485168,0
44,60,183,0,0,0.14604392647743225,1
44,60,184,0,0,0.4075514078140259,1
44,60,185,0,0,0.3015846014022827,1
44,60,186,0,0,0.32658565044403076,1
44,60,187,1,1,0.7217966914176941,1
44,60,188,1,1,0.8599117994308472,1
44,60,189,0,1,0.5087636709213257,0
44,60,190,0,1,0.9439241886138916,0
44,60,191,0,1,0.5362226963043213,0
44,60,192,0,1,0.5101262331008911,0
44,60,193,1,1,0.5022174715995789,1
44,60,194,0,0,0.43612295389175415,1
44,60,195,0,0,0.054965175688266754,1
44,60,196,0,0,0.49209487438201904,1
44,60,197,1,1,0.6762097477912903,1
44,60,198,0,0,0.44364064931869507,1
44,60,199,0,0,0.4095411002635956,1
44,60,200,1,0,0.24471038579940796,0
44,60,201,0,0,0.41815221309661865,1
44,60,202,0,1,0.5032214522361755,0
44,60,203,0,0,0.46603769063949585,1
44,60,204,1,1,0.6028919219970703,1
44,60,205,1,0,0.205524280667305,0
44,60,206,1,1,0.792742908000946,1
44,60,207,0,0,0.4506072700023651,1
44,60,208,0,0,0.4747743606567383,1
44,60,209,0,0,0.3996051847934723,1
44,60,210,1,0,0.25884711742401123,0
44,60,211,1,1,0.6560731530189514,1
44,60,212,1,1,0.5255383849143982,1
44,60,213,0,0,0.3635013699531555,1
44,60,214,0,0,0.2396649867296219,1
44,60,215,0,0,0.16783656179904938,1
44,60,216,1,0,0.26805227994918823,0
44,60,217,0,1,0.7764771580696106,0
44,60,218,1,0,0.25272101163864136,0
44,60,219,1,0,0.12348676472902298,0
44,60,220,1,0,0.2763395309448242,0
44,60,221,1,0,0.44542261958122253,0
44,60,222,1,1,0.8627536296844482,1
44,60,223,1,0,0.448336124420166,0
44,60,224,1,1,0.6206492781639099,1
44,60,225,0,0,0.4817105531692505,1
44,60,226,1,1,0.5022959113121033,1
44,60,227,0,1,0.5093579292297363,0
44,60,228,0,0,0.23002217710018158,1
44,60,229,0,0,0.35609906911849976,1
44,60,230,1,1,0.6080916523933411,1
44,60,231,0,1,0.7865366339683533,0
44,60,232,1,1,0.7992517948150635,1
44,60,233,1,0,0.345091849565506,0
44,60,234,1,1,0.7355844378471375,1
44,60,235,0,0,0.45312485098838806,1
44,60,236,1,1,0.7640354037284851,1
44,60,237,1,1,0.6271671652793884,1
44,60,238,0,1,0.7873506546020508,0
44,60,239,0,0,0.38079679012298584,1
44,60,240,0,1,0.6795601844787598,0
44,60,241,1,0,0.4823625087738037,0
44,60,242,1,0,0.469838410615921,0
44,60,243,0,1,0.747748851776123,0
44,60,244,1,1,0.8676973581314087,1
44,60,245,1,1,0.5931156277656555,1
44,60,246,0,0,0.4179893136024475,1
44,60,247,1,0,0.4712054133415222,0
44,60,248,1,1,0.6145642399787903,1
44,60,249,1,0,0.4378429353237152,0
44,60,250,1,0,0.3372485041618347,0
44,60,251,1,1,0.8216390013694763,1
44,60,252,0,0,0.41967877745628357,1
44,60,253,1,1,0.6489015817642212,1
44,60,254,0,1,0.5271902084350586,0
44,60,255,1,0,0.38695237040519714,0
44,60,256,0,0,0.45312899351119995,1
44,60,257,0,0,0.279291033744812,1
44,60,258,0,0,0.4028518795967102,1
44,60,259,0,1,0.7098788022994995,0
44,60,260,0,0,0.21982654929161072,1
44,60,261,0,0,0.4809151291847229,1
44,60,262,1,1,0.5292976498603821,1
44,60,263,1,1,0.5783024430274963,1
44,60,264,1,1,0.6830818057060242,1
44,60,265,0,1,0.6319749355316162,0
44,60,266,1,1,0.7893176078796387,1
44,60,267,1,0,0.147040456533432,0
44,60,268,1,1,0.833418071269989,1
44,60,269,0,1,0.6112139225006104,0
44,60,270,1,0,0.29220452904701233,0
44,60,271,0,0,0.15286247432231903,1
44,60,272,0,1,0.5715280175209045,0
44,60,273,1,1,0.7507157921791077,1
44,60,274,1,0,0.37920862436294556,0
44,60,275,0,1,0.7049199938774109,0
44,60,276,0,0,0.4614654779434204,1
44,60,277,1,1,0.6518204212188721,1
44,60,278,0,0,0.13423193991184235,1
44,60,279,0,1,0.5058268904685974,0
44,60,280,1,1,0.5935115814208984,1
44,60,281,0,0,0.3667527437210083,1
44,60,282,0,1,0.5052440166473389,0
44,60,283,0,1,0.5474106073379517,0
44,60,284,1,0,0.4660232365131378,0
44,60,285,0,0,0.31504812836647034,1
44,60,286,0,1,0.5840239524841309,0
44,60,287,1,1,0.6744197607040405,1
44,60,288,1,0,0.46142861247062683,0
44,60,289,0,1,0.6244339346885681,0
44,60,290,0,0,0.3489951491355896,1
44,60,291,1,1,0.506043016910553,1
44,60,292,1,0,0.197869211435318,0
44,60,293,1,1,0.5469905734062195,1
44,60,294,0,1,0.5086232423782349,0
44,60,295,1,1,0.6285250186920166,1
44,60,296,0,0,0.4869731664657593,1
44,60,297,1,1,0.8254124522209167,1
44,60,298,1,1,0.7607952356338501,1
44,60,299,1,1,0.6689290404319763,1
44,60,300,0,1,0.7730943560600281,0
44,60,301,1,1,0.6134120225906372,1
44,60,302,1,1,0.5882757902145386,1
44,60,303,0,0,0.18090322613716125,1
44,60,304,1,0,0.49107810854911804,0
44,60,305,0,0,0.1454206258058548,1
44,60,306,0,0,0.35592857003211975,1
44,60,307,0,0,0.3692353069782257,1
44,60,308,0,0,0.3203202486038208,1
44,60,309,0,0,0.4012664556503296,1
44,60,310,0,0,0.38472428917884827,1
44,60,311,0,0,0.2940627336502075,1
44,60,312,0,0,0.2522815465927124,1
44,60,313,0,0,0.2752416729927063,1
44,60,314,0,0,0.17231455445289612,1
44,60,315,0,1,0.5582576394081116,0
