variant,seed,fold_a,fold_b,branch,side,mean_abs_cosine,minimum_abs_cosine,mean_principal_angle_deg,maximum_principal_angle_deg
baseline,42,1,2,bp,left,0.7003604083662519,0.7003604083662519,45.54407322916083,45.54407322916083
baseline,42,1,2,bp,right,0.5186997877590347,0.5186997877590347,58.75492382234655,58.75492382234655
baseline,42,1,2,erd,left,0.802337814184538,0.5476165193663105,33.29663005811438,56.796350594517186
baseline,42,1,2,erd,right,0.6541105623720552,0.3283376690969119,46.99814522406897,70.83209020629029
baseline,42,1,3,bp,left,0.687092796741741,0.687092796741741,46.599583163365025,46.599583163365025
baseline,42,1,3,bp,right,0.6901531627556541,0.6901531627556541,46.35776575047101,46.35776575047101
baseline,42,1,3,erd,left,0.8389755762036083,0.5875145080053329,28.154063363867547,54.01917218050243
baseline,42,1,3,erd,right,0.7294709297064387,0.35902913295596284,38.697715404045645,68.95941627322594
baseline,42,1,4,bp,left,0.8230888158156825,0.8230888158156825,34.60479780708338,34.60479780708338
baseline,42,1,4,bp,right,0.7578965972974616,0.7578965972974616,40.720884195200895,40.720884195200895
baseline,42,1,4,erd,left,0.6122886390262173,0.1909383499353935,46.53506494644165,78.99244971476692
baseline,42,1,4,erd,right,0.5539351618964136,0.14048483119716274,52.85919212731798,81.92409769858003
baseline,42,1,5,bp,left,0.6008542278060809,0.6008542278060809,53.06889826535644,53.06889826535644
baseline,42,1,5,bp,right,0.19123229745537754,0.19123229745537754,78.97529159715326,78.97529159715326
baseline,42,1,5,erd,left,0.8050004000644302,0.6540545565661967,32.963923686626906,49.15199975358433
baseline,42,1,5,erd,right,0.4453236670073482,0.013333668768942836,60.69851892256523,89.23601441522484
baseline,42,2,3,bp,left,0.6878999665304374,0.6878999665304374,46.53589794194804,46.53589794194804
baseline,42,2,3,bp,right,0.8334651035883387,0.8334651035883387,33.54364906082823,33.54364906082823
baseline,42,2,3,erd,left,0.6357786595050442,0.06523001877048917,43.75446088786516,86.25993972410076
baseline,42,2,3,erd,right,0.7499874308452082,0.5232104867909692,38.07445657611122,58.452147954691625
baseline,42,2,4,bp,left,0.8004963399746877,0.8004963399746877,36.82247449639456,36.82247449639456
baseline,42,2,4,bp,right,0.5850192652414691,0.5850192652414691,54.19564897584115,54.19564897584115
baseline,42,2,4,erd,left,0.6991940207708032,0.31179940642236964,40.36101756063806,71.8322954147766
baseline,42,2,4,erd,right,0.48760230097899626,0.08051336078136088,58.249623048390134,85.38192566979963
baseline,42,2,5,bp,left,0.6828082406836157,0.6828082406836157,46.93651945103388,46.93651945103388
baseline,42,2,5,bp,right,0.5112214818767544,0.5112214818767544,59.2547736632468,59.2547736632468
baseline,42,2,5,erd,left,0.6733216524316413,0.16222800793199985,41.13262173278931,80.66375850593121
baseline,42,2,5,erd,right,0.6685756995040784,0.3436016299803368,43.91669290619976,69.90354258284428
baseline,42,3,4,bp,left,0.8863466971989831,0.8863466971989831,27.5822953810222,27.5822953810222
baseline,42,3,4,bp,right,0.8149465060708706,0.8149465060708706,35.41792712558991,35.41792712558991
baseline,42,3,4,erd,left,0.6689121838614399,0.3820757214728658,45.337763780706005,67.53768297532349
baseline,42,3,4,erd,right,0.5137740758342546,0.05484312299732448,55.6641357433028,86.85614317305492
baseline,42,3,5,bp,left,0.5397081486357403,0.5397081486357403,57.33622652982335,57.33622652982335
baseline,42,3,5,bp,right,0.26313934648319226,0.26313934648319226,74.74357827036756,74.74357827036756
baseline,42,3,5,erd,left,0.8002603497254738,0.6162667882949502,35.10820983863983,51.95597484546326
baseline,42,3,5,erd,right,0.6206716474241794,0.411447983911735,49.36790737741211,65.70417260654375
baseline,42,4,5,bp,left,0.5940394575771569,0.5940394575771569,53.555812539983485,53.555812539983485
baseline,42,4,5,bp,right,0.03308231368136882,0.03308231368136882,88.10417713167126,88.10417713167126
baseline,42,4,5,erd,left,0.7736637226742286,0.5034880483415415,35.50838170856439,59.7689630170371
baseline,42,4,5,erd,right,0.4373834265690128,0.08738881883890327,61.25111666109916,84.98659457517589
baseline,43,1,2,bp,left,0.8995157763214384,0.8995157763214384,25.905508987066334,25.905508987066334
baseline,43,1,2,bp,right,0.6722567149020734,0.6722567149020734,47.75852101730044,47.75852101730044
baseline,43,1,2,erd,left,0.628688849313077,0.09373366848810503,43.534188350723234,84.62156087425305
baseline,43,1,2,erd,right,0.6692127651239899,0.3925570567032044,46.214211139715644,66.88629920881729
baseline,43,1,3,bp,left,0.5348725093618736,0.5348725093618736,57.66473427386698,57.66473427386698
baseline,43,1,3,bp,right,0.42588936543601447,0.42588936543601447,64.79302966377516,64.79302966377516
baseline,43,1,3,erd,left,0.8165250057197464,0.6471921359244152,32.10898217161795,49.669766038566394
baseline,43,1,3,erd,right,0.8498250705878344,0.7675034611333077,30.263236678437703,39.86977188337524
baseline,43,1,4,bp,left,0.775197955951903,0.775197955951903,39.17701660958904,39.17701660958904
baseline,43,1,4,bp,right,0.5951635418839214,0.5951635418839214,53.4757084930615,53.4757084930615
baseline,43,1,4,erd,left,0.6714198532655531,0.17216844221411381,41.700073630594254,80.08607913533432
baseline,43,1,4,erd,right,0.5183060355559168,0.08319885213378235,56.0824816740809,85.22754020869465
baseline,43,1,5,bp,left,0.720331571981485,0.720331571981485,43.91813757810276,43.91813757810276
baseline,43,1,5,bp,right,0.5106889723004443,0.5106889723004443,59.290267255884274,59.290267255884274
baseline,43,1,5,erd,left,0.7502545096455197,0.5454629604433943,37.7881489105699,56.943693593594695
baseline,43,1,5,erd,right,0.722846765093354,0.4483116627575635,41.504405151767145,63.36458652009421
baseline,43,2,3,bp,left,0.5411729458748127,0.5411729458748127,57.23647789851114,57.23647789851114
baseline,43,2,3,bp,right,0.874359557164392,0.874359557164392,29.030730183553498,29.030730183553498
baseline,43,2,3,erd,left,0.8158701827126045,0.5797244787022966,32.12764097674775,54.56883372753808
baseline,43,2,3,erd,right,0.6117385674393968,0.36074336906587323,48.98429564564884,68.8541441237147
baseline,43,2,4,bp,left,0.7446893267922314,0.7446893267922314,41.86757860893716,41.86757860893716
baseline,43,2,4,bp,right,0.5186193552154673,0.5186193552154673,58.76031393757676,58.76031393757676
baseline,43,2,4,erd,left,0.8734465539369282,0.6940104584296277,25.095756022043332,46.05158410417231
baseline,43,2,4,erd,right,0.6474318108540454,0.283152498647438,45.25088161968705,73.55155385826659
baseline,43,2,5,bp,left,0.7706432573715994,0.7706432573715994,39.588312008418356,39.588312008418356
baseline,43,2,5,bp,right,0.801963185964726,0.801963185964726,36.682016131297395,36.682016131297395
baseline,43,2,5,erd,left,0.877873511826332,0.7192548976867806,24.691263500438925,44.00700237129272
baseline,43,2,5,erd,right,0.5312232537121941,0.08750588075074561,54.0924894496921,84.97986162872508
baseline,43,3,4,bp,left,0.6807330681558138,0.6807330681558138,47.099045833486166,47.099045833486166
baseline,43,3,4,bp,right,0.49865005069194285,0.49865005069194285,60.089271810671754,60.089271810671754
baseline,43,3,4,erd,left,0.7341144517511365,0.3353444953741014,37.03869825602675,70.40651211420276
baseline,43,3,4,erd,right,0.5171939402401757,0.09098182286108775,55.65718671817431,84.77990685425691
baseline,43,3,5,bp,left,0.38655184902199147,0.38655184902199147,67.25988521141957,67.25988521141957
baseline,43,3,5,bp,right,0.7973457863746587,0.7973457863746587,37.12261408756188,37.12261408756188
baseline,43,3,5,erd,left,0.9315398640188269,0.8825613341004814,20.581676751562508,28.04710381821448
baseline,43,3,5,erd,right,0.6554733342889478,0.38658325368962587,47.21068780695319,67.25793418592212
baseline,43,4,5,bp,left,0.7603280691590807,0.7603280691590807,40.50687171819538,40.50687171819538
baseline,43,4,5,bp,right,0.6639335016124569,0.6639335016124569,48.3994415224246,48.3994415224246
baseline,43,4,5,erd,left,0.7224448709132846,0.3213054818448118,37.323297829483955,71.25810672522388
baseline,43,4,5,erd,right,0.46981750231704716,0.047291412329114366,57.48194410608057,87.2893906558026
baseline,44,1,2,bp,left,0.8525476950750388,0.8525476950750388,31.510138467341974,31.510138467341974
baseline,44,1,2,bp,right,0.45119704530224913,0.45119704530224913,63.17948889486015,63.17948889486015
baseline,44,1,2,erd,left,0.6434036379877932,0.005768384924712053,40.088851998213414,89.66949405629946
baseline,44,1,2,erd,right,0.6585760665243197,0.3330564900088191,45.24526171889127,70.54560263547235
baseline,44,1,3,bp,left,0.9179144649950309,0.9179144649950309,23.376929549167336,23.376929549167336
baseline,44,1,3,bp,right,0.07408170062013815,0.07408170062013815,85.7515391604719,85.7515391604719
baseline,44,1,3,erd,left,0.9019516671706992,0.7513746249546767,21.89051880545344,41.290407149763695
baseline,44,1,3,erd,right,0.6145469248455182,0.1120391524027282,47.0756004653152,83.56712284300727
baseline,44,1,4,bp,left,0.9030520537809886,0.9030520537809886,25.437807900412924,25.437807900412924
baseline,44,1,4,bp,right,0.10675927390696704,0.10675927390696704,83.87146465772561,83.87146465772561
baseline,44,1,4,erd,left,0.6678461315378454,0.061898223306772734,37.897105915688556,86.4512244564089
baseline,44,1,4,erd,right,0.7388093323813165,0.41502230605720214,38.465977901946495,65.47927879030063
baseline,44,1,5,bp,left,0.5541421591439577,0.5541421591439577,56.34835085748091,56.34835085748091
baseline,44,1,5,bp,right,0.6025893750809271,0.6025893750809271,52.944426056873425,52.944426056873425
baseline,44,1,5,erd,left,0.7019963713755834,0.24669002670486234,39.138883175964615,75.71826892493321
baseline,44,1,5,erd,right,0.47723076532174274,0.015655159546794712,59.19882954093623,89.102988787301
baseline,44,2,3,bp,left,0.7424338894689505,0.7424338894689505,42.06083959619907,42.06083959619907
baseline,44,2,3,bp,right,0.10234128146435535,0.10234128146435535,84.12599210527962,84.12599210527962
baseline,44,2,3,erd,left,0.7785132499318467,0.4226510952890447,32.27390651510067,64.99792428172388
baseline,44,2,3,erd,right,0.7755274526724917,0.5233913825433752,36.367482469175464,58.43998508653691
baseline,44,2,4,bp,left,0.6959544881795756,0.6959544881795756,45.89667353890295,45.89667353890295
baseline,44,2,4,bp,right,0.15592400979824386,0.15592400979824386,81.02961028714849,81.02961028714849
baseline,44,2,4,erd,left,0.8021618837814347,0.5735059424387844,33.67030295607773,55.00493056448254
baseline,44,2,4,erd,right,0.7643897850241905,0.5646775294962626,37.520739536421125,55.62009862056922
baseline,44,2,5,bp,left,0.6350584844090941,0.6350584844090941,50.57567771877983,50.57567771877983
baseline,44,2,5,bp,right,0.3482919566831344,0.3482919566831344,69.61712090944663,69.61712090944663
baseline,44,2,5,erd,left,0.8325863754596541,0.6673207249779801,30.38273333307967,48.139387657151886
baseline,44,2,5,erd,right,0.5812858212666302,0.25240467094995694,51.83700188099156,75.38014602839793
baseline,44,3,4,bp,left,0.9083718677420767,0.9083718677420767,24.718683472497137,24.718683472497137
baseline,44,3,4,bp,right,0.04970311304141624,0.04970311304141624,87.15104756355775,87.15104756355775
baseline,44,3,4,erd,left,0.6906468625285577,0.11341288680928835,35.62046338770211,83.48790875084032
baseline,44,3,4,erd,right,0.5296890819494072,0.0062328273555290505,53.172475674100816,89.64288298584728
baseline,44,3,5,bp,left,0.44906695376612643,0.44906695376612643,63.316163582247654,63.316163582247654
baseline,44,3,5,bp,right,0.30475674611406717,0.30475674611406717,72.25647022664566,72.25647022664566
baseline,44,3,5,erd,left,0.654909380450616,0.033953957171433916,39.248939204987494,88.05420755943136
baseline,44,3,5,erd,right,0.5697315526412665,0.1840489345649212,51.674596969728576,79.39431173111805
baseline,44,4,5,bp,left,0.32296859596151123,0.32296859596151123,71.15745167510845,71.15745167510845
baseline,44,4,5,bp,right,0.6492010917526863,0.6492010917526863,49.51860533537055,49.51860533537055
baseline,44,4,5,erd,left,0.9282405687885475,0.8438238660825508,20.027885095290635,32.453859023828905
baseline,44,4,5,erd,right,0.5810473534146571,0.340748928429451,53.07691203195352,70.07749060337215
covariance_ledoit_wolf,42,1,2,bp,left,0.6887194321577347,0.6887194321577347,46.4711738810447,46.4711738810447
covariance_ledoit_wolf,42,1,2,bp,right,0.5638404934609769,0.5638404934609769,55.67818820804913,55.67818820804913
covariance_ledoit_wolf,42,1,2,erd,left,0.7960689994598841,0.5444567195447737,34.17888136707119,57.012454437099215
covariance_ledoit_wolf,42,1,2,erd,right,0.6267116507862519,0.26580154925551014,48.929491553828946,74.58541358287107
covariance_ledoit_wolf,42,1,3,bp,left,0.6861177408733561,0.6861177408733561,46.67642534398763,46.67642534398763
covariance_ledoit_wolf,42,1,3,bp,right,0.7034856790692853,0.7034856790692853,45.29266616532802,45.29266616532802
covariance_ledoit_wolf,42,1,3,erd,left,0.8408964908520024,0.5972606497986062,28.20783300861069,53.32604296298067
covariance_ledoit_wolf,42,1,3,erd,right,0.745981099850694,0.4231872009600344,37.96483742628245,64.96402702128029
covariance_ledoit_wolf,42,1,4,bp,left,0.8145188788065955,0.8145188788065955,35.460182539554495,35.460182539554495
covariance_ledoit_wolf,42,1,4,bp,right,0.7604931399777412,0.7604931399777412,40.492308674261785,40.492308674261785
covariance_ledoit_wolf,42,1,4,erd,left,0.6040306306624489,0.20746187013000392,47.35315081468321,78.02634732051898
covariance_ledoit_wolf,42,1,4,erd,right,0.553071574404714,0.14893389302422183,53.277909840989345,81.43485083732538
covariance_ledoit_wolf,42,1,5,bp,left,0.6328036416460401,0.6328036416460401,50.74272563216147,50.74272563216147
covariance_ledoit_wolf,42,1,5,bp,right,0.24240490271417744,0.24240490271417744,75.97147674969179,75.97147674969179
covariance_ledoit_wolf,42,1,5,erd,left,0.7940246558788386,0.6394715838475844,33.930017975955316,50.247571885022914
covariance_ledoit_wolf,42,1,5,erd,right,0.44511115410332697,0.057036403683678384,60.88050471000955,86.73028033804621
covariance_ledoit_wolf,42,2,3,bp,left,0.6784597317753065,0.6784597317753065,47.27660201416124,47.27660201416124
covariance_ledoit_wolf,42,2,3,bp,right,0.8495053877959696,0.8495053877959696,31.84208667571304,31.84208667571304
covariance_ledoit_wolf,42,2,3,erd,left,0.6262812803879211,0.04793554233385831,44.659036072930654,87.2524428194947
covariance_ledoit_wolf,42,2,3,erd,right,0.7449250570159726,0.5003978669784502,38.70469134260626,59.973673839763386
covariance_ledoit_wolf,42,2,4,bp,left,0.790013737382539,0.790013737382539,37.813204707907154,37.813204707907154
covariance_ledoit_wolf,42,2,4,bp,right,0.6467601637169431,0.6467601637169431,49.702224862329274,49.702224862329274
covariance_ledoit_wolf,42,2,4,erd,left,0.6909036262414143,0.3156653927561789,41.25396560481336,71.59901238780844
covariance_ledoit_wolf,42,2,4,erd,right,0.4821089640606389,0.10898303350908883,58.96321647904356,83.74330476236288
covariance_ledoit_wolf,42,2,5,bp,left,0.6530268865715412,0.6530268865715412,49.229793174759116,49.229793174759116
covariance_ledoit_wolf,42,2,5,bp,right,0.5037114072645433,0.5037114072645433,59.75414998994918,59.75414998994918
covariance_ledoit_wolf,42,2,5,erd,left,0.6728800420565927,0.16809540660829989,41.37190523968163,80.32289960209351
covariance_ledoit_wolf,42,2,5,erd,right,0.695803080108654,0.46119826121044327,42.08784193626824,62.53554382692254
covariance_ledoit_wolf,42,3,4,bp,left,0.8919895896803993,0.8919895896803993,26.875667561456044,26.875667561456044
covariance_ledoit_wolf,42,3,4,bp,right,0.8373481329319374,0.8373481329319374,33.13886058752936,33.13886058752936
covariance_ledoit_wolf,42,3,4,erd,left,0.6571322944050775,0.35862163044020184,46.300322362166554,68.98443026170065
covariance_ledoit_wolf,42,3,4,erd,right,0.5081204610104448,0.06401135818231629,56.40613695693697,86.32991008196694
covariance_ledoit_wolf,42,3,5,bp,left,0.5678132152026092,0.5678132152026092,55.40212505396663,55.40212505396663
covariance_ledoit_wolf,42,3,5,bp,right,0.30166793978591705,0.30166793978591705,72.44218897234623,72.44218897234623
covariance_ledoit_wolf,42,3,5,erd,left,0.787469288039377,0.5863894604711557,36.16543148990436,54.098790211156036
covariance_ledoit_wolf,42,3,5,erd,right,0.609192376339213,0.44957833902129624,50.473992342201704,63.283366161057906
covariance_ledoit_wolf,42,4,5,bp,left,0.6078805797959215,0.6078805797959215,52.56358764726034,52.56358764726034
covariance_ledoit_wolf,42,4,5,bp,right,0.05825103533259844,0.05825103533259844,86.66057115541716,86.66057115541716
covariance_ledoit_wolf,42,4,5,erd,left,0.7665251774506392,0.4937859112030439,36.20785177376346,60.41027623013203
covariance_ledoit_wolf,42,4,5,erd,right,0.36490643419136476,0.00013607587882625007,65.82994642118005,89.99220342642566
covariance_ledoit_wolf,43,1,2,bp,left,0.8992147587402963,0.8992147587402963,25.944958025088848,25.944958025088848
covariance_ledoit_wolf,43,1,2,bp,right,0.6813048382015525,0.6813048382015525,47.054307961026964,47.054307961026964
covariance_ledoit_wolf,43,1,2,erd,left,0.6329536569052646,0.10166296362829617,43.32838855887471,84.16506062957778
covariance_ledoit_wolf,43,1,2,erd,right,0.6832263785082233,0.4712863177402726,45.83778011931696,61.88217335683185
covariance_ledoit_wolf,43,1,3,bp,left,0.561048337534749,0.561048337534749,55.87167168766277,55.87167168766277
covariance_ledoit_wolf,43,1,3,bp,right,0.4478477387040164,0.4478477387040164,63.394319272533316,63.394319272533316
covariance_ledoit_wolf,43,1,3,erd,left,0.8187345023396531,0.6432414752497773,31.932465791460046,49.96604498565147
covariance_ledoit_wolf,43,1,3,erd,right,0.8540149386160724,0.7778608540135473,30.24257863626181,38.934867666885346
covariance_ledoit_wolf,43,1,4,bp,left,0.7756188908843087,0.7756188908843087,39.13882290583379,39.13882290583379
covariance_ledoit_wolf,43,1,4,bp,right,0.6112023469642411,0.6112023469642411,52.32350865676065,52.32350865676065
covariance_ledoit_wolf,43,1,4,erd,left,0.6725457932869648,0.17780329824928137,41.69375559619431,79.75816579086401
covariance_ledoit_wolf,43,1,4,erd,right,0.48230565483734106,0.0163153900275803,58.43631309074266,89.06515553250243
covariance_ledoit_wolf,43,1,5,bp,left,0.7077455557054215,0.7077455557054215,44.9482176722885,44.9482176722885
covariance_ledoit_wolf,43,1,5,bp,right,0.5204588436787594,0.5204588436787594,58.63696514220752,58.63696514220752
covariance_ledoit_wolf,43,1,5,erd,left,0.753143981107092,0.5554489722698001,37.67771791440861,56.258355555780945
covariance_ledoit_wolf,43,1,5,erd,right,0.6840718581942178,0.33653629238885685,44.00637746199802,70.33401380248189
covariance_ledoit_wolf,43,2,3,bp,left,0.559694043912183,0.559694043912183,55.965358518178526,55.965358518178526
covariance_ledoit_wolf,43,2,3,bp,right,0.8840405673144375,0.8840405673144375,27.86631654301621,27.86631654301621
covariance_ledoit_wolf,43,2,3,erd,left,0.8109265820886432,0.5775717409233967,32.86000878927445,54.720067554144975
covariance_ledoit_wolf,43,2,3,erd,right,0.6457364802907817,0.43257535719044354,46.97536548694811,64.36888985013236
covariance_ledoit_wolf,43,2,4,bp,left,0.7512013726003538,0.7512013726003538,41.305448077567966,41.305448077567966
covariance_ledoit_wolf,43,2,4,bp,right,0.5486734926996115,0.5486734926996115,56.7239434588493,56.7239434588493
covariance_ledoit_wolf,43,2,4,erd,left,0.8677040311606788,0.6829818941637255,25.742505950279178,46.922899482324794
covariance_ledoit_wolf,43,2,4,erd,right,0.6570801863829886,0.3000517117369068,44.84668234145298,72.53929092410745
covariance_ledoit_wolf,43,2,5,bp,left,0.7721183677790117,0.7721183677790117,39.45550060103939,39.45550060103939
covariance_ledoit_wolf,43,2,5,bp,right,0.8244355704513338,0.8244355704513338,34.46869151076068,34.46869151076068
covariance_ledoit_wolf,43,2,5,erd,left,0.8737121747666251,0.7194178918785793,25.351212237429873,43.99355859467865
covariance_ledoit_wolf,43,2,5,erd,right,0.5256903533435117,0.10084172567870874,55.13728462318517,84.21235716696455
covariance_ledoit_wolf,43,3,4,bp,left,0.684397403653857,0.684397403653857,46.811765227435195,46.811765227435195
covariance_ledoit_wolf,43,3,4,bp,right,0.4955303886025522,0.4955303886025522,60.29526915641482,60.29526915641482
covariance_ledoit_wolf,43,3,4,erd,left,0.7260432781859332,0.3200298415005752,37.747737429816596,71.3352704185475
covariance_ledoit_wolf,43,3,4,erd,right,0.5049074754052864,0.06979911707254159,56.72438525569526,85.99755074734853
covariance_ledoit_wolf,43,3,5,bp,left,0.36916569059067833,0.36916569059067833,68.33582753417902,68.33582753417902
covariance_ledoit_wolf,43,3,5,bp,right,0.8043728821109988,0.8043728821109988,36.45026550800999,36.45026550800999
covariance_ledoit_wolf,43,3,5,erd,left,0.9271512055477912,0.8730416845888185,21.22102338504573,29.185949856072988
covariance_ledoit_wolf,43,3,5,erd,right,0.6319375430948173,0.306919508157495,48.775441549490836,72.12631654924215
covariance_ledoit_wolf,43,4,5,bp,left,0.7417551808999734,0.7417551808999734,42.118854545901144,42.118854545901144
covariance_ledoit_wolf,43,4,5,bp,right,0.6632139995138027,0.6632139995138027,48.45454624079939,48.45454624079939
covariance_ledoit_wolf,43,4,5,erd,left,0.7127778669746437,0.31289704886296166,38.310804972743306,71.7660928633544
covariance_ledoit_wolf,43,4,5,erd,right,0.47094682099180396,0.06306347199674592,58.03500623018402,86.38432991953911
covariance_ledoit_wolf,44,1,2,bp,left,0.8534921034002104,0.8534921034002104,31.40645400941142,31.40645400941142
covariance_ledoit_wolf,44,1,2,bp,right,0.44708929052347807,0.44708929052347807,63.44291135266444,63.44291135266444
covariance_ledoit_wolf,44,1,2,erd,left,0.6464173523983813,0.020388647081152806,40.17670113796145,88.83173562208042
covariance_ledoit_wolf,44,1,2,erd,right,0.6463397077143643,0.316333948693491,46.496222352621864,71.5586381488851
covariance_ledoit_wolf,44,1,3,bp,left,0.9302928864633176,0.9302928864633176,21.51948327128479,21.51948327128479
covariance_ledoit_wolf,44,1,3,bp,right,0.09287735426587303,0.09287735426587303,84.67083904143954,84.67083904143954
covariance_ledoit_wolf,44,1,3,erd,left,0.8998395395416221,0.7469249331761141,22.18979914499276,41.675296387938225
covariance_ledoit_wolf,44,1,3,erd,right,0.5892837494515378,0.044278352943345464,48.729054483876304,87.46220753707483
covariance_ledoit_wolf,44,1,4,bp,left,0.9128888265721944,0.9128888265721944,24.092330611220625,24.092330611220625
covariance_ledoit_wolf,44,1,4,bp,right,0.17688165093943237,0.17688165093943237,79.81182280059699,79.81182280059699
covariance_ledoit_wolf,44,1,4,erd,left,0.6667508377235656,0.061238338453464485,38.12393933278552,86.4891049382171
covariance_ledoit_wolf,44,1,4,erd,right,0.7311170306720759,0.4070813779218351,39.38814209918487,65.97837708941871
covariance_ledoit_wolf,44,1,5,bp,left,0.5419590848317519,0.5419590848317519,57.18289792189709,57.18289792189709
covariance_ledoit_wolf,44,1,5,bp,right,0.6281652269906449,0.6281652269906449,51.08511433806633,51.08511433806633
covariance_ledoit_wolf,44,1,5,erd,left,0.6988703649707344,0.2582839699375909,39.86565543574215,75.03173667634117
covariance_ledoit_wolf,44,1,5,erd,right,0.45856811520076235,0.046892168353749056,61.176604932255685,87.31229105721926
covariance_ledoit_wolf,44,2,3,bp,left,0.7684411780427225,0.7684411780427225,39.78588637202911,39.78588637202911
covariance_ledoit_wolf,44,2,3,bp,right,0.13878285438616703,0.13878285438616703,82.02257859642992,82.02257859642992
covariance_ledoit_wolf,44,2,3,erd,left,0.7687909503138601,0.3957372360544187,33.007676254973696,66.68803848103826
covariance_ledoit_wolf,44,2,3,erd,right,0.771699493131761,0.5518579320488932,37.2887485734504,56.505431530465195
covariance_ledoit_wolf,44,2,4,bp,left,0.7164866269893272,0.7164866269893272,44.234833517534724,44.234833517534724
covariance_ledoit_wolf,44,2,4,bp,right,0.19652755817048428,0.19652755817048428,78.66602687970716,78.66602687970716
covariance_ledoit_wolf,44,2,4,erd,left,0.7978580861453525,0.5697218184178352,34.17943175903083,55.269170415620806
covariance_ledoit_wolf,44,2,4,erd,right,0.7651270683319676,0.5806404190406885,37.91591288821537,54.50440108195477
covariance_ledoit_wolf,44,2,5,bp,left,0.5934654030985662,0.5934654030985662,53.59668868659996,53.59668868659996
covariance_ledoit_wolf,44,2,5,bp,right,0.3743758191685289,0.3743758191685289,68.01426009059902,68.01426009059902
covariance_ledoit_wolf,44,2,5,erd,left,0.822279727857037,0.6565387125637046,31.46349878062219,48.963573481072025
covariance_ledoit_wolf,44,2,5,erd,right,0.5372023464341507,0.18726143499013131,55.315953444966446,79.20699236902288
covariance_ledoit_wolf,44,3,4,bp,left,0.911633247247427,0.911633247247427,24.26796099544528,24.26796099544528
covariance_ledoit_wolf,44,3,4,bp,right,0.02459058347091925,0.02459058347091925,88.59092131611966,88.59092131611966
covariance_ledoit_wolf,44,3,4,erd,left,0.6883252627789318,0.10767823952418396,35.84530174056796,83.81850652481435
covariance_ledoit_wolf,44,3,4,erd,right,0.5402777656967347,0.06029867174896466,52.90336393100946,86.54304356123436
covariance_ledoit_wolf,44,3,5,bp,left,0.45421260067616465,0.45421260067616465,62.98571699049574,62.98571699049574
covariance_ledoit_wolf,44,3,5,bp,right,0.30757179361355236,0.30757179361355236,72.08704372757771,72.08704372757771
covariance_ledoit_wolf,44,3,5,erd,left,0.641857722413104,0.007279026946089013,40.516149458976855,89.5829387940271
covariance_ledoit_wolf,44,3,5,erd,right,0.5594396751434683,0.1705035178941398,52.624396467264035,80.18290406782695
covariance_ledoit_wolf,44,4,5,bp,left,0.34671817164825475,0.34671817164825475,69.71328531248844,69.71328531248844
covariance_ledoit_wolf,44,4,5,bp,right,0.6676643871076905,0.6676643871076905,48.11294398984646,48.11294398984646
covariance_ledoit_wolf,44,4,5,erd,left,0.9274509875574234,0.8475196496277113,20.33949100454629,32.057091035141426
covariance_ledoit_wolf,44,4,5,erd,right,0.540443326077336,0.3409495831284863,56.240673581324664,70.06526164075898
covariance_oas,42,1,2,bp,left,0.6327598566146833,0.6327598566146833,50.74596546124858,50.74596546124858
covariance_oas,42,1,2,bp,right,0.6427516821503821,0.6427516821503821,50.002687123059374,50.002687123059374
covariance_oas,42,1,2,erd,left,0.7983326777612523,0.5450324184768391,33.85037618001606,56.973120975452225
covariance_oas,42,1,2,erd,right,0.6303442035921479,0.27422999988260033,48.681478643769786,74.08386755188262
covariance_oas,42,1,3,bp,left,0.6843795590760793,0.6843795590760793,46.813167496505905,46.813167496505905
covariance_oas,42,1,3,bp,right,0.7303890979724114,0.7303890979724114,43.08097656779103,43.08097656779103
covariance_oas,42,1,3,erd,left,0.8402110680409013,0.5937206659508837,28.187358759240002,53.57851508630153
covariance_oas,42,1,3,erd,right,0.7436814038853184,0.41386932728467535,38.06601145018198,65.55186720126001
covariance_oas,42,1,4,bp,left,0.7857699829837107,0.7857699829837107,38.20805154434362,38.20805154434362
covariance_oas,42,1,4,bp,right,0.7679103184904539,0.7679103184904539,39.833393654326635,39.833393654326635
covariance_oas,42,1,4,erd,left,0.607564417208358,0.20191520385617434,47.0202990166787,78.35102266963162
covariance_oas,42,1,4,erd,right,0.5532633717577711,0.1470775958792991,53.19386954286943,81.5423932643007
covariance_oas,42,1,5,bp,left,0.702794423969102,0.702794423969102,45.34836678970047,45.34836678970047
covariance_oas,42,1,5,bp,right,0.3203436244687019,0.3203436244687019,71.31629289662189,71.31629289662189
covariance_oas,42,1,5,erd,left,0.7991232045156192,0.6471474070717315,33.49303117386258,49.67312773362894
covariance_oas,42,1,5,erd,right,0.44399927237628506,0.04668073077925887,60.92629757508121,87.32441881882714
covariance_oas,42,2,3,bp,left,0.626068312546253,0.626068312546253,51.239358218727936,51.239358218727936
covariance_oas,42,2,3,bp,right,0.8735149419341033,0.8735149419341033,29.130296218935232,29.130296218935232
covariance_oas,42,2,3,erd,left,0.6300867547610532,0.05515209125430736,44.30700347191077,86.83841376214771
covariance_oas,42,2,3,erd,right,0.7459074448722703,0.5046428014111966,38.60473553490508,59.69235640326841
covariance_oas,42,2,4,bp,left,0.7397326131303439,0.7397326131303439,42.29135670773327,42.29135670773327
covariance_oas,42,2,4,bp,right,0.7415822295245457,0.7415822295245457,42.1336277729885,42.1336277729885
covariance_oas,42,2,4,erd,left,0.6938482686515265,0.3136001199218953,40.93633857528359,71.72367501703215
covariance_oas,42,2,4,erd,right,0.48264220818134795,0.10309219822433577,58.89188323158465,84.08273896197166
covariance_oas,42,2,5,bp,left,0.5335228159033153,0.5335228159033153,57.756212216097246,57.756212216097246
covariance_oas,42,2,5,bp,right,0.49029295750923546,0.49029295750923546,60.64016136074573,60.64016136074573
covariance_oas,42,2,5,erd,left,0.673279796088631,0.16558840179166495,41.23994726842191,80.46858237856017
covariance_oas,42,2,5,erd,right,0.6916101178245068,0.44505692334114766,42.38275928916591,63.57301923814236
covariance_oas,42,3,4,bp,left,0.902845294843872,0.902845294843872,25.465373834257882,25.465373834257882
covariance_oas,42,3,4,bp,right,0.8711775102175218,0.8711775102175218,29.404236578031526,29.404236578031526
covariance_oas,42,3,4,erd,left,0.6615507683191276,0.36763637569912416,45.944494182631765,68.43007989121466
covariance_oas,42,3,4,erd,right,0.5088095227203645,0.06114628018312797,56.29020021722423,86.49438939167237
covariance_oas,42,3,5,bp,left,0.6271235067631572,0.6271235067631572,51.161782508772745,51.161782508772745
covariance_oas,42,3,5,bp,right,0.3782845352831531,0.3782845352831531,67.77253676432743,67.77253676432743
covariance_oas,42,3,5,erd,left,0.7928002880941357,0.599087934500962,35.73005295301306,53.19539634469231
covariance_oas,42,3,5,erd,right,0.6109343339855035,0.4560035276012254,50.32661325206957,62.870478432651886
covariance_oas,42,4,5,bp,left,0.6234231671255748,0.6234231671255748,51.43345452592824,51.43345452592824
covariance_oas,42,4,5,bp,right,0.22255697059505392,0.22255697059505392,77.140739287791,77.140739287791
covariance_oas,42,4,5,erd,left,0.7693549841271478,0.4978327744059401,35.933007454146285,60.1432792089695
covariance_oas,42,4,5,erd,right,0.37680151031549564,0.016556312600660452,65.10655118974456,89.05134982099796
covariance_oas,43,1,2,bp,left,0.8981864474987035,0.8981864474987035,26.07930159813683,26.07930159813683
covariance_oas,43,1,2,bp,right,0.6966748072532098,0.6966748072532098,45.839171600080434,45.839171600080434
covariance_oas,43,1,2,erd,left,0.6313157409425699,0.0986761023458538,43.40841362002029,84.33706033376276
covariance_oas,43,1,2,erd,right,0.6811703124009746,0.45931835933800386,45.90195012173939,62.65686878055802
covariance_oas,43,1,3,bp,left,0.6362573751585706,0.6362573751585706,50.48669586044793,50.48669586044793
covariance_oas,43,1,3,bp,right,0.49074912749042665,0.49074912749042665,60.61016855027409,60.61016855027409
covariance_oas,43,1,3,erd,left,0.8178971522519626,0.6451367812698343,32.004933604261886,49.824068366888646
covariance_oas,43,1,3,erd,right,0.8534331324604815,0.7764219267373182,30.243886150864025,39.065872194551005
covariance_oas,43,1,4,bp,left,0.7785217429207013,0.7785217429207013,38.874573863962226,38.874573863962226
covariance_oas,43,1,4,bp,right,0.6325752894251343,0.6325752894251343,50.75962067859129,50.75962067859129
covariance_oas,43,1,4,erd,left,0.6722176026028852,0.17576208303117233,41.68945662088307,79.8769903283916
covariance_oas,43,1,4,erd,right,0.4869066181885732,0.0242481528233192,58.13808129227104,88.61054699942358
covariance_oas,43,1,5,bp,left,0.6653318683632667,0.6653318683632667,48.29220953392652,48.29220953392652
covariance_oas,43,1,5,bp,right,0.5353421615920994,0.5353421615920994,57.63288105589688,57.63288105589688
covariance_oas,43,1,5,erd,left,0.7517824530166642,0.5510500657014608,37.73977519702729,56.560918274731094
covariance_oas,43,1,5,erd,right,0.6896529169354942,0.35262678266542935,43.65627416342458,69.35193470446555
covariance_oas,43,2,3,bp,left,0.6196492879003928,0.6196492879003928,51.70947186059817,51.70947186059817
covariance_oas,43,2,3,bp,right,0.8963123747584839,0.8963123747584839,26.322499076768036,26.322499076768036
covariance_oas,43,2,3,erd,left,0.8132796069695035,0.5795024199128375,32.54539749641366,54.58444688665401
covariance_oas,43,2,3,erd,right,0.6411031061693122,0.42377539956682286,47.252494486235754,64.9268252126711
covariance_oas,43,2,4,bp,left,0.7711415279323132,0.7711415279323132,39.54349198495098,39.54349198495098
covariance_oas,43,2,4,bp,right,0.5978611890944749,0.5978611890944749,53.28313031620752,53.28313031620752
covariance_oas,43,2,4,erd,left,0.8695466672446606,0.6870962455095808,25.558762266551668,46.599311200065735
covariance_oas,43,2,4,erd,right,0.6551772053329441,0.2966531734389623,44.93883850635731,72.7433046037295
covariance_oas,43,2,5,bp,left,0.7670564956044467,0.7670564956044467,39.90970444370709,39.90970444370709
covariance_oas,43,2,5,bp,right,0.8620511877228539,0.8620511877228539,30.452323848359256,30.452323848359256
covariance_oas,43,2,5,erd,left,0.8756478143677312,0.7199224520896991,25.067395313832574,43.95192168983285
covariance_oas,43,2,5,erd,right,0.5268611812197812,0.099089549058877,54.95715848406115,84.31325491351019
covariance_oas,43,3,4,bp,left,0.6896151921283143,0.6896151921283143,46.400344293993555,46.400344293993555
covariance_oas,43,3,4,bp,right,0.4917428382828603,0.4917428382828603,60.54480221819705,60.54480221819705
covariance_oas,43,3,4,erd,left,0.7291107197773105,0.32689435204639306,37.505713376556535,70.91961669567335
covariance_oas,43,3,4,erd,right,0.5058519900258918,0.06967519446610355,56.612858463150566,86.0046683181196
covariance_oas,43,3,5,bp,left,0.33731888260248305,0.33731888260248305,70.28639015659637,70.28639015659637
covariance_oas,43,3,5,bp,right,0.8074605471026425,0.8074605471026425,36.15144313633481,36.15144313633481
covariance_oas,43,3,5,erd,left,0.9290501954781999,0.8774199690946244,20.954134032645953,28.667315069921344
covariance_oas,43,3,5,erd,right,0.6353046772716135,0.3176467859414072,48.55470371392031,71.4793279835627
covariance_oas,43,4,5,bp,left,0.6946176349882554,0.6946176349882554,46.00324451217063,46.00324451217063
covariance_oas,43,4,5,bp,right,0.6591858930551477,0.6591858930551477,48.76218611164853,48.76218611164853
covariance_oas,43,4,5,erd,left,0.7164181752315363,0.3168606005328978,37.961094975798105,71.52682684897425
covariance_oas,43,4,5,erd,right,0.471372258718512,0.06121371789206462,57.87036135680989,86.49051824393942
covariance_oas,44,1,2,bp,left,0.8474079208184911,0.8474079208184911,32.06915009247645,32.06915009247645
covariance_oas,44,1,2,bp,right,0.44208168967995554,0.44208168967995554,63.763223261132204,63.763223261132204
covariance_oas,44,1,2,erd,left,0.6441476720614636,0.011539327553054124,40.21453578660414,89.3388305591155
covariance_oas,44,1,2,erd,right,0.6484832699712129,0.3191651981387705,46.27210181551192,71.38755287385509
covariance_oas,44,1,3,bp,left,0.9523440473097047,0.9523440473097047,17.759723685229755,17.759723685229755
covariance_oas,44,1,3,bp,right,0.12220482664994985,0.12220482664994985,82.98063347156035,82.98063347156035
covariance_oas,44,1,3,erd,left,0.9004437958478436,0.7484075123224413,22.121101689270716,41.54738064075859
covariance_oas,44,1,3,erd,right,0.5937462563636103,0.055963808038870216,48.435664610872756,86.79183387063527
covariance_oas,44,1,4,bp,left,0.9313224436733998,0.9313224436733998,21.358092925002435,21.358092925002435
covariance_oas,44,1,4,bp,right,0.3974005546260078,0.3974005546260078,66.5842251484737,66.5842251484737
covariance_oas,44,1,4,erd,left,0.6673894614484407,0.06207302824479218,38.02306361436506,86.44118957455521
covariance_oas,44,1,4,erd,right,0.7324606272788783,0.40800170452566764,39.22442166588734,65.92063332734182
covariance_oas,44,1,5,bp,left,0.536637935153315,0.536637935153315,57.54493953088146,57.54493953088146
covariance_oas,44,1,5,bp,right,0.6717619382529669,0.6717619382529669,47.79680188386651,47.79680188386651
covariance_oas,44,1,5,erd,left,0.7007126117554124,0.2541949336346411,39.52349218100415,75.27411356581219
covariance_oas,44,1,5,erd,right,0.4608262220246848,0.0436385560695357,60.97441929996103,87.49890066736945
covariance_oas,44,2,3,bp,left,0.821731112222568,0.821731112222568,34.741537944110405,34.741537944110405
covariance_oas,44,2,3,bp,right,0.20794309783548276,0.20794309783548276,77.99816030249185,77.99816030249185
covariance_oas,44,2,3,erd,left,0.7727436606201682,0.40689872208519035,32.716592551651544,65.98983432082088
covariance_oas,44,2,3,erd,right,0.771811542967889,0.5458114972591149,37.18625276572725,56.91986402698258
covariance_oas,44,2,4,bp,left,0.7519399555192317,0.7519399555192317,41.241296589864945,41.241296589864945
covariance_oas,44,2,4,bp,right,0.3314041812356943,0.3314041812356943,70.64597425118494,70.64597425118494
covariance_oas,44,2,4,erd,left,0.7996808779762805,0.5717445983033606,33.9743193407444,55.12802828513165
covariance_oas,44,2,4,erd,right,0.7647890423133763,0.5780413664026159,37.87461986629083,54.68709962432121
covariance_oas,44,2,5,bp,left,0.5108440201454967,0.5108440201454967,59.27993413285605,59.27993413285605
covariance_oas,44,2,5,bp,right,0.4284648012105181,0.4284648012105181,64.62982803915455,64.62982803915455
covariance_oas,44,2,5,erd,left,0.8270501342276617,0.6619677670331621,30.970219011427,48.549880887704816
covariance_oas,44,2,5,erd,right,0.5433373642649014,0.19617941749748855,54.830565423802206,78.68636988477812
covariance_oas,44,3,4,bp,left,0.9131125662683994,0.9131125662683994,24.060907418314073,24.060907418314073
covariance_oas,44,3,4,bp,right,0.02110138182993677,0.02110138182993677,88.79089013820925,88.79089013820925
covariance_oas,44,3,4,erd,left,0.6894033837738621,0.11059785389563008,35.7601281337679,83.65021963676763
covariance_oas,44,3,4,erd,right,0.5380912364271148,0.050955101867355794,52.9857669417867,87.07922285874999
covariance_oas,44,3,5,bp,left,0.4754611938233126,0.4754611938233126,61.61061744211364,61.61061744211364
covariance_oas,44,3,5,bp,right,0.2858219805119545,0.2858219805119545,73.39201143075488,73.39201143075488
covariance_oas,44,3,5,erd,left,0.6480348135192887,0.019865579338138893,39.927308136992075,88.86171126868928
covariance_oas,44,3,5,erd,right,0.5613341004254209,0.17349401768147593,52.45007239649711,80.0089688516859
covariance_oas,44,4,5,bp,left,0.45824929126265407,0.45824929126265407,62.72580495628336,62.72580495628336
covariance_oas,44,4,5,bp,right,0.7535223140610784,0.7535223140610784,41.103580185807175,41.103580185807175
covariance_oas,44,4,5,erd,left,0.9276533829363482,0.8454326435626346,20.221452748932553,32.28168027635901
covariance_oas,44,4,5,erd,right,0.5463408390419575,0.3415341709608592,55.8157756497824,70.02962835507176
covariance_ridge_1e3,42,1,2,bp,left,0.6905880809863463,0.6905880809863463,46.32332138243082,46.32332138243082
covariance_ridge_1e3,42,1,2,bp,right,0.5482899009396642,0.5482899009396642,56.75022804795931,56.75022804795931
covariance_ridge_1e3,42,1,2,erd,left,0.8014392036109745,0.5474224436202334,33.434647164514,56.80963909246862
covariance_ridge_1e3,42,1,2,erd,right,0.651867597633204,0.32348106470712995,47.16466794470774,71.12642387432975
covariance_ridge_1e3,42,1,3,bp,left,0.6868856464808484,0.6868856464808484,46.615916402560764,46.615916402560764
covariance_ridge_1e3,42,1,3,bp,right,0.6987648442225249,0.6987648442225249,45.67200891024908,45.67200891024908
covariance_ridge_1e3,42,1,3,erd,left,0.8392886954541091,0.5890496971499048,28.160807114136816,53.91039920777553
covariance_ridge_1e3,42,1,3,erd,right,0.7309001080212753,0.36458617034652474,38.63886112992187,68.61788285606889
covariance_ridge_1e3,42,1,4,bp,left,0.8150003102151541,0.8150003102151541,35.41260743768017,35.41260743768017
covariance_ridge_1e3,42,1,4,bp,right,0.7592114397694568,0.7592114397694568,40.60527060642502,40.60527060642502
covariance_ridge_1e3,42,1,4,erd,left,0.609635391251821,0.19534529152555,46.77280867389228,78.73510473701117
covariance_ridge_1e3,42,1,4,erd,right,0.5538306043693374,0.14097521186601167,52.8935109324579,81.89571852634198
covariance_ridge_1e3,42,1,5,bp,left,0.6279932485270149,0.6279932485270149,51.09777725387118,51.09777725387118
covariance_ridge_1e3,42,1,5,bp,right,0.22453633451373592,0.22453633451373592,77.0243855288421,77.0243855288421
covariance_ridge_1e3,42,1,5,erd,left,0.8027551302748188,0.6520204638619137,33.166315703298565,49.30589002980327
covariance_ridge_1e3,42,1,5,erd,right,0.4422877715526205,0.007570598168192886,60.89123201507345,89.5662325330175
covariance_ridge_1e3,42,2,3,bp,left,0.680258349162218,0.680258349162218,47.136165341911166,47.136165341911166
covariance_ridge_1e3,42,2,3,bp,right,0.844241509586046,0.844241509586046,32.40923925112095,32.40923925112095
covariance_ridge_1e3,42,2,3,erd,left,0.6341896039884475,0.06219080335621575,43.90342175186126,86.43442849496482
covariance_ridge_1e3,42,2,3,erd,right,0.7495034362404361,0.5211927730439366,38.1329903936196,58.587705587808145
covariance_ridge_1e3,42,2,4,bp,left,0.7915198505029654,0.7915198505029654,37.672228423158636,37.672228423158636
covariance_ridge_1e3,42,2,4,bp,right,0.624813192407554,0.624813192407554,51.33152241359815,51.33152241359815
covariance_ridge_1e3,42,2,4,erd,left,0.6961707681986106,0.31186227483832346,40.66981749670374,71.8285042851926
covariance_ridge_1e3,42,2,4,erd,right,0.48689202245284635,0.08221689165119773,58.336052595745905,85.28399582860666
covariance_ridge_1e3,42,2,5,bp,left,0.6579592253066768,0.6579592253066768,48.85558318952869,48.85558318952869
covariance_ridge_1e3,42,2,5,bp,right,0.5060791524076833,0.5060791524076833,59.59698486238905,59.59698486238905
covariance_ridge_1e3,42,2,5,erd,left,0.672871544944552,0.16302644653700785,41.223550551509454,80.61739412024293
covariance_ridge_1e3,42,2,5,erd,right,0.6706390775156811,0.3535256935369169,43.78876431563834,69.29688542945235
covariance_ridge_1e3,42,3,4,bp,left,0.8919795143232824,0.8919795143232824,26.87694453339047,26.87694453339047
covariance_ridge_1e3,42,3,4,bp,right,0.8291183488644693,0.8291183488644693,33.99172264653958,33.99172264653958
covariance_ridge_1e3,42,3,4,erd,left,0.6652822377030297,0.3748971494554575,45.62294950683997,67.9820438104114
covariance_ridge_1e3,42,3,4,erd,right,0.5131028677898369,0.05491903510777986,55.734712772344636,86.8517871645613
covariance_ridge_1e3,42,3,5,bp,left,0.5631646906839305,0.5631646906839305,55.72505902207551,55.72505902207551
covariance_ridge_1e3,42,3,5,bp,right,0.28819074543151363,0.28819074543151363,73.25033044772162,73.25033044772162
covariance_ridge_1e3,42,3,5,erd,left,0.7977319213670692,0.610198009177393,35.3179341504161,52.39617830539208
covariance_ridge_1e3,42,3,5,erd,right,0.6196853367026732,0.41721374469832667,49.4733799627771,65.34119590308029
covariance_ridge_1e3,42,4,5,bp,left,0.6059926739442305,0.6059926739442305,52.699692177993185,52.699692177993185
covariance_ridge_1e3,42,4,5,bp,right,0.02443753225443263,0.02443753225443263,88.59969314094431,88.59969314094431
covariance_ridge_1e3,42,4,5,erd,left,0.7714235364982702,0.5009304495110821,35.723308368789844,59.93842283992823
covariance_ridge_1e3,42,4,5,erd,right,0.4319822166243879,0.08144006337127885,61.60552447767344,85.32865457798214
covariance_ridge_1e3,43,1,2,bp,left,0.8991425594108678,0.8991425594108678,25.954411612794352,25.954411612794352
covariance_ridge_1e3,43,1,2,bp,right,0.6783227526333185,0.6783227526333185,47.287284357699505,47.287284357699505
covariance_ridge_1e3,43,1,2,erd,left,0.6295033719253125,0.09531320763600927,43.495734005243094,84.53065290974482
covariance_ridge_1e3,43,1,2,erd,right,0.6702855318243613,0.39850950679280567,46.19296956719949,66.51496643482527
covariance_ridge_1e3,43,1,3,bp,left,0.5564534390968429,0.5564534390968429,56.18911748497904,56.18911748497904
covariance_ridge_1e3,43,1,3,bp,right,0.43975557608076493,0.43975557608076493,63.91171302763963,63.91171302763963
covariance_ridge_1e3,43,1,3,erd,left,0.8168294808063931,0.6460793313726637,32.08384224032799,49.753351657866816
covariance_ridge_1e3,43,1,3,erd,right,0.850128552988474,0.7682994085084511,30.268670455857617,39.79857813100043
covariance_ridge_1e3,43,1,4,bp,left,0.7753618766936876,0.7753618766936876,39.16214691029786,39.16214691029786
covariance_ridge_1e3,43,1,4,bp,right,0.6058078060610079,0.6058078060610079,52.71300658218408,52.71300658218408
covariance_ridge_1e3,43,1,4,erd,left,0.6716667122793935,0.17316402207014348,41.694254310729264,80.02816678799798
covariance_ridge_1e3,43,1,4,erd,right,0.5147976695581057,0.07673777370830842,56.31617707252079,85.59892278168991
covariance_ridge_1e3,43,1,5,bp,left,0.7098565336157425,0.7098565336157425,44.77675629127944,44.77675629127944
covariance_ridge_1e3,43,1,5,bp,right,0.517257812656883,0.517257812656883,58.85150991100012,58.85150991100012
covariance_ridge_1e3,43,1,5,erd,left,0.7505288093606041,0.5464592419213886,37.78281756212906,56.875560370350456
covariance_ridge_1e3,43,1,5,erd,right,0.7196658344836172,0.4393366687524519,41.71847903301059,63.93843434505624
covariance_ridge_1e3,43,2,3,bp,left,0.5567297427084689,0.5567297427084689,56.17006200483268,56.17006200483268
covariance_ridge_1e3,43,2,3,bp,right,0.8805914160257485,0.8805914160257485,28.286211929598476,28.286211929598476
covariance_ridge_1e3,43,2,3,erd,left,0.815224627709436,0.5799806200118318,32.24397496063212,54.55082043432031
covariance_ridge_1e3,43,2,3,erd,right,0.6147545123899469,0.3678221781991305,48.81072653996092,68.41863207683991
covariance_ridge_1e3,43,2,4,bp,left,0.7501751759516927,0.7501751759516927,41.39444555012493,41.39444555012493
covariance_ridge_1e3,43,2,4,bp,right,0.5375780036281594,0.5375780036281594,57.481085233270086,57.481085233270086
covariance_ridge_1e3,43,2,4,erd,left,0.8718151539367223,0.6915666452073685,25.30947633971157,46.24574929386735
covariance_ridge_1e3,43,2,4,erd,right,0.6479937108998675,0.284408713184243,45.23404869749924,73.47649221935318
covariance_ridge_1e3,43,2,5,bp,left,0.7720407144026021,0.7720407144026021,39.46250143401647,39.46250143401647
covariance_ridge_1e3,43,2,5,bp,right,0.8181027686770094,0.8181027686770094,35.104677885763095,35.104677885763095
covariance_ridge_1e3,43,2,5,erd,left,0.8773195588642525,0.7197057228912802,24.790794816006066,43.96981028211809
covariance_ridge_1e3,43,2,5,erd,right,0.530937058150634,0.0887281851493821,54.166298575322266,84.9095552581732
covariance_ridge_1e3,43,3,4,bp,left,0.6838073835531407,0.6838073835531407,46.858113341670816,46.858113341670816
covariance_ridge_1e3,43,3,4,bp,right,0.4964164596643808,0.4964164596643808,60.23680326635193,60.23680326635193
covariance_ridge_1e3,43,3,4,erd,left,0.732435144993952,0.3333467725605401,37.21661814623936,70.52796264345292
covariance_ridge_1e3,43,3,4,erd,right,0.5156522678720298,0.08776567733134957,55.78042859389788,84.96491889014705
covariance_ridge_1e3,43,3,5,bp,left,0.37289709546943783,0.37289709546943783,68.1056000036245,68.1056000036245
covariance_ridge_1e3,43,3,5,bp,right,0.8027812217578125,0.8027812217578125,36.60348372532497,36.60348372532497
covariance_ridge_1e3,43,3,5,erd,left,0.9308280618039616,0.8810322938976274,20.686900173128183,28.232859782042958
covariance_ridge_1e3,43,3,5,erd,right,0.6533962274231025,0.3794489466731914,47.354552162994075,67.7004466722814
covariance_ridge_1e3,43,4,5,bp,left,0.7454036436259106,0.7454036436259106,41.80621941951531,41.80621941951531
covariance_ridge_1e3,43,4,5,bp,right,0.6635564397039946,0.6635564397039946,48.42832553577104,48.42832553577104
covariance_ridge_1e3,43,4,5,erd,left,0.7204007639616058,0.32063011571884364,37.553138090956004,71.2989641150656
covariance_ridge_1e3,43,4,5,erd,right,0.46990687023718225,0.04891182096657964,57.51821724078846,87.19644047480203
covariance_ridge_1e3,44,1,2,bp,left,0.853407752005971,0.853407752005971,31.4157272484475,31.4157272484475
covariance_ridge_1e3,44,1,2,bp,right,0.44871414634729395,0.44871414634729395,63.33878519831674,63.33878519831674
covariance_ridge_1e3,44,1,2,erd,left,0.6414101919164674,0.0006444502967283684,40.24545152195563,89.96307571533563
covariance_ridge_1e3,44,1,2,erd,right,0.6576719790197623,0.33187272590196343,45.33882718440827,70.61751819265494
covariance_ridge_1e3,44,1,3,bp,left,0.9282871018961896,0.9282871018961896,21.830639425063712,21.830639425063712
covariance_ridge_1e3,44,1,3,bp,right,0.08611884318956319,0.08611884318956319,85.05963420052711,85.05963420052711
covariance_ridge_1e3,44,1,3,erd,left,0.9017092259555196,0.7507687522966774,21.917236637321043,41.342986468057916
covariance_ridge_1e3,44,1,3,erd,right,0.6127673420661045,0.10716562398508422,47.190170080386046,83.84804817413965
covariance_ridge_1e3,44,1,4,bp,left,0.9120027197090566,0.9120027197090566,24.2164035187969,24.2164035187969
covariance_ridge_1e3,44,1,4,bp,right,0.14626035687755803,0.14626035687755803,81.5897295231729,81.5897295231729
covariance_ridge_1e3,44,1,4,erd,left,0.6675955986499416,0.06165754527588898,37.942469682407086,86.46504068189795
covariance_ridge_1e3,44,1,4,erd,right,0.7382935833101011,0.4143810511568299,38.528713605379004,65.5196556250334
covariance_ridge_1e3,44,1,5,bp,left,0.5435296316257583,0.5435296316257583,57.07575903357777,57.07575903357777
covariance_ridge_1e3,44,1,5,bp,right,0.6201588401039093,0.6201588401039093,51.67226525267506,51.67226525267506
covariance_ridge_1e3,44,1,5,erd,left,0.7016724287107011,0.24889108251664616,39.24403224704836,75.5880981288096
covariance_ridge_1e3,44,1,5,erd,right,0.4761089361696899,0.0188409530495246,59.355270025884046,88.92042903054374
covariance_ridge_1e3,44,2,3,bp,left,0.7641655450298996,0.7641655450298996,40.167187768154655,40.167187768154655
covariance_ridge_1e3,44,2,3,bp,right,0.12541463271877798,0.12541463271877798,82.79529907965633,82.79529907965633
covariance_ridge_1e3,44,2,3,erd,left,0.7760518027385571,0.4158969583645409,32.460800029898856,65.42418506903813
covariance_ridge_1e3,44,2,3,erd,right,0.7752013789403547,0.5252493658308215,36.442169547780374,58.31496804498303
covariance_ridge_1e3,44,2,4,bp,left,0.7135571568871871,0.7135571568871871,44.47492261209708,44.47492261209708
covariance_ridge_1e3,44,2,4,bp,right,0.1783808422638056,0.1783808422638056,79.724537366058,79.724537366058
covariance_ridge_1e3,44,2,4,erd,left,0.8014377398554404,0.5732234470347596,33.76266869923212,55.02468619650238
covariance_ridge_1e3,44,2,4,erd,right,0.7643678390655126,0.5660047654405929,37.562777463007976,55.52790685872012
covariance_ridge_1e3,44,2,5,bp,left,0.6000294297985733,0.6000294297985733,53.12799457101506,53.12799457101506
covariance_ridge_1e3,44,2,5,bp,right,0.36610011942467935,0.36610011942467935,68.52469837833212,68.52469837833212
covariance_ridge_1e3,44,2,5,erd,left,0.8309276526245122,0.6658698707737283,30.55836758656722,48.25090584449135
covariance_ridge_1e3,44,2,5,erd,right,0.5778968210845941,0.24758558277532217,52.11490326524956,75.66531471827825
covariance_ridge_1e3,44,3,4,bp,left,0.9113140964710351,0.9113140964710351,24.312413713724485,24.312413713724485
covariance_ridge_1e3,44,3,4,bp,right,0.03400695188602045,0.03400695188602045,88.05116943142248,88.05116943142248
covariance_ridge_1e3,44,3,4,erd,left,0.6900852003667316,0.11189434138624915,35.665225154932195,83.57547240551901
covariance_ridge_1e3,44,3,4,erd,right,0.5303499900840141,0.010158169438704739,53.159844925959625,89.41796975349519
covariance_ridge_1e3,44,3,5,bp,left,0.4530243577064153,0.4530243577064153,63.06211019431253,63.06211019431253
covariance_ridge_1e3,44,3,5,bp,right,0.3071739585936098,0.3071739585936098,72.1109976237994,72.1109976237994
covariance_ridge_1e3,44,3,5,erd,left,0.6524726016396637,0.02843830564137546,39.46747491143237,88.37038540489462
covariance_ridge_1e3,44,3,5,erd,right,0.5691823903351505,0.18384021116940633,51.73032911845359,79.40647830367216
covariance_ridge_1e3,44,4,5,bp,left,0.34624999044301447,0.34624999044301447,69.74188148556397,69.74188148556397
covariance_ridge_1e3,44,4,5,bp,right,0.656444936117051,0.656444936117051,48.97069632155802,48.97069632155802
covariance_ridge_1e3,44,4,5,erd,left,0.9280452191726933,0.8441641358975376,20.0858988004211,32.41750975182058
covariance_ridge_1e3,44,4,5,erd,right,0.5779504194047237,0.3411114502074958,53.3432990758191,70.05539591177757
f2_components_1,42,1,2,bp,left,0.7003604083662519,0.7003604083662519,45.54407322916083,45.54407322916083
f2_components_1,42,1,2,bp,right,0.5186997877590347,0.5186997877590347,58.75492382234655,58.75492382234655
f2_components_1,42,1,2,erd,left,0.8880688409100591,0.8880688409100591,27.3684274734866,27.3684274734866
f2_components_1,42,1,2,erd,right,0.7139412457979744,0.7139412457979744,44.44350252119308,44.44350252119308
f2_components_1,42,1,3,bp,left,0.687092796741741,0.687092796741741,46.599583163365025,46.599583163365025
f2_components_1,42,1,3,bp,right,0.6901531627556541,0.6901531627556541,46.35776575047101,46.35776575047101
f2_components_1,42,1,3,erd,left,0.881018032493794,0.881018032493794,28.234587051322148,28.234587051322148
f2_components_1,42,1,3,erd,right,0.7310005376927359,0.7310005376927359,43.02966163755104,43.02966163755104
f2_components_1,42,1,4,bp,left,0.8230888158156825,0.8230888158156825,34.60479780708338,34.60479780708338
f2_components_1,42,1,4,bp,right,0.7578965972974616,0.7578965972974616,40.720884195200895,40.720884195200895
f2_components_1,42,1,4,erd,left,0.8918297505838637,0.8918297505838637,26.895919288140046,26.895919288140046
f2_components_1,42,1,4,erd,right,0.8270677945802737,0.8270677945802737,34.20130267203602,34.20130267203602
f2_components_1,42,1,5,bp,left,0.6008542278060809,0.6008542278060809,53.06889826535644,53.06889826535644
f2_components_1,42,1,5,bp,right,0.19123229745537754,0.19123229745537754,78.97529159715326,78.97529159715326
f2_components_1,42,1,5,erd,left,0.9651336840958739,0.9651336840958739,15.174369639467802,15.174369639467802
f2_components_1,42,1,5,erd,right,0.02553863107279301,0.02553863107279301,88.53658511709548,88.53658511709548
f2_components_1,42,2,3,bp,left,0.6878999665304374,0.6878999665304374,46.53589794194804,46.53589794194804
f2_components_1,42,2,3,bp,right,0.8334651035883387,0.8334651035883387,33.54364906082823,33.54364906082823
f2_components_1,42,2,3,erd,left,0.7837550404495296,0.7837550404495296,38.39431910745417,38.39431910745417
f2_components_1,42,2,3,erd,right,0.7770605693433471,0.7770605693433471,39.00777377939582,39.00777377939582
f2_components_1,42,2,4,bp,left,0.8004963399746877,0.8004963399746877,36.82247449639456,36.82247449639456
f2_components_1,42,2,4,bp,right,0.5850192652414691,0.5850192652414691,54.19564897584115,54.19564897584115
f2_components_1,42,2,4,erd,left,0.9366151255466715,0.9366151255466715,20.50933388994616,20.50933388994616
f2_components_1,42,2,4,erd,right,0.6893191774688812,0.6893191774688812,46.423759998669496,46.423759998669496
f2_components_1,42,2,5,bp,left,0.6828082406836157,0.6828082406836157,46.93651945103388,46.93651945103388
f2_components_1,42,2,5,bp,right,0.5112214818767544,0.5112214818767544,59.2547736632468,59.2547736632468
f2_components_1,42,2,5,erd,left,0.8860750056332357,0.8860750056332357,27.615896467481292,27.615896467481292
f2_components_1,42,2,5,erd,right,0.5740390067805261,0.5740390067805261,54.96763900333886,54.96763900333886
f2_components_1,42,3,4,bp,left,0.8863466971989831,0.8863466971989831,27.5822953810222,27.5822953810222
f2_components_1,42,3,4,bp,right,0.8149465060708706,0.8149465060708706,35.41792712558991,35.41792712558991
f2_components_1,42,3,4,erd,left,0.8116413888692946,0.8116413888692946,35.74338905798196,35.74338905798196
f2_components_1,42,3,4,erd,right,0.7224290833633314,0.7224290833633314,43.74460406514645,43.74460406514645
f2_components_1,42,3,5,bp,left,0.5397081486357403,0.5397081486357403,57.33622652982335,57.33622652982335
f2_components_1,42,3,5,bp,right,0.26313934648319226,0.26313934648319226,74.74357827036756,74.74357827036756
f2_components_1,42,3,5,erd,left,0.844774036291609,0.844774036291609,32.3522661854644,32.3522661854644
f2_components_1,42,3,5,erd,right,0.2763890999591577,0.2763890999591577,73.95518743583091,73.95518743583091
f2_components_1,42,4,5,bp,left,0.5940394575771569,0.5940394575771569,53.555812539983485,53.555812539983485
f2_components_1,42,4,5,bp,right,0.03308231368136882,0.03308231368136882,88.10417713167126,88.10417713167126
f2_components_1,42,4,5,erd,left,0.9248160237626477,0.9248160237626477,22.359370717724772,22.359370717724772
f2_components_1,42,4,5,erd,right,0.11509457515654994,0.11509457515654994,83.39091997297896,83.39091997297896
f2_components_1,43,1,2,bp,left,0.8995157763214384,0.8995157763214384,25.905508987066334,25.905508987066334
f2_components_1,43,1,2,bp,right,0.6722567149020734,0.6722567149020734,47.75852101730044,47.75852101730044
f2_components_1,43,1,2,erd,left,0.9542809510568484,0.9542809510568484,17.39221509282159,17.39221509282159
f2_components_1,43,1,2,erd,right,0.4540465643787853,0.4540465643787853,62.99639473043267,62.99639473043267
f2_components_1,43,1,3,bp,left,0.5348725093618736,0.5348725093618736,57.66473427386698,57.66473427386698
f2_components_1,43,1,3,bp,right,0.42588936543601447,0.42588936543601447,64.79302966377516,64.79302966377516
f2_components_1,43,1,3,erd,left,0.9258255902261814,0.9258255902261814,22.206821983815594,22.206821983815594
f2_components_1,43,1,3,erd,right,0.7137507499531743,0.7137507499531743,44.459088078468895,44.459088078468895
f2_components_1,43,1,4,bp,left,0.775197955951903,0.775197955951903,39.17701660958904,39.17701660958904
f2_components_1,43,1,4,bp,right,0.5951635418839214,0.5951635418839214,53.4757084930615,53.4757084930615
f2_components_1,43,1,4,erd,left,0.9161202741385518,0.9161202741385518,23.634674889438966,23.634674889438966
f2_components_1,43,1,4,erd,right,0.7078656137803584,0.7078656137803584,44.93847991737503,44.93847991737503
f2_components_1,43,1,5,bp,left,0.720331571981485,0.720331571981485,43.91813757810276,43.91813757810276
f2_components_1,43,1,5,bp,right,0.5106889723004443,0.5106889723004443,59.290267255884274,59.290267255884274
f2_components_1,43,1,5,erd,left,0.9493988662764088,0.9493988662764088,18.30485528740151,18.30485528740151
f2_components_1,43,1,5,erd,right,0.08625966856776733,0.08625966856776733,85.0515353631643,85.0515353631643
f2_components_1,43,2,3,bp,left,0.5411729458748127,0.5411729458748127,57.23647789851114,57.23647789851114
f2_components_1,43,2,3,bp,right,0.874359557164392,0.874359557164392,29.030730183553498,29.030730183553498
f2_components_1,43,2,3,erd,left,0.8299186613843565,0.8299186613843565,33.90961653200635,33.90961653200635
f2_components_1,43,2,3,erd,right,0.7454130081148791,0.7454130081148791,41.80541453032523,41.80541453032523
f2_components_1,43,2,4,bp,left,0.7446893267922314,0.7446893267922314,41.86757860893716,41.86757860893716
f2_components_1,43,2,4,bp,right,0.5186193552154673,0.5186193552154673,58.76031393757676,58.76031393757676
f2_components_1,43,2,4,erd,left,0.9154685697535372,0.9154685697535372,23.727641967907836,23.727641967907836
f2_components_1,43,2,4,erd,right,0.3122080011073745,0.3122080011073745,71.80765461673471,71.80765461673471
f2_components_1,43,2,5,bp,left,0.7706432573715994,0.7706432573715994,39.588312008418356,39.588312008418356
f2_components_1,43,2,5,bp,right,0.801963185964726,0.801963185964726,36.682016131297395,36.682016131297395
f2_components_1,43,2,5,erd,left,0.9569183428167202,0.9569183428167202,16.879340373487516,16.879340373487516
f2_components_1,43,2,5,erd,right,0.0801905313280643,0.0801905313280643,85.40048243734944,85.40048243734944
f2_components_1,43,3,4,bp,left,0.6807330681558138,0.6807330681558138,47.099045833486166,47.099045833486166
f2_components_1,43,3,4,bp,right,0.49865005069194285,0.49865005069194285,60.089271810671754,60.089271810671754
f2_components_1,43,3,4,erd,left,0.9288988765662165,0.9288988765662165,21.736184549886094,21.736184549886094
f2_components_1,43,3,4,erd,right,0.6308894781315431,0.6308894781315431,50.88422285144029,50.88422285144029
f2_components_1,43,3,5,bp,left,0.38655184902199147,0.38655184902199147,67.25988521141957,67.25988521141957
f2_components_1,43,3,5,bp,right,0.7973457863746587,0.7973457863746587,37.12261408756188,37.12261408756188
f2_components_1,43,3,5,erd,left,0.8782867192255184,0.8782867192255184,28.56362299179921,28.56362299179921
f2_components_1,43,3,5,erd,right,0.012778690013970044,0.012778690013970044,89.26781506655834,89.26781506655834
f2_components_1,43,4,5,bp,left,0.7603280691590807,0.7603280691590807,40.50687171819538,40.50687171819538
f2_components_1,43,4,5,bp,right,0.6639335016124569,0.6639335016124569,48.3994415224246,48.3994415224246
f2_components_1,43,4,5,erd,left,0.9446795418619077,0.9446795418619077,19.147110750877022,19.147110750877022
f2_components_1,43,4,5,erd,right,0.34765213357423513,0.34765213357423513,69.65622381376107,69.65622381376107
f2_components_1,44,1,2,bp,left,0.8525476950750388,0.8525476950750388,31.510138467341974,31.510138467341974
f2_components_1,44,1,2,bp,right,0.45119704530224913,0.45119704530224913,63.17948889486015,63.17948889486015
f2_components_1,44,1,2,erd,left,0.9197202818733944,0.9197202818733944,23.114776744608132,23.114776744608132
f2_components_1,44,1,2,erd,right,0.17763892994385405,0.17763892994385405,79.76773574619772,79.76773574619772
f2_components_1,44,1,3,bp,left,0.9179144649950309,0.9179144649950309,23.376929549167336,23.376929549167336
f2_components_1,44,1,3,bp,right,0.07408170062013815,0.07408170062013815,85.7515391604719,85.7515391604719
f2_components_1,44,1,3,erd,left,0.9461815878581326,0.9461815878581326,18.882971241439318,18.882971241439318
f2_components_1,44,1,3,erd,right,0.08897272446568816,0.08897272446568816,84.89548855324966,84.89548855324966
f2_components_1,44,1,4,bp,left,0.9030520537809886,0.9030520537809886,25.437807900412924,25.437807900412924
f2_components_1,44,1,4,bp,right,0.10675927390696704,0.10675927390696704,83.87146465772561,83.87146465772561
f2_components_1,44,1,4,erd,left,0.9450033033856019,0.9450033033856019,19.090473821373866,19.090473821373866
f2_components_1,44,1,4,erd,right,0.5033302839228516,0.5033302839228516,59.77942451196383,59.77942451196383
f2_components_1,44,1,5,bp,left,0.5541421591439577,0.5541421591439577,56.34835085748091,56.34835085748091
f2_components_1,44,1,5,bp,right,0.6025893750809271,0.6025893750809271,52.944426056873425,52.944426056873425
f2_components_1,44,1,5,erd,left,0.9169022216372124,0.9169022216372124,23.52267135847318,23.52267135847318
f2_components_1,44,1,5,erd,right,0.43613394561851954,0.43613394561851954,64.14252943022228,64.14252943022228
f2_components_1,44,2,3,bp,left,0.7424338894689505,0.7424338894689505,42.06083959619907,42.06083959619907
f2_components_1,44,2,3,bp,right,0.10234128146435535,0.10234128146435535,84.12599210527962,84.12599210527962
f2_components_1,44,2,3,erd,left,0.9487061067597129,0.9487061067597129,18.430815776003502,18.430815776003502
f2_components_1,44,2,3,erd,right,0.8559626419281446,0.8559626419281446,31.13375342318731,31.13375342318731
f2_components_1,44,2,4,bp,left,0.6959544881795756,0.6959544881795756,45.89667353890295,45.89667353890295
f2_components_1,44,2,4,bp,right,0.15592400979824386,0.15592400979824386,81.02961028714849,81.02961028714849
f2_components_1,44,2,4,erd,left,0.9247680787389216,0.9247680787389216,22.366590804140003,22.366590804140003
f2_components_1,44,2,4,erd,right,0.7827721969630629,0.7827721969630629,38.48489936958734,38.48489936958734
f2_components_1,44,2,5,bp,left,0.6350584844090941,0.6350584844090941,50.57567771877983,50.57567771877983
f2_components_1,44,2,5,bp,right,0.3482919566831344,0.3482919566831344,69.61712090944663,69.61712090944663
f2_components_1,44,2,5,erd,left,0.9448915590145613,0.9448915590145613,19.11003998201301,19.11003998201301
f2_components_1,44,2,5,erd,right,0.25214370742480174,0.25214370742480174,75.3955979161074,75.3955979161074
f2_components_1,44,3,4,bp,left,0.9083718677420767,0.9083718677420767,24.718683472497137,24.718683472497137
f2_components_1,44,3,4,bp,right,0.04970311304141624,0.04970311304141624,87.15104756355775,87.15104756355775
f2_components_1,44,3,4,erd,left,0.9063004244680439,0.9063004244680439,25.0009981495499,25.0009981495499
f2_components_1,44,3,4,erd,right,0.6684307814525031,0.6684307814525031,48.05393300605926,48.05393300605926
f2_components_1,44,3,5,bp,left,0.44906695376612643,0.44906695376612643,63.316163582247654,63.316163582247654
f2_components_1,44,3,5,bp,right,0.30475674611406717,0.30475674611406717,72.25647022664566,72.25647022664566
f2_components_1,44,3,5,erd,left,0.965002946060764,0.965002946060764,15.20296043108678,15.20296043108678
f2_components_1,44,3,5,erd,right,0.058465800229277075,0.058465800229277075,86.64824502574409,86.64824502574409
f2_components_1,44,4,5,bp,left,0.32296859596151123,0.32296859596151123,71.15745167510845,71.15745167510845
f2_components_1,44,4,5,bp,right,0.6492010917526863,0.6492010917526863,49.51860533537055,49.51860533537055
f2_components_1,44,4,5,erd,left,0.8943246839483642,0.8943246839483642,26.5781810906905,26.5781810906905
f2_components_1,44,4,5,erd,right,0.5061104087590125,0.5061104087590125,59.594908453149515,59.594908453149515
f2_components_2,42,1,2,bp,left,0.7003604083662519,0.7003604083662519,45.54407322916083,45.54407322916083
f2_components_2,42,1,2,bp,right,0.5186997877590347,0.5186997877590347,58.75492382234655,58.75492382234655
f2_components_2,42,1,2,erd,left,0.9019737932240055,0.8953253234417295,25.567052678047688,26.449752814688978
f2_components_2,42,1,2,erd,right,0.4053219075813461,0.07686353405955929,64.19372210448418,85.59169589950125
f2_components_2,42,1,3,bp,left,0.687092796741741,0.687092796741741,46.599583163365025,46.599583163365025
f2_components_2,42,1,3,bp,right,0.6901531627556541,0.6901531627556541,46.35776575047101,46.35776575047101
f2_components_2,42,1,3,erd,left,0.8573826663471016,0.7574748470942978,28.78183065936385,40.75791113808657
f2_components_2,42,1,3,erd,right,0.5877137364046974,0.34053748874707124,51.742995757987984,70.09037583658267
f2_components_2,42,1,4,bp,left,0.8230888158156825,0.8230888158156825,34.60479780708338,34.60479780708338
f2_components_2,42,1,4,bp,right,0.7578965972974616,0.7578965972974616,40.720884195200895,40.720884195200895
f2_components_2,42,1,4,erd,left,0.6522202172839099,0.34563845936547316,43.14140390003298,69.77922543545759
f2_components_2,42,1,4,erd,right,0.5716377196078702,0.28898853054736023,52.26077244541757,73.2025894855829
f2_components_2,42,1,5,bp,left,0.6008542278060809,0.6008542278060809,53.06889826535644,53.06889826535644
f2_components_2,42,1,5,bp,right,0.19123229745537754,0.19123229745537754,78.97529159715326,78.97529159715326
f2_components_2,42,1,5,erd,left,0.7242888846737761,0.47201422431258344,37.13192755800498,61.83487617720664
f2_components_2,42,1,5,erd,right,0.3707511106724387,0.03983318335546,66.57802886604738,87.71712273730803
f2_components_2,42,2,3,bp,left,0.6878999665304374,0.6878999665304374,46.53589794194804,46.53589794194804
f2_components_2,42,2,3,bp,right,0.8334651035883387,0.8334651035883387,33.54364906082823,33.54364906082823
f2_components_2,42,2,3,erd,left,0.8123852676521881,0.7492832542630082,35.18448650709537,41.47167074575096
f2_components_2,42,2,3,erd,right,0.7850876886989897,0.7403445509276615,38.0789309951103,42.239225703259194
f2_components_2,42,2,4,bp,left,0.8004963399746877,0.8004963399746877,36.82247449639456,36.82247449639456
f2_components_2,42,2,4,bp,right,0.5850192652414691,0.5850192652414691,54.19564897584115,54.19564897584115
f2_components_2,42,2,4,erd,left,0.6856138614914855,0.4063390413253881,40.62642005241756,66.0249343872043
f2_components_2,42,2,4,erd,right,0.5277928740485957,0.3052623987042545,56.80382684450361,72.22604886736356
f2_components_2,42,2,5,bp,left,0.6828082406836157,0.6828082406836157,46.93651945103388,46.93651945103388
f2_components_2,42,2,5,bp,right,0.5112214818767544,0.5112214818767544,59.2547736632468,59.2547736632468
f2_components_2,42,2,5,erd,left,0.8027046781756904,0.6592002526339054,33.81959564705677,48.76109199994744
f2_components_2,42,2,5,erd,right,0.5050364947438883,0.30180545820641547,58.66989669231192,72.43392455338557
f2_components_2,42,3,4,bp,left,0.8863466971989831,0.8863466971989831,27.5822953810222,27.5822953810222
f2_components_2,42,3,4,bp,right,0.8149465060708706,0.8149465060708706,35.41792712558991,35.41792712558991
f2_components_2,42,3,4,erd,left,0.6932036963931445,0.5028385327089171,43.868054908544416,59.81202582471701
f2_components_2,42,3,4,erd,right,0.6486594783901154,0.4758897217854674,48.17729091212654,61.58270445689078
f2_components_2,42,3,5,bp,left,0.5397081486357403,0.5397081486357403,57.33622652982335,57.33622652982335
f2_components_2,42,3,5,bp,right,0.26313934648319226,0.26313934648319226,74.74357827036756,74.74357827036756
f2_components_2,42,3,5,erd,left,0.7186315271242891,0.5831423441183395,42.83270338236189,54.328136734678104
f2_components_2,42,3,5,erd,right,0.44931289149321596,0.11198312507723918,60.84874650098743,83.57035330173012
f2_components_2,42,4,5,bp,left,0.5940394575771569,0.5940394575771569,53.555812539983485,53.555812539983485
f2_components_2,42,4,5,bp,right,0.03308231368136882,0.03308231368136882,88.10417713167126,88.10417713167126
f2_components_2,42,4,5,erd,left,0.5018527044207444,0.048883216836639404,52.24312440057966,87.19808133351808
f2_components_2,42,4,5,erd,right,0.3456903513241845,0.1580082554222305,69.33754545626216,80.90869289186313
f2_components_2,43,1,2,bp,left,0.8995157763214384,0.8995157763214384,25.905508987066334,25.905508987066334
f2_components_2,43,1,2,bp,right,0.6722567149020734,0.6722567149020734,47.75852101730044,47.75852101730044
f2_components_2,43,1,2,erd,left,0.8765948921182293,0.7770032119024314,25.770965607737423,39.01299465581234
f2_components_2,43,1,2,erd,right,0.5669518482698093,0.301455312260982,53.051946275782264,72.45496646686263
f2_components_2,43,1,3,bp,left,0.5348725093618736,0.5348725093618736,57.66473427386698,57.66473427386698
f2_components_2,43,1,3,bp,right,0.42588936543601447,0.42588936543601447,64.79302966377516,64.79302966377516
f2_components_2,43,1,3,erd,left,0.850275201358166,0.7350378349504361,28.890400257452363,42.68958679464813
f2_components_2,43,1,3,erd,right,0.7759356076772663,0.7130986060136408,38.75083739087566,44.51241103929044
f2_components_2,43,1,4,bp,left,0.775197955951903,0.775197955951903,39.17701660958904,39.17701660958904
f2_components_2,43,1,4,bp,right,0.5951635418839214,0.5951635418839214,53.4757084930615,53.4757084930615
f2_components_2,43,1,4,erd,left,0.5650841026572936,0.18400584697696729,49.14159932895151,79.39682336394418
f2_components_2,43,1,4,erd,right,0.6523070054182888,0.49109555943805844,48.073126492968115,60.587385018666076
f2_components_2,43,1,5,bp,left,0.720331571981485,0.720331571981485,43.91813757810276,43.91813757810276
f2_components_2,43,1,5,bp,right,0.5106889723004443,0.5106889723004443,59.290267255884274,59.290267255884274
f2_components_2,43,1,5,erd,left,0.7978289001214527,0.6381008816808136,33.55125931935384,50.34964764151589
f2_components_2,43,1,5,erd,right,0.5086412492702868,0.17161690026553966,56.187419062854715,80.11815762810669
f2_components_2,43,2,3,bp,left,0.5411729458748127,0.5411729458748127,57.23647789851114,57.23647789851114
f2_components_2,43,2,3,bp,right,0.874359557164392,0.874359557164392,29.030730183553498,29.030730183553498
f2_components_2,43,2,3,erd,left,0.8938054134837303,0.8834133588045022,26.61384592040401,27.943103325415922
f2_components_2,43,2,3,erd,right,0.5445630967727416,0.18464882421466902,52.303177996995004,79.35934122132646
f2_components_2,43,2,4,bp,left,0.7446893267922314,0.7446893267922314,41.86757860893716,41.86757860893716
f2_components_2,43,2,4,bp,right,0.5186193552154673,0.5186193552154673,58.76031393757676,58.76031393757676
f2_components_2,43,2,4,erd,left,0.720270160919813,0.4638894873122851,37.38367256092713,62.36162477415509
f2_components_2,43,2,4,erd,right,0.4582630432409649,0.025362083187043184,57.76341122717375,88.54670384342904
f2_components_2,43,2,5,bp,left,0.7706432573715994,0.7706432573715994,39.588312008418356,39.588312008418356
f2_components_2,43,2,5,bp,right,0.801963185964726,0.801963185964726,36.682016131297395,36.682016131297395
f2_components_2,43,2,5,erd,left,0.928249523002747,0.8924943238234478,21.11558884477882,26.811624450289944
f2_components_2,43,2,5,erd,right,0.3470794611956588,0.14236819857419752,69.1625710003845,81.81509304705948
f2_components_2,43,3,4,bp,left,0.6807330681558138,0.6807330681558138,47.099045833486166,47.099045833486166
f2_components_2,43,3,4,bp,right,0.49865005069194285,0.49865005069194285,60.089271810671754,60.089271810671754
f2_components_2,43,3,4,erd,left,0.7048563491672024,0.47546861661604406,41.25188586392846,61.61013400693621
f2_components_2,43,3,4,erd,right,0.5792362314637998,0.42311536650687853,53.81558533033826,64.96856956298201
f2_components_2,43,3,5,bp,left,0.38655184902199147,0.38655184902199147,67.25988521141957,67.25988521141957
f2_components_2,43,3,5,bp,right,0.7973457863746587,0.7973457863746587,37.12261408756188,37.12261408756188
f2_components_2,43,3,5,erd,left,0.9402227031992296,0.9116644758438781,19.308986126685628,24.26360723064937
f2_components_2,43,3,5,erd,right,0.5843251213965681,0.45340534039494695,53.687174362338,63.03762212131999
f2_components_2,43,4,5,bp,left,0.7603280691590807,0.7603280691590807,40.50687171819538,40.50687171819538
f2_components_2,43,4,5,bp,right,0.6639335016124569,0.6639335016124569,48.3994415224246,48.3994415224246
f2_components_2,43,4,5,erd,left,0.7909899638063346,0.6024770310571843,32.28654489500694,52.952491322258304
f2_components_2,43,4,5,erd,right,0.3555210989509814,0.25550048058029323,69.0484811585411,75.19675700851184
f2_components_2,44,1,2,bp,left,0.8525476950750388,0.8525476950750388,31.510138467341974,31.510138467341974
f2_components_2,44,1,2,bp,right,0.45119704530224913,0.45119704530224913,63.17948889486015,63.17948889486015
f2_components_2,44,1,2,erd,left,0.7764465976566788,0.5756962021367426,33.55540309377186,54.851597753048566
f2_components_2,44,1,2,erd,right,0.5765699430044149,0.3157652991800111,52.364533752510724,71.59297961908851
f2_components_2,44,1,3,bp,left,0.9179144649950309,0.9179144649950309,23.376929549167336,23.376929549167336
f2_components_2,44,1,3,bp,right,0.07408170062013815,0.07408170062013815,85.7515391604719,85.7515391604719
f2_components_2,44,1,3,erd,left,0.9198864626280396,0.8683931407496023,21.734230020358094,29.727554370228535
f2_components_2,44,1,3,erd,right,0.35256779886302414,0.14935928611783372,68.82300002839652,81.41020191237662
f2_components_2,44,1,4,bp,left,0.9030520537809886,0.9030520537809886,25.437807900412924,25.437807900412924
f2_components_2,44,1,4,bp,right,0.10675927390696704,0.10675927390696704,83.87146465772561,83.87146465772561
f2_components_2,44,1,4,erd,left,0.8968196255111835,0.8175730445631717,23.859054380420382,35.15742101610079
f2_components_2,44,1,4,erd,right,0.43130147151934295,0.004102844340472574,60.308167390311475,89.76492367576903
f2_components_2,44,1,5,bp,left,0.5541421591439577,0.5541421591439577,56.34835085748091,56.34835085748091
f2_components_2,44,1,5,bp,right,0.6025893750809271,0.6025893750809271,52.944426056873425,52.944426056873425
f2_components_2,44,1,5,erd,left,0.8217903115193733,0.7217240073292075,33.301982309770175,43.80299828223488
f2_components_2,44,1,5,erd,right,0.3527754672005147,0.10505838729435349,68.53214380215823,83.96946948877897
f2_components_2,44,2,3,bp,left,0.7424338894689505,0.7424338894689505,42.06083959619907,42.06083959619907
f2_components_2,44,2,3,bp,right,0.10234128146435535,0.10234128146435535,84.12599210527962,84.12599210527962
f2_components_2,44,2,3,erd,left,0.9145712245987478,0.8552095261973564,22.163993396605335,31.217109953308263
f2_components_2,44,2,3,erd,right,0.7207656976646971,0.5180323786514424,40.67827168979185,58.79964034320183
f2_components_2,44,2,4,bp,left,0.6959544881795756,0.6959544881795756,45.89667353890295,45.89667353890295
f2_components_2,44,2,4,bp,right,0.15592400979824386,0.15592400979824386,81.02961028714849,81.02961028714849
f2_components_2,44,2,4,erd,left,0.9061972388033174,0.8753368359638106,24.675989847165425,28.91513485237138
f2_components_2,44,2,4,erd,right,0.7872868122097829,0.772244974020487,38.04551659596264,39.44408419777316
f2_components_2,44,2,5,bp,left,0.6350584844090941,0.6350584844090941,50.57567771877983,50.57567771877983
f2_components_2,44,2,5,bp,right,0.3482919566831344,0.3482919566831344,69.61712090944663,69.61712090944663
f2_components_2,44,2,5,erd,left,0.841198434977021,0.7178543971003873,29.712813215997205,44.12238157082754
f2_components_2,44,2,5,erd,right,0.5392843274818051,0.2880819282575594,55.51291059806681,73.25684134355676
f2_components_2,44,3,4,bp,left,0.9083718677420767,0.9083718677420767,24.718683472497137,24.718683472497137
f2_components_2,44,3,4,bp,right,0.04970311304141624,0.04970311304141624,87.15104756355775,87.15104756355775
f2_components_2,44,3,4,erd,left,0.9633639941293429,0.9470904044815344,15.15181762037232,18.721410371195574
f2_components_2,44,3,4,erd,right,0.5407887824393769,0.37291770361260024,56.48917257303695,68.10432745310051
f2_components_2,44,3,5,bp,left,0.44906695376612643,0.44906695376612643,63.316163582247654,63.316163582247654
f2_components_2,44,3,5,bp,right,0.30475674611406717,0.30475674611406717,72.25647022664566,72.25647022664566
f2_components_2,44,3,5,erd,left,0.8978317168914434,0.8250369612369408,24.164606319208954,34.40776118906895
f2_components_2,44,3,5,erd,right,0.4476131367440591,0.07439644813631276,60.28275331360596,85.73345555389572
f2_components_2,44,4,5,bp,left,0.32296859596151123,0.32296859596151123,71.15745167510845,71.15745167510845
f2_components_2,44,4,5,bp,right,0.6492010917526863,0.6492010917526863,49.51860533537055,49.51860533537055
f2_components_2,44,4,5,erd,left,0.9299812520145594,0.8993911496872945,21.0323630784468,25.921848369244305
f2_components_2,44,4,5,erd,right,0.4856108274062401,0.19461539507785075,58.913426818414926,78.77774307525031
fusion_hard_vote,42,1,2,bp,left,0.7003604083662519,0.7003604083662519,45.54407322916083,45.54407322916083
fusion_hard_vote,42,1,2,bp,right,0.5186997877590347,0.5186997877590347,58.75492382234655,58.75492382234655
fusion_hard_vote,42,1,2,erd,left,0.802337814184538,0.5476165193663105,33.29663005811438,56.796350594517186
fusion_hard_vote,42,1,2,erd,right,0.6541105623720552,0.3283376690969119,46.99814522406897,70.83209020629029
fusion_hard_vote,42,1,3,bp,left,0.687092796741741,0.687092796741741,46.599583163365025,46.599583163365025
fusion_hard_vote,42,1,3,bp,right,0.6901531627556541,0.6901531627556541,46.35776575047101,46.35776575047101
fusion_hard_vote,42,1,3,erd,left,0.8389755762036083,0.5875145080053329,28.154063363867547,54.01917218050243
fusion_hard_vote,42,1,3,erd,right,0.7294709297064387,0.35902913295596284,38.697715404045645,68.95941627322594
fusion_hard_vote,42,1,4,bp,left,0.8230888158156825,0.8230888158156825,34.60479780708338,34.60479780708338
fusion_hard_vote,42,1,4,bp,right,0.7578965972974616,0.7578965972974616,40.720884195200895,40.720884195200895
fusion_hard_vote,42,1,4,erd,left,0.6122886390262173,0.1909383499353935,46.53506494644165,78.99244971476692
fusion_hard_vote,42,1,4,erd,right,0.5539351618964136,0.14048483119716274,52.85919212731798,81.92409769858003
fusion_hard_vote,42,1,5,bp,left,0.6008542278060809,0.6008542278060809,53.06889826535644,53.06889826535644
fusion_hard_vote,42,1,5,bp,right,0.19123229745537754,0.19123229745537754,78.97529159715326,78.97529159715326
fusion_hard_vote,42,1,5,erd,left,0.8050004000644302,0.6540545565661967,32.963923686626906,49.15199975358433
fusion_hard_vote,42,1,5,erd,right,0.4453236670073482,0.013333668768942836,60.69851892256523,89.23601441522484
fusion_hard_vote,42,2,3,bp,left,0.6878999665304374,0.6878999665304374,46.53589794194804,46.53589794194804
fusion_hard_vote,42,2,3,bp,right,0.8334651035883387,0.8334651035883387,33.54364906082823,33.54364906082823
fusion_hard_vote,42,2,3,erd,left,0.6357786595050442,0.06523001877048917,43.75446088786516,86.25993972410076
fusion_hard_vote,42,2,3,erd,right,0.7499874308452082,0.5232104867909692,38.07445657611122,58.452147954691625
fusion_hard_vote,42,2,4,bp,left,0.8004963399746877,0.8004963399746877,36.82247449639456,36.82247449639456
fusion_hard_vote,42,2,4,bp,right,0.5850192652414691,0.5850192652414691,54.19564897584115,54.19564897584115
fusion_hard_vote,42,2,4,erd,left,0.6991940207708032,0.31179940642236964,40.36101756063806,71.8322954147766
fusion_hard_vote,42,2,4,erd,right,0.48760230097899626,0.08051336078136088,58.249623048390134,85.38192566979963
fusion_hard_vote,42,2,5,bp,left,0.6828082406836157,0.6828082406836157,46.93651945103388,46.93651945103388
fusion_hard_vote,42,2,5,bp,right,0.5112214818767544,0.5112214818767544,59.2547736632468,59.2547736632468
fusion_hard_vote,42,2,5,erd,left,0.6733216524316413,0.16222800793199985,41.13262173278931,80.66375850593121
fusion_hard_vote,42,2,5,erd,right,0.6685756995040784,0.3436016299803368,43.91669290619976,69.90354258284428
fusion_hard_vote,42,3,4,bp,left,0.8863466971989831,0.8863466971989831,27.5822953810222,27.5822953810222
fusion_hard_vote,42,3,4,bp,right,0.8149465060708706,0.8149465060708706,35.41792712558991,35.41792712558991
fusion_hard_vote,42,3,4,erd,left,0.6689121838614399,0.3820757214728658,45.337763780706005,67.53768297532349
fusion_hard_vote,42,3,4,erd,right,0.5137740758342546,0.05484312299732448,55.6641357433028,86.85614317305492
fusion_hard_vote,42,3,5,bp,left,0.5397081486357403,0.5397081486357403,57.33622652982335,57.33622652982335
fusion_hard_vote,42,3,5,bp,right,0.26313934648319226,0.26313934648319226,74.74357827036756,74.74357827036756
fusion_hard_vote,42,3,5,erd,left,0.8002603497254738,0.6162667882949502,35.10820983863983,51.95597484546326
fusion_hard_vote,42,3,5,erd,right,0.6206716474241794,0.411447983911735,49.36790737741211,65.70417260654375
fusion_hard_vote,42,4,5,bp,left,0.5940394575771569,0.5940394575771569,53.555812539983485,53.555812539983485
fusion_hard_vote,42,4,5,bp,right,0.03308231368136882,0.03308231368136882,88.10417713167126,88.10417713167126
fusion_hard_vote,42,4,5,erd,left,0.7736637226742286,0.5034880483415415,35.50838170856439,59.7689630170371
fusion_hard_vote,42,4,5,erd,right,0.4373834265690128,0.08738881883890327,61.25111666109916,84.98659457517589
fusion_hard_vote,43,1,2,bp,left,0.8995157763214384,0.8995157763214384,25.905508987066334,25.905508987066334
fusion_hard_vote,43,1,2,bp,right,0.6722567149020734,0.6722567149020734,47.75852101730044,47.75852101730044
fusion_hard_vote,43,1,2,erd,left,0.628688849313077,0.09373366848810503,43.534188350723234,84.62156087425305
fusion_hard_vote,43,1,2,erd,right,0.6692127651239899,0.3925570567032044,46.214211139715644,66.88629920881729
fusion_hard_vote,43,1,3,bp,left,0.5348725093618736,0.5348725093618736,57.66473427386698,57.66473427386698
fusion_hard_vote,43,1,3,bp,right,0.42588936543601447,0.42588936543601447,64.79302966377516,64.79302966377516
fusion_hard_vote,43,1,3,erd,left,0.8165250057197464,0.6471921359244152,32.10898217161795,49.669766038566394
fusion_hard_vote,43,1,3,erd,right,0.8498250705878344,0.7675034611333077,30.263236678437703,39.86977188337524
fusion_hard_vote,43,1,4,bp,left,0.775197955951903,0.775197955951903,39.17701660958904,39.17701660958904
fusion_hard_vote,43,1,4,bp,right,0.5951635418839214,0.5951635418839214,53.4757084930615,53.4757084930615
fusion_hard_vote,43,1,4,erd,left,0.6714198532655531,0.17216844221411381,41.700073630594254,80.08607913533432
fusion_hard_vote,43,1,4,erd,right,0.5183060355559168,0.08319885213378235,56.0824816740809,85.22754020869465
fusion_hard_vote,43,1,5,bp,left,0.720331571981485,0.720331571981485,43.91813757810276,43.91813757810276
fusion_hard_vote,43,1,5,bp,right,0.5106889723004443,0.5106889723004443,59.290267255884274,59.290267255884274
fusion_hard_vote,43,1,5,erd,left,0.7502545096455197,0.5454629604433943,37.7881489105699,56.943693593594695
fusion_hard_vote,43,1,5,erd,right,0.722846765093354,0.4483116627575635,41.504405151767145,63.36458652009421
fusion_hard_vote,43,2,3,bp,left,0.5411729458748127,0.5411729458748127,57.23647789851114,57.23647789851114
fusion_hard_vote,43,2,3,bp,right,0.874359557164392,0.874359557164392,29.030730183553498,29.030730183553498
fusion_hard_vote,43,2,3,erd,left,0.8158701827126045,0.5797244787022966,32.12764097674775,54.56883372753808
fusion_hard_vote,43,2,3,erd,right,0.6117385674393968,0.36074336906587323,48.98429564564884,68.8541441237147
fusion_hard_vote,43,2,4,bp,left,0.7446893267922314,0.7446893267922314,41.86757860893716,41.86757860893716
fusion_hard_vote,43,2,4,bp,right,0.5186193552154673,0.5186193552154673,58.76031393757676,58.76031393757676
fusion_hard_vote,43,2,4,erd,left,0.8734465539369282,0.6940104584296277,25.095756022043332,46.05158410417231
fusion_hard_vote,43,2,4,erd,right,0.6474318108540454,0.283152498647438,45.25088161968705,73.55155385826659
fusion_hard_vote,43,2,5,bp,left,0.7706432573715994,0.7706432573715994,39.588312008418356,39.588312008418356
fusion_hard_vote,43,2,5,bp,right,0.801963185964726,0.801963185964726,36.682016131297395,36.682016131297395
fusion_hard_vote,43,2,5,erd,left,0.877873511826332,0.7192548976867806,24.691263500438925,44.00700237129272
fusion_hard_vote,43,2,5,erd,right,0.5312232537121941,0.08750588075074561,54.0924894496921,84.97986162872508
fusion_hard_vote,43,3,4,bp,left,0.6807330681558138,0.6807330681558138,47.099045833486166,47.099045833486166
fusion_hard_vote,43,3,4,bp,right,0.49865005069194285,0.49865005069194285,60.089271810671754,60.089271810671754
fusion_hard_vote,43,3,4,erd,left,0.7341144517511365,0.3353444953741014,37.03869825602675,70.40651211420276
fusion_hard_vote,43,3,4,erd,right,0.5171939402401757,0.09098182286108775,55.65718671817431,84.77990685425691
fusion_hard_vote,43,3,5,bp,left,0.38655184902199147,0.38655184902199147,67.25988521141957,67.25988521141957
fusion_hard_vote,43,3,5,bp,right,0.7973457863746587,0.7973457863746587,37.12261408756188,37.12261408756188
fusion_hard_vote,43,3,5,erd,left,0.9315398640188269,0.8825613341004814,20.581676751562508,28.04710381821448
fusion_hard_vote,43,3,5,erd,right,0.6554733342889478,0.38658325368962587,47.21068780695319,67.25793418592212
fusion_hard_vote,43,4,5,bp,left,0.7603280691590807,0.7603280691590807,40.50687171819538,40.50687171819538
fusion_hard_vote,43,4,5,bp,right,0.6639335016124569,0.6639335016124569,48.3994415224246,48.3994415224246
fusion_hard_vote,43,4,5,erd,left,0.7224448709132846,0.3213054818448118,37.323297829483955,71.25810672522388
fusion_hard_vote,43,4,5,erd,right,0.46981750231704716,0.047291412329114366,57.48194410608057,87.2893906558026
fusion_hard_vote,44,1,2,bp,left,0.8525476950750388,0.8525476950750388,31.510138467341974,31.510138467341974
fusion_hard_vote,44,1,2,bp,right,0.45119704530224913,0.45119704530224913,63.17948889486015,63.17948889486015
fusion_hard_vote,44,1,2,erd,left,0.6434036379877932,0.005768384924712053,40.088851998213414,89.66949405629946
fusion_hard_vote,44,1,2,erd,right,0.6585760665243197,0.3330564900088191,45.24526171889127,70.54560263547235
fusion_hard_vote,44,1,3,bp,left,0.9179144649950309,0.9179144649950309,23.376929549167336,23.376929549167336
fusion_hard_vote,44,1,3,bp,right,0.07408170062013815,0.07408170062013815,85.7515391604719,85.7515391604719
fusion_hard_vote,44,1,3,erd,left,0.9019516671706992,0.7513746249546767,21.89051880545344,41.290407149763695
fusion_hard_vote,44,1,3,erd,right,0.6145469248455182,0.1120391524027282,47.0756004653152,83.56712284300727
fusion_hard_vote,44,1,4,bp,left,0.9030520537809886,0.9030520537809886,25.437807900412924,25.437807900412924
fusion_hard_vote,44,1,4,bp,right,0.10675927390696704,0.10675927390696704,83.87146465772561,83.87146465772561
fusion_hard_vote,44,1,4,erd,left,0.6678461315378454,0.061898223306772734,37.897105915688556,86.4512244564089
fusion_hard_vote,44,1,4,erd,right,0.7388093323813165,0.41502230605720214,38.465977901946495,65.47927879030063
fusion_hard_vote,44,1,5,bp,left,0.5541421591439577,0.5541421591439577,56.34835085748091,56.34835085748091
fusion_hard_vote,44,1,5,bp,right,0.6025893750809271,0.6025893750809271,52.944426056873425,52.944426056873425
fusion_hard_vote,44,1,5,erd,left,0.7019963713755834,0.24669002670486234,39.138883175964615,75.71826892493321
fusion_hard_vote,44,1,5,erd,right,0.47723076532174274,0.015655159546794712,59.19882954093623,89.102988787301
fusion_hard_vote,44,2,3,bp,left,0.7424338894689505,0.7424338894689505,42.06083959619907,42.06083959619907
fusion_hard_vote,44,2,3,bp,right,0.10234128146435535,0.10234128146435535,84.12599210527962,84.12599210527962
fusion_hard_vote,44,2,3,erd,left,0.7785132499318467,0.4226510952890447,32.27390651510067,64.99792428172388
fusion_hard_vote,44,2,3,erd,right,0.7755274526724917,0.5233913825433752,36.367482469175464,58.43998508653691
fusion_hard_vote,44,2,4,bp,left,0.6959544881795756,0.6959544881795756,45.89667353890295,45.89667353890295
fusion_hard_vote,44,2,4,bp,right,0.15592400979824386,0.15592400979824386,81.02961028714849,81.02961028714849
fusion_hard_vote,44,2,4,erd,left,0.8021618837814347,0.5735059424387844,33.67030295607773,55.00493056448254
fusion_hard_vote,44,2,4,erd,right,0.7643897850241905,0.5646775294962626,37.520739536421125,55.62009862056922
fusion_hard_vote,44,2,5,bp,left,0.6350584844090941,0.6350584844090941,50.57567771877983,50.57567771877983
fusion_hard_vote,44,2,5,bp,right,0.3482919566831344,0.3482919566831344,69.61712090944663,69.61712090944663
fusion_hard_vote,44,2,5,erd,left,0.8325863754596541,0.6673207249779801,30.38273333307967,48.139387657151886
fusion_hard_vote,44,2,5,erd,right,0.5812858212666302,0.25240467094995694,51.83700188099156,75.38014602839793
fusion_hard_vote,44,3,4,bp,left,0.9083718677420767,0.9083718677420767,24.718683472497137,24.718683472497137
fusion_hard_vote,44,3,4,bp,right,0.04970311304141624,0.04970311304141624,87.15104756355775,87.15104756355775
fusion_hard_vote,44,3,4,erd,left,0.6906468625285577,0.11341288680928835,35.62046338770211,83.48790875084032
fusion_hard_vote,44,3,4,erd,right,0.5296890819494072,0.0062328273555290505,53.172475674100816,89.64288298584728
fusion_hard_vote,44,3,5,bp,left,0.44906695376612643,0.44906695376612643,63.316163582247654,63.316163582247654
fusion_hard_vote,44,3,5,bp,right,0.30475674611406717,0.30475674611406717,72.25647022664566,72.25647022664566
fusion_hard_vote,44,3,5,erd,left,0.654909380450616,0.033953957171433916,39.248939204987494,88.05420755943136
fusion_hard_vote,44,3,5,erd,right,0.5697315526412665,0.1840489345649212,51.674596969728576,79.39431173111805
fusion_hard_vote,44,4,5,bp,left,0.32296859596151123,0.32296859596151123,71.15745167510845,71.15745167510845
fusion_hard_vote,44,4,5,bp,right,0.6492010917526863,0.6492010917526863,49.51860533537055,49.51860533537055
fusion_hard_vote,44,4,5,erd,left,0.9282405687885475,0.8438238660825508,20.027885095290635,32.453859023828905
fusion_hard_vote,44,4,5,erd,right,0.5810473534146571,0.340748928429451,53.07691203195352,70.07749060337215
fusion_soft_vote,42,1,2,bp,left,0.7003604083662519,0.7003604083662519,45.54407322916083,45.54407322916083
fusion_soft_vote,42,1,2,bp,right,0.5186997877590347,0.5186997877590347,58.75492382234655,58.75492382234655
fusion_soft_vote,42,1,2,erd,left,0.802337814184538,0.5476165193663105,33.29663005811438,56.796350594517186
fusion_soft_vote,42,1,2,erd,right,0.6541105623720552,0.3283376690969119,46.99814522406897,70.83209020629029
fusion_soft_vote,42,1,3,bp,left,0.687092796741741,0.687092796741741,46.599583163365025,46.599583163365025
fusion_soft_vote,42,1,3,bp,right,0.6901531627556541,0.6901531627556541,46.35776575047101,46.35776575047101
fusion_soft_vote,42,1,3,erd,left,0.8389755762036083,0.5875145080053329,28.154063363867547,54.01917218050243
fusion_soft_vote,42,1,3,erd,right,0.7294709297064387,0.35902913295596284,38.697715404045645,68.95941627322594
fusion_soft_vote,42,1,4,bp,left,0.8230888158156825,0.8230888158156825,34.60479780708338,34.60479780708338
fusion_soft_vote,42,1,4,bp,right,0.7578965972974616,0.7578965972974616,40.720884195200895,40.720884195200895
fusion_soft_vote,42,1,4,erd,left,0.6122886390262173,0.1909383499353935,46.53506494644165,78.99244971476692
fusion_soft_vote,42,1,4,erd,right,0.5539351618964136,0.14048483119716274,52.85919212731798,81.92409769858003
fusion_soft_vote,42,1,5,bp,left,0.6008542278060809,0.6008542278060809,53.06889826535644,53.06889826535644
fusion_soft_vote,42,1,5,bp,right,0.19123229745537754,0.19123229745537754,78.97529159715326,78.97529159715326
fusion_soft_vote,42,1,5,erd,left,0.8050004000644302,0.6540545565661967,32.963923686626906,49.15199975358433
fusion_soft_vote,42,1,5,erd,right,0.4453236670073482,0.013333668768942836,60.69851892256523,89.23601441522484
fusion_soft_vote,42,2,3,bp,left,0.6878999665304374,0.6878999665304374,46.53589794194804,46.53589794194804
fusion_soft_vote,42,2,3,bp,right,0.8334651035883387,0.8334651035883387,33.54364906082823,33.54364906082823
fusion_soft_vote,42,2,3,erd,left,0.6357786595050442,0.06523001877048917,43.75446088786516,86.25993972410076
fusion_soft_vote,42,2,3,erd,right,0.7499874308452082,0.5232104867909692,38.07445657611122,58.452147954691625
fusion_soft_vote,42,2,4,bp,left,0.8004963399746877,0.8004963399746877,36.82247449639456,36.82247449639456
fusion_soft_vote,42,2,4,bp,right,0.5850192652414691,0.5850192652414691,54.19564897584115,54.19564897584115
fusion_soft_vote,42,2,4,erd,left,0.6991940207708032,0.31179940642236964,40.36101756063806,71.8322954147766
fusion_soft_vote,42,2,4,erd,right,0.48760230097899626,0.08051336078136088,58.249623048390134,85.38192566979963
fusion_soft_vote,42,2,5,bp,left,0.6828082406836157,0.6828082406836157,46.93651945103388,46.93651945103388
fusion_soft_vote,42,2,5,bp,right,0.5112214818767544,0.5112214818767544,59.2547736632468,59.2547736632468
fusion_soft_vote,42,2,5,erd,left,0.6733216524316413,0.16222800793199985,41.13262173278931,80.66375850593121
fusion_soft_vote,42,2,5,erd,right,0.6685756995040784,0.3436016299803368,43.91669290619976,69.90354258284428
fusion_soft_vote,42,3,4,bp,left,0.8863466971989831,0.8863466971989831,27.5822953810222,27.5822953810222
fusion_soft_vote,42,3,4,bp,right,0.8149465060708706,0.8149465060708706,35.41792712558991,35.41792712558991
fusion_soft_vote,42,3,4,erd,left,0.6689121838614399,0.3820757214728658,45.337763780706005,67.53768297532349
fusion_soft_vote,42,3,4,erd,right,0.5137740758342546,0.05484312299732448,55.6641357433028,86.85614317305492
fusion_soft_vote,42,3,5,bp,left,0.5397081486357403,0.5397081486357403,57.33622652982335,57.33622652982335
fusion_soft_vote,42,3,5,bp,right,0.26313934648319226,0.26313934648319226,74.74357827036756,74.74357827036756
fusion_soft_vote,42,3,5,erd,left,0.8002603497254738,0.6162667882949502,35.10820983863983,51.95597484546326
fusion_soft_vote,42,3,5,erd,right,0.6206716474241794,0.411447983911735,49.36790737741211,65.70417260654375
fusion_soft_vote,42,4,5,bp,left,0.5940394575771569,0.5940394575771569,53.555812539983485,53.555812539983485
fusion_soft_vote,42,4,5,bp,right,0.03308231368136882,0.03308231368136882,88.10417713167126,88.10417713167126
fusion_soft_vote,42,4,5,erd,left,0.7736637226742286,0.5034880483415415,35.50838170856439,59.7689630170371
fusion_soft_vote,42,4,5,erd,right,0.4373834265690128,0.08738881883890327,61.25111666109916,84.98659457517589
fusion_soft_vote,43,1,2,bp,left,0.8995157763214384,0.8995157763214384,25.905508987066334,25.905508987066334
fusion_soft_vote,43,1,2,bp,right,0.6722567149020734,0.6722567149020734,47.75852101730044,47.75852101730044
fusion_soft_vote,43,1,2,erd,left,0.628688849313077,0.09373366848810503,43.534188350723234,84.62156087425305
fusion_soft_vote,43,1,2,erd,right,0.6692127651239899,0.3925570567032044,46.214211139715644,66.88629920881729
fusion_soft_vote,43,1,3,bp,left,0.5348725093618736,0.5348725093618736,57.66473427386698,57.66473427386698
fusion_soft_vote,43,1,3,bp,right,0.42588936543601447,0.42588936543601447,64.79302966377516,64.79302966377516
fusion_soft_vote,43,1,3,erd,left,0.8165250057197464,0.6471921359244152,32.10898217161795,49.669766038566394
fusion_soft_vote,43,1,3,erd,right,0.8498250705878344,0.7675034611333077,30.263236678437703,39.86977188337524
fusion_soft_vote,43,1,4,bp,left,0.775197955951903,0.775197955951903,39.17701660958904,39.17701660958904
fusion_soft_vote,43,1,4,bp,right,0.5951635418839214,0.5951635418839214,53.4757084930615,53.4757084930615
fusion_soft_vote,43,1,4,erd,left,0.6714198532655531,0.17216844221411381,41.700073630594254,80.08607913533432
fusion_soft_vote,43,1,4,erd,right,0.5183060355559168,0.08319885213378235,56.0824816740809,85.22754020869465
fusion_soft_vote,43,1,5,bp,left,0.720331571981485,0.720331571981485,43.91813757810276,43.91813757810276
fusion_soft_vote,43,1,5,bp,right,0.5106889723004443,0.5106889723004443,59.290267255884274,59.290267255884274
fusion_soft_vote,43,1,5,erd,left,0.7502545096455197,0.5454629604433943,37.7881489105699,56.943693593594695
fusion_soft_vote,43,1,5,erd,right,0.722846765093354,0.4483116627575635,41.504405151767145,63.36458652009421
fusion_soft_vote,43,2,3,bp,left,0.5411729458748127,0.5411729458748127,57.23647789851114,57.23647789851114
fusion_soft_vote,43,2,3,bp,right,0.874359557164392,0.874359557164392,29.030730183553498,29.030730183553498
fusion_soft_vote,43,2,3,erd,left,0.8158701827126045,0.5797244787022966,32.12764097674775,54.56883372753808
fusion_soft_vote,43,2,3,erd,right,0.6117385674393968,0.36074336906587323,48.98429564564884,68.8541441237147
fusion_soft_vote,43,2,4,bp,left,0.7446893267922314,0.7446893267922314,41.86757860893716,41.86757860893716
fusion_soft_vote,43,2,4,bp,right,0.5186193552154673,0.5186193552154673,58.76031393757676,58.76031393757676
fusion_soft_vote,43,2,4,erd,left,0.8734465539369282,0.6940104584296277,25.095756022043332,46.05158410417231
fusion_soft_vote,43,2,4,erd,right,0.6474318108540454,0.283152498647438,45.25088161968705,73.55155385826659
fusion_soft_vote,43,2,5,bp,left,0.7706432573715994,0.7706432573715994,39.588312008418356,39.588312008418356
fusion_soft_vote,43,2,5,bp,right,0.801963185964726,0.801963185964726,36.682016131297395,36.682016131297395
fusion_soft_vote,43,2,5,erd,left,0.877873511826332,0.7192548976867806,24.691263500438925,44.00700237129272
fusion_soft_vote,43,2,5,erd,right,0.5312232537121941,0.08750588075074561,54.0924894496921,84.97986162872508
fusion_soft_vote,43,3,4,bp,left,0.6807330681558138,0.6807330681558138,47.099045833486166,47.099045833486166
fusion_soft_vote,43,3,4,bp,right,0.49865005069194285,0.49865005069194285,60.089271810671754,60.089271810671754
fusion_soft_vote,43,3,4,erd,left,0.7341144517511365,0.3353444953741014,37.03869825602675,70.40651211420276
fusion_soft_vote,43,3,4,erd,right,0.5171939402401757,0.09098182286108775,55.65718671817431,84.77990685425691
fusion_soft_vote,43,3,5,bp,left,0.38655184902199147,0.38655184902199147,67.25988521141957,67.25988521141957
fusion_soft_vote,43,3,5,bp,right,0.7973457863746587,0.7973457863746587,37.12261408756188,37.12261408756188
fusion_soft_vote,43,3,5,erd,left,0.9315398640188269,0.8825613341004814,20.581676751562508,28.04710381821448
fusion_soft_vote,43,3,5,erd,right,0.6554733342889478,0.38658325368962587,47.21068780695319,67.25793418592212
fusion_soft_vote,43,4,5,bp,left,0.7603280691590807,0.7603280691590807,40.50687171819538,40.50687171819538
fusion_soft_vote,43,4,5,bp,right,0.6639335016124569,0.6639335016124569,48.3994415224246,48.3994415224246
fusion_soft_vote,43,4,5,erd,left,0.7224448709132846,0.3213054818448118,37.323297829483955,71.25810672522388
fusion_soft_vote,43,4,5,erd,right,0.46981750231704716,0.047291412329114366,57.48194410608057,87.2893906558026
fusion_soft_vote,44,1,2,bp,left,0.8525476950750388,0.8525476950750388,31.510138467341974,31.510138467341974
fusion_soft_vote,44,1,2,bp,right,0.45119704530224913,0.45119704530224913,63.17948889486015,63.17948889486015
fusion_soft_vote,44,1,2,erd,left,0.6434036379877932,0.005768384924712053,40.088851998213414,89.66949405629946
fusion_soft_vote,44,1,2,erd,right,0.6585760665243197,0.3330564900088191,45.24526171889127,70.54560263547235
fusion_soft_vote,44,1,3,bp,left,0.9179144649950309,0.9179144649950309,23.376929549167336,23.376929549167336
fusion_soft_vote,44,1,3,bp,right,0.07408170062013815,0.07408170062013815,85.7515391604719,85.7515391604719
fusion_soft_vote,44,1,3,erd,left,0.9019516671706992,0.7513746249546767,21.89051880545344,41.290407149763695
fusion_soft_vote,44,1,3,erd,right,0.6145469248455182,0.1120391524027282,47.0756004653152,83.56712284300727
fusion_soft_vote,44,1,4,bp,left,0.9030520537809886,0.9030520537809886,25.437807900412924,25.437807900412924
fusion_soft_vote,44,1,4,bp,right,0.10675927390696704,0.10675927390696704,83.87146465772561,83.87146465772561
fusion_soft_vote,44,1,4,erd,left,0.6678461315378454,0.061898223306772734,37.897105915688556,86.4512244564089
fusion_soft_vote,44,1,4,erd,right,0.7388093323813165,0.41502230605720214,38.465977901946495,65.47927879030063
fusion_soft_vote,44,1,5,bp,left,0.5541421591439577,0.5541421591439577,56.34835085748091,56.34835085748091
fusion_soft_vote,44,1,5,bp,right,0.6025893750809271,0.6025893750809271,52.944426056873425,52.944426056873425
fusion_soft_vote,44,1,5,erd,left,0.7019963713755834,0.24669002670486234,39.138883175964615,75.71826892493321
fusion_soft_vote,44,1,5,erd,right,0.47723076532174274,0.015655159546794712,59.19882954093623,89.102988787301
fusion_soft_vote,44,2,3,bp,left,0.7424338894689505,0.7424338894689505,42.06083959619907,42.06083959619907
fusion_soft_vote,44,2,3,bp,right,0.10234128146435535,0.10234128146435535,84.12599210527962,84.12599210527962
fusion_soft_vote,44,2,3,erd,left,0.7785132499318467,0.4226510952890447,32.27390651510067,64.99792428172388
fusion_soft_vote,44,2,3,erd,right,0.7755274526724917,0.5233913825433752,36.367482469175464,58.43998508653691
fusion_soft_vote,44,2,4,bp,left,0.6959544881795756,0.6959544881795756,45.89667353890295,45.89667353890295
fusion_soft_vote,44,2,4,bp,right,0.15592400979824386,0.15592400979824386,81.02961028714849,81.02961028714849
fusion_soft_vote,44,2,4,erd,left,0.8021618837814347,0.5735059424387844,33.67030295607773,55.00493056448254
fusion_soft_vote,44,2,4,erd,right,0.7643897850241905,0.5646775294962626,37.520739536421125,55.62009862056922
fusion_soft_vote,44,2,5,bp,left,0.6350584844090941,0.6350584844090941,50.57567771877983,50.57567771877983
fusion_soft_vote,44,2,5,bp,right,0.3482919566831344,0.3482919566831344,69.61712090944663,69.61712090944663
fusion_soft_vote,44,2,5,erd,left,0.8325863754596541,0.6673207249779801,30.38273333307967,48.139387657151886
fusion_soft_vote,44,2,5,erd,right,0.5812858212666302,0.25240467094995694,51.83700188099156,75.38014602839793
fusion_soft_vote,44,3,4,bp,left,0.9083718677420767,0.9083718677420767,24.718683472497137,24.718683472497137
fusion_soft_vote,44,3,4,bp,right,0.04970311304141624,0.04970311304141624,87.15104756355775,87.15104756355775
fusion_soft_vote,44,3,4,erd,left,0.6906468625285577,0.11341288680928835,35.62046338770211,83.48790875084032
fusion_soft_vote,44,3,4,erd,right,0.5296890819494072,0.0062328273555290505,53.172475674100816,89.64288298584728
fusion_soft_vote,44,3,5,bp,left,0.44906695376612643,0.44906695376612643,63.316163582247654,63.316163582247654
fusion_soft_vote,44,3,5,bp,right,0.30475674611406717,0.30475674611406717,72.25647022664566,72.25647022664566
fusion_soft_vote,44,3,5,erd,left,0.654909380450616,0.033953957171433916,39.248939204987494,88.05420755943136
fusion_soft_vote,44,3,5,erd,right,0.5697315526412665,0.1840489345649212,51.674596969728576,79.39431173111805
fusion_soft_vote,44,4,5,bp,left,0.32296859596151123,0.32296859596151123,71.15745167510845,71.15745167510845
fusion_soft_vote,44,4,5,bp,right,0.6492010917526863,0.6492010917526863,49.51860533537055,49.51860533537055
fusion_soft_vote,44,4,5,erd,left,0.9282405687885475,0.8438238660825508,20.027885095290635,32.453859023828905
fusion_soft_vote,44,4,5,erd,right,0.5810473534146571,0.340748928429451,53.07691203195352,70.07749060337215
trial_trace_normalized,42,1,2,bp,left,0.5894361262266279,0.5894361262266279,53.882995787863834,53.882995787863834
trial_trace_normalized,42,1,2,bp,right,0.7281505049967341,0.7281505049967341,43.268432372562636,43.268432372562636
trial_trace_normalized,42,1,2,erd,left,0.8572665719132616,0.6618618709595139,27.667564331522204,48.55797529481887
trial_trace_normalized,42,1,2,erd,right,0.6746779636960918,0.24533233881499336,43.00226540240104,75.79852523653202
trial_trace_normalized,42,1,3,bp,left,0.6876098248155401,0.6876098248155401,46.558797669195336,46.558797669195336
trial_trace_normalized,42,1,3,bp,right,0.7441162263713218,0.7441162263713218,41.91675446991721,41.91675446991721
trial_trace_normalized,42,1,3,erd,left,0.7917740221747058,0.4399251670210553,30.841539358877498,63.90089340271508
trial_trace_normalized,42,1,3,erd,right,0.697429443661146,0.2939489354665744,41.241323636884005,72.90547835230291
trial_trace_normalized,42,1,4,bp,left,0.2159167831375882,0.2159167831375882,77.5306814956324,77.5306814956324
trial_trace_normalized,42,1,4,bp,right,0.7571193383253395,0.7571193383253395,40.789100959800855,40.789100959800855
trial_trace_normalized,42,1,4,erd,left,0.7060940186737996,0.24553574849001367,37.71492739676672,75.78650299997356
trial_trace_normalized,42,1,4,erd,right,0.6227478367724935,0.17503499633227046,46.56462564775486,79.91930531618155
trial_trace_normalized,42,1,5,bp,left,0.6052548811557861,0.6052548811557861,52.752814839312606,52.752814839312606
trial_trace_normalized,42,1,5,bp,right,0.4313027212625172,0.4313027212625172,64.44973745087293,64.44973745087293
trial_trace_normalized,42,1,5,erd,left,0.8284137950101321,0.5912865931005026,29.28460074975099,53.75163799896277
trial_trace_normalized,42,1,5,erd,right,0.6107125732261504,0.19990700232498693,49.16478088790891,78.46847916374172
trial_trace_normalized,42,2,3,bp,left,0.6582064057646342,0.6582064057646342,48.83677386507545,48.83677386507545
trial_trace_normalized,42,2,3,bp,right,0.8693568642238088,0.8693568642238088,29.616011221894762,29.616011221894762
trial_trace_normalized,42,2,3,erd,left,0.6676465463393378,0.12953518755307986,40.91068445883347,82.55726658240991
trial_trace_normalized,42,2,3,erd,right,0.5903025231622129,0.0032289821706536436,47.021849932693875,89.81499262800642
trial_trace_normalized,42,2,4,bp,left,0.37146824222448066,0.37146824222448066,68.19380388700192,68.19380388700192
trial_trace_normalized,42,2,4,bp,right,0.7856486509081295,0.7856486509081295,38.21928960150024,38.21928960150024
trial_trace_normalized,42,2,4,erd,left,0.6932802475369443,0.17481493433801,37.81042534576274,79.93211138668765
trial_trace_normalized,42,2,4,erd,right,0.6775995687757662,0.44589009946572655,44.75658594355909,63.51969885528474
trial_trace_normalized,42,2,5,bp,left,0.615130202228779,0.615130202228779,52.03861837635224,52.03861837635224
trial_trace_normalized,42,2,5,bp,right,0.6070212607873074,0.6070212607873074,52.625569030886695,52.625569030886695
trial_trace_normalized,42,2,5,erd,left,0.6609171892752902,0.08135929551660456,40.151136504364004,85.33329764300211
trial_trace_normalized,42,2,5,erd,right,0.7885296021108292,0.5304572163604361,33.89485040107899,57.96364769899326
trial_trace_normalized,42,3,4,bp,left,0.7135887782714455,0.7135887782714455,44.47233651273372,44.47233651273372
trial_trace_normalized,42,3,4,bp,right,0.8797482240354343,0.8797482240354343,28.387993256080126,28.387993256080126
trial_trace_normalized,42,3,4,erd,left,0.8208436256790125,0.6861290999702082,32.87230406522305,46.67553071637425
trial_trace_normalized,42,3,4,erd,right,0.5732293338332023,0.07825095677300463,50.889117559025856,85.51196226143561
trial_trace_normalized,42,3,5,bp,left,0.6217599972088319,0.6217599972088319,51.555226988769164,51.555226988769164
trial_trace_normalized,42,3,5,bp,right,0.4002548716585271,0.4002548716585271,66.40588729857109,66.40588729857109
trial_trace_normalized,42,3,5,erd,left,0.8376738488238237,0.7361673279231634,32.21339792123844,42.594053964264894
trial_trace_normalized,42,3,5,erd,right,0.6146937100591118,0.3511888272741098,50.415477754229755,69.43995365241717
trial_trace_normalized,42,4,5,bp,left,0.4772850886134002,0.4772850886134002,61.49176351494537,61.49176351494537
trial_trace_normalized,42,4,5,bp,right,0.2639893189027608,0.2639893189027608,74.69309338238175,74.69309338238175
trial_trace_normalized,42,4,5,erd,left,0.8154630192059771,0.5594609077008331,30.76547488351117,55.98147588656215
trial_trace_normalized,42,4,5,erd,right,0.5450446853110033,0.3010707060433343,55.816629184277524,72.47807644461213
trial_trace_normalized,43,1,2,bp,left,0.8096427604881443,0.8096427604881443,35.93895717684255,35.93895717684255
trial_trace_normalized,43,1,2,bp,right,0.7169525848291569,0.7169525848291569,44.19655004298356,44.19655004298356
trial_trace_normalized,43,1,2,erd,left,0.5981483974919207,0.014800167072492735,45.124535370561716,89.15198192972409
trial_trace_normalized,43,1,2,erd,right,0.68473514697719,0.387985188849455,44.36125439884622,67.17081007313446
trial_trace_normalized,43,1,3,bp,left,0.49732710177216455,0.49732710177216455,60.176680526833856,60.176680526833856
trial_trace_normalized,43,1,3,bp,right,0.6551196840982528,0.6551196840982528,49.07127434041944,49.07127434041944
trial_trace_normalized,43,1,3,erd,left,0.7968272410656172,0.5450688025881455,32.45538783269935,56.97063451528762
trial_trace_normalized,43,1,3,erd,right,0.8291370791565402,0.6304197788887663,30.89478790649436,50.91890014444045
trial_trace_normalized,43,1,4,bp,left,0.7181986994479631,0.7181986994479631,44.09403871620282,44.09403871620282
trial_trace_normalized,43,1,4,bp,right,0.6505675124056225,0.6505675124056225,49.41559644714242,49.41559644714242
trial_trace_normalized,43,1,4,erd,left,0.7316584220039465,0.39744469864507564,38.63576893050632,66.58146886292721
trial_trace_normalized,43,1,4,erd,right,0.6694749517828466,0.2773457905360247,44.370425230933506,73.89814313163392
trial_trace_normalized,43,1,5,bp,left,0.6988933134335094,0.6988933134335094,45.66171831895851,45.66171831895851
trial_trace_normalized,43,1,5,bp,right,0.49093425884865816,0.49093425884865816,60.59799378940736,60.59799378940736
trial_trace_normalized,43,1,5,erd,left,0.6895966652690211,0.32203443654638847,41.0957880438279,71.21399630924148
trial_trace_normalized,43,1,5,erd,right,0.644674779268006,0.22479514821489968,45.65211379598378,77.00916756227063
trial_trace_normalized,43,2,3,bp,left,0.39071432793437455,0.39071432793437455,67.00104572741459,67.00104572741459
trial_trace_normalized,43,2,3,bp,right,0.9388290350407101,0.9388290350407101,20.144171109256845,20.144171109256845
trial_trace_normalized,43,2,3,erd,left,0.8440122107682632,0.6150867839268792,28.326015381960598,52.0417735658829
trial_trace_normalized,43,2,3,erd,right,0.5967106565903301,0.18417930934295978,49.48649208490706,79.38671188626532
trial_trace_normalized,43,2,4,bp,left,0.71326251859509,0.71326251859509,44.499013375740226,44.499013375740226
trial_trace_normalized,43,2,4,bp,right,0.6387386229399459,0.6387386229399459,50.30217403248089,50.30217403248089
trial_trace_normalized,43,2,4,erd,left,0.9040569636724922,0.7442613682203619,20.38590586155005,41.90430477348882
trial_trace_normalized,43,2,4,erd,right,0.5728160142161896,0.1646397988055025,51.53469893625381,80.5236897055379
trial_trace_normalized,43,2,5,bp,left,0.7870775929216303,0.7870775929216303,38.08675941118388,38.08675941118388
trial_trace_normalized,43,2,5,bp,right,0.7838170033246924,0.7838170033246924,38.388602466280354,38.388602466280354
trial_trace_normalized,43,2,5,erd,left,0.9060901878622586,0.7792840738347345,21.645287960285938,38.804927463281565
trial_trace_normalized,43,2,5,erd,right,0.6717654867200821,0.41577508041279365,45.955094959321315,65.4318635252868
trial_trace_normalized,43,3,4,bp,left,0.6456233877192707,0.6456233877192707,49.78756895749847,49.78756895749847
trial_trace_normalized,43,3,4,bp,right,0.6851441986931,0.6851441986931,46.753051386293045,46.753051386293045
trial_trace_normalized,43,3,4,erd,left,0.7473832935814322,0.315700305869512,34.120464193179274,71.59690421167882
trial_trace_normalized,43,3,4,erd,right,0.5727053675687127,0.15736681166187488,52.178906561742245,80.94591054062765
trial_trace_normalized,43,3,5,bp,left,0.3560124843149607,0.3560124843149607,69.14449003516081,69.14449003516081
trial_trace_normalized,43,3,5,bp,right,0.8397720912895572,0.8397720912895572,32.88393915484099,32.88393915484099
trial_trace_normalized,43,3,5,erd,left,0.932726794357019,0.8783036019780162,20.10130440781617,28.56159983267103
trial_trace_normalized,43,3,5,erd,right,0.5694698886371145,0.26537738786117604,52.66165070950797,74.6106215544558
trial_trace_normalized,43,4,5,bp,left,0.7923725004205722,0.7923725004205722,37.59221860781705,37.59221860781705
trial_trace_normalized,43,4,5,bp,right,0.7019463804754136,0.7019463804754136,45.41662828083326,45.41662828083326
trial_trace_normalized,43,4,5,erd,left,0.7733940180889071,0.38829330477739615,31.654047676925558,67.15165455207209
trial_trace_normalized,43,4,5,erd,right,0.865931564507469,0.7002817612964009,27.02184943370722,45.550385877780826
trial_trace_normalized,44,1,2,bp,left,0.7834621263463886,0.7834621263463886,38.42133337185918,38.42133337185918
trial_trace_normalized,44,1,2,bp,right,0.5607757291596536,0.5607757291596536,55.89053842699746,55.89053842699746
trial_trace_normalized,44,1,2,erd,left,0.6571058391574344,0.03135485587734921,38.39732625618576,88.20320459592728
trial_trace_normalized,44,1,2,erd,right,0.6595320805474247,0.31317073151487845,45.777208852940056,71.74958220922527
trial_trace_normalized,44,1,3,bp,left,0.8654352905955054,0.8654352905955054,30.06755303003441,30.06755303003441
trial_trace_normalized,44,1,3,bp,right,0.0684542210800698,0.0684542210800698,86.07479238796599,86.07479238796599
trial_trace_normalized,44,1,3,erd,left,0.9109517135953568,0.7807949462181808,21.254943662907113,38.666582340697964
trial_trace_normalized,44,1,3,erd,right,0.6319301412210553,0.14658444913143073,46.40773057693135,81.57095808923468
trial_trace_normalized,44,1,4,bp,left,0.9020061158354861,0.9020061158354861,25.57697189638855,25.57697189638855
trial_trace_normalized,44,1,4,bp,right,0.23221909869888427,0.23221909869888427,76.57224534849088,76.57224534849088
trial_trace_normalized,44,1,4,erd,left,0.6704795475766637,0.05473171389925564,36.87399208437482,86.86253604600715
trial_trace_normalized,44,1,4,erd,right,0.5827584839912536,0.23392307670759105,52.66213924254188,76.47184965813297
trial_trace_normalized,44,1,5,bp,left,0.9193428452008273,0.9193428452008273,23.169801308319666,23.169801308319666
trial_trace_normalized,44,1,5,bp,right,0.6513149827520138,0.6513149827520138,49.359180539256904,49.359180539256904
trial_trace_normalized,44,1,5,erd,left,0.7107665370856382,0.18648948603928617,35.30376091978422,79.25201492190166
trial_trace_normalized,44,1,5,erd,right,0.4296755773418384,0.06932704126952915,62.645172725941,86.02466438001437
trial_trace_normalized,44,2,3,bp,left,0.6208544729993487,0.6208544729993487,51.62144049771842,51.62144049771842
trial_trace_normalized,44,2,3,bp,right,0.058840089958737164,0.058840089958737164,86.62676282077295,86.62676282077295
trial_trace_normalized,44,2,3,erd,left,0.7864026504343457,0.4086804373187583,30.02688788115182,65.87803114496116
trial_trace_normalized,44,2,3,erd,right,0.8290183642869544,0.6011247049913986,30.43322569151609,53.04950875425589
trial_trace_normalized,44,2,4,bp,left,0.5636932661322169,0.5636932661322169,55.688401499920694,55.688401499920694
trial_trace_normalized,44,2,4,bp,right,0.1966802555656667,0.1966802555656667,78.65710381185217,78.65710381185217
trial_trace_normalized,44,2,4,erd,left,0.8798002053235289,0.7421687033608463,26.21601561259177,42.083515033356804
trial_trace_normalized,44,2,4,erd,right,0.6160643122438102,0.024799607908682696,44.77891245022201,88.57894144449287
trial_trace_normalized,44,2,5,bp,left,0.7967370137126336,0.7967370137126336,37.18036982294257,37.18036982294257
trial_trace_normalized,44,2,5,bp,right,0.443447017128351,0.443447017128351,63.675977893046074,63.675977893046074
trial_trace_normalized,44,2,5,erd,left,0.8850311470859477,0.7422171815329139,24.708966274303492,42.07937052191853
trial_trace_normalized,44,2,5,erd,right,0.6484880982341863,0.3094943895651225,44.95743312666292,71.97123729117634
trial_trace_normalized,44,3,4,bp,left,0.8311470362284465,0.8311470362284465,33.783252727278395,33.783252727278395
trial_trace_normalized,44,3,4,bp,right,0.1684342256619366,0.1684342256619366,80.30320590406562,80.30320590406562
trial_trace_normalized,44,3,4,erd,left,0.7134855775328871,0.18790173363191154,34.618577812321945,79.16964297029745
trial_trace_normalized,44,3,4,erd,right,0.5696948399766154,0.014936972717066808,49.417526715031215,89.14414267709348
trial_trace_normalized,44,3,5,bp,left,0.795598683917576,0.795598683917576,37.28816053215422,37.28816053215422
trial_trace_normalized,44,3,5,bp,right,0.23111955473488974,0.23111955473488974,76.6370064324929,76.6370064324929
trial_trace_normalized,44,3,5,erd,left,0.6732818733823311,0.07452970223673581,37.45682578692302,85.72579940110326
trial_trace_normalized,44,3,5,erd,right,0.7480966179491516,0.5453371590511872,39.36476262081054,56.95229308825524
trial_trace_normalized,44,4,5,bp,left,0.7944733213900347,0.7944733213900347,37.394462203447674,37.394462203447674
trial_trace_normalized,44,4,5,bp,right,0.701736073144874,0.701736073144874,45.43354412723207,45.43354412723207
trial_trace_normalized,44,4,5,erd,left,0.9574866042075669,0.92600891229613,15.946614495461043,22.17901460134954
trial_trace_normalized,44,4,5,erd,right,0.587534452072542,0.030569044420152115,47.67388473969549,88.24824987341307
