pipeline,seed,source_index,true_label,predicted_label,score
current__logistic,42,0,0,1,2.5374528638389258
current__logistic,42,1,1,0,-2.494409196911542
current__logistic,42,2,0,0,-0.5154504546948533
current__logistic,42,3,1,0,-0.4776334611893367
current__logistic,42,4,0,0,-3.064069910368961
current__logistic,42,5,1,0,-1.5902462442970733
current__logistic,42,6,0,0,-1.9229836348009863
current__logistic,42,7,1,0,-1.3816495859588362
current__logistic,42,8,0,1,1.5630810363562149
current__logistic,42,9,0,0,-1.5848446295999614
current__logistic,42,10,1,0,-4.2310152296169505
current__logistic,42,11,1,1,1.855420093890434
current__logistic,42,12,0,0,-0.3477938049146595
current__logistic,42,13,0,0,-6.6493884612350005
current__logistic,42,14,1,0,-1.0938673339155511
current__logistic,42,15,1,1,0.4976926156194045
current__logistic,42,16,1,0,-1.1271072501520023
current__logistic,42,17,0,0,-4.994992389901077
current__logistic,42,18,0,1,0.6899038273590476
current__logistic,42,19,1,1,1.2157378925564697
current__logistic,42,20,0,0,-2.500666607850958
current__logistic,42,21,0,0,-5.306899726176557
current__logistic,42,22,1,1,3.6622451369348297
current__logistic,42,23,0,0,-0.6658858482735752
current__logistic,42,24,1,1,0.22393449789970424
current__logistic,42,25,0,1,0.3590263261491462
current__logistic,42,26,0,1,1.0370105869694917
current__logistic,42,27,0,0,-1.255544628155468
current__logistic,42,28,0,0,-2.162376146296005
current__logistic,42,29,0,1,3.5091582395468905
current__logistic,42,30,0,1,3.193415281107557
current__logistic,42,31,0,0,-4.233557082782828
current__logistic,42,32,1,1,2.2323079182431234
current__logistic,42,33,1,1,1.7020731769251705
current__logistic,42,34,1,1,0.6577087017508875
current__logistic,42,35,1,0,-2.3125536604881307
current__logistic,42,36,1,1,0.5271286471531285
current__logistic,42,37,1,0,-4.280260197210663
current__logistic,42,38,0,0,-0.3175137980859127
current__logistic,42,39,1,0,-1.3664629970316993
current__logistic,42,40,0,1,1.3592335232473998
current__logistic,42,41,1,0,-0.3912869032221153
current__logistic,42,42,0,0,-2.6396929465977097
current__logistic,42,43,0,0,-6.0202601554557225
current__logistic,42,44,1,1,1.9246278311590683
current__logistic,42,45,0,0,-0.07542385352833175
current__logistic,42,46,1,0,-1.6013358962791042
current__logistic,42,47,1,1,1.3634918176027284
current__logistic,42,48,0,0,-5.500358219982477
current__logistic,42,49,1,0,-3.005039780982385
current__logistic,42,50,1,1,2.5525084014619304
current__logistic,42,51,0,1,1.3456797246686372
current__logistic,42,52,0,1,1.0094508860500828
current__logistic,42,53,1,0,-0.46219147499295243
current__logistic,42,54,0,0,-1.0676947718804846
current__logistic,42,55,0,0,-3.5808046717531576
current__logistic,42,56,1,1,2.1454134838237837
current__logistic,42,57,0,1,1.1500826933442017
current__logistic,42,58,1,1,0.6682201894776503
current__logistic,42,59,0,0,-1.935412139349891
current__logistic,42,60,1,0,-2.566361086200659
current__logistic,42,61,0,1,3.0778689272366138
current__logistic,42,62,0,0,-0.32930912386246586
current__logistic,42,63,1,0,-0.25472131258749753
current__logistic,42,64,0,0,-1.1141043772707542
current__logistic,42,65,0,1,2.8106318601272733
current__logistic,42,66,0,0,-0.46798862175186773
current__logistic,42,67,0,1,0.9487459993997744
current__logistic,42,68,0,1,0.5297003049651157
current__logistic,42,69,1,0,-0.7000310674872782
current__logistic,42,70,0,0,-0.7573073626801737
current__logistic,42,71,1,0,-0.2567068177877575
current__logistic,42,72,0,1,2.041141142224547
current__logistic,42,73,0,1,0.3694667958611383
current__logistic,42,74,0,1,0.976103434930369
current__logistic,42,75,0,0,-1.9613605799367444
current__logistic,42,76,0,0,-0.37901015724672027
current__logistic,42,77,1,0,-0.38174662430610573
current__logistic,42,78,1,0,-0.9343348048321123
current__logistic,42,79,1,0,-1.7378856715548079
current__logistic,42,80,0,1,3.5106701209661075
current__logistic,42,81,1,1,0.10939393548220586
current__logistic,42,82,0,0,-0.10538483110749958
current__logistic,42,83,1,1,0.1926308365896704
current__logistic,42,84,1,0,-1.038025983749884
current__logistic,42,85,1,0,-0.03668364317984088
current__logistic,42,86,1,1,0.5387902525972217
current__logistic,42,87,1,0,-0.2947539508604048
current__logistic,42,88,1,1,1.8118522072141876
current__logistic,42,89,1,1,0.6532204641738676
current__logistic,42,90,1,1,1.5201515069571039
current__logistic,42,91,1,1,0.4092647625849286
current__logistic,42,92,0,0,-0.6268638069303024
current__logistic,42,93,0,0,-1.7805024158048615
current__logistic,42,94,0,1,1.664977950972836
current__logistic,42,95,0,0,-0.8578986536457913
current__logistic,42,96,1,0,-2.095047471648315
current__logistic,42,97,1,0,-2.0741122284571047
current__logistic,42,98,1,1,0.30759966167095826
current__logistic,42,99,0,1,2.2852202168587925
current__logistic,42,100,1,1,1.0261424331804445
current__logistic,42,101,1,1,0.5295010389465259
current__logistic,42,102,1,0,-0.9248898276711901
current__logistic,42,103,0,0,-1.9994268780478985
current__logistic,42,104,1,1,0.18438641565905245
current__logistic,42,105,0,0,-0.4624951949479088
current__logistic,42,106,1,1,1.087076264737877
current__logistic,42,107,1,1,1.0347028339069335
current__logistic,42,108,1,0,-0.7744994788498368
current__logistic,42,109,0,0,-0.2972027276454469
current__logistic,42,110,1,1,1.389528589352311
current__logistic,42,111,0,1,0.14722307321505898
current__logistic,42,112,1,1,0.9491191040412317
current__logistic,42,113,0,0,-4.198898495268496
current__logistic,42,114,0,0,-1.7270110082791563
current__logistic,42,115,0,1,0.9192616066111462
current__logistic,42,116,1,1,2.882854099539259
current__logistic,42,117,0,0,-6.971944179749805
current__logistic,42,118,0,1,0.5551217087906491
current__logistic,42,119,1,1,1.3204619447143873
current__logistic,42,120,1,1,2.775392601228247
current__logistic,42,121,1,1,2.0993531755053816
current__logistic,42,122,1,1,0.7413636590895292
current__logistic,42,123,0,0,-2.714111850690109
current__logistic,42,124,1,0,-1.5640132040659183
current__logistic,42,125,1,1,0.5032162745262042
current__logistic,42,126,0,1,0.8942956158576423
current__logistic,42,127,0,1,1.8520998055923787
current__logistic,42,128,1,1,0.3077006945204131
current__logistic,42,129,1,1,1.7407212318593723
current__logistic,42,130,1,1,1.2266193370526388
current__logistic,42,131,1,1,0.6315631525704234
current__logistic,42,132,1,1,4.179790408445067
current__logistic,42,133,0,1,1.468325018262317
current__logistic,42,134,0,1,2.4567634573885893
current__logistic,42,135,0,0,-6.904836860856208
current__logistic,42,136,0,0,-3.245890436770149
current__logistic,42,137,1,1,2.3810962740855413
current__logistic,42,138,1,1,3.550579694192882
current__logistic,42,139,0,0,-1.7665068777453674
current__logistic,42,140,1,1,1.0617053438610125
current__logistic,42,141,1,0,-1.1417276701207393
current__logistic,42,142,1,1,1.5779391871314976
current__logistic,42,143,1,1,3.6994163388033425
current__logistic,42,144,1,1,0.9777716810037363
current__logistic,42,145,1,1,2.378711394404309
current__logistic,42,146,1,1,2.106017576111588
current__logistic,42,147,0,1,2.039851683131611
current__logistic,42,148,0,0,-1.379869284899533
current__logistic,42,149,0,0,-4.615426010469625
current__logistic,42,150,1,1,1.6891662925743975
current__logistic,42,151,1,0,-0.48693040560089496
current__logistic,42,152,0,0,-1.9523968804941538
current__logistic,42,153,0,1,0.09423941847052184
current__logistic,42,154,1,1,0.3830199361670751
current__logistic,42,155,1,1,0.18283348311038763
current__logistic,42,156,0,0,-3.0898378814434886
current__logistic,42,157,0,1,1.6378205513693218
current__logistic,42,158,0,0,-4.140569892796097
current__logistic,42,159,0,0,-0.7276159578923741
current__logistic,42,160,0,1,2.080259378095053
current__logistic,42,161,1,1,5.673772340668375
current__logistic,42,162,1,0,-2.1255456016049665
current__logistic,42,163,1,1,0.884644472945062
current__logistic,42,164,1,1,2.115953764169836
current__logistic,42,165,1,1,0.04762974875552439
current__logistic,42,166,1,0,-1.0452057932015613
current__logistic,42,167,0,0,-4.018486835830949
current__logistic,42,168,1,1,3.0979946637457827
current__logistic,42,169,0,1,0.4590369426884793
current__logistic,42,170,1,1,1.2083175125114092
current__logistic,42,171,1,0,-2.7852704486801523
current__logistic,42,172,0,0,-1.9057432195252422
current__logistic,42,173,1,1,2.492465987488593
current__logistic,42,174,0,0,-5.70949328560609
current__logistic,42,175,0,1,0.5404197167295901
current__logistic,42,176,1,1,1.054123465854432
current__logistic,42,177,1,1,1.9516304265618003
current__logistic,42,178,1,1,2.062581443350129
current__logistic,42,179,0,0,-4.671920366278363
current__logistic,42,180,0,0,-2.398946378358333
current__logistic,42,181,1,1,8.214436849563139
current__logistic,42,182,0,0,-0.9964035440795707
current__logistic,42,183,0,0,-1.7787891232122255
current__logistic,42,184,0,0,-0.5853456532262172
current__logistic,42,185,0,0,-1.7440561517796427
current__logistic,42,186,0,0,-0.44833716056609807
current__logistic,42,187,1,1,0.0059519810905588055
current__logistic,42,188,1,1,1.071341965734296
current__logistic,42,189,0,0,-0.23939752511680312
current__logistic,42,190,0,1,5.82581698598566
current__logistic,42,191,0,1,1.3147948140340155
current__logistic,42,192,0,0,-1.1094942502683667
current__logistic,42,193,1,1,0.3020950086795234
current__logistic,42,194,0,0,-2.6696680946532605
current__logistic,42,195,0,0,-1.8047875457344973
current__logistic,42,196,0,1,1.3764596237192968
current__logistic,42,197,1,1,0.9552477363675328
current__logistic,42,198,0,0,-4.284987891391679
current__logistic,42,199,0,1,0.180729707742161
current__logistic,42,200,1,1,0.7951758551799077
current__logistic,42,201,0,0,-4.226961907752822
current__logistic,42,202,0,0,-0.5691609844431971
current__logistic,42,203,0,0,-3.5833459161412784
current__logistic,42,204,1,1,1.2128065386546234
current__logistic,42,205,1,0,-1.9734534876319418
current__logistic,42,206,1,0,-0.8134499202424647
current__logistic,42,207,0,1,0.6166574465056331
current__logistic,42,208,0,1,1.2528224495414206
current__logistic,42,209,0,0,-0.17640983031955673
current__logistic,42,210,1,1,0.13609754002911537
current__logistic,42,211,1,0,-1.0477666380904598
current__logistic,42,212,1,1,0.9973876413681071
current__logistic,42,213,0,1,1.5553476951428127
current__logistic,42,214,0,0,-8.616044265147984
current__logistic,42,215,0,0,-5.275713410920233
current__logistic,42,216,1,1,0.6761214395993114
current__logistic,42,217,0,0,-0.9257402491608345
current__logistic,42,218,1,1,0.48136086780759846
current__logistic,42,219,1,0,-1.5006605429061561
current__logistic,42,220,1,1,2.934999569163183
current__logistic,42,221,1,0,-0.45737678043957203
current__logistic,42,222,1,0,-0.15542911072595314
current__logistic,42,223,1,1,1.1217100212012179
current__logistic,42,224,1,1,2.178251751364124
current__logistic,42,225,0,1,0.20920217295806523
current__logistic,42,226,1,1,1.4718348513035888
current__logistic,42,227,0,1,1.041396477257489
current__logistic,42,228,0,0,-5.2768337071195335
current__logistic,42,229,0,0,-0.5199371179581084
current__logistic,42,230,1,1,1.6299224932231808
current__logistic,42,231,0,1,1.258716792299582
current__logistic,42,232,1,1,0.491681508751311
current__logistic,42,233,1,1,0.5228510902801023
current__logistic,42,234,1,1,1.2391053961197938
current__logistic,42,235,0,0,-3.324426195173405
current__logistic,42,236,1,1,0.395605703661576
current__logistic,42,237,1,1,2.5975732543754564
current__logistic,42,238,0,1,2.8681093746824193
current__logistic,42,239,0,1,0.2144363435898878
current__logistic,42,240,0,1,3.331504836798388
current__logistic,42,241,1,0,-2.4504053036246862
current__logistic,42,242,1,0,-3.3637882488331945
current__logistic,42,243,0,1,0.36499411488448896
current__logistic,42,244,1,1,1.8836083772149208
current__logistic,42,245,1,1,5.427075792999648
current__logistic,42,246,0,1,1.5711302159911398
current__logistic,42,247,1,1,1.7329751413278254
current__logistic,42,248,1,1,0.08268120384866462
current__logistic,42,249,1,1,0.6876666755370693
current__logistic,42,250,1,1,1.2378543506073325
current__logistic,42,251,1,1,4.612296129019099
current__logistic,42,252,0,0,-2.428948155080865
current__logistic,42,253,1,1,1.0416673264137608
current__logistic,42,254,0,0,-1.7816456461813721
current__logistic,42,255,1,1,1.4379732880181662
current__logistic,42,256,0,1,2.2185423270469298
current__logistic,42,257,0,1,0.830267404675642
current__logistic,42,258,0,1,1.390592911917627
current__logistic,42,259,0,0,-0.35186758553427766
current__logistic,42,260,0,0,-5.656834993565134
current__logistic,42,261,0,1,2.3401713477866606
current__logistic,42,262,1,1,2.7418678652928556
current__logistic,42,263,1,1,1.9948468865519169
current__logistic,42,264,1,0,-0.8258851556101325
current__logistic,42,265,0,0,-0.12042124888989963
current__logistic,42,266,1,1,2.3260065735238427
current__logistic,42,267,1,1,0.6780829057744278
current__logistic,42,268,1,1,1.8638399092051419
current__logistic,42,269,0,0,-0.5826642021745496
current__logistic,42,270,1,0,-3.159929702108285
current__logistic,42,271,0,1,0.012562213143019502
current__logistic,42,272,0,0,-1.2194484213497871
current__logistic,42,273,1,1,0.04800962651601817
current__logistic,42,274,1,1,1.722009585374396
current__logistic,42,275,0,0,-1.7203151498688378
current__logistic,42,276,0,0,-4.272173342550405
current__logistic,42,277,1,1,0.4521270786932208
current__logistic,42,278,0,0,-4.759345150518911
current__logistic,42,279,0,0,-4.274160739271118
current__logistic,42,280,1,1,2.9118503390056776
current__logistic,42,281,0,0,-8.4421515238701
current__logistic,42,282,0,1,0.11039050328250585
current__logistic,42,283,0,1,0.9836883064558174
current__logistic,42,284,1,1,0.25955154444313666
current__logistic,42,285,0,0,-1.7157954903102812
current__logistic,42,286,0,1,2.4372460896025374
current__logistic,42,287,1,1,1.0349878224007334
current__logistic,42,288,1,0,-0.32945623847626887
current__logistic,42,289,0,0,-1.3658352191037635
current__logistic,42,290,0,0,-0.5288786798001854
current__logistic,42,291,1,1,5.741113664956641
current__logistic,42,292,1,1,3.1205200704561276
current__logistic,42,293,1,1,1.7341310108900787
current__logistic,42,294,0,0,-2.033785469146711
current__logistic,42,295,1,0,-0.9432507447251735
current__logistic,42,296,0,1,3.8347047386036404
current__logistic,42,297,1,1,3.3895967449335633
current__logistic,42,298,1,0,-0.34497352548754523
current__logistic,42,299,1,1,2.8034481463550267
current__logistic,42,300,0,1,2.888128428276483
current__logistic,42,301,1,0,-0.06598663965128648
current__logistic,42,302,1,0,-0.6962066017723858
current__logistic,42,303,0,1,0.9573994841106622
current__logistic,42,304,1,1,2.7683654135249394
current__logistic,42,305,0,1,1.9917627253870278
current__logistic,42,306,0,0,-1.963798277739917
current__logistic,42,307,0,0,-2.378309950471437
current__logistic,42,308,0,1,1.6188557388212534
current__logistic,42,309,0,0,-3.6378978720534443
current__logistic,42,310,0,0,-0.22000961029573185
current__logistic,42,311,0,0,-0.03559453911310298
current__logistic,42,312,0,0,-0.8286200383187009
current__logistic,42,313,0,0,-8.161885976079883
current__logistic,42,314,0,0,-1.8317034957224547
current__logistic,42,315,0,0,-1.713697020809631
current__fisher,42,0,0,0,-0.2945471704006195
current__fisher,42,1,1,0,-2.14128041267395
current__fisher,42,2,0,0,-0.2546042203903198
current__fisher,42,3,1,1,0.08479245007038116
current__fisher,42,4,0,0,-0.4220508635044098
current__fisher,42,5,1,0,-0.9085806608200073
current__fisher,42,6,0,0,-0.4717034101486206
current__fisher,42,7,1,0,-0.6592897176742554
current__fisher,42,8,0,1,0.8979412317276001
current__fisher,42,9,0,0,-1.0764600038528442
current__fisher,42,10,1,0,-3.178683280944824
current__fisher,42,11,1,1,1.0354198217391968
current__fisher,42,12,0,1,0.08815637230873108
current__fisher,42,13,0,0,-3.0960357189178467
current__fisher,42,14,1,0,-1.66765296459198
current__fisher,42,15,1,1,0.9457452893257141
current__fisher,42,16,1,0,-0.9998167157173157
current__fisher,42,17,0,0,-2.784461736679077
current__fisher,42,18,0,1,0.5788954496383667
current__fisher,42,19,1,1,1.1558620929718018
current__fisher,42,20,0,1,0.06554372608661652
current__fisher,42,21,0,0,-3.5585851669311523
current__fisher,42,22,1,1,0.9715386629104614
current__fisher,42,23,0,0,-0.8066904544830322
current__fisher,42,24,1,1,0.3563305139541626
current__fisher,42,25,0,0,-0.239067941904068
current__fisher,42,26,0,1,0.14072808623313904
current__fisher,42,27,0,0,-0.07252974808216095
current__fisher,42,28,0,0,-0.736224353313446
current__fisher,42,29,0,1,2.571524143218994
current__fisher,42,30,0,1,3.1394670009613037
current__fisher,42,31,0,0,-1.7616270780563354
current__fisher,42,32,1,1,1.318203091621399
current__fisher,42,33,1,0,-0.3415122926235199
current__fisher,42,34,1,1,0.531377911567688
current__fisher,42,35,1,0,-0.8640068173408508
current__fisher,42,36,1,0,-0.06718051433563232
current__fisher,42,37,1,0,-3.731994867324829
current__fisher,42,38,0,1,0.3151262104511261
current__fisher,42,39,1,1,0.043377842754125595
current__fisher,42,40,0,1,1.2814284563064575
current__fisher,42,41,1,0,-0.8431331515312195
current__fisher,42,42,0,0,-1.3724448680877686
current__fisher,42,43,0,0,-2.0362560749053955
current__fisher,42,44,1,1,1.735511302947998
current__fisher,42,45,0,0,-0.09503332525491714
current__fisher,42,46,1,0,-0.9873736500740051
current__fisher,42,47,1,1,0.25043392181396484
current__fisher,42,48,0,0,-2.543567657470703
current__fisher,42,49,1,0,-2.531501054763794
current__fisher,42,50,1,1,0.7683581113815308
current__fisher,42,51,0,1,0.7186290621757507
current__fisher,42,52,0,1,0.27051106095314026
current__fisher,42,53,1,0,-0.43875861167907715
current__fisher,42,54,0,0,-0.6258091926574707
current__fisher,42,55,0,0,-1.8713539838790894
current__fisher,42,56,1,1,0.7989658117294312
current__fisher,42,57,0,1,0.9065366387367249
current__fisher,42,58,1,1,0.450983464717865
current__fisher,42,59,0,0,-0.4206874668598175
current__fisher,42,60,1,0,-2.315821409225464
current__fisher,42,61,0,1,1.5643603801727295
current__fisher,42,62,0,0,-0.03385532647371292
current__fisher,42,63,1,1,0.4811743199825287
current__fisher,42,64,0,0,-0.04853600636124611
current__fisher,42,65,0,1,1.3953983783721924
current__fisher,42,66,0,1,0.25442877411842346
current__fisher,42,67,0,1,0.595974326133728
current__fisher,42,68,0,1,0.556571900844574
current__fisher,42,69,1,0,-0.08174577355384827
current__fisher,42,70,0,0,-0.38329413533210754
current__fisher,42,71,1,1,0.19566604495048523
current__fisher,42,72,0,1,1.6791236400604248
current__fisher,42,73,0,1,0.05912097916007042
current__fisher,42,74,0,1,0.4922771155834198
current__fisher,42,75,0,0,-0.23794178664684296
current__fisher,42,76,0,1,0.053386058658361435
current__fisher,42,77,1,0,-0.6035299897193909
current__fisher,42,78,1,1,0.6150093078613281
current__fisher,42,79,1,0,-0.8896417617797852
current__fisher,42,80,0,1,2.3934080600738525
current__fisher,42,81,1,0,-0.1088852733373642
current__fisher,42,82,0,0,-0.958327054977417
current__fisher,42,83,1,1,0.4974273145198822
current__fisher,42,84,1,1,0.08817443251609802
current__fisher,42,85,1,1,0.9043375849723816
current__fisher,42,86,1,1,1.0194047689437866
current__fisher,42,87,1,1,0.6381763219833374
current__fisher,42,88,1,1,1.3009741306304932
current__fisher,42,89,1,0,-0.6317752599716187
current__fisher,42,90,1,1,1.7260335683822632
current__fisher,42,91,1,1,0.04715488478541374
current__fisher,42,92,0,0,-1.3318325281143188
current__fisher,42,93,0,0,-1.2368271350860596
current__fisher,42,94,0,1,2.4133405685424805
current__fisher,42,95,0,1,0.2540116310119629
current__fisher,42,96,1,0,-0.8439211249351501
current__fisher,42,97,1,0,-1.6717045307159424
current__fisher,42,98,1,0,-0.18552660942077637
current__fisher,42,99,0,1,0.9295319318771362
current__fisher,42,100,1,1,1.106056571006775
current__fisher,42,101,1,1,0.7932102084159851
current__fisher,42,102,1,1,0.15919655561447144
current__fisher,42,103,0,0,-2.5487279891967773
current__fisher,42,104,1,0,-0.0022540390491485596
current__fisher,42,105,0,0,-0.6197453141212463
current__fisher,42,106,1,1,0.9973289370536804
current__fisher,42,107,1,1,0.9341371059417725
current__fisher,42,108,1,1,0.1772162765264511
current__fisher,42,109,0,0,-0.2200184464454651
current__fisher,42,110,1,1,0.8565018177032471
current__fisher,42,111,0,1,0.3989422619342804
current__fisher,42,112,1,1,0.8634205460548401
current__fisher,42,113,0,0,-1.5292857885360718
current__fisher,42,114,0,0,-1.1568834781646729
current__fisher,42,115,0,1,0.6907798647880554
current__fisher,42,116,1,1,0.3481115698814392
current__fisher,42,117,0,0,-4.56705904006958
current__fisher,42,118,0,1,0.19890448451042175
current__fisher,42,119,1,1,1.1939845085144043
current__fisher,42,120,1,1,1.6452122926712036
current__fisher,42,121,1,1,1.895874261856079
current__fisher,42,122,1,1,0.360487699508667
current__fisher,42,123,0,0,-1.7396420240402222
current__fisher,42,124,1,0,-1.1381638050079346
current__fisher,42,125,1,0,-0.1293056309223175
current__fisher,42,126,0,1,0.49465128779411316
current__fisher,42,127,0,1,1.951642632484436
current__fisher,42,128,1,1,0.47082823514938354
current__fisher,42,129,1,1,1.0726125240325928
current__fisher,42,130,1,1,0.9851958751678467
current__fisher,42,131,1,1,0.7299032211303711
current__fisher,42,132,1,1,1.9394268989562988
current__fisher,42,133,0,0,-0.14836564660072327
current__fisher,42,134,0,1,0.5729708671569824
current__fisher,42,135,0,0,-3.2100608348846436
current__fisher,42,136,0,0,-3.221616506576538
current__fisher,42,137,1,1,0.8054008483886719
current__fisher,42,138,1,1,1.8697376251220703
current__fisher,42,139,0,0,-0.7270514965057373
current__fisher,42,140,1,1,0.699954628944397
current__fisher,42,141,1,0,-0.5456452965736389
current__fisher,42,142,1,1,0.6547052264213562
current__fisher,42,143,1,1,2.3310863971710205
current__fisher,42,144,1,1,0.3534589409828186
current__fisher,42,145,1,1,0.8119710087776184
current__fisher,42,146,1,1,2.371392250061035
current__fisher,42,147,0,1,0.8142446279525757
current__fisher,42,148,0,0,-1.2759238481521606
current__fisher,42,149,0,0,-3.133143901824951
current__fisher,42,150,1,0,-0.10648909211158752
current__fisher,42,151,1,1,0.03024991974234581
current__fisher,42,152,0,0,-1.0164246559143066
current__fisher,42,153,0,1,0.7528790831565857
current__fisher,42,154,1,1,0.11254031956195831
current__fisher,42,155,1,0,-0.5492483973503113
current__fisher,42,156,0,0,-1.5351996421813965
current__fisher,42,157,0,1,1.3510366678237915
current__fisher,42,158,0,0,-3.1398258209228516
current__fisher,42,159,0,0,-0.8141027092933655
current__fisher,42,160,0,1,1.0543233156204224
current__fisher,42,161,1,1,2.1766726970672607
current__fisher,42,162,1,0,-1.2119885683059692
current__fisher,42,163,1,0,-0.8863061666488647
current__fisher,42,164,1,1,0.9834898114204407
current__fisher,42,165,1,1,0.5896390676498413
current__fisher,42,166,1,0,-0.18627691268920898
current__fisher,42,167,0,0,-2.1894683837890625
current__fisher,42,168,1,1,0.02742108330130577
current__fisher,42,169,0,0,-0.12874116003513336
current__fisher,42,170,1,1,0.4797324240207672
current__fisher,42,171,1,0,-2.1808738708496094
current__fisher,42,172,0,0,-0.8640938997268677
current__fisher,42,173,1,1,0.6031962633132935
current__fisher,42,174,0,0,-3.887674570083618
current__fisher,42,175,0,1,0.12814567983150482
current__fisher,42,176,1,1,1.0629656314849854
current__fisher,42,177,1,1,0.30871257185935974
current__fisher,42,178,1,1,2.82456636428833
current__fisher,42,179,0,0,-3.119008779525757
current__fisher,42,180,0,0,-1.4611389636993408
current__fisher,42,181,1,1,1.5711345672607422
current__fisher,42,182,0,0,-0.16420820355415344
current__fisher,42,183,0,0,-2.0313801765441895
current__fisher,42,184,0,1,0.03401179611682892
current__fisher,42,185,0,0,-0.37422966957092285
current__fisher,42,186,0,1,0.6594657301902771
current__fisher,42,187,1,1,0.27895423769950867
current__fisher,42,188,1,1,1.7109256982803345
current__fisher,42,189,0,0,-0.1041988879442215
current__fisher,42,190,0,1,0.8994936943054199
current__fisher,42,191,0,1,0.8925190567970276
current__fisher,42,192,0,1,0.14740639925003052
current__fisher,42,193,1,0,-0.18445003032684326
current__fisher,42,194,0,0,-1.0515687465667725
current__fisher,42,195,0,1,0.7229343056678772
current__fisher,42,196,0,1,0.4216965138912201
current__fisher,42,197,1,1,0.6610122919082642
current__fisher,42,198,0,0,-2.9363253116607666
current__fisher,42,199,0,0,-0.5015926361083984
current__fisher,42,200,1,0,-0.45399412512779236
current__fisher,42,201,0,0,-1.8274530172348022
current__fisher,42,202,0,0,-1.0700178146362305
current__fisher,42,203,0,0,-0.3442772924900055
current__fisher,42,204,1,1,0.3126777112483978
current__fisher,42,205,1,0,-0.8470746278762817
current__fisher,42,206,1,0,-1.0590628385543823
current__fisher,42,207,0,1,1.3887341022491455
current__fisher,42,208,0,1,0.008608609437942505
current__fisher,42,209,0,1,0.6151148080825806
current__fisher,42,210,1,1,0.37219035625457764
current__fisher,42,211,1,0,-1.7673535346984863
current__fisher,42,212,1,1,0.9454593062400818
current__fisher,42,213,0,1,0.17511026561260223
current__fisher,42,214,0,0,-4.078279495239258
current__fisher,42,215,0,0,-2.0810649394989014
current__fisher,42,216,1,0,-0.7278645038604736
current__fisher,42,217,0,0,-0.8191537261009216
current__fisher,42,218,1,1,0.9824619889259338
current__fisher,42,219,1,0,-0.5747790932655334
current__fisher,42,220,1,0,-0.9696332216262817
current__fisher,42,221,1,1,0.713150143623352
current__fisher,42,222,1,1,0.08204765617847443
current__fisher,42,223,1,1,0.8945153951644897
current__fisher,42,224,1,0,-0.17390313744544983
current__fisher,42,225,0,0,-0.06894233822822571
current__fisher,42,226,1,1,0.3928295075893402
current__fisher,42,227,0,1,1.0956876277923584
current__fisher,42,228,0,0,-3.295119285583496
current__fisher,42,229,0,1,0.0529092513024807
current__fisher,42,230,1,1,0.3041839897632599
current__fisher,42,231,0,1,1.1139227151870728
current__fisher,42,232,1,1,0.8637174963951111
current__fisher,42,233,1,0,-0.25759202241897583
current__fisher,42,234,1,1,1.0973564386367798
current__fisher,42,235,0,0,-1.9414225816726685
current__fisher,42,236,1,1,1.2726119756698608
current__fisher,42,237,1,1,2.147083282470703
current__fisher,42,238,0,1,0.10720750689506531
current__fisher,42,239,0,1,0.8932362198829651
current__fisher,42,240,0,1,2.5887601375579834
current__fisher,42,241,1,0,-0.9058186411857605
current__fisher,42,242,1,0,-2.454821825027466
current__fisher,42,243,0,1,0.3774448037147522
current__fisher,42,244,1,1,1.975277066230774
current__fisher,42,245,1,1,4.017704963684082
current__fisher,42,246,0,1,0.8936718702316284
current__fisher,42,247,1,1,0.6151819229125977
current__fisher,42,248,1,1,0.09129014611244202
current__fisher,42,249,1,1,0.6957042813301086
current__fisher,42,250,1,1,0.8328388333320618
current__fisher,42,251,1,1,3.396822214126587
current__fisher,42,252,0,0,-2.2237658500671387
current__fisher,42,253,1,1,1.907260537147522
current__fisher,42,254,0,0,-2.2366607189178467
current__fisher,42,255,1,1,0.38640928268432617
current__fisher,42,256,0,1,1.458820104598999
current__fisher,42,257,0,0,-1.188727617263794
current__fisher,42,258,0,1,1.0505344867706299
current__fisher,42,259,0,0,-0.07876495271921158
current__fisher,42,260,0,0,-2.7913408279418945
current__fisher,42,261,0,1,1.6028729677200317
current__fisher,42,262,1,1,2.113576650619507
current__fisher,42,263,1,1,1.600963830947876
current__fisher,42,264,1,0,-1.1646599769592285
current__fisher,42,265,0,1,1.2172597646713257
current__fisher,42,266,1,1,1.758562684059143
current__fisher,42,267,1,0,-1.7926732301712036
current__fisher,42,268,1,1,1.9365897178649902
current__fisher,42,269,0,0,-0.9246689677238464
current__fisher,42,270,1,0,-0.5650473237037659
current__fisher,42,271,0,0,-0.18707574903964996
current__fisher,42,272,0,0,-0.40785232186317444
current__fisher,42,273,1,1,0.40629979968070984
current__fisher,42,274,1,1,1.5402692556381226
current__fisher,42,275,0,0,-0.41700872778892517
current__fisher,42,276,0,0,-1.4567667245864868
current__fisher,42,277,1,1,0.9860162138938904
current__fisher,42,278,0,0,-3.859593629837036
current__fisher,42,279,0,0,-1.728992223739624
current__fisher,42,280,1,1,2.1367547512054443
current__fisher,42,281,0,0,-5.196494102478027
current__fisher,42,282,0,0,-0.09262754023075104
current__fisher,42,283,0,0,-0.0770045816898346
current__fisher,42,284,1,1,0.2977408468723297
current__fisher,42,285,0,0,-1.1952265501022339
current__fisher,42,286,0,1,1.3405543565750122
current__fisher,42,287,1,1,0.6990368366241455
current__fisher,42,288,1,0,-0.30497074127197266
current__fisher,42,289,0,0,-0.6984259486198425
current__fisher,42,290,0,0,-0.9641983509063721
current__fisher,42,291,1,1,3.4750003814697266
current__fisher,42,292,1,1,1.0129765272140503
current__fisher,42,293,1,1,1.424106240272522
current__fisher,42,294,0,0,-1.175884485244751
current__fisher,42,295,1,1,0.030514413490891457
current__fisher,42,296,0,1,2.9633920192718506
current__fisher,42,297,1,1,2.072056531906128
current__fisher,42,298,1,1,1.43899405002594
current__fisher,42,299,1,1,1.853062629699707
current__fisher,42,300,0,1,2.0733656883239746
current__fisher,42,301,1,0,-0.09413579106330872
current__fisher,42,302,1,1,0.3767070472240448
current__fisher,42,303,0,1,0.7491157650947571
current__fisher,42,304,1,1,1.6955881118774414
current__fisher,42,305,0,1,0.8335543870925903
current__fisher,42,306,0,0,-1.4005048274993896
current__fisher,42,307,0,0,-1.6491669416427612
current__fisher,42,308,0,0,-0.24092867970466614
current__fisher,42,309,0,0,-2.601632833480835
current__fisher,42,310,0,0,-2.9271180629730225
current__fisher,42,311,0,0,-0.4783332049846649
current__fisher,42,312,0,1,0.12910740077495575
current__fisher,42,313,0,0,-4.479925632476807
current__fisher,42,314,0,0,-0.719678521156311
current__fisher,42,315,0,1,0.6050242185592651
terminal__logistic,42,0,0,1,1.219531512668347
terminal__logistic,42,1,1,0,-0.05138865922844209
terminal__logistic,42,2,0,0,-0.4654913364994045
terminal__logistic,42,3,1,1,0.7641015464234523
terminal__logistic,42,4,0,0,-0.8267273471064719
terminal__logistic,42,5,1,1,0.4810822309171862
terminal__logistic,42,6,0,1,1.0561235214577158
terminal__logistic,42,7,1,1,0.6875481532816635
terminal__logistic,42,8,0,0,-0.6599484487221038
terminal__logistic,42,9,0,0,-2.778222935732949
terminal__logistic,42,10,1,0,-0.6341671304777659
terminal__logistic,42,11,1,1,1.5506976462791384
terminal__logistic,42,12,0,0,-1.965466139249815
terminal__logistic,42,13,0,0,-0.8525648544125175
terminal__logistic,42,14,1,1,2.583036283927861
terminal__logistic,42,15,1,0,-0.274744187882272
terminal__logistic,42,16,1,0,-1.5692834088715055
terminal__logistic,42,17,0,1,1.3048438587948683
terminal__logistic,42,18,0,0,-1.5450833153167436
terminal__logistic,42,19,1,1,0.6852247308962797
terminal__logistic,42,20,0,0,-2.5909283694026137
terminal__logistic,42,21,0,0,-1.2047365151566711
terminal__logistic,42,22,1,1,0.7182091327291674
terminal__logistic,42,23,0,1,2.265716735458868
terminal__logistic,42,24,1,1,0.19101634631963052
terminal__logistic,42,25,0,0,-1.4993736126931074
terminal__logistic,42,26,0,1,0.29778722626028203
terminal__logistic,42,27,0,0,-0.4672228505583958
terminal__logistic,42,28,0,0,-1.7610627297739752
terminal__logistic,42,29,0,0,-0.09767654654075168
terminal__logistic,42,30,0,1,1.3285999892104328
terminal__logistic,42,31,0,0,-3.3316248210929116
terminal__logistic,42,32,1,1,1.8244207927827785
terminal__logistic,42,33,1,0,-0.6830184763962245
terminal__logistic,42,34,1,1,2.8003572912735915
terminal__logistic,42,35,1,0,-1.026102245714052
terminal__logistic,42,36,1,1,1.8294251828685424
terminal__logistic,42,37,1,0,-0.4005861722411473
terminal__logistic,42,38,0,1,0.5266827378438642
terminal__logistic,42,39,1,1,1.1824966410193
terminal__logistic,42,40,0,1,0.6088061983434357
terminal__logistic,42,41,1,1,0.08353178138922186
terminal__logistic,42,42,0,0,-0.6471177416279359
terminal__logistic,42,43,0,1,2.0607195633940054
terminal__logistic,42,44,1,1,1.9956818974971742
terminal__logistic,42,45,0,0,-0.201066830098984
terminal__logistic,42,46,1,0,-0.5729275774734928
terminal__logistic,42,47,1,0,-0.8450583557418531
terminal__logistic,42,48,0,0,-2.760847615049596
terminal__logistic,42,49,1,0,-1.0302828059631302
terminal__logistic,42,50,1,0,-0.19901808208415847
terminal__logistic,42,51,0,1,0.8104369909416371
terminal__logistic,42,52,0,0,-0.09911390252178273
terminal__logistic,42,53,1,0,-0.8368183545790165
terminal__logistic,42,54,0,1,0.41678263455176995
terminal__logistic,42,55,0,1,1.0367566213108275
terminal__logistic,42,56,1,1,0.19374910447012936
terminal__logistic,42,57,0,0,-0.0015640093597602718
terminal__logistic,42,58,1,1,0.7965365990869547
terminal__logistic,42,59,0,0,-0.6066331520230569
terminal__logistic,42,60,1,0,-1.9817841922043264
terminal__logistic,42,61,0,1,1.5046967075917295
terminal__logistic,42,62,0,0,-0.33543858999582127
terminal__logistic,42,63,1,1,0.23619473080982883
terminal__logistic,42,64,0,0,-0.8304582951970892
terminal__logistic,42,65,0,1,0.9022770848120604
terminal__logistic,42,66,0,0,-0.5391794255106998
terminal__logistic,42,67,0,0,-1.3256956241139162
terminal__logistic,42,68,0,0,-1.1138327580935246
terminal__logistic,42,69,1,1,0.02126670840222637
terminal__logistic,42,70,0,0,-1.6199684277682738
terminal__logistic,42,71,1,0,-1.1711788381877393
terminal__logistic,42,72,0,0,-0.9658350963738482
terminal__logistic,42,73,0,0,-0.7238799111306369
terminal__logistic,42,74,0,1,1.2168427489064897
terminal__logistic,42,75,0,0,-1.181226017170907
terminal__logistic,42,76,0,0,-1.2516561448133725
terminal__logistic,42,77,1,1,0.4208463398083679
terminal__logistic,42,78,1,0,-0.599979013953403
terminal__logistic,42,79,1,1,1.7937490069972004
terminal__logistic,42,80,0,1,3.4197240000575237
terminal__logistic,42,81,1,0,-2.263068995523469
terminal__logistic,42,82,0,0,-0.6498022644692876
terminal__logistic,42,83,1,1,0.912572609744578
terminal__logistic,42,84,1,1,0.8004764958162361
terminal__logistic,42,85,1,1,0.6967542108337268
terminal__logistic,42,86,1,1,0.6930837982477085
terminal__logistic,42,87,1,0,-1.363442147776229
terminal__logistic,42,88,1,1,0.8719641202741139
terminal__logistic,42,89,1,1,0.5264884127137117
terminal__logistic,42,90,1,1,1.9243863330991928
terminal__logistic,42,91,1,1,0.9460115495819804
terminal__logistic,42,92,0,0,-0.182246066011951
terminal__logistic,42,93,0,0,-0.25950192657840915
terminal__logistic,42,94,0,1,0.3447756508869236
terminal__logistic,42,95,0,1,0.03199356805469673
terminal__logistic,42,96,1,1,1.5474596644985321
terminal__logistic,42,97,1,1,1.3686262411606807
terminal__logistic,42,98,1,1,1.01168055199406
terminal__logistic,42,99,0,0,-1.609315014805101
terminal__logistic,42,100,1,1,1.3318238796322979
terminal__logistic,42,101,1,0,-0.036622252970592475
terminal__logistic,42,102,1,0,-0.8085100431060626
terminal__logistic,42,103,0,0,-1.619850163288397
terminal__logistic,42,104,1,0,-2.2218237478703613
terminal__logistic,42,105,0,1,0.6047955823807676
terminal__logistic,42,106,1,1,0.8818770738500666
terminal__logistic,42,107,1,1,1.2538811388048743
terminal__logistic,42,108,1,1,0.7593845005986972
terminal__logistic,42,109,0,0,-0.9242880249270311
terminal__logistic,42,110,1,0,-0.2926153472409159
terminal__logistic,42,111,0,1,1.8735376950082006
terminal__logistic,42,112,1,0,-0.14319375507445245
terminal__logistic,42,113,0,0,-1.1735384889174014
terminal__logistic,42,114,0,0,-1.4274135421641925
terminal__logistic,42,115,0,1,1.6681986469648449
terminal__logistic,42,116,1,1,2.7565518798497557
terminal__logistic,42,117,0,0,-2.1444828445129804
terminal__logistic,42,118,0,1,1.2724552660629693
terminal__logistic,42,119,1,0,-0.4187056563758023
terminal__logistic,42,120,1,1,2.7177664039617597
terminal__logistic,42,121,1,1,1.8322510266101402
terminal__logistic,42,122,1,1,1.829991974974932
terminal__logistic,42,123,0,0,-2.644309295575534
terminal__logistic,42,124,1,0,-0.47398194617703476
terminal__logistic,42,125,1,0,-0.3821457614579367
terminal__logistic,42,126,0,0,-0.16936723591443079
terminal__logistic,42,127,0,1,0.36057842057392725
terminal__logistic,42,128,1,1,0.6451792091185216
terminal__logistic,42,129,1,0,-1.3681125106618657
terminal__logistic,42,130,1,1,2.0974665522057183
terminal__logistic,42,131,1,1,0.5085493378376083
terminal__logistic,42,132,1,1,2.719129034753815
terminal__logistic,42,133,0,0,-1.7886663922792658
terminal__logistic,42,134,0,1,0.46490128230887157
terminal__logistic,42,135,0,0,-0.9062937370635564
terminal__logistic,42,136,0,0,-2.155521993255858
terminal__logistic,42,137,1,1,0.7100821460494539
terminal__logistic,42,138,1,1,1.1538368625263318
terminal__logistic,42,139,0,0,-0.06413092459381539
terminal__logistic,42,140,1,1,2.6037636642925763
terminal__logistic,42,141,1,1,1.779304243556733
terminal__logistic,42,142,1,1,0.8427510820481157
terminal__logistic,42,143,1,1,2.585512167838876
terminal__logistic,42,144,1,1,1.134423189437518
terminal__logistic,42,145,1,1,0.5798304057812692
terminal__logistic,42,146,1,1,1.9505013192368017
terminal__logistic,42,147,0,1,0.4745045693242215
terminal__logistic,42,148,0,1,0.5580515559386587
terminal__logistic,42,149,0,0,-2.3468371260542975
terminal__logistic,42,150,1,1,1.1493706495702187
terminal__logistic,42,151,1,1,0.6290521783467594
terminal__logistic,42,152,0,1,2.1020160127809215
terminal__logistic,42,153,0,0,-0.8505726479748287
terminal__logistic,42,154,1,0,-0.9186233124929096
terminal__logistic,42,155,1,1,1.7673197175179338
terminal__logistic,42,156,0,0,-3.6026042482042855
terminal__logistic,42,157,0,1,0.5078439140948433
terminal__logistic,42,158,0,0,-1.4621781983365918
terminal__logistic,42,159,0,1,0.44216896157117325
terminal__logistic,42,160,0,0,-0.10812457905598047
terminal__logistic,42,161,1,0,-0.10866282235170063
terminal__logistic,42,162,1,0,-1.9518037703081343
terminal__logistic,42,163,1,0,-1.2350948598143632
terminal__logistic,42,164,1,1,2.329282604800708
terminal__logistic,42,165,1,1,1.3251027175205785
terminal__logistic,42,166,1,1,1.119356111786816
terminal__logistic,42,167,0,0,-1.5285723074997637
terminal__logistic,42,168,1,1,0.5437278663120507
terminal__logistic,42,169,0,0,-1.2760067935499806
terminal__logistic,42,170,1,0,-0.6096172204726829
terminal__logistic,42,171,1,0,-0.5400954206106884
terminal__logistic,42,172,0,0,-0.514659147742021
terminal__logistic,42,173,1,1,1.3311543655983669
terminal__logistic,42,174,0,0,-0.7501383017942589
terminal__logistic,42,175,0,1,1.0286260389363484
terminal__logistic,42,176,1,1,2.402472687038461
terminal__logistic,42,177,1,1,0.909964075251367
terminal__logistic,42,178,1,1,0.1010414075184866
terminal__logistic,42,179,0,0,-2.9218975427630403
terminal__logistic,42,180,0,1,0.7045222258520404
terminal__logistic,42,181,1,1,0.0987039768732582
terminal__logistic,42,182,0,0,-1.0183530427710314
terminal__logistic,42,183,0,0,-1.6952556469956026
terminal__logistic,42,184,0,0,-1.8640283640518012
terminal__logistic,42,185,0,0,-1.2278363315008893
terminal__logistic,42,186,0,0,-0.5596294047110272
terminal__logistic,42,187,1,1,0.9480432665321581
terminal__logistic,42,188,1,1,0.8173086728742389
terminal__logistic,42,189,0,0,-1.0766821743485464
terminal__logistic,42,190,0,0,-0.3517366418294963
terminal__logistic,42,191,0,0,-0.38588723218716
terminal__logistic,42,192,0,1,1.1590134679724444
terminal__logistic,42,193,1,1,0.9310696912662857
terminal__logistic,42,194,0,0,-2.235966474770432
terminal__logistic,42,195,0,0,-1.8463604567047374
terminal__logistic,42,196,0,1,1.0437780754636132
terminal__logistic,42,197,1,1,1.350482392043677
terminal__logistic,42,198,0,0,-1.4272323008379968
terminal__logistic,42,199,0,0,-2.04405350067263
terminal__logistic,42,200,1,1,0.05282587074575415
terminal__logistic,42,201,0,0,-0.7566498288428977
terminal__logistic,42,202,0,1,1.1633204052642403
terminal__logistic,42,203,0,0,-0.6899715726962722
terminal__logistic,42,204,1,1,0.03009523880114325
terminal__logistic,42,205,1,0,-2.252807591199847
terminal__logistic,42,206,1,1,0.4794672113075724
terminal__logistic,42,207,0,0,-1.1294959260396906
terminal__logistic,42,208,0,0,-1.1280408466645238
terminal__logistic,42,209,0,0,-0.9601871633200403
terminal__logistic,42,210,1,0,-0.3959862765800513
terminal__logistic,42,211,1,1,0.962033353071938
terminal__logistic,42,212,1,1,1.4111911475327878
terminal__logistic,42,213,0,1,0.8485931466632848
terminal__logistic,42,214,0,0,-2.925687781756701
terminal__logistic,42,215,0,0,-3.130704180886507
terminal__logistic,42,216,1,0,-2.277895306715611
terminal__logistic,42,217,0,0,-0.2129178185529997
terminal__logistic,42,218,1,1,2.562435920589035
terminal__logistic,42,219,1,1,0.02997844297423331
terminal__logistic,42,220,1,0,-1.6198543917510844
terminal__logistic,42,221,1,0,-0.12747132967858057
terminal__logistic,42,222,1,1,1.432490753909387
terminal__logistic,42,223,1,1,1.6008924504680437
terminal__logistic,42,224,1,1,4.947076284777205
terminal__logistic,42,225,0,0,-0.2564495558261052
terminal__logistic,42,226,1,1,1.0015736563509312
terminal__logistic,42,227,0,0,-0.9905493986061038
terminal__logistic,42,228,0,0,-1.2363053651718252
terminal__logistic,42,229,0,0,-1.716527605468203
terminal__logistic,42,230,1,1,2.189840801564645
terminal__logistic,42,231,0,0,-0.8200497436277654
terminal__logistic,42,232,1,1,0.9742471090448684
terminal__logistic,42,233,1,0,-1.6940745716931165
terminal__logistic,42,234,1,1,1.756846927905731
terminal__logistic,42,235,0,1,1.5529111782529565
terminal__logistic,42,236,1,1,2.5540842934139905
terminal__logistic,42,237,1,0,-0.541071733292316
terminal__logistic,42,238,0,1,0.45182766955000137
terminal__logistic,42,239,0,0,-0.5308325455957058
terminal__logistic,42,240,0,0,-0.3696031514435654
terminal__logistic,42,241,1,0,-0.44887659886596093
terminal__logistic,42,242,1,0,-0.9162754306772845
terminal__logistic,42,243,0,1,0.11448828304311746
terminal__logistic,42,244,1,1,1.5543862489552565
terminal__logistic,42,245,1,1,1.0325650879505184
terminal__logistic,42,246,0,1,0.4326383809192866
terminal__logistic,42,247,1,1,0.29043861170627067
terminal__logistic,42,248,1,1,1.9012472651501848
terminal__logistic,42,249,1,0,-0.2391339951481259
terminal__logistic,42,250,1,0,-0.7635880547992003
terminal__logistic,42,251,1,1,4.208014039086702
terminal__logistic,42,252,0,0,-0.6741798706234046
terminal__logistic,42,253,1,1,2.0478941545565963
terminal__logistic,42,254,0,1,1.1744482803251777
terminal__logistic,42,255,1,1,0.43502462056965213
terminal__logistic,42,256,0,1,0.5881239626733261
terminal__logistic,42,257,0,0,-1.558580554050235
terminal__logistic,42,258,0,1,0.07700681438166838
terminal__logistic,42,259,0,1,0.217811824773196
terminal__logistic,42,260,0,0,-2.0865608292358377
terminal__logistic,42,261,0,0,-0.670949085521158
terminal__logistic,42,262,1,1,1.7051609626766977
terminal__logistic,42,263,1,1,0.8234847658383957
terminal__logistic,42,264,1,1,1.3529007095327517
terminal__logistic,42,265,0,1,0.11971465065320737
terminal__logistic,42,266,1,1,0.851236146544757
terminal__logistic,42,267,1,0,-3.3359316601339972
terminal__logistic,42,268,1,1,1.9444888059026812
terminal__logistic,42,269,0,0,-0.06550173019555476
terminal__logistic,42,270,1,0,-0.5706150460768046
terminal__logistic,42,271,0,0,-2.6260347405067486
terminal__logistic,42,272,0,0,-1.104714330586795
terminal__logistic,42,273,1,1,0.10889060625128248
terminal__logistic,42,274,1,0,-2.3500094432424157
terminal__logistic,42,275,0,0,-1.5521466303151106
terminal__logistic,42,276,0,0,-2.094869322543423
terminal__logistic,42,277,1,1,0.2620924296497235
terminal__logistic,42,278,0,0,-4.307306054826217
terminal__logistic,42,279,0,0,-1.3018656140686453
terminal__logistic,42,280,1,1,0.54995629080856
terminal__logistic,42,281,0,0,-2.0925353127810977
terminal__logistic,42,282,0,0,-1.6002306720433601
terminal__logistic,42,283,0,0,-2.007831645852341
terminal__logistic,42,284,1,0,-0.06069703005995079
terminal__logistic,42,285,0,0,-1.803532367618689
terminal__logistic,42,286,0,1,0.1063329024832274
terminal__logistic,42,287,1,1,1.3362969496202337
terminal__logistic,42,288,1,1,0.4212476063014509
terminal__logistic,42,289,0,1,0.1929839648146083
terminal__logistic,42,290,0,0,-1.1062048691851587
terminal__logistic,42,291,1,1,1.270028034600249
terminal__logistic,42,292,1,0,-0.8878756536538553
terminal__logistic,42,293,1,1,0.8998565827458921
terminal__logistic,42,294,0,1,0.1256565383908735
terminal__logistic,42,295,1,1,0.8650116472652811
terminal__logistic,42,296,0,1,0.9089245597700644
terminal__logistic,42,297,1,0,-0.16942770311754385
terminal__logistic,42,298,1,1,1.3942736624352468
terminal__logistic,42,299,1,1,5.690969828354597
terminal__logistic,42,300,0,1,1.9603031483371813
terminal__logistic,42,301,1,1,0.8300282621722596
terminal__logistic,42,302,1,0,-0.7272616676969035
terminal__logistic,42,303,0,0,-4.273455537272246
terminal__logistic,42,304,1,1,0.8204360724306754
terminal__logistic,42,305,0,0,-1.1190044499038163
terminal__logistic,42,306,0,0,-2.238555312366649
terminal__logistic,42,307,0,0,-0.7537424154368212
terminal__logistic,42,308,0,0,-2.1432067459288726
terminal__logistic,42,309,0,0,-0.4493411143938025
terminal__logistic,42,310,0,0,-2.394147076111566
terminal__logistic,42,311,0,0,-0.6372079648652397
terminal__logistic,42,312,0,0,-0.9797762280335988
terminal__logistic,42,313,0,0,-3.4806259636894983
terminal__logistic,42,314,0,0,-2.1420565727240435
terminal__logistic,42,315,0,1,0.48229717693269375
terminal__fisher,42,0,0,1,0.8805713057518005
terminal__fisher,42,1,1,0,-0.3793310821056366
terminal__fisher,42,2,0,0,-0.15100710093975067
terminal__fisher,42,3,1,1,0.7869051694869995
terminal__fisher,42,4,0,0,-0.7605361342430115
terminal__fisher,42,5,1,1,0.21041277050971985
terminal__fisher,42,6,0,1,0.8870804309844971
terminal__fisher,42,7,1,1,0.7613692283630371
terminal__fisher,42,8,0,0,-0.37566837668418884
terminal__fisher,42,9,0,0,-2.6436915397644043
terminal__fisher,42,10,1,0,-1.0409992933273315
terminal__fisher,42,11,1,1,1.2959908246994019
terminal__fisher,42,12,0,0,-2.1463823318481445
terminal__fisher,42,13,0,0,-1.2031787633895874
terminal__fisher,42,14,1,1,2.2949702739715576
terminal__fisher,42,15,1,0,-0.06520578265190125
terminal__fisher,42,16,1,0,-1.3745616674423218
terminal__fisher,42,17,0,1,1.1037774085998535
terminal__fisher,42,18,0,0,-1.3941702842712402
terminal__fisher,42,19,1,1,0.8284773826599121
terminal__fisher,42,20,0,0,-2.3728208541870117
terminal__fisher,42,21,0,0,-1.0979397296905518
terminal__fisher,42,22,1,1,0.515798807144165
terminal__fisher,42,23,0,1,2.3496975898742676
terminal__fisher,42,24,1,1,0.11822158098220825
terminal__fisher,42,25,0,0,-1.4395290613174438
terminal__fisher,42,26,0,1,0.34914878010749817
terminal__fisher,42,27,0,0,-0.49119654297828674
terminal__fisher,42,28,0,0,-1.929027795791626
terminal__fisher,42,29,0,1,0.27938300371170044
terminal__fisher,42,30,0,1,1.3367820978164673
terminal__fisher,42,31,0,0,-3.1089723110198975
terminal__fisher,42,32,1,1,1.86223566532135
terminal__fisher,42,33,1,0,-0.5678274035453796
terminal__fisher,42,34,1,1,2.836536407470703
terminal__fisher,42,35,1,0,-0.9443858861923218
terminal__fisher,42,36,1,1,1.8956620693206787
terminal__fisher,42,37,1,0,-0.7107623219490051
terminal__fisher,42,38,0,1,0.5560201406478882
terminal__fisher,42,39,1,1,0.8496400117874146
terminal__fisher,42,40,0,1,0.51618492603302
terminal__fisher,42,41,1,0,-0.14200899004936218
terminal__fisher,42,42,0,0,-0.7821585536003113
terminal__fisher,42,43,0,1,2.1747334003448486
terminal__fisher,42,44,1,1,2.0986647605895996
terminal__fisher,42,45,0,0,-0.435139924287796
terminal__fisher,42,46,1,0,-0.7165492177009583
terminal__fisher,42,47,1,0,-1.0797001123428345
terminal__fisher,42,48,0,0,-2.437260866165161
terminal__fisher,42,49,1,0,-1.3158758878707886
terminal__fisher,42,50,1,0,-0.12400426715612411
terminal__fisher,42,51,0,1,0.8275229334831238
terminal__fisher,42,52,0,1,0.013005172833800316
terminal__fisher,42,53,1,0,-1.120958685874939
terminal__fisher,42,54,0,1,0.14947405457496643
terminal__fisher,42,55,0,1,0.7906032204627991
terminal__fisher,42,56,1,1,0.20657005906105042
terminal__fisher,42,57,0,0,-0.24279722571372986
terminal__fisher,42,58,1,1,1.0094192028045654
terminal__fisher,42,59,0,0,-0.5656787753105164
terminal__fisher,42,60,1,0,-2.0526068210601807
terminal__fisher,42,61,0,1,1.5853374004364014
terminal__fisher,42,62,0,0,-0.6231338381767273
terminal__fisher,42,63,1,1,0.149073526263237
terminal__fisher,42,64,0,0,-0.7003179788589478
terminal__fisher,42,65,0,1,1.0149515867233276
terminal__fisher,42,66,0,0,-0.6808620691299438
terminal__fisher,42,67,0,0,-1.2419754266738892
terminal__fisher,42,68,0,0,-1.0646333694458008
terminal__fisher,42,69,1,1,0.11123839020729065
terminal__fisher,42,70,0,0,-1.4558109045028687
terminal__fisher,42,71,1,0,-0.9641579985618591
terminal__fisher,42,72,0,0,-0.9690033793449402
terminal__fisher,42,73,0,0,-0.4549057185649872
terminal__fisher,42,74,0,1,1.352121353149414
terminal__fisher,42,75,0,0,-1.0603169202804565
terminal__fisher,42,76,0,0,-1.1940901279449463
terminal__fisher,42,77,1,1,0.20002630352973938
terminal__fisher,42,78,1,0,-0.468143492937088
terminal__fisher,42,79,1,1,1.7253847122192383
terminal__fisher,42,80,0,1,3.411191940307617
terminal__fisher,42,81,1,0,-2.2776191234588623
terminal__fisher,42,82,0,0,-0.8427318334579468
terminal__fisher,42,83,1,1,1.1431877613067627
terminal__fisher,42,84,1,1,0.8946377635002136
terminal__fisher,42,85,1,1,0.6693316102027893
terminal__fisher,42,86,1,1,0.49687573313713074
terminal__fisher,42,87,1,0,-0.8202728629112244
terminal__fisher,42,88,1,1,0.8601284027099609
terminal__fisher,42,89,1,1,0.21005915105342865
terminal__fisher,42,90,1,1,1.8708480596542358
terminal__fisher,42,91,1,1,0.6194084286689758
terminal__fisher,42,92,0,0,-0.22571846842765808
terminal__fisher,42,93,0,0,-0.22645370662212372
terminal__fisher,42,94,0,1,0.8350363373756409
terminal__fisher,42,95,0,1,0.3035363256931305
terminal__fisher,42,96,1,1,0.876477062702179
terminal__fisher,42,97,1,1,1.2138839960098267
terminal__fisher,42,98,1,1,0.897132933139801
terminal__fisher,42,99,0,0,-1.6298789978027344
terminal__fisher,42,100,1,1,1.1423312425613403
terminal__fisher,42,101,1,1,0.024244949221611023
terminal__fisher,42,102,1,0,-0.9726908206939697
terminal__fisher,42,103,0,0,-1.6615489721298218
terminal__fisher,42,104,1,0,-2.1564857959747314
terminal__fisher,42,105,0,1,0.555724561214447
terminal__fisher,42,106,1,1,1.0562329292297363
terminal__fisher,42,107,1,1,1.247356653213501
terminal__fisher,42,108,1,1,0.8092430830001831
terminal__fisher,42,109,0,0,-0.9462575316429138
terminal__fisher,42,110,1,0,-0.44370731711387634
terminal__fisher,42,111,0,1,2.2222907543182373
terminal__fisher,42,112,1,0,-0.05656471103429794
terminal__fisher,42,113,0,0,-1.1770156621932983
terminal__fisher,42,114,0,0,-1.2086906433105469
terminal__fisher,42,115,0,1,1.7626322507858276
terminal__fisher,42,116,1,1,3.2666122913360596
terminal__fisher,42,117,0,0,-1.7666486501693726
terminal__fisher,42,118,0,1,1.026276707649231
terminal__fisher,42,119,1,0,-0.5149980187416077
terminal__fisher,42,120,1,1,2.7618839740753174
terminal__fisher,42,121,1,1,2.041537046432495
terminal__fisher,42,122,1,1,1.462716817855835
terminal__fisher,42,123,0,0,-2.595869779586792
terminal__fisher,42,124,1,0,-0.4224185645580292
terminal__fisher,42,125,1,0,-0.40203651785850525
terminal__fisher,42,126,0,0,-0.10037710517644882
terminal__fisher,42,127,0,1,0.45696133375167847
terminal__fisher,42,128,1,1,0.5360514521598816
terminal__fisher,42,129,1,0,-1.4830628633499146
terminal__fisher,42,130,1,1,2.357393980026245
terminal__fisher,42,131,1,1,0.5618770122528076
terminal__fisher,42,132,1,1,2.4757792949676514
terminal__fisher,42,133,0,0,-1.7572095394134521
terminal__fisher,42,134,0,1,0.31139129400253296
terminal__fisher,42,135,0,0,-0.49439844489097595
terminal__fisher,42,136,0,0,-2.4410383701324463
terminal__fisher,42,137,1,1,0.6160747408866882
terminal__fisher,42,138,1,1,1.074510097503662
terminal__fisher,42,139,0,0,-0.07090362161397934
terminal__fisher,42,140,1,1,2.4687283039093018
terminal__fisher,42,141,1,1,1.5786463022232056
terminal__fisher,42,142,1,1,0.542679488658905
terminal__fisher,42,143,1,1,2.7220239639282227
terminal__fisher,42,144,1,1,0.7997224926948547
terminal__fisher,42,145,1,1,0.8238508105278015
terminal__fisher,42,146,1,1,1.9084910154342651
terminal__fisher,42,147,0,1,0.4048880934715271
terminal__fisher,42,148,0,1,0.18368060886859894
terminal__fisher,42,149,0,0,-2.5453426837921143
terminal__fisher,42,150,1,1,1.0570460557937622
terminal__fisher,42,151,1,1,0.35026267170906067
terminal__fisher,42,152,0,1,2.155618667602539
terminal__fisher,42,153,0,0,-0.8270850777626038
terminal__fisher,42,154,1,0,-1.0375957489013672
terminal__fisher,42,155,1,1,1.5639175176620483
terminal__fisher,42,156,0,0,-3.2204482555389404
terminal__fisher,42,157,0,1,0.43380632996559143
terminal__fisher,42,158,0,0,-1.4627927541732788
terminal__fisher,42,159,0,1,0.7009651064872742
terminal__fisher,42,160,0,0,-0.24197539687156677
terminal__fisher,42,161,1,0,-0.09430929273366928
terminal__fisher,42,162,1,0,-1.9584227800369263
terminal__fisher,42,163,1,0,-1.2864114046096802
terminal__fisher,42,164,1,1,2.075221300125122
terminal__fisher,42,165,1,1,1.239516258239746
terminal__fisher,42,166,1,1,0.9887663722038269
terminal__fisher,42,167,0,0,-0.957759439945221
terminal__fisher,42,168,1,1,0.4424619972705841
terminal__fisher,42,169,0,0,-1.2883950471878052
terminal__fisher,42,170,1,0,-0.5797228217124939
terminal__fisher,42,171,1,0,-0.9420053362846375
terminal__fisher,42,172,0,0,-0.4576711356639862
terminal__fisher,42,173,1,1,1.3560882806777954
terminal__fisher,42,174,0,0,-0.7943779826164246
terminal__fisher,42,175,0,1,0.7075287103652954
terminal__fisher,42,176,1,1,2.09135365486145
terminal__fisher,42,177,1,1,0.9521878361701965
terminal__fisher,42,178,1,0,-0.3431898057460785
terminal__fisher,42,179,0,0,-2.8008816242218018
terminal__fisher,42,180,0,1,0.7486726641654968
terminal__fisher,42,181,1,0,-0.2263093888759613
terminal__fisher,42,182,0,0,-0.6368998885154724
terminal__fisher,42,183,0,0,-1.673584222793579
terminal__fisher,42,184,0,0,-1.9035499095916748
terminal__fisher,42,185,0,0,-1.1516990661621094
terminal__fisher,42,186,0,0,-0.6134013533592224
terminal__fisher,42,187,1,1,1.0091029405593872
terminal__fisher,42,188,1,1,0.7038574814796448
terminal__fisher,42,189,0,0,-1.082719326019287
terminal__fisher,42,190,0,0,-0.2455812394618988
terminal__fisher,42,191,0,0,-0.37803730368614197
terminal__fisher,42,192,0,1,1.1609234809875488
terminal__fisher,42,193,1,1,0.5520525574684143
terminal__fisher,42,194,0,0,-2.0504138469696045
terminal__fisher,42,195,0,0,-1.898427128791809
terminal__fisher,42,196,0,1,1.0669220685958862
terminal__fisher,42,197,1,1,1.295615553855896
terminal__fisher,42,198,0,0,-1.374306082725525
terminal__fisher,42,199,0,0,-1.9328941106796265
terminal__fisher,42,200,1,1,0.008662110194563866
terminal__fisher,42,201,0,0,-0.8917456269264221
terminal__fisher,42,202,0,1,0.9730708003044128
terminal__fisher,42,203,0,0,-0.7617760300636292
terminal__fisher,42,204,1,1,0.44693902134895325
terminal__fisher,42,205,1,0,-2.464953660964966
terminal__fisher,42,206,1,1,0.5806062817573547
terminal__fisher,42,207,0,0,-0.965411901473999
terminal__fisher,42,208,0,0,-0.7500344514846802
terminal__fisher,42,209,0,0,-0.9406995177268982
terminal__fisher,42,210,1,0,-0.32475143671035767
terminal__fisher,42,211,1,1,0.4746622145175934
terminal__fisher,42,212,1,1,1.2340686321258545
terminal__fisher,42,213,0,1,1.1450496912002563
terminal__fisher,42,214,0,0,-2.941976308822632
terminal__fisher,42,215,0,0,-3.0182058811187744
terminal__fisher,42,216,1,0,-2.1544029712677
terminal__fisher,42,217,0,1,0.06191185116767883
terminal__fisher,42,218,1,1,2.486910104751587
terminal__fisher,42,219,1,0,-0.09109590947628021
terminal__fisher,42,220,1,0,-1.7847543954849243
terminal__fisher,42,221,1,1,0.05586329847574234
terminal__fisher,42,222,1,1,1.528183102607727
terminal__fisher,42,223,1,1,1.4967790842056274
terminal__fisher,42,224,1,1,4.724007606506348
terminal__fisher,42,225,0,0,-0.16211852431297302
terminal__fisher,42,226,1,1,0.7103044390678406
terminal__fisher,42,227,0,0,-1.028250813484192
terminal__fisher,42,228,0,0,-1.5004184246063232
terminal__fisher,42,229,0,0,-1.6396887302398682
terminal__fisher,42,230,1,1,2.2177820205688477
terminal__fisher,42,231,0,0,-0.763805091381073
terminal__fisher,42,232,1,1,1.0709034204483032
terminal__fisher,42,233,1,0,-1.6957899332046509
terminal__fisher,42,234,1,1,1.76645028591156
terminal__fisher,42,235,0,1,1.3543633222579956
terminal__fisher,42,236,1,1,2.3598220348358154
terminal__fisher,42,237,1,0,-0.7409917116165161
terminal__fisher,42,238,0,1,0.6733250021934509
terminal__fisher,42,239,0,0,-0.3724188208580017
terminal__fisher,42,240,0,0,-0.379347026348114
terminal__fisher,42,241,1,0,-0.09025128930807114
terminal__fisher,42,242,1,0,-1.0363408327102661
terminal__fisher,42,243,0,1,0.21477757394313812
terminal__fisher,42,244,1,1,1.5340572595596313
terminal__fisher,42,245,1,1,0.758844792842865
terminal__fisher,42,246,0,1,0.46911755204200745
terminal__fisher,42,247,1,1,0.21249137818813324
terminal__fisher,42,248,1,1,1.6747652292251587
terminal__fisher,42,249,1,0,-0.19463376700878143
terminal__fisher,42,250,1,0,-0.5804780125617981
terminal__fisher,42,251,1,1,4.354665756225586
terminal__fisher,42,252,0,0,-0.8475210666656494
terminal__fisher,42,253,1,1,2.264030694961548
terminal__fisher,42,254,0,1,1.0548194646835327
terminal__fisher,42,255,1,1,0.4861889183521271
terminal__fisher,42,256,0,1,0.6271237730979919
terminal__fisher,42,257,0,0,-1.6125253438949585
terminal__fisher,42,258,0,1,0.351543128490448
terminal__fisher,42,259,0,1,0.3061214089393616
terminal__fisher,42,260,0,0,-2.245474100112915
terminal__fisher,42,261,0,0,-0.6568406820297241
terminal__fisher,42,262,1,1,1.6069895029067993
terminal__fisher,42,263,1,1,0.7411028742790222
terminal__fisher,42,264,1,1,1.4107047319412231
terminal__fisher,42,265,0,1,0.16701140999794006
terminal__fisher,42,266,1,1,0.7535857558250427
terminal__fisher,42,267,1,0,-3.68046498298645
terminal__fisher,42,268,1,1,2.231562614440918
terminal__fisher,42,269,0,1,0.17130222916603088
terminal__fisher,42,270,1,0,-0.49212557077407837
terminal__fisher,42,271,0,0,-2.385073184967041
terminal__fisher,42,272,0,0,-0.9055935740470886
terminal__fisher,42,273,1,1,0.3590168058872223
terminal__fisher,42,274,1,0,-1.8424712419509888
terminal__fisher,42,275,0,0,-1.3312243223190308
terminal__fisher,42,276,0,0,-1.9137957096099854
terminal__fisher,42,277,1,1,0.432634174823761
terminal__fisher,42,278,0,0,-4.634000778198242
terminal__fisher,42,279,0,0,-1.226169466972351
terminal__fisher,42,280,1,1,0.5887146592140198
terminal__fisher,42,281,0,0,-2.4006099700927734
terminal__fisher,42,282,0,0,-1.3080298900604248
terminal__fisher,42,283,0,0,-2.0680630207061768
terminal__fisher,42,284,1,1,0.032937001436948776
terminal__fisher,42,285,0,0,-1.9877687692642212
terminal__fisher,42,286,0,1,0.5471152663230896
terminal__fisher,42,287,1,1,1.2908202409744263
terminal__fisher,42,288,1,1,0.44327133893966675
terminal__fisher,42,289,0,1,0.406833291053772
terminal__fisher,42,290,0,0,-1.0974420309066772
terminal__fisher,42,291,1,1,1.0988401174545288
terminal__fisher,42,292,1,0,-0.944031298160553
terminal__fisher,42,293,1,1,0.7728858590126038
terminal__fisher,42,294,0,1,0.27698859572410583
terminal__fisher,42,295,1,1,1.0487850904464722
terminal__fisher,42,296,0,1,0.9265235066413879
terminal__fisher,42,297,1,0,-0.18413709104061127
terminal__fisher,42,298,1,1,1.6244014501571655
terminal__fisher,42,299,1,1,4.944866180419922
terminal__fisher,42,300,0,1,2.1351799964904785
terminal__fisher,42,301,1,1,0.4110450744628906
terminal__fisher,42,302,1,0,-0.7205528616905212
terminal__fisher,42,303,0,0,-4.185248374938965
terminal__fisher,42,304,1,1,0.5589385628700256
terminal__fisher,42,305,0,0,-1.1329916715621948
terminal__fisher,42,306,0,0,-2.3887875080108643
terminal__fisher,42,307,0,0,-0.65782630443573
terminal__fisher,42,308,0,0,-1.8319166898727417
terminal__fisher,42,309,0,0,-0.40211257338523865
terminal__fisher,42,310,0,0,-1.9970862865447998
terminal__fisher,42,311,0,0,-0.6259287595748901
terminal__fisher,42,312,0,0,-1.0005468130111694
terminal__fisher,42,313,0,0,-3.16984486579895
terminal__fisher,42,314,0,0,-2.0102250576019287
terminal__fisher,42,315,0,1,0.6805139183998108
combined__logistic,42,0,0,0,-0.344088839342356
combined__logistic,42,1,1,0,-2.350256631900545
combined__logistic,42,2,0,0,-1.6405376158052383
combined__logistic,42,3,1,1,1.4098154325200338
combined__logistic,42,4,0,0,-2.902010803449803
combined__logistic,42,5,1,0,-0.6307423281722901
combined__logistic,42,6,0,0,-0.9300094957993716
combined__logistic,42,7,1,1,1.7286912027496124
combined__logistic,42,8,0,1,0.7451145991686454
combined__logistic,42,9,0,0,-4.990286532671235
combined__logistic,42,10,1,0,-3.0343177911338843
combined__logistic,42,11,1,1,1.3631194683071972
combined__logistic,42,12,0,0,-1.9238114426001722
combined__logistic,42,13,0,0,-6.766823937937203
combined__logistic,42,14,1,1,1.0418319436455956
combined__logistic,42,15,1,0,-0.17063433042441806
combined__logistic,42,16,1,0,-1.834178303986857
combined__logistic,42,17,0,0,-4.214343404603839
combined__logistic,42,18,0,0,-0.6620586134237889
combined__logistic,42,19,1,1,2.964286355799729
combined__logistic,42,20,0,0,-4.556232610661091
combined__logistic,42,21,0,0,-4.818038248445681
combined__logistic,42,22,1,1,3.39877424797926
combined__logistic,42,23,0,1,1.258840778923275
combined__logistic,42,24,1,1,0.7940240042649042
combined__logistic,42,25,0,0,-2.434720827761987
combined__logistic,42,26,0,1,0.9069288178244191
combined__logistic,42,27,0,0,-1.9936238624452978
combined__logistic,42,28,0,0,-2.748425318937688
combined__logistic,42,29,0,1,2.712319620217633
combined__logistic,42,30,0,1,2.976700469307642
combined__logistic,42,31,0,0,-3.2825356377333863
combined__logistic,42,32,1,1,3.373145573656651
combined__logistic,42,33,1,1,0.6079144235247776
combined__logistic,42,34,1,1,3.6318126549604477
combined__logistic,42,35,1,0,-2.9651315988339135
combined__logistic,42,36,1,1,2.2496281712563277
combined__logistic,42,37,1,0,-4.042437501895382
combined__logistic,42,38,0,0,-0.23858804597421446
combined__logistic,42,39,1,0,-0.20158446455676077
combined__logistic,42,40,0,1,1.4316956728394847
combined__logistic,42,41,1,1,1.0500606705188333
combined__logistic,42,42,0,0,-2.8804291315139516
combined__logistic,42,43,0,0,-4.149047898818278
combined__logistic,42,44,1,1,3.3367216483289646
combined__logistic,42,45,0,0,-0.6145261248308527
combined__logistic,42,46,1,0,-1.9434591356670556
combined__logistic,42,47,1,1,1.080511719469918
combined__logistic,42,48,0,0,-7.4358238274279485
combined__logistic,42,49,1,0,-4.953220832289859
combined__logistic,42,50,1,1,0.7670525300558322
combined__logistic,42,51,0,1,1.6361060228659075
combined__logistic,42,52,0,1,1.3721337230391022
combined__logistic,42,53,1,0,-0.7595710508874782
combined__logistic,42,54,0,0,-0.015261302716190993
combined__logistic,42,55,0,0,-3.1726912443597923
combined__logistic,42,56,1,1,2.4800562082144157
combined__logistic,42,57,0,1,0.6361355624817241
combined__logistic,42,58,1,1,3.054663413620675
combined__logistic,42,59,0,0,-0.8986063711242526
combined__logistic,42,60,1,0,-2.7584718418892837
combined__logistic,42,61,0,1,4.273772127173643
combined__logistic,42,62,0,1,0.6018049012291145
combined__logistic,42,63,1,0,-0.4588550879414311
combined__logistic,42,64,0,0,-2.152289648533643
combined__logistic,42,65,0,1,3.036623593190297
combined__logistic,42,66,0,1,0.1419219363497089
combined__logistic,42,67,0,1,0.6444997562011407
combined__logistic,42,68,0,1,0.30764794060441414
combined__logistic,42,69,1,0,-1.1763307560351381
combined__logistic,42,70,0,0,-1.4445664655491004
combined__logistic,42,71,1,0,-1.2136488811452488
combined__logistic,42,72,0,1,2.809761036042946
combined__logistic,42,73,0,1,0.7419605518365514
combined__logistic,42,74,0,1,1.292793976161364
combined__logistic,42,75,0,0,-3.505885119348911
combined__logistic,42,76,0,0,-2.066620087700502
combined__logistic,42,77,1,1,0.6091877092472721
combined__logistic,42,78,1,0,-0.9637059412731317
combined__logistic,42,79,1,0,-0.0271978386545082
combined__logistic,42,80,0,1,7.213065650705522
combined__logistic,42,81,1,0,-1.6973913145320587
combined__logistic,42,82,0,0,-1.3301270709662985
combined__logistic,42,83,1,1,0.684703045206063
combined__logistic,42,84,1,0,-1.891025433606597
combined__logistic,42,85,1,0,-0.0182803381363959
combined__logistic,42,86,1,1,0.764518539258146
combined__logistic,42,87,1,0,-1.1274096707617949
combined__logistic,42,88,1,1,3.5681964138070277
combined__logistic,42,89,1,1,1.3070143510116428
combined__logistic,42,90,1,1,4.3854129925644525
combined__logistic,42,91,1,1,2.038630605048082
combined__logistic,42,92,0,0,-0.04106862509074542
combined__logistic,42,93,0,0,-1.1460913027889956
combined__logistic,42,94,0,1,0.2051323244290782
combined__logistic,42,95,0,1,0.3375281045597557
combined__logistic,42,96,1,0,-1.6766695057819383
combined__logistic,42,97,1,0,-0.5222505096207786
combined__logistic,42,98,1,1,1.4513250656949783
combined__logistic,42,99,0,0,-0.07489503054946955
combined__logistic,42,100,1,1,1.6921370801812377
combined__logistic,42,101,1,1,0.1804281740836084
combined__logistic,42,102,1,0,-0.9100148680683418
combined__logistic,42,103,0,0,-3.6703372643192544
combined__logistic,42,104,1,0,-1.9552719646318968
combined__logistic,42,105,0,0,-0.3231743425594615
combined__logistic,42,106,1,1,0.42725665039816735
combined__logistic,42,107,1,1,2.6457756922185895
combined__logistic,42,108,1,0,-1.736425958204412
combined__logistic,42,109,0,1,0.11710604855068407
combined__logistic,42,110,1,1,2.5233318844510446
combined__logistic,42,111,0,0,-0.5350580733295016
combined__logistic,42,112,1,1,1.4014746274366117
combined__logistic,42,113,0,0,-4.555861803128682
combined__logistic,42,114,0,0,-3.5288694703975754
combined__logistic,42,115,0,1,2.9891224419359625
combined__logistic,42,116,1,1,4.527313753746752
combined__logistic,42,117,0,0,-8.513452456620453
combined__logistic,42,118,0,1,1.686089748722828
combined__logistic,42,119,1,1,4.018141142854082
combined__logistic,42,120,1,1,4.451853459616726
combined__logistic,42,121,1,1,3.3785674258935137
combined__logistic,42,122,1,1,0.3214719465409204
combined__logistic,42,123,0,0,-2.628923983082593
combined__logistic,42,124,1,0,-3.041908754835146
combined__logistic,42,125,1,0,-0.6010350225271494
combined__logistic,42,126,0,0,-0.17580363145824987
combined__logistic,42,127,0,0,-0.15619461659328088
combined__logistic,42,128,1,1,0.668561361845931
combined__logistic,42,129,1,1,2.003730568501816
combined__logistic,42,130,1,1,2.9638892606861504
combined__logistic,42,131,1,1,0.42610094700315243
combined__logistic,42,132,1,1,4.713521774609785
combined__logistic,42,133,0,1,0.7393070033419885
combined__logistic,42,134,0,1,2.163863810963179
combined__logistic,42,135,0,0,-7.3338205533473415
combined__logistic,42,136,0,0,-2.310327965502473
combined__logistic,42,137,1,1,3.2562808722051404
combined__logistic,42,138,1,1,4.111235295749946
combined__logistic,42,139,0,1,0.7369298881044362
combined__logistic,42,140,1,1,3.181835252425313
combined__logistic,42,141,1,0,-1.4163999164726093
combined__logistic,42,142,1,1,0.6818513134087612
combined__logistic,42,143,1,1,4.455546464203898
combined__logistic,42,144,1,1,1.9253462978540867
combined__logistic,42,145,1,1,2.7232669047365015
combined__logistic,42,146,1,1,2.9815922412755755
combined__logistic,42,147,0,1,2.431236270200789
combined__logistic,42,148,0,0,-0.9269167676161001
combined__logistic,42,149,0,0,-4.741603563894766
combined__logistic,42,150,1,1,2.6749690565965243
combined__logistic,42,151,1,1,0.7778952257538374
combined__logistic,42,152,0,0,-1.0904248854567005
combined__logistic,42,153,0,0,-0.3676285179519823
combined__logistic,42,154,1,1,0.32947627747524993
combined__logistic,42,155,1,1,1.654360674095718
combined__logistic,42,156,0,0,-5.732532624919596
combined__logistic,42,157,0,1,1.1523843706761134
combined__logistic,42,158,0,0,-4.625802835269457
combined__logistic,42,159,0,0,-1.501158708819883
combined__logistic,42,160,0,1,1.1744500428136049
combined__logistic,42,161,1,1,5.709627552474852
combined__logistic,42,162,1,0,-4.178967938712535
combined__logistic,42,163,1,0,-1.8430851340762882
combined__logistic,42,164,1,1,4.8725216346143005
combined__logistic,42,165,1,1,1.0825594104095255
combined__logistic,42,166,1,0,-1.3871521675223843
combined__logistic,42,167,0,0,-4.589127427516029
combined__logistic,42,168,1,1,2.4833520942912166
combined__logistic,42,169,0,0,-2.3108596077639123
combined__logistic,42,170,1,1,0.5303836376747693
combined__logistic,42,171,1,0,-0.6467720926874665
combined__logistic,42,172,0,0,-1.9953045256790753
combined__logistic,42,173,1,1,4.891641860495621
combined__logistic,42,174,0,0,-4.007907296263837
combined__logistic,42,175,0,1,2.954385359126556
combined__logistic,42,176,1,1,3.423706503679471
combined__logistic,42,177,1,1,3.0011754533844868
combined__logistic,42,178,1,1,2.7484646244452993
combined__logistic,42,179,0,0,-7.501356680358476
combined__logistic,42,180,0,0,-2.514245943314537
combined__logistic,42,181,1,1,6.479835080998332
combined__logistic,42,182,0,0,-2.8388672012223877
combined__logistic,42,183,0,0,-1.717678964313679
combined__logistic,42,184,0,0,-0.6551675390947256
combined__logistic,42,185,0,0,-2.7755399300727017
combined__logistic,42,186,0,0,-0.43604815220341725
combined__logistic,42,187,1,1,2.6519924125709373
combined__logistic,42,188,1,1,0.7947198989586595
combined__logistic,42,189,0,0,-0.9929689057562769
combined__logistic,42,190,0,1,6.517020079218808
combined__logistic,42,191,0,1,0.848090701061812
combined__logistic,42,192,0,0,-0.2552780191488955
combined__logistic,42,193,1,1,3.017504469325469
combined__logistic,42,194,0,0,-4.569119282110664
combined__logistic,42,195,0,0,-2.697204712988782
combined__logistic,42,196,0,1,2.2039493011261393
combined__logistic,42,197,1,1,1.8423257378991427
combined__logistic,42,198,0,0,-4.296650685172853
combined__logistic,42,199,0,0,-0.09998808690932154
combined__logistic,42,200,1,1,1.5728237259120292
combined__logistic,42,201,0,0,-5.963867774528056
combined__logistic,42,202,0,0,-1.0748710757829143
combined__logistic,42,203,0,0,-4.050894334898513
combined__logistic,42,204,1,1,0.7013842806006052
combined__logistic,42,205,1,0,-4.7458658467483
combined__logistic,42,206,1,0,-0.44344251986749605
combined__logistic,42,207,0,0,-0.1529475968729202
combined__logistic,42,208,0,1,0.36706659928442464
combined__logistic,42,209,0,0,-1.30877510324456
combined__logistic,42,210,1,0,-0.06287029901331359
combined__logistic,42,211,1,1,0.269723020065359
combined__logistic,42,212,1,1,1.2882001057150918
combined__logistic,42,213,0,1,0.6991620644197241
combined__logistic,42,214,0,0,-7.529268831237308
combined__logistic,42,215,0,0,-6.943753193680427
combined__logistic,42,216,1,0,-2.6169430365851407
combined__logistic,42,217,0,0,-1.7801870433181688
combined__logistic,42,218,1,1,7.980897744145892
combined__logistic,42,219,1,0,-0.9757236886016958
combined__logistic,42,220,1,0,-1.2890687639833551
combined__logistic,42,221,1,0,-0.9144045671677545
combined__logistic,42,222,1,1,0.8399278120534767
combined__logistic,42,223,1,1,2.4074774402472148
combined__logistic,42,224,1,1,6.17535862974096
combined__logistic,42,225,0,0,-0.810598921228325
combined__logistic,42,226,1,1,4.524577815659599
combined__logistic,42,227,0,0,-0.37663009906234374
combined__logistic,42,228,0,0,-6.119601452469407
combined__logistic,42,229,0,0,-2.3632576010707735
combined__logistic,42,230,1,1,3.532031968919124
combined__logistic,42,231,0,0,-0.12007489175804181
combined__logistic,42,232,1,1,1.7043753260845744
combined__logistic,42,233,1,0,-0.0020727839458032915
combined__logistic,42,234,1,1,1.6304467871923267
combined__logistic,42,235,0,0,-2.1761242799586116
combined__logistic,42,236,1,1,2.5635043411505176
combined__logistic,42,237,1,1,0.6612564661910474
combined__logistic,42,238,0,1,2.2946151660116905
combined__logistic,42,239,0,0,-1.0820384435221932
combined__logistic,42,240,0,1,2.137472602518662
combined__logistic,42,241,1,0,-2.6735345083583857
combined__logistic,42,242,1,0,-4.974318714320988
combined__logistic,42,243,0,0,-0.7203313968159499
combined__logistic,42,244,1,1,2.388193549914419
combined__logistic,42,245,1,1,7.658364664301204
combined__logistic,42,246,0,0,-0.3173862961346705
combined__logistic,42,247,1,1,2.097313884059531
combined__logistic,42,248,1,1,1.4937051551146947
combined__logistic,42,249,1,1,1.1817904320504484
combined__logistic,42,250,1,1,0.11372125497648417
combined__logistic,42,251,1,1,10.071966231118461
combined__logistic,42,252,0,0,-2.07763021528499
combined__logistic,42,253,1,0,-0.1422325663993289
combined__logistic,42,254,0,0,-1.337368667582238
combined__logistic,42,255,1,1,1.5898028705664908
combined__logistic,42,256,0,1,2.4500630497266513
combined__logistic,42,257,0,0,-1.1913730438682613
combined__logistic,42,258,0,1,2.212030668974491
combined__logistic,42,259,0,0,-0.813011957647559
combined__logistic,42,260,0,0,-8.823555816350266
combined__logistic,42,261,0,1,2.37542874895889
combined__logistic,42,262,1,1,4.093952783125245
combined__logistic,42,263,1,1,1.959932662165827
combined__logistic,42,264,1,0,-0.2771692406695611
combined__logistic,42,265,0,0,-1.139985164086928
combined__logistic,42,266,1,1,1.8599667623373213
combined__logistic,42,267,1,0,-1.008048995309747
combined__logistic,42,268,1,1,2.4510899230078893
combined__logistic,42,269,0,0,-0.6825771748329099
combined__logistic,42,270,1,0,-3.8849573760137837
combined__logistic,42,271,0,0,-2.2020133094351744
combined__logistic,42,272,0,0,-1.2533641473846526
combined__logistic,42,273,1,0,-0.3391256648852639
combined__logistic,42,274,1,0,-0.42408435184397053
combined__logistic,42,275,0,0,-3.2002150054653224
combined__logistic,42,276,0,0,-5.679368865580214
combined__logistic,42,277,1,0,-0.10649282709117408
combined__logistic,42,278,0,0,-6.798875746694693
combined__logistic,42,279,0,0,-4.414170345520939
combined__logistic,42,280,1,1,3.176606740521217
combined__logistic,42,281,0,0,-8.269589767931153
combined__logistic,42,282,0,0,-1.6683483429937067
combined__logistic,42,283,0,0,-0.691096116756812
combined__logistic,42,284,1,1,1.0676563920924778
combined__logistic,42,285,0,0,-2.230678134588052
combined__logistic,42,286,0,1,2.700572682016357
combined__logistic,42,287,1,1,2.466790187433311
combined__logistic,42,288,1,1,0.9128001869831075
combined__logistic,42,289,0,0,-1.6484100246893305
combined__logistic,42,290,0,0,-2.8252477724384306
combined__logistic,42,291,1,1,4.819734162840576
combined__logistic,42,292,1,1,1.0035748474292387
combined__logistic,42,293,1,1,2.177047297232308
combined__logistic,42,294,0,0,-1.0453447635370556
combined__logistic,42,295,1,0,-1.0225313880887563
combined__logistic,42,296,0,1,2.8638035873936527
combined__logistic,42,297,1,1,3.2614853409988718
combined__logistic,42,298,1,1,3.1393993186392026
combined__logistic,42,299,1,1,8.02912327672602
combined__logistic,42,300,0,1,4.169466034702347
combined__logistic,42,301,1,1,1.1469301664597897
combined__logistic,42,302,1,0,-0.9939040747922459
combined__logistic,42,303,0,0,-3.434037522047015
combined__logistic,42,304,1,1,4.007385110643436
combined__logistic,42,305,0,1,2.2886187499626214
combined__logistic,42,306,0,0,-0.9006194635102307
combined__logistic,42,307,0,0,-1.279408034703111
combined__logistic,42,308,0,1,0.5269765589454898
combined__logistic,42,309,0,0,-4.350570714869257
combined__logistic,42,310,0,0,-1.6948674845027334
combined__logistic,42,311,0,0,-0.6343823256350258
combined__logistic,42,312,0,1,0.2439100654679331
combined__logistic,42,313,0,0,-8.206030337654896
combined__logistic,42,314,0,0,-3.5153824587901283
combined__logistic,42,315,0,0,-0.9882776233674961
combined__fisher,42,0,0,0,-1.7578078508377075
combined__fisher,42,1,1,0,-2.3631203174591064
combined__fisher,42,2,0,0,-1.073178768157959
combined__fisher,42,3,1,1,1.1998833417892456
combined__fisher,42,4,0,0,-1.2003154754638672
combined__fisher,42,5,1,0,-0.5283278226852417
combined__fisher,42,6,0,0,-0.5273194313049316
combined__fisher,42,7,1,1,0.3918305039405823
combined__fisher,42,8,0,1,1.1083226203918457
combined__fisher,42,9,0,0,-3.7903990745544434
combined__fisher,42,10,1,0,-4.086839199066162
combined__fisher,42,11,1,1,0.8351032137870789
combined__fisher,42,12,0,0,-1.4254858493804932
combined__fisher,42,13,0,0,-5.51564359664917
combined__fisher,42,14,1,0,-0.13445588946342468
combined__fisher,42,15,1,1,0.859225332736969
combined__fisher,42,16,1,0,-2.480351686477661
combined__fisher,42,17,0,0,-3.3493852615356445
combined__fisher,42,18,0,0,-0.8123750686645508
combined__fisher,42,19,1,1,2.0050978660583496
combined__fisher,42,20,0,0,-3.8118057250976562
combined__fisher,42,21,0,0,-5.015110015869141
combined__fisher,42,22,1,1,2.2069904804229736
combined__fisher,42,23,0,1,0.5822840332984924
combined__fisher,42,24,1,1,0.40756604075431824
combined__fisher,42,25,0,0,-1.8582563400268555
combined__fisher,42,26,0,1,0.7922315001487732
combined__fisher,42,27,0,0,-1.8768718242645264
combined__fisher,42,28,0,0,-2.4382896423339844
combined__fisher,42,29,0,1,0.8383028507232666
combined__fisher,42,30,0,1,4.096222877502441
combined__fisher,42,31,0,0,-1.9977880716323853
combined__fisher,42,32,1,1,3.3148789405822754
combined__fisher,42,33,1,0,-0.7923682332038879
combined__fisher,42,34,1,1,2.855851411819458
combined__fisher,42,35,1,0,-2.0202012062072754
combined__fisher,42,36,1,1,2.924368143081665
combined__fisher,42,37,1,0,-4.461369037628174
combined__fisher,42,38,0,1,0.014624744653701782
combined__fisher,42,39,1,0,-0.2824009358882904
combined__fisher,42,40,0,1,1.1997504234313965
combined__fisher,42,41,1,1,1.1558220386505127
combined__fisher,42,42,0,0,-2.876051902770996
combined__fisher,42,43,0,0,-1.8491568565368652
combined__fisher,42,44,1,1,3.8458502292633057
combined__fisher,42,45,0,0,-1.0588300228118896
combined__fisher,42,46,1,0,-1.6386725902557373
combined__fisher,42,47,1,1,0.4464288055896759
combined__fisher,42,48,0,0,-5.157597064971924
combined__fisher,42,49,1,0,-4.361110687255859
combined__fisher,42,50,1,1,0.8529039025306702
combined__fisher,42,51,0,1,1.251852035522461
combined__fisher,42,52,0,1,1.6560136079788208
combined__fisher,42,53,1,0,-1.1037497520446777
combined__fisher,42,54,0,0,-0.24264849722385406
combined__fisher,42,55,0,0,-2.796978235244751
combined__fisher,42,56,1,1,1.6358410120010376
combined__fisher,42,57,0,1,1.1317973136901855
combined__fisher,42,58,1,1,2.2591280937194824
combined__fisher,42,59,0,0,-0.33983126282691956
combined__fisher,42,60,1,0,-3.277176856994629
combined__fisher,42,61,0,1,3.2301769256591797
combined__fisher,42,62,0,0,-0.5939809083938599
combined__fisher,42,63,1,0,-0.6970204710960388
combined__fisher,42,64,0,0,-1.5494787693023682
combined__fisher,42,65,0,1,2.520587205886841
combined__fisher,42,66,0,0,-0.3892236649990082
combined__fisher,42,67,0,1,0.6427379846572876
combined__fisher,42,68,0,1,0.16429784893989563
combined__fisher,42,69,1,0,-1.0607033967971802
combined__fisher,42,70,0,0,-1.2846169471740723
combined__fisher,42,71,1,0,-0.8651005625724792
combined__fisher,42,72,0,1,2.2426364421844482
combined__fisher,42,73,0,1,0.7435632348060608
combined__fisher,42,74,0,1,1.0676677227020264
combined__fisher,42,75,0,0,-2.310551881790161
combined__fisher,42,76,0,0,-2.7976152896881104
combined__fisher,42,77,1,0,-0.5668120980262756
combined__fisher,42,78,1,0,-0.5175898671150208
combined__fisher,42,79,1,0,-0.149459570646286
combined__fisher,42,80,0,1,6.890562534332275
combined__fisher,42,81,1,0,-1.0048718452453613
combined__fisher,42,82,0,0,-1.1789710521697998
combined__fisher,42,83,1,1,0.42294949293136597
combined__fisher,42,84,1,0,-0.5249254703521729
combined__fisher,42,85,1,1,0.3990173637866974
combined__fisher,42,86,1,1,0.8237366676330566
combined__fisher,42,87,1,0,-0.32906660437583923
combined__fisher,42,88,1,1,3.5803720951080322
combined__fisher,42,89,1,1,0.4857359230518341
combined__fisher,42,90,1,1,4.391678810119629
combined__fisher,42,91,1,1,1.6296169757843018
combined__fisher,42,92,0,0,-0.8972800374031067
combined__fisher,42,93,0,0,-0.9208261370658875
combined__fisher,42,94,0,1,3.220278263092041
combined__fisher,42,95,0,1,0.4020264446735382
combined__fisher,42,96,1,0,-0.7773029804229736
combined__fisher,42,97,1,0,-0.22954383492469788
combined__fisher,42,98,1,1,1.1513100862503052
combined__fisher,42,99,0,0,-0.8791067600250244
combined__fisher,42,100,1,1,1.9562621116638184
combined__fisher,42,101,1,1,0.632136881351471
combined__fisher,42,102,1,0,-0.4215650260448456
combined__fisher,42,103,0,0,-3.841163396835327
combined__fisher,42,104,1,0,-2.348214626312256
combined__fisher,42,105,0,0,-0.37095674872398376
combined__fisher,42,106,1,1,0.7918327450752258
combined__fisher,42,107,1,1,3.01705002784729
combined__fisher,42,108,1,0,-0.8809162974357605
combined__fisher,42,109,0,0,-0.7315095663070679
combined__fisher,42,110,1,1,1.7915971279144287
combined__fisher,42,111,0,1,0.4163348972797394
combined__fisher,42,112,1,1,0.794111967086792
combined__fisher,42,113,0,0,-3.2186014652252197
combined__fisher,42,114,0,0,-2.5240299701690674
combined__fisher,42,115,0,1,2.795605182647705
combined__fisher,42,116,1,1,4.448744297027588
combined__fisher,42,117,0,0,-7.216394424438477
combined__fisher,42,118,0,1,1.8613044023513794
combined__fisher,42,119,1,0,-0.3274981677532196
combined__fisher,42,120,1,1,4.6463799476623535
combined__fisher,42,121,1,1,5.080643177032471
combined__fisher,42,122,1,1,0.38153672218322754
combined__fisher,42,123,0,0,-1.762560486793518
combined__fisher,42,124,1,0,-2.4221432209014893
combined__fisher,42,125,1,0,-0.27758273482322693
combined__fisher,42,126,0,1,0.17745785415172577
combined__fisher,42,127,0,1,1.6462371349334717
combined__fisher,42,128,1,1,0.09906676411628723
combined__fisher,42,129,1,1,2.313453435897827
combined__fisher,42,130,1,1,2.846587657928467
combined__fisher,42,131,1,1,1.2198071479797363
combined__fisher,42,132,1,1,4.227282524108887
combined__fisher,42,133,0,1,0.17340342700481415
combined__fisher,42,134,0,1,1.6607389450073242
combined__fisher,42,135,0,0,-5.080270767211914
combined__fisher,42,136,0,0,-3.5881505012512207
combined__fisher,42,137,1,1,2.4590015411376953
combined__fisher,42,138,1,1,3.850818157196045
combined__fisher,42,139,0,1,0.6007747054100037
combined__fisher,42,140,1,1,2.8998496532440186
combined__fisher,42,141,1,0,-0.679236650466919
combined__fisher,42,142,1,1,0.714380145072937
combined__fisher,42,143,1,1,4.760769367218018
combined__fisher,42,144,1,1,1.1649879217147827
combined__fisher,42,145,1,1,2.117327928543091
combined__fisher,42,146,1,1,2.5767822265625
combined__fisher,42,147,0,1,1.9632490873336792
combined__fisher,42,148,0,0,-0.764238715171814
combined__fisher,42,149,0,0,-5.402890205383301
combined__fisher,42,150,1,1,1.956083059310913
combined__fisher,42,151,1,0,-0.07776154577732086
combined__fisher,42,152,0,0,-0.1548459231853485
combined__fisher,42,153,0,1,1.2022888660430908
combined__fisher,42,154,1,0,-0.028337387368083
combined__fisher,42,155,1,1,0.36715641617774963
combined__fisher,42,156,0,0,-4.765206336975098
combined__fisher,42,157,0,1,1.5462591648101807
combined__fisher,42,158,0,0,-4.470950603485107
combined__fisher,42,159,0,0,-1.2769988775253296
combined__fisher,42,160,0,1,0.0003073662519454956
combined__fisher,42,161,1,1,3.12274169921875
combined__fisher,42,162,1,0,-3.669860363006592
combined__fisher,42,163,1,0,-2.268359661102295
combined__fisher,42,164,1,1,3.929035186767578
combined__fisher,42,165,1,1,1.3507728576660156
combined__fisher,42,166,1,0,-1.106165885925293
combined__fisher,42,167,0,0,-3.368204116821289
combined__fisher,42,168,1,1,1.8388515710830688
combined__fisher,42,169,0,0,-2.1239736080169678
combined__fisher,42,170,1,1,0.348809152841568
combined__fisher,42,171,1,0,-0.47237682342529297
combined__fisher,42,172,0,0,-1.4283146858215332
combined__fisher,42,173,1,1,3.8588802814483643
combined__fisher,42,174,0,0,-4.3561787605285645
combined__fisher,42,175,0,1,2.5344388484954834
combined__fisher,42,176,1,1,4.273076057434082
combined__fisher,42,177,1,1,3.6250083446502686
combined__fisher,42,178,1,1,1.6810230016708374
combined__fisher,42,179,0,0,-6.586803436279297
combined__fisher,42,180,0,0,-2.549903392791748
combined__fisher,42,181,1,1,5.234941482543945
combined__fisher,42,182,0,0,-1.4700987339019775
combined__fisher,42,183,0,0,-2.8729288578033447
combined__fisher,42,184,0,0,-1.2734203338623047
combined__fisher,42,185,0,0,-1.6800696849822998
combined__fisher,42,186,0,0,-0.04263374209403992
combined__fisher,42,187,1,1,3.0134835243225098
combined__fisher,42,188,1,1,0.7709324359893799
combined__fisher,42,189,0,0,-0.7051619291305542
combined__fisher,42,190,0,1,1.8558568954467773
combined__fisher,42,191,0,1,0.48211219906806946
combined__fisher,42,192,0,1,0.3627907931804657
combined__fisher,42,193,1,1,0.981417179107666
combined__fisher,42,194,0,0,-3.4943699836730957
combined__fisher,42,195,0,0,-0.6949209570884705
combined__fisher,42,196,0,1,0.814022958278656
combined__fisher,42,197,1,1,2.3335587978363037
combined__fisher,42,198,0,0,-4.0994486808776855
combined__fisher,42,199,0,0,-0.40511998534202576
combined__fisher,42,200,1,0,-0.30772924423217773
combined__fisher,42,201,0,0,-3.6098222732543945
combined__fisher,42,202,0,1,0.00891868770122528
combined__fisher,42,203,0,0,-1.7235783338546753
combined__fisher,42,204,1,1,1.1968047618865967
combined__fisher,42,205,1,0,-4.008709907531738
combined__fisher,42,206,1,0,-0.2179645448923111
combined__fisher,42,207,0,1,0.6615135073661804
combined__fisher,42,208,0,0,-0.3288566470146179
combined__fisher,42,209,0,0,-1.1983637809753418
combined__fisher,42,210,1,1,0.44240304827690125
combined__fisher,42,211,1,0,-1.0778225660324097
combined__fisher,42,212,1,1,1.174251914024353
combined__fisher,42,213,0,0,-0.15893694758415222
combined__fisher,42,214,0,0,-6.600611209869385
combined__fisher,42,215,0,0,-5.628751754760742
combined__fisher,42,216,1,0,-2.618234634399414
combined__fisher,42,217,0,0,-0.7840381264686584
combined__fisher,42,218,1,1,6.246730327606201
combined__fisher,42,219,1,0,-0.46469733119010925
combined__fisher,42,220,1,0,-3.7497105598449707
combined__fisher,42,221,1,0,-0.8052716255187988
combined__fisher,42,222,1,1,0.6651148200035095
combined__fisher,42,223,1,1,1.7716143131256104
combined__fisher,42,224,1,1,4.281342029571533
combined__fisher,42,225,0,1,0.0070962123572826385
combined__fisher,42,226,1,1,3.257913827896118
combined__fisher,42,227,0,0,-0.20795723795890808
combined__fisher,42,228,0,0,-4.965238571166992
combined__fisher,42,229,0,0,-1.6924666166305542
combined__fisher,42,230,1,1,2.8494269847869873
combined__fisher,42,231,0,0,-0.0428224578499794
combined__fisher,42,232,1,1,2.3016719818115234
combined__fisher,42,233,1,0,-0.6274251341819763
combined__fisher,42,234,1,1,2.3115808963775635
combined__fisher,42,235,0,0,-2.2475204467773438
combined__fisher,42,236,1,1,2.423766851425171
combined__fisher,42,237,1,1,1.50922691822052
combined__fisher,42,238,0,1,1.4534823894500732
combined__fisher,42,239,0,1,0.08007410168647766
combined__fisher,42,240,0,1,2.372790813446045
combined__fisher,42,241,1,0,-1.6496357917785645
combined__fisher,42,242,1,0,-3.5507895946502686
combined__fisher,42,243,0,0,-0.9754795432090759
combined__fisher,42,244,1,1,1.693631649017334
combined__fisher,42,245,1,1,6.036206245422363
combined__fisher,42,246,0,0,-0.28803715109825134
combined__fisher,42,247,1,1,1.1166248321533203
combined__fisher,42,248,1,1,1.2890794277191162
combined__fisher,42,249,1,1,1.1740431785583496
combined__fisher,42,250,1,1,0.5771889686584473
combined__fisher,42,251,1,1,9.547633171081543
combined__fisher,42,252,0,0,-2.4038400650024414
combined__fisher,42,253,1,1,0.3804762661457062
combined__fisher,42,254,0,0,-0.6265076994895935
combined__fisher,42,255,1,1,1.2799259424209595
combined__fisher,42,256,0,1,2.1269171237945557
combined__fisher,42,257,0,0,-3.025571584701538
combined__fisher,42,258,0,1,2.299172878265381
combined__fisher,42,259,0,0,-0.9103720188140869
combined__fisher,42,260,0,0,-7.074054718017578
combined__fisher,42,261,0,1,1.0952246189117432
combined__fisher,42,262,1,1,3.8648879528045654
combined__fisher,42,263,1,1,2.2406117916107178
combined__fisher,42,264,1,1,0.42490461468696594
combined__fisher,42,265,0,1,0.03700855374336243
combined__fisher,42,266,1,1,2.2597591876983643
combined__fisher,42,267,1,0,-0.7313337326049805
combined__fisher,42,268,1,1,3.091789722442627
combined__fisher,42,269,0,0,-0.2542984187602997
combined__fisher,42,270,1,0,-2.938429594039917
combined__fisher,42,271,0,0,-2.07360577583313
combined__fisher,42,272,0,0,-0.3994356095790863
combined__fisher,42,273,1,0,-1.1188758611679077
combined__fisher,42,274,1,1,0.4742153286933899
combined__fisher,42,275,0,0,-3.5146596431732178
combined__fisher,42,276,0,0,-4.251725673675537
combined__fisher,42,277,1,1,0.6187496781349182
combined__fisher,42,278,0,0,-6.075300693511963
combined__fisher,42,279,0,0,-4.014433860778809
combined__fisher,42,280,1,1,3.9875094890594482
combined__fisher,42,281,0,0,-7.609499454498291
combined__fisher,42,282,0,0,-0.5737599730491638
combined__fisher,42,283,0,0,-1.7217224836349487
combined__fisher,42,284,1,1,1.8840166330337524
combined__fisher,42,285,0,0,-2.779060125350952
combined__fisher,42,286,0,1,3.5334055423736572
combined__fisher,42,287,1,1,1.340836524963379
combined__fisher,42,288,1,1,0.5932962894439697
combined__fisher,42,289,0,0,-1.1756941080093384
combined__fisher,42,290,0,0,-1.9159417152404785
combined__fisher,42,291,1,1,4.456223487854004
combined__fisher,42,292,1,1,0.8510212302207947
combined__fisher,42,293,1,1,2.167497396469116
combined__fisher,42,294,0,0,-0.5034055113792419
combined__fisher,42,295,1,0,-0.5628130435943604
combined__fisher,42,296,0,1,2.923253059387207
combined__fisher,42,297,1,1,2.0725557804107666
combined__fisher,42,298,1,1,2.6509602069854736
combined__fisher,42,299,1,1,6.791220664978027
combined__fisher,42,300,0,1,4.102294445037842
combined__fisher,42,301,1,1,0.6537103056907654
combined__fisher,42,302,1,0,-0.5410447716712952
combined__fisher,42,303,0,0,-1.8665599822998047
combined__fisher,42,304,1,1,3.580064535140991
combined__fisher,42,305,0,1,1.3041832447052002
combined__fisher,42,306,0,0,-1.6755667924880981
combined__fisher,42,307,0,0,-1.6457058191299438
combined__fisher,42,308,0,1,0.5578894019126892
combined__fisher,42,309,0,0,-2.953143358230591
combined__fisher,42,310,0,0,-3.5838356018066406
combined__fisher,42,311,0,0,-0.9839816093444824
combined__fisher,42,312,0,0,-0.019282786175608635
combined__fisher,42,313,0,0,-7.053774356842041
combined__fisher,42,314,0,0,-3.2043066024780273
combined__fisher,42,315,0,0,-0.15347740054130554
fourier_pca__logistic,42,0,0,1,0.7258704300769887
fourier_pca__logistic,42,1,1,0,-1.331755990845309
fourier_pca__logistic,42,2,0,0,-0.368687220039181
fourier_pca__logistic,42,3,1,1,0.021513513718624918
fourier_pca__logistic,42,4,0,0,-0.12948003740402064
fourier_pca__logistic,42,5,1,0,-0.8862639846545592
fourier_pca__logistic,42,6,0,1,0.8587955948717603
fourier_pca__logistic,42,7,1,0,-0.579829156225983
fourier_pca__logistic,42,8,0,1,1.0577428582509805
fourier_pca__logistic,42,9,0,0,-0.8800088256008287
fourier_pca__logistic,42,10,1,0,-0.45944638888543415
fourier_pca__logistic,42,11,1,0,-0.7626997678219019
fourier_pca__logistic,42,12,0,0,-1.1521435875862356
fourier_pca__logistic,42,13,0,0,-0.26842665887068295
fourier_pca__logistic,42,14,1,1,0.131051672658048
fourier_pca__logistic,42,15,1,1,0.028656700321263714
fourier_pca__logistic,42,16,1,0,-0.05547752710405501
fourier_pca__logistic,42,17,0,1,0.467357650089107
fourier_pca__logistic,42,18,0,0,-0.046924737843218586
fourier_pca__logistic,42,19,1,1,0.8070806589199215
fourier_pca__logistic,42,20,0,0,-0.03352584749545756
fourier_pca__logistic,42,21,0,1,0.594524085755334
fourier_pca__logistic,42,22,1,1,0.20242040801431074
fourier_pca__logistic,42,23,0,1,0.7387293780343529
fourier_pca__logistic,42,24,1,1,1.0326854577320606
fourier_pca__logistic,42,25,0,1,0.12909521353563783
fourier_pca__logistic,42,26,0,1,0.7356884159666864
fourier_pca__logistic,42,27,0,0,-0.4484961711396428
fourier_pca__logistic,42,28,0,0,-0.2994183949645373
fourier_pca__logistic,42,29,0,1,0.9568978861437113
fourier_pca__logistic,42,30,0,1,0.5097529923846749
fourier_pca__logistic,42,31,0,0,-1.4310498395186564
fourier_pca__logistic,42,32,1,1,0.8329747043189434
fourier_pca__logistic,42,33,1,1,0.09347309561309916
fourier_pca__logistic,42,34,1,1,0.7316911866951477
fourier_pca__logistic,42,35,1,0,-1.362174275813433
fourier_pca__logistic,42,36,1,1,0.4633341099522301
fourier_pca__logistic,42,37,1,1,0.03698970406537863
fourier_pca__logistic,42,38,0,0,-0.06769998951973948
fourier_pca__logistic,42,39,1,1,0.06729667674844644
fourier_pca__logistic,42,40,0,1,0.42191209820517256
fourier_pca__logistic,42,41,1,0,-0.20498681304404504
fourier_pca__logistic,42,42,0,0,-0.2759293138312398
fourier_pca__logistic,42,43,0,1,1.013473913682002
fourier_pca__logistic,42,44,1,1,0.6380928260310919
fourier_pca__logistic,42,45,0,0,-0.23244377228477936
fourier_pca__logistic,42,46,1,1,0.12305328108572457
fourier_pca__logistic,42,47,1,0,-0.9765016094548313
fourier_pca__logistic,42,48,0,0,-0.35282830503715046
fourier_pca__logistic,42,49,1,0,-1.1290150680978734
fourier_pca__logistic,42,50,1,0,-0.7487817119217948
fourier_pca__logistic,42,51,0,0,-0.4860034215556391
fourier_pca__logistic,42,52,0,0,-0.3974619320300189
fourier_pca__logistic,42,53,1,1,0.0559697896494083
fourier_pca__logistic,42,54,0,0,-1.4222946332422437
fourier_pca__logistic,42,55,0,1,0.8098740098655367
fourier_pca__logistic,42,56,1,0,-0.05112405589552778
fourier_pca__logistic,42,57,0,1,0.20861212277579858
fourier_pca__logistic,42,58,1,1,0.2902483263611925
fourier_pca__logistic,42,59,0,0,-0.49852297342981244
fourier_pca__logistic,42,60,1,0,-0.8965511054999422
fourier_pca__logistic,42,61,0,1,1.3706830187636163
fourier_pca__logistic,42,62,0,0,-0.0886968103028631
fourier_pca__logistic,42,63,1,0,-0.02980243360728196
fourier_pca__logistic,42,64,0,1,0.14028707219928327
fourier_pca__logistic,42,65,0,1,0.13075139603893898
fourier_pca__logistic,42,66,0,1,0.390961024976524
fourier_pca__logistic,42,67,0,0,-0.8029376571311119
fourier_pca__logistic,42,68,0,0,-0.5119762535416073
fourier_pca__logistic,42,69,1,0,-1.5210583580269934
fourier_pca__logistic,42,70,0,1,0.9234868856579602
fourier_pca__logistic,42,71,1,0,-1.2226544374486634
fourier_pca__logistic,42,72,0,1,0.31633280716422985
fourier_pca__logistic,42,73,0,0,-0.2865169516573276
fourier_pca__logistic,42,74,0,1,1.5934688706593028
fourier_pca__logistic,42,75,0,1,0.6264979489004096
fourier_pca__logistic,42,76,0,1,0.5293701682994616
fourier_pca__logistic,42,77,1,0,-0.31665537837227165
fourier_pca__logistic,42,78,1,0,-0.08164577824215685
fourier_pca__logistic,42,79,1,1,0.6844422548229351
fourier_pca__logistic,42,80,0,1,2.2305044236847547
fourier_pca__logistic,42,81,1,0,-0.5627028929186172
fourier_pca__logistic,42,82,0,0,-0.8105722509085347
fourier_pca__logistic,42,83,1,1,1.2577228635230095
fourier_pca__logistic,42,84,1,1,0.6767782266948799
fourier_pca__logistic,42,85,1,0,-0.4702488593589467
fourier_pca__logistic,42,86,1,0,-0.16727793136816071
fourier_pca__logistic,42,87,1,0,-0.9297175490617409
fourier_pca__logistic,42,88,1,1,0.6547734529932706
fourier_pca__logistic,42,89,1,1,0.20827136714286504
fourier_pca__logistic,42,90,1,1,1.0753986027904552
fourier_pca__logistic,42,91,1,0,-1.2983869562625876
fourier_pca__logistic,42,92,0,0,-0.7406557821541029
fourier_pca__logistic,42,93,0,0,-0.8818662757060809
fourier_pca__logistic,42,94,0,1,0.8303495383978897
fourier_pca__logistic,42,95,0,0,-0.1435982080265215
fourier_pca__logistic,42,96,1,0,-0.15591418128771484
fourier_pca__logistic,42,97,1,1,0.37943153745806235
fourier_pca__logistic,42,98,1,0,-0.5370063546705914
fourier_pca__logistic,42,99,0,1,0.0013743948616470394
fourier_pca__logistic,42,100,1,0,-0.32980738189822106
fourier_pca__logistic,42,101,1,1,0.005409184680351373
fourier_pca__logistic,42,102,1,1,0.135777527659093
fourier_pca__logistic,42,103,0,0,-0.28618710040837847
fourier_pca__logistic,42,104,1,0,-0.08877168298929544
fourier_pca__logistic,42,105,0,0,-0.04459933962230696
fourier_pca__logistic,42,106,1,1,1.1033864951292114
fourier_pca__logistic,42,107,1,1,1.234694294708782
fourier_pca__logistic,42,108,1,1,1.9048166350839295
fourier_pca__logistic,42,109,0,0,-0.2817734520528088
fourier_pca__logistic,42,110,1,0,-0.1254502541866814
fourier_pca__logistic,42,111,0,1,0.681744424642043
fourier_pca__logistic,42,112,1,1,0.1687531326438345
fourier_pca__logistic,42,113,0,0,-0.6037637206047999
fourier_pca__logistic,42,114,0,1,0.14144726359424956
fourier_pca__logistic,42,115,0,1,1.018639455180478
fourier_pca__logistic,42,116,1,0,-0.22052514524987885
fourier_pca__logistic,42,117,0,1,0.38378703167406497
fourier_pca__logistic,42,118,0,0,-0.4258573698731643
fourier_pca__logistic,42,119,1,0,-0.3837711530889979
fourier_pca__logistic,42,120,1,1,0.6116793283153421
fourier_pca__logistic,42,121,1,1,1.1277128280624589
fourier_pca__logistic,42,122,1,1,0.21842840640321656
fourier_pca__logistic,42,123,0,0,-0.8093298839517784
fourier_pca__logistic,42,124,1,0,-0.2104366307333475
fourier_pca__logistic,42,125,1,0,-0.17987061100073037
fourier_pca__logistic,42,126,0,0,-0.15995321539128562
fourier_pca__logistic,42,127,0,1,1.6121417586993616
fourier_pca__logistic,42,128,1,1,0.22761923536789247
fourier_pca__logistic,42,129,1,0,-1.0675263711541385
fourier_pca__logistic,42,130,1,1,0.16663095971323894
fourier_pca__logistic,42,131,1,0,-0.5683769040406202
fourier_pca__logistic,42,132,1,1,0.672588868566848
fourier_pca__logistic,42,133,0,0,-0.12016782373240326
fourier_pca__logistic,42,134,0,1,0.9267585555872172
fourier_pca__logistic,42,135,0,1,0.6102682708529692
fourier_pca__logistic,42,136,0,0,-2.5455480484297754
fourier_pca__logistic,42,137,1,0,-0.10445428804251092
fourier_pca__logistic,42,138,1,1,1.458311874547008
fourier_pca__logistic,42,139,0,1,0.2937501657232374
fourier_pca__logistic,42,140,1,1,0.42451101762809107
fourier_pca__logistic,42,141,1,1,0.17232101351344686
fourier_pca__logistic,42,142,1,1,0.37608604783231053
fourier_pca__logistic,42,143,1,1,1.388553739223253
fourier_pca__logistic,42,144,1,1,0.7505854412196723
fourier_pca__logistic,42,145,1,1,0.27228141652162546
fourier_pca__logistic,42,146,1,1,0.6739751882874334
fourier_pca__logistic,42,147,0,1,0.5002328335078425
fourier_pca__logistic,42,148,0,1,0.06646094745227767
fourier_pca__logistic,42,149,0,0,-1.4070574327263676
fourier_pca__logistic,42,150,1,1,0.105518406986113
fourier_pca__logistic,42,151,1,0,-0.2123662753842798
fourier_pca__logistic,42,152,0,1,1.0990635197793066
fourier_pca__logistic,42,153,0,0,-0.7207979834727056
fourier_pca__logistic,42,154,1,0,-0.03563655043673683
fourier_pca__logistic,42,155,1,1,0.7852069092957994
fourier_pca__logistic,42,156,0,0,-1.8154840745922665
fourier_pca__logistic,42,157,0,1,0.18515488301448085
fourier_pca__logistic,42,158,0,0,-0.6235347880714192
fourier_pca__logistic,42,159,0,0,-0.1907512429441827
fourier_pca__logistic,42,160,0,0,-0.5956681438731444
fourier_pca__logistic,42,161,1,1,0.9789979838369871
fourier_pca__logistic,42,162,1,1,0.24461351499948114
fourier_pca__logistic,42,163,1,0,-1.521903859838919
fourier_pca__logistic,42,164,1,1,1.6566332804287196
fourier_pca__logistic,42,165,1,1,0.04468850021708872
fourier_pca__logistic,42,166,1,1,0.3943535908698303
fourier_pca__logistic,42,167,0,0,-0.4327658809273109
fourier_pca__logistic,42,168,1,0,-1.5920728353397857
fourier_pca__logistic,42,169,0,0,-0.022966559809462397
fourier_pca__logistic,42,170,1,0,-0.0679939333208122
fourier_pca__logistic,42,171,1,0,-0.727015072392735
fourier_pca__logistic,42,172,0,1,0.6196819010052246
fourier_pca__logistic,42,173,1,1,0.675545585272461
fourier_pca__logistic,42,174,0,0,-0.9169080372263574
fourier_pca__logistic,42,175,0,0,-0.2171855963144841
fourier_pca__logistic,42,176,1,1,1.9151880056684534
fourier_pca__logistic,42,177,1,1,0.21789107687065815
fourier_pca__logistic,42,178,1,1,0.9558795239798176
fourier_pca__logistic,42,179,0,0,-0.33744480717313485
fourier_pca__logistic,42,180,0,1,1.0191956192608944
fourier_pca__logistic,42,181,1,0,-0.6445253066871448
fourier_pca__logistic,42,182,0,1,0.1941535544018175
fourier_pca__logistic,42,183,0,0,-1.1910806115517227
fourier_pca__logistic,42,184,0,0,-0.43463360459007583
fourier_pca__logistic,42,185,0,0,-0.3156807080214576
fourier_pca__logistic,42,186,0,0,-0.08680282390758304
fourier_pca__logistic,42,187,1,0,-0.272076539394945
fourier_pca__logistic,42,188,1,1,0.6649815065450463
fourier_pca__logistic,42,189,0,1,0.24345757196137144
fourier_pca__logistic,42,190,0,1,2.5658515547195493
fourier_pca__logistic,42,191,0,1,0.7085647180139412
fourier_pca__logistic,42,192,0,1,0.43902828563966634
fourier_pca__logistic,42,193,1,0,-0.10993180015240887
fourier_pca__logistic,42,194,0,1,0.3007042662514826
fourier_pca__logistic,42,195,0,0,-1.704896242654993
fourier_pca__logistic,42,196,0,1,0.38994492896597766
fourier_pca__logistic,42,197,1,1,0.7746943097989702
fourier_pca__logistic,42,198,0,0,-0.22544554346823992
fourier_pca__logistic,42,199,0,0,-1.442159957319089
fourier_pca__logistic,42,200,1,0,-1.1217368576426885
fourier_pca__logistic,42,201,0,0,-1.1064184152654495
fourier_pca__logistic,42,202,0,0,-0.4195831864345811
fourier_pca__logistic,42,203,0,0,-0.01890401567415967
fourier_pca__logistic,42,204,1,1,0.4551261694302685
fourier_pca__logistic,42,205,1,0,-0.7647431827041293
fourier_pca__logistic,42,206,1,1,0.9370825148572566
fourier_pca__logistic,42,207,0,0,-0.18989136226725076
fourier_pca__logistic,42,208,0,1,0.19038318885534342
fourier_pca__logistic,42,209,0,0,-0.07841342466087574
fourier_pca__logistic,42,210,1,0,-0.2050434097129279
fourier_pca__logistic,42,211,1,0,-0.14649942804667937
fourier_pca__logistic,42,212,1,1,0.8239780174208248
fourier_pca__logistic,42,213,0,1,1.1371374747491627
fourier_pca__logistic,42,214,0,0,-1.2212982837039588
fourier_pca__logistic,42,215,0,0,-1.5585095880146516
fourier_pca__logistic,42,216,1,0,-0.9679714727718688
fourier_pca__logistic,42,217,0,1,0.9518435115285462
fourier_pca__logistic,42,218,1,1,0.961580082661737
fourier_pca__logistic,42,219,1,0,-1.0144350730768028
fourier_pca__logistic,42,220,1,0,-0.36403371804573215
fourier_pca__logistic,42,221,1,1,0.8492860461773255
fourier_pca__logistic,42,222,1,1,0.5240134344329523
fourier_pca__logistic,42,223,1,1,0.8567433535305684
fourier_pca__logistic,42,224,1,1,0.26626891131458963
fourier_pca__logistic,42,225,0,0,-0.0848598554039865
fourier_pca__logistic,42,226,1,0,-0.9660286534248806
fourier_pca__logistic,42,227,0,1,0.216366410725704
fourier_pca__logistic,42,228,0,0,-0.32069264726992325
fourier_pca__logistic,42,229,0,0,-0.028265998281698904
fourier_pca__logistic,42,230,1,1,0.26486753736950835
fourier_pca__logistic,42,231,0,1,0.5135284090550557
fourier_pca__logistic,42,232,1,1,1.7043659545245486
fourier_pca__logistic,42,233,1,0,-1.7244629573364396
fourier_pca__logistic,42,234,1,1,0.4687763346561865
fourier_pca__logistic,42,235,0,0,-0.49460646451693435
fourier_pca__logistic,42,236,1,0,-0.0054345486682010925
fourier_pca__logistic,42,237,1,1,0.7041642750291843
fourier_pca__logistic,42,238,0,1,0.27296188884803435
fourier_pca__logistic,42,239,0,1,1.1452388763683505
fourier_pca__logistic,42,240,0,1,0.706841395035082
fourier_pca__logistic,42,241,1,1,0.3561263100963159
fourier_pca__logistic,42,242,1,0,-0.6245988375577033
fourier_pca__logistic,42,243,0,0,-0.40409770634035197
fourier_pca__logistic,42,244,1,1,1.3821200367985103
fourier_pca__logistic,42,245,1,1,0.27522931873757356
fourier_pca__logistic,42,246,0,1,0.3101043651461688
fourier_pca__logistic,42,247,1,0,-0.8052183334891756
fourier_pca__logistic,42,248,1,1,0.13204226480891512
fourier_pca__logistic,42,249,1,0,-0.9677970621308737
fourier_pca__logistic,42,250,1,1,0.642100023226804
fourier_pca__logistic,42,251,1,1,1.5041544295775526
fourier_pca__logistic,42,252,0,0,-0.5286620404709902
fourier_pca__logistic,42,253,1,1,0.9329524204237533
fourier_pca__logistic,42,254,0,1,0.45862175338292954
fourier_pca__logistic,42,255,1,1,0.09330215568787006
fourier_pca__logistic,42,256,0,1,0.045656968298983414
fourier_pca__logistic,42,257,0,0,-1.1173608381026734
fourier_pca__logistic,42,258,0,1,0.9015550237761322
fourier_pca__logistic,42,259,0,1,0.5695895387219756
fourier_pca__logistic,42,260,0,0,-2.195605611092154
fourier_pca__logistic,42,261,0,0,-0.6662453966867954
fourier_pca__logistic,42,262,1,1,0.6285459135658346
fourier_pca__logistic,42,263,1,1,0.23748420760074393
fourier_pca__logistic,42,264,1,1,0.5193681722797431
fourier_pca__logistic,42,265,0,1,1.3231847246294433
fourier_pca__logistic,42,266,1,1,0.07409015868614138
fourier_pca__logistic,42,267,1,0,-1.263528164736229
fourier_pca__logistic,42,268,1,1,1.6881100425323685
fourier_pca__logistic,42,269,0,0,-0.24387361969974425
fourier_pca__logistic,42,270,1,0,-0.1975147362405757
fourier_pca__logistic,42,271,0,0,-1.3679643929301877
fourier_pca__logistic,42,272,0,1,0.8439571348193304
fourier_pca__logistic,42,273,1,1,0.1871188147116982
fourier_pca__logistic,42,274,1,0,-0.31239978566567084
fourier_pca__logistic,42,275,0,1,0.22290731976100908
fourier_pca__logistic,42,276,0,1,0.11737677008011477
fourier_pca__logistic,42,277,1,1,0.4233475347037838
fourier_pca__logistic,42,278,0,0,-1.7240870270138462
fourier_pca__logistic,42,279,0,0,-0.3126532214732731
fourier_pca__logistic,42,280,1,1,0.7722675109366736
fourier_pca__logistic,42,281,0,0,-0.9944838468050203
fourier_pca__logistic,42,282,0,1,0.2271163228235597
fourier_pca__logistic,42,283,0,0,-0.6423225751950092
fourier_pca__logistic,42,284,1,0,-0.6883423429296625
fourier_pca__logistic,42,285,0,0,-1.1590782708772933
fourier_pca__logistic,42,286,0,0,-0.34258602460375354
fourier_pca__logistic,42,287,1,1,0.36639845774410296
fourier_pca__logistic,42,288,1,0,-0.14934037120185034
fourier_pca__logistic,42,289,0,1,0.03786813785134855
fourier_pca__logistic,42,290,0,0,-1.1585423911171888
fourier_pca__logistic,42,291,1,1,1.176797525591024
fourier_pca__logistic,42,292,1,0,-0.5253988856934213
fourier_pca__logistic,42,293,1,1,0.26708778950216433
fourier_pca__logistic,42,294,0,0,-0.3472912529576031
fourier_pca__logistic,42,295,1,1,0.5694821973681292
fourier_pca__logistic,42,296,0,1,1.7654012236019363
fourier_pca__logistic,42,297,1,1,0.4815081282809929
fourier_pca__logistic,42,298,1,1,0.5792107855922657
fourier_pca__logistic,42,299,1,1,0.8278364160189529
fourier_pca__logistic,42,300,0,1,1.2922734458269902
fourier_pca__logistic,42,301,1,1,0.9875846523970424
fourier_pca__logistic,42,302,1,1,0.443954333414721
fourier_pca__logistic,42,303,0,0,-2.030380520734939
fourier_pca__logistic,42,304,1,0,-0.39805315983064343
fourier_pca__logistic,42,305,0,0,-0.5028256740511864
fourier_pca__logistic,42,306,0,0,-0.40363295183804593
fourier_pca__logistic,42,307,0,0,-0.6028850906083724
fourier_pca__logistic,42,308,0,1,0.2960824848669436
fourier_pca__logistic,42,309,0,0,-0.16103163377176127
fourier_pca__logistic,42,310,0,0,-1.0540538742143746
fourier_pca__logistic,42,311,0,0,-0.22187888769562275
fourier_pca__logistic,42,312,0,0,-1.559828132232883
fourier_pca__logistic,42,313,0,0,-0.5018552870498532
fourier_pca__logistic,42,314,0,0,-1.0727683521396612
fourier_pca__logistic,42,315,0,0,-0.040990406228930895
fourier_pca__fisher,42,0,0,1,0.6546210646629333
fourier_pca__fisher,42,1,1,0,-1.2576409578323364
fourier_pca__fisher,42,2,0,0,-0.28974834084510803
fourier_pca__fisher,42,3,1,1,0.005259601399302483
fourier_pca__fisher,42,4,0,0,-0.13877533376216888
fourier_pca__fisher,42,5,1,0,-0.8060218095779419
fourier_pca__fisher,42,6,0,1,0.7670510411262512
fourier_pca__fisher,42,7,1,0,-0.5452188849449158
fourier_pca__fisher,42,8,0,1,0.9717128276824951
fourier_pca__fisher,42,9,0,0,-0.7493741512298584
fourier_pca__fisher,42,10,1,0,-0.451400488615036
fourier_pca__fisher,42,11,1,0,-0.6236335635185242
fourier_pca__fisher,42,12,0,0,-1.0444092750549316
fourier_pca__fisher,42,13,0,0,-0.2791588604450226
fourier_pca__fisher,42,14,1,1,0.043025266379117966
fourier_pca__fisher,42,15,1,1,0.012172253802418709
fourier_pca__fisher,42,16,1,0,-0.07585674524307251
fourier_pca__fisher,42,17,0,1,0.39577731490135193
fourier_pca__fisher,42,18,0,0,-0.0509832389652729
fourier_pca__fisher,42,19,1,1,0.6919018626213074
fourier_pca__fisher,42,20,0,0,-0.05169619992375374
fourier_pca__fisher,42,21,0,1,0.5186808109283447
fourier_pca__fisher,42,22,1,1,0.1816972941160202
fourier_pca__fisher,42,23,0,1,0.6222419142723083
fourier_pca__fisher,42,24,1,1,0.889221727848053
fourier_pca__fisher,42,25,0,1,0.10977195203304291
fourier_pca__fisher,42,26,0,1,0.6252712607383728
fourier_pca__fisher,42,27,0,0,-0.42429572343826294
fourier_pca__fisher,42,28,0,0,-0.2481500208377838
fourier_pca__fisher,42,29,0,1,0.8926311731338501
fourier_pca__fisher,42,30,0,1,0.4602791666984558
fourier_pca__fisher,42,31,0,0,-1.301268458366394
fourier_pca__fisher,42,32,1,1,0.6833900213241577
fourier_pca__fisher,42,33,1,1,0.09663113951683044
fourier_pca__fisher,42,34,1,1,0.6335726380348206
fourier_pca__fisher,42,35,1,0,-1.139634132385254
fourier_pca__fisher,42,36,1,1,0.4025776982307434
fourier_pca__fisher,42,37,1,0,-0.03734147548675537
fourier_pca__fisher,42,38,0,0,-0.06157252565026283
fourier_pca__fisher,42,39,1,1,0.06117941439151764
fourier_pca__fisher,42,40,0,1,0.4065341651439667
fourier_pca__fisher,42,41,1,0,-0.19363398849964142
fourier_pca__fisher,42,42,0,0,-0.24120962619781494
fourier_pca__fisher,42,43,0,1,0.9189754128456116
fourier_pca__fisher,42,44,1,1,0.5551952719688416
fourier_pca__fisher,42,45,0,0,-0.1976395696401596
fourier_pca__fisher,42,46,1,1,0.09945003688335419
fourier_pca__fisher,42,47,1,0,-0.8402418494224548
fourier_pca__fisher,42,48,0,0,-0.34210991859436035
fourier_pca__fisher,42,49,1,0,-1.0376803874969482
fourier_pca__fisher,42,50,1,0,-0.6558451652526855
fourier_pca__fisher,42,51,0,0,-0.4553091824054718
fourier_pca__fisher,42,52,0,0,-0.3599226176738739
fourier_pca__fisher,42,53,1,1,0.03199578449130058
fourier_pca__fisher,42,54,0,0,-1.2408829927444458
fourier_pca__fisher,42,55,0,1,0.696617841720581
fourier_pca__fisher,42,56,1,0,-0.044375527650117874
fourier_pca__fisher,42,57,0,1,0.1814149171113968
fourier_pca__fisher,42,58,1,1,0.21820376813411713
fourier_pca__fisher,42,59,0,0,-0.44380077719688416
fourier_pca__fisher,42,60,1,0,-0.7982178926467896
fourier_pca__fisher,42,61,0,1,1.1876801252365112
fourier_pca__fisher,42,62,0,0,-0.08110621571540833
fourier_pca__fisher,42,63,1,1,0.0066726310178637505
fourier_pca__fisher,42,64,0,1,0.11890912055969238
fourier_pca__fisher,42,65,0,1,0.11438266932964325
fourier_pca__fisher,42,66,0,1,0.3154531419277191
fourier_pca__fisher,42,67,0,0,-0.7605809569358826
fourier_pca__fisher,42,68,0,0,-0.47190603613853455
fourier_pca__fisher,42,69,1,0,-1.3844178915023804
fourier_pca__fisher,42,70,0,1,0.7849756479263306
fourier_pca__fisher,42,71,1,0,-1.0781381130218506
fourier_pca__fisher,42,72,0,1,0.2649611830711365
fourier_pca__fisher,42,73,0,0,-0.2720680832862854
fourier_pca__fisher,42,74,0,1,1.3782801628112793
fourier_pca__fisher,42,75,0,1,0.5781246423721313
fourier_pca__fisher,42,76,0,1,0.520865797996521
fourier_pca__fisher,42,77,1,0,-0.28013163805007935
fourier_pca__fisher,42,78,1,0,-0.05999128893017769
fourier_pca__fisher,42,79,1,1,0.6180033683776855
fourier_pca__fisher,42,80,0,1,2.0377354621887207
fourier_pca__fisher,42,81,1,0,-0.5312475562095642
fourier_pca__fisher,42,82,0,0,-0.7531694173812866
fourier_pca__fisher,42,83,1,1,1.120780348777771
fourier_pca__fisher,42,84,1,1,0.5548834204673767
fourier_pca__fisher,42,85,1,0,-0.38534462451934814
fourier_pca__fisher,42,86,1,0,-0.171894833445549
fourier_pca__fisher,42,87,1,0,-0.8247930407524109
fourier_pca__fisher,42,88,1,1,0.575016438961029
fourier_pca__fisher,42,89,1,1,0.15873919427394867
fourier_pca__fisher,42,90,1,1,0.9748575091362
fourier_pca__fisher,42,91,1,0,-1.1284589767456055
fourier_pca__fisher,42,92,0,0,-0.7340492010116577
fourier_pca__fisher,42,93,0,0,-0.748806357383728
fourier_pca__fisher,42,94,0,1,0.7678264379501343
fourier_pca__fisher,42,95,0,0,-0.144521564245224
fourier_pca__fisher,42,96,1,0,-0.16128690540790558
fourier_pca__fisher,42,97,1,1,0.32060661911964417
fourier_pca__fisher,42,98,1,0,-0.5029268264770508
fourier_pca__fisher,42,99,0,0,-0.019267160445451736
fourier_pca__fisher,42,100,1,0,-0.29662880301475525
fourier_pca__fisher,42,101,1,1,0.021039362996816635
fourier_pca__fisher,42,102,1,1,0.13625258207321167
fourier_pca__fisher,42,103,0,0,-0.25263771414756775
fourier_pca__fisher,42,104,1,0,-0.06540043652057648
fourier_pca__fisher,42,105,0,0,-0.07909239828586578
fourier_pca__fisher,42,106,1,1,0.9431816935539246
fourier_pca__fisher,42,107,1,1,1.0616252422332764
fourier_pca__fisher,42,108,1,1,1.66527259349823
fourier_pca__fisher,42,109,0,0,-0.27981242537498474
fourier_pca__fisher,42,110,1,0,-0.12783123552799225
fourier_pca__fisher,42,111,0,1,0.6402824521064758
fourier_pca__fisher,42,112,1,1,0.15809549391269684
fourier_pca__fisher,42,113,0,0,-0.5537352561950684
fourier_pca__fisher,42,114,0,1,0.1073073148727417
fourier_pca__fisher,42,115,0,1,0.9042607545852661
fourier_pca__fisher,42,116,1,0,-0.2338264435529709
fourier_pca__fisher,42,117,0,1,0.3635730743408203
fourier_pca__fisher,42,118,0,0,-0.4093382656574249
fourier_pca__fisher,42,119,1,0,-0.3103751838207245
fourier_pca__fisher,42,120,1,1,0.539290189743042
fourier_pca__fisher,42,121,1,1,1.0017222166061401
fourier_pca__fisher,42,122,1,1,0.22577573359012604
fourier_pca__fisher,42,123,0,0,-0.7068048119544983
fourier_pca__fisher,42,124,1,0,-0.19012880325317383
fourier_pca__fisher,42,125,1,0,-0.18485364317893982
fourier_pca__fisher,42,126,0,0,-0.10806657373905182
fourier_pca__fisher,42,127,0,1,1.3990204334259033
fourier_pca__fisher,42,128,1,1,0.19550040364265442
fourier_pca__fisher,42,129,1,0,-0.9525007605552673
fourier_pca__fisher,42,130,1,1,0.16529832780361176
fourier_pca__fisher,42,131,1,0,-0.459932416677475
fourier_pca__fisher,42,132,1,1,0.5636764168739319
fourier_pca__fisher,42,133,0,0,-0.08108162879943848
fourier_pca__fisher,42,134,0,1,0.7970273494720459
fourier_pca__fisher,42,135,0,1,0.571986734867096
fourier_pca__fisher,42,136,0,0,-2.216193199157715
fourier_pca__fisher,42,137,1,0,-0.12500494718551636
fourier_pca__fisher,42,138,1,1,1.262695550918579
fourier_pca__fisher,42,139,0,1,0.26676467061042786
fourier_pca__fisher,42,140,1,1,0.4010506570339203
fourier_pca__fisher,42,141,1,1,0.16821198165416718
fourier_pca__fisher,42,142,1,1,0.27937451004981995
fourier_pca__fisher,42,143,1,1,1.1790056228637695
fourier_pca__fisher,42,144,1,1,0.6436896324157715
fourier_pca__fisher,42,145,1,1,0.24558964371681213
fourier_pca__fisher,42,146,1,1,0.6077569723129272
fourier_pca__fisher,42,147,0,1,0.41302260756492615
fourier_pca__fisher,42,148,0,1,0.037985093891620636
fourier_pca__fisher,42,149,0,0,-1.2584419250488281
fourier_pca__fisher,42,150,1,1,0.03641858696937561
fourier_pca__fisher,42,151,1,0,-0.19155846536159515
fourier_pca__fisher,42,152,0,1,1.0378940105438232
fourier_pca__fisher,42,153,0,0,-0.6697369813919067
fourier_pca__fisher,42,154,1,0,-0.010529925115406513
fourier_pca__fisher,42,155,1,1,0.69943767786026
fourier_pca__fisher,42,156,0,0,-1.6101388931274414
fourier_pca__fisher,42,157,0,1,0.16661030054092407
fourier_pca__fisher,42,158,0,0,-0.5684842467308044
fourier_pca__fisher,42,159,0,0,-0.15390095114707947
fourier_pca__fisher,42,160,0,0,-0.5090766549110413
fourier_pca__fisher,42,161,1,1,0.8956600427627563
fourier_pca__fisher,42,162,1,1,0.20648853480815887
fourier_pca__fisher,42,163,1,0,-1.3588708639144897
fourier_pca__fisher,42,164,1,1,1.4920654296875
fourier_pca__fisher,42,165,1,1,0.07374069094657898
fourier_pca__fisher,42,166,1,1,0.35621750354766846
fourier_pca__fisher,42,167,0,0,-0.4278639554977417
fourier_pca__fisher,42,168,1,0,-1.4529014825820923
fourier_pca__fisher,42,169,0,0,-0.031818270683288574
fourier_pca__fisher,42,170,1,0,-0.05637788772583008
fourier_pca__fisher,42,171,1,0,-0.6321797966957092
fourier_pca__fisher,42,172,0,1,0.5326035618782043
fourier_pca__fisher,42,173,1,1,0.5940460562705994
fourier_pca__fisher,42,174,0,0,-0.8710842132568359
fourier_pca__fisher,42,175,0,0,-0.1517459750175476
fourier_pca__fisher,42,176,1,1,1.719548225402832
fourier_pca__fisher,42,177,1,1,0.19197052717208862
fourier_pca__fisher,42,178,1,1,0.8491416573524475
fourier_pca__fisher,42,179,0,0,-0.30619505047798157
fourier_pca__fisher,42,180,0,1,0.9223338961601257
fourier_pca__fisher,42,181,1,0,-0.5580233931541443
fourier_pca__fisher,42,182,0,1,0.1568690538406372
fourier_pca__fisher,42,183,0,0,-1.0283112525939941
fourier_pca__fisher,42,184,0,0,-0.3767000138759613
fourier_pca__fisher,42,185,0,0,-0.3081795275211334
fourier_pca__fisher,42,186,0,0,-0.13430465757846832
fourier_pca__fisher,42,187,1,0,-0.2522141933441162
fourier_pca__fisher,42,188,1,1,0.599644660949707
fourier_pca__fisher,42,189,0,1,0.2264198213815689
fourier_pca__fisher,42,190,0,1,2.274662733078003
fourier_pca__fisher,42,191,0,1,0.6530015468597412
fourier_pca__fisher,42,192,0,1,0.4001954197883606
fourier_pca__fisher,42,193,1,0,-0.10656832158565521
fourier_pca__fisher,42,194,0,1,0.252099871635437
fourier_pca__fisher,42,195,0,0,-1.4674656391143799
fourier_pca__fisher,42,196,0,1,0.36691197752952576
fourier_pca__fisher,42,197,1,1,0.7104393839836121
fourier_pca__fisher,42,198,0,0,-0.1853267103433609
fourier_pca__fisher,42,199,0,0,-1.2737014293670654
fourier_pca__fisher,42,200,1,0,-0.9639943242073059
fourier_pca__fisher,42,201,0,0,-0.9115746021270752
fourier_pca__fisher,42,202,0,0,-0.3631536364555359
fourier_pca__fisher,42,203,0,0,-0.015198679640889168
fourier_pca__fisher,42,204,1,1,0.4043462574481964
fourier_pca__fisher,42,205,1,0,-0.6941359639167786
fourier_pca__fisher,42,206,1,1,0.7617859244346619
fourier_pca__fisher,42,207,0,0,-0.1744503229856491
fourier_pca__fisher,42,208,0,1,0.20510204136371613
fourier_pca__fisher,42,209,0,0,-0.07238128781318665
fourier_pca__fisher,42,210,1,0,-0.1825137585401535
fourier_pca__fisher,42,211,1,0,-0.1282527595758438
fourier_pca__fisher,42,212,1,1,0.7248830795288086
fourier_pca__fisher,42,213,0,1,1.0127331018447876
fourier_pca__fisher,42,214,0,0,-1.1321545839309692
fourier_pca__fisher,42,215,0,0,-1.3911025524139404
fourier_pca__fisher,42,216,1,0,-0.859961748123169
fourier_pca__fisher,42,217,0,1,0.8428367972373962
fourier_pca__fisher,42,218,1,1,0.7989779114723206
fourier_pca__fisher,42,219,1,0,-0.8894975781440735
fourier_pca__fisher,42,220,1,0,-0.35002243518829346
fourier_pca__fisher,42,221,1,1,0.7892448902130127
fourier_pca__fisher,42,222,1,1,0.4840269982814789
fourier_pca__fisher,42,223,1,1,0.7544756531715393
fourier_pca__fisher,42,224,1,1,0.19805113971233368
fourier_pca__fisher,42,225,0,0,-0.06481063365936279
fourier_pca__fisher,42,226,1,0,-0.7965559959411621
fourier_pca__fisher,42,227,0,1,0.2029205560684204
fourier_pca__fisher,42,228,0,0,-0.3269473612308502
fourier_pca__fisher,42,229,0,0,-0.02707775868475437
fourier_pca__fisher,42,230,1,1,0.20757895708084106
fourier_pca__fisher,42,231,0,1,0.4502149820327759
fourier_pca__fisher,42,232,1,1,1.499281644821167
fourier_pca__fisher,42,233,1,0,-1.4962972402572632
fourier_pca__fisher,42,234,1,1,0.4252075254917145
fourier_pca__fisher,42,235,0,0,-0.47554275393486023
fourier_pca__fisher,42,236,1,0,-0.02185569889843464
fourier_pca__fisher,42,237,1,1,0.6051143407821655
fourier_pca__fisher,42,238,0,1,0.2354641705751419
fourier_pca__fisher,42,239,0,1,1.0351715087890625
fourier_pca__fisher,42,240,0,1,0.6263462901115417
fourier_pca__fisher,42,241,1,1,0.33415284752845764
fourier_pca__fisher,42,242,1,0,-0.5785544514656067
fourier_pca__fisher,42,243,0,0,-0.36277949810028076
fourier_pca__fisher,42,244,1,1,1.2999532222747803
fourier_pca__fisher,42,245,1,1,0.27650728821754456
fourier_pca__fisher,42,246,0,1,0.23676352202892303
fourier_pca__fisher,42,247,1,0,-0.6767805218696594
fourier_pca__fisher,42,248,1,1,0.11578913033008575
fourier_pca__fisher,42,249,1,0,-0.8483175039291382
fourier_pca__fisher,42,250,1,1,0.5455649495124817
fourier_pca__fisher,42,251,1,1,1.3374011516571045
fourier_pca__fisher,42,252,0,0,-0.4528120756149292
fourier_pca__fisher,42,253,1,1,0.8615847826004028
fourier_pca__fisher,42,254,0,1,0.3686731457710266
fourier_pca__fisher,42,255,1,1,0.08819003403186798
fourier_pca__fisher,42,256,0,1,0.020739275962114334
fourier_pca__fisher,42,257,0,0,-1.015343189239502
fourier_pca__fisher,42,258,0,1,0.8054570555686951
fourier_pca__fisher,42,259,0,1,0.5049093961715698
fourier_pca__fisher,42,260,0,0,-1.9288530349731445
fourier_pca__fisher,42,261,0,0,-0.6205817461013794
fourier_pca__fisher,42,262,1,1,0.5535218119621277
fourier_pca__fisher,42,263,1,1,0.19019724428653717
fourier_pca__fisher,42,264,1,1,0.44912219047546387
fourier_pca__fisher,42,265,0,1,1.2358413934707642
fourier_pca__fisher,42,266,1,1,0.07715585827827454
fourier_pca__fisher,42,267,1,0,-1.103158712387085
fourier_pca__fisher,42,268,1,1,1.4600731134414673
fourier_pca__fisher,42,269,0,0,-0.2352580577135086
fourier_pca__fisher,42,270,1,0,-0.1809832900762558
fourier_pca__fisher,42,271,0,0,-1.2296602725982666
fourier_pca__fisher,42,272,0,1,0.7343036532402039
fourier_pca__fisher,42,273,1,1,0.1591956466436386
fourier_pca__fisher,42,274,1,0,-0.22198744118213654
fourier_pca__fisher,42,275,0,1,0.24610495567321777
fourier_pca__fisher,42,276,0,1,0.15366680920124054
fourier_pca__fisher,42,277,1,1,0.35370710492134094
fourier_pca__fisher,42,278,0,0,-1.6357829570770264
fourier_pca__fisher,42,279,0,0,-0.28569790720939636
fourier_pca__fisher,42,280,1,1,0.6873900294303894
fourier_pca__fisher,42,281,0,0,-0.9448623657226562
fourier_pca__fisher,42,282,0,1,0.18556754291057587
fourier_pca__fisher,42,283,0,0,-0.5870084166526794
fourier_pca__fisher,42,284,1,0,-0.6221626996994019
fourier_pca__fisher,42,285,0,0,-1.0645474195480347
fourier_pca__fisher,42,286,0,0,-0.3133848309516907
fourier_pca__fisher,42,287,1,1,0.3455662429332733
fourier_pca__fisher,42,288,1,0,-0.12048615515232086
fourier_pca__fisher,42,289,0,1,0.016287904232740402
fourier_pca__fisher,42,290,0,0,-1.0466625690460205
fourier_pca__fisher,42,291,1,1,1.072174310684204
fourier_pca__fisher,42,292,1,0,-0.42930254340171814
fourier_pca__fisher,42,293,1,1,0.21138527989387512
fourier_pca__fisher,42,294,0,0,-0.3070618212223053
fourier_pca__fisher,42,295,1,1,0.5409714579582214
fourier_pca__fisher,42,296,0,1,1.5841090679168701
fourier_pca__fisher,42,297,1,1,0.43718844652175903
fourier_pca__fisher,42,298,1,1,0.559237003326416
fourier_pca__fisher,42,299,1,1,0.7544594407081604
fourier_pca__fisher,42,300,0,1,1.1350598335266113
fourier_pca__fisher,42,301,1,1,0.8643983006477356
fourier_pca__fisher,42,302,1,1,0.39221274852752686
fourier_pca__fisher,42,303,0,0,-1.8217053413391113
fourier_pca__fisher,42,304,1,0,-0.329929918050766
fourier_pca__fisher,42,305,0,0,-0.45036908984184265
fourier_pca__fisher,42,306,0,0,-0.3824402391910553
fourier_pca__fisher,42,307,0,0,-0.5088958144187927
fourier_pca__fisher,42,308,0,1,0.28958845138549805
fourier_pca__fisher,42,309,0,0,-0.12243311107158661
fourier_pca__fisher,42,310,0,0,-0.9613540768623352
fourier_pca__fisher,42,311,0,0,-0.20112958550453186
fourier_pca__fisher,42,312,0,0,-1.4094276428222656
fourier_pca__fisher,42,313,0,0,-0.3944585919380188
fourier_pca__fisher,42,314,0,0,-0.9800228476524353
fourier_pca__fisher,42,315,0,0,-0.036528751254081726
current__logistic,43,0,0,1,2.467160864298426
current__logistic,43,1,1,0,-3.319535476517256
current__logistic,43,2,0,0,-1.8229529752007307
current__logistic,43,3,1,0,-1.0115092882719061
current__logistic,43,4,0,0,-2.1828167420631486
current__logistic,43,5,1,0,-3.823736765105103
current__logistic,43,6,0,1,0.9849706086833874
current__logistic,43,7,1,0,-0.2877640193823613
current__logistic,43,8,0,1,0.9834680301062654
current__logistic,43,9,0,0,-2.605377147312007
current__logistic,43,10,1,0,-4.139031722555516
current__logistic,43,11,1,1,2.224104658736571
current__logistic,43,12,0,0,-0.01446955218499027
current__logistic,43,13,0,0,-3.9414433365716435
current__logistic,43,14,1,1,0.20350464972112067
current__logistic,43,15,1,1,0.5438163437995817
current__logistic,43,16,1,1,0.6319696988246244
current__logistic,43,17,0,0,-4.060035960050237
current__logistic,43,18,0,0,-0.15301598910462486
current__logistic,43,19,1,1,3.94249570171744
current__logistic,43,20,0,0,-2.5399151520479273
current__logistic,43,21,0,0,-3.7089088480901156
current__logistic,43,22,1,1,2.573438369505406
current__logistic,43,23,0,0,-1.2022240893239564
current__logistic,43,24,1,1,1.6630400617620915
current__logistic,43,25,0,0,-0.5351058932936116
current__logistic,43,26,0,0,-2.4559685163104814
current__logistic,43,27,0,0,-0.8499604230660892
current__logistic,43,28,0,0,-2.7224798690665706
current__logistic,43,29,0,1,1.4157056822473866
current__logistic,43,30,0,1,2.009716666811236
current__logistic,43,31,0,0,-6.279904193243911
current__logistic,43,32,1,1,0.3403212137728294
current__logistic,43,33,1,1,0.5852981255613667
current__logistic,43,34,1,1,1.8200075129974056
current__logistic,43,35,1,0,-0.7755358779369649
current__logistic,43,36,1,1,0.6900828281757286
current__logistic,43,37,1,0,-3.5064537305074244
current__logistic,43,38,0,0,-0.8969171555490625
current__logistic,43,39,1,0,-1.2516150753936546
current__logistic,43,40,0,1,0.18115515283239114
current__logistic,43,41,1,0,-0.9333898816394368
current__logistic,43,42,0,0,-1.945052813846466
current__logistic,43,43,0,0,-4.43084820785701
current__logistic,43,44,1,1,1.5148425697213261
current__logistic,43,45,0,0,-0.5359084726506729
current__logistic,43,46,1,0,-0.2717081257848547
current__logistic,43,47,1,1,1.1748702566207092
current__logistic,43,48,0,0,-5.205900878474785
current__logistic,43,49,1,0,-2.382749082079492
current__logistic,43,50,1,1,3.5844953916064126
current__logistic,43,51,0,1,1.9967668750999503
current__logistic,43,52,0,1,0.49457093544323094
current__logistic,43,53,1,0,-0.2305725963457423
current__logistic,43,54,0,0,-1.6835856781170728
current__logistic,43,55,0,0,-3.5906662534482225
current__logistic,43,56,1,1,1.1146915321502762
current__logistic,43,57,0,1,1.9182281662837462
current__logistic,43,58,1,1,0.01168649983368622
current__logistic,43,59,0,0,-1.4690245565597058
current__logistic,43,60,1,0,-0.7061102191040524
current__logistic,43,61,0,1,3.8525561067778944
current__logistic,43,62,0,0,-0.7953055987080226
current__logistic,43,63,1,1,0.05493895028925179
current__logistic,43,64,0,0,-0.48093861802877214
current__logistic,43,65,0,1,3.3889932600919166
current__logistic,43,66,0,1,0.26454152799981845
current__logistic,43,67,0,1,2.8429121653594307
current__logistic,43,68,0,1,0.5551023835264589
current__logistic,43,69,1,0,-0.7665860670140972
current__logistic,43,70,0,0,-1.4069150867433393
current__logistic,43,71,1,0,-3.4921135961228544
current__logistic,43,72,0,0,-0.022394955688130408
current__logistic,43,73,0,1,1.0867439906963794
current__logistic,43,74,0,0,-0.8686944658637421
current__logistic,43,75,0,0,-0.3597382962403751
current__logistic,43,76,0,0,-0.25118127435857485
current__logistic,43,77,1,0,-0.4385372660573833
current__logistic,43,78,1,0,-1.798975280706254
current__logistic,43,79,1,0,-2.229256873260543
current__logistic,43,80,0,1,1.7367918253720256
current__logistic,43,81,1,1,1.0568099158568443
current__logistic,43,82,0,1,0.42165608001896626
current__logistic,43,83,1,1,1.2531249999182494
current__logistic,43,84,1,0,-1.2824562289336972
current__logistic,43,85,1,1,1.1848427461109565
current__logistic,43,86,1,1,0.9955127414649986
current__logistic,43,87,1,0,-0.07773193230808738
current__logistic,43,88,1,1,1.8120489016284118
current__logistic,43,89,1,1,1.3399438209531
current__logistic,43,90,1,1,0.58221388595027
current__logistic,43,91,1,1,0.4277830268283366
current__logistic,43,92,0,1,1.0272965180508475
current__logistic,43,93,0,0,-0.8452132393060231
current__logistic,43,94,0,1,1.031710842410969
current__logistic,43,95,0,0,-0.7547436632055987
current__logistic,43,96,1,0,-1.7449054052712007
current__logistic,43,97,1,0,-0.8827223024878532
current__logistic,43,98,1,1,0.7760851391166025
current__logistic,43,99,0,1,1.5940771548558648
current__logistic,43,100,1,1,2.17687339328015
current__logistic,43,101,1,0,-0.8561822349531778
current__logistic,43,102,1,1,1.0595327259643408
current__logistic,43,103,0,0,-1.27944276800605
current__logistic,43,104,1,0,-0.0034153913602115032
current__logistic,43,105,0,0,-0.4508915761751522
current__logistic,43,106,1,1,3.0279482136525493
current__logistic,43,107,1,1,1.1460579937767725
current__logistic,43,108,1,0,-0.9021510311271727
current__logistic,43,109,0,1,1.3163415423854674
current__logistic,43,110,1,0,-0.9469990167502468
current__logistic,43,111,0,0,-0.6889012059399424
current__logistic,43,112,1,1,1.529782128681405
current__logistic,43,113,0,0,-5.642007269707688
current__logistic,43,114,0,0,-2.800010739467588
current__logistic,43,115,0,1,0.272428389677289
current__logistic,43,116,1,1,3.5743187630145106
current__logistic,43,117,0,0,-7.7247617880602055
current__logistic,43,118,0,1,1.3268087281122813
current__logistic,43,119,1,1,6.541755051186895
current__logistic,43,120,1,1,0.7471629971415699
current__logistic,43,121,1,1,1.2800625521492255
current__logistic,43,122,1,1,2.281512341055895
current__logistic,43,123,0,0,-2.0541138297432866
current__logistic,43,124,1,0,-1.2658076596634757
current__logistic,43,125,1,0,-0.8571606711945307
current__logistic,43,126,0,0,-0.20939594865599576
current__logistic,43,127,0,1,0.5976115300151036
current__logistic,43,128,1,1,0.37234846467248317
current__logistic,43,129,1,1,1.7682024649609636
current__logistic,43,130,1,1,0.12155670005778726
current__logistic,43,131,1,1,1.422750282761708
current__logistic,43,132,1,1,2.8770674424653637
current__logistic,43,133,0,1,2.023043497446132
current__logistic,43,134,0,1,1.2405243668008845
current__logistic,43,135,0,0,-3.5134410839074235
current__logistic,43,136,0,0,-3.51379204204311
current__logistic,43,137,1,1,0.5617252763056629
current__logistic,43,138,1,1,3.011570396392165
current__logistic,43,139,0,0,-2.2438086171265406
current__logistic,43,140,1,0,-0.6801045699275943
current__logistic,43,141,1,1,0.24042119671563547
current__logistic,43,142,1,1,1.2294072691868212
current__logistic,43,143,1,1,3.5542388461210566
current__logistic,43,144,1,0,-0.4895199169861658
current__logistic,43,145,1,1,1.3640336442806629
current__logistic,43,146,1,1,1.125181592883756
current__logistic,43,147,0,1,2.5570090392168137
current__logistic,43,148,0,0,-0.806205536378977
current__logistic,43,149,0,0,-4.217463275091009
current__logistic,43,150,1,1,1.0941865966443607
current__logistic,43,151,1,0,-0.33910087349494134
current__logistic,43,152,0,0,-2.6910779385941566
current__logistic,43,153,0,1,0.5484036725794671
current__logistic,43,154,1,1,0.64364843883431
current__logistic,43,155,1,0,-0.022681741288085075
current__logistic,43,156,0,1,0.10812573304842556
current__logistic,43,157,0,1,0.744690392031745
current__logistic,43,158,0,0,-3.867164118696963
current__logistic,43,159,0,0,-2.298773322653501
current__logistic,43,160,0,1,1.8802510309991038
current__logistic,43,161,1,1,3.9000726523263696
current__logistic,43,162,1,0,-2.309615075468756
current__logistic,43,163,1,1,2.128151955771143
current__logistic,43,164,1,1,3.2019733803206556
current__logistic,43,165,1,0,-0.24263088662446644
current__logistic,43,166,1,0,-1.397587493722568
current__logistic,43,167,0,0,-1.1006744344375545
current__logistic,43,168,1,1,1.7529005323228206
current__logistic,43,169,0,1,0.7923749129197522
current__logistic,43,170,1,1,4.194726689610935
current__logistic,43,171,1,0,-2.2498735443368636
current__logistic,43,172,0,0,-1.6696200707256805
current__logistic,43,173,1,1,1.3801762486477314
current__logistic,43,174,0,0,-2.451589701016167
current__logistic,43,175,0,0,-0.648589160859244
current__logistic,43,176,1,1,3.9524930778642497
current__logistic,43,177,1,1,0.3902542256171362
current__logistic,43,178,1,1,4.515555791971047
current__logistic,43,179,0,0,-3.1387048010006384
current__logistic,43,180,0,0,-2.578628023451999
current__logistic,43,181,1,1,7.735457175623947
current__logistic,43,182,0,0,-1.54155784981482
current__logistic,43,183,0,0,-2.708254408320309
current__logistic,43,184,0,0,-0.6800166473191177
current__logistic,43,185,0,0,-1.7801702331329505
current__logistic,43,186,0,1,0.492761325305449
current__logistic,43,187,1,1,3.514239139134509
current__logistic,43,188,1,1,2.8706479552001762
current__logistic,43,189,0,0,-0.21846904974816359
current__logistic,43,190,0,1,3.156310926219267
current__logistic,43,191,0,1,2.719446356586579
current__logistic,43,192,0,0,-0.6979436245299392
current__logistic,43,193,1,1,0.7399717360491587
current__logistic,43,194,0,0,-2.429587162293227
current__logistic,43,195,0,0,-2.0425978478564715
current__logistic,43,196,0,1,2.484175657850296
current__logistic,43,197,1,1,1.8836246675693284
current__logistic,43,198,0,0,-3.1266064193616194
current__logistic,43,199,0,0,-1.602290350024679
current__logistic,43,200,1,0,-0.16139756001423955
current__logistic,43,201,0,0,-4.618017249403332
current__logistic,43,202,0,0,-1.7366884459563592
current__logistic,43,203,0,0,-1.2370393886104745
current__logistic,43,204,1,1,1.8898485337223343
current__logistic,43,205,1,0,-2.4603158186884015
current__logistic,43,206,1,0,-2.0428751085722205
current__logistic,43,207,0,1,1.2779690724437383
current__logistic,43,208,0,1,1.4531568967665853
current__logistic,43,209,0,1,0.1291108024132882
current__logistic,43,210,1,0,-0.6879590339997338
current__logistic,43,211,1,0,-0.13990850411742425
current__logistic,43,212,1,1,0.6930599223004386
current__logistic,43,213,0,1,2.201825640879242
current__logistic,43,214,0,0,-7.448649570897715
current__logistic,43,215,0,0,-3.5677475664003353
current__logistic,43,216,1,0,-0.5487063319535731
current__logistic,43,217,0,0,-1.0629706882982612
current__logistic,43,218,1,1,6.995657118253736
current__logistic,43,219,1,0,-2.2191322176850186
current__logistic,43,220,1,1,5.901121708158815
current__logistic,43,221,1,1,0.29501142698162364
current__logistic,43,222,1,1,0.4833242669631288
current__logistic,43,223,1,1,1.553669985320235
current__logistic,43,224,1,1,0.4941071511220835
current__logistic,43,225,0,1,1.528486273377722
current__logistic,43,226,1,1,0.3828597205897458
current__logistic,43,227,0,1,1.2819857503092278
current__logistic,43,228,0,0,-2.4771050541488986
current__logistic,43,229,0,1,0.5015395813657145
current__logistic,43,230,1,1,0.947971583807969
current__logistic,43,231,0,1,0.9386067050235977
current__logistic,43,232,1,0,-0.130522393849297
current__logistic,43,233,1,1,1.2017773015808113
current__logistic,43,234,1,1,1.9539397011605615
current__logistic,43,235,0,0,-5.492254810841913
current__logistic,43,236,1,1,1.397854373611453
current__logistic,43,237,1,1,2.644869739996547
current__logistic,43,238,0,1,1.5351166323763863
current__logistic,43,239,0,1,1.1849835768836319
current__logistic,43,240,0,1,2.276403020959785
current__logistic,43,241,1,0,-1.951114203189215
current__logistic,43,242,1,0,-0.9682617756863469
current__logistic,43,243,0,1,0.9865232949106076
current__logistic,43,244,1,1,3.4913568596465847
current__logistic,43,245,1,1,4.12472014832073
current__logistic,43,246,0,1,2.208921607603667
current__logistic,43,247,1,1,0.8176839790821658
current__logistic,43,248,1,1,1.4514148546065375
current__logistic,43,249,1,0,-0.22892902842475926
current__logistic,43,250,1,1,1.3567018741338654
current__logistic,43,251,1,1,6.202114883401986
current__logistic,43,252,0,1,0.2231264398854846
current__logistic,43,253,1,0,-0.39617835699590254
current__logistic,43,254,0,0,-2.4871217739684517
current__logistic,43,255,1,1,1.3678826955823664
current__logistic,43,256,0,1,2.6932206838547934
current__logistic,43,257,0,1,3.103179046509878
current__logistic,43,258,0,1,2.303597289347156
current__logistic,43,259,0,0,-0.5966955714130897
current__logistic,43,260,0,0,-1.9808910479367068
current__logistic,43,261,0,1,2.3527763616201307
current__logistic,43,262,1,1,1.9908002414357588
current__logistic,43,263,1,1,2.125068571413323
current__logistic,43,264,1,1,0.06567069971380543
current__logistic,43,265,0,1,3.9472500355754407
current__logistic,43,266,1,1,2.3366849397481277
current__logistic,43,267,1,0,-3.286078582144783
current__logistic,43,268,1,1,2.341397574612223
current__logistic,43,269,0,0,-0.1644090074166499
current__logistic,43,270,1,0,-1.4859311729062894
current__logistic,43,271,0,1,0.5160141512860617
current__logistic,43,272,0,0,-2.195423721332148
current__logistic,43,273,1,1,1.1680149196314422
current__logistic,43,274,1,0,-0.492211594074039
current__logistic,43,275,0,0,-0.5600641558293441
current__logistic,43,276,0,0,-2.585023164715872
current__logistic,43,277,1,1,1.4463729937404488
current__logistic,43,278,0,0,-3.5722463687240995
current__logistic,43,279,0,0,-2.7830021532678164
current__logistic,43,280,1,1,3.4446383536024436
current__logistic,43,281,0,0,-7.624619034925439
current__logistic,43,282,0,1,0.34562202659677776
current__logistic,43,283,0,1,2.555306257047417
current__logistic,43,284,1,1,1.1874684731813518
current__logistic,43,285,0,0,-0.6088891420656619
current__logistic,43,286,0,1,2.910945587335656
current__logistic,43,287,1,1,2.568676508337627
current__logistic,43,288,1,0,-1.5279575373035748
current__logistic,43,289,0,0,-0.49912784054047854
current__logistic,43,290,0,0,-1.0047949918090198
current__logistic,43,291,1,1,1.866628581390025
current__logistic,43,292,1,1,0.7956967268918681
current__logistic,43,293,1,1,0.9959712659223352
current__logistic,43,294,0,0,-1.8735455518594575
current__logistic,43,295,1,0,-1.0107629147741344
current__logistic,43,296,0,1,3.410798038418159
current__logistic,43,297,1,1,1.0908048082923094
current__logistic,43,298,1,1,1.571913785704256
current__logistic,43,299,1,1,2.26116887586082
current__logistic,43,300,0,1,2.6772759257778453
current__logistic,43,301,1,1,0.36268373059348247
current__logistic,43,302,1,1,0.3989331944713538
current__logistic,43,303,0,1,3.134058309209919
current__logistic,43,304,1,1,2.564579494890329
current__logistic,43,305,0,1,0.9883555197679567
current__logistic,43,306,0,0,-0.39885286313126017
current__logistic,43,307,0,0,-1.908530656795929
current__logistic,43,308,0,1,1.3229033827373158
current__logistic,43,309,0,1,1.52736082061607
current__logistic,43,310,0,0,-1.3849741495007926
current__logistic,43,311,0,0,-1.0132901547159967
current__logistic,43,312,0,0,-1.4810619770501448
current__logistic,43,313,0,0,-6.919231581640944
current__logistic,43,314,0,0,-0.9054997462325569
current__logistic,43,315,0,0,-0.474388749793497
current__fisher,43,0,0,1,0.6126291155815125
current__fisher,43,1,1,0,-2.7305305004119873
current__fisher,43,2,0,0,-0.6231444478034973
current__fisher,43,3,1,0,-0.6532955765724182
current__fisher,43,4,0,0,-0.03387893736362457
current__fisher,43,5,1,0,-1.3807350397109985
current__fisher,43,6,0,1,0.7964921593666077
current__fisher,43,7,1,0,-1.7056320905685425
current__fisher,43,8,0,1,1.5151317119598389
current__fisher,43,9,0,0,-1.4316976070404053
current__fisher,43,10,1,0,-3.3240888118743896
current__fisher,43,11,1,1,1.2898708581924438
current__fisher,43,12,0,1,0.49628397822380066
current__fisher,43,13,0,0,-1.9098013639450073
current__fisher,43,14,1,0,-0.7330621480941772
current__fisher,43,15,1,1,0.484830379486084
current__fisher,43,16,1,1,0.3804672658443451
current__fisher,43,17,0,0,-1.9987802505493164
current__fisher,43,18,0,1,0.11473493278026581
current__fisher,43,19,1,1,1.8344908952713013
current__fisher,43,20,0,1,0.37650012969970703
current__fisher,43,21,0,0,-2.7484312057495117
current__fisher,43,22,1,1,0.6570213437080383
current__fisher,43,23,0,0,-0.3366861343383789
current__fisher,43,24,1,1,0.438866525888443
current__fisher,43,25,0,0,-0.5474568009376526
current__fisher,43,26,0,0,-1.5439752340316772
current__fisher,43,27,0,1,0.16871152818202972
current__fisher,43,28,0,0,-1.3959420919418335
current__fisher,43,29,0,1,2.2930240631103516
current__fisher,43,30,0,1,1.4986445903778076
current__fisher,43,31,0,0,-2.501106023788452
current__fisher,43,32,1,1,0.7146902680397034
current__fisher,43,33,1,0,-0.5918218493461609
current__fisher,43,34,1,1,0.7583950161933899
current__fisher,43,35,1,0,-0.644754946231842
current__fisher,43,36,1,0,-0.0494251549243927
current__fisher,43,37,1,0,-2.6152687072753906
current__fisher,43,38,0,1,0.7291014790534973
current__fisher,43,39,1,1,0.1819518655538559
current__fisher,43,40,0,1,0.2975583076477051
current__fisher,43,41,1,0,-0.9749492406845093
current__fisher,43,42,0,0,-0.7969796657562256
current__fisher,43,43,0,0,-1.3605812788009644
current__fisher,43,44,1,1,1.5108163356781006
current__fisher,43,45,0,0,-0.2814697325229645
current__fisher,43,46,1,0,-0.31120601296424866
current__fisher,43,47,1,0,-0.09555099159479141
current__fisher,43,48,0,0,-2.4673187732696533
current__fisher,43,49,1,0,-1.2373930215835571
current__fisher,43,50,1,1,1.1435425281524658
current__fisher,43,51,0,1,1.2450237274169922
current__fisher,43,52,0,0,-0.0019416362047195435
current__fisher,43,53,1,0,-0.18963545560836792
current__fisher,43,54,0,0,-0.876750111579895
current__fisher,43,55,0,0,-1.9679772853851318
current__fisher,43,56,1,1,0.579603374004364
current__fisher,43,57,0,1,1.0814517736434937
current__fisher,43,58,1,1,0.31632447242736816
current__fisher,43,59,0,1,0.033806487917900085
current__fisher,43,60,1,0,-1.3236347436904907
current__fisher,43,61,0,1,2.086015462875366
current__fisher,43,62,0,1,0.006466394290328026
current__fisher,43,63,1,1,0.6688173413276672
current__fisher,43,64,0,1,0.29821881651878357
current__fisher,43,65,0,1,1.9922829866409302
current__fisher,43,66,0,1,0.39238041639328003
current__fisher,43,67,0,1,0.8643419146537781
current__fisher,43,68,0,1,0.29272130131721497
current__fisher,43,69,1,0,-0.6027769446372986
current__fisher,43,70,0,0,-0.5153270959854126
current__fisher,43,71,1,0,-1.2224642038345337
current__fisher,43,72,0,1,0.6569070219993591
current__fisher,43,73,0,1,0.20607155561447144
current__fisher,43,74,0,0,-0.027948377653956413
current__fisher,43,75,0,1,0.20457586646080017
current__fisher,43,76,0,1,0.2228744626045227
current__fisher,43,77,1,0,-0.3313097655773163
current__fisher,43,78,1,1,0.45131179690361023
current__fisher,43,79,1,0,-0.8693427443504333
current__fisher,43,80,0,1,0.8538358807563782
current__fisher,43,81,1,1,0.15992361307144165
current__fisher,43,82,0,0,-0.637151837348938
current__fisher,43,83,1,1,1.1154043674468994
current__fisher,43,84,1,0,-0.39285939931869507
current__fisher,43,85,1,1,0.8350577354431152
current__fisher,43,86,1,1,0.9343439936637878
current__fisher,43,87,1,1,0.8999146223068237
current__fisher,43,88,1,1,1.4215837717056274
current__fisher,43,89,1,1,0.45288994908332825
current__fisher,43,90,1,1,0.7174494862556458
current__fisher,43,91,1,1,0.11713115870952606
current__fisher,43,92,0,0,-0.3152131140232086
current__fisher,43,93,0,0,-1.1905288696289062
current__fisher,43,94,0,1,1.9148420095443726
current__fisher,43,95,0,1,0.28562310338020325
current__fisher,43,96,1,0,-0.5524290204048157
current__fisher,43,97,1,0,-1.0342384576797485
current__fisher,43,98,1,0,-0.26727423071861267
current__fisher,43,99,0,1,0.7559085488319397
current__fisher,43,100,1,1,1.622850775718689
current__fisher,43,101,1,0,-0.04494326561689377
current__fisher,43,102,1,1,1.1002742052078247
current__fisher,43,103,0,0,-2.269038200378418
current__fisher,43,104,1,1,0.14187663793563843
current__fisher,43,105,0,1,0.031026696786284447
current__fisher,43,106,1,1,2.032064199447632
current__fisher,43,107,1,1,1.3253538608551025
current__fisher,43,108,1,1,0.3180374503135681
current__fisher,43,109,0,1,0.24042068421840668
current__fisher,43,110,1,0,-1.010148525238037
current__fisher,43,111,0,1,0.10564661026000977
current__fisher,43,112,1,1,1.086897850036621
current__fisher,43,113,0,0,-2.3117213249206543
current__fisher,43,114,0,0,-2.010383129119873
current__fisher,43,115,0,0,-0.1441495418548584
current__fisher,43,116,1,1,1.3910794258117676
current__fisher,43,117,0,0,-5.18510103225708
current__fisher,43,118,0,1,1.1579924821853638
current__fisher,43,119,1,1,5.6832275390625
current__fisher,43,120,1,1,0.7060048580169678
current__fisher,43,121,1,1,1.2767513990402222
current__fisher,43,122,1,1,1.468092918395996
current__fisher,43,123,0,0,-0.9661610722541809
current__fisher,43,124,1,0,-1.3385255336761475
current__fisher,43,125,1,0,-0.875020444393158
current__fisher,43,126,0,1,0.012389900162816048
current__fisher,43,127,0,1,0.9954787492752075
current__fisher,43,128,1,1,0.4480293393135071
current__fisher,43,129,1,1,1.2378865480422974
current__fisher,43,130,1,1,0.5640949010848999
current__fisher,43,131,1,1,0.968122124671936
current__fisher,43,132,1,1,1.5951019525527954
current__fisher,43,133,0,0,-0.1597568392753601
current__fisher,43,134,0,1,0.19927257299423218
current__fisher,43,135,0,0,-2.49479341506958
current__fisher,43,136,0,0,-1.9554824829101562
current__fisher,43,137,1,1,0.3965902030467987
current__fisher,43,138,1,1,1.5554183721542358
current__fisher,43,139,0,0,-1.0061825513839722
current__fisher,43,140,1,0,-0.27790722250938416
current__fisher,43,141,1,1,0.0814618319272995
current__fisher,43,142,1,1,0.5152907967567444
current__fisher,43,143,1,1,2.6257212162017822
current__fisher,43,144,1,0,-0.06605292856693268
current__fisher,43,145,1,1,0.30722782015800476
current__fisher,43,146,1,1,1.9896116256713867
current__fisher,43,147,0,1,1.1556838750839233
current__fisher,43,148,0,0,-1.0734974145889282
current__fisher,43,149,0,0,-2.418684482574463
current__fisher,43,150,1,0,-0.1202317401766777
current__fisher,43,151,1,1,0.10705004632472992
current__fisher,43,152,0,0,-1.4274789094924927
current__fisher,43,153,0,1,0.323642373085022
current__fisher,43,154,1,1,0.08700371533632278
current__fisher,43,155,1,0,-0.9407854080200195
current__fisher,43,156,0,0,-0.48281413316726685
current__fisher,43,157,0,1,0.9851202368736267
current__fisher,43,158,0,0,-2.8636841773986816
current__fisher,43,159,0,0,-1.44853675365448
current__fisher,43,160,0,1,1.6317790746688843
current__fisher,43,161,1,1,2.235759735107422
current__fisher,43,162,1,0,-1.5108689069747925
current__fisher,43,163,1,1,0.8201838731765747
current__fisher,43,164,1,1,2.401928663253784
current__fisher,43,165,1,1,0.32498177886009216
current__fisher,43,166,1,0,-0.42879918217658997
current__fisher,43,167,0,0,-1.2869033813476562
current__fisher,43,168,1,0,-0.36969080567359924
current__fisher,43,169,0,0,-0.04518550634384155
current__fisher,43,170,1,1,2.152837038040161
current__fisher,43,171,1,0,-1.8576743602752686
current__fisher,43,172,0,0,-1.1562379598617554
current__fisher,43,173,1,1,0.16867266595363617
current__fisher,43,174,0,0,-2.5957205295562744
current__fisher,43,175,0,0,-0.8047135472297668
current__fisher,43,176,1,1,2.1919405460357666
current__fisher,43,177,1,0,-0.059378743171691895
current__fisher,43,178,1,1,3.4369473457336426
current__fisher,43,179,0,0,-1.7472949028015137
current__fisher,43,180,0,0,-1.0996344089508057
current__fisher,43,181,1,1,1.4645594358444214
current__fisher,43,182,0,0,-0.5693144202232361
current__fisher,43,183,0,0,-2.505262613296509
current__fisher,43,184,0,1,0.11798807233572006
current__fisher,43,185,0,0,-0.34766674041748047
current__fisher,43,186,0,1,0.8168895840644836
current__fisher,43,187,1,1,1.6105780601501465
current__fisher,43,188,1,1,2.6683480739593506
current__fisher,43,189,0,0,-0.26367729902267456
current__fisher,43,190,0,1,1.9272546768188477
current__fisher,43,191,0,1,1.1687214374542236
current__fisher,43,192,0,1,0.480290949344635
current__fisher,43,193,1,0,-0.19697163999080658
current__fisher,43,194,0,0,-1.2239387035369873
current__fisher,43,195,0,1,0.012523354962468147
current__fisher,43,196,0,1,1.263309121131897
current__fisher,43,197,1,1,0.5307207107543945
current__fisher,43,198,0,0,-2.9428892135620117
current__fisher,43,199,0,0,-0.8006392121315002
current__fisher,43,200,1,0,-0.7203496098518372
current__fisher,43,201,0,0,-1.7828410863876343
current__fisher,43,202,0,0,-0.7024095058441162
current__fisher,43,203,0,0,-1.1123985052108765
current__fisher,43,204,1,1,0.6756062507629395
current__fisher,43,205,1,0,-1.335593581199646
current__fisher,43,206,1,0,-1.9227041006088257
current__fisher,43,207,0,1,1.4993640184402466
current__fisher,43,208,0,1,0.7240890860557556
current__fisher,43,209,0,1,0.17958101630210876
current__fisher,43,210,1,1,0.020398125052452087
current__fisher,43,211,1,0,-0.896937370300293
current__fisher,43,212,1,1,0.6528699994087219
current__fisher,43,213,0,1,0.7432174682617188
current__fisher,43,214,0,0,-3.6623809337615967
current__fisher,43,215,0,0,-0.6226888298988342
current__fisher,43,216,1,0,-1.0070587396621704
current__fisher,43,217,0,0,-0.42754116654396057
current__fisher,43,218,1,1,6.284060001373291
current__fisher,43,219,1,0,-0.6416880488395691
current__fisher,43,220,1,1,1.5110636949539185
current__fisher,43,221,1,1,0.7761600017547607
current__fisher,43,222,1,1,0.27547982335090637
current__fisher,43,223,1,1,1.4051474332809448
current__fisher,43,224,1,0,-0.5222773551940918
current__fisher,43,225,0,1,0.947883665561676
current__fisher,43,226,1,1,0.4647638201713562
current__fisher,43,227,0,1,0.6396313905715942
current__fisher,43,228,0,0,-1.7751951217651367
current__fisher,43,229,0,1,0.8219948410987854
current__fisher,43,230,1,1,0.05327392369508743
current__fisher,43,231,0,1,0.6115509271621704
current__fisher,43,232,1,1,0.6860769987106323
current__fisher,43,233,1,0,-0.20756030082702637
current__fisher,43,234,1,1,0.9653750061988831
current__fisher,43,235,0,0,-2.9854559898376465
current__fisher,43,236,1,1,1.4779105186462402
current__fisher,43,237,1,1,1.7012814283370972
current__fisher,43,238,0,1,0.5370864868164062
current__fisher,43,239,0,1,0.3632057309150696
current__fisher,43,240,0,1,2.054672956466675
current__fisher,43,241,1,0,-0.5317710041999817
current__fisher,43,242,1,0,-1.452177882194519
current__fisher,43,243,0,1,1.1055102348327637
current__fisher,43,244,1,1,2.3046348094940186
current__fisher,43,245,1,1,3.146730899810791
current__fisher,43,246,0,1,1.501961350440979
current__fisher,43,247,1,1,0.31193047761917114
current__fisher,43,248,1,1,1.1349208354949951
current__fisher,43,249,1,1,0.4581480920314789
current__fisher,43,250,1,1,0.7106829285621643
current__fisher,43,251,1,1,3.7753379344940186
current__fisher,43,252,0,0,-0.42003005743026733
current__fisher,43,253,1,1,1.5940486192703247
current__fisher,43,254,0,0,-2.808056592941284
current__fisher,43,255,1,1,0.42534947395324707
current__fisher,43,256,0,1,1.5620687007904053
current__fisher,43,257,0,1,0.23165321350097656
current__fisher,43,258,0,1,1.478797435760498
current__fisher,43,259,0,0,-0.1884976029396057
current__fisher,43,260,0,0,-1.6906824111938477
current__fisher,43,261,0,1,2.10857892036438
current__fisher,43,262,1,1,1.3401037454605103
current__fisher,43,263,1,1,1.1993775367736816
current__fisher,43,264,1,0,-0.5225953459739685
current__fisher,43,265,0,1,2.4509737491607666
current__fisher,43,266,1,1,2.09326434135437
current__fisher,43,267,1,0,-3.8444406986236572
current__fisher,43,268,1,1,2.7829973697662354
current__fisher,43,269,0,0,-0.659527599811554
current__fisher,43,270,1,1,0.22975610196590424
current__fisher,43,271,0,1,0.5083910822868347
current__fisher,43,272,0,0,-1.5813076496124268
current__fisher,43,273,1,1,0.8186917901039124
current__fisher,43,274,1,1,0.8405358195304871
current__fisher,43,275,0,1,0.4948858916759491
current__fisher,43,276,0,0,-1.3606154918670654
current__fisher,43,277,1,1,1.5734479427337646
current__fisher,43,278,0,0,-2.386859655380249
current__fisher,43,279,0,0,-1.1289626359939575
current__fisher,43,280,1,1,2.3697450160980225
current__fisher,43,281,0,0,-5.538387298583984
current__fisher,43,282,0,0,-0.5120168924331665
current__fisher,43,283,0,1,0.29380127787590027
current__fisher,43,284,1,1,0.7565836310386658
current__fisher,43,285,0,0,-0.7003025412559509
current__fisher,43,286,0,1,1.2633984088897705
current__fisher,43,287,1,1,1.1141856908798218
current__fisher,43,288,1,0,-1.1058744192123413
current__fisher,43,289,0,0,-0.1329089105129242
current__fisher,43,290,0,0,-1.0972269773483276
current__fisher,43,291,1,1,0.897975504398346
current__fisher,43,292,1,1,0.05850716680288315
current__fisher,43,293,1,1,1.1740795373916626
current__fisher,43,294,0,0,-1.102342128753662
current__fisher,43,295,1,0,-0.11322229355573654
current__fisher,43,296,0,1,2.119736909866333
current__fisher,43,297,1,1,1.2429217100143433
current__fisher,43,298,1,1,1.8282047510147095
current__fisher,43,299,1,1,0.757489800453186
current__fisher,43,300,0,1,2.1668872833251953
current__fisher,43,301,1,1,0.06747305393218994
current__fisher,43,302,1,1,0.7092671990394592
current__fisher,43,303,0,1,0.6302629709243774
current__fisher,43,304,1,1,1.963949203491211
current__fisher,43,305,0,1,0.1982646882534027
current__fisher,43,306,0,0,-0.20537985861301422
current__fisher,43,307,0,0,-0.9108946919441223
current__fisher,43,308,0,1,0.06888426095247269
current__fisher,43,309,0,0,-0.22761204838752747
current__fisher,43,310,0,0,-2.8441882133483887
current__fisher,43,311,0,0,-0.24857772886753082
current__fisher,43,312,0,0,-0.3274911940097809
current__fisher,43,313,0,0,-3.9161531925201416
current__fisher,43,314,0,1,0.08915693312883377
current__fisher,43,315,0,1,1.2915693521499634
terminal__logistic,43,0,0,1,2.777912822215411
terminal__logistic,43,1,1,0,-0.01732793607564044
terminal__logistic,43,2,0,0,-1.0190840687593057
terminal__logistic,43,3,1,1,0.6701442425636659
terminal__logistic,43,4,0,0,-0.8095670379521624
terminal__logistic,43,5,1,1,0.7265328096612937
terminal__logistic,43,6,0,1,1.1842430903640773
terminal__logistic,43,7,1,1,0.2291748091625095
terminal__logistic,43,8,0,0,-0.532339950020543
terminal__logistic,43,9,0,0,-2.8206369073725215
terminal__logistic,43,10,1,0,-0.8907641881902495
terminal__logistic,43,11,1,0,-0.08898724248933157
terminal__logistic,43,12,0,0,-1.3394896656903172
terminal__logistic,43,13,0,0,-0.6643179534776911
terminal__logistic,43,14,1,1,2.4018439538029717
terminal__logistic,43,15,1,0,-0.8182837328248687
terminal__logistic,43,16,1,0,-1.4593422855953604
terminal__logistic,43,17,0,1,1.4780741549453011
terminal__logistic,43,18,0,0,-0.48186148330341383
terminal__logistic,43,19,1,1,0.7108770176367765
terminal__logistic,43,20,0,0,-1.7836028847494139
terminal__logistic,43,21,0,0,-1.4880043616296714
terminal__logistic,43,22,1,0,-0.43173335151688974
terminal__logistic,43,23,0,1,2.8569224928082346
terminal__logistic,43,24,1,0,-0.49290267069244104
terminal__logistic,43,25,0,0,-1.6664780301872988
terminal__logistic,43,26,0,1,1.0175917817088795
terminal__logistic,43,27,0,1,0.635656046088737
terminal__logistic,43,28,0,0,-1.5297034485008634
terminal__logistic,43,29,0,0,-0.9814418091295637
terminal__logistic,43,30,0,1,0.28125739297537566
terminal__logistic,43,31,0,0,-3.823035169022994
terminal__logistic,43,32,1,1,2.5536268982270123
terminal__logistic,43,33,1,0,-1.1308042172340609
terminal__logistic,43,34,1,1,3.412217533112807
terminal__logistic,43,35,1,0,-0.5751964469000251
terminal__logistic,43,36,1,1,1.0983485432881601
terminal__logistic,43,37,1,0,-0.15801063487462663
terminal__logistic,43,38,0,1,0.23845439329725296
terminal__logistic,43,39,1,1,1.0421920991468019
terminal__logistic,43,40,0,1,0.48992129827000147
terminal__logistic,43,41,1,1,0.4055381348480381
terminal__logistic,43,42,0,0,-0.537175365061646
terminal__logistic,43,43,0,1,2.5110349148517654
terminal__logistic,43,44,1,1,2.256929457969014
terminal__logistic,43,45,0,1,0.15972329745707933
terminal__logistic,43,46,1,0,-0.5844418696969395
terminal__logistic,43,47,1,0,-0.7342414657212389
terminal__logistic,43,48,0,0,-3.0766637579271445
terminal__logistic,43,49,1,1,0.3964636934684476
terminal__logistic,43,50,1,1,1.219382138486399
terminal__logistic,43,51,0,1,0.7689717147323879
terminal__logistic,43,52,0,0,-0.33399741972660457
terminal__logistic,43,53,1,0,-0.5064908336595697
terminal__logistic,43,54,0,1,0.517347841723745
terminal__logistic,43,55,0,0,-0.12397951603375647
terminal__logistic,43,56,1,0,-0.47516717920303225
terminal__logistic,43,57,0,0,-0.209416641632264
terminal__logistic,43,58,1,1,0.43158770884788034
terminal__logistic,43,59,0,0,-1.0673483904347831
terminal__logistic,43,60,1,0,-1.620174414856341
terminal__logistic,43,61,0,1,1.1408466429743498
terminal__logistic,43,62,0,1,0.47511818117386206
terminal__logistic,43,63,1,1,0.2294465620475659
terminal__logistic,43,64,0,0,-0.7234138140778427
terminal__logistic,43,65,0,1,1.3068960674399996
terminal__logistic,43,66,0,0,-0.2710333921456391
terminal__logistic,43,67,0,0,-1.3638993852660677
terminal__logistic,43,68,0,0,-0.7761774586666473
terminal__logistic,43,69,1,0,-1.5456036329947873
terminal__logistic,43,70,0,0,-1.575894355216442
terminal__logistic,43,71,1,0,-1.2804167388270404
terminal__logistic,43,72,0,0,-2.0885808543597175
terminal__logistic,43,73,0,0,-0.5725795265113048
terminal__logistic,43,74,0,1,1.7119594781290683
terminal__logistic,43,75,0,0,-2.5006154871857764
terminal__logistic,43,76,0,0,-0.46249689055130816
terminal__logistic,43,77,1,1,0.34266612329095364
terminal__logistic,43,78,1,0,-0.7803406632809695
terminal__logistic,43,79,1,1,1.8827219831807214
terminal__logistic,43,80,0,1,1.8538530168197476
terminal__logistic,43,81,1,0,-2.0671009845941564
terminal__logistic,43,82,0,1,0.4561901150091372
terminal__logistic,43,83,1,1,1.5572869677086052
terminal__logistic,43,84,1,1,1.8584668759412855
terminal__logistic,43,85,1,1,0.629843199225987
terminal__logistic,43,86,1,1,0.5085206740191742
terminal__logistic,43,87,1,0,-1.0358035012227007
terminal__logistic,43,88,1,1,0.5587129693465576
terminal__logistic,43,89,1,1,0.22930838566108247
terminal__logistic,43,90,1,1,2.4945954749633783
terminal__logistic,43,91,1,1,1.0800275373710742
terminal__logistic,43,92,0,1,0.9329357574364052
terminal__logistic,43,93,0,0,-0.5881818973707246
terminal__logistic,43,94,0,1,0.9723731542597291
terminal__logistic,43,95,0,1,0.09206432504749133
terminal__logistic,43,96,1,1,1.8617490121051796
terminal__logistic,43,97,1,1,1.444488674044869
terminal__logistic,43,98,1,1,0.8896617582213592
terminal__logistic,43,99,0,0,-1.010205818575512
terminal__logistic,43,100,1,1,1.3591048779466923
terminal__logistic,43,101,1,1,0.25602153072356426
terminal__logistic,43,102,1,1,0.19796071498884807
terminal__logistic,43,103,0,0,-1.430056321490997
terminal__logistic,43,104,1,0,-1.8011031359379863
terminal__logistic,43,105,0,1,2.8263097736713796
terminal__logistic,43,106,1,1,1.4870805040614439
terminal__logistic,43,107,1,1,1.8254885786504762
terminal__logistic,43,108,1,1,0.39569058327684514
terminal__logistic,43,109,0,0,-1.1985193861785566
terminal__logistic,43,110,1,0,-1.7575638173470292
terminal__logistic,43,111,0,1,1.6129599039995557
terminal__logistic,43,112,1,1,0.42935289935156573
terminal__logistic,43,113,0,0,-1.2780807531215055
terminal__logistic,43,114,0,0,-1.1696066040531454
terminal__logistic,43,115,0,1,1.1826269781453143
terminal__logistic,43,116,1,1,2.24140917334561
terminal__logistic,43,117,0,0,-1.9255230003660664
terminal__logistic,43,118,0,1,2.213082163251091
terminal__logistic,43,119,1,1,0.8589932205072441
terminal__logistic,43,120,1,1,1.7788376378135067
terminal__logistic,43,121,1,1,1.3012850305810792
terminal__logistic,43,122,1,1,2.2676520058062346
terminal__logistic,43,123,0,0,-2.385953232676801
terminal__logistic,43,124,1,0,-0.873995346366272
terminal__logistic,43,125,1,0,-0.17324628668626163
terminal__logistic,43,126,0,0,-0.30054968104666197
terminal__logistic,43,127,0,0,-0.3756501443935362
terminal__logistic,43,128,1,1,0.936819680521142
terminal__logistic,43,129,1,0,-0.46164181744846816
terminal__logistic,43,130,1,1,0.7599929143610633
terminal__logistic,43,131,1,1,1.420819138257659
terminal__logistic,43,132,1,1,3.0286874135155704
terminal__logistic,43,133,0,0,-1.6705378512882014
terminal__logistic,43,134,0,1,0.9685041895385996
terminal__logistic,43,135,0,0,-2.1951047954941854
terminal__logistic,43,136,0,0,-1.879446241349255
terminal__logistic,43,137,1,1,0.7313682593421154
terminal__logistic,43,138,1,1,2.096383840203383
terminal__logistic,43,139,0,1,1.103946334940009
terminal__logistic,43,140,1,1,1.850167596081429
terminal__logistic,43,141,1,1,2.6446455783910277
terminal__logistic,43,142,1,1,0.43239734566609644
terminal__logistic,43,143,1,1,1.9215121995697768
terminal__logistic,43,144,1,1,0.35871925153156
terminal__logistic,43,145,1,1,0.644751784759283
terminal__logistic,43,146,1,1,2.296235449884353
terminal__logistic,43,147,0,1,1.4889510330820168
terminal__logistic,43,148,0,0,-0.7474061619622969
terminal__logistic,43,149,0,0,-1.1925318314652755
terminal__logistic,43,150,1,1,0.4529532021118694
terminal__logistic,43,151,1,1,0.6325898012471194
terminal__logistic,43,152,0,1,1.723227091364208
terminal__logistic,43,153,0,0,-0.7791085418299495
terminal__logistic,43,154,1,1,0.10457200435230372
terminal__logistic,43,155,1,1,2.0075160939004753
terminal__logistic,43,156,0,0,-1.9119929702446026
terminal__logistic,43,157,0,0,-0.10548470038796867
terminal__logistic,43,158,0,0,-0.9837887019353456
terminal__logistic,43,159,0,1,0.8327952258167247
terminal__logistic,43,160,0,1,0.05535818090550285
terminal__logistic,43,161,1,1,0.5756052826037943
terminal__logistic,43,162,1,0,-2.7477465780285852
terminal__logistic,43,163,1,0,-1.0187753602802765
terminal__logistic,43,164,1,1,2.2008327723557066
terminal__logistic,43,165,1,1,2.0088422169099407
terminal__logistic,43,166,1,1,0.7538666317732927
terminal__logistic,43,167,0,0,-0.1601876938170318
terminal__logistic,43,168,1,1,0.012006746514474295
terminal__logistic,43,169,0,0,-1.8065704699410132
terminal__logistic,43,170,1,0,-0.24377738967357465
terminal__logistic,43,171,1,1,0.8716514815426271
terminal__logistic,43,172,0,0,-1.1837454382390638
terminal__logistic,43,173,1,1,1.4056947623807754
terminal__logistic,43,174,0,0,-1.35821537168703
terminal__logistic,43,175,0,1,2.0105345803904946
terminal__logistic,43,176,1,1,2.608404951809597
terminal__logistic,43,177,1,1,0.6974183833744698
terminal__logistic,43,178,1,1,0.5330972349090035
terminal__logistic,43,179,0,0,-2.4807179290902943
terminal__logistic,43,180,0,1,0.5959323488867083
terminal__logistic,43,181,1,1,0.4451182020134856
terminal__logistic,43,182,0,0,-1.069994228134133
terminal__logistic,43,183,0,0,-2.548648890471651
terminal__logistic,43,184,0,0,-1.3420649013750545
terminal__logistic,43,185,0,0,-0.9601222198431754
terminal__logistic,43,186,0,0,-0.24289330217502383
terminal__logistic,43,187,1,1,2.3943681694456576
terminal__logistic,43,188,1,1,0.907452439318769
terminal__logistic,43,189,0,0,-0.688109157187181
terminal__logistic,43,190,0,1,1.2364834045677906
terminal__logistic,43,191,0,0,-0.5480331569017595
terminal__logistic,43,192,0,1,1.2994791328783637
terminal__logistic,43,193,1,1,1.6281244956971728
terminal__logistic,43,194,0,0,-2.466469283404164
terminal__logistic,43,195,0,0,-1.6082330756602516
terminal__logistic,43,196,0,1,1.3436312470315586
terminal__logistic,43,197,1,1,1.625632328681451
terminal__logistic,43,198,0,0,-1.7995141915438249
terminal__logistic,43,199,0,0,-1.378982242050059
terminal__logistic,43,200,1,1,0.24471738552842728
terminal__logistic,43,201,0,0,-1.6717725895221052
terminal__logistic,43,202,0,1,0.1498761113509203
terminal__logistic,43,203,0,0,-0.8418867236909671
terminal__logistic,43,204,1,0,-0.13848197383612715
terminal__logistic,43,205,1,0,-1.8583229999414805
terminal__logistic,43,206,1,1,0.3630968445336591
terminal__logistic,43,207,0,0,-1.265375420206412
terminal__logistic,43,208,0,0,-0.9364963741256576
terminal__logistic,43,209,0,0,-1.4964272350365198
terminal__logistic,43,210,1,1,0.05999538044848166
terminal__logistic,43,211,1,1,1.5098719485238954
terminal__logistic,43,212,1,1,0.7936063763926041
terminal__logistic,43,213,0,1,1.1448365426265816
terminal__logistic,43,214,0,0,-3.1647381642175842
terminal__logistic,43,215,0,0,-1.754020994378297
terminal__logistic,43,216,1,0,-1.8139915857369342
terminal__logistic,43,217,0,0,-0.38139085120397603
terminal__logistic,43,218,1,1,3.088878359327265
terminal__logistic,43,219,1,0,-0.2033496139691886
terminal__logistic,43,220,1,1,0.6283000523815214
terminal__logistic,43,221,1,0,-0.2816151253486702
terminal__logistic,43,222,1,1,1.5159565384934843
terminal__logistic,43,223,1,1,0.9862802498180088
terminal__logistic,43,224,1,1,3.4838108044224922
terminal__logistic,43,225,0,1,0.3414919193906217
terminal__logistic,43,226,1,1,1.3847472039501383
terminal__logistic,43,227,0,0,-1.2396182275831586
terminal__logistic,43,228,0,0,-0.5806623172155029
terminal__logistic,43,229,0,0,-1.5288475838864568
terminal__logistic,43,230,1,1,2.2599014965651034
terminal__logistic,43,231,0,0,-0.4298347018606267
terminal__logistic,43,232,1,1,1.0291739173203605
terminal__logistic,43,233,1,0,-0.09535180585741206
terminal__logistic,43,234,1,1,1.4626521521802551
terminal__logistic,43,235,0,1,0.8818291707473704
terminal__logistic,43,236,1,1,3.2366736188121976
terminal__logistic,43,237,1,1,0.3227232643378966
terminal__logistic,43,238,0,1,0.4686195207678394
terminal__logistic,43,239,0,0,-1.882353999712648
terminal__logistic,43,240,0,0,-0.15953224071036132
terminal__logistic,43,241,1,1,0.08815146969243103
terminal__logistic,43,242,1,0,-1.1693592410917182
terminal__logistic,43,243,0,0,-0.15264792388585025
terminal__logistic,43,244,1,1,2.244492012528681
terminal__logistic,43,245,1,1,0.47542424500487557
terminal__logistic,43,246,0,0,-0.3770788239647247
terminal__logistic,43,247,1,0,-0.6078139308193208
terminal__logistic,43,248,1,1,2.206012440766592
terminal__logistic,43,249,1,1,0.28373414921184975
terminal__logistic,43,250,1,0,-0.9226188391518417
terminal__logistic,43,251,1,1,3.5862410483527305
terminal__logistic,43,252,0,0,-0.6385085462862596
terminal__logistic,43,253,1,1,0.0829715869751466
terminal__logistic,43,254,0,0,-0.15917646474006172
terminal__logistic,43,255,1,1,0.03666210870957397
terminal__logistic,43,256,0,1,0.26114085166131
terminal__logistic,43,257,0,0,-0.1739273882190687
terminal__logistic,43,258,0,0,-0.37630377068524606
terminal__logistic,43,259,0,1,0.6632580651144493
terminal__logistic,43,260,0,0,-1.2885559136341662
terminal__logistic,43,261,0,0,-0.9982275765260884
terminal__logistic,43,262,1,1,1.674353055486088
terminal__logistic,43,263,1,1,1.5760300838188344
terminal__logistic,43,264,1,1,1.6992814074361984
terminal__logistic,43,265,0,0,-0.08816114323348476
terminal__logistic,43,266,1,1,1.140449492031619
terminal__logistic,43,267,1,0,-2.1293830994199205
terminal__logistic,43,268,1,1,2.9944966051534005
terminal__logistic,43,269,0,0,-0.4390932836788925
terminal__logistic,43,270,1,0,-0.5957196664636366
terminal__logistic,43,271,0,0,-1.9801846404986183
terminal__logistic,43,272,0,0,-1.8675466841372097
terminal__logistic,43,273,1,1,0.25202215191925315
terminal__logistic,43,274,1,0,-1.723383233269308
terminal__logistic,43,275,0,0,-1.0128775574678672
terminal__logistic,43,276,0,0,-1.6313212124033767
terminal__logistic,43,277,1,1,0.6931769614309752
terminal__logistic,43,278,0,0,-3.299251121273777
terminal__logistic,43,279,0,1,0.03784226710373216
terminal__logistic,43,280,1,0,-0.21752638699391147
terminal__logistic,43,281,0,0,-3.083374807519248
terminal__logistic,43,282,0,0,-1.2255217385680415
terminal__logistic,43,283,0,0,-1.9801903358044395
terminal__logistic,43,284,1,1,0.11169820833352881
terminal__logistic,43,285,0,0,-2.258039522547703
terminal__logistic,43,286,0,0,-0.7138681113559234
terminal__logistic,43,287,1,1,1.5573601730182003
terminal__logistic,43,288,1,0,-0.26449298883929934
terminal__logistic,43,289,0,1,0.19115910392220678
terminal__logistic,43,290,0,0,-2.223109468015299
terminal__logistic,43,291,1,1,1.5834777606323391
terminal__logistic,43,292,1,0,-1.1824292147283801
terminal__logistic,43,293,1,1,0.27383776392436204
terminal__logistic,43,294,0,1,0.6414216556725152
terminal__logistic,43,295,1,1,0.3377537220795149
terminal__logistic,43,296,0,0,-0.6277848511710237
terminal__logistic,43,297,1,1,0.18048727471476975
terminal__logistic,43,298,1,1,1.941031407489276
terminal__logistic,43,299,1,1,5.595449288778202
terminal__logistic,43,300,0,1,1.8125969959636359
terminal__logistic,43,301,1,1,0.31065341953649345
terminal__logistic,43,302,1,0,-0.5028490197598834
terminal__logistic,43,303,0,0,-3.9206569634781325
terminal__logistic,43,304,1,1,1.8083610725712564
terminal__logistic,43,305,0,0,-1.9033837587638975
terminal__logistic,43,306,0,0,-1.5441336405866333
terminal__logistic,43,307,0,1,0.37935481145172967
terminal__logistic,43,308,0,0,-1.7062319656528937
terminal__logistic,43,309,0,0,-0.8831826603445369
terminal__logistic,43,310,0,0,-1.9647390890239353
terminal__logistic,43,311,0,1,0.4356049442559299
terminal__logistic,43,312,0,0,-1.1090996579369976
terminal__logistic,43,313,0,0,-3.959259691821649
terminal__logistic,43,314,0,0,-2.0695434280200646
terminal__logistic,43,315,0,1,1.2461531579114558
terminal__fisher,43,0,0,1,2.4003474712371826
terminal__fisher,43,1,1,0,-0.38485604524612427
terminal__fisher,43,2,0,0,-0.7283235788345337
terminal__fisher,43,3,1,1,0.6840860843658447
terminal__fisher,43,4,0,0,-0.884190559387207
terminal__fisher,43,5,1,1,0.5593461990356445
terminal__fisher,43,6,0,1,1.038931131362915
terminal__fisher,43,7,1,1,0.1453295201063156
terminal__fisher,43,8,0,0,-0.31999093294143677
terminal__fisher,43,9,0,0,-2.696354627609253
terminal__fisher,43,10,1,0,-1.2518190145492554
terminal__fisher,43,11,1,0,-0.04353697970509529
terminal__fisher,43,12,0,0,-1.5857481956481934
terminal__fisher,43,13,0,0,-0.9695305824279785
terminal__fisher,43,14,1,1,2.2924582958221436
terminal__fisher,43,15,1,0,-0.6331095695495605
terminal__fisher,43,16,1,0,-1.4127804040908813
terminal__fisher,43,17,0,1,1.3461405038833618
terminal__fisher,43,18,0,0,-0.41743433475494385
terminal__fisher,43,19,1,1,0.754389762878418
terminal__fisher,43,20,0,0,-1.6434144973754883
terminal__fisher,43,21,0,0,-1.3185354471206665
terminal__fisher,43,22,1,0,-0.4983190596103668
terminal__fisher,43,23,0,1,2.9678637981414795
terminal__fisher,43,24,1,0,-0.43586400151252747
terminal__fisher,43,25,0,0,-1.6391737461090088
terminal__fisher,43,26,0,1,0.3749527633190155
terminal__fisher,43,27,0,1,0.5606926083564758
terminal__fisher,43,28,0,0,-1.4712591171264648
terminal__fisher,43,29,0,0,-0.7222759127616882
terminal__fisher,43,30,0,1,0.318815678358078
terminal__fisher,43,31,0,0,-3.7044384479522705
terminal__fisher,43,32,1,1,2.6936798095703125
terminal__fisher,43,33,1,0,-0.9373273849487305
terminal__fisher,43,34,1,1,3.359229564666748
terminal__fisher,43,35,1,0,-0.7773429155349731
terminal__fisher,43,36,1,1,1.2112737894058228
terminal__fisher,43,37,1,0,-0.4485473930835724
terminal__fisher,43,38,0,1,0.37098070979118347
terminal__fisher,43,39,1,1,0.8523938655853271
terminal__fisher,43,40,0,1,0.47893986105918884
terminal__fisher,43,41,1,1,0.26606282591819763
terminal__fisher,43,42,0,0,-0.607295572757721
terminal__fisher,43,43,0,1,2.4710052013397217
terminal__fisher,43,44,1,1,2.3912079334259033
terminal__fisher,43,45,0,0,-0.23118896782398224
terminal__fisher,43,46,1,0,-0.7545895576477051
terminal__fisher,43,47,1,0,-0.8074952960014343
terminal__fisher,43,48,0,0,-2.907425880432129
terminal__fisher,43,49,1,1,0.2871415913105011
terminal__fisher,43,50,1,1,1.254848599433899
terminal__fisher,43,51,0,1,0.8636156320571899
terminal__fisher,43,52,0,0,-0.06805415451526642
terminal__fisher,43,53,1,0,-0.5923295021057129
terminal__fisher,43,54,0,1,0.12236659228801727
terminal__fisher,43,55,0,0,-0.361418753862381
terminal__fisher,43,56,1,0,-0.510113537311554
terminal__fisher,43,57,0,0,-0.3414554297924042
terminal__fisher,43,58,1,1,0.5751244425773621
terminal__fisher,43,59,0,0,-0.9162824153900146
terminal__fisher,43,60,1,0,-1.4728113412857056
terminal__fisher,43,61,0,1,1.2547085285186768
terminal__fisher,43,62,0,1,0.037066902965307236
terminal__fisher,43,63,1,1,0.19115640223026276
terminal__fisher,43,64,0,0,-0.5927215814590454
terminal__fisher,43,65,0,1,1.2389391660690308
terminal__fisher,43,66,0,0,-0.35664135217666626
terminal__fisher,43,67,0,0,-1.2790133953094482
terminal__fisher,43,68,0,0,-0.8372763991355896
terminal__fisher,43,69,1,0,-1.3240001201629639
terminal__fisher,43,70,0,0,-1.322368860244751
terminal__fisher,43,71,1,0,-0.950322687625885
terminal__fisher,43,72,0,0,-2.053358793258667
terminal__fisher,43,73,0,0,-0.19929155707359314
terminal__fisher,43,74,0,1,1.6492568254470825
terminal__fisher,43,75,0,0,-2.4459078311920166
terminal__fisher,43,76,0,0,-0.4850456416606903
terminal__fisher,43,77,1,1,0.1798194944858551
terminal__fisher,43,78,1,0,-0.7395068407058716
terminal__fisher,43,79,1,1,1.620487093925476
terminal__fisher,43,80,0,1,1.9125125408172607
terminal__fisher,43,81,1,0,-2.0206527709960938
terminal__fisher,43,82,0,1,0.1458079069852829
terminal__fisher,43,83,1,1,1.8403030633926392
terminal__fisher,43,84,1,1,1.555405616760254
terminal__fisher,43,85,1,1,0.6473212242126465
terminal__fisher,43,86,1,1,0.4174754321575165
terminal__fisher,43,87,1,0,-0.5097408294677734
terminal__fisher,43,88,1,1,0.46972325444221497
terminal__fisher,43,89,1,1,0.2357179820537567
terminal__fisher,43,90,1,1,2.5500121116638184
terminal__fisher,43,91,1,1,0.7362831830978394
terminal__fisher,43,92,0,1,0.7531602382659912
terminal__fisher,43,93,0,0,-0.6359516978263855
terminal__fisher,43,94,0,1,1.3089203834533691
terminal__fisher,43,95,0,1,0.41906973719596863
terminal__fisher,43,96,1,1,1.2741602659225464
terminal__fisher,43,97,1,1,1.2665364742279053
terminal__fisher,43,98,1,1,0.8668320775032043
terminal__fisher,43,99,0,0,-1.2812308073043823
terminal__fisher,43,100,1,1,1.1037300825119019
terminal__fisher,43,101,1,1,0.10393509268760681
terminal__fisher,43,102,1,1,0.24851347506046295
terminal__fisher,43,103,0,0,-1.4213824272155762
terminal__fisher,43,104,1,0,-1.6841626167297363
terminal__fisher,43,105,0,1,2.45600962638855
terminal__fisher,43,106,1,1,1.6433066129684448
terminal__fisher,43,107,1,1,1.824906826019287
terminal__fisher,43,108,1,1,0.5337993502616882
terminal__fisher,43,109,0,0,-1.2533766031265259
terminal__fisher,43,110,1,0,-1.9005849361419678
terminal__fisher,43,111,0,1,1.8900525569915771
terminal__fisher,43,112,1,1,0.509604275226593
terminal__fisher,43,113,0,0,-1.5254402160644531
terminal__fisher,43,114,0,0,-1.0622906684875488
terminal__fisher,43,115,0,1,1.2985801696777344
terminal__fisher,43,116,1,1,2.645311117172241
terminal__fisher,43,117,0,0,-1.4156564474105835
terminal__fisher,43,118,0,1,1.953932285308838
terminal__fisher,43,119,1,1,0.6543845534324646
terminal__fisher,43,120,1,1,1.8519771099090576
terminal__fisher,43,121,1,1,1.4415922164916992
terminal__fisher,43,122,1,1,1.9143785238265991
terminal__fisher,43,123,0,0,-2.3540468215942383
terminal__fisher,43,124,1,0,-0.6835617423057556
terminal__fisher,43,125,1,0,-0.26756030321121216
terminal__fisher,43,126,0,0,-0.3376455008983612
terminal__fisher,43,127,0,0,-0.19184063374996185
terminal__fisher,43,128,1,1,0.8468418121337891
terminal__fisher,43,129,1,0,-0.4931124746799469
terminal__fisher,43,130,1,1,1.0264705419540405
terminal__fisher,43,131,1,1,1.460587978363037
terminal__fisher,43,132,1,1,2.8713722229003906
terminal__fisher,43,133,0,0,-1.5911363363265991
terminal__fisher,43,134,0,1,0.746574878692627
terminal__fisher,43,135,0,0,-1.9451560974121094
terminal__fisher,43,136,0,0,-2.373112916946411
terminal__fisher,43,137,1,1,0.7798261642456055
terminal__fisher,43,138,1,1,1.8770742416381836
terminal__fisher,43,139,0,1,0.652481734752655
terminal__fisher,43,140,1,1,1.7050985097885132
terminal__fisher,43,141,1,1,2.2424263954162598
terminal__fisher,43,142,1,1,0.0065551865845918655
terminal__fisher,43,143,1,1,2.0529963970184326
terminal__fisher,43,144,1,1,0.28264692425727844
terminal__fisher,43,145,1,1,0.8417240977287292
terminal__fisher,43,146,1,1,2.234323263168335
terminal__fisher,43,147,0,1,1.0877580642700195
terminal__fisher,43,148,0,0,-1.121570110321045
terminal__fisher,43,149,0,0,-1.435166835784912
terminal__fisher,43,150,1,1,0.6451078057289124
terminal__fisher,43,151,1,1,0.320968359708786
terminal__fisher,43,152,0,1,1.841271162033081
terminal__fisher,43,153,0,0,-0.6413715481758118
terminal__fisher,43,154,1,0,-0.14851585030555725
terminal__fisher,43,155,1,1,1.6716485023498535
terminal__fisher,43,156,0,0,-1.5997569561004639
terminal__fisher,43,157,0,0,-0.15807004272937775
terminal__fisher,43,158,0,0,-1.0018272399902344
terminal__fisher,43,159,0,1,1.0832338333129883
terminal__fisher,43,160,0,1,0.18070794641971588
terminal__fisher,43,161,1,1,0.6135509610176086
terminal__fisher,43,162,1,0,-2.790504217147827
terminal__fisher,43,163,1,0,-1.0047788619995117
terminal__fisher,43,164,1,1,2.1795589923858643
terminal__fisher,43,165,1,1,1.947371482849121
terminal__fisher,43,166,1,1,0.5719428658485413
terminal__fisher,43,167,0,0,-0.29786238074302673
terminal__fisher,43,168,1,0,-0.20542952418327332
terminal__fisher,43,169,0,0,-1.7556207180023193
terminal__fisher,43,170,1,0,-0.264849454164505
terminal__fisher,43,171,1,1,0.49146899580955505
terminal__fisher,43,172,0,0,-1.0720447301864624
terminal__fisher,43,173,1,1,1.4577465057373047
terminal__fisher,43,174,0,0,-1.3787180185317993
terminal__fisher,43,175,0,1,1.5464166402816772
terminal__fisher,43,176,1,1,2.292917013168335
terminal__fisher,43,177,1,1,0.7048847675323486
terminal__fisher,43,178,1,1,0.09693954139947891
terminal__fisher,43,179,0,0,-2.0053648948669434
terminal__fisher,43,180,0,1,0.771155595779419
terminal__fisher,43,181,1,1,0.1404552161693573
terminal__fisher,43,182,0,0,-0.8949152231216431
terminal__fisher,43,183,0,0,-2.407388925552368
terminal__fisher,43,184,0,0,-1.181358814239502
terminal__fisher,43,185,0,0,-0.6866075396537781
terminal__fisher,43,186,0,0,-0.33727332949638367
terminal__fisher,43,187,1,1,2.4579837322235107
terminal__fisher,43,188,1,1,0.6050568222999573
terminal__fisher,43,189,0,0,-0.7792646884918213
terminal__fisher,43,190,0,1,1.357569694519043
terminal__fisher,43,191,0,0,-0.5672918558120728
terminal__fisher,43,192,0,1,1.3998150825500488
terminal__fisher,43,193,1,1,1.20552396774292
terminal__fisher,43,194,0,0,-2.388936758041382
terminal__fisher,43,195,0,0,-1.490949034690857
terminal__fisher,43,196,0,1,1.1882773637771606
terminal__fisher,43,197,1,1,1.3424134254455566
terminal__fisher,43,198,0,0,-1.760164499282837
terminal__fisher,43,199,0,0,-1.1731771230697632
terminal__fisher,43,200,1,1,0.01682116463780403
terminal__fisher,43,201,0,0,-1.8696701526641846
terminal__fisher,43,202,0,1,0.15110673010349274
terminal__fisher,43,203,0,0,-0.7000892162322998
terminal__fisher,43,204,1,1,0.21341510117053986
terminal__fisher,43,205,1,0,-1.887629747390747
terminal__fisher,43,206,1,1,0.4236147105693817
terminal__fisher,43,207,0,0,-1.1965681314468384
terminal__fisher,43,208,0,0,-0.8602361083030701
terminal__fisher,43,209,0,0,-1.4958269596099854
terminal__fisher,43,210,1,1,0.06458808481693268
terminal__fisher,43,211,1,1,1.0309154987335205
terminal__fisher,43,212,1,1,0.5356975197792053
terminal__fisher,43,213,0,1,1.298659086227417
terminal__fisher,43,214,0,0,-3.017103433609009
terminal__fisher,43,215,0,0,-1.8209490776062012
terminal__fisher,43,216,1,0,-1.815886378288269
terminal__fisher,43,217,0,0,-0.17891071736812592
terminal__fisher,43,218,1,1,3.0838747024536133
terminal__fisher,43,219,1,0,-0.45679494738578796
terminal__fisher,43,220,1,1,0.7744418382644653
terminal__fisher,43,221,1,0,-0.2029634267091751
terminal__fisher,43,222,1,1,1.4826927185058594
terminal__fisher,43,223,1,1,0.9394402503967285
terminal__fisher,43,224,1,1,3.0933291912078857
terminal__fisher,43,225,0,1,0.40434548258781433
terminal__fisher,43,226,1,1,1.148041009902954
terminal__fisher,43,227,0,0,-1.4093468189239502
terminal__fisher,43,228,0,0,-0.5871642231941223
terminal__fisher,43,229,0,0,-1.6489202976226807
terminal__fisher,43,230,1,1,2.0920987129211426
terminal__fisher,43,231,0,0,-0.3400745689868927
terminal__fisher,43,232,1,1,1.1287288665771484
terminal__fisher,43,233,1,1,0.006585693918168545
terminal__fisher,43,234,1,1,1.2448681592941284
terminal__fisher,43,235,0,1,0.9047696590423584
terminal__fisher,43,236,1,1,2.9543166160583496
terminal__fisher,43,237,1,1,0.046453751623630524
terminal__fisher,43,238,0,1,0.7221778631210327
terminal__fisher,43,239,0,0,-1.805416464805603
terminal__fisher,43,240,0,0,-0.152423694729805
terminal__fisher,43,241,1,1,0.4121856093406677
terminal__fisher,43,242,1,0,-1.0029296875
terminal__fisher,43,243,0,0,-0.031221283599734306
terminal__fisher,43,244,1,1,2.0382227897644043
terminal__fisher,43,245,1,1,0.33185186982154846
terminal__fisher,43,246,0,0,-0.3066697418689728
terminal__fisher,43,247,1,0,-0.5744502544403076
terminal__fisher,43,248,1,1,2.120772361755371
terminal__fisher,43,249,1,1,0.2626098692417145
terminal__fisher,43,250,1,0,-0.7703532576560974
terminal__fisher,43,251,1,1,3.6911656856536865
terminal__fisher,43,252,0,0,-0.9238379597663879
terminal__fisher,43,253,1,1,0.6200942993164062
terminal__fisher,43,254,0,0,-0.012649440206587315
terminal__fisher,43,255,1,1,0.13991104066371918
terminal__fisher,43,256,0,1,0.42793259024620056
terminal__fisher,43,257,0,0,-0.47866585850715637
terminal__fisher,43,258,0,1,0.014583129435777664
terminal__fisher,43,259,0,1,0.6945561170578003
terminal__fisher,43,260,0,0,-1.3846702575683594
terminal__fisher,43,261,0,0,-0.9291444420814514
terminal__fisher,43,262,1,1,1.589227318763733
terminal__fisher,43,263,1,1,1.4658434391021729
terminal__fisher,43,264,1,1,1.843569040298462
terminal__fisher,43,265,0,1,0.2559402287006378
terminal__fisher,43,266,1,1,1.168230414390564
terminal__fisher,43,267,1,0,-2.463057279586792
terminal__fisher,43,268,1,1,3.1045448780059814
terminal__fisher,43,269,0,0,-0.1516447812318802
terminal__fisher,43,270,1,0,-0.7443689107894897
terminal__fisher,43,271,0,0,-1.845416784286499
terminal__fisher,43,272,0,0,-1.5934946537017822
terminal__fisher,43,273,1,1,0.28197136521339417
terminal__fisher,43,274,1,0,-1.5534837245941162
terminal__fisher,43,275,0,0,-0.8312238454818726
terminal__fisher,43,276,0,0,-1.4062767028808594
terminal__fisher,43,277,1,1,0.6879437565803528
terminal__fisher,43,278,0,0,-3.8602209091186523
terminal__fisher,43,279,0,0,-0.12025073170661926
terminal__fisher,43,280,1,1,0.06792144477367401
terminal__fisher,43,281,0,0,-3.1345386505126953
terminal__fisher,43,282,0,0,-1.0508794784545898
terminal__fisher,43,283,0,0,-1.8808059692382812
terminal__fisher,43,284,1,1,0.16613946855068207
terminal__fisher,43,285,0,0,-2.3008389472961426
terminal__fisher,43,286,0,0,-0.19889730215072632
terminal__fisher,43,287,1,1,1.5332698822021484
terminal__fisher,43,288,1,0,-0.10457291454076767
terminal__fisher,43,289,0,1,0.3467473089694977
terminal__fisher,43,290,0,0,-2.148322105407715
terminal__fisher,43,291,1,1,1.2802741527557373
terminal__fisher,43,292,1,0,-1.128326654434204
terminal__fisher,43,293,1,1,0.1119624450802803
terminal__fisher,43,294,0,1,0.7107637524604797
terminal__fisher,43,295,1,1,0.44493046402931213
terminal__fisher,43,296,0,0,-0.5916172862052917
terminal__fisher,43,297,1,0,-0.001731235533952713
terminal__fisher,43,298,1,1,2.110116720199585
terminal__fisher,43,299,1,1,4.824677467346191
terminal__fisher,43,300,0,1,1.9456793069839478
terminal__fisher,43,301,1,0,-0.08729251474142075
terminal__fisher,43,302,1,0,-0.5115334987640381
terminal__fisher,43,303,0,0,-3.871488571166992
terminal__fisher,43,304,1,1,1.6795872449874878
terminal__fisher,43,305,0,0,-1.7048828601837158
terminal__fisher,43,306,0,0,-1.7977330684661865
terminal__fisher,43,307,0,1,0.26403144001960754
terminal__fisher,43,308,0,0,-1.8323034048080444
terminal__fisher,43,309,0,0,-0.6388934254646301
terminal__fisher,43,310,0,0,-1.7908977270126343
terminal__fisher,43,311,0,1,0.47643667459487915
terminal__fisher,43,312,0,0,-1.1833367347717285
terminal__fisher,43,313,0,0,-3.7114627361297607
terminal__fisher,43,314,0,0,-1.8912632465362549
terminal__fisher,43,315,0,1,1.3789517879486084
combined__logistic,43,0,0,1,0.8754564916606759
combined__logistic,43,1,1,0,-2.507391604972837
combined__logistic,43,2,0,0,-2.8167574023728386
combined__logistic,43,3,1,1,0.2914543453443056
combined__logistic,43,4,0,0,-0.6155897227996456
combined__logistic,43,5,1,0,-2.015173893879003
combined__logistic,43,6,0,1,1.9745497964491543
combined__logistic,43,7,1,1,0.68316473874952
combined__logistic,43,8,0,1,2.5447896123283624
combined__logistic,43,9,0,0,-5.102431470198862
combined__logistic,43,10,1,0,-3.2053146923084
combined__logistic,43,11,1,1,1.2679927965468047
combined__logistic,43,12,0,0,-0.6848334894124937
combined__logistic,43,13,0,0,-3.661590046820591
combined__logistic,43,14,1,1,2.0707071476189247
combined__logistic,43,15,1,0,-1.0774170717595208
combined__logistic,43,16,1,0,-0.18435744055288397
combined__logistic,43,17,0,0,-3.0712970259946584
combined__logistic,43,18,0,1,0.00048196339620421025
combined__logistic,43,19,1,1,4.924686344339773
combined__logistic,43,20,0,0,-4.302870528890632
combined__logistic,43,21,0,0,-3.6999141996482976
combined__logistic,43,22,1,1,2.882742111786558
combined__logistic,43,23,0,1,2.74667894056377
combined__logistic,43,24,1,1,2.0729186957967936
combined__logistic,43,25,0,0,-2.9331789411085576
combined__logistic,43,26,0,0,-1.4342757540595215
combined__logistic,43,27,0,0,-1.3938057813866203
combined__logistic,43,28,0,0,-2.2409155620758163
combined__logistic,43,29,0,0,-0.4983106105864643
combined__logistic,43,30,0,1,2.231190311948522
combined__logistic,43,31,0,0,-6.62548984978793
combined__logistic,43,32,1,1,1.7367558281843232
combined__logistic,43,33,1,0,-0.7682816277222139
combined__logistic,43,34,1,1,5.664231931499168
combined__logistic,43,35,1,0,-0.25703430774598646
combined__logistic,43,36,1,1,2.9693750704579096
combined__logistic,43,37,1,0,-1.9080782519428237
combined__logistic,43,38,0,0,-0.7566300544874801
combined__logistic,43,39,1,1,0.17954430223914403
combined__logistic,43,40,0,0,-0.09634905419843472
combined__logistic,43,41,1,0,-0.38856292647502483
combined__logistic,43,42,0,0,-3.0725967170033672
combined__logistic,43,43,0,0,-1.6880564291837055
combined__logistic,43,44,1,1,2.438159172371144
combined__logistic,43,45,0,0,-0.4420643202541805
combined__logistic,43,46,1,0,-0.3503574859229615
combined__logistic,43,47,1,1,0.7256044974193477
combined__logistic,43,48,0,0,-7.238702137203072
combined__logistic,43,49,1,0,-0.12400891924680729
combined__logistic,43,50,1,1,3.270629607926681
combined__logistic,43,51,0,1,2.623214986958309
combined__logistic,43,52,0,1,0.3405618852335749
combined__logistic,43,53,1,0,-0.7133383522947391
combined__logistic,43,54,0,0,-0.9262380745193944
combined__logistic,43,55,0,0,-3.14384768681519
combined__logistic,43,56,1,1,1.1873404797968912
combined__logistic,43,57,0,1,0.4016787372494383
combined__logistic,43,58,1,1,2.4031815396585783
combined__logistic,43,59,0,0,-0.745719613109043
combined__logistic,43,60,1,0,-0.7469554729874519
combined__logistic,43,61,0,1,3.9764700419763432
combined__logistic,43,62,0,0,-0.2424833805371408
combined__logistic,43,63,1,1,0.5570184830128888
combined__logistic,43,64,0,0,-1.1260354754373407
combined__logistic,43,65,0,1,3.314793568761187
combined__logistic,43,66,0,1,1.42103592835334
combined__logistic,43,67,0,1,1.706475990542758
combined__logistic,43,68,0,0,-0.10833621711540234
combined__logistic,43,69,1,0,-2.4864222018194675
combined__logistic,43,70,0,0,-2.1291765260211517
combined__logistic,43,71,1,0,-3.769454566929325
combined__logistic,43,72,0,1,0.09765259870445525
combined__logistic,43,73,0,1,0.7482602036163578
combined__logistic,43,74,0,1,1.264341128445136
combined__logistic,43,75,0,0,-2.0727215684396594
combined__logistic,43,76,0,0,-1.7577658245198882
combined__logistic,43,77,1,1,0.3228370069190365
combined__logistic,43,78,1,0,-2.480575251003381
combined__logistic,43,79,1,0,-0.06681775402183757
combined__logistic,43,80,0,1,5.156310555790022
combined__logistic,43,81,1,0,-0.9235509569075686
combined__logistic,43,82,0,1,0.4817092061829701
combined__logistic,43,83,1,1,2.2658859261102435
combined__logistic,43,84,1,0,-1.3221354269515402
combined__logistic,43,85,1,1,1.7012650305871055
combined__logistic,43,86,1,1,1.337518075142093
combined__logistic,43,87,1,0,-1.1957178995841065
combined__logistic,43,88,1,1,2.9933012989961134
combined__logistic,43,89,1,1,1.8996579116363113
combined__logistic,43,90,1,1,2.181288776435525
combined__logistic,43,91,1,1,1.6156199572805723
combined__logistic,43,92,0,1,2.8212170324393266
combined__logistic,43,93,0,0,-1.1528532801658782
combined__logistic,43,94,0,1,1.1915243100691373
combined__logistic,43,95,0,1,0.7615174579420189
combined__logistic,43,96,1,0,-1.9190198811448647
combined__logistic,43,97,1,1,1.0052011995221892
combined__logistic,43,98,1,1,1.3203445626038663
combined__logistic,43,99,0,1,0.30923241370459686
combined__logistic,43,100,1,1,3.9898396010677106
combined__logistic,43,101,1,0,-0.7594506369857367
combined__logistic,43,102,1,1,0.3600248420449003
combined__logistic,43,103,0,0,-2.2560212489450304
combined__logistic,43,104,1,0,-1.26464271484339
combined__logistic,43,105,0,1,0.47469833640502335
combined__logistic,43,106,1,1,2.297108683221828
combined__logistic,43,107,1,1,3.215281455444221
combined__logistic,43,108,1,0,-1.4307763538032479
combined__logistic,43,109,0,1,1.700985291305625
combined__logistic,43,110,1,0,-3.1996035661429474
combined__logistic,43,111,0,0,-0.2601514751576411
combined__logistic,43,112,1,1,2.9787626326614745
combined__logistic,43,113,0,0,-6.718277347862506
combined__logistic,43,114,0,0,-4.074430736984023
combined__logistic,43,115,0,1,1.6441351348428617
combined__logistic,43,116,1,1,4.452810236327683
combined__logistic,43,117,0,0,-9.299779277618217
combined__logistic,43,118,0,1,3.4897780722354943
combined__logistic,43,119,1,1,8.896952782250144
combined__logistic,43,120,1,1,1.7280727486518355
combined__logistic,43,121,1,1,2.1471450976258946
combined__logistic,43,122,1,1,2.5986452077727753
combined__logistic,43,123,0,0,-2.481347700054733
combined__logistic,43,124,1,0,-2.1859220747708843
combined__logistic,43,125,1,0,-2.272796407092485
combined__logistic,43,126,0,0,-0.940823453081261
combined__logistic,43,127,0,0,-1.66542115376608
combined__logistic,43,128,1,1,0.9620447485389029
combined__logistic,43,129,1,1,2.7235209590796265
combined__logistic,43,130,1,1,1.566597920198752
combined__logistic,43,131,1,1,2.1734566211554287
combined__logistic,43,132,1,1,4.329641873096252
combined__logistic,43,133,0,1,1.5393171875648481
combined__logistic,43,134,0,1,1.5121463504186325
combined__logistic,43,135,0,0,-4.369142487746103
combined__logistic,43,136,0,0,-4.891922399876218
combined__logistic,43,137,1,1,0.8557264913072331
combined__logistic,43,138,1,1,3.7220260747305045
combined__logistic,43,139,0,0,-0.24627166195670835
combined__logistic,43,140,1,1,1.0091246028147798
combined__logistic,43,141,1,1,1.465718423596436
combined__logistic,43,142,1,1,0.05330199720241258
combined__logistic,43,143,1,1,5.570729879042025
combined__logistic,43,144,1,0,-0.2526317554400522
combined__logistic,43,145,1,1,1.800462123238762
combined__logistic,43,146,1,1,2.8492118262051407
combined__logistic,43,147,0,1,3.849157550095186
combined__logistic,43,148,0,0,-0.5285083404545643
combined__logistic,43,149,0,0,-3.64500857029485
combined__logistic,43,150,1,1,1.7483781509882512
combined__logistic,43,151,1,1,1.2918236594479138
combined__logistic,43,152,0,0,-1.7507524482601544
combined__logistic,43,153,0,0,-0.3037951808842715
combined__logistic,43,154,1,1,1.482668110143536
combined__logistic,43,155,1,1,1.2294141930456999
combined__logistic,43,156,0,0,-1.5569571724475337
combined__logistic,43,157,0,1,0.6415977883718336
combined__logistic,43,158,0,0,-4.0352772783938535
combined__logistic,43,159,0,0,-2.6754701403400656
combined__logistic,43,160,0,1,3.3186112506863155
combined__logistic,43,161,1,1,5.198975641853767
combined__logistic,43,162,1,0,-5.202768519076847
combined__logistic,43,163,1,1,1.9547202607286196
combined__logistic,43,164,1,1,5.019937037856187
combined__logistic,43,165,1,1,1.2890490206903065
combined__logistic,43,166,1,0,-1.4671524525889246
combined__logistic,43,167,0,1,0.6598377656808533
combined__logistic,43,168,1,1,1.0884780525812447
combined__logistic,43,169,0,0,-1.0804260021470649
combined__logistic,43,170,1,1,3.3589199997269614
combined__logistic,43,171,1,0,-1.0136986450851118
combined__logistic,43,172,0,0,-1.2913936954213705
combined__logistic,43,173,1,1,4.672814829209053
combined__logistic,43,174,0,0,-1.2630530272077265
combined__logistic,43,175,0,1,1.4824325861860208
combined__logistic,43,176,1,1,7.230606139640011
combined__logistic,43,177,1,1,2.5024040816689674
combined__logistic,43,178,1,1,5.001484284211468
combined__logistic,43,179,0,0,-5.741111946449761
combined__logistic,43,180,0,0,-2.5139275276650044
combined__logistic,43,181,1,1,7.315351837777264
combined__logistic,43,182,0,0,-2.2827250157614527
combined__logistic,43,183,0,0,-2.8581827625145597
combined__logistic,43,184,0,0,-0.07557552237310297
combined__logistic,43,185,0,0,-2.99159988138312
combined__logistic,43,186,0,1,1.091347766657224
combined__logistic,43,187,1,1,4.611878169141806
combined__logistic,43,188,1,1,3.1580870017989966
combined__logistic,43,189,0,0,-0.43976341718614076
combined__logistic,43,190,0,1,6.666174901008745
combined__logistic,43,191,0,1,0.7966773711888304
combined__logistic,43,192,0,1,0.5145229616990273
combined__logistic,43,193,1,1,3.1772999677879334
combined__logistic,43,194,0,0,-4.001925816163147
combined__logistic,43,195,0,0,-2.8193051848126203
combined__logistic,43,196,0,1,3.192077078111564
combined__logistic,43,197,1,1,2.453349026690665
combined__logistic,43,198,0,0,-2.9425188689498074
combined__logistic,43,199,0,0,-2.270956549661428
combined__logistic,43,200,1,1,0.8204499778938488
combined__logistic,43,201,0,0,-5.871576334489091
combined__logistic,43,202,0,0,-2.5102049436335747
combined__logistic,43,203,0,0,-3.3816707675124382
combined__logistic,43,204,1,1,1.6758460971001452
combined__logistic,43,205,1,0,-5.542949062637728
combined__logistic,43,206,1,0,-1.0437223211937097
combined__logistic,43,207,0,1,0.5362039323269765
combined__logistic,43,208,0,0,-0.11403963213882984
combined__logistic,43,209,0,0,-0.8416346305148957
combined__logistic,43,210,1,1,0.5805099592346608
combined__logistic,43,211,1,1,0.8098105350652379
combined__logistic,43,212,1,1,0.5190692951332079
combined__logistic,43,213,0,1,2.5700357595689756
combined__logistic,43,214,0,0,-7.890608469246786
combined__logistic,43,215,0,0,-3.417111448815393
combined__logistic,43,216,1,0,-2.9328162033855465
combined__logistic,43,217,0,0,-1.1557843870749707
combined__logistic,43,218,1,1,17.29162032709783
combined__logistic,43,219,1,0,-2.349009554660502
combined__logistic,43,220,1,1,5.895601494326819
combined__logistic,43,221,1,1,0.647700133269866
combined__logistic,43,222,1,1,0.8781235609018628
combined__logistic,43,223,1,1,1.8431622031947505
combined__logistic,43,224,1,1,3.894998256148756
combined__logistic,43,225,0,1,0.6017533221816403
combined__logistic,43,226,1,1,2.3837339482493833
combined__logistic,43,227,0,0,-0.353488440582555
combined__logistic,43,228,0,0,-3.9146894541050123
combined__logistic,43,229,0,0,-1.0593982060118448
combined__logistic,43,230,1,1,3.035530333634823
combined__logistic,43,231,0,1,0.8639772614657424
combined__logistic,43,232,1,1,1.0418063793618295
combined__logistic,43,233,1,1,0.3278026699203937
combined__logistic,43,234,1,1,1.8086290498725819
combined__logistic,43,235,0,0,-3.8184749087708054
combined__logistic,43,236,1,1,3.8008998800197102
combined__logistic,43,237,1,1,2.0592449412036644
combined__logistic,43,238,0,1,2.5453854674411347
combined__logistic,43,239,0,0,-0.6267081038271386
combined__logistic,43,240,0,1,1.9510354921055746
combined__logistic,43,241,1,0,-2.3123259728180137
combined__logistic,43,242,1,0,-2.040312792358998
combined__logistic,43,243,0,0,-0.025354470000200302
combined__logistic,43,244,1,1,4.037348640436712
combined__logistic,43,245,1,1,4.990269456855621
combined__logistic,43,246,0,1,0.001176452578406477
combined__logistic,43,247,1,1,1.260394875329641
combined__logistic,43,248,1,1,2.2656262004659866
combined__logistic,43,249,1,1,0.2551588065150853
combined__logistic,43,250,1,1,0.20553289544349776
combined__logistic,43,251,1,1,11.637569161932632
combined__logistic,43,252,0,1,1.003251451388795
combined__logistic,43,253,1,0,-1.7350841684483513
combined__logistic,43,254,0,0,-2.0375266061715283
combined__logistic,43,255,1,1,0.841849912070829
combined__logistic,43,256,0,1,3.6498947084523277
combined__logistic,43,257,0,1,1.3468302504163592
combined__logistic,43,258,0,1,1.9418268564638825
combined__logistic,43,259,0,0,-0.8230693585953995
combined__logistic,43,260,0,0,-2.2311551168879356
combined__logistic,43,261,0,1,0.9230764123663191
combined__logistic,43,262,1,1,3.58471623023205
combined__logistic,43,263,1,1,2.670735907321227
combined__logistic,43,264,1,1,1.0899294595417932
combined__logistic,43,265,0,1,1.4163265248195975
combined__logistic,43,266,1,1,3.5436358015967113
combined__logistic,43,267,1,0,-6.266220707680445
combined__logistic,43,268,1,1,3.9934359489482296
combined__logistic,43,269,0,0,-0.7465927960523695
combined__logistic,43,270,1,0,-2.116447711004268
combined__logistic,43,271,0,0,-1.4160615064844024
combined__logistic,43,272,0,0,-2.5867716440899393
combined__logistic,43,273,1,1,1.6065151477271993
combined__logistic,43,274,1,0,-2.217988026282504
combined__logistic,43,275,0,0,-1.3348075364584424
combined__logistic,43,276,0,0,-3.7577760453173004
combined__logistic,43,277,1,1,1.945839119170475
combined__logistic,43,278,0,0,-4.011738839653547
combined__logistic,43,279,0,0,-2.000429120350957
combined__logistic,43,280,1,1,3.488327932407597
combined__logistic,43,281,0,0,-8.512677702473013
combined__logistic,43,282,0,1,0.17185390215652502
combined__logistic,43,283,0,1,0.1475614932663367
combined__logistic,43,284,1,1,1.755783541017441
combined__logistic,43,285,0,0,-1.1828145049828314
combined__logistic,43,286,0,1,2.1351697786036725
combined__logistic,43,287,1,1,4.587302509469474
combined__logistic,43,288,1,0,-1.328638298621575
combined__logistic,43,289,0,0,-0.7869586490013256
combined__logistic,43,290,0,0,-2.9523907718265843
combined__logistic,43,291,1,1,1.7118884795470939
combined__logistic,43,292,1,0,-2.0106765759487337
combined__logistic,43,293,1,1,1.1135848679014664
combined__logistic,43,294,0,1,0.02665599946407482
combined__logistic,43,295,1,0,-1.5149611328097632
combined__logistic,43,296,0,1,1.8651927035602478
combined__logistic,43,297,1,1,1.4155759127864032
combined__logistic,43,298,1,1,3.506112298000598
combined__logistic,43,299,1,1,7.829780367660602
combined__logistic,43,300,0,1,3.511324450831583
combined__logistic,43,301,1,1,1.231433339384968
combined__logistic,43,302,1,1,0.055076021867788476
combined__logistic,43,303,0,0,-1.1712378782287065
combined__logistic,43,304,1,1,4.261237724956909
combined__logistic,43,305,0,0,-0.36108309812334305
combined__logistic,43,306,0,1,0.0957788109106012
combined__logistic,43,307,0,0,-0.3755959251836877
combined__logistic,43,308,0,1,1.1397341369762848
combined__logistic,43,309,0,0,-0.1320530020534665
combined__logistic,43,310,0,0,-0.615479987033497
combined__logistic,43,311,0,0,-0.8834374661827559
combined__logistic,43,312,0,0,-2.1021017817122454
combined__logistic,43,313,0,0,-8.239122701288135
combined__logistic,43,314,0,0,-2.592783522677267
combined__logistic,43,315,0,0,-0.03403234798398265
combined__fisher,43,0,0,0,-1.3794549703598022
combined__fisher,43,1,1,0,-1.6458712816238403
combined__fisher,43,2,0,0,-2.379765748977661
combined__fisher,43,3,1,0,-0.17963555455207825
combined__fisher,43,4,0,0,-0.15335020422935486
combined__fisher,43,5,1,0,-1.1713465452194214
combined__fisher,43,6,0,1,2.1190531253814697
combined__fisher,43,7,1,0,-0.49623048305511475
combined__fisher,43,8,0,1,3.2298598289489746
combined__fisher,43,9,0,0,-4.162723541259766
combined__fisher,43,10,1,0,-4.008098602294922
combined__fisher,43,11,1,1,1.4015781879425049
combined__fisher,43,12,0,1,0.22057165205478668
combined__fisher,43,13,0,0,-3.4134106636047363
combined__fisher,43,14,1,1,0.6583642959594727
combined__fisher,43,15,1,0,-0.13342829048633575
combined__fisher,43,16,1,0,-0.7524306774139404
combined__fisher,43,17,0,0,-2.1277780532836914
combined__fisher,43,18,0,1,0.4201546609401703
combined__fisher,43,19,1,1,3.7303247451782227
combined__fisher,43,20,0,0,-3.046015739440918
combined__fisher,43,21,0,0,-4.280282974243164
combined__fisher,43,22,1,1,2.026564359664917
combined__fisher,43,23,0,1,1.8271321058273315
combined__fisher,43,24,1,1,1.2589337825775146
combined__fisher,43,25,0,0,-2.8624532222747803
combined__fisher,43,26,0,0,-0.13234266638755798
combined__fisher,43,27,0,0,-1.1897414922714233
combined__fisher,43,28,0,0,-2.0693113803863525
combined__fisher,43,29,0,1,0.6140525341033936
combined__fisher,43,30,0,1,1.472145915031433
combined__fisher,43,31,0,0,-4.777584075927734
combined__fisher,43,32,1,1,2.327038526535034
combined__fisher,43,33,1,0,-1.252995252609253
combined__fisher,43,34,1,1,4.586277961730957
combined__fisher,43,35,1,1,0.00706089660525322
combined__fisher,43,36,1,1,3.0219578742980957
combined__fisher,43,37,1,0,-2.452587127685547
combined__fisher,43,38,0,1,0.4078623950481415
combined__fisher,43,39,1,0,-0.19003376364707947
combined__fisher,43,40,0,0,-0.29749229550361633
combined__fisher,43,41,1,1,0.2348608523607254
combined__fisher,43,42,0,0,-2.407487630844116
combined__fisher,43,43,0,0,-0.8651124238967896
combined__fisher,43,44,1,1,3.2597639560699463
combined__fisher,43,45,0,0,-0.8184559941291809
combined__fisher,43,46,1,0,-0.3740745484828949
combined__fisher,43,47,1,1,0.17025567591190338
combined__fisher,43,48,0,0,-5.316694736480713
combined__fisher,43,49,1,0,-1.7788065671920776
combined__fisher,43,50,1,1,3.1292247772216797
combined__fisher,43,51,0,1,2.1991114616394043
combined__fisher,43,52,0,1,1.3755632638931274
combined__fisher,43,53,1,0,-0.5546620488166809
combined__fisher,43,54,0,0,-1.1937795877456665
combined__fisher,43,55,0,0,-4.375124931335449
combined__fisher,43,56,1,1,0.45557522773742676
combined__fisher,43,57,0,1,0.9894634485244751
combined__fisher,43,58,1,1,1.8078901767730713
combined__fisher,43,59,0,0,-0.1081332340836525
combined__fisher,43,60,1,0,-1.5376026630401611
combined__fisher,43,61,0,1,3.6629445552825928
combined__fisher,43,62,0,0,-0.5095268487930298
combined__fisher,43,63,1,1,0.6222609281539917
combined__fisher,43,64,0,0,-0.5818318128585815
combined__fisher,43,65,0,1,3.262812376022339
combined__fisher,43,66,0,1,0.7237123847007751
combined__fisher,43,67,0,1,2.013345241546631
combined__fisher,43,68,0,1,0.007915627211332321
combined__fisher,43,69,1,0,-2.4977939128875732
combined__fisher,43,70,0,0,-1.9523699283599854
combined__fisher,43,71,1,0,-2.3129119873046875
combined__fisher,43,72,0,1,0.04548414796590805
combined__fisher,43,73,0,1,1.231698989868164
combined__fisher,43,74,0,1,0.6049782633781433
combined__fisher,43,75,0,0,-1.7709660530090332
combined__fisher,43,76,0,0,-2.252269983291626
combined__fisher,43,77,1,0,-0.46179139614105225
combined__fisher,43,78,1,0,-1.5195698738098145
combined__fisher,43,79,1,0,-0.5836960077285767
combined__fisher,43,80,0,1,3.5857200622558594
combined__fisher,43,81,1,0,-0.27347904443740845
combined__fisher,43,82,0,0,-0.015339292585849762
combined__fisher,43,83,1,1,2.1970231533050537
combined__fisher,43,84,1,1,0.010602138936519623
combined__fisher,43,85,1,1,0.8229765295982361
combined__fisher,43,86,1,1,1.3818203210830688
combined__fisher,43,87,1,0,-0.1671760529279709
combined__fisher,43,88,1,1,3.066370964050293
combined__fisher,43,89,1,1,1.3464622497558594
combined__fisher,43,90,1,1,2.3688409328460693
combined__fisher,43,91,1,1,1.7469804286956787
combined__fisher,43,92,0,1,1.3570467233657837
combined__fisher,43,93,0,0,-1.314125418663025
combined__fisher,43,94,0,1,2.765889883041382
combined__fisher,43,95,0,1,0.48603805899620056
combined__fisher,43,96,1,0,-0.511626660823822
combined__fisher,43,97,1,1,1.3229893445968628
combined__fisher,43,98,1,1,0.32333946228027344
combined__fisher,43,99,0,0,-0.5297262072563171
combined__fisher,43,100,1,1,3.995914936065674
combined__fisher,43,101,1,0,-0.6881800889968872
combined__fisher,43,102,1,1,0.9682387113571167
combined__fisher,43,103,0,0,-2.6249754428863525
combined__fisher,43,104,1,0,-1.8491063117980957
combined__fisher,43,105,0,1,1.6953822374343872
combined__fisher,43,106,1,1,2.2337863445281982
combined__fisher,43,107,1,1,3.3199167251586914
combined__fisher,43,108,1,0,-0.9565670490264893
combined__fisher,43,109,0,1,0.22098317742347717
combined__fisher,43,110,1,0,-4.857739448547363
combined__fisher,43,111,0,1,0.6437329649925232
combined__fisher,43,112,1,1,2.2322216033935547
combined__fisher,43,113,0,0,-3.289062976837158
combined__fisher,43,114,0,0,-3.93843150138855
combined__fisher,43,115,0,1,1.333437204360962
combined__fisher,43,116,1,1,4.933788776397705
combined__fisher,43,117,0,0,-7.183839797973633
combined__fisher,43,118,0,1,3.985154390335083
combined__fisher,43,119,1,1,6.940966606140137
combined__fisher,43,120,1,1,2.725104331970215
combined__fisher,43,121,1,1,3.33915114402771
combined__fisher,43,122,1,1,2.346864700317383
combined__fisher,43,123,0,0,-1.272945523262024
combined__fisher,43,124,1,0,-1.9752141237258911
combined__fisher,43,125,1,0,-1.9957187175750732
combined__fisher,43,126,0,0,-0.44921180605888367
combined__fisher,43,127,0,0,-0.3080776631832123
combined__fisher,43,128,1,1,0.5794978737831116
combined__fisher,43,129,1,1,2.353606700897217
combined__fisher,43,130,1,1,1.6558455228805542
combined__fisher,43,131,1,1,2.6482317447662354
combined__fisher,43,132,1,1,3.868149995803833
combined__fisher,43,133,0,1,0.9303498864173889
combined__fisher,43,134,0,1,1.1005858182907104
combined__fisher,43,135,0,0,-4.3853583335876465
combined__fisher,43,136,0,0,-4.10357141494751
combined__fisher,43,137,1,1,0.9312857985496521
combined__fisher,43,138,1,1,3.976170778274536
combined__fisher,43,139,0,0,-0.147221177816391
combined__fisher,43,140,1,1,1.0301551818847656
combined__fisher,43,141,1,1,1.820137858390808
combined__fisher,43,142,1,0,-0.1587482988834381
combined__fisher,43,143,1,1,5.434671401977539
combined__fisher,43,144,1,0,-0.05230388045310974
combined__fisher,43,145,1,1,1.1790894269943237
combined__fisher,43,146,1,1,2.447537660598755
combined__fisher,43,147,0,1,3.7832210063934326
combined__fisher,43,148,0,0,-0.943434476852417
combined__fisher,43,149,0,0,-3.63227915763855
combined__fisher,43,150,1,1,1.0045002698898315
combined__fisher,43,151,1,1,0.746990442276001
combined__fisher,43,152,0,0,-0.10436926782131195
combined__fisher,43,153,0,1,0.23039862513542175
combined__fisher,43,154,1,1,0.9471358060836792
combined__fisher,43,155,1,1,0.6127130389213562
combined__fisher,43,156,0,0,-0.8463137745857239
combined__fisher,43,157,0,1,0.9927109479904175
combined__fisher,43,158,0,0,-3.620546340942383
combined__fisher,43,159,0,0,-1.9510908126831055
combined__fisher,43,160,0,1,2.1704776287078857
combined__fisher,43,161,1,1,3.196023464202881
combined__fisher,43,162,1,0,-5.325613021850586
combined__fisher,43,163,1,1,1.2673531770706177
combined__fisher,43,164,1,1,5.100691795349121
combined__fisher,43,165,1,1,1.6781518459320068
combined__fisher,43,166,1,0,-1.448171615600586
combined__fisher,43,167,0,0,-0.29995307326316833
combined__fisher,43,168,1,1,0.8879975080490112
combined__fisher,43,169,0,0,-0.9337576031684875
combined__fisher,43,170,1,1,3.5806400775909424
combined__fisher,43,171,1,0,-0.5892238020896912
combined__fisher,43,172,0,0,-1.425197720527649
combined__fisher,43,173,1,1,3.4260008335113525
combined__fisher,43,174,0,0,-1.8490294218063354
combined__fisher,43,175,0,1,0.8795676231384277
combined__fisher,43,176,1,1,6.0932512283325195
combined__fisher,43,177,1,1,2.110363006591797
combined__fisher,43,178,1,1,2.957850456237793
combined__fisher,43,179,0,0,-4.474617004394531
combined__fisher,43,180,0,0,-1.5050654411315918
combined__fisher,43,181,1,1,6.242470741271973
combined__fisher,43,182,0,0,-1.7052220106124878
combined__fisher,43,183,0,0,-3.302363395690918
combined__fisher,43,184,0,0,-0.5943591594696045
combined__fisher,43,185,0,0,-1.7280243635177612
combined__fisher,43,186,0,1,0.6919393539428711
combined__fisher,43,187,1,1,5.806490898132324
combined__fisher,43,188,1,1,2.774862051010132
combined__fisher,43,189,0,0,-0.7733639478683472
combined__fisher,43,190,0,1,4.683794021606445
combined__fisher,43,191,0,1,0.6964328289031982
combined__fisher,43,192,0,1,1.215641975402832
combined__fisher,43,193,1,1,1.3573476076126099
combined__fisher,43,194,0,0,-3.4518165588378906
combined__fisher,43,195,0,0,-1.128396987915039
combined__fisher,43,196,0,1,2.4447460174560547
combined__fisher,43,197,1,1,1.799884557723999
combined__fisher,43,198,0,0,-3.3582189083099365
combined__fisher,43,199,0,0,-1.879490852355957
combined__fisher,43,200,1,0,-1.2000035047531128
combined__fisher,43,201,0,0,-4.0091166496276855
combined__fisher,43,202,0,0,-0.8915376663208008
combined__fisher,43,203,0,0,-2.3875925540924072
combined__fisher,43,204,1,1,1.8392614126205444
combined__fisher,43,205,1,0,-4.367592811584473
combined__fisher,43,206,1,0,-1.7720314264297485
combined__fisher,43,207,0,1,0.8922309875488281
combined__fisher,43,208,0,0,-0.023516513407230377
combined__fisher,43,209,0,0,-1.169533371925354
combined__fisher,43,210,1,1,0.6078765392303467
combined__fisher,43,211,1,0,-0.11994854360818863
combined__fisher,43,212,1,1,0.4929693937301636
combined__fisher,43,213,0,1,2.2008702754974365
combined__fisher,43,214,0,0,-6.30518102645874
combined__fisher,43,215,0,0,-1.6691718101501465
combined__fisher,43,216,1,0,-2.952925205230713
combined__fisher,43,217,0,0,-0.725124716758728
combined__fisher,43,218,1,1,15.180068969726562
combined__fisher,43,219,1,0,-1.482841968536377
combined__fisher,43,220,1,1,3.065335750579834
combined__fisher,43,221,1,1,0.08879424631595612
combined__fisher,43,222,1,1,0.7412915825843811
combined__fisher,43,223,1,1,1.7744836807250977
combined__fisher,43,224,1,1,3.0238516330718994
combined__fisher,43,225,0,1,1.291698932647705
combined__fisher,43,226,1,1,2.406728506088257
combined__fisher,43,227,0,0,-0.948413610458374
combined__fisher,43,228,0,0,-3.097104549407959
combined__fisher,43,229,0,0,-1.0516226291656494
combined__fisher,43,230,1,1,2.443532705307007
combined__fisher,43,231,0,1,0.47919586300849915
combined__fisher,43,232,1,1,1.2928787469863892
combined__fisher,43,233,1,1,0.3493759334087372
combined__fisher,43,234,1,1,1.9019333124160767
combined__fisher,43,235,0,0,-3.40417218208313
combined__fisher,43,236,1,1,3.342268466949463
combined__fisher,43,237,1,1,2.506378173828125
combined__fisher,43,238,0,1,1.967765212059021
combined__fisher,43,239,0,0,-1.469449758529663
combined__fisher,43,240,0,1,2.047064781188965
combined__fisher,43,241,1,0,-1.472166657447815
combined__fisher,43,242,1,0,-1.1619266271591187
combined__fisher,43,243,0,0,-0.22929564118385315
combined__fisher,43,244,1,1,3.6616971492767334
combined__fisher,43,245,1,1,3.514204740524292
combined__fisher,43,246,0,0,-0.44271978735923767
combined__fisher,43,247,1,1,1.0505735874176025
combined__fisher,43,248,1,1,2.583874225616455
combined__fisher,43,249,1,1,0.6037212610244751
combined__fisher,43,250,1,1,0.5945999622344971
combined__fisher,43,251,1,1,9.895543098449707
combined__fisher,43,252,0,1,0.09668459743261337
combined__fisher,43,253,1,0,-1.3939517736434937
combined__fisher,43,254,0,0,-2.5394539833068848
combined__fisher,43,255,1,1,1.3133277893066406
combined__fisher,43,256,0,1,2.9066002368927
combined__fisher,43,257,0,0,-0.673522412776947
combined__fisher,43,258,0,1,1.969741940498352
combined__fisher,43,259,0,0,-0.8510808348655701
combined__fisher,43,260,0,0,-3.1158947944641113
combined__fisher,43,261,0,1,1.0554627180099487
combined__fisher,43,262,1,1,3.681335926055908
combined__fisher,43,263,1,1,2.4504966735839844
combined__fisher,43,264,1,1,1.4963480234146118
combined__fisher,43,265,0,1,1.9929176568984985
combined__fisher,43,266,1,1,3.146404266357422
combined__fisher,43,267,1,0,-5.4026594161987305
combined__fisher,43,268,1,1,4.961667537689209
combined__fisher,43,269,0,0,-0.3628631830215454
combined__fisher,43,270,1,0,-1.6863199472427368
combined__fisher,43,271,0,0,-0.7184301614761353
combined__fisher,43,272,0,0,-2.291999340057373
combined__fisher,43,273,1,1,0.2870228588581085
combined__fisher,43,274,1,0,-0.6442896127700806
combined__fisher,43,275,0,0,-1.0871251821517944
combined__fisher,43,276,0,0,-3.000117540359497
combined__fisher,43,277,1,1,1.9754700660705566
combined__fisher,43,278,0,0,-3.6960411071777344
combined__fisher,43,279,0,0,-1.8979039192199707
combined__fisher,43,280,1,1,3.7714719772338867
combined__fisher,43,281,0,0,-8.966588973999023
combined__fisher,43,282,0,0,-0.49171027541160583
combined__fisher,43,283,0,0,-0.3475087881088257
combined__fisher,43,284,1,1,2.161105155944824
combined__fisher,43,285,0,0,-1.9892916679382324
combined__fisher,43,286,0,1,2.7375853061676025
combined__fisher,43,287,1,1,3.008577585220337
combined__fisher,43,288,1,0,-1.3393548727035522
combined__fisher,43,289,0,0,-0.7399137020111084
combined__fisher,43,290,0,0,-2.2942373752593994
combined__fisher,43,291,1,1,0.703667163848877
combined__fisher,43,292,1,0,-1.4991668462753296
combined__fisher,43,293,1,1,1.429628610610962
combined__fisher,43,294,0,1,0.07302602380514145
combined__fisher,43,295,1,0,-0.6376737356185913
combined__fisher,43,296,0,1,1.5395145416259766
combined__fisher,43,297,1,1,1.4862053394317627
combined__fisher,43,298,1,1,3.7255005836486816
combined__fisher,43,299,1,1,5.7671613693237305
combined__fisher,43,300,0,1,3.7349720001220703
combined__fisher,43,301,1,1,0.379440039396286
combined__fisher,43,302,1,1,0.42952051758766174
combined__fisher,43,303,0,0,-0.5103418827056885
combined__fisher,43,304,1,1,3.7743022441864014
combined__fisher,43,305,0,0,-1.0148626565933228
combined__fisher,43,306,0,0,-0.503414511680603
combined__fisher,43,307,0,0,-0.4712192118167877
combined__fisher,43,308,0,1,1.1685062646865845
combined__fisher,43,309,0,1,0.2583709955215454
combined__fisher,43,310,0,0,-2.1663153171539307
combined__fisher,43,311,0,0,-0.5217435956001282
combined__fisher,43,312,0,0,-1.457481026649475
combined__fisher,43,313,0,0,-6.307387351989746
combined__fisher,43,314,0,0,-1.9106630086898804
combined__fisher,43,315,0,1,1.0946111679077148
fourier_pca__logistic,43,0,0,1,1.4851481838974734
fourier_pca__logistic,43,1,1,0,-1.7979326151095654
fourier_pca__logistic,43,2,0,0,-0.5650464573336239
fourier_pca__logistic,43,3,1,0,-0.11237893678113824
fourier_pca__logistic,43,4,0,0,-0.43887315734794413
fourier_pca__logistic,43,5,1,0,-0.5429368721792253
fourier_pca__logistic,43,6,0,1,1.4700962760898055
fourier_pca__logistic,43,7,1,0,-0.5652380846951056
fourier_pca__logistic,43,8,0,1,0.4934580585559029
fourier_pca__logistic,43,9,0,0,-0.516577905584554
fourier_pca__logistic,43,10,1,0,-0.3384958963357975
fourier_pca__logistic,43,11,1,0,-0.5272007855978978
fourier_pca__logistic,43,12,0,0,-0.6634368734811943
fourier_pca__logistic,43,13,0,0,-0.5206305628767133
fourier_pca__logistic,43,14,1,1,0.22668464397712956
fourier_pca__logistic,43,15,1,0,-0.12043194713551274
fourier_pca__logistic,43,16,1,1,0.2591957981923143
fourier_pca__logistic,43,17,0,1,0.4464521369847186
fourier_pca__logistic,43,18,0,1,0.2150659167765957
fourier_pca__logistic,43,19,1,1,0.21683934405278188
fourier_pca__logistic,43,20,0,1,0.24625302612839814
fourier_pca__logistic,43,21,0,1,0.3373178095679114
fourier_pca__logistic,43,22,1,0,-0.5653244080367104
fourier_pca__logistic,43,23,0,1,0.5343101181944399
fourier_pca__logistic,43,24,1,1,0.17168500770832212
fourier_pca__logistic,43,25,0,0,-0.3871413482181603
fourier_pca__logistic,43,26,0,1,0.5315348298612741
fourier_pca__logistic,43,27,0,0,-0.05827905824523215
fourier_pca__logistic,43,28,0,0,-0.3730717757531386
fourier_pca__logistic,43,29,0,1,0.31209671855195026
fourier_pca__logistic,43,30,0,0,-0.646741142340805
fourier_pca__logistic,43,31,0,0,-1.0008754458299935
fourier_pca__logistic,43,32,1,1,1.0913356498794928
fourier_pca__logistic,43,33,1,0,-0.3308498030927253
fourier_pca__logistic,43,34,1,1,1.1151916693790311
fourier_pca__logistic,43,35,1,0,-1.083740019013489
fourier_pca__logistic,43,36,1,0,-0.018826942817340157
fourier_pca__logistic,43,37,1,1,0.832872613968918
fourier_pca__logistic,43,38,0,1,0.08922806817024717
fourier_pca__logistic,43,39,1,0,-0.04967832560804577
fourier_pca__logistic,43,40,0,1,0.2643027712550084
fourier_pca__logistic,43,41,1,1,0.34225093192681794
fourier_pca__logistic,43,42,0,1,0.2977560181771397
fourier_pca__logistic,43,43,0,1,0.7688000593176898
fourier_pca__logistic,43,44,1,1,1.1113546798529226
fourier_pca__logistic,43,45,0,0,-0.2557260420394844
fourier_pca__logistic,43,46,1,0,-0.5055138433851621
fourier_pca__logistic,43,47,1,0,-0.9799278239017204
fourier_pca__logistic,43,48,0,0,-0.5571949579057393
fourier_pca__logistic,43,49,1,0,-0.43398047160333747
fourier_pca__logistic,43,50,1,0,-0.32757448532858463
fourier_pca__logistic,43,51,0,0,-0.4848323220479201
fourier_pca__logistic,43,52,0,0,-0.36669562555438145
fourier_pca__logistic,43,53,1,1,0.29817521496977406
fourier_pca__logistic,43,54,0,0,-1.7006645352742082
fourier_pca__logistic,43,55,0,0,-0.11217700892111278
fourier_pca__logistic,43,56,1,1,0.056917364290817965
fourier_pca__logistic,43,57,0,1,0.13547846825372273
fourier_pca__logistic,43,58,1,0,-0.12940518253507277
fourier_pca__logistic,43,59,0,0,-0.2703619606229511
fourier_pca__logistic,43,60,1,0,-0.24174945772240847
fourier_pca__logistic,43,61,0,1,1.3816766259726234
fourier_pca__logistic,43,62,0,1,0.046662769020773084
fourier_pca__logistic,43,63,1,0,-0.06087188204864007
fourier_pca__logistic,43,64,0,1,0.21371325961306295
fourier_pca__logistic,43,65,0,1,0.2227858778431055
fourier_pca__logistic,43,66,0,1,0.3381410266215554
fourier_pca__logistic,43,67,0,0,-0.1261913294107364
fourier_pca__logistic,43,68,0,0,-0.306818573980616
fourier_pca__logistic,43,69,1,0,-1.8987748009573713
fourier_pca__logistic,43,70,0,1,0.9420397383044978
fourier_pca__logistic,43,71,1,0,-0.9083465053912355
fourier_pca__logistic,43,72,0,0,-0.3397661070599754
fourier_pca__logistic,43,73,0,0,-0.24478913898733182
fourier_pca__logistic,43,74,0,1,1.3196953944889764
fourier_pca__logistic,43,75,0,1,0.015841394831554067
fourier_pca__logistic,43,76,0,1,0.9109896804599051
fourier_pca__logistic,43,77,1,0,-0.38004398082216884
fourier_pca__logistic,43,78,1,0,-0.28328869451885436
fourier_pca__logistic,43,79,1,0,-0.12923325198122984
fourier_pca__logistic,43,80,0,1,0.9196656869415468
fourier_pca__logistic,43,81,1,0,-0.028968935067017077
fourier_pca__logistic,43,82,0,0,-1.2687387674249502
fourier_pca__logistic,43,83,1,1,0.8937090114300453
fourier_pca__logistic,43,84,1,1,0.46078746223630557
fourier_pca__logistic,43,85,1,0,-0.42057924864780505
fourier_pca__logistic,43,86,1,0,-0.10620938495754127
fourier_pca__logistic,43,87,1,0,-0.6618757436843671
fourier_pca__logistic,43,88,1,1,0.21120393416244695
fourier_pca__logistic,43,89,1,1,0.39084642490599714
fourier_pca__logistic,43,90,1,1,1.0042730206186237
fourier_pca__logistic,43,91,1,0,-1.2980432565649598
fourier_pca__logistic,43,92,0,0,-0.3620956855848582
fourier_pca__logistic,43,93,0,0,-1.0243672341947576
fourier_pca__logistic,43,94,0,1,1.5474061277693962
fourier_pca__logistic,43,95,0,0,-0.14514049905245097
fourier_pca__logistic,43,96,1,1,0.24544677540379717
fourier_pca__logistic,43,97,1,0,-0.22924397190093307
fourier_pca__logistic,43,98,1,1,0.20884651542382254
fourier_pca__logistic,43,99,0,1,0.25668490191269594
fourier_pca__logistic,43,100,1,0,-0.5371947768846128
fourier_pca__logistic,43,101,1,0,-0.11310358019370782
fourier_pca__logistic,43,102,1,1,1.3470640058797307
fourier_pca__logistic,43,103,0,0,-0.3882447706800098
fourier_pca__logistic,43,104,1,1,0.054549788243726485
fourier_pca__logistic,43,105,0,1,0.9442696281882867
fourier_pca__logistic,43,106,1,1,1.415888034400186
fourier_pca__logistic,43,107,1,1,1.0463036703254842
fourier_pca__logistic,43,108,1,1,1.5911068937343606
fourier_pca__logistic,43,109,0,0,-1.258171228760292
fourier_pca__logistic,43,110,1,0,-0.34649621301688116
fourier_pca__logistic,43,111,0,1,0.07875667713589389
fourier_pca__logistic,43,112,1,1,0.9547960875636263
fourier_pca__logistic,43,113,0,0,-1.1147778248425646
fourier_pca__logistic,43,114,0,0,-0.15180707928366197
fourier_pca__logistic,43,115,0,1,0.739179580690063
fourier_pca__logistic,43,116,1,1,0.30406093319315974
fourier_pca__logistic,43,117,0,1,0.2602806613442562
fourier_pca__logistic,43,118,0,0,-0.13702305256193703
fourier_pca__logistic,43,119,1,1,0.6153383622143213
fourier_pca__logistic,43,120,1,0,-0.07380063535246283
fourier_pca__logistic,43,121,1,1,0.8432089608725095
fourier_pca__logistic,43,122,1,1,0.7934521081905385
fourier_pca__logistic,43,123,0,0,-0.8819391324398632
fourier_pca__logistic,43,124,1,0,-0.6330000107188454
fourier_pca__logistic,43,125,1,0,-0.7785413980330538
fourier_pca__logistic,43,126,0,0,-0.11925530385156889
fourier_pca__logistic,43,127,0,1,1.244596324015626
fourier_pca__logistic,43,128,1,1,0.7752657878628005
fourier_pca__logistic,43,129,1,0,-0.7037525350467614
fourier_pca__logistic,43,130,1,1,0.02104699211679016
fourier_pca__logistic,43,131,1,0,-0.8438959546805761
fourier_pca__logistic,43,132,1,1,0.29673901621281307
fourier_pca__logistic,43,133,0,1,0.14272255348793922
fourier_pca__logistic,43,134,0,1,0.3545728485605577
fourier_pca__logistic,43,135,0,0,-0.7288407606610484
fourier_pca__logistic,43,136,0,0,-1.226120845825934
fourier_pca__logistic,43,137,1,0,-0.19652067686545435
fourier_pca__logistic,43,138,1,1,1.6490517861476612
fourier_pca__logistic,43,139,0,1,0.35072695629455647
fourier_pca__logistic,43,140,1,0,-0.09179891452244966
fourier_pca__logistic,43,141,1,1,0.04545478568050815
fourier_pca__logistic,43,142,1,1,0.05283459818570979
fourier_pca__logistic,43,143,1,1,0.6900512436818694
fourier_pca__logistic,43,144,1,1,0.4420910959616729
fourier_pca__logistic,43,145,1,1,0.4018051602287395
fourier_pca__logistic,43,146,1,1,1.090810597735596
fourier_pca__logistic,43,147,0,1,0.9268095502144412
fourier_pca__logistic,43,148,0,0,-0.8902791416506524
fourier_pca__logistic,43,149,0,0,-0.9800575783965708
fourier_pca__logistic,43,150,1,1,0.3991790453988795
fourier_pca__logistic,43,151,1,0,-0.49651295400098533
fourier_pca__logistic,43,152,0,1,0.5370239654926031
fourier_pca__logistic,43,153,0,0,-0.3494257271564269
fourier_pca__logistic,43,154,1,1,0.524758084896776
fourier_pca__logistic,43,155,1,1,0.8264584156951281
fourier_pca__logistic,43,156,0,0,-1.028189948675701
fourier_pca__logistic,43,157,0,0,-0.24719693242832946
fourier_pca__logistic,43,158,0,0,-0.8233036582189713
fourier_pca__logistic,43,159,0,0,-0.49357693260792745
fourier_pca__logistic,43,160,0,0,-0.21015281468040026
fourier_pca__logistic,43,161,1,1,0.952851319307131
fourier_pca__logistic,43,162,1,1,0.25687999760634056
fourier_pca__logistic,43,163,1,0,-1.0199786509118052
fourier_pca__logistic,43,164,1,1,1.6654659040834348
fourier_pca__logistic,43,165,1,0,-0.17860245058379792
fourier_pca__logistic,43,166,1,1,0.06235695059929327
fourier_pca__logistic,43,167,0,0,-0.292174145069879
fourier_pca__logistic,43,168,1,0,-1.3822074991629665
fourier_pca__logistic,43,169,0,1,0.033213965626853706
fourier_pca__logistic,43,170,1,1,0.05425984553203382
fourier_pca__logistic,43,171,1,0,-0.24385107990810143
fourier_pca__logistic,43,172,0,1,0.4442698787893971
fourier_pca__logistic,43,173,1,1,0.9471619916847803
fourier_pca__logistic,43,174,0,0,-1.9339246050525083
fourier_pca__logistic,43,175,0,0,-0.054344240029411545
fourier_pca__logistic,43,176,1,1,1.5965481579813878
fourier_pca__logistic,43,177,1,1,0.2546116926427548
fourier_pca__logistic,43,178,1,1,0.33135636455307843
fourier_pca__logistic,43,179,0,0,-0.13587555369815127
fourier_pca__logistic,43,180,0,1,0.791279657792701
fourier_pca__logistic,43,181,1,0,-0.4267744109490068
fourier_pca__logistic,43,182,0,0,-0.2049143230174974
fourier_pca__logistic,43,183,0,0,-1.5815307065576056
fourier_pca__logistic,43,184,0,0,-0.575920072485457
fourier_pca__logistic,43,185,0,1,0.14719004758774099
fourier_pca__logistic,43,186,0,0,-0.2942151314248494
fourier_pca__logistic,43,187,1,0,-0.10801121286039665
fourier_pca__logistic,43,188,1,1,0.4578266127415879
fourier_pca__logistic,43,189,0,1,0.20415685521842183
fourier_pca__logistic,43,190,0,1,2.6113320661360033
fourier_pca__logistic,43,191,0,1,0.1615552350004596
fourier_pca__logistic,43,192,0,1,0.40639142097026754
fourier_pca__logistic,43,193,1,1,0.5616657239013267
fourier_pca__logistic,43,194,0,0,-0.08101927513146193
fourier_pca__logistic,43,195,0,0,-1.0124762294684835
fourier_pca__logistic,43,196,0,0,-0.08160447804301978
fourier_pca__logistic,43,197,1,1,0.5485288242885032
fourier_pca__logistic,43,198,0,0,-0.7504139412578819
fourier_pca__logistic,43,199,0,0,-0.8283501960881188
fourier_pca__logistic,43,200,1,0,-1.2554032089727283
fourier_pca__logistic,43,201,0,0,-1.552961512285265
fourier_pca__logistic,43,202,0,0,-0.3529404809216944
fourier_pca__logistic,43,203,0,0,-0.02160273559646394
fourier_pca__logistic,43,204,1,1,0.521486536036522
fourier_pca__logistic,43,205,1,0,-0.6426869097631535
fourier_pca__logistic,43,206,1,1,0.797228091995714
fourier_pca__logistic,43,207,0,0,-0.3869208448480806
fourier_pca__logistic,43,208,0,1,0.2665372117142713
fourier_pca__logistic,43,209,0,0,-0.223525519546544
fourier_pca__logistic,43,210,1,0,-0.2761047051861622
fourier_pca__logistic,43,211,1,1,1.1225579127969736
fourier_pca__logistic,43,212,1,1,0.1247676258748019
fourier_pca__logistic,43,213,0,1,0.8686064317673855
fourier_pca__logistic,43,214,0,0,-1.1538341009436266
fourier_pca__logistic,43,215,0,0,-0.8099102700956834
fourier_pca__logistic,43,216,1,0,-0.5647436923479298
fourier_pca__logistic,43,217,0,1,0.40716734661889475
fourier_pca__logistic,43,218,1,1,0.4904921712701647
fourier_pca__logistic,43,219,1,0,-1.0946838257555656
fourier_pca__logistic,43,220,1,1,0.24778511498180683
fourier_pca__logistic,43,221,1,1,1.0105808627385637
fourier_pca__logistic,43,222,1,1,0.3696657602924043
fourier_pca__logistic,43,223,1,1,0.7428013916781303
fourier_pca__logistic,43,224,1,0,-0.5999363273294942
fourier_pca__logistic,43,225,0,1,0.5553128423824124
fourier_pca__logistic,43,226,1,0,-0.9318173398039458
fourier_pca__logistic,43,227,0,0,-0.3757893064839194
fourier_pca__logistic,43,228,0,0,-0.2720776973898011
fourier_pca__logistic,43,229,0,1,0.2020385864224733
fourier_pca__logistic,43,230,1,1,0.44876679242158624
fourier_pca__logistic,43,231,0,1,0.23616099919404393
fourier_pca__logistic,43,232,1,1,1.6670979646309523
fourier_pca__logistic,43,233,1,0,-1.141045611772772
fourier_pca__logistic,43,234,1,1,0.30270982232611104
fourier_pca__logistic,43,235,0,0,-1.05684915415315
fourier_pca__logistic,43,236,1,1,0.1252108490706283
fourier_pca__logistic,43,237,1,1,0.5809196023421479
fourier_pca__logistic,43,238,0,1,0.3223319861796273
fourier_pca__logistic,43,239,0,1,0.6485835681207481
fourier_pca__logistic,43,240,0,1,0.535182571222805
fourier_pca__logistic,43,241,1,1,0.6455425820279236
fourier_pca__logistic,43,242,1,0,-1.0196776419687636
fourier_pca__logistic,43,243,0,1,0.17276979413724394
fourier_pca__logistic,43,244,1,1,2.111400382135367
fourier_pca__logistic,43,245,1,1,0.30358681309384433
fourier_pca__logistic,43,246,0,1,0.34986691413919757
fourier_pca__logistic,43,247,1,0,-0.9718911317329294
fourier_pca__logistic,43,248,1,1,0.8628431754031134
fourier_pca__logistic,43,249,1,0,-0.9307881560584873
fourier_pca__logistic,43,250,1,0,-0.07169926932893474
fourier_pca__logistic,43,251,1,1,1.1539559342315975
fourier_pca__logistic,43,252,0,0,-0.7191662267935642
fourier_pca__logistic,43,253,1,1,0.48979127872936706
fourier_pca__logistic,43,254,0,1,0.2581011803258016
fourier_pca__logistic,43,255,1,0,-0.18077787631097553
fourier_pca__logistic,43,256,0,0,-0.372977669241919
fourier_pca__logistic,43,257,0,0,-0.4832159259978386
fourier_pca__logistic,43,258,0,1,0.7345428976307592
fourier_pca__logistic,43,259,0,1,0.914952098976661
fourier_pca__logistic,43,260,0,0,-2.3676104551260213
fourier_pca__logistic,43,261,0,0,-0.6031016946499331
fourier_pca__logistic,43,262,1,1,0.21478246808116763
fourier_pca__logistic,43,263,1,1,0.477100004079634
fourier_pca__logistic,43,264,1,1,0.07423082775267519
fourier_pca__logistic,43,265,0,1,1.6534939797763382
fourier_pca__logistic,43,266,1,0,-0.01865005165220358
fourier_pca__logistic,43,267,1,0,-1.1028170701637623
fourier_pca__logistic,43,268,1,1,2.03036723402194
fourier_pca__logistic,43,269,0,0,-0.15922410932478048
fourier_pca__logistic,43,270,1,0,-0.3129805768839634
fourier_pca__logistic,43,271,0,0,-0.7001985590809806
fourier_pca__logistic,43,272,0,1,0.016967997135835754
fourier_pca__logistic,43,273,1,1,0.05210231351467663
fourier_pca__logistic,43,274,1,0,-0.33603986644620815
fourier_pca__logistic,43,275,0,1,0.19202904489296552
fourier_pca__logistic,43,276,0,0,-0.34090536228869894
fourier_pca__logistic,43,277,1,1,0.5179775622490597
fourier_pca__logistic,43,278,0,0,-0.8918299355116887
fourier_pca__logistic,43,279,0,1,0.05055443225733418
fourier_pca__logistic,43,280,1,1,0.5702935371274247
fourier_pca__logistic,43,281,0,0,-1.4354340827629068
fourier_pca__logistic,43,282,0,0,-0.22991194042484508
fourier_pca__logistic,43,283,0,0,-0.19957699797778444
fourier_pca__logistic,43,284,1,0,-0.5578877355978461
fourier_pca__logistic,43,285,0,0,-0.9152546661443711
fourier_pca__logistic,43,286,0,0,-1.0940591378141036
fourier_pca__logistic,43,287,1,1,0.1128433530098822
fourier_pca__logistic,43,288,1,1,0.11144181573456953
fourier_pca__logistic,43,289,0,0,-0.560320207611137
fourier_pca__logistic,43,290,0,0,-1.6797761785949332
fourier_pca__logistic,43,291,1,1,1.3904854381856804
fourier_pca__logistic,43,292,1,0,-1.279773040468143
fourier_pca__logistic,43,293,1,1,0.053891492168925206
fourier_pca__logistic,43,294,0,0,-0.9064238240753425
fourier_pca__logistic,43,295,1,1,0.7389263697237591
fourier_pca__logistic,43,296,0,1,0.9888194493146306
fourier_pca__logistic,43,297,1,1,0.37225459786329584
fourier_pca__logistic,43,298,1,1,0.8810651739117561
fourier_pca__logistic,43,299,1,1,0.3076816190298652
fourier_pca__logistic,43,300,0,1,1.0282090789975196
fourier_pca__logistic,43,301,1,1,0.6333071528333777
fourier_pca__logistic,43,302,1,1,0.23154908507787697
fourier_pca__logistic,43,303,0,0,-1.3111387923253743
fourier_pca__logistic,43,304,1,1,0.36462570288855467
fourier_pca__logistic,43,305,0,0,-0.6663625268289226
fourier_pca__logistic,43,306,0,0,-0.38378108604449496
fourier_pca__logistic,43,307,0,1,0.15394958613241827
fourier_pca__logistic,43,308,0,1,0.1706972340438258
fourier_pca__logistic,43,309,0,0,-0.18541336206293146
fourier_pca__logistic,43,310,0,0,-1.2469383925846038
fourier_pca__logistic,43,311,0,1,0.15768582420061417
fourier_pca__logistic,43,312,0,0,-1.248280240727476
fourier_pca__logistic,43,313,0,0,-0.8588702149151247
fourier_pca__logistic,43,314,0,0,-0.7407405278566075
fourier_pca__logistic,43,315,0,1,0.46005619964755373
fourier_pca__fisher,43,0,0,1,1.4042760133743286
fourier_pca__fisher,43,1,1,0,-1.6519452333450317
fourier_pca__fisher,43,2,0,0,-0.5043743252754211
fourier_pca__fisher,43,3,1,0,-0.12295806407928467
fourier_pca__fisher,43,4,0,0,-0.4053674638271332
fourier_pca__fisher,43,5,1,0,-0.48390620946884155
fourier_pca__fisher,43,6,0,1,1.3257832527160645
fourier_pca__fisher,43,7,1,0,-0.5303237438201904
fourier_pca__fisher,43,8,0,1,0.44748562574386597
fourier_pca__fisher,43,9,0,0,-0.44050127267837524
fourier_pca__fisher,43,10,1,0,-0.31162866950035095
fourier_pca__fisher,43,11,1,0,-0.452934592962265
fourier_pca__fisher,43,12,0,0,-0.60158771276474
fourier_pca__fisher,43,13,0,0,-0.4858507812023163
fourier_pca__fisher,43,14,1,1,0.16426321864128113
fourier_pca__fisher,43,15,1,0,-0.12200504541397095
fourier_pca__fisher,43,16,1,1,0.2108817845582962
fourier_pca__fisher,43,17,0,1,0.3856513500213623
fourier_pca__fisher,43,18,0,1,0.19088934361934662
fourier_pca__fisher,43,19,1,1,0.20038838684558868
fourier_pca__fisher,43,20,0,1,0.22133994102478027
fourier_pca__fisher,43,21,0,1,0.28817126154899597
fourier_pca__fisher,43,22,1,0,-0.517876386642456
fourier_pca__fisher,43,23,0,1,0.4808385372161865
fourier_pca__fisher,43,24,1,1,0.15699347853660583
fourier_pca__fisher,43,25,0,0,-0.3127305209636688
fourier_pca__fisher,43,26,0,1,0.4491281807422638
fourier_pca__fisher,43,27,0,0,-0.030060915276408195
fourier_pca__fisher,43,28,0,0,-0.29040393233299255
fourier_pca__fisher,43,29,0,1,0.2705114185810089
fourier_pca__fisher,43,30,0,0,-0.6305606961250305
fourier_pca__fisher,43,31,0,0,-0.9442737102508545
fourier_pca__fisher,43,32,1,1,0.9479106664657593
fourier_pca__fisher,43,33,1,0,-0.28639182448387146
fourier_pca__fisher,43,34,1,1,0.9865071177482605
fourier_pca__fisher,43,35,1,0,-0.9663438200950623
fourier_pca__fisher,43,36,1,0,-0.01526331715285778
fourier_pca__fisher,43,37,1,1,0.7017603516578674
fourier_pca__fisher,43,38,0,1,0.0770869106054306
fourier_pca__fisher,43,39,1,0,-0.053183168172836304
fourier_pca__fisher,43,40,0,1,0.2709745466709137
fourier_pca__fisher,43,41,1,1,0.28987759351730347
fourier_pca__fisher,43,42,0,1,0.27037712931632996
fourier_pca__fisher,43,43,0,1,0.7459219098091125
fourier_pca__fisher,43,44,1,1,1.028365969657898
fourier_pca__fisher,43,45,0,0,-0.22991232573986053
fourier_pca__fisher,43,46,1,0,-0.45015573501586914
fourier_pca__fisher,43,47,1,0,-0.8864549994468689
fourier_pca__fisher,43,48,0,0,-0.49579986929893494
fourier_pca__fisher,43,49,1,0,-0.3472369313240051
fourier_pca__fisher,43,50,1,0,-0.2939724326133728
fourier_pca__fisher,43,51,0,0,-0.4493977427482605
fourier_pca__fisher,43,52,0,0,-0.33116284012794495
fourier_pca__fisher,43,53,1,1,0.26747405529022217
fourier_pca__fisher,43,54,0,0,-1.541015386581421
fourier_pca__fisher,43,55,0,0,-0.09541197121143341
fourier_pca__fisher,43,56,1,1,0.03881213814020157
fourier_pca__fisher,43,57,0,1,0.12195448577404022
fourier_pca__fisher,43,58,1,0,-0.11476615071296692
fourier_pca__fisher,43,59,0,0,-0.24263089895248413
fourier_pca__fisher,43,60,1,0,-0.2230970561504364
fourier_pca__fisher,43,61,0,1,1.2049996852874756
fourier_pca__fisher,43,62,0,1,0.07113279402256012
fourier_pca__fisher,43,63,1,0,-0.04644615948200226
fourier_pca__fisher,43,64,0,1,0.18727202713489532
fourier_pca__fisher,43,65,0,1,0.216363325715065
fourier_pca__fisher,43,66,0,1,0.27971529960632324
fourier_pca__fisher,43,67,0,0,-0.11363409459590912
fourier_pca__fisher,43,68,0,0,-0.288845032453537
fourier_pca__fisher,43,69,1,0,-1.7116219997406006
fourier_pca__fisher,43,70,0,1,0.8653597235679626
fourier_pca__fisher,43,71,1,0,-0.8097347021102905
fourier_pca__fisher,43,72,0,0,-0.2953084409236908
fourier_pca__fisher,43,73,0,0,-0.21143732964992523
fourier_pca__fisher,43,74,0,1,1.1903990507125854
fourier_pca__fisher,43,75,0,0,-0.0010768827050924301
fourier_pca__fisher,43,76,0,1,0.8286678194999695
fourier_pca__fisher,43,77,1,0,-0.3455398976802826
fourier_pca__fisher,43,78,1,0,-0.22971931099891663
fourier_pca__fisher,43,79,1,0,-0.11881009489297867
fourier_pca__fisher,43,80,0,1,0.8257623910903931
fourier_pca__fisher,43,81,1,0,-0.05613299459218979
fourier_pca__fisher,43,82,0,0,-1.166370153427124
fourier_pca__fisher,43,83,1,1,0.8174459338188171
fourier_pca__fisher,43,84,1,1,0.3771074712276459
fourier_pca__fisher,43,85,1,0,-0.3293484151363373
fourier_pca__fisher,43,86,1,0,-0.10880964249372482
fourier_pca__fisher,43,87,1,0,-0.6071056723594666
fourier_pca__fisher,43,88,1,1,0.21280324459075928
fourier_pca__fisher,43,89,1,1,0.36637240648269653
fourier_pca__fisher,43,90,1,1,0.9153100252151489
fourier_pca__fisher,43,91,1,0,-1.129563331604004
fourier_pca__fisher,43,92,0,0,-0.3561299741268158
fourier_pca__fisher,43,93,0,0,-0.8652207255363464
fourier_pca__fisher,43,94,0,1,1.424368977546692
fourier_pca__fisher,43,95,0,0,-0.16771654784679413
fourier_pca__fisher,43,96,1,1,0.22233331203460693
fourier_pca__fisher,43,97,1,0,-0.20961494743824005
fourier_pca__fisher,43,98,1,1,0.1699594259262085
fourier_pca__fisher,43,99,0,1,0.23447927832603455
fourier_pca__fisher,43,100,1,0,-0.5126757621765137
fourier_pca__fisher,43,101,1,0,-0.11926262080669403
fourier_pca__fisher,43,102,1,1,1.1952828168869019
fourier_pca__fisher,43,103,0,0,-0.3490356206893921
fourier_pca__fisher,43,104,1,1,0.05634365603327751
fourier_pca__fisher,43,105,0,1,0.8252224922180176
fourier_pca__fisher,43,106,1,1,1.2459373474121094
fourier_pca__fisher,43,107,1,1,0.8918026685714722
fourier_pca__fisher,43,108,1,1,1.470707654953003
fourier_pca__fisher,43,109,0,0,-1.0754443407058716
fourier_pca__fisher,43,110,1,0,-0.3377760648727417
fourier_pca__fisher,43,111,0,1,0.0714375376701355
fourier_pca__fisher,43,112,1,1,0.8756909370422363
fourier_pca__fisher,43,113,0,0,-1.0704326629638672
fourier_pca__fisher,43,114,0,0,-0.1441083550453186
fourier_pca__fisher,43,115,0,1,0.6317325830459595
fourier_pca__fisher,43,116,1,1,0.2712525725364685
fourier_pca__fisher,43,117,0,1,0.2476518601179123
fourier_pca__fisher,43,118,0,0,-0.15330903232097626
fourier_pca__fisher,43,119,1,1,0.5980677604675293
fourier_pca__fisher,43,120,1,0,-0.057930294424295425
fourier_pca__fisher,43,121,1,1,0.7471733093261719
fourier_pca__fisher,43,122,1,1,0.7237913608551025
fourier_pca__fisher,43,123,0,0,-0.7625754475593567
fourier_pca__fisher,43,124,1,0,-0.5851972699165344
fourier_pca__fisher,43,125,1,0,-0.7341002225875854
fourier_pca__fisher,43,126,0,0,-0.08383236825466156
fourier_pca__fisher,43,127,0,1,1.0882391929626465
fourier_pca__fisher,43,128,1,1,0.6862050890922546
fourier_pca__fisher,43,129,1,0,-0.6196564435958862
fourier_pca__fisher,43,130,1,1,0.04498176649212837
fourier_pca__fisher,43,131,1,0,-0.7509525418281555
fourier_pca__fisher,43,132,1,1,0.24318619072437286
fourier_pca__fisher,43,133,0,1,0.1910148561000824
fourier_pca__fisher,43,134,0,1,0.30232247710227966
fourier_pca__fisher,43,135,0,0,-0.7000346183776855
fourier_pca__fisher,43,136,0,0,-1.1286134719848633
fourier_pca__fisher,43,137,1,0,-0.16204868257045746
fourier_pca__fisher,43,138,1,1,1.4897842407226562
fourier_pca__fisher,43,139,0,1,0.30559247732162476
fourier_pca__fisher,43,140,1,0,-0.06860578805208206
fourier_pca__fisher,43,141,1,1,0.030818792060017586
fourier_pca__fisher,43,142,1,1,0.030901046469807625
fourier_pca__fisher,43,143,1,1,0.6037389039993286
fourier_pca__fisher,43,144,1,1,0.364484041929245
fourier_pca__fisher,43,145,1,1,0.3680459260940552
fourier_pca__fisher,43,146,1,1,1.006829023361206
fourier_pca__fisher,43,147,0,1,0.8313897848129272
fourier_pca__fisher,43,148,0,0,-0.7853042483329773
fourier_pca__fisher,43,149,0,0,-0.8977073431015015
fourier_pca__fisher,43,150,1,1,0.312979131937027
fourier_pca__fisher,43,151,1,0,-0.4258680045604706
fourier_pca__fisher,43,152,0,1,0.5042592883110046
fourier_pca__fisher,43,153,0,0,-0.31031885743141174
fourier_pca__fisher,43,154,1,1,0.4423595368862152
fourier_pca__fisher,43,155,1,1,0.7406850457191467
fourier_pca__fisher,43,156,0,0,-0.9547619223594666
fourier_pca__fisher,43,157,0,0,-0.23171722888946533
fourier_pca__fisher,43,158,0,0,-0.7662045359611511
fourier_pca__fisher,43,159,0,0,-0.440870076417923
fourier_pca__fisher,43,160,0,0,-0.16497914493083954
fourier_pca__fisher,43,161,1,1,0.8648515939712524
fourier_pca__fisher,43,162,1,1,0.2373201847076416
fourier_pca__fisher,43,163,1,0,-0.9052150845527649
fourier_pca__fisher,43,164,1,1,1.4869468212127686
fourier_pca__fisher,43,165,1,0,-0.15129044651985168
fourier_pca__fisher,43,166,1,1,0.04798942804336548
fourier_pca__fisher,43,167,0,0,-0.28017085790634155
fourier_pca__fisher,43,168,1,0,-1.2523219585418701
fourier_pca__fisher,43,169,0,1,0.022099893540143967
fourier_pca__fisher,43,170,1,1,0.06659315526485443
fourier_pca__fisher,43,171,1,0,-0.19047223031520844
fourier_pca__fisher,43,172,0,1,0.4315783679485321
fourier_pca__fisher,43,173,1,1,0.8645391464233398
fourier_pca__fisher,43,174,0,0,-1.7871922254562378
fourier_pca__fisher,43,175,0,0,-0.017908740788698196
fourier_pca__fisher,43,176,1,1,1.4643746614456177
fourier_pca__fisher,43,177,1,1,0.24394817650318146
fourier_pca__fisher,43,178,1,1,0.2885086238384247
fourier_pca__fisher,43,179,0,0,-0.14389196038246155
fourier_pca__fisher,43,180,0,1,0.7632283568382263
fourier_pca__fisher,43,181,1,0,-0.37337663769721985
fourier_pca__fisher,43,182,0,0,-0.1959812492132187
fourier_pca__fisher,43,183,0,0,-1.430589199066162
fourier_pca__fisher,43,184,0,0,-0.5228023529052734
fourier_pca__fisher,43,185,0,1,0.13097256422042847
fourier_pca__fisher,43,186,0,0,-0.28190335631370544
fourier_pca__fisher,43,187,1,0,-0.08201957494020462
fourier_pca__fisher,43,188,1,1,0.4097687900066376
fourier_pca__fisher,43,189,0,1,0.18529203534126282
fourier_pca__fisher,43,190,0,1,2.408754348754883
fourier_pca__fisher,43,191,0,1,0.1375291347503662
fourier_pca__fisher,43,192,0,1,0.373273640871048
fourier_pca__fisher,43,193,1,1,0.5190991759300232
fourier_pca__fisher,43,194,0,0,-0.08365051448345184
fourier_pca__fisher,43,195,0,0,-0.9015902280807495
fourier_pca__fisher,43,196,0,0,-0.047140467911958694
fourier_pca__fisher,43,197,1,1,0.49276360869407654
fourier_pca__fisher,43,198,0,0,-0.6512312293052673
fourier_pca__fisher,43,199,0,0,-0.7514293193817139
fourier_pca__fisher,43,200,1,0,-1.065047264099121
fourier_pca__fisher,43,201,0,0,-1.378928303718567
fourier_pca__fisher,43,202,0,0,-0.2841738164424896
fourier_pca__fisher,43,203,0,0,-0.01469989214092493
fourier_pca__fisher,43,204,1,1,0.4776199162006378
fourier_pca__fisher,43,205,1,0,-0.5625055432319641
fourier_pca__fisher,43,206,1,1,0.6317762136459351
fourier_pca__fisher,43,207,0,0,-0.35635992884635925
fourier_pca__fisher,43,208,0,1,0.26363447308540344
fourier_pca__fisher,43,209,0,0,-0.2132658213376999
fourier_pca__fisher,43,210,1,0,-0.24127186834812164
fourier_pca__fisher,43,211,1,1,1.0440255403518677
fourier_pca__fisher,43,212,1,1,0.09977509826421738
fourier_pca__fisher,43,213,0,1,0.7547155618667603
fourier_pca__fisher,43,214,0,0,-0.9866912961006165
fourier_pca__fisher,43,215,0,0,-0.7519134879112244
fourier_pca__fisher,43,216,1,0,-0.5121846795082092
fourier_pca__fisher,43,217,0,1,0.3467434346675873
fourier_pca__fisher,43,218,1,1,0.37905094027519226
fourier_pca__fisher,43,219,1,0,-0.9829484820365906
fourier_pca__fisher,43,220,1,1,0.20351848006248474
fourier_pca__fisher,43,221,1,1,0.9140029549598694
fourier_pca__fisher,43,222,1,1,0.34613877534866333
fourier_pca__fisher,43,223,1,1,0.6619816422462463
fourier_pca__fisher,43,224,1,0,-0.5609138011932373
fourier_pca__fisher,43,225,0,1,0.4893210828304291
fourier_pca__fisher,43,226,1,0,-0.8022692203521729
fourier_pca__fisher,43,227,0,0,-0.3317088484764099
fourier_pca__fisher,43,228,0,0,-0.24199286103248596
fourier_pca__fisher,43,229,0,1,0.19664494693279266
fourier_pca__fisher,43,230,1,1,0.3817751407623291
fourier_pca__fisher,43,231,0,1,0.18552301824092865
fourier_pca__fisher,43,232,1,1,1.4895014762878418
fourier_pca__fisher,43,233,1,0,-1.042234182357788
fourier_pca__fisher,43,234,1,1,0.28756093978881836
fourier_pca__fisher,43,235,0,0,-0.9322160482406616
fourier_pca__fisher,43,236,1,1,0.10968758910894394
fourier_pca__fisher,43,237,1,1,0.552616536617279
fourier_pca__fisher,43,238,0,1,0.2772939205169678
fourier_pca__fisher,43,239,0,1,0.5866423845291138
fourier_pca__fisher,43,240,0,1,0.506365954875946
fourier_pca__fisher,43,241,1,1,0.6004055738449097
fourier_pca__fisher,43,242,1,0,-0.8898529410362244
fourier_pca__fisher,43,243,0,1,0.1682921200990677
fourier_pca__fisher,43,244,1,1,1.9738763570785522
fourier_pca__fisher,43,245,1,1,0.31296366453170776
fourier_pca__fisher,43,246,0,1,0.32343602180480957
fourier_pca__fisher,43,247,1,0,-0.8705747723579407
fourier_pca__fisher,43,248,1,1,0.7853512167930603
fourier_pca__fisher,43,249,1,0,-0.8056883811950684
fourier_pca__fisher,43,250,1,0,-0.05622198432683945
fourier_pca__fisher,43,251,1,1,1.0836461782455444
fourier_pca__fisher,43,252,0,0,-0.6299192309379578
fourier_pca__fisher,43,253,1,1,0.4394363462924957
fourier_pca__fisher,43,254,0,1,0.1912446767091751
fourier_pca__fisher,43,255,1,0,-0.1649586260318756
fourier_pca__fisher,43,256,0,0,-0.31350064277648926
fourier_pca__fisher,43,257,0,0,-0.4597807228565216
fourier_pca__fisher,43,258,0,1,0.6253535151481628
fourier_pca__fisher,43,259,0,1,0.8124822974205017
fourier_pca__fisher,43,260,0,0,-2.1680543422698975
fourier_pca__fisher,43,261,0,0,-0.47204479575157166
fourier_pca__fisher,43,262,1,1,0.17160622775554657
fourier_pca__fisher,43,263,1,1,0.4286152720451355
fourier_pca__fisher,43,264,1,1,0.06296771764755249
fourier_pca__fisher,43,265,0,1,1.4701627492904663
fourier_pca__fisher,43,266,1,1,0.007065789774060249
fourier_pca__fisher,43,267,1,0,-0.9677855372428894
fourier_pca__fisher,43,268,1,1,1.8513171672821045
fourier_pca__fisher,43,269,0,0,-0.1237722635269165
fourier_pca__fisher,43,270,1,0,-0.28359416127204895
fourier_pca__fisher,43,271,0,0,-0.6176865696907043
fourier_pca__fisher,43,272,0,1,0.01574084348976612
fourier_pca__fisher,43,273,1,1,0.03954754397273064
fourier_pca__fisher,43,274,1,0,-0.29966047406196594
fourier_pca__fisher,43,275,0,1,0.2323615998029709
fourier_pca__fisher,43,276,0,0,-0.2886592149734497
fourier_pca__fisher,43,277,1,1,0.4504323899745941
fourier_pca__fisher,43,278,0,0,-0.7978623509407043
fourier_pca__fisher,43,279,0,1,0.05513722822070122
fourier_pca__fisher,43,280,1,1,0.5196727514266968
fourier_pca__fisher,43,281,0,0,-1.244565725326538
fourier_pca__fisher,43,282,0,0,-0.19466517865657806
fourier_pca__fisher,43,283,0,0,-0.1751176118850708
fourier_pca__fisher,43,284,1,0,-0.5054473280906677
fourier_pca__fisher,43,285,0,0,-0.8464110493659973
fourier_pca__fisher,43,286,0,0,-0.9966949224472046
fourier_pca__fisher,43,287,1,1,0.11254911869764328
fourier_pca__fisher,43,288,1,1,0.096419557929039
fourier_pca__fisher,43,289,0,0,-0.5007767081260681
fourier_pca__fisher,43,290,0,0,-1.547255277633667
fourier_pca__fisher,43,291,1,1,1.2905250787734985
fourier_pca__fisher,43,292,1,0,-1.1558359861373901
fourier_pca__fisher,43,293,1,1,0.053384121507406235
fourier_pca__fisher,43,294,0,0,-0.8312357664108276
fourier_pca__fisher,43,295,1,1,0.6737095713615417
fourier_pca__fisher,43,296,0,1,0.8860419392585754
fourier_pca__fisher,43,297,1,1,0.3386520445346832
fourier_pca__fisher,43,298,1,1,0.7874656915664673
fourier_pca__fisher,43,299,1,1,0.28348076343536377
fourier_pca__fisher,43,300,0,1,0.906028687953949
fourier_pca__fisher,43,301,1,1,0.5744627118110657
fourier_pca__fisher,43,302,1,1,0.22181445360183716
fourier_pca__fisher,43,303,0,0,-1.1586757898330688
fourier_pca__fisher,43,304,1,1,0.31382453441619873
fourier_pca__fisher,43,305,0,0,-0.5980468392372131
fourier_pca__fisher,43,306,0,0,-0.35256221890449524
fourier_pca__fisher,43,307,0,1,0.15993808209896088
fourier_pca__fisher,43,308,0,1,0.1977468878030777
fourier_pca__fisher,43,309,0,0,-0.12248075753450394
fourier_pca__fisher,43,310,0,0,-1.0792230367660522
fourier_pca__fisher,43,311,0,1,0.16475865244865417
fourier_pca__fisher,43,312,0,0,-1.1190228462219238
fourier_pca__fisher,43,313,0,0,-0.7722840309143066
fourier_pca__fisher,43,314,0,0,-0.6654438376426697
fourier_pca__fisher,43,315,0,1,0.408597856760025
current__logistic,44,0,0,1,0.3515374804249731
current__logistic,44,1,1,0,-4.104458509178877
current__logistic,44,2,0,0,-0.9280792245482287
current__logistic,44,3,1,1,0.24037518633556046
current__logistic,44,4,0,0,-1.3885661278383237
current__logistic,44,5,1,0,-3.689300558007327
current__logistic,44,6,0,0,-0.16337914371039353
current__logistic,44,7,1,0,-3.8057255200851356
current__logistic,44,8,0,1,2.287141488942105
current__logistic,44,9,0,0,-3.016053903669872
current__logistic,44,10,1,0,-3.156131258415009
current__logistic,44,11,1,1,4.67469230979507
current__logistic,44,12,0,0,-0.6648300401431734
current__logistic,44,13,0,0,-3.9593096525344804
current__logistic,44,14,1,0,-0.23587513733450466
current__logistic,44,15,1,0,-0.08275208962782371
current__logistic,44,16,1,0,-0.5065951986308772
current__logistic,44,17,0,0,-4.509838053172166
current__logistic,44,18,0,1,0.37939595944783905
current__logistic,44,19,1,1,1.8334084182871646
current__logistic,44,20,0,1,0.014811391361156334
current__logistic,44,21,0,0,-6.590127668319445
current__logistic,44,22,1,1,1.8242312408057835
current__logistic,44,23,0,0,-1.6874130104626417
current__logistic,44,24,1,0,-1.0009030664079996
current__logistic,44,25,0,0,-0.5510846949357356
current__logistic,44,26,0,0,-9.021723428374479
current__logistic,44,27,0,1,0.711031478737163
current__logistic,44,28,0,0,-2.4214488127319287
current__logistic,44,29,0,1,3.1565877301475114
current__logistic,44,30,0,1,2.8511987489279558
current__logistic,44,31,0,0,-6.007368780304988
current__logistic,44,32,1,1,1.322430877346876
current__logistic,44,33,1,1,1.1284607877781185
current__logistic,44,34,1,1,0.518565192187759
current__logistic,44,35,1,1,1.1188357808948113
current__logistic,44,36,1,1,1.3162594831327767
current__logistic,44,37,1,0,-4.4389117195173196
current__logistic,44,38,0,1,0.13856277764519714
current__logistic,44,39,1,0,-1.012121991469406
current__logistic,44,40,0,1,1.5620634662370332
current__logistic,44,41,1,0,-1.2577488276834958
current__logistic,44,42,0,0,-2.1014294496773847
current__logistic,44,43,0,0,-4.783992761777911
current__logistic,44,44,1,1,1.2853715276591204
current__logistic,44,45,0,1,1.0559379243913123
current__logistic,44,46,1,0,-0.444596433687166
current__logistic,44,47,1,1,0.7717369468010102
current__logistic,44,48,0,0,-4.300427956460897
current__logistic,44,49,1,1,1.4406956776912268
current__logistic,44,50,1,1,2.787753610033402
current__logistic,44,51,0,1,1.5033550587481006
current__logistic,44,52,0,1,0.45072345990763985
current__logistic,44,53,1,0,-0.2164066301184591
current__logistic,44,54,0,0,-3.5825566666082493
current__logistic,44,55,0,0,-0.2454577917109034
current__logistic,44,56,1,1,0.48899429683558016
current__logistic,44,57,0,1,2.8145306289536616
current__logistic,44,58,1,1,1.1367348706057552
current__logistic,44,59,0,0,-1.6218459574707151
current__logistic,44,60,1,0,-1.3422122494960649
current__logistic,44,61,0,1,4.056807252983292
current__logistic,44,62,0,1,0.1362709590757321
current__logistic,44,63,1,0,-0.8499400789661937
current__logistic,44,64,0,0,-1.8564763333639511
current__logistic,44,65,0,1,2.8883123004521765
current__logistic,44,66,0,0,-0.393558366306589
current__logistic,44,67,0,1,2.070769333474193
current__logistic,44,68,0,0,-0.15155906900834717
current__logistic,44,69,1,1,1.365164758444789
current__logistic,44,70,0,0,-2.954201001012945
current__logistic,44,71,1,0,-3.195100985758043
current__logistic,44,72,0,1,1.402222463004581
current__logistic,44,73,0,1,0.4951915221094685
current__logistic,44,74,0,0,-1.2311515775771866
current__logistic,44,75,0,0,-1.7898200735930223
current__logistic,44,76,0,0,-1.612626936740482
current__logistic,44,77,1,0,-0.6110656621812065
current__logistic,44,78,1,0,-0.511440511159752
current__logistic,44,79,1,0,-2.7859177532070567
current__logistic,44,80,0,0,-0.2470234485400936
current__logistic,44,81,1,1,0.22165009178261705
current__logistic,44,82,0,0,-0.8749039653751068
current__logistic,44,83,1,1,0.439247672931073
current__logistic,44,84,1,0,-0.4039275300749994
current__logistic,44,85,1,1,1.7019111723781288
current__logistic,44,86,1,1,0.9469638413786251
current__logistic,44,87,1,0,-0.47935770300039116
current__logistic,44,88,1,1,0.13456317370754672
current__logistic,44,89,1,1,0.3143791853168881
current__logistic,44,90,1,1,1.602944168799086
current__logistic,44,91,1,1,1.132829528436979
current__logistic,44,92,0,0,-1.0904327759862178
current__logistic,44,93,0,0,-2.327173120077859
current__logistic,44,94,0,0,-0.7606231131950218
current__logistic,44,95,0,0,-0.7960229919393094
current__logistic,44,96,1,0,-2.75559938149819
current__logistic,44,97,1,0,-2.3884547802965574
current__logistic,44,98,1,1,3.157113968567568
current__logistic,44,99,0,1,0.7278876632703559
current__logistic,44,100,1,1,1.3701286775407493
current__logistic,44,101,1,1,1.7087039029260764
current__logistic,44,102,1,0,-0.33208857199222636
current__logistic,44,103,0,0,-3.755176231167653
current__logistic,44,104,1,1,1.1077546493035053
current__logistic,44,105,0,0,-0.9495398048623563
current__logistic,44,106,1,1,1.2806515200642956
current__logistic,44,107,1,1,0.8063443837438459
current__logistic,44,108,1,0,-1.0389253748088643
current__logistic,44,109,0,0,-0.13945063617482817
current__logistic,44,110,1,1,0.7610159454722726
current__logistic,44,111,0,0,-1.3169501644233257
current__logistic,44,112,1,1,0.10127586499090596
current__logistic,44,113,0,0,-4.02162333406873
current__logistic,44,114,0,0,-2.2953413115955925
current__logistic,44,115,0,1,0.0014468897888963161
current__logistic,44,116,1,1,4.0090999975935695
current__logistic,44,117,0,0,-6.972908208744012
current__logistic,44,118,0,1,1.2798632737995594
current__logistic,44,119,1,1,0.04901876913808781
current__logistic,44,120,1,1,1.3840054534243378
current__logistic,44,121,1,1,1.4291509617738087
current__logistic,44,122,1,1,0.2924877243187102
current__logistic,44,123,0,0,-0.2285524486475401
current__logistic,44,124,1,0,-1.8507170776407271
current__logistic,44,125,1,0,-0.34642509929031284
current__logistic,44,126,0,1,0.886061472349607
current__logistic,44,127,0,1,1.3074921974297782
current__logistic,44,128,1,1,1.7545600291526748
current__logistic,44,129,1,1,2.8795426164356983
current__logistic,44,130,1,0,-0.9982626240622384
current__logistic,44,131,1,1,2.4055260261299125
current__logistic,44,132,1,1,2.207104415986743
current__logistic,44,133,0,1,0.2530260463412476
current__logistic,44,134,0,1,0.47223254168868745
current__logistic,44,135,0,0,-5.07336527150672
current__logistic,44,136,0,0,-2.4841668972717783
current__logistic,44,137,1,1,1.3439705138092468
current__logistic,44,138,1,1,1.3584770492769322
current__logistic,44,139,0,0,-2.0820669299073153
current__logistic,44,140,1,1,0.456226485194546
current__logistic,44,141,1,0,-0.20212250976262053
current__logistic,44,142,1,1,1.5832763684092703
current__logistic,44,143,1,1,3.9146119391599035
current__logistic,44,144,1,1,0.33229291235790126
current__logistic,44,145,1,1,1.4415574136322076
current__logistic,44,146,1,1,1.7617462838186615
current__logistic,44,147,0,1,1.340432762003766
current__logistic,44,148,0,0,-2.182940213196063
current__logistic,44,149,0,0,-3.05734069522121
current__logistic,44,150,1,1,0.5937943108014854
current__logistic,44,151,1,0,-0.8921327295389236
current__logistic,44,152,0,0,-2.2310166204754647
current__logistic,44,153,0,0,-0.5335173150600591
current__logistic,44,154,1,1,0.07981446720156016
current__logistic,44,155,1,1,0.7579375190018691
current__logistic,44,156,0,0,-2.885143293430371
current__logistic,44,157,0,0,-1.1015156992593984
current__logistic,44,158,0,0,-4.007490810414844
current__logistic,44,159,0,0,-1.1533224116628629
current__logistic,44,160,0,1,4.362925774154835
current__logistic,44,161,1,1,5.161348658785297
current__logistic,44,162,1,0,-2.5008555404096997
current__logistic,44,163,1,1,1.0262790890468603
current__logistic,44,164,1,1,1.9133455952972303
current__logistic,44,165,1,1,0.9303084392816015
current__logistic,44,166,1,0,-0.5419922567997901
current__logistic,44,167,0,0,-1.9911195012291043
current__logistic,44,168,1,1,1.4756342587634248
current__logistic,44,169,0,1,1.1220708830997574
current__logistic,44,170,1,1,1.4889918792296
current__logistic,44,171,1,0,-0.2249016167388469
current__logistic,44,172,0,0,-0.5636320639943225
current__logistic,44,173,1,1,1.2838290809620017
current__logistic,44,174,0,0,-4.226238874541121
current__logistic,44,175,0,1,0.578190732183444
current__logistic,44,176,1,1,3.121146910389203
current__logistic,44,177,1,1,1.5943016922908346
current__logistic,44,178,1,1,0.9475153465733908
current__logistic,44,179,0,0,-2.2438140008501213
current__logistic,44,180,0,0,-3.3910015245367005
current__logistic,44,181,1,1,15.148807713153701
current__logistic,44,182,0,0,-1.9717028599542121
current__logistic,44,183,0,0,-1.1928900828240925
current__logistic,44,184,0,0,-1.6787870417957609
current__logistic,44,185,0,0,-1.2806530262573965
current__logistic,44,186,0,0,-0.23442591900810936
current__logistic,44,187,1,1,1.2066617718646453
current__logistic,44,188,1,1,4.247820052851911
current__logistic,44,189,0,1,0.1463108336842515
current__logistic,44,190,0,1,4.683364016184635
current__logistic,44,191,0,1,1.617759018698874
current__logistic,44,192,0,0,-1.5079109168455511
current__logistic,44,193,1,0,-0.44052455928138856
current__logistic,44,194,0,0,-2.2391204978766184
current__logistic,44,195,0,0,-2.416096886138108
current__logistic,44,196,0,1,0.4465687095451473
current__logistic,44,197,1,1,1.5905602795161227
current__logistic,44,198,0,0,-3.313475519222073
current__logistic,44,199,0,0,-1.7475205129445226
current__logistic,44,200,1,0,-1.2358709353086816
current__logistic,44,201,0,0,-5.934962465005151
current__logistic,44,202,0,0,-0.9328950582605563
current__logistic,44,203,0,0,-3.0419568142824334
current__logistic,44,204,1,1,1.0344678501713909
current__logistic,44,205,1,0,-1.5582693161962553
current__logistic,44,206,1,0,-2.6661264877825364
current__logistic,44,207,0,1,1.506332080827923
current__logistic,44,208,0,0,-0.7591924136112799
current__logistic,44,209,0,0,-0.31293428297020964
current__logistic,44,210,1,1,0.0867647809992611
current__logistic,44,211,1,0,-2.428969673106069
current__logistic,44,212,1,1,1.3492359726214138
current__logistic,44,213,0,0,-0.8317641734019652
current__logistic,44,214,0,0,-7.1124782480235
current__logistic,44,215,0,0,-4.312360417026088
current__logistic,44,216,1,0,-0.15119531143890094
current__logistic,44,217,0,0,-0.7214917863688062
current__logistic,44,218,1,1,0.7534236699518467
current__logistic,44,219,1,0,-0.11741374151707534
current__logistic,44,220,1,1,0.9257709594319226
current__logistic,44,221,1,1,0.30787451348976214
current__logistic,44,222,1,1,1.9875908253536425
current__logistic,44,223,1,1,2.552619856909704
current__logistic,44,224,1,1,3.21790966653176
current__logistic,44,225,0,1,0.6303879355177752
current__logistic,44,226,1,1,1.3376479395976357
current__logistic,44,227,0,1,0.33962681063001043
current__logistic,44,228,0,0,-4.403153602747648
current__logistic,44,229,0,0,-0.046558452232385694
current__logistic,44,230,1,1,0.062264839643254494
current__logistic,44,231,0,1,3.2358682922513724
current__logistic,44,232,1,1,1.1849717176800005
current__logistic,44,233,1,1,0.37450957826764697
current__logistic,44,234,1,1,1.7265505107205015
current__logistic,44,235,0,0,-5.197613091581747
current__logistic,44,236,1,1,2.1494049111862714
current__logistic,44,237,1,1,2.9311534006136784
current__logistic,44,238,0,1,1.5801861803952049
current__logistic,44,239,0,0,-1.3293656284264268
current__logistic,44,240,0,1,3.43870902630503
current__logistic,44,241,1,0,-1.8860922681261327
current__logistic,44,242,1,0,-1.1229487003401495
current__logistic,44,243,0,1,2.1602358322361757
current__logistic,44,244,1,1,1.6787113674208225
current__logistic,44,245,1,1,5.921116824074289
current__logistic,44,246,0,1,0.034384347095677115
current__logistic,44,247,1,1,0.820171349317518
current__logistic,44,248,1,1,0.5325024745020361
current__logistic,44,249,1,1,1.1773231764736807
current__logistic,44,250,1,1,0.45447030912700065
current__logistic,44,251,1,1,3.9783849073607986
current__logistic,44,252,0,0,-1.63064632302203
current__logistic,44,253,1,0,-0.5205924041381313
current__logistic,44,254,0,0,-3.383953017798525
current__logistic,44,255,1,1,1.6271800546812203
current__logistic,44,256,0,1,1.8936939636780719
current__logistic,44,257,0,1,2.3666045691833846
current__logistic,44,258,0,1,0.8558442837690861
current__logistic,44,259,0,0,-0.18577464933186358
current__logistic,44,260,0,0,-4.408636992787742
current__logistic,44,261,0,1,3.3540640352883693
current__logistic,44,262,1,1,1.7191099591871983
current__logistic,44,263,1,1,2.141335821902947
current__logistic,44,264,1,0,-1.0500592090663974
current__logistic,44,265,0,1,1.6814896548043412
current__logistic,44,266,1,1,3.6768377979123965
current__logistic,44,267,1,0,-1.3331029068065863
current__logistic,44,268,1,1,1.736337946005433
current__logistic,44,269,0,1,0.7867147206776447
current__logistic,44,270,1,0,-2.509993720216773
current__logistic,44,271,0,1,0.004364884074998465
current__logistic,44,272,0,0,-3.265101937639828
current__logistic,44,273,1,1,2.215713920014525
current__logistic,44,274,1,1,3.0364225204645585
current__logistic,44,275,0,0,-2.3722008548703424
current__logistic,44,276,0,0,-4.172634673655201
current__logistic,44,277,1,1,1.259353677936047
current__logistic,44,278,0,0,-0.4915749445642378
current__logistic,44,279,0,0,-4.89058412971748
current__logistic,44,280,1,1,2.6630202121610926
current__logistic,44,281,0,0,-5.043641417850208
current__logistic,44,282,0,1,1.5103419965920473
current__logistic,44,283,0,1,1.8383252920018773
current__logistic,44,284,1,1,0.06528884289793152
current__logistic,44,285,0,0,-1.1771553496431904
current__logistic,44,286,0,1,1.718777509007237
current__logistic,44,287,1,1,0.8009998764477123
current__logistic,44,288,1,0,-1.9347751558004471
current__logistic,44,289,0,0,-0.11353694730845432
current__logistic,44,290,0,1,0.0361948305688799
current__logistic,44,291,1,1,1.8398284606264401
current__logistic,44,292,1,1,2.29832914066739
current__logistic,44,293,1,1,2.106569718475871
current__logistic,44,294,0,0,-2.799465313114827
current__logistic,44,295,1,0,-0.3037454337174924
current__logistic,44,296,0,1,3.6563103498715868
current__logistic,44,297,1,1,2.804742119426772
current__logistic,44,298,1,1,1.5821874433277325
current__logistic,44,299,1,1,1.6098125541535753
current__logistic,44,300,0,1,3.13630497681589
current__logistic,44,301,1,0,-0.33469331852380396
current__logistic,44,302,1,1,0.2480683695748211
current__logistic,44,303,0,1,1.261158827885928
current__logistic,44,304,1,1,3.084941293644991
current__logistic,44,305,0,1,0.9542078760002771
current__logistic,44,306,0,0,-0.9897211638328806
current__logistic,44,307,0,0,-1.9449421164550507
current__logistic,44,308,0,1,0.8432234919927584
current__logistic,44,309,0,1,1.130511800226785
current__logistic,44,310,0,0,-3.043176583363852
current__logistic,44,311,0,0,-1.2918598339522351
current__logistic,44,312,0,1,0.2507517350597005
current__logistic,44,313,0,0,-8.20933595962085
current__logistic,44,314,0,0,-2.1312386905034333
current__logistic,44,315,0,0,-0.35996306006507156
current__fisher,44,0,0,1,0.03523944690823555
current__fisher,44,1,1,0,-3.218022346496582
current__fisher,44,2,0,0,-0.35987815260887146
current__fisher,44,3,1,1,0.3706066608428955
current__fisher,44,4,0,1,0.866106390953064
current__fisher,44,5,1,0,-1.7481014728546143
current__fisher,44,6,0,1,0.1160397082567215
current__fisher,44,7,1,0,-2.813901662826538
current__fisher,44,8,0,1,1.907085657119751
current__fisher,44,9,0,0,-1.6505128145217896
current__fisher,44,10,1,0,-2.694305419921875
current__fisher,44,11,1,1,2.098465919494629
current__fisher,44,12,0,1,0.3603631854057312
current__fisher,44,13,0,0,-2.4099411964416504
current__fisher,44,14,1,0,-0.4722224175930023
current__fisher,44,15,1,1,1.01058828830719
current__fisher,44,16,1,0,-0.3444100022315979
current__fisher,44,17,0,0,-1.9941685199737549
current__fisher,44,18,0,1,0.0013796966522932053
current__fisher,44,19,1,1,1.081020712852478
current__fisher,44,20,0,1,1.2718713283538818
current__fisher,44,21,0,0,-3.439382791519165
current__fisher,44,22,1,0,-0.19037485122680664
current__fisher,44,23,0,0,-0.9382755756378174
current__fisher,44,24,1,0,-0.5694339275360107
current__fisher,44,25,0,0,-0.4049142599105835
current__fisher,44,26,0,0,-4.233667373657227
current__fisher,44,27,0,1,0.8415753841400146
current__fisher,44,28,0,0,-1.7541767358779907
current__fisher,44,29,0,1,3.1346423625946045
current__fisher,44,30,0,1,3.041748285293579
current__fisher,44,31,0,0,-3.0905449390411377
current__fisher,44,32,1,1,1.0386580228805542
current__fisher,44,33,1,0,-0.14426198601722717
current__fisher,44,34,1,1,0.5122792720794678
current__fisher,44,35,1,0,-0.07834133505821228
current__fisher,44,36,1,0,-0.055961064994335175
current__fisher,44,37,1,0,-3.165433406829834
current__fisher,44,38,0,1,0.6489373445510864
current__fisher,44,39,1,1,0.25379234552383423
current__fisher,44,40,0,1,0.9871276617050171
current__fisher,44,41,1,0,-0.9875448942184448
current__fisher,44,42,0,0,-1.4481216669082642
current__fisher,44,43,0,0,-1.8196842670440674
current__fisher,44,44,1,1,0.876285195350647
current__fisher,44,45,0,1,0.4031415283679962
current__fisher,44,46,1,1,0.07195696234703064
current__fisher,44,47,1,1,0.08262293040752411
current__fisher,44,48,0,0,-1.7077831029891968
current__fisher,44,49,1,1,0.36739465594291687
current__fisher,44,50,1,1,0.990501880645752
current__fisher,44,51,0,1,1.1037895679473877
current__fisher,44,52,0,0,-0.03910840302705765
current__fisher,44,53,1,0,-0.24648095667362213
current__fisher,44,54,0,0,-1.7005797624588013
current__fisher,44,55,0,1,0.11661562323570251
current__fisher,44,56,1,1,0.19518646597862244
current__fisher,44,57,0,1,1.314497947692871
current__fisher,44,58,1,1,0.768283486366272
current__fisher,44,59,0,1,0.5399669408798218
current__fisher,44,60,1,0,-1.0137064456939697
current__fisher,44,61,0,1,2.2064316272735596
current__fisher,44,62,0,1,0.305538147687912
current__fisher,44,63,1,1,0.10532630980014801
current__fisher,44,64,0,0,-0.4597913324832916
current__fisher,44,65,0,1,1.4500430822372437
current__fisher,44,66,0,1,0.3512757420539856
current__fisher,44,67,0,1,0.6226381063461304
current__fisher,44,68,0,1,0.6114867925643921
current__fisher,44,69,1,1,0.7339855432510376
current__fisher,44,70,0,0,-0.9896695613861084
current__fisher,44,71,1,0,-1.5479944944381714
current__fisher,44,72,0,1,1.4881962537765503
current__fisher,44,73,0,1,0.4073442220687866
current__fisher,44,74,0,0,-0.12665028870105743
current__fisher,44,75,0,0,-0.5438425540924072
current__fisher,44,76,0,0,-0.4400154650211334
current__fisher,44,77,1,0,-0.35106146335601807
current__fisher,44,78,1,1,0.9476696252822876
current__fisher,44,79,1,0,-1.8299658298492432
current__fisher,44,80,0,1,0.11544298380613327
current__fisher,44,81,1,0,-0.3276081383228302
current__fisher,44,82,0,0,-1.1632806062698364
current__fisher,44,83,1,1,0.9546850323677063
current__fisher,44,84,1,1,0.6525900363922119
current__fisher,44,85,1,1,1.5572260618209839
current__fisher,44,86,1,1,0.879818320274353
current__fisher,44,87,1,1,0.14456021785736084
current__fisher,44,88,1,1,0.16695156693458557
current__fisher,44,89,1,0,-0.7615044713020325
current__fisher,44,90,1,1,1.7579567432403564
current__fisher,44,91,1,1,0.3052903115749359
current__fisher,44,92,0,0,-1.6480268239974976
current__fisher,44,93,0,0,-1.495282530784607
current__fisher,44,94,0,1,0.5660942196846008
current__fisher,44,95,0,1,0.11782889068126678
current__fisher,44,96,1,0,-0.9003369808197021
current__fisher,44,97,1,0,-1.3495701551437378
current__fisher,44,98,1,1,0.5618820190429688
current__fisher,44,99,0,0,-0.23993903398513794
current__fisher,44,100,1,1,0.8748694062232971
current__fisher,44,101,1,1,1.3148216009140015
current__fisher,44,102,1,1,0.5312261581420898
current__fisher,44,103,0,0,-3.915825605392456
current__fisher,44,104,1,1,0.7741407752037048
current__fisher,44,105,0,0,-0.162589430809021
current__fisher,44,106,1,1,0.6234298944473267
current__fisher,44,107,1,1,0.9006379842758179
current__fisher,44,108,1,1,0.043376460671424866
current__fisher,44,109,0,0,-0.36908158659935
current__fisher,44,110,1,1,0.5045868158340454
current__fisher,44,111,0,0,-0.10372580587863922
current__fisher,44,112,1,1,0.7856380939483643
current__fisher,44,113,0,0,-1.3077551126480103
current__fisher,44,114,0,0,-1.537786602973938
current__fisher,44,115,0,1,0.17541903257369995
current__fisher,44,116,1,1,0.9862780570983887
current__fisher,44,117,0,0,-4.6188225746154785
current__fisher,44,118,0,1,0.47789233922958374
current__fisher,44,119,1,1,2.887526512145996
current__fisher,44,120,1,1,1.2504361867904663
current__fisher,44,121,1,1,1.5806589126586914
current__fisher,44,122,1,1,0.4440591335296631
current__fisher,44,123,0,1,0.02171836793422699
current__fisher,44,124,1,0,-1.3834501504898071
current__fisher,44,125,1,0,-0.7321599125862122
current__fisher,44,126,0,1,0.9734522700309753
current__fisher,44,127,0,1,2.0075864791870117
current__fisher,44,128,1,1,0.6815700531005859
current__fisher,44,129,1,1,1.0503276586532593
current__fisher,44,130,1,0,-0.1863294243812561
current__fisher,44,131,1,1,1.215810775756836
current__fisher,44,132,1,1,0.6682073473930359
current__fisher,44,133,0,0,-1.0599803924560547
current__fisher,44,134,0,0,-0.1501786857843399
current__fisher,44,135,0,0,-1.807500958442688
current__fisher,44,136,0,0,-1.3475414514541626
current__fisher,44,137,1,1,0.7358653545379639
current__fisher,44,138,1,1,0.8016567230224609
current__fisher,44,139,0,0,-0.651045024394989
current__fisher,44,140,1,1,0.21262124180793762
current__fisher,44,141,1,0,-0.301110178232193
current__fisher,44,142,1,1,1.3879400491714478
current__fisher,44,143,1,1,2.623548984527588
current__fisher,44,144,1,1,0.22069841623306274
current__fisher,44,145,1,1,0.41035643219947815
current__fisher,44,146,1,1,1.6996715068817139
current__fisher,44,147,0,1,0.8386929035186768
current__fisher,44,148,0,0,-1.4551169872283936
current__fisher,44,149,0,0,-2.0965943336486816
current__fisher,44,150,1,0,-0.31583893299102783
current__fisher,44,151,1,0,-0.22732247412204742
current__fisher,44,152,0,0,-1.3742948770523071
current__fisher,44,153,0,1,0.5383037328720093
current__fisher,44,154,1,0,-0.010308276861906052
current__fisher,44,155,1,0,-0.3863093852996826
current__fisher,44,156,0,0,-1.7435486316680908
current__fisher,44,157,0,1,0.29307088255882263
current__fisher,44,158,0,0,-1.6640294790267944
current__fisher,44,159,0,0,-0.9904130101203918
current__fisher,44,160,0,1,2.5972185134887695
current__fisher,44,161,1,1,2.9626762866973877
current__fisher,44,162,1,0,-2.1583962440490723
current__fisher,44,163,1,1,0.34349048137664795
current__fisher,44,164,1,1,1.5845128297805786
current__fisher,44,165,1,1,0.9065920114517212
current__fisher,44,166,1,0,-0.09987906366586685
current__fisher,44,167,0,0,-1.7314988374710083
current__fisher,44,168,1,0,-0.5765170454978943
current__fisher,44,169,0,1,0.3618164360523224
current__fisher,44,170,1,1,0.5658160448074341
current__fisher,44,171,1,0,-0.17739029228687286
current__fisher,44,172,0,1,0.01027166098356247
current__fisher,44,173,1,1,0.0356767475605011
current__fisher,44,174,0,0,-5.322142124176025
current__fisher,44,175,0,1,0.2180800437927246
current__fisher,44,176,1,1,2.3660683631896973
current__fisher,44,177,1,1,0.33549609780311584
current__fisher,44,178,1,1,1.2695684432983398
current__fisher,44,179,0,0,-1.482253909111023
current__fisher,44,180,0,0,-1.4454425573349
current__fisher,44,181,1,1,3.906864881515503
current__fisher,44,182,0,0,-1.234304428100586
current__fisher,44,183,0,0,-1.9337656497955322
current__fisher,44,184,0,0,-0.8936431407928467
current__fisher,44,185,0,0,-0.07314196228981018
current__fisher,44,186,0,1,0.18518871068954468
current__fisher,44,187,1,1,0.7258047461509705
current__fisher,44,188,1,1,3.216360330581665
current__fisher,44,189,0,1,0.14397269487380981
current__fisher,44,190,0,1,1.621976613998413
current__fisher,44,191,0,1,1.1600688695907593
current__fisher,44,192,0,0,-0.3690541684627533
current__fisher,44,193,1,0,-0.20136964321136475
current__fisher,44,194,0,0,-1.1065868139266968
current__fisher,44,195,0,1,0.11202262341976166
current__fisher,44,196,0,1,0.7306278347969055
current__fisher,44,197,1,1,0.49563562870025635
current__fisher,44,198,0,0,-2.275639533996582
current__fisher,44,199,0,0,-1.2741098403930664
current__fisher,44,200,1,0,-1.3448201417922974
current__fisher,44,201,0,0,-3.804354667663574
current__fisher,44,202,0,0,-0.9245073795318604
current__fisher,44,203,0,0,-0.6941086053848267
current__fisher,44,204,1,1,0.009892195463180542
current__fisher,44,205,1,0,-0.5148628950119019
current__fisher,44,206,1,0,-1.0435428619384766
current__fisher,44,207,0,1,1.513298511505127
current__fisher,44,208,0,0,-0.8556848764419556
current__fisher,44,209,0,1,0.15814796090126038
current__fisher,44,210,1,1,0.4979967474937439
current__fisher,44,211,1,0,-1.6097737550735474
current__fisher,44,212,1,1,1.1125019788742065
current__fisher,44,213,0,0,-2.080430269241333
current__fisher,44,214,0,0,-3.971261978149414
current__fisher,44,215,0,0,-1.6198674440383911
current__fisher,44,216,1,0,-0.7720916271209717
current__fisher,44,217,0,0,-0.02397562563419342
current__fisher,44,218,1,1,0.7038477659225464
current__fisher,44,219,1,0,-0.18849173188209534
current__fisher,44,220,1,0,-1.9439135789871216
current__fisher,44,221,1,1,0.9997180700302124
current__fisher,44,222,1,1,1.0616616010665894
current__fisher,44,223,1,1,1.5165088176727295
current__fisher,44,224,1,1,0.36979857087135315
current__fisher,44,225,0,1,0.16240492463111877
current__fisher,44,226,1,1,1.445915937423706
current__fisher,44,227,0,1,0.12311684340238571
current__fisher,44,228,0,0,-3.112898588180542
current__fisher,44,229,0,1,0.23341724276542664
current__fisher,44,230,1,0,-1.3914179801940918
current__fisher,44,231,0,1,1.73563551902771
current__fisher,44,232,1,1,1.3477835655212402
current__fisher,44,233,1,0,-1.2542120218276978
current__fisher,44,234,1,1,1.3575046062469482
current__fisher,44,235,0,0,-2.524172067642212
current__fisher,44,236,1,1,1.4275496006011963
current__fisher,44,237,1,1,2.44110369682312
current__fisher,44,238,0,1,1.7608176469802856
current__fisher,44,239,0,1,0.01206102967262268
current__fisher,44,240,0,1,2.2027482986450195
current__fisher,44,241,1,0,-0.5078951120376587
current__fisher,44,242,1,0,-1.1528784036636353
current__fisher,44,243,0,1,1.396446704864502
current__fisher,44,244,1,1,1.7333040237426758
current__fisher,44,245,1,1,3.7579562664031982
current__fisher,44,246,0,1,0.17628969252109528
current__fisher,44,247,1,1,0.6126028299331665
current__fisher,44,248,1,1,0.6457234025001526
current__fisher,44,249,1,1,0.5206113457679749
current__fisher,44,250,1,1,0.18689078092575073
current__fisher,44,251,1,1,3.018308639526367
current__fisher,44,252,0,0,-0.4068774878978729
current__fisher,44,253,1,1,0.9402710199356079
current__fisher,44,254,0,0,-3.369980573654175
current__fisher,44,255,1,1,0.47361648082733154
current__fisher,44,256,0,1,1.3416764736175537
current__fisher,44,257,0,1,0.028134910389780998
current__fisher,44,258,0,1,0.607513427734375
current__fisher,44,259,0,0,-0.06869292259216309
current__fisher,44,260,0,0,-3.1586666107177734
current__fisher,44,261,0,1,2.995107889175415
current__fisher,44,262,1,1,1.1526495218276978
current__fisher,44,263,1,1,1.708687424659729
current__fisher,44,264,1,0,-0.5253843069076538
current__fisher,44,265,0,1,1.4374912977218628
current__fisher,44,266,1,1,2.720667600631714
current__fisher,44,267,1,0,-3.2109055519104004
current__fisher,44,268,1,1,1.5697420835494995
current__fisher,44,269,0,0,-0.26473549008369446
current__fisher,44,270,1,0,-0.4433402419090271
current__fisher,44,271,0,1,0.24576543271541595
current__fisher,44,272,0,0,-1.7662571668624878
current__fisher,44,273,1,1,1.4398376941680908
current__fisher,44,274,1,1,2.2208662033081055
current__fisher,44,275,0,0,-0.4518090784549713
current__fisher,44,276,0,0,-1.4510442018508911
current__fisher,44,277,1,1,1.3237338066101074
current__fisher,44,278,0,0,-0.16950127482414246
current__fisher,44,279,0,0,-2.0035271644592285
current__fisher,44,280,1,1,2.533498764038086
current__fisher,44,281,0,0,-3.685211420059204
current__fisher,44,282,0,0,-0.11662496626377106
current__fisher,44,283,0,1,0.4653725028038025
current__fisher,44,284,1,1,0.6028728485107422
current__fisher,44,285,0,0,-0.6028518080711365
current__fisher,44,286,0,1,0.6740061640739441
current__fisher,44,287,1,1,0.48847252130508423
current__fisher,44,288,1,0,-1.0394115447998047
current__fisher,44,289,0,1,0.2606944739818573
current__fisher,44,290,0,0,-0.793428361415863
current__fisher,44,291,1,1,1.2766679525375366
current__fisher,44,292,1,1,0.5401593446731567
current__fisher,44,293,1,1,1.6407698392868042
current__fisher,44,294,0,0,-1.7004703283309937
current__fisher,44,295,1,1,0.010452501475811005
current__fisher,44,296,0,1,2.7192044258117676
current__fisher,44,297,1,1,1.94027578830719
current__fisher,44,298,1,1,1.3871079683303833
current__fisher,44,299,1,1,1.4648222923278809
current__fisher,44,300,0,1,2.256865978240967
current__fisher,44,301,1,0,-0.3240191638469696
current__fisher,44,302,1,1,0.4036974310874939
current__fisher,44,303,0,1,0.1453932821750641
current__fisher,44,304,1,1,2.2196476459503174
current__fisher,44,305,0,0,-0.14324471354484558
current__fisher,44,306,0,0,-0.6903437376022339
current__fisher,44,307,0,0,-1.4250205755233765
current__fisher,44,308,0,0,-0.2464446872472763
current__fisher,44,309,0,0,-0.6156615018844604
current__fisher,44,310,0,0,-5.006194591522217
current__fisher,44,311,0,0,-0.5766525268554688
current__fisher,44,312,0,1,0.43093517422676086
current__fisher,44,313,0,0,-4.525045871734619
current__fisher,44,314,0,0,-0.9094451665878296
current__fisher,44,315,0,1,1.39944589138031
terminal__logistic,44,0,0,1,2.1503991193618814
terminal__logistic,44,1,1,0,-0.28855098724768097
terminal__logistic,44,2,0,0,-0.8978816490949366
terminal__logistic,44,3,1,1,0.34510507149149855
terminal__logistic,44,4,0,0,-0.7056019256386464
terminal__logistic,44,5,1,1,0.48571539338312136
terminal__logistic,44,6,0,1,0.7945946693561523
terminal__logistic,44,7,1,1,0.1644638029638479
terminal__logistic,44,8,0,0,-0.9584711790536878
terminal__logistic,44,9,0,0,-2.8996591119834956
terminal__logistic,44,10,1,0,-0.8090899931352421
terminal__logistic,44,11,1,1,0.6292932553790903
terminal__logistic,44,12,0,0,-1.4747895128645825
terminal__logistic,44,13,0,0,-1.3057790341799562
terminal__logistic,44,14,1,1,3.440637762644602
terminal__logistic,44,15,1,0,-0.7907996335206776
terminal__logistic,44,16,1,0,-1.0622664703355553
terminal__logistic,44,17,0,1,0.8252859871682612
terminal__logistic,44,18,0,0,-0.9410406654221836
terminal__logistic,44,19,1,1,0.26610528332757066
terminal__logistic,44,20,0,0,-2.5873613184545086
terminal__logistic,44,21,0,0,-1.1130416003422212
terminal__logistic,44,22,1,0,-0.33721766487016647
terminal__logistic,44,23,0,1,2.9599645376989066
terminal__logistic,44,24,1,0,-0.9083637541325572
terminal__logistic,44,25,0,0,-1.0493092628823113
terminal__logistic,44,26,0,1,0.5676680033614686
terminal__logistic,44,27,0,0,-0.6845797225239149
terminal__logistic,44,28,0,0,-2.418834458176524
terminal__logistic,44,29,0,1,0.3597927588081789
terminal__logistic,44,30,0,1,1.3130792078949298
terminal__logistic,44,31,0,0,-3.05245575618928
terminal__logistic,44,32,1,1,1.1774752618251327
terminal__logistic,44,33,1,0,-0.40657890231604943
terminal__logistic,44,34,1,1,2.8167207854085103
terminal__logistic,44,35,1,0,-0.5002987573085927
terminal__logistic,44,36,1,1,1.0963580111953586
terminal__logistic,44,37,1,0,-0.4210551717511111
terminal__logistic,44,38,0,1,0.743370857277254
terminal__logistic,44,39,1,1,1.8494169087466585
terminal__logistic,44,40,0,0,-0.2516524343472305
terminal__logistic,44,41,1,1,0.06491506192718595
terminal__logistic,44,42,0,0,-0.31924982559547194
terminal__logistic,44,43,0,1,2.0013558980886095
terminal__logistic,44,44,1,1,1.9543270057008977
terminal__logistic,44,45,0,1,0.06243773964021611
terminal__logistic,44,46,1,0,-0.19258779964943468
terminal__logistic,44,47,1,0,-0.6903888410746524
terminal__logistic,44,48,0,0,-3.4097766323929948
terminal__logistic,44,49,1,1,0.5913604865549876
terminal__logistic,44,50,1,1,0.48520083307636935
terminal__logistic,44,51,0,1,1.2618126577953845
terminal__logistic,44,52,0,1,0.3251739379500452
terminal__logistic,44,53,1,0,-0.5648557274895112
terminal__logistic,44,54,0,0,-0.4921932497396168
terminal__logistic,44,55,0,1,0.5849600141697685
terminal__logistic,44,56,1,0,-1.2546633322150795
terminal__logistic,44,57,0,1,0.4353835291772364
terminal__logistic,44,58,1,1,1.327902881941478
terminal__logistic,44,59,0,0,-1.0449731114710163
terminal__logistic,44,60,1,1,0.2003853805459254
terminal__logistic,44,61,0,1,1.4943131814653785
terminal__logistic,44,62,0,0,-0.4437806724212266
terminal__logistic,44,63,1,0,-0.23118061544375576
terminal__logistic,44,64,0,0,-0.9887007335513237
terminal__logistic,44,65,0,1,1.2730784812222842
terminal__logistic,44,66,0,0,-0.8495356678043562
terminal__logistic,44,67,0,0,-1.3097902808065165
terminal__logistic,44,68,0,0,-0.901281617561101
terminal__logistic,44,69,1,1,0.020679698804263135
terminal__logistic,44,70,0,0,-1.8667089259766645
terminal__logistic,44,71,1,0,-0.6526980308950233
terminal__logistic,44,72,0,0,-1.0139236575823825
terminal__logistic,44,73,0,0,-0.4765524433476897
terminal__logistic,44,74,0,1,0.8889727993018218
terminal__logistic,44,75,0,0,-1.8219229980943183
terminal__logistic,44,76,0,0,-1.4140010935427492
terminal__logistic,44,77,1,1,0.6940171664002404
terminal__logistic,44,78,1,0,-0.777292364747611
terminal__logistic,44,79,1,1,1.3844622881552344
terminal__logistic,44,80,0,1,2.2413831531759203
terminal__logistic,44,81,1,0,-2.4879541478581317
terminal__logistic,44,82,0,1,0.01825355063828245
terminal__logistic,44,83,1,1,1.2849593070364669
terminal__logistic,44,84,1,1,1.2142582526517638
terminal__logistic,44,85,1,1,0.8563545689821842
terminal__logistic,44,86,1,1,0.3803675705790742
terminal__logistic,44,87,1,0,-1.6251927193400966
terminal__logistic,44,88,1,0,-0.0955445786937467
terminal__logistic,44,89,1,0,-0.08074061460065358
terminal__logistic,44,90,1,1,1.7023562539242734
terminal__logistic,44,91,1,1,0.9690303570030877
terminal__logistic,44,92,0,1,0.14958496058074625
terminal__logistic,44,93,0,0,-0.20656231503100161
terminal__logistic,44,94,0,1,0.8219463425695136
terminal__logistic,44,95,0,0,-0.46690239682272144
terminal__logistic,44,96,1,1,1.9871392443513463
terminal__logistic,44,97,1,1,1.5178220624594296
terminal__logistic,44,98,1,1,0.8633056493063712
terminal__logistic,44,99,0,0,-2.3069289533769255
terminal__logistic,44,100,1,1,0.9325409841040665
terminal__logistic,44,101,1,1,0.3162123755579394
terminal__logistic,44,102,1,0,-0.5810991962514949
terminal__logistic,44,103,0,0,-1.389243713437711
terminal__logistic,44,104,1,0,-2.109866066649136
terminal__logistic,44,105,0,1,0.8530661670041678
terminal__logistic,44,106,1,1,0.6089271529402421
terminal__logistic,44,107,1,1,1.3497523664952031
terminal__logistic,44,108,1,1,0.6615319580528801
terminal__logistic,44,109,0,0,-1.0693601870626872
terminal__logistic,44,110,1,1,0.09331778529430886
terminal__logistic,44,111,0,1,1.6914455624526905
terminal__logistic,44,112,1,1,0.23713357108458571
terminal__logistic,44,113,0,0,-1.0373625059981355
terminal__logistic,44,114,0,0,-0.8510452266738583
terminal__logistic,44,115,0,1,1.2705957726244181
terminal__logistic,44,116,1,1,4.12268237400198
terminal__logistic,44,117,0,0,-2.15048236405333
terminal__logistic,44,118,0,1,2.172274920523195
terminal__logistic,44,119,1,0,-0.7681669358577504
terminal__logistic,44,120,1,1,2.4033529633987687
terminal__logistic,44,121,1,1,0.9621887580200416
terminal__logistic,44,122,1,1,1.5940569378041063
terminal__logistic,44,123,0,0,-2.931030212386781
terminal__logistic,44,124,1,0,-0.886748185349677
terminal__logistic,44,125,1,0,-0.4015466557220086
terminal__logistic,44,126,0,0,-0.1832588917527613
terminal__logistic,44,127,0,1,0.01525833965637305
terminal__logistic,44,128,1,1,1.5482835267942794
terminal__logistic,44,129,1,0,-0.794674936464436
terminal__logistic,44,130,1,1,1.1622261906864146
terminal__logistic,44,131,1,1,1.284703420551241
terminal__logistic,44,132,1,1,2.274901328410517
terminal__logistic,44,133,0,0,-2.4344910679998017
terminal__logistic,44,134,0,1,0.7747761295087507
terminal__logistic,44,135,0,0,-0.9453036983785041
terminal__logistic,44,136,0,0,-1.737930424832282
terminal__logistic,44,137,1,1,0.9069196776602005
terminal__logistic,44,138,1,1,1.2478637783179043
terminal__logistic,44,139,0,1,0.5022218135475333
terminal__logistic,44,140,1,1,2.3719940322745816
terminal__logistic,44,141,1,1,2.046413331729379
terminal__logistic,44,142,1,1,0.9147123569962265
terminal__logistic,44,143,1,1,2.007259476265753
terminal__logistic,44,144,1,1,0.7791976403474614
terminal__logistic,44,145,1,1,1.2494999584342719
terminal__logistic,44,146,1,1,1.5137447745633477
terminal__logistic,44,147,0,1,0.528770132195907
terminal__logistic,44,148,0,0,-0.16214594531905652
terminal__logistic,44,149,0,0,-1.743621012681785
terminal__logistic,44,150,1,1,0.8279530350705138
terminal__logistic,44,151,1,1,0.41982846360793574
terminal__logistic,44,152,0,1,1.7540119625096804
terminal__logistic,44,153,0,0,-0.8614032228416498
terminal__logistic,44,154,1,0,-0.8837630948071391
terminal__logistic,44,155,1,1,2.2386674853781785
terminal__logistic,44,156,0,0,-2.134196363071181
terminal__logistic,44,157,0,0,-0.03852942792013629
terminal__logistic,44,158,0,0,-0.6395805603218788
terminal__logistic,44,159,0,0,-0.2315914108460178
terminal__logistic,44,160,0,0,-0.448766987771037
terminal__logistic,44,161,1,1,0.4223916017592529
terminal__logistic,44,162,1,0,-2.4611383280085404
terminal__logistic,44,163,1,0,-0.8538259716172788
terminal__logistic,44,164,1,1,1.7493046131092325
terminal__logistic,44,165,1,1,1.542182984839134
terminal__logistic,44,166,1,1,0.9156947789537248
terminal__logistic,44,167,0,0,-0.21772614235617685
terminal__logistic,44,168,1,1,0.4943535129751367
terminal__logistic,44,169,0,0,-2.37956891115251
terminal__logistic,44,170,1,0,-0.3700856760880759
terminal__logistic,44,171,1,0,-0.2023974167340252
terminal__logistic,44,172,0,0,-0.8237452854731137
terminal__logistic,44,173,1,1,1.5695613821148091
terminal__logistic,44,174,0,0,-2.5317897080508587
terminal__logistic,44,175,0,1,1.0720843928675443
terminal__logistic,44,176,1,1,2.0984801321563826
terminal__logistic,44,177,1,1,0.8839035576344113
terminal__logistic,44,178,1,1,0.23136413874566344
terminal__logistic,44,179,0,0,-1.9184662350687094
terminal__logistic,44,180,0,1,0.5822898681958008
terminal__logistic,44,181,1,0,-0.1781040499837295
terminal__logistic,44,182,0,0,-1.7321260902845452
terminal__logistic,44,183,0,0,-1.4480109990298888
terminal__logistic,44,184,0,0,-1.0541168729307577
terminal__logistic,44,185,0,0,-0.9498908253960975
terminal__logistic,44,186,0,0,-0.4820232278715851
terminal__logistic,44,187,1,1,1.3819513186097951
terminal__logistic,44,188,1,1,1.3130649767183424
terminal__logistic,44,189,0,0,-1.1169243842032794
terminal__logistic,44,190,0,1,1.1026093395550014
terminal__logistic,44,191,0,0,-0.4902464361879068
terminal__logistic,44,192,0,1,1.1162890025548133
terminal__logistic,44,193,1,1,2.01315133549899
terminal__logistic,44,194,0,0,-1.6458763056297614
terminal__logistic,44,195,0,0,-1.9477962733048324
terminal__logistic,44,196,0,1,0.08849070890804718
terminal__logistic,44,197,1,1,1.2781872387289808
terminal__logistic,44,198,0,0,-1.368134029436302
terminal__logistic,44,199,0,0,-1.8313779498981493
terminal__logistic,44,200,1,1,0.7117987324090417
terminal__logistic,44,201,0,0,-0.8772541422181251
terminal__logistic,44,202,0,1,0.5991939781999481
terminal__logistic,44,203,0,0,-0.960944991471938
terminal__logistic,44,204,1,0,-0.07502542747683148
terminal__logistic,44,205,1,0,-2.077573286737051
terminal__logistic,44,206,1,1,0.5579549450362781
terminal__logistic,44,207,0,0,-0.9157848115955992
terminal__logistic,44,208,0,0,-0.31518986456226694
terminal__logistic,44,209,0,0,-1.1859975591952228
terminal__logistic,44,210,1,1,0.5169163228088995
terminal__logistic,44,211,1,1,1.2469339941344895
terminal__logistic,44,212,1,1,1.0588967144616255
terminal__logistic,44,213,0,1,0.7367963759919494
terminal__logistic,44,214,0,0,-2.9306194846280595
terminal__logistic,44,215,0,0,-2.1528000853365152
terminal__logistic,44,216,1,0,-2.0015167923436508
terminal__logistic,44,217,0,0,-0.5295659213538279
terminal__logistic,44,218,1,1,3.3017687231757487
terminal__logistic,44,219,1,0,-0.23801911094931655
terminal__logistic,44,220,1,0,-1.950688667826614
terminal__logistic,44,221,1,0,-0.2361702088246528
terminal__logistic,44,222,1,1,2.036720333315773
terminal__logistic,44,223,1,1,1.1217827386710875
terminal__logistic,44,224,1,1,4.879541687792536
terminal__logistic,44,225,0,1,0.29120835880119667
terminal__logistic,44,226,1,1,1.8135863336680287
terminal__logistic,44,227,0,0,-1.0709573034502684
terminal__logistic,44,228,0,0,-1.6561500946470722
terminal__logistic,44,229,0,0,-1.386602646375505
terminal__logistic,44,230,1,1,0.8831135263251696
terminal__logistic,44,231,0,0,-0.1585025714966995
terminal__logistic,44,232,1,0,-0.26962106918950784
terminal__logistic,44,233,1,0,-1.0563792200805262
terminal__logistic,44,234,1,1,2.08616410386626
terminal__logistic,44,235,0,1,1.17412943727503
terminal__logistic,44,236,1,1,3.0884945186611947
terminal__logistic,44,237,1,1,0.46491384632194027
terminal__logistic,44,238,0,1,1.4647078141678838
terminal__logistic,44,239,0,0,-2.1229608333347136
terminal__logistic,44,240,0,0,-0.5657587831743196
terminal__logistic,44,241,1,0,-0.36444894991963356
terminal__logistic,44,242,1,0,-0.7622899145475764
terminal__logistic,44,243,0,1,1.0069296673896446
terminal__logistic,44,244,1,1,1.7642280700982078
terminal__logistic,44,245,1,1,1.4879916256484653
terminal__logistic,44,246,0,1,0.0039919236332774215
terminal__logistic,44,247,1,1,0.023995369943604433
terminal__logistic,44,248,1,1,1.769787535525016
terminal__logistic,44,249,1,0,-0.007826795422538028
terminal__logistic,44,250,1,0,-0.7512726684304
terminal__logistic,44,251,1,1,3.401439113886296
terminal__logistic,44,252,0,0,-0.0950343705153903
terminal__logistic,44,253,1,1,0.12810534150811162
terminal__logistic,44,254,0,1,1.1640656766394952
terminal__logistic,44,255,1,0,-0.13800404483636947
terminal__logistic,44,256,0,1,0.1398996048146928
terminal__logistic,44,257,0,0,-1.4431177471129921
terminal__logistic,44,258,0,0,-1.4102925028917723
terminal__logistic,44,259,0,0,-0.4185260089081704
terminal__logistic,44,260,0,0,-1.604808130394414
terminal__logistic,44,261,0,1,0.3043048729704021
terminal__logistic,44,262,1,1,1.2298511547968711
terminal__logistic,44,263,1,1,0.8671989711924882
terminal__logistic,44,264,1,1,1.4890422674936326
terminal__logistic,44,265,0,0,-0.4644136676975346
terminal__logistic,44,266,1,1,0.7702177948530257
terminal__logistic,44,267,1,0,-1.8214688296457202
terminal__logistic,44,268,1,1,2.6481324967506112
terminal__logistic,44,269,0,0,-0.09422137629480025
terminal__logistic,44,270,1,0,-0.3430173606520973
terminal__logistic,44,271,0,0,-1.8156266894859645
terminal__logistic,44,272,0,0,-1.71724965430837
terminal__logistic,44,273,1,1,1.04974246519187
terminal__logistic,44,274,1,0,-1.8033510207697847
terminal__logistic,44,275,0,0,-1.7944007575257
terminal__logistic,44,276,0,0,-1.9195991864583783
terminal__logistic,44,277,1,1,0.7620189335480355
terminal__logistic,44,278,0,0,-3.9153114772273288
terminal__logistic,44,279,0,0,-1.3048809712591638
terminal__logistic,44,280,1,1,0.16097906350715208
terminal__logistic,44,281,0,0,-0.8019352946301902
terminal__logistic,44,282,0,0,-1.1383967793122836
terminal__logistic,44,283,0,0,-1.6640205192967172
terminal__logistic,44,284,1,0,-0.5608744533692683
terminal__logistic,44,285,0,0,-2.0949056784586007
terminal__logistic,44,286,0,0,-0.08353661886750634
terminal__logistic,44,287,1,1,1.2075818647440206
terminal__logistic,44,288,1,1,0.48751258682605664
terminal__logistic,44,289,0,1,0.6382348627870549
terminal__logistic,44,290,0,0,-0.41877886460673247
terminal__logistic,44,291,1,1,0.5829800721518575
terminal__logistic,44,292,1,0,-0.47447638079553006
terminal__logistic,44,293,1,1,0.6469316574574495
terminal__logistic,44,294,0,1,0.30206882845491567
terminal__logistic,44,295,1,1,0.926847574633152
terminal__logistic,44,296,0,1,0.18408745998239642
terminal__logistic,44,297,1,1,0.41578645046421264
terminal__logistic,44,298,1,1,2.091274027603579
terminal__logistic,44,299,1,1,6.005519753554158
terminal__logistic,44,300,0,1,1.5198510310806952
terminal__logistic,44,301,1,1,0.6574613992113454
terminal__logistic,44,302,1,1,0.17444970795242515
terminal__logistic,44,303,0,0,-3.8865659163607384
terminal__logistic,44,304,1,1,1.713344724708135
terminal__logistic,44,305,0,0,-1.8860356295575027
terminal__logistic,44,306,0,0,-1.1163166428150506
terminal__logistic,44,307,0,0,-0.987948068880494
terminal__logistic,44,308,0,0,-2.000073064250062
terminal__logistic,44,309,0,0,-0.7653557683707649
terminal__logistic,44,310,0,0,-1.792107929928083
terminal__logistic,44,311,0,0,-0.6376695784778674
terminal__logistic,44,312,0,0,-0.7199353103048176
terminal__logistic,44,313,0,0,-4.458396130016448
terminal__logistic,44,314,0,0,-2.316801664681998
terminal__logistic,44,315,0,1,0.31263834371320937
terminal__fisher,44,0,0,1,1.7293907403945923
terminal__fisher,44,1,1,0,-0.6413818001747131
terminal__fisher,44,2,0,0,-0.4288893938064575
terminal__fisher,44,3,1,1,0.411991149187088
terminal__fisher,44,4,0,0,-0.545556366443634
terminal__fisher,44,5,1,1,0.24513058364391327
terminal__fisher,44,6,0,1,0.6348702907562256
terminal__fisher,44,7,1,1,0.21880227327346802
terminal__fisher,44,8,0,0,-0.813941478729248
terminal__fisher,44,9,0,0,-2.732759475708008
terminal__fisher,44,10,1,0,-1.009704351425171
terminal__fisher,44,11,1,1,0.6797181963920593
terminal__fisher,44,12,0,0,-1.4517165422439575
terminal__fisher,44,13,0,0,-1.4102319478988647
terminal__fisher,44,14,1,1,3.371321439743042
terminal__fisher,44,15,1,0,-0.5772830247879028
terminal__fisher,44,16,1,0,-0.7994970679283142
terminal__fisher,44,17,0,1,0.6113457679748535
terminal__fisher,44,18,0,0,-0.8463752865791321
terminal__fisher,44,19,1,1,0.31862205266952515
terminal__fisher,44,20,0,0,-2.353297233581543
terminal__fisher,44,21,0,0,-1.1786068677902222
terminal__fisher,44,22,1,0,-0.5380385518074036
terminal__fisher,44,23,0,1,2.989811420440674
terminal__fisher,44,24,1,0,-0.7981096506118774
terminal__fisher,44,25,0,0,-1.1522315740585327
terminal__fisher,44,26,0,1,0.7560926079750061
terminal__fisher,44,27,0,0,-0.6636664271354675
terminal__fisher,44,28,0,0,-2.420928716659546
terminal__fisher,44,29,0,1,0.5906350016593933
terminal__fisher,44,30,0,1,1.3280889987945557
terminal__fisher,44,31,0,0,-3.1090993881225586
terminal__fisher,44,32,1,1,1.172553539276123
terminal__fisher,44,33,1,0,-0.1767319291830063
terminal__fisher,44,34,1,1,2.9443342685699463
terminal__fisher,44,35,1,0,-0.7964238524436951
terminal__fisher,44,36,1,1,1.1203325986862183
terminal__fisher,44,37,1,0,-0.7019153237342834
terminal__fisher,44,38,0,1,0.7995830178260803
terminal__fisher,44,39,1,1,1.4202007055282593
terminal__fisher,44,40,0,0,-0.4183080196380615
terminal__fisher,44,41,1,0,-0.00018055550754070282
terminal__fisher,44,42,0,0,-0.413712739944458
terminal__fisher,44,43,0,1,2.173637628555298
terminal__fisher,44,44,1,1,2.0794317722320557
terminal__fisher,44,45,0,0,-0.10208065807819366
terminal__fisher,44,46,1,0,-0.34210237860679626
terminal__fisher,44,47,1,0,-0.8518729209899902
terminal__fisher,44,48,0,0,-2.8466670513153076
terminal__fisher,44,49,1,1,0.48642581701278687
terminal__fisher,44,50,1,1,0.4779413640499115
terminal__fisher,44,51,0,1,1.0983302593231201
terminal__fisher,44,52,0,1,0.37760141491889954
terminal__fisher,44,53,1,0,-0.925370991230011
terminal__fisher,44,54,0,0,-0.7897012233734131
terminal__fisher,44,55,0,1,0.3127683997154236
terminal__fisher,44,56,1,0,-1.138928771018982
terminal__fisher,44,57,0,1,0.23290491104125977
terminal__fisher,44,58,1,1,1.3023337125778198
terminal__fisher,44,59,0,0,-0.891349196434021
terminal__fisher,44,60,1,1,0.17509262263774872
terminal__fisher,44,61,0,1,1.5458201169967651
terminal__fisher,44,62,0,0,-0.4304274916648865
terminal__fisher,44,63,1,0,-0.27608102560043335
terminal__fisher,44,64,0,0,-0.9035767316818237
terminal__fisher,44,65,0,1,1.2697432041168213
terminal__fisher,44,66,0,0,-0.8710289001464844
terminal__fisher,44,67,0,0,-1.209238052368164
terminal__fisher,44,68,0,0,-0.8238580226898193
terminal__fisher,44,69,1,1,0.08968587219715118
terminal__fisher,44,70,0,0,-1.7103158235549927
terminal__fisher,44,71,1,0,-0.37037229537963867
terminal__fisher,44,72,0,0,-0.9638822078704834
terminal__fisher,44,73,0,0,-0.2579754590988159
terminal__fisher,44,74,0,1,0.9529494643211365
terminal__fisher,44,75,0,0,-1.8450075387954712
terminal__fisher,44,76,0,0,-1.3010605573654175
terminal__fisher,44,77,1,1,0.527687668800354
terminal__fisher,44,78,1,0,-0.7967590689659119
terminal__fisher,44,79,1,1,1.1229395866394043
terminal__fisher,44,80,0,1,2.139036178588867
terminal__fisher,44,81,1,0,-2.535700559616089
terminal__fisher,44,82,0,0,-0.33548590540885925
terminal__fisher,44,83,1,1,1.4742765426635742
terminal__fisher,44,84,1,1,1.2773689031600952
terminal__fisher,44,85,1,1,0.8770930767059326
terminal__fisher,44,86,1,1,0.3515847325325012
terminal__fisher,44,87,1,0,-1.282477617263794
terminal__fisher,44,88,1,0,-0.29168397188186646
terminal__fisher,44,89,1,0,-0.30160123109817505
terminal__fisher,44,90,1,1,1.8688855171203613
terminal__fisher,44,91,1,1,0.8394685387611389
terminal__fisher,44,92,0,1,0.1508464813232422
terminal__fisher,44,93,0,0,-0.19584928452968597
terminal__fisher,44,94,0,1,1.0537004470825195
terminal__fisher,44,95,0,0,-0.16847540438175201
terminal__fisher,44,96,1,1,1.4717071056365967
terminal__fisher,44,97,1,1,1.3876655101776123
terminal__fisher,44,98,1,1,0.7840642333030701
terminal__fisher,44,99,0,0,-2.4336652755737305
terminal__fisher,44,100,1,1,0.7989197373390198
terminal__fisher,44,101,1,1,0.3178349733352661
terminal__fisher,44,102,1,0,-0.5762462019920349
terminal__fisher,44,103,0,0,-1.5233924388885498
terminal__fisher,44,104,1,0,-2.0421881675720215
terminal__fisher,44,105,0,1,1.041483998298645
terminal__fisher,44,106,1,1,0.8789753317832947
terminal__fisher,44,107,1,1,1.4148240089416504
terminal__fisher,44,108,1,1,0.8462674021720886
terminal__fisher,44,109,0,0,-1.1598114967346191
terminal__fisher,44,110,1,0,-0.007448466494679451
terminal__fisher,44,111,0,1,2.027693033218384
terminal__fisher,44,112,1,1,0.23121793568134308
terminal__fisher,44,113,0,0,-1.1466174125671387
terminal__fisher,44,114,0,0,-0.8094293475151062
terminal__fisher,44,115,0,1,1.3630584478378296
terminal__fisher,44,116,1,1,4.659463882446289
terminal__fisher,44,117,0,0,-1.6493322849273682
terminal__fisher,44,118,0,1,1.8979054689407349
terminal__fisher,44,119,1,0,-1.086406946182251
terminal__fisher,44,120,1,1,2.566718578338623
terminal__fisher,44,121,1,1,0.9940151572227478
terminal__fisher,44,122,1,1,1.3305844068527222
terminal__fisher,44,123,0,0,-2.7201156616210938
terminal__fisher,44,124,1,0,-0.7822113037109375
terminal__fisher,44,125,1,0,-0.40751948952674866
terminal__fisher,44,126,0,0,-0.09650535136461258
terminal__fisher,44,127,0,1,0.12272429466247559
terminal__fisher,44,128,1,1,1.3347673416137695
terminal__fisher,44,129,1,0,-0.9034859538078308
terminal__fisher,44,130,1,1,1.3253425359725952
terminal__fisher,44,131,1,1,1.2304784059524536
terminal__fisher,44,132,1,1,1.9331700801849365
terminal__fisher,44,133,0,0,-2.27656888961792
terminal__fisher,44,134,0,1,0.6542214155197144
terminal__fisher,44,135,0,0,-0.8794617652893066
terminal__fisher,44,136,0,0,-1.988050103187561
terminal__fisher,44,137,1,1,0.8798894286155701
terminal__fisher,44,138,1,1,0.9896436333656311
terminal__fisher,44,139,0,1,0.4962058961391449
terminal__fisher,44,140,1,1,2.3120949268341064
terminal__fisher,44,141,1,1,1.8293150663375854
terminal__fisher,44,142,1,1,0.7241032123565674
terminal__fisher,44,143,1,1,1.9597792625427246
terminal__fisher,44,144,1,1,0.5000455379486084
terminal__fisher,44,145,1,1,1.3457506895065308
terminal__fisher,44,146,1,1,1.543526530265808
terminal__fisher,44,147,0,1,0.3759644031524658
terminal__fisher,44,148,0,0,-0.4563967287540436
terminal__fisher,44,149,0,0,-1.9676666259765625
terminal__fisher,44,150,1,1,0.822119414806366
terminal__fisher,44,151,1,1,0.1625204086303711
terminal__fisher,44,152,0,1,1.7807824611663818
terminal__fisher,44,153,0,0,-0.7763045430183411
terminal__fisher,44,154,1,0,-0.9921902418136597
terminal__fisher,44,155,1,1,2.077192544937134
terminal__fisher,44,156,0,0,-2.131709337234497
terminal__fisher,44,157,0,0,-0.07644911110401154
terminal__fisher,44,158,0,0,-0.6691630482673645
terminal__fisher,44,159,0,1,0.09850828349590302
terminal__fisher,44,160,0,0,-0.5046541094779968
terminal__fisher,44,161,1,1,0.496934175491333
terminal__fisher,44,162,1,0,-2.6380021572113037
terminal__fisher,44,163,1,0,-0.9280478358268738
terminal__fisher,44,164,1,1,1.6512112617492676
terminal__fisher,44,165,1,1,1.5310182571411133
terminal__fisher,44,166,1,1,0.5261451601982117
terminal__fisher,44,167,0,1,0.0291424673050642
terminal__fisher,44,168,1,1,0.3156780004501343
terminal__fisher,44,169,0,0,-2.390136480331421
terminal__fisher,44,170,1,0,-0.2723616659641266
terminal__fisher,44,171,1,0,-0.3564262390136719
terminal__fisher,44,172,0,0,-0.7498108744621277
terminal__fisher,44,173,1,1,1.5871938467025757
terminal__fisher,44,174,0,0,-2.4943058490753174
terminal__fisher,44,175,0,1,0.9514458775520325
terminal__fisher,44,176,1,1,1.9084950685501099
terminal__fisher,44,177,1,1,0.9249240756034851
terminal__fisher,44,178,1,1,0.11398487538099289
terminal__fisher,44,179,0,0,-1.6004842519760132
terminal__fisher,44,180,0,1,0.7186457514762878
terminal__fisher,44,181,1,0,-0.6559357047080994
terminal__fisher,44,182,0,0,-1.450019359588623
terminal__fisher,44,183,0,0,-1.5199710130691528
terminal__fisher,44,184,0,0,-1.0095016956329346
terminal__fisher,44,185,0,0,-0.8829570412635803
terminal__fisher,44,186,0,0,-0.5886418223381042
terminal__fisher,44,187,1,1,1.523044228553772
terminal__fisher,44,188,1,1,1.3651810884475708
terminal__fisher,44,189,0,0,-1.0772219896316528
terminal__fisher,44,190,0,1,1.3570338487625122
terminal__fisher,44,191,0,0,-0.4091698229312897
terminal__fisher,44,192,0,1,1.1405560970306396
terminal__fisher,44,193,1,1,1.6851544380187988
terminal__fisher,44,194,0,0,-1.6219658851623535
terminal__fisher,44,195,0,0,-2.0815253257751465
terminal__fisher,44,196,0,0,-0.1212276965379715
terminal__fisher,44,197,1,1,1.042630910873413
terminal__fisher,44,198,0,0,-1.2905908823013306
terminal__fisher,44,199,0,0,-1.5515756607055664
terminal__fisher,44,200,1,1,0.6226581335067749
terminal__fisher,44,201,0,0,-1.0676019191741943
terminal__fisher,44,202,0,1,0.476450115442276
terminal__fisher,44,203,0,0,-1.1332695484161377
terminal__fisher,44,204,1,1,0.11998362839221954
terminal__fisher,44,205,1,0,-2.3359344005584717
terminal__fisher,44,206,1,1,0.7441931366920471
terminal__fisher,44,207,0,0,-0.7482990026473999
terminal__fisher,44,208,0,0,-0.3494172692298889
terminal__fisher,44,209,0,0,-1.275898814201355
terminal__fisher,44,210,1,1,0.5204305648803711
terminal__fisher,44,211,1,1,0.9093109965324402
terminal__fisher,44,212,1,1,0.8038948178291321
terminal__fisher,44,213,0,1,1.0309181213378906
terminal__fisher,44,214,0,0,-2.928616762161255
terminal__fisher,44,215,0,0,-2.174379587173462
terminal__fisher,44,216,1,0,-1.9417001008987427
terminal__fisher,44,217,0,0,-0.12385935336351395
terminal__fisher,44,218,1,1,3.224942445755005
terminal__fisher,44,219,1,0,-0.4457271695137024
terminal__fisher,44,220,1,0,-1.8288578987121582
terminal__fisher,44,221,1,0,-0.13056650757789612
terminal__fisher,44,222,1,1,2.0468640327453613
terminal__fisher,44,223,1,1,1.0889198780059814
terminal__fisher,44,224,1,1,4.684357643127441
terminal__fisher,44,225,0,1,0.24837200343608856
terminal__fisher,44,226,1,1,1.3944242000579834
terminal__fisher,44,227,0,0,-1.1581536531448364
terminal__fisher,44,228,0,0,-1.8226932287216187
terminal__fisher,44,229,0,0,-1.2866837978363037
terminal__fisher,44,230,1,1,0.7725172638893127
terminal__fisher,44,231,0,1,0.015163229778409004
terminal__fisher,44,232,1,0,-0.03661007434129715
terminal__fisher,44,233,1,0,-1.0461703538894653
terminal__fisher,44,234,1,1,1.9612632989883423
terminal__fisher,44,235,0,1,1.1617199182510376
terminal__fisher,44,236,1,1,2.9520699977874756
terminal__fisher,44,237,1,1,0.13662274181842804
terminal__fisher,44,238,0,1,1.7332870960235596
terminal__fisher,44,239,0,0,-2.0250627994537354
terminal__fisher,44,240,0,0,-0.4682583212852478
terminal__fisher,44,241,1,0,-0.029188821092247963
terminal__fisher,44,242,1,0,-0.6918600797653198
terminal__fisher,44,243,0,1,1.173852801322937
terminal__fisher,44,244,1,1,1.6412054300308228
terminal__fisher,44,245,1,1,1.2206306457519531
terminal__fisher,44,246,0,1,0.16251032054424286
terminal__fisher,44,247,1,1,0.07938194274902344
terminal__fisher,44,248,1,1,1.7350233793258667
terminal__fisher,44,249,1,0,-0.04335891827940941
terminal__fisher,44,250,1,0,-0.7358452677726746
terminal__fisher,44,251,1,1,3.588909387588501
terminal__fisher,44,252,0,0,-0.25277888774871826
terminal__fisher,44,253,1,1,0.3587093949317932
terminal__fisher,44,254,0,1,1.0019166469573975
terminal__fisher,44,255,1,0,-0.10047467052936554
terminal__fisher,44,256,0,1,0.23649466037750244
terminal__fisher,44,257,0,0,-1.6262328624725342
terminal__fisher,44,258,0,0,-1.0859050750732422
terminal__fisher,44,259,0,0,-0.455610454082489
terminal__fisher,44,260,0,0,-1.6809483766555786
terminal__fisher,44,261,0,1,0.20913060009479523
terminal__fisher,44,262,1,1,1.1811182498931885
terminal__fisher,44,263,1,1,0.7789128422737122
terminal__fisher,44,264,1,1,1.5263557434082031
terminal__fisher,44,265,0,0,-0.2644801735877991
terminal__fisher,44,266,1,1,0.751632034778595
terminal__fisher,44,267,1,0,-2.37766695022583
terminal__fisher,44,268,1,1,2.576024293899536
terminal__fisher,44,269,0,0,-0.030122550204396248
terminal__fisher,44,270,1,0,-0.34844887256622314
terminal__fisher,44,271,0,0,-1.6999881267547607
terminal__fisher,44,272,0,0,-1.54542875289917
terminal__fisher,44,273,1,1,1.0433690547943115
terminal__fisher,44,274,1,0,-1.3110162019729614
terminal__fisher,44,275,0,0,-1.4289778470993042
terminal__fisher,44,276,0,0,-1.9947673082351685
terminal__fisher,44,277,1,1,0.8869577050209045
terminal__fisher,44,278,0,0,-4.392400741577148
terminal__fisher,44,279,0,0,-1.1238102912902832
terminal__fisher,44,280,1,1,0.3729860186576843
terminal__fisher,44,281,0,0,-1.0505470037460327
terminal__fisher,44,282,0,0,-0.9767829775810242
terminal__fisher,44,283,0,0,-1.5954304933547974
terminal__fisher,44,284,1,0,-0.4790424704551697
terminal__fisher,44,285,0,0,-2.0519473552703857
terminal__fisher,44,286,0,1,0.3438775837421417
terminal__fisher,44,287,1,1,1.225282073020935
terminal__fisher,44,288,1,1,0.45098716020584106
terminal__fisher,44,289,0,1,0.869340717792511
terminal__fisher,44,290,0,0,-0.3299955725669861
terminal__fisher,44,291,1,1,0.42517077922821045
terminal__fisher,44,292,1,0,-0.4999532699584961
terminal__fisher,44,293,1,1,0.5383754372596741
terminal__fisher,44,294,0,1,0.338215708732605
terminal__fisher,44,295,1,1,1.1550450325012207
terminal__fisher,44,296,0,1,0.14457455277442932
terminal__fisher,44,297,1,1,0.47717487812042236
terminal__fisher,44,298,1,1,2.211353063583374
terminal__fisher,44,299,1,1,5.167104244232178
terminal__fisher,44,300,0,1,1.6736376285552979
terminal__fisher,44,301,1,1,0.4808076024055481
terminal__fisher,44,302,1,1,0.16586773097515106
terminal__fisher,44,303,0,0,-3.8932559490203857
terminal__fisher,44,304,1,1,1.491175889968872
terminal__fisher,44,305,0,0,-2.014230489730835
terminal__fisher,44,306,0,0,-1.3005951642990112
terminal__fisher,44,307,0,0,-0.8398679494857788
terminal__fisher,44,308,0,0,-1.8469877243041992
terminal__fisher,44,309,0,0,-0.6569702625274658
terminal__fisher,44,310,0,0,-1.8001599311828613
terminal__fisher,44,311,0,0,-0.6006483435630798
terminal__fisher,44,312,0,0,-0.755745530128479
terminal__fisher,44,313,0,0,-4.033175945281982
terminal__fisher,44,314,0,0,-2.2752981185913086
terminal__fisher,44,315,0,1,0.5361965894699097
combined__logistic,44,0,0,0,-0.46324286606340304
combined__logistic,44,1,1,0,-3.608832806817787
combined__logistic,44,2,0,0,-2.3721865207192674
combined__logistic,44,3,1,1,1.2975259455459893
combined__logistic,44,4,0,0,-1.3036143333596137
combined__logistic,44,5,1,0,-2.4078839538363854
combined__logistic,44,6,0,1,0.9461562673432188
combined__logistic,44,7,1,0,-3.043933560487076
combined__logistic,44,8,0,1,1.5898455074370461
combined__logistic,44,9,0,0,-6.232448746243006
combined__logistic,44,10,1,0,-1.8701031905171013
combined__logistic,44,11,1,1,3.8940173316448035
combined__logistic,44,12,0,0,-1.3171763350280083
combined__logistic,44,13,0,0,-4.917001093275189
combined__logistic,44,14,1,1,2.431376834615396
combined__logistic,44,15,1,0,-1.037959954042443
combined__logistic,44,16,1,0,-0.8058530649227338
combined__logistic,44,17,0,0,-3.2875594028174633
combined__logistic,44,18,0,1,0.10228985809666803
combined__logistic,44,19,1,1,1.8669185122351792
combined__logistic,44,20,0,0,-1.8536909970338333
combined__logistic,44,21,0,0,-6.279174678057275
combined__logistic,44,22,1,1,3.1883309212715605
combined__logistic,44,23,0,1,1.610324590964947
combined__logistic,44,24,1,0,-1.3267291136431587
combined__logistic,44,25,0,0,-2.939672908666407
combined__logistic,44,26,0,0,-8.254720003706913
combined__logistic,44,27,0,0,-0.709947147863877
combined__logistic,44,28,0,0,-4.135834133811917
combined__logistic,44,29,0,1,2.9599644641630873
combined__logistic,44,30,0,1,3.9817771915433284
combined__logistic,44,31,0,0,-6.034666874142559
combined__logistic,44,32,1,1,2.2328443178274138
combined__logistic,44,33,1,1,0.4227409140367468
combined__logistic,44,34,1,1,3.3532525871074212
combined__logistic,44,35,1,1,1.0516245198876846
combined__logistic,44,36,1,1,2.3630034699704097
combined__logistic,44,37,1,0,-3.671586089629756
combined__logistic,44,38,0,1,0.34764694857770495
combined__logistic,44,39,1,1,0.15738356966907358
combined__logistic,44,40,0,1,0.21053682023096357
combined__logistic,44,41,1,0,-0.29111844825233923
combined__logistic,44,42,0,0,-2.3006797743833145
combined__logistic,44,43,0,0,-3.3621512494607617
combined__logistic,44,44,1,1,2.255065584993211
combined__logistic,44,45,0,1,0.2292710539675007
combined__logistic,44,46,1,0,-0.7764634762951887
combined__logistic,44,47,1,1,0.6910498211609424
combined__logistic,44,48,0,0,-7.036942802318133
combined__logistic,44,49,1,0,-1.1280591991164777
combined__logistic,44,50,1,1,1.843499764667792
combined__logistic,44,51,0,1,2.54887614062887
combined__logistic,44,52,0,1,0.6405853262639761
combined__logistic,44,53,1,0,-0.8034117213053668
combined__logistic,44,54,0,0,-3.516929658218595
combined__logistic,44,55,0,0,-0.4280791673574447
combined__logistic,44,56,1,0,-0.42948651460405346
combined__logistic,44,57,0,1,1.8438664665592133
combined__logistic,44,58,1,1,3.3198551458239547
combined__logistic,44,59,0,0,-1.0929418700771671
combined__logistic,44,60,1,0,-0.13506468963950485
combined__logistic,44,61,0,1,4.850453340477432
combined__logistic,44,62,0,1,0.9414675813387665
combined__logistic,44,63,1,0,-0.7637011128362281
combined__logistic,44,64,0,0,-3.491415570064434
combined__logistic,44,65,0,1,3.875453252470826
combined__logistic,44,66,0,1,0.19971678771531912
combined__logistic,44,67,0,1,0.5228755559924788
combined__logistic,44,68,0,0,-1.4576448445895998
combined__logistic,44,69,1,1,0.8890748915877363
combined__logistic,44,70,0,0,-2.7489040115627863
combined__logistic,44,71,1,0,-3.023301024919899
combined__logistic,44,72,0,1,1.7531985219541166
combined__logistic,44,73,0,1,0.9985301108572312
combined__logistic,44,74,0,0,-0.31523276850738274
combined__logistic,44,75,0,0,-3.3941599658494845
combined__logistic,44,76,0,0,-3.985984670005821
combined__logistic,44,77,1,1,0.3011219328931446
combined__logistic,44,78,1,0,-0.946024291301028
combined__logistic,44,79,1,0,-0.33271719291909935
combined__logistic,44,80,0,1,2.3370242703548727
combined__logistic,44,81,1,0,-0.9881176473988323
combined__logistic,44,82,0,0,-0.9255113127016185
combined__logistic,44,83,1,1,0.9434164007396715
combined__logistic,44,84,1,0,-0.21739863070687523
combined__logistic,44,85,1,1,1.363045430844244
combined__logistic,44,86,1,1,1.1389149451969147
combined__logistic,44,87,1,0,-1.8716713897246033
combined__logistic,44,88,1,1,0.9967906712154861
combined__logistic,44,89,1,0,-0.11043201952286336
combined__logistic,44,90,1,1,3.3622511151705528
combined__logistic,44,91,1,1,2.3260417589747067
combined__logistic,44,92,0,1,0.217577367988692
combined__logistic,44,93,0,0,-1.9145157656096958
combined__logistic,44,94,0,0,-0.7926970619188745
combined__logistic,44,95,0,1,0.060031380771517207
combined__logistic,44,96,1,0,-1.8723432890469316
combined__logistic,44,97,1,1,0.3125009238926205
combined__logistic,44,98,1,1,3.8334234992513787
combined__logistic,44,99,0,0,-2.11272576075041
combined__logistic,44,100,1,1,3.575467199122984
combined__logistic,44,101,1,1,1.6595836393029493
combined__logistic,44,102,1,0,-0.48143434131894364
combined__logistic,44,103,0,0,-4.3570181794219
combined__logistic,44,104,1,0,-0.7952349700661843
combined__logistic,44,105,0,0,-0.10369717695568297
combined__logistic,44,106,1,1,0.18081432867186145
combined__logistic,44,107,1,1,2.178559173311735
combined__logistic,44,108,1,0,-2.281940863744554
combined__logistic,44,109,0,0,-0.35337733520543296
combined__logistic,44,110,1,1,0.05001335353649601
combined__logistic,44,111,0,0,-0.6656647127143358
combined__logistic,44,112,1,1,0.5206671007956976
combined__logistic,44,113,0,0,-4.9191327476841895
combined__logistic,44,114,0,0,-2.234941956129735
combined__logistic,44,115,0,1,1.2893093200213734
combined__logistic,44,116,1,1,5.300477207544039
combined__logistic,44,117,0,0,-8.470549033931274
combined__logistic,44,118,0,1,3.5342088626486667
combined__logistic,44,119,1,1,0.48630050245887396
combined__logistic,44,120,1,1,1.9050622520143137
combined__logistic,44,121,1,1,2.124186323458939
combined__logistic,44,122,1,1,0.6086501551849489
combined__logistic,44,123,0,0,-0.494985608285116
combined__logistic,44,124,1,0,-2.5268480296565636
combined__logistic,44,125,1,0,-1.1447094272326537
combined__logistic,44,126,0,1,0.6003503662744027
combined__logistic,44,127,0,1,0.023172072267368643
combined__logistic,44,128,1,1,3.8173429351800596
combined__logistic,44,129,1,1,3.2246933878317976
combined__logistic,44,130,1,1,0.17387443269979747
combined__logistic,44,131,1,1,3.0294724825792216
combined__logistic,44,132,1,1,3.7673808263152067
combined__logistic,44,133,0,0,-0.9534252806466063
combined__logistic,44,134,0,1,0.8713606503038417
combined__logistic,44,135,0,0,-5.402076577122219
combined__logistic,44,136,0,0,-1.6730508673020645
combined__logistic,44,137,1,1,2.3364150450593635
combined__logistic,44,138,1,1,2.040224226290426
combined__logistic,44,139,0,0,-0.16021703510521473
combined__logistic,44,140,1,1,2.66070857480527
combined__logistic,44,141,1,1,0.39322988386795243
combined__logistic,44,142,1,1,1.472704956794687
combined__logistic,44,143,1,1,5.3076762022707715
combined__logistic,44,144,1,1,1.1765254622835406
combined__logistic,44,145,1,1,2.1159304095290956
combined__logistic,44,146,1,1,2.3914974207275455
combined__logistic,44,147,0,1,2.2847099750165287
combined__logistic,44,148,0,0,-2.6037435861597023
combined__logistic,44,149,0,0,-3.2506024747085904
combined__logistic,44,150,1,1,1.7765208477496786
combined__logistic,44,151,1,1,0.547498350414349
combined__logistic,44,152,0,0,-1.04157563383554
combined__logistic,44,153,0,0,-1.5525197485873439
combined__logistic,44,154,1,1,0.5984846821654587
combined__logistic,44,155,1,1,2.223345025429682
combined__logistic,44,156,0,0,-3.3324571718008196
combined__logistic,44,157,0,0,-1.537694073379857
combined__logistic,44,158,0,0,-4.65126776171615
combined__logistic,44,159,0,0,-2.4976872726182044
combined__logistic,44,160,0,1,4.854928700464994
combined__logistic,44,161,1,1,6.303148487703261
combined__logistic,44,162,1,0,-5.940251869474245
combined__logistic,44,163,1,1,0.5559780596301703
combined__logistic,44,164,1,1,3.4336440993519077
combined__logistic,44,165,1,1,2.4285125598409603
combined__logistic,44,166,1,0,-0.3071796401798896
combined__logistic,44,167,0,0,-0.3989615150859222
combined__logistic,44,168,1,1,1.423473518012317
combined__logistic,44,169,0,0,-2.441055698805873
combined__logistic,44,170,1,1,1.1434507523695145
combined__logistic,44,171,1,1,1.3159730788770678
combined__logistic,44,172,0,0,-0.7052086410753494
combined__logistic,44,173,1,1,3.82535829397862
combined__logistic,44,174,0,0,-5.518385845036911
combined__logistic,44,175,0,1,2.3504137588513188
combined__logistic,44,176,1,1,4.804047902153784
combined__logistic,44,177,1,1,2.6825011304214894
combined__logistic,44,178,1,1,0.01703838426333909
combined__logistic,44,179,0,0,-4.288015286390491
combined__logistic,44,180,0,0,-4.4513990202382585
combined__logistic,44,181,1,1,14.684565791685683
combined__logistic,44,182,0,0,-3.402673303087038
combined__logistic,44,183,0,0,-0.8436372812144144
combined__logistic,44,184,0,0,-2.1078861007917777
combined__logistic,44,185,0,0,-1.8326986813144752
combined__logistic,44,186,0,1,0.544018743101753
combined__logistic,44,187,1,1,2.6745426247259534
combined__logistic,44,188,1,1,5.00676129359359
combined__logistic,44,189,0,0,-1.2525287494330724
combined__logistic,44,190,0,1,5.883675272854315
combined__logistic,44,191,0,1,1.224222060111762
combined__logistic,44,192,0,0,-0.8594569226642582
combined__logistic,44,193,1,1,3.3069238011318878
combined__logistic,44,194,0,0,-4.0629497056820725
combined__logistic,44,195,0,0,-3.4160541490306424
combined__logistic,44,196,0,1,1.7450158528221276
combined__logistic,44,197,1,1,2.768524037777543
combined__logistic,44,198,0,0,-3.414958217869274
combined__logistic,44,199,0,0,-3.201662011558929
combined__logistic,44,200,1,1,0.002489005945605003
combined__logistic,44,201,0,0,-5.474756775631981
combined__logistic,44,202,0,0,-1.45943614951665
combined__logistic,44,203,0,0,-2.288957503239969
combined__logistic,44,204,1,0,-0.044466483662547324
combined__logistic,44,205,1,0,-4.224125741340519
combined__logistic,44,206,1,0,-2.76979014765379
combined__logistic,44,207,0,1,0.8920205737086379
combined__logistic,44,208,0,0,-1.849367615468915
combined__logistic,44,209,0,0,-0.9265162344914913
combined__logistic,44,210,1,1,0.5510753457386878
combined__logistic,44,211,1,0,-1.9219283058878283
combined__logistic,44,212,1,1,1.6447071873970533
combined__logistic,44,213,0,1,0.17822814615172514
combined__logistic,44,214,0,0,-8.208111893300817
combined__logistic,44,215,0,0,-3.9066847584031135
combined__logistic,44,216,1,0,-2.2859113960000745
combined__logistic,44,217,0,0,-0.9830072634505365
combined__logistic,44,218,1,1,10.670038780519498
combined__logistic,44,219,1,0,-0.2582228845450075
combined__logistic,44,220,1,0,-1.3275538547298928
combined__logistic,44,221,1,0,-0.08649034978123231
combined__logistic,44,222,1,1,3.139556585953909
combined__logistic,44,223,1,1,3.4501344640511817
combined__logistic,44,224,1,1,6.44721382351516
combined__logistic,44,225,0,1,0.415443056466638
combined__logistic,44,226,1,1,3.9297656417504077
combined__logistic,44,227,0,0,-1.2074506010807617
combined__logistic,44,228,0,0,-5.725197528331572
combined__logistic,44,229,0,0,-1.0292489304460721
combined__logistic,44,230,1,1,2.02419434234342
combined__logistic,44,231,0,1,2.450222505301924
combined__logistic,44,232,1,1,2.352432796782702
combined__logistic,44,233,1,1,0.10049736505678367
combined__logistic,44,234,1,1,1.6014155040542302
combined__logistic,44,235,0,0,-3.5781448341406
combined__logistic,44,236,1,1,3.642584827935568
combined__logistic,44,237,1,1,2.129730374188426
combined__logistic,44,238,0,1,2.4358143305454525
combined__logistic,44,239,0,0,-3.36680375769027
combined__logistic,44,240,0,1,1.6753199770197964
combined__logistic,44,241,1,0,-2.778555694932701
combined__logistic,44,242,1,0,-2.8051646559593935
combined__logistic,44,243,0,1,1.9027453659723501
combined__logistic,44,244,1,1,1.5328082916008428
combined__logistic,44,245,1,1,8.17468034528799
combined__logistic,44,246,0,0,-2.7566956854686717
combined__logistic,44,247,1,1,1.1983287566754837
combined__logistic,44,248,1,1,1.4105520628963986
combined__logistic,44,249,1,1,1.590536937376514
combined__logistic,44,250,1,1,0.1289757088945424
combined__logistic,44,251,1,1,7.5060752754185724
combined__logistic,44,252,0,0,-0.07962295084414048
combined__logistic,44,253,1,0,-2.020895299784558
combined__logistic,44,254,0,0,-1.9738248462887718
combined__logistic,44,255,1,1,1.162563591808521
combined__logistic,44,256,0,1,2.342654487285107
combined__logistic,44,257,0,1,0.15981508348761198
combined__logistic,44,258,0,1,0.2263997002993981
combined__logistic,44,259,0,0,-1.4053543365502572
combined__logistic,44,260,0,0,-4.870215646962988
combined__logistic,44,261,0,1,2.699670161641719
combined__logistic,44,262,1,1,3.082304207748146
combined__logistic,44,263,1,1,2.451937012784113
combined__logistic,44,264,1,1,0.03708338236451515
combined__logistic,44,265,0,1,0.09488648503549452
combined__logistic,44,266,1,1,4.23966393332248
combined__logistic,44,267,1,0,-2.713714448638822
combined__logistic,44,268,1,1,3.394209836317685
combined__logistic,44,269,0,0,-0.18930433025809784
combined__logistic,44,270,1,0,-3.0134128215230773
combined__logistic,44,271,0,0,-1.3811102869575773
combined__logistic,44,272,0,0,-3.8225485596270254
combined__logistic,44,273,1,1,2.267703825254039
combined__logistic,44,274,1,1,0.5982624811257795
combined__logistic,44,275,0,0,-3.4933290683771787
combined__logistic,44,276,0,0,-4.320008279120591
combined__logistic,44,277,1,1,1.530327721667292
combined__logistic,44,278,0,0,-1.1663783613418408
combined__logistic,44,279,0,0,-4.37421267685554
combined__logistic,44,280,1,1,1.5088169953036075
combined__logistic,44,281,0,0,-4.246021336961944
combined__logistic,44,282,0,1,1.1554130312165258
combined__logistic,44,283,0,0,-0.5630765292236498
combined__logistic,44,284,1,1,0.4624961520738576
combined__logistic,44,285,0,0,-2.714042380695351
combined__logistic,44,286,0,1,2.169982213550442
combined__logistic,44,287,1,1,1.6054519150898208
combined__logistic,44,288,1,0,-0.3609751079935215
combined__logistic,44,289,0,1,0.2365015551383252
combined__logistic,44,290,0,0,-1.211004777067986
combined__logistic,44,291,1,1,1.2997495817416767
combined__logistic,44,292,1,1,1.215505860162297
combined__logistic,44,293,1,1,2.076107860462575
combined__logistic,44,294,0,0,-1.4725110233319392
combined__logistic,44,295,1,0,-0.04934199930849108
combined__logistic,44,296,0,1,1.8887096506793077
combined__logistic,44,297,1,1,2.703668992859828
combined__logistic,44,298,1,1,4.075279066908012
combined__logistic,44,299,1,1,7.684713040901681
combined__logistic,44,300,0,1,4.17352800775574
combined__logistic,44,301,1,1,1.0805206246911312
combined__logistic,44,302,1,1,0.004488340043780081
combined__logistic,44,303,0,0,-2.453327487821159
combined__logistic,44,304,1,1,4.157487594237254
combined__logistic,44,305,0,1,0.2448653665719757
combined__logistic,44,306,0,0,-0.07567989659268497
combined__logistic,44,307,0,0,-1.0188103983014847
combined__logistic,44,308,0,0,-0.41416281543419825
combined__logistic,44,309,0,1,0.40281341255462205
combined__logistic,44,310,0,0,-1.7399883297334218
combined__logistic,44,311,0,0,-2.4810011460292
combined__logistic,44,312,0,1,0.6080748381882833
combined__logistic,44,313,0,0,-8.581771294029577
combined__logistic,44,314,0,0,-4.080282553805055
combined__logistic,44,315,0,1,0.020744330394154048
combined__fisher,44,0,0,0,-1.4965344667434692
combined__fisher,44,1,1,0,-3.1077606678009033
combined__fisher,44,2,0,0,-1.7427935600280762
combined__fisher,44,3,1,1,1.0795786380767822
combined__fisher,44,4,0,0,-0.23818455636501312
combined__fisher,44,5,1,0,-2.100691556930542
combined__fisher,44,6,0,1,0.6146810054779053
combined__fisher,44,7,1,0,-3.7089226245880127
combined__fisher,44,8,0,1,1.6458680629730225
combined__fisher,44,9,0,0,-4.8336591720581055
combined__fisher,44,10,1,0,-3.527928590774536
combined__fisher,44,11,1,1,3.4844467639923096
combined__fisher,44,12,0,0,-0.7719154357910156
combined__fisher,44,13,0,0,-4.081235885620117
combined__fisher,44,14,1,1,1.6204863786697388
combined__fisher,44,15,1,1,0.13681425154209137
combined__fisher,44,16,1,0,-1.102555513381958
combined__fisher,44,17,0,0,-2.9631245136260986
combined__fisher,44,18,0,0,-0.6805342435836792
combined__fisher,44,19,1,1,1.7593621015548706
combined__fisher,44,20,0,0,-1.4363914728164673
combined__fisher,44,21,0,0,-5.826474189758301
combined__fisher,44,22,1,1,1.740113615989685
combined__fisher,44,23,0,1,1.4429923295974731
combined__fisher,44,24,1,0,-1.3146016597747803
combined__fisher,44,25,0,0,-2.578390121459961
combined__fisher,44,26,0,0,-7.433760643005371
combined__fisher,44,27,0,0,-0.537375807762146
combined__fisher,44,28,0,0,-3.7721917629241943
combined__fisher,44,29,0,1,1.9900009632110596
combined__fisher,44,30,0,1,3.7792251110076904
combined__fisher,44,31,0,0,-5.018343925476074
combined__fisher,44,32,1,1,2.00201153755188
combined__fisher,44,33,1,0,-0.28747618198394775
combined__fisher,44,34,1,1,2.5661518573760986
combined__fisher,44,35,1,1,0.43016090989112854
combined__fisher,44,36,1,1,2.5103180408477783
combined__fisher,44,37,1,0,-3.569345712661743
combined__fisher,44,38,0,1,0.8551954030990601
combined__fisher,44,39,1,0,-0.17637333273887634
combined__fisher,44,40,0,0,-0.33755409717559814
combined__fisher,44,41,1,1,0.7262639999389648
combined__fisher,44,42,0,0,-2.3519818782806396
combined__fisher,44,43,0,0,-1.8203115463256836
combined__fisher,44,44,1,1,2.5882937908172607
combined__fisher,44,45,0,0,-0.06662394851446152
combined__fisher,44,46,1,1,0.09552786499261856
combined__fisher,44,47,1,1,0.2269168645143509
combined__fisher,44,48,0,0,-4.878799915313721
combined__fisher,44,49,1,0,-0.21792784333229065
combined__fisher,44,50,1,1,1.941218376159668
combined__fisher,44,51,0,1,2.322887897491455
combined__fisher,44,52,0,1,1.2992873191833496
combined__fisher,44,53,1,0,-1.3099030256271362
combined__fisher,44,54,0,0,-3.364246368408203
combined__fisher,44,55,0,0,-0.4194149971008301
combined__fisher,44,56,1,0,-0.6551328897476196
combined__fisher,44,57,0,1,1.483028769493103
combined__fisher,44,58,1,1,2.9108572006225586
combined__fisher,44,59,0,1,0.2951008975505829
combined__fisher,44,60,1,0,-0.6036214828491211
combined__fisher,44,61,0,1,4.308903217315674
combined__fisher,44,62,0,0,-0.04808930307626724
combined__fisher,44,63,1,0,-1.0675206184387207
combined__fisher,44,64,0,0,-2.2636101245880127
combined__fisher,44,65,0,1,3.2707138061523438
combined__fisher,44,66,0,0,-0.03137638419866562
combined__fisher,44,67,0,1,1.154626488685608
combined__fisher,44,68,0,0,-0.7079672813415527
combined__fisher,44,69,1,1,0.4705958366394043
combined__fisher,44,70,0,0,-2.608013391494751
combined__fisher,44,71,1,0,-2.6740291118621826
combined__fisher,44,72,0,1,1.6201786994934082
combined__fisher,44,73,0,1,1.2131305932998657
combined__fisher,44,74,0,0,-0.7117581367492676
combined__fisher,44,75,0,0,-3.0643796920776367
combined__fisher,44,76,0,0,-3.3966689109802246
combined__fisher,44,77,1,0,-0.14252223074436188
combined__fisher,44,78,1,0,-0.5137293934822083
combined__fisher,44,79,1,0,-0.9641823768615723
combined__fisher,44,80,0,1,2.5844831466674805
combined__fisher,44,81,1,0,-0.8732331991195679
combined__fisher,44,82,0,0,-1.4697065353393555
combined__fisher,44,83,1,1,0.4451552927494049
combined__fisher,44,84,1,1,0.412632554769516
combined__fisher,44,85,1,1,1.8156424760818481
combined__fisher,44,86,1,1,1.0054212808609009
combined__fisher,44,87,1,0,-1.2456459999084473
combined__fisher,44,88,1,1,0.7040830850601196
combined__fisher,44,89,1,0,-0.27390623092651367
combined__fisher,44,90,1,1,3.2245397567749023
combined__fisher,44,91,1,1,1.6782612800598145
combined__fisher,44,92,0,0,-1.0423109531402588
combined__fisher,44,93,0,0,-2.1509127616882324
combined__fisher,44,94,0,1,0.5270745754241943
combined__fisher,44,95,0,0,-0.10177462548017502
combined__fisher,44,96,1,0,-0.8624081611633301
combined__fisher,44,97,1,1,0.5192205905914307
combined__fisher,44,98,1,1,3.2884271144866943
combined__fisher,44,99,0,0,-2.4591054916381836
combined__fisher,44,100,1,1,2.4528536796569824
combined__fisher,44,101,1,1,1.3887641429901123
combined__fisher,44,102,1,0,-0.02328299544751644
combined__fisher,44,103,0,0,-5.183846473693848
combined__fisher,44,104,1,0,-0.9720444679260254
combined__fisher,44,105,0,1,0.48477086424827576
combined__fisher,44,106,1,0,-0.17052827775478363
combined__fisher,44,107,1,1,3.184880256652832
combined__fisher,44,108,1,0,-1.8706119060516357
combined__fisher,44,109,0,0,-1.6182376146316528
combined__fisher,44,110,1,0,-0.09026386588811874
combined__fisher,44,111,0,1,0.6646232604980469
combined__fisher,44,112,1,1,0.19446894526481628
combined__fisher,44,113,0,0,-2.5092146396636963
combined__fisher,44,114,0,0,-2.2390296459198
combined__fisher,44,115,0,1,1.375196099281311
combined__fisher,44,116,1,1,5.028166770935059
combined__fisher,44,117,0,0,-7.176673889160156
combined__fisher,44,118,0,1,3.5022974014282227
combined__fisher,44,119,1,1,0.959351658821106
combined__fisher,44,120,1,1,3.127352714538574
combined__fisher,44,121,1,1,3.7273507118225098
combined__fisher,44,122,1,1,0.527289628982544
combined__fisher,44,123,0,1,0.21447302401065826
combined__fisher,44,124,1,0,-2.4547624588012695
combined__fisher,44,125,1,0,-1.0663191080093384
combined__fisher,44,126,0,1,1.0436153411865234
combined__fisher,44,127,0,1,1.6956042051315308
combined__fisher,44,128,1,1,2.322316884994507
combined__fisher,44,129,1,1,2.500725507736206
combined__fisher,44,130,1,1,0.044291235506534576
combined__fisher,44,131,1,1,3.2740590572357178
combined__fisher,44,132,1,1,2.9456217288970947
combined__fisher,44,133,0,0,-0.44101762771606445
combined__fisher,44,134,0,1,0.2996581494808197
combined__fisher,44,135,0,0,-4.48928689956665
combined__fisher,44,136,0,0,-1.6348037719726562
combined__fisher,44,137,1,1,2.0245895385742188
combined__fisher,44,138,1,1,2.1824052333831787
combined__fisher,44,139,0,1,0.45331916213035583
combined__fisher,44,140,1,1,2.711923837661743
combined__fisher,44,141,1,1,0.10890708118677139
combined__fisher,44,142,1,1,1.579789400100708
combined__fisher,44,143,1,1,5.4599528312683105
combined__fisher,44,144,1,1,0.5670180320739746
combined__fisher,44,145,1,1,2.086162567138672
combined__fisher,44,146,1,1,1.8711278438568115
combined__fisher,44,147,0,1,1.815372109413147
combined__fisher,44,148,0,0,-2.290693759918213
combined__fisher,44,149,0,0,-3.5523128509521484
combined__fisher,44,150,1,1,0.9925521612167358
combined__fisher,44,151,1,0,-0.25217166543006897
combined__fisher,44,152,0,0,-0.7377215623855591
combined__fisher,44,153,0,0,-0.39314162731170654
combined__fisher,44,154,1,1,0.3432832658290863
combined__fisher,44,155,1,1,1.9474728107452393
combined__fisher,44,156,0,0,-3.16677188873291
combined__fisher,44,157,0,0,-0.21130338311195374
combined__fisher,44,158,0,0,-4.008730411529541
combined__fisher,44,159,0,0,-1.9027531147003174
combined__fisher,44,160,0,1,3.947988986968994
combined__fisher,44,161,1,1,4.413858413696289
combined__fisher,44,162,1,0,-5.640596389770508
combined__fisher,44,163,1,1,0.7687807083129883
combined__fisher,44,164,1,1,4.580132484436035
combined__fisher,44,165,1,1,2.3549227714538574
combined__fisher,44,166,1,0,-0.677749514579773
combined__fisher,44,167,0,0,-1.2360326051712036
combined__fisher,44,168,1,1,0.5946222543716431
combined__fisher,44,169,0,0,-2.0325496196746826
combined__fisher,44,170,1,1,0.77729731798172
combined__fisher,44,171,1,1,1.201602816581726
combined__fisher,44,172,0,0,-0.7953171730041504
combined__fisher,44,173,1,1,2.6607413291931152
combined__fisher,44,174,0,0,-7.145177841186523
combined__fisher,44,175,0,1,2.2310328483581543
combined__fisher,44,176,1,1,5.494988918304443
combined__fisher,44,177,1,1,2.900374412536621
combined__fisher,44,178,1,0,-0.6327641010284424
combined__fisher,44,179,0,0,-3.4692492485046387
combined__fisher,44,180,0,0,-3.0489699840545654
combined__fisher,44,181,1,1,9.753167152404785
combined__fisher,44,182,0,0,-2.9430480003356934
combined__fisher,44,183,0,0,-1.49896240234375
combined__fisher,44,184,0,0,-1.6879496574401855
combined__fisher,44,185,0,0,-1.207397699356079
combined__fisher,44,186,0,0,-0.3482213318347931
combined__fisher,44,187,1,1,3.369965076446533
combined__fisher,44,188,1,1,3.293009042739868
combined__fisher,44,189,0,0,-0.7497941255569458
combined__fisher,44,190,0,1,2.014115571975708
combined__fisher,44,191,0,1,0.7154026031494141
combined__fisher,44,192,0,1,0.05086125060915947
combined__fisher,44,193,1,1,1.7877558469772339
combined__fisher,44,194,0,0,-3.555143117904663
combined__fisher,44,195,0,0,-1.739914059638977
combined__fisher,44,196,0,1,0.42314907908439636
combined__fisher,44,197,1,1,2.4686648845672607
combined__fisher,44,198,0,0,-3.224884033203125
combined__fisher,44,199,0,0,-2.6068193912506104
combined__fisher,44,200,1,0,-1.2392449378967285
combined__fisher,44,201,0,0,-4.072364330291748
combined__fisher,44,202,0,0,-0.6090535521507263
combined__fisher,44,203,0,0,-1.4692506790161133
combined__fisher,44,204,1,1,0.9778538942337036
combined__fisher,44,205,1,0,-4.263635635375977
combined__fisher,44,206,1,0,-1.759786605834961
combined__fisher,44,207,0,1,1.6057558059692383
combined__fisher,44,208,0,0,-1.9974719285964966
combined__fisher,44,209,0,0,-1.3693437576293945
combined__fisher,44,210,1,1,0.7526785731315613
combined__fisher,44,211,1,0,-1.7563538551330566
combined__fisher,44,212,1,1,1.540076494216919
combined__fisher,44,213,0,0,-0.6928035020828247
combined__fisher,44,214,0,0,-7.826318264007568
combined__fisher,44,215,0,0,-2.8984389305114746
combined__fisher,44,216,1,0,-2.4043478965759277
combined__fisher,44,217,0,1,0.022982129827141762
combined__fisher,44,218,1,1,8.073226928710938
combined__fisher,44,219,1,0,-0.38468363881111145
combined__fisher,44,220,1,0,-3.867180347442627
combined__fisher,44,221,1,0,-0.877225399017334
combined__fisher,44,222,1,1,2.631849527359009
combined__fisher,44,223,1,1,2.713243007659912
combined__fisher,44,224,1,1,4.258673191070557
combined__fisher,44,225,0,1,1.0143673419952393
combined__fisher,44,226,1,1,3.733668804168701
combined__fisher,44,227,0,0,-1.6151703596115112
combined__fisher,44,228,0,0,-4.918042182922363
combined__fisher,44,229,0,0,-0.7595260143280029
combined__fisher,44,230,1,1,0.5277537107467651
combined__fisher,44,231,0,1,2.004462957382202
combined__fisher,44,232,1,1,2.15216326713562
combined__fisher,44,233,1,0,-1.2086914777755737
combined__fisher,44,234,1,1,2.5526812076568604
combined__fisher,44,235,0,0,-3.5899131298065186
combined__fisher,44,236,1,1,3.163771867752075
combined__fisher,44,237,1,1,2.9531266689300537
combined__fisher,44,238,0,1,3.3180668354034424
combined__fisher,44,239,0,0,-2.3292858600616455
combined__fisher,44,240,0,1,1.8703609704971313
combined__fisher,44,241,1,0,-1.584205150604248
combined__fisher,44,242,1,0,-0.39127984642982483
combined__fisher,44,243,0,1,1.6794946193695068
combined__fisher,44,244,1,1,1.5659172534942627
combined__fisher,44,245,1,1,6.434040069580078
combined__fisher,44,246,0,0,-2.022684335708618
combined__fisher,44,247,1,1,0.9576490521430969
combined__fisher,44,248,1,1,1.4795827865600586
combined__fisher,44,249,1,1,1.2425473928451538
combined__fisher,44,250,1,1,0.23913826048374176
combined__fisher,44,251,1,1,7.4286885261535645
combined__fisher,44,252,0,0,-0.2682129144668579
combined__fisher,44,253,1,0,-1.8165068626403809
combined__fisher,44,254,0,0,-2.13240385055542
combined__fisher,44,255,1,1,0.31388184428215027
combined__fisher,44,256,0,1,1.6569353342056274
combined__fisher,44,257,0,0,-1.9770618677139282
combined__fisher,44,258,0,1,0.1981504112482071
combined__fisher,44,259,0,0,-1.2916151285171509
combined__fisher,44,260,0,0,-5.81879997253418
combined__fisher,44,261,0,1,2.5895848274230957
combined__fisher,44,262,1,1,2.9157252311706543
combined__fisher,44,263,1,1,2.1998918056488037
combined__fisher,44,264,1,1,1.4999558925628662
combined__fisher,44,265,0,1,0.31577789783477783
combined__fisher,44,266,1,1,3.6188411712646484
combined__fisher,44,267,1,0,-3.3999619483947754
combined__fisher,44,268,1,1,3.9019904136657715
combined__fisher,44,269,0,1,0.2029912769794464
combined__fisher,44,270,1,0,-2.0904767513275146
combined__fisher,44,271,0,0,-1.5706936120986938
combined__fisher,44,272,0,0,-3.1108951568603516
combined__fisher,44,273,1,1,1.460534930229187
combined__fisher,44,274,1,1,1.8588612079620361
combined__fisher,44,275,0,0,-3.1850242614746094
combined__fisher,44,276,0,0,-3.7198777198791504
combined__fisher,44,277,1,1,2.1493520736694336
combined__fisher,44,278,0,0,-1.9794918298721313
combined__fisher,44,279,0,0,-3.6640827655792236
combined__fisher,44,280,1,1,3.352893114089966
combined__fisher,44,281,0,0,-3.9938058853149414
combined__fisher,44,282,0,1,0.3575170040130615
combined__fisher,44,283,0,0,-1.0765705108642578
combined__fisher,44,284,1,1,1.0140068531036377
combined__fisher,44,285,0,0,-2.7860546112060547
combined__fisher,44,286,0,1,2.7318506240844727
combined__fisher,44,287,1,1,1.0207797288894653
combined__fisher,44,288,1,1,0.13365253806114197
combined__fisher,44,289,0,1,0.1798693984746933
combined__fisher,44,290,0,0,-0.36344555020332336
combined__fisher,44,291,1,1,0.7002522945404053
combined__fisher,44,292,1,1,0.3195923864841461
combined__fisher,44,293,1,1,2.5578181743621826
combined__fisher,44,294,0,0,-1.3073148727416992
combined__fisher,44,295,1,1,0.009458519518375397
combined__fisher,44,296,0,1,1.7111833095550537
combined__fisher,44,297,1,1,2.2600643634796143
combined__fisher,44,298,1,1,4.0740437507629395
combined__fisher,44,299,1,1,6.991314888000488
combined__fisher,44,300,0,1,3.8022944927215576
combined__fisher,44,301,1,1,0.04979882389307022
combined__fisher,44,302,1,1,0.2794439494609833
combined__fisher,44,303,0,0,-2.122781991958618
combined__fisher,44,304,1,1,3.809738874435425
combined__fisher,44,305,0,0,-0.4251216650009155
combined__fisher,44,306,0,0,-0.7448840141296387
combined__fisher,44,307,0,0,-1.8282848596572876
combined__fisher,44,308,0,0,-0.1382281631231308
combined__fisher,44,309,0,1,0.8381754159927368
combined__fisher,44,310,0,0,-4.676300048828125
combined__fisher,44,311,0,0,-2.008514642715454
combined__fisher,44,312,0,1,0.3521943986415863
combined__fisher,44,313,0,0,-7.906144618988037
combined__fisher,44,314,0,0,-3.2836642265319824
combined__fisher,44,315,0,1,0.6157844066619873
fourier_pca__logistic,44,0,0,1,1.1473469439453563
fourier_pca__logistic,44,1,1,0,-1.647346023397709
fourier_pca__logistic,44,2,0,0,-0.6292315819159922
fourier_pca__logistic,44,3,1,1,0.252306343653285
fourier_pca__logistic,44,4,0,0,-0.07535073862597003
fourier_pca__logistic,44,5,1,0,-0.589376678613497
fourier_pca__logistic,44,6,0,1,0.9161776079038124
fourier_pca__logistic,44,7,1,0,-0.8133739491342533
fourier_pca__logistic,44,8,0,1,0.6212198984620064
fourier_pca__logistic,44,9,0,0,-0.7031958483909172
fourier_pca__logistic,44,10,1,1,0.3399609435887054
fourier_pca__logistic,44,11,1,0,-0.2571063027723274
fourier_pca__logistic,44,12,0,0,-0.955867647244414
fourier_pca__logistic,44,13,0,0,-1.1087473256139733
fourier_pca__logistic,44,14,1,1,0.7572772569639462
fourier_pca__logistic,44,15,1,1,0.004807034060807179
fourier_pca__logistic,44,16,1,1,0.35040481233527326
fourier_pca__logistic,44,17,0,1,0.14534958021726213
fourier_pca__logistic,44,18,0,1,0.14145385842399177
fourier_pca__logistic,44,19,1,1,0.14037822705975023
fourier_pca__logistic,44,20,0,0,-0.09586223977926545
fourier_pca__logistic,44,21,0,0,-0.16071623377950028
fourier_pca__logistic,44,22,1,0,-0.36331017549448774
fourier_pca__logistic,44,23,0,1,0.3249674825714567
fourier_pca__logistic,44,24,1,1,0.22877315360652178
fourier_pca__logistic,44,25,0,1,0.20644950603789514
fourier_pca__logistic,44,26,0,1,0.37956487279469103
fourier_pca__logistic,44,27,0,0,-0.08454323942950662
fourier_pca__logistic,44,28,0,0,-0.3672971110518215
fourier_pca__logistic,44,29,0,1,1.118710527741187
fourier_pca__logistic,44,30,0,1,0.10721556225859338
fourier_pca__logistic,44,31,0,0,-1.571045448952169
fourier_pca__logistic,44,32,1,1,0.20745226486353638
fourier_pca__logistic,44,33,1,1,0.007865170310676413
fourier_pca__logistic,44,34,1,1,1.0136549106997679
fourier_pca__logistic,44,35,1,0,-1.3061694503062249
fourier_pca__logistic,44,36,1,1,0.021928815693058094
fourier_pca__logistic,44,37,1,1,0.7690916487389434
fourier_pca__logistic,44,38,0,1,0.004448440044113815
fourier_pca__logistic,44,39,1,1,0.2051628453001576
fourier_pca__logistic,44,40,0,1,0.07727074707465309
fourier_pca__logistic,44,41,1,0,-0.11219034423326352
fourier_pca__logistic,44,42,0,1,0.17998122891659124
fourier_pca__logistic,44,43,0,1,1.233549616936182
fourier_pca__logistic,44,44,1,1,0.8502825570386577
fourier_pca__logistic,44,45,0,0,-0.19224805437454218
fourier_pca__logistic,44,46,1,0,-0.04712155333227735
fourier_pca__logistic,44,47,1,0,-1.157189533411164
fourier_pca__logistic,44,48,0,0,-0.6321843736207675
fourier_pca__logistic,44,49,1,0,-0.30467892491123844
fourier_pca__logistic,44,50,1,0,-0.6776434061415735
fourier_pca__logistic,44,51,0,0,-0.5082372176257355
fourier_pca__logistic,44,52,0,0,-0.4313540056325425
fourier_pca__logistic,44,53,1,0,-0.11313545720977924
fourier_pca__logistic,44,54,0,0,-2.0525013284035825
fourier_pca__logistic,44,55,0,1,0.2821977605765771
fourier_pca__logistic,44,56,1,1,0.04528172726437691
fourier_pca__logistic,44,57,0,1,0.532867235877698
fourier_pca__logistic,44,58,1,1,0.4536855273690888
fourier_pca__logistic,44,59,0,0,-0.2522062537786149
fourier_pca__logistic,44,60,1,0,-0.15562327621428407
fourier_pca__logistic,44,61,0,1,1.1623378754737979
fourier_pca__logistic,44,62,0,1,0.02260276797984842
fourier_pca__logistic,44,63,1,0,-0.46196427508788546
fourier_pca__logistic,44,64,0,1,0.20880196476603585
fourier_pca__logistic,44,65,0,0,-0.1284559114932077
fourier_pca__logistic,44,66,0,1,0.34175104266813566
fourier_pca__logistic,44,67,0,0,-0.7099922647441317
fourier_pca__logistic,44,68,0,0,-0.06029400931819292
fourier_pca__logistic,44,69,1,0,-1.4614288017262798
fourier_pca__logistic,44,70,0,1,0.7574023637340864
fourier_pca__logistic,44,71,1,0,-0.8293494995171683
fourier_pca__logistic,44,72,0,1,0.07406010033829903
fourier_pca__logistic,44,73,0,0,-0.14677090542023163
fourier_pca__logistic,44,74,0,1,1.5141079391196683
fourier_pca__logistic,44,75,0,1,0.18289252365564274
fourier_pca__logistic,44,76,0,1,0.8111823068371546
fourier_pca__logistic,44,77,1,0,-0.3597293086693192
fourier_pca__logistic,44,78,1,0,-0.67007284676683
fourier_pca__logistic,44,79,1,0,-0.3491025269364629
fourier_pca__logistic,44,80,0,1,0.695508144372329
fourier_pca__logistic,44,81,1,0,-0.36125149357855807
fourier_pca__logistic,44,82,0,0,-0.9314298033244998
fourier_pca__logistic,44,83,1,1,1.1601526836522247
fourier_pca__logistic,44,84,1,1,0.6593746540849943
fourier_pca__logistic,44,85,1,0,-0.3441424023060807
fourier_pca__logistic,44,86,1,0,-0.1884564984075216
fourier_pca__logistic,44,87,1,0,-1.1725930479168776
fourier_pca__logistic,44,88,1,0,-0.06836533714802256
fourier_pca__logistic,44,89,1,1,0.28307476476109406
fourier_pca__logistic,44,90,1,1,1.115983896179152
fourier_pca__logistic,44,91,1,0,-0.8178283234121554
fourier_pca__logistic,44,92,0,0,-0.5919637628659775
fourier_pca__logistic,44,93,0,0,-0.5083757120853492
fourier_pca__logistic,44,94,0,1,1.0704501543130354
fourier_pca__logistic,44,95,0,0,-0.999342084542901
fourier_pca__logistic,44,96,1,1,0.4948307171533523
fourier_pca__logistic,44,97,1,0,-0.0333325495733176
fourier_pca__logistic,44,98,1,1,0.14451593482410824
fourier_pca__logistic,44,99,0,1,0.14351083840517914
fourier_pca__logistic,44,100,1,0,-0.5556452779327219
fourier_pca__logistic,44,101,1,1,0.13387172551856294
fourier_pca__logistic,44,102,1,1,1.1336599397663905
fourier_pca__logistic,44,103,0,0,-0.2901746391726587
fourier_pca__logistic,44,104,1,0,-0.05135362186004591
fourier_pca__logistic,44,105,0,1,0.17866835794665192
fourier_pca__logistic,44,106,1,1,0.9993441402407417
fourier_pca__logistic,44,107,1,1,1.0397048444565988
fourier_pca__logistic,44,108,1,1,1.3880374648856233
fourier_pca__logistic,44,109,0,0,-1.0340178394124142
fourier_pca__logistic,44,110,1,1,0.11116130807306966
fourier_pca__logistic,44,111,0,0,-0.0649450850148133
fourier_pca__logistic,44,112,1,1,0.6903694106932059
fourier_pca__logistic,44,113,0,0,-1.4952426887990733
fourier_pca__logistic,44,114,0,1,0.05794926127008371
fourier_pca__logistic,44,115,0,1,0.9847303413767582
fourier_pca__logistic,44,116,1,1,0.6728697918154986
fourier_pca__logistic,44,117,0,1,0.04594497846013934
fourier_pca__logistic,44,118,0,0,-0.16489512590483502
fourier_pca__logistic,44,119,1,0,-0.7551335460141769
fourier_pca__logistic,44,120,1,1,0.9756411002922009
fourier_pca__logistic,44,121,1,1,0.7858680880203055
fourier_pca__logistic,44,122,1,1,0.20462311545810014
fourier_pca__logistic,44,123,0,0,-0.6844646127816697
fourier_pca__logistic,44,124,1,0,-0.5633650459912048
fourier_pca__logistic,44,125,1,0,-0.568015175565963
fourier_pca__logistic,44,126,0,1,0.16319645162989638
fourier_pca__logistic,44,127,0,1,0.9978277011388077
fourier_pca__logistic,44,128,1,1,0.6896166355018563
fourier_pca__logistic,44,129,1,0,-0.8140704444793622
fourier_pca__logistic,44,130,1,1,0.016960714642187277
fourier_pca__logistic,44,131,1,0,-0.7328873665890702
fourier_pca__logistic,44,132,1,0,-0.0017509216412958679
fourier_pca__logistic,44,133,0,0,-0.39449618554752236
fourier_pca__logistic,44,134,0,1,0.8119095902276559
fourier_pca__logistic,44,135,0,0,-0.270387836537986
fourier_pca__logistic,44,136,0,0,-1.4030195664898895
fourier_pca__logistic,44,137,1,0,-0.0031789229901385482
fourier_pca__logistic,44,138,1,1,0.7527477098378412
fourier_pca__logistic,44,139,0,1,0.3764807494431002
fourier_pca__logistic,44,140,1,1,0.6100171016855034
fourier_pca__logistic,44,141,1,1,0.15994833398008057
fourier_pca__logistic,44,142,1,1,0.25450916406590424
fourier_pca__logistic,44,143,1,1,0.7266074130478427
fourier_pca__logistic,44,144,1,1,0.615830949492015
fourier_pca__logistic,44,145,1,1,0.453046595818021
fourier_pca__logistic,44,146,1,1,1.1423533188382107
fourier_pca__logistic,44,147,0,1,0.663650427009715
fourier_pca__logistic,44,148,0,0,-0.25564567366952046
fourier_pca__logistic,44,149,0,0,-1.310536634104659
fourier_pca__logistic,44,150,1,1,0.417700327637546
fourier_pca__logistic,44,151,1,0,-0.4211397240066583
fourier_pca__logistic,44,152,0,1,0.5864519534582769
fourier_pca__logistic,44,153,0,0,-0.40239757618660305
fourier_pca__logistic,44,154,1,1,0.042504357138512645
fourier_pca__logistic,44,155,1,1,0.31645072953723946
fourier_pca__logistic,44,156,0,0,-1.3552767035582847
fourier_pca__logistic,44,157,0,0,-0.30592878782482275
fourier_pca__logistic,44,158,0,0,-0.1758991376210271
fourier_pca__logistic,44,159,0,0,-0.42649225300324317
fourier_pca__logistic,44,160,0,0,-0.7661074913687986
fourier_pca__logistic,44,161,1,1,1.0500252673797328
fourier_pca__logistic,44,162,1,0,-0.11625606804583957
fourier_pca__logistic,44,163,1,0,-0.9888654137399225
fourier_pca__logistic,44,164,1,1,1.811713503292212
fourier_pca__logistic,44,165,1,1,0.09633823079013591
fourier_pca__logistic,44,166,1,1,0.17175201390256462
fourier_pca__logistic,44,167,0,0,-0.16553529559486158
fourier_pca__logistic,44,168,1,0,-1.4410514918786657
fourier_pca__logistic,44,169,0,0,-0.18975476579956602
fourier_pca__logistic,44,170,1,0,-0.1682480917375193
fourier_pca__logistic,44,171,1,0,-0.3321888506146547
fourier_pca__logistic,44,172,0,1,0.49241209689590154
fourier_pca__logistic,44,173,1,1,0.8713936047869784
fourier_pca__logistic,44,174,0,0,-2.1603561825961495
fourier_pca__logistic,44,175,0,1,0.45613141490078085
fourier_pca__logistic,44,176,1,1,2.0533656862701224
fourier_pca__logistic,44,177,1,1,0.21152554711985438
fourier_pca__logistic,44,178,1,1,1.1765951769793352
fourier_pca__logistic,44,179,0,1,0.11573533357405331
fourier_pca__logistic,44,180,0,1,0.8479526726214569
fourier_pca__logistic,44,181,1,0,-0.9025274180689598
fourier_pca__logistic,44,182,0,1,0.0979361460648697
fourier_pca__logistic,44,183,0,0,-1.58967878649642
fourier_pca__logistic,44,184,0,0,-0.5635718878995607
fourier_pca__logistic,44,185,0,0,-0.303571237945117
fourier_pca__logistic,44,186,0,0,-0.13937015348162357
fourier_pca__logistic,44,187,1,0,-0.5457665867658037
fourier_pca__logistic,44,188,1,1,1.1269955655671529
fourier_pca__logistic,44,189,0,1,0.29780335558788096
fourier_pca__logistic,44,190,0,1,3.3619566695134417
fourier_pca__logistic,44,191,0,1,0.5227337919377331
fourier_pca__logistic,44,192,0,1,0.17370743786277615
fourier_pca__logistic,44,193,1,1,0.2673873160575767
fourier_pca__logistic,44,194,0,1,0.05427696925040169
fourier_pca__logistic,44,195,0,0,-1.9227890882783
fourier_pca__logistic,44,196,0,0,-0.29035922727725233
fourier_pca__logistic,44,197,1,1,0.6629751615117287
fourier_pca__logistic,44,198,0,0,-1.0325861894325465
fourier_pca__logistic,44,199,0,0,-0.9646484085615623
fourier_pca__logistic,44,200,1,0,-0.8027193237246708
fourier_pca__logistic,44,201,0,0,-0.9442771825970033
fourier_pca__logistic,44,202,0,0,-0.06947504708763827
fourier_pca__logistic,44,203,0,0,-0.37452158494391524
fourier_pca__logistic,44,204,1,1,0.6877488000178005
fourier_pca__logistic,44,205,1,0,-0.6782097912275912
fourier_pca__logistic,44,206,1,1,0.8515774231033142
fourier_pca__logistic,44,207,0,0,-0.0963521769964805
fourier_pca__logistic,44,208,0,0,-0.3923733977706156
fourier_pca__logistic,44,209,0,0,-0.39105562243437403
fourier_pca__logistic,44,210,1,0,-0.1606088041598661
fourier_pca__logistic,44,211,1,1,0.7178422749921075
fourier_pca__logistic,44,212,1,1,0.6131390329194604
fourier_pca__logistic,44,213,0,0,-0.10322983453324479
fourier_pca__logistic,44,214,0,0,-1.0460193233967525
fourier_pca__logistic,44,215,0,0,-1.1038777693837927
fourier_pca__logistic,44,216,1,0,-0.506223728360249
fourier_pca__logistic,44,217,0,1,0.9341442320784666
fourier_pca__logistic,44,218,1,1,0.6680735364151593
fourier_pca__logistic,44,219,1,0,-1.2761667848716507
fourier_pca__logistic,44,220,1,0,-0.12095924104989214
fourier_pca__logistic,44,221,1,1,0.7716607037078399
fourier_pca__logistic,44,222,1,1,0.6009226822561748
fourier_pca__logistic,44,223,1,1,0.7470316767091463
fourier_pca__logistic,44,224,1,1,0.3971072787352931
fourier_pca__logistic,44,225,0,1,0.3712371262621294
fourier_pca__logistic,44,226,1,0,-0.9293925171121631
fourier_pca__logistic,44,227,0,0,-0.27002102534761147
fourier_pca__logistic,44,228,0,0,-0.7695144866463589
fourier_pca__logistic,44,229,0,1,0.021236066640483338
fourier_pca__logistic,44,230,1,0,-0.2510833874494305
fourier_pca__logistic,44,231,0,1,0.6829564556079576
fourier_pca__logistic,44,232,1,1,1.6499603333600232
fourier_pca__logistic,44,233,1,0,-1.1724711506388414
fourier_pca__logistic,44,234,1,1,0.6618703162904237
fourier_pca__logistic,44,235,0,0,-0.8471841764916134
fourier_pca__logistic,44,236,1,1,0.21828127736871628
fourier_pca__logistic,44,237,1,1,0.9108002747323118
fourier_pca__logistic,44,238,0,1,1.1885644176148396
fourier_pca__logistic,44,239,0,0,-0.18651224553132822
fourier_pca__logistic,44,240,0,1,0.6220980047645271
fourier_pca__logistic,44,241,1,1,0.1266539522164895
fourier_pca__logistic,44,242,1,0,-0.6846289292103909
fourier_pca__logistic,44,243,0,1,0.28693007249262276
fourier_pca__logistic,44,244,1,1,2.2081457610408175
fourier_pca__logistic,44,245,1,1,0.20579904698728604
fourier_pca__logistic,44,246,0,1,0.5799385329779142
fourier_pca__logistic,44,247,1,0,-1.0339412104791281
fourier_pca__logistic,44,248,1,1,0.5236735243107343
fourier_pca__logistic,44,249,1,0,-0.9825248151575419
fourier_pca__logistic,44,250,1,1,0.14899393258328097
fourier_pca__logistic,44,251,1,1,1.101386038404844
fourier_pca__logistic,44,252,0,0,-0.011060963454370291
fourier_pca__logistic,44,253,1,1,0.44118080552090283
fourier_pca__logistic,44,254,0,1,0.3921113416634137
fourier_pca__logistic,44,255,1,0,-0.4557801461770486
fourier_pca__logistic,44,256,0,0,-0.3012270385796389
fourier_pca__logistic,44,257,0,0,-0.8582400943770229
fourier_pca__logistic,44,258,0,1,0.2135120283213266
fourier_pca__logistic,44,259,0,1,0.31511896686072094
fourier_pca__logistic,44,260,0,0,-2.22564648954729
fourier_pca__logistic,44,261,0,0,-0.2308253665233122
fourier_pca__logistic,44,262,1,0,-0.0019286601768768036
fourier_pca__logistic,44,263,1,1,0.36941585471877353
fourier_pca__logistic,44,264,1,1,0.6196342569911132
fourier_pca__logistic,44,265,0,1,1.4632704544453614
fourier_pca__logistic,44,266,1,0,-0.09935512390588086
fourier_pca__logistic,44,267,1,0,-1.0565070531470164
fourier_pca__logistic,44,268,1,1,1.1592282784473582
fourier_pca__logistic,44,269,0,0,-0.4594402850782768
fourier_pca__logistic,44,270,1,0,-0.23107341886177257
fourier_pca__logistic,44,271,0,0,-0.8493759537957197
fourier_pca__logistic,44,272,0,0,-0.13962440928706743
fourier_pca__logistic,44,273,1,1,0.869907409633051
fourier_pca__logistic,44,274,1,1,0.3186461921133484
fourier_pca__logistic,44,275,0,1,0.43592886646142653
fourier_pca__logistic,44,276,0,0,-0.21284293954228523
fourier_pca__logistic,44,277,1,1,0.4435013863282474
fourier_pca__logistic,44,278,0,0,-1.287486899279595
fourier_pca__logistic,44,279,0,0,-0.3674424486289428
fourier_pca__logistic,44,280,1,1,0.2228967010460928
fourier_pca__logistic,44,281,0,0,-0.3290562111195689
fourier_pca__logistic,44,282,0,1,0.10085073089158128
fourier_pca__logistic,44,283,0,1,0.08047517234573769
fourier_pca__logistic,44,284,1,0,-0.7673270758118236
fourier_pca__logistic,44,285,0,0,-0.8198204120683832
fourier_pca__logistic,44,286,0,0,-0.5710548649185917
fourier_pca__logistic,44,287,1,0,-0.11492986071434307
fourier_pca__logistic,44,288,1,0,-0.14523673842947296
fourier_pca__logistic,44,289,0,1,0.04142477433947878
fourier_pca__logistic,44,290,0,0,-0.9699390431590569
fourier_pca__logistic,44,291,1,1,0.34256631123891607
fourier_pca__logistic,44,292,1,0,-0.6014171647374198
fourier_pca__logistic,44,293,1,1,0.47834909260944003
fourier_pca__logistic,44,294,0,0,-0.29101690985122086
fourier_pca__logistic,44,295,1,1,0.5707302569051544
fourier_pca__logistic,44,296,0,1,1.2391414970349834
fourier_pca__logistic,44,297,1,1,0.8083384881531249
fourier_pca__logistic,44,298,1,1,0.9200619200364648
fourier_pca__logistic,44,299,1,1,0.8549560028856169
fourier_pca__logistic,44,300,0,1,1.2916462415608028
fourier_pca__logistic,44,301,1,1,1.0584164001652268
fourier_pca__logistic,44,302,1,1,0.24896647992130477
fourier_pca__logistic,44,303,0,0,-1.7462578170974166
fourier_pca__logistic,44,304,1,1,0.029068843314756294
fourier_pca__logistic,44,305,0,0,-0.8202530972396272
fourier_pca__logistic,44,306,0,0,-0.48471208190781473
fourier_pca__logistic,44,307,0,0,-0.526560338661914
fourier_pca__logistic,44,308,0,0,-0.08974325797309429
fourier_pca__logistic,44,309,0,0,-0.39652494971235425
fourier_pca__logistic,44,310,0,0,-0.9922556570678811
fourier_pca__logistic,44,311,0,0,-0.0767612949245156
fourier_pca__logistic,44,312,0,0,-0.6919091939525606
fourier_pca__logistic,44,313,0,0,-1.1478685066484025
fourier_pca__logistic,44,314,0,0,-1.1522605287078076
fourier_pca__logistic,44,315,0,1,0.25298578155589796
fourier_pca__fisher,44,0,0,1,1.0172536373138428
fourier_pca__fisher,44,1,1,0,-1.5053802728652954
fourier_pca__fisher,44,2,0,0,-0.5192897915840149
fourier_pca__fisher,44,3,1,1,0.21446092426776886
fourier_pca__fisher,44,4,0,0,-0.07680433243513107
fourier_pca__fisher,44,5,1,0,-0.5307304859161377
fourier_pca__fisher,44,6,0,1,0.8006533980369568
fourier_pca__fisher,44,7,1,0,-0.7223570346832275
fourier_pca__fisher,44,8,0,1,0.5507131814956665
fourier_pca__fisher,44,9,0,0,-0.6023566126823425
fourier_pca__fisher,44,10,1,1,0.25981593132019043
fourier_pca__fisher,44,11,1,0,-0.20573574304580688
fourier_pca__fisher,44,12,0,0,-0.8898007273674011
fourier_pca__fisher,44,13,0,0,-1.0154298543930054
fourier_pca__fisher,44,14,1,1,0.6408624649047852
fourier_pca__fisher,44,15,1,0,-0.004402359947562218
fourier_pca__fisher,44,16,1,1,0.3337520956993103
fourier_pca__fisher,44,17,0,1,0.06512166559696198
fourier_pca__fisher,44,18,0,1,0.10801419615745544
fourier_pca__fisher,44,19,1,1,0.09174744039773941
fourier_pca__fisher,44,20,0,0,-0.08092689514160156
fourier_pca__fisher,44,21,0,0,-0.17540442943572998
fourier_pca__fisher,44,22,1,0,-0.3517725169658661
fourier_pca__fisher,44,23,0,1,0.2942259609699249
fourier_pca__fisher,44,24,1,1,0.206942617893219
fourier_pca__fisher,44,25,0,1,0.1884218007326126
fourier_pca__fisher,44,26,0,1,0.3406035006046295
fourier_pca__fisher,44,27,0,0,-0.08078564703464508
fourier_pca__fisher,44,28,0,0,-0.34864991903305054
fourier_pca__fisher,44,29,0,1,1.0439510345458984
fourier_pca__fisher,44,30,0,1,0.09771985560655594
fourier_pca__fisher,44,31,0,0,-1.4513319730758667
fourier_pca__fisher,44,32,1,1,0.17987944185733795
fourier_pca__fisher,44,33,1,1,0.017336664721369743
fourier_pca__fisher,44,34,1,1,0.8993100523948669
fourier_pca__fisher,44,35,1,0,-1.1409227848052979
fourier_pca__fisher,44,36,1,1,0.000982765108346939
fourier_pca__fisher,44,37,1,1,0.6223457455635071
fourier_pca__fisher,44,38,0,1,0.009898971766233444
fourier_pca__fisher,44,39,1,1,0.18383072316646576
fourier_pca__fisher,44,40,0,1,0.08839485794305801
fourier_pca__fisher,44,41,1,0,-0.13184355199337006
fourier_pca__fisher,44,42,0,1,0.17251324653625488
fourier_pca__fisher,44,43,0,1,1.1197803020477295
fourier_pca__fisher,44,44,1,1,0.7285462617874146
fourier_pca__fisher,44,45,0,0,-0.1427786499261856
fourier_pca__fisher,44,46,1,0,-0.06565460562705994
fourier_pca__fisher,44,47,1,0,-1.014996886253357
fourier_pca__fisher,44,48,0,0,-0.5273395776748657
fourier_pca__fisher,44,49,1,0,-0.3059699833393097
fourier_pca__fisher,44,50,1,0,-0.6386655569076538
fourier_pca__fisher,44,51,0,0,-0.5171852707862854
fourier_pca__fisher,44,52,0,0,-0.38737672567367554
fourier_pca__fisher,44,53,1,0,-0.11627662926912308
fourier_pca__fisher,44,54,0,0,-1.7864947319030762
fourier_pca__fisher,44,55,0,1,0.26587390899658203
fourier_pca__fisher,44,56,1,1,0.025945613160729408
fourier_pca__fisher,44,57,0,1,0.487870991230011
fourier_pca__fisher,44,58,1,1,0.39675748348236084
fourier_pca__fisher,44,59,0,0,-0.2248021811246872
fourier_pca__fisher,44,60,1,0,-0.11917893588542938
fourier_pca__fisher,44,61,0,1,1.0368576049804688
fourier_pca__fisher,44,62,0,1,0.03708045184612274
fourier_pca__fisher,44,63,1,0,-0.4314311444759369
fourier_pca__fisher,44,64,0,1,0.1908484846353531
fourier_pca__fisher,44,65,0,0,-0.12498962134122849
fourier_pca__fisher,44,66,0,1,0.2587733566761017
fourier_pca__fisher,44,67,0,0,-0.626920223236084
fourier_pca__fisher,44,68,0,0,-0.050600565969944
fourier_pca__fisher,44,69,1,0,-1.36927330493927
fourier_pca__fisher,44,70,0,1,0.661803126335144
fourier_pca__fisher,44,71,1,0,-0.7387236952781677
fourier_pca__fisher,44,72,0,1,0.08519243448972702
fourier_pca__fisher,44,73,0,0,-0.11628787219524384
fourier_pca__fisher,44,74,0,1,1.3320590257644653
fourier_pca__fisher,44,75,0,1,0.1694292426109314
fourier_pca__fisher,44,76,0,1,0.7461246848106384
fourier_pca__fisher,44,77,1,0,-0.2977975904941559
fourier_pca__fisher,44,78,1,0,-0.5864729881286621
fourier_pca__fisher,44,79,1,0,-0.3345491886138916
fourier_pca__fisher,44,80,0,1,0.6460482478141785
fourier_pca__fisher,44,81,1,0,-0.3697015643119812
fourier_pca__fisher,44,82,0,0,-0.897618293762207
fourier_pca__fisher,44,83,1,1,1.0549547672271729
fourier_pca__fisher,44,84,1,1,0.5371109247207642
fourier_pca__fisher,44,85,1,0,-0.2463221400976181
fourier_pca__fisher,44,86,1,0,-0.18428392708301544
fourier_pca__fisher,44,87,1,0,-1.1138932704925537
fourier_pca__fisher,44,88,1,0,-0.062492843717336655
fourier_pca__fisher,44,89,1,1,0.2548410892486572
fourier_pca__fisher,44,90,1,1,1.0248419046401978
fourier_pca__fisher,44,91,1,0,-0.7146883606910706
fourier_pca__fisher,44,92,0,0,-0.5585923194885254
fourier_pca__fisher,44,93,0,0,-0.44678300619125366
fourier_pca__fisher,44,94,0,1,0.9705870747566223
fourier_pca__fisher,44,95,0,0,-0.9069055318832397
fourier_pca__fisher,44,96,1,1,0.4087062180042267
fourier_pca__fisher,44,97,1,0,-0.0656009167432785
fourier_pca__fisher,44,98,1,1,0.12114153057336807
fourier_pca__fisher,44,99,0,1,0.1338581144809723
fourier_pca__fisher,44,100,1,0,-0.4803470969200134
fourier_pca__fisher,44,101,1,1,0.10140053927898407
fourier_pca__fisher,44,102,1,1,0.9935794472694397
fourier_pca__fisher,44,103,0,0,-0.25262725353240967
fourier_pca__fisher,44,104,1,0,-0.029165072366595268
fourier_pca__fisher,44,105,0,1,0.17028068006038666
fourier_pca__fisher,44,106,1,1,0.9135922193527222
fourier_pca__fisher,44,107,1,1,0.9572351574897766
fourier_pca__fisher,44,108,1,1,1.2352957725524902
fourier_pca__fisher,44,109,0,0,-0.9130544662475586
fourier_pca__fisher,44,110,1,1,0.1191590428352356
fourier_pca__fisher,44,111,0,0,-0.06435292959213257
fourier_pca__fisher,44,112,1,1,0.612964391708374
fourier_pca__fisher,44,113,0,0,-1.3010287284851074
fourier_pca__fisher,44,114,0,1,0.0346846729516983
fourier_pca__fisher,44,115,0,1,0.9066707491874695
fourier_pca__fisher,44,116,1,1,0.558960497379303
fourier_pca__fisher,44,117,0,1,0.04886624217033386
fourier_pca__fisher,44,118,0,0,-0.1777016520500183
fourier_pca__fisher,44,119,1,0,-0.6838329434394836
fourier_pca__fisher,44,120,1,1,0.8594140410423279
fourier_pca__fisher,44,121,1,1,0.7268958687782288
fourier_pca__fisher,44,122,1,1,0.20280073583126068
fourier_pca__fisher,44,123,0,0,-0.6049550175666809
fourier_pca__fisher,44,124,1,0,-0.5072975158691406
fourier_pca__fisher,44,125,1,0,-0.5718002319335938
fourier_pca__fisher,44,126,0,1,0.14984427392482758
fourier_pca__fisher,44,127,0,1,0.8524643778800964
fourier_pca__fisher,44,128,1,1,0.6222083568572998
fourier_pca__fisher,44,129,1,0,-0.684624969959259
fourier_pca__fisher,44,130,1,1,0.023032642900943756
fourier_pca__fisher,44,131,1,0,-0.6786706447601318
fourier_pca__fisher,44,132,1,0,-0.034508123993873596
fourier_pca__fisher,44,133,0,0,-0.3378295600414276
fourier_pca__fisher,44,134,0,1,0.6807385087013245
fourier_pca__fisher,44,135,0,0,-0.2690795063972473
fourier_pca__fisher,44,136,0,0,-1.1956185102462769
fourier_pca__fisher,44,137,1,0,-0.005872013047337532
fourier_pca__fisher,44,138,1,1,0.690474808216095
fourier_pca__fisher,44,139,0,1,0.37941133975982666
fourier_pca__fisher,44,140,1,1,0.5720636248588562
fourier_pca__fisher,44,141,1,1,0.15077684819698334
fourier_pca__fisher,44,142,1,1,0.19188539683818817
fourier_pca__fisher,44,143,1,1,0.6683213710784912
fourier_pca__fisher,44,144,1,1,0.5515250563621521
fourier_pca__fisher,44,145,1,1,0.41641920804977417
fourier_pca__fisher,44,146,1,1,1.0270299911499023
fourier_pca__fisher,44,147,0,1,0.6232481002807617
fourier_pca__fisher,44,148,0,0,-0.22475317120552063
fourier_pca__fisher,44,149,0,0,-1.18802809715271
fourier_pca__fisher,44,150,1,1,0.2830125689506531
fourier_pca__fisher,44,151,1,0,-0.363514244556427
fourier_pca__fisher,44,152,0,1,0.5477496981620789
fourier_pca__fisher,44,153,0,0,-0.4025954604148865
fourier_pca__fisher,44,154,1,1,0.04349888861179352
fourier_pca__fisher,44,155,1,1,0.2953725755214691
fourier_pca__fisher,44,156,0,0,-1.2308801412582397
fourier_pca__fisher,44,157,0,0,-0.27799537777900696
fourier_pca__fisher,44,158,0,0,-0.16522885859012604
fourier_pca__fisher,44,159,0,0,-0.389948308467865
fourier_pca__fisher,44,160,0,0,-0.6678200960159302
fourier_pca__fisher,44,161,1,1,0.9075635671615601
fourier_pca__fisher,44,162,1,0,-0.10751641541719437
fourier_pca__fisher,44,163,1,0,-0.9521521925926208
fourier_pca__fisher,44,164,1,1,1.543954849243164
fourier_pca__fisher,44,165,1,1,0.11876122653484344
fourier_pca__fisher,44,166,1,1,0.14188994467258453
fourier_pca__fisher,44,167,0,0,-0.1719805747270584
fourier_pca__fisher,44,168,1,0,-1.2877404689788818
fourier_pca__fisher,44,169,0,0,-0.19177530705928802
fourier_pca__fisher,44,170,1,0,-0.15671946108341217
fourier_pca__fisher,44,171,1,0,-0.2661762833595276
fourier_pca__fisher,44,172,0,1,0.4579165577888489
fourier_pca__fisher,44,173,1,1,0.7866016626358032
fourier_pca__fisher,44,174,0,0,-1.9955095052719116
fourier_pca__fisher,44,175,0,1,0.4627881646156311
fourier_pca__fisher,44,176,1,1,1.7982876300811768
fourier_pca__fisher,44,177,1,1,0.1624070554971695
fourier_pca__fisher,44,178,1,1,1.0558929443359375
fourier_pca__fisher,44,179,0,1,0.08567868173122406
fourier_pca__fisher,44,180,0,1,0.7606350183486938
fourier_pca__fisher,44,181,1,0,-0.757435142993927
fourier_pca__fisher,44,182,0,1,0.07677827030420303
fourier_pca__fisher,44,183,0,0,-1.3954581022262573
fourier_pca__fisher,44,184,0,0,-0.4984624683856964
fourier_pca__fisher,44,185,0,0,-0.3011881709098816
fourier_pca__fisher,44,186,0,0,-0.16422663629055023
fourier_pca__fisher,44,187,1,0,-0.48332679271698
fourier_pca__fisher,44,188,1,1,1.045121192932129
fourier_pca__fisher,44,189,0,1,0.2896091341972351
fourier_pca__fisher,44,190,0,1,3.029966115951538
fourier_pca__fisher,44,191,0,1,0.46997344493865967
fourier_pca__fisher,44,192,0,1,0.1563413143157959
fourier_pca__fisher,44,193,1,1,0.25134217739105225
fourier_pca__fisher,44,194,0,1,0.02214241214096546
fourier_pca__fisher,44,195,0,0,-1.6440513134002686
fourier_pca__fisher,44,196,0,0,-0.265420138835907
fourier_pca__fisher,44,197,1,1,0.568027138710022
fourier_pca__fisher,44,198,0,0,-0.9525581002235413
fourier_pca__fisher,44,199,0,0,-0.8256033658981323
fourier_pca__fisher,44,200,1,0,-0.7234904170036316
fourier_pca__fisher,44,201,0,0,-0.8192442655563354
fourier_pca__fisher,44,202,0,0,-0.06403212249279022
fourier_pca__fisher,44,203,0,0,-0.3872274160385132
fourier_pca__fisher,44,204,1,1,0.6170789003372192
fourier_pca__fisher,44,205,1,0,-0.6252915859222412
fourier_pca__fisher,44,206,1,1,0.7267229557037354
fourier_pca__fisher,44,207,0,0,-0.08379039913415909
fourier_pca__fisher,44,208,0,0,-0.35132747888565063
fourier_pca__fisher,44,209,0,0,-0.37533360719680786
fourier_pca__fisher,44,210,1,0,-0.15586508810520172
fourier_pca__fisher,44,211,1,1,0.6277948617935181
fourier_pca__fisher,44,212,1,1,0.5586267113685608
fourier_pca__fisher,44,213,0,0,-0.14591945707798004
fourier_pca__fisher,44,214,0,0,-0.9694230556488037
fourier_pca__fisher,44,215,0,0,-0.9978411197662354
fourier_pca__fisher,44,216,1,0,-0.4743140935897827
fourier_pca__fisher,44,217,0,1,0.8255898356437683
fourier_pca__fisher,44,218,1,1,0.6008986234664917
fourier_pca__fisher,44,219,1,0,-1.1256299018859863
fourier_pca__fisher,44,220,1,0,-0.12506307661533356
fourier_pca__fisher,44,221,1,1,0.6937876343727112
fourier_pca__fisher,44,222,1,1,0.55912184715271
fourier_pca__fisher,44,223,1,1,0.6459575295448303
fourier_pca__fisher,44,224,1,1,0.33399710059165955
fourier_pca__fisher,44,225,0,1,0.34724366664886475
fourier_pca__fisher,44,226,1,0,-0.850671648979187
fourier_pca__fisher,44,227,0,0,-0.25467559695243835
fourier_pca__fisher,44,228,0,0,-0.7200523614883423
fourier_pca__fisher,44,229,0,1,0.033515188843011856
fourier_pca__fisher,44,230,1,0,-0.25348564982414246
fourier_pca__fisher,44,231,0,1,0.6045733690261841
fourier_pca__fisher,44,232,1,1,1.4729337692260742
fourier_pca__fisher,44,233,1,0,-1.08530592918396
fourier_pca__fisher,44,234,1,1,0.6150079369544983
fourier_pca__fisher,44,235,0,0,-0.7901233434677124
fourier_pca__fisher,44,236,1,1,0.1948477029800415
fourier_pca__fisher,44,237,1,1,0.7936200499534607
fourier_pca__fisher,44,238,0,1,1.0633114576339722
fourier_pca__fisher,44,239,0,0,-0.15382421016693115
fourier_pca__fisher,44,240,0,1,0.5688290596008301
fourier_pca__fisher,44,241,1,1,0.10887324810028076
fourier_pca__fisher,44,242,1,0,-0.6700043678283691
fourier_pca__fisher,44,243,0,1,0.26971909403800964
fourier_pca__fisher,44,244,1,1,2.075354814529419
fourier_pca__fisher,44,245,1,1,0.24970896542072296
fourier_pca__fisher,44,246,0,1,0.48830923438072205
fourier_pca__fisher,44,247,1,0,-0.8818641304969788
fourier_pca__fisher,44,248,1,1,0.4613727629184723
fourier_pca__fisher,44,249,1,0,-0.8554608225822449
fourier_pca__fisher,44,250,1,1,0.12343792617321014
fourier_pca__fisher,44,251,1,1,1.0022521018981934
fourier_pca__fisher,44,252,0,1,0.002486148849129677
fourier_pca__fisher,44,253,1,1,0.3785414397716522
fourier_pca__fisher,44,254,0,1,0.31210437417030334
fourier_pca__fisher,44,255,1,0,-0.409339040517807
fourier_pca__fisher,44,256,0,0,-0.2584439516067505
fourier_pca__fisher,44,257,0,0,-0.8014400005340576
fourier_pca__fisher,44,258,0,1,0.1636030077934265
fourier_pca__fisher,44,259,0,1,0.26619595289230347
fourier_pca__fisher,44,260,0,0,-2.0995819568634033
fourier_pca__fisher,44,261,0,0,-0.20705612003803253
fourier_pca__fisher,44,262,1,0,-0.01021566241979599
fourier_pca__fisher,44,263,1,1,0.3063454031944275
fourier_pca__fisher,44,264,1,1,0.5405065417289734
fourier_pca__fisher,44,265,0,1,1.339925765991211
fourier_pca__fisher,44,266,1,0,-0.09553296864032745
fourier_pca__fisher,44,267,1,0,-0.9323407411575317
fourier_pca__fisher,44,268,1,1,1.071274995803833
fourier_pca__fisher,44,269,0,0,-0.43964093923568726
fourier_pca__fisher,44,270,1,0,-0.20863257348537445
fourier_pca__fisher,44,271,0,0,-0.7493334412574768
fourier_pca__fisher,44,272,0,0,-0.14369706809520721
fourier_pca__fisher,44,273,1,1,0.8186415433883667
fourier_pca__fisher,44,274,1,1,0.3159390091896057
fourier_pca__fisher,44,275,0,1,0.4241682291030884
fourier_pca__fisher,44,276,0,0,-0.20345190167427063
fourier_pca__fisher,44,277,1,1,0.41864269971847534
fourier_pca__fisher,44,278,0,0,-1.18636155128479
fourier_pca__fisher,44,279,0,0,-0.3261452615261078
fourier_pca__fisher,44,280,1,1,0.20802126824855804
fourier_pca__fisher,44,281,0,0,-0.29062360525131226
fourier_pca__fisher,44,282,0,1,0.07425542920827866
fourier_pca__fisher,44,283,0,1,0.06112009286880493
fourier_pca__fisher,44,284,1,0,-0.6946393847465515
fourier_pca__fisher,44,285,0,0,-0.7931508421897888
fourier_pca__fisher,44,286,0,0,-0.5314792990684509
fourier_pca__fisher,44,287,1,0,-0.06575198471546173
fourier_pca__fisher,44,288,1,0,-0.13782694935798645
fourier_pca__fisher,44,289,0,1,0.07064127922058105
fourier_pca__fisher,44,290,0,0,-0.8590280413627625
fourier_pca__fisher,44,291,1,1,0.29482150077819824
fourier_pca__fisher,44,292,1,0,-0.4998791217803955
fourier_pca__fisher,44,293,1,1,0.42182719707489014
fourier_pca__fisher,44,294,0,0,-0.26877743005752563
fourier_pca__fisher,44,295,1,1,0.5405529141426086
fourier_pca__fisher,44,296,0,1,1.141411542892456
fourier_pca__fisher,44,297,1,1,0.7584853172302246
fourier_pca__fisher,44,298,1,1,0.7622712850570679
fourier_pca__fisher,44,299,1,1,0.8070853352546692
fourier_pca__fisher,44,300,0,1,1.1035358905792236
fourier_pca__fisher,44,301,1,1,0.9354238510131836
fourier_pca__fisher,44,302,1,1,0.23703661561012268
fourier_pca__fisher,44,303,0,0,-1.6034728288650513
fourier_pca__fisher,44,304,1,1,0.04122638329863548
fourier_pca__fisher,44,305,0,0,-0.7551094889640808
fourier_pca__fisher,44,306,0,0,-0.45189517736434937
fourier_pca__fisher,44,307,0,0,-0.41996103525161743
fourier_pca__fisher,44,308,0,0,-0.036736734211444855
fourier_pca__fisher,44,309,0,0,-0.3415391147136688
fourier_pca__fisher,44,310,0,0,-0.9436282515525818
fourier_pca__fisher,44,311,0,0,-0.06369143724441528
fourier_pca__fisher,44,312,0,0,-0.6338409185409546
fourier_pca__fisher,44,313,0,0,-1.0815812349319458
fourier_pca__fisher,44,314,0,0,-1.0605452060699463
fourier_pca__fisher,44,315,0,1,0.2352858930826187
