session,subject,fold,epoch,learning_rate,optimization_loss,gradient_mean_before_clip,gradient_max_before_clip,train_loss,train_r2,validation_loss,validation_r2
indy_20160622_01,indy,1,1,0.0009,0.7674424093250422,1.2572731457907578,2.8474185466766357,0.4627797603607178,0.537217378616333,0.558181643486023,0.49236249923706055
indy_20160622_01,indy,1,2,0.000894459753267812,0.4359437703131909,1.2409565058247796,2.2743709087371826,0.318265438079834,0.6817337274551392,0.3843936622142792,0.6451061964035034
indy_20160622_01,indy,1,3,0.0008779754323328191,0.3322097721506822,1.0091291111091087,1.420004963874817,0.245263934135437,0.7547353506088257,0.32622331380844116,0.7016302347183228
indy_20160622_01,indy,1,4,0.0008509529358847655,0.28017119638104093,1.0110998009813243,1.6858950853347778,0.2215775102376938,0.7784219980239868,0.2803681194782257,0.7399768233299255
indy_20160622_01,indy,1,5,0.0008140576474687264,0.26174809996905285,1.1669210586054573,2.292649507522583,0.18838843703269958,0.811611533164978,0.26995930075645447,0.7518954873085022
indy_20160622_01,indy,1,6,0.0007681980515339464,0.24645288630149514,1.150897922187016,1.891070008277893,0.1831969916820526,0.816802978515625,0.25635579228401184,0.763054370880127
indy_20160622_01,indy,1,7,0.0007145033635316129,0.22108900865084094,0.8752408726462002,1.3549003601074219,0.16276735067367554,0.837233304977417,0.2263193279504776,0.7904160022735596
indy_20160622_01,indy,1,8,0.0006542957248827961,0.20794324354237662,0.844160678057835,1.2415539026260376,0.15131720900535583,0.8486831188201904,0.24777747690677643,0.7711036205291748
indy_20160622_01,indy,1,9,0.0005890576474687265,0.1930183315236583,0.7738378448732968,1.1981451511383057,0.13917770981788635,0.8608224987983704,0.2234908491373062,0.7929635643959045
indy_20160622_01,indy,1,10,0.000520395509268104,0.18856917099515116,0.8604417443275452,1.3465598821640015,0.1460648626089096,0.853934645652771,0.24093899130821228,0.7765294313430786
indy_20160622_01,indy,1,11,0.0004500000000000001,0.1812107605043675,0.8034982044121315,1.1412839889526367,0.13388173282146454,0.866118311882019,0.2189364731311798,0.7969949245452881
indy_20160622_01,indy,1,12,0.00037960449073189633,0.17239542672101105,0.7630758162202507,1.0252928733825684,0.13047701120376587,0.869522750377655,0.22100085020065308,0.7946285009384155
indy_20160622_01,indy,1,13,0.0003109423525312738,0.1683024552671571,0.7617829914750724,1.353352427482605,0.12565955519676208,0.8743403553962708,0.2210855633020401,0.7956458330154419
indy_20160622_01,indy,1,14,0.00024570427511720405,0.16597609362415858,0.7758230310061882,1.5598798990249634,0.12149906158447266,0.8785009980201721,0.20650656521320343,0.8082457780838013
indy_20160622_01,indy,1,15,0.0001854966364683872,0.1617606921503011,0.7978557471571297,1.267529010772705,0.11800890415906906,0.881990909576416,0.2126639485359192,0.8026965856552124
indy_20160622_01,indy,1,16,0.00013180194846605368,0.15685957645181442,0.6758202684336695,0.883760929107666,0.1180456355214119,0.8819544315338135,0.21317356824874878,0.8018295168876648
indy_20160622_01,indy,1,17,8.594235253127372e-05,0.15950700478656415,0.726371719919402,1.0731112957000732,0.11353728175163269,0.8864626288414001,0.20665448904037476,0.8075538873672485
indy_20160622_01,indy,1,18,4.9047064115234504e-05,0.15883755041528325,0.6838695797426947,1.114453673362732,0.1145465299487114,0.885453462600708,0.20638997852802277,0.8083339333534241
indy_20160622_01,indy,1,19,2.2024567667180916e-05,0.1540613231396027,0.6642201625067612,1.1378806829452515,0.11323592066764832,0.8867640495300293,0.20466753840446472,0.8098649978637695
indy_20160622_01,indy,1,20,5.540246732188055e-06,0.15333339492517475,0.6722453534603119,0.9781121015548706,0.11318593472242355,0.886814296245575,0.20537835359573364,0.8091667890548706
indy_20160622_01,indy,2,1,0.0009,0.784571008666275,1.3016429502388527,3.662458658218384,0.47458985447883606,0.525409460067749,0.44463467597961426,0.5178816318511963
indy_20160622_01,indy,2,2,0.000894459753267812,0.4424966150726593,1.0859971724707504,1.4343630075454712,0.31857427954673767,0.6814243197441101,0.3073141872882843,0.6665406227111816
indy_20160622_01,indy,2,3,0.0008779754323328191,0.33390860619814927,1.1399326406676193,1.582837700843811,0.26289254426956177,0.7371063232421875,0.25623616576194763,0.7229866981506348
indy_20160622_01,indy,2,4,0.0008509529358847655,0.28182668999519284,0.9967911202332069,2.189473867416382,0.22873800992965698,0.7712621092796326,0.25364527106285095,0.7244906425476074
indy_20160622_01,indy,2,5,0.0008140576474687264,0.2552845347005512,0.9487412941866907,1.5127812623977661,0.1908435821533203,0.8091568350791931,0.2078515887260437,0.774503231048584
indy_20160622_01,indy,2,6,0.0007681980515339464,0.23149480011818657,0.9417041026312729,1.476805329322815,0.18196146190166473,0.8180389404296875,0.22319987416267395,0.7575821280479431
indy_20160622_01,indy,2,7,0.0007145033635316129,0.22293304798437302,0.9055060826498886,1.4777085781097412,0.1570918709039688,0.8429083228111267,0.19557812809944153,0.7876389026641846
indy_20160622_01,indy,2,8,0.0006542957248827961,0.20475928929713907,0.8549320451144514,1.3812570571899414,0.14978085458278656,0.8502192497253418,0.19647634029388428,0.7863480448722839
indy_20160622_01,indy,2,9,0.0005890576474687265,0.18772413896925025,0.7824002566008732,1.4054969549179077,0.1376568228006363,0.862342894077301,0.18827538192272186,0.7956722974777222
indy_20160622_01,indy,2,10,0.000520395509268104,0.18210074732535253,0.8409850227421728,1.6453713178634644,0.1334923654794693,0.8665071725845337,0.18755409121513367,0.7959452867507935
indy_20160622_01,indy,2,11,0.0004500000000000001,0.17556579615436385,0.82582403359742,2.1711525917053223,0.13967183232307434,0.860327959060669,0.21061421930789948,0.7699947953224182
indy_20160622_01,indy,2,12,0.00037960449073189633,0.17281346683851073,0.8035036859841183,1.2784497737884521,0.12336066365242004,0.8766391277313232,0.18592524528503418,0.7979007959365845
indy_20160622_01,indy,2,13,0.0003109423525312738,0.16262785916219413,0.8537292501022076,1.7287499904632568,0.11498817056417465,0.8850116729736328,0.18337960541248322,0.8003697395324707
indy_20160622_01,indy,2,14,0.00024570427511720405,0.16186132520904273,0.7694299046335549,1.2478188276290894,0.11195781826972961,0.888042151927948,0.1794165074825287,0.8050196170806885
indy_20160622_01,indy,2,15,0.0001854966364683872,0.15835230010314877,0.7453952061718908,1.0464292764663696,0.11327584087848663,0.886724591255188,0.18555565178394318,0.7979756593704224
indy_20160622_01,indy,2,16,0.00013180194846605368,0.15748536847604913,0.7738192122558067,1.2470219135284424,0.11277962476015091,0.8872200846672058,0.18253585696220398,0.8017454147338867
indy_20160622_01,indy,2,17,8.594235253127372e-05,0.1551525836138254,0.7264200726459766,1.2058964967727661,0.10949569195508957,0.8905045986175537,0.18065959215164185,0.8035173416137695
indy_20160622_01,indy,2,18,4.9047064115234504e-05,0.15170468187135105,0.6971257328987122,1.1824283599853516,0.10772721469402313,0.8922730088233948,0.17966775596141815,0.8046318292617798
indy_20160622_01,indy,2,19,2.2024567667180916e-05,0.14971271142367204,0.6629379884950046,0.9077367186546326,0.10807085782289505,0.8919291496276855,0.17890802025794983,0.805534839630127
indy_20160622_01,indy,2,20,5.540246732188055e-06,0.14877238853695648,0.6708009037478216,1.0504711866378784,0.10817153006792068,0.8918286561965942,0.1793477088212967,0.8050558567047119
indy_20160622_01,indy,3,1,0.0009,0.7742426245672825,1.2746647986872444,2.889127016067505,0.4723193049430847,0.5276787281036377,0.4971780776977539,0.49144840240478516
indy_20160622_01,indy,3,2,0.000894459753267812,0.4356662465832806,1.121566457995053,2.1975104808807373,0.31335628032684326,0.6866440773010254,0.34815552830696106,0.6455076932907104
indy_20160622_01,indy,3,3,0.0008779754323328191,0.32709794463928027,1.0872846924025437,1.7622915506362915,0.24357803165912628,0.7564206123352051,0.2993715703487396,0.6958870887756348
indy_20160622_01,indy,3,4,0.0008509529358847655,0.278461601481475,1.0051767846633648,1.6955870389938354,0.22060097754001617,0.7793985605239868,0.2988123297691345,0.6941049098968506
indy_20160622_01,indy,3,5,0.0008140576474687264,0.24487598051818413,0.9062273892863043,1.3013927936553955,0.18790219724178314,0.8120979070663452,0.2668338716030121,0.7285064458847046
indy_20160622_01,indy,3,6,0.0007681980515339464,0.23418987283904058,0.9076576520656717,1.2578588724136353,0.1746477484703064,0.8253523707389832,0.2560883164405823,0.7384942770004272
indy_20160622_01,indy,3,7,0.0007145033635316129,0.21819331309345516,0.8931323721491057,1.7115060091018677,0.1574879139661789,0.8425122499465942,0.24370582401752472,0.7522422075271606
indy_20160622_01,indy,3,8,0.0006542957248827961,0.20539382995503078,0.8338442773654543,1.7216781377792358,0.15548548102378845,0.8445141315460205,0.24413858354091644,0.7506667971611023
indy_20160622_01,indy,3,9,0.0005890576474687265,0.1876136555161874,0.8050301136641667,1.1766297817230225,0.14750200510025024,0.852497935295105,0.2393210381269455,0.7555826306343079
indy_20160622_01,indy,3,10,0.000520395509268104,0.18439301012056444,0.8445889723712,1.2869677543640137,0.1314014494419098,0.868598461151123,0.2312440723180771,0.7638540267944336
indy_20160622_01,indy,3,11,0.0004500000000000001,0.17743257311838143,0.7883520229109402,1.1661603450775146,0.13529875874519348,0.8647013902664185,0.23124833405017853,0.7646216750144958
indy_20160622_01,indy,3,12,0.00037960449073189633,0.17276988845737096,0.7752736806869507,1.0551016330718994,0.1286599040031433,0.8713401556015015,0.23100903630256653,0.7638776898384094
indy_20160622_01,indy,3,13,0.0003109423525312738,0.16621520220763555,0.7250455761777943,1.0654613971710205,0.1181369349360466,0.8818628787994385,0.2204584777355194,0.7745294570922852
indy_20160622_01,indy,3,14,0.00024570427511720405,0.15814964979175966,0.6933455909120625,1.0684436559677124,0.11578600853681564,0.8842140436172485,0.21970529854297638,0.7754489183425903
indy_20160622_01,indy,3,15,0.0001854966364683872,0.15840837939329594,0.6877691817694697,1.02448308467865,0.1136530190706253,0.886346697807312,0.22243179380893707,0.7726216912269592
indy_20160622_01,indy,3,16,0.00013180194846605368,0.15284715338146457,0.6756848816213936,0.8833397030830383,0.11410106718540192,0.8858988285064697,0.2225668877363205,0.7730458974838257
indy_20160622_01,indy,3,17,8.594235253127372e-05,0.1529001854170372,0.6806946139911125,1.1840428113937378,0.11080963164567947,0.8891904354095459,0.2200191468000412,0.7753700613975525
indy_20160622_01,indy,3,18,4.9047064115234504e-05,0.15113106051607064,0.6671542216991556,0.9531205892562866,0.11139421910047531,0.888606071472168,0.219553142786026,0.7759095430374146
indy_20160622_01,indy,3,19,2.2024567667180916e-05,0.15003895643755874,0.6431168204751508,0.8787524104118347,0.11005598306655884,0.8899441957473755,0.21876251697540283,0.7766637802124023
indy_20160622_01,indy,3,20,5.540246732188055e-06,0.14847736097458913,0.6211580192220623,0.8521695137023926,0.10973972082138062,0.8902603387832642,0.2188166230916977,0.7766199111938477
indy_20160622_01,indy,4,1,0.0009,0.784878515635726,1.254424121873132,3.9309418201446533,0.45782241225242615,0.542175829410553,0.4345548152923584,0.5340657830238342
indy_20160622_01,indy,4,2,0.000894459753267812,0.4273835491336013,1.042571524093891,1.3964370489120483,0.31907203793525696,0.6809274554252625,0.3002164959907532,0.6781346797943115
indy_20160622_01,indy,4,3,0.0008779754323328191,0.3183974420216473,1.0334497546327526,1.8051365613937378,0.23364239931106567,0.7663575410842896,0.2436891496181488,0.7387431859970093
indy_20160622_01,indy,4,4,0.0008509529358847655,0.2841831931931915,1.0681180357933044,1.6276639699935913,0.20521238446235657,0.7947871685028076,0.22877144813537598,0.754996657371521
indy_20160622_01,indy,4,5,0.0008140576474687264,0.25410325975668585,0.9827787238976051,1.7722123861312866,0.1882977932691574,0.811700701713562,0.21311286091804504,0.7716540098190308
indy_20160622_01,indy,4,6,0.0007681980515339464,0.2308880730037577,0.8769436643041414,1.264911413192749,0.17150133848190308,0.8284990787506104,0.21107758581638336,0.7741222977638245
indy_20160622_01,indy,4,7,0.0007145033635316129,0.2159040145414783,0.9370562660283056,1.73147451877594,0.17946060001850128,0.8205397725105286,0.21527697145938873,0.7690054178237915
indy_20160622_01,indy,4,8,0.0006542957248827961,0.21709772393282425,1.0263579775547158,1.5833159685134888,0.1657639443874359,0.8342359066009521,0.21290946006774902,0.7716100215911865
indy_20160622_01,indy,4,9,0.0005890576474687265,0.20159795653890222,0.9496636883965854,1.6365636587142944,0.14503414928913116,0.8549655675888062,0.19530640542507172,0.7907249927520752
indy_20160622_01,indy,4,10,0.000520395509268104,0.1864104308948825,0.780716900167794,1.2202543020248413,0.1290166825056076,0.870983362197876,0.18567468225955963,0.8009458780288696
indy_20160622_01,indy,4,11,0.0004500000000000001,0.17735573947465835,0.7494483158506197,0.9823082089424133,0.12713153660297394,0.8728681802749634,0.18711112439632416,0.8000197410583496
indy_20160622_01,indy,4,12,0.00037960449073189633,0.17232875540060708,0.7203680132997448,1.0960752964019775,0.1265431046485901,0.8734567165374756,0.19271083176136017,0.7930072546005249
indy_20160622_01,indy,4,13,0.0003109423525312738,0.16200240431076182,0.6952630384214993,1.198624849319458,0.1300879418849945,0.8699120879173279,0.197371706366539,0.7889096736907959
indy_20160622_01,indy,4,14,0.00024570427511720405,0.16292062319331507,0.7604920175568811,1.3577324151992798,0.11633451282978058,0.8836653828620911,0.1862780898809433,0.8002082705497742
indy_20160622_01,indy,4,15,0.0001854966364683872,0.16463537549641327,0.7645574623140795,1.4763246774673462,0.11394339799880981,0.8860565423965454,0.18415170907974243,0.802483856678009
indy_20160622_01,indy,4,16,0.00013180194846605368,0.15988671899154797,0.7156919980871266,0.9870345592498779,0.11520502716302872,0.884795069694519,0.18543943762779236,0.801236629486084
indy_20160622_01,indy,4,17,8.594235253127372e-05,0.15108393605394083,0.6434422402546324,0.9079601764678955,0.11070907860994339,0.8892909288406372,0.18260738253593445,0.8046367168426514
indy_20160622_01,indy,4,18,4.9047064115234504e-05,0.1542309151085598,0.6875699768806326,1.0437160730361938,0.11095915734767914,0.8890409469604492,0.18391627073287964,0.8030928373336792
indy_20160622_01,indy,4,19,2.2024567667180916e-05,0.15027748617042283,0.652880008878379,0.9348482489585876,0.11187143623828888,0.8881285190582275,0.18458692729473114,0.8024411797523499
indy_20160622_01,indy,4,20,5.540246732188055e-06,0.1511350181997808,0.6595300877916401,0.9042810201644897,0.11150906980037689,0.8884907960891724,0.18436689674854279,0.8026577830314636
indy_20160622_01,indy,5,1,0.0009,0.7606170521295994,1.307612639049004,3.3672845363616943,0.4630468785762787,0.5369511842727661,0.5476171970367432,0.484637588262558
indy_20160622_01,indy,5,2,0.000894459753267812,0.4402211944473876,1.0774758848650703,1.4268182516098022,0.3105725049972534,0.6894282102584839,0.3852434754371643,0.6374500393867493
indy_20160622_01,indy,5,3,0.0008779754323328191,0.3239948500993152,1.071474893339749,1.368024468421936,0.24669936299324036,0.7533004879951477,0.31818777322769165,0.7005293369293213
indy_20160622_01,indy,5,4,0.0008509529358847655,0.27932631902257027,0.9890391127816562,1.5913571119308472,0.20874108374118805,0.7912581562995911,0.2780783772468567,0.7383119463920593
indy_20160622_01,indy,5,5,0.0008140576474687264,0.25408527677702375,1.0259270421389877,1.981945514678955,0.18726415932178497,0.812735378742218,0.26268088817596436,0.7527869343757629
indy_20160622_01,indy,5,6,0.0007681980515339464,0.22712378964421326,0.8695099785410124,1.217859148979187,0.1774376481771469,0.8225622177124023,0.24541090428829193,0.7690532207489014
indy_20160622_01,indy,5,7,0.0007145033635316129,0.2157091148984065,0.831023984941943,1.357790231704712,0.17316973209381104,0.8268308043479919,0.2666599750518799,0.7490049600601196
indy_20160622_01,indy,5,8,0.0006542957248827961,0.20300260921201188,0.8572561802535221,1.5211408138275146,0.14577189087867737,0.8542275428771973,0.2261093407869339,0.7872066497802734
indy_20160622_01,indy,5,9,0.0005890576474687265,0.18885252914196343,0.7872258887208742,1.2252593040466309,0.13774463534355164,0.8622554540634155,0.2171768844127655,0.7956074476242065
indy_20160622_01,indy,5,10,0.000520395509268104,0.18997626690335856,0.8400301624988687,1.3673512935638428,0.13368624448776245,0.8663134574890137,0.2222656011581421,0.7908043265342712
indy_20160622_01,indy,5,11,0.0004500000000000001,0.18147648643453887,0.772369765002152,1.066693663597107,0.13760720193386078,0.8623923659324646,0.22729311883449554,0.7860621213912964
indy_20160622_01,indy,5,12,0.00037960449073189633,0.17725225683334409,0.7329585346682318,1.085870385169983,0.12500737607479095,0.8749929070472717,0.21321628987789154,0.7993348836898804
indy_20160622_01,indy,5,13,0.0003109423525312738,0.17138227289224067,0.7749383357064478,1.1861870288848877,0.11900082230567932,0.8809988498687744,0.21097949147224426,0.8014518022537231
indy_20160622_01,indy,5,14,0.00024570427511720405,0.16528279521701267,0.737570810934593,1.1812292337417603,0.11638118326663971,0.8836187124252319,0.20711857080459595,0.8051023483276367
indy_20160622_01,indy,5,15,0.0001854966364683872,0.16275383735565893,0.7481242315522556,1.0811994075775146,0.12279901653528214,0.8772006034851074,0.21182966232299805,0.8006470203399658
indy_20160622_01,indy,5,16,0.00013180194846605368,0.15891317341136318,0.6689787445397213,0.9505680203437805,0.11753035336732864,0.882469654083252,0.20773859322071075,0.8045048713684082
indy_20160622_01,indy,5,17,8.594235253127372e-05,0.15858523317032427,0.7164919427756605,0.9809733629226685,0.11163010448217392,0.8883695602416992,0.20498573780059814,0.8071000576019287
indy_20160622_01,indy,5,18,4.9047064115234504e-05,0.15436757445071825,0.6661641710791094,0.9370697736740112,0.11322935670614243,0.8867704272270203,0.20382358133792877,0.8081871271133423
indy_20160622_01,indy,5,19,2.2024567667180916e-05,0.15331714715014683,0.6437996399813685,0.8782375454902649,0.11167994886636734,0.8883199691772461,0.20312374830245972,0.8088451623916626
indy_20160622_01,indy,5,20,5.540246732188055e-06,0.15244858219847657,0.6842116281904024,1.0062938928604126,0.11154365539550781,0.8884565830230713,0.20296186208724976,0.808998167514801
indy_20160630_01,indy,1,1,0.0009,0.9104696712965442,1.184427565761975,3.3915367126464844,0.6677500605583191,0.3322480022907257,0.7003670930862427,0.30104202032089233
indy_20160630_01,indy,1,2,0.000894459753267812,0.6104839170503036,1.2398978301456995,2.4382247924804688,0.42821866273880005,0.571781575679779,0.4680972099304199,0.531491219997406
indy_20160630_01,indy,1,3,0.0008779754323328191,0.45879682037424213,1.4469967761210032,2.6061151027679443,0.3315325677394867,0.6684683561325073,0.39655008912086487,0.6030833721160889
indy_20160630_01,indy,1,4,0.0008509529358847655,0.38992178827986296,1.3884238281420298,1.873777151107788,0.2886781692504883,0.7113211154937744,0.3639722466468811,0.6356673240661621
indy_20160630_01,indy,1,5,0.0008140576474687264,0.341739751328816,1.2701133617333003,2.0541722774505615,0.27480289340019226,0.7251967191696167,0.3626125156879425,0.6369374990463257
indy_20160630_01,indy,1,6,0.0007681980515339464,0.3305613923170623,1.3810097447463445,2.627145528793335,0.27263930439949036,0.7273594737052917,0.366337388753891,0.6328369379043579
indy_20160630_01,indy,1,7,0.0007145033635316129,0.30252450603589015,1.1829739234277181,2.464473247528076,0.21572668850421906,0.7842730283737183,0.3091660737991333,0.6899027824401855
indy_20160630_01,indy,1,8,0.0006542957248827961,0.2756033167310328,1.1527928305523736,1.8387234210968018,0.2236614227294922,0.7763381004333496,0.3238014280796051,0.6749489307403564
indy_20160630_01,indy,1,9,0.0005890576474687265,0.27389719455633904,1.1680445160184587,2.0629851818084717,0.20870822668075562,0.791292130947113,0.3208537697792053,0.6786390542984009
indy_20160630_01,indy,1,10,0.000520395509268104,0.2587904252466573,1.091086568576949,2.0374348163604736,0.18530207872390747,0.8146976828575134,0.31208524107933044,0.6864199638366699
indy_20160630_01,indy,1,11,0.0004500000000000001,0.2535770888907773,1.1391283976180213,1.9093217849731445,0.18140636384487152,0.818593442440033,0.308202862739563,0.6905393600463867
indy_20160630_01,indy,1,12,0.00037960449073189633,0.24088194557203488,1.0586328165871757,2.267794370651245,0.17016468942165375,0.8298354148864746,0.2979021668434143,0.7009000778198242
indy_20160630_01,indy,1,13,0.0003109423525312738,0.2241805623367843,0.9822243068899427,1.8916265964508057,0.162917822599411,0.8370826244354248,0.29248976707458496,0.70609050989151
indy_20160630_01,indy,1,14,0.00024570427511720405,0.2216608104513383,1.0553236135414668,1.6896746158599854,0.16275979578495026,0.8372397422790527,0.2910500466823578,0.707481861114502
indy_20160630_01,indy,1,15,0.0001854966364683872,0.20756003213755184,0.9082995525428227,1.6489580869674683,0.15998545289039612,0.8400148749351501,0.2926267385482788,0.7061159610748291
indy_20160630_01,indy,1,16,0.00013180194846605368,0.22071220605696193,0.9940812098128455,1.5522648096084595,0.15374068915843964,0.8462594151496887,0.2879542112350464,0.7107027173042297
indy_20160630_01,indy,1,17,8.594235253127372e-05,0.212268107462081,0.9551611436264855,1.6353914737701416,0.1515764594078064,0.8484238386154175,0.28614163398742676,0.7125405073165894
indy_20160630_01,indy,1,18,4.9047064115234504e-05,0.2060470782530322,0.8899273851088115,1.2629104852676392,0.15440669655799866,0.8455935716629028,0.2917345464229584,0.7070872187614441
indy_20160630_01,indy,1,19,2.2024567667180916e-05,0.20715289783627727,0.9236528128385544,1.3539726734161377,0.15238988399505615,0.8476099967956543,0.2891417443752289,0.7095630168914795
indy_20160630_01,indy,1,20,5.540246732188055e-06,0.20988113591117924,0.892727255821228,1.1424351930618286,0.1521272361278534,0.847872793674469,0.28882232308387756,0.7098888158798218
indy_20160630_01,indy,2,1,0.0009,0.8903856907508849,1.0960454557623183,3.2020440101623535,0.6456844210624695,0.3543156087398529,0.615409255027771,0.3317638337612152
indy_20160630_01,indy,2,2,0.000894459753267812,0.6102873180324185,1.284066345010485,1.9350566864013672,0.45631083846092224,0.5436896085739136,0.4302781820297241,0.5310176610946655
indy_20160630_01,indy,2,3,0.0008779754323328191,0.4558252105930486,1.312485369188445,1.8399343490600586,0.3419990539550781,0.6580010652542114,0.33978745341300964,0.6296690702438354
indy_20160630_01,indy,2,4,0.0008509529358847655,0.38927076931032434,1.2575111814907618,1.9373265504837036,0.29230445623397827,0.7076960206031799,0.29690927267074585,0.6749315857887268
indy_20160630_01,indy,2,5,0.0008140576474687264,0.3449769453483794,1.2405786940029688,2.0691514015197754,0.256902813911438,0.7430967092514038,0.27893340587615967,0.6946277618408203
indy_20160630_01,indy,2,6,0.0007681980515339464,0.3140695292425389,1.192754756127085,2.0758938789367676,0.2473297268152237,0.7526705265045166,0.28806719183921814,0.6838274002075195
indy_20160630_01,indy,2,7,0.0007145033635316129,0.30524228307570006,1.2936134998287474,1.9317420721054077,0.23918698728084564,0.7608124613761902,0.277618408203125,0.6959177255630493
indy_20160630_01,indy,2,8,0.0006542957248827961,0.2852096696241546,1.0901544243097305,1.7603778839111328,0.21072940528392792,0.7892712354660034,0.27733561396598816,0.6952364444732666
indy_20160630_01,indy,2,9,0.0005890576474687265,0.27021896182505745,1.2643829775708062,2.221728801727295,0.2053809016942978,0.7946195602416992,0.2821802794933319,0.6891838312149048
indy_20160630_01,indy,2,10,0.000520395509268104,0.26160421130409733,1.1485482582024165,2.060988187789917,0.19208431243896484,0.807915449142456,0.2590199410915375,0.7150659561157227
indy_20160630_01,indy,2,11,0.0004500000000000001,0.2500774366612582,1.1221648795264108,2.200960159301758,0.18464036285877228,0.8153595924377441,0.2674708366394043,0.7058311104774475
indy_20160630_01,indy,2,12,0.00037960449073189633,0.24153871648126612,1.093052870460919,1.687284231185913,0.1738324761390686,0.8261674642562866,0.2550315260887146,0.7195426225662231
indy_20160630_01,indy,2,13,0.0003109423525312738,0.22653432274505533,0.9605294806616647,2.005638599395752,0.17184209823608398,0.8281583189964294,0.2619893550872803,0.7116619944572449
indy_20160630_01,indy,2,14,0.00024570427511720405,0.226218124406217,1.0103189093726022,1.5882368087768555,0.16632679104804993,0.8336736559867859,0.2580610513687134,0.7158797383308411
indy_20160630_01,indy,2,15,0.0001854966364683872,0.22582408530898831,0.9841888504368919,1.4547863006591797,0.16195201873779297,0.8380478620529175,0.25120291113853455,0.7237085103988647
indy_20160630_01,indy,2,16,0.00013180194846605368,0.2188054206617708,0.9762952647038868,1.600754976272583,0.1594800353050232,0.8405206203460693,0.2602071166038513,0.7135915756225586
indy_20160630_01,indy,2,17,8.594235253127372e-05,0.22139143372141976,0.9663906842470169,1.835086703300476,0.156589537858963,0.8434106707572937,0.2539025545120239,0.7204967141151428
indy_20160630_01,indy,2,18,4.9047064115234504e-05,0.21731841784581837,0.9755403314317975,1.504068374633789,0.15787282586097717,0.8421273827552795,0.2527449429035187,0.7217105627059937
indy_20160630_01,indy,2,19,2.2024567667180916e-05,0.21164257188527424,0.9206694726433072,1.9283543825149536,0.1549997478723526,0.8450002670288086,0.25523480772972107,0.7190016508102417
indy_20160630_01,indy,2,20,5.540246732188055e-06,0.20455528874700565,0.8609281863485064,1.2924604415893555,0.15435779094696045,0.8456422090530396,0.2536509037017822,0.7207454442977905
indy_20160630_01,indy,3,1,0.0009,0.91994940267462,1.2494320017950875,4.512403964996338,0.6740907430648804,0.3259073495864868,0.6733829975128174,0.3204854726791382
indy_20160630_01,indy,3,2,0.000894459753267812,0.6237032844240733,1.317612694842475,2.486438035964966,0.4545096457004547,0.5454888343811035,0.480930894613266,0.5161254405975342
indy_20160630_01,indy,3,3,0.0008779754323328191,0.4664609590399199,1.2209831391062056,1.7355420589447021,0.33241793513298035,0.6675821542739868,0.3730432391166687,0.6246774196624756
indy_20160630_01,indy,3,4,0.0008509529358847655,0.3805183626769,1.163143943463053,1.7327901124954224,0.2967406213283539,0.7032597064971924,0.35056909918785095,0.6469293832778931
indy_20160630_01,indy,3,5,0.0008140576474687264,0.3351448541561659,1.1648629627057485,2.22282075881958,0.25639447569847107,0.7436062097549438,0.3236778676509857,0.6743439435958862
indy_20160630_01,indy,3,6,0.0007681980515339464,0.31752953834727765,1.243378045303481,2.361518383026123,0.2501221001148224,0.7498780488967896,0.32978397607803345,0.6682513952255249
indy_20160630_01,indy,3,7,0.0007145033635316129,0.2954148913506166,1.087496668100357,1.564933180809021,0.2174513339996338,0.782548189163208,0.3039954602718353,0.6945033073425293
indy_20160630_01,indy,3,8,0.0006542957248827961,0.269788791948179,1.0937593494142805,1.996201515197754,0.20919913053512573,0.7908010482788086,0.30490484833717346,0.6936371326446533
indy_20160630_01,indy,3,9,0.0005890576474687265,0.2735406234434919,1.3361174847398485,2.932835578918457,0.21118585765361786,0.788814127445221,0.3184087872505188,0.6793519258499146
indy_20160630_01,indy,3,10,0.000520395509268104,0.25605357831079684,1.0542499252728053,1.5631234645843506,0.1862100064754486,0.8137898445129395,0.29841524362564087,0.6998963356018066
indy_20160630_01,indy,3,11,0.0004500000000000001,0.25321816705743067,1.0495067430394036,1.8231103420257568,0.1783599704504013,0.8216395974159241,0.2987896502017975,0.6996601819992065
indy_20160630_01,indy,3,12,0.00037960449073189633,0.23831984424717315,1.0566721175398146,1.9298017024993896,0.17465318739414215,0.8253465294837952,0.2973519265651703,0.7010247707366943
indy_20160630_01,indy,3,13,0.0003109423525312738,0.23078665782275432,1.0996150353125163,2.5387589931488037,0.17673081159591675,0.8232696056365967,0.30505114793777466,0.6934736967086792
indy_20160630_01,indy,3,14,0.00024570427511720405,0.22569601837138176,1.0452525977577483,2.1436808109283447,0.16525053977966309,0.8347494602203369,0.29098132252693176,0.7074278593063354
indy_20160630_01,indy,3,15,0.0001854966364683872,0.21080102928417466,1.0416518854243415,1.9210634231567383,0.16032247245311737,0.8396775722503662,0.29108935594558716,0.707565426826477
indy_20160630_01,indy,3,16,0.00013180194846605368,0.21366785556941886,0.96054308116436,1.5528030395507812,0.15382267534732819,0.8461771607398987,0.2871904969215393,0.7114406228065491
indy_20160630_01,indy,3,17,8.594235253127372e-05,0.21051325973588939,0.9424584114125797,2.287872314453125,0.15435579419136047,0.8456441164016724,0.2867374122142792,0.7118291258811951
indy_20160630_01,indy,3,18,4.9047064115234504e-05,0.20728174731892654,0.8641597415719714,1.5564186573028564,0.1540486365556717,0.8459513783454895,0.28836601972579956,0.7102038264274597
indy_20160630_01,indy,3,19,2.2024567667180916e-05,0.2153436070829059,0.9799868209021432,1.8611087799072266,0.15307629108428955,0.846923828125,0.28685691952705383,0.7117493152618408
indy_20160630_01,indy,3,20,5.540246732188055e-06,0.20641093483741532,0.8672249168157578,1.3041150569915771,0.15259172022342682,0.8474087119102478,0.2863837480545044,0.7122349739074707
indy_20160630_01,indy,4,1,0.0009,0.8956517251930587,1.0676694491079874,2.766660213470459,0.6696456074714661,0.3303513526916504,0.60787034034729,0.2877252697944641
indy_20160630_01,indy,4,2,0.000894459753267812,0.6043947345733917,1.207045086792537,2.4352123737335205,0.4375166594982147,0.5624814033508301,0.43613460659980774,0.48978087306022644
indy_20160630_01,indy,4,3,0.0008779754323328191,0.4476350400177468,1.2890890879290444,2.300191640853882,0.3338448405265808,0.6661548614501953,0.36391130089759827,0.5740694403648376
indy_20160630_01,indy,4,4,0.0008509529358847655,0.3829013757260023,1.2959385641983576,2.1076645851135254,0.3083460330963135,0.6916528940200806,0.34186726808547974,0.6005305647850037
indy_20160630_01,indy,4,5,0.0008140576474687264,0.3384202831081879,1.2312694915703364,2.024196147918701,0.26646173000335693,0.7335379123687744,0.3174426853656769,0.6289365291595459
indy_20160630_01,indy,4,6,0.0007681980515339464,0.33400467972312337,1.20973068688597,1.780899167060852,0.2497888207435608,0.7502111792564392,0.3208869695663452,0.624821662902832
indy_20160630_01,indy,4,7,0.0007145033635316129,0.3161744628816261,1.2678729615041189,2.2040092945098877,0.24949955940246582,0.7504998445510864,0.34266531467437744,0.6000323295593262
indy_20160630_01,indy,4,8,0.0006542957248827961,0.28495343481465996,1.1170293646199363,1.5877556800842285,0.21278022229671478,0.7872196435928345,0.2896878719329834,0.6611699461936951
indy_20160630_01,indy,4,9,0.0005890576474687265,0.27701988749287376,1.0857263143573488,1.9374709129333496,0.2041611224412918,0.7958388924598694,0.29154887795448303,0.659286379814148
indy_20160630_01,indy,4,10,0.000520395509268104,0.2635616207552035,1.2220947274139948,1.807907223701477,0.21849782764911652,0.7815014123916626,0.288713663816452,0.6624133586883545
indy_20160630_01,indy,4,11,0.0004500000000000001,0.2518770462741871,1.1060687963451659,1.5873892307281494,0.18529842793941498,0.8147015571594238,0.26574936509132385,0.6894463300704956
indy_20160630_01,indy,4,12,0.00037960449073189633,0.24800459897260105,1.0251640379428864,1.358747124671936,0.17578436434268951,0.8242156505584717,0.2691914439201355,0.6855611205101013
indy_20160630_01,indy,4,13,0.0003109423525312738,0.23105598955924983,0.9918255784681865,1.5269465446472168,0.1792704313993454,0.8207297325134277,0.28603941202163696,0.6659175753593445
indy_20160630_01,indy,4,14,0.00024570427511720405,0.236689885253903,1.0757997993912016,1.9241809844970703,0.1702202558517456,0.8297795653343201,0.2729133069515228,0.6808136105537415
indy_20160630_01,indy,4,15,0.0001854966364683872,0.22702665607049624,0.9953138721840722,1.6008305549621582,0.16761943697929382,0.8323808312416077,0.28047579526901245,0.6721607446670532
indy_20160630_01,indy,4,16,0.00013180194846605368,0.22480374769003295,0.9698201034750257,1.656410813331604,0.16133874654769897,0.8386620283126831,0.27185019850730896,0.6826217174530029
indy_20160630_01,indy,4,17,8.594235253127372e-05,0.2168121763907848,0.9866654425859451,1.7870638370513916,0.1615510880947113,0.8384490013122559,0.2765381932258606,0.6768953800201416
indy_20160630_01,indy,4,18,4.9047064115234504e-05,0.2206167777639689,0.9654283246823719,1.6312730312347412,0.15868835151195526,0.8413118124008179,0.26227006316185,0.6936124563217163
indy_20160630_01,indy,4,19,2.2024567667180916e-05,0.2190371303685921,0.9653783568314144,1.8930824995040894,0.1580801010131836,0.8419197201728821,0.26699936389923096,0.6881141662597656
indy_20160630_01,indy,4,20,5.540246732188055e-06,0.20971451691174767,0.8655570106846946,1.3245787620544434,0.15809741616249084,0.8419025540351868,0.2669340670108795,0.6881689429283142
indy_20160630_01,indy,5,1,0.0009,0.8976851194220112,1.186729182090078,2.8763842582702637,0.6623677611351013,0.3376307189464569,0.8147232532501221,0.27333834767341614
indy_20160630_01,indy,5,2,0.000894459753267812,0.5944150785836054,1.3147606679371424,1.9280112981796265,0.4324147403240204,0.5675842761993408,0.5770817995071411,0.4865618050098419
indy_20160630_01,indy,5,3,0.0008779754323328191,0.4442445276760423,1.2710125318595342,2.068769693374634,0.3346448838710785,0.6653538942337036,0.4883727729320526,0.5652310848236084
indy_20160630_01,indy,5,4,0.0008509529358847655,0.38132757212394286,1.4048111289739609,2.4247078895568848,0.2919357419013977,0.708064079284668,0.4505637586116791,0.5986388921737671
indy_20160630_01,indy,5,5,0.0008140576474687264,0.33963167343005846,1.1528842151165009,1.7536154985427856,0.25354307889938354,0.7464560866355896,0.4224332273006439,0.6239218711853027
indy_20160630_01,indy,5,6,0.0007681980515339464,0.3069871026642358,1.1724794719900404,2.1067144870758057,0.225513756275177,0.7744858860969543,0.4136589765548706,0.6314990520477295
indy_20160630_01,indy,5,7,0.0007145033635316129,0.3019851940044307,1.156393634421485,2.160588026046753,0.21904030442237854,0.7809603810310364,0.39952999353408813,0.6440264582633972
indy_20160630_01,indy,5,8,0.0006542957248827961,0.2837490366381426,1.2059583238192968,1.567512035369873,0.20269402861595154,0.7973062992095947,0.3840644955635071,0.6578846573829651
indy_20160630_01,indy,5,9,0.0005890576474687265,0.27329613502745276,1.297927045396396,3.701934576034546,0.19745668768882751,0.8025436401367188,0.39613524079322815,0.6473504304885864
indy_20160630_01,indy,5,10,0.000520395509268104,0.25309343178175686,1.119602388569287,2.218620538711548,0.188994899392128,0.8110040426254272,0.3948433995246887,0.6481388807296753
indy_20160630_01,indy,5,11,0.0004500000000000001,0.24827375105303762,1.099491536617279,1.6442519426345825,0.17802965641021729,0.8219705820083618,0.38739070296287537,0.6547338962554932
indy_20160630_01,indy,5,12,0.00037960449073189633,0.23190192618544994,1.0783884823322296,1.6091119050979614,0.1642996370792389,0.8357003927230835,0.3766945004463196,0.6646263599395752
indy_20160630_01,indy,5,13,0.0003109423525312738,0.23342077480666298,1.1788965633937292,1.7683607339859009,0.16042062640190125,0.8395792245864868,0.3658923804759979,0.6739579439163208
indy_20160630_01,indy,5,14,0.00024570427511720405,0.21524209948862158,0.9540376663208008,1.7257944345474243,0.15842247009277344,0.8415775299072266,0.3700810670852661,0.6703121066093445
indy_20160630_01,indy,5,15,0.0001854966364683872,0.21635288517019596,1.0629843366997582,2.244934558868408,0.1524106115102768,0.8475891351699829,0.3663254976272583,0.6737750172615051
indy_20160630_01,indy,5,16,0.00013180194846605368,0.212658119285557,0.996418473975999,1.6608225107192993,0.15168125927448273,0.8483184576034546,0.3695354461669922,0.6708005666732788
indy_20160630_01,indy,5,17,8.594235253127372e-05,0.20917832807783557,1.0237722439425332,2.8864924907684326,0.1486949473619461,0.8513048887252808,0.3660799264907837,0.6739298105239868
indy_20160630_01,indy,5,18,4.9047064115234504e-05,0.20520703246214153,0.9471740254334041,1.3676468133926392,0.15000930428504944,0.8499906063079834,0.3687404692173004,0.6714861392974854
indy_20160630_01,indy,5,19,2.2024567667180916e-05,0.2013307655237607,0.9142302061830249,1.9680255651474,0.14848026633262634,0.851519763469696,0.36805459856987,0.6721044778823853
indy_20160630_01,indy,5,20,5.540246732188055e-06,0.20508607481550487,0.8979804366827011,1.369828224182129,0.1481325626373291,0.8518675565719604,0.36774277687072754,0.6723957657814026
indy_20170131_02,indy,1,1,0.0009,0.9225056432921858,1.2418283224105835,2.663944959640503,0.6889418363571167,0.3110533356666565,0.8545260429382324,0.2657051682472229
indy_20170131_02,indy,1,2,0.000894459753267812,0.6464137929532039,1.1945747277315926,1.5911234617233276,0.483551949262619,0.5164450407028198,0.5974891185760498,0.4865576922893524
indy_20170131_02,indy,1,3,0.0008779754323328191,0.47846742227477096,1.0457097116638632,1.5306951999664307,0.3549801707267761,0.6450172662734985,0.4761013090610504,0.5908621549606323
indy_20170131_02,indy,1,4,0.0008509529358847655,0.3843375278301233,1.1533370614051819,1.9487237930297852,0.29506367444992065,0.7049342393875122,0.4342150092124939,0.6268560886383057
indy_20170131_02,indy,1,5,0.0008140576474687264,0.31913670257659954,0.9586365994285134,1.4822499752044678,0.24204021692276,0.7579585313796997,0.36666733026504517,0.684908390045166
indy_20170131_02,indy,1,6,0.0007681980515339464,0.2864358159042871,1.1226058602333069,1.6954460144042969,0.22174368798732758,0.7782554626464844,0.356820285320282,0.6933783292770386
indy_20170131_02,indy,1,7,0.0007145033635316129,0.2642650945768069,0.9481613636016846,1.6208163499832153,0.20566819608211517,0.794330358505249,0.3492059111595154,0.6999315023422241
indy_20170131_02,indy,1,8,0.0006542957248827961,0.24375564539518585,1.0368442254907944,1.5195425748825073,0.18720507621765137,0.8127938508987427,0.32586053013801575,0.719978928565979
indy_20170131_02,indy,1,9,0.0005890576474687265,0.2270414009213223,0.934204126105589,1.681390404701233,0.172578826546669,0.8274203538894653,0.32357147336006165,0.7219551801681519
indy_20170131_02,indy,1,10,0.000520395509268104,0.2184165283972111,0.9080284027492299,1.2757139205932617,0.16199594736099243,0.8380029201507568,0.32367241382598877,0.7218540906906128
indy_20170131_02,indy,1,11,0.0004500000000000001,0.2077801995264683,0.79207163698533,1.0568923950195312,0.15473008155822754,0.8452693223953247,0.321114718914032,0.7240644693374634
indy_20170131_02,indy,1,12,0.00037960449073189633,0.20144086380612528,0.8571614272454205,1.161702275276184,0.14648179709911346,0.8535175323486328,0.3276097774505615,0.7184701561927795
indy_20170131_02,indy,1,13,0.0003109423525312738,0.19583525615185968,0.8521931522032794,1.4893237352371216,0.14338146150112152,0.85661780834198,0.32867181301116943,0.7175551652908325
indy_20170131_02,indy,1,14,0.00024570427511720405,0.18729723852083358,0.7921215541222516,1.0814849138259888,0.13810086250305176,0.8618986010551453,0.3210757374763489,0.7240886092185974
indy_20170131_02,indy,1,15,0.0001854966364683872,0.19123515777163586,0.9278092840138603,2.018192768096924,0.13882240653038025,0.8611767292022705,0.32803794741630554,0.7181111574172974
indy_20170131_02,indy,1,16,0.00013180194846605368,0.1836158890723808,0.817446067052729,1.6017504930496216,0.13373278081417084,0.8662666082382202,0.3233630657196045,0.722125232219696
indy_20170131_02,indy,1,17,8.594235253127372e-05,0.18302785490510304,0.8550312133396373,1.116108775138855,0.13092656433582306,0.869072675704956,0.322977751493454,0.7224546074867249
indy_20170131_02,indy,1,18,4.9047064115234504e-05,0.17733035004239972,0.7268278774093179,1.1938849687576294,0.129029780626297,0.8709697127342224,0.31968164443969727,0.7252870798110962
indy_20170131_02,indy,1,19,2.2024567667180916e-05,0.175985771492451,0.7182955040651209,0.9433584809303284,0.12863560020923615,0.8713639974594116,0.31982484459877014,0.7251631021499634
indy_20170131_02,indy,1,20,5.540246732188055e-06,0.17718125983034375,0.7643849358839148,1.29551362991333,0.1285463124513626,0.8714529871940613,0.3199997842311859,0.7250121831893921
indy_20170131_02,indy,2,1,0.0009,0.9130330736940213,1.2892736617256613,2.9047698974609375,0.6747257113456726,0.3252699375152588,0.5797585844993591,0.29094332456588745
indy_20170131_02,indy,2,2,0.000894459753267812,0.6342083161457412,1.2556938283583696,2.1527042388916016,0.48721447587013245,0.5127819180488586,0.4505186676979065,0.44948360323905945
indy_20170131_02,indy,2,3,0.0008779754323328191,0.4895291077220916,1.236581101137049,2.272106647491455,0.360571950674057,0.6394262313842773,0.3393175005912781,0.5840350389480591
indy_20170131_02,indy,2,4,0.0008509529358847655,0.37885948238704764,1.1990654889275045,1.7105112075805664,0.28357556462287903,0.7164233922958374,0.31360796093940735,0.6149065494537354
indy_20170131_02,indy,2,5,0.0008140576474687264,0.308073326577897,1.109985418179456,1.6429792642593384,0.24225644767284393,0.757742166519165,0.30393198132514954,0.6280046701431274
indy_20170131_02,indy,2,6,0.0007681980515339464,0.27949450813588106,1.0721221846692703,1.7417329549789429,0.23321253061294556,0.7667862176895142,0.28042492270469666,0.6554505825042725
indy_20170131_02,indy,2,7,0.0007145033635316129,0.27417757572611606,1.286072411957909,2.0720016956329346,0.2004309594631195,0.7995681166648865,0.28913724422454834,0.645700216293335
indy_20170131_02,indy,2,8,0.0006542957248827961,0.24215637658414843,0.9183800676289726,1.3946982622146606,0.18533387780189514,0.8146650195121765,0.25927677750587463,0.6821826696395874
indy_20170131_02,indy,2,9,0.0005890576474687265,0.2335690925139048,0.9676584461156059,1.5414016246795654,0.17669746279716492,0.823302149772644,0.2791776955127716,0.656592071056366
indy_20170131_02,indy,2,10,0.000520395509268104,0.2231508082913291,0.9427331440589007,1.5261938571929932,0.1637985110282898,0.8362010717391968,0.265968382358551,0.6735039949417114
indy_20170131_02,indy,2,11,0.0004500000000000001,0.2048671544143179,0.8198318761937758,1.3052898645401,0.16379009187221527,0.8362089991569519,0.28043854236602783,0.6560546159744263
indy_20170131_02,indy,2,12,0.00037960449073189633,0.2028441772641052,0.8471757418969098,1.3150554895401,0.15274012088775635,0.8472589254379272,0.2631571292877197,0.6766366958618164
indy_20170131_02,indy,2,13,0.0003109423525312738,0.198183156868476,0.8510008419261259,1.211723804473877,0.1476208120584488,0.8523783683776855,0.2656584084033966,0.6736487150192261
indy_20170131_02,indy,2,14,0.00024570427511720405,0.19318518483735736,0.900653015164768,1.3288706541061401,0.14473392069339752,0.855265736579895,0.26888197660446167,0.6693369150161743
indy_20170131_02,indy,2,15,0.0001854966364683872,0.1937159265383659,0.8279431006487679,1.1624155044555664,0.13830584287643433,0.8616935610771179,0.25370293855667114,0.6884636878967285
indy_20170131_02,indy,2,16,0.00013180194846605368,0.17960345528212662,0.7061176264987272,1.1124658584594727,0.13476964831352234,0.8652295470237732,0.25425174832344055,0.687376081943512
indy_20170131_02,indy,2,17,8.594235253127372e-05,0.18062953420734176,0.7156787514686584,1.0481728315353394,0.13101255893707275,0.868986964225769,0.2495519518852234,0.6934912204742432
indy_20170131_02,indy,2,18,4.9047064115234504e-05,0.1811101645323334,0.7003091223099652,0.9609130620956421,0.13042664527893066,0.8695725202560425,0.2495732456445694,0.6935062408447266
indy_20170131_02,indy,2,19,2.2024567667180916e-05,0.17651698140899416,0.6975491152090185,0.9535755515098572,0.13103193044662476,0.8689672350883484,0.25137999653816223,0.6912436485290527
indy_20170131_02,indy,2,20,5.540246732188055e-06,0.17688737813604632,0.7169834024765912,0.882658839225769,0.13102541863918304,0.8689740896224976,0.2511340379714966,0.6915521621704102
indy_20170131_02,indy,3,1,0.0009,0.9106127054371074,1.3274879771120407,3.670393705368042,0.6708711385726929,0.3291246294975281,0.7209337949752808,0.2772018611431122
indy_20170131_02,indy,3,2,0.000894459753267812,0.625832578868902,1.0970709078452165,1.7346081733703613,0.45807066559791565,0.5419259071350098,0.5177040100097656,0.4792898893356323
indy_20170131_02,indy,3,3,0.0008779754323328191,0.46400851276394106,1.0340526314342724,1.8669943809509277,0.34599772095680237,0.6540006995201111,0.4076562523841858,0.5889879465103149
indy_20170131_02,indy,3,4,0.0008509529358847655,0.3692290883200766,0.9956920427434585,1.3130682706832886,0.2769280970096588,0.7230706214904785,0.3446417450904846,0.6533150672912598
indy_20170131_02,indy,3,5,0.0008140576474687264,0.31989866494851205,1.1456998551593107,2.5136003494262695,0.23882313072681427,0.7611757516860962,0.3221076726913452,0.6766903400421143
indy_20170131_02,indy,3,6,0.0007681980515339464,0.27688305778824407,0.9620084376896129,1.2988364696502686,0.2200412154197693,0.7799572944641113,0.3132544457912445,0.6848680973052979
indy_20170131_02,indy,3,7,0.0007145033635316129,0.2610904294979876,0.9763881704386543,1.6956768035888672,0.20153112709522247,0.7984681129455566,0.3057430386543274,0.6929976940155029
indy_20170131_02,indy,3,8,0.0006542957248827961,0.24560384863050677,1.0485506653785706,1.7506771087646484,0.1836925446987152,0.8163065910339355,0.2973470389842987,0.7014265060424805
indy_20170131_02,indy,3,9,0.0005890576474687265,0.22736890021829945,0.9544957315220552,1.505545735359192,0.17654572427272797,0.8234533071517944,0.3074764609336853,0.6911170482635498
indy_20170131_02,indy,3,10,0.000520395509268104,0.21839796343139223,0.9125314284773434,1.1595488786697388,0.16513456404209137,0.8348646759986877,0.2949064075946808,0.7037971615791321
indy_20170131_02,indy,3,11,0.0004500000000000001,0.20661981831784892,0.8658247625126558,1.4054710865020752,0.16085006296634674,0.8391491174697876,0.2897888422012329,0.7094903588294983
indy_20170131_02,indy,3,12,0.00037960449073189633,0.2059277011280204,0.7887120983179878,1.1751513481140137,0.14871227741241455,0.8512869477272034,0.28177279233932495,0.7172102928161621
indy_20170131_02,indy,3,13,0.0003109423525312738,0.19843406116073706,0.8695064257172977,1.5518592596054077,0.1434369832277298,0.8565620183944702,0.2784503400325775,0.7201367616653442
indy_20170131_02,indy,3,14,0.00024570427511720405,0.1893776376429651,0.796107201015248,1.4280465841293335,0.13644176721572876,0.8635575771331787,0.2740759551525116,0.7247730493545532
indy_20170131_02,indy,3,15,0.0001854966364683872,0.19089127654885302,0.9337930959813735,1.6527979373931885,0.13947388529777527,0.8605255484580994,0.2810022234916687,0.7177658081054688
indy_20170131_02,indy,3,16,0.00013180194846605368,0.18515331767272108,0.7593080857220817,1.2319515943527222,0.13323986530303955,0.8667596578598022,0.2777753174304962,0.7210490703582764
indy_20170131_02,indy,3,17,8.594235253127372e-05,0.18265871022736813,0.8226478730931002,1.249210238456726,0.1329077184200287,0.8670917749404907,0.27727362513542175,0.7215891480445862
indy_20170131_02,indy,3,18,4.9047064115234504e-05,0.18128962180418726,0.7527490223155302,1.197906732559204,0.131540447473526,0.8684591054916382,0.2780328094959259,0.7206384539604187
indy_20170131_02,indy,3,19,2.2024567667180916e-05,0.1849685946372216,0.8112154848435346,1.1039968729019165,0.130291149020195,0.8697080612182617,0.2768731117248535,0.7218277454376221
indy_20170131_02,indy,3,20,5.540246732188055e-06,0.18005384929283644,0.7471484576954561,1.2843279838562012,0.13009293377399445,0.8699067831039429,0.27680137753486633,0.7218891382217407
indy_20170131_02,indy,4,1,0.0009,0.9035981022467662,1.1833673540283651,3.45762038230896,0.6611048579216003,0.33889222145080566,0.5970015525817871,0.3265075981616974
indy_20170131_02,indy,4,2,0.000894459753267812,0.6156519440006953,1.075072674190297,1.463087797164917,0.46672627329826355,0.5332705974578857,0.45360085368156433,0.48514989018440247
indy_20170131_02,indy,4,3,0.0008779754323328191,0.4624485270756575,1.0712093781022465,1.7334496974945068,0.3498576581478119,0.6501408815383911,0.3863793611526489,0.5580891370773315
indy_20170131_02,indy,4,4,0.0008509529358847655,0.37981379040680885,1.1717595282722921,1.3784462213516235,0.2760264277458191,0.723972499370575,0.35053694248199463,0.5971510410308838
indy_20170131_02,indy,4,5,0.0008140576474687264,0.3220608669067822,1.073774162460776,1.7216275930404663,0.2515040934085846,0.7484946250915527,0.3356334865093231,0.6128749847412109
indy_20170131_02,indy,4,6,0.0007681980515339464,0.28187455208710377,1.043808621518752,1.4901745319366455,0.2187901735305786,0.781208872795105,0.3198179304599762,0.6322517395019531
indy_20170131_02,indy,4,7,0.0007145033635316129,0.2638460954379786,0.9878275955424589,1.9443798065185547,0.20850232243537903,0.7914970517158508,0.31987425684928894,0.6331148743629456
indy_20170131_02,indy,4,8,0.0006542957248827961,0.24195755452139842,1.0198851052452536,1.5299115180969238,0.18748873472213745,0.8125102519989014,0.2986513674259186,0.6550315618515015
indy_20170131_02,indy,4,9,0.0005890576474687265,0.2299326849572101,1.019934710334329,1.6078799962997437,0.16904808580875397,0.8309515714645386,0.2967744767665863,0.6570364236831665
indy_20170131_02,indy,4,10,0.000520395509268104,0.22480786338098144,1.010118793038761,1.490199327468872,0.16745951771736145,0.8325395584106445,0.3062809407711029,0.6460026502609253
indy_20170131_02,indy,4,11,0.0004500000000000001,0.20816673600866623,0.9678987860679626,1.4151946306228638,0.16546586155891418,0.8345335721969604,0.31004294753074646,0.6419060230255127
indy_20170131_02,indy,4,12,0.00037960449073189633,0.20858423755770242,1.1136717761264128,1.626166582107544,0.15393179655075073,0.846067488193512,0.2960999011993408,0.6578611135482788
indy_20170131_02,indy,4,13,0.0003109423525312738,0.20527348832650963,0.9645952266805312,1.2557307481765747,0.14321967959403992,0.8567798137664795,0.29412245750427246,0.661176323890686
indy_20170131_02,indy,4,14,0.00024570427511720405,0.19255608194231993,0.8063261473880095,1.0234848260879517,0.1390431523323059,0.860956072807312,0.28864774107933044,0.6670013666152954
indy_20170131_02,indy,4,15,0.0001854966364683872,0.1882570010161207,0.8678642967168022,1.3486067056655884,0.1383594572544098,0.8616399765014648,0.2914394736289978,0.6626119613647461
indy_20170131_02,indy,4,16,0.00013180194846605368,0.1835740772197908,0.7971885099130518,1.260611891746521,0.1343020498752594,0.865696907043457,0.2873600721359253,0.6677098274230957
indy_20170131_02,indy,4,17,8.594235253127372e-05,0.17805413518190946,0.7094714466263267,1.2539067268371582,0.13273745775222778,0.8672618269920349,0.28575554490089417,0.6695984601974487
indy_20170131_02,indy,4,18,4.9047064115234504e-05,0.17760274285269095,0.7232223696568433,1.0520566701889038,0.1316324770450592,0.8683668375015259,0.28595179319381714,0.6694368124008179
indy_20170131_02,indy,4,19,2.2024567667180916e-05,0.17855968197904643,0.7271448864656336,1.3876562118530273,0.13057376444339752,0.8694257736206055,0.2843354344367981,0.671252965927124
indy_20170131_02,indy,4,20,5.540246732188055e-06,0.1741661094169441,0.6822079770705279,0.8135965466499329,0.1304265409708023,0.8695727586746216,0.284261554479599,0.6712672710418701
indy_20170131_02,indy,5,1,0.0009,0.9189485629034948,1.208407395026263,3.063952922821045,0.6760075092315674,0.3239881992340088,0.746909499168396,0.27583685517311096
indy_20170131_02,indy,5,2,0.000894459753267812,0.6246445827921735,1.0195354433620678,1.4535009860992432,0.4604606628417969,0.5395366549491882,0.5269890427589417,0.49024486541748047
indy_20170131_02,indy,5,3,0.0008779754323328191,0.4719199363453479,1.056789030047024,2.2310519218444824,0.34499165415763855,0.6550065279006958,0.4300106465816498,0.5807589888572693
indy_20170131_02,indy,5,4,0.0008509529358847655,0.3673352180459077,1.148572630742017,1.961590051651001,0.28588488698005676,0.7141132950782776,0.37820127606391907,0.627749502658844
indy_20170131_02,indy,5,5,0.0008140576474687264,0.3175417770860316,1.161800040918238,1.8507071733474731,0.23793092370033264,0.7620674967765808,0.34818464517593384,0.6555001735687256
indy_20170131_02,indy,5,6,0.0007681980515339464,0.27797762722154207,1.0481362167526693,1.6532248258590698,0.2237422615289688,0.7762560844421387,0.3285970985889435,0.6745240092277527
indy_20170131_02,indy,5,7,0.0007145033635316129,0.2616824517021828,1.11484773720012,1.9480074644088745,0.19578728079795837,0.8042120337486267,0.3232278823852539,0.6792489290237427
indy_20170131_02,indy,5,8,0.0006542957248827961,0.24556013832646834,0.9930856157751644,1.8034424781799316,0.1864352971315384,0.813563883304596,0.32513293623924255,0.6768890619277954
indy_20170131_02,indy,5,9,0.0005890576474687265,0.2272653775775357,0.8801680347498726,1.1538150310516357,0.16715140640735626,0.8328477144241333,0.31393998861312866,0.6889294385910034
indy_20170131_02,indy,5,10,0.000520395509268104,0.2275849131192965,0.9155108402757084,1.136948585510254,0.16184693574905396,0.8381524085998535,0.3150341212749481,0.6879913806915283
indy_20170131_02,indy,5,11,0.0004500000000000001,0.20923058560943303,0.9941209168995128,1.2575119733810425,0.14682428538799286,0.8531746864318848,0.30638086795806885,0.6978347301483154
indy_20170131_02,indy,5,12,0.00037960449073189633,0.2013490760948839,0.8360741909812478,1.090287208557129,0.14300505816936493,0.8569940328598022,0.312320739030838,0.690240204334259
indy_20170131_02,indy,5,13,0.0003109423525312738,0.19773986462456516,0.8884224225493038,1.4831290245056152,0.14037226140499115,0.8596270084381104,0.3051862418651581,0.6977569460868835
indy_20170131_02,indy,5,14,0.00024570427511720405,0.1860608144293103,0.7863470245810116,1.1368255615234375,0.13354219496250153,0.8664569854736328,0.31539660692214966,0.687208354473114
indy_20170131_02,indy,5,15,0.0001854966364683872,0.18459192823288562,0.8000618780360502,0.9925101399421692,0.13270896673202515,0.8672904968261719,0.3124796152114868,0.6898449659347534
indy_20170131_02,indy,5,16,0.00013180194846605368,0.182668865147648,0.7621473389513352,1.0179277658462524,0.12886126339435577,0.8711379766464233,0.3135421872138977,0.6887927055358887
indy_20170131_02,indy,5,17,8.594235253127372e-05,0.17557610953344574,0.7899590590420891,1.2474451065063477,0.12726329267024994,0.8727359175682068,0.3135480582714081,0.6890032291412354
indy_20170131_02,indy,5,18,4.9047064115234504e-05,0.18278597096382063,0.8105575863052817,1.289147973060608,0.12689778208732605,0.8731017112731934,0.31496524810791016,0.6874301433563232
indy_20170131_02,indy,5,19,2.2024567667180916e-05,0.17240195805607716,0.7037396395907682,0.9460328817367554,0.1266058087348938,0.8733934164047241,0.3147648274898529,0.6876563429832458
indy_20170131_02,indy,5,20,5.540246732188055e-06,0.16694812128343914,0.6807750323239494,0.7912915349006653,0.12651225924491882,0.873487114906311,0.3146001398563385,0.6878229975700378
loco_20170210_03,loco,1,1,0.0009,0.9162016691922636,1.168398822608747,2.9765403270721436,0.7235002517700195,0.27649152278900146,1.023314118385315,0.17026102542877197
loco_20170210_03,loco,1,2,0.000894459753267812,0.6598611672200531,0.9718260294512698,1.52149498462677,0.518193781375885,0.4818010628223419,0.781897246837616,0.3565655052661896
loco_20170210_03,loco,1,3,0.0008779754323328191,0.5098961797090902,1.3292057200482017,2.072690010070801,0.40842172503471375,0.5915748476982117,0.6459147930145264,0.4708472788333893
loco_20170210_03,loco,1,4,0.0008509529358847655,0.4238265045823223,1.406019367669758,2.357724666595459,0.3298918604850769,0.6701047420501709,0.6184675693511963,0.48969119787216187
loco_20170210_03,loco,1,5,0.0008140576474687264,0.3855713297818246,1.2816992590301914,2.4785852432250977,0.3078722357749939,0.6921247243881226,0.6009130477905273,0.5038914084434509
loco_20170210_03,loco,1,6,0.0007681980515339464,0.3453373637866256,1.2559748605677956,1.6692748069763184,0.2943582236766815,0.7056398391723633,0.6114049553871155,0.49108389019966125
loco_20170210_03,loco,1,7,0.0007145033635316129,0.3329237614904003,1.4692457255564237,2.16269588470459,0.2427881360054016,0.7572101354598999,0.5451805591583252,0.5516866445541382
loco_20170210_03,loco,1,8,0.0006542957248827961,0.2975322329312374,1.1316838233094466,1.9822306632995605,0.22661492228507996,0.7733825445175171,0.5463876128196716,0.5513241291046143
loco_20170210_03,loco,1,9,0.0005890576474687265,0.28840778812299867,1.2329691209291156,1.7506135702133179,0.2342338263988495,0.7657653093338013,0.5908530950546265,0.5122267007827759
loco_20170210_03,loco,1,10,0.000520395509268104,0.2767469245702961,1.2638677421369051,2.118743419647217,0.2316337376832962,0.7683645486831665,0.5876122117042542,0.5110429525375366
loco_20170210_03,loco,1,11,0.0004500000000000001,0.273200599493433,1.082882322763142,1.5221991539001465,0.23238901793956757,0.7676093578338623,0.5943269729614258,0.510391354560852
loco_20170210_03,loco,1,12,0.00037960449073189633,0.2728128065265955,1.3288268321438839,2.4586341381073,0.19061507284641266,0.809383749961853,0.5506522059440613,0.5449907779693604
loco_20170210_03,loco,1,13,0.0003109423525312738,0.25022631928349237,0.9793997061880011,1.6354029178619385,0.18321512639522552,0.8167839050292969,0.5376224517822266,0.558091402053833
loco_20170210_03,loco,1,14,0.00024570427511720405,0.23668719211541128,0.9821012929866189,1.5387418270111084,0.1827167570590973,0.8172822594642639,0.5587545037269592,0.5389956831932068
loco_20170210_03,loco,1,15,0.0001854966364683872,0.2434391508548856,0.9512321352958679,1.5852863788604736,0.1722690910100937,0.8277296423912048,0.5446579456329346,0.5508476495742798
loco_20170210_03,loco,1,16,0.00013180194846605368,0.22037944230534726,0.8702267031920584,1.3760477304458618,0.17528049647808075,0.8247183561325073,0.5544854402542114,0.5433872938156128
loco_20170210_03,loco,1,17,8.594235253127372e-05,0.23383054818105373,1.0218676485513385,1.9433037042617798,0.17188987135887146,0.8281092047691345,0.5518022179603577,0.5449179410934448
loco_20170210_03,loco,1,18,4.9047064115234504e-05,0.2268010664781215,0.8908186366683558,1.1570103168487549,0.16852928698062897,0.8314696550369263,0.5508368611335754,0.5448468923568726
loco_20170210_03,loco,1,19,2.2024567667180916e-05,0.22661260869735214,0.8958545452670047,1.303224802017212,0.16823267936706543,0.8317661285400391,0.5510023236274719,0.5443371534347534
loco_20170210_03,loco,1,20,5.540246732188055e-06,0.21565153616732693,0.8145620289601778,1.1307134628295898,0.16812670230865479,0.8318716287612915,0.5502700805664062,0.5450231432914734
loco_20170210_03,loco,2,1,0.0009,0.9381460151588935,1.2411693460062931,2.773707866668701,0.7528796195983887,0.24711254239082336,0.6287513971328735,0.28716784715652466
loco_20170210_03,loco,2,2,0.000894459753267812,0.6955085129830147,1.001831082921279,1.5551217794418335,0.5466739535331726,0.45332205295562744,0.47121256589889526,0.46366432309150696
loco_20170210_03,loco,2,3,0.0008779754323328191,0.5495812758081611,1.258103442819495,2.1277456283569336,0.4304373860359192,0.5695606470108032,0.3787968158721924,0.5682348012924194
loco_20170210_03,loco,2,4,0.0008509529358847655,0.43932834855962083,1.032405398393932,1.6315064430236816,0.35557371377944946,0.6444238424301147,0.35963863134384155,0.5908679962158203
loco_20170210_03,loco,2,5,0.0008140576474687264,0.40202656861545244,1.1910378807469417,1.7298411130905151,0.3150993287563324,0.684897780418396,0.36750560998916626,0.5812457799911499
loco_20170210_03,loco,2,6,0.0007681980515339464,0.3532457688857441,1.1276846998616268,2.323883533477783,0.2705507278442383,0.7294477820396423,0.34761717915534973,0.6040202379226685
loco_20170210_03,loco,2,7,0.0007145033635316129,0.32353995931792995,1.1457386926600808,1.722650170326233,0.24305428564548492,0.7569444179534912,0.32065117359161377,0.6342644691467285
loco_20170210_03,loco,2,8,0.0006542957248827961,0.30385520005233524,1.1844192398221869,1.8393610715866089,0.23634293675422668,0.7636550664901733,0.350797176361084,0.5995150208473206
loco_20170210_03,loco,2,9,0.0005890576474687265,0.29546006642634365,1.1944252848625183,1.7533998489379883,0.23023223876953125,0.7697669267654419,0.34430769085884094,0.6075091361999512
loco_20170210_03,loco,2,10,0.000520395509268104,0.27973733080762725,1.0792969088805349,1.9790942668914795,0.2123982012271881,0.7876006960868835,0.32288339734077454,0.6319695115089417
loco_20170210_03,loco,2,11,0.0004500000000000001,0.2704637929545694,1.0546190487711053,1.5787370204925537,0.22357480227947235,0.7764230966567993,0.3630661964416504,0.5856817960739136
loco_20170210_03,loco,2,12,0.00037960449073189633,0.26545488411272233,1.2305378035495156,1.7555581331253052,0.19646872580051422,0.8035300970077515,0.3353050649166107,0.6174328327178955
loco_20170210_03,loco,2,13,0.0003109423525312738,0.2428914539979147,0.901236543529912,1.2615257501602173,0.18814225494861603,0.8118566274642944,0.34484678506851196,0.6060179471969604
loco_20170210_03,loco,2,14,0.00024570427511720405,0.2410580544866775,1.015539781043404,2.0706582069396973,0.1836499571800232,0.8163495063781738,0.33344241976737976,0.6196291446685791
loco_20170210_03,loco,2,15,0.0001854966364683872,0.2433022343724807,0.9584041771135832,1.6457455158233643,0.18129493296146393,0.8187037706375122,0.3423663377761841,0.608845591545105
loco_20170210_03,loco,2,16,0.00013180194846605368,0.23768504130462942,1.05114189574593,1.9222418069839478,0.18579155206680298,0.8142072558403015,0.33403709530830383,0.6195698380470276
loco_20170210_03,loco,2,17,8.594235253127372e-05,0.23804760108468165,0.9394506592499582,1.5279567241668701,0.17328116297721863,0.8267173767089844,0.3299596607685089,0.623522937297821
loco_20170210_03,loco,2,18,4.9047064115234504e-05,0.22260500042906,0.8309689477870339,1.7317005395889282,0.17323188483715057,0.8267667889595032,0.3268526792526245,0.6273258328437805
loco_20170210_03,loco,2,19,2.2024567667180916e-05,0.22827316879512902,0.8490719826597917,1.4322961568832397,0.17174161970615387,0.8282573819160461,0.32630041241645813,0.627917468547821
loco_20170210_03,loco,2,20,5.540246732188055e-06,0.22185946937258305,0.8310974867720353,1.1840293407440186,0.17141802608966827,0.8285806775093079,0.32535219192504883,0.6290308237075806
loco_20170210_03,loco,3,1,0.0009,0.9346756418123744,1.3193121270129555,3.460933208465576,0.7523401379585266,0.24765309691429138,0.721069872379303,0.23777088522911072
loco_20170210_03,loco,3,2,0.000894459753267812,0.6967961811852165,1.149239314229865,1.7131708860397339,0.5417197346687317,0.4582749009132385,0.5770571231842041,0.3825820982456207
loco_20170210_03,loco,3,3,0.0008779754323328191,0.5326534690971821,1.0180750959797908,2.2795708179473877,0.40723732113838196,0.592759907245636,0.47721078991889954,0.4863552749156952
loco_20170210_03,loco,3,4,0.0008509529358847655,0.4267460188719535,1.302358909657127,2.0511791706085205,0.36394059658050537,0.636056661605835,0.47513145208358765,0.4865441620349884
loco_20170210_03,loco,3,5,0.0008140576474687264,0.3899004070433824,1.3326940818836814,2.2249577045440674,0.2899947166442871,0.7100030183792114,0.40268075466156006,0.5639276504516602
loco_20170210_03,loco,3,6,0.0007681980515339464,0.36108817143136424,1.2599270218297054,2.1409385204315186,0.2826255261898041,0.7173731923103333,0.3905285596847534,0.5789821147918701
loco_20170210_03,loco,3,7,0.0007145033635316129,0.3237883246599537,1.0840515431604887,1.6125315427780151,0.25702744722366333,0.7429714202880859,0.3676348924636841,0.6023072004318237
loco_20170210_03,loco,3,8,0.0006542957248827961,0.2930265407460268,1.0490847826004028,1.7006707191467285,0.2547774612903595,0.7452205419540405,0.35828736424446106,0.6139264702796936
loco_20170210_03,loco,3,9,0.0005890576474687265,0.28347400174802373,1.0321325502897565,2.0057554244995117,0.21503330767154694,0.7849655151367188,0.3509772717952728,0.6194077730178833
loco_20170210_03,loco,3,10,0.000520395509268104,0.262132855866994,0.9973488324566891,1.3914638757705688,0.1962328553199768,0.8037655353546143,0.35436078906059265,0.6156418323516846
loco_20170210_03,loco,3,11,0.0004500000000000001,0.26058805084745684,1.0649565050476475,1.6904544830322266,0.19136886298656464,0.8086296319961548,0.3418438732624054,0.6293368339538574
loco_20170210_03,loco,3,12,0.00037960449073189633,0.2468163811815423,1.0838154993559186,1.7258397340774536,0.18802987039089203,0.8119688034057617,0.36102211475372314,0.6077820062637329
loco_20170210_03,loco,3,13,0.0003109423525312738,0.24964579588554597,1.0348335786869651,1.367177963256836,0.18356288969516754,0.8164359927177429,0.3610383868217468,0.6074142456054688
loco_20170210_03,loco,3,14,0.00024570427511720405,0.23901208791562364,1.0981439383406388,2.018393039703369,0.17947545647621155,0.8205230236053467,0.3538181781768799,0.6159808039665222
loco_20170210_03,loco,3,15,0.0001854966364683872,0.23307140120114625,0.996184766292572,1.6380785703659058,0.1725488305091858,0.8274497985839844,0.34450727701187134,0.6255793571472168
loco_20170210_03,loco,3,16,0.00013180194846605368,0.22478911599668866,0.9722035903679697,1.4679710865020752,0.17154261469841003,0.8284559845924377,0.3407911956310272,0.6296801567077637
loco_20170210_03,loco,3,17,8.594235253127372e-05,0.2254404359261079,0.9163559549733212,1.4024658203125,0.17308001220226288,0.8269186615943909,0.3491089642047882,0.620290994644165
loco_20170210_03,loco,3,18,4.9047064115234504e-05,0.21705113183800098,0.8942685221370897,1.3602598905563354,0.16558849811553955,0.8344102501869202,0.3466041684150696,0.623075008392334
loco_20170210_03,loco,3,19,2.2024567667180916e-05,0.2211620275423089,0.9053778240555211,1.3487497568130493,0.1654098480939865,0.8345885872840881,0.34556397795677185,0.624288022518158
loco_20170210_03,loco,3,20,5.540246732188055e-06,0.2158730565928913,0.8921711758563393,1.658450722694397,0.16585886478424072,0.8341397643089294,0.34551653265953064,0.6243813037872314
loco_20170210_03,loco,4,1,0.0009,0.9114143183390561,1.1773275764364945,2.9826853275299072,0.7149738073348999,0.2850206792354584,0.7497553825378418,0.2550119161605835
loco_20170210_03,loco,4,2,0.000894459753267812,0.6679530464663678,1.0411441043803566,1.5500073432922363,0.5304291248321533,0.4695674479007721,0.5636522173881531,0.4499455690383911
loco_20170210_03,loco,4,3,0.0008779754323328191,0.5290457042855308,1.1010022132020247,1.9421416521072388,0.4307834804058075,0.5692136287689209,0.4859485328197479,0.5281722545623779
loco_20170210_03,loco,4,4,0.0008509529358847655,0.43738837822933335,1.2138778002638566,1.7801405191421509,0.34192320704460144,0.6580748558044434,0.39835861325263977,0.6110432147979736
loco_20170210_03,loco,4,5,0.0008140576474687264,0.3891391143896211,1.2161086421263845,2.6173529624938965,0.2911292612552643,0.708868145942688,0.3742940127849579,0.6346827745437622
loco_20170210_03,loco,4,6,0.0007681980515339464,0.3422008085275965,1.2704119933278937,2.300835371017456,0.27920758724212646,0.7207900881767273,0.38492047786712646,0.6259486675262451
loco_20170210_03,loco,4,7,0.0007145033635316129,0.3246646959831233,1.0711432883613987,1.562726616859436,0.25735512375831604,0.7426435947418213,0.36307546496391296,0.6449552774429321
loco_20170210_03,loco,4,8,0.0006542957248827961,0.30526027918687415,1.1932419162047536,1.7477694749832153,0.23158007860183716,0.7684180736541748,0.35907256603240967,0.647338330745697
loco_20170210_03,loco,4,9,0.0005890576474687265,0.29623239192467476,1.4846001581141823,2.4956512451171875,0.22292830049991608,0.7770702838897705,0.34527891874313354,0.6598660945892334
loco_20170210_03,loco,4,10,0.000520395509268104,0.2856427134338877,1.2689327848585028,1.8565701246261597,0.20948836207389832,0.7905102968215942,0.3489018976688385,0.6549912691116333
loco_20170210_03,loco,4,11,0.0004500000000000001,0.2634538744514626,0.9821315909686842,1.4425160884857178,0.19430704414844513,0.8056915998458862,0.34141746163368225,0.6629390716552734
loco_20170210_03,loco,4,12,0.00037960449073189633,0.2520605812008794,1.1304411605784768,2.409144401550293,0.19071829319000244,0.8092796802520752,0.331682413816452,0.6745774745941162
loco_20170210_03,loco,4,13,0.0003109423525312738,0.25643165542766966,1.1881132000371029,1.705155372619629,0.18968230485916138,0.8103159666061401,0.33209529519081116,0.6714944839477539
loco_20170210_03,loco,4,14,0.00024570427511720405,0.2412780642251138,0.866755441615456,1.2110286951065063,0.1819772571325302,0.8180217742919922,0.3354792296886444,0.6687126159667969
loco_20170210_03,loco,4,15,0.0001854966364683872,0.23451981540064185,0.9132633805274963,1.3162678480148315,0.17578446865081787,0.8242147564888,0.33068791031837463,0.6735513806343079
loco_20170210_03,loco,4,16,0.00013180194846605368,0.2328667911902899,0.9228230934394034,1.3902316093444824,0.17824196815490723,0.8217567801475525,0.33339181542396545,0.6706700325012207
loco_20170210_03,loco,4,17,8.594235253127372e-05,0.23406111913298033,0.898005507494274,1.4259860515594482,0.1716146171092987,0.828384518623352,0.32407593727111816,0.6802781224250793
loco_20170210_03,loco,4,18,4.9047064115234504e-05,0.2282078246560364,0.991247108108119,1.791300654411316,0.17158836126327515,0.8284105062484741,0.32646071910858154,0.6780834197998047
loco_20170210_03,loco,4,19,2.2024567667180916e-05,0.22141951814161814,0.8401081750267431,1.1805250644683838,0.17190925776958466,0.828089714050293,0.3271269202232361,0.6771358251571655
loco_20170210_03,loco,4,20,5.540246732188055e-06,0.2224857464535901,0.8999074226931522,1.5710859298706055,0.17175918817520142,0.8282395601272583,0.32749876379966736,0.6766747236251831
loco_20170210_03,loco,5,1,0.0009,0.922335801601639,1.1862266596994901,3.3189918994903564,0.7186622619628906,0.28133222460746765,0.8341095447540283,0.2248327136039734
loco_20170210_03,loco,5,2,0.000894459753267812,0.6721649621044419,1.0889053815289547,1.6734991073608398,0.5339985489845276,0.4659963846206665,0.6600139141082764,0.39710867404937744
loco_20170210_03,loco,5,3,0.0008779754323328191,0.5240101897799565,1.1575975951395536,1.934489369392395,0.4000928997993469,0.5999037027359009,0.5363327264785767,0.5119079947471619
loco_20170210_03,loco,5,4,0.0008509529358847655,0.4406064117352836,1.3359470555656834,1.9367221593856812,0.3438492715358734,0.6561477184295654,0.4924442172050476,0.5507689714431763
loco_20170210_03,loco,5,5,0.0008140576474687264,0.3738646885465608,1.0561118627849377,1.5669190883636475,0.2920397222042084,0.7079578042030334,0.4529162049293518,0.58223557472229
loco_20170210_03,loco,5,6,0.0007681980515339464,0.3466419031664124,1.3252837720670199,1.9923943281173706,0.27309107780456543,0.7269070148468018,0.446023166179657,0.5906034708023071
loco_20170210_03,loco,5,7,0.0007145033635316129,0.32574113755451783,1.3706808623514677,2.657369375228882,0.24534156918525696,0.7546563148498535,0.4378136396408081,0.600446343421936
loco_20170210_03,loco,5,8,0.0006542957248827961,0.3103981089161017,1.1725068845246966,1.7374235391616821,0.22541968524456024,0.7745790481567383,0.4086442291736603,0.6271161437034607
loco_20170210_03,loco,5,9,0.0005890576474687265,0.28262213884051707,1.1169878965929936,1.6462229490280151,0.22950713336467743,0.7704916000366211,0.4319978356361389,0.5999820232391357
loco_20170210_03,loco,5,10,0.000520395509268104,0.2725166670861738,1.0835884119334973,1.4374181032180786,0.21242474019527435,0.7875741720199585,0.41284823417663574,0.619759738445282
loco_20170210_03,loco,5,11,0.0004500000000000001,0.2726598048450682,1.1276141812926845,1.898023247718811,0.20406082272529602,0.7959381341934204,0.40697965025901794,0.6230217814445496
loco_20170210_03,loco,5,12,0.00037960449073189633,0.25169501627490926,1.0031551655970121,1.3968600034713745,0.19736742973327637,0.8026314377784729,0.4038653075695038,0.6280498504638672
loco_20170210_03,loco,5,13,0.0003109423525312738,0.2421991328143054,1.0566572484217192,2.128138542175293,0.18489888310432434,0.815099835395813,0.39523079991340637,0.6356351375579834
loco_20170210_03,loco,5,14,0.00024570427511720405,0.2377757215625874,0.9064927101135254,1.2583674192428589,0.17879295349121094,0.8212056159973145,0.39122065901756287,0.6399683356285095
loco_20170210_03,loco,5,15,0.0001854966364683872,0.2300850195736373,0.9698760321265772,1.3959007263183594,0.17582635581493378,0.8241722583770752,0.39076751470565796,0.6400212645530701
loco_20170210_03,loco,5,16,0.00013180194846605368,0.22254050745360987,1.0079349185291089,1.4070534706115723,0.17578467726707458,0.8242143392562866,0.3938065469264984,0.636859655380249
loco_20170210_03,loco,5,17,8.594235253127372e-05,0.22929890528195987,0.984670529240056,1.4945387840270996,0.16946326196193695,0.8305355906486511,0.3865809142589569,0.6449631452560425
loco_20170210_03,loco,5,18,4.9047064115234504e-05,0.2247807809689742,0.9306385579862093,1.5490816831588745,0.17221218347549438,0.8277868032455444,0.38799554109573364,0.6430723667144775
loco_20170210_03,loco,5,19,2.2024567667180916e-05,0.22636753987971045,0.9821012427932337,2.3173704147338867,0.17020416259765625,0.829794704914093,0.3888879418373108,0.6418461799621582
loco_20170210_03,loco,5,20,5.540246732188055e-06,0.21842900690853725,0.8536363259742135,1.4185527563095093,0.16972830891609192,0.8302704691886902,0.3883589804172516,0.6423605680465698
loco_20170215_02,loco,1,1,0.0009,0.9577968907001574,1.383852748076121,3.1279752254486084,0.793061375617981,0.20692917704582214,0.7672039270401001,0.20298346877098083
loco_20170215_02,loco,1,2,0.000894459753267812,0.7671804300179522,1.0697106997172037,1.8871899843215942,0.6526264548301697,0.34736624360084534,0.6161860227584839,0.34897688031196594
loco_20170215_02,loco,1,3,0.0008779754323328191,0.6491559907960038,1.135927140712738,2.0587828159332275,0.5505247116088867,0.44946974515914917,0.5282759666442871,0.43385860323905945
loco_20170215_02,loco,1,4,0.0008509529358847655,0.5282893912798706,0.9912975390752157,1.6874321699142456,0.42620399594306946,0.5737912654876709,0.43560999631881714,0.5283539295196533
loco_20170215_02,loco,1,5,0.0008140576474687264,0.4406943718292042,1.0972806056340536,1.7091763019561768,0.36329394578933716,0.6367026567459106,0.3928326368331909,0.574079155921936
loco_20170215_02,loco,1,6,0.0007681980515339464,0.39032069418443327,1.214838933944702,2.2640738487243652,0.31619611382484436,0.6838006377220154,0.40006062388420105,0.5646939873695374
loco_20170215_02,loco,1,7,0.0007145033635316129,0.3616299713008378,1.299172321955363,1.7855632305145264,0.28848719596862793,0.7115098237991333,0.36641576886177063,0.6045315265655518
loco_20170215_02,loco,1,8,0.0006542957248827961,0.3362847865687665,1.332032068570455,2.3692080974578857,0.2564896047115326,0.7435069680213928,0.3547705411911011,0.6178242564201355
loco_20170215_02,loco,1,9,0.0005890576474687265,0.3125047359656191,1.1085731744766236,1.9065297842025757,0.24083563685417175,0.7591621279716492,0.3530157506465912,0.6170074939727783
loco_20170215_02,loco,1,10,0.000520395509268104,0.31289772000543564,1.160913336277008,2.139650821685791,0.24043549597263336,0.7595621347427368,0.3687474727630615,0.6033201217651367
loco_20170215_02,loco,1,11,0.0004500000000000001,0.2912893294281251,1.2093639055887857,2.06685733795166,0.2286975383758545,0.7713005542755127,0.3639744520187378,0.6101455688476562
loco_20170215_02,loco,1,12,0.00037960449073189633,0.2754256959144342,1.0568242033322652,1.520122766494751,0.21803349256515503,0.781964898109436,0.3532780110836029,0.6193988919258118
loco_20170215_02,loco,1,13,0.0003109423525312738,0.2697635361445196,1.1036080678304037,1.4538196325302124,0.20577885210514069,0.7942194938659668,0.33892595767974854,0.6375083923339844
loco_20170215_02,loco,1,14,0.00024570427511720405,0.2576907987703272,0.9267637292544048,1.5796664953231812,0.20223520696163177,0.7977629899978638,0.3408161401748657,0.6345544457435608
loco_20170215_02,loco,1,15,0.0001854966364683872,0.25680225853966754,1.102588681379954,1.5151584148406982,0.1954430639743805,0.8045545816421509,0.3336058259010315,0.6412060260772705
loco_20170215_02,loco,1,16,0.00013180194846605368,0.24887780641590238,1.0023143847783407,2.0262885093688965,0.1916772723197937,0.8083211183547974,0.33233246207237244,0.642096757888794
loco_20170215_02,loco,1,17,8.594235253127372e-05,0.23506372796628588,0.8916114290555318,1.3599785566329956,0.18570183217525482,0.8142964839935303,0.3312660753726959,0.6409564018249512
loco_20170215_02,loco,1,18,4.9047064115234504e-05,0.2428691369512738,0.9790635466575622,1.9535108804702759,0.18350224196910858,0.8164963722229004,0.3246394395828247,0.6494482755661011
loco_20170215_02,loco,1,19,2.2024567667180916e-05,0.22887513813403276,0.8180898904800415,1.3542810678482056,0.18529890477657318,0.8146994113922119,0.3266352117061615,0.6478201150894165
loco_20170215_02,loco,1,20,5.540246732188055e-06,0.2353206502036101,0.8662214001019796,1.6028907299041748,0.18522895872592926,0.8147692084312439,0.3276658058166504,0.6464992761611938
loco_20170215_02,loco,2,1,0.0009,0.9631128579617267,1.3930015921592713,3.6307942867279053,0.8146257400512695,0.1853635609149933,0.8584290742874146,0.1379774510860443
loco_20170215_02,loco,2,2,0.000894459753267812,0.7529112777677799,0.9083643039067586,1.5352269411087036,0.6248253583908081,0.3751680552959442,0.702330470085144,0.30136844515800476
loco_20170215_02,loco,2,3,0.0008779754323328191,0.6212533578382341,0.9651916225751241,1.5672547817230225,0.5114205479621887,0.48857301473617554,0.6286882162094116,0.3795774579048157
loco_20170215_02,loco,2,4,0.0008509529358847655,0.5214913887022568,1.1398165225982666,1.6119117736816406,0.4472695291042328,0.5527255535125732,0.5791245102882385,0.42901739478111267
loco_20170215_02,loco,2,5,0.0008140576474687264,0.4489024645097728,1.037638008594513,1.6116163730621338,0.3679473400115967,0.632048487663269,0.539440929889679,0.4675625264644623
loco_20170215_02,loco,2,6,0.0007681980515339464,0.4227822232605455,1.3894770304361979,2.0033864974975586,0.33214423060417175,0.6678527593612671,0.5146323442459106,0.4925907254219055
loco_20170215_02,loco,2,7,0.0007145033635316129,0.38557562096505155,1.1770647088686625,1.8446569442749023,0.29268011450767517,0.7073162198066711,0.48477333784103394,0.5214575529098511
loco_20170215_02,loco,2,8,0.0006542957248827961,0.3496701609642648,1.0707000215848288,1.725632905960083,0.27127552032470703,0.7287213802337646,0.4695459306240082,0.5358818173408508
loco_20170215_02,loco,2,9,0.0005890576474687265,0.3160486566445442,1.004946513970693,1.657799243927002,0.250191330909729,0.7498065233230591,0.460798442363739,0.543581485748291
loco_20170215_02,loco,2,10,0.000520395509268104,0.30309784388123506,1.0182326396306356,1.7093740701675415,0.2386285662651062,0.7613683938980103,0.46516773104667664,0.5391918420791626
loco_20170215_02,loco,2,11,0.0004500000000000001,0.29182171454653794,1.071237826347351,1.624939203262329,0.22524626553058624,0.7747506499290466,0.4562479555606842,0.5478228330612183
loco_20170215_02,loco,2,12,0.00037960449073189633,0.2779661128844393,1.030557390054067,1.4135684967041016,0.2130262851715088,0.7869714498519897,0.4437163174152374,0.5605637431144714
loco_20170215_02,loco,2,13,0.0003109423525312738,0.279508321641219,1.152908730506897,1.8802396059036255,0.2214871495962143,0.7785102725028992,0.46605369448661804,0.5378385782241821
loco_20170215_02,loco,2,14,0.00024570427511720405,0.2647755382202825,1.056512987613678,1.6783965826034546,0.20326834917068481,0.796729326248169,0.44149330258369446,0.562178373336792
loco_20170215_02,loco,2,15,0.0001854966364683872,0.26416659385229296,0.9784037550290425,1.502941370010376,0.19781853258609772,0.8021793365478516,0.44809553027153015,0.5562413930892944
loco_20170215_02,loco,2,16,0.00013180194846605368,0.24585584557767606,0.851885191599528,1.2701383829116821,0.19582423567771912,0.8041737079620361,0.4490360915660858,0.555050253868103
loco_20170215_02,loco,2,17,8.594235253127372e-05,0.24652130742127265,0.8547087669372558,1.3340511322021484,0.19284816086292267,0.8071500062942505,0.45003509521484375,0.5540927648544312
loco_20170215_02,loco,2,18,4.9047064115234504e-05,0.23868478313720923,0.8183053771654765,1.000051498413086,0.18919038772583008,0.8108078241348267,0.4438613951206207,0.5600897073745728
loco_20170215_02,loco,2,19,2.2024567667180916e-05,0.23630182694326182,0.7888131817181905,0.9573562145233154,0.188235342502594,0.811762809753418,0.44269388914108276,0.5612195730209351
loco_20170215_02,loco,2,20,5.540246732188055e-06,0.23275769743403385,0.8129482905069987,1.1940016746520996,0.1881559044122696,0.8118420839309692,0.4428458511829376,0.5610643625259399
loco_20170215_02,loco,3,1,0.0009,0.9461171073529431,1.2850881536801657,2.6847290992736816,0.7917909026145935,0.20819824934005737,0.7082242965698242,0.13005569577217102
loco_20170215_02,loco,3,2,0.000894459753267812,0.7567857829186541,1.138216507434845,2.2983903884887695,0.6394895315170288,0.3605040907859802,0.6178339123725891,0.22770467400550842
loco_20170215_02,loco,3,3,0.0008779754323328191,0.636369475000968,1.1248703161875406,1.6884849071502686,0.529620885848999,0.47037163376808167,0.5369094610214233,0.31017130613327026
loco_20170215_02,loco,3,4,0.0008509529358847655,0.5269244315642742,0.9731957713762919,2.136359453201294,0.467430979013443,0.5325635075569153,0.5279417634010315,0.31701159477233887
loco_20170215_02,loco,3,5,0.0008140576474687264,0.4551569053906696,1.1453200896581015,1.6932238340377808,0.3569197356700897,0.6430776119232178,0.43185168504714966,0.42757126688957214
loco_20170215_02,loco,3,6,0.0007681980515339464,0.38932345121171913,1.0634981274604798,1.9190475940704346,0.3211139738559723,0.6788827776908875,0.41598156094551086,0.4504433870315552
loco_20170215_02,loco,3,7,0.0007145033635316129,0.35055044641614386,1.0926002502441405,1.9369527101516724,0.28727713227272034,0.7127202749252319,0.37235158681869507,0.5101922750473022
loco_20170215_02,loco,3,8,0.0006542957248827961,0.3334077408089118,1.1176491300264995,2.4101738929748535,0.2699887752532959,0.730008602142334,0.39881640672683716,0.4676019251346588
loco_20170215_02,loco,3,9,0.0005890576474687265,0.3106849272754188,1.2708338896433513,1.8438551425933838,0.2649414539337158,0.735055685043335,0.38460761308670044,0.5016371011734009
loco_20170215_02,loco,3,10,0.000520395509268104,0.29833078115979483,1.0959035356839497,1.424558162689209,0.23875749111175537,0.7612401247024536,0.384967565536499,0.49385926127433777
loco_20170215_02,loco,3,11,0.0004500000000000001,0.28099046049745036,1.1817565242449442,3.1097652912139893,0.22077210247516632,0.77922523021698,0.35572367906570435,0.531961977481842
loco_20170215_02,loco,3,12,0.00037960449073189633,0.2596719777393654,0.911608632405599,1.5548564195632935,0.19948159158229828,0.8005167245864868,0.3431437611579895,0.5451439023017883
loco_20170215_02,loco,3,13,0.0003109423525312738,0.25718168845106265,0.8655371228853862,1.2738312482833862,0.19835273921489716,0.8016449213027954,0.3382284343242645,0.5508242845535278
loco_20170215_02,loco,3,14,0.00024570427511720405,0.2510179328535461,0.9402790625890096,1.9286079406738281,0.19286979734897614,0.8071281909942627,0.3426842987537384,0.5450602769851685
loco_20170215_02,loco,3,15,0.0001854966364683872,0.23806682152299413,0.9459413290023804,2.840642213821411,0.18827494978904724,0.8117229342460632,0.3412330150604248,0.5461599826812744
loco_20170215_02,loco,3,16,0.00013180194846605368,0.23680662253987997,0.8168413440386454,1.264077067375183,0.18596744537353516,0.8140304684638977,0.34485000371932983,0.5426921844482422
loco_20170215_02,loco,3,17,8.594235253127372e-05,0.23055727164131104,0.8652736425399781,1.9748528003692627,0.18417084217071533,0.8158270120620728,0.33976826071739197,0.5500649213790894
loco_20170215_02,loco,3,18,4.9047064115234504e-05,0.23583358874261312,0.9709877928098043,1.9078155755996704,0.18184098601341248,0.8181570172309875,0.3419424593448639,0.5460177659988403
loco_20170215_02,loco,3,19,2.2024567667180916e-05,0.22671425917412383,0.8011886159578959,1.1933252811431885,0.182569682598114,0.8174282312393188,0.34406137466430664,0.5428754091262817
loco_20170215_02,loco,3,20,5.540246732188055e-06,0.23269999196874946,0.8404239535331726,1.3605949878692627,0.18235249817371368,0.8176459074020386,0.3440644443035126,0.5428664684295654
loco_20170215_02,loco,4,1,0.0009,0.9791840674494758,1.4047598997751871,2.596017360687256,0.8160306811332703,0.1839621663093567,0.9803044199943542,0.14103788137435913
loco_20170215_02,loco,4,2,0.000894459753267812,0.782228991083831,1.0383200724919637,1.5563595294952393,0.6635786890983582,0.33641207218170166,0.8292457461357117,0.2690587043762207
loco_20170215_02,loco,4,3,0.0008779754323328191,0.6494938739269679,0.9901288946469625,1.370932698249817,0.537628710269928,0.4623650014400482,0.7049586176872253,0.3758563697338104
loco_20170215_02,loco,4,4,0.0008509529358847655,0.5426840288675653,0.8834335645039876,1.279869556427002,0.4313471019268036,0.568648099899292,0.6073569655418396,0.4601423144340515
loco_20170215_02,loco,4,5,0.0008140576474687264,0.46325809599591183,1.1592759807904562,1.8807804584503174,0.36869949102401733,0.6312957406044006,0.5517896413803101,0.5084313750267029
loco_20170215_02,loco,4,6,0.0007681980515339464,0.4197574970000178,1.3138591289520263,2.011658191680908,0.3335708975791931,0.6664258241653442,0.5149165391921997,0.5404090881347656
loco_20170215_02,loco,4,7,0.0007145033635316129,0.3807729691870998,1.139712131023407,1.6890666484832764,0.2962278723716736,0.7037678956985474,0.503018319606781,0.5521719455718994
loco_20170215_02,loco,4,8,0.0006542957248827961,0.3550606403312175,1.2038893659909566,1.741881012916565,0.2797851264476776,0.7202115058898926,0.48897281289100647,0.5632859468460083
loco_20170215_02,loco,4,9,0.0005890576474687265,0.3271108373145389,1.0640616536140441,1.5318244695663452,0.2675199806690216,0.7324770092964172,0.47357800602912903,0.5773425102233887
loco_20170215_02,loco,4,10,0.000520395509268104,0.2957275532992782,0.911567234992981,1.367229700088501,0.24118125438690186,0.7588162422180176,0.48425570130348206,0.568284273147583
loco_20170215_02,loco,4,11,0.0004500000000000001,0.29017284198793014,0.9182567079861959,1.4614027738571167,0.2243754118680954,0.7756224870681763,0.45952358841896057,0.5900223851203918
loco_20170215_02,loco,4,12,0.00037960449073189633,0.2794984663782192,0.9504268964131674,1.3941612243652344,0.21775732934474945,0.7822400331497192,0.45622649788856506,0.5923315286636353
loco_20170215_02,loco,4,13,0.0003109423525312738,0.26096508862244716,0.8596573909123738,1.104520559310913,0.21833956241607666,0.7816581726074219,0.48852983117103577,0.5646899938583374
loco_20170215_02,loco,4,14,0.00024570427511720405,0.25965209463271505,0.9466277718544006,1.4535901546478271,0.1968926191329956,0.8031054735183716,0.46302253007888794,0.5860854387283325
loco_20170215_02,loco,4,15,0.0001854966364683872,0.2520644119375002,0.9678714195887248,1.3744229078292847,0.19711348414421082,0.8028846979141235,0.462576687335968,0.586724042892456
loco_20170215_02,loco,4,16,0.00013180194846605368,0.24701656857683402,0.9129327813784281,1.3813637495040894,0.18818481266498566,0.8118136525154114,0.46431583166122437,0.5851420760154724
loco_20170215_02,loco,4,17,8.594235253127372e-05,0.24530040146594248,0.883345627784729,1.3964471817016602,0.18834222853183746,0.8116554617881775,0.4673139452934265,0.5823923349380493
loco_20170215_02,loco,4,18,4.9047064115234504e-05,0.2393330497993992,0.9553241888682048,1.431054949760437,0.1887095868587494,0.8112878203392029,0.461835116147995,0.5871766805648804
loco_20170215_02,loco,4,19,2.2024567667180916e-05,0.2422358085317769,0.8762599945068359,1.1587681770324707,0.18754051625728607,0.8124579191207886,0.46796539425849915,0.58168625831604
loco_20170215_02,loco,4,20,5.540246732188055e-06,0.23793150831076473,0.8578956405321757,1.1406949758529663,0.18720240890979767,0.8127958178520203,0.46722859144210815,0.5823676586151123
loco_20170215_02,loco,5,1,0.0009,0.9813876053498498,1.293367087841034,3.7930829524993896,0.825594425201416,0.17439541220664978,0.7783622741699219,0.20557832717895508
loco_20170215_02,loco,5,2,0.000894459753267812,0.7897210494811839,1.1774646162986755,1.7636432647705078,0.6663660407066345,0.33362525701522827,0.614849865436554,0.37716013193130493
loco_20170215_02,loco,5,3,0.0008779754323328191,0.6490968376479339,0.8926197012265523,1.2805111408233643,0.5459561347961426,0.45403721928596497,0.504685640335083,0.4897173345088959
loco_20170215_02,loco,5,4,0.0008509529358847655,0.5340515094695729,0.867927881081899,1.1776680946350098,0.4456164836883545,0.5543788075447083,0.45838433504104614,0.5338212251663208
loco_20170215_02,loco,5,5,0.0008140576474687264,0.4681677900173042,1.1859574993451436,1.8006712198257446,0.37157195806503296,0.6284239292144775,0.4073928892612457,0.5878262519836426
loco_20170215_02,loco,5,6,0.0007681980515339464,0.4089686166748134,1.1136572003364562,2.0543739795684814,0.3471115231513977,0.6528849005699158,0.4150235950946808,0.5781850814819336
loco_20170215_02,loco,5,7,0.0007145033635316129,0.36692452873291054,1.0604753891626995,1.4246363639831543,0.28655877709388733,0.7134380340576172,0.3768220543861389,0.6200822591781616
loco_20170215_02,loco,5,8,0.0006542957248827961,0.334756474776655,0.9706407864888509,1.6819665431976318,0.2694642245769501,0.7305329442024231,0.38888001441955566,0.6065260767936707
loco_20170215_02,loco,5,9,0.0005890576474687265,0.31922274433364656,1.1022393186887105,1.6752595901489258,0.2595977187156677,0.7403992414474487,0.39341557025909424,0.6032923460006714
loco_20170215_02,loco,5,10,0.000520395509268104,0.3005117530702155,1.2443732500076294,1.84312903881073,0.2722216844558716,0.7277753353118896,0.40574589371681213,0.5883068442344666
loco_20170215_02,loco,5,11,0.0004500000000000001,0.2894425891411955,1.2420727769533793,1.8520078659057617,0.22441254556179047,0.7755850553512573,0.3793505132198334,0.6168731451034546
loco_20170215_02,loco,5,12,0.00037960449073189633,0.27272429540463794,1.0074680010477701,1.767285704612732,0.21761226654052734,0.7823853492736816,0.39694344997406006,0.6019873023033142
loco_20170215_02,loco,5,13,0.0003109423525312738,0.2603057542391931,0.9602253357569377,1.3703511953353882,0.20913340151309967,0.7908641695976257,0.37813109159469604,0.6186184883117676
loco_20170215_02,loco,5,14,0.00024570427511720405,0.2627292639240463,0.9904800375302633,1.3842194080352783,0.19807758927345276,0.8019201755523682,0.3772856891155243,0.6214070320129395
loco_20170215_02,loco,5,15,0.0001854966364683872,0.2537187753610762,0.9135627110799154,1.3336631059646606,0.2023303210735321,0.7976677417755127,0.3982551097869873,0.6001216173171997
loco_20170215_02,loco,5,16,0.00013180194846605368,0.25243354072232793,0.9360482096672058,1.5691373348236084,0.1916865110397339,0.808311939239502,0.3670541048049927,0.6301543712615967
loco_20170215_02,loco,5,17,8.594235253127372e-05,0.244457193164574,0.9030707120895386,1.1932473182678223,0.19462059438228607,0.8053780794143677,0.382580041885376,0.6144817471504211
loco_20170215_02,loco,5,18,4.9047064115234504e-05,0.23820887559513682,0.890176522731781,1.2379473447799683,0.1889926642179489,0.8110054731369019,0.3696730136871338,0.6273294687271118
loco_20170215_02,loco,5,19,2.2024567667180916e-05,0.24671168320744916,0.9626927852630616,1.306221842765808,0.1876172423362732,0.8123809695243835,0.37096214294433594,0.6262928247451782
loco_20170215_02,loco,5,20,5.540246732188055e-06,0.23365694692516017,0.806121551990509,1.2962579727172852,0.1879163682460785,0.8120816946029663,0.3723519742488861,0.6249212026596069
loco_20170301_05,loco,1,1,0.0009,0.9250951609655357,1.1510056376457214,2.169762372970581,0.7380300760269165,0.2619629502296448,0.6772969365119934,0.22684109210968018
loco_20170301_05,loco,1,2,0.000894459753267812,0.6998117425935072,1.1573365489641825,1.9924355745315552,0.5552355647087097,0.4447597861289978,0.5123501420021057,0.4096551835536957
loco_20170301_05,loco,1,3,0.0008779754323328191,0.5486536855355582,1.1306726932525635,1.7493155002593994,0.415371835231781,0.5846239328384399,0.4292280673980713,0.505447506904602
loco_20170301_05,loco,1,4,0.0008509529358847655,0.4258051002258622,1.08363889058431,1.573185682296753,0.31975820660591125,0.6802387237548828,0.37170305848121643,0.5686075687408447
loco_20170301_05,loco,1,5,0.0008140576474687264,0.36146271244397393,1.1717045823733012,1.6369682550430298,0.27625617384910583,0.7237409353256226,0.3526659607887268,0.5927816033363342
loco_20170301_05,loco,1,6,0.0007681980515339464,0.3228879556352017,1.1692153612772624,1.663026213645935,0.2574310898780823,0.7425662279129028,0.34256333112716675,0.6061125993728638
loco_20170301_05,loco,1,7,0.0007145033635316129,0.2916095972092008,1.1074711839358011,1.4577109813690186,0.23746754229068756,0.7625304460525513,0.33450090885162354,0.6149264574050903
loco_20170301_05,loco,1,8,0.0006542957248827961,0.2763177283546504,1.0453036745389304,1.418976068496704,0.2100023627281189,0.789995551109314,0.30554914474487305,0.6478590965270996
loco_20170301_05,loco,1,9,0.0005890576474687265,0.2547389183526004,0.9774619023005168,1.3845698833465576,0.20213449001312256,0.7978638410568237,0.3177146017551422,0.6348158717155457
loco_20170301_05,loco,1,10,0.000520395509268104,0.25211881360917243,0.992613701025645,1.6270034313201904,0.19234001636505127,0.8076578378677368,0.30671486258506775,0.6466617584228516
loco_20170301_05,loco,1,11,0.0004500000000000001,0.23438051794300038,1.040318282445272,1.7323700189590454,0.17950522899627686,0.8204928040504456,0.2987310290336609,0.656670093536377
loco_20170301_05,loco,1,12,0.00037960449073189633,0.2325305982066731,0.9415921847025553,1.286795973777771,0.1733875572681427,0.8266106843948364,0.29796507954597473,0.6571707725524902
loco_20170301_05,loco,1,13,0.0003109423525312738,0.2246841935842645,0.8776339173316956,1.2617818117141724,0.16764329373836517,0.8323550820350647,0.2977146506309509,0.658220112323761
loco_20170301_05,loco,1,14,0.00024570427511720405,0.21392678815225868,0.8867299636205037,1.2077468633651733,0.16044200956821442,0.8395566940307617,0.28889986872673035,0.6678440570831299
loco_20170301_05,loco,1,15,0.0001854966364683872,0.21331579651492563,0.8856995185216268,1.101755142211914,0.16379927098751068,0.8361995816230774,0.29690662026405334,0.6588312387466431
loco_20170301_05,loco,1,16,0.00013180194846605368,0.20705957908826222,0.9104052623112996,1.307781457901001,0.15878304839134216,0.8412154316902161,0.292287141084671,0.6642615795135498
loco_20170301_05,loco,1,17,8.594235253127372e-05,0.2085448706132633,0.8757781068483989,1.2989119291305542,0.15283586084842682,0.8471630811691284,0.2849974036216736,0.6719157695770264
loco_20170301_05,loco,1,18,4.9047064115234504e-05,0.19868021843846714,0.774510935942332,1.1076635122299194,0.15199998021125793,0.847998857498169,0.28607162833213806,0.6711231470108032
loco_20170301_05,loco,1,19,2.2024567667180916e-05,0.19625567568613744,0.7778768936793009,1.1149808168411255,0.15253189206123352,0.8474665880203247,0.2879667282104492,0.66922527551651
loco_20170301_05,loco,1,20,5.540246732188055e-06,0.20226323183010272,0.7881622155507405,1.0590019226074219,0.1527078002691269,0.8472906351089478,0.2882286608219147,0.6689853668212891
loco_20170301_05,loco,2,1,0.0009,0.9504429323712722,1.1992362538973491,2.745623826980591,0.7470231056213379,0.252970814704895,0.8385154604911804,0.23972049355506897
loco_20170301_05,loco,2,2,0.000894459753267812,0.7179276341701972,1.1880225499471029,1.4946105480194092,0.582342267036438,0.4176523983478546,0.6636877655982971,0.3871450424194336
loco_20170301_05,loco,2,3,0.0008779754323328191,0.5587577765891215,0.9505632559458415,1.334395408630371,0.44433754682540894,0.5556572675704956,0.5209969282150269,0.5129282474517822
loco_20170301_05,loco,2,4,0.0008509529358847655,0.4391852454199598,1.0046545147895813,1.823481559753418,0.3598659932613373,0.6401305794715881,0.4409107565879822,0.5830045342445374
loco_20170301_05,loco,2,5,0.0008140576474687264,0.3568521423617895,1.1270383755366007,1.4498530626296997,0.2890196144580841,0.7109776139259338,0.4029841125011444,0.6145944595336914
loco_20170301_05,loco,2,6,0.0007681980515339464,0.33250666789241046,1.190716771284739,1.7990121841430664,0.25775712728500366,0.7422407269477844,0.3663729727268219,0.6499124765396118
loco_20170301_05,loco,2,7,0.0007145033635316129,0.3056566942991746,1.2719303965568542,1.8792915344238281,0.23263807594776154,0.7673600912094116,0.354411780834198,0.6645071506500244
loco_20170301_05,loco,2,8,0.0006542957248827961,0.28627576123620546,1.1567159016927084,2.491748332977295,0.2128159999847412,0.7871822118759155,0.35198450088500977,0.6655998826026917
loco_20170301_05,loco,2,9,0.0005890576474687265,0.2625861513809131,1.072597575187683,1.6092513799667358,0.21206828951835632,0.7879296541213989,0.35379719734191895,0.6648592948913574
loco_20170301_05,loco,2,10,0.000520395509268104,0.2546350987502375,1.0656780838966369,1.6720935106277466,0.18735024333000183,0.8126479387283325,0.3300004005432129,0.6858438849449158
loco_20170301_05,loco,2,11,0.0004500000000000001,0.2346017211675644,0.857152001063029,1.0596619844436646,0.17859576642513275,0.8214024305343628,0.3291996419429779,0.6864126324653625
loco_20170301_05,loco,2,12,0.00037960449073189633,0.23443106640566544,0.9467459082603454,1.2136938571929932,0.18537136912345886,0.8146266937255859,0.33515289425849915,0.682529628276825
loco_20170301_05,loco,2,13,0.0003109423525312738,0.21997089198630593,0.8841832280158997,1.1538490056991577,0.17592039704322815,0.8240779638290405,0.327953577041626,0.689616322517395
loco_20170301_05,loco,2,14,0.00024570427511720405,0.21646307174840917,0.8402898828188579,1.1204757690429688,0.15833909809589386,0.841659426689148,0.32006049156188965,0.6949834823608398
loco_20170301_05,loco,2,15,0.0001854966364683872,0.20969182034910713,0.8252519051233927,1.249982237815857,0.15914222598075867,0.8408560752868652,0.3189377784729004,0.6965543627738953
loco_20170301_05,loco,2,16,0.00013180194846605368,0.20989007071321197,0.8950284043947856,1.2567791938781738,0.16355447471141815,0.8364441394805908,0.323261022567749,0.6918324828147888
loco_20170301_05,loco,2,17,8.594235253127372e-05,0.2075704230243336,0.8769659320513408,1.1476670503616333,0.15705153346061707,0.8429468870162964,0.31652534008026123,0.6986303329467773
loco_20170301_05,loco,2,18,4.9047064115234504e-05,0.2072673838747604,0.7728068709373475,1.0512864589691162,0.15558990836143494,0.8444085717201233,0.31824418902397156,0.6967607140541077
loco_20170301_05,loco,2,19,2.2024567667180916e-05,0.19601613611653443,0.7302100539207459,0.8435268402099609,0.15557172894477844,0.8444270491600037,0.3191460967063904,0.6965056657791138
loco_20170301_05,loco,2,20,5.540246732188055e-06,0.19965484159256938,0.710517140229543,0.8522775173187256,0.15557338297367096,0.8444247245788574,0.3188585042953491,0.6966924071311951
loco_20170301_05,loco,3,1,0.0009,0.9528431638583833,1.2183283646901448,3.4867825508117676,0.7605481147766113,0.23944512009620667,0.8749094605445862,0.21352896094322205
loco_20170301_05,loco,3,2,0.000894459753267812,0.7131860996918971,1.1041577418645223,1.5497890710830688,0.5879862904548645,0.41200751066207886,0.6865910887718201,0.38427963852882385
loco_20170301_05,loco,3,3,0.0008779754323328191,0.566381888648839,0.9727380593617757,1.2703046798706055,0.438199907541275,0.5617956519126892,0.5457313656806946,0.5113407373428345
loco_20170301_05,loco,3,4,0.0008509529358847655,0.45199562202437715,1.1333547274271647,1.7348352670669556,0.3500627279281616,0.6499344706535339,0.46145451068878174,0.5864228010177612
loco_20170301_05,loco,3,5,0.0008140576474687264,0.3787539311028084,1.1008961518605551,1.54180109500885,0.28077396750450134,0.719223141670227,0.3925724923610687,0.648283839225769
loco_20170301_05,loco,3,6,0.0007681980515339464,0.3181298958101136,1.0003042499224344,1.2288634777069092,0.24889278411865234,0.7511047124862671,0.3845629394054413,0.655397891998291
loco_20170301_05,loco,3,7,0.0007145033635316129,0.2929953668070228,1.0309165914853413,1.5654184818267822,0.22179163992404938,0.7782062888145447,0.36462122201919556,0.6734632849693298
loco_20170301_05,loco,3,8,0.0006542957248827961,0.269879946205663,1.0224836786588034,1.5845814943313599,0.20239397883415222,0.797603964805603,0.36463046073913574,0.6732574105262756
loco_20170301_05,loco,3,9,0.0005890576474687265,0.24894940174977334,0.9720766186714173,1.5324945449829102,0.1994379758834839,0.8005601167678833,0.3693116307258606,0.6687179803848267
loco_20170301_05,loco,3,10,0.000520395509268104,0.24824309677023426,0.9962015946706136,1.5192584991455078,0.2041226476430893,0.7958757877349854,0.38675829768180847,0.6527246236801147
loco_20170301_05,loco,3,11,0.0004500000000000001,0.24028096184292255,1.1249475320180258,1.730885624885559,0.18452848494052887,0.8154694437980652,0.36391979455947876,0.6735686659812927
loco_20170301_05,loco,3,12,0.00037960449073189633,0.22797881660524388,1.0135786135991414,1.4152425527572632,0.1689174473285675,0.8310804963111877,0.3454105854034424,0.6902972459793091
loco_20170301_05,loco,3,13,0.0003109423525312738,0.22120639435458214,0.8994137565294902,1.1541813611984253,0.17444665729999542,0.8255513906478882,0.3543231189250946,0.6817706823348999
loco_20170301_05,loco,3,14,0.00024570427511720405,0.21475363670745964,0.9637188633282979,1.30714750289917,0.1590568870306015,0.840941309928894,0.33753132820129395,0.6974064111709595
loco_20170301_05,loco,3,15,0.0001854966364683872,0.21551968179778255,0.8500706632932027,1.1628987789154053,0.15930120646953583,0.8406970500946045,0.3322450518608093,0.7019540071487427
loco_20170301_05,loco,3,16,0.00013180194846605368,0.20462060173606444,0.8072976628939311,1.4553751945495605,0.15609773993492126,0.8439007997512817,0.3343975841999054,0.6999831199645996
loco_20170301_05,loco,3,17,8.594235253127372e-05,0.19907808049949283,0.7612398306528727,1.1270488500595093,0.1515788435935974,0.8484194278717041,0.32540783286094666,0.7081382274627686
loco_20170301_05,loco,3,18,4.9047064115234504e-05,0.20114830822238555,0.7722758611043294,1.2718533277511597,0.14897339046001434,0.8510251045227051,0.32145971059799194,0.7117764949798584
loco_20170301_05,loco,3,19,2.2024567667180916e-05,0.19896524423184556,0.7991046746571858,1.3452343940734863,0.1493629813194275,0.8506357669830322,0.324582576751709,0.708967924118042
loco_20170301_05,loco,3,20,5.540246732188055e-06,0.20373083447142792,0.7750235756238302,1.1314760446548462,0.14966034889221191,0.850338339805603,0.32521116733551025,0.7083860635757446
loco_20170301_05,loco,4,1,0.0009,0.9594329512807224,1.2999443729718527,3.4216880798339844,0.7584811449050903,0.2415097951889038,0.834900438785553,0.19751480221748352
loco_20170301_05,loco,4,2,0.000894459753267812,0.7009084714823792,0.9198134382565816,1.8923767805099487,0.5700715780258179,0.42992329597473145,0.6549413800239563,0.37891867756843567
loco_20170301_05,loco,4,3,0.0008779754323328191,0.5736877005571531,1.2050821701685588,1.8443379402160645,0.47223228216171265,0.5277628898620605,0.5535100698471069,0.4806289076805115
loco_20170301_05,loco,4,4,0.0008509529358847655,0.45969866552297045,1.0911434412002563,1.6044151782989502,0.37312281131744385,0.626873791217804,0.4729404151439667,0.5546895265579224
loco_20170301_05,loco,4,5,0.0008140576474687264,0.3886463301332384,1.3363256613413492,1.7086342573165894,0.3029276728630066,0.6970689296722412,0.414997398853302,0.6132186055183411
loco_20170301_05,loco,4,6,0.0007681980515339464,0.3377154007944756,1.0952922582626343,1.3294882774353027,0.2720230519771576,0.7279744148254395,0.36265894770622253,0.6560238599777222
loco_20170301_05,loco,4,7,0.0007145033635316129,0.3000678251279987,1.058453623453776,1.3245108127593994,0.233625128865242,0.7663725018501282,0.3499316871166229,0.6769510507583618
loco_20170301_05,loco,4,8,0.0006542957248827961,0.29583709598925023,1.0462557832400003,1.346470594406128,0.22191911935806274,0.7780786156654358,0.34857091307640076,0.6758829355239868
loco_20170301_05,loco,4,9,0.0005890576474687265,0.27523577584407827,1.064352603753408,1.5013394355773926,0.19921018183231354,0.800788402557373,0.31141629815101624,0.7091253995895386
loco_20170301_05,loco,4,10,0.000520395509268104,0.2499243680623034,0.9615661104520162,1.4766366481781006,0.18981631100177765,0.8101817965507507,0.29920464754104614,0.7203817367553711
loco_20170301_05,loco,4,11,0.0004500000000000001,0.23192434673018786,0.8246365149815877,1.1584279537200928,0.1878458857536316,0.8121525049209595,0.3231838643550873,0.703284740447998
loco_20170301_05,loco,4,12,0.00037960449073189633,0.24047045559494595,1.0480361223220824,2.0787384510040283,0.18846599757671356,0.8115320205688477,0.31205126643180847,0.711002767086029
loco_20170301_05,loco,4,13,0.0003109423525312738,0.22623674391772855,0.973407793045044,1.879438042640686,0.16560545563697815,0.8343933820724487,0.2994670867919922,0.7235915660858154
loco_20170301_05,loco,4,14,0.00024570427511720405,0.21872988832770562,0.9597065051396688,1.6766173839569092,0.16069497168064117,0.8393032550811768,0.2912397086620331,0.7308107614517212
loco_20170301_05,loco,4,15,0.0001854966364683872,0.20700979432387723,0.7518802245457967,0.8903160095214844,0.17062337696552277,0.8293747901916504,0.28102201223373413,0.7381848096847534
loco_20170301_05,loco,4,16,0.00013180194846605368,0.2128229574009112,0.8094724456469218,1.377021312713623,0.1571541428565979,0.8428442478179932,0.29085302352905273,0.730486273765564
loco_20170301_05,loco,4,17,8.594235253127372e-05,0.2026049902624881,0.7721370061238607,1.2601269483566284,0.1589130163192749,0.8410855531692505,0.2827405631542206,0.7372902631759644
loco_20170301_05,loco,4,18,4.9047064115234504e-05,0.205521779948947,0.8055112878481547,1.421136736869812,0.16028733551502228,0.8397110104560852,0.28391820192337036,0.7365126013755798
loco_20170301_05,loco,4,19,2.2024567667180916e-05,0.20527633932163214,0.8004890402158101,1.1009236574172974,0.15778034925460815,0.8422183990478516,0.2864612340927124,0.7344017028808594
loco_20170301_05,loco,4,20,5.540246732188055e-06,0.20655495780699387,0.7712344408035279,1.0651347637176514,0.15761159360408783,0.8423870801925659,0.2856079936027527,0.735109806060791
loco_20170301_05,loco,5,1,0.0009,0.9438323795613386,1.3334525307019551,2.840938091278076,0.7433977723121643,0.25659504532814026,0.6811926364898682,0.20078334212303162
loco_20170301_05,loco,5,2,0.000894459753267812,0.6993259319024037,0.8936015645662944,1.446258306503296,0.5627642869949341,0.4372299313545227,0.5570471286773682,0.3437066376209259
loco_20170301_05,loco,5,3,0.0008779754323328191,0.548856809587834,1.1226048549016316,1.8661918640136719,0.4137827754020691,0.5862135887145996,0.4368269145488739,0.48430296778678894
loco_20170301_05,loco,5,4,0.0008509529358847655,0.4243991024842259,0.9503544608751933,2.0364441871643066,0.323855996131897,0.676141083240509,0.3707045018672943,0.5619099140167236
loco_20170301_05,loco,5,5,0.0008140576474687264,0.35997034552880885,1.2052828550338746,2.2350587844848633,0.2645557224750519,0.7354421615600586,0.3184880018234253,0.6238073706626892
loco_20170301_05,loco,5,6,0.0007681980515339464,0.31411108355479916,1.2061746398607889,2.1550729274749756,0.24126692116260529,0.7587313652038574,0.3079705834388733,0.6361165046691895
loco_20170301_05,loco,5,7,0.0007145033635316129,0.2899868749141256,1.2164783676465352,2.220827341079712,0.232888862490654,0.7671085596084595,0.3169320225715637,0.6250623464584351
loco_20170301_05,loco,5,8,0.0006542957248827961,0.2590932740414004,0.9976460417111714,1.641748070716858,0.19759023189544678,0.8024075627326965,0.2717509865760803,0.6787307262420654
loco_20170301_05,loco,5,9,0.0005890576474687265,0.2535349870782184,1.0531999627749125,1.7774381637573242,0.19331508874893188,0.8066834211349487,0.2822832465171814,0.6661940813064575
loco_20170301_05,loco,5,10,0.000520395509268104,0.24402606876415672,0.9746594667434693,1.600581407546997,0.1875297725200653,0.812468409538269,0.267276406288147,0.6844525933265686
loco_20170301_05,loco,5,11,0.0004500000000000001,0.2263468264513942,0.9413356781005859,1.3330668210983276,0.1816679835319519,0.8183303475379944,0.27775123715400696,0.6717768907546997
loco_20170301_05,loco,5,12,0.00037960449073189633,0.2192275812695794,0.8030439376831054,0.9495699405670166,0.16946502029895782,0.8305335640907288,0.26575157046318054,0.685916543006897
loco_20170301_05,loco,5,13,0.0003109423525312738,0.21057944922055424,0.8356804370880127,1.310040831565857,0.16488520801067352,0.8351136445999146,0.2707236409187317,0.679964542388916
loco_20170301_05,loco,5,14,0.00024570427511720405,0.2021610037511853,0.8996140042940776,1.2653940916061401,0.15005700290203094,0.849941611289978,0.26063835620880127,0.6914470195770264
loco_20170301_05,loco,5,15,0.0001854966364683872,0.19944644526111402,0.7605671167373658,1.1032830476760864,0.157462477684021,0.8425359725952148,0.26732444763183594,0.683952808380127
loco_20170301_05,loco,5,16,0.00013180194846605368,0.1962293381744139,0.7805047988891601,0.9932848215103149,0.15391576290130615,0.8460825681686401,0.26018112897872925,0.6923340559005737
loco_20170301_05,loco,5,17,8.594235253127372e-05,0.1967488627928601,0.7507908860842387,1.0266573429107666,0.148715078830719,0.8512831926345825,0.2584916353225708,0.6942633390426636
loco_20170301_05,loco,5,18,4.9047064115234504e-05,0.19263986142109862,0.7665498375892639,1.0221326351165771,0.14835786819458008,0.8516406416893005,0.2594338059425354,0.6931063532829285
loco_20170301_05,loco,5,19,2.2024567667180916e-05,0.19340726673220743,0.7688543597857157,1.2665876150131226,0.14864611625671387,0.8513526916503906,0.2589154839515686,0.6937664747238159
loco_20170301_05,loco,5,20,5.540246732188055e-06,0.19388847832972492,0.7342647115389506,0.9547647833824158,0.1484876424074173,0.8515108823776245,0.2584173083305359,0.6943747401237488
