stage,policy,seed,config_label,epoch,learning_rate_schedule,optimization_loss,gradient_norm_mean_before_clip,gradient_norm_max_before_clip,validation_loss,validation_r2
paired_seed_confirmation,baseline,42,lr3e-04_wd0.060_do0.100,1,0.0003,0.519816406237199,1.0198593829359328,2.3313705921173096,0.46455737948417664,0.5589134097099304
paired_seed_confirmation,baseline,42,lr3e-04_wd0.060_do0.100,2,0.00029917828430524096,0.32086556897334073,0.9763337922096252,2.5684895515441895,0.4505153298377991,0.568905234336853
paired_seed_confirmation,baseline,42,lr3e-04_wd0.060_do0.100,3,0.0002967221401100708,0.2833725726297771,0.9875529370989118,1.7960751056671143,0.4320107698440552,0.5878885984420776
paired_seed_confirmation,baseline,42,lr3e-04_wd0.060_do0.100,4,0.00029265847744427303,0.2543744749857542,0.9930147392409189,1.972866177558899,0.42607706785202026,0.6004806756973267
paired_seed_confirmation,baseline,42,lr3e-04_wd0.060_do0.100,5,0.0002870318186463901,0.24067880023779217,0.9855521358762469,2.667764663696289,0.4345215857028961,0.5925267934799194
paired_seed_confirmation,baseline,42,lr3e-04_wd0.060_do0.100,6,0.0002799038105676658,0.22472853091739167,0.9716110902173178,1.7636935710906982,0.4136625826358795,0.6079987287521362
paired_seed_confirmation,baseline,42,lr3e-04_wd0.060_do0.100,7,0.0002713525491562421,0.21435247352459286,0.9421076932975224,2.349842071533203,0.41540002822875977,0.6114073991775513
paired_seed_confirmation,baseline,42,lr3e-04_wd0.060_do0.100,8,0.00026147172382160914,0.20587497068064858,0.9769651133673531,2.5719833374023438,0.41631752252578735,0.6097140312194824
paired_seed_confirmation,baseline,42,lr3e-04_wd0.060_do0.100,9,0.00025036959095382875,0.19916526717227578,0.9762804055213928,1.8483607769012451,0.40521547198295593,0.6181955337524414
paired_seed_confirmation,baseline,42,lr3e-04_wd0.060_do0.100,10,0.000238167787843871,0.1924612385101233,0.9491070491927011,1.8529590368270874,0.4049949049949646,0.6193225383758545
paired_seed_confirmation,baseline,42,lr3e-04_wd0.060_do0.100,11,0.00022500000000000002,0.18344443933809096,0.8966195673601968,1.634802222251892,0.4130233824253082,0.6078934073448181
paired_seed_confirmation,baseline,42,lr3e-04_wd0.060_do0.100,12,0.0002110104964613701,0.18292465926283424,0.9335401485647474,1.7140731811523438,0.41315585374832153,0.6126570701599121
paired_seed_confirmation,baseline,42,lr3e-04_wd0.060_do0.100,13,0.00019635254915624216,0.1773299743638476,0.9257933003561837,2.5189449787139893,0.40545687079429626,0.6205363273620605
paired_seed_confirmation,baseline,42,lr3e-04_wd0.060_do0.100,14,0.00018118675362266393,0.1722309987336997,0.9156068939822061,2.0358057022094727,0.40887877345085144,0.6170580983161926
paired_seed_confirmation,baseline,42,lr3e-04_wd0.060_do0.100,15,0.0001656792694901481,0.1679673170296671,0.8893196673052651,1.7593711614608765,0.4154074788093567,0.6122897863388062
paired_seed_confirmation,baseline,42,lr3e-04_wd0.060_do0.100,16,0.0001500000000000001,0.1647124631686232,0.9007151138782501,1.498313069343567,0.40251779556274414,0.6207126379013062
paired_seed_confirmation,baseline,42,lr3e-04_wd0.060_do0.100,17,0.00013432073050985205,0.16130787858093612,0.874892840215138,2.5347349643707275,0.4116494059562683,0.6139556765556335
paired_seed_confirmation,baseline,42,lr3e-04_wd0.060_do0.100,18,0.00011881324637733612,0.16141727886343962,0.8882576990127563,1.6939406394958496,0.4057854413986206,0.6184852719306946
paired_seed_confirmation,baseline,42,lr3e-04_wd0.060_do0.100,19,0.00010364745084375793,0.1580930341556835,0.8847068209307535,2.386589765548706,0.4076806306838989,0.6166627407073975
paired_seed_confirmation,baseline,42,lr3e-04_wd0.060_do0.100,20,8.898950353863002e-05,0.1556105259214205,0.8696190900462014,1.6635184288024902,0.4118376672267914,0.6151717901229858
paired_seed_confirmation,baseline,42,lr3e-04_wd0.060_do0.100,21,7.500000000000005e-05,0.15473059232202951,0.8623037609032222,1.7151967287063599,0.4082528352737427,0.6160640716552734
paired_seed_confirmation,baseline,42,lr3e-04_wd0.060_do0.100,22,6.183221215612906e-05,0.15172853353972937,0.8476417691367013,1.3800699710845947,0.40690863132476807,0.6186668276786804
paired_seed_confirmation,baseline,42,lr3e-04_wd0.060_do0.100,23,4.963040904617133e-05,0.1519957927142747,0.8578791196005685,1.9341838359832764,0.4126553535461426,0.6133368015289307
paired_seed_confirmation,baseline,42,lr3e-04_wd0.060_do0.100,24,3.852827617839091e-05,0.15055378744599537,0.8647381367002215,1.669184923171997,0.40005260705947876,0.6252889633178711
paired_seed_confirmation,baseline,42,lr3e-04_wd0.060_do0.100,25,2.8647450843757908e-05,0.14903356659332379,0.849930238042559,1.4654362201690674,0.4155098795890808,0.6121658086776733
paired_seed_confirmation,baseline,42,lr3e-04_wd0.060_do0.100,26,2.00961894323342e-05,0.14751840225935517,0.838923396723611,2.297370672225952,0.40687674283981323,0.61885005235672
paired_seed_confirmation,baseline,42,lr3e-04_wd0.060_do0.100,27,1.2968181353609857e-05,0.14985602670734627,0.8490500380311693,1.6640663146972656,0.4097144305706024,0.6161587834358215
paired_seed_confirmation,baseline,42,lr3e-04_wd0.060_do0.100,28,7.341522555726972e-06,0.1463383083548855,0.8396776982716152,1.4208821058273315,0.4081513285636902,0.6175870299339294
paired_seed_confirmation,baseline,42,lr3e-04_wd0.060_do0.100,29,3.2778598899291474e-06,0.1455676701858273,0.8343765817369734,1.3437823057174683,0.4090825617313385,0.6168094873428345
paired_seed_confirmation,baseline,42,lr3e-04_wd0.060_do0.100,30,8.2171569475899e-07,0.14694563044130934,0.8281884658336639,1.8328145742416382,0.40817007422447205,0.6178618669509888
paired_seed_confirmation,baseline,42,lr9e-04_wd0.025_do0.100,1,0.0009,0.41468032103790264,0.9888101979664394,2.2942404747009277,0.4624926745891571,0.5576349496841431
paired_seed_confirmation,baseline,42,lr9e-04_wd0.025_do0.100,2,0.0008975348529157229,0.26166466941236116,0.8582122685228075,1.874108910560608,0.40706390142440796,0.6087921857833862
paired_seed_confirmation,baseline,42,lr9e-04_wd0.025_do0.100,3,0.0008901664203302124,0.22668119698029504,0.8500119695493153,1.4373290538787842,0.413611501455307,0.6096169948577881
paired_seed_confirmation,baseline,42,lr9e-04_wd0.025_do0.100,4,0.0008779754323328191,0.20322064598268044,0.7930543905496598,1.3717074394226074,0.3801015615463257,0.6437981724739075
paired_seed_confirmation,baseline,42,lr9e-04_wd0.025_do0.100,5,0.0008610954559391703,0.1907747137359858,0.742559974023274,1.4895819425582886,0.4177936017513275,0.6110421419143677
paired_seed_confirmation,baseline,42,lr9e-04_wd0.025_do0.100,6,0.0008397114317029975,0.1780136767596473,0.7309998798370362,1.354103922843933,0.364460289478302,0.6571236848831177
paired_seed_confirmation,baseline,42,lr9e-04_wd0.025_do0.100,7,0.0008140576474687264,0.16868127502317662,0.7084413607631411,1.3513928651809692,0.39079102873802185,0.6317123174667358
paired_seed_confirmation,baseline,42,lr9e-04_wd0.025_do0.100,8,0.0007844151714648274,0.16165203607589074,0.7118028607538768,1.8779209852218628,0.3857739567756653,0.6363410949707031
paired_seed_confirmation,baseline,42,lr9e-04_wd0.025_do0.100,9,0.0007511087728614862,0.15501763620899295,0.684446416241782,1.1239917278289795,0.37802812457084656,0.6440414190292358
paired_seed_confirmation,baseline,42,lr9e-04_wd0.025_do0.100,10,0.0007145033635316129,0.14739185460195178,0.6545207092591695,1.131266474723816,0.376706063747406,0.6456854343414307
paired_seed_confirmation,baseline,42,lr9e-04_wd0.025_do0.100,11,0.000675,0.14070423877479246,0.643900882601738,1.1793982982635498,0.4053877890110016,0.6172864437103271
paired_seed_confirmation,baseline,42,lr9e-04_wd0.025_do0.100,12,0.0006330314893841102,0.13903446809824146,0.6626586649247578,1.8759618997573853,0.39241766929626465,0.6317580938339233
paired_seed_confirmation,baseline,42,lr9e-04_wd0.025_do0.100,13,0.0005890576474687265,0.1331465299577521,0.6417669033152716,1.606275200843811,0.4133921265602112,0.6073174476623535
paired_seed_confirmation,baseline,42,lr9e-04_wd0.025_do0.100,14,0.0005435602608679917,0.12922526974005988,0.6354787575347083,1.407212495803833,0.4076573848724365,0.6162947416305542
paired_seed_confirmation,baseline,42,lr9e-04_wd0.025_do0.100,15,0.0004970378084704442,0.1229911032285733,0.5977486535481045,0.9740734696388245,0.4028609097003937,0.6228200793266296
paired_seed_confirmation,baseline,42,lr9e-04_wd0.025_do0.100,16,0.0004500000000000002,0.12070567856365669,0.597416044984545,1.163780689239502,0.4008294343948364,0.6195558309555054
paired_seed_confirmation,baseline,42,lr9e-04_wd0.025_do0.100,17,0.0004029621915295561,0.11668876170978716,0.5791702573640006,1.3929393291473389,0.40615832805633545,0.6133862733840942
paired_seed_confirmation,baseline,42,lr9e-04_wd0.025_do0.100,18,0.0003564397391320083,0.11499399228117343,0.589434158546584,1.8972257375717163,0.39928314089775085,0.6212865114212036
paired_seed_confirmation,baseline,42,lr9e-04_wd0.025_do0.100,19,0.00031094235253127374,0.11133196802280626,0.5638290602820261,1.1371041536331177,0.4229009449481964,0.6006947755813599
paired_seed_confirmation,baseline,42,lr9e-04_wd0.025_do0.100,20,0.00026696851061589003,0.10843601333748308,0.5495728324140822,1.228980541229248,0.4061918258666992,0.6159803867340088
paired_seed_confirmation,baseline,42,lr9e-04_wd0.025_do0.100,21,0.00022500000000000013,0.1063847223264259,0.5461165336200169,1.334180474281311,0.4170938730239868,0.6058872938156128
paired_seed_confirmation,baseline,42,lr9e-04_wd0.025_do0.100,22,0.00018549663646838716,0.10379208074720114,0.5360568699666431,1.0679744482040405,0.41835665702819824,0.6055042147636414
paired_seed_confirmation,baseline,42,lr9e-04_wd0.025_do0.100,23,0.00014889122713851398,0.10197584195091687,0.5228063381569726,1.079708456993103,0.4256106913089752,0.5983922481536865
paired_seed_confirmation,baseline,42,lr9e-04_wd0.025_do0.100,24,0.00011558482853517273,0.10132215213722297,0.5253484368324279,1.1234455108642578,0.4108779728412628,0.61208575963974
paired_seed_confirmation,baseline,42,lr9e-04_wd0.025_do0.100,25,8.594235253127373e-05,0.10054308336119791,0.5092637606178011,0.9377662539482117,0.416343092918396,0.6079795360565186
paired_seed_confirmation,baseline,42,lr9e-04_wd0.025_do0.100,26,6.0288568297002606e-05,0.09819486214143851,0.5041914576292038,1.064134955406189,0.4165172576904297,0.6068508625030518
paired_seed_confirmation,baseline,42,lr9e-04_wd0.025_do0.100,27,3.8904544060829577e-05,0.09987458179127717,0.5027285748720169,1.0285394191741943,0.4153617322444916,0.607471764087677
paired_seed_confirmation,baseline,42,lr9e-04_wd0.025_do0.100,28,2.202456766718092e-05,0.09667133133683428,0.49034770224775587,0.8108227252960205,0.4176028370857239,0.6056404113769531
paired_seed_confirmation,baseline,42,lr9e-04_wd0.025_do0.100,29,9.833579669787445e-06,0.09674287235710179,0.4924895349570683,1.0141154527664185,0.41574063897132874,0.6072418689727783
paired_seed_confirmation,baseline,42,lr9e-04_wd0.025_do0.100,30,2.4651470842769705e-06,0.09699875343432629,0.48946179875305723,1.0667239427566528,0.4155547320842743,0.6075832843780518
seed43_grid,baseline,43,lr3e-04_wd0.025_do0.025,1,0.0003,0.5124136400436128,1.0693670763288226,2.156031370162964,0.46052229404449463,0.5629682540893555
seed43_grid,baseline,43,lr3e-04_wd0.025_do0.025,2,0.00029917828430524096,0.32157115678125847,1.0652529668807984,2.0254547595977783,0.43113061785697937,0.5929968357086182
seed43_grid,baseline,43,lr3e-04_wd0.025_do0.025,3,0.0002967221401100708,0.28167448190768024,1.0409597052846635,2.072387218475342,0.40341880917549133,0.6149210333824158
seed43_grid,baseline,43,lr3e-04_wd0.025_do0.025,4,0.00029265847744427303,0.26025939783260593,1.047987574168614,2.0198018550872803,0.4038473963737488,0.6122695207595825
seed43_grid,baseline,43,lr3e-04_wd0.025_do0.025,5,0.0002870318186463901,0.2377448233061989,1.0158615396703992,1.987093448638916,0.40541908144950867,0.6125770807266235
seed43_grid,baseline,43,lr3e-04_wd0.025_do0.025,6,0.0002799038105676658,0.22470164993732034,1.0313052717276983,2.3785476684570312,0.3925406336784363,0.6247991323471069
seed43_grid,baseline,43,lr3e-04_wd0.025_do0.025,7,0.0002713525491562421,0.2123890251881324,1.002608597619193,1.9743152856826782,0.382827490568161,0.6343928575515747
seed43_grid,baseline,43,lr3e-04_wd0.025_do0.025,8,0.00026147172382160914,0.20626494279777177,0.9599246665409633,1.8299978971481323,0.4082278907299042,0.6117753982543945
seed43_grid,baseline,43,lr3e-04_wd0.025_do0.025,9,0.00025036959095382875,0.19584077978160824,0.9559495428630284,1.665078043937683,0.38760650157928467,0.6319008469581604
seed43_grid,baseline,43,lr3e-04_wd0.025_do0.025,10,0.000238167787843871,0.1867250448452013,0.9383023817198617,1.769907832145691,0.3879159986972809,0.6310616135597229
seed43_grid,baseline,43,lr3e-04_wd0.025_do0.025,11,0.00022500000000000002,0.18382767238606276,0.9340871960776193,2.1058082580566406,0.4014568030834198,0.6185296177864075
seed43_grid,baseline,43,lr3e-04_wd0.025_do0.025,12,0.0002110104964613701,0.17844644550642444,0.9549199972833906,1.594411849975586,0.38943013548851013,0.6318681836128235
seed43_grid,baseline,43,lr3e-04_wd0.025_do0.025,13,0.00019635254915624216,0.17336877852544955,0.930707984481539,1.757270336151123,0.3872697651386261,0.6318276524543762
seed43_grid,baseline,43,lr3e-04_wd0.025_do0.025,14,0.00018118675362266393,0.16983042199873016,0.9333465657915387,1.986914873123169,0.3892190456390381,0.6315778493881226
seed43_grid,baseline,43,lr3e-04_wd0.025_do0.025,15,0.0001656792694901481,0.16569399894350595,0.918740165914808,1.7216169834136963,0.39583155512809753,0.6239330768585205
seed43_grid,baseline,43,lr3e-04_wd0.025_do0.025,16,0.0001500000000000001,0.16326995896946397,0.9165574371814728,1.8165901899337769,0.390736848115921,0.6281050443649292
seed43_grid,baseline,43,lr3e-04_wd0.025_do0.025,17,0.00013432073050985205,0.15933591215202472,0.8963612062590463,1.872741937637329,0.3975640833377838,0.624528169631958
seed43_grid,baseline,43,lr3e-04_wd0.025_do0.025,18,0.00011881324637733612,0.1568630433135918,0.8956522876875741,2.1942453384399414,0.3830544054508209,0.6379159688949585
seed43_grid,baseline,43,lr3e-04_wd0.025_do0.025,19,0.00010364745084375793,0.15450789697484948,0.8897544922147478,2.307798147201538,0.3916345536708832,0.6275948286056519
seed43_grid,baseline,43,lr3e-04_wd0.025_do0.025,20,8.898950353863002e-05,0.15264804215505887,0.8747859392847334,1.481745958328247,0.394797682762146,0.6249447464942932
seed43_grid,baseline,43,lr3e-04_wd0.025_do0.025,21,7.500000000000005e-05,0.15276579455374606,0.8749996783052172,1.7899309396743774,0.3958775997161865,0.6253422498703003
seed43_grid,baseline,43,lr3e-04_wd0.025_do0.025,22,6.183221215612906e-05,0.1496188062109403,0.8768497521536691,1.7459547519683838,0.38930726051330566,0.6304959058761597
seed43_grid,baseline,43,lr3e-04_wd0.025_do0.025,23,4.963040904617133e-05,0.14664356982414622,0.8642846981116704,2.363682270050049,0.39574646949768066,0.6258450746536255
seed43_grid,baseline,43,lr3e-04_wd0.025_do0.025,24,3.852827617839091e-05,0.14830301529609116,0.8654512582506453,1.4618439674377441,0.3991577625274658,0.6223868131637573
seed43_grid,baseline,43,lr3e-04_wd0.025_do0.025,25,2.8647450843757908e-05,0.14737533998969418,0.859733185853277,1.6625758409500122,0.3991732895374298,0.6207281947135925
seed43_grid,baseline,43,lr3e-04_wd0.025_do0.025,26,2.00961894323342e-05,0.14613063922264433,0.8355512804644448,1.440565824508667,0.3939346969127655,0.627253532409668
seed43_grid,baseline,43,lr3e-04_wd0.025_do0.025,27,1.2968181353609857e-05,0.1455003701693793,0.8486208181721824,1.942631483078003,0.3986372649669647,0.6225961446762085
seed43_grid,baseline,43,lr3e-04_wd0.025_do0.025,28,7.341522555726972e-06,0.14818652057141,0.8413193224157606,1.8965258598327637,0.3953486382961273,0.6254628896713257
seed43_grid,baseline,43,lr3e-04_wd0.025_do0.025,29,3.2778598899291474e-06,0.14490370512142012,0.8317907147748129,1.606095790863037,0.39676788449287415,0.6242685317993164
seed43_grid,baseline,43,lr3e-04_wd0.025_do0.025,30,8.2171569475899e-07,0.14450266764734682,0.8391006020137242,2.112687349319458,0.39547199010849,0.6257715225219727
seed43_grid,baseline,43,lr3e-04_wd0.025_do0.100,1,0.0003,0.518780733050916,1.0116122230461666,2.1598689556121826,0.4580037593841553,0.565231204032898
seed43_grid,baseline,43,lr3e-04_wd0.025_do0.100,2,0.00029917828430524096,0.3240470274329452,1.0100259712764195,2.0110809803009033,0.42795848846435547,0.5960297584533691
seed43_grid,baseline,43,lr3e-04_wd0.025_do0.100,3,0.0002967221401100708,0.2834322541752118,0.9839247139862606,1.7056224346160889,0.3965086042881012,0.6217270493507385
seed43_grid,baseline,43,lr3e-04_wd0.025_do0.100,4,0.00029265847744427303,0.2617817375217241,0.9929565472262246,1.794654369354248,0.40288490056991577,0.6143703460693359
seed43_grid,baseline,43,lr3e-04_wd0.025_do0.100,5,0.0002870318186463901,0.2394252641822401,0.9670812106132507,1.820345163345337,0.40748539566993713,0.6115908622741699
seed43_grid,baseline,43,lr3e-04_wd0.025_do0.100,6,0.0002799038105676658,0.22632065417782574,0.984670695577349,2.5378079414367676,0.39243966341018677,0.6245323419570923
seed43_grid,baseline,43,lr3e-04_wd0.025_do0.100,7,0.0002713525491562421,0.2133678104813467,0.9475500418458667,1.6166142225265503,0.3848693370819092,0.631990909576416
seed43_grid,baseline,43,lr3e-04_wd0.025_do0.100,8,0.00026147172382160914,0.2076589318476534,0.9310079215254102,1.6908103227615356,0.40863552689552307,0.6114681363105774
seed43_grid,baseline,43,lr3e-04_wd0.025_do0.100,9,0.00025036959095382875,0.1977482183547628,0.9160952513558523,1.6234369277954102,0.3873446583747864,0.6323717832565308
seed43_grid,baseline,43,lr3e-04_wd0.025_do0.100,10,0.000238167787843871,0.1886107994752709,0.9115377855300903,1.7955584526062012,0.3868573009967804,0.6328067779541016
seed43_grid,baseline,43,lr3e-04_wd0.025_do0.100,11,0.00022500000000000002,0.18608651644698193,0.9050108894280025,2.6442856788635254,0.39679422974586487,0.6235918998718262
seed43_grid,baseline,43,lr3e-04_wd0.025_do0.100,12,0.0002110104964613701,0.18068362176551647,0.9140355036939893,1.6265404224395752,0.38583844900131226,0.6355820298194885
seed43_grid,baseline,43,lr3e-04_wd0.025_do0.100,13,0.00019635254915624216,0.17563487347607112,0.8906057052952903,1.513383388519287,0.3888951241970062,0.6319202780723572
seed43_grid,baseline,43,lr3e-04_wd0.025_do0.100,14,0.00018118675362266393,0.17227646754892081,0.8920579765524183,2.1636550426483154,0.3882744312286377,0.6342248916625977
seed43_grid,baseline,43,lr3e-04_wd0.025_do0.100,15,0.0001656792694901481,0.16893349431371796,0.8878657378469195,1.760002613067627,0.39278003573417664,0.6269618272781372
seed43_grid,baseline,43,lr3e-04_wd0.025_do0.100,16,0.0001500000000000001,0.16542695932206958,0.8804884348596845,1.7041956186294556,0.3870060443878174,0.6331173181533813
seed43_grid,baseline,43,lr3e-04_wd0.025_do0.100,17,0.00013432073050985205,0.16281331020846995,0.8750794085434505,1.614688754081726,0.3933062255382538,0.6286481022834778
seed43_grid,baseline,43,lr3e-04_wd0.025_do0.100,18,0.00011881324637733612,0.15981788498176558,0.8642448348658426,2.2743980884552,0.378873735666275,0.6426990032196045
seed43_grid,baseline,43,lr3e-04_wd0.025_do0.100,19,0.00010364745084375793,0.1575214732173305,0.8694431963988712,2.343623161315918,0.38099291920661926,0.6390847563743591
seed43_grid,baseline,43,lr3e-04_wd0.025_do0.100,20,8.898950353863002e-05,0.15545155906303884,0.86292891059603,1.4965553283691406,0.3865290880203247,0.6343684792518616
seed43_grid,baseline,43,lr3e-04_wd0.025_do0.100,21,7.500000000000005e-05,0.15602570096785057,0.847747767482485,1.5809677839279175,0.38721948862075806,0.6345292925834656
seed43_grid,baseline,43,lr3e-04_wd0.025_do0.100,22,6.183221215612906e-05,0.15292100449269783,0.8477185864107949,1.5272473096847534,0.3830387592315674,0.6370750069618225
seed43_grid,baseline,43,lr3e-04_wd0.025_do0.100,23,4.963040904617133e-05,0.15064817651939605,0.8404997626372747,2.245114803314209,0.39009222388267517,0.6322453022003174
seed43_grid,baseline,43,lr3e-04_wd0.025_do0.100,24,3.852827617839091e-05,0.1522773908982074,0.8454090378965651,1.6259537935256958,0.3968914747238159,0.6252790689468384
seed43_grid,baseline,43,lr3e-04_wd0.025_do0.100,25,2.8647450843757908e-05,0.1507338441004956,0.8446242497648512,1.779056191444397,0.3945489227771759,0.6270122528076172
seed43_grid,baseline,43,lr3e-04_wd0.025_do0.100,26,2.00961894323342e-05,0.14958045868798925,0.8201156764371055,1.3702865839004517,0.3891388475894928,0.6325063705444336
seed43_grid,baseline,43,lr3e-04_wd0.025_do0.100,27,1.2968181353609857e-05,0.14870583230350376,0.8292333359377725,1.817996859550476,0.3934782147407532,0.6286125779151917
seed43_grid,baseline,43,lr3e-04_wd0.025_do0.100,28,7.341522555726972e-06,0.15164469566654573,0.830297440120152,2.061772584915161,0.39169466495513916,0.6302467584609985
seed43_grid,baseline,43,lr3e-04_wd0.025_do0.100,29,3.2778598899291474e-06,0.14870798224437423,0.8242741242476872,1.9264030456542969,0.39201709628105164,0.6298750638961792
seed43_grid,baseline,43,lr3e-04_wd0.025_do0.100,30,8.2171569475899e-07,0.14808617265032442,0.8198135309559959,1.9578454494476318,0.39121773838996887,0.6308135986328125
seed43_grid,baseline,43,lr3e-04_wd0.060_do0.025,1,0.0003,0.512492289009777,1.0703699895313807,2.161546230316162,0.46095243096351624,0.5625223517417908
seed43_grid,baseline,43,lr3e-04_wd0.060_do0.025,2,0.00029917828430524096,0.32165021057896964,1.0666296773297446,2.021027088165283,0.43163084983825684,0.5925772190093994
seed43_grid,baseline,43,lr3e-04_wd0.060_do0.025,3,0.0002967221401100708,0.28182424492217284,1.0449707525117056,2.0719432830810547,0.40317392349243164,0.6152235269546509
seed43_grid,baseline,43,lr3e-04_wd0.060_do0.025,4,0.00029265847744427303,0.26045059051289654,1.053289806502206,2.0318124294281006,0.4049374461174011,0.6111506223678589
seed43_grid,baseline,43,lr3e-04_wd0.060_do0.025,5,0.0002870318186463901,0.2378865716561375,1.021482880967004,2.000012159347534,0.4060758650302887,0.6119949817657471
seed43_grid,baseline,43,lr3e-04_wd0.060_do0.025,6,0.0002799038105676658,0.22491279799932867,1.037379148857934,2.39928936958313,0.3927218019962311,0.6245245933532715
seed43_grid,baseline,43,lr3e-04_wd0.060_do0.025,7,0.0002713525491562421,0.21262825636522348,1.013175426380975,2.0235605239868164,0.383548378944397,0.6336979866027832
seed43_grid,baseline,43,lr3e-04_wd0.060_do0.025,8,0.00026147172382160914,0.20659053303918049,0.9726228603294917,1.897378921508789,0.40724772214889526,0.6128106117248535
seed43_grid,baseline,43,lr3e-04_wd0.060_do0.025,9,0.00025036959095382875,0.19614818964228534,0.9707419695172991,1.700645089149475,0.388430118560791,0.6310677528381348
seed43_grid,baseline,43,lr3e-04_wd0.060_do0.025,10,0.000238167787843871,0.1870402599687811,0.9525050835950034,1.7658767700195312,0.38730964064598083,0.6316631436347961
seed43_grid,baseline,43,lr3e-04_wd0.060_do0.025,11,0.00022500000000000002,0.18429453229077444,0.9528260501793453,2.1416540145874023,0.40123745799064636,0.6186401844024658
seed43_grid,baseline,43,lr3e-04_wd0.060_do0.025,12,0.0002110104964613701,0.17889752941776976,0.974765647820064,1.6529203653335571,0.38849395513534546,0.6327715516090393
seed43_grid,baseline,43,lr3e-04_wd0.060_do0.025,13,0.00019635254915624216,0.1739537527037147,0.9533972956453051,1.868057131767273,0.3861224949359894,0.6329997777938843
seed43_grid,baseline,43,lr3e-04_wd0.060_do0.025,14,0.00018118675362266393,0.1704340390724357,0.958107510975429,2.110591411590576,0.3881078362464905,0.6328178644180298
seed43_grid,baseline,43,lr3e-04_wd0.060_do0.025,15,0.0001656792694901481,0.16644716428030257,0.9440469288825989,1.7924495935440063,0.3961138427257538,0.623737096786499
seed43_grid,baseline,43,lr3e-04_wd0.060_do0.025,16,0.0001500000000000001,0.16399282193290574,0.9402598350388663,1.8761793375015259,0.3902279734611511,0.6286146640777588
seed43_grid,baseline,43,lr3e-04_wd0.060_do0.025,17,0.00013432073050985205,0.1601309676291692,0.9221928303582327,1.929783821105957,0.39612871408462524,0.62618088722229
seed43_grid,baseline,43,lr3e-04_wd0.060_do0.025,18,0.00011881324637733612,0.15757981575308763,0.9216332973752703,2.2339112758636475,0.38130366802215576,0.6396356225013733
seed43_grid,baseline,43,lr3e-04_wd0.060_do0.025,19,0.00010364745084375793,0.1552683781550768,0.9180680000782013,2.3929154872894287,0.391364187002182,0.62813800573349
seed43_grid,baseline,43,lr3e-04_wd0.060_do0.025,20,8.898950353863002e-05,0.15358546586444713,0.9034647977352143,1.53488028049469,0.3952024579048157,0.624818742275238
seed43_grid,baseline,43,lr3e-04_wd0.060_do0.025,21,7.500000000000005e-05,0.15359837632317938,0.9041125386101859,1.7887154817581177,0.39588233828544617,0.6255502700805664
seed43_grid,baseline,43,lr3e-04_wd0.060_do0.025,22,6.183221215612906e-05,0.15067863997597022,0.9081751755305699,1.9827170372009277,0.38808679580688477,0.6319582462310791
seed43_grid,baseline,43,lr3e-04_wd0.060_do0.025,23,4.963040904617133e-05,0.14745498227326395,0.8934025801931109,2.4269981384277344,0.39524903893470764,0.6267235279083252
seed43_grid,baseline,43,lr3e-04_wd0.060_do0.025,24,3.852827617839091e-05,0.14937179398550016,0.8966240647860936,1.503332257270813,0.3989649713039398,0.6227610111236572
seed43_grid,baseline,43,lr3e-04_wd0.060_do0.025,25,2.8647450843757908e-05,0.14831753676103,0.8905888184479305,1.7376309633255005,0.3984615206718445,0.6216356754302979
seed43_grid,baseline,43,lr3e-04_wd0.060_do0.025,26,2.00961894323342e-05,0.14686938400103208,0.8622859128883906,1.5815820693969727,0.3931422829627991,0.6283609867095947
seed43_grid,baseline,43,lr3e-04_wd0.060_do0.025,27,1.2968181353609857e-05,0.14648997983409787,0.8774232178074973,1.971737027168274,0.3981649577617645,0.623356819152832
seed43_grid,baseline,43,lr3e-04_wd0.060_do0.025,28,7.341522555726972e-06,0.14913933827706366,0.8702124711445399,1.9354768991470337,0.3947893977165222,0.6263841390609741
seed43_grid,baseline,43,lr3e-04_wd0.060_do0.025,29,3.2778598899291474e-06,0.14577292518194357,0.8603004346575056,1.650761604309082,0.39630189538002014,0.6251642107963562
seed43_grid,baseline,43,lr3e-04_wd0.060_do0.025,30,8.2171569475899e-07,0.14528936999089498,0.8669149584429605,2.1846117973327637,0.3950452208518982,0.6266064643859863
seed43_grid,baseline,43,lr3e-04_wd0.060_do0.100,1,0.0003,0.5188569845849236,1.0114319060529982,2.1555674076080322,0.45829156041145325,0.5649195313453674
seed43_grid,baseline,43,lr3e-04_wd0.060_do0.100,2,0.00029917828430524096,0.32406994826841673,1.0113510285105025,2.026505470275879,0.42785388231277466,0.5960755944252014
seed43_grid,baseline,43,lr3e-04_wd0.060_do0.100,3,0.0002967221401100708,0.2834787733922869,0.9875701337201255,1.738793134689331,0.3967447280883789,0.6216074228286743
seed43_grid,baseline,43,lr3e-04_wd0.060_do0.100,4,0.00029265847744427303,0.2617994948068188,1.0000871319430216,1.8001141548156738,0.40256431698799133,0.6147361993789673
seed43_grid,baseline,43,lr3e-04_wd0.060_do0.100,5,0.0002870318186463901,0.23940778674428628,0.9750642830984934,1.8409430980682373,0.40809956192970276,0.6110907196998596
seed43_grid,baseline,43,lr3e-04_wd0.060_do0.100,6,0.0002799038105676658,0.22640679042611347,0.9943281037466867,2.613964796066284,0.3909694254398346,0.6260105967521667
seed43_grid,baseline,43,lr3e-04_wd0.060_do0.100,7,0.0002713525491562421,0.21349308597961528,0.9598516993863242,1.6659059524536133,0.38372933864593506,0.6327287554740906
seed43_grid,baseline,43,lr3e-04_wd0.060_do0.100,8,0.00026147172382160914,0.20781839844231104,0.9431278043133872,1.7437680959701538,0.40769752860069275,0.6123635172843933
seed43_grid,baseline,43,lr3e-04_wd0.060_do0.100,9,0.00025036959095382875,0.19794792990823187,0.9278584628445762,1.655376672744751,0.3883667588233948,0.6314351558685303
seed43_grid,baseline,43,lr3e-04_wd0.060_do0.100,10,0.000238167787843871,0.18877275258102674,0.9267634306635175,1.7563978433609009,0.3863539397716522,0.6330012083053589
seed43_grid,baseline,43,lr3e-04_wd0.060_do0.100,11,0.00022500000000000002,0.1864187454137226,0.9223540581975664,2.750377655029297,0.3976534903049469,0.6227191686630249
seed43_grid,baseline,43,lr3e-04_wd0.060_do0.100,12,0.0002110104964613701,0.18103395918605045,0.9342309755938394,1.7246911525726318,0.38764849305152893,0.6341120004653931
seed43_grid,baseline,43,lr3e-04_wd0.060_do0.100,13,0.00019635254915624216,0.1760408827375779,0.9095014246872494,1.5429680347442627,0.3910119831562042,0.6300626397132874
seed43_grid,baseline,43,lr3e-04_wd0.060_do0.100,14,0.00018118675362266393,0.172655717309156,0.9143384950501579,2.1238131523132324,0.38859081268310547,0.6337541937828064
seed43_grid,baseline,43,lr3e-04_wd0.060_do0.100,15,0.0001656792694901481,0.16931035902542824,0.9110200456210545,1.8090238571166992,0.3941333293914795,0.6258158683776855
seed43_grid,baseline,43,lr3e-04_wd0.060_do0.100,16,0.0001500000000000001,0.165774094551735,0.9033674556868417,1.728973388671875,0.3879629671573639,0.6323606967926025
seed43_grid,baseline,43,lr3e-04_wd0.060_do0.100,17,0.00013432073050985205,0.16316754177112708,0.9003033706120083,1.5791305303573608,0.39392349123954773,0.6282877922058105
seed43_grid,baseline,43,lr3e-04_wd0.060_do0.100,18,0.00011881324637733612,0.1602277704800002,0.8897851293427603,2.384549140930176,0.37846270203590393,0.6428533792495728
seed43_grid,baseline,43,lr3e-04_wd0.060_do0.100,19,0.00010364745084375793,0.157910994887352,0.8951221618482045,2.332350492477417,0.38173139095306396,0.638312816619873
seed43_grid,baseline,43,lr3e-04_wd0.060_do0.100,20,8.898950353863002e-05,0.1559147179966805,0.8897599256038666,1.5223360061645508,0.3880055546760559,0.6329054832458496
seed43_grid,baseline,43,lr3e-04_wd0.060_do0.100,21,7.500000000000005e-05,0.15650554708986475,0.8760832915987288,1.651006817817688,0.38841333985328674,0.633388102054596
seed43_grid,baseline,43,lr3e-04_wd0.060_do0.100,22,6.183221215612906e-05,0.15341840141038232,0.8760532791273935,1.554117202758789,0.38341420888900757,0.6368268728256226
seed43_grid,baseline,43,lr3e-04_wd0.060_do0.100,23,4.963040904617133e-05,0.15099223175571536,0.8708361799376352,2.403923273086548,0.39087361097335815,0.631565272808075
seed43_grid,baseline,43,lr3e-04_wd0.060_do0.100,24,3.852827617839091e-05,0.15285450581336182,0.8747527045863015,1.7118836641311646,0.39786261320114136,0.6244211196899414
seed43_grid,baseline,43,lr3e-04_wd0.060_do0.100,25,2.8647450843757908e-05,0.1511108767172901,0.8743294608592987,1.7761056423187256,0.394331157207489,0.6270873546600342
seed43_grid,baseline,43,lr3e-04_wd0.060_do0.100,26,2.00961894323342e-05,0.1500338445173814,0.8493740502425603,1.4201074838638306,0.3893392086029053,0.6322711706161499
seed43_grid,baseline,43,lr3e-04_wd0.060_do0.100,27,1.2968181353609857e-05,0.14911372507578574,0.8583976657049996,1.8722726106643677,0.3937729597091675,0.6282691955566406
seed43_grid,baseline,43,lr3e-04_wd0.060_do0.100,28,7.341522555726972e-06,0.152093201974361,0.8598072603770665,2.165078639984131,0.3919176757335663,0.6299816370010376
seed43_grid,baseline,43,lr3e-04_wd0.060_do0.100,29,3.2778598899291474e-06,0.14897585362529328,0.8547202105181558,1.9667410850524902,0.39222821593284607,0.6296608448028564
seed43_grid,baseline,43,lr3e-04_wd0.060_do0.100,30,8.2171569475899e-07,0.14846467491230975,0.8493978139332362,2.004642963409424,0.3915388584136963,0.6305115222930908
seed43_grid,baseline,43,lr9e-04_wd0.025_do0.025,1,0.0009,0.40673361348892484,0.9596560633182526,1.8514505624771118,0.40019580721855164,0.615780234336853
seed43_grid,baseline,43,lr9e-04_wd0.025_do0.025,2,0.0008975348529157229,0.256310819024741,0.8802219126905714,1.6092486381530762,0.383993923664093,0.6361176371574402
seed43_grid,baseline,43,lr9e-04_wd0.025_do0.025,3,0.0008901664203302124,0.2221360553937737,0.8328651241745267,1.7203515768051147,0.36490699648857117,0.6495333909988403
seed43_grid,baseline,43,lr9e-04_wd0.025_do0.025,4,0.0008779754323328191,0.2031078287565735,0.8066270504678998,1.4645781517028809,0.37477388978004456,0.6422806978225708
seed43_grid,baseline,43,lr9e-04_wd0.025_do0.025,5,0.0008610954559391703,0.18786192502351415,0.7670978830541884,1.4832799434661865,0.38222283124923706,0.6365068554878235
seed43_grid,baseline,43,lr9e-04_wd0.025_do0.025,6,0.0008397114317029975,0.17458837738639824,0.721703747340611,1.5018810033798218,0.37869933247566223,0.6401982307434082
seed43_grid,baseline,43,lr9e-04_wd0.025_do0.025,7,0.0008140576474687264,0.16479412826182324,0.7186705036674227,1.7477428913116455,0.36006176471710205,0.6595157384872437
seed43_grid,baseline,43,lr9e-04_wd0.025_do0.025,8,0.0007844151714648274,0.15841711220858615,0.6847668938125883,1.4858040809631348,0.4081590175628662,0.6112997531890869
seed43_grid,baseline,43,lr9e-04_wd0.025_do0.025,9,0.0007511087728614862,0.1506383653188445,0.673629099386079,1.6484432220458984,0.39556366205215454,0.6296678781509399
seed43_grid,baseline,43,lr9e-04_wd0.025_do0.025,10,0.0007145033635316129,0.14303772222675734,0.6517851316928863,1.2387038469314575,0.3870832324028015,0.635732889175415
seed43_grid,baseline,43,lr9e-04_wd0.025_do0.025,11,0.000675,0.13873763413903964,0.632538293344634,1.4666553735733032,0.3761734664440155,0.6430598497390747
seed43_grid,baseline,43,lr9e-04_wd0.025_do0.025,12,0.0006330314893841102,0.13348203078612386,0.64181910438197,1.1649184226989746,0.38199692964553833,0.6398224234580994
seed43_grid,baseline,43,lr9e-04_wd0.025_do0.025,13,0.0005890576474687265,0.12791406596000296,0.6268094518354961,1.0666534900665283,0.39571863412857056,0.6264186501502991
seed43_grid,baseline,43,lr9e-04_wd0.025_do0.025,14,0.0005435602608679917,0.12442068024436366,0.6236323317459651,1.7061878442764282,0.38698747754096985,0.6344170570373535
seed43_grid,baseline,43,lr9e-04_wd0.025_do0.025,15,0.0004970378084704442,0.1204731663761523,0.6064870687893459,1.5463955402374268,0.3918673098087311,0.6292821168899536
seed43_grid,baseline,43,lr9e-04_wd0.025_do0.025,16,0.0004500000000000002,0.11535069572045499,0.5857887413672038,1.2784062623977661,0.40206989645957947,0.6193960309028625
seed43_grid,baseline,43,lr9e-04_wd0.025_do0.025,17,0.0004029621915295561,0.11298342869919152,0.5993573162385396,1.331076741218567,0.3993111252784729,0.6244044899940491
seed43_grid,baseline,43,lr9e-04_wd0.025_do0.025,18,0.0003564397391320083,0.10895082551360931,0.5639809745550156,1.8807216882705688,0.3942125737667084,0.6289647221565247
seed43_grid,baseline,43,lr9e-04_wd0.025_do0.025,19,0.00031094235253127374,0.10641672489627095,0.554063041125025,1.8531755208969116,0.4025898277759552,0.6205097436904907
seed43_grid,baseline,43,lr9e-04_wd0.025_do0.025,20,0.00026696851061589003,0.10196393604846608,0.5369541301897593,0.8838939666748047,0.40705007314682007,0.6161547899246216
seed43_grid,baseline,43,lr9e-04_wd0.025_do0.025,21,0.00022500000000000013,0.10309920313640995,0.5541825867550714,1.127230167388916,0.41120830178260803,0.6132735013961792
seed43_grid,baseline,43,lr9e-04_wd0.025_do0.025,22,0.00018549663646838716,0.09931694350119938,0.5325600501469203,1.1438301801681519,0.4062642753124237,0.6156167387962341
seed43_grid,baseline,43,lr9e-04_wd0.025_do0.025,23,0.00014889122713851398,0.09751967187362497,0.5246958499295371,1.3794875144958496,0.4062957465648651,0.6171682476997375
seed43_grid,baseline,43,lr9e-04_wd0.025_do0.025,24,0.00011558482853517273,0.09642041582522509,0.5091405464921679,1.1132596731185913,0.4123271107673645,0.6112402677536011
seed43_grid,baseline,43,lr9e-04_wd0.025_do0.025,25,8.594235253127373e-05,0.09508421262905369,0.5038385218381882,1.095208764076233,0.411293625831604,0.6113920211791992
seed43_grid,baseline,43,lr9e-04_wd0.025_do0.025,26,6.0288568297002606e-05,0.09477927485101709,0.4941649820974895,0.8107916116714478,0.4079383313655853,0.6156768798828125
seed43_grid,baseline,43,lr9e-04_wd0.025_do0.025,27,3.8904544060829577e-05,0.09301168698459131,0.4890156938348498,1.4768946170806885,0.40890225768089294,0.6149966716766357
seed43_grid,baseline,43,lr9e-04_wd0.025_do0.025,28,2.202456766718092e-05,0.09453323726086009,0.4930920822279794,1.5465949773788452,0.40695154666900635,0.6166975498199463
seed43_grid,baseline,43,lr9e-04_wd0.025_do0.025,29,9.833579669787445e-06,0.09250060174955885,0.48442229884011406,1.2684136629104614,0.40854012966156006,0.6152467727661133
seed43_grid,baseline,43,lr9e-04_wd0.025_do0.025,30,2.4651470842769705e-06,0.09277414947814856,0.48596289106777735,1.337212085723877,0.4086438715457916,0.6152718663215637
seed43_grid,baseline,43,lr9e-04_wd0.025_do0.100,1,0.0009,0.4104539871135814,0.9298775746141161,1.7326078414916992,0.40341484546661377,0.6124109625816345
seed43_grid,baseline,43,lr9e-04_wd0.025_do0.100,2,0.0008975348529157229,0.2592868539750976,0.8502725410461426,1.4512590169906616,0.3860148787498474,0.6342469453811646
seed43_grid,baseline,43,lr9e-04_wd0.025_do0.100,3,0.0008901664203302124,0.22491956067565302,0.8094306416170938,1.637907862663269,0.3652706444263458,0.6498183012008667
seed43_grid,baseline,43,lr9e-04_wd0.025_do0.100,4,0.0008779754323328191,0.2069497885413351,0.7902740570477077,1.4745944738388062,0.38166967034339905,0.6370682120323181
seed43_grid,baseline,43,lr9e-04_wd0.025_do0.100,5,0.0008610954559391703,0.19159849488361835,0.7454967610325132,1.2717463970184326,0.3886418342590332,0.6311377286911011
seed43_grid,baseline,43,lr9e-04_wd0.025_do0.100,6,0.0008397114317029975,0.17854565855774038,0.7148800051212311,1.534783124923706,0.3786717355251312,0.6394479870796204
seed43_grid,baseline,43,lr9e-04_wd0.025_do0.100,7,0.0008140576474687264,0.16728346607362396,0.7058893999031611,1.7553083896636963,0.35264691710472107,0.6675366163253784
seed43_grid,baseline,43,lr9e-04_wd0.025_do0.100,8,0.0007844151714648274,0.16184295594425543,0.6743357074260712,1.4852155447006226,0.41247743368148804,0.6058487892150879
seed43_grid,baseline,43,lr9e-04_wd0.025_do0.100,9,0.0007511087728614862,0.15416592854781438,0.6645772360052381,1.6735646724700928,0.3945176303386688,0.6303184032440186
seed43_grid,baseline,43,lr9e-04_wd0.025_do0.100,10,0.0007145033635316129,0.14754537301575577,0.6457647975002017,1.2554796934127808,0.39606142044067383,0.6275830268859863
seed43_grid,baseline,43,lr9e-04_wd0.025_do0.100,11,0.000675,0.14313918956707522,0.6382551662411009,1.5347853899002075,0.3777487874031067,0.6408787965774536
seed43_grid,baseline,43,lr9e-04_wd0.025_do0.100,12,0.0006330314893841102,0.13797378932269627,0.6349185116801943,1.448371410369873,0.37928739190101624,0.6410190463066101
seed43_grid,baseline,43,lr9e-04_wd0.025_do0.100,13,0.0005890576474687265,0.13224505262420214,0.6136903047561646,1.0464527606964111,0.39508599042892456,0.626137375831604
seed43_grid,baseline,43,lr9e-04_wd0.025_do0.100,14,0.0005435602608679917,0.12835483228800282,0.6071157790081841,1.2039257287979126,0.3799748122692108,0.6405669450759888
seed43_grid,baseline,43,lr9e-04_wd0.025_do0.100,15,0.0004970378084704442,0.12534811985972744,0.6087566265889577,1.3810096979141235,0.3769654631614685,0.6414756774902344
seed43_grid,baseline,43,lr9e-04_wd0.025_do0.100,16,0.0004500000000000002,0.11980229370812709,0.5833899364301136,1.1264207363128662,0.39844611287117004,0.6213701367378235
seed43_grid,baseline,43,lr9e-04_wd0.025_do0.100,17,0.0004029621915295561,0.11793979859792146,0.5912339925765991,1.1573916673660278,0.3876672685146332,0.6330329179763794
seed43_grid,baseline,43,lr9e-04_wd0.025_do0.100,18,0.0003564397391320083,0.1142083291186049,0.566148031098502,1.6738258600234985,0.3793737292289734,0.6415331363677979
seed43_grid,baseline,43,lr9e-04_wd0.025_do0.100,19,0.00031094235253127374,0.11138755685131022,0.5537245724882398,1.4483481645584106,0.3944965600967407,0.6265130043029785
seed43_grid,baseline,43,lr9e-04_wd0.025_do0.100,20,0.00026696851061589003,0.10771814714608843,0.5371092396974564,0.9476693272590637,0.3935743272304535,0.627191424369812
seed43_grid,baseline,43,lr9e-04_wd0.025_do0.100,21,0.00022500000000000013,0.10778718456925962,0.548604856133461,1.276124358177185,0.39980635046958923,0.6228663921356201
seed43_grid,baseline,43,lr9e-04_wd0.025_do0.100,22,0.00018549663646838716,0.10488130667932348,0.5361763280630112,0.8734453916549683,0.39499104022979736,0.626237154006958
seed43_grid,baseline,43,lr9e-04_wd0.025_do0.100,23,0.00014889122713851398,0.10301616077855129,0.5256056871584484,1.012323260307312,0.39918601512908936,0.6222923398017883
seed43_grid,baseline,43,lr9e-04_wd0.025_do0.100,24,0.00011558482853517273,0.10192352529740173,0.5131298020907811,1.0691049098968506,0.4019705355167389,0.619448184967041
seed43_grid,baseline,43,lr9e-04_wd0.025_do0.100,25,8.594235253127373e-05,0.10073090334066609,0.5133959301880427,1.1125681400299072,0.40014007687568665,0.6210495829582214
seed43_grid,baseline,43,lr9e-04_wd0.025_do0.100,26,6.0288568297002606e-05,0.09975078637434599,0.5053364037615913,0.9422886967658997,0.3956575393676758,0.6252086162567139
seed43_grid,baseline,43,lr9e-04_wd0.025_do0.100,27,3.8904544060829577e-05,0.09820739644219145,0.4989039273772921,1.3422523736953735,0.40140196681022644,0.6199719309806824
seed43_grid,baseline,43,lr9e-04_wd0.025_do0.100,28,2.202456766718092e-05,0.10022632918368517,0.5057150535072599,1.4915785789489746,0.3993341028690338,0.6219135522842407
seed43_grid,baseline,43,lr9e-04_wd0.025_do0.100,29,9.833579669787445e-06,0.09775289304704474,0.49373759695461816,1.2003741264343262,0.39853036403656006,0.622583270072937
seed43_grid,baseline,43,lr9e-04_wd0.025_do0.100,30,2.4651470842769705e-06,0.09830526305925126,0.4952459126710892,1.694733738899231,0.3988782465457916,0.6224621534347534
seed43_grid,baseline,43,lr9e-04_wd0.060_do0.025,1,0.0009,0.4068270220745863,0.9608419937746865,1.8484511375427246,0.40067097544670105,0.6153956055641174
seed43_grid,baseline,43,lr9e-04_wd0.060_do0.025,2,0.0008975348529157229,0.2567289149907878,0.8851805345501218,1.623233437538147,0.3839946985244751,0.6361732482910156
seed43_grid,baseline,43,lr9e-04_wd0.060_do0.025,3,0.0008901664203302124,0.2226295574266105,0.8419094025237219,1.7383179664611816,0.36211299896240234,0.65266352891922
seed43_grid,baseline,43,lr9e-04_wd0.060_do0.025,4,0.0008779754323328191,0.20372048962036235,0.8212672597169877,1.538854956626892,0.37880927324295044,0.6385275721549988
seed43_grid,baseline,43,lr9e-04_wd0.060_do0.025,5,0.0008610954559391703,0.1886696317051881,0.7843369829654694,1.4479097127914429,0.3812659680843353,0.6374422907829285
seed43_grid,baseline,43,lr9e-04_wd0.060_do0.025,6,0.0008397114317029975,0.17601348572662745,0.7443217299665723,1.4876599311828613,0.37940797209739685,0.6390547752380371
seed43_grid,baseline,43,lr9e-04_wd0.060_do0.025,7,0.0008140576474687264,0.1659575231316639,0.7370613927500589,1.9257926940917969,0.35713380575180054,0.6625440716743469
seed43_grid,baseline,43,lr9e-04_wd0.060_do0.025,8,0.0007844151714648274,0.15984138589844074,0.7085959727423532,1.4578145742416382,0.39848288893699646,0.6207016706466675
seed43_grid,baseline,43,lr9e-04_wd0.060_do0.025,9,0.0007511087728614862,0.1527606448831174,0.704914813552584,1.632161021232605,0.4026939868927002,0.6221809387207031
seed43_grid,baseline,43,lr9e-04_wd0.060_do0.025,10,0.0007145033635316129,0.1452509727867391,0.6852779167039054,1.2850711345672607,0.3844253122806549,0.6380612850189209
seed43_grid,baseline,43,lr9e-04_wd0.060_do0.025,11,0.000675,0.140533462925512,0.6628074955940246,1.4144057035446167,0.37103328108787537,0.6476767063140869
seed43_grid,baseline,43,lr9e-04_wd0.060_do0.025,12,0.0006330314893841102,0.1358261033799291,0.6743099415302276,1.2026457786560059,0.38511982560157776,0.6379210948944092
seed43_grid,baseline,43,lr9e-04_wd0.060_do0.025,13,0.0005890576474687265,0.1304475982543873,0.6694489571877889,1.3964449167251587,0.39132851362228394,0.6309506297111511
seed43_grid,baseline,43,lr9e-04_wd0.060_do0.025,14,0.0005435602608679917,0.12685291510833724,0.659643794298172,1.77578866481781,0.3856320083141327,0.6351924538612366
seed43_grid,baseline,43,lr9e-04_wd0.060_do0.025,15,0.0004970378084704442,0.12298872066624213,0.6434972474404744,1.6455633640289307,0.38904157280921936,0.6323461532592773
seed43_grid,baseline,43,lr9e-04_wd0.060_do0.025,16,0.0004500000000000002,0.11801032240625463,0.6253540118251528,1.2924007177352905,0.3971676230430603,0.6239638328552246
seed43_grid,baseline,43,lr9e-04_wd0.060_do0.025,17,0.0004029621915295561,0.11555229377359885,0.6417314600944519,1.4150032997131348,0.3975999653339386,0.6262429356575012
seed43_grid,baseline,43,lr9e-04_wd0.060_do0.025,18,0.0003564397391320083,0.11164556191804959,0.6068779190097536,2.0632641315460205,0.38919270038604736,0.6332194209098816
seed43_grid,baseline,43,lr9e-04_wd0.060_do0.025,19,0.00031094235253127374,0.10850763878966338,0.6016631897858211,1.7237392663955688,0.4000546336174011,0.6230289936065674
seed43_grid,baseline,43,lr9e-04_wd0.060_do0.025,20,0.00026696851061589003,0.10458480810425692,0.5816934825692858,0.9252186417579651,0.40616047382354736,0.6174925565719604
seed43_grid,baseline,43,lr9e-04_wd0.060_do0.025,21,0.00022500000000000013,0.10552166024577164,0.6008857220411301,1.1762135028839111,0.4140810966491699,0.6113425493240356
seed43_grid,baseline,43,lr9e-04_wd0.060_do0.025,22,0.00018549663646838716,0.10192599135357261,0.5847046421255384,1.1696770191192627,0.40644991397857666,0.6162211894989014
seed43_grid,baseline,43,lr9e-04_wd0.060_do0.025,23,0.00014889122713851398,0.1000777969831055,0.571550207052912,1.2918586730957031,0.40408679842948914,0.6196618676185608
seed43_grid,baseline,43,lr9e-04_wd0.060_do0.025,24,0.00011558482853517273,0.0991301461854237,0.5578224044186728,1.1719881296157837,0.4110112488269806,0.612962007522583
seed43_grid,baseline,43,lr9e-04_wd0.060_do0.025,25,8.594235253127373e-05,0.09780473409749785,0.5526632785797119,1.0738717317581177,0.4049259424209595,0.6173918843269348
seed43_grid,baseline,43,lr9e-04_wd0.060_do0.025,26,6.0288568297002606e-05,0.09728662210089516,0.5456610460792269,0.9304943084716797,0.40649163722991943,0.6174441576004028
seed43_grid,baseline,43,lr9e-04_wd0.060_do0.025,27,3.8904544060829577e-05,0.09532143406819978,0.5369953210864749,1.6310514211654663,0.40773656964302063,0.6160849332809448
seed43_grid,baseline,43,lr9e-04_wd0.060_do0.025,28,2.202456766718092e-05,0.0970398667828082,0.5402615338563919,1.1167263984680176,0.40478917956352234,0.618989109992981
seed43_grid,baseline,43,lr9e-04_wd0.060_do0.025,29,9.833579669787445e-06,0.09481451460712441,0.5296422094106674,1.1914993524551392,0.4068382680416107,0.6170313954353333
seed43_grid,baseline,43,lr9e-04_wd0.060_do0.025,30,2.4651470842769705e-06,0.0948467538314111,0.5317873275279998,1.4787962436676025,0.40683069825172424,0.6172013282775879
seed43_grid,baseline,43,lr9e-04_wd0.060_do0.100,1,0.0009,0.4104221069172725,0.9297050717047283,1.730516791343689,0.4025213420391083,0.6132711172103882
seed43_grid,baseline,43,lr9e-04_wd0.060_do0.100,2,0.0008975348529157229,0.25949916442101967,0.8546146954808916,1.4829692840576172,0.3847242295742035,0.6355181932449341
seed43_grid,baseline,43,lr9e-04_wd0.060_do0.100,3,0.0008901664203302124,0.22527275030244917,0.8209983122348785,1.6848386526107788,0.367472767829895,0.6475445032119751
seed43_grid,baseline,43,lr9e-04_wd0.060_do0.100,4,0.0008779754323328191,0.20768990297045484,0.8029885041713715,1.4926906824111938,0.387897253036499,0.6319295167922974
seed43_grid,baseline,43,lr9e-04_wd0.060_do0.100,5,0.0008610954559391703,0.19237499498414246,0.7592442212785994,1.3206971883773804,0.39273974299430847,0.6273278594017029
seed43_grid,baseline,43,lr9e-04_wd0.060_do0.100,6,0.0008397114317029975,0.1792315055899972,0.7302227715083531,1.5526318550109863,0.3847613036632538,0.6335921287536621
seed43_grid,baseline,43,lr9e-04_wd0.060_do0.100,7,0.0008140576474687264,0.1684020168209236,0.7280253227267947,1.7576309442520142,0.3551720976829529,0.6648112535476685
seed43_grid,baseline,43,lr9e-04_wd0.060_do0.100,8,0.0007844151714648274,0.1629562846006163,0.6981238159111568,1.551618218421936,0.4151211082935333,0.6035872101783752
seed43_grid,baseline,43,lr9e-04_wd0.060_do0.100,9,0.0007511087728614862,0.1558369800028385,0.692209547162056,1.7724961042404175,0.39638563990592957,0.628343939781189
seed43_grid,baseline,43,lr9e-04_wd0.060_do0.100,10,0.0007145033635316129,0.14957374529017164,0.6743145492247172,1.241864800453186,0.39747539162635803,0.6263447403907776
seed43_grid,baseline,43,lr9e-04_wd0.060_do0.100,11,0.000675,0.14511253410537772,0.6625146376235145,1.6223728656768799,0.37748947739601135,0.6412687301635742
seed43_grid,baseline,43,lr9e-04_wd0.060_do0.100,12,0.0006330314893841102,0.13963923842248233,0.6615713420936039,1.4412134885787964,0.3846525251865387,0.6363244652748108
seed43_grid,baseline,43,lr9e-04_wd0.060_do0.100,13,0.0005890576474687265,0.13475572139891467,0.6517386701277325,1.1601543426513672,0.39926549792289734,0.622229814529419
seed43_grid,baseline,43,lr9e-04_wd0.060_do0.100,14,0.0005435602608679917,0.13075584334281734,0.6430751775843756,1.3978734016418457,0.3827653229236603,0.6387365460395813
seed43_grid,baseline,43,lr9e-04_wd0.060_do0.100,15,0.0004970378084704442,0.12752161047402644,0.643758072427341,1.3486475944519043,0.3848420977592468,0.6345771551132202
seed43_grid,baseline,43,lr9e-04_wd0.060_do0.100,16,0.0004500000000000002,0.12245869557196129,0.6234631655897414,1.2500231266021729,0.4003869295120239,0.6201318502426147
seed43_grid,baseline,43,lr9e-04_wd0.060_do0.100,17,0.0004029621915295561,0.12070975763819095,0.6349243330955505,1.2332674264907837,0.39112114906311035,0.6309906244277954
seed43_grid,baseline,43,lr9e-04_wd0.060_do0.100,18,0.0003564397391320083,0.1171076720392944,0.6074692445993424,2.06420636177063,0.37966734170913696,0.6406695246696472
seed43_grid,baseline,43,lr9e-04_wd0.060_do0.100,19,0.00031094235253127374,0.11416036464757301,0.5999700329984937,1.811697006225586,0.39319732785224915,0.6279369592666626
seed43_grid,baseline,43,lr9e-04_wd0.060_do0.100,20,0.00026696851061589003,0.11030314454696323,0.5792697971207755,0.9887365102767944,0.39336591958999634,0.6275129318237305
seed43_grid,baseline,43,lr9e-04_wd0.060_do0.100,21,0.00022500000000000013,0.11035502948216944,0.5938231138672148,1.4179317951202393,0.40043479204177856,0.6226003170013428
seed43_grid,baseline,43,lr9e-04_wd0.060_do0.100,22,0.00018549663646838716,0.10756118118362938,0.5835116973945073,1.0411721467971802,0.3936963677406311,0.6276297569274902
seed43_grid,baseline,43,lr9e-04_wd0.060_do0.100,23,0.00014889122713851398,0.10571892828549315,0.5742226841620036,1.1636601686477661,0.39606109261512756,0.6256349086761475
seed43_grid,baseline,43,lr9e-04_wd0.060_do0.100,24,0.00011558482853517273,0.1044120595852534,0.560076693381582,1.1144460439682007,0.39954736828804016,0.6224371194839478
seed43_grid,baseline,43,lr9e-04_wd0.060_do0.100,25,8.594235253127373e-05,0.10330914388033634,0.5609819318567003,1.152831792831421,0.39876827597618103,0.62267005443573
seed43_grid,baseline,43,lr9e-04_wd0.060_do0.100,26,6.0288568297002606e-05,0.1021404103704747,0.5490262348311288,1.1645758152008057,0.3919718265533447,0.6289836168289185
seed43_grid,baseline,43,lr9e-04_wd0.060_do0.100,27,3.8904544060829577e-05,0.10019529538666642,0.5417094552516937,1.4233092069625854,0.398259699344635,0.6228193044662476
seed43_grid,baseline,43,lr9e-04_wd0.060_do0.100,28,2.202456766718092e-05,0.10295156599491234,0.5514549628325871,1.5902279615402222,0.39592990279197693,0.6250684857368469
seed43_grid,baseline,43,lr9e-04_wd0.060_do0.100,29,9.833579669787445e-06,0.10015147453586527,0.5386259308883122,1.2555485963821411,0.39521414041519165,0.6258639097213745
seed43_grid,baseline,43,lr9e-04_wd0.060_do0.100,30,2.4651470842769705e-06,0.10077090428579574,0.5415549765314375,1.44662606716156,0.395634263753891,0.6256992816925049
paired_seed_confirmation,baseline,44,lr3e-04_wd0.060_do0.100,1,0.0003,0.5171378539739305,0.981136086497988,1.8663384914398193,0.4830227792263031,0.5417793989181519
paired_seed_confirmation,baseline,44,lr3e-04_wd0.060_do0.100,2,0.00029917828430524096,0.3256023127920676,1.003546882697514,1.8791718482971191,0.435069739818573,0.5871386528015137
paired_seed_confirmation,baseline,44,lr3e-04_wd0.060_do0.100,3,0.0002967221401100708,0.2813737952202492,0.9725091760499137,1.6374720335006714,0.41368016600608826,0.6059527397155762
paired_seed_confirmation,baseline,44,lr3e-04_wd0.060_do0.100,4,0.00029265847744427303,0.2595764314581617,0.9759557466847556,2.257840156555176,0.38413527607917786,0.6357199549674988
paired_seed_confirmation,baseline,44,lr3e-04_wd0.060_do0.100,5,0.0002870318186463901,0.23866299637478736,0.9584649613925389,2.7532191276550293,0.4094214141368866,0.6137444972991943
paired_seed_confirmation,baseline,44,lr3e-04_wd0.060_do0.100,6,0.0002799038105676658,0.22574396814542597,0.9447477425847735,1.7950043678283691,0.40175238251686096,0.6217195987701416
paired_seed_confirmation,baseline,44,lr3e-04_wd0.060_do0.100,7,0.0002713525491562421,0.21220630412133748,0.9384924140998295,2.5614383220672607,0.37939321994781494,0.6421689987182617
paired_seed_confirmation,baseline,44,lr3e-04_wd0.060_do0.100,8,0.00026147172382160914,0.20324015098130144,0.9373012188502721,2.0439071655273438,0.3991943597793579,0.6267428994178772
paired_seed_confirmation,baseline,44,lr3e-04_wd0.060_do0.100,9,0.00025036959095382875,0.1965458606206864,0.9155239755766732,2.2746880054473877,0.39544007182121277,0.6287336945533752
paired_seed_confirmation,baseline,44,lr3e-04_wd0.060_do0.100,10,0.000238167787843871,0.19059879948095454,0.9050939428806305,1.6249579191207886,0.37977927923202515,0.6427125930786133
paired_seed_confirmation,baseline,44,lr3e-04_wd0.060_do0.100,11,0.00022500000000000002,0.18717098695719803,0.9270321408339909,1.750542402267456,0.38991427421569824,0.633716344833374
paired_seed_confirmation,baseline,44,lr3e-04_wd0.060_do0.100,12,0.0002110104964613701,0.17928281200945512,0.9133547903810229,2.166240930557251,0.37857598066329956,0.6448557376861572
paired_seed_confirmation,baseline,44,lr3e-04_wd0.060_do0.100,13,0.00019635254915624216,0.17221755028704402,0.9051047580582755,1.552423357963562,0.3971855044364929,0.628448486328125
paired_seed_confirmation,baseline,44,lr3e-04_wd0.060_do0.100,14,0.00018118675362266393,0.16822091575703632,0.8949364360741207,1.9306912422180176,0.3943042457103729,0.6309157013893127
paired_seed_confirmation,baseline,44,lr3e-04_wd0.060_do0.100,15,0.0001656792694901481,0.165939936136506,0.8830747532844544,1.6565282344818115,0.3963192403316498,0.6279990673065186
paired_seed_confirmation,baseline,44,lr3e-04_wd0.060_do0.100,16,0.0001500000000000001,0.16426975571935876,0.9005575925963265,1.9023030996322632,0.38415879011154175,0.639872133731842
paired_seed_confirmation,baseline,44,lr3e-04_wd0.060_do0.100,17,0.00013432073050985205,0.16103393351204975,0.8946097132137844,1.5369220972061157,0.38421446084976196,0.6382181644439697
paired_seed_confirmation,baseline,44,lr3e-04_wd0.060_do0.100,18,0.00011881324637733612,0.16051142232796756,0.9067911149774279,1.968169093132019,0.38855618238449097,0.6361898183822632
paired_seed_confirmation,baseline,44,lr3e-04_wd0.060_do0.100,19,0.00010364745084375793,0.1565568621113263,0.8878538852078574,1.608040452003479,0.3895356059074402,0.635130763053894
paired_seed_confirmation,baseline,44,lr3e-04_wd0.060_do0.100,20,8.898950353863002e-05,0.15512213476552258,0.8678559233461107,1.6251052618026733,0.3818008005619049,0.6415530443191528
paired_seed_confirmation,baseline,44,lr3e-04_wd0.060_do0.100,21,7.500000000000005e-05,0.15377576667857118,0.874181142449379,2.8364603519439697,0.3843211531639099,0.6390812993049622
paired_seed_confirmation,baseline,44,lr3e-04_wd0.060_do0.100,22,6.183221215612906e-05,0.15295754171457868,0.8910760865892683,1.8091239929199219,0.3904803395271301,0.6345610618591309
paired_seed_confirmation,baseline,44,lr3e-04_wd0.060_do0.100,23,4.963040904617133e-05,0.14955314575559076,0.8514843390669141,1.4572880268096924,0.39227527379989624,0.6328369379043579
paired_seed_confirmation,baseline,44,lr3e-04_wd0.060_do0.100,24,3.852827617839091e-05,0.14932278625917114,0.8524789415087018,1.899876594543457,0.3905107080936432,0.6345251798629761
paired_seed_confirmation,baseline,44,lr3e-04_wd0.060_do0.100,25,2.8647450843757908e-05,0.14833091675835167,0.834401547227587,1.4218792915344238,0.3830665051937103,0.6402105093002319
paired_seed_confirmation,baseline,44,lr3e-04_wd0.060_do0.100,26,2.00961894323342e-05,0.1489939884024712,0.8446322849818638,1.4584499597549438,0.3894864022731781,0.6350257396697998
paired_seed_confirmation,baseline,44,lr3e-04_wd0.060_do0.100,27,1.2968181353609857e-05,0.14527060153767032,0.8244162195069449,1.895790457725525,0.3849344551563263,0.6390959024429321
paired_seed_confirmation,baseline,44,lr3e-04_wd0.060_do0.100,28,7.341522555726972e-06,0.1458558539882869,0.8424777304274695,1.5969871282577515,0.38820675015449524,0.6361715197563171
paired_seed_confirmation,baseline,44,lr3e-04_wd0.060_do0.100,29,3.2778598899291474e-06,0.1461217378516592,0.8275997836249215,1.8437069654464722,0.3877836763858795,0.6364799737930298
paired_seed_confirmation,baseline,44,lr3e-04_wd0.060_do0.100,30,8.2171569475899e-07,0.14732130389885614,0.8232065233162471,1.7001198530197144,0.387734979391098,0.6366243362426758
paired_seed_confirmation,baseline,44,lr9e-04_wd0.025_do0.100,1,0.0009,0.40767837227724274,0.9389573243686131,1.6453858613967896,0.44640669226646423,0.5754331350326538
paired_seed_confirmation,baseline,44,lr9e-04_wd0.025_do0.100,2,0.0008975348529157229,0.2651390049241533,0.8518396692616599,1.6204042434692383,0.3966282308101654,0.6203681230545044
paired_seed_confirmation,baseline,44,lr9e-04_wd0.025_do0.100,3,0.0008901664203302124,0.2258929262091916,0.805518895983696,1.3822633028030396,0.38732537627220154,0.6305574774742126
paired_seed_confirmation,baseline,44,lr9e-04_wd0.025_do0.100,4,0.0008779754323328191,0.20723231021323194,0.7838932634251459,1.4821078777313232,0.3761039972305298,0.6470992565155029
paired_seed_confirmation,baseline,44,lr9e-04_wd0.025_do0.100,5,0.0008610954559391703,0.19093168366542065,0.7397290849685669,1.60307776927948,0.3784500062465668,0.6430319547653198
paired_seed_confirmation,baseline,44,lr9e-04_wd0.025_do0.100,6,0.0008397114317029975,0.17867151231573733,0.7005330704791205,1.3457531929016113,0.38426893949508667,0.6353549957275391
paired_seed_confirmation,baseline,44,lr9e-04_wd0.025_do0.100,7,0.0008140576474687264,0.16917442915023573,0.6903881586449487,1.7538871765136719,0.3728505074977875,0.6478371620178223
paired_seed_confirmation,baseline,44,lr9e-04_wd0.025_do0.100,8,0.0007844151714648274,0.1603508727155809,0.6798828727006913,1.404555082321167,0.380852073431015,0.6408556699752808
paired_seed_confirmation,baseline,44,lr9e-04_wd0.025_do0.100,9,0.0007511087728614862,0.1550065711440656,0.6693515537466321,1.3309886455535889,0.40670260787010193,0.6152726411819458
paired_seed_confirmation,baseline,44,lr9e-04_wd0.025_do0.100,10,0.0007145033635316129,0.14876124039325672,0.6499897704805646,1.1007890701293945,0.39060112833976746,0.6322499513626099
paired_seed_confirmation,baseline,44,lr9e-04_wd0.025_do0.100,11,0.000675,0.14486875116291728,0.6579887811626707,1.2036008834838867,0.39254727959632874,0.628646969795227
paired_seed_confirmation,baseline,44,lr9e-04_wd0.025_do0.100,12,0.0006330314893841102,0.13822104590051126,0.625644993015698,1.2411231994628906,0.3812697231769562,0.6414700746536255
paired_seed_confirmation,baseline,44,lr9e-04_wd0.025_do0.100,13,0.0005890576474687265,0.13202751876457158,0.6106374041523253,1.0039011240005493,0.37523090839385986,0.6440683603286743
paired_seed_confirmation,baseline,44,lr9e-04_wd0.025_do0.100,14,0.0005435602608679917,0.1272194182046041,0.5961982759407588,1.145065188407898,0.38032326102256775,0.6406611800193787
paired_seed_confirmation,baseline,44,lr9e-04_wd0.025_do0.100,15,0.0004970378084704442,0.12350502230643692,0.5853200234685625,0.9464097023010254,0.4090211093425751,0.6158138513565063
paired_seed_confirmation,baseline,44,lr9e-04_wd0.025_do0.100,16,0.0004500000000000002,0.12136149080607715,0.5952867428745542,1.4058371782302856,0.37877729535102844,0.6420513391494751
paired_seed_confirmation,baseline,44,lr9e-04_wd0.025_do0.100,17,0.0004029621915295561,0.11777824200839804,0.5724278849363327,1.1512603759765625,0.3912178874015808,0.6309223175048828
paired_seed_confirmation,baseline,44,lr9e-04_wd0.025_do0.100,18,0.0003564397391320083,0.11449056407549238,0.5609503258126123,1.0005970001220703,0.39665645360946655,0.6261997222900391
paired_seed_confirmation,baseline,44,lr9e-04_wd0.025_do0.100,19,0.00031094235253127374,0.11117136267340956,0.5530441159861429,1.2141120433807373,0.4017442762851715,0.6211186647415161
paired_seed_confirmation,baseline,44,lr9e-04_wd0.025_do0.100,20,0.00026696851061589003,0.10958718806705219,0.5398868370056152,0.9501416683197021,0.39357468485832214,0.6285785436630249
paired_seed_confirmation,baseline,44,lr9e-04_wd0.025_do0.100,21,0.00022500000000000013,0.1084048127568008,0.5447009934697833,2.2734062671661377,0.3937602639198303,0.626384437084198
paired_seed_confirmation,baseline,44,lr9e-04_wd0.025_do0.100,22,0.00018549663646838716,0.10580576282086256,0.5356016537121364,0.9867244958877563,0.4005397856235504,0.622760534286499
paired_seed_confirmation,baseline,44,lr9e-04_wd0.025_do0.100,23,0.00014889122713851398,0.10305258139801239,0.5136689259324755,1.1321483850479126,0.40701138973236084,0.6163713335990906
paired_seed_confirmation,baseline,44,lr9e-04_wd0.025_do0.100,24,0.00011558482853517273,0.10194011888248009,0.5089046385458538,1.027889609336853,0.4074748754501343,0.6161632537841797
paired_seed_confirmation,baseline,44,lr9e-04_wd0.025_do0.100,25,8.594235253127373e-05,0.09985722715955986,0.49460145890712737,0.8031647801399231,0.3983973562717438,0.6237006187438965
paired_seed_confirmation,baseline,44,lr9e-04_wd0.025_do0.100,26,6.0288568297002606e-05,0.1009128368674242,0.5040459379979543,0.8923845291137695,0.4042832553386688,0.6187427639961243
paired_seed_confirmation,baseline,44,lr9e-04_wd0.025_do0.100,27,3.8904544060829577e-05,0.09838437508483328,0.4840381747484207,1.3009958267211914,0.40204644203186035,0.6210412979125977
paired_seed_confirmation,baseline,44,lr9e-04_wd0.025_do0.100,28,2.202456766718092e-05,0.098405593752661,0.4878060363020216,0.8270177841186523,0.40368324518203735,0.6197576522827148
paired_seed_confirmation,baseline,44,lr9e-04_wd0.025_do0.100,29,9.833579669787445e-06,0.09749770510316695,0.47670207125799996,1.0571181774139404,0.40343448519706726,0.6194201707839966
paired_seed_confirmation,baseline,44,lr9e-04_wd0.025_do0.100,30,2.4651470842769705e-06,0.09905407993052097,0.4812448923928397,1.037606120109558,0.40307900309562683,0.619913637638092
paired_seed_confirmation,detector_filtered,42,lr3e-04_wd0.060_do0.100,1,0.0003,0.4840036969643578,0.9856686467783792,2.2794368267059326,0.47049984335899353,0.5610266923904419
paired_seed_confirmation,detector_filtered,42,lr3e-04_wd0.060_do0.100,2,0.00029917828430524096,0.28297256274244664,0.944906336580004,1.814083456993103,0.4418076276779175,0.5863593816757202
paired_seed_confirmation,detector_filtered,42,lr3e-04_wd0.060_do0.100,3,0.0002967221401100708,0.24809137024602101,0.9367414830412184,2.1465578079223633,0.4210996925830841,0.6048643589019775
paired_seed_confirmation,detector_filtered,42,lr3e-04_wd0.060_do0.100,4,0.00029265847744427303,0.22266145288410868,0.8794427866595133,1.8322473764419556,0.39885830879211426,0.6243541240692139
paired_seed_confirmation,detector_filtered,42,lr3e-04_wd0.060_do0.100,5,0.0002870318186463901,0.212143326741737,0.921438284090587,1.8435051441192627,0.3914113938808441,0.6348351240158081
paired_seed_confirmation,detector_filtered,42,lr3e-04_wd0.060_do0.100,6,0.0002799038105676658,0.19721897552477433,0.8818975004128048,1.5837900638580322,0.39487072825431824,0.6292695999145508
paired_seed_confirmation,detector_filtered,42,lr3e-04_wd0.060_do0.100,7,0.0002713525491562421,0.18911096395128793,0.8825746885367802,1.7093760967254639,0.39294955134391785,0.6281640529632568
paired_seed_confirmation,detector_filtered,42,lr3e-04_wd0.060_do0.100,8,0.00026147172382160914,0.18111635986990576,0.8742208824838911,1.5781941413879395,0.3965332508087158,0.6284362077713013
paired_seed_confirmation,detector_filtered,42,lr3e-04_wd0.060_do0.100,9,0.00025036959095382875,0.17613665777831536,0.8534985146352223,1.47678804397583,0.3890734016895294,0.6357613801956177
paired_seed_confirmation,detector_filtered,42,lr3e-04_wd0.060_do0.100,10,0.000238167787843871,0.1676525737881927,0.8262893288476126,1.8365633487701416,0.3792181611061096,0.6453424692153931
paired_seed_confirmation,detector_filtered,42,lr3e-04_wd0.060_do0.100,11,0.00022500000000000002,0.1619088617600584,0.8220978990622929,1.7470685243606567,0.3894102871417999,0.6333191394805908
paired_seed_confirmation,detector_filtered,42,lr3e-04_wd0.060_do0.100,12,0.0002110104964613701,0.16054533263314225,0.8400483994824546,2.392979145050049,0.39348989725112915,0.6330553293228149
paired_seed_confirmation,detector_filtered,42,lr3e-04_wd0.060_do0.100,13,0.00019635254915624216,0.1562114081113397,0.8428504429544721,2.181548833847046,0.38191458582878113,0.6427915096282959
paired_seed_confirmation,detector_filtered,42,lr3e-04_wd0.060_do0.100,14,0.00018118675362266393,0.15191781264023493,0.832217440860612,1.8583921194076538,0.39182984828948975,0.6366007328033447
paired_seed_confirmation,detector_filtered,42,lr3e-04_wd0.060_do0.100,15,0.0001656792694901481,0.1484735270901281,0.8077585785729544,1.4309394359588623,0.3775233328342438,0.6481636762619019
paired_seed_confirmation,detector_filtered,42,lr3e-04_wd0.060_do0.100,16,0.0001500000000000001,0.14661892928266418,0.8263122454711369,1.5081528425216675,0.38703423738479614,0.6382185220718384
paired_seed_confirmation,detector_filtered,42,lr3e-04_wd0.060_do0.100,17,0.00013432073050985205,0.1412825045102928,0.7869058626038687,2.356205701828003,0.3896435499191284,0.6369636058807373
paired_seed_confirmation,detector_filtered,42,lr3e-04_wd0.060_do0.100,18,0.00011881324637733612,0.14018938325662209,0.7961894805090768,2.447406053543091,0.3804023563861847,0.6440176367759705
paired_seed_confirmation,detector_filtered,42,lr3e-04_wd0.060_do0.100,19,0.00010364745084375793,0.13984389293380498,0.8022659860338484,1.4828046560287476,0.38021397590637207,0.6445937156677246
paired_seed_confirmation,detector_filtered,42,lr3e-04_wd0.060_do0.100,20,8.898950353863002e-05,0.1391937136810098,0.8042137544495719,1.648475170135498,0.37501171231269836,0.6501803398132324
paired_seed_confirmation,detector_filtered,42,lr3e-04_wd0.060_do0.100,21,7.500000000000005e-05,0.13560276713680633,0.787952560356685,1.2841724157333374,0.3936513364315033,0.6329647302627563
paired_seed_confirmation,detector_filtered,42,lr3e-04_wd0.060_do0.100,22,6.183221215612906e-05,0.1331678610986778,0.7780399931328638,2.107346773147583,0.37896043062210083,0.645681619644165
paired_seed_confirmation,detector_filtered,42,lr3e-04_wd0.060_do0.100,23,4.963040904617133e-05,0.1332960657332034,0.7648060824189867,1.7031818628311157,0.37903743982315063,0.6455223560333252
paired_seed_confirmation,detector_filtered,42,lr3e-04_wd0.060_do0.100,24,3.852827617839091e-05,0.13418610459139416,0.7843113782576152,1.3687182664871216,0.38735708594322205,0.639732837677002
paired_seed_confirmation,detector_filtered,42,lr3e-04_wd0.060_do0.100,25,2.8647450843757908e-05,0.13044743650511606,0.7581733887536185,1.565209984779358,0.3827112019062042,0.6431869268417358
paired_seed_confirmation,detector_filtered,42,lr3e-04_wd0.060_do0.100,26,2.00961894323342e-05,0.13079298833072586,0.7580937904970987,1.5989482402801514,0.37762606143951416,0.6474863290786743
paired_seed_confirmation,detector_filtered,42,lr3e-04_wd0.060_do0.100,27,1.2968181353609857e-05,0.12981564771942378,0.7498088923522405,1.2389875650405884,0.38031667470932007,0.6455313563346863
paired_seed_confirmation,detector_filtered,42,lr3e-04_wd0.060_do0.100,28,7.341522555726972e-06,0.12726593782837758,0.7365945252350399,1.219504952430725,0.3820970356464386,0.6431715488433838
paired_seed_confirmation,detector_filtered,42,lr3e-04_wd0.060_do0.100,29,3.2778598899291474e-06,0.12933747422241793,0.7397148053986685,1.4009504318237305,0.3810480237007141,0.644640326499939
paired_seed_confirmation,detector_filtered,42,lr3e-04_wd0.060_do0.100,30,8.2171569475899e-07,0.13003380352752053,0.7504551925829479,2.0810387134552,0.3818085789680481,0.6438044309616089
paired_seed_confirmation,detector_filtered,42,lr9e-04_wd0.025_do0.100,1,0.0009,0.37934486896799713,0.9895392293589456,2.2794368267059326,0.4532671868801117,0.5670918822288513
paired_seed_confirmation,detector_filtered,42,lr9e-04_wd0.025_do0.100,2,0.0008975348529157229,0.23336480470045035,0.8198714644568307,1.6336390972137451,0.41841229796409607,0.6031071543693542
paired_seed_confirmation,detector_filtered,42,lr9e-04_wd0.025_do0.100,3,0.0008901664203302124,0.2013702460930118,0.748696620123727,1.272417664527893,0.4207877218723297,0.5994119644165039
paired_seed_confirmation,detector_filtered,42,lr9e-04_wd0.025_do0.100,4,0.0008779754323328191,0.1821890398719967,0.7082452472618648,1.5637004375457764,0.3910479247570038,0.6292338371276855
paired_seed_confirmation,detector_filtered,42,lr9e-04_wd0.025_do0.100,5,0.0008610954559391703,0.17072720624589813,0.7096664551326207,1.3035080432891846,0.3631224036216736,0.6584432125091553
paired_seed_confirmation,detector_filtered,42,lr9e-04_wd0.025_do0.100,6,0.0008397114317029975,0.15678294554386096,0.6816301572322846,1.2036089897155762,0.3785758316516876,0.6447134017944336
paired_seed_confirmation,detector_filtered,42,lr9e-04_wd0.025_do0.100,7,0.0008140576474687264,0.14917692261787602,0.6549697872570582,1.063899278640747,0.4087195098400116,0.6194769740104675
paired_seed_confirmation,detector_filtered,42,lr9e-04_wd0.025_do0.100,8,0.0007844151714648274,0.1431164687805261,0.6585220604283469,1.1345890760421753,0.3790212571620941,0.6457585096359253
paired_seed_confirmation,detector_filtered,42,lr9e-04_wd0.025_do0.100,9,0.0007511087728614862,0.13724537413125604,0.6225958453757422,1.1394052505493164,0.39458605647087097,0.635654091835022
paired_seed_confirmation,detector_filtered,42,lr9e-04_wd0.025_do0.100,10,0.0007145033635316129,0.12898947920975268,0.6114473432302475,1.4664292335510254,0.3992949426174164,0.6337932348251343
paired_seed_confirmation,detector_filtered,42,lr9e-04_wd0.025_do0.100,11,0.000675,0.12354635172575645,0.5883653633083616,0.9524247646331787,0.3823322653770447,0.644554615020752
paired_seed_confirmation,detector_filtered,42,lr9e-04_wd0.025_do0.100,12,0.0006330314893841102,0.12051628744708878,0.5852836785997664,2.0109331607818604,0.3959803581237793,0.6349303722381592
paired_seed_confirmation,detector_filtered,42,lr9e-04_wd0.025_do0.100,13,0.0005890576474687265,0.115946494906274,0.5720395565884454,1.2519447803497314,0.39807310700416565,0.6301144361495972
paired_seed_confirmation,detector_filtered,42,lr9e-04_wd0.025_do0.100,14,0.0005435602608679917,0.11215996220874573,0.5733991814511162,1.1960023641586304,0.3922581076622009,0.6373205184936523
paired_seed_confirmation,detector_filtered,42,lr9e-04_wd0.025_do0.100,15,0.0004970378084704442,0.10731881406416563,0.5475682657957077,0.8947860598564148,0.37386199831962585,0.65360426902771
paired_seed_confirmation,detector_filtered,42,lr9e-04_wd0.025_do0.100,16,0.0004500000000000002,0.10454498680245956,0.5459632574660438,0.9797183871269226,0.39625510573387146,0.6334345936775208
paired_seed_confirmation,detector_filtered,42,lr9e-04_wd0.025_do0.100,17,0.0004029621915295561,0.10043293747325871,0.5151321421350752,1.416882872581482,0.38512715697288513,0.6442082524299622
paired_seed_confirmation,detector_filtered,42,lr9e-04_wd0.025_do0.100,18,0.0003564397391320083,0.09825698340232474,0.5226689985820225,1.6837095022201538,0.3888508677482605,0.6402077674865723
paired_seed_confirmation,detector_filtered,42,lr9e-04_wd0.025_do0.100,19,0.00031094235253127374,0.09663413278908538,0.5051133467469897,0.8532682657241821,0.3893485963344574,0.6404812335968018
paired_seed_confirmation,detector_filtered,42,lr9e-04_wd0.025_do0.100,20,0.00026696851061589003,0.0955704407077241,0.5098899493898664,1.1797921657562256,0.3918761909008026,0.6384808421134949
paired_seed_confirmation,detector_filtered,42,lr9e-04_wd0.025_do0.100,21,0.00022500000000000013,0.09199570567415864,0.4900566215174539,0.8445799350738525,0.41570228338241577,0.6183493733406067
paired_seed_confirmation,detector_filtered,42,lr9e-04_wd0.025_do0.100,22,0.00018549663646838716,0.08919542953338666,0.47642108201980593,1.3456077575683594,0.3969078063964844,0.6340744495391846
paired_seed_confirmation,detector_filtered,42,lr9e-04_wd0.025_do0.100,23,0.00014889122713851398,0.08853530500159168,0.46797430447169713,0.7911606431007385,0.39534419775009155,0.6366978883743286
paired_seed_confirmation,detector_filtered,42,lr9e-04_wd0.025_do0.100,24,0.00011558482853517273,0.08769889969220364,0.4648472854920796,0.9806247353553772,0.4038667380809784,0.6278703212738037
paired_seed_confirmation,detector_filtered,42,lr9e-04_wd0.025_do0.100,25,8.594235253127373e-05,0.08518304865932305,0.454256751707622,0.6763432025909424,0.4021473526954651,0.6302880048751831
paired_seed_confirmation,detector_filtered,42,lr9e-04_wd0.025_do0.100,26,6.0288568297002606e-05,0.0856350341612594,0.45105032077857427,1.1942278146743774,0.3980506360530853,0.633355975151062
paired_seed_confirmation,detector_filtered,42,lr9e-04_wd0.025_do0.100,27,3.8904544060829577e-05,0.08452548452471727,0.4452415482486997,0.7599831223487854,0.4002872109413147,0.6314048767089844
paired_seed_confirmation,detector_filtered,42,lr9e-04_wd0.025_do0.100,28,2.202456766718092e-05,0.08206791270332582,0.432266075696264,0.675974428653717,0.39809828996658325,0.6330156326293945
paired_seed_confirmation,detector_filtered,42,lr9e-04_wd0.025_do0.100,29,9.833579669787445e-06,0.08429087201220878,0.43634771815368106,0.8097166419029236,0.39762207865715027,0.6337020993232727
paired_seed_confirmation,detector_filtered,42,lr9e-04_wd0.025_do0.100,30,2.4651470842769705e-06,0.08349943110206783,0.43612643931593215,1.2886253595352173,0.3990039825439453,0.6323347091674805
seed43_grid,detector_filtered,43,lr3e-04_wd0.025_do0.025,1,0.0003,0.45311989614894194,1.0219543620518277,2.421189546585083,0.4839954376220703,0.5468841791152954
seed43_grid,detector_filtered,43,lr3e-04_wd0.025_do0.025,2,0.00029917828430524096,0.27150394651980475,0.9750373482704162,1.6710397005081177,0.4342903792858124,0.5865093469619751
seed43_grid,detector_filtered,43,lr3e-04_wd0.025_do0.025,3,0.0002967221401100708,0.239582131887709,0.9743676234994616,2.1718509197235107,0.43775489926338196,0.5880250334739685
seed43_grid,detector_filtered,43,lr3e-04_wd0.025_do0.025,4,0.00029265847744427303,0.21833053486992582,0.9371390468733651,2.410224437713623,0.40323397517204285,0.6179898977279663
seed43_grid,detector_filtered,43,lr3e-04_wd0.025_do0.025,5,0.0002870318186463901,0.20130071531072827,0.8983489608764649,1.8906418085098267,0.38571640849113464,0.6380113363265991
seed43_grid,detector_filtered,43,lr3e-04_wd0.025_do0.025,6,0.0002799038105676658,0.18946413310848892,0.9045482916491372,1.7091985940933228,0.38368090987205505,0.6393696069717407
seed43_grid,detector_filtered,43,lr3e-04_wd0.025_do0.025,7,0.0002713525491562421,0.180116354547091,0.8961770560060228,1.6473861932754517,0.3952919542789459,0.6244386434555054
seed43_grid,detector_filtered,43,lr3e-04_wd0.025_do0.025,8,0.00026147172382160914,0.17608408407210238,0.8947210793835776,1.569769263267517,0.40133026242256165,0.6245888471603394
seed43_grid,detector_filtered,43,lr3e-04_wd0.025_do0.025,9,0.00025036959095382875,0.16730956265990365,0.8604646447726658,1.9014605283737183,0.3919796645641327,0.6324622631072998
seed43_grid,detector_filtered,43,lr3e-04_wd0.025_do0.025,10,0.000238167787843871,0.16185520597885653,0.8634383262906755,1.6796783208847046,0.39250388741493225,0.6307659149169922
seed43_grid,detector_filtered,43,lr3e-04_wd0.025_do0.025,11,0.00022500000000000002,0.15744004153698615,0.8565350328172956,2.124570369720459,0.38886725902557373,0.6372830867767334
seed43_grid,detector_filtered,43,lr3e-04_wd0.025_do0.025,12,0.0002110104964613701,0.1535838862306853,0.8448095780611038,1.7338287830352783,0.39536359906196594,0.6327414512634277
seed43_grid,detector_filtered,43,lr3e-04_wd0.025_do0.025,13,0.00019635254915624216,0.14849887722423946,0.83782721723829,1.7011513710021973,0.37948277592658997,0.6455869674682617
seed43_grid,detector_filtered,43,lr3e-04_wd0.025_do0.025,14,0.00018118675362266393,0.14575447121455898,0.8512084418535233,2.050801992416382,0.3813980519771576,0.6464196443557739
seed43_grid,detector_filtered,43,lr3e-04_wd0.025_do0.025,15,0.0001656792694901481,0.14216494441965816,0.8278743875026703,1.8428561687469482,0.385095477104187,0.641161322593689
seed43_grid,detector_filtered,43,lr3e-04_wd0.025_do0.025,16,0.0001500000000000001,0.1385998759893763,0.8002804633549282,1.2697160243988037,0.3953649699687958,0.6331671476364136
seed43_grid,detector_filtered,43,lr3e-04_wd0.025_do0.025,17,0.00013432073050985205,0.13673095838868912,0.8149515715667179,1.581423044204712,0.3918284475803375,0.6353862285614014
seed43_grid,detector_filtered,43,lr3e-04_wd0.025_do0.025,18,0.00011881324637733612,0.13521196030663699,0.7987422616141183,1.4426476955413818,0.3828393220901489,0.6433850526809692
seed43_grid,detector_filtered,43,lr3e-04_wd0.025_do0.025,19,0.00010364745084375793,0.1315671649381885,0.7950225786651883,1.7873049974441528,0.3951736390590668,0.6320450305938721
seed43_grid,detector_filtered,43,lr3e-04_wd0.025_do0.025,20,8.898950353863002e-05,0.13097889418770003,0.8009497817925044,1.2619292736053467,0.3882735073566437,0.6378129124641418
seed43_grid,detector_filtered,43,lr3e-04_wd0.025_do0.025,21,7.500000000000005e-05,0.12892517322661892,0.7631754051787513,1.3639461994171143,0.3941517770290375,0.6329441666603088
seed43_grid,detector_filtered,43,lr3e-04_wd0.025_do0.025,22,6.183221215612906e-05,0.12840878256082,0.7837451424768993,1.3314361572265625,0.3953857719898224,0.6331511735916138
seed43_grid,detector_filtered,43,lr3e-04_wd0.025_do0.025,23,4.963040904617133e-05,0.1267225884444495,0.7777036028248924,1.23455011844635,0.39143335819244385,0.6366575360298157
seed43_grid,detector_filtered,43,lr3e-04_wd0.025_do0.025,24,3.852827617839091e-05,0.12678777809777783,0.7563828655651638,2.015890598297119,0.3903924226760864,0.6366674900054932
seed43_grid,detector_filtered,43,lr3e-04_wd0.025_do0.025,25,2.8647450843757908e-05,0.1267531208197276,0.7645014639411654,1.5860404968261719,0.39798521995544434,0.6296572685241699
seed43_grid,detector_filtered,43,lr3e-04_wd0.025_do0.025,26,2.00961894323342e-05,0.12568015073503158,0.7584709961073739,2.3354125022888184,0.39139696955680847,0.6365467309951782
seed43_grid,detector_filtered,43,lr3e-04_wd0.025_do0.025,27,1.2968181353609857e-05,0.12370773428505166,0.7411154720612935,2.5755832195281982,0.3891306519508362,0.6384522318840027
seed43_grid,detector_filtered,43,lr3e-04_wd0.025_do0.025,28,7.341522555726972e-06,0.1239625284075737,0.7352299194676536,1.3680908679962158,0.38985422253608704,0.6377633810043335
seed43_grid,detector_filtered,43,lr3e-04_wd0.025_do0.025,29,3.2778598899291474e-06,0.1244716513303569,0.7410411535842079,1.5415593385696411,0.38999906182289124,0.6372410655021667
seed43_grid,detector_filtered,43,lr3e-04_wd0.025_do0.025,30,8.2171569475899e-07,0.12387776902591355,0.7433335420915058,1.4622304439544678,0.3904576003551483,0.6367906332015991
seed43_grid,detector_filtered,43,lr3e-04_wd0.025_do0.100,1,0.0003,0.4601066970665183,0.963789677960532,2.0758984088897705,0.4855005145072937,0.5454322695732117
seed43_grid,detector_filtered,43,lr3e-04_wd0.025_do0.100,2,0.00029917828430524096,0.2750914240643482,0.9135825252532959,1.5681791305541992,0.43330639600753784,0.5863687992095947
seed43_grid,detector_filtered,43,lr3e-04_wd0.025_do0.100,3,0.0002967221401100708,0.24259112254885218,0.9172198867797852,1.9935214519500732,0.4328962564468384,0.5920789241790771
seed43_grid,detector_filtered,43,lr3e-04_wd0.025_do0.100,4,0.00029265847744427303,0.22193061117624543,0.8899104823384966,2.1678647994995117,0.3990485370159149,0.621955156326294
seed43_grid,detector_filtered,43,lr3e-04_wd0.025_do0.100,5,0.0002870318186463901,0.20523628701566315,0.8647423434257507,1.9283413887023926,0.38197141885757446,0.6410506963729858
seed43_grid,detector_filtered,43,lr3e-04_wd0.025_do0.100,6,0.0002799038105676658,0.1935010038086232,0.867173918911389,1.5166913270950317,0.3798411190509796,0.6431571245193481
seed43_grid,detector_filtered,43,lr3e-04_wd0.025_do0.100,7,0.0002713525491562421,0.1836823335716655,0.8543607502324241,1.5058382749557495,0.3916403651237488,0.6277098655700684
seed43_grid,detector_filtered,43,lr3e-04_wd0.025_do0.100,8,0.00026147172382160914,0.17944714246446922,0.8487560714994158,1.4069339036941528,0.39849627017974854,0.6270660161972046
seed43_grid,detector_filtered,43,lr3e-04_wd0.025_do0.100,9,0.00025036959095382875,0.17124104398475665,0.8206434069361006,1.923884391784668,0.3902464210987091,0.6335856914520264
seed43_grid,detector_filtered,43,lr3e-04_wd0.025_do0.100,10,0.000238167787843871,0.16547477412677183,0.8289191475936345,1.6021432876586914,0.3824889361858368,0.6396498680114746
seed43_grid,detector_filtered,43,lr3e-04_wd0.025_do0.100,11,0.00022500000000000002,0.16154761086240976,0.8210810622998647,1.6784812211990356,0.3875751197338104,0.6381785869598389
seed43_grid,detector_filtered,43,lr3e-04_wd0.025_do0.100,12,0.0002110104964613701,0.15767178314510874,0.8134987843036652,1.4396461248397827,0.3834228217601776,0.643126368522644
seed43_grid,detector_filtered,43,lr3e-04_wd0.025_do0.100,13,0.00019635254915624216,0.15205151328437813,0.8054901814460754,1.744154453277588,0.37283575534820557,0.6520308256149292
seed43_grid,detector_filtered,43,lr3e-04_wd0.025_do0.100,14,0.00018118675362266393,0.1491984854388557,0.8218117243903024,1.656491756439209,0.3759816884994507,0.6503135561943054
seed43_grid,detector_filtered,43,lr3e-04_wd0.025_do0.100,15,0.0001656792694901481,0.14589925897868156,0.7991732782976968,1.769027590751648,0.38007164001464844,0.6458640098571777
seed43_grid,detector_filtered,43,lr3e-04_wd0.025_do0.100,16,0.0001500000000000001,0.14230441826301934,0.7786708090135029,1.1868728399276733,0.3890051245689392,0.6380457282066345
seed43_grid,detector_filtered,43,lr3e-04_wd0.025_do0.100,17,0.00013432073050985205,0.14111383790804502,0.785387784412929,1.5149375200271606,0.38820478320121765,0.6390037536621094
seed43_grid,detector_filtered,43,lr3e-04_wd0.025_do0.100,18,0.00011881324637733612,0.13860590274835327,0.7718088702644621,1.4611541032791138,0.377689927816391,0.647833526134491
seed43_grid,detector_filtered,43,lr3e-04_wd0.025_do0.100,19,0.00010364745084375793,0.13576784293390226,0.7779264574391501,1.780236005783081,0.3877300024032593,0.6388344168663025
seed43_grid,detector_filtered,43,lr3e-04_wd0.025_do0.100,20,8.898950353863002e-05,0.1350639685581728,0.7788726830482483,1.349080204963684,0.3814943730831146,0.6449572443962097
seed43_grid,detector_filtered,43,lr3e-04_wd0.025_do0.100,21,7.500000000000005e-05,0.13257323292677833,0.7449099963051932,1.2842791080474854,0.3880332410335541,0.637921929359436
seed43_grid,detector_filtered,43,lr3e-04_wd0.025_do0.100,22,6.183221215612906e-05,0.13202220759602468,0.7623350229433604,1.272223949432373,0.38771387934684753,0.6394760012626648
seed43_grid,detector_filtered,43,lr3e-04_wd0.025_do0.100,23,4.963040904617133e-05,0.1302845213703928,0.7558807955469404,1.3644849061965942,0.3883017301559448,0.6392874121665955
seed43_grid,detector_filtered,43,lr3e-04_wd0.025_do0.100,24,3.852827617839091e-05,0.1307287935349232,0.741286044205938,2.203415870666504,0.3842998743057251,0.6425297260284424
seed43_grid,detector_filtered,43,lr3e-04_wd0.025_do0.100,25,2.8647450843757908e-05,0.13044997062059058,0.7463199266365597,1.4871934652328491,0.39380449056625366,0.6334396600723267
seed43_grid,detector_filtered,43,lr3e-04_wd0.025_do0.100,26,2.00961894323342e-05,0.12921627946614686,0.7378287214892251,2.1753180027008057,0.3884974718093872,0.6392346620559692
seed43_grid,detector_filtered,43,lr3e-04_wd0.025_do0.100,27,1.2968181353609857e-05,0.12756380063975417,0.7286351289919445,2.7373433113098145,0.3858351707458496,0.6416630744934082
seed43_grid,detector_filtered,43,lr3e-04_wd0.025_do0.100,28,7.341522555726972e-06,0.12816986563821767,0.7254630818537303,1.5198498964309692,0.3860172927379608,0.6414071321487427
seed43_grid,detector_filtered,43,lr3e-04_wd0.025_do0.100,29,3.2778598899291474e-06,0.12838164937042817,0.727604495031493,1.4510105848312378,0.3856642246246338,0.6412763595581055
seed43_grid,detector_filtered,43,lr3e-04_wd0.025_do0.100,30,8.2171569475899e-07,0.127617744594079,0.7292840952532632,1.2942638397216797,0.3862922191619873,0.6407799124717712
seed43_grid,detector_filtered,43,lr3e-04_wd0.060_do0.025,1,0.0003,0.453205742166613,1.0221394961220878,2.424311876296997,0.48388510942459106,0.5470092296600342
seed43_grid,detector_filtered,43,lr3e-04_wd0.060_do0.025,2,0.00029917828430524096,0.27163150158637855,0.9759798913342612,1.6761934757232666,0.4348548948764801,0.5858566761016846
seed43_grid,detector_filtered,43,lr3e-04_wd0.060_do0.025,3,0.0002967221401100708,0.2397506421844431,0.9775059068202973,2.1910159587860107,0.43719667196273804,0.5885004997253418
seed43_grid,detector_filtered,43,lr3e-04_wd0.060_do0.025,4,0.00029265847744427303,0.21847508904651242,0.9411055631296975,2.406019926071167,0.4029921591281891,0.6182500123977661
seed43_grid,detector_filtered,43,lr3e-04_wd0.060_do0.025,5,0.0002870318186463901,0.20145940718501473,0.9040222689083645,1.8889895677566528,0.3864094018936157,0.6373117566108704
seed43_grid,detector_filtered,43,lr3e-04_wd0.060_do0.025,6,0.0002799038105676658,0.1896904832658085,0.9126209752048765,1.7062079906463623,0.38357433676719666,0.639464259147644
seed43_grid,detector_filtered,43,lr3e-04_wd0.060_do0.025,7,0.0002713525491562421,0.1804812709877155,0.9073499046053205,1.676648736000061,0.39627644419670105,0.6233605742454529
seed43_grid,detector_filtered,43,lr3e-04_wd0.060_do0.025,8,0.00026147172382160914,0.1764005268126793,0.9060764716352735,1.6017833948135376,0.4014776051044464,0.6242955327033997
seed43_grid,detector_filtered,43,lr3e-04_wd0.060_do0.025,9,0.00025036959095382875,0.16760522782535894,0.8712123319080898,1.9150221347808838,0.39234423637390137,0.6319423913955688
seed43_grid,detector_filtered,43,lr3e-04_wd0.060_do0.025,10,0.000238167787843871,0.1622899861770455,0.8784292610202517,1.717571496963501,0.39301955699920654,0.6301978826522827
seed43_grid,detector_filtered,43,lr3e-04_wd0.060_do0.025,11,0.00022500000000000002,0.1578968925697425,0.8739085475036076,2.12031888961792,0.3901757299900055,0.6361095905303955
seed43_grid,detector_filtered,43,lr3e-04_wd0.060_do0.025,12,0.0002110104964613701,0.15404656262472438,0.8622881907224655,1.7643405199050903,0.3961038291454315,0.6321108341217041
seed43_grid,detector_filtered,43,lr3e-04_wd0.060_do0.025,13,0.00019635254915624216,0.14902138833231574,0.8582810166903905,1.75429368019104,0.38021090626716614,0.6448386311531067
seed43_grid,detector_filtered,43,lr3e-04_wd0.060_do0.025,14,0.00018118675362266393,0.14635980544140942,0.8714942678383418,2.064344882965088,0.3810877203941345,0.6464285850524902
seed43_grid,detector_filtered,43,lr3e-04_wd0.060_do0.025,15,0.0001656792694901481,0.14268111626573857,0.8490153032541276,1.9176723957061768,0.3848029673099518,0.6414570808410645
seed43_grid,detector_filtered,43,lr3e-04_wd0.060_do0.025,16,0.0001500000000000001,0.13920232506939761,0.8216449422495705,1.3093860149383545,0.3941514194011688,0.6341109275817871
seed43_grid,detector_filtered,43,lr3e-04_wd0.060_do0.025,17,0.00013432073050985205,0.1372996080375091,0.8365683841705323,1.5703314542770386,0.3906450867652893,0.6365981101989746
seed43_grid,detector_filtered,43,lr3e-04_wd0.060_do0.025,18,0.00011881324637733612,0.13584574565791444,0.8203823031697954,1.4453072547912598,0.3816096782684326,0.6442608833312988
seed43_grid,detector_filtered,43,lr3e-04_wd0.060_do0.025,19,0.00010364745084375793,0.132224885045282,0.8187355778898512,1.955947995185852,0.3947323262691498,0.6322381496429443
seed43_grid,detector_filtered,43,lr3e-04_wd0.060_do0.025,20,8.898950353863002e-05,0.13162787585717187,0.824426885672978,1.3399195671081543,0.3869602382183075,0.6387635469436646
seed43_grid,detector_filtered,43,lr3e-04_wd0.060_do0.025,21,7.500000000000005e-05,0.1297330847789244,0.7883612605503627,1.3716331720352173,0.3929358720779419,0.6338894367218018
seed43_grid,detector_filtered,43,lr3e-04_wd0.060_do0.025,22,6.183221215612906e-05,0.12915094233665958,0.8096638871942248,1.4331001043319702,0.3940922021865845,0.6342558860778809
seed43_grid,detector_filtered,43,lr3e-04_wd0.060_do0.025,23,4.963040904617133e-05,0.12745660336759,0.8041211081402643,1.2897675037384033,0.39079734683036804,0.6370676755905151
seed43_grid,detector_filtered,43,lr3e-04_wd0.060_do0.025,24,3.852827617839091e-05,0.12761963373062596,0.7834541159016746,2.0845699310302734,0.3899781107902527,0.6368575096130371
seed43_grid,detector_filtered,43,lr3e-04_wd0.060_do0.025,25,2.8647450843757908e-05,0.1275085894506783,0.7905848740679877,1.6560800075531006,0.39685264229774475,0.6303676962852478
seed43_grid,detector_filtered,43,lr3e-04_wd0.060_do0.025,26,2.00961894323342e-05,0.1263520677791079,0.7830732653822218,2.3201382160186768,0.39056774973869324,0.637125551700592
seed43_grid,detector_filtered,43,lr3e-04_wd0.060_do0.025,27,1.2968181353609857e-05,0.12440299025984686,0.7673105045727321,2.5978405475616455,0.3882427215576172,0.6391135454177856
seed43_grid,detector_filtered,43,lr3e-04_wd0.060_do0.025,28,7.341522555726972e-06,0.12468914484417679,0.7609530766521181,1.4640032052993774,0.3886943757534027,0.6386363506317139
seed43_grid,detector_filtered,43,lr3e-04_wd0.060_do0.025,29,3.2778598899291474e-06,0.12515237945171545,0.7664065107277461,1.5821447372436523,0.38878965377807617,0.6381502151489258
seed43_grid,detector_filtered,43,lr3e-04_wd0.060_do0.025,30,8.2171569475899e-07,0.12456108364482854,0.7689114481210708,1.5303112268447876,0.38936731219291687,0.6376067996025085
seed43_grid,detector_filtered,43,lr3e-04_wd0.060_do0.100,1,0.0003,0.4601385246067239,0.963967889036451,2.0773415565490723,0.4856477975845337,0.5452510118484497
seed43_grid,detector_filtered,43,lr3e-04_wd0.060_do0.100,2,0.00029917828430524096,0.275140277137959,0.9143038523197174,1.5674018859863281,0.43284735083580017,0.586803674697876
seed43_grid,detector_filtered,43,lr3e-04_wd0.060_do0.100,3,0.0002967221401100708,0.2426821181864813,0.9200924628121512,1.9900116920471191,0.43180692195892334,0.5929795503616333
seed43_grid,detector_filtered,43,lr3e-04_wd0.060_do0.100,4,0.00029265847744427303,0.22200099909065554,0.8937315967253276,2.1508495807647705,0.3984948992729187,0.6223706603050232
seed43_grid,detector_filtered,43,lr3e-04_wd0.060_do0.100,5,0.0002870318186463901,0.20531605414362827,0.8706006959506444,1.9625509977340698,0.3812924921512604,0.641726016998291
seed43_grid,detector_filtered,43,lr3e-04_wd0.060_do0.100,6,0.0002799038105676658,0.19356802103770127,0.8728907062326159,1.5237101316452026,0.3798046112060547,0.6431824564933777
seed43_grid,detector_filtered,43,lr3e-04_wd0.060_do0.100,7,0.0002713525491562421,0.18385840730445763,0.8628767091887338,1.5452935695648193,0.3929693102836609,0.6263731718063354
seed43_grid,detector_filtered,43,lr3e-04_wd0.060_do0.100,8,0.00026147172382160914,0.17968304949985522,0.8601434014524733,1.4507207870483398,0.39951446652412415,0.6262836456298828
seed43_grid,detector_filtered,43,lr3e-04_wd0.060_do0.100,9,0.00025036959095382875,0.1715263396888238,0.8347066964421953,1.914147138595581,0.39070364832878113,0.6330978870391846
seed43_grid,detector_filtered,43,lr3e-04_wd0.060_do0.100,10,0.000238167787843871,0.16575484788524492,0.8432858617816652,1.6261937618255615,0.383283406496048,0.638800859451294
seed43_grid,detector_filtered,43,lr3e-04_wd0.060_do0.100,11,0.00022500000000000002,0.1618770187546476,0.8375311535596848,1.7476023435592651,0.38884902000427246,0.6370527148246765
seed43_grid,detector_filtered,43,lr3e-04_wd0.060_do0.100,12,0.0002110104964613701,0.15799512845091104,0.8293902183430536,1.4911127090454102,0.38321998715400696,0.6432422995567322
seed43_grid,detector_filtered,43,lr3e-04_wd0.060_do0.100,13,0.00019635254915624216,0.15239627135013306,0.8245219261305673,1.7781637907028198,0.37271955609321594,0.6519005298614502
seed43_grid,detector_filtered,43,lr3e-04_wd0.060_do0.100,14,0.00018118675362266393,0.14962826898767378,0.8427570220402308,1.7026437520980835,0.37566399574279785,0.6503841280937195
seed43_grid,detector_filtered,43,lr3e-04_wd0.060_do0.100,15,0.0001656792694901481,0.14633236296491603,0.8208521011897496,1.8179988861083984,0.37829506397247314,0.6473227739334106
seed43_grid,detector_filtered,43,lr3e-04_wd0.060_do0.100,16,0.0001500000000000001,0.14272174837338578,0.8018069000755037,1.256203293800354,0.38822194933891296,0.6387073993682861
seed43_grid,detector_filtered,43,lr3e-04_wd0.060_do0.100,17,0.00013432073050985205,0.1415246044015991,0.8097751384973526,1.5356910228729248,0.38676148653030396,0.6403442621231079
seed43_grid,detector_filtered,43,lr3e-04_wd0.060_do0.100,18,0.00011881324637733612,0.13908281347695614,0.7948043382167816,1.5102384090423584,0.3773012161254883,0.6480591297149658
seed43_grid,detector_filtered,43,lr3e-04_wd0.060_do0.100,19,0.00010364745084375793,0.13616427860937397,0.8027637231349946,1.8825403451919556,0.38756293058395386,0.6386290788650513
seed43_grid,detector_filtered,43,lr3e-04_wd0.060_do0.100,20,8.898950353863002e-05,0.13558336708302998,0.8042997619083949,1.4178606271743774,0.3802715241909027,0.6458067297935486
seed43_grid,detector_filtered,43,lr3e-04_wd0.060_do0.100,21,7.500000000000005e-05,0.1330997840310103,0.7710737531525748,1.3749562501907349,0.3867572546005249,0.6388406753540039
seed43_grid,detector_filtered,43,lr3e-04_wd0.060_do0.100,22,6.183221215612906e-05,0.1325798119101215,0.7888292706012726,1.3149025440216064,0.3868284225463867,0.6402209997177124
seed43_grid,detector_filtered,43,lr3e-04_wd0.060_do0.100,23,4.963040904617133e-05,0.13086028960060486,0.7834370044299535,1.449696660041809,0.3870958387851715,0.6400818824768066
seed43_grid,detector_filtered,43,lr3e-04_wd0.060_do0.100,24,3.852827617839091e-05,0.13121328981797434,0.766448096036911,2.222994327545166,0.38338252902030945,0.6431253552436829
seed43_grid,detector_filtered,43,lr3e-04_wd0.060_do0.100,25,2.8647450843757908e-05,0.130993289984846,0.7711139638083322,1.6005979776382446,0.39243385195732117,0.6345886588096619
seed43_grid,detector_filtered,43,lr3e-04_wd0.060_do0.100,26,2.00961894323342e-05,0.12969264140865147,0.7643090275355747,2.2489073276519775,0.38740336894989014,0.6401357650756836
seed43_grid,detector_filtered,43,lr3e-04_wd0.060_do0.100,27,1.2968181353609857e-05,0.1280414281795489,0.7543265503644944,2.8483240604400635,0.3845304250717163,0.6427474021911621
seed43_grid,detector_filtered,43,lr3e-04_wd0.060_do0.100,28,7.341522555726972e-06,0.12869921669463982,0.7507739854710442,1.5407861471176147,0.38464316725730896,0.6425278186798096
seed43_grid,detector_filtered,43,lr3e-04_wd0.060_do0.100,29,3.2778598899291474e-06,0.1287962263009159,0.7531805547646114,1.4817954301834106,0.38447853922843933,0.6422364115715027
seed43_grid,detector_filtered,43,lr3e-04_wd0.060_do0.100,30,8.2171569475899e-07,0.1280830126787459,0.7557050476755415,1.2986407279968262,0.3850509822368622,0.6417853236198425
seed43_grid,detector_filtered,43,lr9e-04_wd0.025_do0.025,1,0.0009,0.3497903532083136,0.9577048722335271,2.049773693084717,0.4446738064289093,0.584335446357727
seed43_grid,detector_filtered,43,lr9e-04_wd0.025_do0.025,2,0.0008975348529157229,0.22170222639237475,0.8181177738734654,1.4068671464920044,0.4004761278629303,0.6191831231117249
seed43_grid,detector_filtered,43,lr9e-04_wd0.025_do0.025,3,0.0008901664203302124,0.19895050016558943,0.8054297820159367,1.8355073928833008,0.40138503909111023,0.6236450672149658
seed43_grid,detector_filtered,43,lr9e-04_wd0.025_do0.025,4,0.0008779754323328191,0.1791289064628166,0.7229428843941007,1.4716354608535767,0.39385315775871277,0.631811261177063
seed43_grid,detector_filtered,43,lr9e-04_wd0.025_do0.025,5,0.0008610954559391703,0.16564642732975468,0.7005809279850551,1.2882150411605835,0.37801143527030945,0.6499662399291992
seed43_grid,detector_filtered,43,lr9e-04_wd0.025_do0.025,6,0.0008397114317029975,0.152696044909074,0.6631035968235561,1.1078864336013794,0.3876486122608185,0.6393386125564575
seed43_grid,detector_filtered,43,lr9e-04_wd0.025_do0.025,7,0.0008140576474687264,0.1442534910739135,0.656362236057009,1.467430830001831,0.4012952744960785,0.6275007724761963
seed43_grid,detector_filtered,43,lr9e-04_wd0.025_do0.025,8,0.0007844151714648274,0.14065792228284832,0.6660525790282659,1.3146592378616333,0.3807956278324127,0.6472965478897095
seed43_grid,detector_filtered,43,lr9e-04_wd0.025_do0.025,9,0.0007511087728614862,0.13175802435517578,0.629657962833132,1.2019829750061035,0.3971171975135803,0.6349982023239136
seed43_grid,detector_filtered,43,lr9e-04_wd0.025_do0.025,10,0.0007145033635316129,0.1265863963028195,0.6281635705913816,1.1422315835952759,0.4027578830718994,0.6254546642303467
seed43_grid,detector_filtered,43,lr9e-04_wd0.025_do0.025,11,0.000675,0.12178550595538462,0.6196878992659705,1.3708018064498901,0.38685256242752075,0.6427423357963562
seed43_grid,detector_filtered,43,lr9e-04_wd0.025_do0.025,12,0.0006330314893841102,0.11656573312594587,0.5899136235032763,1.0215052366256714,0.4216548502445221,0.613595724105835
seed43_grid,detector_filtered,43,lr9e-04_wd0.025_do0.025,13,0.0005890576474687265,0.11061034971102239,0.5659146538802555,1.0958622694015503,0.41436055302619934,0.6182663440704346
seed43_grid,detector_filtered,43,lr9e-04_wd0.025_do0.025,14,0.0005435602608679917,0.1084257359179341,0.5756308211599077,1.3266818523406982,0.4070701003074646,0.626075029373169
seed43_grid,detector_filtered,43,lr9e-04_wd0.025_do0.025,15,0.0004970378084704442,0.104588133807417,0.5855595815181732,1.0809661149978638,0.4068130850791931,0.6245477199554443
seed43_grid,detector_filtered,43,lr9e-04_wd0.025_do0.025,16,0.0004500000000000002,0.09956005946635134,0.5422411138670785,1.0060442686080933,0.41021350026130676,0.6218395233154297
seed43_grid,detector_filtered,43,lr9e-04_wd0.025_do0.025,17,0.0004029621915295561,0.0974166157501656,0.5307242879697255,1.1078230142593384,0.4057280421257019,0.6270332336425781
seed43_grid,detector_filtered,43,lr9e-04_wd0.025_do0.025,18,0.0003564397391320083,0.09533147428593113,0.5241203859022685,0.897857129573822,0.4081965386867523,0.6247270703315735
seed43_grid,detector_filtered,43,lr9e-04_wd0.025_do0.025,19,0.00031094235253127374,0.0919238823312241,0.5098802843264171,1.109134316444397,0.4222658574581146,0.611585259437561
seed43_grid,detector_filtered,43,lr9e-04_wd0.025_do0.025,20,0.00026696851061589003,0.08948746536468766,0.49988340284143173,1.3260341882705688,0.4111226499080658,0.6202188730239868
seed43_grid,detector_filtered,43,lr9e-04_wd0.025_do0.025,21,0.00022500000000000013,0.08747756400697716,0.4789642004455839,0.9729926586151123,0.41607823967933655,0.6169589757919312
seed43_grid,detector_filtered,43,lr9e-04_wd0.025_do0.025,22,0.00018549663646838716,0.08615978539590068,0.4878845720631736,0.7605112791061401,0.41752174496650696,0.6148543357849121
seed43_grid,detector_filtered,43,lr9e-04_wd0.025_do0.025,23,0.00014889122713851398,0.08447491311186912,0.4752678791114262,0.8657151460647583,0.417807012796402,0.6157222390174866
seed43_grid,detector_filtered,43,lr9e-04_wd0.025_do0.025,24,0.00011558482853517273,0.08348973985486383,0.464269295164517,1.3660955429077148,0.4262544512748718,0.6090309619903564
seed43_grid,detector_filtered,43,lr9e-04_wd0.025_do0.025,25,8.594235253127373e-05,0.08233238936670674,0.4566135013103485,0.9642338156700134,0.4235580861568451,0.6103053092956543
seed43_grid,detector_filtered,43,lr9e-04_wd0.025_do0.025,26,6.0288568297002606e-05,0.08128240778408861,0.44334984881537304,1.1047042608261108,0.4194462299346924,0.6140658855438232
seed43_grid,detector_filtered,43,lr9e-04_wd0.025_do0.025,27,3.8904544060829577e-05,0.08042176519664342,0.43758436015674046,1.3884145021438599,0.42077207565307617,0.6132062673568726
seed43_grid,detector_filtered,43,lr9e-04_wd0.025_do0.025,28,2.202456766718092e-05,0.0798629405341159,0.43089867668492454,0.7487495541572571,0.41721436381340027,0.6160354018211365
seed43_grid,detector_filtered,43,lr9e-04_wd0.025_do0.025,29,9.833579669787445e-06,0.08059309767196643,0.4352028843334743,1.141197919845581,0.4175134301185608,0.6152251958847046
seed43_grid,detector_filtered,43,lr9e-04_wd0.025_do0.025,30,2.4651470842769705e-06,0.0802691032029105,0.4332886299916676,0.9820587635040283,0.4187031090259552,0.6143273115158081
seed43_grid,detector_filtered,43,lr9e-04_wd0.025_do0.100,1,0.0009,0.3542376173449309,0.9200783595017025,1.706066608428955,0.4503666162490845,0.579410195350647
seed43_grid,detector_filtered,43,lr9e-04_wd0.025_do0.100,2,0.0008975348529157229,0.22511283337936572,0.8038037644113813,1.3928368091583252,0.40190649032592773,0.6180675625801086
seed43_grid,detector_filtered,43,lr9e-04_wd0.025_do0.100,3,0.0008901664203302124,0.20206462604620845,0.7975751511539731,1.7764900922775269,0.399283766746521,0.623519241809845
seed43_grid,detector_filtered,43,lr9e-04_wd0.025_do0.100,4,0.0008779754323328191,0.18274034017951163,0.7134744485786982,1.49766206741333,0.3882327377796173,0.635932207107544
seed43_grid,detector_filtered,43,lr9e-04_wd0.025_do0.100,5,0.0008610954559391703,0.16863742224988787,0.6825697133370808,1.2650649547576904,0.377218097448349,0.6504608392715454
seed43_grid,detector_filtered,43,lr9e-04_wd0.025_do0.100,6,0.0008397114317029975,0.15644509985142907,0.64922239448343,1.1411263942718506,0.3865740895271301,0.6394413709640503
seed43_grid,detector_filtered,43,lr9e-04_wd0.025_do0.100,7,0.0008140576474687264,0.14784138172264868,0.6481523435456412,1.4440281391143799,0.3979159891605377,0.629840075969696
seed43_grid,detector_filtered,43,lr9e-04_wd0.025_do0.100,8,0.0007844151714648274,0.1444645629059815,0.6528926749740328,1.0953059196472168,0.380684494972229,0.6476301550865173
seed43_grid,detector_filtered,43,lr9e-04_wd0.025_do0.100,9,0.0007511087728614862,0.13574833556843016,0.6257803761107581,1.1355173587799072,0.39273032546043396,0.6387317180633545
seed43_grid,detector_filtered,43,lr9e-04_wd0.025_do0.100,10,0.0007145033635316129,0.13146912794785212,0.6194222794260298,1.0470231771469116,0.4054661989212036,0.624163031578064
seed43_grid,detector_filtered,43,lr9e-04_wd0.025_do0.100,11,0.000675,0.1258794177378584,0.6086063573190145,1.3595701456069946,0.3860839009284973,0.6442658305168152
seed43_grid,detector_filtered,43,lr9e-04_wd0.025_do0.100,12,0.0006330314893841102,0.12140307202968555,0.5871673258713314,0.9389103651046753,0.41529232263565063,0.6204033493995667
seed43_grid,detector_filtered,43,lr9e-04_wd0.025_do0.100,13,0.0005890576474687265,0.11486424632587156,0.5728927252973829,1.075571060180664,0.4186418354511261,0.6173911094665527
seed43_grid,detector_filtered,43,lr9e-04_wd0.025_do0.100,14,0.0005435602608679917,0.11264136680953989,0.5723356509208679,1.1367727518081665,0.3943721652030945,0.6379204988479614
seed43_grid,detector_filtered,43,lr9e-04_wd0.025_do0.100,15,0.0004970378084704442,0.10903284967212336,0.5760098539931433,1.144132137298584,0.41074302792549133,0.6227120161056519
seed43_grid,detector_filtered,43,lr9e-04_wd0.025_do0.100,16,0.0004500000000000002,0.10402080945920625,0.5395903307199478,1.045854091644287,0.4133918881416321,0.6185805797576904
seed43_grid,detector_filtered,43,lr9e-04_wd0.025_do0.100,17,0.0004029621915295561,0.10240641390983957,0.5349492343834469,1.4375982284545898,0.41160738468170166,0.6243783235549927
seed43_grid,detector_filtered,43,lr9e-04_wd0.025_do0.100,18,0.0003564397391320083,0.09963259759832015,0.516427338549069,1.0166232585906982,0.40588533878326416,0.6261945366859436
seed43_grid,detector_filtered,43,lr9e-04_wd0.025_do0.100,19,0.00031094235253127374,0.09675281504923332,0.5107353966576712,1.0195326805114746,0.4134559631347656,0.6197417378425598
seed43_grid,detector_filtered,43,lr9e-04_wd0.025_do0.100,20,0.00026696851061589003,0.09421244501600863,0.5026739293336868,1.1944873332977295,0.4166035056114197,0.6171973943710327
seed43_grid,detector_filtered,43,lr9e-04_wd0.025_do0.100,21,0.00022500000000000013,0.09247285052900613,0.4932881228412901,0.9450973868370056,0.4227180480957031,0.6126143336296082
seed43_grid,detector_filtered,43,lr9e-04_wd0.025_do0.100,22,0.00018549663646838716,0.09074207938557503,0.49754215921674455,0.7988633513450623,0.4171495735645294,0.615818977355957
seed43_grid,detector_filtered,43,lr9e-04_wd0.025_do0.100,23,0.00014889122713851398,0.08936197623710504,0.4788072932618005,0.9288671016693115,0.41757112741470337,0.6177176833152771
seed43_grid,detector_filtered,43,lr9e-04_wd0.025_do0.100,24,0.00011558482853517273,0.08869257338428391,0.47393796145915984,1.2792073488235474,0.4284379184246063,0.6088835597038269
seed43_grid,detector_filtered,43,lr9e-04_wd0.025_do0.100,25,8.594235253127373e-05,0.08743586453082045,0.4664855659008026,0.8490645885467529,0.4190807044506073,0.6148344278335571
seed43_grid,detector_filtered,43,lr9e-04_wd0.025_do0.100,26,6.0288568297002606e-05,0.08604384177749856,0.4553511673212051,1.2000128030776978,0.41731831431388855,0.6173141002655029
seed43_grid,detector_filtered,43,lr9e-04_wd0.025_do0.100,27,3.8904544060829577e-05,0.08494480238398183,0.44893180991922105,1.3838109970092773,0.4203422963619232,0.6141480207443237
seed43_grid,detector_filtered,43,lr9e-04_wd0.025_do0.100,28,2.202456766718092e-05,0.08501636622269415,0.4447684458323887,0.8782659769058228,0.41675540804862976,0.6176510453224182
seed43_grid,detector_filtered,43,lr9e-04_wd0.025_do0.100,29,9.833579669787445e-06,0.08540460012703134,0.44538861674921854,0.9811217784881592,0.4161086082458496,0.6173632740974426
seed43_grid,detector_filtered,43,lr9e-04_wd0.025_do0.100,30,2.4651470842769705e-06,0.08553849841790978,0.4449065880264555,1.0669360160827637,0.41710519790649414,0.6165476441383362
seed43_grid,detector_filtered,43,lr9e-04_wd0.060_do0.025,1,0.0009,0.34988727546244924,0.959060594694955,2.0462663173675537,0.4450462758541107,0.5841064453125
seed43_grid,detector_filtered,43,lr9e-04_wd0.060_do0.025,2,0.0008975348529157229,0.22175177057984158,0.8211623161179679,1.444085955619812,0.39917656779289246,0.6203084588050842
seed43_grid,detector_filtered,43,lr9e-04_wd0.060_do0.025,3,0.0008901664203302124,0.19927737076810542,0.8117703207050051,1.821148157119751,0.3977130651473999,0.6261749863624573
seed43_grid,detector_filtered,43,lr9e-04_wd0.060_do0.025,4,0.0008779754323328191,0.17978397424055692,0.7386943582126072,1.4876893758773804,0.39386194944381714,0.6319512128829956
seed43_grid,detector_filtered,43,lr9e-04_wd0.060_do0.025,5,0.0008610954559391703,0.16630514303509822,0.7162860885688237,1.2765119075775146,0.3759894371032715,0.6518971920013428
seed43_grid,detector_filtered,43,lr9e-04_wd0.060_do0.025,6,0.0008397114317029975,0.15379484802551185,0.6761909359693528,1.1445571184158325,0.38881757855415344,0.6380435228347778
seed43_grid,detector_filtered,43,lr9e-04_wd0.060_do0.025,7,0.0008140576474687264,0.1455598989935796,0.6773759811265128,1.4959486722946167,0.39949724078178406,0.6289494633674622
seed43_grid,detector_filtered,43,lr9e-04_wd0.060_do0.025,8,0.0007844151714648274,0.14193489682621072,0.6847382031168256,1.3100918531417847,0.37469980120658875,0.6522601246833801
seed43_grid,detector_filtered,43,lr9e-04_wd0.060_do0.025,9,0.0007511087728614862,0.13350305401238818,0.6546093329361506,1.2311818599700928,0.3894026279449463,0.6407140493392944
seed43_grid,detector_filtered,43,lr9e-04_wd0.060_do0.025,10,0.0007145033635316129,0.12836636821362263,0.6505357051747186,1.148545503616333,0.40045568346977234,0.626990020275116
seed43_grid,detector_filtered,43,lr9e-04_wd0.060_do0.025,11,0.000675,0.12380864694214508,0.6411328207595007,1.3654122352600098,0.38369056582450867,0.6455526351928711
seed43_grid,detector_filtered,43,lr9e-04_wd0.060_do0.025,12,0.0006330314893841102,0.1185151919902571,0.6218152735063008,1.1155835390090942,0.41640323400497437,0.6179212331771851
seed43_grid,detector_filtered,43,lr9e-04_wd0.060_do0.025,13,0.0005890576474687265,0.11309706719596381,0.6080307002578463,1.0303268432617188,0.40586403012275696,0.6246621012687683
seed43_grid,detector_filtered,43,lr9e-04_wd0.060_do0.025,14,0.0005435602608679917,0.1107156010615479,0.6121069762536457,1.2374114990234375,0.39931726455688477,0.6323000192642212
seed43_grid,detector_filtered,43,lr9e-04_wd0.060_do0.025,15,0.0004970378084704442,0.10718154551865537,0.6305650974171503,1.1600584983825684,0.39367640018463135,0.6367359161376953
seed43_grid,detector_filtered,43,lr9e-04_wd0.060_do0.025,16,0.0004500000000000002,0.10227419701998666,0.580053613441331,1.164710283279419,0.40251895785331726,0.6284658908843994
seed43_grid,detector_filtered,43,lr9e-04_wd0.060_do0.025,17,0.0004029621915295561,0.1000549599968347,0.5679077380895614,1.1935287714004517,0.39270225167274475,0.6379806399345398
seed43_grid,detector_filtered,43,lr9e-04_wd0.060_do0.025,18,0.0003564397391320083,0.09784858862759016,0.564275740640504,0.9775144457817078,0.3957250714302063,0.6352028846740723
seed43_grid,detector_filtered,43,lr9e-04_wd0.060_do0.025,19,0.00031094235253127374,0.09451700730278455,0.5532975056341716,1.2200804948806763,0.41832709312438965,0.6145896911621094
seed43_grid,detector_filtered,43,lr9e-04_wd0.060_do0.025,20,0.00026696851061589003,0.09236574056964593,0.5453090425048556,1.3576416969299316,0.40779390931129456,0.623032808303833
seed43_grid,detector_filtered,43,lr9e-04_wd0.060_do0.025,21,0.00022500000000000013,0.09008006918483666,0.5224941323484693,1.085740566253662,0.40853023529052734,0.6233307123184204
seed43_grid,detector_filtered,43,lr9e-04_wd0.060_do0.025,22,0.00018549663646838716,0.08847380095280256,0.5327956680740629,0.8953642249107361,0.4138781726360321,0.6172081232070923
seed43_grid,detector_filtered,43,lr9e-04_wd0.060_do0.025,23,0.00014889122713851398,0.08722768029843934,0.5205607132400785,0.9657281637191772,0.41414985060691833,0.6182788014411926
seed43_grid,detector_filtered,43,lr9e-04_wd0.060_do0.025,24,0.00011558482853517273,0.08604478111269756,0.5099441467864173,1.7433369159698486,0.42347800731658936,0.610819399356842
seed43_grid,detector_filtered,43,lr9e-04_wd0.060_do0.025,25,8.594235253127373e-05,0.08481325996135439,0.49861494677407403,1.1403828859329224,0.41720902919769287,0.6152741312980652
seed43_grid,detector_filtered,43,lr9e-04_wd0.060_do0.025,26,6.0288568297002606e-05,0.08365843553471085,0.48453374947820393,1.254516363143921,0.41406741738319397,0.6181607246398926
seed43_grid,detector_filtered,43,lr9e-04_wd0.060_do0.025,27,3.8904544060829577e-05,0.08260495519011346,0.4777849721057074,1.4492558240890503,0.4139968752861023,0.6183550953865051
seed43_grid,detector_filtered,43,lr9e-04_wd0.060_do0.025,28,2.202456766718092e-05,0.08205699793377712,0.46984173800264084,0.7594721913337708,0.41109517216682434,0.6207268238067627
seed43_grid,detector_filtered,43,lr9e-04_wd0.060_do0.025,29,9.833579669787445e-06,0.08283809038950027,0.47348603665828704,1.154695749282837,0.4113995134830475,0.6198440790176392
seed43_grid,detector_filtered,43,lr9e-04_wd0.060_do0.025,30,2.4651470842769705e-06,0.08272004995636759,0.47550658907209126,1.1461800336837769,0.41292810440063477,0.6186480522155762
seed43_grid,detector_filtered,43,lr9e-04_wd0.060_do0.100,1,0.0009,0.3542246656516521,0.9203585149560656,1.7117869853973389,0.4492369592189789,0.580784797668457
seed43_grid,detector_filtered,43,lr9e-04_wd0.060_do0.100,2,0.0008975348529157229,0.22523460727410027,0.8085913923808506,1.391610860824585,0.4025441110134125,0.6171458959579468
seed43_grid,detector_filtered,43,lr9e-04_wd0.060_do0.100,3,0.0008901664203302124,0.20251624906889812,0.808033572775977,1.7933367490768433,0.3985678255558014,0.6247895956039429
seed43_grid,detector_filtered,43,lr9e-04_wd0.060_do0.100,4,0.0008779754323328191,0.1833524856671391,0.7202926343679428,1.4883918762207031,0.39410117268562317,0.6309775114059448
seed43_grid,detector_filtered,43,lr9e-04_wd0.060_do0.100,5,0.0008610954559391703,0.169457604466402,0.6971433483702796,1.2272138595581055,0.3773603141307831,0.6501923203468323
seed43_grid,detector_filtered,43,lr9e-04_wd0.060_do0.100,6,0.0008397114317029975,0.15754457466687666,0.6650100875752313,1.1882940530776978,0.3839385509490967,0.6412376761436462
seed43_grid,detector_filtered,43,lr9e-04_wd0.060_do0.100,7,0.0008140576474687264,0.14893547528808815,0.6664091905525752,1.5037065744400024,0.3957194685935974,0.6315794587135315
seed43_grid,detector_filtered,43,lr9e-04_wd0.060_do0.100,8,0.0007844151714648274,0.14555255917628074,0.6691493461813246,1.1368340253829956,0.37749382853507996,0.6505934596061707
seed43_grid,detector_filtered,43,lr9e-04_wd0.060_do0.100,9,0.0007511087728614862,0.13667792011294055,0.6424391914265496,1.241511344909668,0.3899877071380615,0.6414039134979248
seed43_grid,detector_filtered,43,lr9e-04_wd0.060_do0.100,10,0.0007145033635316129,0.13292476972277534,0.6458304043327059,1.1302080154418945,0.39775288105010986,0.6309916973114014
seed43_grid,detector_filtered,43,lr9e-04_wd0.060_do0.100,11,0.000675,0.12722637930305747,0.6343648221663066,1.281484603881836,0.38216152787208557,0.6472182273864746
seed43_grid,detector_filtered,43,lr9e-04_wd0.060_do0.100,12,0.0006330314893841102,0.12315771697751628,0.6211771206344877,1.0513404607772827,0.40980857610702515,0.6249706745147705
seed43_grid,detector_filtered,43,lr9e-04_wd0.060_do0.100,13,0.0005890576474687265,0.11674504487039793,0.6044345723731177,1.080592155456543,0.40433722734451294,0.6288117170333862
seed43_grid,detector_filtered,43,lr9e-04_wd0.060_do0.100,14,0.0005435602608679917,0.11455965996588637,0.6092526004144123,1.3771040439605713,0.393905371427536,0.6385087966918945
seed43_grid,detector_filtered,43,lr9e-04_wd0.060_do0.100,15,0.0004970378084704442,0.11095427625798006,0.6140421614476612,1.146755576133728,0.4065570831298828,0.6265897750854492
seed43_grid,detector_filtered,43,lr9e-04_wd0.060_do0.100,16,0.0004500000000000002,0.10564304272533796,0.5830703748975481,1.187259554862976,0.39415010809898376,0.6355249881744385
seed43_grid,detector_filtered,43,lr9e-04_wd0.060_do0.100,17,0.0004029621915295561,0.10414266467561124,0.5717738272462572,1.3397455215454102,0.39722079038619995,0.6366182565689087
seed43_grid,detector_filtered,43,lr9e-04_wd0.060_do0.100,18,0.0003564397391320083,0.10133362079826777,0.5563035901955196,1.0518375635147095,0.3979627192020416,0.6329416036605835
seed43_grid,detector_filtered,43,lr9e-04_wd0.060_do0.100,19,0.00031094235253127374,0.09832166476404373,0.5531857034989766,1.2151246070861816,0.4036482274532318,0.6278898119926453
seed43_grid,detector_filtered,43,lr9e-04_wd0.060_do0.100,20,0.00026696851061589003,0.09597081616820904,0.5483274478571756,1.1833596229553223,0.40567153692245483,0.6256213784217834
seed43_grid,detector_filtered,43,lr9e-04_wd0.060_do0.100,21,0.00022500000000000013,0.09418333273739356,0.535858661532402,1.0200871229171753,0.4142043888568878,0.6196079254150391
seed43_grid,detector_filtered,43,lr9e-04_wd0.060_do0.100,22,0.00018549663646838716,0.0923064274995919,0.5391552048921585,0.9756887555122375,0.40828004479408264,0.6230237483978271
seed43_grid,detector_filtered,43,lr9e-04_wd0.060_do0.100,23,0.00014889122713851398,0.09105379708461313,0.527625219481332,0.938173770904541,0.4091426432132721,0.6244510412216187
seed43_grid,detector_filtered,43,lr9e-04_wd0.060_do0.100,24,0.00011558482853517273,0.0900996550577599,0.5181542895521436,1.375711441040039,0.41749104857444763,0.6172784566879272
seed43_grid,detector_filtered,43,lr9e-04_wd0.060_do0.100,25,8.594235253127373e-05,0.08910610129502529,0.5098822559629168,1.0848058462142944,0.40908583998680115,0.6226405501365662
seed43_grid,detector_filtered,43,lr9e-04_wd0.060_do0.100,26,6.0288568297002606e-05,0.08727843102859437,0.49575501654829296,1.3878964185714722,0.40630167722702026,0.6261142492294312
seed43_grid,detector_filtered,43,lr9e-04_wd0.060_do0.100,27,3.8904544060829577e-05,0.08618159288261294,0.4877589431830815,1.762579083442688,0.4112597405910492,0.6212826371192932
seed43_grid,detector_filtered,43,lr9e-04_wd0.060_do0.100,28,2.202456766718092e-05,0.08642515745338977,0.48510408060891286,0.7913656234741211,0.4073438346385956,0.625051736831665
seed43_grid,detector_filtered,43,lr9e-04_wd0.060_do0.100,29,9.833579669787445e-06,0.08646347523669001,0.48465837129524775,0.9715858697891235,0.4069250822067261,0.6246792674064636
seed43_grid,detector_filtered,43,lr9e-04_wd0.060_do0.100,30,2.4651470842769705e-06,0.08676852259593255,0.48563128999301364,1.2060714960098267,0.40771421790122986,0.624011754989624
paired_seed_confirmation,detector_filtered,44,lr3e-04_wd0.060_do0.100,1,0.0003,0.47583593518941997,0.9758562866279057,1.8384195566177368,0.4619675874710083,0.5662182569503784
paired_seed_confirmation,detector_filtered,44,lr3e-04_wd0.060_do0.100,2,0.00029917828430524096,0.2801439907273457,0.9701625146184649,1.8236240148544312,0.4554394781589508,0.5704883337020874
paired_seed_confirmation,detector_filtered,44,lr3e-04_wd0.060_do0.100,3,0.0002967221401100708,0.24161339455269593,0.9028100453104292,1.5655193328857422,0.46505990624427795,0.5610415935516357
paired_seed_confirmation,detector_filtered,44,lr3e-04_wd0.060_do0.100,4,0.00029265847744427303,0.22147777553772766,0.9035129005568369,1.5964809656143188,0.44530189037323,0.5787513256072998
paired_seed_confirmation,detector_filtered,44,lr3e-04_wd0.060_do0.100,5,0.0002870318186463901,0.2098364929918208,0.8964547630718777,2.016411066055298,0.4200647175312042,0.6053110361099243
paired_seed_confirmation,detector_filtered,44,lr3e-04_wd0.060_do0.100,6,0.0002799038105676658,0.1983749816161674,0.8758231057439532,2.0608277320861816,0.4157336950302124,0.6127849817276001
paired_seed_confirmation,detector_filtered,44,lr3e-04_wd0.060_do0.100,7,0.0002713525491562421,0.18611112497263574,0.8574231198855808,1.7684862613677979,0.3949190080165863,0.6322227120399475
paired_seed_confirmation,detector_filtered,44,lr3e-04_wd0.060_do0.100,8,0.00026147172382160914,0.17978615809473683,0.8297988716193608,1.5056886672973633,0.41327059268951416,0.6152482032775879
paired_seed_confirmation,detector_filtered,44,lr3e-04_wd0.060_do0.100,9,0.00025036959095382875,0.17369352298961657,0.8460571597303663,1.4434938430786133,0.4049775004386902,0.6243864297866821
paired_seed_confirmation,detector_filtered,44,lr3e-04_wd0.060_do0.100,10,0.000238167787843871,0.16674495820897806,0.8060444157464164,1.7245138883590698,0.3979887068271637,0.6292884349822998
paired_seed_confirmation,detector_filtered,44,lr3e-04_wd0.060_do0.100,11,0.00022500000000000002,0.16471103589940125,0.8251676225662231,1.4003328084945679,0.4014631509780884,0.6243209838867188
paired_seed_confirmation,detector_filtered,44,lr3e-04_wd0.060_do0.100,12,0.0002110104964613701,0.15767809216074763,0.8250870658670153,1.4982826709747314,0.40383297204971313,0.6238601803779602
paired_seed_confirmation,detector_filtered,44,lr3e-04_wd0.060_do0.100,13,0.00019635254915624216,0.15322216037602499,0.8109478412355695,1.360422968864441,0.40209105610847473,0.6248506307601929
paired_seed_confirmation,detector_filtered,44,lr3e-04_wd0.060_do0.100,14,0.00018118675362266393,0.14935994679162434,0.814946780545371,1.4185007810592651,0.4045529365539551,0.6237807273864746
paired_seed_confirmation,detector_filtered,44,lr3e-04_wd0.060_do0.100,15,0.0001656792694901481,0.14694988677165652,0.8041770281961986,1.602615475654602,0.4057043194770813,0.6204228401184082
paired_seed_confirmation,detector_filtered,44,lr3e-04_wd0.060_do0.100,16,0.0001500000000000001,0.14518185529532848,0.8002619663306645,1.534034252166748,0.39128032326698303,0.6377915143966675
paired_seed_confirmation,detector_filtered,44,lr3e-04_wd0.060_do0.100,17,0.00013432073050985205,0.14270449758909426,0.7994976656777518,1.3738852739334106,0.39807939529418945,0.6299084424972534
paired_seed_confirmation,detector_filtered,44,lr3e-04_wd0.060_do0.100,18,0.00011881324637733612,0.14166459527991762,0.8018729451724461,1.4595677852630615,0.4065074920654297,0.6225614547729492
paired_seed_confirmation,detector_filtered,44,lr3e-04_wd0.060_do0.100,19,0.00010364745084375793,0.13663530492409232,0.7779807218483517,1.9990988969802856,0.40359118580818176,0.6256493330001831
paired_seed_confirmation,detector_filtered,44,lr3e-04_wd0.060_do0.100,20,8.898950353863002e-05,0.13850120534899518,0.7854765893731799,1.4539072513580322,0.4084172546863556,0.6217031478881836
paired_seed_confirmation,detector_filtered,44,lr3e-04_wd0.060_do0.100,21,7.500000000000005e-05,0.13596181730829363,0.7831862165246691,1.9093308448791504,0.4007607102394104,0.6278267502784729
paired_seed_confirmation,detector_filtered,44,lr3e-04_wd0.060_do0.100,22,6.183221215612906e-05,0.13477384886685634,0.7675482562610081,1.2961186170578003,0.40544894337654114,0.6229703426361084
paired_seed_confirmation,detector_filtered,44,lr3e-04_wd0.060_do0.100,23,4.963040904617133e-05,0.13204448512336553,0.7627176733527865,1.7220414876937866,0.4050661325454712,0.6253460645675659
paired_seed_confirmation,detector_filtered,44,lr3e-04_wd0.060_do0.100,24,3.852827617839091e-05,0.1322981954740998,0.769327586718968,1.2153816223144531,0.4067935347557068,0.6220902800559998
paired_seed_confirmation,detector_filtered,44,lr3e-04_wd0.060_do0.100,25,2.8647450843757908e-05,0.1301973431702428,0.748735054901668,2.283252000808716,0.4040417969226837,0.6244902610778809
paired_seed_confirmation,detector_filtered,44,lr3e-04_wd0.060_do0.100,26,2.00961894323342e-05,0.13095092836909114,0.7465060983385359,1.417241096496582,0.4062194526195526,0.6233549118041992
paired_seed_confirmation,detector_filtered,44,lr3e-04_wd0.060_do0.100,27,1.2968181353609857e-05,0.1288259755231657,0.7394372453008379,1.366750955581665,0.4021572768688202,0.6262389421463013
paired_seed_confirmation,detector_filtered,44,lr3e-04_wd0.060_do0.100,28,7.341522555726972e-06,0.13020644485150407,0.7435572245291301,1.2474969625473022,0.4049049913883209,0.6238613724708557
paired_seed_confirmation,detector_filtered,44,lr3e-04_wd0.060_do0.100,29,3.2778598899291474e-06,0.12966733314846987,0.7400461747816631,1.6494910717010498,0.40539470314979553,0.6241762638092041
paired_seed_confirmation,detector_filtered,44,lr3e-04_wd0.060_do0.100,30,8.2171569475899e-07,0.12990731185981358,0.7323887930597578,1.4913634061813354,0.40557312965393066,0.6236491799354553
paired_seed_confirmation,detector_filtered,44,lr9e-04_wd0.025_do0.100,1,0.0009,0.36562504292334486,0.9175101217201778,1.9199683666229248,0.418825626373291,0.6018815040588379
paired_seed_confirmation,detector_filtered,44,lr9e-04_wd0.025_do0.100,2,0.0008975348529157229,0.2282167728861973,0.7890402420078005,1.5255379676818848,0.42553919553756714,0.6055201292037964
paired_seed_confirmation,detector_filtered,44,lr9e-04_wd0.025_do0.100,3,0.0008901664203302124,0.19666272671297358,0.7247095589978354,1.2190850973129272,0.43454357981681824,0.5934838056564331
paired_seed_confirmation,detector_filtered,44,lr9e-04_wd0.025_do0.100,4,0.0008779754323328191,0.18167596033755565,0.7243080503599985,1.3696049451828003,0.3929474353790283,0.6296049356460571
paired_seed_confirmation,detector_filtered,44,lr9e-04_wd0.025_do0.100,5,0.0008610954559391703,0.1709656068702672,0.6969916426283973,1.426444172859192,0.37215542793273926,0.6567094922065735
paired_seed_confirmation,detector_filtered,44,lr9e-04_wd0.025_do0.100,6,0.0008397114317029975,0.15885476275311755,0.6700786417722702,1.9259015321731567,0.37382176518440247,0.6549880504608154
paired_seed_confirmation,detector_filtered,44,lr9e-04_wd0.025_do0.100,7,0.0008140576474687264,0.14800282984771984,0.6188199174404144,1.072238564491272,0.3875637352466583,0.6421535015106201
paired_seed_confirmation,detector_filtered,44,lr9e-04_wd0.025_do0.100,8,0.0007844151714648274,0.1425444980162369,0.6381264073508126,1.061584711074829,0.39298486709594727,0.6344308853149414
paired_seed_confirmation,detector_filtered,44,lr9e-04_wd0.025_do0.100,9,0.0007511087728614862,0.13645414294812502,0.6177381509542466,1.0432709455490112,0.36953771114349365,0.6568073034286499
paired_seed_confirmation,detector_filtered,44,lr9e-04_wd0.025_do0.100,10,0.0007145033635316129,0.12988100536317634,0.5899340490783964,0.9692830443382263,0.3927827775478363,0.6344751119613647
paired_seed_confirmation,detector_filtered,44,lr9e-04_wd0.025_do0.100,11,0.000675,0.12612929876485393,0.5907571805374963,1.0835005044937134,0.38798895478248596,0.6398340463638306
paired_seed_confirmation,detector_filtered,44,lr9e-04_wd0.025_do0.100,12,0.0006330314893841102,0.12035695935255729,0.5758847730500357,1.075085997581482,0.4020861089229584,0.6267187595367432
paired_seed_confirmation,detector_filtered,44,lr9e-04_wd0.025_do0.100,13,0.0005890576474687265,0.1151618304528646,0.5801104480028152,1.13578462600708,0.3954334557056427,0.6308513283729553
paired_seed_confirmation,detector_filtered,44,lr9e-04_wd0.025_do0.100,14,0.0005435602608679917,0.11112810865544633,0.5613014645235879,0.9955512285232544,0.3873261511325836,0.6403638124465942
paired_seed_confirmation,detector_filtered,44,lr9e-04_wd0.025_do0.100,15,0.0004970378084704442,0.10864292215847596,0.5531952003921782,1.0503138303756714,0.3968793749809265,0.6336090564727783
paired_seed_confirmation,detector_filtered,44,lr9e-04_wd0.025_do0.100,16,0.0004500000000000002,0.10589829476087685,0.5453002136945725,1.6765148639678955,0.39522624015808105,0.6361048817634583
paired_seed_confirmation,detector_filtered,44,lr9e-04_wd0.025_do0.100,17,0.0004029621915295561,0.10113672005116806,0.5216376451083592,0.8726218342781067,0.39191365242004395,0.6374936699867249
paired_seed_confirmation,detector_filtered,44,lr9e-04_wd0.025_do0.100,18,0.0003564397391320083,0.0996155266927126,0.5257010052885328,0.9466760158538818,0.4037010073661804,0.6265424489974976
paired_seed_confirmation,detector_filtered,44,lr9e-04_wd0.025_do0.100,19,0.00031094235253127374,0.09579043887272244,0.5077205866575241,1.1320576667785645,0.4133114814758301,0.6207079887390137
paired_seed_confirmation,detector_filtered,44,lr9e-04_wd0.025_do0.100,20,0.00026696851061589003,0.09593839925007532,0.500552881189755,0.9237993359565735,0.4146021604537964,0.6199229955673218
paired_seed_confirmation,detector_filtered,44,lr9e-04_wd0.025_do0.100,21,0.00022500000000000013,0.09294859438067848,0.4877711579629353,1.096795916557312,0.4106176197528839,0.6211183667182922
paired_seed_confirmation,detector_filtered,44,lr9e-04_wd0.025_do0.100,22,0.00018549663646838716,0.09109269496511826,0.47016900037016185,0.7060144543647766,0.4063999354839325,0.623307466506958
paired_seed_confirmation,detector_filtered,44,lr9e-04_wd0.025_do0.100,23,0.00014889122713851398,0.08825313721060486,0.46565666735172273,0.777013897895813,0.41139623522758484,0.6207284331321716
paired_seed_confirmation,detector_filtered,44,lr9e-04_wd0.025_do0.100,24,0.00011558482853517273,0.08802542463845055,0.4714975713832038,0.9620553851127625,0.4153517782688141,0.614560604095459
paired_seed_confirmation,detector_filtered,44,lr9e-04_wd0.025_do0.100,25,8.594235253127373e-05,0.08633546248845073,0.45381573191710883,0.9669336676597595,0.4130518436431885,0.6184125542640686
paired_seed_confirmation,detector_filtered,44,lr9e-04_wd0.025_do0.100,26,6.0288568297002606e-05,0.08597255556908763,0.45019819140434264,0.9575004577636719,0.4107224643230438,0.6213374137878418
paired_seed_confirmation,detector_filtered,44,lr9e-04_wd0.025_do0.100,27,3.8904544060829577e-05,0.084003921957224,0.4391082976545606,0.9623236656188965,0.4131339490413666,0.6183470487594604
paired_seed_confirmation,detector_filtered,44,lr9e-04_wd0.025_do0.100,28,2.202456766718092e-05,0.08532455301858168,0.4417862686089107,0.677808403968811,0.4123702347278595,0.618942379951477
paired_seed_confirmation,detector_filtered,44,lr9e-04_wd0.025_do0.100,29,9.833579669787445e-06,0.0840177647066063,0.4355212353808539,0.6965982913970947,0.413189172744751,0.6188784241676331
paired_seed_confirmation,detector_filtered,44,lr9e-04_wd0.025_do0.100,30,2.4651470842769705e-06,0.08476305146545372,0.43644109419413973,0.9103382229804993,0.4129122495651245,0.6188207864761353
