seed,fold,source_index,true_label,fusion_training,subset,predicted_label,probability_right,score
42,1,62,0,in_sample,f1,1,0.53245593307632,0.13000653428717293
42,1,1,1,in_sample,f1,0,0.32732243479802164,-0.7203203898816215
42,1,288,1,in_sample,f1,0,0.4728778477981758,-0.10859520430041811
42,1,79,1,in_sample,f1,0,0.48578086403424936,-0.056891883997141554
42,1,6,0,in_sample,f1,1,0.5140265678479997,0.05612099648727213
42,1,157,0,in_sample,f1,0,0.4452270716782948,-0.21997446641209936
42,1,241,1,in_sample,f1,1,0.5480528439923029,0.19280645143161376
42,1,278,0,in_sample,f1,0,0.30054032547766446,-0.8447262038674889
42,1,174,0,in_sample,f1,0,0.34764995633567913,-0.629385193699129
42,1,10,1,in_sample,f1,1,0.5064320999683802,0.025729819258516806
42,1,188,1,in_sample,f1,1,0.5272996909776015,0.10930746895168242
42,1,171,1,in_sample,f1,0,0.4638006589574705,-0.14505115126160836
42,1,140,1,in_sample,f1,0,0.4686464394355312,-0.1255790151019238
42,1,109,0,in_sample,f1,0,0.4780091236176535,-0.08802029015963368
42,1,146,1,in_sample,f1,1,0.6771849744991799,0.7408649796142283
42,1,221,1,in_sample,f1,0,0.4740639120528261,-0.10383755139136397
42,1,281,0,in_sample,f1,0,0.38743898840132834,-0.45809016112133305
42,1,228,0,in_sample,f1,0,0.36387141336068174,-0.5586001779273482
42,1,128,1,in_sample,f1,1,0.525030395005663,0.10020534366301972
42,1,48,0,in_sample,f1,0,0.4951000795766448,-0.019600309160340813
42,1,56,1,in_sample,f1,0,0.4031475456768343,-0.3923673244133401
42,1,267,1,in_sample,f1,0,0.2912380643243493,-0.8893786721800662
42,1,256,0,in_sample,f1,0,0.47210679056724253,-0.11168879719138954
42,1,17,0,in_sample,f1,1,0.6133492418127324,0.4614126473699107
42,1,113,0,in_sample,f1,0,0.43403087773821286,-0.2654238439754173
42,1,242,1,in_sample,f1,0,0.423783262736644,-0.30726171814376785
42,1,211,1,in_sample,f1,0,0.4837449784364957,-0.06504300743037768
42,1,82,0,in_sample,f1,0,0.44071098366309835,-0.23827706864535167
42,1,41,1,in_sample,f1,1,0.5334192995189702,0.13387679645770947
42,1,95,0,in_sample,f1,1,0.5754433342808032,0.3040952748661007
42,1,204,1,in_sample,f1,0,0.42897147674138303,-0.2860487326405649
42,1,295,1,in_sample,f1,1,0.5983842679319141,0.39873739500737365
42,1,191,0,in_sample,f1,1,0.5803110268543615,0.32405031619258223
42,1,244,1,in_sample,f1,1,0.6099168400733926,0.4469626731510206
42,1,265,0,in_sample,f1,0,0.44266994202214976,-0.2303331876379492
42,1,102,1,in_sample,f1,1,0.5530298202734565,0.21292004424652072
42,1,135,0,in_sample,f1,1,0.6343116682578025,0.5507590059507584
42,1,45,0,in_sample,f1,0,0.44135670255095316,-0.23565776333079497
42,1,309,0,in_sample,f1,0,0.3065681913572046,-0.8162126909711274
42,1,120,1,in_sample,f1,1,0.6473221470622023,0.6072890371390419
42,1,234,1,in_sample,f1,1,0.5371833869781595,0.1490086475246126
42,1,289,0,in_sample,f1,0,0.4490840106904732,-0.2043723515806359
42,1,112,1,in_sample,f1,1,0.5663067055036851,0.26679822438817546
42,1,13,0,in_sample,f1,1,0.571710866332807,0.2888348716886269
42,1,97,1,in_sample,f1,0,0.4454603776132705,-0.21902995648433135
42,1,96,1,in_sample,f1,0,0.3520152470727638,-0.6101926764345453
42,1,255,1,in_sample,f1,0,0.441309617557461,-0.23584873241301732
42,1,193,1,in_sample,f1,0,0.4728823397077569,-0.10857718364609889
42,1,98,1,in_sample,f1,0,0.4726832290646646,-0.10937599318753613
42,1,214,0,in_sample,f1,0,0.4824659774811706,-0.07016486167572988
42,1,38,0,in_sample,f1,1,0.5912557080334655,0.36915883643267405
42,1,192,0,in_sample,f1,0,0.4800496536060561,-0.0798437757477908
42,1,68,0,in_sample,f1,0,0.3792936439655009,-0.492547422195106
42,1,148,0,in_sample,f1,1,0.6372168009410074,0.5633045364434945
42,1,99,0,in_sample,f1,0,0.44084489934321086,-0.2377337841788809
42,1,18,0,in_sample,f1,0,0.3806276087119297,-0.48688520103024485
42,1,253,1,in_sample,f1,1,0.5902735596427607,0.36509637148589436
42,1,261,0,in_sample,f1,0,0.4776765455926513,-0.08935321986309235
42,1,141,1,in_sample,f1,1,0.6284326859956099,0.5254988767515746
42,1,269,0,in_sample,f1,1,0.5841813190994926,0.3399621105246789
42,1,86,1,in_sample,f1,0,0.4119422032502481,-0.35594218072449424
42,1,67,0,in_sample,f1,0,0.46218292479640144,-0.1515577395949125
42,1,162,1,in_sample,f1,1,0.5588081298583324,0.23632631554365252
42,1,246,0,in_sample,f1,0,0.32902537983844643,-0.7125964221978842
42,1,62,0,in_sample,f2,1,0.5486281105456512,0.19512922939729538
42,1,1,1,in_sample,f2,0,0.19562665667168178,-1.4138554889041806
42,1,288,1,in_sample,f2,0,0.0739117209768426,-2.528098142531687
42,1,79,1,in_sample,f2,0,0.3126782880070191,-0.7876276397858634
42,1,6,0,in_sample,f2,0,0.18563681488027844,-1.4786142831444264
42,1,157,0,in_sample,f2,1,0.6940922832474169,0.8193214474173763
42,1,241,1,in_sample,f2,0,0.32794811205204344,-0.7174801508438361
42,1,278,0,in_sample,f2,0,0.09660532112175751,-2.235525709319595
42,1,174,0,in_sample,f2,1,0.7117611671449563,0.903952998517114
42,1,10,1,in_sample,f2,0,0.09813373856759659,-2.2181350125444306
42,1,188,1,in_sample,f2,0,0.43874821277496356,-0.24624392209231213
42,1,171,1,in_sample,f2,0,0.10862877469093035,-2.1048246469303944
42,1,140,1,in_sample,f2,0,0.06018288161531939,-2.7482973480981685
42,1,109,0,in_sample,f2,1,0.5508803727268708,0.2042283934842726
42,1,146,1,in_sample,f2,0,0.39156643702206506,-0.44073252515131106
42,1,221,1,in_sample,f2,1,0.886820248691783,2.058665036518442
42,1,281,0,in_sample,f2,0,0.14084650288268488,-1.8082769334728495
42,1,228,0,in_sample,f2,0,0.23146166766143367,-1.2000761638003135
42,1,128,1,in_sample,f2,1,0.5426437651500249,0.1709904606253419
42,1,48,0,in_sample,f2,0,0.04630605500022014,-3.0250700775236834
42,1,56,1,in_sample,f2,1,0.8164724181451798,1.4926281652113973
42,1,267,1,in_sample,f2,0,0.27651892502544945,-0.9617951245683902
42,1,256,0,in_sample,f2,1,0.6113870052227905,0.45314617873062074
42,1,17,0,in_sample,f2,0,0.04507960885373223,-3.053197964529905
42,1,113,0,in_sample,f2,1,0.6119757955623296,0.4556250117465823
42,1,242,1,in_sample,f2,0,0.04966876117952084,-2.9514344084771764
42,1,211,1,in_sample,f2,0,0.28114515864625567,-0.9387883329402709
42,1,82,0,in_sample,f2,0,0.2530315793601862,-1.0825086087822928
42,1,41,1,in_sample,f2,1,0.6029981211880903,0.41797306774832593
42,1,95,0,in_sample,f2,1,0.9254081528954956,2.518203673471421
42,1,204,1,in_sample,f2,0,0.33325292282671504,-0.6935090496672351
42,1,295,1,in_sample,f2,0,0.22956504072066375,-1.2107688463599606
42,1,191,0,in_sample,f2,1,0.8986154781873611,2.1819347866078713
42,1,244,1,in_sample,f2,1,0.9582678860108285,3.13385641731383
42,1,265,0,in_sample,f2,0,0.46580301113985406,-0.137001842055136
42,1,102,1,in_sample,f2,0,0.4901911685664753,-0.039240360170293836
42,1,135,0,in_sample,f2,0,0.08403128875870186,-2.3887929913466577
42,1,45,0,in_sample,f2,0,0.12342306300949409,-1.9604064876649177
42,1,309,0,in_sample,f2,1,0.8958991311999999,2.1524675084445506
42,1,120,1,in_sample,f2,1,0.6890049235699494,0.7954713363139322
42,1,234,1,in_sample,f2,1,0.6380847294394741,0.5670609540865146
42,1,289,0,in_sample,f2,0,0.3403455759336322,-0.66175459676427
42,1,112,1,in_sample,f2,1,0.6902294460104995,0.801192197752156
42,1,13,0,in_sample,f2,0,0.2483885540135091,-1.107225226103456
42,1,97,1,in_sample,f2,0,0.42954058097175846,-0.2837258133023053
42,1,96,1,in_sample,f2,1,0.5943567046959902,0.3820054616566721
42,1,255,1,in_sample,f2,0,0.04727446179100065,-3.0033566346561646
42,1,193,1,in_sample,f2,1,0.8339660362650069,1.6140003093847741
42,1,98,1,in_sample,f2,0,0.3755831261400638,-0.5083383911499404
42,1,214,0,in_sample,f2,0,0.06172244543154394,-2.7213981575395745
42,1,38,0,in_sample,f2,1,0.673741774840905,0.7251577445856247
42,1,192,0,in_sample,f2,1,0.9100417362252955,2.314144635508085
42,1,68,0,in_sample,f2,1,0.6498579201993521,0.6184147402892158
42,1,148,0,in_sample,f2,1,0.9357259219688864,2.678166206268447
42,1,99,0,in_sample,f2,0,0.28164220264210593,-0.9363302895446207
42,1,18,0,in_sample,f2,1,0.9164209318294977,2.394682683681781
42,1,253,1,in_sample,f2,1,0.589447322801807,0.36168111173229295
42,1,261,0,in_sample,f2,0,0.27501250466791477,-0.9693378387356527
42,1,141,1,in_sample,f2,0,0.3269237628170139,-0.7221316003639453
42,1,269,0,in_sample,f2,0,0.09579434185118885,-2.2448532113342354
42,1,86,1,in_sample,f2,0,0.43595227054105457,-0.2576061084971718
42,1,67,0,in_sample,f2,1,0.887296228228822,2.063416005148201
42,1,162,1,in_sample,f2,1,0.8563525417734351,1.7853200481642695
42,1,246,0,in_sample,f2,1,0.7717939000630654,1.2184683778198968
42,1,62,0,in_sample,f3,1,0.6131532445561398,0.4605862619694767
42,1,1,1,in_sample,f3,0,0.37002227314069813,-0.5321212630649944
42,1,288,1,in_sample,f3,1,0.8700101987275372,1.901048938627452
42,1,79,1,in_sample,f3,0,0.4576258135597306,-0.16990429489677467
42,1,6,0,in_sample,f3,1,0.8457516401740415,1.701661717462128
42,1,157,0,in_sample,f3,0,0.3667831886311074,-0.5460419707000815
42,1,241,1,in_sample,f3,1,0.5993827130528586,0.40289373910811727
42,1,278,0,in_sample,f3,0,0.056728920509743395,-2.8110695637216945
42,1,174,0,in_sample,f3,0,0.013817946063289652,-4.26787278974696
42,1,10,1,in_sample,f3,0,0.36372468179326417,-0.5592341471865351
42,1,188,1,in_sample,f3,1,0.701257632510296,0.8532937861600869
42,1,171,1,in_sample,f3,0,0.12124367366838863,-1.9807052898127813
42,1,140,1,in_sample,f3,1,0.7860673133719646,1.3013810121106397
42,1,109,0,in_sample,f3,0,0.2186367450039598,-1.273628502898105
42,1,146,1,in_sample,f3,1,0.5228581104322846,0.09149621883065287
42,1,221,1,in_sample,f3,1,0.9590334515699103,3.1531701142612483
42,1,281,0,in_sample,f3,0,0.03499584327654238,-3.31690311790605
42,1,228,0,in_sample,f3,0,0.07271205794132293,-2.5457569047651925
42,1,128,1,in_sample,f3,1,0.5892696721053647,0.36094706361391954
42,1,48,0,in_sample,f3,0,0.2678918128972742,-1.00534508383917
42,1,56,1,in_sample,f3,1,0.6884189557285358,0.7927381212657602
42,1,267,1,in_sample,f3,0,0.07072122869286866,-2.5756629783274767
42,1,256,0,in_sample,f3,1,0.5353510933714611,0.14164070005810367
42,1,17,0,in_sample,f3,1,0.9662826900090998,3.3554450760956938
42,1,113,0,in_sample,f3,0,0.256425351700024,-1.0646315663270407
42,1,242,1,in_sample,f3,1,0.581465217768505,0.32879115735800746
42,1,211,1,in_sample,f3,1,0.8103954316316548,1.4525816314410558
42,1,82,0,in_sample,f3,1,0.5873027749123431,0.35282627444509773
42,1,41,1,in_sample,f3,1,0.7457592336814326,1.0761210881185552
42,1,95,0,in_sample,f3,0,0.24320829421157134,-1.1351698040968898
42,1,204,1,in_sample,f3,1,0.5657080345717302,0.26436106581308133
42,1,295,1,in_sample,f3,1,0.7711313344603168,1.2147103759604496
42,1,191,0,in_sample,f3,1,0.8875991323214822,2.066448556512612
42,1,244,1,in_sample,f3,1,0.6428911607233119,0.587934834744633
42,1,265,0,in_sample,f3,0,0.3518709782816499,-0.6108252146893525
42,1,102,1,in_sample,f3,0,0.08856552267542156,-2.331277059796131
42,1,135,0,in_sample,f3,1,0.7469503307604193,1.0824129007387842
42,1,45,0,in_sample,f3,1,0.5036803936280674,0.014721840398383729
42,1,309,0,in_sample,f3,0,0.27108911783029394,-0.9891038629518495
42,1,120,1,in_sample,f3,1,0.8641349257276443,1.85006662830873
42,1,234,1,in_sample,f3,1,0.6052993928272112,0.4275956788208948
42,1,289,0,in_sample,f3,1,0.5134885163496862,0.0539671596590624
42,1,112,1,in_sample,f3,1,0.5788131906545444,0.3179033212307118
42,1,13,0,in_sample,f3,0,0.3393997833397351,-0.6659701264942783
42,1,97,1,in_sample,f3,1,0.7407126750668943,1.0496759876667512
42,1,96,1,in_sample,f3,0,0.41470813362033415,-0.34453565937912106
42,1,255,1,in_sample,f3,0,0.07667108871226852,-2.488460823835342
42,1,193,1,in_sample,f3,1,0.6361152416183443,0.5585425247824899
42,1,98,1,in_sample,f3,0,0.43390570682929375,-0.2659334149110463
42,1,214,0,in_sample,f3,0,0.02237504178015973,-3.777179986756504
42,1,38,0,in_sample,f3,1,0.5523113202147392,0.21001379353441732
42,1,192,0,in_sample,f3,1,0.6787918818197151,0.7482253173958501
42,1,68,0,in_sample,f3,1,0.5915345191730246,0.3703126319489824
42,1,148,0,in_sample,f3,1,0.5580328820243626,0.2331824034141055
42,1,99,0,in_sample,f3,1,0.6758708978624,0.7348601784960369
42,1,18,0,in_sample,f3,0,0.1394334994229926,-1.8200031130314103
42,1,253,1,in_sample,f3,1,0.9418048812640495,2.783996640001649
42,1,261,0,in_sample,f3,1,0.574330019264475,0.2995398246244681
42,1,141,1,in_sample,f3,1,0.9201328257388319,2.4441531023481864
42,1,269,0,in_sample,f3,1,0.7028416131640358,0.8608662794304905
42,1,86,1,in_sample,f3,1,0.7908414773899547,1.330005093981491
42,1,67,0,in_sample,f3,1,0.6845269647479729,0.7746548256867444
42,1,162,1,in_sample,f3,1,0.6982459766490969,0.8389592494791037
42,1,246,0,in_sample,f3,1,0.7159793066931935,0.924604166013374
42,1,62,0,in_sample,f1_f2,1,0.587981798376432,0.3556284652057273
42,1,1,1,in_sample,f1_f2,0,0.10052542297082237,-2.191400129151182
42,1,288,1,in_sample,f1_f2,0,0.0662480133234051,-2.645805387231542
42,1,79,1,in_sample,f1_f2,0,0.30207039236013206,-0.8374581715238664
42,1,6,0,in_sample,f1_f2,0,0.19627429452954837,-1.4097449058378295
42,1,157,0,in_sample,f1_f2,1,0.6461654063176849,0.6022259634858489
42,1,241,1,in_sample,f1_f2,0,0.37883187323111,-0.49450928041919545
42,1,278,0,in_sample,f1_f2,0,0.040926957383900286,-3.1541782867049344
42,1,174,0,in_sample,f1_f2,1,0.5599314819184888,0.24088398482510587
42,1,10,1,in_sample,f1_f2,0,0.10089744357472283,-2.1872925154906664
42,1,188,1,in_sample,f1_f2,0,0.4722203418422513,-0.11123317991812842
42,1,171,1,in_sample,f1_f2,0,0.09453315016271722,-2.2595000985076084
42,1,140,1,in_sample,f1_f2,0,0.05285091761881924,-2.8859814318849413
42,1,109,0,in_sample,f1_f2,1,0.5317054887829743,0.12699234807422644
42,1,146,1,in_sample,f1_f2,1,0.594310937892826,0.381815637564301
42,1,221,1,in_sample,f1_f2,1,0.8782984902252069,1.9764150963220797
42,1,281,0,in_sample,f1_f2,0,0.09092292400324667,-2.302417724014763
42,1,228,0,in_sample,f1_f2,0,0.1418721652527836,-1.799826672497764
42,1,128,1,in_sample,f1_f2,1,0.574155775825345,0.2988271375122977
42,1,48,0,in_sample,f1_f2,0,0.04526097719839064,-3.04899279783573
42,1,56,1,in_sample,f1_f2,1,0.7487491437674668,1.0919521386215545
42,1,267,1,in_sample,f1_f2,0,0.12777869036705802,-1.9207434011603486
42,1,256,0,in_sample,f1_f2,1,0.5870390297337357,0.3517382222863537
42,1,17,0,in_sample,f1_f2,0,0.07224665494964447,-2.5526798778397284
42,1,113,0,in_sample,f1_f2,1,0.546504997482941,0.18655920241339047
42,1,242,1,in_sample,f1_f2,0,0.035963837537177336,-3.288614886096428
42,1,211,1,in_sample,f1_f2,0,0.2692351492869437,-0.9985065676843422
42,1,82,0,in_sample,f1_f2,0,0.2088094929951873,-1.3321164625007296
42,1,41,1,in_sample,f1_f2,1,0.6420249880053982,0.5841640399924197
42,1,95,0,in_sample,f1_f2,1,0.9470451129466502,2.8839063663851388
42,1,204,1,in_sample,f1_f2,0,0.27038837921238473,-0.9926529992881401
42,1,295,1,in_sample,f1_f2,0,0.31724743405299793,-0.7664505001290387
42,1,191,0,in_sample,f1_f2,1,0.9287194227193246,2.567182790537493
42,1,244,1,in_sample,f1_f2,1,0.9748994119666026,3.6594430249732914
42,1,265,0,in_sample,f1_f2,0,0.40812883274938827,-0.3717060972102111
42,1,102,1,in_sample,f1_f2,1,0.55234340183881,0.21014354110540107
42,1,135,0,in_sample,f1_f2,0,0.14350936780021048,-1.7864430664944606
42,1,45,0,in_sample,f1_f2,0,0.09859351333706681,-2.2129508346518474
42,1,309,0,in_sample,f1_f2,1,0.7848015652305881,1.2938703477967761
42,1,120,1,in_sample,f1_f2,1,0.814646579291078,1.480489989318726
42,1,234,1,in_sample,f1_f2,1,0.6793398375972829,0.7507396213250425
42,1,289,0,in_sample,f1_f2,0,0.2949200257168922,-0.8716070147570305
42,1,112,1,in_sample,f1_f2,1,0.7530387921044271,1.114885471972405
42,1,13,0,in_sample,f1_f2,0,0.3138694068870771,-0.7820909808136187
42,1,97,1,in_sample,f1_f2,0,0.3758805870928141,-0.507070211470382
42,1,96,1,in_sample,f1_f2,0,0.4344850474336403,-0.26357520568438936
42,1,255,1,in_sample,f1_f2,0,0.036862843158810506,-3.2629917450274295
42,1,193,1,in_sample,f1_f2,1,0.821074837848801,1.5236466299267624
42,1,98,1,in_sample,f1_f2,0,0.35124555386043216,-0.6135687253316884
42,1,214,0,in_sample,f1_f2,0,0.05740711721646248,-2.7984661748818027
42,1,38,0,in_sample,f1_f2,1,0.7595092579636096,1.1499909173583476
42,1,192,0,in_sample,f1_f2,1,0.905488230705705,2.2597499101332392
42,1,68,0,in_sample,f1_f2,1,0.52565402892944,0.10270630443089335
42,1,148,0,in_sample,f1_f2,1,0.9653648241562084,3.3276362774977617
42,1,99,0,in_sample,f1_f2,0,0.23426540225046089,-1.184380961276394
42,1,18,0,in_sample,f1_f2,1,0.8695370360324803,1.8968715420507178
42,1,253,1,in_sample,f1_f2,1,0.6856121934320882,0.7796848755560333
42,1,261,0,in_sample,f1_f2,0,0.25811824213265366,-1.055772091722251
42,1,141,1,in_sample,f1_f2,0,0.4659692537581648,-0.13633376164539113
42,1,269,0,in_sample,f1_f2,0,0.13337249952275632,-1.8714632808377472
42,1,86,1,in_sample,f1_f2,0,0.3474869103295671,-0.6301042036141999
42,1,67,0,in_sample,f1_f2,1,0.8731553562716439,1.9291504368760926
42,1,162,1,in_sample,f1_f2,1,0.8881788918698816,2.072272832016292
42,1,246,0,in_sample,f1_f2,1,0.6146068639624396,0.4667188719607497
42,1,62,0,in_sample,f1_f3,1,0.6159360059345861,0.4723338817521473
42,1,1,1,in_sample,f1_f3,0,0.3529837415570054,-0.6059494251938206
42,1,288,1,in_sample,f1_f3,1,0.8667256259693509,1.8723124971193645
42,1,79,1,in_sample,f1_f3,0,0.4568537556676937,-0.17301528005051342
42,1,6,0,in_sample,f1_f3,1,0.8446517688787047,1.6932551852167477
42,1,157,0,in_sample,f1_f3,0,0.36267201070291544,-0.5637855458806867
42,1,241,1,in_sample,f1_f3,1,0.6040135809839667,0.4222167675025002
42,1,278,0,in_sample,f1_f3,0,0.053303695593632586,-2.876972684984966
42,1,174,0,in_sample,f1_f3,0,0.013443347103784692,-4.295736407440589
42,1,10,1,in_sample,f1_f3,0,0.3660093271020381,-0.5493754258495926
42,1,188,1,in_sample,f1_f3,1,0.7024441245184452,0.858963835897497
42,1,171,1,in_sample,f1_f3,0,0.1217112775705667,-1.9763237179417812
42,1,140,1,in_sample,f1_f3,1,0.7818519316465173,1.2764913320373423
42,1,109,0,in_sample,f1_f3,0,0.21931809438058397,-1.2696446139983204
42,1,146,1,in_sample,f1_f3,1,0.5436609413476292,0.17508970006662045
42,1,221,1,in_sample,f1_f3,1,0.9574245025488578,3.1129679588389267
42,1,281,0,in_sample,f1_f3,0,0.03439898082403393,-3.33472378853526
42,1,228,0,in_sample,f1_f3,0,0.07029241712867411,-2.5822061811428347
42,1,128,1,in_sample,f1_f3,1,0.5915355504663707,0.3703169001703128
42,1,48,0,in_sample,f1_f3,0,0.2696732882740274,-0.9962808014560445
42,1,56,1,in_sample,f1_f3,1,0.677627192618656,0.7428886105911482
42,1,267,1,in_sample,f1_f3,0,0.06606208309831015,-2.6488150129986052
42,1,256,0,in_sample,f1_f3,1,0.5323091292763752,0.12941684562615394
42,1,17,0,in_sample,f1_f3,1,0.9669624176869711,3.3765138584145933
42,1,113,0,in_sample,f1_f3,0,0.253035393302691,-1.0824884299974566
42,1,242,1,in_sample,f1_f3,1,0.5727069535470873,0.2929040917210952
42,1,211,1,in_sample,f1_f3,1,0.8073702795720006,1.4330125985681652
42,1,82,0,in_sample,f1_f3,1,0.5804018197558712,0.3244231167226323
42,1,41,1,in_sample,f1_f3,1,0.7469485515862397,1.08240348791432
42,1,95,0,in_sample,f1_f3,0,0.2518698864919054,-1.088664280661664
42,1,204,1,in_sample,f1_f3,1,0.5576089048256432,0.23146350767867568
42,1,295,1,in_sample,f1_f3,1,0.7771756975236466,1.249282868098178
42,1,191,0,in_sample,f1_f3,1,0.8893882817218562,2.08450786714511
42,1,244,1,in_sample,f1_f3,1,0.6533745712968968,0.6339058401690997
42,1,265,0,in_sample,f1_f3,0,0.3477131852130978,-0.6291064056500065
42,1,102,1,in_sample,f1_f3,0,0.09249821445920677,-2.2835061924867737
42,1,135,0,in_sample,f1_f3,1,0.7568069962286663,1.1352528798925194
42,1,45,0,in_sample,f1_f3,0,0.49746284175450306,-0.010148720087994487
42,1,309,0,in_sample,f1_f3,0,0.2555407154943161,-1.0692764091647153
42,1,120,1,in_sample,f1_f3,1,0.8701033061115283,1.9018724751085316
42,1,234,1,in_sample,f1_f3,1,0.6086841172214518,0.44178432404306517
42,1,289,0,in_sample,f1_f3,1,0.5080540646540126,0.0322190454537845
42,1,112,1,in_sample,f1_f3,1,0.5857236563900875,0.3463148544330749
42,1,13,0,in_sample,f1_f3,0,0.348493694753477,-0.6256669370559541
42,1,97,1,in_sample,f1_f3,1,0.7343386601898233,1.0167479730929532
42,1,96,1,in_sample,f1_f3,0,0.39942866980368513,-0.407846218551011
42,1,255,1,in_sample,f1_f3,0,0.07660693328724251,-2.4893674160726875
42,1,193,1,in_sample,f1_f3,1,0.6324337510776921,0.5426719021540672
42,1,98,1,in_sample,f1_f3,0,0.43192701132698413,-0.2739932929425171
42,1,214,0,in_sample,f1_f3,0,0.023040074665899704,-3.7472105565898457
42,1,38,0,in_sample,f1_f3,1,0.5623993862670342,0.2509055956166029
42,1,192,0,in_sample,f1_f3,1,0.6756277059512172,0.7337502816544209
42,1,68,0,in_sample,f1_f3,1,0.5776925321586825,0.31330813033493576
42,1,148,0,in_sample,f1_f3,1,0.5733573897994996,0.2955625548983206
42,1,99,0,in_sample,f1_f3,1,0.6688209346584539,0.7028571510989131
42,1,18,0,in_sample,f1_f3,0,0.1352416433378006,-1.855386982408512
42,1,253,1,in_sample,f1_f3,1,0.9426634173631085,2.7997704309763103
42,1,261,0,in_sample,f1_f3,1,0.5715800576089014,0.28830066837290075
42,1,141,1,in_sample,f1_f3,1,0.9228076363776441,2.481120266161094
42,1,269,0,in_sample,f1_f3,1,0.7093556634223966,0.8922567330977729
42,1,86,1,in_sample,f1_f3,1,0.7822932627195764,1.2790807712036578
42,1,67,0,in_sample,f1_f3,1,0.6795941106982292,0.7519071278078368
42,1,162,1,in_sample,f1_f3,1,0.702445525478829,0.8589705385411301
42,1,246,0,in_sample,f1_f3,1,0.697976687351067,0.8376814943967854
42,1,62,0,in_sample,f2_f3,1,0.6686590224815726,0.7021262591032269
42,1,1,1,in_sample,f2_f3,0,0.11880633433195964,-2.0037827018003718
42,1,288,1,in_sample,f2_f3,0,0.3532027614219896,-0.6049905713391324
42,1,79,1,in_sample,f2_f3,0,0.2736955978808553,-0.9759526814351025
42,1,6,0,in_sample,f2_f3,1,0.5675402826774522,0.2718225466323543
42,1,157,0,in_sample,f2_f3,1,0.5725628347354311,0.2923151886654819
42,1,241,1,in_sample,f2_f3,0,0.4249059731193848,-0.30266564771015364
42,1,278,0,in_sample,f2_f3,0,0.005251620241966653,-5.243953174004181
42,1,174,0,in_sample,f2_f3,0,0.02865726457820833,-3.5232724036513345
42,1,10,1,in_sample,f2_f3,0,0.05394096060123455,-2.8644148503647173
42,1,188,1,in_sample,f2_f3,1,0.6586472879927859,0.6572718793648851
42,1,171,1,in_sample,f2_f3,0,0.014232452683758516,-4.2378958162626805
42,1,140,1,in_sample,f2_f3,0,0.188204851451097,-1.4617170232351215
42,1,109,0,in_sample,f2_f3,0,0.24840003296303007,-1.1071637409214403
42,1,146,1,in_sample,f2_f3,0,0.41511005701181397,-0.3428800151978981
42,1,221,1,in_sample,f2_f3,1,0.9957395719988037,5.454116124498645
42,1,281,0,in_sample,f2_f3,0,0.0048094525925302355,-5.332350952241503
42,1,228,0,in_sample,f2_f3,0,0.019951032004843126,-3.8943216661942723
42,1,128,1,in_sample,f2_f3,1,0.639375803655322,0.5726559848910989
42,1,48,0,in_sample,f2_f3,0,0.015259044719735387,-4.167206193403718
42,1,56,1,in_sample,f2_f3,1,0.9162918981366817,2.3929992107325853
42,1,267,1,in_sample,f2_f3,0,0.0246232591924271,-3.6791323053265614
42,1,256,0,in_sample,f2_f3,1,0.6535352163331263,0.6346152413900956
42,1,17,0,in_sample,f2_f3,1,0.5931338072965139,0.37693565169465915
42,1,113,0,in_sample,f2_f3,0,0.3479956504416302,-0.6278612520407785
42,1,242,1,in_sample,f2_f3,0,0.06345422666273554,-2.6918795917065954
42,1,211,1,in_sample,f2_f3,1,0.6385721449143988,0.5691722096538674
42,1,82,0,in_sample,f2_f3,0,0.3245648023266522,-0.7328720052020787
42,1,41,1,in_sample,f2_f3,1,0.8289535655958263,1.5782290751523687
42,1,95,0,in_sample,f2_f3,1,0.8072657312411404,1.432340502522202
42,1,204,1,in_sample,f2_f3,0,0.3957645748373822,-0.4231443722727614
42,1,295,1,in_sample,f2_f3,1,0.5095713896685236,0.038290236232535024
42,1,191,0,in_sample,f2_f3,1,0.9883645911535556,4.441998713567065
42,1,244,1,in_sample,f2_f3,1,0.9796958706375778,3.8764179051868846
42,1,265,0,in_sample,f2_f3,0,0.31753043974031986,-0.7651442387773095
42,1,102,1,in_sample,f2_f3,0,0.07811338901603276,-2.468260757997878
42,1,135,0,in_sample,f2_f3,0,0.2109232268718149,-1.3193694068799173
42,1,45,0,in_sample,f2_f3,0,0.11964239471511462,-1.9958209449996462
42,1,309,0,in_sample,f2_f3,1,0.7697837982873593,1.2070908191371192
42,1,120,1,in_sample,f2_f3,1,0.9416120177892489,2.78048323442702
42,1,234,1,in_sample,f2_f3,1,0.7412299194349828,1.052370912189927
42,1,289,0,in_sample,f2_f3,0,0.35184666040777735,-0.6109318466868466
42,1,112,1,in_sample,f2_f3,1,0.7648746137027844,1.1795929861724954
42,1,13,0,in_sample,f2_f3,0,0.13861056892054363,-1.8268783643892734
42,1,97,1,in_sample,f2_f3,1,0.6951777504555839,0.8244387505746968
42,1,96,1,in_sample,f2_f3,1,0.5127828014727592,0.05114235004796641
42,1,255,1,in_sample,f2_f3,0,0.003334436512704634,-5.700111567462882
42,1,193,1,in_sample,f2_f3,1,0.9066143108596606,2.27297901127951
42,1,98,1,in_sample,f2_f3,0,0.31266786583870476,-0.7876761355982993
42,1,214,0,in_sample,f2_f3,0,0.0011580366232175128,-6.759870566398412
42,1,38,0,in_sample,f2_f3,1,0.7286478830804104,0.9877732997981625
42,1,192,0,in_sample,f2_f3,1,0.9606967422991286,3.1963513858524006
42,1,68,0,in_sample,f2_f3,1,0.7398970381193727,1.0454334789826076
42,1,148,0,in_sample,f2_f3,1,0.9540373438692292,3.0328735716611335
42,1,99,0,in_sample,f2_f3,0,0.45487983303049156,-0.18097297937137646
42,1,18,0,in_sample,f2_f3,1,0.6425234696070682,0.5863336339450198
42,1,253,1,in_sample,f2_f3,1,0.9648064824323154,3.311065639253762
42,1,261,0,in_sample,f2_f3,0,0.33812628992262445,-0.6716553029404282
42,1,141,1,in_sample,f2_f3,1,0.8621460800456583,1.8332301492753116
42,1,269,0,in_sample,f2_f3,0,0.1973763905353841,-1.4027733559327658
42,1,86,1,in_sample,f2_f3,1,0.7586791845235501,1.145451773453737
42,1,67,0,in_sample,f2_f3,1,0.9509507044037219,2.964636400688155
42,1,162,1,in_sample,f2_f3,1,0.9395920037559232,2.7443242581593235
42,1,246,0,in_sample,f2_f3,1,0.90444444444331,2.247613069735906
42,1,62,0,in_sample,f1_f2_f3,1,0.6725267536339945,0.7196355317871019
42,1,1,1,in_sample,f1_f2_f3,0,0.10776311230829178,-2.113796252947574
42,1,288,1,in_sample,f1_f2_f3,0,0.3432584394961934,-0.64880694671876
42,1,79,1,in_sample,f1_f2_f3,0,0.2726990533190992,-0.9809715304620119
42,1,6,0,in_sample,f1_f2_f3,1,0.5643033767048504,0.25864582581475926
42,1,157,0,in_sample,f1_f2_f3,1,0.566230683946042,0.2664887010200795
42,1,241,1,in_sample,f1_f2_f3,0,0.43181902553424906,-0.27443340689350093
42,1,278,0,in_sample,f1_f2_f3,0,0.00476001244352872,-5.342733619173585
42,1,174,0,in_sample,f1_f2_f3,0,0.02754176688992905,-3.5641234781457163
42,1,10,1,in_sample,f1_f2_f3,0,0.05462902349012843,-2.8510121109214044
42,1,188,1,in_sample,f1_f2_f3,1,0.6605086771424283,0.6655618730303198
42,1,171,1,in_sample,f1_f2_f3,0,0.01430731306198586,-4.232573820007936
42,1,140,1,in_sample,f1_f2_f3,0,0.18242954269233036,-1.4999730543266176
42,1,109,0,in_sample,f1_f2_f3,0,0.24951841208147724,-1.1011824092994638
42,1,146,1,in_sample,f1_f2_f3,0,0.44536984792657075,-0.21939644303340508
42,1,221,1,in_sample,f1_f2_f3,1,0.9954849195258542,5.395806964305297
42,1,281,0,in_sample,f1_f2_f3,0,0.00468002483162083,-5.359760852728268
42,1,228,0,in_sample,f1_f2_f3,0,0.01891031999975369,-3.948956067531337
42,1,128,1,in_sample,f1_f2_f3,1,0.6425917899384845,0.5866310961886603
42,1,48,0,in_sample,f1_f2_f3,0,0.015437159144880377,-4.1554201918051294
42,1,56,1,in_sample,f1_f2_f3,1,0.9105242173019958,2.320052492333134
42,1,267,1,in_sample,f1_f2_f3,0,0.022140538529129943,-3.7879557089878455
42,1,256,0,in_sample,f1_f2_f3,1,0.6494857149402492,0.6167793800579999
42,1,17,0,in_sample,f1_f2_f3,1,0.6002678118126927,0.40658111531016394
42,1,113,0,in_sample,f1_f2_f3,0,0.34207472488151264,-0.6540621542248598
42,1,242,1,in_sample,f1_f2_f3,0,0.06028219119328021,-2.7465429034457554
42,1,211,1,in_sample,f1_f2_f3,1,0.6317560768186237,0.5397578119233613
42,1,82,0,in_sample,f1_f2_f3,0,0.31529834574712967,-0.7754638822123067
42,1,41,1,in_sample,f1_f2_f3,1,0.8303041986034166,1.5877847073800146
42,1,95,0,in_sample,f1_f2_f3,1,0.8179447235208531,1.502484401279024
42,1,204,1,in_sample,f1_f2_f3,0,0.3840998413468219,-0.47218234798862113
42,1,295,1,in_sample,f1_f2_f3,1,0.5221972058559738,0.08884722272342249
42,1,191,0,in_sample,f1_f2_f3,1,0.9886816509698537,4.469947173241799
42,1,244,1,in_sample,f1_f2_f3,1,0.981037400493643,3.9461419915101814
42,1,265,0,in_sample,f1_f2_f3,0,0.3116798725863801,-0.7922774195296448
42,1,102,1,in_sample,f1_f2_f3,0,0.08335308252014398,-2.3976367658348767
42,1,135,0,in_sample,f1_f2_f3,0,0.22401679190027096,-1.2424098680164635
42,1,45,0,in_sample,f1_f2_f3,0,0.11571376386783779,-2.0336612179395717
42,1,309,0,in_sample,f1_f2_f3,1,0.7483020355186147,1.0895768722469277
42,1,120,1,in_sample,f1_f2_f3,1,0.9457116483127697,2.8576280248816053
42,1,234,1,in_sample,f1_f2_f3,1,0.7452979976022023,1.0736898914395985
42,1,289,0,in_sample,f1_f2_f3,0,0.3444651616828697,-0.6434584913416251
42,1,112,1,in_sample,f1_f2_f3,1,0.7724297218016143,1.2220819237750504
42,1,13,0,in_sample,f1_f2_f3,0,0.14581205811740142,-1.7678327227462114
42,1,97,1,in_sample,f1_f2_f3,1,0.6847296812117893,0.7755937087042546
42,1,96,1,in_sample,f1_f2_f3,0,0.4894153006705573,-0.042345123637002824
42,1,255,1,in_sample,f1_f2_f3,0,0.0033244973051535153,-5.703106766999434
42,1,193,1,in_sample,f1_f2_f3,1,0.9046829032870504,2.2503753057463873
42,1,98,1,in_sample,f1_f2_f3,0,0.3100528340789525,-0.7998723080606984
42,1,214,0,in_sample,f1_f2_f3,0,0.0012086335598528984,-6.717055482332523
42,1,38,0,in_sample,f1_f2_f3,1,0.7405229103848856,1.048688160242555
42,1,192,0,in_sample,f1_f2_f3,1,0.9599283949643838,3.1761907134626366
42,1,68,0,in_sample,f1_f2_f3,1,0.7234064239765899,0.961422005561609
42,1,148,0,in_sample,f1_f2_f3,1,0.9579779124174763,3.126629346902277
42,1,99,0,in_sample,f1_f2_f3,0,0.443047066629589,-0.2288047265092511
42,1,18,0,in_sample,f1_f2_f3,1,0.63069724350181,0.5352091571751849
42,1,253,1,in_sample,f1_f2_f3,1,0.9655995685870815,3.3346801176270686
42,1,261,0,in_sample,f1_f2_f3,0,0.33430278949776143,-0.6887877905891997
42,1,141,1,in_sample,f1_f2_f3,1,0.8684841644022295,1.8876220850774261
42,1,269,0,in_sample,f1_f2_f3,0,0.20464933811501948,-1.3574851328332675
42,1,86,1,in_sample,f1_f2_f3,1,0.7445960675405344,1.069995539382978
42,1,67,0,in_sample,f1_f2_f3,1,0.9494106517840513,2.932100380977598
42,1,162,1,in_sample,f1_f2_f3,1,0.9413053667702984,2.774919304419675
42,1,246,0,in_sample,f1_f2_f3,1,0.8927994182256201,2.119660264376038
42,1,62,0,inner_oof,f1,0,0.49076634525676416,-0.03693881857851518
42,1,1,1,inner_oof,f1,1,0.5178924938154307,0.07160054876587993
42,1,288,1,inner_oof,f1,0,0.4983793377672554,-0.006482671633756026
42,1,79,1,inner_oof,f1,0,0.4967294704729926,-0.013082304687605175
42,1,6,0,inner_oof,f1,0,0.49312349551178997,-0.027507752360612252
42,1,157,0,inner_oof,f1,1,0.5019335538613376,0.007734253999528644
42,1,241,1,inner_oof,f1,0,0.4887631751643579,-0.044954868738047674
42,1,278,0,inner_oof,f1,1,0.5218561232192542,0.08748023922398207
42,1,174,0,inner_oof,f1,1,0.5149938009484577,0.059993191192633286
42,1,10,1,inner_oof,f1,0,0.49409315170426055,-0.023628492448332095
42,1,188,1,inner_oof,f1,0,0.49142666503300164,-0.034296701303055996
42,1,171,1,inner_oof,f1,0,0.4995426804874532,-0.0018292785602903785
42,1,140,1,inner_oof,f1,0,0.4989213053371781,-0.004314785345438988
42,1,109,0,inner_oof,f1,0,0.4977227803157268,-0.00910894171945155
42,1,146,1,inner_oof,f1,0,0.4713037189003572,-0.11491140454313181
42,1,221,1,inner_oof,f1,0,0.4982275177223123,-0.007089958810153191
42,1,281,0,inner_oof,f1,1,0.5095309354334435,0.03812836022376128
42,1,228,0,inner_oof,f1,1,0.5127367162117514,0.05095788887424284
42,1,128,1,inner_oof,f1,0,0.49171704105097075,-0.033134867081134126
42,1,48,0,inner_oof,f1,0,0.49553952811217633,-0.017842360878956638
42,1,56,1,inner_oof,f1,1,0.5074342561162303,0.029739216103295336
42,1,267,1,inner_oof,f1,1,0.5232781276033588,0.09317987135752924
42,1,256,0,inner_oof,f1,0,0.4984780566506793,-0.006087792198960541
42,1,17,0,inner_oof,f1,0,0.4802001311453332,-0.07924091301498991
42,1,113,0,inner_oof,f1,1,0.5033838500964762,0.013535607039997396
42,1,242,1,inner_oof,f1,1,0.5047188529724764,0.018875972332683053
42,1,211,1,inner_oof,f1,0,0.4969895712745159,-0.012041860412064512
42,1,82,0,inner_oof,f1,1,0.5025175978406938,0.010070476469604135
42,1,41,1,inner_oof,f1,0,0.4906428837362208,-0.03743283540369993
42,1,95,0,inner_oof,f1,0,0.48521424958130355,-0.05916025039156747
42,1,204,1,inner_oof,f1,1,0.5040419759704204,0.016168256087835058
42,1,295,1,inner_oof,f1,0,0.4821973348746359,-0.07124077560168873
42,1,191,0,inner_oof,f1,0,0.4845780440221549,-0.061707397258667744
42,1,244,1,inner_oof,f1,0,0.48066053887374277,-0.07739645647094448
42,1,265,0,inner_oof,f1,1,0.5022641059009042,0.009056485504134647
42,1,102,1,inner_oof,f1,0,0.48812167193326755,-0.04752225379560868
42,1,135,0,inner_oof,f1,0,0.47735413773731566,-0.09064546455776294
42,1,45,0,inner_oof,f1,1,0.5024340150555217,0.009736137130647301
42,1,309,0,inner_oof,f1,1,0.5209478938688581,0.083840652422044
42,1,120,1,inner_oof,f1,0,0.47555420637820667,-0.09786119964357476
42,1,234,1,inner_oof,f1,0,0.4901601881676221,-0.0393643296265328
42,1,289,0,inner_oof,f1,1,0.5014356793787533,0.005742733297421029
42,1,112,1,inner_oof,f1,0,0.486403479039282,-0.05439949526595135
42,1,13,0,inner_oof,f1,0,0.48570081338466053,-0.05721234722723745
42,1,97,1,inner_oof,f1,1,0.5019034139828438,0.007613692710574223
42,1,96,1,inner_oof,f1,1,0.5143818757719165,0.05754337615980859
42,1,255,1,inner_oof,f1,1,0.502440108938459,0.009760513241502566
42,1,193,1,inner_oof,f1,0,0.4983787627149414,-0.006484971867187833
42,1,98,1,inner_oof,f1,0,0.49840425331817073,-0.006383008399029964
42,1,214,0,inner_oof,f1,0,0.4971530095137723,-0.011388085018601397
42,1,38,0,inner_oof,f1,0,0.4831400839703292,-0.06746524181179343
42,1,192,0,inner_oof,f1,0,0.49746186504962203,-0.010152627008155387
42,1,68,0,inner_oof,f1,1,0.5106300561168589,0.04252663247772271
42,1,148,0,inner_oof,f1,0,0.47695463224739726,-0.09224682975505158
42,1,99,0,inner_oof,f1,1,0.5025002614886824,0.010001129315465259
42,1,18,0,inner_oof,f1,1,0.5104494488716699,0.04180388233829978
42,1,253,1,inner_oof,f1,0,0.4832695753005757,-0.06694669140176934
42,1,261,0,inner_oof,f1,0,0.4977653146626148,-0.008938800868190867
42,1,141,1,inner_oof,f1,0,0.4781586199879177,-0.08742115357290596
42,1,269,0,inner_oof,f1,0,0.48407078076389565,-0.06373844677742563
42,1,86,1,inner_oof,f1,1,0.5062721097040568,0.025089754891325984
42,1,67,0,inner_oof,f1,0,0.49975031257519353,-0.0009987497822470486
42,1,162,1,inner_oof,f1,0,0.4873752013677097,-0.05050993042476556
42,1,246,0,inner_oof,f1,1,0.517646325054706,0.07061462847810249
42,1,62,0,inner_oof,f2,1,0.5050002872265419,0.02000181572774567
42,1,1,1,inner_oof,f2,0,0.38892345355687463,-0.45183968515248807
42,1,288,1,inner_oof,f2,0,0.31462255787835475,-0.7785960054905583
42,1,79,1,inner_oof,f2,0,0.4333500897349741,-0.26819574816537295
42,1,6,0,inner_oof,f2,0,0.3844197007446484,-0.47083047252414684
42,1,157,0,inner_oof,f2,1,0.5505885094750812,0.20304879537791087
42,1,241,1,inner_oof,f2,0,0.43840822661532763,-0.24762470352529325
42,1,278,0,inner_oof,f2,0,0.33341095235674334,-0.6927979152832718
42,1,174,0,inner_oof,f2,1,0.5567216178760634,0.22786735184927207
42,1,10,1,inner_oof,f2,0,0.33454535550052894,-0.6876980206886179
42,1,188,1,inner_oof,f2,0,0.4726690927743251,-0.10943270771940228
42,1,171,1,inner_oof,f2,0,0.34198310278694277,-0.6544692818643892
42,1,140,1,inner_oof,f2,0,0.30086749335564145,-0.8431703438701078
42,1,109,0,inner_oof,f2,1,0.5056673031993746,0.022670183668546964
42,1,146,1,inner_oof,f2,0,0.45847901325672064,-0.16646730433653656
42,1,221,1,inner_oof,f2,1,0.6379532109249131,0.566491488485064
42,1,281,0,inner_oof,f2,0,0.3618126342441632,-0.5675054240919428
42,1,228,0,inner_oof,f2,0,0.40392241831004544,-0.3891480035803625
42,1,128,1,inner_oof,f2,1,0.5032307102344721,0.012923020785067199
42,1,48,0,inner_oof,f2,0,0.2840754108679031,-0.9243351048336017
42,1,56,1,inner_oof,f2,1,0.5988074980942075,0.40049880758936823
42,1,267,1,inner_oof,f2,0,0.4208533986239667,-0.3192710918212627
42,1,256,0,inner_oof,f2,1,0.5238983676101474,0.09566636570215035
42,1,17,0,inner_oof,f2,0,0.28240082676020106,-0.9325837253895606
42,1,113,0,inner_oof,f2,1,0.5240796813188348,0.0963932938558978
42,1,242,1,inner_oof,f2,0,0.2884875188137076,-0.9027411367828038
42,1,211,1,inner_oof,f2,0,0.4224987170048546,-0.3125242539123791
42,1,82,0,inner_oof,f2,0,0.4122502180287184,-0.35467082615068346
42,1,41,1,inner_oof,f2,1,0.5213249816188771,0.0853517037369126
42,1,95,0,inner_oof,f2,1,0.6684655456597949,0.701253116551517
42,1,204,1,inner_oof,f2,0,0.44013970837712035,-0.24059507780649877
42,1,295,1,inner_oof,f2,0,0.4031676729315058,-0.39228367748079956
42,1,191,0,inner_oof,f2,1,0.646260260360297,0.6026408584782906
42,1,244,1,inner_oof,f2,1,0.7071942290665795,0.881795859668613
42,1,265,0,inner_oof,f2,0,0.48066040053302705,-0.07739701066291738
42,1,102,1,inner_oof,f2,0,0.4878203981019744,-0.04872804705118425
42,1,135,0,inner_oof,f2,0,0.3234976247707868,-0.7377441870314745
42,1,45,0,inner_oof,f2,0,0.3515761930629787,-0.6121180523921057
42,1,309,0,inner_oof,f2,1,0.6442822794926674,0.5939994558612949
42,1,120,1,inner_oof,f2,1,0.5488572671567251,0.1960546505043106
42,1,234,1,inner_oof,f2,1,0.5322233640809347,0.1290723502121216
42,1,289,0,inner_oof,f2,0,0.44243563542351244,-0.23128295162721305
42,1,112,1,inner_oof,f2,1,0.5492726450061055,0.1977323170580296
42,1,13,0,inner_oof,f2,0,0.41049509088063596,-0.3619190775982245
42,1,97,1,inner_oof,f2,0,0.4699302233662399,-0.12042442914670243
42,1,96,1,inner_oof,f2,1,0.5186922977113636,0.07480405275656615
42,1,255,1,inner_oof,f2,0,0.2853722015712208,-0.9179675468603334
42,1,193,1,inner_oof,f2,1,0.6073273672979935,0.43609169670783887
42,1,98,1,inner_oof,f2,0,0.45356097637938975,-0.1862930074139254
42,1,214,0,inner_oof,f2,0,0.30252936956251264,-0.8352820436884697
42,1,38,0,inner_oof,f2,1,0.5437465808827483,0.17543489552715472
42,1,192,0,inner_oof,f2,1,0.6550725640218382,0.6414119498545215
42,1,68,0,inner_oof,f2,1,0.5359707657267884,0.1441320628881652
42,1,148,0,inner_oof,f2,1,0.6787782504782175,0.7481627986019654
42,1,99,0,inner_oof,f2,0,0.4226746050633312,-0.31180342240177494
42,1,18,0,inner_oof,f2,1,0.6603894169480623,0.6650300694649783
42,1,253,1,inner_oof,f2,1,0.517204168666605,0.06884385210105115
42,1,261,0,inner_oof,f2,0,0.42031436604140654,-0.3214830243106828
42,1,141,1,inner_oof,f2,0,0.43807241523580304,-0.24898876055944197
42,1,269,0,inner_oof,f2,0,0.33280330798232793,-0.6955332442767612
42,1,86,1,inner_oof,f2,0,0.471838655930622,-0.11276471642375435
42,1,67,0,inner_oof,f2,1,0.6382749444915444,0.5678847299145208
42,1,162,1,inner_oof,f2,1,0.6192419481792875,0.48633192693293437
42,1,246,0,inner_oof,f2,1,0.5793486965177309,0.32010030281029844
42,1,62,0,inner_oof,f3,1,0.5291153195649596,0.11659317930008262
42,1,1,1,inner_oof,f3,0,0.457143662342014,-0.17184701229235022
42,1,288,1,inner_oof,f3,1,0.6306794347521318,0.535132698704398
42,1,79,1,inner_oof,f3,0,0.48335575681829007,-0.06660158092237696
42,1,6,0,inner_oof,f3,1,0.6170862250548896,0.4771989298715166
42,1,157,0,inner_oof,f3,0,0.4561400695780063,-0.1758918003856281
42,1,241,1,inner_oof,f3,1,0.524936816455155,0.0998300925621197
42,1,278,0,inner_oof,f3,0,0.302796546948758,-0.8340161486125791
42,1,174,0,inner_oof,f3,0,0.2214384180310135,-1.2573035631132503
42,1,10,1,inner_oof,f3,0,0.45518932761608566,-0.17972490713390393
42,1,188,1,inner_oof,f3,1,0.557420040104413,0.23069791877346996
42,1,171,1,inner_oof,f3,0,0.35600498226454924,-0.5927462637595541
42,1,140,1,inner_oof,f3,1,0.5892567645793173,0.3608937337984555
42,1,109,0,inner_oof,f3,0,0.4043677576427061,-0.3872986784990828
42,1,146,1,inner_oof,f3,1,0.5023376613534515,0.00935071354550411
42,1,221,1,inner_oof,f3,1,0.7107332444103246,0.8989478836292966
42,1,281,0,inner_oof,f3,0,0.27269525452942583,-0.980990684015391
42,1,228,0,inner_oof,f3,0,0.3193137877999766,-0.7569271448008533
42,1,128,1,inner_oof,f3,1,0.5218965121613338,0.08764210485064156
42,1,48,0,inner_oof,f3,0,0.42327426043873134,-0.3093464933459128
42,1,56,1,inner_oof,f3,1,0.5530750245223166,0.21310292010201312
42,1,267,1,inner_oof,f3,0,0.31742807991199795,-0.7656166262146091
42,1,256,0,inner_oof,f3,1,0.5059798769139914,0.023920648201783475
42,1,17,0,inner_oof,f3,1,0.722665221642276,0.9577207117529208
42,1,113,0,inner_oof,f3,0,0.41907476621036194,-0.3265727195368032
42,1,242,1,inner_oof,f3,1,0.5195647340552476,0.07829891410474536
42,1,211,1,inner_oof,f3,1,0.599846711698792,0.4048264476227466
42,1,82,0,inner_oof,f3,1,0.5213077210557758,0.08528253576844348
42,1,41,1,inner_oof,f3,1,0.573328001336855,0.2954424160680721
42,1,95,0,inner_oof,f3,0,0.41409354399487924,-0.34706824546345666
42,1,204,1,inner_oof,f3,1,0.5148901372015935,0.05957816556514792
42,1,295,1,inner_oof,f3,1,0.5831482484800489,0.3357107929360592
42,1,191,0,inner_oof,f3,1,0.641801338326082,0.5831910605773515
42,1,244,1,inner_oof,f3,1,0.5383235529532481,0.15359546426716134
42,1,265,0,inner_oof,f3,0,0.45147442957698664,-0.19471516057683422
42,1,102,1,inner_oof,f3,0,0.33300876876728613,-0.6946080769833275
42,1,135,0,inner_oof,f3,1,0.5737751471834056,0.2972705593951608
42,1,45,0,inner_oof,f3,0,0.49676085038631546,-0.012956779715035735
42,1,309,0,inner_oof,f3,0,0.4244266539291529,-0.30462745904195604
42,1,120,1,inner_oof,f3,1,0.6272224321910786,0.5203193251927523
42,1,234,1,inner_oof,f3,1,0.526726368524243,0.10700746559876595
42,1,289,0,inner_oof,f3,0,0.4996115761773963,-0.0015536956029622677
42,1,112,1,inner_oof,f3,1,0.5187750068483432,0.07513535438611109
42,1,13,0,inner_oof,f3,0,0.4475096128327378,-0.21073801577359352
42,1,97,1,inner_oof,f3,1,0.57144730097223,0.28775855183954757
42,1,96,1,inner_oof,f3,0,0.47069803671648264,-0.1173423106530062
42,1,255,1,inner_oof,f3,0,0.3229430829596077,-0.7402792478683426
42,1,193,1,inner_oof,f3,1,0.5362003632248331,0.145055261535717
42,1,98,1,inner_oof,f3,0,0.47639163923657707,-0.09450371430693794
42,1,214,0,inner_oof,f3,0,0.24699043658368247,-1.1147283105456018
42,1,38,0,inner_oof,f3,1,0.5109450192535607,0.0437870717804608
42,1,192,0,inner_oof,f3,1,0.5498759065821549,0.20016932047395808
42,1,68,0,inner_oof,f3,1,0.522575479306869,0.09036335583022263
42,1,148,0,inner_oof,f3,1,0.5126270450681245,0.050518921901568245
42,1,99,0,inner_oof,f3,1,0.5489145412260086,0.1962859579248652
42,1,18,0,inner_oof,f3,0,0.36678067672669595,-0.5460527860824003
42,1,253,1,inner_oof,f3,1,0.6881921976753276,0.7916811762044835
42,1,261,0,inner_oof,f3,1,0.5174428371881808,0.06979967358805529
42,1,141,1,inner_oof,f3,1,0.6666198578693395,0.6929365483657743
42,1,269,0,inner_oof,f3,1,0.5579627811172473,0.2328981755003159
42,1,86,1,inner_oof,f3,1,0.5912682470121781,0.36921072087750395
42,1,67,0,inner_oof,f3,1,0.5517758998103205,0.2078486542584528
42,1,162,1,inner_oof,f3,1,0.55639227067968,0.22653288889066744
42,1,246,0,inner_oof,f3,1,0.5625254383786327,0.2514177975985016
42,1,62,0,inner_oof,f1_f2,0,0.4989599132349482,-0.004160353060998944
42,1,1,1,inner_oof,f1_f2,0,0.4128755686956476,-0.3520905146219009
42,1,288,1,inner_oof,f1_f2,0,0.3166211169062624,-0.7693435951970706
42,1,79,1,inner_oof,f1_f2,0,0.43401267957980905,-0.2654979265724676
42,1,6,0,inner_oof,f1_f2,0,0.38103894115269843,-0.48514078327379534
42,1,157,0,inner_oof,f1_f2,1,0.55740916155381,0.23065382313721683
42,1,241,1,inner_oof,f1_f2,0,0.4300729841070407,-0.2815533855709181
42,1,278,0,inner_oof,f1_f2,0,0.3600217485573182,-0.5752697513709005
42,1,174,0,inner_oof,f1_f2,1,0.5782625532578012,0.3156450536316957
42,1,10,1,inner_oof,f1_f2,0,0.33225881019401915,-0.6979864440486857
42,1,188,1,inner_oof,f1_f2,0,0.4673419470177631,-0.1308184563344978
42,1,171,1,inner_oof,f1_f2,0,0.34533451460012643,-0.6396108410634567
42,1,140,1,inner_oof,f1_f2,0,0.30331633487235354,-0.8315551853076366
42,1,109,0,inner_oof,f1_f2,1,0.5076321082870388,0.030530804483738537
42,1,146,1,inner_oof,f1_f2,0,0.43027882881046114,-0.280713630156679
42,1,221,1,inner_oof,f1_f2,1,0.640556638520331,0.5777809293211394
42,1,281,0,inner_oof,f1_f2,0,0.37601432816149905,-0.5065001568321817
42,1,228,0,inner_oof,f1_f2,0,0.42237775481109496,-0.31302003276991647
42,1,128,1,inner_oof,f1_f2,0,0.4982807009164108,-0.006877223439774382
42,1,48,0,inner_oof,f1_f2,0,0.28323967645130504,-0.9284480554665617
42,1,56,1,inner_oof,f1_f2,1,0.6115474224075543,0.45382140611496685
42,1,267,1,inner_oof,f1_f2,0,0.4515460414730153,-0.19442599336619437
42,1,256,0,inner_oof,f1_f2,1,0.52676219503586,0.10715118282407628
42,1,17,0,inner_oof,f1_f2,0,0.2674986866383529,-1.007350477313957
42,1,113,0,inner_oof,f1_f2,1,0.5325677417769025,0.1304556680641791
42,1,242,1,inner_oof,f1_f2,0,0.29638606746377033,-0.864566927993385
42,1,211,1,inner_oof,f1_f2,0,0.42342730257180466,-0.30871959237798713
42,1,82,0,inner_oof,f1_f2,0,0.4193329330382017,-0.3255123641228024
42,1,41,1,inner_oof,f1_f2,1,0.5151838539263335,0.06075409606243684
42,1,95,0,inner_oof,f1_f2,1,0.6576662566058213,0.6529114747451119
42,1,204,1,inner_oof,f1_f2,0,0.4491292975008349,-0.2041893079094975
42,1,295,1,inner_oof,f1_f2,0,0.3877576550435874,-0.45674764854439154
42,1,191,0,inner_oof,f1_f2,1,0.6344065904846915,0.5511682458710038
42,1,244,1,inner_oof,f1_f2,1,0.6927146277872601,0.8128412548617008
42,1,265,0,inner_oof,f1_f2,0,0.4877921314099378,-0.04884118110569431
42,1,102,1,inner_oof,f1_f2,0,0.4787114037870005,-0.08520589734102194
42,1,135,0,inner_oof,f1_f2,0,0.30465349739065034,-0.8252352295711394
42,1,45,0,inner_oof,f1_f2,0,0.35804308933915596,-0.5838678436463599
42,1,309,0,inner_oof,f1_f2,1,0.6703917767425985,0.7099575359698633
42,1,120,1,inner_oof,f1_f2,1,0.525518144477348,0.10216133957889866
42,1,234,1,inner_oof,f1_f2,1,0.5255630776578502,0.10234154250294349
42,1,289,0,inner_oof,f1_f2,0,0.44847048963248864,-0.20685246512804573
42,1,112,1,inner_oof,f1_f2,1,0.5383852434363287,0.15384368680062813
42,1,13,0,inner_oof,f1_f2,0,0.3988684711871779,-0.41018204413198833
42,1,97,1,inner_oof,f1_f2,0,0.47661307855971696,-0.09361599642459716
42,1,96,1,inner_oof,f1_f2,1,0.5397787586408112,0.1594520160493737
42,1,255,1,inner_oof,f1_f2,0,0.2910455812344089,-0.8903113435455883
42,1,193,1,inner_oof,f1_f2,1,0.6101188779667719,0.4478119427344338
42,1,98,1,inner_oof,f1_f2,0,0.45618237010086476,-0.1757212875010846
42,1,214,0,inner_oof,f1_f2,0,0.3032670465043472,-0.831788441368348
42,1,38,0,inner_oof,f1_f2,1,0.5290844302342208,0.11646920203996347
42,1,192,0,inner_oof,f1_f2,1,0.6568595241166365,0.6493302674898705
42,1,68,0,inner_oof,f1_f2,1,0.5527145632971384,0.21164475618584255
42,1,148,0,inner_oof,f1_f2,1,0.6596761877997539,0.6618515368790687
42,1,99,0,inner_oof,f1_f2,0,0.4298072629096845,-0.2826375565069552
42,1,18,0,inner_oof,f1_f2,1,0.6754129858931228,0.7327706862849908
42,1,253,1,inner_oof,f1_f2,1,0.5025644636675182,0.010257944618843773
42,1,261,0,inner_oof,f1_f2,0,0.4221077998529899,-0.31412661503935435
42,1,141,1,inner_oof,f1_f2,0,0.41780848783773505,-0.3317762878331786
42,1,269,0,inner_oof,f1_f2,0,0.3203894137236173,-0.7519827930573615
42,1,86,1,inner_oof,f1_f2,0,0.4835471752729793,-0.06583506744316114
42,1,67,0,inner_oof,f1_f2,1,0.6424892701050657,0.5861847410285616
42,1,162,1,inner_oof,f1_f2,1,0.6100458807802455,0.4475050795558036
42,1,246,0,inner_oof,f1_f2,1,0.6035514955673994,0.42028520778243095
42,1,62,0,inner_oof,f1_f3,1,0.5148995819338686,0.05961597805008319
42,1,1,1,inner_oof,f1_f3,1,0.5247191385724698,0.09895722878513469
42,1,288,1,inner_oof,f1_f3,1,0.6487356476162573,0.6134862304083593
42,1,79,1,inner_oof,f1_f3,0,0.48452187495062726,-0.06193228827433218
42,1,6,0,inner_oof,f1_f3,1,0.6182624030050309,0.4821795139638647
42,1,157,0,inner_oof,f1_f3,0,0.4717693865237507,-0.11304267798414962
42,1,241,1,inner_oof,f1_f3,1,0.5038351313707705,0.015340826336392208
42,1,278,0,inner_oof,f1_f3,0,0.3614513049370408,-0.5690706076225567
42,1,174,0,inner_oof,f1_f3,0,0.2462989958172941,-1.1184495151392473
42,1,10,1,inner_oof,f1_f3,0,0.44542915067670913,-0.21915636918584513
42,1,188,1,inner_oof,f1_f3,1,0.547906010327908,0.19221365826988182
42,1,171,1,inner_oof,f1_f3,0,0.3549918786653452,-0.597167995718317
42,1,140,1,inner_oof,f1_f3,1,0.6061530187932725,0.43116999916448373
42,1,109,0,inner_oof,f1_f3,0,0.4019009884958988,-0.39755055031336334
42,1,146,1,inner_oof,f1_f3,0,0.42301874517544374,-0.3103932857746115
42,1,221,1,inner_oof,f1_f3,1,0.7324144225760605,1.0069070740409671
42,1,281,0,inner_oof,f1_f3,0,0.2912695458180903,-0.8892261640546776
42,1,228,0,inner_oof,f1_f3,0,0.35342683887350074,-0.6040098549894035
42,1,128,1,inner_oof,f1_f3,1,0.5101278760121081,0.040517045975261956
42,1,48,0,inner_oof,f1_f3,0,0.4155129403548952,-0.34122088361424774
42,1,56,1,inner_oof,f1_f3,1,0.5941737778186205,0.38124678803746487
42,1,267,1,inner_oof,f1_f3,0,0.38314826716603867,-0.47620665687260577
42,1,256,0,inner_oof,f1_f3,1,0.5147916318526687,0.05918379672629785
42,1,17,0,inner_oof,f1_f3,1,0.6976742661960916,0.8362473016278331
42,1,113,0,inner_oof,f1_f3,0,0.43586893267345644,-0.2579450283552222
42,1,242,1,inner_oof,f1_f3,1,0.5496927821325007,0.19942948802422927
42,1,211,1,inner_oof,f1_f3,1,0.6115419758767905,0.4537984789316867
42,1,82,0,inner_oof,f1_f3,1,0.5444811241485165,0.17839611968722707
42,1,41,1,inner_oof,f1_f3,1,0.562763134867138,0.2523837462873141
42,1,95,0,inner_oof,f1_f3,0,0.37366515567500014,-0.5165250324753692
42,1,204,1,inner_oof,f1_f3,1,0.5424679422679929,0.1702820372689662
42,1,295,1,inner_oof,f1_f3,1,0.5464286762751825,0.18625125796788655
42,1,191,0,inner_oof,f1_f3,1,0.6192114133272664,0.486202423986541
42,1,244,1,inner_oof,f1_f3,0,0.49208025318879756,-0.031681636952729825
42,1,265,0,inner_oof,f1_f3,0,0.46774438723540845,-0.12920188348636313
42,1,102,1,inner_oof,f1_f3,0,0.2980917587445742,-0.8564013306606156
42,1,135,0,inner_oof,f1_f3,1,0.5203381212300309,0.08139739694727233
42,1,45,0,inner_oof,f1_f3,1,0.5176283598589481,0.07054267816704705
42,1,309,0,inner_oof,f1_f3,0,0.49860974522952184,-0.00556103341315789
42,1,120,1,inner_oof,f1_f3,1,0.5745284751101933,0.3003516368452881
42,1,234,1,inner_oof,f1_f3,1,0.51032698974371,0.04131383428966953
42,1,289,0,inner_oof,f1_f3,1,0.5174815198730764,0.0699545932849294
42,1,112,1,inner_oof,f1_f3,0,0.489452017165687,-0.042198192038197774
42,1,13,0,inner_oof,f1_f3,0,0.4104684255855455,-0.36202927092230586
42,1,97,1,inner_oof,f1_f3,1,0.5963937500818853,0.3904613296430385
42,1,96,1,inner_oof,f1_f3,1,0.5280950557555614,0.11249872135153824
42,1,255,1,inner_oof,f1_f3,0,0.3274297047796003,-0.7198332440799861
42,1,193,1,inner_oof,f1_f3,1,0.5472441438741209,0.18954200409073324
42,1,98,1,inner_oof,f1_f3,0,0.48238738744448934,-0.07047961062806717
42,1,214,0,inner_oof,f1_f3,0,0.23227122206866227,-1.1955307675511446
42,1,38,0,inner_oof,f1_f3,0,0.47035004815736714,-0.1187391193153073
42,1,192,0,inner_oof,f1_f3,1,0.5591018973909837,0.2375179527742033
42,1,68,0,inner_oof,f1_f3,1,0.5718541502856934,0.2894200689550435
42,1,148,0,inner_oof,f1_f3,0,0.45215234918013664,-0.19197806009343626
42,1,99,0,inner_oof,f1_f3,1,0.5741514357501158,0.29880938678358826
42,1,18,0,inner_oof,f1_f3,0,0.40021068479128685,-0.4045873318106528
42,1,253,1,inner_oof,f1_f3,1,0.6672468020002015,0.6957589274197906
42,1,261,0,inner_oof,f1_f3,1,0.5249237486701516,0.0997776911482078
42,1,141,1,inner_oof,f1_f3,1,0.627589313167668,0.521888750441172
42,1,269,0,inner_oof,f1_f3,1,0.524705227646758,0.0989014488247828
42,1,86,1,inner_oof,f1_f3,1,0.6308328541110303,0.5357914256082884
42,1,67,0,inner_oof,f1_f3,1,0.568471958756221,0.2756194930937628
42,1,162,1,inner_oof,f1_f3,1,0.533694931285179,0.13498431215618434
42,1,246,0,inner_oof,f1_f3,1,0.6354702776435279,0.555757228561581
42,1,62,0,inner_oof,f2_f3,1,0.5410206603385772,0.16445226986626676
42,1,1,1,inner_oof,f2_f3,0,0.3434147859543667,-0.6481134807837237
42,1,288,1,inner_oof,f2_f3,0,0.4406801248945668,-0.23840226499035633
42,1,79,1,inner_oof,f2_f3,0,0.4159593041735193,-0.33938323606477516
42,1,6,0,inner_oof,f2_f3,1,0.5069255070486732,0.027703799948809726
42,1,157,0,inner_oof,f2_f3,1,0.5114976390209813,0.04599866499532013
42,1,241,1,inner_oof,f2_f3,0,0.46531736039112814,-0.1389537056342653
42,1,278,0,inner_oof,f2_f3,0,0.16586169636876594,-1.6152449336168289
42,1,174,0,inner_oof,f2_f3,0,0.2521279458726132,-1.0872952323307317
42,1,10,1,inner_oof,f2_f3,0,0.28738691264846206,-0.9081091830917789
42,1,188,1,inner_oof,f2_f3,1,0.5371265570852881,0.1487800657315781
42,1,171,1,inner_oof,f2_f3,0,0.2115485751028105,-1.3156161584299282
42,1,140,1,inner_oof,f2_f3,0,0.37891994535505047,-0.49413502930176045
42,1,109,0,inner_oof,f2_f3,0,0.407791629432292,-0.373102218494317
42,1,146,1,inner_oof,f2_f3,0,0.46271116114463384,-0.14943280747380905
42,1,221,1,inner_oof,f2_f3,1,0.8300993747809066,1.586331713680286
42,1,281,0,inner_oof,f2_f3,0,0.1625682857880175,-1.6392415913698155
42,1,228,0,inner_oof,f2_f3,0,0.22992713798142303,-1.2087226690200366
42,1,128,1,inner_oof,f2_f3,1,0.5314220219442661,0.1258539440543505
42,1,48,0,inner_oof,f2_f3,0,0.21424920762817887,-1.2994998249850647
42,1,56,1,inner_oof,f2_f3,1,0.6623448234157433,0.673761114501217
42,1,267,1,inner_oof,f2_f3,0,0.24167526046411128,-1.1435167840771272
42,1,256,0,inner_oof,f2_f3,1,0.5363763399712241,0.14576289590634822
42,1,17,0,inner_oof,f2_f3,1,0.5126405408912564,0.05057293968179977
42,1,113,0,inner_oof,f2_f3,0,0.44291264533955244,-0.22934949650872677
42,1,242,1,inner_oof,f2_f3,0,0.2971851815044432,-0.8607379897781724
42,1,211,1,inner_oof,f2_f3,1,0.5296960232819894,0.11892405641110215
42,1,82,0,inner_oof,f2_f3,0,0.43322090966664106,-0.2687218345139872
42,1,41,1,inner_oof,f2_f3,1,0.6049076989234656,0.42595647141376464
42,1,95,0,inner_oof,f2_f3,1,0.5971883726985074,0.3937635691629184
42,1,204,1,inner_oof,f2_f3,0,0.45645440270854004,-0.1746247881941489
42,1,295,1,inner_oof,f2_f3,0,0.48993534626502083,-0.04026405371178393
42,1,191,0,inner_oof,f2_f3,1,0.7835120046139794,1.2862512861160673
42,1,244,1,inner_oof,f2_f3,1,0.7545917764328111,1.1232538669710497
42,1,265,0,inner_oof,f2_f3,0,0.4320998659935548,-0.27328885004221926
42,1,102,1,inner_oof,f2_f3,0,0.31457327284096975,-0.7788245726491767
42,1,135,0,inner_oof,f2_f3,0,0.38937763288169136,-0.44992905967227226
42,1,45,0,inner_oof,f2_f3,0,0.34329363075114777,-0.6486508447412745
42,1,309,0,inner_oof,f2_f3,1,0.5805158636213151,0.3248914186308005
42,1,120,1,inner_oof,f2_f3,1,0.6867982475722435,0.7851930180997732
42,1,234,1,inner_oof,f2_f3,1,0.5672150782085048,0.2704976702668271
42,1,289,0,inner_oof,f2_f3,0,0.4426894065031436,-0.2302542928407505
42,1,112,1,inner_oof,f2_f3,1,0.5767738016225649,0.30954338067192827
42,1,13,0,inner_oof,f2_f3,0,0.3557358484821013,-0.5939203583817715
42,1,97,1,inner_oof,f2_f3,1,0.5494013135923322,0.1982520518295619
42,1,96,1,inner_oof,f2_f3,0,0.4930042033120363,-0.027985013006284268
42,1,255,1,inner_oof,f2_f3,0,0.14743477381794778,-1.7548638513094725
42,1,193,1,inner_oof,f2_f3,1,0.654469402211087,0.6387436342081317
42,1,98,1,inner_oof,f2_f3,0,0.42997423789040573,-0.2819562614807133
42,1,214,0,inner_oof,f2_f3,0,0.11222053630866224,-2.068257351054715
42,1,38,0,inner_oof,f2_f3,1,0.5627039525728079,0.2521432309191673
42,1,192,0,inner_oof,f2_f3,1,0.7143954514781458,0.9168285060945526
42,1,68,0,inner_oof,f2_f3,1,0.5667759611971737,0.2687090906576958
42,1,148,0,inner_oof,f2_f3,1,0.7047846334506475,0.8701871255972206
42,1,99,0,inner_oof,f2_f3,0,0.47403411934592826,-0.10395704411019135
42,1,18,0,inner_oof,f2_f3,1,0.5353731783482468,0.14172948405594743
42,1,253,1,inner_oof,f2_f3,1,0.7192093926950703,0.9405433211695425
42,1,261,0,inner_oof,f2_f3,0,0.4378404560441009,-0.2499311072360157
42,1,141,1,inner_oof,f2_f3,1,0.621441301904127,0.49567031895206537
42,1,269,0,inner_oof,f2_f3,0,0.38368253649384126,-0.47394671083523265
42,1,86,1,inner_oof,f2_f3,1,0.5729200374170073,0.2937748945221068
42,1,67,0,inner_oof,f2_f3,1,0.6998631267428606,0.8466461679008747
42,1,162,1,inner_oof,f2_f3,1,0.6856168856924094,0.7797066446135371
42,1,246,0,inner_oof,f2_f3,1,0.6522866349601469,0.6291056127936793
42,1,62,0,inner_oof,f1_f2_f3,1,0.5255293031726246,0.10220609097507044
42,1,1,1,inner_oof,f1_f2_f3,0,0.41213642679399276,-0.3551404750888494
42,1,288,1,inner_oof,f1_f2_f3,0,0.4598421986483056,-0.16097793738181998
42,1,79,1,inner_oof,f1_f2_f3,0,0.4164441561036615,-0.3373877785618963
42,1,6,0,inner_oof,f1_f2_f3,1,0.5069998220900805,0.028001117769310135
42,1,157,0,inner_oof,f1_f2_f3,1,0.5294241263059977,0.11783265381815611
42,1,241,1,inner_oof,f1_f2_f3,0,0.44155979140528456,-0.23483411690546396
42,1,278,0,inner_oof,f1_f2_f3,0,0.20878711641885592,-1.3322519126419632
42,1,174,0,inner_oof,f1_f2_f3,0,0.28246043517665065,-0.9322896004182191
42,1,10,1,inner_oof,f1_f2_f3,0,0.2768815351237883,-0.959983316894092
42,1,188,1,inner_oof,f1_f2_f3,1,0.5263299527799513,0.10541732633791222
42,1,171,1,inner_oof,f1_f2_f3,0,0.20935136572239732,-1.3288396485504799
42,1,140,1,inner_oof,f1_f2_f3,0,0.3949493536036998,-0.42655462962324736
42,1,109,0,inner_oof,f1_f2_f3,0,0.40510524288583116,-0.3842376187746099
42,1,146,1,inner_oof,f1_f2_f3,0,0.37667585488919636,-0.5036816643560291
42,1,221,1,inner_oof,f1_f2_f3,1,0.8472589002413865,1.7132619856557656
42,1,281,0,inner_oof,f1_f2_f3,0,0.17570756534036086,-1.5457043108309447
42,1,228,0,inner_oof,f1_f2_f3,0,0.2601095253808142,-1.0453993741939787
42,1,128,1,inner_oof,f1_f2_f3,1,0.5185802256805494,0.07435514098478088
42,1,48,0,inner_oof,f1_f2_f3,0,0.2065138758352414,-1.3460684474670281
42,1,56,1,inner_oof,f1_f2_f3,1,0.7035805101629278,0.8644066658673979
42,1,267,1,inner_oof,f1_f2_f3,0,0.303877557871857,-0.8289007173455907
42,1,256,0,inner_oof,f1_f2_f3,1,0.5463754662067422,0.18603656865887003
42,1,17,0,inner_oof,f1_f2_f3,0,0.4765694424893584,-0.09379092412603274
42,1,113,0,inner_oof,f1_f2_f3,0,0.4619272050842557,-0.15258654362910573
42,1,242,1,inner_oof,f1_f2_f3,0,0.3234246868683364,-0.7380774894000202
42,1,211,1,inner_oof,f1_f2_f3,1,0.5422980248562607,0.16959744866183674
42,1,82,0,inner_oof,f1_f2_f3,0,0.45755657449551235,-0.17018325802244702
42,1,41,1,inner_oof,f1_f2_f3,1,0.5938744887542697,0.38000574581567387
42,1,95,0,inner_oof,f1_f2_f3,1,0.5536796988629745,0.2155495004025938
42,1,204,1,inner_oof,f1_f2_f3,0,0.48617483812606177,-0.0553147471572889
42,1,295,1,inner_oof,f1_f2_f3,0,0.4478557943720486,-0.2093379612032748
42,1,191,0,inner_oof,f1_f2_f3,1,0.7662889326981742,1.1874736980545937
42,1,244,1,inner_oof,f1_f2_f3,1,0.7171252319552689,0.9302462024123865
42,1,265,0,inner_oof,f1_f2_f3,0,0.44967369514315647,-0.2019891860302662
42,1,102,1,inner_oof,f1_f2_f3,0,0.2772543000298975,-0.958122295652918
42,1,135,0,inner_oof,f1_f2_f3,0,0.33259075406843686,-0.6964906524595886
42,1,45,0,inner_oof,f1_f2_f3,0,0.36263109296282453,-0.5639625751866842
42,1,309,0,inner_oof,f1_f2_f3,1,0.659661796103748,0.6617874329887743
42,1,120,1,inner_oof,f1_f2_f3,1,0.6331627265853222,0.5458091080866152
42,1,234,1,inner_oof,f1_f2_f3,1,0.5498290728485721,0.1999801045280744
42,1,289,0,inner_oof,f1_f2_f3,0,0.4615557303293993,-0.15408119368749568
42,1,112,1,inner_oof,f1_f2_f3,1,0.5456050548983532,0.18292862832045548
42,1,13,0,inner_oof,f1_f2_f3,0,0.31754080634012816,-0.7650964017821333
42,1,97,1,inner_oof,f1_f2_f3,1,0.5769865231572476,0.3104148708016839
42,1,96,1,inner_oof,f1_f2_f3,1,0.5563527672945926,0.2263728409093443
42,1,255,1,inner_oof,f1_f2_f3,0,0.14879945402594466,-1.7440483067922818
42,1,193,1,inner_oof,f1_f2_f3,1,0.6667403081987235,0.6934785857611245
42,1,98,1,inner_oof,f1_f2_f3,0,0.43594326914209053,-0.2576427148305147
42,1,214,0,inner_oof,f1_f2_f3,0,0.10263070230338155,-2.168330349754555
42,1,38,0,inner_oof,f1_f2_f3,1,0.5188453739785357,0.07541722183238739
42,1,192,0,inner_oof,f1_f2_f3,1,0.7243757158537525,0.9662715533340271
42,1,68,0,inner_oof,f1_f2_f3,1,0.6201453174747137,0.49016506842520524
42,1,148,0,inner_oof,f1_f2_f3,1,0.6484836179449687,0.6123804256845209
42,1,99,0,inner_oof,f1_f2_f3,1,0.5013934609538225,0.005573858245916052
42,1,18,0,inner_oof,f1_f2_f3,1,0.5758094970109192,0.30559421780547047
42,1,253,1,inner_oof,f1_f2_f3,1,0.6977358891956179,0.8365394746407859
42,1,261,0,inner_oof,f1_f2_f3,0,0.4450767070685352,-0.2205832505139127
42,1,141,1,inner_oof,f1_f2_f3,1,0.5756317625240023,0.30486659215153944
42,1,269,0,inner_oof,f1_f2_f3,0,0.3475559399329495,-0.6297997735501116
42,1,86,1,inner_oof,f1_f2_f3,1,0.6169222606489811,0.4765050768697017
42,1,67,0,inner_oof,f1_f2_f3,1,0.7168156317533654,0.9287205056876402
42,1,162,1,inner_oof,f1_f2_f3,1,0.6648968705787389,0.6851936133249701
42,1,246,0,inner_oof,f1_f2_f3,1,0.7249010847937203,0.9689044861270897
42,2,238,0,in_sample,f1,0,0.42888743076616026,-0.28639184889405656
42,2,11,1,in_sample,f1,1,0.569989723840606,0.28180922586911233
42,2,161,1,in_sample,f1,1,0.5128904411083987,0.051573192567125184
42,2,200,1,in_sample,f1,1,0.5942533169391468,0.38157665642148614
42,2,139,0,in_sample,f1,0,0.4190676235193611,-0.3266020589309095
42,2,220,1,in_sample,f1,1,0.624280413876145,0.5077565650687285
42,2,302,1,in_sample,f1,1,0.5322266701998205,0.12908562984871097
42,2,208,0,in_sample,f1,1,0.5761085486313793,0.306818683893483
42,2,165,1,in_sample,f1,1,0.6092507623685951,0.44416392556721523
42,2,235,0,in_sample,f1,1,0.5680107449290586,0.2737396202570339
42,2,190,0,in_sample,f1,1,0.6683693345359814,0.7008190204986489
42,2,78,1,in_sample,f1,1,0.5612070294151127,0.24606216519667828
42,2,183,0,in_sample,f1,0,0.25732883453384126,-1.0598985911677934
42,2,7,1,in_sample,f1,0,0.3612791029703192,-0.5698167800625051
42,2,216,1,in_sample,f1,0,0.34725084505405784,-0.6311454977799197
42,2,301,1,in_sample,f1,1,0.581582963634866,0.3292750037414582
42,2,110,1,in_sample,f1,0,0.31764460536570116,-0.7646174639989222
42,2,4,0,in_sample,f1,0,0.36921141573904837,-0.5356013353310866
42,2,5,1,in_sample,f1,0,0.45768418158393914,-0.1696691361477781
42,2,205,1,in_sample,f1,0,0.43711162437241824,-0.25289274556630115
42,2,254,0,in_sample,f1,0,0.37848045589912654,-0.4960029212441166
42,2,182,0,in_sample,f1,1,0.5207235763238723,0.08294182139657222
42,2,223,1,in_sample,f1,1,0.5656685653277278,0.2642004160524767
42,2,274,1,in_sample,f1,0,0.33620166916145106,-0.6802671989785765
42,2,83,1,in_sample,f1,1,0.6001289291712832,0.4060023418618914
42,2,36,1,in_sample,f1,1,0.5810471590558483,0.32707356018691813
42,2,50,1,in_sample,f1,0,0.4603945440283154,-0.15875440914920003
42,2,8,0,in_sample,f1,1,0.6554178545072562,0.6429404675625401
42,2,23,0,in_sample,f1,1,0.5980822623868559,0.3974808721338537
42,2,310,0,in_sample,f1,0,0.4045369446412333,-0.38659628074864716
42,2,0,0,in_sample,f1,1,0.6509864468869946,0.623378067494778
42,2,226,1,in_sample,f1,0,0.4591753393386196,-0.16366298399209353
42,2,206,1,in_sample,f1,0,0.49141548316648503,-0.0343414419404047
42,2,22,1,in_sample,f1,1,0.501420050975757,0.005680219175616254
42,2,58,1,in_sample,f1,1,0.5004089506379191,0.00163580291643994
42,2,287,1,in_sample,f1,0,0.45016767363729815,-0.19999324914208497
42,2,197,1,in_sample,f1,0,0.46917190773500855,-0.12346898314596272
42,2,294,0,in_sample,f1,1,0.5356304141761177,0.14276364110395864
42,2,25,0,in_sample,f1,0,0.47506472926508986,-0.09982389426457905
42,2,9,0,in_sample,f1,1,0.6249589412915468,0.5106504437788965
42,2,126,0,in_sample,f1,1,0.5518485142285583,0.20814226472678435
42,2,104,1,in_sample,f1,0,0.3486219644985401,-0.6251020345206737
42,2,116,1,in_sample,f1,1,0.511773203985241,0.04710152211290279
42,2,314,0,in_sample,f1,1,0.5139390646936011,0.055770709917850464
42,2,52,0,in_sample,f1,0,0.49161840748318564,-0.0335295109490295
42,2,172,0,in_sample,f1,0,0.4144720008547273,-0.3455085797193218
42,2,189,0,in_sample,f1,1,0.5493317444810906,0.19797103598071744
42,2,308,0,in_sample,f1,0,0.3411407088645692,-0.6582149648023194
42,2,167,0,in_sample,f1,0,0.3660935275611052,-0.549012583201562
42,2,306,0,in_sample,f1,0,0.47383816143545837,-0.10474301147065058
42,2,103,0,in_sample,f1,0,0.42704594832151477,-0.29391390970693093
42,2,202,0,in_sample,f1,1,0.5210099024110867,0.08408912401475116
42,2,122,1,in_sample,f1,0,0.4320741226091925,-0.27339375901441215
42,2,290,0,in_sample,f1,1,0.5277415282286442,0.1110801885902411
42,2,201,0,in_sample,f1,1,0.5108074179731346,0.04323640609760484
42,2,224,1,in_sample,f1,1,0.5531014290386839,0.21320974242245255
42,2,163,1,in_sample,f1,1,0.5154543422443424,0.06183706594379741
42,2,307,0,in_sample,f1,0,0.39145201672019947,-0.441212819075401
42,2,260,0,in_sample,f1,0,0.262865681801,-1.031126939382048
42,2,54,0,in_sample,f1,0,0.4564910507454961,-0.17447707661492884
42,2,160,0,in_sample,f1,1,0.5538925227804553,0.21641076242322577
42,2,298,1,in_sample,f1,1,0.6245458638540106,0.5088884448000857
42,2,248,1,in_sample,f1,1,0.5747220065874721,0.3011433998452243
42,2,137,1,in_sample,f1,1,0.5081747106820632,0.03270175670151278
42,2,238,0,in_sample,f2,1,0.8518889415323055,1.749493780608274
42,2,11,1,in_sample,f2,0,0.32906014484784424,-0.7124389531625596
42,2,161,1,in_sample,f2,1,0.6205855427096066,0.4920342936340223
42,2,200,1,in_sample,f2,1,0.5643708747329101,0.25892036346460284
42,2,139,0,in_sample,f2,0,0.37346388809940817,-0.517385098621805
42,2,220,1,in_sample,f2,1,0.5943505823106314,0.381980067829887
42,2,302,1,in_sample,f2,1,0.6818839565475584,0.7624432589447742
42,2,208,0,in_sample,f2,0,0.2315502336434435,-1.1995783530409407
42,2,165,1,in_sample,f2,1,0.5728223664015347,0.29337573190627936
42,2,235,0,in_sample,f2,0,0.09435475556507968,-2.2615859929387154
42,2,190,0,in_sample,f2,1,0.8862409160197359,2.0529059140769537
42,2,78,1,in_sample,f2,1,0.637601350711156,0.5649683988700918
42,2,183,0,in_sample,f2,0,0.13308719833732208,-1.8739338569500907
42,2,7,1,in_sample,f2,0,0.007581327350681016,-4.8744567707379085
42,2,216,1,in_sample,f2,0,0.4913056059047016,-0.034781082248655726
42,2,301,1,in_sample,f2,0,0.41063193118213703,-0.36135362440675406
42,2,110,1,in_sample,f2,1,0.5500410841284448,0.20083669331884993
42,2,4,0,in_sample,f2,0,0.44758533593423805,-0.21043175292294047
42,2,5,1,in_sample,f2,0,0.06683015506578628,-2.6364328241875503
42,2,205,1,in_sample,f2,0,0.39320908429558693,-0.4338427850344287
42,2,254,0,in_sample,f2,1,0.6468684723272409,0.605302398139662
42,2,182,0,in_sample,f2,0,0.05616009022075022,-2.821750198454625
42,2,223,1,in_sample,f2,1,0.9785582690091903,3.82074126492747
42,2,274,1,in_sample,f2,1,0.8259396558523623,1.5571196704458434
42,2,83,1,in_sample,f2,1,0.9358279368162818,2.6798636683035593
42,2,36,1,in_sample,f2,0,0.16795069018812753,-1.6002212801302382
42,2,50,1,in_sample,f2,0,0.4150842692985114,-0.34298622860499034
42,2,8,0,in_sample,f2,1,0.8248977754926624,1.5498895267415869
42,2,23,0,in_sample,f2,1,0.8035678324720799,1.4087444345687923
42,2,310,0,in_sample,f2,0,0.08074027533945259,-2.4323311734149398
42,2,0,0,in_sample,f2,0,0.23980641473515146,-1.153741125708419
42,2,226,1,in_sample,f2,0,0.32210749797040944,-0.7441033893316998
42,2,206,1,in_sample,f2,1,0.5294004711387319,0.11773770459311317
42,2,22,1,in_sample,f2,0,0.2834463042381027,-0.9274304840188903
42,2,58,1,in_sample,f2,1,0.8715033436185671,1.9143168179587935
42,2,287,1,in_sample,f2,0,0.25464656184693346,-1.0739819677544544
42,2,197,1,in_sample,f2,0,0.12483428593719256,-1.9474261106608208
42,2,294,0,in_sample,f2,0,0.11171334674101242,-2.0733583123019796
42,2,25,0,in_sample,f2,0,0.2872958760761421,-0.9085537490163578
42,2,9,0,in_sample,f2,1,0.5392450615787832,0.15730381256806228
42,2,126,0,in_sample,f2,0,0.2979382922562465,-0.8571349108342466
42,2,104,1,in_sample,f2,0,0.3036911370324041,-0.8297821422019603
42,2,116,1,in_sample,f2,0,0.2346818865308658,-1.1820606592288323
42,2,314,0,in_sample,f2,1,0.65021812158255,0.6199981225743344
42,2,52,0,in_sample,f2,0,0.46446457413695325,-0.14238175375268802
42,2,172,0,in_sample,f2,1,0.8419685140553419,1.6729483280051185
42,2,189,0,in_sample,f2,0,0.31717502888882493,-0.7667847987764819
42,2,308,0,in_sample,f2,0,0.33556860775003194,-0.6831051961000415
42,2,167,0,in_sample,f2,0,0.48132585119575616,-0.0747313556246125
42,2,306,0,in_sample,f2,1,0.5639785892955578,0.2573249392719565
42,2,103,0,in_sample,f2,1,0.6411173951905799,0.5802172550667137
42,2,202,0,in_sample,f2,0,0.11312996825838223,-2.059161126554093
42,2,122,1,in_sample,f2,1,0.6728221824238717,0.720977270687751
42,2,290,0,in_sample,f2,0,0.3400372150931399,-0.6631283791493221
42,2,201,0,in_sample,f2,0,0.2741140764677102,-0.9738485151406854
42,2,224,1,in_sample,f2,1,0.512091885885423,0.048376976182225
42,2,163,1,in_sample,f2,0,0.1355842162105834,-1.8524609151828226
42,2,307,0,in_sample,f2,1,0.5481254279424596,0.1930994979896257
42,2,260,0,in_sample,f2,0,0.08431657689079383,-2.3850922096557508
42,2,54,0,in_sample,f2,1,0.675893112348628,0.734961584167756
42,2,160,0,in_sample,f2,1,0.8235676456435218,1.540708148842803
42,2,298,1,in_sample,f2,0,0.2813831850112485,-0.9376108859185809
42,2,248,1,in_sample,f2,1,0.7457766640559867,1.076213021387676
42,2,137,1,in_sample,f2,1,0.6861511935668912,0.7821866404560432
42,2,238,0,in_sample,f3,1,0.7356032813853594,1.0232402563340104
42,2,11,1,in_sample,f3,0,0.04003604729953808,-3.1771155037052945
42,2,161,1,in_sample,f3,1,0.5916838579455982,0.3709307361688186
42,2,200,1,in_sample,f3,1,0.8474563058464911,1.714788207354081
42,2,139,0,in_sample,f3,0,0.2756706356265406,-0.9660394081774716
42,2,220,1,in_sample,f3,1,0.571902887736333,0.2896191326246854
42,2,302,1,in_sample,f3,1,0.7568582121927424,1.1355311715430627
42,2,208,0,in_sample,f3,0,0.14295226909105033,-1.7909828204278146
42,2,165,1,in_sample,f3,1,0.7957243725813615,1.3597826635721106
42,2,235,0,in_sample,f3,1,0.7123397882909717,0.9067750651742288
42,2,190,0,in_sample,f3,1,0.6905118894072824,0.8025135147483788
42,2,78,1,in_sample,f3,1,0.755754696056881,1.1295437831080113
42,2,183,0,in_sample,f3,0,0.31982746597909384,-0.7545648109136923
42,2,7,1,in_sample,f3,0,0.24588040694420696,-1.1207056998207916
42,2,216,1,in_sample,f3,0,0.18869418140441646,-1.45851745458175
42,2,301,1,in_sample,f3,1,0.5270289086553905,0.1082211332109442
42,2,110,1,in_sample,f3,0,0.02179404029645708,-3.8040836890839773
42,2,4,0,in_sample,f3,0,0.31891041444049034,-0.7587836166424633
42,2,5,1,in_sample,f3,1,0.5218600501236673,0.0874959769180013
42,2,205,1,in_sample,f3,0,0.4173512244089591,-0.3336564295060195
42,2,254,0,in_sample,f3,1,0.524790708078299,0.09924421026510016
42,2,182,0,in_sample,f3,0,0.2594317405908701,-1.048924183655119
42,2,223,1,in_sample,f3,1,0.9080630315359202,2.290210577330128
42,2,274,1,in_sample,f3,0,0.4958611609378058,-0.016555734388412062
42,2,83,1,in_sample,f3,1,0.5862674523739408,0.34855634398775104
42,2,36,1,in_sample,f3,1,0.8844569561895682,2.03533071362799
42,2,50,1,in_sample,f3,1,0.8678398597472858,1.881992833254328
42,2,8,0,in_sample,f3,1,0.540713223172383,0.16321425066364445
42,2,23,0,in_sample,f3,1,0.9066486702792067,2.2733849071170575
42,2,310,0,in_sample,f3,0,0.418581511799326,-0.3285991447813347
42,2,0,0,in_sample,f3,0,0.13954576469564808,-1.8190678206006061
42,2,226,1,in_sample,f3,1,0.6223234074001276,0.4994216509282243
42,2,206,1,in_sample,f3,1,0.6237902224940854,0.5056672232374015
42,2,22,1,in_sample,f3,1,0.6254668561259736,0.5128180399873421
42,2,58,1,in_sample,f3,1,0.8099520683389472,1.4496987587798347
42,2,287,1,in_sample,f3,1,0.8320020409352539,1.5998830629600436
42,2,197,1,in_sample,f3,1,0.8300692324536642,1.586118005532648
42,2,294,0,in_sample,f3,1,0.5619443100272816,0.24905670415505454
42,2,25,0,in_sample,f3,0,0.1694889322228344,-1.5892536275395943
42,2,9,0,in_sample,f3,0,0.45830229030489034,-0.1671791257650275
42,2,126,0,in_sample,f3,1,0.5522415397243225,0.20973158668438585
42,2,104,1,in_sample,f3,0,0.42864184451386955,-0.2873945465900342
42,2,116,1,in_sample,f3,1,0.6091657319725384,0.4438067653820962
42,2,314,0,in_sample,f3,0,0.3022925731390271,-0.8364045220317325
42,2,52,0,in_sample,f3,0,0.428550904678055,-0.2877658788514485
42,2,172,0,in_sample,f3,1,0.6950518674368636,0.8238447672097087
42,2,189,0,in_sample,f3,0,0.30729615695351903,-0.8127905897242622
42,2,308,0,in_sample,f3,0,0.31730013655908845,-0.7662071954287274
42,2,167,0,in_sample,f3,1,0.8019583308540579,1.398579191190629
42,2,306,0,in_sample,f3,1,0.7928952843113041,1.342466624619612
42,2,103,0,in_sample,f3,0,0.2984527843836147,-0.854676459877361
42,2,202,0,in_sample,f3,0,0.23783410726302612,-1.164590836668129
42,2,122,1,in_sample,f3,1,0.5196642284768281,0.07869750518879454
42,2,290,0,in_sample,f3,1,0.5858272348444975,0.346741731108456
42,2,201,0,in_sample,f3,0,0.159688489288428,-1.6605476936447343
42,2,224,1,in_sample,f3,1,0.5961302712554598,0.38936684675390537
42,2,163,1,in_sample,f3,0,0.4563226626288071,-0.1751557882801167
42,2,307,0,in_sample,f3,0,0.4667244508924097,-0.13329922565606434
42,2,260,0,in_sample,f3,0,0.3593043308676871,-0.5783848213622139
42,2,54,0,in_sample,f3,0,0.2208351575539428,-1.260806101466513
42,2,160,0,in_sample,f3,0,0.1765466526,-1.5399217342772644
42,2,298,1,in_sample,f3,1,0.504837765407303,0.0193516655187934
42,2,248,1,in_sample,f3,1,0.7429523442060285,1.0613704041549865
42,2,137,1,in_sample,f3,0,0.22754805907216727,-1.2222083296954604
42,2,238,0,in_sample,f1_f2,1,0.821704595042814,1.5279392039141406
42,2,11,1,in_sample,f1_f2,0,0.37834038843972906,-0.496598405716955
42,2,161,1,in_sample,f1_f2,1,0.6285494527255795,0.5259989697240662
42,2,200,1,in_sample,f1_f2,1,0.6271626558784,0.520063676458801
42,2,139,0,in_sample,f1_f2,0,0.3284694825451361,-0.7151155274211191
42,2,220,1,in_sample,f1_f2,1,0.6737567160388095,0.7252257174547326
42,2,302,1,in_sample,f1_f2,1,0.6989855784752126,0.8424719347253051
42,2,208,0,in_sample,f1_f2,0,0.277682551024242,-0.9559861638513156
42,2,165,1,in_sample,f1_f2,1,0.6447039122273633,0.595839668676699
42,2,235,0,in_sample,f1_f2,0,0.11749067146436935,-2.016410420690285
42,2,190,0,in_sample,f1_f2,1,0.9233318928249663,2.488502941076553
42,2,78,1,in_sample,f1_f2,1,0.6743886891054732,0.7281022626133927
42,2,183,0,in_sample,f1_f2,0,0.07348078484739266,-2.5344108436245527
42,2,7,1,in_sample,f1_f2,0,0.005835209169045022,-5.137992866055383
42,2,216,1,in_sample,f1_f2,0,0.3897970978257376,-0.4481651866194274
42,2,301,1,in_sample,f1_f2,0,0.4696703683405,-0.12146765505394516
42,2,110,1,in_sample,f1_f2,0,0.4236999988506518,-0.30760270551711066
42,2,4,0,in_sample,f1_f2,0,0.3645626730414109,-0.555614986548068
42,2,5,1,in_sample,f1_f2,0,0.06409992643019882,-2.681065495580663
42,2,205,1,in_sample,f1_f2,0,0.35804171451114397,-0.5838738251113743
42,2,254,0,in_sample,f1_f2,1,0.5667115419808423,0.26844673896994925
42,2,182,0,in_sample,f1_f2,0,0.06342758425996545,-2.6923279950448973
42,2,223,1,in_sample,f1_f2,1,0.9806023630295477,3.9230157859899086
42,2,274,1,in_sample,f1_f2,1,0.7455421538671295,1.0749764888127027
42,2,83,1,in_sample,f1_f2,1,0.9479999424369603,2.903109615972167
42,2,36,1,in_sample,f1_f2,0,0.20849582296343805,-1.3340161493851967
42,2,50,1,in_sample,f1_f2,0,0.39371037906682255,-0.4317422337481349
42,2,8,0,in_sample,f1_f2,1,0.8762997791072606,1.9578471808772577
42,2,23,0,in_sample,f1_f2,1,0.8395363922294794,1.6547826514670128
42,2,310,0,in_sample,f1_f2,0,0.06739312968188978,-2.627440671970868
42,2,0,0,in_sample,f1_f2,0,0.3321954944873201,-0.6982718398500877
42,2,226,1,in_sample,f1_f2,0,0.3042459542785162,-0.8271597808758059
42,2,206,1,in_sample,f1_f2,1,0.5255573542987024,0.10231858908221114
42,2,22,1,in_sample,f1_f2,0,0.29059844142136176,-0.8924793515657289
42,2,58,1,in_sample,f1_f2,1,0.8679301157857037,1.8827799912956582
42,2,287,1,in_sample,f1_f2,0,0.2361200401489699,-1.17407033579918
42,2,197,1,in_sample,f1_f2,0,0.1216980556511754,-1.9764474113907569
42,2,294,0,in_sample,f1_f2,0,0.12780627589244464,-1.9204959120314058
42,2,25,0,in_sample,f1_f2,0,0.27989465497521254,-0.9449842136971301
42,2,9,0,in_sample,f1_f2,1,0.6242290139197977,0.5075374322731266
42,2,126,0,in_sample,f1_f2,0,0.3345687359524929,-0.6875930007184163
42,2,104,1,in_sample,f1_f2,0,0.2277144219274681,-1.2212620929338938
42,2,116,1,in_sample,f1_f2,0,0.2472120079300547,-1.1135373369484292
42,2,314,0,in_sample,f1_f2,1,0.6578920259537695,0.6539144227441643
42,2,52,0,in_sample,f1_f2,0,0.46221770880992236,-0.151417803770564
42,2,172,0,in_sample,f1_f2,1,0.8042940668045444,1.4133517652863774
42,2,189,0,in_sample,f1_f2,0,0.35294682003459454,-0.6061110916904562
42,2,308,0,in_sample,f1_f2,0,0.2497123499740003,-1.1001470110584766
42,2,167,0,in_sample,f1_f2,0,0.39365373263245496,-0.43197954948459766
42,2,306,0,in_sample,f1_f2,1,0.5477104366398722,0.1914241453818291
42,2,103,0,in_sample,f1_f2,1,0.5938349454790116,0.379841795969299
42,2,202,0,in_sample,f1_f2,0,0.12498147511285332,-1.9460795302105454
42,2,122,1,in_sample,f1_f2,1,0.6297732711996001,0.5312442691193944
42,2,290,0,in_sample,f1_f2,0,0.3628027117882541,-0.5632201294162702
42,2,201,0,in_sample,f1_f2,0,0.2864687189733302,-0.9125969307643427
42,2,224,1,in_sample,f1_f2,1,0.5500834069732851,0.20100769901567356
42,2,163,1,in_sample,f1_f2,0,0.14691769750900205,-1.7589834796629016
42,2,307,0,in_sample,f1_f2,0,0.47560519615010083,-0.09765675286767034
42,2,260,0,in_sample,f1_f2,0,0.04676402519778649,-3.014748270624249
42,2,54,0,in_sample,f1_f2,1,0.6482697482211406,0.6114423362082844
42,2,160,0,in_sample,f1_f2,1,0.8405068800225531,1.6620043520888848
42,2,298,1,in_sample,f1_f2,0,0.3626241056204729,-0.5639928065626124
42,2,248,1,in_sample,f1_f2,1,0.7798719385727982,1.2649202504917239
42,2,137,1,in_sample,f1_f2,1,0.6893212922059838,0.7969481947613708
42,2,238,0,in_sample,f1_f3,1,0.7108146393293165,0.8993438227199929
42,2,11,1,in_sample,f1_f3,0,0.048739002334500466,-2.971308891531412
42,2,161,1,in_sample,f1_f3,1,0.5937728633354644,0.37958440819712264
42,2,200,1,in_sample,f1_f3,1,0.8562730113223447,1.7846736756530164
42,2,139,0,in_sample,f1_f3,0,0.26220359793432585,-1.0345466152450262
42,2,220,1,in_sample,f1_f3,1,0.6105617213433863,0.449673998360431
42,2,302,1,in_sample,f1_f3,1,0.7582502837088431,1.143110559961523
42,2,208,0,in_sample,f1_f3,0,0.16455059497086683,-1.6247516985557586
42,2,165,1,in_sample,f1_f3,1,0.8118808738092831,1.462278210158502
42,2,235,0,in_sample,f1_f3,1,0.7249901606295592,0.9693512066617703
42,2,190,0,in_sample,f1_f3,1,0.7325894553229131,1.0078003587568567
42,2,78,1,in_sample,f1_f3,1,0.764125907978176,1.1754344223296056
42,2,183,0,in_sample,f1_f3,0,0.25555065816514533,-1.069224145909542
42,2,7,1,in_sample,f1_f3,0,0.2204380927929411,-1.2631152073099214
42,2,216,1,in_sample,f1_f3,0,0.1666893668818658,-1.6092744797881977
42,2,301,1,in_sample,f1_f3,1,0.5538851339314564,0.2163808596762237
42,2,110,1,in_sample,f1_f3,0,0.01950158783058615,-3.917565136761795
42,2,4,0,in_sample,f1_f3,0,0.2885354088867397,-0.9025078369009355
42,2,5,1,in_sample,f1_f3,1,0.5084587300272598,0.03383814851994785
42,2,205,1,in_sample,f1_f3,0,0.40133041885189136,-0.3999247532923318
42,2,254,0,in_sample,f1_f3,0,0.4847244191621573,-0.061121344434160826
42,2,182,0,in_sample,f1_f3,0,0.27265991923260535,-0.9811688530928727
42,2,223,1,in_sample,f1_f3,1,0.9090466651595653,2.3020498586323246
42,2,274,1,in_sample,f1_f3,0,0.4420223196769558,-0.23295858435079012
42,2,83,1,in_sample,f1_f3,1,0.6161966058251249,0.4734356507740286
42,2,36,1,in_sample,f1_f3,1,0.8885907111864321,2.0764260305899884
42,2,50,1,in_sample,f1_f3,1,0.8544712048661364,1.770108832031054
42,2,8,0,in_sample,f1_f3,1,0.591859355438262,0.3716571993193548
42,2,23,0,in_sample,f1_f3,1,0.911268254046324,2.329219587192067
42,2,310,0,in_sample,f1_f3,0,0.39207567985356945,-0.4385955187677771
42,2,0,0,in_sample,f1_f3,0,0.1752668028868246,-1.5487505357479354
42,2,226,1,in_sample,f1_f3,1,0.6067182853674853,0.4335383873591872
42,2,206,1,in_sample,f1_f3,1,0.6181481473055466,0.48169543607514986
42,2,22,1,in_sample,f1_f3,1,0.6228439834218576,0.5016371206124967
42,2,58,1,in_sample,f1_f3,1,0.8029674242603313,1.4049450714252945
42,2,287,1,in_sample,f1_f3,1,0.8152178919825334,1.4842780932013513
42,2,197,1,in_sample,f1_f3,1,0.816964381940029,1.495914729642895
42,2,294,0,in_sample,f1_f3,1,0.5723906330653997,0.29161159848726764
42,2,25,0,in_sample,f1_f3,0,0.17329800990349434,-1.5624315664122121
42,2,9,0,in_sample,f1_f3,1,0.5023862948482061,0.009545251865947041
42,2,126,0,in_sample,f1_f3,1,0.5683046434980383,0.27493747293083115
42,2,104,1,in_sample,f1_f3,0,0.3830782786616985,-0.4765027948386618
42,2,116,1,in_sample,f1_f3,1,0.6102812962335179,0.44849478575279716
42,2,314,0,in_sample,f1_f3,0,0.31328266487785145,-0.7848168937229056
42,2,52,0,in_sample,f1_f3,0,0.42943503804147864,-0.28415655149289054
42,2,172,0,in_sample,f1_f3,1,0.6654230088352641,0.6875559209491953
42,2,189,0,in_sample,f1_f3,0,0.32834185650929737,-0.7156941849615361
42,2,308,0,in_sample,f1_f3,0,0.2789618061830959,-0.9496172322264278
42,2,167,0,in_sample,f1_f3,1,0.7642659770297451,1.1762117179071843
42,2,306,0,in_sample,f1_f3,1,0.7801862131054462,1.2667518612142015
42,2,103,0,in_sample,f1_f3,0,0.2856982011516485,-0.9163695475622198
42,2,202,0,in_sample,f1_f3,0,0.25115164963910136,-1.0924795550228872
42,2,122,1,in_sample,f1_f3,0,0.4978885852607399,-0.008445709159387499
42,2,290,0,in_sample,f1_f3,1,0.5928144810727053,0.3756125998956205
42,2,201,0,in_sample,f1_f3,0,0.1701352270397214,-1.5846691893529308
42,2,224,1,in_sample,f1_f3,1,0.6106484852520947,0.45003891059543893
42,2,163,1,in_sample,f1_f3,0,0.4639730983971166,-0.1443577764158977
42,2,307,0,in_sample,f1_f3,0,0.4334446183114824,-0.2678108035354022
42,2,260,0,in_sample,f1_f3,0,0.29116402534359975,-0.8897373829661077
42,2,54,0,in_sample,f1_f3,0,0.21932397973808265,-1.2696102407891108
42,2,160,0,in_sample,f1_f3,0,0.19595272605595992,-1.4117846293416432
42,2,298,1,in_sample,f1_f3,1,0.5471297003360063,0.18908011616720466
42,2,248,1,in_sample,f1_f3,1,0.7553866357239541,1.1275508594373351
42,2,137,1,in_sample,f1_f3,0,0.2377866230889546,-1.1648528087861256
42,2,238,0,in_sample,f2_f3,1,0.9106770196285346,2.3219295067478836
42,2,11,1,in_sample,f2_f3,0,0.04430398065618701,-3.071365361277079
42,2,161,1,in_sample,f2_f3,1,0.6736706732037864,0.7248342997267577
42,2,200,1,in_sample,f2_f3,1,0.8269865336486991,1.5644189798665842
42,2,139,0,in_sample,f2_f3,0,0.23365089507689607,-1.1878097164862729
42,2,220,1,in_sample,f2_f3,1,0.6379034854915121,0.5662762042875215
42,2,302,1,in_sample,f2_f3,1,0.8252492787162677,1.5523249880912797
42,2,208,0,in_sample,f2_f3,0,0.08169971445079166,-2.4194739388080917
42,2,165,1,in_sample,f2_f3,1,0.7890292416331008,1.3190838438647383
42,2,235,0,in_sample,f2_f3,0,0.22276980263551402,-1.2495976076743167
42,2,190,0,in_sample,f2_f3,1,0.9178984983913514,2.4141305100193917
42,2,78,1,in_sample,f2_f3,1,0.7983951035879544,1.376293768537397
42,2,183,0,in_sample,f2_f3,0,0.09964232642360005,-2.2012050610494844
42,2,7,1,in_sample,f2_f3,0,0.006124942635828628,-5.089242111131404
42,2,216,1,in_sample,f2_f3,0,0.24034687405464997,-1.1507787274124517
42,2,301,1,in_sample,f2_f3,0,0.44534295217720543,-0.21950532650150745
42,2,110,1,in_sample,f2_f3,0,0.05925486566582737,-2.764824359760881
42,2,4,0,in_sample,f2_f3,0,0.31849073200850425,-0.7607164747302575
42,2,5,1,in_sample,f2_f3,0,0.09884510218181128,-2.210123160094051
42,2,205,1,in_sample,f2_f3,0,0.3486427094720236,-0.6250106823181631
42,2,254,0,in_sample,f2_f3,1,0.648510652400949,0.6124990245962496
42,2,182,0,in_sample,f2_f3,0,0.037253730349661986,-3.2520378145793436
42,2,223,1,in_sample,f2_f3,1,0.9939514298568489,5.101866438004614
42,2,274,1,in_sample,f2_f3,1,0.7939340110971072,1.3488038963703588
42,2,83,1,in_sample,f2_f3,1,0.9312667200872008,2.606312218288564
42,2,36,1,in_sample,f2_f3,1,0.5496812296126609,0.19938281706003202
42,2,50,1,in_sample,f2_f3,1,0.7634444626691038,1.171657371050997
42,2,8,0,in_sample,f2_f3,1,0.8148603218456827,1.4819061570677794
42,2,23,0,in_sample,f2_f3,1,0.9523677231465477,2.995440607422032
42,2,310,0,in_sample,f2_f3,0,0.08662287025728814,-2.3555849904039943
42,2,0,0,in_sample,f2_f3,0,0.08306095941817528,-2.4014662039957964
42,2,226,1,in_sample,f2_f3,0,0.43821886581479663,-0.24839385387803292
42,2,206,1,in_sample,f2_f3,1,0.6235029734205358,0.5044433843495224
42,2,22,1,in_sample,f2_f3,0,0.40200502668939353,-0.3971177553368807
42,2,58,1,in_sample,f2_f3,1,0.942438527293538,2.7956172268841737
42,2,287,1,in_sample,f2_f3,1,0.5789589467519748,0.3185012287678197
42,2,197,1,in_sample,f2_f3,0,0.3893045937189076,-0.45023626365332015
42,2,294,0,in_sample,f2_f3,0,0.16851769743086908,-1.596169241124659
42,2,25,0,in_sample,f2_f3,0,0.11810591759392629,-2.010490132234841
42,2,9,0,in_sample,f2_f3,1,0.504279637498032,0.017118968052277
42,2,126,0,in_sample,f2_f3,0,0.3609844979240255,-0.571093698610937
42,2,104,1,in_sample,f2_f3,0,0.28236092944655816,-0.9327806111777014
42,2,116,1,in_sample,f2_f3,0,0.33813479955854503,-0.6716172792525712
42,2,314,0,in_sample,f2_f3,0,0.47498001471668855,-0.10016360020455539
42,2,52,0,in_sample,f2_f3,0,0.4166669097601935,-0.33647123646507154
42,2,172,0,in_sample,f2_f3,1,0.8909908437420111,2.100902269966168
42,2,189,0,in_sample,f2_f3,0,0.21662404452262005,-1.2854493909553526
42,2,308,0,in_sample,f2_f3,0,0.23564479803217303,-1.1767070270132645
42,2,167,0,in_sample,f2_f3,1,0.7368541788229946,1.0296816831722868
42,2,306,0,in_sample,f2_f3,1,0.7814898928529778,1.2743699463366724
42,2,103,0,in_sample,f2_f3,0,0.46285457391794277,-0.14885596037838933
42,2,202,0,in_sample,f2_f3,0,0.06417219718300214,-2.6798614369928617
42,2,122,1,in_sample,f2_f3,1,0.6675142226047204,0.6969636128903931
42,2,290,0,in_sample,f2_f3,0,0.42641587707741724,-0.29648950186910794
42,2,201,0,in_sample,f2_f3,0,0.10693533913039159,-2.1224346422415934
42,2,224,1,in_sample,f2_f3,1,0.587605697343117,0.35407620325027334
42,2,163,1,in_sample,f2_f3,0,0.15015990416855832,-1.7333474551533368
42,2,307,0,in_sample,f2_f3,1,0.5186047992909804,0.0744535715290052
42,2,260,0,in_sample,f2_f3,0,0.07528203479606008,-2.508247263922915
42,2,54,0,in_sample,f2_f3,0,0.4183795970046983,-0.3294288591748893
42,2,160,0,in_sample,f2_f3,1,0.5382949953508972,0.1534805593194979
42,2,298,1,in_sample,f2_f3,0,0.31248173070904434,-0.7885423969653297
42,2,248,1,in_sample,f2_f3,1,0.8541028087367966,1.767149367246105
42,2,137,1,in_sample,f2_f3,0,0.4357283331902768,-0.25851685413346226
42,2,238,0,in_sample,f1_f2_f3,1,0.9045147630956005,2.24842697838422
42,2,11,1,in_sample,f1_f2_f3,0,0.0494121935891129,-2.956883309318963
42,2,161,1,in_sample,f1_f2_f3,1,0.674469915154764,0.7284721875351582
42,2,200,1,in_sample,f1_f2_f3,1,0.8325655823965703,1.6039202585066674
42,2,139,0,in_sample,f1_f2_f3,0,0.2270068814352898,-1.2252898145880917
42,2,220,1,in_sample,f1_f2_f3,1,0.6580585152508059,0.6546542311247385
42,2,302,1,in_sample,f1_f2_f3,1,0.8256565714151535,1.5551518324855444
42,2,208,0,in_sample,f1_f2_f3,0,0.08910565562427943,-2.324604105418075
42,2,165,1,in_sample,f1_f2_f3,1,0.7984141639862142,1.3764121894427013
42,2,235,0,in_sample,f1_f2_f3,0,0.23015692782051475,-1.207425320575227
42,2,190,0,in_sample,f1_f2_f3,1,0.9257561416969868,2.523255796261097
42,2,78,1,in_sample,f1_f2_f3,1,0.8023536293293165,1.401070017840108
42,2,183,0,in_sample,f1_f2_f3,0,0.08533961177353859,-2.3719141073941437
42,2,7,1,in_sample,f1_f2_f3,0,0.00573536350085126,-5.155352273666449
42,2,216,1,in_sample,f1_f2_f3,0,0.22514435782691222,-1.2359349570243594
42,2,301,1,in_sample,f1_f2_f3,0,0.46056937799194625,-0.1580506772843444
42,2,110,1,in_sample,f1_f2_f3,0,0.05563803168285837,-2.831642543172329
42,2,4,0,in_sample,f1_f2_f3,0,0.30134389195087824,-0.8409065333633294
42,2,5,1,in_sample,f1_f2_f3,0,0.09688432323768248,-2.232332925023748
42,2,205,1,in_sample,f1_f2_f3,0,0.34051335371582353,-0.6610073809281651
42,2,254,0,in_sample,f1_f2_f3,1,0.6274493259774718,0.5212898461189535
42,2,182,0,in_sample,f1_f2_f3,0,0.03890994173199959,-3.2068183281692777
42,2,223,1,in_sample,f1_f2_f3,1,0.9939342468680825,5.099012343011474
42,2,274,1,in_sample,f1_f2_f3,1,0.7726717776795426,1.2234594635191856
42,2,83,1,in_sample,f1_f2_f3,1,0.93513586184094,2.668396925266536
42,2,36,1,in_sample,f1_f2_f3,1,0.5568754966175626,0.2284909134491584
42,2,50,1,in_sample,f1_f2_f3,1,0.7524305124242946,1.1116173495806583
42,2,8,0,in_sample,f1_f2_f3,1,0.8311469930424865,1.5937781110198612
42,2,23,0,in_sample,f1_f2_f3,1,0.9536540152368105,3.0241662785683943
42,2,310,0,in_sample,f1_f2_f3,0,0.08240260729716956,-2.4101416460092615
42,2,0,0,in_sample,f1_f2_f3,0,0.09546403359166546,-2.248672502956307
42,2,226,1,in_sample,f1_f2_f3,0,0.4298067001312196,-0.28263985287824994
42,2,206,1,in_sample,f1_f2_f3,1,0.6203588187800935,0.49107150392308974
42,2,22,1,in_sample,f1_f2_f3,0,0.4012414754850144,-0.4002949564881677
42,2,58,1,in_sample,f1_f2_f3,1,0.9408171267858014,2.7661165852510488
42,2,287,1,in_sample,f1_f2_f3,1,0.5642199042305379,0.258306328012617
42,2,197,1,in_sample,f1_f2_f3,0,0.37901831442251066,-0.4937170627454506
42,2,294,0,in_sample,f1_f2_f3,0,0.17275657174981207,-1.5662154987872474
42,2,25,0,in_sample,f1_f2_f3,0,0.11982310318857887,-1.9941063913011419
42,2,9,0,in_sample,f1_f2_f3,1,0.5287455567474586,0.1151091596403016
42,2,126,0,in_sample,f1_f2_f3,0,0.3700313553707669,-0.5320823014242052
42,2,104,1,in_sample,f1_f2_f3,0,0.26189750710828275,-1.0361294612332383
42,2,116,1,in_sample,f1_f2_f3,0,0.33956162224032316,-0.6652483839222252
42,2,314,0,in_sample,f1_f2_f3,0,0.48154452156982797,-0.07385546660561149
42,2,52,0,in_sample,f1_f2_f3,0,0.4171963425607108,-0.3342933934798181
42,2,172,0,in_sample,f1_f2_f3,1,0.8829386634438223,2.020557692867971
42,2,189,0,in_sample,f1_f2_f3,0,0.22623738444523583,-1.2296803066311905
42,2,308,0,in_sample,f1_f2_f3,0,0.21794767302233167,-1.2776666506312
42,2,167,0,in_sample,f1_f2_f3,1,0.712353965472211,0.9068442529347012
42,2,306,0,in_sample,f1_f2_f3,1,0.7742297979231068,1.2323510490602279
42,2,103,0,in_sample,f1_f2_f3,0,0.45371913481037324,-0.18565488778420802
42,2,202,0,in_sample,f1_f2_f3,0,0.06694918655445861,-2.6345257397746114
42,2,122,1,in_sample,f1_f2_f3,1,0.6561668027760784,0.6462583811623874
42,2,290,0,in_sample,f1_f2_f3,0,0.43089129721339015,-0.2782156100328958
42,2,201,0,in_sample,f1_f2_f3,0,0.11120006875684563,-2.078541160832982
42,2,224,1,in_sample,f1_f2_f3,1,0.5958130200680831,0.38804930061955706
42,2,163,1,in_sample,f1_f2_f3,0,0.15304446436901203,-1.7109197010081532
42,2,307,0,in_sample,f1_f2_f3,0,0.4996746363898672,-0.001301454624229842
42,2,260,0,in_sample,f1_f2_f3,0,0.06443550496371114,-2.6754852846170074
42,2,54,0,in_sample,f1_f2_f3,0,0.41642289952985134,-0.3374752481829084
42,2,160,0,in_sample,f1_f2_f3,1,0.5546018689557325,0.21928194440683257
42,2,298,1,in_sample,f1_f2_f3,0,0.33378453466799096,-0.691117460716147
42,2,248,1,in_sample,f1_f2_f3,1,0.8583560693726675,1.8017026349813852
42,2,137,1,in_sample,f1_f2_f3,0,0.4428124467038785,-0.22975559418271707
42,2,238,0,inner_oof,f1,0,0.45488002323334215,-0.18097221231360516
42,2,11,1,inner_oof,f1,1,0.5448080020364929,0.17971413926198204
42,2,161,1,inner_oof,f1,1,0.5083900677948947,0.03356342160003082
42,2,200,1,inner_oof,f1,1,0.5604639425430689,0.24304515380996616
42,2,139,0,inner_oof,f1,0,0.4485583866019089,-0.2064971093939664
42,2,220,1,inner_oof,f1,1,0.5800899002858587,0.32314245195584573
42,2,302,1,inner_oof,f1,1,0.5206800126933342,0.08276726764428498
42,2,208,0,inner_oof,f1,1,0.5487421626979188,0.19558980470920576
42,2,165,1,inner_oof,f1,1,0.5702263481898452,0.2827747051358969
42,2,235,0,inner_oof,f1,1,0.5435373787546703,0.17459166284271863
42,2,190,0,inner_oof,f1,1,0.6096154062003117,0.4456958855343845
42,2,78,1,inner_oof,f1,1,0.539175138353679,0.15702238898877896
42,2,183,0,inner_oof,f1,0,0.3380527721098894,-0.6719838227828725
42,2,7,1,inner_oof,f1,0,0.41074498081460803,-0.3608865224217283
42,2,216,1,inner_oof,f1,0,0.40135626939367025,-0.39981716233564135
42,2,301,1,inner_oof,f1,1,0.552269527132932,0.20984477259914974
42,2,110,1,inner_oof,f1,0,0.38117985242330704,-0.4845433599290159
42,2,4,0,inner_oof,f1,0,0.4160118317491082,-0.33916702121723763
42,2,5,1,inner_oof,f1,0,0.47330585213225096,-0.10687821412113739
42,2,205,1,inner_oof,f1,0,0.46015779144443386,-0.15970743493637496
42,2,254,0,inner_oof,f1,0,0.42213124956091924,-0.31403048392511507
42,2,182,0,inner_oof,f1,1,0.5133657656718814,0.053475802602016606
42,2,223,1,inner_oof,f1,1,0.5420346256912854,0.16853630512818008
42,2,274,1,inner_oof,f1,0,0.39388781596930844,-0.43099895338718847
42,2,83,1,inner_oof,f1,1,0.5642798773930283,0.25855024832233536
42,2,36,1,inner_oof,f1,1,0.5519239582732135,0.20844732602758595
42,2,50,1,inner_oof,f1,0,0.475033357858659,-0.0999496931548552
42,2,8,0,inner_oof,f1,1,0.6008373681871345,0.40895536352516293
42,2,23,0,inner_oof,f1,1,0.5629494403771786,0.2531409346783075
42,2,310,0,inner_oof,f1,0,0.4391578372819173,-0.24458062937336042
42,2,0,0,inner_oof,f1,1,0.5978554537314166,0.3965374167420737
42,2,226,1,inner_oof,f1,0,0.4742563869545841,-0.1030655900268506
42,2,206,1,inner_oof,f1,0,0.49475668583443455,-0.020974025518292853
42,2,22,1,inner_oof,f1,1,0.5011077940021275,0.004431183259161302
42,2,58,1,inner_oof,f1,1,0.5004659605050074,0.001863842559597654
42,2,287,1,inner_oof,f1,0,0.4685098471469668,-0.12612755060864972
42,2,197,1,inner_oof,f1,0,0.4806219653214376,-0.07755098232136598
42,2,294,0,inner_oof,f1,1,0.5228465509357979,0.09144988405524723
42,2,25,0,inner_oof,f1,0,0.4843697443997086,-0.06254139993917585
42,2,9,0,inner_oof,f1,1,0.5805372998890276,0.3249794469919917
42,2,126,0,inner_oof,f1,1,0.5331889642378167,0.1329513494218507
42,2,104,1,inner_oof,f1,0,0.4022783648488541,-0.395980853657825
42,2,116,1,inner_oof,f1,1,0.5076806122203249,0.030724865720399508
42,2,314,0,inner_oof,f1,1,0.509055996749048,0.03622794880026425
42,2,52,0,inner_oof,f1,0,0.4948855227110532,-0.020458622714571766
42,2,172,0,inner_oof,f1,0,0.4455916120901629,-0.2184987128879457
42,2,189,0,inner_oof,f1,1,0.5315815977464876,0.12649479108290576
42,2,308,0,inner_oof,f1,0,0.3972347279902441,-0.41700049361229297
42,2,167,0,inner_oof,f1,0,0.41394505512413216,-0.3476802998422277
42,2,306,0,inner_oof,f1,0,0.48358989870359864,-0.06566398896062423
42,2,103,0,inner_oof,f1,0,0.45369627572020094,-0.1857471147054322
42,2,202,0,inner_oof,f1,1,0.5135477068312665,0.05420409477512904
42,2,122,1,inner_oof,f1,0,0.45692672895096864,-0.1727212007890412
42,2,290,0,inner_oof,f1,1,0.5178268547879487,0.07133765723967084
42,2,201,0,inner_oof,f1,1,0.5070673648764487,0.028271342388795008
42,2,224,1,inner_oof,f1,1,0.5339895263499492,0.13616811567401424
42,2,163,1,inner_oof,f1,1,0.5100183563617264,0.04007878949652548
42,2,307,0,inner_oof,f1,0,0.4306375432251221,-0.279250468660405
42,2,260,0,inner_oof,f1,0,0.34215174141720206,-0.653719967657767
42,2,54,0,inner_oof,f1,0,0.4725450856177539,-0.10993022965351215
42,2,160,0,inner_oof,f1,1,0.534495134794816,0.1382000798442344
42,2,298,1,inner_oof,f1,1,0.5802649069377985,0.3238609538891547
42,2,248,1,inner_oof,f1,1,0.5478499176477553,0.19198721121116502
42,2,137,1,inner_oof,f1,1,0.5053958129064078,0.021584089540165385
42,2,238,0,inner_oof,f2,1,0.5696548641401021,0.28044314765213524
42,2,11,1,inner_oof,f2,0,0.46937451737508173,-0.12265547231666325
42,2,161,1,inner_oof,f2,1,0.5186303835204988,0.07455605053001843
42,2,200,1,inner_oof,f2,1,0.5090959222036063,0.036387703256423605
42,2,139,0,inner_oof,f2,0,0.4773358415770276,-0.09071879975593693
42,2,220,1,inner_oof,f2,1,0.5141303831617703,0.056536587229965934
42,2,302,1,inner_oof,f2,1,0.529672793958444,0.11883081045694868
42,2,208,0,inner_oof,f2,0,0.4495680582577557,-0.2024160673686004
42,2,165,1,inner_oof,f2,1,0.5105057460373714,0.042029169929675585
42,2,235,0,inner_oof,f2,0,0.4070192807027851,-0.37630132758179125
42,2,190,0,inner_oof,f2,1,0.5817889641242677,0.33012160174039323
42,2,78,1,inner_oof,f2,1,0.5216109625966409,0.08649774039263648
42,2,183,0,inner_oof,f2,0,0.4224241089889877,-0.31283003979984125
42,2,7,1,inner_oof,f2,0,0.3091463058365664,-0.804113424248806
42,2,216,1,inner_oof,f2,0,0.49707483467664515,-0.011700794786543558
42,2,301,1,inner_oof,f2,0,0.48371292363890117,-0.06517136254734632
42,2,110,1,inner_oof,f2,1,0.5067189739162411,0.02687751357605221
42,2,4,0,inner_oof,f2,0,0.48988624623768695,-0.040460533821716105
42,2,5,1,inner_oof,f2,0,0.3922948782724017,-0.4376759696682341
42,2,205,1,inner_oof,f2,0,0.4807494702389198,-0.07704020047735619
42,2,254,0,inner_oof,f2,1,0.523258634698301,0.09310173050997968
42,2,182,0,inner_oof,f2,0,0.38508535391887455,-0.4680184631078832
42,2,223,1,inner_oof,f2,1,0.6501216235534424,0.6195738603195395
42,2,274,1,inner_oof,f2,1,0.5619168706550113,0.2489452365758127
42,2,83,1,inner_oof,f2,1,0.6065361220308105,0.4327750179124885
42,2,36,1,inner_oof,f2,0,0.43339462884707064,-0.26801437100811354
42,2,50,1,inner_oof,f2,0,0.48446399742311613,-0.06216402128308216
42,2,8,0,inner_oof,f2,1,0.5616254351625457,0.24776142642966875
42,2,23,0,inner_oof,f2,1,0.5559278264677052,0.2246513750908256
42,2,310,0,inner_oof,f2,0,0.40028977017090156,-0.4042578780074685
42,2,0,0,inner_oof,f2,0,0.4514259265089157,-0.19491101947371528
42,2,226,1,inner_oof,f2,0,0.4680834628782889,-0.12783997242374806
42,2,206,1,inner_oof,f2,1,0.5033178265581738,0.0132715010247502
42,2,22,1,inner_oof,f2,0,0.4606175978646906,-0.1578565922353333
42,2,58,1,inner_oof,f2,1,0.5762578419233829,0.3074300502525556
42,2,287,1,inner_oof,f2,0,0.45466191423633884,-0.18185184606085258
42,2,197,1,inner_oof,f2,0,0.4194910283872932,-0.32486311675715407
42,2,294,0,inner_oof,f2,0,0.4144783731872008,-0.3454823221460162
42,2,25,0,inner_oof,f2,0,0.4613855812543022,-0.1547658555451464
42,2,9,0,inner_oof,f2,1,0.5049372800957137,0.019749762312502778
42,2,126,0,inner_oof,f2,0,0.46347843087849644,-0.14634691605614522
42,2,104,1,inner_oof,f2,0,0.46459227251702484,-0.14186837643694425
42,2,116,1,inner_oof,f2,0,0.450277919823056,-0.19954785001081696
42,2,314,0,inner_oof,f2,1,0.5238588414191248,0.0955078995160617
42,2,52,0,inner_oof,f2,0,0.49267089216409904,-0.029318531289261845
42,2,172,0,inner_oof,f2,1,0.5665797811548019,0.2679101625360231
42,2,189,0,inner_oof,f2,0,0.4671589350548225,-0.131553658309932
42,2,308,0,inner_oof,f2,0,0.47057090932006884,-0.11785258033338386
42,2,167,0,inner_oof,f2,0,0.4954396373440829,-0.01824195646993317
42,2,306,0,inner_oof,f2,1,0.5090306379280197,0.03612648032311642
42,2,103,0,inner_oof,f2,1,0.5222339462748845,0.08899447509405385
42,2,202,0,inner_oof,f2,0,0.41504261901782646,-0.3431577801697421
42,2,122,1,inner_oof,f2,1,0.5279811040866383,0.1120414768521889
42,2,290,0,inner_oof,f2,0,0.4713858682342127,-0.11458172437792061
42,2,201,0,inner_oof,f2,0,0.4587299234771087,-0.16545673663822502
42,2,224,1,inner_oof,f2,1,0.5004787222038438,0.0019148894005017354
42,2,163,1,inner_oof,f2,0,0.4232821389397679,-0.3093142194549862
42,2,307,0,inner_oof,f2,1,0.5064023206985527,0.025610682554693502
42,2,260,0,inner_oof,f2,0,0.40214793542980254,-0.39652332017862013
42,2,54,0,inner_oof,f2,1,0.528551696549621,0.11433116470095767
42,2,160,0,inner_oof,f2,1,0.5612552872870926,0.24625813565748622
42,2,298,1,inner_oof,f2,0,0.46020349451625964,-0.1595234557934645
42,2,248,1,inner_oof,f2,1,0.5424488580517075,0.17020514595105757
42,2,137,1,inner_oof,f2,1,0.530478028506424,0.12206344542359149
42,2,238,0,inner_oof,f3,1,0.5599313183845801,0.24088332115445465
42,2,11,1,inner_oof,f3,0,0.31389391397541955,-0.781977184878973
42,2,161,1,inner_oof,f3,1,0.5204971263475728,0.08203447976956516
42,2,200,1,inner_oof,f3,1,0.6009170009766517,0.40928741060238033
42,2,139,0,inner_oof,f3,0,0.4394138468482096,-0.24354126583938163
42,2,220,1,inner_oof,f3,1,0.5155533989622578,0.062233674147623444
42,2,302,1,inner_oof,f3,1,0.5666578628541383,0.26822813405016355
42,2,208,0,inner_oof,f3,0,0.39068601655388896,-0.4444294963390365
42,2,165,1,inner_oof,f3,1,0.5800155718970386,0.3228373166336494
42,2,235,0,inner_oof,f3,1,0.5529314261660917,0.2125219986449871
42,2,190,0,inner_oof,f3,1,0.5466470725827438,0.18713247729943885
42,2,78,1,inner_oof,f3,1,0.5662997979604523,0.2667700996563248
42,2,183,0,inner_oof,f3,0,0.45213614356587056,-0.19204348185919318
42,2,7,1,inner_oof,f3,0,0.43015832310574986,-0.28120522822125377
42,2,216,1,inner_oof,f3,0,0.41012024057471186,-0.3634683321483365
42,2,301,1,inner_oof,f3,1,0.5045148949709528,0.0180600707497878
42,2,110,1,inner_oof,f3,0,0.2819812779452705,-0.9346549655242242
42,2,4,0,inner_oof,f3,0,0.45188167136594165,-0.19307083525712226
42,2,5,1,inner_oof,f3,1,0.5032532367574977,0.013013130665545245
42,2,205,1,inner_oof,f3,0,0.47762872433117975,-0.08954488778859604
42,2,254,0,inner_oof,f3,1,0.503968424698622,0.0158740321207829
42,2,182,0,inner_oof,f3,0,0.43444820125569505,-0.26372516649705846
42,2,223,1,inner_oof,f3,1,0.633999363628712,0.5494128785772994
42,2,274,1,inner_oof,f3,0,0.4969187162161958,-0.012325291163639573
42,2,83,1,inner_oof,f3,1,0.5191371274346015,0.07658592173877991
42,2,36,1,inner_oof,f3,1,0.6194808181219236,0.487345148780607
42,2,50,1,inner_oof,f3,1,0.6106403461631438,0.45000467790781834
42,2,8,0,inner_oof,f3,1,0.5078623174064424,0.031451862102598906
42,2,23,0,inner_oof,f3,1,0.6330480772616859,0.5453155319400869
42,2,310,0,inner_oof,f3,0,0.47793600085081217,-0.08831335000747298
42,2,0,0,inner_oof,f3,0,0.3890591665202916,-0.45126868785752383
42,2,226,1,inner_oof,f3,1,0.5283007883690689,0.11332427749143095
42,2,206,1,inner_oof,f3,1,0.5286797805133394,0.11484518419971737
42,2,22,1,inner_oof,f3,1,0.5291136638358104,0.11658653385133072
42,2,58,1,inner_oof,f3,1,0.5853398785600066,0.3447334673168148
42,2,287,1,inner_oof,f3,1,0.5941880524423799,0.38130598691944223
42,2,197,1,inner_oof,f3,1,0.5933795267271702,0.3779539533274988
42,2,294,0,inner_oof,f3,1,0.5130860132521067,0.05235600937810328
42,2,25,0,inner_oof,f3,0,0.4024409114315614,-0.39530488973251665
42,2,9,0,inner_oof,f3,0,0.48775126708761724,-0.049004736221530135
42,2,126,0,inner_oof,f3,1,0.5106932821362155,0.04277965159942413
42,2,104,1,inner_oof,f3,0,0.48044016056314043,-0.07827930561584667
42,2,116,1,inner_oof,f3,1,0.5249245924491632,0.09978107467182706
42,2,314,0,inner_oof,f3,0,0.44720431624139884,-0.21197289096406505
42,2,52,0,inner_oof,f3,0,0.48041758871467655,-0.07836973155272331
42,2,172,0,inner_oof,f3,1,0.5479340885769406,0.1923270124610792
42,2,189,0,inner_oof,f3,0,0.448626317405029,-0.2062224831106997
42,2,308,0,inner_oof,f3,0,0.4514339530997702,-0.19487860726208836
42,2,167,0,inner_oof,f3,1,0.5823152371374748,0.3322849534861636
42,2,306,0,inner_oof,f3,1,0.5789880344807009,0.31862055658347654
42,2,103,0,inner_oof,f3,0,0.44610459441030464,-0.21642242920765795
42,2,202,0,inner_oof,f3,0,0.42754072979878427,-0.2918920309226025
42,2,122,1,inner_oof,f3,1,0.5027176102502797,0.010870548046502275
42,2,290,0,inner_oof,f3,1,0.5190268157986582,0.07614403158613411
42,2,201,0,inner_oof,f3,0,0.39827297735194495,-0.41266624879339825
42,2,224,1,inner_oof,f3,1,0.5216175144727575,0.08652399696278824
42,2,163,1,inner_oof,f3,0,0.4872659558115718,-0.05094719384244501
42,2,307,0,inner_oof,f3,0,0.489812813808226,-0.04075438464428857
42,2,260,0,inner_oof,f3,0,0.4627838185305116,-0.14914055564041429
42,2,54,0,inner_oof,f3,0,0.42181619923737657,-0.31532214019479765
42,2,160,0,inner_oof,f3,0,0.4053332235574589,-0.38329170604318524
42,2,298,1,inner_oof,f3,0,0.4991046990257061,-0.003581207724601269
42,2,248,1,inner_oof,f3,1,0.5622180190378744,0.25016868280556576
42,2,137,1,inner_oof,f3,0,0.42411022245496954,-0.30592290388698257
42,2,238,0,inner_oof,f1_f2,1,0.5258245192763868,0.10339007785292828
42,2,11,1,inner_oof,f1_f2,1,0.5169006409318746,0.06762832730149741
42,2,161,1,inner_oof,f1_f2,1,0.5282934175076333,0.11329469930960709
42,2,200,1,inner_oof,f1_f2,1,0.5677936804275676,0.2728550482137485
42,2,139,0,inner_oof,f1_f2,0,0.4348930313837868,-0.2619149422269083
42,2,220,1,inner_oof,f1_f2,1,0.59045304909077,0.3658385710899382
42,2,302,1,inner_oof,f1_f2,1,0.5497770302450332,0.19976984808049641
42,2,208,0,inner_oof,f1_f2,1,0.5022446225174685,0.008978550386067485
42,2,165,1,inner_oof,f1_f2,1,0.5780980503689045,0.31497055140848196
42,2,235,0,inner_oof,f1_f2,0,0.4574619876943888,-0.17056435746915816
42,2,190,0,inner_oof,f1_f2,1,0.6751384546116905,0.7315187104118708
42,2,78,1,inner_oof,f1_f2,1,0.559473191001086,0.2390243067017115
42,2,183,0,inner_oof,f1_f2,0,0.28926903567324297,-0.898936793296077
42,2,7,1,inner_oof,f1_f2,0,0.25693844123693005,-1.0619423649756454
42,2,216,1,inner_oof,f1_f2,0,0.40881631453075007,-0.3688608271963774
42,2,301,1,inner_oof,f1_f2,1,0.5370653733286713,0.1485339761186631
42,2,110,1,inner_oof,f1_f2,0,0.3984088553705313,-0.4120993000298473
42,2,4,0,inner_oof,f1_f2,0,0.41606165947348883,-0.33896192679793447
42,2,5,1,inner_oof,f1_f2,0,0.3802143028581462,-0.48863871986978924
42,2,205,1,inner_oof,f1_f2,0,0.448720605297168,-0.2058413149223752
42,2,254,0,inner_oof,f1_f2,0,0.45197787641033227,-0.1926824250076034
42,2,182,0,inner_oof,f1_f2,0,0.40913697489205897,-0.3675342206246348
42,2,223,1,inner_oof,f1_f2,1,0.6770655177559451,0.7403185835284993
42,2,274,1,inner_oof,f1_f2,0,0.4605903943642017,-0.1579660859943346
42,2,83,1,inner_oof,f1_f2,1,0.6574752035404,0.6520629965903868
42,2,36,1,inner_oof,f1_f2,0,0.49014063815833875,-0.03944256002156296
42,2,50,1,inner_oof,f1_f2,0,0.46589967902242535,-0.13661335843300965
42,2,8,0,inner_oof,f1_f2,1,0.6505769890408678,0.621576390557137
42,2,23,0,inner_oof,f1_f2,1,0.6119456658570434,0.45549813102168996
42,2,310,0,inner_oof,f1_f2,0,0.35758511641813273,-0.5858609093996225
42,2,0,0,inner_oof,f1_f2,1,0.5504876121394452,0.20264104025164678
42,2,226,1,inner_oof,f1_f2,0,0.4501780784288667,-0.1999512125113273
42,2,206,1,inner_oof,f1_f2,1,0.5015520987806947,0.0062084150643471475
42,2,22,1,inner_oof,f1_f2,0,0.46812554092077074,-0.12767097254399623
42,2,58,1,inner_oof,f1_f2,1,0.5739900684017588,0.29814943412540995
42,2,287,1,inner_oof,f1_f2,0,0.43263905573506,-0.27109189635089515
42,2,197,1,inner_oof,f1_f2,0,0.41155027236036074,-0.35756031726978754
42,2,294,0,inner_oof,f1_f2,0,0.4453513692998831,-0.2194712508844779
42,2,25,0,inner_oof,f1_f2,0,0.45336862308184817,-0.1870691435826841
42,2,9,0,inner_oof,f1_f2,1,0.5826571004880947,0.333690664603631
42,2,126,0,inner_oof,f1_f2,1,0.5005911991631293,0.002364797754565384
42,2,104,1,inner_oof,f1_f2,0,0.3810510217710598,-0.4850895615924471
42,2,116,1,inner_oof,f1_f2,0,0.4646582733165386,-0.1416030451265313
42,2,314,0,inner_oof,f1_f2,1,0.5337120675150615,0.13505316994509703
42,2,52,0,inner_oof,f1_f2,0,0.49187359663650976,-0.0325084760673187
42,2,172,0,inner_oof,f1_f2,1,0.5142410778291192,0.05697972259847181
42,2,189,0,inner_oof,f1_f2,1,0.5024946225671383,0.009978573066535795
42,2,308,0,inner_oof,f1_f2,0,0.3816565856857424,-0.48252277579277564
42,2,167,0,inner_oof,f1_f2,0,0.41911047523511197,-0.32642604285308807
42,2,306,0,inner_oof,f1_f2,0,0.4964271366431268,-0.014291696682200844
42,2,103,0,inner_oof,f1_f2,0,0.4806998205297304,-0.07723909490265678
42,2,202,0,inner_oof,f1_f2,0,0.4373442756107468,-0.25194723814887493
42,2,122,1,inner_oof,f1_f2,0,0.489021056336099,-0.0439228346776883
42,2,290,0,inner_oof,f1_f2,0,0.49358443613077735,-0.02566366394212076
42,2,201,0,inner_oof,f1_f2,0,0.4719023812871222,-0.11250900565469113
42,2,224,1,inner_oof,f1_f2,1,0.5353908967941677,0.1418007145301078
42,2,163,1,inner_oof,f1_f2,0,0.44178312017094395,-0.2339284770866917
42,2,307,0,inner_oof,f1_f2,0,0.4446104537915491,-0.2224712385454069
42,2,260,0,inner_oof,f1_f2,0,0.27708119541590226,-0.9589863248924924
42,2,54,0,inner_oof,f1_f2,1,0.5041350793540884,0.016540694526394117
42,2,160,0,inner_oof,f1_f2,1,0.5911109544560553,0.3685599030310223
42,2,298,1,inner_oof,f1_f2,1,0.541818285654271,0.1676648172641623
42,2,248,1,inner_oof,f1_f2,1,0.5862674179074281,0.3485562018917461
42,2,137,1,inner_oof,f1_f2,1,0.5364061550185041,0.14588279121591757
42,2,238,0,inner_oof,f1_f3,1,0.5206329181830762,0.0825785675376473
42,2,11,1,inner_oof,f1_f3,0,0.3694683126566121,-0.5344984322717264
42,2,161,1,inner_oof,f1_f3,1,0.5266637187081278,0.10675614995838412
42,2,200,1,inner_oof,f1_f3,1,0.6341664897328965,0.5501331821387485
42,2,139,0,inner_oof,f1_f3,0,0.41136848160150874,-0.3583110206982562
42,2,220,1,inner_oof,f1_f3,1,0.5765802718985462,0.3087506179909573
42,2,302,1,inner_oof,f1_f3,1,0.5759181876071704,0.3060392248282404
42,2,208,0,inner_oof,f1_f3,0,0.44306500194674486,-0.22873204249545898
42,2,165,1,inner_oof,f1_f3,1,0.6236284817199692,0.5049780731086038
42,2,235,0,inner_oof,f1_f3,1,0.5810480407353662,0.32707718206942304
42,2,190,0,inner_oof,f1_f3,1,0.6248584590592912,0.5102217613186202
42,2,78,1,inner_oof,f1_f3,1,0.5892789159656077,0.36098525663299896
42,2,183,0,inner_oof,f1_f3,0,0.3394171924702485,-0.6658924800820807
42,2,7,1,inner_oof,f1_f3,0,0.3756699230529683,-0.5079683043601791
42,2,216,1,inner_oof,f1_f3,0,0.3522806236157978,-0.609029457255384
42,2,301,1,inner_oof,f1_f3,1,0.5460037474560382,0.1845368954951223
42,2,110,1,inner_oof,f1_f3,0,0.2368113757291609,-1.1702412734646974
42,2,4,0,inner_oof,f1_f3,0,0.3977551638420817,-0.414827417442055
42,2,5,1,inner_oof,f1_f3,0,0.4850968071863699,-0.059630434409345505
42,2,205,1,inner_oof,f1_f3,0,0.45292113023896236,-0.18887497317080834
42,2,254,0,inner_oof,f1_f3,0,0.446711775190648,-0.21396547951997288
42,2,182,0,inner_oof,f1_f3,0,0.4553534150365694,-0.17906326256844976
42,2,223,1,inner_oof,f1_f3,1,0.6492329131747707,0.6156690994992693
42,2,274,1,inner_oof,f1_f3,0,0.41895694333882505,-0.32705670784257046
42,2,83,1,inner_oof,f1_f3,1,0.5676675192806651,0.27234097043129346
42,2,36,1,inner_oof,f1_f3,1,0.6437940715175012,0.5918698958369399
42,2,50,1,inner_oof,f1_f3,1,0.5807620838617596,0.32590260105278057
42,2,8,0,inner_oof,f1_f3,1,0.5858723655476764,0.34692773753066086
42,2,23,0,inner_oof,f1_f3,1,0.6628796348684096,0.6761533943567106
42,2,310,0,inner_oof,f1_f3,0,0.4373173822588897,-0.25205652847456167
42,2,0,0,inner_oof,f1_f3,0,0.4793726377467282,-0.08255630592001234
42,2,226,1,inner_oof,f1_f3,1,0.5076370932769749,0.030550749093539192
42,2,206,1,inner_oof,f1_f3,1,0.5234881392481404,0.09402175922839398
42,2,22,1,inner_oof,f1_f3,1,0.5286610903710358,0.11477017700868988
42,2,58,1,inner_oof,f1_f3,1,0.5772194564271279,0.3113692997276556
42,2,287,1,inner_oof,f1_f3,1,0.5612656580509845,0.24630025092137142
42,2,197,1,inner_oof,f1_f3,1,0.5695849808191921,0.280158087701374
42,2,294,0,inner_oof,f1_f3,1,0.5311475426169137,0.1247517115311573
42,2,25,0,inner_oof,f1_f3,0,0.40578924057785626,-0.3814001573337793
42,2,9,0,inner_oof,f1_f3,1,0.5531329171457778,0.21333713254217168
42,2,126,0,inner_oof,f1_f3,1,0.5368920024910172,0.1478366787581091
42,2,104,1,inner_oof,f1_f3,0,0.41145781603632636,-0.35794210242101854
42,2,116,1,inner_oof,f1_f3,1,0.5299767628662948,0.12005102774454252
42,2,314,0,inner_oof,f1_f3,0,0.46329519135895775,-0.14708382552676677
42,2,52,0,inner_oof,f1_f3,0,0.48157546527976536,-0.07373152318599316
42,2,172,0,inner_oof,f1_f3,1,0.5029783251188958,0.011913441379896195
42,2,189,0,inner_oof,f1_f3,0,0.4815725914790916,-0.07374303402115882
42,2,308,0,inner_oof,f1_f3,0,0.3833567875969323,-0.47532447888704715
42,2,167,0,inner_oof,f1_f3,1,0.5089774224140294,0.03591354921547485
42,2,306,0,inner_oof,f1_f3,1,0.5591030945460126,0.23752280925105385
42,2,103,0,inner_oof,f1_f3,0,0.4209189106104715,-0.3190023147720443
42,2,202,0,inner_oof,f1_f3,0,0.44941766099456293,-0.20302385825439456
42,2,122,1,inner_oof,f1_f3,0,0.4721933556852738,-0.11134145911112445
42,2,290,0,inner_oof,f1_f3,1,0.5325108279594535,0.1302270445230837
42,2,201,0,inner_oof,f1_f3,0,0.4187860193628265,-0.3277588903562423
42,2,224,1,inner_oof,f1_f3,1,0.5469463186126748,0.18834003936553637
42,2,163,1,inner_oof,f1_f3,0,0.49899064083238664,-0.004037442154952747
42,2,307,0,inner_oof,f1_f3,0,0.4410465915222073,-0.23691560212245216
42,2,260,0,inner_oof,f1_f3,0,0.350980988576589,-0.6147299512860377
42,2,54,0,inner_oof,f1_f3,0,0.4139471525011326,-0.34767165424210733
42,2,160,0,inner_oof,f1_f3,0,0.4454741087930287,-0.21897437055475094
42,2,298,1,inner_oof,f1_f3,1,0.5626735741303867,0.2520197765047873
42,2,248,1,inner_oof,f1_f3,1,0.5921856563126937,0.3730081634954444
42,2,137,1,inner_oof,f1_f3,0,0.44030382711327476,-0.2399290832977402
42,2,238,0,inner_oof,f2_f3,1,0.6234660877979046,0.5042862581477947
42,2,11,1,inner_oof,f2_f3,0,0.2994827088682669,-0.8497623668968796
42,2,161,1,inner_oof,f2_f3,1,0.540320188871156,0.16163172183585411
42,2,200,1,inner_oof,f2_f3,1,0.6083637849802811,0.4404396475957547
42,2,139,0,inner_oof,f2_f3,0,0.4246986867640033,-0.30351398139966
42,2,220,1,inner_oof,f2_f3,1,0.5314538242118936,0.12598165802574646
42,2,302,1,inner_oof,f2_f3,1,0.5941689461683565,0.3812267506505497
42,2,208,0,inner_oof,f2_f3,0,0.35445839535382784,-0.5994986839727007
42,2,165,1,inner_oof,f2_f3,1,0.5896900205988728,0.36268408866085716
42,2,235,0,inner_oof,f2_f3,0,0.4676317704723271,-0.1296542396891505
42,2,190,0,inner_oof,f2_f3,1,0.6221291892064733,0.4985954040461662
42,2,78,1,inner_oof,f2_f3,1,0.5866071808653089,0.34995712113359945
42,2,183,0,inner_oof,f2_f3,0,0.38715559903317787,-0.4592843947787375
42,2,7,1,inner_oof,f2_f3,0,0.2691936339669941,-0.9987175859898373
42,2,216,1,inner_oof,f2_f3,0,0.41444733219149055,-0.34561022951907255
42,2,301,1,inner_oof,f2_f3,0,0.49278797965540366,-0.028850082270975103
42,2,110,1,inner_oof,f2_f3,0,0.29772686502215207,-0.8581459036395889
42,2,4,0,inner_oof,f2_f3,0,0.44802675714712564,-0.20864661560331202
42,2,5,1,inner_oof,f2_f3,0,0.40665147099708504,-0.3778254830087027
42,2,205,1,inner_oof,f2_f3,0,0.46428969565251066,-0.1430848365135759
42,2,254,0,inner_oof,f2_f3,1,0.5287855691260053,0.11526974065049153
42,2,182,0,inner_oof,f2_f3,0,0.33817305310846135,-0.6714463563289133
42,2,223,1,inner_oof,f2_f3,1,0.7528156872238603,1.11368616262902
42,2,274,1,inner_oof,f2_f3,1,0.5577855762356492,0.2321797304677493
42,2,83,1,inner_oof,f2_f3,1,0.6194788773085252,0.487336915385881
42,2,36,1,inner_oof,f2_f3,1,0.5582681189531526,0.2341362528415708
42,2,50,1,inner_oof,f2_f3,1,0.5959146408644765,0.3884712961497966
42,2,8,0,inner_oof,f2_f3,1,0.5678536974283636,0.27309961632207425
42,2,23,0,inner_oof,f2_f3,1,0.6780689834429275,0.7449117399575597
42,2,310,0,inner_oof,f2_f3,0,0.39074132357698527,-0.4441971690402173
42,2,0,0,inner_oof,f2_f3,0,0.3545430030988632,-0.599128943280746
42,2,226,1,inner_oof,f2_f3,1,0.5011702438698001,0.004680984026507115
42,2,206,1,inner_oof,f2_f3,1,0.5340730970742714,0.1365039543517281
42,2,22,1,inner_oof,f2_f3,0,0.4950205379118562,-0.019918506876963532
42,2,58,1,inner_oof,f2_f3,1,0.652236375049073,0.6288840243036717
42,2,287,1,inner_oof,f2_f3,1,0.5527946608696412,0.21196875327581152
42,2,197,1,inner_oof,f2_f3,1,0.5191489625258394,0.07663333159827601
42,2,294,0,inner_oof,f2_f3,0,0.43661876623043305,-0.2548961201397291
42,2,25,0,inner_oof,f2_f3,0,0.37558454800267327,-0.5083323283030182
42,2,9,0,inner_oof,f2_f3,0,0.4963100144454747,-0.014760210188559185
42,2,126,0,inner_oof,f2_f3,0,0.479980966803633,-0.08011896258300652
42,2,104,1,inner_oof,f2_f3,0,0.45210642241583765,-0.19216346665831766
42,2,116,1,inner_oof,f2_f3,0,0.48136796537134174,-0.07456266414558034
42,2,314,0,inner_oof,f2_f3,0,0.4747277679272481,-0.10117514589370956
42,2,52,0,inner_oof,f2_f3,0,0.47794605160574294,-0.08827306858425663
42,2,172,0,inner_oof,f2_f3,1,0.6097134152217187,0.44610773362849
42,2,189,0,inner_oof,f2_f3,0,0.4242322750848361,-0.30542320018052643
42,2,308,0,inner_oof,f2_f3,0,0.42999321607113644,-0.28187883040295314
42,2,167,0,inner_oof,f2_f3,1,0.5783663546010049,0.31607070125537606
42,2,306,0,inner_oof,f2_f3,1,0.5873895041325974,0.3531841115834776
42,2,103,0,inner_oof,f2_f3,0,0.472163129364525,-0.11146273990383922
42,2,202,0,inner_oof,f2_f3,0,0.3582131249906249,-0.5831281477150186
42,2,122,1,inner_oof,f2_f3,1,0.5319476611327967,0.12796497832166423
42,2,290,0,inner_oof,f2_f3,0,0.49531188620701755,-0.018753004733139608
42,2,201,0,inner_oof,f2_f3,0,0.36938155992197896,-0.5348708412781847
42,2,224,1,inner_oof,f2_f3,1,0.5246879382816378,0.09883212222925124
42,2,163,1,inner_oof,f2_f3,0,0.4205235978202599,-0.32062434463233264
42,2,307,0,inner_oof,f2_f3,0,0.4996430679385022,-0.0014277284885154118
42,2,260,0,inner_oof,f2_f3,0,0.3786156048097949,-0.49542842923348057
42,2,54,0,inner_oof,f2_f3,0,0.4543843703392163,-0.18297128230306622
42,2,160,0,inner_oof,f2_f3,0,0.46846087980903234,-0.12632420119220897
42,2,298,1,inner_oof,f2_f3,0,0.465856963221437,-0.13678502109685353
42,2,248,1,inner_oof,f2_f3,1,0.6014130064225623,0.4113561202447302
42,2,137,1,inner_oof,f2_f3,0,0.4583945825405584,-0.16680737710452842
42,2,238,0,inner_oof,f1_f2_f3,1,0.5851522938272964,0.34396066487846993
42,2,11,1,inner_oof,f1_f2_f3,0,0.35025101520708046,-0.617936027328185
42,2,161,1,inner_oof,f1_f2_f3,1,0.5448954258932862,0.1800666714122922
42,2,200,1,inner_oof,f1_f2_f3,1,0.638431763367981,0.5685640160597245
42,2,139,0,inner_oof,f1_f2_f3,0,0.39986537258144544,-0.40602608716817024
42,2,220,1,inner_oof,f1_f2_f3,1,0.5865517219711186,0.34972842843336294
42,2,302,1,inner_oof,f1_f2_f3,1,0.6010640454960416,0.4099006047645599
42,2,208,0,inner_oof,f1_f2_f3,0,0.403189175041753,-0.39219431827786255
42,2,165,1,inner_oof,f1_f2_f3,1,0.6291093066763828,0.5283976280662546
42,2,235,0,inner_oof,f1_f2_f3,0,0.4986629843899482,-0.005348075187267098
42,2,190,0,inner_oof,f1_f2_f3,1,0.6855460568707704,0.779378063335011
42,2,78,1,inner_oof,f1_f2_f3,1,0.6064115455278096,0.4322530420077524
42,2,183,0,inner_oof,f1_f2_f3,0,0.29287703334198023,-0.8814517386539874
42,2,7,1,inner_oof,f1_f2_f3,0,0.23712547867126474,-1.1685041165090224
42,2,216,1,inner_oof,f1_f2_f3,0,0.36055902429648073,-0.5729386468878533
42,2,301,1,inner_oof,f1_f2_f3,1,0.5317495305767277,0.1271692274611913
42,2,110,1,inner_oof,f1_f2_f3,0,0.25360307709462865,-1.0794871708000509
42,2,4,0,inner_oof,f1_f2_f3,0,0.39838369707582916,-0.4122042676652496
42,2,5,1,inner_oof,f1_f2_f3,0,0.3957003157825378,-0.4234130943818712
42,2,205,1,inner_oof,f1_f2_f3,0,0.4423286039385043,-0.23171683928491618
42,2,254,0,inner_oof,f1_f2_f3,0,0.4745156386142018,-0.10202585478206005
42,2,182,0,inner_oof,f1_f2_f3,0,0.36098058610066813,-0.5711106568328222
42,2,223,1,inner_oof,f1_f2_f3,1,0.7583952699035653,1.143901669897132
42,2,274,1,inner_oof,f1_f2_f3,0,0.4821819413803807,-0.0713024278052477
42,2,83,1,inner_oof,f1_f2_f3,1,0.6559542837598734,0.6453165525348529
42,2,36,1,inner_oof,f1_f2_f3,1,0.5852422795627044,0.3443313710184468
42,2,50,1,inner_oof,f1_f2_f3,1,0.568919045244202,0.277442245984972
42,2,8,0,inner_oof,f1_f2_f3,1,0.6342938832923685,0.5506823343113201
42,2,23,0,inner_oof,f1_f2_f3,1,0.7015311188933888,0.8545995825633504
42,2,310,0,inner_oof,f1_f2_f3,0,0.3599296361551073,-0.5756695565964064
42,2,0,0,inner_oof,f1_f2_f3,0,0.4375346476280758,-0.25117363915782787
42,2,226,1,inner_oof,f1_f2_f3,0,0.48358683791392676,-0.06567624532390856
42,2,206,1,inner_oof,f1_f2_f3,1,0.5289986793507098,0.11612503741489644
42,2,22,1,inner_oof,f1_f2_f3,0,0.49646808695346756,-0.014127887171995021
42,2,58,1,inner_oof,f1_f2_f3,1,0.6416633312182762,0.5825907998604788
42,2,287,1,inner_oof,f1_f2_f3,1,0.5241772144053984,0.09678433683613549
42,2,197,1,inner_oof,f1_f2_f3,1,0.5007414048755364,0.002965621675675434
42,2,294,0,inner_oof,f1_f2_f3,0,0.4572641963625269,-0.17136131800440704
42,2,25,0,inner_oof,f1_f2_f3,0,0.3800503995075883,-0.48933431099765623
42,2,9,0,inner_oof,f1_f2_f3,1,0.5560600492691525,0.22518698351745292
42,2,126,0,inner_oof,f1_f2_f3,1,0.505859899923246,0.02344067295341587
42,2,104,1,inner_oof,f1_f2_f3,0,0.39085457301132265,-0.44372148080392954
42,2,116,1,inner_oof,f1_f2_f3,0,0.48841601812158913,-0.04634422052448506
42,2,314,0,inner_oof,f1_f2_f3,0,0.4881469297978844,-0.047421165406235116
42,2,52,0,inner_oof,f1_f2_f3,0,0.4791480719849127,-0.08345611713606477
42,2,172,0,inner_oof,f1_f2_f3,1,0.566093210826826,0.2659290085406526
42,2,189,0,inner_oof,f1_f2_f3,0,0.45564633413025574,-0.17788223115630072
42,2,308,0,inner_oof,f1_f2_f3,0,0.3692050117939437,-0.5356288326415174
42,2,167,0,inner_oof,f1_f2_f3,1,0.5109407458786321,0.043769970089263345
42,2,306,0,inner_oof,f1_f2_f3,1,0.5686978020273308,0.27654018960001114
42,2,103,0,inner_oof,f1_f2_f3,0,0.4472574390681284,-0.21175800620145124
42,2,202,0,inner_oof,f1_f2_f3,0,0.3810048574338149,-0.48528530121076974
42,2,122,1,inner_oof,f1_f2_f3,1,0.5022274194577026,0.008909736770782703
42,2,290,0,inner_oof,f1_f2_f3,1,0.5090712111551552,0.03628882642882264
42,2,201,0,inner_oof,f1_f2_f3,0,0.38937916939049866,-0.44992259731395745
42,2,224,1,inner_oof,f1_f2_f3,1,0.5478556645480194,0.19201041131492846
42,2,163,1,inner_oof,f1_f2_f3,0,0.43471567337285666,-0.2626366445826956
42,2,307,0,inner_oof,f1_f2_f3,0,0.45403151893188787,-0.18439462650550645
42,2,260,0,inner_oof,f1_f2_f3,0,0.2878888502674885,-0.9056595393310422
42,2,54,0,inner_oof,f1_f2_f3,0,0.4452138650602688,-0.22002793467382242
42,2,160,0,inner_oof,f1_f2_f3,1,0.5027716588621515,0.011086749008783259
42,2,298,1,inner_oof,f1_f2_f3,1,0.5265015536198948,0.10610565093415233
42,2,248,1,inner_oof,f1_f2_f3,1,0.6261585129677546,0.515771678541874
42,2,137,1,inner_oof,f1_f2_f3,0,0.4716345783971773,-0.11358364326570729
42,3,152,0,in_sample,f1,1,0.5708407531296611,0.2852822246926276
42,3,156,0,in_sample,f1,0,0.3862103559919718,-0.463270085375317
42,3,237,1,in_sample,f1,1,0.6065557258976553,0.43285716345585656
42,3,186,0,in_sample,f1,1,0.5409183110198407,0.1640401053191228
42,3,101,1,in_sample,f1,1,0.6185008651347214,0.483190007591108
42,3,258,0,in_sample,f1,1,0.6733890207378423,0.7235534055553411
42,3,134,0,in_sample,f1,1,0.5232504824920702,0.0930690509960651
42,3,81,1,in_sample,f1,0,0.4744457034236528,-0.10230632615711417
42,3,40,0,in_sample,f1,0,0.47910522902226943,-0.08362778817277361
42,3,60,1,in_sample,f1,0,0.4395220149488368,-0.2431021576344293
42,3,154,1,in_sample,f1,0,0.48016814619425274,-0.07936905408713474
42,3,14,1,in_sample,f1,1,0.542516936164134,0.17047943857069037
42,3,312,0,in_sample,f1,1,0.513472173693686,0.05390174148397096
42,3,304,1,in_sample,f1,1,0.5272300508010156,0.10902807747635845
42,3,106,1,in_sample,f1,1,0.613953031250517,0.4639593861260083
42,3,232,1,in_sample,f1,1,0.6157482396598403,0.47154021449644495
42,3,55,0,in_sample,f1,1,0.5906272789341975,0.3665591172416305
42,3,35,1,in_sample,f1,0,0.3797687428182713,-0.4905299080132791
42,3,89,1,in_sample,f1,0,0.44734696858683476,-0.2113958653817768
42,3,277,1,in_sample,f1,1,0.5047623538194463,0.019049991363814394
42,3,32,1,in_sample,f1,1,0.5746625507763425,0.3009001482598041
42,3,250,1,in_sample,f1,1,0.5238678534403415,0.09554402990006967
42,3,233,1,in_sample,f1,0,0.35922597451798344,-0.5787252144702808
42,3,268,1,in_sample,f1,1,0.6495919904268812,0.6172462415918126
42,3,51,0,in_sample,f1,0,0.48111654531853754,-0.07556976177936993
42,3,215,0,in_sample,f1,0,0.4301560645575005,-0.2812144421980134
42,3,153,0,in_sample,f1,0,0.29010765245489256,-0.894861265904658
42,3,80,0,in_sample,f1,1,0.5813596221820392,0.32835727186930025
42,3,117,0,in_sample,f1,1,0.6669226460009696,0.6942993088825095
42,3,239,0,in_sample,f1,1,0.6029877487544225,0.41792973959225166
42,3,210,1,in_sample,f1,1,0.5656671308614662,0.26419457747747044
42,3,85,1,in_sample,f1,1,0.6186810014887568,0.4839535036710559
42,3,195,0,in_sample,f1,0,0.47811047294756864,-0.08761411074424857
42,3,198,0,in_sample,f1,0,0.40221564658189557,-0.3962416968280126
42,3,282,0,in_sample,f1,0,0.3706726654196693,-0.5293321563774381
42,3,132,1,in_sample,f1,0,0.40217910006391117,-0.3963936987070233
42,3,207,0,in_sample,f1,0,0.4220645107453622,-0.3143040807398257
42,3,247,1,in_sample,f1,0,0.43555087904927964,-0.25923862983690615
42,3,87,1,in_sample,f1,0,0.4196838495848577,-0.3240713532137845
42,3,53,1,in_sample,f1,0,0.37813126245804307,-0.4974876470573908
42,3,127,0,in_sample,f1,1,0.631700268143703,0.5395179269911556
42,3,100,1,in_sample,f1,1,0.5300184850907306,0.12021851951725823
42,3,143,1,in_sample,f1,1,0.6122692605528766,0.4568610257611596
42,3,240,0,in_sample,f1,1,0.617088873055067,0.47721013641647647
42,3,271,0,in_sample,f1,0,0.4691375248809308,-0.12360703996878328
42,3,243,0,in_sample,f1,0,0.4623151751947105,-0.15102570511632304
42,3,30,0,in_sample,f1,0,0.4789844157921255,-0.08411189141234891
42,3,93,0,in_sample,f1,0,0.4062884899949614,-0.37933005423398863
42,3,20,0,in_sample,f1,1,0.5065095390806338,0.0260396275967167
42,3,270,1,in_sample,f1,1,0.512827161972117,0.05131990850081705
42,3,276,0,in_sample,f1,0,0.3640233769038514,-0.5579437186885601
42,3,185,0,in_sample,f1,1,0.5725224223621288,0.29215006332810534
42,3,180,0,in_sample,f1,1,0.578439215557987,0.31636949174039797
42,3,142,1,in_sample,f1,0,0.4417304535968819,-0.23414204125402105
42,3,63,1,in_sample,f1,0,0.43480186977863455,-0.2622858870765639
42,3,293,1,in_sample,f1,1,0.525465307404512,0.10194944049544735
42,3,47,1,in_sample,f1,0,0.4401643779271803,-0.24049496528292436
42,3,149,0,in_sample,f1,0,0.44097553730691463,-0.23720383077478538
42,3,144,1,in_sample,f1,0,0.46231546007431185,-0.15102455908785625
42,3,184,0,in_sample,f1,0,0.38362377543906917,-0.4741952103996769
42,3,199,0,in_sample,f1,0,0.37741431358229754,-0.5005377086935219
42,3,131,1,in_sample,f1,1,0.5337153564299975,0.135066385689662
42,3,305,0,in_sample,f1,0,0.4925578711184104,-0.02977071413546315
42,3,152,0,in_sample,f2,0,0.390575541352235,-0.4448936030315928
42,3,156,0,in_sample,f2,1,0.9108639806264156,2.3242300677207766
42,3,237,1,in_sample,f2,1,0.699164695632113,0.8433233771166587
42,3,186,0,in_sample,f2,1,0.6839757763166581,0.7721036343790432
42,3,101,1,in_sample,f2,0,0.49367723106644884,-0.02529242395906705
42,3,258,0,in_sample,f2,1,0.893634607370789,2.1284167082829644
42,3,134,0,in_sample,f2,0,0.14892425474420093,-1.7430633126970232
42,3,81,1,in_sample,f2,1,0.5341139607942583,0.13666817276113452
42,3,40,0,in_sample,f2,1,0.9026753290134526,2.2273104287878325
42,3,60,1,in_sample,f2,1,0.7280998467249461,0.9850032755301605
42,3,154,1,in_sample,f2,1,0.5195728242210134,0.0783313244122479
42,3,14,1,in_sample,f2,1,0.7863140422001866,1.3028488071248103
42,3,312,0,in_sample,f2,0,0.34076849938383375,-0.6598714042847817
42,3,304,1,in_sample,f2,0,0.323875564460751,-0.736017753628547
42,3,106,1,in_sample,f2,0,0.31425949478113807,-0.7802802227725708
42,3,232,1,in_sample,f2,0,0.48653497318195993,-0.0538731332228671
42,3,55,0,in_sample,f2,0,0.4172757961725174,-0.33396662576879843
42,3,35,1,in_sample,f2,1,0.8285454020505194,1.5753531390984628
42,3,89,1,in_sample,f2,0,0.26022149147874,-1.0448176699203127
42,3,277,1,in_sample,f2,0,0.47871512162496094,-0.0851909989859006
42,3,32,1,in_sample,f2,0,0.3507027482318253,-0.6159516333648083
42,3,250,1,in_sample,f2,0,0.21102273403037758,-1.3187716348121628
42,3,233,1,in_sample,f2,0,0.08460591552841339,-2.3813504782939585
42,3,268,1,in_sample,f2,1,0.509821795236973,0.03929223537479669
42,3,51,0,in_sample,f2,1,0.5791187466717022,0.319156810494326
42,3,215,0,in_sample,f2,1,0.6359764941699539,0.5579431617969116
42,3,153,0,in_sample,f2,1,0.6741518153871189,0.7270237494025826
42,3,80,0,in_sample,f2,1,0.7090416197413402,0.8907339930655637
42,3,117,0,in_sample,f2,0,0.02957920399638952,-3.490658241017804
42,3,239,0,in_sample,f2,1,0.8241968053809823,1.5450441858928912
42,3,210,1,in_sample,f2,0,0.43565736558304846,-0.2588054992256571
42,3,85,1,in_sample,f2,1,0.7026065595182389,0.8597410982835235
42,3,195,0,in_sample,f2,1,0.551238821284922,0.20567729742931343
42,3,198,0,in_sample,f2,0,0.06544021550508959,-2.658938614236977
42,3,282,0,in_sample,f2,1,0.9454915253073879,2.8533487363445786
42,3,132,1,in_sample,f2,1,0.5106317248075964,0.04253331025945309
42,3,207,0,in_sample,f2,0,0.31202525152171395,-0.7906680155676497
42,3,247,1,in_sample,f2,0,0.18845064925442262,-1.4601090343913785
42,3,87,1,in_sample,f2,0,0.4686081387019776,-0.12573282357833465
42,3,53,1,in_sample,f2,1,0.8375572900476567,1.6401642819181428
42,3,127,0,in_sample,f2,0,0.41989551940383213,-0.3232023092698246
42,3,100,1,in_sample,f2,1,0.6409493742069636,0.5794870769371683
42,3,143,1,in_sample,f2,0,0.3161411086981958,-0.7715629366455948
42,3,240,0,in_sample,f2,0,0.2747575802230051,-0.9706167886391526
42,3,271,0,in_sample,f2,1,0.8845891204563625,2.036624640091985
42,3,243,0,in_sample,f2,1,0.5435353701939316,0.1745835672214866
42,3,30,0,in_sample,f2,1,0.950527891545271,2.9556084603678037
42,3,93,0,in_sample,f2,1,0.5856370880932799,0.34595810548877587
42,3,20,0,in_sample,f2,1,0.771522765130145,1.216929602196891
42,3,270,1,in_sample,f2,0,0.2990258926616757,-0.851940782430493
42,3,276,0,in_sample,f2,0,0.442632239522032,-0.23048600808152842
42,3,185,0,in_sample,f2,0,0.10988101408529277,-2.0919570556194778
42,3,180,0,in_sample,f2,1,0.6186118664899422,0.48366046317897304
42,3,142,1,in_sample,f2,1,0.5237685525437615,0.09514592291724536
42,3,63,1,in_sample,f2,0,0.3179638199296201,-0.7631451038917114
42,3,293,1,in_sample,f2,0,0.3051919968868461,-0.8226944763397152
42,3,47,1,in_sample,f2,1,0.5276778480184479,0.11082468301297099
42,3,149,0,in_sample,f2,1,0.857625940157407,1.7957102188868719
42,3,144,1,in_sample,f2,1,0.8395225329194064,1.6546797763451908
42,3,184,0,in_sample,f2,0,0.15307259421659158,-1.7107027026513022
42,3,199,0,in_sample,f2,1,0.8200538859833263,1.5167126132159432
42,3,131,1,in_sample,f2,1,0.5867455281989526,0.3505276556987608
42,3,305,0,in_sample,f2,1,0.5148736486589263,0.059512152914991845
42,3,152,0,in_sample,f3,1,0.7191108231261638,0.9400552777356531
42,3,156,0,in_sample,f3,0,0.35221751017431435,-0.6093060647636819
42,3,237,1,in_sample,f3,0,0.08828465004390804,-2.334761571268814
42,3,186,0,in_sample,f3,1,0.7237032127239524,0.9629057769693811
42,3,101,1,in_sample,f3,0,0.4655186467599912,-0.13814469009409092
42,3,258,0,in_sample,f3,0,0.16125636996579976,-1.6489096351034473
42,3,134,0,in_sample,f3,1,0.5422724226072798,0.16949430194400042
42,3,81,1,in_sample,f3,1,0.5354978085868302,0.14223052157245233
42,3,40,0,in_sample,f3,0,0.43931546694956275,-0.24394065914466287
42,3,60,1,in_sample,f3,0,0.2342815995203702,-1.1842906701699174
42,3,154,1,in_sample,f3,1,0.6436983029304452,0.5914523069898079
42,3,14,1,in_sample,f3,1,0.7782896974195385,1.255727230229711
42,3,312,0,in_sample,f3,1,0.824403635062335,1.546472278173354
42,3,304,1,in_sample,f3,1,0.6159294309367249,0.47230608749764214
42,3,106,1,in_sample,f3,0,0.42393649326416927,-0.306634245391518
42,3,232,1,in_sample,f3,0,0.26381325202410366,-1.0262423460674581
42,3,55,0,in_sample,f3,1,0.5649530922681558,0.2612888460243031
42,3,35,1,in_sample,f3,1,0.6571473754625872,0.6506076203408313
42,3,89,1,in_sample,f3,1,0.6686647015504166,0.7021518920864183
42,3,277,1,in_sample,f3,1,0.7026764097180974,0.8600754114549125
42,3,32,1,in_sample,f3,1,0.9472766797479224,2.8885333477829573
42,3,250,1,in_sample,f3,0,0.1423743107944573,-1.795708163652618
42,3,233,1,in_sample,f3,0,0.4492505649251604,-0.20369917679607305
42,3,268,1,in_sample,f3,1,0.9167185942484981,2.3985752446737827
42,3,51,0,in_sample,f3,1,0.8314291794219566,1.5957901612759513
42,3,215,0,in_sample,f3,0,0.12476572051949114,-1.9480538556166849
42,3,153,0,in_sample,f3,1,0.859255030334844,1.8091162431653194
42,3,80,0,in_sample,f3,1,0.762738344770814,1.167751480299028
42,3,117,0,in_sample,f3,1,0.6289784356431987,0.5278367866874305
42,3,239,0,in_sample,f3,0,0.34002983157472705,-0.6631612809563499
42,3,210,1,in_sample,f3,1,0.7518309002761333,1.1084010644758493
42,3,85,1,in_sample,f3,0,0.4473850786753376,-0.2112417168551649
42,3,195,0,in_sample,f3,0,0.44546844384390427,-0.21899730310009227
42,3,198,0,in_sample,f3,1,0.7485134729142416,1.0906997857138088
42,3,282,0,in_sample,f3,1,0.6006750960484006,0.40827880162952174
42,3,132,1,in_sample,f3,1,0.8745748355108168,1.9420285841715221
42,3,207,0,in_sample,f3,0,0.42292071721886,-0.3107949304990138
42,3,247,1,in_sample,f3,1,0.505627296005324,0.022510134475108183
42,3,87,1,in_sample,f3,0,0.39266219048172035,-0.43613548332619423
42,3,53,1,in_sample,f3,1,0.84510618422648,1.6967224586358058
42,3,127,0,in_sample,f3,0,0.2930946611850526,-0.8804011330252243
42,3,100,1,in_sample,f3,1,0.5686128950207274,0.2761940350969423
42,3,143,1,in_sample,f3,1,0.8861562188855177,2.052066086829086
42,3,240,0,in_sample,f3,1,0.622964312724942,0.5021493900262323
42,3,271,0,in_sample,f3,0,0.32725224301655126,-0.7206391965961173
42,3,243,0,in_sample,f3,1,0.5542183180050342,0.21772935501987709
42,3,30,0,in_sample,f3,0,0.24783532029925848,-1.1101907943916696
42,3,93,0,in_sample,f3,0,0.3341243814964504,-0.6895895707519583
42,3,20,0,in_sample,f3,0,0.1305797262313938,-1.8958426683495488
42,3,270,1,in_sample,f3,1,0.6667233334701634,0.6934021920150754
42,3,276,0,in_sample,f3,0,0.16064526981128244,-1.6534347772250173
42,3,185,0,in_sample,f3,1,0.5005005393313212,0.0020021579941114764
42,3,180,0,in_sample,f3,1,0.6203678878382265,0.49111001165346335
42,3,142,1,in_sample,f3,1,0.7009035920938226,0.8516043925778135
42,3,63,1,in_sample,f3,0,0.1796447423342856,-1.5187562405213657
42,3,293,1,in_sample,f3,1,0.8346904037600171,1.619240825536743
42,3,47,1,in_sample,f3,0,0.2229573247576485,-1.248514887604268
42,3,149,0,in_sample,f3,0,0.11933606688869292,-1.9987324880892008
42,3,144,1,in_sample,f3,1,0.5312954306409208,0.125345579195787
42,3,184,0,in_sample,f3,0,0.25484879747360295,-1.0729167359884653
42,3,199,0,in_sample,f3,1,0.5197886156154049,0.07919582940073157
42,3,131,1,in_sample,f3,1,0.7188357049421643,0.9386936482653429
42,3,305,0,in_sample,f3,0,0.3036496105963499,-0.8299785267724932
42,3,152,0,in_sample,f1_f2,0,0.3997317781616295,-0.40658282413266034
42,3,156,0,in_sample,f1_f2,1,0.904760468714991,2.2512751330165743
42,3,237,1,in_sample,f1_f2,1,0.7086109053266829,0.8886471131212123
42,3,186,0,in_sample,f1_f2,1,0.6870019917426169,0.7861403642818532
42,3,101,1,in_sample,f1_f2,1,0.5082655161613466,0.033065076818191826
42,3,258,0,in_sample,f1_f2,1,0.9000468179516861,2.197744885076657
42,3,134,0,in_sample,f1_f2,0,0.15226107413416118,-1.7169760774906333
42,3,81,1,in_sample,f1_f2,1,0.5310353720708447,0.12430128768437282
42,3,40,0,in_sample,f1_f2,1,0.9002628083236272,2.2001480866678302
42,3,60,1,in_sample,f1_f2,1,0.7209228482509865,0.9490438518121628
42,3,154,1,in_sample,f1_f2,1,0.5172826455126549,0.06915813327317913
42,3,14,1,in_sample,f1_f2,1,0.7880699656885674,1.3133306814929488
42,3,312,0,in_sample,f1_f2,0,0.3436117330778181,-0.6472401471483169
42,3,304,1,in_sample,f1_f2,0,0.3282232380128795,-0.7162321053324833
42,3,106,1,in_sample,f1_f2,0,0.32782038715265976,-0.7180597275806715
42,3,232,1,in_sample,f1_f2,1,0.5008339738009069,0.003335898297174157
42,3,55,0,in_sample,f1_f2,0,0.4287572041400329,-0.28692352994488435
42,3,35,1,in_sample,f1_f2,1,0.8183576277212334,1.50525967228609
42,3,89,1,in_sample,f1_f2,0,0.2572132084468671,-1.0605037015361107
42,3,277,1,in_sample,f1_f2,0,0.47966950551583004,-0.08136683942363006
42,3,32,1,in_sample,f1_f2,0,0.36022269684272956,-0.5743977094479833
42,3,250,1,in_sample,f1_f2,0,0.214865449922617,-1.2958430865565949
42,3,233,1,in_sample,f1_f2,0,0.08093527606394976,-2.42970677421881
42,3,268,1,in_sample,f1_f2,1,0.5282238992591711,0.11301573524631295
42,3,51,0,in_sample,f1_f2,1,0.5765128895672921,0.30847461995712455
42,3,215,0,in_sample,f1_f2,1,0.6273676337151386,0.5209403860374099
42,3,153,0,in_sample,f1_f2,1,0.6492858602316243,0.6159016073012495
42,3,80,0,in_sample,f1_f2,1,0.7157108175757145,0.9232842312380395
42,3,117,0,in_sample,f1_f2,0,0.032955683419819706,-3.3790805910780057
42,3,239,0,in_sample,f1_f2,1,0.8296132967769978,1.5828891061027854
42,3,210,1,in_sample,f1_f2,0,0.44410743321354373,-0.2245085505157967
42,3,85,1,in_sample,f1_f2,1,0.7132023745271532,0.910988386074332
42,3,195,0,in_sample,f1_f2,1,0.5484699611163746,0.1944906107554224
42,3,198,0,in_sample,f1_f2,0,0.06395976606513154,-2.6834042300861185
42,3,282,0,in_sample,f1_f2,1,0.9409362279787615,2.7682576249197477
42,3,132,1,in_sample,f1_f2,0,0.499017559437936,-0.003929767305554076
42,3,207,0,in_sample,f1_f2,0,0.3056318734567723,-0.8206209117629188
42,3,247,1,in_sample,f1_f2,0,0.1857164418177707,-1.47808765280252
42,3,87,1,in_sample,f1_f2,0,0.459525370656295,-0.16225354285602744
42,3,53,1,in_sample,f1_f2,1,0.8276008738102928,1.5687187119957682
42,3,127,0,in_sample,f1_f2,0,0.4364102904051475,-0.2557436876151061
42,3,100,1,in_sample,f1_f2,1,0.6433413286861475,0.5898961995036186
42,3,143,1,in_sample,f1_f2,0,0.32954253471890993,-0.7102548291078459
42,3,240,0,in_sample,f1_f2,0,0.28796729927195036,-0.9052769088514527
42,3,271,0,in_sample,f1_f2,1,0.8814542840957814,2.0062744646028854
42,3,243,0,in_sample,f1_f2,1,0.5389541094832145,0.15613284354714813
42,3,30,0,in_sample,f1_f2,1,0.9489457687746342,2.9224632262028787
42,3,93,0,in_sample,f1_f2,1,0.5742100484418973,0.2990491142228409
42,3,20,0,in_sample,f1_f2,1,0.7704737448322884,1.2109881541266616
42,3,270,1,in_sample,f1_f2,0,0.3019450265254859,-0.8380528887879707
42,3,276,0,in_sample,f1_f2,0,0.4270546261538233,-0.29387844341951946
42,3,185,0,in_sample,f1_f2,0,0.115124636135779,-2.039431469329153
42,3,180,0,in_sample,f1_f2,1,0.6267037547814942,0.5181016210451351
42,3,142,1,in_sample,f1_f2,1,0.5168657560027304,0.06748862830431941
42,3,63,1,in_sample,f1_f2,0,0.31277976015024705,-0.7871555216941948
42,3,293,1,in_sample,f1_f2,0,0.3093750232584285,-0.8030427425270438
42,3,47,1,in_sample,f1_f2,1,0.5205600820958429,0.08228672797636163
42,3,149,0,in_sample,f1_f2,1,0.8524382462280358,1.7538540102890634
42,3,144,1,in_sample,f1_f2,1,0.8353717562778679,1.6241869792978867
42,3,184,0,in_sample,f1_f2,0,0.14777948400194812,-1.7521241252439714
42,3,199,0,in_sample,f1_f2,1,0.8093681644375809,1.445909893962845
42,3,131,1,in_sample,f1_f2,1,0.5901437661498754,0.36455972959663896
42,3,305,0,in_sample,f1_f2,1,0.5140891758298051,0.05637162653663366
42,3,152,0,in_sample,f1_f3,1,0.7248038396656202,0.9684168985781162
42,3,156,0,in_sample,f1_f3,0,0.3395285327094256,-0.6653959375835846
42,3,237,1,in_sample,f1_f3,0,0.09619328789713981,-2.240255940626735
42,3,186,0,in_sample,f1_f3,1,0.7258770303884757,0.9738038209355312
42,3,101,1,in_sample,f1_f3,0,0.48328449130627965,-0.06688696056221304
42,3,258,0,in_sample,f1_f3,0,0.17905380036932114,-1.5227712556098312
42,3,134,0,in_sample,f1_f3,1,0.5452069608060036,0.18132301061972403
42,3,81,1,in_sample,f1_f3,1,0.5316584734130837,0.1268035284854398
42,3,40,0,in_sample,f1_f3,0,0.43748205582164174,-0.25138734463958134
42,3,60,1,in_sample,f1_f3,0,0.23124533284497,-1.2012926963014245
42,3,154,1,in_sample,f1_f3,1,0.6394687793323727,0.5730592426242016
42,3,14,1,in_sample,f1_f3,1,0.7796259571788186,1.263487965288796
42,3,312,0,in_sample,f1_f3,1,0.8225507736364611,1.5337256922596225
42,3,304,1,in_sample,f1_f3,1,0.6182686023030546,0.4822057806987845
42,3,106,1,in_sample,f1_f3,0,0.4413297393218308,-0.2357671212829491
42,3,232,1,in_sample,f1_f3,0,0.2800214977068731,-0.9443549758915782
42,3,55,0,in_sample,f1_f3,1,0.5770144254445404,0.31052919120702144
42,3,35,1,in_sample,f1_f3,1,0.6395115809699952,0.5732448988029258
42,3,89,1,in_sample,f1_f3,1,0.6600586259630989,0.6635554848530504
42,3,277,1,in_sample,f1_f3,1,0.7009631622450074,0.8518885663655948
42,3,32,1,in_sample,f1_f3,1,0.9474578904605915,2.892167558620261
42,3,250,1,in_sample,f1_f3,0,0.14724657169460534,-1.7563619015334555
42,3,233,1,in_sample,f1_f3,0,0.4300308014841098,-0.2817254841964866
42,3,268,1,in_sample,f1_f3,1,0.9208334029278376,2.4537246770179117
42,3,51,0,in_sample,f1_f3,1,0.8269337617929284,1.5640501962210829
42,3,215,0,in_sample,f1_f3,0,0.12347919547995033,-1.959887755758594
42,3,153,0,in_sample,f1_f3,1,0.8400435325985078,1.6585520155435303
42,3,80,0,in_sample,f1_f3,1,0.7683570961156222,1.1990576155089419
42,3,117,0,in_sample,f1_f3,1,0.6501607116689309,0.6197457082173456
42,3,239,0,in_sample,f1_f3,0,0.3557461165348657,-0.5938755567651259
42,3,210,1,in_sample,f1_f3,1,0.7561069322072664,1.1314529284118415
42,3,85,1,in_sample,f1_f3,0,0.4653393083217662,-0.13886548972571428
42,3,195,0,in_sample,f1_f3,0,0.44340541477639595,-0.22735261168356935
42,3,198,0,in_sample,f1_f3,1,0.7350872375525718,1.020588609240416
42,3,282,0,in_sample,f1_f3,1,0.5814620565255094,0.32877816756820055
42,3,132,1,in_sample,f1_f3,1,0.865311738827767,1.86012690203792
42,3,207,0,in_sample,f1_f3,0,0.41339630746754746,-0.34994273622608246
42,3,247,1,in_sample,f1_f3,0,0.49663573082664175,-0.013457279780718055
42,3,87,1,in_sample,f1_f3,0,0.3834495799761392,-0.47493196473574095
42,3,53,1,in_sample,f1_f3,1,0.8325646954845145,1.6039138961728763
42,3,127,0,in_sample,f1_f3,0,0.31197210753996824,-0.7909155935750866
42,3,100,1,in_sample,f1_f3,1,0.5720910061124,0.2903875384507263
42,3,143,1,in_sample,f1_f3,1,0.8898609868677035,2.089321932322474
42,3,240,0,in_sample,f1_f3,1,0.6373104722408512,0.563709761523233
42,3,271,0,in_sample,f1_f3,0,0.3258203923794839,-0.7271502696416238
42,3,243,0,in_sample,f1_f3,1,0.5484396204513093,0.1943680975160782
42,3,30,0,in_sample,f1_f3,0,0.24866768123713937,-1.1057306640012667
42,3,93,0,in_sample,f1_f3,0,0.3246030243432925,-0.7326976579104
42,3,20,0,in_sample,f1_f3,0,0.13412801869555369,-1.864942362760437
42,3,270,1,in_sample,f1_f3,1,0.666430257599463,0.6920835282500177
42,3,276,0,in_sample,f1_f3,0,0.15336092701526446,-1.7084803364308723
42,3,185,0,in_sample,f1_f3,1,0.5110739461210279,0.044303029407425115
42,3,180,0,in_sample,f1_f3,1,0.6295005472974946,0.5300747553513883
42,3,142,1,in_sample,f1_f3,1,0.6916244703826946,0.8077248431663779
42,3,63,1,in_sample,f1_f3,0,0.17743141269356438,-1.5338477411045779
42,3,293,1,in_sample,f1_f3,1,0.8337282228870623,1.6122838163024156
42,3,47,1,in_sample,f1_f3,0,0.22024137440848843,-1.2642603161045276
42,3,149,0,in_sample,f1_f3,0,0.11882114682456012,-2.003641222220472
42,3,144,1,in_sample,f1_f3,1,0.5257924911106022,0.10326162294531009
42,3,184,0,in_sample,f1_f3,0,0.24524366351656912,-1.1241427027468158
42,3,199,0,in_sample,f1_f3,1,0.5020792447813498,0.00831702706783509
42,3,131,1,in_sample,f1_f3,1,0.7202754936137199,0.9458285557920005
42,3,305,0,in_sample,f1_f3,0,0.30540154342786946,-0.8217064717060267
42,3,152,0,in_sample,f2_f3,1,0.6233276081828956,0.5036964139678181
42,3,156,0,in_sample,f2_f3,1,0.8486183045459638,1.7238050710177486
42,3,237,1,in_sample,f2_f3,0,0.18463928431128215,-1.4852265040794304
42,3,186,0,in_sample,f2_f3,1,0.8512426640827766,1.74438087930873
42,3,101,1,in_sample,f2_f3,0,0.46116083963836446,-0.1556702475234438
42,3,258,0,in_sample,f2_f3,1,0.6194574292282192,0.4872459285768911
42,3,134,0,in_sample,f2_f3,0,0.17269411666418086,-1.5666525798855444
42,3,81,1,in_sample,f2_f3,1,0.5712729533729654,0.28704666087711767
42,3,40,0,in_sample,f2_f3,1,0.8800117397258825,1.9925413410336057
42,3,60,1,in_sample,f2_f3,0,0.4521811264089423,-0.19186188796107873
42,3,154,1,in_sample,f2_f3,1,0.6633657540125056,0.6783294857687048
42,3,14,1,in_sample,f2_f3,1,0.9288123599109724,2.5685875285993545
42,3,312,0,in_sample,f2_f3,1,0.7100406661827764,0.8955815597777517
42,3,304,1,in_sample,f2_f3,0,0.4363898681718514,-0.25582671999558454
42,3,106,1,in_sample,f2_f3,0,0.25354069199683116,-1.0798167742692357
42,3,232,1,in_sample,f2_f3,0,0.25478902044877855,-1.073231540406981
42,3,55,0,in_sample,f2_f3,0,0.4838233988568663,-0.06472899546727873
42,3,35,1,in_sample,f2_f3,1,0.9033982009377863,2.2355660669062143
42,3,89,1,in_sample,f2_f3,0,0.4170819352305896,-0.3347639459082401
42,3,277,1,in_sample,f2_f3,1,0.6864516243859505,0.7835820993506085
42,3,32,1,in_sample,f2_f3,1,0.9074506473326996,2.2828971369712674
42,3,250,1,in_sample,f2_f3,0,0.04272972996819802,-3.109190835261911
42,3,233,1,in_sample,f2_f3,0,0.07050725460840358,-2.578923395509678
42,3,268,1,in_sample,f2_f3,1,0.9204256840871538,2.448144886753642
42,3,51,0,in_sample,f2_f3,1,0.8726539457673089,1.9246308633531455
42,3,215,0,in_sample,f2_f3,0,0.20041319764832857,-1.383713873606114
42,3,153,0,in_sample,f2_f3,1,0.9273248447916586,2.546304347969663
42,3,80,0,in_sample,f2_f3,1,0.8877673312790293,2.0681355785556894
42,3,117,0,in_sample,f2_f3,0,0.04941957817765495,-2.956726103301686
42,3,239,0,in_sample,f2_f3,1,0.7089294016328322,0.89019010318829
42,3,210,1,in_sample,f2_f3,1,0.7023301462235153,0.8584185881111073
42,3,85,1,in_sample,f2_f3,1,0.6585383715899289,0.6567874798982026
42,3,195,0,in_sample,f2_f3,0,0.49863070396481446,-0.005477197833557018
42,3,198,0,in_sample,f2_f3,0,0.17349755521982116,-1.5610393669128548
42,3,282,0,in_sample,f2_f3,1,0.963450460192331,3.27185247466718
42,3,132,1,in_sample,f2_f3,1,0.8802075863553218,1.9943974147327326
42,3,207,0,in_sample,f2_f3,0,0.2507950978355002,-1.0943762512899797
42,3,247,1,in_sample,f2_f3,0,0.19299959836293423,-1.4306360580797022
42,3,87,1,in_sample,f2_f3,0,0.36483062282660794,-0.554458500202228
42,3,53,1,in_sample,f2_f3,1,0.9660246115255177,3.347552917558297
42,3,127,0,in_sample,f2_f3,0,0.23205246883489125,-1.1967579071510526
42,3,100,1,in_sample,f2_f3,1,0.7035490336040476,0.8642557435904552
42,3,143,1,in_sample,f2_f3,1,0.7841304056471665,1.289900844734194
42,3,240,0,in_sample,f2_f3,0,0.38681730211671983,-0.46071043648505416
42,3,271,0,in_sample,f2_f3,1,0.7899403233955435,1.3245657379476026
42,3,243,0,in_sample,f2_f3,1,0.5988221260741698,0.400559697723718
42,3,30,0,in_sample,f2_f3,1,0.8646234709160238,1.8542341179954986
42,3,93,0,in_sample,f2_f3,0,0.4167443853775581,-0.3361524881566859
42,3,20,0,in_sample,f2_f3,0,0.33804368728723344,-0.6720244214186157
42,3,270,1,in_sample,f2_f3,0,0.46244183492856655,-0.15051618150636015
42,3,276,0,in_sample,f2_f3,0,0.13264579189915282,-1.877765081129177
42,3,185,0,in_sample,f2_f3,0,0.11071731924816086,-2.083434881485548
42,3,180,0,in_sample,f2_f3,1,0.727800161090754,0.9834900081104244
42,3,142,1,in_sample,f2_f3,1,0.7222320549156541,0.9555604577562262
42,3,63,1,in_sample,f2_f3,0,0.09313266910624173,-2.275971140845174
42,3,293,1,in_sample,f2_f3,1,0.6911473711783118,0.8054888396047684
42,3,47,1,in_sample,f2_f3,0,0.2439927915515714,-1.1309122290833937
42,3,149,0,in_sample,f2_f3,0,0.45119431449522684,-0.19584633699112253
42,3,144,1,in_sample,f2_f3,1,0.8568258372021652,1.78917286328544
42,3,184,0,in_sample,f2_f3,0,0.05853073133751708,-2.7778897684253083
42,3,199,0,in_sample,f2_f3,1,0.8327047226244785,1.60491872556968
42,3,131,1,in_sample,f2_f3,1,0.7855465590571742,1.2982870728205016
42,3,305,0,in_sample,f2_f3,0,0.31792683483593953,-0.7633156552129041
42,3,152,0,in_sample,f1_f2_f3,1,0.574034686529617,0.29833190481205346
42,3,156,0,in_sample,f1_f2_f3,1,0.902020297388151,2.219876681443634
42,3,237,1,in_sample,f1_f2_f3,0,0.1162299840884287,-2.028626016035097
42,3,186,0,in_sample,f1_f2_f3,1,0.8485827746314965,1.7235285255579698
42,3,101,1,in_sample,f1_f2_f3,0,0.35305186295848173,-0.6056511654520661
42,3,258,0,in_sample,f1_f2_f3,0,0.4559320464318297,-0.17673037627530275
42,3,134,0,in_sample,f1_f2_f3,0,0.14837902442622655,-1.747371587591374
42,3,81,1,in_sample,f1_f2_f3,1,0.5970268020100382,0.39309195336738784
42,3,40,0,in_sample,f1_f2_f3,1,0.8980973163967758,2.1762601570461877
42,3,60,1,in_sample,f1_f2_f3,0,0.4939889131034567,-0.02404550608449907
42,3,154,1,in_sample,f1_f2_f3,1,0.68987099655163,0.7995162675195212
42,3,14,1,in_sample,f1_f2_f3,1,0.9308618727095699,2.6000045534685574
42,3,312,0,in_sample,f1_f2_f3,1,0.7183045716368057,0.9360672275754264
42,3,304,1,in_sample,f1_f2_f3,0,0.41029818838456855,-0.3627328210035436
42,3,106,1,in_sample,f1_f2_f3,0,0.17170937620362545,-1.5735607132532559
42,3,232,1,in_sample,f1_f2_f3,0,0.16910560794407498,-1.5919792825751722
42,3,55,0,in_sample,f1_f2_f3,0,0.4025441683694262,-0.3948755331986203
42,3,35,1,in_sample,f1_f2_f3,1,0.9437410928531641,2.8198874846566246
42,3,89,1,in_sample,f1_f2_f3,0,0.4613166972028835,-0.15504304795868717
42,3,277,1,in_sample,f1_f2_f3,1,0.6964560760537593,0.830478402690302
42,3,32,1,in_sample,f1_f2_f3,1,0.9022920590616138,2.222955423645754
42,3,250,1,in_sample,f1_f2_f3,0,0.03114653981424886,-3.4374102149172607
42,3,233,1,in_sample,f1_f2_f3,0,0.0968550932248896,-2.2326670358955703
42,3,268,1,in_sample,f1_f2_f3,1,0.8912668462287001,2.1037471232300344
42,3,51,0,in_sample,f1_f2_f3,1,0.8951725963194519,2.144701321525326
42,3,215,0,in_sample,f1_f2_f3,0,0.2184636666288155,-1.2746419253615064
42,3,153,0,in_sample,f1_f2_f3,1,0.9718025657647252,3.539921672947216
42,3,80,0,in_sample,f1_f2_f3,1,0.872804930172902,1.925990192254697
42,3,117,0,in_sample,f1_f2_f3,0,0.023002416459959558,-3.748884904805913
42,3,239,0,in_sample,f1_f2_f3,1,0.6338393599297478,0.5487234024215957
42,3,210,1,in_sample,f1_f2_f3,1,0.6677231512509534,0.6979051401913177
42,3,85,1,in_sample,f1_f2_f3,1,0.5631435452858061,0.25392989840562596
42,3,195,0,in_sample,f1_f2_f3,1,0.5150506004616604,0.06022059451494968
42,3,198,0,in_sample,f1_f2_f3,0,0.2172845927523473,-1.2815611837290377
42,3,282,0,in_sample,f1_f2_f3,1,0.9810692517281437,3.9478555572687615
42,3,132,1,in_sample,f1_f2_f3,1,0.9250872804069454,2.51356439315048
42,3,207,0,in_sample,f1_f2_f3,0,0.28993801457673907,-0.8956851123422508
42,3,247,1,in_sample,f1_f2_f3,0,0.2153559053056804,-1.2929381993965594
42,3,87,1,in_sample,f1_f2_f3,0,0.4213371686532711,-0.3172865898596152
42,3,53,1,in_sample,f1_f2_f3,1,0.9825910630163456,4.033209330339083
42,3,127,0,in_sample,f1_f2_f3,0,0.14432167833482998,-1.7798498275599546
42,3,100,1,in_sample,f1_f2_f3,1,0.6922824090967771,0.810811528296237
42,3,143,1,in_sample,f1_f2_f3,1,0.7327411623793912,1.0085749005257336
42,3,240,0,in_sample,f1_f2_f3,0,0.28752676712795233,-0.9074263845809017
42,3,271,0,in_sample,f1_f2_f3,1,0.8161818027785757,1.4906899170930694
42,3,243,0,in_sample,f1_f2_f3,1,0.6362013498667706,0.5589145454643725
42,3,30,0,in_sample,f1_f2_f3,1,0.8815792506939493,2.007470947544288
42,3,93,0,in_sample,f1_f2_f3,0,0.4892614871426419,-0.04296065762413798
42,3,20,0,in_sample,f1_f2_f3,0,0.3117761672251118,-0.791828605752106
42,3,270,1,in_sample,f1_f2_f3,0,0.4516932477097468,-0.19383160335802463
42,3,276,0,in_sample,f1_f2_f3,0,0.17585135312876043,-1.5447118566483038
42,3,185,0,in_sample,f1_f2_f3,0,0.07745147567125782,-2.477488355536451
42,3,180,0,in_sample,f1_f2_f3,1,0.6831182394573317,0.7681392532237781
42,3,142,1,in_sample,f1_f2_f3,1,0.7752769411710901,1.2383515145304005
42,3,63,1,in_sample,f1_f2_f3,0,0.09733288987623709,-2.2272168791146782
42,3,293,1,in_sample,f1_f2_f3,1,0.6898758832359603,0.7995391080348603
42,3,47,1,in_sample,f1_f2_f3,0,0.26414682273112566,-1.0245255161593367
42,3,149,0,in_sample,f1_f2_f3,0,0.4863435800519263,-0.054639269301301585
42,3,144,1,in_sample,f1_f2_f3,1,0.8839186696977132,2.03007398707092
42,3,184,0,in_sample,f1_f2_f3,0,0.07179281788549734,-2.559470522856059
42,3,199,0,in_sample,f1_f2_f3,1,0.8951789794090178,2.144769345343378
42,3,131,1,in_sample,f1_f2_f3,1,0.7816546563443545,1.2753350725123205
42,3,305,0,in_sample,f1_f2_f3,0,0.307602873375126,-0.8113500945566223
42,3,152,0,inner_oof,f1,1,0.5050194339476236,0.020078410301779804
42,3,156,0,inner_oof,f1,0,0.4835999228363937,-0.06562384921869696
42,3,237,1,inner_oof,f1,1,0.5092425382416886,0.03697436470669871
42,3,186,0,inner_oof,f1,1,0.5015493245845104,0.006197318172870886
42,3,101,1,inner_oof,f1,1,0.5106826256139727,0.04273700602443305
42,3,258,0,inner_oof,f1,1,0.5175568723757306,0.07025637378870397
42,3,134,0,inner_oof,f1,0,0.4995179487074932,-0.0019282057674459363
42,3,81,1,inner_oof,f1,0,0.493926082640716,-0.02429686464603916
42,3,40,0,inner_oof,f1,0,0.4944606400923592,-0.022158346217511785
42,3,60,1,inner_oof,f1,0,0.4898972065918237,-0.040416674479469394
42,3,154,1,inner_oof,f1,0,0.4945825217932284,-0.021670760875876816
42,3,14,1,inner_oof,f1,1,0.5017336334991616,0.006934561785698137
42,3,312,0,inner_oof,f1,0,0.49839688112200636,-0.006412497485441766
42,3,304,1,inner_oof,f1,0,0.49997473848810625,-0.00010104604766080286
42,3,106,1,inner_oof,f1,1,0.510132432443535,0.04053527918533956
42,3,232,1,inner_oof,f1,1,0.5103493249549902,0.04140321334524401
42,3,55,0,inner_oof,f1,1,0.5073454356519373,0.029383856620715472
42,3,35,1,inner_oof,f1,0,0.4828205539155419,-0.0687448447226568
42,3,89,1,inner_oof,f1,0,0.49080438705995516,-0.0367865996663648
42,3,277,1,inner_oof,f1,0,0.4973993489791286,-0.010402697894107065
42,3,32,1,inner_oof,f1,1,0.5054664114201634,0.0218665169186756
42,3,250,1,inner_oof,f1,0,0.4995887891524038,-0.0016448437612296297
42,3,233,1,inner_oof,f1,0,0.4802996077152491,-0.07884238492232548
42,3,268,1,inner_oof,f1,1,0.5145172173029315,0.058085194791125005
42,3,51,0,inner_oof,f1,0,0.49469125516693274,-0.021235777333678332
42,3,215,0,inner_oof,f1,0,0.48880682645696394,-0.04478017567859076
42,3,153,0,inner_oof,f1,0,0.47127241984721424,-0.11503701495606163
42,3,80,0,inner_oof,f1,1,0.5062521994908293,0.02501010154411515
42,3,117,0,inner_oof,f1,1,0.5167205260635389,0.06690705250364301
42,3,239,0,inner_oof,f1,1,0.5088154148837867,0.03526531386719932
42,3,210,1,inner_oof,f1,1,0.5044159030125751,0.017664071330405012
42,3,85,1,inner_oof,f1,1,0.5107044689135578,0.04282441920625948
42,3,195,0,inner_oof,f1,0,0.49434655519622217,-0.02261474298091483
42,3,198,0,inner_oof,f1,0,0.4855166219744408,-0.05794972374575704
42,3,282,0,inner_oof,f1,0,0.48171132761908847,-0.07318734034327856
42,3,132,1,inner_oof,f1,0,0.48551227492664495,-0.05796712654354066
42,3,207,0,inner_oof,f1,0,0.4878602286081272,-0.04856863074259526
42,3,247,1,inner_oof,f1,0,0.4894355350052406,-0.04226415007982671
42,3,87,1,inner_oof,f1,0,0.48758083182743356,-0.04968689236454449
42,3,53,1,inner_oof,f1,0,0.48262164268977736,-0.06954144096478192
42,3,127,0,inner_oof,f1,1,0.5122940284464038,0.049186027558055984
42,3,100,1,inner_oof,f1,1,0.5002950387705458,0.0011801552191564712
42,3,143,1,inner_oof,f1,1,0.5099293402007128,0.03972258311323351
42,3,240,0,inner_oof,f1,1,0.510511542627088,0.0420523665350956
42,3,271,0,inner_oof,f1,0,0.493316498665816,-0.026735597755944827
42,3,243,0,inner_oof,f1,0,0.4925318606245939,-0.029874779246101758
42,3,30,0,inner_oof,f1,0,0.4944467854706041,-0.022213771524353762
42,3,93,0,inner_oof,f1,0,0.4860002855736684,-0.056013498363753966
42,3,20,0,inner_oof,f1,0,0.4975994060156202,-0.009602449721295269
42,3,270,1,inner_oof,f1,0,0.4983229829667655,-0.00670809328734464
42,3,276,0,inner_oof,f1,0,0.48089353373139115,-0.07646309743532667
42,3,185,0,inner_oof,f1,1,0.505215989221945,0.020864713785405473
42,3,180,0,inner_oof,f1,1,0.5059091279906056,0.023637612501113806
42,3,142,1,inner_oof,f1,0,0.49015356696533796,-0.039390824703790094
42,3,63,1,inner_oof,f1,0,0.4893483536306696,-0.042613032619184706
42,3,293,1,inner_oof,f1,0,0.49977212902172147,-0.0009114839762194909
42,3,47,1,inner_oof,f1,0,0.48997180115275035,-0.04011817526635736
42,3,149,0,inner_oof,f1,0,0.4900659646673519,-0.039741371053826476
42,3,144,1,inner_oof,f1,0,0.4925318934196693,-0.029874648036528614
42,3,184,0,inner_oof,f1,0,0.48328755947426477,-0.0668746741611066
42,3,199,0,inner_oof,f1,0,0.4825344477777045,-0.06989064458138611
42,3,131,1,inner_oof,f1,1,0.500720023863501,0.002880097444860315
42,3,305,0,inner_oof,f1,0,0.4960020318470864,-0.015992213438173815
42,3,152,0,inner_oof,f2,0,0.4884530796176186,-0.04619589518050897
42,3,156,0,inner_oof,f2,1,0.5433497797899132,0.17383555885953195
42,3,237,1,inner_oof,f2,1,0.51403740467118,0.056164377946648844
42,3,186,0,inner_oof,f2,1,0.5126236510702504,0.0505053372485288
42,3,101,1,inner_oof,f2,0,0.49678632996030975,-0.012854857175095994
42,3,258,0,inner_oof,f2,1,0.5394867135219891,0.1582764494370695
42,3,134,0,inner_oof,f2,0,0.4627324935193327,-0.14934700100700127
42,3,81,1,inner_oof,f2,1,0.5000035874441306,1.4349776522834187e-05
42,3,40,0,inner_oof,f2,1,0.5414383417096775,0.16613443329959718
42,3,60,1,inner_oof,f2,1,0.5168491436834807,0.06742210340883381
42,3,154,1,inner_oof,f2,0,0.4988447444019099,-0.004621030615437546
42,3,14,1,inner_oof,f2,1,0.5231528683994332,0.09267775205160425
42,3,312,0,inner_oof,f2,0,0.48418582901166507,-0.06327778960641528
42,3,304,1,inner_oof,f2,0,0.48267486552381755,-0.06932829292734402
42,3,106,1,inner_oof,f2,0,0.48179671410479585,-0.07284533896903123
42,3,232,1,inner_oof,f2,0,0.49621861004424517,-0.015125848204940815
42,3,55,0,inner_oof,f2,0,0.4906556475557852,-0.037381762262867296
42,3,35,1,inner_oof,f2,1,0.5285515657875666,0.11433063994161381
42,3,89,1,inner_oof,f2,0,0.47655091753620593,-0.09386518714653912
42,3,277,1,inner_oof,f2,0,0.4955965311994729,-0.017614330613311843
42,3,32,1,inner_oof,f2,0,0.4850574573764318,-0.05978797398037585
42,3,250,1,inner_oof,f2,0,0.47112385289219844,-0.1156332612386617
42,3,233,1,inner_oof,f2,0,0.4501500177049804,-0.20006458167151225
42,3,268,1,inner_oof,f2,0,0.49806925141025754,-0.0077230327455826255
42,3,51,0,inner_oof,f2,1,0.5036286092428097,0.014514691790973484
42,3,215,0,inner_oof,f2,1,0.5083713143750409,0.033488386840046076
42,3,153,0,inner_oof,f2,1,0.5117286831271455,0.046923340263672786
42,3,80,0,inner_oof,f2,1,0.5149784100375383,0.059931572194545035
42,3,117,0,inner_oof,f2,0,0.4284424072143678,-0.28820892949824384
42,3,239,0,inner_oof,f2,1,0.527951409211684,0.11192232459091606
42,3,210,1,inner_oof,f2,0,0.49214825959722436,-0.0314095436381637
42,3,85,1,inner_oof,f2,1,0.5143632750179303,0.057468911615016105
42,3,195,0,inner_oof,f2,1,0.5013744308501044,0.00549773724785391
42,3,198,0,inner_oof,f2,0,0.4446968361382408,-0.2221214229101024
42,3,282,0,inner_oof,f2,1,0.5537610570036959,0.21587873347346814
42,3,132,1,inner_oof,f2,0,0.4981336335236299,-0.007465500578617383
42,3,207,0,inner_oof,f2,0,0.48159064013318426,-0.07367074130736263
42,3,247,1,inner_oof,f2,0,0.46832652608449843,-0.12686377212848543
42,3,87,1,inner_oof,f2,0,0.49479125383183226,-0.020835738421394995
42,3,53,1,inner_oof,f2,1,0.5298346313419428,0.11948046049431466
42,3,127,0,inner_oof,f2,0,0.4908694046893826,-0.03652644177428366
42,3,100,1,inner_oof,f2,1,0.508799151994255,0.03520024211906219
42,3,143,1,inner_oof,f2,0,0.48196965319605956,-0.07215267321269091
42,3,240,0,inner_oof,f2,0,0.47802185436512323,-0.08796926853091795
42,3,271,0,inner_oof,f2,1,0.5376741482255973,0.15098275488426674
42,3,243,0,inner_oof,f2,1,0.5007567655218249,0.003027064398743484
42,3,30,0,inner_oof,f2,1,0.5557680453525385,0.22400417619175966
42,3,93,0,inner_oof,f2,1,0.5041609770807765,0.01664429256325775
42,3,20,0,inner_oof,f2,1,0.5214495045850647,0.08585070861185863
42,3,270,1,inner_oof,f2,0,0.48037523518804526,-0.07853940648410603
42,3,276,0,inner_oof,f2,0,0.49271068930338363,-0.029159308706466446
42,3,185,0,inner_oof,f2,0,0.455847874327512,-0.17706970561984445
42,3,180,0,inner_oof,f2,1,0.5068960544667492,0.02758596711081731
42,3,142,1,inner_oof,f2,0,0.4991787603585173,-0.0032849615199215367
42,3,63,1,inner_oof,f2,0,0.4821366556401416,-0.07148380168475382
42,3,293,1,inner_oof,f2,0,0.4809553360355796,-0.0762155278786028
42,3,47,1,inner_oof,f2,0,0.49949021395974974,-0.002039144867583229
42,3,149,0,inner_oof,f2,1,0.5329123323525464,0.13183996579295348
42,3,144,1,inner_oof,f2,1,0.5301219410071213,0.12063384536427452
42,3,184,0,inner_oof,f2,0,0.4633718176098576,-0.1467756633101016
42,3,199,0,inner_oof,f2,1,0.5273903342307781,0.10967112967420212
42,3,131,1,inner_oof,f2,1,0.504251743486919,0.017007383886202817
42,3,305,0,inner_oof,f2,0,0.4984709095600685,-0.006116380827530127
42,3,152,0,inner_oof,f3,1,0.572157743882515,0.29066016220543694
42,3,156,0,inner_oof,f3,0,0.44845048243045027,-0.20693335339720434
42,3,237,1,inner_oof,f3,0,0.3184115412222636,-0.7610813419566862
42,3,186,0,inner_oof,f3,1,0.573953243350436,0.29799883778426883
42,3,101,1,inner_oof,f3,0,0.4860998386903713,-0.05561497568434641
42,3,258,0,inner_oof,f3,0,0.3679985113577001,-0.5408128566536526
42,3,134,0,inner_oof,f3,1,0.5107949441385599,0.04318648746417186
42,3,81,1,inner_oof,f3,1,0.5086067599551292,0.03443044072957824
42,3,40,0,inner_oof,f3,0,0.47761685711858776,-0.08959245190789877
42,3,60,1,inner_oof,f3,0,0.4033332414860458,-0.39159564189857704
42,3,154,1,inner_oof,f3,1,0.5445571593866103,0.17870269108179923
42,3,14,1,inner_oof,f3,1,0.596774050709506,0.3920414941839941
42,3,312,0,inner_oof,f3,1,0.6190262706669221,0.48541729141213363
42,3,304,1,inner_oof,f3,1,0.5350518198815358,0.14043764302513767
42,3,106,1,inner_oof,f3,0,0.4725957028789988,-0.10972714943170991
42,3,232,1,inner_oof,f3,0,0.4156062279693005,-0.340836778186136
42,3,55,0,inner_oof,f3,1,0.5181588251118752,0.07266726037953135
42,3,35,1,inner_oof,f3,1,0.5492649005376607,0.19770103545085932
42,3,89,1,inner_oof,f3,1,0.5533597853054482,0.21425501461861796
42,3,277,1,inner_oof,f3,1,0.565858565560613,0.26497379599220483
42,3,32,1,inner_oof,f3,1,0.7143149859633409,0.9164341675033031
42,3,250,1,inner_oof,f3,0,0.3571033530335583,-0.5879587314747213
42,3,233,1,inner_oof,f3,0,0.4808422629794238,-0.07666848115579837
42,3,268,1,inner_oof,f3,1,0.6811537467343692,0.7590790248799478
42,3,51,0,inner_oof,f3,1,0.6227545074520475,0.5012562427025503
42,3,215,0,inner_oof,f3,0,0.3459507714964519,-0.636886135542407
42,3,153,0,inner_oof,f3,1,0.6387096714359529,0.5697681334702864
42,3,80,0,inner_oof,f3,1,0.5899568901987274,0.36378716674274647
42,3,117,0,inner_oof,f3,1,0.539485584459381,0.15827190484371756
42,3,239,0,inner_oof,f3,0,0.4441763211151116,-0.22422951641855676
42,3,210,1,inner_oof,f3,1,0.5853381057211219,0.34472616318479377
42,3,85,1,inner_oof,f3,0,0.48023758908577185,-0.07909084637276123
42,3,195,0,inner_oof,f3,0,0.47961589598946797,-0.08158163358896192
42,3,198,0,inner_oof,f3,1,0.5839576034080028,0.33904121333593695
42,3,282,0,inner_oof,f3,1,0.5299328177222318,0.11987461399136859
42,3,132,1,inner_oof,f3,1,0.6485004609503671,0.6124543146819376
42,3,207,0,inner_oof,f3,0,0.47226265681194446,-0.1110633967441765
42,3,247,1,inner_oof,f3,0,0.4989952495455636,-0.004019007227460966
42,3,87,1,inner_oof,f3,0,0.46224256226838084,-0.15131781940083455
42,3,53,1,inner_oof,f3,1,0.6303390698325068,0.5336717001581519
42,3,127,0,inner_oof,f3,0,0.42702528651911775,-0.2939983552005889
42,3,100,1,inner_oof,f3,1,0.5193538796222681,0.07745421693248912
42,3,143,1,inner_oof,f3,1,0.6565131743747685,0.6477940035547646
42,3,240,0,inner_oof,f3,1,0.5374353468698444,0.15002213013931825
42,3,271,0,inner_oof,f3,0,0.43962375951039856,-0.24268914706002295
42,3,243,0,inner_oof,f3,1,0.5146652116188637,0.05867767662511207
42,3,30,0,inner_oof,f3,0,0.40907328289456524,-0.36779769581407085
42,3,93,0,inner_oof,f3,0,0.4420818461629894,-0.23271723666175617
42,3,20,0,inner_oof,f3,0,0.34975462157704396,-0.620117969515925
42,3,270,1,inner_oof,f3,1,0.5526651682874172,0.21144495740372385
42,3,276,0,inner_oof,f3,0,0.3676605749362727,-0.5422661531282125
42,3,185,0,inner_oof,f3,0,0.4973486855373741,-0.01060535725128042
42,3,180,0,inner_oof,f3,1,0.5365538465488013,0.14647671891477287
42,3,142,1,inner_oof,f3,1,0.5651901072462123,0.2622532401424039
42,3,63,1,inner_oof,f3,0,0.37777270664633145,-0.4990127397917957
42,3,293,1,inner_oof,f3,1,0.6245222324625426,0.5087876675242906
42,3,47,1,inner_oof,f3,0,0.398379466861779,-0.41222191755383186
42,3,149,0,inner_oof,f3,0,0.3422773182432854,-0.6531621056510031
42,3,144,1,inner_oof,f3,1,0.5072514079867085,0.029007665804524546
42,3,184,0,inner_oof,f3,0,0.41197016756582266,-0.3558267441368403
42,3,199,0,inner_oof,f3,1,0.5035464888954239,0.014186193488931537
42,3,131,1,inner_oof,f3,1,0.5720506920534046,0.2902228607338597
42,3,305,0,inner_oof,f3,0,0.43099208700024555,-0.2778046105763229
42,3,152,0,inner_oof,f1_f2,0,0.4922225917670931,-0.03111214231183295
42,3,156,0,inner_oof,f1_f2,1,0.5346162909206194,0.1386870302143473
42,3,237,1,inner_oof,f1_f2,1,0.5188475835011863,0.07542607249765287
42,3,186,0,inner_oof,f1_f2,1,0.5137600814558791,0.05505422724318841
42,3,101,1,inner_oof,f1_f2,1,0.5029786187472655,0.011914615935054051
42,3,258,0,inner_oof,f1_f2,1,0.5472777061118167,0.18967746328550644
42,3,134,0,inner_oof,f1_f2,0,0.4648356078752168,-0.14089016306707342
42,3,81,1,inner_oof,f1_f2,0,0.4979372315150295,-0.008251120751604602
42,3,40,0,inner_oof,f1_f2,1,0.5380216696798096,0.15238085165304158
42,3,60,1,inner_oof,f1_f2,1,0.5121691357959938,0.04868615780855598
42,3,154,1,inner_oof,f1_f2,0,0.4971425209261666,-0.011430040734305485
42,3,14,1,inner_oof,f1_f2,1,0.5239635516534132,0.09592770053182767
42,3,312,0,inner_oof,f1_f2,0,0.4849100389992607,-0.06037817983026955
42,3,304,1,inner_oof,f1_f2,0,0.4842231766314348,-0.06312824988798452
42,3,106,1,inner_oof,f1_f2,0,0.48830522689123607,-0.04678762572918857
42,3,232,1,inner_oof,f1_f2,1,0.502271382307127,0.009085591727759898
42,3,55,0,inner_oof,f1_f2,0,0.4954679668434597,-0.01812862910343406
42,3,35,1,inner_oof,f1_f2,1,0.5199906343176798,0.08000518493598532
42,3,89,1,inner_oof,f1_f2,0,0.4738978608509571,-0.10450355974037201
42,3,277,1,inner_oof,f1_f2,0,0.49538891029978216,-0.01844488171647643
42,3,32,1,inner_oof,f1_f2,0,0.48917605161474703,-0.04330255869994667
42,3,250,1,inner_oof,f1_f2,0,0.47293564661402016,-0.10836332820743846
42,3,233,1,inner_oof,f1_f2,0,0.44350741152027284,-0.22693933948877698
42,3,268,1,inner_oof,f1_f2,1,0.5060729078043117,0.02429282583024131
42,3,51,0,inner_oof,f1_f2,1,0.5017912515969922,0.00716503704088821
42,3,215,0,inner_oof,f1_f2,1,0.5034919499545781,0.013968026917442661
42,3,153,0,inner_oof,f1_f2,0,0.4981954599642208,-0.00721819148331139
42,3,80,0,inner_oof,f1_f2,1,0.5183016705351815,0.07323940266416613
42,3,117,0,inner_oof,f1_f2,0,0.4400661756917571,-0.24089349096541468
42,3,239,0,inner_oof,f1_f2,1,0.5319972815588855,0.1281642749412332
42,3,210,1,inner_oof,f1_f2,0,0.49548055820850945,-0.018078259516492
42,3,85,1,inner_oof,f1_f2,1,0.5198690822182584,0.07951820282016066
42,3,195,0,inner_oof,f1_f2,0,0.4994582844441157,-0.0021668630713754028
42,3,198,0,inner_oof,f1_f2,0,0.4407814569378163,-0.23799116023638084
42,3,282,0,inner_oof,f1_f2,1,0.5437399729206186,0.17540825981160973
42,3,132,1,inner_oof,f1_f2,0,0.4920566104690997,-0.031776231635259236
42,3,207,0,inner_oof,f1_f2,0,0.4773106247026735,-0.09081987515972123
42,3,247,1,inner_oof,f1_f2,0,0.4653397020613561,-0.1388639071625063
42,3,87,1,inner_oof,f1_f2,0,0.48985061922698475,-0.040603100401656524
42,3,53,1,inner_oof,f1_f2,1,0.5211289439451665,0.08456613717720386
42,3,127,0,inner_oof,f1_f2,0,0.49807562199276995,-0.00769755003680888
42,3,100,1,inner_oof,f1_f2,1,0.5094777919493629,0.037915709449768936
42,3,143,1,inner_oof,f1_f2,0,0.4883729599545017,-0.04651654603357462
42,3,240,0,inner_oof,f1_f2,0,0.4848593222037259,-0.060581232580770805
42,3,271,0,inner_oof,f1_f2,1,0.5338489470428893,0.13560319866085735
42,3,243,0,inner_oof,f1_f2,0,0.4979841256971759,-0.00806354090243002
42,3,30,0,inner_oof,f1_f2,1,0.5518010490067783,0.20795034196880713
42,3,93,0,inner_oof,f1_f2,0,0.49808362561713954,-0.007665535067064647
42,3,20,0,inner_oof,f1_f2,1,0.5203247863466354,0.08134396907218887
42,3,270,1,inner_oof,f1_f2,0,0.48121292326850645,-0.0751837021330404
42,3,276,0,inner_oof,f1_f2,0,0.4846065358462815,-0.06159332163704747
42,3,185,0,inner_oof,f1_f2,0,0.4609638199590211,-0.15646313477046242
42,3,180,0,inner_oof,f1_f2,1,0.5103731209459994,0.041498438200733984
42,3,142,1,inner_oof,f1_f2,0,0.49531377798395315,-0.018745436960355227
42,3,63,1,inner_oof,f1_f2,0,0.4785559658838931,-0.08582878640232616
42,3,293,1,inner_oof,f1_f2,0,0.4824726331873765,-0.07013820608315882
42,3,47,1,inner_oof,f1_f2,0,0.4955247392824443,-0.017901520921659954
42,3,149,0,inner_oof,f1_f2,1,0.5276969012518468,0.11090113036188713
42,3,144,1,inner_oof,f1_f2,1,0.5262067711220834,0.1049232359614304
42,3,184,0,inner_oof,f1_f2,0,0.4576178752685122,-0.1699362778151739
42,3,199,0,inner_oof,f1_f2,1,0.5187344002223675,0.0749726990332555
42,3,131,1,inner_oof,f1_f2,1,0.5053154165992506,0.021262467410995856
42,3,305,0,inner_oof,f1_f2,0,0.49747226391878313,-0.010111030464015295
42,3,152,0,inner_oof,f1_f3,1,0.5667641687336368,0.26866106435205606
42,3,156,0,inner_oof,f1_f3,0,0.4620764666353435,-0.15198602918389567
42,3,237,1,inner_oof,f1_f3,0,0.30477578287276663,-0.8246580399686569
42,3,186,0,inner_oof,f1_f3,1,0.5721141747638087,0.29048218116430813
42,3,101,1,inner_oof,f1_f3,0,0.4727939257440241,-0.10893188625352726
42,3,258,0,inner_oof,f1_f3,0,0.3466832640207348,-0.6336504798162623
42,3,134,0,inner_oof,f1_f3,1,0.5095479772668737,0.03819655237976804
42,3,81,1,inner_oof,f1_f3,1,0.5130733975153279,0.05230551187479758
42,3,40,0,inner_oof,f1_f3,0,0.48081668320118987,-0.07677095090301553
42,3,60,1,inner_oof,f1_f3,0,0.40929453645960356,-0.3668824886238098
42,3,154,1,inner_oof,f1_f3,1,0.5491366974167521,0.19718320891492647
42,3,14,1,inner_oof,f1_f3,1,0.5953012072435132,0.3859244392959656
42,3,312,0,inner_oof,f1_f3,1,0.621332526573528,0.4952079670050489
42,3,304,1,inner_oof,f1_f3,1,0.5338971995479366,0.1357970985927666
42,3,106,1,inner_oof,f1_f3,0,0.4595842553882689,-0.16201645258632713
42,3,232,1,inner_oof,f1_f3,0,0.4014735990767312,-0.39932886034284976
42,3,55,0,inner_oof,f1_f3,1,0.5090155326717517,0.03606603961466072
42,3,35,1,inner_oof,f1_f3,1,0.5659042367769611,0.26515970856701987
42,3,89,1,inner_oof,f1_f3,1,0.5619646144654784,0.2491391883220419
42,3,277,1,inner_oof,f1_f3,1,0.568029551550536,0.27381626520817187
42,3,32,1,inner_oof,f1_f3,1,0.7123783090753336,0.9069630598113685
42,3,250,1,inner_oof,f1_f3,0,0.35257580359612345,-0.607736070733321
42,3,233,1,inner_oof,f1_f3,0,0.49872531681714055,-0.005098743777492684
42,3,268,1,inner_oof,f1_f3,1,0.6701019196019696,0.7086460601463416
42,3,51,0,inner_oof,f1_f3,1,0.6287122113660455,0.5266961458976002
42,3,215,0,inner_oof,f1_f3,0,0.35130521944044885,-0.6133068975228579
42,3,153,0,inner_oof,f1_f3,1,0.6667467168351963,0.6935074279506221
42,3,80,0,inner_oof,f1_f3,1,0.5837974580041132,0.3383820826151224
42,3,117,0,inner_oof,f1_f3,1,0.5212231340952654,0.08494357478800552
42,3,239,0,inner_oof,f1_f3,0,0.43199547785371417,-0.27371425995650567
42,3,210,1,inner_oof,f1_f3,1,0.580897399843387,0.32645838985001924
42,3,85,1,inner_oof,f1_f3,0,0.4667897039348938,-0.13303705459327558
42,3,195,0,inner_oof,f1_f3,0,0.4829801969060891,-0.0681055250139399
42,3,198,0,inner_oof,f1_f3,1,0.598354678274191,0.39861427070080935
42,3,282,0,inner_oof,f1_f3,1,0.5473890572738102,0.1901268956566713
42,3,132,1,inner_oof,f1_f3,1,0.6633646772455083,0.678324663959168
42,3,207,0,inner_oof,f1_f3,0,0.48213229539074465,-0.0715012649778656
42,3,247,1,inner_oof,f1_f3,1,0.507874476408962,0.031500510160209494
42,3,87,1,inner_oof,f1_f3,0,0.47214709844903807,-0.11152706305444253
42,3,53,1,inner_oof,f1_f3,1,0.6478650379336969,0.6096678827919385
42,3,127,0,inner_oof,f1_f3,0,0.41109508441740256,-0.3594402002872833
42,3,100,1,inner_oof,f1_f3,1,0.5175043471128158,0.07004601414402942
42,3,143,1,inner_oof,f1_f3,1,0.6487935554350988,0.6137403579782418
42,3,240,0,inner_oof,f1_f3,1,0.525511320835355,0.10213397375013486
42,3,271,0,inner_oof,f1_f3,0,0.4430818473558626,-0.22866377595117537
42,3,243,0,inner_oof,f1_f3,1,0.5207035188099727,0.08286145341309126
42,3,30,0,inner_oof,f1_f3,0,0.4106428648354743,-0.36130844669538803
42,3,93,0,inner_oof,f1_f3,0,0.45307052272576254,-0.18827207506516516
42,3,20,0,inner_oof,f1_f3,0,0.3469601606847963,-0.6324281744375125
42,3,270,1,inner_oof,f1_f3,1,0.5536052543983335,0.21524825519264565
42,3,276,0,inner_oof,f1_f3,0,0.3813450577350324,-0.4838430448104874
42,3,185,0,inner_oof,f1_f3,0,0.4899177931581632,-0.040334294649736896
42,3,180,0,inner_oof,f1_f3,1,0.5293402667793766,0.11749605334397362
42,3,142,1,inner_oof,f1_f3,1,0.5746686714374025,0.30092518931491413
42,3,63,1,inner_oof,f1_f3,0,0.38355129623112416,-0.47450174361522984
42,3,293,1,inner_oof,f1_f3,1,0.6256131404591947,0.513442546973651
42,3,47,1,inner_oof,f1_f3,0,0.40412894762820717,-0.3882902842438735
42,3,149,0,inner_oof,f1_f3,0,0.3463431253360217,-0.635152581920787
42,3,144,1,inner_oof,f1_f3,1,0.5131244571035909,0.05250989049871567
42,3,184,0,inner_oof,f1_f3,0,0.4248220349478955,-0.30300915742044726
42,3,199,0,inner_oof,f1_f3,1,0.5196428091410685,0.07861169526570429
42,3,131,1,inner_oof,f1_f3,1,0.5710039135192021,0.28594826696745107
42,3,305,0,inner_oof,f1_f3,0,0.43151710436802476,-0.27566407683766536
42,3,152,0,inner_oof,f2_f3,1,0.5646887190362685,0.2602132759648112
42,3,156,0,inner_oof,f2_f3,0,0.4792743213189446,-0.08295024529791027
42,3,237,1,inner_oof,f2_f3,0,0.33051374890079566,-0.7058623701160238
42,3,186,0,inner_oof,f2_f3,1,0.5821517664277293,0.3316128917777381
42,3,101,1,inner_oof,f2_f3,0,0.4854800276164992,-0.058096224413120165
42,3,258,0,inner_oof,f2_f3,0,0.3961506753040151,-0.4215300723127627
42,3,134,0,inner_oof,f2_f3,0,0.4871140116088131,-0.05155536985643545
42,3,81,1,inner_oof,f2_f3,1,0.5097421355627174,0.03897347467227245
42,3,40,0,inner_oof,f2_f3,1,0.5068249616856405,0.027301542438326748
42,3,60,1,inner_oof,f2_f3,0,0.4169925940540646,-0.33513142785718353
42,3,154,1,inner_oof,f2_f3,1,0.5443177916242515,0.17773759696954997
42,3,14,1,inner_oof,f2_f3,1,0.6111294331379613,0.4520622196853214
42,3,312,0,inner_oof,f2_f3,1,0.6083424691817381,0.44035018300100026
42,3,304,1,inner_oof,f2_f3,1,0.5242730394692807,0.09716853897937458
42,3,106,1,inner_oof,f2_f3,0,0.46229307478623216,-0.15111461209001928
42,3,232,1,inner_oof,f2_f3,0,0.41580498124752857,-0.3400185080394824
42,3,55,0,inner_oof,f2_f3,1,0.5129332480677812,0.05174453466645315
42,3,35,1,inner_oof,f2_f3,1,0.5684104889542335,0.27536891892628657
42,3,89,1,inner_oof,f2_f3,1,0.5382888181807488,0.15345570486553056
42,3,277,1,inner_oof,f2_f3,1,0.5631437116400104,0.25393057460681895
42,3,32,1,inner_oof,f2_f3,1,0.7040001093510818,0.8664194265916098
42,3,250,1,inner_oof,f2_f3,0,0.3430601576934073,-0.649686631422323
42,3,233,1,inner_oof,f2_f3,0,0.4494102586751674,-0.20305377374060696
42,3,268,1,inner_oof,f2_f3,1,0.6783662518296429,0.746273866387073
42,3,51,0,inner_oof,f2_f3,1,0.6242334387410606,0.5075562960892781
42,3,215,0,inner_oof,f2_f3,0,0.35461571195265784,-0.5988112331967407
42,3,153,0,inner_oof,f2_f3,1,0.6448378660100226,0.596424513992432
42,3,80,0,inner_oof,f2_f3,1,0.5992999464986798,0.4025490670293856
42,3,117,0,inner_oof,f2_f3,0,0.4923561154654935,-0.030577920468407155
42,3,239,0,inner_oof,f2_f3,0,0.46479602150772364,-0.1410492965194537
42,3,210,1,inner_oof,f2_f3,1,0.5800996340637646,0.32318241248202234
42,3,85,1,inner_oof,f2_f3,0,0.4913759425362063,-0.03449965131293942
42,3,195,0,inner_oof,f2_f3,0,0.48214662195251323,-0.07144388551483621
42,3,198,0,inner_oof,f2_f3,1,0.547607812654492,0.1910098856536013
42,3,282,0,inner_oof,f2_f3,1,0.5661734784153675,0.2662557958689974
42,3,132,1,inner_oof,f2_f3,1,0.6461803149368835,0.6022911709884168
42,3,207,0,inner_oof,f2_f3,0,0.46183035892262286,-0.1529761932748342
42,3,247,1,inner_oof,f2_f3,0,0.4792513586636212,-0.08304225418547614
42,3,87,1,inner_oof,f2_f3,0,0.4607103132354381,-0.157483421083946
42,3,53,1,inner_oof,f2_f3,1,0.647734465882659,0.6090955879983748
42,3,127,0,inner_oof,f2_f3,0,0.4235605269525685,-0.30817391915465014
42,3,100,1,inner_oof,f2_f3,1,0.526132791243905,0.10462650357061876
42,3,143,1,inner_oof,f2_f3,1,0.6443052572100546,0.5940997167336753
42,3,240,0,inner_oof,f2_f3,1,0.5235372678081149,0.09421870900099438
42,3,271,0,inner_oof,f2_f3,0,0.4667312776272252,-0.13327179726002228
42,3,243,0,inner_oof,f2_f3,1,0.5161972639227974,0.0648117333007496
42,3,30,0,inner_oof,f2_f3,0,0.44823501218577483,-0.2078045332654606
42,3,93,0,inner_oof,f2_f3,0,0.4470408986082523,-0.2126339548910652
42,3,20,0,inner_oof,f2_f3,0,0.36642822776579154,-0.547570617431761
42,3,270,1,inner_oof,f2_f3,1,0.5401298389805781,0.16086536222602865
42,3,276,0,inner_oof,f2_f3,0,0.3664753230405546,-0.5473677647156471
42,3,185,0,inner_oof,f2_f3,0,0.46932821889772997,-0.1228413646897575
42,3,180,0,inner_oof,f2_f3,1,0.5417604513364779,0.16743185264041066
42,3,142,1,inner_oof,f2_f3,1,0.564824794917713,0.26076686526289194
42,3,63,1,inner_oof,f2_f3,0,0.3698324136725278,-0.532935827043215
42,3,293,1,inner_oof,f2_f3,1,0.6117654719043273,0.4547393823543174
42,3,47,1,inner_oof,f2_f3,0,0.40094854368495975,-0.4015143990386113
42,3,149,0,inner_oof,f2_f3,0,0.36597279124041154,-0.5495328797761934
42,3,144,1,inner_oof,f2_f3,1,0.5283949786074029,0.11370225341548668
42,3,184,0,inner_oof,f2_f3,0,0.3912318137194458,-0.44213729047626593
42,3,199,0,inner_oof,f2_f3,1,0.5229474078645646,0.09185415957249156
42,3,131,1,inner_oof,f2_f3,1,0.5748663484765063,0.30173398268671636
42,3,305,0,inner_oof,f2_f3,0,0.43239931017072003,-0.27206867021527464
42,3,152,0,inner_oof,f1_f2_f3,1,0.556028593997708,0.2250595615189774
42,3,156,0,inner_oof,f1_f2_f3,1,0.5031122005359572,0.01244896291624667
42,3,237,1,inner_oof,f1_f2_f3,0,0.31329410986864675,-0.7847636955448234
42,3,186,0,inner_oof,f1_f2_f3,1,0.5809260709274502,0.3265761581658444
42,3,101,1,inner_oof,f1_f2_f3,0,0.467048963338304,-0.13199545755028944
42,3,258,0,inner_oof,f1_f2_f3,0,0.3703719816739904,-0.5306213414193065
42,3,134,0,inner_oof,f1_f2_f3,0,0.48164654358352754,-0.07344682488166158
42,3,81,1,inner_oof,f1_f2_f3,1,0.516078712558235,0.06433703332695334
42,3,40,0,inner_oof,f1_f2_f3,1,0.5158697018108682,0.06350013610326541
42,3,60,1,inner_oof,f1_f2_f3,0,0.4274865376719278,-0.29211345308038555
42,3,154,1,inner_oof,f1_f2_f3,1,0.5505920466073247,0.2030630902507159
42,3,14,1,inner_oof,f1_f2_f3,1,0.611385358853231,0.45313924936511407
42,3,312,0,inner_oof,f1_f2_f3,1,0.6098560725235047,0.44670726678984873
42,3,304,1,inner_oof,f1_f2_f3,1,0.5209663793296329,0.0839147243952605
42,3,106,1,inner_oof,f1_f2_f3,0,0.44281089617322794,-0.2297618785171056
42,3,232,1,inner_oof,f1_f2_f3,0,0.3963899934197314,-0.4205297464273258
42,3,55,0,inner_oof,f1_f2_f3,0,0.4994921320062926,-0.002031472673466563
42,3,35,1,inner_oof,f1_f2_f3,1,0.5940366992725664,0.38067833752214386
42,3,89,1,inner_oof,f1_f2_f3,1,0.5478321494906102,0.19191548189654323
42,3,277,1,inner_oof,f1_f2_f3,1,0.5657106092952703,0.2643715457039696
42,3,32,1,inner_oof,f1_f2_f3,1,0.6996090808863858,0.8454370330547175
42,3,250,1,inner_oof,f1_f2_f3,0,0.3347600446362247,-0.6867338202013583
42,3,233,1,inner_oof,f1_f2_f3,0,0.46893776235550977,-0.12440916596985477
42,3,268,1,inner_oof,f1_f2_f3,1,0.6625580726037228,0.6747147822457131
42,3,51,0,inner_oof,f1_f2_f3,1,0.6326558891699586,0.5436276148829433
42,3,215,0,inner_oof,f1_f2_f3,0,0.36348490484898854,-0.5602703647125632
42,3,153,0,inner_oof,f1_f2_f3,1,0.6837897408984913,0.7712431047940211
42,3,80,0,inner_oof,f1_f2_f3,1,0.5923444907121987,0.37366589785935744
42,3,117,0,inner_oof,f1_f2_f3,0,0.4596885358033624,-0.16159659476038155
42,3,239,0,inner_oof,f1_f2_f3,0,0.4511334720929757,-0.19609205067489824
42,3,210,1,inner_oof,f1_f2_f3,1,0.5731179157002695,0.29458365619455484
42,3,85,1,inner_oof,f1_f2_f3,0,0.47457002032995527,-0.10180776256488999
42,3,195,0,inner_oof,f1_f2_f3,0,0.4871881742160484,-0.05125852339618031
42,3,198,0,inner_oof,f1_f2_f3,1,0.5620990303995049,0.24968525703550148
42,3,282,0,inner_oof,f1_f2_f3,1,0.5953927440106304,0.38630440345176764
42,3,132,1,inner_oof,f1_f2_f3,1,0.6662991575323233,0.6914938447906754
42,3,207,0,inner_oof,f1_f2_f3,0,0.47375552057656645,-0.10507448527398167
42,3,247,1,inner_oof,f1_f2_f3,0,0.4883535652322296,-0.046594166966410444
42,3,87,1,inner_oof,f1_f2_f3,0,0.4741225643134497,-0.10360231081203848
42,3,53,1,inner_oof,f1_f2_f3,1,0.6738872856290559,0.7258197937098982
42,3,127,0,inner_oof,f1_f2_f3,0,0.4011580203594205,-0.4006423409510603
42,3,100,1,inner_oof,f1_f2_f3,1,0.5246596223266969,0.09871858191816517
42,3,143,1,inner_oof,f1_f2_f3,1,0.6314967459168398,0.5386432466252534
42,3,240,0,inner_oof,f1_f2_f3,1,0.5048385761245675,0.019354908691515238
42,3,271,0,inner_oof,f1_f2_f3,0,0.4758692213373405,-0.09659815938977638
42,3,243,0,inner_oof,f1_f2_f3,1,0.5247609722242501,0.09912497408003437
42,3,30,0,inner_oof,f1_f2_f3,0,0.4567317821953493,-0.17350684468125946
42,3,93,0,inner_oof,f1_f2_f3,0,0.4630234300450975,-0.14817680453321777
42,3,20,0,inner_oof,f1_f2_f3,0,0.3651577730957392,-0.5530469912089022
42,3,270,1,inner_oof,f1_f2_f3,1,0.5394414856719223,0.1580944039551035
42,3,276,0,inner_oof,f1_f2_f3,0,0.38517726797589347,-0.4676303210254606
42,3,185,0,inner_oof,f1_f2_f3,0,0.4547214933703166,-0.18161155641825016
42,3,180,0,inner_oof,f1_f2_f3,1,0.5326528727378984,0.13079764659283638
42,3,142,1,inner_oof,f1_f2_f3,1,0.5778239788708347,0.31384694871708174
42,3,63,1,inner_oof,f1_f2_f3,0,0.3764793734281319,-0.5045185857967235
42,3,293,1,inner_oof,f1_f2_f3,1,0.6112555297800434,0.4525928485453852
42,3,47,1,inner_oof,f1_f2_f3,0,0.4093086518057307,-0.36682410617634653
42,3,149,0,inner_oof,f1_f2_f3,0,0.3755959817823853,-0.5082835747997493
42,3,144,1,inner_oof,f1_f2_f3,1,0.5397966202051018,0.15952391760451365
42,3,184,0,inner_oof,f1_f2_f3,0,0.4054045808197067,-0.38299567303848986
42,3,199,0,inner_oof,f1_f2_f3,1,0.5480962929281967,0.19298186884907725
42,3,131,1,inner_oof,f1_f2_f3,1,0.5738715377616364,0.2976647141021236
42,3,305,0,inner_oof,f1_f2_f3,0,0.43334690322847325,-0.2682087247818505
42,4,29,0,in_sample,f1,1,0.6149410789573494,0.46813009239603476
42,4,230,1,in_sample,f1,1,0.516756538087558,0.06705126221760234
42,4,114,0,in_sample,f1,0,0.40777798100365253,-0.3731587345791226
42,4,175,0,in_sample,f1,1,0.5172792935475693,0.06914470937762249
42,4,138,1,in_sample,f1,1,0.5083950264864947,0.033583261956240805
42,4,119,1,in_sample,f1,1,0.6316888353127225,0.5394687866113784
42,4,213,0,in_sample,f1,0,0.4318086963546763,-0.2744755065559824
42,4,209,0,in_sample,f1,1,0.5260681751714538,0.10436733305611584
42,4,124,1,in_sample,f1,0,0.42672700347161296,-0.295217564354065
42,4,37,1,in_sample,f1,0,0.49205773370183853,-0.031771737570208125
42,4,169,0,in_sample,f1,1,0.5471686043810213,0.1892371285279938
42,4,72,0,in_sample,f1,0,0.48045078045108813,-0.07823676099126409
42,4,90,1,in_sample,f1,1,0.5217261719053006,0.08695944475964154
42,4,123,0,in_sample,f1,0,0.359341036954667,-0.5782253751865198
42,4,61,0,in_sample,f1,0,0.47331392363781083,-0.10684583583865405
42,4,158,0,in_sample,f1,0,0.46445621076819843,-0.1424153771014337
42,4,284,1,in_sample,f1,0,0.48196215450826724,-0.07218270703529624
42,4,297,1,in_sample,f1,0,0.4755430564397538,-0.09790590631238971
42,4,251,1,in_sample,f1,1,0.5065137412067181,0.02605643895235804
42,4,21,0,in_sample,f1,1,0.5071745755756355,0.028700272188248215
42,4,194,0,in_sample,f1,0,0.47491452094564485,-0.10042623464799622
42,4,107,1,in_sample,f1,0,0.4863605802717922,-0.054571217719124855
42,4,252,0,in_sample,f1,0,0.3524537392448067,-0.6082708587482167
42,4,212,1,in_sample,f1,1,0.515303953053964,0.06123493952234052
42,4,187,1,in_sample,f1,0,0.4850013135412773,-0.060012750828550496
42,4,147,0,in_sample,f1,0,0.3879149081840544,-0.45608530499465816
42,4,272,0,in_sample,f1,0,0.4534749497168211,-0.18664011386981771
42,4,129,1,in_sample,f1,0,0.43090911282872213,-0.27814296001975597
42,4,74,0,in_sample,f1,0,0.46883541951907387,-0.12482012863720028
42,4,280,1,in_sample,f1,1,0.5968677370529948,0.39243083887231844
42,4,231,0,in_sample,f1,1,0.5413597094286856,0.16581773303079594
42,4,227,0,in_sample,f1,1,0.5460391466704068,0.18467970219594104
42,4,88,1,in_sample,f1,1,0.5137942443105085,0.0551909824919332
42,4,262,1,in_sample,f1,0,0.48301626712650264,-0.06796107711571878
42,4,70,0,in_sample,f1,0,0.4980564230122117,-0.00777434710801822
42,4,179,0,in_sample,f1,1,0.5813019453226578,0.3281202942926026
42,4,249,1,in_sample,f1,0,0.35363868759363437,-0.6030829191651976
42,4,296,0,in_sample,f1,1,0.5700339603868887,0.28198971075513807
42,4,173,1,in_sample,f1,0,0.4908090208244171,-0.03676805834031069
42,4,43,0,in_sample,f1,1,0.5365756555596729,0.1465644239984022
42,4,166,1,in_sample,f1,1,0.5198729362967097,0.07953364352144217
42,4,108,1,in_sample,f1,1,0.5783926700095315,0.31617861468858416
42,4,2,0,in_sample,f1,1,0.5579771685284052,0.2329565092717027
42,4,219,1,in_sample,f1,1,0.5496177429008334,0.1991263412879137
42,4,19,1,in_sample,f1,1,0.5107771607237718,0.04311532068714608
42,4,263,1,in_sample,f1,1,0.5622320167416724,0.2502255544378775
42,4,218,1,in_sample,f1,0,0.4413041567259105,-0.23587088093535866
42,4,49,1,in_sample,f1,0,0.38015978390416477,-0.4888700805500556
42,4,311,0,in_sample,f1,0,0.45562217967982754,-0.17797961569343446
42,4,170,1,in_sample,f1,0,0.45281019832372,-0.18932267941209052
42,4,91,1,in_sample,f1,1,0.520210837141852,0.08088742208191871
42,4,259,0,in_sample,f1,1,0.6271732960959939,0.5201091808623605
42,4,257,0,in_sample,f1,1,0.6027970361559815,0.41713315595914036
42,4,111,0,in_sample,f1,1,0.5843509125192681,0.34066031540339076
42,4,130,1,in_sample,f1,1,0.5055643087262178,0.022258153797262075
42,4,291,1,in_sample,f1,1,0.662518207706272,0.6745364807149662
42,4,313,0,in_sample,f1,0,0.4745844013120505,-0.10175008953598977
42,4,315,0,in_sample,f1,1,0.5837630940005667,0.3382406558261767
42,4,105,0,in_sample,f1,1,0.5188790934048044,0.07555229176031546
42,4,136,0,in_sample,f1,0,0.4185887601081922,-0.32856936189675284
42,4,46,1,in_sample,f1,0,0.4289735984226304,-0.286040071129737
42,4,264,1,in_sample,f1,1,0.5799844150567625,0.3227094149909811
42,4,75,0,in_sample,f1,0,0.4520340005537847,-0.19245584074969183
42,4,29,0,in_sample,f2,1,0.6637098096651965,0.6798705713798954
42,4,230,1,in_sample,f2,1,0.7408902929335259,1.0506010101915726
42,4,114,0,in_sample,f2,0,0.31250746243579364,-0.7884226263438747
42,4,175,0,in_sample,f2,0,0.34161346733874104,-0.6561123090769064
42,4,138,1,in_sample,f2,1,0.8184425639697853,1.505831166444091
42,4,119,1,in_sample,f2,0,0.20301443564781949,-1.3675594780655087
42,4,213,0,in_sample,f2,1,0.7669797906007283,1.1913352669664683
42,4,209,0,in_sample,f2,1,0.5354360074084779,0.14198206673179115
42,4,124,1,in_sample,f2,1,0.8692274120791971,1.8941449404328694
42,4,37,1,in_sample,f2,0,0.35242096816157625,-0.608414449700727
42,4,169,0,in_sample,f2,1,0.7672722000745367,1.1929720977073524
42,4,72,0,in_sample,f2,1,0.5979084353151425,0.39675778849411175
42,4,90,1,in_sample,f2,1,0.5766192063656839,0.3089100988890554
42,4,123,0,in_sample,f2,0,0.4364371419721604,-0.25563451628954925
42,4,61,0,in_sample,f2,1,0.7455079956688532,1.0747964410599111
42,4,158,0,in_sample,f2,0,0.35872145028992136,-0.5809177346252417
42,4,284,1,in_sample,f2,0,0.46906032932753466,-0.12391700610025132
42,4,297,1,in_sample,f2,1,0.9281525051900434,2.5586503118020056
42,4,251,1,in_sample,f2,1,0.5239621557786324,0.09592210417858922
42,4,21,0,in_sample,f2,0,0.09819583279909277,-2.2174336083520334
42,4,194,0,in_sample,f2,0,0.4699426462104,-0.1203745574703941
42,4,107,1,in_sample,f2,0,0.2870627995151607,-0.909692333208755
42,4,252,0,in_sample,f2,0,0.2626836903870832,-1.0320663752712087
42,4,212,1,in_sample,f2,1,0.8340036128669014,1.614271710462809
42,4,187,1,in_sample,f2,0,0.49587221725864683,-0.01651150608261455
42,4,147,0,in_sample,f2,1,0.5709150995390357,0.285585708758597
42,4,272,0,in_sample,f2,1,0.68104253517281,0.7585670092762651
42,4,129,1,in_sample,f2,0,0.1154442287565568,-2.036298020154913
42,4,74,0,in_sample,f2,1,0.8718198640445829,1.9171462379026343
42,4,280,1,in_sample,f2,0,0.20823765424854504,-1.3355812823199142
42,4,231,0,in_sample,f2,1,0.6804275331697904,0.7557372645154814
42,4,227,0,in_sample,f2,1,0.8866022395391763,2.05649480621783
42,4,88,1,in_sample,f2,0,0.35940424810758526,-0.577950811423504
42,4,262,1,in_sample,f2,1,0.8916946170558974,2.108168859621551
42,4,70,0,in_sample,f2,0,0.02213543384881527,-3.7881915139082967
42,4,179,0,in_sample,f2,0,0.13736093705816937,-1.8373843298248895
42,4,249,1,in_sample,f2,0,0.11988915518984372,-1.9934802504007296
42,4,296,0,in_sample,f2,1,0.7442478951699057,1.0681655369419258
42,4,173,1,in_sample,f2,0,0.3972333105507208,-0.4170064134441345
42,4,43,0,in_sample,f2,1,0.5035041075084334,0.014016659513180083
42,4,166,1,in_sample,f2,1,0.8259534052057251,1.5572153122270997
42,4,108,1,in_sample,f2,0,0.32800566751373367,-0.717219019447237
42,4,2,0,in_sample,f2,0,0.3302981241919011,-0.7068369986033537
42,4,219,1,in_sample,f2,1,0.5801882369218152,0.323546169637442
42,4,19,1,in_sample,f2,0,0.2079851856406197,-1.337113242355495
42,4,263,1,in_sample,f2,1,0.6486266417336427,0.6130079118792707
42,4,218,1,in_sample,f2,0,0.09608518694528871,-2.2414999605988104
42,4,49,1,in_sample,f2,0,0.14579273626531336,-1.7679878634441866
42,4,311,0,in_sample,f2,0,0.43339184054520075,-0.26802572571444894
42,4,170,1,in_sample,f2,1,0.6953860630608715,0.8254219834547033
42,4,91,1,in_sample,f2,0,0.40980701491695803,-0.3647632232154391
42,4,259,0,in_sample,f2,1,0.5907889123730233,0.367227653767008
42,4,257,0,in_sample,f2,1,0.5282034292796277,0.11293359378615322
42,4,111,0,in_sample,f2,0,0.10722161850995796,-2.11944048354317
42,4,130,1,in_sample,f2,0,0.3311222218884413,-0.7031137923928573
42,4,291,1,in_sample,f2,1,0.7849397601598219,1.2946888020016944
42,4,313,0,in_sample,f2,0,0.1669881798255517,-1.6071248015274047
42,4,315,0,in_sample,f2,0,0.4239463873926695,-0.3065937313992102
42,4,105,0,in_sample,f2,0,0.1859219980353814,-1.4767289665671648
42,4,136,0,in_sample,f2,0,0.4254930402799408,-0.3002636202998842
42,4,46,1,in_sample,f2,1,0.923971317325462,2.497570356604472
42,4,264,1,in_sample,f2,0,0.03606680526408189,-3.28564907159394
42,4,75,0,in_sample,f2,1,0.903406861431953,2.235665308932777
42,4,29,0,in_sample,f3,0,0.41197581526142224,-0.3558034307558011
42,4,230,1,in_sample,f3,0,0.4482300680115057,-0.20782452425554757
42,4,114,0,in_sample,f3,0,0.11895736425901493,-2.0023408741019093
42,4,175,0,in_sample,f3,1,0.7251473491463475,0.9701397354172937
42,4,138,1,in_sample,f3,1,0.557149583959696,0.22960170504719976
42,4,119,1,in_sample,f3,1,0.8706056238270571,1.9063241684854595
42,4,213,0,in_sample,f3,1,0.8770045652628131,1.964364959177688
42,4,209,0,in_sample,f3,0,0.2131385767234867,-1.3061096015621056
42,4,124,1,in_sample,f3,1,0.6136408838030857,0.4626425874420858
42,4,37,1,in_sample,f3,0,0.20744474017183887,-1.3403972400318815
42,4,169,0,in_sample,f3,0,0.11038430025038509,-2.0868216555868795
42,4,72,0,in_sample,f3,0,0.44756449231061673,-0.21051605418833252
42,4,90,1,in_sample,f3,1,0.6662587715589675,0.6913122134158555
42,4,123,0,in_sample,f3,0,0.3783586823039147,-0.4965206260672218
42,4,61,0,in_sample,f3,0,0.357169141521057,-0.5876721837048097
42,4,158,0,in_sample,f3,0,0.17062925298178322,-1.581174185608349
42,4,284,1,in_sample,f3,0,0.34537787011921794,-0.6394190748560874
42,4,297,1,in_sample,f3,0,0.3880746833104325,-0.4554124396531854
42,4,251,1,in_sample,f3,1,0.5895212895030126,0.361986768656967
42,4,21,0,in_sample,f3,1,0.6065282622849355,0.432742083839591
42,4,194,0,in_sample,f3,0,0.215733462507959,-1.2907052580182425
42,4,107,1,in_sample,f3,1,0.8298451204648557,1.5845300031491392
42,4,252,0,in_sample,f3,0,0.41488613540448566,-0.3438023585617361
42,4,212,1,in_sample,f3,1,0.7951232797549143,1.356088737918464
42,4,187,1,in_sample,f3,1,0.8674919707419628,1.8789630143851728
42,4,147,0,in_sample,f3,0,0.27132944468221976,-0.9878879711270833
42,4,272,0,in_sample,f3,1,0.5839403113585918,0.3389700387472868
42,4,129,1,in_sample,f3,0,0.3002382817357832,-0.8461634427722639
42,4,74,0,in_sample,f3,0,0.25218741484205315,-1.0869798711916554
42,4,280,1,in_sample,f3,1,0.9149198700612688,2.3752429701527804
42,4,231,0,in_sample,f3,1,0.6711215938834043,0.7132622373158024
42,4,227,0,in_sample,f3,0,0.4493532992440265,-0.20328397071211185
42,4,88,1,in_sample,f3,1,0.5049964274595418,0.01998637511669861
42,4,262,1,in_sample,f3,1,0.8476605497049929,1.7163690039638466
42,4,70,0,in_sample,f3,1,0.5105182924180224,0.04207937764460353
42,4,179,0,in_sample,f3,0,0.3317604408822402,-0.7002335858246591
42,4,249,1,in_sample,f3,0,0.2164987206938901,-1.286188056214136
42,4,296,0,in_sample,f3,1,0.8128016108627786,1.4683180997205718
42,4,173,1,in_sample,f3,0,0.25157619917690316,-1.090223473684323
42,4,43,0,in_sample,f3,1,0.735294452508839,1.0216529679780904
42,4,166,1,in_sample,f3,1,0.6102053614073458,0.4481755258284976
42,4,108,1,in_sample,f3,1,0.8621781682535185,1.8335001643134494
42,4,2,0,in_sample,f3,1,0.5202506117235745,0.08104678130046626
42,4,219,1,in_sample,f3,1,0.5639836604312772,0.25734556148998955
42,4,19,1,in_sample,f3,1,0.8890473662368354,2.081047127065098
42,4,263,1,in_sample,f3,1,0.566104746930238,0.26597597373207976
42,4,218,1,in_sample,f3,0,0.33558663504478364,-0.6830243436254296
42,4,49,1,in_sample,f3,0,0.2989304804479664,-0.8523960145951059
42,4,311,0,in_sample,f3,0,0.13720553640796018,-1.8386964303972897
42,4,170,1,in_sample,f3,0,0.49265719994267976,-0.029373311967299042
42,4,91,1,in_sample,f3,0,0.4950812530549459,-0.01967562250782146
42,4,259,0,in_sample,f3,0,0.37555722163548044,-0.5084488500099372
42,4,257,0,in_sample,f3,0,0.08504052213468001,-2.3757519039224233
42,4,111,0,in_sample,f3,1,0.6272275962397665,0.520341411351831
42,4,130,1,in_sample,f3,0,0.305775123127819,-0.8199459980476629
42,4,291,1,in_sample,f3,1,0.6356762652648004,0.5566465633554715
42,4,313,0,in_sample,f3,0,0.11470210913856656,-2.0435857759432245
42,4,315,0,in_sample,f3,1,0.7689514831449343,1.2024001585322386
42,4,105,0,in_sample,f3,1,0.6116307259886313,0.45417208734117487
42,4,136,0,in_sample,f3,0,0.3937401237985371,-0.43161762535173015
42,4,46,1,in_sample,f3,0,0.4094900199502542,-0.36607400481996555
42,4,264,1,in_sample,f3,1,0.5671925877656364,0.27040605339806223
42,4,75,0,in_sample,f3,0,0.24934408635647679,-1.1021135603830972
42,4,29,0,in_sample,f1_f2,1,0.6751560731283393,0.7315990416203207
42,4,230,1,in_sample,f1_f2,1,0.7416260355106354,1.0544371106383386
42,4,114,0,in_sample,f1_f2,0,0.30428685427138913,-0.8269665723639393
42,4,175,0,in_sample,f1_f2,0,0.34427622352592985,-0.6442953172929002
42,4,138,1,in_sample,f1_f2,1,0.8181326300789675,1.5037467781988925
42,4,119,1,in_sample,f1_f2,0,0.2144467524215224,-1.2983267764389663
42,4,213,0,in_sample,f1_f2,1,0.760456414949205,1.1551834152059905
42,4,209,0,in_sample,f1_f2,1,0.5384832566908546,0.15423807013900886
42,4,124,1,in_sample,f1_f2,1,0.8644105325689151,1.8524161107131811
42,4,37,1,in_sample,f1_f2,0,0.352414893640542,-0.6084410667082972
42,4,169,0,in_sample,f1_f2,1,0.7703414955004134,1.2102404746552824
42,4,72,0,in_sample,f1_f2,1,0.5955167759909981,0.3868192974312945
42,4,90,1,in_sample,f1_f2,1,0.5789351044519246,0.31840342117226583
42,4,123,0,in_sample,f1_f2,0,0.4206217012072429,-0.3202217722427898
42,4,61,0,in_sample,f1_f2,1,0.7424012817688157,1.0584868895837962
42,4,158,0,in_sample,f1_f2,0,0.3557595165276702,-0.5938170907237611
42,4,284,1,in_sample,f1_f2,0,0.4673473420516025,-0.13079678375499154
42,4,297,1,in_sample,f1_f2,1,0.9266709530046077,2.5366417376372667
42,4,251,1,in_sample,f1_f2,1,0.5248206376805157,0.09936422406223702
42,4,21,0,in_sample,f1_f2,0,0.09946384069850231,-2.2031961504535302
42,4,194,0,in_sample,f1_f2,0,0.46741511368633754,-0.13052453855716745
42,4,107,1,in_sample,f1_f2,0,0.28679942441305456,-0.9109795912416282
42,4,252,0,in_sample,f1_f2,0,0.2503785480094983,-1.0965943837642205
42,4,212,1,in_sample,f1_f2,1,0.8340880170399592,1.6148815082030827
42,4,187,1,in_sample,f1_f2,0,0.49438119556368787,-0.022476163902639436
42,4,147,0,in_sample,f1_f2,1,0.5578933645399329,0.2326167314668143
42,4,272,0,in_sample,f1_f2,1,0.6757915157892116,0.7344978412386143
42,4,129,1,in_sample,f1_f2,0,0.11322286205737907,-2.0582355899961478
42,4,74,0,in_sample,f1_f2,1,0.8693184207699468,1.894945808838001
42,4,280,1,in_sample,f1_f2,0,0.21696609636091074,-1.2834348913542968
42,4,231,0,in_sample,f1_f2,1,0.6840160843525542,0.7722901200397717
42,4,227,0,in_sample,f1_f2,1,0.8878855019972342,2.0693221427917323
42,4,88,1,in_sample,f1_f2,0,0.3616762837098427,-0.5680959791134526
42,4,262,1,in_sample,f1_f2,1,0.8900892738662616,2.0916533097303978
42,4,70,0,in_sample,f1_f2,0,0.022509890017814872,-3.7710334051619427
42,4,179,0,in_sample,f1_f2,0,0.14302711941006407,-1.7903720150076805
42,4,249,1,in_sample,f1_f2,0,0.11374449274187845,-2.053050650737586
42,4,296,0,in_sample,f1_f2,1,0.74963875617198,1.096686581856218
42,4,173,1,in_sample,f1_f2,0,0.39688132003215804,-0.41847669921791203
42,4,43,0,in_sample,f1_f2,1,0.5079280344426128,0.03171479580629036
42,4,166,1,in_sample,f1_f2,1,0.8263809273816852,1.560192176874136
42,4,108,1,in_sample,f1_f2,0,0.3370066328595917,-0.6766623735880973
42,4,2,0,in_sample,f1_f2,0,0.33717340701480264,-0.6759160480479156
42,4,219,1,in_sample,f1_f2,1,0.5856221798028387,0.3458966704535913
42,4,19,1,in_sample,f1_f2,0,0.20995328134145447,-1.3252070450901807
42,4,263,1,in_sample,f1_f2,1,0.6547383721862863,0.639933252939704
42,4,218,1,in_sample,f1_f2,0,0.09469278837578783,-2.2576365014770485
42,4,49,1,in_sample,f1_f2,0,0.13998415696310645,-1.8154215595573167
42,4,311,0,in_sample,f1_f2,0,0.42887524196378185,-0.28644161086067443
42,4,170,1,in_sample,f1_f2,1,0.6901328719100199,0.8007405605068025
42,4,91,1,in_sample,f1_f2,0,0.4126758427287548,-0.3529144941007852
42,4,259,0,in_sample,f1_f2,1,0.6050048040252025,0.4263627957987979
42,4,257,0,in_sample,f1_f2,1,0.5402520329176611,0.16135731661486996
42,4,111,0,in_sample,f1_f2,0,0.11207646578893755,-2.0697042605626166
42,4,130,1,in_sample,f1_f2,0,0.3325918330699774,-0.6964857915301071
42,4,291,1,in_sample,f1_f2,1,0.7969614943836658,1.3674107205348398
42,4,313,0,in_sample,f1_f2,0,0.16649351500754417,-1.6106851228371095
42,4,315,0,in_sample,f1_f2,0,0.43404722806391505,-0.2653572843090247
42,4,105,0,in_sample,f1_f2,0,0.18839815116299877,-1.4604523372298663
42,4,136,0,in_sample,f1_f2,0,0.4168096882407421,-0.33588383383808285
42,4,46,1,in_sample,f1_f2,1,0.9208653130890302,2.454162487315253
42,4,264,1,in_sample,f1_f2,0,0.03795381188633645,-3.232692518345171
42,4,75,0,in_sample,f1_f2,1,0.9006285132656218,2.2042276489324513
42,4,29,0,in_sample,f1_f3,0,0.3651840865766851,-0.5529334835149279
42,4,230,1,in_sample,f1_f3,0,0.4391683669811547,-0.2445378776581034
42,4,114,0,in_sample,f1_f3,0,0.12570497764700564,-1.9394801586451056
42,4,175,0,in_sample,f1_f3,1,0.7268430795947907,0.9786641776659242
42,4,138,1,in_sample,f1_f3,1,0.5554929491182269,0.22288999881332444
42,4,119,1,in_sample,f1_f3,1,0.8544717703131806,1.7701133792542612
42,4,213,0,in_sample,f1_f3,1,0.8951285450200283,2.1442319718026965
42,4,209,0,in_sample,f1_f3,0,0.1977938646047919,-1.4001402009865718
42,4,124,1,in_sample,f1_f3,1,0.6437795056703982,0.5918063797603011
42,4,37,1,in_sample,f1_f3,0,0.20048259441759655,-1.3832808705281172
42,4,169,0,in_sample,f1_f3,0,0.0958604738017832,-2.2440899552595863
42,4,72,0,in_sample,f1_f3,0,0.4523153393491049,-0.19132009453986645
42,4,90,1,in_sample,f1_f3,1,0.6642004048687283,0.6820693795423277
42,4,123,0,in_sample,f1_f3,0,0.4265997057611546,-0.29573795028981004
42,4,61,0,in_sample,f1_f3,0,0.36073194039160694,-0.5721887299009335
42,4,158,0,in_sample,f1_f3,0,0.16926971966885138,-1.590811752683757
42,4,284,1,in_sample,f1_f3,0,0.345399728670963,-0.6393223964008503
42,4,297,1,in_sample,f1_f3,0,0.3921685606624071,-0.43820585654099253
42,4,251,1,in_sample,f1_f3,1,0.5898515437915892,0.36335170207234885
42,4,21,0,in_sample,f1_f3,1,0.6072705444472422,0.435853432707969
42,4,194,0,in_sample,f1_f3,0,0.21329496472885157,-1.305177363135276
42,4,107,1,in_sample,f1_f3,1,0.840876966215441,1.66476765425943
42,4,252,0,in_sample,f1_f3,0,0.4686744885616437,-0.125466376076326
42,4,212,1,in_sample,f1_f3,1,0.7994321238205317,1.3827489063665137
42,4,187,1,in_sample,f1_f3,1,0.8779123529912559,1.9728075580029558
42,4,147,0,in_sample,f1_f3,0,0.2987196642292752,-0.8534021597061707
42,4,272,0,in_sample,f1_f3,1,0.6038274355420935,0.4214385692012179
42,4,129,1,in_sample,f1_f3,0,0.3154542245192037,-0.7747419340575729
42,4,74,0,in_sample,f1_f3,0,0.25273397434731953,-1.0840837963705945
42,4,280,1,in_sample,f1_f3,1,0.9100340476604661,2.3140507224069933
42,4,231,0,in_sample,f1_f3,1,0.6625042997028932,0.6744742775858837
42,4,227,0,in_sample,f1_f3,0,0.429186629290965,-0.2851704521953682
42,4,88,1,in_sample,f1_f3,0,0.4991876118032981,-0.0032495556463083726
42,4,262,1,in_sample,f1_f3,1,0.8589895059833598,1.806922392100763
42,4,70,0,in_sample,f1_f3,1,0.5109939177213945,0.043982759839933
42,4,179,0,in_sample,f1_f3,0,0.2979984423196512,-0.8568473635647463
42,4,249,1,in_sample,f1_f3,0,0.24848872848279324,-1.106688721482942
42,4,296,0,in_sample,f1_f3,1,0.8044362152715621,1.41425508754813
42,4,173,1,in_sample,f1_f3,0,0.24575134018236783,-1.1214018887462123
42,4,43,0,in_sample,f1_f3,1,0.731518892045738,1.0023424965365533
42,4,166,1,in_sample,f1_f3,1,0.6064207926986354,0.43229178568689935
42,4,108,1,in_sample,f1_f3,1,0.8557623416726843,1.780530355155253
42,4,2,0,in_sample,f1_f3,0,0.49791543097292895,-0.008338324419959839
42,4,219,1,in_sample,f1_f3,1,0.546835948645736,0.18789464217701493
42,4,19,1,in_sample,f1_f3,1,0.8950157260464208,2.1430307220521527
42,4,263,1,in_sample,f1_f3,1,0.5441749081079847,0.1771615519158714
42,4,218,1,in_sample,f1_f3,0,0.34943501309835645,-0.6215235940723651
42,4,49,1,in_sample,f1_f3,0,0.33181796182006307,-0.6999741378874252
42,4,311,0,in_sample,f1_f3,0,0.13649771292124907,-1.8446886868689156
42,4,170,1,in_sample,f1_f3,1,0.5099315569011384,0.03973145341387255
42,4,91,1,in_sample,f1_f3,0,0.48641111733375975,-0.05436891949113018
42,4,259,0,in_sample,f1_f3,0,0.3248468594076272,-0.7315856706353764
42,4,257,0,in_sample,f1_f3,0,0.06709603096998724,-2.6321773772060735
42,4,111,0,in_sample,f1_f3,1,0.6002731675841414,0.4066034360626162
42,4,130,1,in_sample,f1_f3,0,0.29664685846280203,-0.8633166981260519
42,4,291,1,in_sample,f1_f3,1,0.5782527073550362,0.3156046810114748
42,4,313,0,in_sample,f1_f3,0,0.11036909723309894,-2.0869764824232404
42,4,315,0,in_sample,f1_f3,1,0.7532935350916057,1.1162557439395298
42,4,105,0,in_sample,f1_f3,1,0.6082727840011143,0.44005771924444564
42,4,136,0,in_sample,f1_f3,0,0.4195671171346563,-0.3245506686484748
42,4,46,1,in_sample,f1_f3,0,0.4322095614200238,-0.2728418379789317
42,4,264,1,in_sample,f1_f3,1,0.5383791780035196,0.15381928125295705
42,4,75,0,in_sample,f1_f3,0,0.2546938790728149,-1.0737326847686535
42,4,29,0,in_sample,f2_f3,1,0.5820122388811743,0.3310393240397197
42,4,230,1,in_sample,f2_f3,1,0.6847078840923427,0.7754927395393649
42,4,114,0,in_sample,f2_f3,0,0.09478336168027669,-2.2565804102564457
42,4,175,0,in_sample,f2_f3,1,0.5448514301976836,0.17988925966718616
42,4,138,1,in_sample,f2_f3,1,0.8206495546725731,1.5207544795428343
42,4,119,1,in_sample,f2_f3,1,0.5692772533016572,0.27890297561345934
42,4,213,0,in_sample,f2_f3,1,0.9305437583929003,2.5950721646141686
42,4,209,0,in_sample,f2_f3,0,0.29158203735517024,-0.887712864282476
42,4,124,1,in_sample,f2_f3,1,0.8856618884583773,2.0471753125019903
42,4,37,1,in_sample,f2_f3,0,0.17073863632395267,-1.580401436599185
42,4,169,0,in_sample,f2_f3,0,0.36259833146590265,-0.5641043229719369
42,4,72,0,in_sample,f2_f3,1,0.5481356317781432,0.19314069507242476
42,4,90,1,in_sample,f2_f3,1,0.6939737081046523,0.8187630557257467
42,4,123,0,in_sample,f2_f3,0,0.35229713228958226,-0.6089571083609532
42,4,61,0,in_sample,f2_f3,1,0.6226045053599748,0.5006177993724938
42,4,158,0,in_sample,f2_f3,0,0.14882490875055657,-1.7438473491526274
42,4,284,1,in_sample,f2_f3,0,0.35353188280058595,-0.603550207918079
42,4,297,1,in_sample,f2_f3,1,0.8722105935103476,1.9206472538797432
42,4,251,1,in_sample,f2_f3,1,0.5921392820573145,0.372816142426832
42,4,21,0,in_sample,f2_f3,0,0.16452107138533487,-1.6249664720972263
42,4,194,0,in_sample,f2_f3,0,0.24814638821237645,-1.1085227927529877
42,4,107,1,in_sample,f2_f3,1,0.6068716458767035,0.4341811527841579
42,4,252,0,in_sample,f2_f3,0,0.23525838028136184,-1.1788536240676155
42,4,212,1,in_sample,f2_f3,1,0.9238500526019091,2.4958453891649715
42,4,187,1,in_sample,f2_f3,1,0.8110032150905235,1.4565420146068697
42,4,147,0,in_sample,f2_f3,0,0.374723883640452,-0.5120038938841764
42,4,272,0,in_sample,f2_f3,1,0.7196895743886914,0.9429223204033494
42,4,129,1,in_sample,f2_f3,0,0.07856641578635268,-2.461986372898401
42,4,74,0,in_sample,f2_f3,1,0.70237082093415,0.8586131534188984
42,4,280,1,in_sample,f2_f3,1,0.6622014438269012,0.6731200753012303
42,4,231,0,in_sample,f2_f3,1,0.7742425462575654,1.2324239823210732
42,4,227,0,in_sample,f2_f3,1,0.8418042208944161,1.6717140962245463
42,4,88,1,in_sample,f2_f3,0,0.3794152182253902,-0.49203106192790674
42,4,262,1,in_sample,f2_f3,1,0.9614035834207745,3.215234845320968
42,4,70,0,in_sample,f2_f3,0,0.03476642600735322,-3.323717966452158
42,4,179,0,in_sample,f2_f3,0,0.10232903966438425,-2.171610086914258
42,4,249,1,in_sample,f2_f3,0,0.05911793690895905,-2.76728342090276
42,4,296,0,in_sample,f2_f3,1,0.8907828595593097,2.098762678835939
42,4,173,1,in_sample,f2_f3,0,0.22875444438557185,-1.215357679653654
42,4,43,0,in_sample,f2_f3,1,0.6931278954327733,0.8147834721706242
42,4,166,1,in_sample,f2_f3,1,0.8502904356064495,1.736880800281594
42,4,108,1,in_sample,f2_f3,1,0.6898100178005309,0.7992312675876461
42,4,2,0,in_sample,f2_f3,0,0.3638313663779716,-0.5587731942908731
42,4,219,1,in_sample,f2_f3,1,0.6208558522902287,0.49318246333536864
42,4,19,1,in_sample,f2_f3,1,0.6087918604028433,0.4422366918693492
42,4,263,1,in_sample,f2_f3,1,0.6806581571299584,0.7567980714442114
42,4,218,1,in_sample,f2_f3,0,0.0746877127187258,-2.516815698168754
42,4,49,1,in_sample,f2_f3,0,0.09719937847396619,-2.2287374162406137
42,4,311,0,in_sample,f2_f3,0,0.1588133608763584,-1.6670838788126265
42,4,170,1,in_sample,f2_f3,1,0.67147875890292,0.7148808864434644
42,4,91,1,in_sample,f2_f3,0,0.41732085926953993,-0.3337813032785113
42,4,259,0,in_sample,f2_f3,0,0.48362957864095246,-0.06550509847333935
42,4,257,0,in_sample,f2_f3,0,0.14829980607421894,-1.7479986383552424
42,4,111,0,in_sample,f2_f3,0,0.18699430799966152,-1.4696599328668887
42,4,130,1,in_sample,f2_f3,0,0.22124946775959833,-1.2583998752773886
42,4,291,1,in_sample,f2_f3,1,0.8304089430256457,1.5885282900297082
42,4,313,0,in_sample,f2_f3,0,0.04673878586633704,-3.0153146103307287
42,4,315,0,in_sample,f2_f3,1,0.6617880257570105,0.6712724602352427
42,4,105,0,in_sample,f2_f3,0,0.27870182482471595,-0.9509101274982392
42,4,136,0,in_sample,f2_f3,0,0.354817985722754,-0.5979275279472585
42,4,46,1,in_sample,f2_f3,1,0.8739276268438118,1.9361414332309144
42,4,264,1,in_sample,f2_f3,0,0.06299678775141711,-2.6996029734405695
42,4,75,0,in_sample,f2_f3,1,0.7557420948593226,1.1294755182547092
42,4,29,0,in_sample,f1_f2_f3,0,0.4630560940879564,-0.14804543050292973
42,4,230,1,in_sample,f1_f2_f3,1,0.6704826999853624,0.7103690443241328
42,4,114,0,in_sample,f1_f2_f3,0,0.10863092434731404,-2.1048024464802646
42,4,175,0,in_sample,f1_f2_f3,1,0.5446750150207145,0.17917789739417556
42,4,138,1,in_sample,f1_f2_f3,1,0.823488285714563,1.5401620804588942
42,4,119,1,in_sample,f1_f2_f3,0,0.4721903818959414,-0.1113533911763438
42,4,213,0,in_sample,f1_f2_f3,1,0.9555375725161075,3.067629578945008
42,4,209,0,in_sample,f1_f2_f3,0,0.24718588928505295,-1.113677690629265
42,4,124,1,in_sample,f1_f2_f3,1,0.9182200695235456,2.4184052242331764
42,4,37,1,in_sample,f1_f2_f3,0,0.1550416897522968,-1.6955932422569098
42,4,169,0,in_sample,f1_f2_f3,0,0.2851923786351149,-0.9188494801576628
42,4,72,0,in_sample,f1_f2_f3,1,0.5629270500942092,0.253049931612773
42,4,90,1,in_sample,f1_f2_f3,1,0.6897570583111919,0.7989837727619709
42,4,123,0,in_sample,f1_f2_f3,0,0.4739104490619608,-0.10445306936195134
42,4,61,0,in_sample,f1_f2_f3,1,0.638862267116529,0.5704294696245271
42,4,158,0,in_sample,f1_f2_f3,0,0.14519460684728172,-1.7727988739060727
42,4,284,1,in_sample,f1_f2_f3,0,0.3538187722930854,-0.6022951633136221
42,4,297,1,in_sample,f1_f2_f3,1,0.8840237389263501,2.0310983920194454
42,4,251,1,in_sample,f1_f2_f3,1,0.593046152680869,0.3765724433482786
42,4,21,0,in_sample,f1_f2_f3,0,0.15774872581517974,-1.675074970972605
42,4,194,0,in_sample,f1_f2_f3,0,0.242323656024898,-1.1399820534217653
42,4,107,1,in_sample,f1_f2_f3,1,0.6467190710288668,0.6046484245736768
42,4,252,0,in_sample,f1_f2_f3,0,0.3429160409721929,-0.6503261631426368
42,4,212,1,in_sample,f1_f2_f3,1,0.9305628149428763,2.595367048700681
42,4,187,1,in_sample,f1_f2_f3,1,0.843159003149266,1.681923022802594
42,4,147,0,in_sample,f1_f2_f3,0,0.46044449411785543,-0.15855334885500377
42,4,272,0,in_sample,f1_f2_f3,1,0.762866051659327,1.1684572966843643
42,4,129,1,in_sample,f1_f2_f3,0,0.08891745586730827,-2.3269250242159587
42,4,74,0,in_sample,f1_f2_f3,1,0.7151953842037952,0.9207523834286424
42,4,280,1,in_sample,f1_f2_f3,1,0.6154880685260761,0.4704407408203921
42,4,231,0,in_sample,f1_f2_f3,1,0.75932405793263,1.1489772501465352
42,4,227,0,in_sample,f1_f2_f3,1,0.8201692556978932,1.517494629257262
42,4,88,1,in_sample,f1_f2_f3,0,0.3623432277008807,-0.5652082586894255
42,4,262,1,in_sample,f1_f2_f3,1,0.9702990724264204,3.4864260693104145
42,4,70,0,in_sample,f1_f2_f3,0,0.03186893244724616,-3.4137358477125344
42,4,179,0,in_sample,f1_f2_f3,0,0.06855772231677958,-2.6090581690741073
42,4,249,1,in_sample,f1_f2_f3,0,0.08665688203088011,-2.3551551874314147
42,4,296,0,in_sample,f1_f2_f3,1,0.8786629196776949,1.9798288822729262
42,4,173,1,in_sample,f1_f2_f3,0,0.21454952194083565,-1.2977168273490345
42,4,43,0,in_sample,f1_f2_f3,1,0.6813817684968467,0.7601291292804323
42,4,166,1,in_sample,f1_f2_f3,1,0.8497993606645229,1.733028279461948
42,4,108,1,in_sample,f1_f2_f3,1,0.6538846144628782,0.6361587017310555
42,4,2,0,in_sample,f1_f2_f3,0,0.3094253839752466,-0.802807050515658
42,4,219,1,in_sample,f1_f2_f3,1,0.5803530620010093,0.3242229119857705
42,4,19,1,in_sample,f1_f2_f3,1,0.6347819406895492,0.552786941463431
42,4,263,1,in_sample,f1_f2_f3,1,0.6332216334392619,0.54606273287697
42,4,218,1,in_sample,f1_f2_f3,0,0.08218825833968851,-2.41297984586945
42,4,49,1,in_sample,f1_f2_f3,0,0.1321453076950869,-1.8821221624631304
42,4,311,0,in_sample,f1_f2_f3,0,0.15744006590294457,-1.6773999461957194
42,4,170,1,in_sample,f1_f2_f3,1,0.7131186348775682,0.9105790265416023
42,4,91,1,in_sample,f1_f2_f3,0,0.3940422968540412,-0.43035193088705914
42,4,259,0,in_sample,f1_f2_f3,0,0.35041424626754336,-0.6172188423844185
42,4,257,0,in_sample,f1_f2_f3,0,0.084813386563554,-2.3786746028331174
42,4,111,0,in_sample,f1_f2_f3,0,0.14023853507070203,-1.8133101897281763
42,4,130,1,in_sample,f1_f2_f3,0,0.20094243903546177,-1.380414490340064
42,4,291,1,in_sample,f1_f2_f3,1,0.7326550879996683,1.0081354127300215
42,4,313,0,in_sample,f1_f2_f3,0,0.04099663072912284,-3.1524047022050374
42,4,315,0,in_sample,f1_f2_f3,1,0.6079003503835285,0.4384949554476929
42,4,105,0,in_sample,f1_f2_f3,0,0.26382426219894806,-1.0261856564145566
42,4,136,0,in_sample,f1_f2_f3,0,0.41777882211401873,-0.3318982474843769
42,4,46,1,in_sample,f1_f2_f3,1,0.9035006043059933,2.2367400327950206
42,4,264,1,in_sample,f1_f2_f3,0,0.04402105741877578,-3.078067789084207
42,4,75,0,in_sample,f1_f2_f3,1,0.7797328162060374,1.2641100364078943
42,4,29,0,inner_oof,f1,0,0.4937333066126428,-0.025068086217744052
42,4,230,1,inner_oof,f1,0,0.4971901510867208,-0.011239513972490641
42,4,114,0,inner_oof,f1,1,0.5009845586874404,0.003938239839841165
42,4,175,0,inner_oof,f1,0,0.4971721069623607,-0.011311692764079019
42,4,138,1,inner_oof,f1,0,0.49747862398640835,-0.01008558954493484
42,4,119,1,inner_oof,f1,0,0.4931185012770244,-0.02752773308167861
42,4,213,0,inner_oof,f1,1,0.5001339490260407,0.0005357961169807409
42,4,209,0,inner_oof,f1,0,0.496868512477701,-0.012526113869248609
42,4,124,1,inner_oof,f1,1,0.5003127374355166,0.0012509499051983827
42,4,37,1,inner_oof,f1,0,0.49804194722526235,-0.007832251137275845
42,4,169,0,inner_oof,f1,0,0.49613700386688314,-0.015452291991391382
42,4,72,0,inner_oof,f1,0,0.49844245263034304,-0.006230209630947505
42,4,90,1,inner_oof,f1,0,0.49701855607610634,-0.011925917043008737
42,4,123,0,inner_oof,f1,1,0.5027521266145293,0.011008617634324175
42,4,61,0,inner_oof,f1,0,0.4986890496614727,-0.005243813370090283
42,4,158,0,inner_oof,f1,0,0.49899564357885734,-0.004017431087923845
42,4,284,1,inner_oof,f1,0,0.49839026957037286,-0.006438943964967374
42,4,297,1,inner_oof,f1,0,0.4986119915177658,-0.005552048190827197
42,4,251,1,inner_oof,f1,0,0.49754350065687564,-0.009826076432163162
42,4,21,0,inner_oof,f1,0,0.49752071240088674,-0.009917231676858188
42,4,194,0,inner_oof,f1,0,0.4986337156000702,-0.005465151202384331
42,4,107,1,inner_oof,f1,0,0.4982384671289285,-0.00704616063667961
42,4,252,0,inner_oof,f1,1,0.5030110983547784,0.012044539026364879
42,4,212,1,inner_oof,f1,0,0.49724028396427905,-0.011038976241398345
42,4,187,1,inner_oof,f1,0,0.4982853704548642,-0.0068585450657078035
42,4,147,0,inner_oof,f1,1,0.5016993481053542,0.006797418594132831
42,4,272,0,inner_oof,f1,0,0.49937684253020787,-0.0024926311697709997
42,4,129,1,inner_oof,f1,1,0.5001655610414336,0.0006622441899377073
42,4,74,0,inner_oof,f1,0,0.4988439801097515,-0.00462408780040251
42,4,280,1,inner_oof,f1,0,0.4943857124511214,-0.022458094072811453
42,4,231,0,inner_oof,f1,0,0.4963388584896007,-0.014644827776865063
42,4,227,0,inner_oof,f1,0,0.49617628478299075,-0.015295159042596318
42,4,88,1,inner_oof,f1,0,0.4972923789589188,-0.010830590033617167
42,4,262,1,inner_oof,f1,0,0.49835388115301804,-0.006584499177416828
42,4,70,0,inner_oof,f1,0,0.4978351025996031,-0.008659643716326488
42,4,179,0,inner_oof,f1,0,0.49493998104100917,-0.020240766842011093
42,4,249,1,inner_oof,f1,1,0.5029663819371267,0.011865666964491473
42,4,296,0,inner_oof,f1,0,0.4953375710691476,-0.018650256301029094
42,4,173,1,inner_oof,f1,0,0.4980850129152704,-0.007659985793081324
42,4,43,0,inner_oof,f1,0,0.4965048060023815,-0.013981003723134282
42,4,166,1,inner_oof,f1,0,0.49708256135874124,-0.01166988700308953
42,4,108,1,inner_oof,f1,0,0.4950429033320351,-0.01982903636234361
42,4,2,0,inner_oof,f1,0,0.49576018461888915,-0.016959668022340595
42,4,219,1,inner_oof,f1,0,0.4960517679117459,-0.01579325661682024
42,4,19,1,inner_oof,f1,0,0.49739646351662486,-0.010414240056724955
42,4,263,1,inner_oof,f1,0,0.4956113432691939,-0.017555077754090216
42,4,218,1,inner_oof,f1,0,0.49980119222595687,-0.0007952311380809611
42,4,49,1,inner_oof,f1,1,0.5019819362446254,0.007927786499889754
42,4,311,0,inner_oof,f1,0,0.49930219254465696,-0.002791231633571897
42,4,170,1,inner_oof,f1,0,0.4993999651641536,-0.0024001404955874646
42,4,91,1,inner_oof,f1,0,0.49707089271451144,-0.011716563175500069
42,4,259,0,inner_oof,f1,0,0.4932853426778938,-0.026860244083017633
42,4,257,0,inner_oof,f1,0,0.49417281599039836,-0.023309791421954273
42,4,111,0,inner_oof,f1,0,0.4948319022589057,-0.02067312720321587
42,4,130,1,inner_oof,f1,0,0.4975762396134868,-0.009695117486631306
42,4,291,1,inner_oof,f1,0,0.4919545303753523,-0.03218465642285896
42,4,313,0,inner_oof,f1,0,0.49864512662829247,-0.005419506751509907
42,4,315,0,inner_oof,f1,0,0.49485275656132105,-0.020589701116484893
42,4,105,0,inner_oof,f1,0,0.49711687790317244,-0.011532616206627863
42,4,136,0,inner_oof,f1,1,0.5006002166727701,0.0024008678443300548
42,4,46,1,inner_oof,f1,1,0.5002336310477049,0.0009345242588323505
42,4,264,1,inner_oof,f1,0,0.49498661597716453,-0.020054208166502014
42,4,75,0,inner_oof,f1,0,0.49942697175551476,-0.002292113981463598
42,4,29,0,inner_oof,f2,1,0.5136875993611979,0.05476408027442825
42,4,230,1,inner_oof,f2,1,0.5245711565047527,0.09836385889805888
42,4,114,0,inner_oof,f2,0,0.47055544775332936,-0.1179146417116519
42,4,175,0,inner_oof,f2,0,0.4744337468420252,-0.10235427779615339
42,4,138,1,inner_oof,f2,1,0.537902456098225,0.15190123257320218
42,4,119,1,inner_oof,f2,0,0.45362763138436135,-0.18602407078574043
42,4,213,0,inner_oof,f2,1,0.5286971572671685,0.11491492079579424
42,4,209,0,inner_oof,f2,0,0.4978764292386945,-0.008494334119664874
42,4,124,1,inner_oof,f2,1,0.549232187290876,0.19756890053347323
42,4,37,1,inner_oof,f2,0,0.47583265473834646,-0.09674476778049781
42,4,169,0,inner_oof,f2,1,0.5287451233712877,0.11510742038707583
42,4,72,0,inner_oof,f2,1,0.5053669393841768,0.021468582071189346
42,4,90,1,inner_oof,f2,1,0.5027842833512989,0.01113724852421966
42,4,123,0,inner_oof,f2,0,0.48618949881682905,-0.05525605957275397
42,4,61,0,inner_oof,f2,1,0.5252807647874257,0.10120936420089914
42,4,158,0,inner_oof,f2,0,0.47663926662995076,-0.0935110147225861
42,4,284,1,inner_oof,f2,0,0.4900599566112553,-0.039765412774187624
42,4,297,1,inner_oof,f2,1,0.5684961480594807,0.27571810020203635
42,4,251,1,inner_oof,f2,0,0.496522251293053,-0.013911219167381295
42,4,21,0,inner_oof,f2,0,0.42898988682320033,-0.28597357603061696
42,4,194,0,inner_oof,f2,0,0.4901640683563466,-0.039348802860681674
42,4,107,1,inner_oof,f2,0,0.46700388117453967,-0.13217657388536047
42,4,252,0,inner_oof,f2,0,0.4634233603654123,-0.14656838147554366
42,4,212,1,inner_oof,f2,1,0.5410708498921083,0.16465439017255398
42,4,187,1,inner_oof,f2,0,0.49321692076788715,-0.027133981595405712
42,4,147,0,inner_oof,f2,1,0.502098533184466,0.00839418202695865
42,4,272,0,inner_oof,f2,1,0.5159993310539476,0.06401918023802461
42,4,129,1,inner_oof,f2,0,0.43421579387934256,-0.2646711127865149
42,4,74,0,inner_oof,f2,1,0.549901808426475,0.20027396969626585
42,4,280,1,inner_oof,f2,0,0.4545599051391833,-0.18226327288697577
42,4,231,0,inner_oof,f2,1,0.5159162177183391,0.06368638791180774
42,4,227,0,inner_oof,f2,1,0.5539546183435169,0.21666206760788262
42,4,88,1,inner_oof,f2,0,0.4767263082232829,-0.09316208951643443
42,4,262,1,inner_oof,f2,1,0.5554557130375061,0.22273919819421772
42,4,70,0,inner_oof,f2,0,0.38444994524504245,-0.47070266699247215
42,4,179,0,inner_oof,f2,0,0.43997146761844885,-0.2412778546246084
42,4,249,1,inner_oof,f2,0,0.43545330607796107,-0.2596355260447737
42,4,296,0,inner_oof,f2,1,0.5250863023817363,0.1004295362683847
42,4,173,1,inner_oof,f2,0,0.48144996474109264,-0.0742342125794706
42,4,43,0,inner_oof,f2,0,0.49411434322106423,-0.023543714591626422
42,4,166,1,inner_oof,f2,1,0.5394041851560838,0.15794426855396657
42,4,108,1,inner_oof,f2,0,0.472642166316372,-0.10954073665047503
42,4,2,0,inner_oof,f2,0,0.4729465071700051,-0.10831975837874168
42,4,219,1,inner_oof,f2,1,0.5032145868645429,0.01285852462605495
42,4,19,1,inner_oof,f2,0,0.4545152359465021,-0.18244343915178443
42,4,263,1,inner_oof,f2,1,0.5117230243323757,0.04690069262878827
42,4,218,1,inner_oof,f2,0,0.42829671708286204,-0.2888039010333362
42,4,49,1,inner_oof,f2,0,0.4419833772563799,-0.23311647844746142
42,4,311,0,inner_oof,f2,0,0.485825466894387,-0.05671332860503623
42,4,170,1,inner_oof,f2,1,0.5179626822865439,0.07188166405082298
42,4,91,1,inner_oof,f2,0,0.4829840365519686,-0.0680901486178912
42,4,259,0,inner_oof,f2,1,0.5044988007302207,0.017995688556012582
42,4,257,0,inner_oof,f2,0,0.49702238975869967,-0.011910581768074708
42,4,111,0,inner_oof,f2,0,0.4318151781865165,-0.2744490878823035
42,4,130,1,inner_oof,f2,0,0.47305565496969837,-0.10788189045759634
42,4,291,1,inner_oof,f2,1,0.5317247789278343,0.12706982035556452
42,4,313,0,inner_oof,f2,0,0.44665426477068954,-0.2141981670437036
42,4,315,0,inner_oof,f2,0,0.48469250476082626,-0.061249121552603494
42,4,105,0,inner_oof,f2,0,0.450447455851365,-0.1988629559508861
42,4,136,0,inner_oof,f2,0,0.48487844571858874,-0.060504668403630196
42,4,46,1,inner_oof,f2,1,0.566733162228709,0.2685347878916422
42,4,264,1,inner_oof,f2,0,0.3985282627419874,-0.4116011286776892
42,4,75,0,inner_oof,f2,1,0.5591550125723626,0.23773342683939286
42,4,29,0,inner_oof,f3,0,0.48244352577390065,-0.07025477922416537
42,4,230,1,inner_oof,f3,0,0.48751813927929605,-0.04993781814677553
42,4,114,0,inner_oof,f3,0,0.42645774356629007,-0.2963183307133133
42,4,175,0,inner_oof,f3,1,0.5279190179763626,0.11179235394561288
42,4,138,1,inner_oof,f3,1,0.502529778078385,0.010119198661617333
42,4,119,1,inner_oof,f3,1,0.5597942422227165,0.24032704269107688
42,4,213,0,inner_oof,f3,1,0.5617570023063999,0.24829583036010128
42,4,209,0,inner_oof,f3,0,0.44998573530422853,-0.20072833076268815
42,4,124,1,inner_oof,f3,1,0.5105271583340432,0.04211485702289448
42,4,37,1,inner_oof,f3,0,0.44882089559653066,-0.20543589775788595
42,4,169,0,inner_oof,f3,0,0.4236232001159961,-0.30791723213656913
42,4,72,0,inner_oof,f3,0,0.4874258129821146,-0.050307355334043014
42,4,90,1,inner_oof,f3,1,0.5183693182543143,0.07351035791127557
42,4,123,0,inner_oof,f3,0,0.4776212777227466,-0.08957473399120983
42,4,61,0,inner_oof,f3,0,0.474499766547584,-0.1020895085118822
42,4,158,0,inner_oof,f3,0,0.4406575906677554,-0.23849368921819464
42,4,284,1,inner_oof,f3,0,0.47272855019166454,-0.10919416685989233
42,4,297,1,inner_oof,f3,0,0.47902962611151395,-0.08393073078096425
42,4,251,1,inner_oof,f3,1,0.5070733236645472,0.028295182308197483
42,4,21,0,inner_oof,f3,1,0.5095012630177371,0.03800962755300917
42,4,194,0,inner_oof,f3,0,0.45050924003383785,-0.1986133708970882
42,4,107,1,inner_oof,f3,1,0.5488798576843219,0.19614588412806255
42,4,252,0,inner_oof,f3,0,0.4828549555095032,-0.06860707603172864
42,4,212,1,inner_oof,f3,1,0.541102471457185,0.1647817363320835
42,4,187,1,inner_oof,f3,1,0.5588683199198631,0.23657045659353712
42,4,147,0,inner_oof,f3,0,0.4608210653101672,-0.1570376681376011
42,4,272,0,inner_oof,f3,1,0.5062834366245291,0.025135069716725085
42,4,129,1,inner_oof,f3,0,0.46565929736438916,-0.1375794102385851
42,4,74,0,inner_oof,f3,0,0.4574425631085467,-0.17064262254840465
42,4,280,1,inner_oof,f3,1,0.5755929904562496,0.30470787417069667
42,4,231,0,inner_oof,f3,1,0.5191216735735067,0.07652401568027817
42,4,227,0,inner_oof,f3,0,0.48767389369894787,-0.04931441679996513
42,4,88,1,inner_oof,f3,0,0.49533508104330876,-0.018660217270983343
42,4,262,1,inner_oof,f3,1,0.5533577786065891,0.21424689535583363
42,4,70,0,inner_oof,f3,0,0.4960933472351555,-0.015626929060806233
42,4,179,0,inner_oof,f3,0,0.4706478436182829,-0.11754377614888144
42,4,249,1,inner_oof,f3,0,0.4506627744850518,-0.19799317565843375
42,4,296,0,inner_oof,f3,1,0.5449261124629331,0.18019041605137726
42,4,173,1,inner_oof,f3,0,0.45733203808539186,-0.1710879572731476
42,4,43,0,inner_oof,f3,1,0.529681294249149,0.11886493182620728
42,4,166,1,inner_oof,f3,1,0.51003079961588,0.04012858252838083
42,4,108,1,inner_oof,f3,1,0.5573289197407396,0.23032857403595225
42,4,2,0,inner_oof,f3,0,0.4974308107440139,-0.01027684747088892
42,4,219,1,inner_oof,f3,1,0.5034820258046743,0.013928328387034557
42,4,19,1,inner_oof,f3,1,0.565696929251796,0.2643158640220604
42,4,263,1,inner_oof,f3,1,0.5037782411673798,0.015113252331610916
42,4,218,1,inner_oof,f3,0,0.4712365399907599,-0.11518101031824923
42,4,49,1,inner_oof,f3,0,0.46544638544547634,-0.1384351194888525
42,4,311,0,inner_oof,f3,0,0.4319620362267538,-0.273850548838792
42,4,170,1,inner_oof,f3,0,0.4936410625597927,-0.0254371212567957
42,4,91,1,inner_oof,f3,0,0.4939738757874636,-0.02410566406503383
42,4,259,0,inner_oof,f3,0,0.4772126876127436,-0.0912124353859429
42,4,257,0,inner_oof,f3,0,0.41396786026395066,-0.34758629543988356
42,4,111,0,inner_oof,f3,1,0.5125065642257239,0.05003669390701455
42,4,130,1,inner_oof,f3,0,0.4665550519697046,-0.13397985124321288
42,4,291,1,inner_oof,f3,1,0.5137518454112652,0.05502125811019318
42,4,313,0,inner_oof,f3,0,0.42507325731038054,-0.30198110445025345
42,4,315,0,inner_oof,f3,1,0.5358585465249818,0.14368085811047066
42,4,105,0,inner_oof,f3,1,0.5102365415417262,0.040951888428745954
42,4,136,0,inner_oof,f3,0,0.4798449797678005,-0.0806637900565066
42,4,46,1,inner_oof,f3,0,0.4820914411505632,-0.07166489137081597
42,4,264,1,inner_oof,f3,1,0.5039302905528372,0.015721486020264012
42,4,75,0,inner_oof,f3,0,0.456926922063346,-0.17272042256417452
42,4,29,0,inner_oof,f1_f2,1,0.5012993533122455,0.005197424948884977
42,4,230,1,inner_oof,f1_f2,1,0.5237032125201126,0.09488397249906833
42,4,114,0,inner_oof,f1_f2,0,0.47799566682569533,-0.08807422171622922
42,4,175,0,inner_oof,f1_f2,0,0.4702406657526049,-0.1191781986505199
42,4,138,1,inner_oof,f1_f2,1,0.5388038925557638,0.15552832070204928
42,4,119,1,inner_oof,f1_f2,0,0.43560501848091737,-0.25901841639013495
42,4,213,0,inner_oof,f1_f2,1,0.5372643064407555,0.14933412934538767
42,4,209,0,inner_oof,f1_f2,0,0.4942550227956647,-0.02298092015938036
42,4,124,1,inner_oof,f1_f2,1,0.5596215239164796,0.23962617499769842
42,4,37,1,inner_oof,f1_f2,0,0.47444153490572294,-0.10232304390418873
42,4,169,0,inner_oof,f1_f2,1,0.5248669493694885,0.09954992929780485
42,4,72,0,inner_oof,f1_f2,1,0.507155867303561,0.0286254237289428
42,4,90,1,inner_oof,f1_f2,0,0.4999525839932863,-0.0001896640274232867
42,4,123,0,inner_oof,f1_f2,1,0.5001965489792174,0.0007861959573655514
42,4,61,0,inner_oof,f1_f2,1,0.5291324554074194,0.11666195601579568
42,4,158,0,inner_oof,f1_f2,0,0.47827610868619785,-0.08695030513888491
42,4,284,1,inner_oof,f1_f2,0,0.4906852556829093,-0.03726328850628891
42,4,297,1,inner_oof,f1_f2,1,0.5748366175669359,0.3016123327544346
42,4,251,1,inner_oof,f1_f2,0,0.4949227385402149,-0.02030974393358789
42,4,21,0,inner_oof,f1_f2,0,0.42300775360278403,-0.3104383197228501
42,4,194,0,inner_oof,f1_f2,0,0.49155711922123363,-0.033774733410526045
42,4,107,1,inner_oof,f1_f2,0,0.4656510056778433,-0.13761273421644318
42,4,252,0,inner_oof,f1_f2,0,0.4767031152368114,-0.09325506310518579
42,4,212,1,inner_oof,f1_f2,1,0.5414382524437426,0.16613407376639305
42,4,187,1,inner_oof,f1_f2,0,0.4937207669818973,-0.025118252636936293
42,4,147,0,inner_oof,f1_f2,1,0.5138538167516581,0.05542945454849854
42,4,272,0,inner_oof,f1_f2,1,0.5213977063798131,0.08564313470916504
42,4,129,1,inner_oof,f1_f2,0,0.43667557236739873,-0.2546651881342177
42,4,74,0,inner_oof,f1_f2,1,0.5558012840951717,0.22413880700841735
42,4,280,1,inner_oof,f1_f2,0,0.4404931694383966,-0.23916079713593524
42,4,231,0,inner_oof,f1_f2,1,0.5118210046769961,0.04729283137939074
42,4,227,0,inner_oof,f1_f2,1,0.5518710022684341,0.20823319509135166
42,4,88,1,inner_oof,f1_f2,0,0.47305587894439893,-0.10788099194955617
42,4,262,1,inner_oof,f1_f2,1,0.5601923567848734,0.24194276219465644
42,4,70,0,inner_oof,f1_f2,0,0.37676342253062295,-0.5033087217940668
42,4,179,0,inner_oof,f1_f2,0,0.42675586697965373,-0.2950995774655628
42,4,249,1,inner_oof,f1_f2,0,0.44663620937059534,-0.2142712204981423
42,4,296,0,inner_oof,f1_f2,1,0.518470042153935,0.07391380103932157
42,4,173,1,inner_oof,f1_f2,0,0.4805591434050318,-0.07780264922577095
42,4,43,0,inner_oof,f1_f2,0,0.4891110151400231,-0.04356282730322545
42,4,166,1,inner_oof,f1_f2,1,0.5391727448795564,0.15701275596099917
42,4,108,1,inner_oof,f1_f2,0,0.46170883123071044,-0.15346516268502336
42,4,2,0,inner_oof,f1_f2,0,0.4642628296721606,-0.14319285182526179
42,4,219,1,inner_oof,f1_f2,0,0.4973880892934123,-0.010447737860745852
42,4,19,1,inner_oof,f1_f2,0,0.4497463174471292,-0.20169572809539346
42,4,263,1,inner_oof,f1_f2,1,0.5050775043997617,0.020310715793711895
42,4,218,1,inner_oof,f1_f2,0,0.42924498581946613,-0.2849322521696252
42,4,49,1,inner_oof,f1_f2,0,0.45057905063066755,-0.19833136954163122
42,4,311,0,inner_oof,f1_f2,0,0.48902333322979374,-0.043913722710496386
42,4,170,1,inner_oof,f1_f2,1,0.523559709264814,0.09430867438228982
42,4,91,1,inner_oof,f1_f2,0,0.4790271740105614,-0.08394055647044184
42,4,259,0,inner_oof,f1_f2,0,0.4901069146315016,-0.039577506779678126
42,4,257,0,inner_oof,f1_f2,0,0.48492024623136487,-0.06033731370502668
42,4,111,0,inner_oof,f1_f2,0,0.4178049993428088,-0.33179062936297654
42,4,130,1,inner_oof,f1_f2,0,0.47003280897192723,-0.12001260231843008
42,4,291,1,inner_oof,f1_f2,1,0.5149899513228792,0.05997777883421758
42,4,313,0,inner_oof,f1_f2,0,0.44524323426874934,-0.21990903103819925
42,4,315,0,inner_oof,f1_f2,0,0.47392475588976607,-0.10439568590081147
42,4,105,0,inner_oof,f1_f2,0,0.4445576312293531,-0.2226851565012556
42,4,136,0,inner_oof,f1_f2,0,0.49207093101517274,-0.03171893501594261
42,4,46,1,inner_oof,f1_f2,1,0.5779200612821442,0.31424083248959556
42,4,264,1,inner_oof,f1_f2,0,0.3832038748316493,-0.47597138225771063
42,4,75,0,inner_oof,f1_f2,1,0.5674213009291679,0.2713377899740494
42,4,29,0,inner_oof,f1_f3,0,0.45510199039097965,-0.1800770902811206
42,4,230,1,inner_oof,f1_f3,0,0.48070870848069686,-0.07720349007245819
42,4,114,0,inner_oof,f1_f3,0,0.4289287193586272,-0.2862232868317717
42,4,175,0,inner_oof,f1_f3,1,0.5290100429625308,0.11617064533336952
42,4,138,1,inner_oof,f1_f3,1,0.5003273396444887,0.0013093587650208054
42,4,119,1,inner_oof,f1_f3,1,0.5444057228455258,0.17809211255334909
42,4,213,0,inner_oof,f1_f3,1,0.585891826851671,0.3470079492273479
42,4,209,0,inner_oof,f1_f3,0,0.4340892910232299,-0.26518605514274973
42,4,124,1,inner_oof,f1_f3,1,0.5259826979167272,0.10402449518799604
42,4,37,1,inner_oof,f1_f3,0,0.4392587217918923,-0.24417103651195335
42,4,169,0,inner_oof,f1_f3,0,0.3988554563813702,-0.4102363242597317
42,4,72,0,inner_oof,f1_f3,0,0.4877026461813487,-0.049199337095803757
42,4,90,1,inner_oof,f1_f3,1,0.5166971245903742,0.06681334196071415
42,4,123,0,inner_oof,f1_f3,1,0.5004117297464418,0.0016469193580181396
42,4,61,0,inner_oof,f1_f3,0,0.47361383389329975,-0.10564280625139073
42,4,158,0,inner_oof,f1_f3,0,0.43484337564928854,-0.26211699369638186
42,4,284,1,inner_oof,f1_f3,0,0.4698011784120428,-0.12094249072351049
42,4,297,1,inner_oof,f1_f3,0,0.4786042017678483,-0.08563548811543462
42,4,251,1,inner_oof,f1_f3,1,0.5061400489217862,0.024561430364605202
42,4,21,0,inner_oof,f1_f3,1,0.5089199436543479,0.035683560507498074
42,4,194,0,inner_oof,f1_f3,0,0.44459001768146134,-0.22255399899739847
42,4,107,1,inner_oof,f1_f3,1,0.5600748093034257,0.24146567153601428
42,4,252,0,inner_oof,f1_f3,1,0.5081625343532445,0.032653038383044994
42,4,212,1,inner_oof,f1_f3,1,0.5451791575379606,0.18121088149174835
42,4,187,1,inner_oof,f1_f3,1,0.5722329917209409,0.29096756245050376
42,4,147,0,inner_oof,f1_f3,0,0.474247468593997,-0.1031013583214556
42,4,272,0,inner_oof,f1_f3,1,0.515600012309961,0.06242030867391812
42,4,129,1,inner_oof,f1_f3,0,0.4713745505999645,-0.11462714372548728
42,4,74,0,inner_oof,f1_f3,0,0.45406405183020504,-0.18426338640262038
42,4,280,1,inner_oof,f1_f3,1,0.5705320819417481,0.28402235988886326
42,4,231,0,inner_oof,f1_f3,1,0.5137425594942515,0.054984086342425686
42,4,227,0,inner_oof,f1_f3,0,0.4751485428629587,-0.0994878068061846
42,4,88,1,inner_oof,f1_f3,0,0.49064992258546597,-0.03740467015003206
42,4,262,1,inner_oof,f1_f3,1,0.5660555961044613,0.26577587544075504
42,4,70,0,inner_oof,f1_f3,0,0.4946397568169594,-0.021441794184096974
42,4,179,0,inner_oof,f1_f3,0,0.4478590033569761,-0.2093249841326868
42,4,249,1,inner_oof,f1_f3,0,0.4691910019752829,-0.12339231491219983
42,4,296,0,inner_oof,f1_f3,1,0.5390330113204721,0.15645038216386592
42,4,173,1,inner_oof,f1_f3,0,0.4496617892534513,-0.20203729711529786
42,4,43,0,inner_oof,f1_f3,1,0.5273442974331685,0.1094864291430217
42,4,166,1,inner_oof,f1_f3,1,0.5070668961114004,0.02826946695393273
42,4,108,1,inner_oof,f1_f3,1,0.5522662488139535,0.20983151444169112
42,4,2,0,inner_oof,f1_f3,0,0.4844635798965655,-0.06216569300332278
42,4,219,1,inner_oof,f1_f3,0,0.4933655463326826,-0.026539372284215556
42,4,19,1,inner_oof,f1_f3,1,0.5754248902232949,0.30401978028725196
42,4,263,1,inner_oof,f1_f3,0,0.4912197360375417,-0.03512466663633177
42,4,218,1,inner_oof,f1_f3,0,0.47600188655222203,-0.09606626645549082
42,4,49,1,inner_oof,f1_f3,0,0.48141038428945443,-0.07439275306951415
42,4,311,0,inner_oof,f1_f3,0,0.4261643440483752,-0.2975179856259405
42,4,170,1,inner_oof,f1_f3,1,0.5005875699044652,0.0023502806997373615
42,4,91,1,inner_oof,f1_f3,0,0.48776228222777035,-0.048960649226959585
42,4,259,0,inner_oof,f1_f3,0,0.44636570850403295,-0.21536575486709453
42,4,257,0,inner_oof,f1_f3,0,0.3769794452897596,-0.5023888471737243
42,4,111,0,inner_oof,f1_f3,0,0.49725341111763505,-0.010986466035893636
42,4,130,1,inner_oof,f1_f3,0,0.45781756824045794,-0.1691317526246368
42,4,291,1,inner_oof,f1_f3,0,0.482410791367811,-0.07038587878524295
42,4,313,0,inner_oof,f1_f3,0,0.41431650913662565,-0.3461493291246748
42,4,315,0,inner_oof,f1_f3,1,0.5254008932692292,0.10169111557170143
42,4,105,0,inner_oof,f1_f3,1,0.5075083061997177,0.03003548258821745
42,4,136,0,inner_oof,f1_f3,0,0.4908615440466393,-0.03655789484297825
42,4,46,1,inner_oof,f1_f3,0,0.4914751829673325,-0.03410257281273696
42,4,264,1,inner_oof,f1_f3,0,0.4878553909041449,-0.048587992977037184
42,4,75,0,inner_oof,f1_f3,0,0.456730965355467,-0.17351013669366874
42,4,29,0,inner_oof,f2_f3,0,0.49767952691447026,-0.009281958981958882
42,4,230,1,inner_oof,f2_f3,1,0.5113407282061211,0.04537069418678137
42,4,114,0,inner_oof,f2_f3,0,0.41269032323299315,-0.35285475007160383
42,4,175,0,inner_oof,f2_f3,1,0.504158500289477,0.01663438471230108
42,4,138,1,inner_oof,f2_f3,1,0.535722412771637,0.14313351861708035
42,4,119,1,inner_oof,f2_f3,1,0.5144999196338623,0.05801594580759617
42,4,213,0,inner_oof,f2_f3,1,0.5792674106878456,0.31976676806614956
42,4,209,0,inner_oof,f2_f3,0,0.45592600293778246,-0.17675473952970014
42,4,124,1,inner_oof,f2_f3,1,0.5522420013702932,0.2097334536495733
42,4,37,1,inner_oof,f2_f3,0,0.43644979620491847,-0.25558306807208225
42,4,169,0,inner_oof,f2_f3,0,0.4586718081291534,-0.1656907948866171
42,4,72,0,inner_oof,f2_f3,0,0.49498611825039135,-0.02005619927379302
42,4,90,1,inner_oof,f2_f3,1,0.5198145885620618,0.07929988438865997
42,4,123,0,inner_oof,f2_f3,0,0.4702103998919904,-0.11929969292088091
42,4,61,0,inner_oof,f2_f3,1,0.5005617707536181,0.0022470839600048503
42,4,158,0,inner_oof,f2_f3,0,0.430035235840435,-0.2817073925085467
42,4,284,1,inner_oof,f2_f3,0,0.4692105641908757,-0.12331376801405586
42,4,297,1,inner_oof,f2_f3,1,0.5413679725110383,0.1658510131248236
42,4,251,1,inner_oof,f2_f3,1,0.504653786598524,0.018615683971117535
42,4,21,0,inner_oof,f2_f3,0,0.4493623316435238,-0.20324746663620338
42,4,194,0,inner_oof,f2_f3,0,0.4499107055014965,-0.2010314878270434
42,4,107,1,inner_oof,f2_f3,1,0.5162524450082078,0.06503269030672235
42,4,252,0,inner_oof,f2_f3,0,0.45554177716636685,-0.17830378403350172
42,4,212,1,inner_oof,f2_f3,1,0.5717425968858635,0.28896446069969534
42,4,187,1,inner_oof,f2_f3,1,0.547174822518542,0.18926222444889335
42,4,147,0,inner_oof,f2_f3,0,0.4689623880510433,-0.12431028185184606
42,4,272,0,inner_oof,f2_f3,1,0.5204479130693082,0.08183729607862728
42,4,129,1,inner_oof,f2_f3,0,0.41617014492501536,-0.33851541746337277
42,4,74,0,inner_oof,f2_f3,1,0.5065667846023495,0.026268648844228165
42,4,280,1,inner_oof,f2_f3,1,0.5293188077599407,0.1174099208941872
42,4,231,0,inner_oof,f2_f3,1,0.5315635680299898,0.12642238350530652
42,4,227,0,inner_oof,f2_f3,1,0.5364535774415984,0.14607349325797617
42,4,88,1,inner_oof,f2_f3,0,0.4776451744628647,-0.08947895536904754
42,4,262,1,inner_oof,f2_f3,1,0.5941938049992136,0.3813298437721881
42,4,70,0,inner_oof,f2_f3,0,0.39975653596209876,-0.4064796446044111
42,4,179,0,inner_oof,f2_f3,0,0.4252601350298737,-0.30121646558042514
42,4,249,1,inner_oof,f2_f3,0,0.4044401184736228,-0.3869982533035623
42,4,296,0,inner_oof,f2_f3,1,0.5616942232498867,0.24804082784303416
42,4,173,1,inner_oof,f2_f3,0,0.44854885949924994,-0.2065356255722558
42,4,43,0,inner_oof,f2_f3,1,0.5223688566909832,0.08953519247032865
42,4,166,1,inner_oof,f2_f3,1,0.5435023868138277,0.17445062659988464
42,4,108,1,inner_oof,f2_f3,1,0.528479622235759,0.11404192667770201
42,4,2,0,inner_oof,f2_f3,0,0.4762695959277468,-0.09499298397781435
42,4,219,1,inner_oof,f2_f3,1,0.5071837868691869,0.02873712496011715
42,4,19,1,inner_oof,f2_f3,1,0.5204864684392103,0.08199177640919866
42,4,263,1,inner_oof,f2_f3,1,0.5146442728672332,0.05859384960732353
42,4,218,1,inner_oof,f2_f3,0,0.4159571657392542,-0.33939203848855587
42,4,49,1,inner_oof,f2_f3,0,0.42249330500082327,-0.3125464348811376
42,4,311,0,inner_oof,f2_f3,0,0.4301052589514148,-0.28142171195794885
42,4,170,1,inner_oof,f2_f3,1,0.5110832848404594,0.04434040263327166
42,4,91,1,inner_oof,f2_f3,0,0.48175664127500567,-0.07300584349573488
42,4,259,0,inner_oof,f2_f3,0,0.485326684140233,-0.05871012151563963
42,4,257,0,inner_oof,f2_f3,0,0.42363560292350877,-0.30786643583524437
42,4,111,0,inner_oof,f2_f3,0,0.45437985556318966,-0.18298949299233974
42,4,130,1,inner_oof,f2_f3,0,0.44951627505017744,-0.20262533133746263
42,4,291,1,inner_oof,f2_f3,1,0.540241019951114,0.16131297746952375
42,4,313,0,inner_oof,f2_f3,0,0.3919034019184154,-0.43931836202433827
42,4,315,0,inner_oof,f2_f3,1,0.5198090918517152,0.07927786297285666
42,4,105,0,inner_oof,f2_f3,0,0.46831117247650694,-0.12692543411986312
42,4,136,0,inner_oof,f2_f3,0,0.47104157251032985,-0.11596348731964147
42,4,46,1,inner_oof,f2_f3,1,0.54251664975665,0.1704782845967025
42,4,264,1,inner_oof,f2_f3,0,0.41846671227283283,-0.3290708687077086
42,4,75,0,inner_oof,f2_f3,1,0.5140388163205023,0.05617002899851689
42,4,29,0,inner_oof,f1_f2_f3,0,0.46470681995935115,-0.14140788484386901
42,4,230,1,inner_oof,f1_f2_f3,1,0.5057426421323801,0.02297157863880217
42,4,114,0,inner_oof,f1_f2_f3,0,0.4140327036983615,-0.34731901451478475
42,4,175,0,inner_oof,f1_f2_f3,1,0.5024671037377679,0.009868495039045355
42,4,138,1,inner_oof,f1_f2_f3,1,0.5372213289157991,0.1491612601481535
42,4,119,1,inner_oof,f1_f2_f3,0,0.4887516673710935,-0.04500092319542595
42,4,213,0,inner_oof,f1_f2_f3,1,0.6118067373511755,0.4549131287755105
42,4,209,0,inner_oof,f1_f2_f3,0,0.43638757014624097,-0.2558360633252377
42,4,124,1,inner_oof,f1_f2_f3,1,0.5769899376231228,0.3104288603396491
42,4,37,1,inner_oof,f1_f2_f3,0,0.4227527107522189,-0.311483352301931
42,4,169,0,inner_oof,f1_f2_f3,0,0.43101659611073495,-0.27770467112697145
42,4,72,0,inner_oof,f1_f2_f3,0,0.4963206711949992,-0.01471758087539838
42,4,90,1,inner_oof,f1_f2_f3,1,0.5178702824275488,0.07151158943747735
42,4,123,0,inner_oof,f1_f2_f3,0,0.49829074097024817,-0.006837062752334158
42,4,61,0,inner_oof,f1_f2_f3,1,0.5028139899955391,0.011256078825436083
42,4,158,0,inner_oof,f1_f2_f3,0,0.4213001918146422,-0.31743825284475713
42,4,284,1,inner_oof,f1_f2_f3,0,0.46502550664303427,-0.14012681271242472
42,4,297,1,inner_oof,f1_f2_f3,1,0.5488664689496611,0.1960918125711405
42,4,251,1,inner_oof,f1_f2_f3,1,0.5031495869891375,0.012598514592956092
42,4,21,0,inner_oof,f1_f2_f3,0,0.4408971393380833,-0.23752186045751217
42,4,194,0,inner_oof,f1_f2_f3,0,0.4422901162700518,-0.2318728671325358
42,4,107,1,inner_oof,f1_f2_f3,1,0.5264270599610881,0.10580683919576706
42,4,252,0,inner_oof,f1_f2_f3,0,0.48415060890693246,-0.06341881141120893
42,4,212,1,inner_oof,f1_f2_f3,1,0.5807929246109148,0.32602927011458926
42,4,187,1,inner_oof,f1_f2_f3,1,0.5627884694203136,0.25248670749875807
42,4,147,0,inner_oof,f1_f2_f3,0,0.48718105485121815,-0.05128701957567949
42,4,272,0,inner_oof,f1_f2_f3,1,0.5341316897418922,0.13673942038526532
42,4,129,1,inner_oof,f1_f2_f3,0,0.4169457926981231,-0.3353239421435054
42,4,74,0,inner_oof,f1_f2_f3,1,0.5086126028690382,0.03445381931711683
42,4,280,1,inner_oof,f1_f2_f3,1,0.5166755853155037,0.0667270887978135
42,4,231,0,inner_oof,f1_f2_f3,1,0.5263334669342944,0.10543142204883388
42,4,227,0,inner_oof,f1_f2_f3,1,0.526837027570719,0.10745137538026878
42,4,88,1,inner_oof,f1_f2_f3,0,0.46939556515531333,-0.12257096436673355
42,4,262,1,inner_oof,f1_f2_f3,1,0.6150805111764557,0.4687189792399533
42,4,70,0,inner_oof,f1_f2_f3,0,0.3858913510193822,-0.46461600942949016
42,4,179,0,inner_oof,f1_f2_f3,0,0.3912441302930641,-0.44208557728338393
42,4,249,1,inner_oof,f1_f2_f3,0,0.4215534774308242,-0.31639945733230734
42,4,296,0,inner_oof,f1_f2_f3,1,0.5564024421599982,0.22657409911508958
42,4,173,1,inner_oof,f1_f2_f3,0,0.4376757326661744,-0.2506003718249785
42,4,43,0,inner_oof,f1_f2_f3,1,0.5184341779808043,0.07377014870353721
42,4,166,1,inner_oof,f1_f2_f3,1,0.5440752597983581,0.17675983002892542
42,4,108,1,inner_oof,f1_f2_f3,1,0.5181956255787229,0.07281465705322576
42,4,2,0,inner_oof,f1_f2_f3,0,0.4570679475325721,-0.17215211699388783
42,4,219,1,inner_oof,f1_f2_f3,0,0.494764449524378,-0.02094296734812658
42,4,19,1,inner_oof,f1_f2_f3,1,0.527212881771461,0.10895919719471181
42,4,263,1,inner_oof,f1_f2_f3,1,0.500044045058254,0.00017618023347140688
42,4,218,1,inner_oof,f1_f2_f3,0,0.41481039529611585,-0.3441143682990539
42,4,49,1,inner_oof,f1_f2_f3,0,0.43696753844567243,-0.25347837505224696
42,4,311,0,inner_oof,f1_f2_f3,0,0.4224842725192189,-0.31258345446028596
42,4,170,1,inner_oof,f1_f2_f3,1,0.5221924816932225,0.08882828876410422
42,4,91,1,inner_oof,f1_f2_f3,0,0.4722671898037139,-0.11104520881396632
42,4,259,0,inner_oof,f1_f2_f3,0,0.44699868926920777,-0.2128047094123383
42,4,257,0,inner_oof,f1_f2_f3,0,0.37751567531560826,-0.5001063549500798
42,4,111,0,inner_oof,f1_f2_f3,0,0.4277486473618493,-0.2910425719980973
42,4,130,1,inner_oof,f1_f2_f3,0,0.43625943480114654,-0.2563570545535554
42,4,291,1,inner_oof,f1_f2_f3,1,0.5037987710214208,0.01519537646262463
42,4,313,0,inner_oof,f1_f2_f3,0,0.37438244873006676,-0.5134613788238676
42,4,315,0,inner_oof,f1_f2_f3,1,0.5043442684808984,0.01737751121241097
42,4,105,0,inner_oof,f1_f2_f3,0,0.4594316091620104,-0.16263106841124503
42,4,136,0,inner_oof,f1_f2_f3,0,0.4839297025741263,-0.06430333797137464
42,4,46,1,inner_oof,f1_f2_f3,1,0.5621269554845633,0.24979870816442995
42,4,264,1,inner_oof,f1_f2_f3,0,0.3879782503527401,-0.4558185382599756
42,4,75,0,inner_oof,f1_f2_f3,1,0.5212039089344632,0.08486653546985559
42,5,145,1,in_sample,f1,0,0.4464657420506973,-0.21496097170473985
42,5,151,1,in_sample,f1,1,0.5610523030064881,0.24543386818506674
42,5,286,0,in_sample,f1,0,0.3383243057867251,-0.670770627959346
42,5,283,0,in_sample,f1,1,0.6036940297437251,0.42088093123647313
42,5,236,1,in_sample,f1,1,0.6369847873027651,0.562301031858121
42,5,64,0,in_sample,f1,0,0.424439244513028,-0.304575919464332
42,5,229,0,in_sample,f1,1,0.5739275128047775,0.2978936145033478
42,5,115,0,in_sample,f1,1,0.6096932935496059,0.44602317641461303
42,5,12,0,in_sample,f1,0,0.21288580964457057,-1.307617416643546
42,5,279,0,in_sample,f1,0,0.3349865966552944,-0.685716674817859
42,5,225,0,in_sample,f1,1,0.5850049109214954,0.3433535553193106
42,5,181,1,in_sample,f1,0,0.26026201318562464,-1.0446071850224632
42,5,42,0,in_sample,f1,0,0.47731530886604184,-0.09080109985153255
42,5,125,1,in_sample,f1,1,0.6941060430904278,0.819386252831939
42,5,27,0,in_sample,f1,0,0.3173109068387218,-0.7661574763629878
42,5,176,1,in_sample,f1,1,0.7062488955254652,0.8772348932370695
42,5,168,1,in_sample,f1,0,0.1645209342154234,-1.6249674700315806
42,5,150,1,in_sample,f1,0,0.38954496642077163,-0.44922533059668435
42,5,196,0,in_sample,f1,0,0.3796441476036362,-0.4910589085685804
42,5,84,1,in_sample,f1,1,0.7335549599375583,1.0127345294371881
42,5,133,0,in_sample,f1,1,0.785961812300615,1.300753760094223
42,5,65,0,in_sample,f1,1,0.5817233124983311,0.32985178124402953
42,5,300,0,in_sample,f1,1,0.6656342508300167,0.6885048955279381
42,5,299,1,in_sample,f1,1,0.547274575759599,0.1896648289237487
42,5,177,1,in_sample,f1,1,0.5228636690932441,0.0915185000529657
42,5,71,1,in_sample,f1,0,0.49708249443392233,-0.011670154711479471
42,5,39,1,in_sample,f1,0,0.4066616401484962,-0.37778333754975435
42,5,33,1,in_sample,f1,1,0.5055971129949456,0.02238938722093048
42,5,155,1,in_sample,f1,1,0.6865123387555844,0.7838641972441316
42,5,77,1,in_sample,f1,0,0.32541814679223074,-0.7289820613116483
42,5,24,1,in_sample,f1,0,0.49666412307422225,-0.01334370569180255
42,5,31,0,in_sample,f1,0,0.22055373361574157,-1.262442397616103
42,5,178,1,in_sample,f1,1,0.8655098029783639,1.8618273891398658
42,5,44,1,in_sample,f1,0,0.26176139097175805,-1.0368337234902847
42,5,217,0,in_sample,f1,1,0.5657961296343167,0.2647196471350038
42,5,94,0,in_sample,f1,1,0.6930082654299928,0.814221102146155
42,5,118,0,in_sample,f1,0,0.21409561884257025,-1.3004124003072735
42,5,275,0,in_sample,f1,1,0.7211813262867397,0.9503289429065249
42,5,15,1,in_sample,f1,0,0.3165048162362064,-0.7698811510628157
42,5,285,0,in_sample,f1,0,0.42214744077166333,-0.3139641095618148
42,5,164,1,in_sample,f1,1,0.7245332362485698,0.9670606538730652
42,5,73,0,in_sample,f1,0,0.22061054519429843,-1.2621119549173345
42,5,76,0,in_sample,f1,1,0.8022982964916022,1.4007211327035722
42,5,34,1,in_sample,f1,1,0.6173658060810036,0.4783823012837256
42,5,92,0,in_sample,f1,0,0.27917008026419027,-0.9485820117317116
42,5,59,0,in_sample,f1,0,0.4796759739837139,-0.08134092271722038
42,5,66,0,in_sample,f1,1,0.6049495330895825,0.4261315171005208
42,5,292,1,in_sample,f1,1,0.5038514928466046,0.015406276106781011
42,5,26,0,in_sample,f1,1,0.6869644313361555,0.7859656950024637
42,5,69,1,in_sample,f1,0,0.24527309706165312,-1.12398369421839
42,5,121,1,in_sample,f1,1,0.6460397509180432,0.6016764197185642
42,5,57,0,in_sample,f1,0,0.39165865340449946,-0.4403454714393941
42,5,203,0,in_sample,f1,1,0.7153047138275961,0.921289188121093
42,5,3,1,in_sample,f1,1,0.5810825896051259,0.3272191082690467
42,5,245,1,in_sample,f1,1,0.6879670694792209,0.7906322438779837
42,5,273,1,in_sample,f1,0,0.45060932673403603,-0.19820907103771926
42,5,303,0,in_sample,f1,0,0.26133222747262347,-1.0390557562383076
42,5,28,0,in_sample,f1,1,0.8606920513124259,1.8210498356639293
42,5,222,1,in_sample,f1,1,0.5712361944104608,0.28689657699489407
42,5,266,1,in_sample,f1,1,0.6835025903519321,0.7699153888069529
42,5,159,0,in_sample,f1,1,0.5683595296868957,0.2751611961872928
42,5,16,1,in_sample,f1,0,0.44346491472061866,-0.2271115264194559
42,5,145,1,in_sample,f2,0,0.29673135690863606,-0.8629117496420343
42,5,151,1,in_sample,f2,1,0.9068999407401863,2.276357304309558
42,5,286,0,in_sample,f2,0,0.42945819035968535,-0.2840620608045167
42,5,283,0,in_sample,f2,0,0.2648362842071032,-1.0209813773576741
42,5,236,1,in_sample,f2,0,0.417748923333751,-0.3320211677362826
42,5,64,0,in_sample,f2,0,0.19029847009652373,-1.4480719633197465
42,5,229,0,in_sample,f2,1,0.7527675266298779,1.1134273688361056
42,5,115,0,in_sample,f2,1,0.579540475166308,0.32088728539571687
42,5,12,0,in_sample,f2,0,0.4213577219482247,-0.31720229070587413
42,5,279,0,in_sample,f2,0,0.4808791826983861,-0.0765205855762209
42,5,225,0,in_sample,f2,0,0.11817125789684552,-2.0098629568010056
42,5,181,1,in_sample,f2,1,0.9484777762250003,2.912845114458557
42,5,42,0,in_sample,f2,1,0.525764466434023,0.1031492254730092
42,5,125,1,in_sample,f2,1,0.8315432704011388,1.5966044170647102
42,5,27,0,in_sample,f2,1,0.7894286438633811,1.3214848684817704
42,5,176,1,in_sample,f2,1,0.8874939248609021,2.0653944546761034
42,5,168,1,in_sample,f2,0,0.20993457541016874,-1.3253198214573394
42,5,150,1,in_sample,f2,1,0.8437354863309564,1.686288868868647
42,5,196,0,in_sample,f2,0,0.3113489082404219,-0.793820569946522
42,5,84,1,in_sample,f2,0,0.31199665297880874,-0.7908012426579754
42,5,133,0,in_sample,f2,1,0.8006054352940046,1.3900826366496963
42,5,65,0,in_sample,f2,1,0.7474025470419037,1.084806798351125
42,5,300,0,in_sample,f2,1,0.8421075322591521,1.6739934992036785
42,5,299,1,in_sample,f2,0,0.4029806735911252,-0.39306088096562614
42,5,177,1,in_sample,f2,0,0.3718410329926045,-0.5243268343366997
42,5,71,1,in_sample,f2,0,0.3171096459249818,-0.7670867106511048
42,5,39,1,in_sample,f2,1,0.7560278964992554,1.1310243867879721
42,5,33,1,in_sample,f2,0,0.19892753221987824,-1.3930108159085122
42,5,155,1,in_sample,f2,0,0.4431095751709393,-0.22855140927354745
42,5,77,1,in_sample,f2,0,0.47866421760560524,-0.08539498560942999
42,5,24,1,in_sample,f2,1,0.8445925343607349,1.6928038249841517
42,5,31,0,in_sample,f2,0,0.06460768673853995,-2.6726326341923157
42,5,178,1,in_sample,f2,1,0.600148981586108,0.4060859032731534
42,5,44,1,in_sample,f2,0,0.3558033133597774,-0.5936260059021351
42,5,217,0,in_sample,f2,1,0.7337852474615892,1.0139130839871733
42,5,94,0,in_sample,f2,0,0.0305412646328289,-3.4576592029810875
42,5,118,0,in_sample,f2,0,0.33369552602980296,-0.6915177556895611
42,5,275,0,in_sample,f2,0,0.2521756452766563,-1.0870422807290907
42,5,15,1,in_sample,f2,1,0.6592896067538666,0.6601300721658733
42,5,285,0,in_sample,f2,1,0.5365467494279047,0.14644817791673648
42,5,164,1,in_sample,f2,1,0.8755555765309987,1.9509994110721913
42,5,73,0,in_sample,f2,1,0.7177843068750062,0.9334974678522708
42,5,76,0,in_sample,f2,0,0.08635759344227478,-2.3589425161300044
42,5,34,1,in_sample,f2,0,0.4010631932269893,-0.40103709068993504
42,5,92,0,in_sample,f2,1,0.5607633206273055,0.2442605273752661
42,5,59,0,in_sample,f2,1,0.5794619009614776,0.320564836501522
42,5,66,0,in_sample,f2,1,0.6469845085283835,0.6058104095132529
42,5,292,1,in_sample,f2,0,0.41135972724786235,-0.3583471742485715
42,5,26,0,in_sample,f2,0,0.16361242841338156,-1.6315917184505049
42,5,69,1,in_sample,f2,1,0.8357049745053322,1.6266119018709986
42,5,121,1,in_sample,f2,1,0.5645516688885822,0.25965576319106476
42,5,57,0,in_sample,f2,0,0.49153725209101795,-0.033854224650018
42,5,203,0,in_sample,f2,1,0.7012629033247921,0.8533189458631503
42,5,3,1,in_sample,f2,1,0.6188536393972917,0.4846853479484272
42,5,245,1,in_sample,f2,0,0.15355471361423342,-1.7069886203807514
42,5,273,1,in_sample,f2,0,0.11843387885942681,-2.0073451882915814
42,5,303,0,in_sample,f2,0,0.33402000052058484,-0.6900587662957509
42,5,28,0,in_sample,f2,0,0.4819541641161106,-0.07221471027316496
42,5,222,1,in_sample,f2,0,0.4292553087122786,-0.2848901169601883
42,5,266,1,in_sample,f2,0,0.4534188881960065,-0.18686632088708038
42,5,159,0,in_sample,f2,0,0.024649871325602108,-3.6780248324489513
42,5,16,1,in_sample,f2,0,0.4898082894634638,-0.040772489542291776
42,5,145,1,in_sample,f3,1,0.7838238942243799,1.2880909903839606
42,5,151,1,in_sample,f3,1,0.587710694345839,0.35450950928674846
42,5,286,0,in_sample,f3,1,0.8063420668711806,1.4264146816121865
42,5,283,0,in_sample,f3,0,0.3439624613674321,-0.6456854833450761
42,5,236,1,in_sample,f3,1,0.9549948138652828,3.054928179390422
42,5,64,0,in_sample,f3,1,0.5618969157171327,0.24886417414914597
42,5,229,0,in_sample,f3,0,0.2030095039583091,-1.3675899585792366
42,5,115,0,in_sample,f3,1,0.531551231458131,0.12637283986185888
42,5,12,0,in_sample,f3,0,0.44146750447244,-0.23520838561202478
42,5,279,0,in_sample,f3,0,0.11847596858999328,-2.0069421201173165
42,5,225,0,in_sample,f3,0,0.3848286470838582,-0.4691026889221568
42,5,181,1,in_sample,f3,1,0.5012369222098836,0.004947698932702117
42,5,42,0,in_sample,f3,0,0.4078148802124142,-0.37300594187644415
42,5,125,1,in_sample,f3,0,0.488155060951122,-0.047388622517339114
42,5,27,0,in_sample,f3,0,0.21032100935805115,-1.3229915423586265
42,5,176,1,in_sample,f3,1,0.841731003492874,1.6711643949742854
42,5,168,1,in_sample,f3,1,0.5695425439589178,0.27998498969409974
42,5,150,1,in_sample,f3,1,0.6084885644858937,0.44096339480323615
42,5,196,0,in_sample,f3,0,0.4850868460187858,-0.059670314533693335
42,5,84,1,in_sample,f3,0,0.090112391740874,-2.3122633961231545
42,5,133,0,in_sample,f3,0,0.35545135185505533,-0.5951619059346432
42,5,65,0,in_sample,f3,1,0.6022453642353941,0.4148296219355938
42,5,300,0,in_sample,f3,1,0.952609542086729,3.0007842066148913
42,5,299,1,in_sample,f3,1,0.9799774565879105,3.8906707585396663
42,5,177,1,in_sample,f3,1,0.6129126125385989,0.45957189380778
42,5,71,1,in_sample,f3,1,0.7989857783112619,1.3799674860213211
42,5,39,1,in_sample,f3,1,0.7266387677194269,0.9776353576306921
42,5,33,1,in_sample,f3,0,0.4545748677244263,-0.1822029242783452
42,5,155,1,in_sample,f3,1,0.6195637931959163,0.48769716404886754
42,5,77,1,in_sample,f3,0,0.4265614638382755,-0.2958942888985391
42,5,24,1,in_sample,f3,0,0.2517708379963864,-1.0891899966181784
42,5,31,0,in_sample,f3,0,0.013455379214604504,-4.294829588150379
42,5,178,1,in_sample,f3,0,0.14897951834381246,-1.742627360317774
42,5,44,1,in_sample,f3,1,0.5331824322385199,0.13292510581732644
42,5,217,0,in_sample,f3,0,0.32975210737386335,-0.7093064505502565
42,5,94,0,in_sample,f3,0,0.2968979177138501,-0.862113722460447
42,5,118,0,in_sample,f3,1,0.9293968380519759,2.5774608842105464
42,5,275,0,in_sample,f3,1,0.5572025949331753,0.2298165584549013
42,5,15,1,in_sample,f3,0,0.49286286590125766,-0.028550475598514195
42,5,285,0,in_sample,f3,0,0.08663494929768366,-2.3554323314352943
42,5,164,1,in_sample,f3,1,0.9890738204203557,4.505607264483725
42,5,73,0,in_sample,f3,0,0.1011868849507973,-2.1841059788299413
42,5,76,0,in_sample,f3,0,0.2184273719197625,-1.2748545144265435
42,5,34,1,in_sample,f3,1,0.6372747323435569,0.5635551442500778
42,5,92,0,in_sample,f3,0,0.11788541557961005,-2.0126088636006836
42,5,59,0,in_sample,f3,1,0.6948398747346038,0.8228447832414009
42,5,66,0,in_sample,f3,0,0.4387940770464755,-0.2460576720203896
42,5,292,1,in_sample,f3,0,0.314626733780531,-0.7785766399736637
42,5,26,0,in_sample,f3,0,0.2580637587552253,-1.0560566298847758
42,5,69,1,in_sample,f3,1,0.9635476757452375,3.274616746477859
42,5,121,1,in_sample,f3,1,0.6201628517913379,0.4902395042106572
42,5,57,0,in_sample,f3,1,0.7369728280324765,1.0302936808614445
42,5,203,0,in_sample,f3,0,0.4290106732743361,-0.28588871918614667
42,5,3,1,in_sample,f3,1,0.5850757059442824,0.3436451711021337
42,5,245,1,in_sample,f3,1,0.6129527174391041,0.4597409371825734
42,5,273,1,in_sample,f3,0,0.3761034003801568,-0.5061205423061813
42,5,303,0,in_sample,f3,0,0.093667287793172,-2.2696574587586937
42,5,28,0,in_sample,f3,0,0.3981048821801073,-0.41336771360577684
42,5,222,1,in_sample,f3,0,0.3156047919198764,-0.7740447679777311
42,5,266,1,in_sample,f3,1,0.9063616559017327,2.2699984463261798
42,5,159,0,in_sample,f3,1,0.9272742620580934,2.545554030285215
42,5,16,1,in_sample,f3,0,0.028152124334349285,-3.541576469148677
42,5,145,1,in_sample,f1_f2,0,0.2720385572142645,-0.984304272873688
42,5,151,1,in_sample,f1_f2,1,0.9161062208340759,2.3905808546534857
42,5,286,0,in_sample,f1_f2,0,0.3145482551308072,-0.7789406036518707
42,5,283,0,in_sample,f1_f2,0,0.34387587727189933,-0.6460692121441128
42,5,236,1,in_sample,f1_f2,1,0.5313928599809745,0.1257368341193802
42,5,64,0,in_sample,f1_f2,0,0.1657141997160416,-1.6163114137570003
42,5,229,0,in_sample,f1_f2,1,0.7879028199542993,1.3123301912391985
42,5,115,0,in_sample,f1_f2,1,0.6601927304725811,0.6641532057032543
42,5,12,0,in_sample,f1_f2,0,0.21384737576710816,-1.3018883887666948
42,5,279,0,in_sample,f1_f2,0,0.3564474127251403,-0.5908170253177863
42,5,225,0,in_sample,f1_f2,0,0.16014858346066502,-1.6571229601816628
42,5,181,1,in_sample,f1_f2,1,0.8816470787111089,2.0081208192874724
42,5,42,0,in_sample,f1_f2,1,0.5101872776414054,0.04075475059472729
42,5,125,1,in_sample,f1_f2,1,0.8983706610491679,2.179250483340348
42,5,27,0,in_sample,f1_f2,1,0.6664101103911654,0.691992899295581
42,5,176,1,in_sample,f1_f2,1,0.9355242817300877,2.6748184092710163
42,5,168,1,in_sample,f1_f2,0,0.07471837955720846,-2.5163720388910678
42,5,150,1,in_sample,f1_f2,1,0.7836910115755231,1.2873069373210613
42,5,196,0,in_sample,f1_f2,0,0.24402496013021643,-1.130737843912228
42,5,84,1,in_sample,f1_f2,1,0.5079320437790532,0.03173083718713399
42,5,133,0,in_sample,f1_f2,1,0.9130741800476202,2.3517620152562975
42,5,65,0,in_sample,f1_f2,1,0.7874195686600127,1.3094408132740205
42,5,300,0,in_sample,f1_f2,1,0.8959277758786732,2.152774681628927
42,5,299,1,in_sample,f1_f2,0,0.44514209339452565,-0.22031851463611338
42,5,177,1,in_sample,f1_f2,0,0.39597317256878084,-0.4222721503041124
42,5,71,1,in_sample,f1_f2,0,0.32401796659806265,-0.7353675311639283
42,5,39,1,in_sample,f1_f2,1,0.6917361201985299,0.808248384927598
42,5,33,1,in_sample,f1_f2,0,0.21228213800191215,-1.3112237530739659
42,5,155,1,in_sample,f1_f2,1,0.5977544265391906,0.3961172302823536
42,5,77,1,in_sample,f1_f2,0,0.34689505176946683,-0.6327155436751453
42,5,24,1,in_sample,f1_f2,1,0.8361256973716892,1.6296792709252945
42,5,31,0,in_sample,f1_f2,0,0.028390369915309462,-3.5329041084773776
42,5,178,1,in_sample,f1_f2,1,0.8626916174761667,1.8378279258964545
42,5,44,1,in_sample,f1_f2,0,0.20440288219272856,-1.3589999653303448
42,5,217,0,in_sample,f1_f2,1,0.7669235081106289,1.1910203766641274
42,5,94,0,in_sample,f1_f2,0,0.06375826789989347,-2.686774835748194
42,5,118,0,in_sample,f1_f2,0,0.16024418460107387,-1.6564123480220236
42,5,275,0,in_sample,f1_f2,0,0.42522402449856533,-0.30136421054236595
42,5,15,1,in_sample,f1_f2,1,0.513226689512369,0.052919104286325624
42,5,285,0,in_sample,f1_f2,0,0.4775969117196645,-0.08967239385167283
42,5,164,1,in_sample,f1_f2,1,0.9330203374283411,2.6340379688908624
42,5,73,0,in_sample,f1_f2,0,0.484088959300087,-0.0636656588400848
42,5,76,0,in_sample,f1_f2,0,0.2354843463692121,-1.177598059327277
42,5,34,1,in_sample,f1_f2,0,0.49865914467307904,-0.005363434164883107
42,5,92,0,in_sample,f1_f2,0,0.38108883418103495,-0.48492924144778315
42,5,59,0,in_sample,f1_f2,1,0.5639469800129491,0.25719639857930277
42,5,66,0,in_sample,f1_f2,1,0.7156330326509964,0.9229019687233092
42,5,292,1,in_sample,f1_f2,0,0.4203602948222563,-0.3212945241939179
42,5,26,0,in_sample,f1_f2,0,0.27849425019634805,-0.9519429338783364
42,5,69,1,in_sample,f1_f2,1,0.6703123942004339,0.7095983067071704
42,5,121,1,in_sample,f1_f2,1,0.673767217342364,0.725273492612561
42,5,57,0,in_sample,f1_f2,0,0.41082174239882724,-0.36056937872541917
42,5,203,0,in_sample,f1_f2,1,0.8238728262645352,1.5428098687939387
42,5,3,1,in_sample,f1_f2,1,0.6748300325368791,0.7301128330809715
42,5,245,1,in_sample,f1_f2,0,0.26485718342550674,-1.0208740383608346
42,5,273,1,in_sample,f1_f2,0,0.11181881227301763,-2.072295948645704
42,5,303,0,in_sample,f1_f2,0,0.18946677738289738,-1.4534786386977139
42,5,28,0,in_sample,f1_f2,1,0.7935198897694836,1.3462745162585108
42,5,222,1,in_sample,f1_f2,0,0.4896797282706591,-0.041286950771495856
42,5,266,1,in_sample,f1_f2,1,0.6047893133711049,0.42546114844545146
42,5,159,0,in_sample,f1_f2,0,0.03507963513909144,-3.3144248078477214
42,5,16,1,in_sample,f1_f2,0,0.4494727100740469,-0.20280138758361538
42,5,145,1,in_sample,f1_f3,1,0.7512527332036134,1.1053047358254875
42,5,151,1,in_sample,f1_f3,1,0.6146058507312597,0.46671459429396833
42,5,286,0,in_sample,f1_f3,1,0.7310070211189331,0.9997377860701853
42,5,283,0,in_sample,f1_f3,0,0.4057469699672839,-0.3815754665127825
42,5,236,1,in_sample,f1_f3,1,0.959507696314505,3.1653084129904325
42,5,64,0,in_sample,f1_f3,1,0.5208570818649889,0.08347676846157431
42,5,229,0,in_sample,f1_f3,0,0.24549927044343464,-1.1227622696348911
42,5,115,0,in_sample,f1_f3,1,0.5881099007534821,0.3561572721132845
42,5,12,0,in_sample,f1_f3,0,0.29132073048264456,-0.8889782271277297
42,5,279,0,in_sample,f1_f3,0,0.09700576480993216,-2.2309457615647945
42,5,225,0,in_sample,f1_f3,0,0.4363830514422316,-0.2558544355380664
42,5,181,1,in_sample,f1_f3,0,0.3710533841619933,-0.527700436741133
42,5,42,0,in_sample,f1_f3,0,0.40374704585838195,-0.38987643897481256
42,5,125,1,in_sample,f1_f3,1,0.5952896432544765,0.3858764397629074
42,5,27,0,in_sample,f1_f3,0,0.16376836542978335,-1.6304526260284995
42,5,176,1,in_sample,f1_f3,1,0.8838079851242622,2.0289957043868085
42,5,168,1,in_sample,f1_f3,0,0.36140788335221596,-0.5692587441714798
42,5,150,1,in_sample,f1_f3,1,0.5471337697015697,0.18909653956119737
42,5,196,0,in_sample,f1_f3,0,0.4249550389059965,-0.30246485842862925
42,5,84,1,in_sample,f1_f3,0,0.16241749565972396,-1.6403496176725094
42,5,133,0,in_sample,f1_f3,1,0.5300349038408514,0.12028443222596796
42,5,65,0,in_sample,f1_f3,1,0.6380563575820758,0.5669380984342637
42,5,300,0,in_sample,f1_f3,1,0.9600617644786659,3.1796634716131074
42,5,299,1,in_sample,f1_f3,1,0.9771877306611841,3.757380263581714
42,5,177,1,in_sample,f1_f3,1,0.6191272322746961,0.4858454200562893
42,5,71,1,in_sample,f1_f3,1,0.7852530675613949,1.296545768463317
42,5,39,1,in_sample,f1_f3,1,0.6747569519547434,0.7297798118772925
42,5,33,1,in_sample,f1_f3,0,0.4619970420642042,-0.15230556956578487
42,5,155,1,in_sample,f1_f3,1,0.7047095895401705,0.8698264738846027
42,5,77,1,in_sample,f1_f3,0,0.34364455095353424,-0.6470946442011842
42,5,24,1,in_sample,f1_f3,0,0.2646051846057081,-1.02216867317899
42,5,31,0,in_sample,f1_f3,0,0.009225657703234382,-4.676498318205227
42,5,178,1,in_sample,f1_f3,0,0.33914986170175554,-0.6670850148640545
42,5,44,1,in_sample,f1_f3,0,0.4004595811548967,-0.4035505526668294
42,5,217,0,in_sample,f1_f3,0,0.37239608822592163,-0.5219512126281806
42,5,94,0,in_sample,f1_f3,0,0.4057432657071538,-0.38159082949104206
42,5,118,0,in_sample,f1_f3,1,0.8525892292051037,1.7550548224055091
42,5,275,0,in_sample,f1_f3,1,0.6712233742583608,0.7137234080655439
42,5,15,1,in_sample,f1_f3,0,0.39717337435324324,-0.4172567391545266
42,5,285,0,in_sample,f1_f3,0,0.08579611132089011,-2.3660799366636844
42,5,164,1,in_sample,f1_f3,1,0.9913038409006533,4.736139642296503
42,5,73,0,in_sample,f1_f3,0,0.0632721825388681,-2.694946978874875
42,5,76,0,in_sample,f1_f3,0,0.3855334172977795,-0.4661266714016318
42,5,34,1,in_sample,f1_f3,1,0.6863827626921924,0.7832621823598189
42,5,92,0,in_sample,f1_f3,0,0.08533067231112482,-2.372028637983054
42,5,59,0,in_sample,f1_f3,1,0.6764663875768526,0.7375797496734234
42,5,66,0,in_sample,f1_f3,0,0.49906884282642655,-0.003724633000240174
42,5,292,1,in_sample,f1_f3,0,0.3283315918010896,-0.715740730230494
42,5,26,0,in_sample,f1_f3,0,0.3593371335103021,-0.5782423308702205
42,5,69,1,in_sample,f1_f3,1,0.9241846230044105,2.5006107253158554
42,5,121,1,in_sample,f1_f3,1,0.6852742681677623,0.7781175826561335
42,5,57,0,in_sample,f1_f3,1,0.6785027424244022,0.7468995076099183
42,5,203,0,in_sample,f1_f3,1,0.5534504113298151,0.21462170204055972
42,5,3,1,in_sample,f1_f3,1,0.6221669529930309,0.4987560464269838
42,5,245,1,in_sample,f1_f3,1,0.6999540168325448,0.8470789025111863
42,5,273,1,in_sample,f1_f3,0,0.3611658849399103,-0.5703074519733058
42,5,303,0,in_sample,f1_f3,0,0.06537209544720039,-2.660052994743081
42,5,28,0,in_sample,f1_f3,1,0.6363734974865642,0.5596584023214294
42,5,222,1,in_sample,f1_f3,0,0.36094415289866133,-0.5712686029595714
42,5,266,1,in_sample,f1_f3,1,0.926607341520875,2.5357059861280105
42,5,159,0,in_sample,f1_f3,1,0.9268207059802939,2.53884762130797
42,5,16,1,in_sample,f1_f3,0,0.031228996875368283,-3.4346812108435687
42,5,145,1,in_sample,f2_f3,1,0.586844494358481,0.3509358197480922
42,5,151,1,in_sample,f2_f3,1,0.9057087570258545,2.262329472276583
42,5,286,0,in_sample,f2_f3,1,0.7238906569805718,0.963843397087532
42,5,283,0,in_sample,f2_f3,0,0.19669428490559285,-1.4070846875796725
42,5,236,1,in_sample,f2_f3,1,0.907954991173333,2.2889171243866864
42,5,64,0,in_sample,f2_f3,0,0.2644044918763381,-1.0232002895244712
42,5,229,0,in_sample,f2_f3,0,0.45496337937138553,-0.1806360554059988
42,5,115,0,in_sample,f2_f3,1,0.5968695663119008,0.3924384412569316
42,5,12,0,in_sample,f2_f3,0,0.38731326179991177,-0.45861994703947107
42,5,279,0,in_sample,f2_f3,0,0.14951336472968446,-1.7384229127242472
42,5,225,0,in_sample,f2_f3,0,0.10834521576517007,-2.10775647284846
42,5,181,1,in_sample,f2_f3,1,0.9252144030316036,2.5154001851740433
42,5,42,0,in_sample,f2_f3,0,0.44684847327892724,-0.21341242133439386
42,5,125,1,in_sample,f2_f3,1,0.7927669288316337,1.341685160220778
42,5,27,0,in_sample,f2_f3,1,0.5088410398046561,0.035367845514980734
42,5,176,1,in_sample,f2_f3,1,0.9602984511183849,3.185853921145964
42,5,168,1,in_sample,f2_f3,0,0.29075375750105,-0.891726061030953
42,5,150,1,in_sample,f2_f3,1,0.861567327554625,1.828369116552683
42,5,196,0,in_sample,f2_f3,0,0.32729121022011376,-0.7204622056412252
42,5,84,1,in_sample,f2_f3,0,0.06864569191242424,-2.6076813962321643
42,5,133,0,in_sample,f2_f3,1,0.6692647187461966,0.7048613741728688
42,5,65,0,in_sample,f2_f3,1,0.7841736687361852,1.2901564497060467
42,5,300,0,in_sample,f2_f3,1,0.9813918935338629,3.9653745462326806
42,5,299,1,in_sample,f2_f3,1,0.9496774240274891,2.9376685703734338
42,5,177,1,in_sample,f2_f3,0,0.4866227003723652,-0.053521971444597916
42,5,71,1,in_sample,f2_f3,1,0.6248692599761099,0.510267838542852
42,5,39,1,in_sample,f2_f3,1,0.8583913800441236,1.8019930945775862
42,5,33,1,in_sample,f2_f3,0,0.20790808152926057,-1.3375813774522363
42,5,155,1,in_sample,f2_f3,1,0.5557559785315928,0.2239553010177234
42,5,77,1,in_sample,f2_f3,0,0.42297845543698787,-0.31055835976563395
42,5,24,1,in_sample,f2_f3,1,0.6341913949058109,0.5502405338676305
42,5,31,0,in_sample,f2_f3,0,0.0027697046844891767,-5.886241029150502
42,5,178,1,in_sample,f2_f3,0,0.24928551802222587,-1.1024264974138567
42,5,44,1,in_sample,f2_f3,0,0.4044287188073798,-0.38704558089865704
42,5,217,0,in_sample,f2_f3,1,0.5710683347719178,0.28621126037539246
42,5,94,0,in_sample,f2_f3,0,0.024597577487832235,-3.6802021648969694
42,5,118,0,in_sample,f2_f3,1,0.8291718178422186,1.5797691241512752
42,5,275,0,in_sample,f2_f3,0,0.32535119599884704,-0.7292870631339883
42,5,15,1,in_sample,f2_f3,1,0.6349838324462881,0.5536578905848395
42,5,285,0,in_sample,f2_f3,0,0.1371221358262682,-1.8394011252986582
42,5,164,1,in_sample,f2_f3,1,0.9957880766268096,5.465615058867483
42,5,73,0,in_sample,f2_f3,0,0.26500871678357824,-1.0200959206048383
42,5,76,0,in_sample,f2_f3,0,0.0437981723297515,-3.0833769186987325
42,5,34,1,in_sample,f2_f3,1,0.5348288991039009,0.13954158416187784
42,5,92,0,in_sample,f2_f3,0,0.1872724310835601,-1.4678315524163303
42,5,59,0,in_sample,f2_f3,1,0.726406460694518,0.976466149555412
42,5,66,0,in_sample,f2_f3,1,0.5804338502523243,0.324554640993153
42,5,292,1,in_sample,f2_f3,0,0.2789259843433862,-0.9497953314258872
42,5,26,0,in_sample,f2_f3,0,0.0931734593848142,-2.2754882760507082
42,5,69,1,in_sample,f2_f3,1,0.9845478699903305,4.154435662009283
42,5,121,1,in_sample,f2_f3,1,0.6559156548286597,0.645145388950361
42,5,57,0,in_sample,f2_f3,1,0.6997875274900721,0.8462862911399912
42,5,203,0,in_sample,f2_f3,1,0.6233025498757109,0.5035896890423227
42,5,3,1,in_sample,f2_f3,1,0.6715748370300489,0.7153164597317169
42,5,245,1,in_sample,f2_f3,0,0.2556829356796586,-1.0685289614098914
42,5,273,1,in_sample,f2_f3,0,0.10558520222657704,-2.1366514161577537
42,5,303,0,in_sample,f2_f3,0,0.07688351550303159,-2.4854639378320673
42,5,28,0,in_sample,f2_f3,0,0.4018412283534677,-0.3977991668768044
42,5,222,1,in_sample,f2_f3,0,0.2925687501194948,-0.8829407692848158
42,5,266,1,in_sample,f2_f3,1,0.8525818462562071,1.7549960799889974
42,5,159,0,in_sample,f2_f3,0,0.26688291304528655,-1.010495391468344
42,5,16,1,in_sample,f2_f3,0,0.04764236470027353,-2.9952182514569516
42,5,145,1,in_sample,f1_f2_f3,1,0.5562839148541615,0.22609389211765296
42,5,151,1,in_sample,f1_f2_f3,1,0.9105766052442713,2.320695696736104
42,5,286,0,in_sample,f1_f2_f3,1,0.6567344520147846,0.6487754141445681
42,5,283,0,in_sample,f1_f2_f3,0,0.2318854461646202,-1.1976953974727818
42,5,236,1,in_sample,f1_f2_f3,1,0.9154882616552392,2.382567102208818
42,5,64,0,in_sample,f1_f2_f3,0,0.24409757170661947,-1.1303442753417712
42,5,229,0,in_sample,f1_f2_f3,0,0.4968790603466715,-0.012483920743915244
42,5,115,0,in_sample,f1_f2_f3,1,0.6368883799558287,0.5618841322860136
42,5,12,0,in_sample,f1_f2_f3,0,0.2792806074300495,-0.9480328317525227
42,5,279,0,in_sample,f1_f2_f3,0,0.12888615219599428,-1.9108432040383856
42,5,225,0,in_sample,f1_f2_f3,0,0.1273435455364268,-1.9246534381674647
42,5,181,1,in_sample,f1_f2_f3,1,0.8889188740939595,2.07974517773283
42,5,42,0,in_sample,f1_f2_f3,0,0.44316944979635087,-0.22830877288618212
42,5,125,1,in_sample,f1_f2_f3,1,0.8387576792178304,1.6490135123087435
42,5,27,0,in_sample,f1_f2_f3,0,0.44649030752187135,-0.2148615708444771
42,5,176,1,in_sample,f1_f2_f3,1,0.9687696613269647,3.4346368603111466
42,5,168,1,in_sample,f1_f2_f3,0,0.18014203217298205,-1.5153855079209726
42,5,150,1,in_sample,f1_f2_f3,1,0.8347426950206056,1.619619844308139
42,5,196,0,in_sample,f1_f2_f3,0,0.29022397423450613,-0.8942965137624689
42,5,84,1,in_sample,f1_f2_f3,0,0.10934123880594936,-2.0974877467901063
42,5,133,0,in_sample,f1_f2_f3,1,0.7731131369275819,1.2259739060389467
42,5,65,0,in_sample,f1_f2_f3,1,0.8010288138168281,1.3927368975354453
42,5,300,0,in_sample,f1_f2_f3,1,0.9834860382870511,4.086897254249896
42,5,299,1,in_sample,f1_f2_f3,1,0.945335654909536,2.8503283844120957
42,5,177,1,in_sample,f1_f2_f3,0,0.4933264125515542,-0.026695935136710647
42,5,71,1,in_sample,f1_f2_f3,1,0.6128602127585449,0.4593510368649546
42,5,39,1,in_sample,f1_f2_f3,1,0.8325745945759211,1.6039849096149719
42,5,33,1,in_sample,f1_f2_f3,0,0.21429635274427888,-1.299219799274602
42,5,155,1,in_sample,f1_f2_f3,1,0.6260771224200171,0.5154239957945738
42,5,77,1,in_sample,f1_f2_f3,0,0.36010424209003017,-0.5749117339253893
42,5,24,1,in_sample,f1_f2_f3,1,0.6406646516161872,0.5782500850848302
42,5,31,0,in_sample,f1_f2_f3,0,0.0021248467090454934,-6.151928508728723
42,5,178,1,in_sample,f1_f2_f3,0,0.42531002033529447,-0.3010123669841667
42,5,44,1,in_sample,f1_f2_f3,0,0.31345057644587826,-0.7840365193860375
42,5,217,0,in_sample,f1_f2_f3,1,0.6019734875774801,0.41369478657728737
42,5,94,0,in_sample,f1_f2_f3,0,0.03627788438846632,-3.279594681132804
42,5,118,0,in_sample,f1_f2_f3,1,0.7259041886711569,0.9739403129402845
42,5,275,0,in_sample,f1_f2_f3,0,0.4129902879129829,-0.35161728824893435
42,5,15,1,in_sample,f1_f2_f3,1,0.5628824522204655,0.25286867112101064
42,5,285,0,in_sample,f1_f2_f3,0,0.13534580385514822,-1.8544966403570138
42,5,164,1,in_sample,f1_f2_f3,1,0.9964103704252829,5.626110176581117
42,5,73,0,in_sample,f1_f2_f3,0,0.19452615536666812,-1.4208641022089639
42,5,76,0,in_sample,f1_f2_f3,0,0.07948402096135658,-2.449378352346971
42,5,34,1,in_sample,f1_f2_f3,1,0.5770944655362138,0.31085714021596006
42,5,92,0,in_sample,f1_f2_f3,0,0.1485465468109899,-1.746046478453919
42,5,59,0,in_sample,f1_f2_f3,1,0.7130269704267443,0.9101310086528859
42,5,66,0,in_sample,f1_f2_f3,1,0.6222895662934634,0.4992776714142998
42,5,292,1,in_sample,f1_f2_f3,0,0.28902697185436893,-0.9001144820126868
42,5,26,0,in_sample,f1_f2_f3,0,0.13023995315956854,-1.8988388227700375
42,5,69,1,in_sample,f1_f2_f3,1,0.9723294267122707,3.55932515108071
42,5,121,1,in_sample,f1_f2_f3,1,0.7026347956239031,0.8598762349197745
42,5,57,0,in_sample,f1_f2_f3,1,0.6536975129785279,0.6353320930021102
42,5,203,0,in_sample,f1_f2_f3,1,0.7047027359695954,0.86979353912965
42,5,3,1,in_sample,f1_f2_f3,1,0.6957337115926827,0.8270637221433265
42,5,245,1,in_sample,f1_f2_f3,0,0.319558847146989,-0.7557999000345373
42,5,273,1,in_sample,f1_f2_f3,0,0.10315522946668611,-2.1626478571294254
42,5,303,0,in_sample,f1_f2_f3,0,0.05860268125249514,-2.776584830110382
42,5,28,0,in_sample,f1_f2_f3,1,0.5829644262478793,0.33495463912774587
42,5,222,1,in_sample,f1_f2_f3,0,0.325480224280629,-0.7286992893931338
42,5,266,1,in_sample,f1_f2_f3,1,0.8767719960011906,1.9622106463617892
42,5,159,0,in_sample,f1_f2_f3,0,0.27552007091845415,-0.9667935796080332
42,5,16,1,in_sample,f1_f2_f3,0,0.051067657962585694,-2.922186121864185
42,5,145,1,inner_oof,f1,0,0.4848590934121964,-0.06058214858684274
42,5,151,1,inner_oof,f1,1,0.5156941983754221,0.06279742225462813
42,5,286,0,inner_oof,f1,0,0.45444345753817617,-0.18273295242198542
42,5,283,0,inner_oof,f1,1,0.5274261575528013,0.10981485483458497
42,5,236,1,inner_oof,f1,1,0.5368613810627778,0.14771352313250224
42,5,64,0,inner_oof,f1,0,0.4788631697707793,-0.08459773876636272
42,5,229,0,inner_oof,f1,1,0.5192045284035167,0.07685592253832181
42,5,115,0,inner_oof,f1,1,0.5291052179555117,0.11655263543354302
42,5,12,0,inner_oof,f1,0,0.4125583548546828,-0.3533992515890911
42,5,279,0,inner_oof,f1,0,0.4534506182548175,-0.18673829020470514
42,5,225,0,inner_oof,f1,1,0.5222449481710936,0.08903856991485323
42,5,181,1,inner_oof,f1,0,0.42973900619752303,-0.2829160778157017
42,5,42,0,inner_oof,f1,0,0.49317317741416483,-0.027308987426636816
42,5,125,1,inner_oof,f1,1,0.5539414748640024,0.21660887443797344
42,5,27,0,inner_oof,f1,0,0.44811363032758633,-0.20829533366582945
42,5,176,1,inner_oof,f1,1,0.5577687526077476,0.23211152522497153
42,5,168,1,inner_oof,f1,0,0.39211161405781125,-0.43844476035913954
42,5,150,1,inner_oof,f1,0,0.46919859714626944,-0.12336181846858671
42,5,196,0,inner_oof,f1,0,0.4664075183427145,-0.13457264980234168
42,5,84,1,inner_oof,f1,1,0.5667058576006414,0.2684235893817884
42,5,133,0,inner_oof,f1,1,0.5855523295301366,0.34560883559580086
42,5,65,0,inner_oof,f1,1,0.5213420938861435,0.0854202776433643
42,5,300,0,inner_oof,f1,1,0.5452593871371181,0.1815344463684021
42,5,299,1,inner_oof,f1,1,0.5119607368479928,0.04785207635989691
42,5,177,1,inner_oof,f1,1,0.5053873394540344,0.021550191789163314
42,5,71,1,inner_oof,f1,0,0.498474262807897,-0.006102967711045551
42,5,39,1,inner_oof,f1,0,0.473969472229865,-0.10421633359673349
42,5,33,1,inner_oof,f1,1,0.5007561312825141,0.0030245274356933
42,5,155,1,inner_oof,f1,1,0.5515881254862371,0.2070894454737402
42,5,77,1,inner_oof,f1,0,0.4505786898761562,-0.19833282679675673
42,5,24,1,inner_oof,f1,0,0.4983621416911744,-0.006551456668443522
42,5,31,0,inner_oof,f1,0,0.41549543599990046,-0.3412929593863044
42,5,178,1,inner_oof,f1,1,0.621511554323052,0.4959689560061138
42,5,44,1,inner_oof,f1,0,0.43024959244980365,-0.28083289558884955
42,5,217,0,inner_oof,f1,1,0.5169848995867853,0.06796574936002364
42,5,94,0,inner_oof,f1,1,0.5535994293574564,0.21522468413059273
42,5,118,0,inner_oof,f1,0,0.4130263820528778,-0.3514684049625567
42,5,275,0,inner_oof,f1,1,0.5625948202401938,0.2516997388579503
42,5,15,1,inner_oof,f1,0,0.44786685607675536,-0.20929322796570465
42,5,285,0,inner_oof,f1,0,0.4782353506154736,-0.0871136463414407
42,5,164,1,inner_oof,f1,1,0.5636979083670638,0.2561836103952363
42,5,73,0,inner_oof,f1,0,0.41551694233370196,-0.3412044052262024
42,5,76,0,inner_oof,f1,1,0.5920384700106874,0.3723987351820843
42,5,34,1,inner_oof,f1,1,0.5312652648393087,0.12522444187714316
42,5,92,0,inner_oof,f1,0,0.4360564048085869,-0.2571826341623661
42,5,59,0,inner_oof,f1,0,0.4938068696691267,-0.024773788302347995
42,5,66,0,inner_oof,f1,1,0.5277768570034783,0.11122194061062787
42,5,292,1,inner_oof,f1,1,0.5002882870675703,0.0011531483980649036
42,5,26,0,inner_oof,f1,1,0.5517274158661748,0.20765261836162355
42,5,69,1,inner_oof,f1,0,0.42453403547693425,-0.304187905366661
42,5,121,1,inner_oof,f1,1,0.5394840163058952,0.15826559286703865
42,5,57,0,inner_oof,f1,0,0.469791303088411,-0.12098213668887474
42,5,203,0,inner_oof,f1,1,0.5606788232619336,0.24391747856236207
42,5,3,1,inner_oof,f1,1,0.5211660324366348,0.08471475700395605
42,5,245,1,inner_oof,f1,1,0.5520366925789384,0.20890319014846243
42,5,273,1,inner_oof,f1,0,0.48598045912122784,-0.0560928664837448
42,5,303,0,inner_oof,f1,0,0.4301036269144317,-0.2814283702186529
42,5,28,0,inner_oof,f1,1,0.6189375543163288,0.48504112491002593
42,5,222,1,inner_oof,f1,1,0.5184688099987984,0.07390886568458876
42,5,266,1,inner_oof,f1,1,0.5506633736913681,0.20335135405824797
42,5,159,0,inner_oof,f1,1,0.5176836070524378,0.07076394284390353
42,5,16,1,inner_oof,f1,0,0.48404583474246904,-0.06383833240190523
42,5,145,1,inner_oof,f2,0,0.4901710257339613,-0.03932096258415057
42,5,151,1,inner_oof,f2,1,0.5096826564057756,0.038735468239031505
42,5,286,0,inner_oof,f2,0,0.4937682875550092,-0.024928140587293812
42,5,283,0,inner_oof,f2,0,0.4891888631299937,-0.0432512886406257
42,5,236,1,inner_oof,f2,0,0.4934702160227574,-0.02612062095397305
42,5,64,0,inner_oof,f2,0,0.48653558285084514,-0.053870692777527325
42,5,229,0,inner_oof,f2,1,0.5024549225019356,0.009819768915258001
42,5,115,0,inner_oof,f2,0,0.49752842937274283,-0.009886363032812217
42,5,12,0,inner_oof,f2,0,0.4935623166136965,-0.02575215662997849
42,5,279,0,inner_oof,f2,0,0.49505823077317,-0.019767720589617368
42,5,225,0,inner_oof,f2,0,0.4830466617503651,-0.06783935843380745
42,5,181,1,inner_oof,f2,1,0.5136369757901201,0.05456143468818189
42,5,42,0,inner_oof,f2,0,0.49617499555516054,-0.015300316255629153
42,5,125,1,inner_oof,f2,1,0.5054582172287794,0.021833736240846446
42,5,27,0,inner_oof,f2,1,0.5037481846908092,0.014993019614459292
42,5,176,1,inner_oof,f2,1,0.5083717119023717,0.033489977395248276
42,5,168,1,inner_oof,f2,0,0.4872981036602969,-0.05081851919666796
42,5,150,1,inner_oof,f2,1,0.5060156340795314,0.024063697447687604
42,5,196,0,inner_oof,f2,0,0.4906003467360352,-0.03760304328647001
42,5,84,1,inner_oof,f2,0,0.4906191086501837,-0.037527969150554744
42,5,133,0,inner_oof,f2,1,0.5041745706127375,0.016698670469356344
42,5,65,0,inner_oof,f2,1,0.5022770172717915,0.009108132052731418
42,5,300,0,inner_oof,f2,1,0.5059392153742648,0.023757978933216545
42,5,299,1,inner_oof,f2,0,0.49309085371395633,-0.02763834437024274
42,5,177,1,inner_oof,f2,0,0.49227506227663304,-0.030902209821931495
42,5,71,1,inner_oof,f2,0,0.49076647020885245,-0.036938318599650743
42,5,39,1,inner_oof,f2,1,0.502564305114715,0.010257310390948078
42,5,33,1,inner_oof,f2,0,0.4868776082086455,-0.052501623554696605
42,5,155,1,inner_oof,f2,0,0.4941132983491789,-0.023547894658477137
42,5,77,1,inner_oof,f2,0,0.4950030717890266,-0.01998837832247957
42,5,24,1,inner_oof,f2,1,0.5060561259985868,0.024225688730564687
42,5,31,0,inner_oof,f2,0,0.47893277750634594,-0.08431881100251207
42,5,178,1,inner_oof,f2,0,0.4980580247771773,-0.007767939951423348
42,5,44,1,inner_oof,f2,0,0.4918443982113958,-0.03262530073845943
42,5,217,0,inner_oof,f2,1,0.5018363401405116,0.00734539358847567
42,5,94,0,inner_oof,f2,0,0.4740637695389216,-0.10383812298499041
42,5,118,0,inner_oof,f2,0,0.4912360645433745,-0.03505933250321823
42,5,275,0,inner_oof,f2,0,0.4887784192662104,-0.044893861559833464
42,5,15,1,inner_oof,f2,0,0.4996371869112406,-0.0014512526097485746
42,5,285,0,inner_oof,f2,0,0.49644413284685657,-0.014223708412193201
42,5,164,1,inner_oof,f2,1,0.5076608002254663,0.030645599084843864
42,5,73,0,inner_oof,f2,1,0.5013364712093366,0.005345897568841296
42,5,76,0,inner_oof,f2,0,0.48087956465192655,-0.07651905552452105
42,5,34,1,inner_oof,f2,0,0.49304128208474435,-0.027836669028587335
42,5,92,0,inner_oof,f2,0,0.49705212143204675,-0.011791650898820102
42,5,59,0,inner_oof,f2,0,0.4975264250371895,-0.009894380571089812
42,5,66,0,inner_oof,f2,0,0.4992995291665117,-0.002801885166982144
42,5,292,1,inner_oof,f2,0,0.4933065987327621,-0.026775204575466234
42,5,26,0,inner_oof,f2,0,0.4853956992753074,-0.058433824138638187
42,5,69,1,inner_oof,f2,1,0.5056447246887623,0.022579858067840332
42,5,121,1,inner_oof,f2,0,0.4971478170150942,-0.011408855687957301
42,5,57,0,inner_oof,f2,0,0.49532342591991835,-0.018706841833168977
42,5,203,0,inner_oof,f2,1,0.5008380734107247,0.0033522967822916805
42,5,3,1,inner_oof,f2,0,0.4985466035508136,-0.005813602170686369
42,5,245,1,inner_oof,f2,0,0.4849274350612756,-0.06030853221833988
42,5,273,1,inner_oof,f2,0,0.4830622945527347,-0.06777675531820726
42,5,303,0,inner_oof,f2,0,0.49124513102914824,-0.035023055426378846
42,5,28,0,inner_oof,f2,0,0.4950849940576807,-0.0196606570496818
42,5,222,1,inner_oof,f2,0,0.4937631410496916,-0.02494872980947327
42,5,266,1,inner_oof,f2,0,0.49437238395983013,-0.02251141477667129
42,5,159,0,inner_oof,f2,0,0.4726978313009208,-0.1093174094738988
42,5,16,1,inner_oof,f2,0,0.49528042487582796,-0.01887886119681685
42,5,145,1,inner_oof,f3,1,0.6113055195254087,0.4528032283588592
42,5,151,1,inner_oof,f3,1,0.5316906357759138,0.1269326963014122
42,5,286,0,inner_oof,f3,1,0.622714439146188,0.5010856930064184
42,5,283,0,inner_oof,f3,0,0.4446800099816191,-0.22218956137990548
42,5,236,1,inner_oof,f3,1,0.7445066039983859,1.0695251605074543
42,5,64,0,inner_oof,f3,1,0.5224989833140038,0.09005674892270338
42,5,229,0,inner_oof,f3,0,0.3836289452860909,-0.47417334662244087
42,5,115,0,inner_oof,f3,1,0.5118229544608212,0.04730063487713307
42,5,12,0,inner_oof,f3,0,0.48028252837597046,-0.07891080859395795
42,5,279,0,inner_oof,f3,0,0.33240182595054024,-0.697341900488387
42,5,225,0,inner_oof,f3,0,0.4599478498015236,-0.1605525962773429
42,5,181,1,inner_oof,f3,1,0.5012291675477603,0.004916680095563671
42,5,42,0,inner_oof,f3,0,0.46829020969762186,-0.1270096236254298
42,5,125,1,inner_oof,f3,0,0.4966621664740784,-0.013351532440968664
42,5,27,0,inner_oof,f3,0,0.3873165519160223,-0.4586060823643183
42,5,176,1,inner_oof,f3,1,0.6425654950779475,0.5865166071034709
42,5,168,1,inner_oof,f3,1,0.5252085084342325,0.10091960013069531
42,5,150,1,inner_oof,f3,1,0.5391968538240275,0.1571097876877803
42,5,196,0,inner_oof,f3,0,0.49559048718299054,-0.017638508557109408
42,5,84,1,inner_oof,f3,0,0.30918856357073277,-0.8039155726048766
42,5,133,0,inner_oof,f3,0,0.4490390464711698,-0.2045540947542891
42,5,65,0,inner_oof,f3,1,0.5369295482315894,0.1479876846453783
42,5,300,0,inner_oof,f3,1,0.7408950863465396,1.0506259796932318
42,5,299,1,inner_oof,f3,1,0.795961905549605,1.361244613436565
42,5,177,1,inner_oof,f3,1,0.5408103015786488,0.16360516232211256
42,5,71,1,inner_oof,f3,1,0.618897925275272,0.48487310455406063
42,5,39,1,inner_oof,f3,1,0.5852680131044465,0.34443738748266844
42,5,33,1,inner_oof,f3,0,0.4849023334916545,-0.060409029974210444
42,5,155,1,inner_oof,f3,1,0.543247266108058,0.1734224058764203
42,5,77,1,inner_oof,f3,0,0.4749975014782376,-0.10009347769437896
42,5,24,1,inner_oof,f3,0,0.40685146697117397,-0.3769966720997203
42,5,31,0,inner_oof,f3,0,0.18303204594955683,-1.4959386181731353
42,5,178,1,inner_oof,f3,0,0.35318193762606553,-0.6050817248631332
42,5,44,1,inner_oof,f3,1,0.5123943930435936,0.04958773079358235
42,5,217,0,inner_oof,f3,0,0.43920313265413313,-0.24439672685280614
42,5,94,0,inner_oof,f3,0,0.4261113364944849,-0.2977347460914672
42,5,118,0,inner_oof,f3,1,0.7115375351879568,0.9028631982999001
42,5,275,0,inner_oof,f3,1,0.5208399442890698,0.08340809876587477
42,5,15,1,inner_oof,f3,0,0.4983060069218024,-0.006775998238855874
42,5,285,0,inner_oof,f3,0,0.30597939853110884,-0.8189838705556749
42,5,164,1,inner_oof,f3,1,0.8286217647503572,1.5758907803014277
42,5,73,0,inner_oof,f3,0,0.31882395685041515,-0.759181688518653
42,5,76,0,inner_oof,f3,0,0.391311279380519,-0.44180365084494394
42,5,34,1,inner_oof,f3,1,0.5498094811863304,0.19990095206600314
42,5,92,0,inner_oof,f3,0,0.33196303176319675,-0.6993199010714616
42,5,59,0,inner_oof,f3,1,0.5720957919393304,0.2904070881943477
42,5,66,0,inner_oof,f3,0,0.4793373251518087,-0.08269779752413932
42,5,292,1,inner_oof,f3,0,0.4332567730498879,-0.26857577703768803
42,5,26,0,inner_oof,f3,0,0.40964543250915364,-0.36543133145738155
42,5,69,1,inner_oof,f3,1,0.7588176801166922,1.1462083763737154
42,5,121,1,inner_oof,f3,1,0.5434674515132939,0.17430982037420975
42,5,57,0,inner_oof,f3,1,0.5897224198758366,0.3628179960914542
42,5,203,0,inner_oof,f3,0,0.4758685149300094,-0.09660099161605272
42,5,3,1,inner_oof,f3,1,0.5307462712471079,0.12314045348559333
42,5,245,1,inner_oof,f3,1,0.5408249545959359,0.16366416762116795
42,5,273,1,inner_oof,f3,0,0.4567399732556208,-0.17347383327928007
42,5,303,0,inner_oof,f3,0,0.3123740228021099,-0.7890437914493147
42,5,28,0,inner_oof,f3,0,0.4647838887654534,-0.14109806935248176
42,5,222,1,inner_oof,f3,0,0.43364523452913434,-0.2669939081077312
42,5,266,1,inner_oof,f3,1,0.6890200959741658,0.7955421446482098
42,5,159,0,inner_oof,f3,1,0.7092462251906422,0.8917259770980536
42,5,16,1,inner_oof,f3,0,0.2256546101930419,-1.2330124573258459
42,5,145,1,inner_oof,f1_f2,0,0.4828302295757882,-0.06870609636369576
42,5,151,1,inner_oof,f1_f2,1,0.5204601303474486,0.08188624710917557
42,5,286,0,inner_oof,f1_f2,0,0.4541199863787643,-0.18403774602117623
42,5,283,0,inner_oof,f1_f2,1,0.5245116075597052,0.09812508789011547
42,5,236,1,inner_oof,f1_f2,1,0.5354060131164464,0.14186148441016933
42,5,64,0,inner_oof,f1_f2,0,0.47557408359647896,-0.09778150041332347
42,5,229,0,inner_oof,f1_f2,1,0.5212673859266623,0.08512090226859705
42,5,115,0,inner_oof,f1_f2,1,0.5292333059079528,0.1170667369306414
42,5,12,0,inner_oof,f1_f2,0,0.4126827958031692,-0.35288580685340976
42,5,279,0,inner_oof,f1_f2,0,0.453610594251282,-0.18609281080855503
42,5,225,0,inner_oof,f1_f2,1,0.5171312416040783,0.06855179954370694
42,5,181,1,inner_oof,f1_f2,0,0.43691276977532234,-0.2537009906976667
42,5,42,0,inner_oof,f1_f2,0,0.4932503444458419,-0.02700026239488318
42,5,125,1,inner_oof,f1_f2,1,0.5566460048236046,0.22756096184776803
42,5,27,0,inner_oof,f1_f2,0,0.4515078578795859,-0.19458017684053225
42,5,176,1,inner_oof,f1_f2,1,0.5614782544932142,0.2471636446528202
42,5,168,1,inner_oof,f1_f2,0,0.3902871220321178,-0.44610547590868066
42,5,150,1,inner_oof,f1_f2,0,0.47318525234723285,-0.10736199843575099
42,5,196,0,inner_oof,f1_f2,0,0.4647724432652671,-0.14114407967070722
42,5,84,1,inner_oof,f1_f2,1,0.5638666636386614,0.2568697976211886
42,5,133,0,inner_oof,f1_f2,1,0.5873608940484261,0.3530660664187323
42,5,65,0,inner_oof,f1_f2,1,0.5233122616541325,0.09331670457967804
42,5,300,0,inner_oof,f1_f2,1,0.5482571274368985,0.1936312355986589
42,5,299,1,inner_oof,f1_f2,1,0.5106690199181672,0.04268255841893791
42,5,177,1,inner_oof,f1_f2,1,0.5038763323978563,0.015505640245763563
42,5,71,1,inner_oof,f1_f2,0,0.4964933786266929,-0.014026715466927837
42,5,39,1,inner_oof,f1_f2,0,0.47663224981798513,-0.09353914339083563
42,5,33,1,inner_oof,f1_f2,0,0.4973139395802406,-0.010744345039294455
42,5,155,1,inner_oof,f1_f2,1,0.5501920621884269,0.20144673445388095
42,5,77,1,inner_oof,f1_f2,0,0.45075405530359974,-0.19762446905590808
42,5,24,1,inner_oof,f1_f2,1,0.5020139507091638,0.008055846402833348
42,5,31,0,inner_oof,f1_f2,0,0.41035477761915307,-0.3624989412384067
42,5,178,1,inner_oof,f1_f2,1,0.6207061067257089,0.49254636324431755
42,5,44,1,inner_oof,f1_f2,0,0.42953396101658364,-0.2837528296676069
42,5,217,0,inner_oof,f1_f2,1,0.5188485610190648,0.0754299881332826
42,5,94,0,inner_oof,f1_f2,1,0.5448569600094152,0.1799115583650081
42,5,118,0,inner_oof,f1_f2,0,0.41231423902155967,-0.35440661023942605
42,5,275,0,inner_oof,f1_f2,1,0.5591322652014361,0.2376411461756897
42,5,15,1,inner_oof,f1_f2,0,0.4497646226019891,-0.20162176054786526
42,5,285,0,inner_oof,f1_f2,0,0.4785968516490017,-0.08566494254396574
42,5,164,1,inner_oof,f1_f2,1,0.5670656398411703,0.2698889405985148
42,5,73,0,inner_oof,f1_f2,0,0.41838910722602707,-0.32938977696536403
42,5,76,0,inner_oof,f1_f2,1,0.5854513379666338,0.3451927006152822
42,5,34,1,inner_oof,f1_f2,1,0.52971992430333,0.11901999919897346
42,5,92,0,inner_oof,f1_f2,0,0.4371531508953239,-0.25272397126309565
42,5,59,0,inner_oof,f1_f2,0,0.4943738166973803,-0.022505683100565506
42,5,66,0,inner_oof,f1_f2,1,0.5285716858532036,0.11441138367629844
42,5,292,1,inner_oof,f1_f2,0,0.4992205166443666,-0.0031179359484550632
42,5,26,0,inner_oof,f1_f2,1,0.5471482843769313,0.1891551189813066
42,5,69,1,inner_oof,f1_f2,0,0.4288642367087253,-0.28648654118328426
42,5,121,1,inner_oof,f1_f2,1,0.5393436009223849,0.15770041945848606
42,5,57,0,inner_oof,f1_f2,0,0.4698457802659318,-0.12076343108496351
42,5,203,0,inner_oof,f1_f2,1,0.5616161529988112,0.24772372514924434
42,5,3,1,inner_oof,f1_f2,1,0.521767377602579,0.08712457993321576
42,5,245,1,inner_oof,f1_f2,1,0.5472832221358372,0.18969972645369948
42,5,273,1,inner_oof,f1_f2,0,0.48132061705690177,-0.07475232143333677
42,5,303,0,inner_oof,f1_f2,0,0.4291735240622549,-0.2852239463007243
42,5,28,0,inner_oof,f1_f2,1,0.6171277185710847,0.47737453707528893
42,5,222,1,inner_oof,f1_f2,1,0.5173445237303672,0.0694059432786656
42,5,266,1,inner_oof,f1_f2,1,0.5493727890090355,0.19813682934856147
42,5,159,0,inner_oof,f1_f2,1,0.5088062962158586,0.035228827865680996
42,5,16,1,inner_oof,f1_f2,0,0.4839072142766827,-0.0643933843108535
42,5,145,1,inner_oof,f1_f3,1,0.6049844124331587,0.42627746680859285
42,5,151,1,inner_oof,f1_f3,1,0.5374775535644486,0.15019190971105822
42,5,286,0,inner_oof,f1_f3,1,0.6063224433776739,0.4318797393125736
42,5,283,0,inner_oof,f1_f3,0,0.45647556907658987,-0.17453947595364805
42,5,236,1,inner_oof,f1_f3,1,0.7500612064701192,1.0989387498203582
42,5,64,0,inner_oof,f1_f3,1,0.5160212902912301,0.06410710734060261
42,5,229,0,inner_oof,f1_f3,0,0.39373117126360985,-0.43165512949549856
42,5,115,0,inner_oof,f1_f3,1,0.5226716220546693,0.09074871577009597
42,5,12,0,inner_oof,f1_f3,0,0.45210945418571796,-0.1921512272874856
42,5,279,0,inner_oof,f1_f3,0,0.3232143515323799,-0.7390388729295142
42,5,225,0,inner_oof,f1_f3,0,0.4696750459989701,-0.12144887532985864
42,5,181,1,inner_oof,f1_f3,0,0.4784166508400708,-0.0863870801816311
42,5,42,0,inner_oof,f1_f3,0,0.46797923646477835,-0.12825858937639753
42,5,125,1,inner_oof,f1_f3,1,0.5163854176083955,0.06556514790046786
42,5,27,0,inner_oof,f1_f3,0,0.37440124513806383,-0.5133811286317363
42,5,176,1,inner_oof,f1_f3,1,0.6584178281331815,0.656251456495777
42,5,168,1,inner_oof,f1_f3,0,0.48861233432155654,-0.045558541114154125
42,5,150,1,inner_oof,f1_f3,1,0.529059601548786,0.11636955040308136
42,5,196,0,inner_oof,f1_f3,0,0.4855092073993755,-0.05797940696515758
42,5,84,1,inner_oof,f1_f3,0,0.33440176179554965,-0.6883430928510567
42,5,133,0,inner_oof,f1_f3,0,0.4807129906974002,-0.07718633567500757
42,5,65,0,inner_oof,f1_f3,1,0.5444892340230474,0.17842881801632027
42,5,300,0,inner_oof,f1_f3,1,0.7487562723258353,1.0919900318767257
42,5,299,1,inner_oof,f1_f3,1,0.7940788375127916,1.3496893587298437
42,5,177,1,inner_oof,f1_f3,1,0.5428847916118372,0.17196167102619822
42,5,71,1,inner_oof,f1_f3,1,0.6168244816222079,0.47609135607469716
42,5,39,1,inner_oof,f1_f3,1,0.575833290679146,0.3056916325833374
42,5,33,1,inner_oof,f1_f3,0,0.48676495481790466,-0.05295255038497235
42,5,155,1,inner_oof,f1_f3,1,0.5608479610480702,0.2446041713138118
42,5,77,1,inner_oof,f1_f3,0,0.4600555397306614,-0.16011906217593527
42,5,24,1,inner_oof,f1_f3,0,0.40970905389266676,-0.36516826120353
42,5,31,0,inner_oof,f1_f3,0,0.17208415834136312,-1.5709278588794557
42,5,178,1,inner_oof,f1_f3,0,0.3972443660750103,-0.41696024105164636
42,5,44,1,inner_oof,f1_f3,0,0.4894805216807462,-0.04208412334992069
42,5,217,0,inner_oof,f1_f3,0,0.44758441119212283,-0.2104354929924535
42,5,94,0,inner_oof,f1_f3,0,0.44708941534675245,-0.21243768810210586
42,5,118,0,inner_oof,f1_f3,1,0.6827909974674248,0.7666279354967415
42,5,275,0,inner_oof,f1_f3,1,0.5428746076160081,0.17192063322319492
42,5,15,1,inner_oof,f1_f3,0,0.48181430600183245,-0.07277487807953692
42,5,285,0,inner_oof,f1_f3,0,0.3049386130235296,-0.8238896806742579
42,5,164,1,inner_oof,f1_f3,1,0.8361659593125034,1.62997314087441
42,5,73,0,inner_oof,f1_f3,0,0.2990366558419684,-0.8518894342142264
42,5,76,0,inner_oof,f1_f3,0,0.42565158764339917,-0.299615060093797
42,5,34,1,inner_oof,f1_f3,1,0.5603592721714018,0.2426202697583824
42,5,92,0,inner_oof,f1_f3,0,0.3175807468713569,-0.7649121027723137
42,5,59,0,inner_oof,f1_f3,1,0.5695374357075424,0.2799641536520204
42,5,66,0,inner_oof,f1_f3,0,0.49051867477806005,-0.03792984762201668
42,5,292,1,inner_oof,f1_f3,0,0.43616511512052125,-0.25674057526689864
42,5,26,0,inner_oof,f1_f3,0,0.4301897372805413,-0.28107707213696065
42,5,69,1,inner_oof,f1_f3,1,0.7350078066138467,1.0201807537676366
42,5,121,1,inner_oof,f1_f3,1,0.5569704660468519,0.22887577937758216
42,5,57,0,inner_oof,f1_f3,1,0.5788199449955329,0.31793102703416265
42,5,203,0,inner_oof,f1_f3,0,0.4984007380418772,-0.006397069647742379
42,5,3,1,inner_oof,f1_f3,1,0.5384092707159879,0.15394036607538839
42,5,245,1,inner_oof,f1_f3,1,0.5586530882445465,0.23569747285397058
42,5,273,1,inner_oof,f1_f3,0,0.45428139775061,-0.18338663752817222
42,5,303,0,inner_oof,f1_f3,0,0.297189929456897,-0.8607152578487628
42,5,28,0,inner_oof,f1_f3,1,0.5080322529917535,0.03213177622210861
42,5,222,1,inner_oof,f1_f3,0,0.4426365993303815,-0.23046833622930998
42,5,266,1,inner_oof,f1_f3,1,0.7006649757353712,0.850466420839037
42,5,159,0,inner_oof,f1_f3,1,0.7107992334100776,0.899268876784028
42,5,16,1,inner_oof,f1_f3,0,0.22793058196370694,-1.2200333481942898
42,5,145,1,inner_oof,f2_f3,1,0.6081043720659219,0.43935098274757106
42,5,151,1,inner_oof,f2_f3,1,0.5390058807172206,0.15634119479224073
42,5,286,0,inner_oof,f2_f3,1,0.6213748006451925,0.49538764771592836
42,5,283,0,inner_oof,f2_f3,0,0.4410627585868957,-0.23685002242357214
42,5,236,1,inner_oof,f2_f3,1,0.7431485735887099,1.0623981788030392
42,5,64,0,inner_oof,f2_f3,1,0.5172923732361256,0.0691970907380601
42,5,229,0,inner_oof,f2_f3,0,0.38706868584100196,-0.4596507209031638
42,5,115,0,inner_oof,f2_f3,1,0.5125971350040196,0.05039920547442718
42,5,12,0,inner_oof,f2_f3,0,0.47894752156486214,-0.08425972995457534
42,5,279,0,inner_oof,f2_f3,0,0.33212504422116834,-0.6985894268400611
42,5,225,0,inner_oof,f2_f3,0,0.452974892118344,-0.18865800427226764
42,5,181,1,inner_oof,f2_f3,1,0.5107713514165814,0.043092072663434663
42,5,42,0,inner_oof,f2_f3,0,0.4683888905024381,-0.12661331137648912
42,5,125,1,inner_oof,f2_f3,1,0.5017664720505597,0.007065917600543675
42,5,27,0,inner_oof,f2_f3,0,0.3914327047823713,-0.4412938883550803
42,5,176,1,inner_oof,f2_f3,1,0.6484979886134579,0.6124434686244005
42,5,168,1,inner_oof,f2_f3,1,0.5204145092927615,0.08170345749708326
42,5,150,1,inner_oof,f2_f3,1,0.5445080588960389,0.17850471868088658
42,5,196,0,inner_oof,f2_f3,0,0.49262279698458544,-0.029510953623716668
42,5,84,1,inner_oof,f2_f3,0,0.3068968896983008,-0.8146669494388831
42,5,133,0,inner_oof,f2_f3,0,0.45346899093049275,-0.18666415721681603
42,5,65,0,inner_oof,f2_f3,1,0.5402300565696487,0.16126883811511522
42,5,300,0,inner_oof,f2_f3,1,0.7447161701146444,1.0706271815342947
42,5,299,1,inner_oof,f2_f3,1,0.7946020586028363,1.3528921590830916
42,5,177,1,inner_oof,f2_f3,1,0.5387035919788515,0.15512469363969922
42,5,71,1,inner_oof,f2_f3,1,0.6160158551647524,0.4726714398623493
42,5,39,1,inner_oof,f2_f3,1,0.5885738958432205,0.35807305803057327
42,5,33,1,inner_oof,f2_f3,0,0.4799312727016779,-0.0803180589445269
42,5,155,1,inner_oof,f2_f3,1,0.5421309910608283,0.16892451664011163
42,5,77,1,inner_oof,f2_f3,0,0.47445190164675766,-0.10228146834965439
42,5,24,1,inner_oof,f2_f3,0,0.4122237883497005,-0.3547799055343587
42,5,31,0,inner_oof,f2_f3,0,0.17782349247377133,-1.53116365835531
42,5,178,1,inner_oof,f2_f3,0,0.3543583900781053,-0.5999357640789746
42,5,44,1,inner_oof,f2_f3,1,0.5100805456294976,0.04032764709790697
42,5,217,0,inner_oof,f2_f3,0,0.4423736371338488,-0.23153427963331383
42,5,94,0,inner_oof,f2_f3,0,0.4145439544077377,-0.34521209769352845
42,5,118,0,inner_oof,f2_f3,1,0.709118818273251,0.8911082246352452
42,5,275,0,inner_oof,f2_f3,1,0.516852428834212,0.06743525895377447
42,5,15,1,inner_oof,f2_f3,1,0.5002450502885354,0.000980201232622463
42,5,285,0,inner_oof,f2_f3,0,0.3063898269641205,-0.8170518568645037
42,5,164,1,inner_oof,f2_f3,1,0.831866378634671,1.598912796782935
42,5,73,0,inner_oof,f2_f3,0,0.3215411225773914,-0.7466984253839715
42,5,76,0,inner_oof,f2_f3,0,0.3836134503775847,-0.47423887640466267
42,5,34,1,inner_oof,f2_f3,1,0.5481097796139273,0.19303631956652062
42,5,92,0,inner_oof,f2_f3,0,0.332648436318514,-0.6962308035419514
42,5,59,0,inner_oof,f2_f3,1,0.572771361865551,0.293167295422762
42,5,66,0,inner_oof,f2_f3,0,0.4811161930689847,-0.07557117279019943
42,5,292,1,inner_oof,f2_f3,0,0.43187138536854597,-0.27422000243639844
42,5,26,0,inner_oof,f2_f3,0,0.4041640232521008,-0.3881446286752155
42,5,69,1,inner_oof,f2_f3,1,0.762319442747968,1.1654381083457368
42,5,121,1,inner_oof,f2_f3,1,0.5439876431611765,0.17640662434272303
42,5,57,0,inner_oof,f2_f3,1,0.5892075370884498,0.36069034603480304
42,5,203,0,inner_oof,f2_f3,0,0.47848546623001337,-0.08611130639159706
42,5,3,1,inner_oof,f2_f3,1,0.5320429788915442,0.1283478170064486
42,5,245,1,inner_oof,f2_f3,1,0.5347452328783194,0.13920529141357987
42,5,273,1,inner_oof,f2_f3,0,0.44978795681154676,-0.20152747237168572
42,5,303,0,inner_oof,f2_f3,0,0.3103562086789821,-0.7984545217594413
42,5,28,0,inner_oof,f2_f3,0,0.4642979496039927,-0.1430516514730861
42,5,222,1,inner_oof,f2_f3,0,0.43250259093315385,-0.27164786687328174
42,5,266,1,inner_oof,f2_f3,1,0.6879929276533884,0.7907527029767719
42,5,159,0,inner_oof,f2_f3,1,0.6983887934222816,0.8396371657917531
42,5,16,1,inner_oof,f2_f3,0,0.22564961489422566,-1.2330410454691907
42,5,145,1,inner_oof,f1_f2_f3,1,0.6031649252499571,0.41866990167641216
42,5,151,1,inner_oof,f1_f2_f3,1,0.5419028495343784,0.16800546043121378
42,5,286,0,inner_oof,f1_f2_f3,1,0.6060243123096012,0.4306309035628587
42,5,283,0,inner_oof,f1_f2_f3,0,0.45377322223583066,-0.18543667065327146
42,5,236,1,inner_oof,f1_f2_f3,1,0.7490267771156609,1.0934284816612028
42,5,64,0,inner_oof,f1_f2_f3,1,0.51294550702598,0.05179360336104484
42,5,229,0,inner_oof,f1_f2_f3,0,0.39558034554265714,-0.42391483296461313
42,5,115,0,inner_oof,f1_f2_f3,1,0.5227916663939391,0.09122988766880188
42,5,12,0,inner_oof,f1_f2_f3,0,0.4522261640324304,-0.19168007607615437
42,5,279,0,inner_oof,f1_f2_f3,0,0.3233522392662511,-0.73840859009768
42,5,225,0,inner_oof,f1_f2_f3,0,0.4649174653212109,-0.14056110952462675
42,5,181,1,inner_oof,f1_f2_f3,0,0.48522257158313575,-0.05912693326568458
42,5,42,0,inner_oof,f1_f2_f3,0,0.46805224852514365,-0.12796534117128122
42,5,125,1,inner_oof,f1_f2_f3,1,0.5189398518600826,0.07579567368423124
42,5,27,0,inner_oof,f1_f2_f3,0,0.377408196213546,-0.500563743151937
42,5,176,1,inner_oof,f1_f2_f3,1,0.661565879373834,0.6702801175636379
42,5,168,1,inner_oof,f1_f2_f3,0,0.4868208063308777,-0.052728988350930435
42,5,150,1,inner_oof,f1_f2_f3,1,0.5327759548221939,0.1312920916178286
42,5,196,0,inner_oof,f1_f2_f3,0,0.48397619356394683,-0.0641171822657163
42,5,84,1,inner_oof,f1_f2_f3,0,0.33201633576644884,-0.6990795466756151
42,5,133,0,inner_oof,f1_f2_f3,0,0.48245612466592885,-0.07020432149037935
42,5,65,0,inner_oof,f1_f2_f3,1,0.5463155547172653,0.18579484590935855
42,5,300,0,inner_oof,f1_f2_f3,1,0.7508658799778581,1.1032356611569882
42,5,299,1,inner_oof,f1_f2_f3,1,0.7932779516403111,1.3447985372980398
42,5,177,1,inner_oof,f1_f2_f3,1,0.5414824240274025,0.16631198337893097
42,5,71,1,inner_oof,f1_f2_f3,1,0.6150691272994524,0.4686708968634563
42,5,39,1,inner_oof,f1_f2_f3,1,0.5782606746157463,0.3156373503364331
42,5,33,1,inner_oof,f1_f2_f3,0,0.48355545419714685,-0.06580191586862986
42,5,155,1,inner_oof,f1_f2_f3,1,0.5595498253059754,0.2393352488775341
42,5,77,1,inner_oof,f1_f2_f3,0,0.46021931097365515,-0.15945978677793338
42,5,24,1,inner_oof,f1_f2_f3,0,0.4130149806632973,-0.35151543368563926
42,5,31,0,inner_oof,f1_f2_f3,0,0.16929103672779627,-1.5906601642041198
42,5,178,1,inner_oof,f1_f2_f3,0,0.39649065516267695,-0.4201090523397985
42,5,44,1,inner_oof,f1_f2_f3,0,0.48879645948427625,-0.04482166438060753
42,5,217,0,inner_oof,f1_f2_f3,0,0.4493111790320547,-0.20345419962170455
42,5,94,0,inner_oof,f1_f2_f3,0,0.43896139200725864,-0.24537825921212905
42,5,118,0,inner_oof,f1_f2_f3,1,0.6821844978598557,0.7638291135191727
42,5,275,0,inner_oof,f1_f2_f3,1,0.5396172873020119,0.15880203337170704
42,5,15,1,inner_oof,f1_f2_f3,0,0.48360062916835234,-0.06562102084809071
42,5,285,0,inner_oof,f1_f2_f3,0,0.3052331582954449,-0.8225003717277382
42,5,164,1,inner_oof,f1_f2_f3,1,0.837901573263158,1.6426969160592628
42,5,73,0,inner_oof,f1_f2_f3,0,0.3013588040348467,-0.8408357051353311
42,5,76,0,inner_oof,f1_f2_f3,0,0.4194635401894569,-0.3249759971733503
42,5,34,1,inner_oof,f1_f2_f3,1,0.558930578814837,0.23682299656503192
42,5,92,0,inner_oof,f1_f2_f3,0,0.318488936081973,-0.7607247488281209
42,5,59,0,inner_oof,f1_f2_f3,1,0.5700526408664371,0.2820659283876627
42,5,66,0,inner_oof,f1_f2_f3,0,0.4912645771970801,-0.03494524695222742
42,5,292,1,inner_oof,f1_f2_f3,0,0.43518811753792747,-0.2607143325937239
42,5,26,0,inner_oof,f1_f2_f3,0,0.4259685957908066,-0.29831848123772464
42,5,69,1,inner_oof,f1_f2_f3,1,0.7382005927360878,1.0366370041499542
42,5,121,1,inner_oof,f1_f2_f3,1,0.5568394115586356,0.22834468228647054
42,5,57,0,inner_oof,f1_f2_f3,1,0.5788643307276736,0.31811309701099194
42,5,203,0,inner_oof,f1_f2_f3,0,0.49929208983888007,-0.002831642536534687
42,5,3,1,inner_oof,f1_f2_f3,1,0.5389673845799239,0.15618626831632443
42,5,245,1,inner_oof,f1_f2_f3,1,0.5542286494408228,0.21777117256854925
42,5,273,1,inner_oof,f1_f2_f3,0,0.4499686413599658,-0.20079739784088627
42,5,303,0,inner_oof,f1_f2_f3,0,0.2964565441480889,-0.8642290006223786
42,5,28,0,inner_oof,f1_f2_f3,1,0.5062492711567617,0.02499838637691864
42,5,222,1,inner_oof,f1_f2_f3,0,0.4416036736511495,-0.23465615865366948
42,5,266,1,inner_oof,f1_f2_f3,1,0.6996362922218257,0.8455665178706374
42,5,159,0,inner_oof,f1_f2_f3,1,0.7039247711585201,0.8660579177738404
42,5,16,1,inner_oof,f1_f2_f3,0,0.22784965123712075,-1.2204932963065844
43,1,150,1,in_sample,f1,0,0.42222952540479153,-0.31362762178972015
43,1,89,1,in_sample,f1,0,0.23003388344083084,-1.2081198920301612
43,1,308,0,in_sample,f1,0,0.45083916071434943,-0.1972807185683735
43,1,181,1,in_sample,f1,1,0.5990364354999984,0.4014518618951686
43,1,55,0,in_sample,f1,0,0.4878121635539275,-0.0487610048127704
43,1,3,1,in_sample,f1,1,0.5982800107100797,0.39830358782799724
43,1,229,0,in_sample,f1,0,0.4592885114934225,-0.16320726569016247
43,1,115,0,in_sample,f1,1,0.6687635577587807,0.7025981239091718
43,1,264,1,in_sample,f1,1,0.5322672288705911,0.12924854215961654
43,1,133,0,in_sample,f1,1,0.5043444677400355,0.017378308309135677
43,1,252,0,in_sample,f1,1,0.5110322584798125,0.04413619731424514
43,1,278,0,in_sample,f1,0,0.4254877266451011,-0.30028535755258423
43,1,245,1,in_sample,f1,1,0.6152096533767973,0.4692644777742185
43,1,135,0,in_sample,f1,1,0.6451109008583717,0.5976168974459778
43,1,279,0,in_sample,f1,0,0.454014772761584,-0.18446218240458429
43,1,307,0,in_sample,f1,0,0.38038172177590374,-0.4879283286404578
43,1,163,1,in_sample,f1,1,0.5625001325854172,0.25131496704071477
43,1,145,1,in_sample,f1,0,0.4763981013429888,-0.09447780814140634
43,1,247,1,in_sample,f1,1,0.5442489946238288,0.1774602333058532
43,1,295,1,in_sample,f1,1,0.6707655908089675,0.7116497458732408
43,1,273,1,in_sample,f1,1,0.7431854572357838,1.062591418627346
43,1,37,1,in_sample,f1,0,0.4731336195239234,-0.10756912660285758
43,1,168,1,in_sample,f1,0,0.3437111981517624,-0.646799174278205
43,1,304,1,in_sample,f1,1,0.5666719280641709,0.26828541313095944
43,1,84,1,in_sample,f1,1,0.803038046949709,1.4053915154714285
43,1,76,0,in_sample,f1,1,0.6225522580704408,0.5003954463910906
43,1,175,0,in_sample,f1,0,0.47786420294611776,-0.08860110378886256
43,1,182,0,in_sample,f1,1,0.557205157656717,0.22982694530392567
43,1,230,1,in_sample,f1,0,0.47092471177919565,-0.1164325098731032
43,1,302,1,in_sample,f1,1,0.5467696435066035,0.18762707721403174
43,1,147,0,in_sample,f1,1,0.7454592599110764,1.0745395825907536
43,1,167,0,in_sample,f1,1,0.6074074513921781,0.4364275181627666
43,1,232,1,in_sample,f1,1,0.5278578837186356,0.11154705377015367
43,1,154,1,in_sample,f1,1,0.58072515135698,0.3257509153546654
43,1,119,1,in_sample,f1,1,0.695668389179633,0.8267551625109714
43,1,206,1,in_sample,f1,1,0.5240621601791098,0.09632304648910102
43,1,69,1,in_sample,f1,0,0.33086688722087043,-0.7042668720193677
43,1,26,0,in_sample,f1,1,0.7164249835073009,0.9267968466575763
43,1,65,0,in_sample,f1,0,0.48903666824097936,-0.043860356977432985
43,1,274,1,in_sample,f1,1,0.6286746226824919,0.5265351237723801
43,1,101,1,in_sample,f1,1,0.6819510502595801,0.7627525805191762
43,1,208,0,in_sample,f1,1,0.5047564982460078,0.019026566947607196
43,1,30,0,in_sample,f1,0,0.4223999494902702,-0.3129290622121202
43,1,6,0,in_sample,f1,1,0.5042227809932982,0.01689152559102635
43,1,48,0,in_sample,f1,1,0.6781715107977663,0.7453814603173072
43,1,105,0,in_sample,f1,1,0.5726444313966731,0.29264860545430393
43,1,227,0,in_sample,f1,0,0.49986238037863845,-0.0005504784993470638
43,1,285,0,in_sample,f1,1,0.5346575433003937,0.13885283541014376
43,1,290,0,in_sample,f1,1,0.5272502729860843,0.10910920701769711
43,1,246,0,in_sample,f1,0,0.47175285588834726,-0.1131090121142049
43,1,138,1,in_sample,f1,1,0.5841421853754906,0.3398010112342558
43,1,22,1,in_sample,f1,0,0.3429646986023798,-0.6501102258971819
43,1,207,0,in_sample,f1,0,0.3381459557448754,-0.6715674306671384
43,1,121,1,in_sample,f1,1,0.6870888599928637,0.7865443763330068
43,1,170,1,in_sample,f1,0,0.4805761390835697,-0.07773456367067806
43,1,253,1,in_sample,f1,1,0.5881710679128271,0.35640978766677234
43,1,314,0,in_sample,f1,0,0.46093546340199426,-0.15657725711315854
43,1,291,1,in_sample,f1,1,0.7233732201023575,0.9612560666602149
43,1,132,1,in_sample,f1,0,0.4023165038114657,-0.3958222414927637
43,1,130,1,in_sample,f1,1,0.5329943708147206,0.13216955126066363
43,1,271,0,in_sample,f1,1,0.5725329985080899,0.2921932771778095
43,1,43,0,in_sample,f1,1,0.6508699658701965,0.6228654336121824
43,1,139,0,in_sample,f1,0,0.4241367994017725,-0.30581409023378237
43,1,62,0,in_sample,f1,1,0.5866033533018667,0.3499413373360872
43,1,150,1,in_sample,f2,1,0.6217555941372624,0.49700651701356646
43,1,89,1,in_sample,f2,0,0.30228556802972745,-0.836437735707708
43,1,308,0,in_sample,f2,0,0.4117505481871136,-0.35673339529626846
43,1,181,1,in_sample,f2,1,0.957894678231366,3.1245636922058333
43,1,55,0,in_sample,f2,1,0.5505994825796321,0.20309314186018002
43,1,3,1,in_sample,f2,0,0.37682310628358867,-0.5030545538034079
43,1,229,0,in_sample,f2,0,0.41214272102340005,-0.35511449599344286
43,1,115,0,in_sample,f2,1,0.6042178567068094,0.42307090614260956
43,1,264,1,in_sample,f2,0,0.17473343985798778,-1.5524448254882224
43,1,133,0,in_sample,f2,1,0.6961650486184283,0.8291021401578541
43,1,252,0,in_sample,f2,0,0.4901665672465616,-0.03933880343120359
43,1,278,0,in_sample,f2,1,0.6927448167083349,0.8129830832662278
43,1,245,1,in_sample,f2,0,0.37443143727490796,-0.5132522284111318
43,1,135,0,in_sample,f2,0,0.13308160712931166,-1.8739823189880165
43,1,279,0,in_sample,f2,1,0.6123707379836241,0.45728850755480244
43,1,307,0,in_sample,f2,0,0.37433705241872145,-0.5136552024599529
43,1,163,1,in_sample,f2,0,0.22485903845768013,-1.2375711885448635
43,1,145,1,in_sample,f2,0,0.3724160428241396,-0.5218658343279428
43,1,247,1,in_sample,f2,0,0.09091303062242165,-2.3025374233923674
43,1,295,1,in_sample,f2,1,0.7273420826403736,0.9811789474506158
43,1,273,1,in_sample,f2,0,0.2767166160227125,-0.9608071654044424
43,1,37,1,in_sample,f2,0,0.09531692362407397,-2.250377313000336
43,1,168,1,in_sample,f2,0,0.34485859740029007,-0.6417166237608719
43,1,304,1,in_sample,f2,1,0.7886788691859333,1.3169803046164843
43,1,84,1,in_sample,f2,1,0.7942827211354864,1.350936676382899
43,1,76,0,in_sample,f2,0,0.18920277870280292,-1.455198644359689
43,1,175,0,in_sample,f2,1,0.5414972878336548,0.16637185082921058
43,1,182,0,in_sample,f2,1,0.5437775655238666,0.1755597908493125
43,1,230,1,in_sample,f2,0,0.2984562295596635,-0.854660005652091
43,1,302,1,in_sample,f2,1,0.5568810354030204,0.22851335904936948
43,1,147,0,in_sample,f2,1,0.6775341080931934,0.7424625264222302
43,1,167,0,in_sample,f2,0,0.40907460113687144,-0.3677922425027946
43,1,232,1,in_sample,f2,1,0.5870414591646453,0.35174824369904917
43,1,154,1,in_sample,f2,1,0.7016232299824202,0.8550395336862991
43,1,119,1,in_sample,f2,1,0.7898101700581578,1.323781551018096
43,1,206,1,in_sample,f2,1,0.8575046841834185,1.7947175139239038
43,1,69,1,in_sample,f2,1,0.7494783939089444,1.09583232112156
43,1,26,0,in_sample,f2,0,0.1892904532314727,-1.4546272228900854
43,1,65,0,in_sample,f2,1,0.6758796019690806,0.7348999109571662
43,1,274,1,in_sample,f2,0,0.2625956684874799,-1.0325208928003051
43,1,101,1,in_sample,f2,1,0.5446624466187503,0.17912721931534242
43,1,208,0,in_sample,f2,0,0.2592837891403326,-1.049694397831076
43,1,30,0,in_sample,f2,0,0.37160148163958795,-0.5253525544606078
43,1,6,0,in_sample,f2,0,0.3150127640199482,-0.7767870457799136
43,1,48,0,in_sample,f2,0,0.36484153050159757,-0.5544114297262863
43,1,105,0,in_sample,f2,0,0.1906940071263428,-1.445506995032054
43,1,227,0,in_sample,f2,0,0.15397076346057345,-1.7037911808346646
43,1,285,0,in_sample,f2,0,0.30871044742394405,-0.8061549958896591
43,1,290,0,in_sample,f2,0,0.2000586234529393,-1.3859280048044325
43,1,246,0,in_sample,f2,0,0.453584027533175,-0.18620000089185582
43,1,138,1,in_sample,f2,1,0.9371470460900864,2.702042269492022
43,1,22,1,in_sample,f2,0,0.26962058689329127,-0.9965484061011395
43,1,207,0,in_sample,f2,0,0.058523578942410476,-2.778019571890132
43,1,121,1,in_sample,f2,1,0.5101818748376935,0.0407331304096136
43,1,170,1,in_sample,f2,1,0.5924989083443754,0.37430541896400116
43,1,253,1,in_sample,f2,1,0.8018578053547138,1.3979463643715717
43,1,314,0,in_sample,f2,1,0.8235610585687914,1.5406628164426097
43,1,291,1,in_sample,f2,1,0.9827120655188375,4.040307333867417
43,1,132,1,in_sample,f2,0,0.39113523739017453,-0.44254280250743755
43,1,130,1,in_sample,f2,0,0.0471130368910855,-3.0069465305158136
43,1,271,0,in_sample,f2,1,0.7776924096237288,1.2522691204922667
43,1,43,0,in_sample,f2,0,0.2809806040186218,-0.9396026915806833
43,1,139,0,in_sample,f2,1,0.5739308001298672,0.2979070576999558
43,1,62,0,in_sample,f2,1,0.6855545998081584,0.7794176926654416
43,1,150,1,in_sample,f3,1,0.6677588312793801,0.6980659603141389
43,1,89,1,in_sample,f3,1,0.8031668455954868,1.406206032259739
43,1,308,0,in_sample,f3,0,0.36571159310154805,-0.5506587256938826
43,1,181,1,in_sample,f3,1,0.7432402076700901,1.0628782991432857
43,1,55,0,in_sample,f3,0,0.24942291284757986,-1.1016924592835742
43,1,3,1,in_sample,f3,1,0.606080647182837,0.43086685830948324
43,1,229,0,in_sample,f3,0,0.2267560940419871,-1.2267195662254382
43,1,115,0,in_sample,f3,1,0.5202932710748717,0.08121769966246219
43,1,264,1,in_sample,f3,1,0.6506025653246978,0.62168890145772
43,1,133,0,in_sample,f3,0,0.3407116789401032,-0.6601243484825181
43,1,252,0,in_sample,f3,1,0.5706722584621843,0.2845944731497395
43,1,278,0,in_sample,f3,0,0.18738706757789092,-1.4670785405955038
43,1,245,1,in_sample,f3,1,0.6384090516320614,0.5684656286203336
43,1,135,0,in_sample,f3,0,0.4308264285047536,-0.2784801432690448
43,1,279,0,in_sample,f3,0,0.25394310260816594,-1.077691630811699
43,1,307,0,in_sample,f3,0,0.44255479387526303,-0.23079992877730776
43,1,163,1,in_sample,f3,0,0.434057597949932,-0.2653150703975285
43,1,145,1,in_sample,f3,1,0.5781972500365178,0.315377285879931
43,1,247,1,in_sample,f3,0,0.33886752730468406,-0.6683449762258191
43,1,295,1,in_sample,f3,1,0.7570279540338414,1.1364537805981731
43,1,273,1,in_sample,f3,1,0.5478818289641152,0.19211603711027395
43,1,37,1,in_sample,f3,0,0.22188549524826354,-1.25471223005452
43,1,168,1,in_sample,f3,1,0.5110342310158917,0.04414409130238131
43,1,304,1,in_sample,f3,1,0.8044847828171984,1.414563837523934
43,1,84,1,in_sample,f3,0,0.14278036142318964,-1.792386658082235
43,1,76,0,in_sample,f3,0,0.19377326026070837,-1.4256763037718811
43,1,175,0,in_sample,f3,1,0.7326375772098213,1.0080460152637252
43,1,182,0,in_sample,f3,0,0.1935544756746375,-1.427077348617583
43,1,230,1,in_sample,f3,0,0.4802349541618302,-0.07910140256172676
43,1,302,1,in_sample,f3,1,0.6173566695000514,0.4783436240517206
43,1,147,0,in_sample,f3,0,0.3631738380118447,-0.5616151049833795
43,1,167,0,in_sample,f3,1,0.5150349101750283,0.06015777650945554
43,1,232,1,in_sample,f3,0,0.16674031548591856,-1.6089077346357907
43,1,154,1,in_sample,f3,1,0.7495549836984835,1.096240274727022
43,1,119,1,in_sample,f3,1,0.9559953523713435,3.0784577952392946
43,1,206,1,in_sample,f3,0,0.3860653742316231,-0.46388173136973565
43,1,69,1,in_sample,f3,1,0.8572078976625557,1.7922907342665364
43,1,26,0,in_sample,f3,0,0.2830828767702515,-0.9292205401266637
43,1,65,0,in_sample,f3,1,0.6616941755641922,0.6708531863330511
43,1,274,1,in_sample,f3,1,0.682100364770498,0.763441088957989
43,1,101,1,in_sample,f3,0,0.2656038662796018,-1.0170426004785424
43,1,208,0,in_sample,f3,0,0.18447003350605803,-1.4863511372788554
43,1,30,0,in_sample,f3,0,0.4481004635968243,-0.20834857406864066
43,1,6,0,in_sample,f3,1,0.8301233762651515,1.5865019050111675
43,1,48,0,in_sample,f3,0,0.2624222442850526,-1.0334166882296154
43,1,105,0,in_sample,f3,1,0.6273066385089516,0.520679483327305
43,1,227,0,in_sample,f3,1,0.5437983991217958,0.17564376931807268
43,1,285,0,in_sample,f3,0,0.15777378163875544,-1.6748864007483908
43,1,290,0,in_sample,f3,0,0.39372177186867124,-0.431694505956139
43,1,246,0,in_sample,f3,1,0.5431558254554059,0.17305389212748676
43,1,138,1,in_sample,f3,1,0.6282087209745035,0.5245398505674936
43,1,22,1,in_sample,f3,0,0.4509444275644957,-0.19685554979105163
43,1,207,0,in_sample,f3,0,0.3549721834325427,-0.5972540124496932
43,1,121,1,in_sample,f3,0,0.48277733613289736,-0.06891792068964492
43,1,170,1,in_sample,f3,1,0.6810863333537335,0.758768643812324
43,1,253,1,in_sample,f3,1,0.8272871134223981,1.566521208754052
43,1,314,0,in_sample,f3,0,0.3559284448133884,-0.5930801175361702
43,1,291,1,in_sample,f3,1,0.8020560753054469,1.3991947427857117
43,1,132,1,in_sample,f3,1,0.658056140902505,0.6546436793041897
43,1,130,1,in_sample,f3,0,0.1963242382800936,-1.4094283370353797
43,1,271,0,in_sample,f3,0,0.3085058054730249,-0.8071140940341496
43,1,43,0,in_sample,f3,1,0.6705126518555733,0.7105046157570671
43,1,139,0,in_sample,f3,0,0.38009109545667136,-0.4891615902112272
43,1,62,0,in_sample,f3,1,0.7058063929566927,0.8751028909826589
43,1,150,1,in_sample,f1_f2,1,0.5748307788501158,0.3015884427430251
43,1,89,1,in_sample,f1_f2,0,0.17358034964689953,-1.5604620932403859
43,1,308,0,in_sample,f1_f2,0,0.38639176005427683,-0.4625049016186692
43,1,181,1,in_sample,f1_f2,1,0.9651075099274619,3.3199678824997094
43,1,55,0,in_sample,f1_f2,1,0.5444343616509114,0.17820757910165527
43,1,3,1,in_sample,f1_f2,0,0.4413145669110339,-0.23582865843792306
43,1,229,0,in_sample,f1_f2,0,0.39180055338121,-0.4397499474588658
43,1,115,0,in_sample,f1_f2,1,0.7027676198142131,0.8605120243998373
43,1,264,1,in_sample,f1_f2,0,0.19293765533918153,-1.4310338127430593
43,1,133,0,in_sample,f1_f2,1,0.6968992609858558,0.8325756457665477
43,1,252,0,in_sample,f1_f2,0,0.49960521358854787,-0.0015791459739684377
43,1,278,0,in_sample,f1_f2,1,0.6500884369852904,0.6194279650808363
43,1,245,1,in_sample,f1_f2,0,0.44973716335448655,-0.20173271819807992
43,1,135,0,in_sample,f1_f2,0,0.1892261244332322,-1.4550464680092436
43,1,279,0,in_sample,f1_f2,1,0.58490097399908,0.3429254490520348
43,1,307,0,in_sample,f1_f2,0,0.3107088773318604,-0.7968073230171987
43,1,163,1,in_sample,f1_f2,0,0.25985406313013865,-1.0467272009639483
43,1,145,1,in_sample,f1_f2,0,0.3634525868797488,-0.5604100521204157
43,1,247,1,in_sample,f1_f2,0,0.10565443739428039,-2.1359184917686864
43,1,295,1,in_sample,f1_f2,1,0.8042218353497874,1.4128929404983341
43,1,273,1,in_sample,f1_f2,0,0.4325226170253102,-0.2715662760674762
43,1,37,1,in_sample,f1_f2,0,0.09432786009184467,-2.2619007770047257
43,1,168,1,in_sample,f1_f2,0,0.2648391372954913,-1.0209667234928994
43,1,304,1,in_sample,f1_f2,1,0.8125116793242932,1.4664137349127402
43,1,84,1,in_sample,f1_f2,1,0.9007990796736446,2.206134943977009
43,1,76,0,in_sample,f1_f2,0,0.24877036022802035,-1.1051811608290754
43,1,175,0,in_sample,f1_f2,1,0.5293366322937605,0.11748146517475627
43,1,182,0,in_sample,f1_f2,1,0.5803752175935933,0.3243138845018831
43,1,230,1,in_sample,f1_f2,0,0.28903491290864136,-0.9000758379190938
43,1,302,1,in_sample,f1_f2,1,0.5866109777196615,0.3499727783380787
43,1,147,0,in_sample,f1_f2,1,0.8028947541170185,1.4044858103583264
43,1,167,0,in_sample,f1_f2,0,0.4801025532082221,-0.07963184081876679
43,1,232,1,in_sample,f1_f2,1,0.6043048589310673,0.4234347349438583
43,1,154,1,in_sample,f1_f2,1,0.7406922571393193,1.0495696788015652
43,1,119,1,in_sample,f1_f2,1,0.860570911565294,1.8200398742667891
43,1,206,1,in_sample,f1_f2,1,0.8614754439458371,1.827598941784724
43,1,69,1,in_sample,f1_f2,1,0.6560049626238468,0.6455411228536242
43,1,26,0,in_sample,f1_f2,0,0.3015960985152881,-0.8397088907352417
43,1,65,0,in_sample,f1_f2,1,0.6686849387346063,0.7022432362224873
43,1,274,1,in_sample,f1_f2,0,0.337409504538346,-0.674859805798267
43,1,101,1,in_sample,f1_f2,1,0.6590137080387952,0.6589020586107585
43,1,208,0,in_sample,f1_f2,0,0.2675700414227393,-1.0069863474725576
43,1,30,0,in_sample,f1_f2,0,0.33191330730711316,-0.6995441323472688
43,1,6,0,in_sample,f1_f2,0,0.3227951788446755,-0.7409557686236506
43,1,48,0,in_sample,f1_f2,0,0.48237972617658076,-0.07051029378843604
43,1,105,0,in_sample,f1_f2,0,0.22710082805820725,-1.2247545074148842
43,1,227,0,in_sample,f1_f2,0,0.15976965003855048,-1.6599429897595148
43,1,285,0,in_sample,f1_f2,0,0.333153854379611,-0.6939549446280984
43,1,290,0,in_sample,f1_f2,0,0.21747948166242687,-1.2804156346937332
43,1,246,0,in_sample,f1_f2,0,0.439511212214403,-0.24314601026597554
43,1,138,1,in_sample,f1_f2,1,0.9462283464205394,2.8677374777435523
43,1,22,1,in_sample,f1_f2,0,0.20251661089482317,-1.3706390934412087
43,1,207,0,in_sample,f1_f2,0,0.041918325374693095,-3.129209938594777
43,1,121,1,in_sample,f1_f2,1,0.6313712126408003,0.5381038408110356
43,1,170,1,in_sample,f1_f2,1,0.5812573904393331,0.32793723738188457
43,1,253,1,in_sample,f1_f2,1,0.8320858221470337,1.6004825843568447
43,1,314,0,in_sample,f1_f2,1,0.8055876431464688,1.4215905485230684
43,1,291,1,in_sample,f1_f2,1,0.9896961424387841,4.564879623560763
43,1,132,1,in_sample,f1_f2,0,0.3385152035530434,-0.6699179940112511
43,1,130,1,in_sample,f1_f2,0,0.05446773759612716,-2.8541394539001947
43,1,271,0,in_sample,f1_f2,1,0.8050045942543861,1.4178719865432874
43,1,43,0,in_sample,f1_f2,0,0.37192117173293404,-0.5239837534345313
43,1,139,0,in_sample,f1_f2,1,0.5278193830553318,0.11139257223057122
43,1,62,0,in_sample,f1_f2,1,0.7291895768139939,0.9905147180561659
43,1,150,1,in_sample,f1_f3,1,0.6287037173920813,0.5266597588909635
43,1,89,1,in_sample,f1_f3,1,0.685031920060721,0.7769941356403864
43,1,308,0,in_sample,f1_f3,0,0.3505709289142858,-0.6165305737868989
43,1,181,1,in_sample,f1_f3,1,0.7721409501474592,1.220439875883265
43,1,55,0,in_sample,f1_f3,0,0.2545830072913973,-1.074316842421858
43,1,3,1,in_sample,f1_f3,1,0.6484071961794727,0.6120451895123384
43,1,229,0,in_sample,f1_f3,0,0.22281361254396315,-1.2493445987157894
43,1,115,0,in_sample,f1_f3,1,0.6040716180164147,0.4224594224587706
43,1,264,1,in_sample,f1_f3,1,0.6606170874280147,0.6660453736039332
43,1,133,0,in_sample,f1_f3,0,0.3501142535239749,-0.6185370329333516
43,1,252,0,in_sample,f1_f3,1,0.5748023348215119,0.30147206082953565
43,1,278,0,in_sample,f1_f3,0,0.17566629294075442,-1.5459892998216638
43,1,245,1,in_sample,f1_f3,1,0.6853044454217332,0.7782575073291546
43,1,135,0,in_sample,f1_f3,1,0.506659063690907,0.026637829777766436
43,1,279,0,in_sample,f1_f3,0,0.24667010685517357,-1.1164513928228683
43,1,307,0,in_sample,f1_f3,0,0.3895995758074923,-0.4489956919338766
43,1,163,1,in_sample,f1_f3,0,0.46827788573994955,-0.1270591186044416
43,1,145,1,in_sample,f1_f3,1,0.5657300628002463,0.2644507277239518
43,1,247,1,in_sample,f1_f3,0,0.3659713833559751,-0.5495389472885175
43,1,295,1,in_sample,f1_f3,1,0.8084680860735194,1.4400867581373444
43,1,273,1,in_sample,f1_f3,1,0.6686007672708956,0.7018633318150087
43,1,37,1,in_sample,f1_f3,0,0.22278675511691387,-1.2494997002776493
43,1,168,1,in_sample,f1_f3,0,0.4350457221965105,-0.26129366956738814
43,1,304,1,in_sample,f1_f3,1,0.8167046439696255,1.494178697434515
43,1,84,1,in_sample,f1_f3,0,0.2613278539474305,-1.0390784126881627
43,1,76,0,in_sample,f1_f3,0,0.24570652528023695,-1.1216436789546989
43,1,175,0,in_sample,f1_f3,1,0.7175622422929839,0.9324014931015346
43,1,182,0,in_sample,f1_f3,0,0.22218977785905944,-1.2529506920997817
43,1,230,1,in_sample,f1_f3,0,0.46881830973635097,-0.12488883483303052
43,1,302,1,in_sample,f1_f3,1,0.635628518483089,0.556440401413631
43,1,147,0,in_sample,f1_f3,0,0.49596003780157294,-0.016160200473686936
43,1,167,0,in_sample,f1_f3,1,0.5681697373113481,0.274387606782361
43,1,232,1,in_sample,f1_f3,0,0.1847690751792769,-1.4843646133441788
43,1,154,1,in_sample,f1_f3,1,0.7713789754165555,1.2161140721157828
43,1,119,1,in_sample,f1_f3,1,0.9664361131205909,3.360164501484718
43,1,206,1,in_sample,f1_f3,0,0.40319317446315206,-0.39217769751658116
43,1,69,1,in_sample,f1_f3,1,0.8005511792556707,1.3897427987077362
43,1,26,0,in_sample,f1_f3,0,0.3917136781979501,-0.44011453498401437
43,1,65,0,in_sample,f1_f3,1,0.6525134495105966,0.6301057906329689
43,1,274,1,in_sample,f1_f3,1,0.7296779785857778,0.9929893913583481
43,1,101,1,in_sample,f1_f3,0,0.3536028179895232,-0.6032398475247707
43,1,208,0,in_sample,f1_f3,0,0.19605728990357926,-1.4111210985941944
43,1,30,0,in_sample,f1_f3,0,0.41498868565623265,-0.3433799314233179
43,1,6,0,in_sample,f1_f3,1,0.8232507673588771,1.538528890090895
43,1,48,0,in_sample,f1_f3,0,0.34812147795727455,-0.6273067352303179
43,1,105,0,in_sample,f1_f3,1,0.6564553912601018,0.6475377735391029
43,1,227,0,in_sample,f1_f3,1,0.5437351946449176,0.17538899932942698
43,1,285,0,in_sample,f1_f3,0,0.1773210330502513,-1.5346042121978671
43,1,290,0,in_sample,f1_f3,0,0.41213928150082346,-0.3551286924243136
43,1,246,0,in_sample,f1_f3,1,0.5296743511941555,0.1188370614161963
43,1,138,1,in_sample,f1_f3,1,0.6623743809242604,0.6738932804517294
43,1,22,1,in_sample,f1_f3,0,0.37888077228156364,-0.4943014860294183
43,1,207,0,in_sample,f1_f3,0,0.291298379993732,-0.8890864890466155
43,1,121,1,in_sample,f1_f3,1,0.5789866771632202,0.31861498835273455
43,1,170,1,in_sample,f1_f3,1,0.6678007626263696,0.6982549680149359
43,1,253,1,in_sample,f1_f3,1,0.8432250858431362,1.6824228192346335
43,1,314,0,in_sample,f1_f3,0,0.34576341679341066,-0.6377142593746996
43,1,291,1,in_sample,f1_f3,1,0.8596364845918375,1.812274011496326
43,1,132,1,in_sample,f1_f3,1,0.609564876937522,0.4454835687872142
43,1,130,1,in_sample,f1_f3,0,0.21705511301682098,-1.2829110081890662
43,1,271,0,in_sample,f1_f3,0,0.3480365382261865,-0.6276810509663984
43,1,43,0,in_sample,f1_f3,1,0.7287772814039213,0.9884278496605536
43,1,139,0,in_sample,f1_f3,0,0.3521481174415336,-0.6096102186483173
43,1,62,0,in_sample,f1_f3,1,0.7340733655869512,1.015388516473539
43,1,150,1,in_sample,f2_f3,1,0.7499084232634157,1.0981239390252424
43,1,89,1,in_sample,f2_f3,1,0.6156931688935489,0.4713074641282887
43,1,308,0,in_sample,f2_f3,0,0.3079748791682234,-0.809604038233648
43,1,181,1,in_sample,f2_f3,1,0.979985665741899,3.8910892150206675
43,1,55,0,in_sample,f2_f3,0,0.31626221100256696,-0.771002843544285
43,1,3,1,in_sample,f2_f3,0,0.48038890106445403,-0.07848465869682208
43,1,229,0,in_sample,f2_f3,0,0.19680073423351221,-1.406411119329162
43,1,115,0,in_sample,f2_f3,1,0.6183839358993125,0.4826944846708823
43,1,264,1,in_sample,f2_f3,0,0.28985108483735456,-0.896107397175661
43,1,133,0,in_sample,f2_f3,1,0.5518849510950544,0.20828959758750754
43,1,252,0,in_sample,f2_f3,1,0.5567514238691196,0.22798813098959209
43,1,278,0,in_sample,f2_f3,0,0.3726100097142454,-0.5210360190401521
43,1,245,1,in_sample,f2_f3,1,0.5084258927820874,0.03370676208218676
43,1,135,0,in_sample,f2_f3,0,0.11972402368600558,-1.9950461761970502
43,1,279,0,in_sample,f2_f3,0,0.3750062122813804,-0.5107991181199184
43,1,307,0,in_sample,f2_f3,0,0.33759281726169865,-0.6740399599062761
43,1,163,1,in_sample,f2_f3,0,0.200187766674152,-1.3851212322865383
43,1,145,1,in_sample,f2_f3,0,0.45056713326689163,-0.19837950942336624
43,1,247,1,in_sample,f2_f3,0,0.06048554537148443,-2.7429587871718986
43,1,295,1,in_sample,f2_f3,1,0.8744910381851788,1.9412648815707216
43,1,273,1,in_sample,f2_f3,0,0.3273696840217269,-0.7201058066062132
43,1,37,1,in_sample,f2_f3,0,0.03868416891264582,-3.2128725590328884
43,1,168,1,in_sample,f2_f3,0,0.36561026685286624,-0.551095565238705
43,1,304,1,in_sample,f2_f3,1,0.9243572218792088,2.503076629382683
43,1,84,1,in_sample,f2_f3,0,0.4247693460894223,-0.303224791081538
43,1,76,0,in_sample,f2_f3,0,0.06807433436251123,-2.6166527930950907
43,1,175,0,in_sample,f2_f3,1,0.7430042404061151,1.061642166718537
43,1,182,0,in_sample,f2_f3,0,0.2525875720677522,-1.084859136476424
43,1,230,1,in_sample,f2_f3,0,0.2972655736574021,-0.8603531218662623
43,1,302,1,in_sample,f2_f3,1,0.6572946415760389,0.6512613184009828
43,1,147,0,in_sample,f2_f3,1,0.5533028945753085,0.21402483293755314
43,1,167,0,in_sample,f2_f3,0,0.43059747076517363,-0.2794139055963893
43,1,232,1,in_sample,f2_f3,0,0.2534770807801778,-1.0801529109244625
43,1,154,1,in_sample,f2_f3,1,0.8565707020639908,1.7870946455349321
43,1,119,1,in_sample,f2_f3,1,0.9816940521086533,3.982053675488913
43,1,206,1,in_sample,f2_f3,1,0.7840995579768186,1.2897186146334125
43,1,69,1,in_sample,f2_f3,1,0.9327348006818854,2.6294779116900067
43,1,26,0,in_sample,f2_f3,0,0.10185867145112934,-2.176741158896113
43,1,65,0,in_sample,f2_f3,1,0.7854438372787698,1.2976774208480824
43,1,274,1,in_sample,f2_f3,0,0.42999131983757655,-0.28188656700815573
43,1,101,1,in_sample,f2_f3,0,0.32769791760055994,-0.7186155658024331
43,1,208,0,in_sample,f2_f3,0,0.09202576779172832,-2.2891473770480166
43,1,30,0,in_sample,f2_f3,0,0.3395800114484259,-0.6651663853269347
43,1,6,0,in_sample,f2_f3,1,0.6652879640059987,0.6869494073919943
43,1,48,0,in_sample,f2_f3,0,0.19424059607557623,-1.4226876150229746
43,1,105,0,in_sample,f2_f3,0,0.29214820514193285,-0.8849735171214297
43,1,227,0,in_sample,f2_f3,0,0.19260927112642204,-1.4331440907646793
43,1,285,0,in_sample,f2_f3,0,0.09734665279123704,-2.227060241594537
43,1,290,0,in_sample,f2_f3,0,0.15817939396992373,-1.671837140755786
43,1,246,0,in_sample,f2_f3,0,0.4978029710885846,-0.008788172205879546
43,1,138,1,in_sample,f2_f3,1,0.9533560956509068,3.017446240419983
43,1,22,1,in_sample,f2_f3,0,0.2501234920245842,-1.09795377294178
43,1,207,0,in_sample,f2_f3,0,0.04200595767428691,-3.127030101473357
43,1,121,1,in_sample,f2_f3,0,0.49759884307030955,-0.009604701554457681
43,1,170,1,in_sample,f2_f3,1,0.7381739325405152,1.0364990591343624
43,1,253,1,in_sample,f2_f3,1,0.9378288491891222,2.713676389986163
43,1,314,0,in_sample,f2_f3,1,0.7184012225825601,0.9365449360826067
43,1,291,1,in_sample,f2_f3,1,0.9936289754913891,5.0496035828543295
43,1,132,1,in_sample,f2_f3,1,0.5439979957480654,0.17644835776845397
43,1,130,1,in_sample,f2_f3,0,0.016939361171577738,-4.06103082848893
43,1,271,0,in_sample,f2_f3,1,0.6168049366741608,0.4760086626517793
43,1,43,0,in_sample,f2_f3,0,0.43994468701047074,-0.2413865443768971
43,1,139,0,in_sample,f2_f3,0,0.46511496470518343,-0.1397672255502973
43,1,62,0,in_sample,f2_f3,1,0.8205816204422481,1.5202929875192697
43,1,150,1,in_sample,f1_f2_f3,1,0.7382237771559682,1.0367569721988916
43,1,89,1,in_sample,f1_f2_f3,1,0.5640670177916878,0.25768454930764517
43,1,308,0,in_sample,f1_f2_f3,0,0.3033940380270224,-0.8311875003860494
43,1,181,1,in_sample,f1_f2_f3,1,0.9807727244869894,3.9320108847680553
43,1,55,0,in_sample,f1_f2_f3,0,0.3179705465639536,-0.7631140861447808
43,1,3,1,in_sample,f1_f2_f3,0,0.4967000654299572,-0.013199929937780186
43,1,229,0,in_sample,f1_f2_f3,0,0.19570076655474256,-1.4133845894555608
43,1,115,0,in_sample,f1_f2_f3,1,0.6454413436195914,0.5990605419038786
43,1,264,1,in_sample,f1_f2_f3,0,0.294552965817522,-0.8733728560052832
43,1,133,0,in_sample,f1_f2_f3,1,0.5544086317421417,0.21849969990456997
43,1,252,0,in_sample,f1_f2_f3,1,0.5582626518606653,0.23411408342377332
43,1,278,0,in_sample,f1_f2_f3,0,0.3651733132065506,-0.5529799558668897
43,1,245,1,in_sample,f1_f2_f3,1,0.5272318290203162,0.10903521151380308
43,1,135,0,in_sample,f1_f2_f3,0,0.13228095820736566,-1.8809398458240256
43,1,279,0,in_sample,f1_f2_f3,0,0.3712204004224364,-0.5269848397323034
43,1,307,0,in_sample,f1_f2_f3,0,0.3213570314702353,-0.7475424171115449
43,1,163,1,in_sample,f1_f2_f3,0,0.20886844920081946,-1.3317596392907494
43,1,145,1,in_sample,f1_f2_f3,0,0.44681535761119373,-0.2135463989412062
43,1,247,1,in_sample,f1_f2_f3,0,0.06346410612825654,-2.6917133605715584
43,1,295,1,in_sample,f1_f2_f3,1,0.8852015057303564,2.0426369414999104
43,1,273,1,in_sample,f1_f2_f3,0,0.36843171912613076,-0.538950660479014
43,1,37,1,in_sample,f1_f2_f3,0,0.039106478936140714,-3.201575447733948
43,1,168,1,in_sample,f1_f2_f3,0,0.34206417925245075,-0.6541090116206374
43,1,304,1,in_sample,f1_f2_f3,1,0.9259036956797332,2.525404572054048
43,1,84,1,in_sample,f1_f2_f3,0,0.48768683163863996,-0.04926263360393346
43,1,76,0,in_sample,f1_f2_f3,0,0.0754756054342143,-2.5054699400326026
43,1,175,0,in_sample,f1_f2_f3,1,0.7379142236293297,1.0351557487927228
43,1,182,0,in_sample,f1_f2_f3,0,0.26383191148309215,-1.0261462723511818
43,1,230,1,in_sample,f1_f2_f3,0,0.2947464557121974,-0.8724418608261303
43,1,302,1,in_sample,f1_f2_f3,1,0.6631805391432161,0.677500197177069
43,1,147,0,in_sample,f1_f2_f3,1,0.5985387428231883,0.39938022257802974
43,1,167,0,in_sample,f1_f2_f3,0,0.4493016488151642,-0.2034927164172237
43,1,232,1,in_sample,f1_f2_f3,0,0.26123969782820056,-1.039535145682245
43,1,154,1,in_sample,f1_f2_f3,1,0.8612018178313676,1.8253079250809034
43,1,119,1,in_sample,f1_f2_f3,1,0.983297362626874,4.075344946129103
43,1,206,1,in_sample,f1_f2_f3,1,0.78685655427404,1.3060805696217568
43,1,69,1,in_sample,f1_f2_f3,1,0.923144124065219,2.485853442878728
43,1,26,0,in_sample,f1_f2_f3,0,0.11908563347875335,-2.0011175775132903
43,1,65,0,in_sample,f1_f2_f3,1,0.7825369378453958,1.280512119282537
43,1,274,1,in_sample,f1_f2_f3,0,0.4508507283023495,-0.1972339966547798
43,1,101,1,in_sample,f1_f2_f3,0,0.35971703603725674,-0.5765924984603896
43,1,208,0,in_sample,f1_f2_f3,0,0.09456108402037487,-2.2591737987344764
43,1,30,0,in_sample,f1_f2_f3,0,0.3296498512664213,-0.7097691515491953
43,1,6,0,in_sample,f1_f2_f3,1,0.6625494532340571,0.6746762299901202
43,1,48,0,in_sample,f1_f2_f3,0,0.2175504094825411,-1.2799989078646647
43,1,105,0,in_sample,f1_f2_f3,0,0.30276231710611595,-0.8341782953978437
43,1,227,0,in_sample,f1_f2_f3,0,0.1938108488886179,-1.4254357160648232
43,1,285,0,in_sample,f1_f2_f3,0,0.10194965082951563,-2.1757470627533464
43,1,290,0,in_sample,f1_f2_f3,0,0.16256293239241165,-1.639280914662023
43,1,246,0,in_sample,f1_f2_f3,0,0.49332429759003876,-0.02670439649061565
43,1,138,1,in_sample,f1_f2_f3,1,0.9550900845883246,3.057147061853537
43,1,22,1,in_sample,f1_f2_f3,0,0.23206027760322415,-1.1967140884299885
43,1,207,0,in_sample,f1_f2_f3,0,0.03856984830672492,-3.2159510779671234
43,1,121,1,in_sample,f1_f2_f3,1,0.5310771843249066,0.12446918444131441
43,1,170,1,in_sample,f1_f2_f3,1,0.7338359046630899,1.0141724221511672
43,1,253,1,in_sample,f1_f2_f3,1,0.9398173302248095,2.7483010934499745
43,1,314,0,in_sample,f1_f2_f3,1,0.7137478735523505,0.9136567982256929
43,1,291,1,in_sample,f1_f2_f3,1,0.9943763286766337,5.1751310242745125
43,1,132,1,in_sample,f1_f2_f3,1,0.526537053667142,0.10624805170995011
43,1,130,1,in_sample,f1_f2_f3,0,0.01791014406253648,-4.004315547426647
43,1,271,0,in_sample,f1_f2_f3,1,0.6299497795556671,0.5320013738588749
43,1,43,0,in_sample,f1_f2_f3,0,0.4649538753328703,-0.14041474967596346
43,1,139,0,in_sample,f1_f2_f3,0,0.4543224151129545,-0.18322118601872256
43,1,62,0,in_sample,f1_f2_f3,1,0.827184690287977,1.565804545394625
43,1,150,1,inner_oof,f1,1,0.5108158722291772,0.04327023894088641
43,1,89,1,inner_oof,f1,1,0.5534454438934844,0.21460160262476233
43,1,308,0,inner_oof,f1,1,0.5052460855371081,0.02098511222430674
43,1,181,1,inner_oof,f1,0,0.47659303750116416,-0.0936963365770457
43,1,55,0,inner_oof,f1,0,0.49813440717636887,-0.0074624059245604855
43,1,3,1,inner_oof,f1,0,0.47674346461309486,-0.09309331505620677
43,1,229,0,inner_oof,f1,1,0.5036146048022738,0.01445867108974784
43,1,115,0,inner_oof,f1,0,0.4622276035942341,-0.15137799739820845
43,1,264,1,inner_oof,f1,0,0.48961189079539624,-0.04155841708777595
43,1,133,0,inner_oof,f1,0,0.4949674816512314,-0.02013075319518033
43,1,252,0,inner_oof,f1,0,0.49368634343705864,-0.02525596865547143
43,1,278,0,inner_oof,f1,1,0.5101772583899912,0.04071465696166524
43,1,245,1,inner_oof,f1,0,0.47335397115344874,-0.106685188845613
43,1,135,0,inner_oof,f1,0,0.4672295800996372,-0.1312698564007351
43,1,279,0,inner_oof,f1,1,0.5046323287823177,0.01852984530424409
43,1,307,0,inner_oof,f1,1,0.5191545857550254,0.07665585756425708
43,1,163,1,inner_oof,f1,0,0.4837709371250384,-0.06493906299237645
43,1,145,1,inner_oof,f1,1,0.5003235516162562,0.0012942066456714564
43,1,247,1,inner_oof,f1,0,0.4873045039916431,-0.050792901347064434
43,1,295,1,inner_oof,f1,0,0.46179666784638224,-0.15311174824911072
43,1,273,1,inner_oof,f1,0,0.4451389504657003,-0.2203312395369438
43,1,37,1,inner_oof,f1,1,0.5009504294509945,0.0038017223828588007
43,1,168,1,inner_oof,f1,1,0.526745954748844,0.1070860351502625
43,1,304,1,inner_oof,f1,0,0.48295920549092564,-0.06818958819835028
43,1,84,1,inner_oof,f1,0,0.4289855475317756,-0.2859912905147729
43,1,76,0,inner_oof,f1,0,0.47186773621128414,-0.11264802551103767
43,1,175,0,inner_oof,f1,1,0.5000421451572636,0.0001685806294537337
43,1,182,0,inner_oof,f1,0,0.484798876108452,-0.060823239760004366
43,1,230,1,inner_oof,f1,1,0.5013748510170192,0.005499417928216437
43,1,302,1,inner_oof,f1,0,0.4868179898269648,-0.0527402622009275
43,1,147,0,inner_oof,f1,0,0.44457377073647814,-0.22261979505997692
43,1,167,0,inner_oof,f1,0,0.4749221638105013,-0.10039558606575877
43,1,232,1,inner_oof,f1,0,0.49045919126928506,-0.03816786778298907
43,1,154,1,inner_oof,f1,0,0.48021120434663866,-0.07919655068235232
43,1,119,1,inner_oof,f1,0,0.45632184593163105,-0.17515908018932078
43,1,206,1,inner_oof,f1,0,0.49118794851757036,-0.03525185608006527
43,1,69,1,inner_oof,f1,1,0.5294890911293938,0.11809341816444952
43,1,26,0,inner_oof,f1,0,0.4515720187992038,-0.1943210995161754
43,1,65,0,inner_oof,f1,0,0.49789974291952216,-0.008401077732576331
43,1,274,1,inner_oof,f1,0,0.47062017629783803,-0.1176548284997198
43,1,101,1,inner_oof,f1,0,0.45936481881769003,-0.16290000315001243
43,1,208,0,inner_oof,f1,0,0.49488856276330684,-0.020446461233839114
43,1,30,0,inner_oof,f1,1,0.5107824372467269,0.043136436593983564
43,1,6,0,inner_oof,f1,0,0.4949907889339785,-0.020037514662343152
43,1,48,0,inner_oof,f1,0,0.46019125336050837,-0.15957273268393823
43,1,105,0,inner_oof,f1,0,0.4817940217671117,-0.07285612261494075
43,1,227,0,inner_oof,f1,0,0.49582593020185184,-0.016696667071362692
43,1,285,0,inner_oof,f1,0,0.489152195801479,-0.04339802679104411
43,1,290,0,inner_oof,f1,0,0.4905758857881835,-0.037700921759589195
43,1,246,0,inner_oof,f1,1,0.5012157061043118,0.004862833999906703
43,1,138,1,inner_oof,f1,0,0.47953950429689957,-0.08188771098303595
43,1,22,1,inner_oof,f1,1,0.5269040483870032,0.10772023514055927
43,1,207,0,inner_oof,f1,1,0.5279284389347078,0.11183015568027799
43,1,121,1,inner_oof,f1,0,0.45823328282656756,-0.16745709207843465
43,1,170,1,inner_oof,f1,0,0.4995218000752328,-0.0019128002822825368
43,1,253,1,inner_oof,f1,0,0.4787455756981369,-0.0850689618557112
43,1,314,0,inner_oof,f1,1,0.5032971414365981,0.01318875691773545
43,1,291,1,inner_oof,f1,0,0.4499379438264264,-0.2009214306212701
43,1,132,1,inner_oof,f1,1,0.5147491760715159,0.05901382527441015
43,1,130,1,inner_oof,f1,0,0.4894720792105485,-0.04211790819716349
43,1,271,0,inner_oof,f1,0,0.4818157963285218,-0.07276890887690066
43,1,43,0,inner_oof,f1,0,0.46602593833293693,-0.1361059698880151
43,1,139,0,inner_oof,f1,1,0.5104418896781577,0.0417736323617083
43,1,62,0,inner_oof,f1,0,0.4790547664078292,-0.08382999260695535
43,1,150,1,inner_oof,f2,1,0.5241619953294752,0.09672331795087773
43,1,89,1,inner_oof,f2,0,0.4327213896247054,-0.27075648043562645
43,1,308,0,inner_oof,f2,0,0.4654162507057058,-0.13855623738851466
43,1,181,1,inner_oof,f2,1,0.6944154079113118,0.8208437144489961
43,1,55,0,inner_oof,f2,1,0.5039310778268031,0.015724635310757046
43,1,3,1,inner_oof,f2,0,0.4553987578137048,-0.17888043520792116
43,1,229,0,inner_oof,f2,0,0.4655272556776069,-0.1381100899112607
43,1,115,0,inner_oof,f2,1,0.5190776416139088,0.07634763046263487
43,1,264,1,inner_oof,f2,0,0.3850710971028504,-0.4680786710400578
43,1,133,0,inner_oof,f2,1,0.5469226513717867,0.18824452882193513
43,1,252,0,inner_oof,f2,0,0.48723116729069377,-0.051086438490276914
43,1,278,0,inner_oof,f2,1,0.5458216539195718,0.18380232753408451
43,1,245,1,inner_oof,f2,0,0.4547018497237365,-0.1816907809731902
43,1,135,0,inner_oof,f2,0,0.36431362902642944,-0.5566901994514406
43,1,279,0,inner_oof,f2,1,0.521431249546254,0.08577755394279608
43,1,307,0,inner_oof,f2,0,0.45467431414272746,-0.18180183535128921
43,1,163,1,inner_oof,f2,0,0.4058125196518052,-0.38130361435131205
43,1,145,1,inner_oof,f2,0,0.45411333484257604,-0.1840645781223629
43,1,247,1,inner_oof,f2,0,0.3374241311346329,-0.6747943819417277
43,1,295,1,inner_oof,f2,1,0.5572860736211402,0.2301549081791206
43,1,273,1,inner_oof,f2,0,0.4243280596321561,-0.30503106886114917
43,1,37,1,inner_oof,f2,0,0.34064532961765454,-0.6604197376237787
43,1,168,1,inner_oof,f2,0,0.4459386860242625,-0.21709388838216143
43,1,304,1,inner_oof,f2,1,0.5799814810799447,0.32269737088604994
43,1,84,1,inner_oof,f2,1,0.5822593794993527,0.3320553028919765
43,1,76,0,inner_oof,f2,0,0.3914362763488451,-0.4412788952248774
43,1,175,0,inner_oof,f2,1,0.5014011782602732,0.005604727712810037
43,1,182,0,inner_oof,f2,1,0.5020341897343291,0.008136803830190928
43,1,230,1,inner_oof,f2,0,0.4314890845572338,-0.27577829973676365
43,1,302,1,inner_oof,f2,1,0.5056822840382237,0.022730114743857208
43,1,147,0,inner_oof,f2,1,0.5409996810318757,0.1643677842764646
43,1,167,0,inner_oof,f2,0,0.4646580579146815,-0.14160391106032194
43,1,232,1,inner_oof,f2,1,0.5141692145782838,0.056692037391038494
43,1,154,1,inner_oof,f2,1,0.5486933135461819,0.1953925352909365
43,1,119,1,inner_oof,f2,1,0.5804380059613646,0.32457170545334857
43,1,206,1,inner_oof,f2,1,0.6116742922814509,0.4543554983253814
43,1,69,1,inner_oof,f2,1,0.5650668935028469,0.2617518786223521
43,1,26,0,inner_oof,f2,0,0.39147379003280647,-0.4411214189404245
43,1,65,0,inner_oof,f2,1,0.5404821009259049,0.1622836263518234
43,1,274,1,inner_oof,f2,0,0.4195077539105859,-0.32479443431958116
43,1,101,1,inner_oof,f2,1,0.5022799693132042,0.009119940463596907
43,1,208,0,inner_oof,f2,0,0.41835566037975697,-0.32952722772539333
43,1,30,0,inner_oof,f2,0,0.4538751449911722,-0.18502547259452926
43,1,6,0,inner_oof,f2,0,0.4367610945927627,-0.2543175303531262
43,1,48,0,inner_oof,f2,0,0.45189086460518846,-0.19303371861019694
43,1,105,0,inner_oof,f2,0,0.39207270411401357,-0.4386080034094275
43,1,227,0,inner_oof,f2,0,0.37524328381537914,-0.5097877473930745
43,1,285,0,inner_oof,f2,0,0.43477113509118437,-0.26241095335399767
43,1,290,0,inner_oof,f2,0,0.395993105267686,-0.42218881282666654
43,1,246,0,inner_oof,f2,0,0.4771261113475828,-0.09155946398309586
43,1,138,1,inner_oof,f2,1,0.6691631029432095,0.7044023357292025
43,1,22,1,inner_oof,f2,0,0.4219238188973736,-0.3148808874032455
43,1,207,0,inner_oof,f2,0,0.3087795857082479,-0.8058310441117087
43,1,121,1,inner_oof,f2,0,0.4927455939361027,-0.029019660637216137
43,1,170,1,inner_oof,f2,1,0.5157219403816434,0.06290849991027533
43,1,253,1,inner_oof,f2,1,0.5854071316537626,0.34501055814845616
43,1,314,0,inner_oof,f2,1,0.5949197546124544,0.384341346013395
43,1,291,1,inner_oof,f2,1,0.7452070200171274,1.0732106867650577
43,1,132,1,inner_oof,f2,0,0.4595376285735211,-0.16220418787258872
43,1,130,1,inner_oof,f2,0,0.29547901056336817,-0.8689203201945428
43,1,271,0,inner_oof,f2,1,0.5756310840679714,0.30486381477990643
43,1,43,0,inner_oof,f2,0,0.425756143688704,-0.2991873931696123
43,1,139,0,inner_oof,f2,1,0.5104620004508985,0.04185411061947753
43,1,62,0,inner_oof,f2,1,0.5435275741397794,0.174552144824482
43,1,150,1,inner_oof,f3,1,0.5292497714496467,0.11713282513695475
43,1,89,1,inner_oof,f3,1,0.56216453813284,0.24995139756072438
43,1,308,0,inner_oof,f3,0,0.4707639725369259,-0.11707766049511162
43,1,181,1,inner_oof,f3,1,0.5462565866780315,0.18555693495005693
43,1,55,0,inner_oof,f3,0,0.44511470396288166,-0.2204294079137282
43,1,3,1,inner_oof,f3,1,0.5167479894611435,0.0670170292836481
43,1,229,0,inner_oof,f3,0,0.4393305413192122,-0.243879460404993
43,1,115,0,inner_oof,f3,1,0.500359230363831,0.0014369217025634422
43,1,264,1,inner_oof,f3,1,0.5256792769483605,0.10280756333477407
43,1,133,0,inner_oof,f3,0,0.46565193359147883,-0.13760900496248463
43,1,252,0,inner_oof,f3,1,0.5098942626609974,0.03958221779422091
43,1,278,0,inner_oof,f3,0,0.42825821895918986,-0.2889611287214924
43,1,245,1,inner_oof,f3,1,0.5231896062601208,0.09282501977024957
43,1,135,0,inner_oof,f3,0,0.4834990158505097,-0.0660279145561904
43,1,279,0,inner_oof,f3,0,0.44622681361298105,-0.21592781860829047
43,1,307,0,inner_oof,f3,0,0.48573261781375715,-0.057085025610148464
43,1,163,1,inner_oof,f3,0,0.4841156777656276,-0.06355867682495236
43,1,145,1,inner_oof,f3,1,0.5113370151570376,0.04535583434832882
43,1,247,1,inner_oof,f3,0,0.46526830833934135,-0.1391508638185901
43,1,295,1,inner_oof,f3,1,0.5496747731203205,0.1993567336048355
43,1,273,1,inner_oof,f3,1,0.5055590173737503,0.022236985768305725
43,1,37,1,inner_oof,f3,0,0.4380377070704716,-0.24912975733834142
43,1,168,1,inner_oof,f3,0,0.49862085477621637,-0.005516594885553245
43,1,304,1,inner_oof,f3,1,0.5625503395842478,0.2515189853978826
43,1,84,1,inner_oof,f3,0,0.41338828061004435,-0.3499758367915234
43,1,76,0,inner_oof,f3,0,0.43016064994035047,-0.28119573567579725
43,1,175,0,inner_oof,f3,1,0.5437063187201192,0.1752726056822485
43,1,182,0,inner_oof,f3,0,0.43009623793551516,-0.28145851529197763
43,1,230,1,inner_oof,f3,0,0.4928423668706535,-0.02863248847948447
43,1,302,1,inner_oof,f3,1,0.5189713279930391,0.07592175943379573
43,1,147,0,inner_oof,f3,0,0.4702520160252447,-0.11913263621787529
43,1,167,0,inner_oof,f3,0,0.4993717322940017,-0.002513072146607568
43,1,232,1,inner_oof,f3,0,0.42175756100206246,-0.3155625764106324
43,1,154,1,inner_oof,f3,1,0.5478070850526704,0.19181429863531513
43,1,119,1,inner_oof,f3,1,0.6372847575415775,0.5635985144112717
43,1,206,1,inner_oof,f3,0,0.47482086946253177,-0.10080178943235361
43,1,69,1,inner_oof,f3,1,0.5799005967891703,0.32236534642017917
43,1,26,0,inner_oof,f3,0,0.4531179656418533,-0.1880806184677774
43,1,65,0,inner_oof,f3,1,0.527977945830928,0.11202880414584152
43,1,274,1,inner_oof,f3,1,0.5323035830455223,0.12939456769678476
43,1,101,1,inner_oof,f3,0,0.44903944056051215,-0.20455250184983623
43,1,208,0,inner_oof,f3,0,0.42737336331910075,-0.2925758920709932
43,1,30,0,inner_oof,f3,0,0.4867845648820314,-0.052874055211040875
43,1,6,0,inner_oof,f3,1,0.5704696694339628,0.2837676457599676
43,1,48,0,inner_oof,f3,0,0.44827975574795914,-0.20762362159859424
43,1,105,0,inner_oof,f3,1,0.5209532868955996,0.0838622624699644
43,1,227,0,inner_oof,f3,1,0.5047867166057499,0.019147451395916358
43,1,285,0,inner_oof,f3,0,0.41874254118472415,-0.32793751830514123
43,1,290,0,inner_oof,f3,0,0.4763265233130947,-0.09476476159127925
43,1,246,0,inner_oof,f3,1,0.5046652882783987,0.018661694686426082
43,1,138,1,inner_oof,f3,1,0.5211339786348318,0.08458631197116637
43,1,22,1,inner_oof,f3,0,0.4873231107198827,-0.05071842649031743
43,1,207,0,inner_oof,f3,0,0.4685871624959047,-0.12581706066996623
43,1,121,1,inner_oof,f3,0,0.4933197782188929,-0.026722477200448774
43,1,170,1,inner_oof,f3,1,0.5320854007292091,0.1285182050694439
43,1,253,1,inner_oof,f3,1,0.56955114471178,0.2800200714338717
43,1,314,0,inner_oof,f3,0,0.4687821084533812,-0.1250342059978138
43,1,291,1,inner_oof,f3,1,0.5618408346610436,0.24863636188391036
43,1,132,1,inner_oof,f3,1,0.5272201990065836,0.10898855311563033
43,1,130,1,inner_oof,f3,0,0.43090781039895876,-0.27814827115256835
43,1,271,0,inner_oof,f3,0,0.4587990432050243,-0.16517836438520717
43,1,43,0,inner_oof,f3,1,0.5298309833015811,0.11946581619938934
43,1,139,0,inner_oof,f3,0,0.4736386478860872,-0.10554327334976035
43,1,62,0,inner_oof,f3,1,0.5375138277339268,0.15033782698507084
43,1,150,1,inner_oof,f1_f2,1,0.5506873484205101,0.2034482482691536
43,1,89,1,inner_oof,f1_f2,1,0.5262879336434623,0.10524878315612857
43,1,308,0,inner_oof,f1_f2,0,0.4792282685520313,-0.08313477413081248
43,1,181,1,inner_oof,f1_f2,1,0.6763495404538351,0.7370459092080397
43,1,55,0,inner_oof,f1_f2,1,0.5079489422416757,0.03179844808948662
43,1,3,1,inner_oof,f1_f2,0,0.4208843336959403,-0.3191441725943813
43,1,229,0,inner_oof,f1_f2,0,0.4765857657584437,-0.0937254874531921
43,1,115,0,inner_oof,f1_f2,0,0.4630589866927709,-0.14803379657427285
43,1,264,1,inner_oof,f1_f2,0,0.3687415843747994,-0.5376192268250289
43,1,133,0,inner_oof,f1_f2,1,0.548042745427748,0.19276568068151467
43,1,252,0,inner_oof,f1_f2,0,0.48275305648238576,-0.0690151548208161
43,1,278,0,inner_oof,f1_f2,1,0.5722905860689362,0.2912028544009209
43,1,245,1,inner_oof,f1_f2,0,0.4145578693587231,-0.34515476337270834
43,1,135,0,inner_oof,f1_f2,0,0.31358974907405124,-0.7833898823545432
43,1,279,0,inner_oof,f1_f2,1,0.537414268290327,0.14993734079189353
43,1,307,0,inner_oof,f1_f2,0,0.49137496586367313,-0.034503559165780046
43,1,163,1,inner_oof,f1_f2,0,0.38095772188906674,-0.4854851682170069
43,1,145,1,inner_oof,f1_f2,0,0.4589335411286508,-0.16463670678790002
43,1,247,1,inner_oof,f1_f2,0,0.31607372447242693,-0.7718746358290349
43,1,295,1,inner_oof,f1_f2,1,0.5029197779059034,0.011679244380502912
43,1,273,1,inner_oof,f1_f2,0,0.3388952778891261,-0.6682211122476751
43,1,37,1,inner_oof,f1_f2,0,0.33981161248918224,-0.6641338467774435
43,1,168,1,inner_oof,f1_f2,0,0.494938930748336,-0.02024496844310056
43,1,304,1,inner_oof,f1_f2,1,0.5630350520843981,0.2534889045175099
43,1,84,1,inner_oof,f1_f2,0,0.4735757546796273,-0.10579554909671823
43,1,76,0,inner_oof,f1_f2,0,0.3475610122928701,-0.6297774048583757
43,1,175,0,inner_oof,f1_f2,1,0.5085070190119253,0.034031360072124144
43,1,182,0,inner_oof,f1_f2,0,0.48333768503781416,-0.06667394832338727
43,1,230,1,inner_oof,f1_f2,0,0.43671710104300676,-0.2544963673329735
43,1,302,1,inner_oof,f1_f2,0,0.4906159590361052,-0.0375405720446336
43,1,147,0,inner_oof,f1_f2,0,0.45618538132509284,-0.1757091493906339
43,1,167,0,inner_oof,f1_f2,0,0.42748942077841895,-0.29210167289386035
43,1,232,1,inner_oof,f1_f2,1,0.5057684805757934,0.02307494610928284
43,1,154,1,inner_oof,f1_f2,1,0.5250306594597943,0.10020640413720928
43,1,119,1,inner_oof,f1_f2,1,0.518530129872194,0.07415448140713665
43,1,206,1,inner_oof,f1_f2,1,0.6102940355517498,0.4485483490672135
43,1,69,1,inner_oof,f1_f2,1,0.6235853140530174,0.5047941628261167
43,1,26,0,inner_oof,f1_f2,0,0.3169012511851569,-0.7680492152171222
43,1,65,0,inner_oof,f1_f2,1,0.5461666479473763,0.1851940805040439
43,1,274,1,inner_oof,f1_f2,0,0.37400310480129306,-0.5150813123535153
43,1,101,1,inner_oof,f1_f2,0,0.4406172169271256,-0.2386574931065777
43,1,208,0,inner_oof,f1_f2,0,0.4120941135741381,-0.3553151237209216
43,1,30,0,inner_oof,f1_f2,0,0.4763354423553652,-0.09472900529629064
43,1,6,0,inner_oof,f1_f2,0,0.43165857558656145,-0.27508739597780796
43,1,48,0,inner_oof,f1_f2,0,0.3901228251430508,-0.44679595839374636
43,1,105,0,inner_oof,f1_f2,0,0.36366213009089576,-0.5595044417331669
43,1,227,0,inner_oof,f1_f2,0,0.36828405326676206,-0.5395853174450059
43,1,285,0,inner_oof,f1_f2,0,0.41988560772517924,-0.3232430005327049
43,1,290,0,inner_oof,f1_f2,0,0.3816497008842941,-0.48255194941931273
43,1,246,0,inner_oof,f1_f2,0,0.4848138589932749,-0.06076325282962473
43,1,138,1,inner_oof,f1_f2,1,0.6533788363101334,0.633924672279431
43,1,22,1,inner_oof,f1_f2,0,0.46939328572236116,-0.12258011638938407
43,1,207,0,inner_oof,f1_f2,0,0.34642399236868804,-0.6347953985175133
43,1,121,1,inner_oof,f1_f2,0,0.42880835845585713,-0.2867146755331089
43,1,170,1,inner_oof,f1_f2,1,0.5227598408347742,0.09110232073839662
43,1,253,1,inner_oof,f1_f2,1,0.5618008983340756,0.24847413659280082
43,1,314,0,inner_oof,f1_f2,1,0.6122111902617637,0.45661641847496676
43,1,291,1,inner_oof,f1_f2,1,0.6946978758650381,0.8221751828149456
43,1,132,1,inner_oof,f1_f2,0,0.48908104856131035,-0.043682750651988206
43,1,130,1,inner_oof,f1_f2,0,0.2763860918665788,-0.9624592023190492
43,1,271,0,inner_oof,f1_f2,1,0.5564749222407296,0.22686776107348858
43,1,43,0,inner_oof,f1_f2,0,0.3730213082550754,-0.5192770108962218
43,1,139,0,inner_oof,f1_f2,1,0.5356611100941754,0.14288705200986723
43,1,62,0,inner_oof,f1_f2,1,0.5175712073102495,0.07031378437040726
43,1,150,1,inner_oof,f1_f3,1,0.5580473353485188,0.23324100636301817
43,1,89,1,inner_oof,f1_f3,1,0.6613338973994871,0.6692441781796925
43,1,308,0,inner_oof,f1_f3,0,0.4827815463738219,-0.06890105972563026
43,1,181,1,inner_oof,f1_f3,1,0.5205452588210392,0.08222733452305031
43,1,55,0,inner_oof,f1_f3,0,0.44194495186422417,-0.23327227906061296
43,1,3,1,inner_oof,f1_f3,0,0.48728321103065564,-0.0508781282292034
43,1,229,0,inner_oof,f1_f3,0,0.4444196811659071,-0.22324384315116982
43,1,115,0,inner_oof,f1_f3,0,0.444658423319938,-0.22227697853558973
43,1,264,1,inner_oof,f1_f3,1,0.5188812879979877,0.07556108266753167
43,1,133,0,inner_oof,f1_f3,0,0.45991115558951307,-0.16070032190496902
43,1,252,0,inner_oof,f1_f3,1,0.5078040993605607,0.03121893274941693
43,1,278,0,inner_oof,f1_f3,0,0.442638906795757,-0.23045898326683292
43,1,245,1,inner_oof,f1_f3,0,0.488914849392655,-0.044347869370263485
43,1,135,0,inner_oof,f1_f3,0,0.4341181514760345,-0.2650685727470811
43,1,279,0,inner_oof,f1_f3,0,0.4539233960764778,-0.18483081343440647
43,1,307,0,inner_oof,f1_f3,1,0.5229381284922298,0.09181696376803772
43,1,163,1,inner_oof,f1_f3,0,0.4621595297633801,-0.1516518584694941
43,1,145,1,inner_oof,f1_f3,1,0.5204960069926964,0.08202999481337285
43,1,247,1,inner_oof,f1_f3,0,0.4468066848223402,-0.21358148716442416
43,1,295,1,inner_oof,f1_f3,0,0.4996874643992838,-0.001250142565681095
43,1,273,1,inner_oof,f1_f3,0,0.42220178079088444,-0.31374135271791553
43,1,37,1,inner_oof,f1_f3,0,0.43857264383410977,-0.2469569287362895
43,1,168,1,inner_oof,f1_f3,1,0.5500590432022627,0.20090925670180276
43,1,304,1,inner_oof,f1_f3,1,0.5496837327556989,0.19939292947606985
43,1,84,1,inner_oof,f1_f3,0,0.3006189841130741,-0.844352051440041
43,1,76,0,inner_oof,f1_f3,0,0.38285586560523327,-0.4774440134635606
43,1,175,0,inner_oof,f1_f3,1,0.5565409280326968,0.22713520012914495
43,1,182,0,inner_oof,f1_f3,0,0.4034018470537342,-0.3913105718842691
43,1,230,1,inner_oof,f1_f3,1,0.501333972031573,0.005335900786497583
43,1,302,1,inner_oof,f1_f3,1,0.5066233832786283,0.026495082944710098
43,1,147,0,inner_oof,f1_f3,0,0.3828431481200866,-0.4774978382191861
43,1,167,0,inner_oof,f1_f3,0,0.46462918876858156,-0.14171996796333028
43,1,232,1,inner_oof,f1_f3,0,0.4032092187448956,-0.3921110213652238
43,1,154,1,inner_oof,f1_f3,1,0.5283417526607509,0.1134886620660151
43,1,119,1,inner_oof,f1_f3,1,0.5924417141727784,0.374068540308649
43,1,206,1,inner_oof,f1_f3,0,0.46399334570631595,-0.1442763647475236
43,1,69,1,inner_oof,f1_f3,1,0.6434153677602386,0.590218890487749
43,1,26,0,inner_oof,f1_f3,0,0.37559034437055683,-0.5083076125840887
43,1,65,0,inner_oof,f1_f3,1,0.5352642874473617,0.14129173624157065
43,1,274,1,inner_oof,f1_f3,0,0.4946829003263478,-0.021269200469777372
43,1,101,1,inner_oof,f1_f3,0,0.3835420817038602,-0.4745407157891358
43,1,208,0,inner_oof,f1_f3,0,0.41664777162251454,-0.336549976735102
43,1,30,0,inner_oof,f1_f3,1,0.5101683722466303,0.040679097668640016
43,1,6,0,inner_oof,f1_f3,1,0.5783938146015078,0.31618330843825193
43,1,48,0,inner_oof,f1_f3,0,0.384032693147156,-0.47246620146653445
43,1,105,0,inner_oof,f1_f3,1,0.5004826078426717,0.0019304319701770045
43,1,227,0,inner_oof,f1_f3,1,0.5055934291170379,0.02237464986376648
43,1,285,0,inner_oof,f1_f3,0,0.3977535601253514,-0.4148341122642257
43,1,290,0,inner_oof,f1_f3,0,0.4646762573513884,-0.14153074796339182
43,1,246,0,inner_oof,f1_f3,1,0.5144412131981938,0.057780923212270976
43,1,138,1,inner_oof,f1_f3,0,0.4969218309699199,-0.012312831676044966
43,1,22,1,inner_oof,f1_f3,1,0.5376355443393627,0.15082745856846125
43,1,207,0,inner_oof,f1_f3,1,0.5181715639569594,0.07271828310462149
43,1,121,1,inner_oof,f1_f3,0,0.4302205787775818,-0.28095125455801784
43,1,170,1,inner_oof,f1_f3,1,0.5425885495394861,0.17076798197624699
43,1,253,1,inner_oof,f1_f3,1,0.5506970160575364,0.20348732043178958
43,1,314,0,inner_oof,f1_f3,0,0.47728935465759553,-0.0909051310662703
43,1,291,1,inner_oof,f1_f3,0,0.49369239417352445,-0.02523176185355458
43,1,132,1,inner_oof,f1_f3,1,0.5622462209225212,0.2502832653826502
43,1,130,1,inner_oof,f1_f3,0,0.4118386427209584,-0.3563696986384948
43,1,271,0,inner_oof,f1_f3,0,0.4305326241698704,-0.2796783925697514
43,1,43,0,inner_oof,f1_f3,0,0.48418676196959076,-0.06327405403804956
43,1,139,0,inner_oof,f1_f3,0,0.4947048242162724,-0.021181495032644423
43,1,62,0,inner_oof,f1_f3,1,0.5147048775213989,0.058836477217066585
43,1,150,1,inner_oof,f2_f3,1,0.5523844123393514,0.2103094022587052
43,1,89,1,inner_oof,f2_f3,0,0.49387493820136685,-0.024501472852403533
43,1,308,0,inner_oof,f2_f3,0,0.44435645517468936,-0.22349991491562826
43,1,181,1,inner_oof,f2_f3,1,0.724351688632187,0.9661512132069758
43,1,55,0,inner_oof,f2_f3,0,0.4583033645651383,-0.1671747986304729
43,1,3,1,inner_oof,f2_f3,0,0.47533425029626825,-0.09874315120318632
43,1,229,0,inner_oof,f2_f3,0,0.41686327219745245,-0.3356633997722115
43,1,115,0,inner_oof,f2_f3,1,0.5219908737369827,0.08802027955767025
43,1,264,1,inner_oof,f2_f3,0,0.41470080149947336,-0.3445658669422671
43,1,133,0,inner_oof,f2_f3,1,0.5179839302460886,0.07196676585407175
43,1,252,0,inner_oof,f2_f3,0,0.4998916046657035,-0.0004335813439784869
43,1,278,0,inner_oof,f2_f3,0,0.48333413828953575,-0.066688151092473
43,1,245,1,inner_oof,f2_f3,0,0.4803788321754197,-0.07852499633948071
43,1,135,0,inner_oof,f2_f3,0,0.35903860982776176,-0.5795392903937631
43,1,279,0,inner_oof,f2_f3,0,0.47603496610190255,-0.09593364316167306
43,1,307,0,inner_oof,f2_f3,0,0.4472614062887149,-0.2117419587709973
43,1,163,1,inner_oof,f2_f3,0,0.39915370553909496,-0.40899258255256177
43,1,145,1,inner_oof,f2_f3,0,0.46930037565585636,-0.12295315872385454
43,1,247,1,inner_oof,f2_f3,0,0.3191162089067416,-0.757836319394187
43,1,295,1,inner_oof,f2_f3,1,0.6014236021892494,0.41140032188589104
43,1,273,1,inner_oof,f2_f3,0,0.4354626932305491,-0.2595973411721362
43,1,37,1,inner_oof,f2_f3,0,0.3011785180943668,-0.8416921466086801
43,1,168,1,inner_oof,f2_f3,0,0.4502082015540229,-0.19982951239338906
43,1,304,1,inner_oof,f2_f3,1,0.6333345239616394,0.5465488334791127
43,1,84,1,inner_oof,f2_f3,1,0.5053606197368378,0.021443300572425106
43,1,76,0,inner_oof,f2_f3,0,0.34078215880871726,-0.6598106004715589
43,1,175,0,inner_oof,f2_f3,1,0.5435068696286518,0.17446869464531933
43,1,182,0,inner_oof,f2_f3,0,0.4430856764732911,-0.2286482584077304
43,1,230,1,inner_oof,f2_f3,0,0.43126636296548115,-0.27668628906798676
43,1,302,1,inner_oof,f2_f3,1,0.525650045555714,0.10269032888663032
43,1,147,0,inner_oof,f2_f3,1,0.5163574629749065,0.06545320935759284
43,1,167,0,inner_oof,f2_f3,0,0.46886546182521,-0.12469949119697608
43,1,232,1,inner_oof,f2_f3,0,0.44711798673482167,-0.21232210897973192
43,1,154,1,inner_oof,f2_f3,1,0.59178142773628,0.3713346095122728
43,1,119,1,inner_oof,f2_f3,1,0.6953929123942976,0.8254543186359875
43,1,206,1,inner_oof,f2_f3,1,0.589062222950127,0.3600900107571663
43,1,69,1,inner_oof,f2_f3,1,0.6343568985466782,0.5509540025033561
43,1,26,0,inner_oof,f2_f3,0,0.3596279579364592,-0.5769792762836474
43,1,65,0,inner_oof,f2_f3,1,0.5667759215353728,0.26870892912945765
43,1,274,1,inner_oof,f2_f3,0,0.45427329870188915,-0.18341930691240388
43,1,101,1,inner_oof,f2_f3,0,0.4602299377590274,-0.15941700892441021
43,1,208,0,inner_oof,f2_f3,0,0.3629357646969501,-0.5626446289898307
43,1,30,0,inner_oof,f2_f3,0,0.44742079037368226,-0.211097271659325
43,1,6,0,inner_oof,f2_f3,1,0.5053260382228073,0.021304958716963973
43,1,48,0,inner_oof,f2_f3,0,0.4118816977902069,-0.35619195506545476
43,1,105,0,inner_oof,f2_f3,0,0.41748676435947607,-0.33309906565597147
43,1,227,0,inner_oof,f2_f3,0,0.3872498238121756,-0.4588872856193218
43,1,285,0,inner_oof,f2_f3,0,0.3706059158710303,-0.5296183086844132
43,1,290,0,inner_oof,f2_f3,0,0.3832095440364378,-0.47594739672325403
43,1,246,0,inner_oof,f2_f3,0,0.4855390740593524,-0.057859840104031016
43,1,138,1,inner_oof,f2_f3,1,0.6823783541310966,0.7647233939182563
43,1,22,1,inner_oof,f2_f3,0,0.41730856271938926,-0.33383187241493795
43,1,207,0,inner_oof,f2_f3,0,0.29488419903716023,-0.8717793123716279
43,1,121,1,inner_oof,f2_f3,0,0.4904696898665934,-0.038125858114519476
43,1,170,1,inner_oof,f2_f3,1,0.5468521244728352,0.18795991844492432
43,1,253,1,inner_oof,f2_f3,1,0.644116102802611,0.593274447518569
43,1,314,0,inner_oof,f2_f3,1,0.5674283177526924,0.27136637710859957
43,1,291,1,inner_oof,f2_f3,1,0.7797842551736266,1.264409561369841
43,1,132,1,inner_oof,f2_f3,0,0.48863506199250456,-0.045467583343238444
43,1,130,1,inner_oof,f2_f3,0,0.25585993262833684,-1.0675991231359399
43,1,271,0,inner_oof,f2_f3,1,0.5397733447746982,0.15943022266467652
43,1,43,0,inner_oof,f2_f3,0,0.45818412540153697,-0.1676551051075736
43,1,139,0,inner_oof,f2_f3,0,0.4899809369771606,-0.04008161727632589
43,1,62,0,inner_oof,f2_f3,1,0.5779836296942924,0.3145014404658451
43,1,150,1,inner_oof,f1_f2_f3,1,0.5932695838649361,0.37749830816001706
43,1,89,1,inner_oof,f1_f2_f3,1,0.6305318146714892,0.5344989788346658
43,1,308,0,inner_oof,f1_f2_f3,0,0.45890363780784543,-0.16475713303614445
43,1,181,1,inner_oof,f1_f2_f3,1,0.7069512757109175,0.8806228568703491
43,1,55,0,inner_oof,f1_f2_f3,0,0.45487031327929334,-0.1810113710780064
43,1,3,1,inner_oof,f1_f2_f3,0,0.4319946758767949,-0.273717528324674
43,1,229,0,inner_oof,f1_f2_f3,0,0.4221663771252672,-0.31388648261081087
43,1,115,0,inner_oof,f1_f2_f3,0,0.44655017015743054,-0.2146193492041592
43,1,264,1,inner_oof,f1_f2_f3,0,0.39772067289529645,-0.4149714042151849
43,1,133,0,inner_oof,f1_f2_f3,1,0.5138533148185978,0.05542744527376681
43,1,252,0,inner_oof,f1_f2_f3,0,0.4962710571017928,-0.014916048140764124
43,1,278,0,inner_oof,f1_f2_f3,1,0.507598310604547,0.030395582386836623
43,1,245,1,inner_oof,f1_f2_f3,0,0.4303227824123447,-0.28053433163616437
43,1,135,0,inner_oof,f1_f2_f3,0,0.2906841417225536,-0.892063671564084
43,1,279,0,inner_oof,f1_f2_f3,0,0.4889534573266361,-0.04419336195469975
43,1,307,0,inner_oof,f1_f2_f3,0,0.4956461487251351,-0.017415845288530435
43,1,163,1,inner_oof,f1_f2_f3,0,0.3644807555032908,-0.5559686195388222
43,1,145,1,inner_oof,f1_f2_f3,0,0.47885493694685943,-0.08463072904068654
43,1,247,1,inner_oof,f1_f2_f3,0,0.2878271783888507,-0.9059603839603515
43,1,295,1,inner_oof,f1_f2_f3,1,0.5373965434850335,0.1498660425388051
43,1,273,1,inner_oof,f1_f2_f3,0,0.32206873457493096,-0.7442809201945618
43,1,37,1,inner_oof,f1_f2_f3,0,0.292742475174418,-0.8821015514632922
43,1,168,1,inner_oof,f1_f2_f3,1,0.5177526787131125,0.07104057686478008
43,1,304,1,inner_oof,f1_f2_f3,1,0.621558475111831,0.4961684243578597
43,1,84,1,inner_oof,f1_f2_f3,0,0.34656898843031403,-0.6341550602649322
43,1,76,0,inner_oof,f1_f2_f3,0,0.27715940172846165,-0.9585959270189878
43,1,175,0,inner_oof,f1_f2_f3,1,0.5612015372630549,0.24603986240662573
43,1,182,0,inner_oof,f1_f2_f3,0,0.40697092249099637,-0.37650169300141556
43,1,230,1,inner_oof,f1_f2_f3,0,0.43832987477578417,-0.24794294610135348
43,1,302,1,inner_oof,f1_f2_f3,1,0.5090954142389289,0.036385670725099004
43,1,147,0,inner_oof,f1_f2_f3,0,0.3974789510103389,-0.4159806215777898
43,1,167,0,inner_oof,f1_f2_f3,0,0.41923454903401736,-0.3259164302903078
43,1,232,1,inner_oof,f1_f2_f3,0,0.42299665837381434,-0.3104837786816247
43,1,154,1,inner_oof,f1_f2_f3,1,0.5686404913812095,0.2763065399608898
43,1,119,1,inner_oof,f1_f2_f3,1,0.6417270873716693,0.5828680940030122
43,1,206,1,inner_oof,f1_f2_f3,1,0.5826859844826641,0.33380944792013334
43,1,69,1,inner_oof,f1_f2_f3,1,0.7186239671243809,0.9376462566127873
43,1,26,0,inner_oof,f1_f2_f3,0,0.25965715082640606,-1.0477512784344611
43,1,65,0,inner_oof,f1_f2_f3,1,0.5794713586248564,0.3206036475126809
43,1,274,1,inner_oof,f1_f2_f3,0,0.3978515527796602,-0.41442505223418447
43,1,101,1,inner_oof,f1_f2_f3,0,0.37074901814808936,-0.5290048616379979
43,1,208,0,inner_oof,f1_f2_f3,0,0.3445315776186352,-0.6431643802860317
43,1,30,0,inner_oof,f1_f2_f3,0,0.47664762529242777,-0.0934775069548925
43,1,6,0,inner_oof,f1_f2_f3,1,0.5117099020044188,0.04684817447913492
43,1,48,0,inner_oof,f1_f2_f3,0,0.32456668417725926,-0.7328634210109181
43,1,105,0,inner_oof,f1_f2_f3,0,0.3830067759617593,-0.4768053609049556
43,1,227,0,inner_oof,f1_f2_f3,0,0.38002307417754294,-0.48945028853439304
43,1,285,0,inner_oof,f1_f2_f3,0,0.33974955157945297,-0.6644104971688826
43,1,290,0,inner_oof,f1_f2_f3,0,0.3615914961054599,-0.5684632558496753
43,1,246,0,inner_oof,f1_f2_f3,0,0.4976409765258692,-0.00943616391317148
43,1,138,1,inner_oof,f1_f2_f3,1,0.6638987266230977,0.6807170942896089
43,1,22,1,inner_oof,f1_f2_f3,0,0.4809574218199085,-0.07620717262083296
43,1,207,0,inner_oof,f1_f2_f3,0,0.3424893562934174,-0.6522203713639613
43,1,121,1,inner_oof,f1_f2_f3,0,0.4036957500221279,-0.39008952311270356
43,1,170,1,inner_oof,f1_f2_f3,1,0.5623408766937383,0.250667858095637
43,1,253,1,inner_oof,f1_f2_f3,1,0.6249283245407415,0.510519820160699
43,1,314,0,inner_oof,f1_f2_f3,1,0.5860217830824345,0.34754360508186377
43,1,291,1,inner_oof,f1_f2_f3,1,0.7232360583335439,0.9605707205446193
43,1,132,1,inner_oof,f1_f2_f3,1,0.5345365275778224,0.1383664437620481
43,1,130,1,inner_oof,f1_f2_f3,0,0.22557485905079622,-1.2334689274678046
43,1,271,0,inner_oof,f1_f2_f3,1,0.506266886235369,0.02506885773098866
43,1,43,0,inner_oof,f1_f2_f3,0,0.39148352642771655,-0.44108054803345
43,1,139,0,inner_oof,f1_f2_f3,1,0.5202964305846791,0.0812303585575242
43,1,62,0,inner_oof,f1_f2_f3,1,0.5498713006315173,0.200150711521536
43,2,165,1,in_sample,f1,1,0.5535841705796251,0.21516293967899147
43,2,191,0,in_sample,f1,1,0.5580152288248006,0.23311082668023364
43,2,14,1,in_sample,f1,1,0.5094298014681248,0.03772367887429703
43,2,152,0,in_sample,f1,1,0.5547644366759503,0.21994008733396755
43,2,205,1,in_sample,f1,0,0.3686205860779032,-0.5381390786847327
43,2,309,0,in_sample,f1,0,0.40643989315280626,-0.3787024304165625
43,2,284,1,in_sample,f1,1,0.5210442247383744,0.08422665655708089
43,2,134,0,in_sample,f1,0,0.4886353714645446,-0.045466344815213715
43,2,184,0,in_sample,f1,0,0.41705421085931815,-0.3348779805804756
43,2,2,0,in_sample,f1,1,0.5280831334726315,0.11245088123694341
43,2,296,0,in_sample,f1,1,0.5367294701745338,0.14718300650342436
43,2,68,0,in_sample,f1,0,0.3432712056211699,-0.6487503176379108
43,2,67,0,in_sample,f1,0,0.40227840352929395,-0.39598069279127623
43,2,289,0,in_sample,f1,0,0.45499408885879944,-0.18051221338763088
43,2,186,0,in_sample,f1,1,0.5272346238552847,0.10904642411692422
43,2,300,0,in_sample,f1,1,0.5190198546724113,0.07611614671642698
43,2,56,1,in_sample,f1,0,0.42576660541041034,-0.2991446029512823
43,2,297,1,in_sample,f1,0,0.4319606115911265,-0.27385635489225935
43,2,292,1,in_sample,f1,0,0.3753640518272078,-0.5092726371871108
43,2,305,0,in_sample,f1,1,0.5103259011316528,0.04130947798329334
43,2,98,1,in_sample,f1,0,0.3380988574798521,-0.6717778827746006
43,2,221,1,in_sample,f1,1,0.5017241257536645,0.006896530349001468
43,2,11,1,in_sample,f1,0,0.4654101763066632,-0.13858065180726842
43,2,157,0,in_sample,f1,0,0.4466952207303898,-0.2140324583794024
43,2,35,1,in_sample,f1,0,0.2972157606462156,-0.8605915886789534
43,2,47,1,in_sample,f1,0,0.473973988060844,-0.10419822119030926
43,2,75,0,in_sample,f1,0,0.406895822945793,-0.37681287216824744
43,2,269,0,in_sample,f1,1,0.5505183062376642,0.20276508214420733
43,2,199,0,in_sample,f1,0,0.40630732710614503,-0.379251963206772
43,2,148,0,in_sample,f1,1,0.5290205683670861,0.116212889210037
43,2,114,0,in_sample,f1,0,0.4861184945042432,-0.05554029478856551
43,2,81,1,in_sample,f1,1,0.5481966823673021,0.19338718483334624
43,2,110,1,in_sample,f1,0,0.2614624064682114,-1.0383814938775893
43,2,51,0,in_sample,f1,1,0.62286738137152,0.5017367259939166
43,2,60,1,in_sample,f1,0,0.460513292467602,-0.1582764253283438
43,2,17,0,in_sample,f1,1,0.6807082358099821,0.7570284733521151
43,2,159,0,in_sample,f1,0,0.430026429499501,-0.2817433214594994
43,2,77,1,in_sample,f1,0,0.45078741652996923,-0.19748971786127906
43,2,29,0,in_sample,f1,1,0.5806543871328982,0.3254602895876496
43,2,103,0,in_sample,f1,0,0.4710188219376345,-0.11605479613393578
43,2,16,1,in_sample,f1,1,0.5509970527346132,0.20470000841345262
43,2,236,1,in_sample,f1,1,0.5640292234133079,0.2575308497929652
43,2,287,1,in_sample,f1,0,0.4070194347055752,-0.37630068950491186
43,2,277,1,in_sample,f1,1,0.6358335369862558,0.5573257157118965
43,2,86,1,in_sample,f1,0,0.420285034618818,-0.3216034087964293
43,2,164,1,in_sample,f1,1,0.5368211974389447,0.14755191122626488
43,2,7,1,in_sample,f1,1,0.5398435789066094,0.15971295136892785
43,2,250,1,in_sample,f1,1,0.5061666510572064,0.024667855024843477
43,2,197,1,in_sample,f1,1,0.5303554742590125,0.1215714075394379
43,2,215,0,in_sample,f1,0,0.41556465747064725,-0.3410079388185657
43,2,143,1,in_sample,f1,1,0.6582064574300998,0.6553117691224166
43,2,79,1,in_sample,f1,1,0.5527244502878335,0.21168474876150814
43,2,283,0,in_sample,f1,1,0.5467466013793669,0.18753409555366482
43,2,45,0,in_sample,f1,1,0.5150453181421538,0.060199446081426564
43,2,188,1,in_sample,f1,0,0.4252464708021233,-0.3012723719012574
43,2,303,0,in_sample,f1,0,0.2430919672321915,-1.1358019192623983
43,2,9,0,in_sample,f1,0,0.4332628113102413,-0.26855118585464094
43,2,12,0,in_sample,f1,0,0.3915975467637765,-0.4406019466636328
43,2,187,1,in_sample,f1,1,0.5416510418190846,0.1669911483791848
43,2,162,1,in_sample,f1,0,0.4835267398950305,-0.0659168976693303
43,2,212,1,in_sample,f1,0,0.45626214222633343,-0.17539973398098363
43,2,228,0,in_sample,f1,0,0.3732390139507585,-0.5183462629849486
43,2,158,0,in_sample,f1,0,0.45482595065334724,-0.18119028054653916
43,2,50,1,in_sample,f1,0,0.46878226822628266,-0.125033564405147
43,2,165,1,in_sample,f2,1,0.7888417627583675,1.3179579546145637
43,2,191,0,in_sample,f2,1,0.8001553657740545,1.3872656802398522
43,2,14,1,in_sample,f2,1,0.8396715333304563,1.6557861560504836
43,2,152,0,in_sample,f2,0,0.1982155801689596,-1.397484541403176
43,2,205,1,in_sample,f2,0,0.16349774329096436,-1.6324300304821397
43,2,309,0,in_sample,f2,1,0.6644942527828599,0.6833871426116939
43,2,284,1,in_sample,f2,0,0.3659885426436686,-0.5494649971547862
43,2,134,0,in_sample,f2,0,0.32000662509118016,-0.7537413563521462
43,2,184,0,in_sample,f2,1,0.8553716949786222,1.7773690678332583
43,2,2,0,in_sample,f2,1,0.6187508974306409,0.48424979027238735
43,2,296,0,in_sample,f2,1,0.7062573903929442,0.8772758403217054
43,2,68,0,in_sample,f2,0,0.36595223579097735,-0.5496214678868634
43,2,67,0,in_sample,f2,1,0.8455991058345147,1.700492948321159
43,2,289,0,in_sample,f2,1,0.7827426185385009,1.2817211896211247
43,2,186,0,in_sample,f2,1,0.6334577054267927,0.5470793182370158
43,2,300,0,in_sample,f2,1,0.7651489759457695,1.1811191817412472
43,2,56,1,in_sample,f2,1,0.727400658928257,0.9814743363590953
43,2,297,1,in_sample,f2,1,0.8854491828581348,2.0450765251303156
43,2,292,1,in_sample,f2,1,0.7787414527770948,1.258347179816481
43,2,305,0,in_sample,f2,0,0.4103590261060459,-0.36248138290380144
43,2,98,1,in_sample,f2,0,0.37307515115629303,-0.5190467981651066
43,2,221,1,in_sample,f2,1,0.6113094540146418,0.4528197869152305
43,2,11,1,in_sample,f2,0,0.3703652334203029,-0.5306502795756581
43,2,157,0,in_sample,f2,1,0.8720955697410389,1.919615669786071
43,2,35,1,in_sample,f2,1,0.8524036314711516,1.7535788521047198
43,2,47,1,in_sample,f2,0,0.34015852692403575,-0.6625878492547922
43,2,75,0,in_sample,f2,1,0.9554684808127291,3.0660045412305146
43,2,269,0,in_sample,f2,0,0.2801189113747484,-0.9438718471854257
43,2,199,0,in_sample,f2,0,0.39541295379191327,-0.4246149852901264
43,2,148,0,in_sample,f2,1,0.7953310228242586,1.3573644803552747
43,2,114,0,in_sample,f2,1,0.5607328106771268,0.24413665911675708
43,2,81,1,in_sample,f2,1,0.7873148620556212,1.3088154008152642
43,2,110,1,in_sample,f2,0,0.3949585180919009,-0.42651627892017296
43,2,51,0,in_sample,f2,1,0.7950330611206936,1.3555350077320671
43,2,60,1,in_sample,f2,1,0.5704839673093348,0.2838259965711579
43,2,17,0,in_sample,f2,0,0.1441919837728495,-1.7809004386074494
43,2,159,0,in_sample,f2,0,0.07229223041150136,-2.552000119530974
43,2,77,1,in_sample,f2,1,0.5396157145620168,0.1587957026684035
43,2,29,0,in_sample,f2,1,0.8172400233618508,1.4977591490908577
43,2,103,0,in_sample,f2,0,0.2705679457922221,-0.9917429707348252
43,2,16,1,in_sample,f2,1,0.8751556330239461,1.9473338394800073
43,2,236,1,in_sample,f2,1,0.7416298198513254,1.0544568602510265
43,2,287,1,in_sample,f2,0,0.1358122397561515,-1.8505167184763134
43,2,277,1,in_sample,f2,1,0.5037031334448165,0.014812804624445043
43,2,86,1,in_sample,f2,1,0.5591802673881774,0.2378358807897763
43,2,164,1,in_sample,f2,0,0.4177836188675225,-0.33187852724067474
43,2,7,1,in_sample,f2,0,0.011400321720125874,-4.4626478993768615
43,2,250,1,in_sample,f2,1,0.657049084479758,0.6501713922226704
43,2,197,1,in_sample,f2,0,0.27506426156780434,-0.9690782654845684
43,2,215,0,in_sample,f2,0,0.4052532373634776,-0.38362355679142207
43,2,143,1,in_sample,f2,0,0.3955104982110448,-0.42420697213168235
43,2,79,1,in_sample,f2,1,0.5949886129895715,0.3846270847434241
43,2,283,0,in_sample,f2,0,0.04408790966590673,-3.0764803654765793
43,2,45,0,in_sample,f2,0,0.15485650157610165,-1.6970075417373138
43,2,188,1,in_sample,f2,1,0.7050025199733801,0.8712345632155172
43,2,303,0,in_sample,f2,0,0.13806161087993565,-1.8314837525933676
43,2,9,0,in_sample,f2,1,0.7483655997570121,1.0899143868879135
43,2,12,0,in_sample,f2,0,0.24317773641722948,-1.1353358337937864
43,2,187,1,in_sample,f2,0,0.3503942171850113,-0.6173068354658954
43,2,162,1,in_sample,f2,1,0.8535947153153883,1.7630778104651106
43,2,212,1,in_sample,f2,1,0.6635148882661025,0.6789973888746621
43,2,228,0,in_sample,f2,0,0.46724482903551495,-0.13120859763640144
43,2,158,0,in_sample,f2,0,0.49397788455924957,-0.02408962664989728
43,2,50,1,in_sample,f2,0,0.4123418914450005,-0.35429249192409495
43,2,165,1,in_sample,f3,1,0.8511258737995303,1.743458872135352
43,2,191,0,in_sample,f3,1,0.8614945583552575,1.8277591247619545
43,2,14,1,in_sample,f3,1,0.7675635074206641,1.1946041843443784
43,2,152,0,in_sample,f3,1,0.8248214904077638,1.5493614788249555
43,2,205,1,in_sample,f3,1,0.6406856965487422,0.5783415011278876
43,2,309,0,in_sample,f3,0,0.19496117426034068,-1.4180900746057779
43,2,284,1,in_sample,f3,0,0.3844970604390776,-0.47050357773959245
43,2,134,0,in_sample,f3,0,0.38486477275158026,-0.46895009235840573
43,2,184,0,in_sample,f3,0,0.03910100981036144,-3.2017210013723156
43,2,2,0,in_sample,f3,1,0.5070572671054203,0.028230943244839796
43,2,296,0,in_sample,f3,1,0.596640983495453,0.3914885396398592
43,2,68,0,in_sample,f3,1,0.7649288641373707,1.1798946673107293
43,2,67,0,in_sample,f3,0,0.4851504510170512,-0.05941566897053989
43,2,289,0,in_sample,f3,0,0.3445211649539016,-0.6432104891255196
43,2,186,0,in_sample,f3,1,0.7574168232912256,1.1385690788137737
43,2,300,0,in_sample,f3,1,0.9496791588128912,2.937704870979004
43,2,56,1,in_sample,f3,0,0.2992863039142584,-0.8506987280577205
43,2,297,1,in_sample,f3,0,0.3286585903092497,-0.7142583223248794
43,2,292,1,in_sample,f3,0,0.06208361040692705,-2.715178776626948
43,2,305,0,in_sample,f3,0,0.032365893497753775,-3.3977488281402404
43,2,98,1,in_sample,f3,0,0.4970825181315348,-0.011670059917802353
43,2,221,1,in_sample,f3,1,0.9211506287380556,2.4580842324735497
43,2,11,1,in_sample,f3,0,0.0216446383185275,-3.8111151884861254
43,2,157,0,in_sample,f3,0,0.34961933445308924,-0.6207128840210232
43,2,35,1,in_sample,f3,1,0.5210209233419055,0.08413328575372878
43,2,47,1,in_sample,f3,0,0.18263515471820807,-1.4985950894995037
43,2,75,0,in_sample,f3,0,0.031930431267531555,-3.4117444399277876
43,2,269,0,in_sample,f3,1,0.7321444307027837,1.005529889493352
43,2,199,0,in_sample,f3,1,0.7312746748075488,1.0010993793139469
43,2,148,0,in_sample,f3,0,0.1823203342978927,-1.5007054346701874
43,2,114,0,in_sample,f3,0,0.21073806822397742,-1.3204822656927928
43,2,81,1,in_sample,f3,1,0.5509977276952109,0.20470273663737995
43,2,110,1,in_sample,f3,0,0.008537432372133905,-4.754720890379421
43,2,51,0,in_sample,f3,1,0.7593496787359684,1.1491174503657398
43,2,60,1,in_sample,f3,0,0.21338066353085355,-1.3046667186570802
43,2,17,0,in_sample,f3,1,0.9633024285983901,3.2676568323561734
43,2,159,0,in_sample,f3,1,0.9558034251530663,3.073904975753266
43,2,77,1,in_sample,f3,0,0.31262390044459093,-0.7878807224497091
43,2,29,0,in_sample,f3,0,0.4032862199334554,-0.39179103503731066
43,2,103,0,in_sample,f3,0,0.26434671785308966,-1.0234973570041932
43,2,16,1,in_sample,f3,0,0.06253381554730364,-2.7074732280917986
43,2,236,1,in_sample,f3,1,0.9844409502843604,4.147431472258461
43,2,287,1,in_sample,f3,1,0.897008048815649,2.1644139937221714
43,2,277,1,in_sample,f3,1,0.7066107948059227,0.8789799389992042
43,2,86,1,in_sample,f3,1,0.847469045624081,1.714886759286073
43,2,164,1,in_sample,f3,1,0.994289949364097,5.15980097211943
43,2,7,1,in_sample,f3,0,0.33134874559523475,-0.702091197555392
43,2,250,1,in_sample,f3,0,0.13077296076299927,-1.8941416604286716
43,2,197,1,in_sample,f3,1,0.9296752790043861,2.581711975804078
43,2,215,0,in_sample,f3,0,0.23535222249283158,-1.1783320950864256
43,2,143,1,in_sample,f3,1,0.8596883474151311,1.8127038984089192
43,2,79,1,in_sample,f3,0,0.3807212572747585,-0.4864879835061252
43,2,283,0,in_sample,f3,0,0.4326645859068216,-0.27098788864060463
43,2,45,0,in_sample,f3,1,0.5710756928905696,0.28624129979419166
43,2,188,1,in_sample,f3,1,0.6481973639786033,0.611124898790176
43,2,303,0,in_sample,f3,0,0.1316210697619473,-1.886701064321568
43,2,9,0,in_sample,f3,0,0.3648464757659335,-0.5543900893587161
43,2,12,0,in_sample,f3,1,0.577230891377238,0.3114161573115421
43,2,187,1,in_sample,f3,1,0.9557490731262652,3.072619085255593
43,2,162,1,in_sample,f3,0,0.2259371289141635,-1.2313963291591214
43,2,212,1,in_sample,f3,1,0.615502845340565,0.4705031796126468
43,2,228,0,in_sample,f3,0,0.2091469958295142,-1.3300747809900972
43,2,158,0,in_sample,f3,0,0.06290009439133286,-2.7012422350403185
43,2,50,1,in_sample,f3,1,0.9341120145523566,2.651640250985098
43,2,165,1,in_sample,f1_f2,1,0.8132883733354269,1.4715204262139596
43,2,191,0,in_sample,f1_f2,1,0.8253927073113451,1.553319871431134
43,2,14,1,in_sample,f1_f2,1,0.8414536389539004,1.6690838695110966
43,2,152,0,in_sample,f1_f2,0,0.2322250737825268,-1.195789578381254
43,2,205,1,in_sample,f1_f2,0,0.11894212041741226,-2.002486329632797
43,2,309,0,in_sample,f1_f2,1,0.5978305852831143,0.3964339821243477
43,2,284,1,in_sample,f1_f2,0,0.38586797265944,-0.4647146620603253
43,2,134,0,in_sample,f1_f2,0,0.31775295958339306,-0.7641175973894354
43,2,184,0,in_sample,f1_f2,1,0.8184321900171133,1.505761354077701
43,2,2,0,in_sample,f1_f2,1,0.6395676772486218,0.5734882363165682
43,2,296,0,in_sample,f1_f2,1,0.728385066598606,0.9864444687524425
43,2,68,0,in_sample,f1_f2,0,0.26475271029086833,-1.0214106696110212
43,2,67,0,in_sample,f1_f2,1,0.7995926764692269,1.3837505304836286
43,2,289,0,in_sample,f1_f2,1,0.7568424233419118,1.135445375587062
43,2,186,0,in_sample,f1_f2,1,0.6531021148873137,0.6327030377082239
43,2,300,0,in_sample,f1_f2,1,0.7740543410067021,1.231347555716277
43,2,56,1,in_sample,f1_f2,1,0.6791880870330652,0.7500430846527701
43,2,297,1,in_sample,f1_f2,1,0.8600149668385787,1.8154142814921865
43,2,292,1,in_sample,f1_f2,1,0.7032515726524606,0.8628299497425129
43,2,305,0,in_sample,f1_f2,0,0.4222893888459067,-0.31338223597801673
43,2,98,1,in_sample,f1_f2,0,0.2672105074072638,-1.0088217095280356
43,2,221,1,in_sample,f1_f2,1,0.6135897688142593,0.4624269956707254
43,2,11,1,in_sample,f1_f2,0,0.35083208863526977,-0.6153836774040577
43,2,157,0,in_sample,f1_f2,1,0.8503607632362916,1.7374333777935365
43,2,35,1,in_sample,f1_f2,1,0.7470975560821619,1.0831919565675032
43,2,47,1,in_sample,f1_f2,0,0.32760164201959485,-0.7190525952673483
43,2,75,0,in_sample,f1_f2,1,0.9394278470575435,2.741435751543401
43,2,269,0,in_sample,f1_f2,0,0.3180707081721468,-0.7626522639907218
43,2,199,0,in_sample,f1_f2,0,0.33318259202782907,-0.693825593159332
43,2,148,0,in_sample,f1_f2,1,0.8077023695170666,1.435149305566613
43,2,114,0,in_sample,f1_f2,1,0.5522476903315555,0.20975646068766585
43,2,81,1,in_sample,f1_f2,1,0.8093810796322218,1.445993602673966
43,2,110,1,in_sample,f1_f2,0,0.23215793026815534,-1.1961661996446713
43,2,51,0,in_sample,f1_f2,1,0.8489095807446574,1.7260742191305896
43,2,60,1,in_sample,f1_f2,1,0.5425937122475182,0.17078878374638845
43,2,17,0,in_sample,f1_f2,0,0.2377390046189603,-1.1651155579690866
43,2,159,0,in_sample,f1_f2,0,0.062251088112067504,-2.7123062137139002
43,2,77,1,in_sample,f1_f2,1,0.50450823669578,0.01803343548053532
43,2,29,0,in_sample,f1_f2,1,0.8496836987957685,1.7321224125099544
43,2,103,0,in_sample,f1_f2,0,0.25887661847559457,-1.051815546561867
43,2,16,1,in_sample,f1_f2,1,0.8892040621167416,2.0826366384243604
43,2,236,1,in_sample,f1_f2,1,0.7763476462385074,1.2445075634607172
43,2,287,1,in_sample,f1_f2,0,0.10966999534052302,-2.0941163714663573
43,2,277,1,in_sample,f1_f2,1,0.6105284795397055,0.44953419755992186
43,2,86,1,in_sample,f1_f2,1,0.5003849706766662,0.001539883010950649
43,2,164,1,in_sample,f1_f2,0,0.4495195411800235,-0.20261213226986624
43,2,7,1,in_sample,f1_f2,0,0.013974530901604991,-4.256445733489075
43,2,250,1,in_sample,f1_f2,1,0.6615115917500103,0.6700376595279995
43,2,197,1,in_sample,f1_f2,0,0.29962271459837114,-0.8490951038058948
43,2,215,0,in_sample,f1_f2,0,0.3487660270576087,-0.6244676952789804
43,2,143,1,in_sample,f1_f2,1,0.5230111454861184,0.09210964970240199
43,2,79,1,in_sample,f1_f2,1,0.6343317546292592,0.550845600935016
43,2,283,0,in_sample,f1_f2,0,0.053561638507286166,-2.8718727336136447
43,2,45,0,in_sample,f1_f2,0,0.1663537002569187,-1.6116929653531538
43,2,188,1,in_sample,f1_f2,1,0.6547522202815169,0.6399945130889112
43,2,303,0,in_sample,f1_f2,0,0.06586110674833826,-2.652077053783856
43,2,9,0,in_sample,f1_f2,1,0.7068087747405869,0.8799351130389201
43,2,12,0,in_sample,f1_f2,0,0.19162582758992402,-1.4394803800144231
43,2,187,1,in_sample,f1_f2,0,0.3849471039876287,-0.4686023412754221
43,2,162,1,in_sample,f1_f2,1,0.8450016085619289,1.6959237919324452
43,2,212,1,in_sample,f1_f2,1,0.6333189765705396,0.5464818834972115
43,2,228,0,in_sample,f1_f2,0,0.3749964060862919,-0.5108409578272035
43,2,158,0,in_sample,f1_f2,0,0.4626998113700488,-0.14947846056417063
43,2,50,1,in_sample,f1_f2,0,0.39373712920794546,-0.43163017031906226
43,2,165,1,in_sample,f1_f3,1,0.8515828349678705,1.747069785225109
43,2,191,0,in_sample,f1_f3,1,0.8619958843715948,1.831966988034648
43,2,14,1,in_sample,f1_f3,1,0.7668472910643308,1.1905940405007114
43,2,152,0,in_sample,f1_f3,1,0.8255540252401589,1.5544396132180835
43,2,205,1,in_sample,f1_f3,1,0.6324074785375592,0.5425588848614955
43,2,309,0,in_sample,f1_f3,0,0.19278999295021673,-1.431982389155435
43,2,284,1,in_sample,f1_f3,0,0.3866095260878321,-0.46158651442956133
43,2,134,0,in_sample,f1_f3,0,0.38508104681207583,-0.4680366523544408
43,2,184,0,in_sample,f1_f3,0,0.039085454912801486,-3.2021350814420977
43,2,2,0,in_sample,f1_f3,1,0.50896761982748,0.035874326238514456
43,2,296,0,in_sample,f1_f3,1,0.598466108725947,0.39907795490451015
43,2,68,0,in_sample,f1_f3,1,0.7565135872891966,1.133659352782953
43,2,67,0,in_sample,f1_f3,0,0.4793661548796614,-0.08258228161156347
43,2,289,0,in_sample,f1_f3,0,0.3430868190275996,-0.6495683332782246
43,2,186,0,in_sample,f1_f3,1,0.757549959530672,1.1392938179149228
43,2,300,0,in_sample,f1_f3,1,0.9490941041803759,2.9255292068308343
43,2,56,1,in_sample,f1_f3,0,0.29668886721213233,-0.8631153679897121
43,2,297,1,in_sample,f1_f3,0,0.32608616803426627,-0.7259405914270947
43,2,292,1,in_sample,f1_f3,0,0.06126743113077599,-2.7292822356306834
43,2,305,0,in_sample,f1_f3,0,0.033124696764800524,-3.3737904049569627
43,2,98,1,in_sample,f1_f3,0,0.4869716468279805,-0.05212521166265713
43,2,221,1,in_sample,f1_f3,1,0.920161240158422,2.4445398168922248
43,2,11,1,in_sample,f1_f3,0,0.02197246964062871,-3.795747529533169
43,2,157,0,in_sample,f1_f3,0,0.34767543762985326,-0.6292728390175664
43,2,35,1,in_sample,f1_f3,1,0.5078645662631052,0.031460859754683004
43,2,47,1,in_sample,f1_f3,0,0.18316037728921186,-1.4950806276835373
43,2,75,0,in_sample,f1_f3,0,0.0318770003469754,-3.4134743874686064
43,2,269,0,in_sample,f1_f3,1,0.7335746467942666,1.012835256529962
43,2,199,0,in_sample,f1_f3,1,0.7256287020482688,0.9725561632348768
43,2,148,0,in_sample,f1_f3,0,0.18488545949068652,-1.4835921484230636
43,2,114,0,in_sample,f1_f3,0,0.21164390384734297,-1.3150447228903575
43,2,81,1,in_sample,f1_f3,1,0.5538574306868407,0.2162687452215425
43,2,110,1,in_sample,f1_f3,0,0.008251166465021316,-4.789115303173776
43,2,51,0,in_sample,f1_f3,1,0.7638643449727516,1.173983765141439
43,2,60,1,in_sample,f1_f3,0,0.2132144324094944,-1.3056573589434868
43,2,17,0,in_sample,f1_f3,1,0.9642726914277031,3.295458787167748
43,2,159,0,in_sample,f1_f3,1,0.9542986147353716,3.038848026242227
43,2,77,1,in_sample,f1_f3,0,0.31122234061374776,-0.7944109401471495
43,2,29,0,in_sample,f1_f3,0,0.4089083594068975,-0.36847999480297405
43,2,103,0,in_sample,f1_f3,0,0.2643298052672154,-1.0235843274740344
43,2,16,1,in_sample,f1_f3,0,0.06430728593170232,-2.6776141892814413
43,2,236,1,in_sample,f1_f3,1,0.9843132663826515,4.139128843910118
43,2,287,1,in_sample,f1_f3,1,0.8936922995870177,2.1290238089117404
43,2,277,1,in_sample,f1_f3,1,0.7127760283455206,0.9089049448694423
43,2,86,1,in_sample,f1_f3,1,0.8436425554273026,1.6855841948002066
43,2,164,1,in_sample,f1_f3,1,0.9941683258827071,5.138602419488204
43,2,7,1,in_sample,f1_f3,0,0.3346736259320843,-0.6871219023456919
43,2,250,1,in_sample,f1_f3,0,0.13235510844092915,-1.8802939939493053
43,2,197,1,in_sample,f1_f3,1,0.9292015861809468,2.5744891111711103
43,2,215,0,in_sample,f1_f3,0,0.23301765158434362,-1.1913495787338315
43,2,143,1,in_sample,f1_f3,1,0.8633063197944812,1.843027064184143
43,2,79,1,in_sample,f1_f3,0,0.3847066943741188,-0.469617862682122
43,2,283,0,in_sample,f1_f3,0,0.43612382265584543,-0.25690848373215136
43,2,45,0,in_sample,f1_f3,1,0.5717770058629087,0.28910499123860334
43,2,188,1,in_sample,f1_f3,1,0.6433065412703458,0.5897445927696111
43,2,303,0,in_sample,f1_f3,0,0.12516205158909618,-1.9444293569918385
43,2,9,0,in_sample,f1_f3,0,0.36199602278656967,-0.5667112922142252
43,2,12,0,in_sample,f1_f3,1,0.5703449055806672,0.2832584945139412
43,2,187,1,in_sample,f1_f3,1,0.955435503461097,3.065229760811799
43,2,162,1,in_sample,f1_f3,0,0.2266829692544878,-1.2271366647402542
43,2,212,1,in_sample,f1_f3,1,0.612475834316785,0.4577312775615025
43,2,228,0,in_sample,f1_f3,0,0.20536296151305025,-1.353106497499671
43,2,158,0,in_sample,f1_f3,0,0.06325677290290374,-2.6952070040900713
43,2,50,1,in_sample,f1_f3,1,0.9326918925386172,2.628794216356069
43,2,165,1,in_sample,f2_f3,1,0.9346379045648183,2.6602166764963746
43,2,191,0,in_sample,f2_f3,1,0.9423067674332737,2.7931909969145616
43,2,14,1,in_sample,f2_f3,1,0.923338807576292,2.488600624741955
43,2,152,0,in_sample,f2_f3,1,0.5263926426902633,0.10566878495198062
43,2,205,1,in_sample,f2_f3,0,0.28284279152616615,-0.9304038389289354
43,2,309,0,in_sample,f2_f3,0,0.35470190679119734,-0.5984346324955205
43,2,284,1,in_sample,f2_f3,0,0.29450754281154123,-0.8735914647678835
43,2,134,0,in_sample,f2_f3,0,0.25884786848878705,-1.0519654011349642
43,2,184,0,in_sample,f2_f3,0,0.23875001484137717,-1.1595447580043705
43,2,2,0,in_sample,f2_f3,1,0.6134301502922669,0.46175382782180036
43,2,296,0,in_sample,f2_f3,1,0.7535751384351986,1.1177716065416254
43,2,68,0,in_sample,f2_f3,1,0.6308700315869735,0.5359510692497943
43,2,67,0,in_sample,f2_f3,1,0.8110448364541382,1.456813580980644
43,2,289,0,in_sample,f2_f3,1,0.6433138783037717,0.5897765676828871
43,2,186,0,in_sample,f2_f3,1,0.8123594757534813,1.4654149189753414
43,2,300,0,in_sample,f2_f3,1,0.9723448923927374,3.559900134589558
43,2,56,1,in_sample,f2_f3,1,0.5370384905082168,0.1484258510808638
43,2,297,1,in_sample,f2_f3,1,0.7686334693095679,1.2006110570242359
43,2,292,1,in_sample,f2_f3,0,0.2313777896364624,-1.2005477472848916
43,2,305,0,in_sample,f2_f3,0,0.03881365329964049,-3.209396225433096
43,2,98,1,in_sample,f2_f3,0,0.38819111642878534,-0.45492216552899967
43,2,221,1,in_sample,f2_f3,1,0.924808826571371,2.5095531927279593
43,2,11,1,in_sample,f2_f3,0,0.023883163771781776,-3.710408522494345
43,2,157,0,in_sample,f2_f3,1,0.7631712629317193,1.1701452145243219
43,2,35,1,in_sample,f2_f3,1,0.8356380642490514,1.6261246603868345
43,2,47,1,in_sample,f2_f3,0,0.1357268156001937,-1.8512447477231815
43,2,75,0,in_sample,f2_f3,0,0.4488472221083016,-0.20532947729547435
43,2,269,0,in_sample,f2_f3,1,0.5100481968045897,0.040198199350368724
43,2,199,0,in_sample,f2_f3,1,0.6208603168499055,0.4932014297173053
43,2,148,0,in_sample,f2_f3,0,0.4809827161874953,-0.07610584837691658
43,2,114,0,in_sample,f2_f3,0,0.28874856617456596,-0.9014697051673247
43,2,81,1,in_sample,f2_f3,1,0.7921365543662463,1.3378524413542259
43,2,110,1,in_sample,f2_f3,0,0.011835111357088366,-4.4247789231074135
43,2,51,0,in_sample,f2_f3,1,0.898950636711213,2.1856189809776403
43,2,60,1,in_sample,f2_f3,0,0.2987941908921111,-0.8530464259254017
43,2,17,0,in_sample,f2_f3,1,0.7748764133504739,1.2360540245860723
43,2,159,0,in_sample,f2_f3,1,0.5968192714917984,0.39222942048560294
43,2,77,1,in_sample,f2_f3,0,0.3724724494055027,-0.5216245016151734
43,2,29,0,in_sample,f2_f3,1,0.7299901914910026,0.9945728115888361
43,2,103,0,in_sample,f2_f3,0,0.14994937081924173,-1.7349982022034005
43,2,16,1,in_sample,f2_f3,0,0.3571241497559956,-0.5878681469134017
43,2,236,1,in_sample,f2_f3,1,0.9888130620108792,4.481758449848824
43,2,287,1,in_sample,f2_f3,1,0.5578603991707789,0.23248307919216527
43,2,277,1,in_sample,f2_f3,1,0.684699948074331,0.7754559790523542
43,2,86,1,in_sample,f2_f3,1,0.8436491551829344,1.6856342280001768
43,2,164,1,in_sample,f2_f3,1,0.9841235929857282,4.126917320121126
43,2,7,1,in_sample,f2_f3,0,0.010837916844297331,-4.5138073995868995
43,2,250,1,in_sample,f2_f3,0,0.2622567927329912,-1.0342716577290358
43,2,197,1,in_sample,f2_f3,1,0.7964597840709907,1.3643130306359394
43,2,215,0,in_sample,f2_f3,0,0.20878080123932125,-1.3322901416905635
43,2,143,1,in_sample,f2_f3,1,0.7661662299556952,1.1867886780941925
43,2,79,1,in_sample,f2_f3,0,0.4836237144056099,-0.06552858059568939
43,2,283,0,in_sample,f2_f3,0,0.05087455050035543,-2.926178172777133
43,2,45,0,in_sample,f2_f3,0,0.2250094561801928,-1.236708398967264
43,2,188,1,in_sample,f2_f3,1,0.7858448329599972,1.3000585274988905
43,2,303,0,in_sample,f2_f3,0,0.03875329584848598,-3.2110152857660035
43,2,9,0,in_sample,f2_f3,1,0.6217330539240016,0.49691067393879873
43,2,12,0,in_sample,f2_f3,0,0.32714953331855867,-0.7211057609677128
43,2,187,1,in_sample,f2_f3,1,0.8902278502733628,2.0930705900788436
43,2,162,1,in_sample,f2_f3,1,0.625000366201352,0.5108271862253979
43,2,212,1,in_sample,f2_f3,1,0.7331839375675379,1.0108370921764396
43,2,228,0,in_sample,f2_f3,0,0.22446168617842374,-1.2398523569955306
43,2,158,0,in_sample,f2_f3,0,0.0897413760121757,-2.3167968275668107
43,2,50,1,in_sample,f2_f3,1,0.8770585754064861,1.9648657616737666
43,2,165,1,in_sample,f1_f2_f3,1,0.934564534121185,2.659016278689677
43,2,191,0,in_sample,f1_f2_f3,1,0.9422294619421349,2.7917699115416568
43,2,14,1,in_sample,f1_f2_f3,1,0.9234684486192358,2.490433541898269
43,2,152,0,in_sample,f1_f2_f3,1,0.5258244642348325,0.10338985709782089
43,2,205,1,in_sample,f1_f2_f3,0,0.28559593037893444,-0.9168707451136794
43,2,309,0,in_sample,f1_f2_f3,0,0.3559750750602727,-0.5928767141526511
43,2,284,1,in_sample,f1_f2_f3,0,0.29377238212790435,-0.877132333416238
43,2,134,0,in_sample,f1_f2_f3,0,0.25875582785884765,-1.0524452206249306
43,2,184,0,in_sample,f1_f2_f3,0,0.23885941368501917,-1.1589429281167805
43,2,2,0,in_sample,f1_f2_f3,1,0.6127501380280439,0.45888712480260707
43,2,296,0,in_sample,f1_f2_f3,1,0.7530580617749159,1.1149890910175404
43,2,68,0,in_sample,f1_f2_f3,1,0.6349981392188532,0.5537196169243512
43,2,67,0,in_sample,f1_f2_f3,1,0.8124660408512586,1.4661141729840519
43,2,289,0,in_sample,f1_f2_f3,1,0.6439398404216837,0.5925056020917968
43,2,186,0,in_sample,f1_f2_f3,1,0.8123274552328633,1.4652048678529728
43,2,300,0,in_sample,f1_f2_f3,1,0.9724750212630264,3.5647504799764
43,2,56,1,in_sample,f1_f2_f3,1,0.5382876513407774,0.15345100997501548
43,2,297,1,in_sample,f1_f2_f3,1,0.7695105787743134,1.2055497342952928
43,2,292,1,in_sample,f1_f2_f3,0,0.23240908382104733,-1.1947578187844137
43,2,305,0,in_sample,f1_f2_f3,0,0.03847044471359091,-3.2186350265762753
43,2,98,1,in_sample,f1_f2_f3,0,0.3918961020346642,-0.43934899334875754
43,2,221,1,in_sample,f1_f2_f3,1,0.9251735775762628,2.514810307777309
43,2,11,1,in_sample,f1_f2_f3,0,0.023745299604413184,-3.7163389163876275
43,2,157,0,in_sample,f1_f2_f3,1,0.7638398116950782,1.1738477578529793
43,2,35,1,in_sample,f1_f2_f3,1,0.8384660750579565,1.64685893919713
43,2,47,1,in_sample,f1_f2_f3,0,0.13555828449860768,-1.852682191220687
43,2,75,0,in_sample,f1_f2_f3,0,0.44918446808036533,-0.20396631987473124
43,2,269,0,in_sample,f1_f2_f3,1,0.5092889388204914,0.03716003078267782
43,2,199,0,in_sample,f1_f2_f3,1,0.6234333782760171,0.5041469264936178
43,2,148,0,in_sample,f1_f2_f3,0,0.47940511559354637,-0.08242617340193847
43,2,114,0,in_sample,f1_f2_f3,0,0.2883348178173546,-0.9034851843164026
43,2,81,1,in_sample,f1_f2_f3,1,0.7914384106159702,1.333617672446808
43,2,110,1,in_sample,f1_f2_f3,0,0.011992770053733854,-4.4113860427880125
43,2,51,0,in_sample,f1_f2_f3,1,0.8980928979434251,2.1762118786418965
43,2,60,1,in_sample,f1_f2_f3,0,0.29889504445062787,-0.8525651085731174
43,2,17,0,in_sample,f1_f2_f3,1,0.7729153497155267,1.2248466771036974
43,2,159,0,in_sample,f1_f2_f3,1,0.5999430694303155,0.4052279030267918
43,2,77,1,in_sample,f1_f2_f3,0,0.37307728417581115,-0.5190376784237989
43,2,29,0,in_sample,f1_f2_f3,1,0.7282661985375861,0.9858437227014953
43,2,103,0,in_sample,f1_f2_f3,0,0.14993406077324123,-1.735118319435369
43,2,16,1,in_sample,f1_f2_f3,0,0.3545782581803203,-0.5989748882945671
43,2,236,1,in_sample,f1_f2_f3,1,0.9888493750410896,4.485046473300178
43,2,287,1,in_sample,f1_f2_f3,1,0.5611357460379672,0.24577269902898302
43,2,277,1,in_sample,f1_f2_f3,1,0.6821875350510986,0.763843122170445
43,2,86,1,in_sample,f1_f2_f3,1,0.845139540551602,1.6969773006539237
43,2,164,1,in_sample,f1_f2_f3,1,0.9842479079000445,4.134904616050294
43,2,7,1,in_sample,f1_f2_f3,0,0.010767157219762038,-4.520429233721403
43,2,250,1,in_sample,f1_f2_f3,0,0.26125628001366985,-1.0394492264997062
43,2,197,1,in_sample,f1_f2_f3,1,0.7968703280082547,1.3668474120437637
43,2,215,0,in_sample,f1_f2_f3,0,0.2096093887191466,-1.3272815229718262
43,2,143,1,in_sample,f1_f2_f3,1,0.7640311369820455,1.1749086835915081
43,2,79,1,in_sample,f1_f2_f3,0,0.4820148436914125,-0.07197167645728397
43,2,283,0,in_sample,f1_f2_f3,0,0.050584307503240764,-2.932205335038324
43,2,45,0,in_sample,f1_f2_f3,0,0.22475873248852007,-1.2381467669951929
43,2,188,1,in_sample,f1_f2_f3,1,0.7872601036430372,1.3084884183543097
43,2,303,0,in_sample,f1_f2_f3,0,0.03958396761300357,-3.188942379629564
43,2,9,0,in_sample,f1_f2_f3,1,0.6229081177488464,0.5019101471091618
43,2,12,0,in_sample,f1_f2_f3,0,0.32950537902035987,-0.7104230016822735
43,2,187,1,in_sample,f1_f2_f3,1,0.8904865727738249,2.0957208595069563
43,2,162,1,in_sample,f1_f2_f3,1,0.624701904922961,0.5095539534411775
43,2,212,1,in_sample,f1_f2_f3,1,0.7341733319473173,1.015900675282875
43,2,228,0,in_sample,f1_f2_f3,0,0.22602179754278842,-1.2309122670674555
43,2,158,0,in_sample,f1_f2_f3,0,0.08955738535262883,-2.3190512740452185
43,2,50,1,in_sample,f1_f2_f3,1,0.8779936183569966,1.973565973308174
43,2,165,1,inner_oof,f1,0,0.4839486017058444,-0.06422766336317992
43,2,191,0,inner_oof,f1,0,0.4829573228257261,-0.06819712761756325
43,2,14,1,inner_oof,f1,0,0.4937542965696756,-0.0249841132427849
43,2,152,0,inner_oof,f1,0,0.4836847426362311,-0.06528420650126779
43,2,205,1,inner_oof,f1,1,0.525571971128404,0.1023772096473676
43,2,309,0,inner_oof,f1,1,0.5167725113595436,0.06711522721481797
43,2,284,1,inner_oof,f1,0,0.49118366495152954,-0.03526899567052807
43,2,134,0,inner_oof,f1,0,0.4983536810096932,-0.006585299759394911
43,2,184,0,inner_oof,f1,1,0.5143517427202731,0.057422744357068636
43,2,2,0,inner_oof,f1,0,0.48962368060704864,-0.04151123749914243
43,2,296,0,inner_oof,f1,0,0.4877042778803664,-0.04919280634981092
43,2,68,0,inner_oof,f1,1,0.5316677206826514,0.1268406664948118
43,2,67,0,inner_oof,f1,1,0.5177267155200029,0.07093659319898847
43,2,289,0,inner_oof,f1,1,0.5058203043223118,0.023282268938984843
43,2,186,0,inner_oof,f1,0,0.48981183862943345,-0.040758286979531856
43,2,300,0,inner_oof,f1,0,0.4916319749623927,-0.03347522580251677
43,2,56,1,inner_oof,f1,1,0.5123774038822597,0.049519732421588636
43,2,297,1,inner_oof,f1,1,0.5109799417893297,0.04392682910548672
43,2,292,1,inner_oof,f1,1,0.5239798218428836,0.09599293122684231
43,2,305,0,inner_oof,f1,0,0.49355606419294,-0.025777170463703175
43,2,98,1,inner_oof,f1,1,0.5329356352676967,0.13193358337518038
43,2,221,1,inner_oof,f1,0,0.495458576670795,-0.018166192886630596
43,2,11,1,inner_oof,f1,1,0.503502049931955,0.014008428803251764
43,2,157,0,inner_oof,f1,1,0.5076733502401032,0.030695810950019324
43,2,35,1,inner_oof,f1,1,0.5433143519779701,0.17369277521058138
43,2,47,1,inner_oof,f1,1,0.5016010446669356,0.006404200556027553
43,2,75,0,inner_oof,f1,1,0.516668151634444,0.06669732097756885
43,2,269,0,inner_oof,f1,0,0.4846334214162326,-0.061485677506468404
43,2,199,0,inner_oof,f1,1,0.5168028616135517,0.06723676524139444
43,2,148,0,inner_oof,f1,0,0.48941576483467825,-0.04234326614813417
43,2,114,0,inner_oof,f1,0,0.4989106808520858,-0.00435728348556289
43,2,81,1,inner_oof,f1,0,0.48515146624133804,-0.059411604488615995
43,2,110,1,inner_oof,f1,1,0.5530530142227865,0.2130138759856945
43,2,51,0,inner_oof,f1,0,0.4681412023389622,-0.12760807137118943
43,2,60,1,inner_oof,f1,1,0.5045909875510999,0.01836446631055985
43,2,17,0,inner_oof,f1,0,0.45411200252051237,-0.18406995267829207
43,2,159,0,inner_oof,f1,1,0.5114158054542743,0.045671158778501086
43,2,77,1,inner_oof,f1,1,0.5067588676415418,0.02703711746974031
43,2,29,0,inner_oof,f1,0,0.47785906433865627,-0.08862169859336197
43,2,103,0,inner_oof,f1,1,0.5022566029408477,0.009026473050549336
43,2,16,1,inner_oof,f1,0,0.484526538144538,-0.0619136176121814
43,2,236,1,inner_oof,f1,0,0.4816087985839351,-0.07359800900435232
43,2,287,1,inner_oof,f1,1,0.5166398636915002,0.0665840435330605
43,2,277,1,inner_oof,f1,0,0.465081317919623,-0.13990247168736766
43,2,86,1,inner_oof,f1,1,0.5136183457240011,0.054486859024975215
43,2,164,1,inner_oof,f1,0,0.487683892930744,-0.04927439557034074
43,2,7,1,inner_oof,f1,0,0.48701192110359304,-0.05196400544692846
43,2,250,1,inner_oof,f1,0,0.4944760728727688,-0.022096607539280954
43,2,197,1,inner_oof,f1,0,0.48911962069227205,-0.04352838877363
43,2,215,0,inner_oof,f1,1,0.5146903915805281,0.0587784833421245
43,2,143,1,inner_oof,f1,0,0.4596942308812008,-0.16157366542812585
43,2,79,1,inner_oof,f1,0,0.48414072035538375,-0.06345840542680473
43,2,283,0,inner_oof,f1,0,0.4854748132393071,-0.05811709953258403
43,2,45,0,inner_oof,f1,0,0.4925118121406728,-0.02995499112453035
43,2,188,1,inner_oof,f1,1,0.5124949786933032,0.04999032279180482
43,2,303,0,inner_oof,f1,1,0.5583726075562118,0.23455997197933715
43,2,9,0,inner_oof,f1,1,0.5106867486079982,0.042753505535039114
43,2,12,0,inner_oof,f1,1,0.5201903406569639,0.08080530210159209
43,2,187,1,inner_oof,f1,0,0.4866097785165639,-0.05357369592840826
43,2,162,1,inner_oof,f1,0,0.499484417520954,-0.002062330647143744
43,2,212,1,inner_oof,f1,1,0.5055376640072816,0.022151561783621508
43,2,228,0,inner_oof,f1,1,0.5244803382455594,0.09799970969940981
43,2,158,0,inner_oof,f1,1,0.5058577905773534,0.02343223441119733
43,2,50,1,inner_oof,f1,1,0.5027530402416228,0.011012272253458147
43,2,165,1,inner_oof,f2,1,0.5424480070065447,0.17020171705672701
43,2,191,0,inner_oof,f2,1,0.5446389717000549,0.17903256479503998
43,2,14,1,inner_oof,f2,1,0.5531104199112348,0.21324611624417045
43,2,152,0,inner_oof,f2,0,0.45616618218159927,-0.17578654050236373
43,2,205,1,inner_oof,f2,0,0.4487500875256734,-0.2057221331385585
43,2,309,0,inner_oof,f2,1,0.5223221125069163,0.08934784154114846
43,2,284,1,inner_oof,f2,0,0.48307245101460183,-0.06773608282526698
43,2,134,0,inner_oof,f2,0,0.47657616708523776,-0.09376396656165961
43,2,184,0,inner_oof,f2,1,0.5569363718200551,0.22873760975153584
43,2,2,0,inner_oof,f2,1,0.5159882335238882,0.06397474465110212
43,2,296,0,inner_oof,f2,1,0.5284821774505613,0.11405218080794097
43,2,68,0,inner_oof,f2,0,0.4830674725472195,-0.06775601955234914
43,2,67,0,inner_oof,f2,1,0.5545180021728906,0.2189424346826833
43,2,289,0,inner_oof,f2,1,0.5413018263078414,0.1655846076176412
43,2,186,0,inner_oof,f2,1,0.5179872775637785,0.07198017247202695
43,2,300,0,inner_oof,f2,1,0.5381174972865145,0.15276639715494492
43,2,56,1,inner_oof,f2,1,0.5317892223220251,0.12732863801045025
43,2,297,1,inner_oof,f2,1,0.5653361583928913,0.26284757040127105
43,2,292,1,inner_oof,f2,1,0.5405622660295594,0.16260640685060684
43,2,305,0,inner_oof,f2,0,0.4890238748578314,-0.043911555153745736
43,2,98,1,inner_oof,f2,0,0.4840403368734176,-0.06386034629909892
43,2,221,1,inner_oof,f2,1,0.5149880305957057,0.05997008901484151
43,2,11,1,inner_oof,f2,0,0.48367110767395755,-0.06533880453223906
43,2,157,0,inner_oof,f2,1,0.561403974285332,0.24686196849804992
43,2,35,1,inner_oof,f2,1,0.5561882618581305,0.2257063780834217
43,2,47,1,inner_oof,f2,0,0.4794741327053956,-0.0821496373548121
43,2,75,0,inner_oof,f2,1,0.5969876381918096,0.39292917069359384
43,2,269,0,inner_oof,f2,0,0.47053680966067374,-0.11798945368898167
43,2,199,0,inner_oof,f2,0,0.4870458217402513,-0.05182831157817398
43,2,148,0,inner_oof,f2,1,0.5436939380358732,0.17522270173877458
43,2,114,0,inner_oof,f2,1,0.5083444043388567,0.033380716610579335
43,2,81,1,inner_oof,f2,1,0.5421588669447964,0.16903681805286344
43,2,110,1,inner_oof,f2,0,0.48698529922464295,-0.052070565012423735
43,2,51,0,inner_oof,f2,1,0.543636106887701,0.1749895993821296
43,2,60,1,inner_oof,f2,1,0.5096082509863673,0.038437735762949995
43,2,17,0,inner_oof,f2,0,0.44407510553370066,-0.2246394984967632
43,2,159,0,inner_oof,f2,0,0.4199717876734418,-0.32288920748465627
43,2,77,1,inner_oof,f2,1,0.5056265109534565,0.022506993869886395
43,2,29,0,inner_oof,f2,1,0.5481283006587787,0.19311109631079973
43,2,103,0,inner_oof,f2,0,0.46901750678782467,-0.12408895557441747
43,2,16,1,inner_oof,f2,1,0.5622733967360855,0.25039368064043427
43,2,236,1,inner_oof,f2,1,0.5341038922725561,0.13662771037551233
43,2,287,1,inner_oof,f2,0,0.44188640733199036,-0.23350966069128498
43,2,277,1,inner_oof,f2,1,0.5010403497136072,0.004161404859773191
43,2,86,1,inner_oof,f2,1,0.5081437553989249,0.032577902587518574
43,2,164,1,inner_oof,f2,0,0.4899982617023433,-0.04001229058719885
43,2,7,1,inner_oof,f2,0,0.36208304903007943,-0.5663345012544513
43,2,250,1,inner_oof,f2,1,0.5212660764445122,0.08511565484691001
43,2,197,1,inner_oof,f2,0,0.46973675474651844,-0.1212011308868659
43,2,215,0,inner_oof,f2,0,0.48835076189036397,-0.04660538642254141
43,2,143,1,inner_oof,f2,0,0.4870588097798681,-0.05177632455876251
43,2,79,1,inner_oof,f2,1,0.5128175192057084,0.05128131205223954
43,2,283,0,inner_oof,f2,0,0.4037856969062414,-0.38971588736648205
43,2,45,0,inner_oof,f2,0,0.4467155318265233,-0.21395028034824787
43,2,188,1,inner_oof,f2,1,0.5282903602869102,0.1132824311474466
43,2,303,0,inner_oof,f2,0,0.44248457296508614,-0.23108457427841506
43,2,9,0,inner_oof,f2,1,0.5352279182922901,0.1411455331157997
43,2,12,0,inner_oof,f2,0,0.4644638044190702,-0.14238484825509481
43,2,187,1,inner_oof,f2,0,0.48091423923174514,-0.07638015444942739
43,2,162,1,inner_oof,f2,1,0.5564869979879609,0.22691668839437754
43,2,212,1,inner_oof,f2,1,0.5221825592851845,0.08878852082313787
43,2,228,0,inner_oof,f2,0,0.4963890827078377,-0.014443920279189091
43,2,158,0,inner_oof,f2,0,0.4998011623610723,-0.0007953505976379168
43,2,50,1,inner_oof,f2,0,0.48928459911816563,-0.04286816715139803
43,2,165,1,inner_oof,f3,1,0.6437529329618032,0.5916905093510043
43,2,191,0,inner_oof,f3,1,0.6502192478940801,0.6200030748233955
43,2,14,1,inner_oof,f3,1,0.6004536183384652,0.4073555423878468
43,2,152,0,inner_oof,f3,1,0.628666925173896,0.5265021500650343
43,2,205,1,inner_oof,f3,1,0.5499283834338354,0.2003813397832372
43,2,309,0,inner_oof,f3,0,0.38458596791896005,-0.470127916570649
43,2,284,1,inner_oof,f3,0,0.46210348487835784,-0.15187733134273268
43,2,134,0,inner_oof,f3,0,0.4622331741555746,-0.15135558727679174
43,2,184,0,inner_oof,f3,0,0.25556148188352695,-1.0691672529809284
43,2,2,0,inner_oof,f3,1,0.5039060665350752,0.01562458399858968
43,2,296,0,inner_oof,f3,1,0.5343523077817801,0.13762605090797586
43,2,68,0,inner_oof,f3,1,0.5992678219465121,0.40241529427344186
43,2,67,0,inner_oof,f3,0,0.4965470875749181,-0.013811869267721315
43,2,289,0,inner_oof,f3,0,0.4477213630284266,-0.20988161464906074
43,2,186,0,inner_oof,f3,1,0.5959302060078439,0.38853593574781947
43,2,300,0,inner_oof,f3,1,0.729637195567576,0.9927826410931072
43,2,56,1,inner_oof,f3,0,0.43055985132920493,-0.2795673411621177
43,2,297,1,inner_oof,f3,0,0.4418287863781285,-0.23374330386650924
43,2,292,1,inner_oof,f3,0,0.28786822105660204,-0.9057601674268464
43,2,305,0,inner_oof,f3,0,0.24323882122065982,-1.1350039558003213
43,2,98,1,inner_oof,f3,1,0.5005559192609923,0.0022236779602620403
43,2,221,1,inner_oof,f3,1,0.6967143074800259,0.8317001970138065
43,2,11,1,inner_oof,f3,0,0.21860153088030215,-1.2738346446384181
43,2,157,0,inner_oof,f3,0,0.44959041861292476,-0.20232570707290667
43,2,35,1,inner_oof,f3,1,0.5085990524713708,0.03439960166494811
43,2,47,1,inner_oof,f3,0,0.3782069384694072,-0.4971658367905361
43,2,75,0,inner_oof,f3,0,0.24237463102057533,-1.1397044360802115
43,2,269,0,inner_oof,f3,1,0.5851264517982018,0.34385421012224765
43,2,199,0,inner_oof,f3,1,0.5847651879544434,0.3423662061647018
43,2,148,0,inner_oof,f3,0,0.37804027450818417,-0.49787460436776954
43,2,114,0,inner_oof,f3,0,0.39237355597852275,-0.4373459569161956
43,2,81,1,inner_oof,f3,1,0.5187145826631299,0.07489331746950031
43,2,110,1,inner_oof,f3,0,0.16927864740510282,-1.5907482644980178
43,2,51,0,inner_oof,f3,1,0.5967829909561655,0.3920786470788873
43,2,60,1,inner_oof,f3,0,0.39364067756439475,-0.4320342443533202
43,2,17,0,inner_oof,f3,1,0.7509337079184917,1.1035982818316135
43,2,159,0,inner_oof,f3,1,0.7385654913432699,1.038525972383563
43,2,77,1,inner_oof,f3,0,0.43573993402120037,-0.2584696713306919
43,2,29,0,inner_oof,f3,0,0.4686807031382914,-0.12544141983214896
43,2,103,0,inner_oof,f3,0,0.4163919932317055,-0.3376024281654336
43,2,16,1,inner_oof,f3,0,0.28839903979090964,-0.9031722291869881
43,2,236,1,inner_oof,f3,1,0.8020369041070903,1.3990739929604108
43,2,287,1,inner_oof,f3,1,0.6754785819997792,0.7330699129650816
43,2,277,1,inner_oof,f3,1,0.5747729716882682,0.301351920422552
43,2,86,1,inner_oof,f3,1,0.6415491978503645,0.5820944548846805
43,2,164,1,inner_oof,f3,1,0.8505704502866019,1.739082199982323
43,2,7,1,inner_oof,f3,0,0.44283679070381954,-0.2296569280145565
43,2,250,1,inner_oof,f3,0,0.3475078892894619,-0.6300116805202827
43,2,197,1,inner_oof,f3,1,0.7054154896454823,0.8732210521499507
43,2,215,0,inner_oof,f3,0,0.4038125675429067,-0.38960427303262596
43,2,143,1,inner_oof,f3,1,0.6490683880454716,0.6149467188986982
43,2,79,1,inner_oof,f3,0,0.4607693632378107,-0.15724575576260696
43,2,283,0,inner_oof,f3,0,0.4787954220167298,-0.0848692164868384
43,2,45,0,inner_oof,f3,1,0.5255473230118053,0.10227835886584603
43,2,188,1,inner_oof,f3,1,0.5526520190501056,0.21139177052099822
43,2,303,0,inner_oof,f3,0,0.3480747329763297,-0.6275127275768188
43,2,9,0,inner_oof,f3,0,0.4551084751800232,-0.18005094029959878
43,2,12,0,inner_oof,f3,1,0.5276551051134046,0.11073343200631691
43,2,187,1,inner_oof,f3,1,0.7384820942334922,1.0380941010928924
43,2,162,1,inner_oof,f3,0,0.3995294541261685,-0.40742610101788845
43,2,212,1,inner_oof,f3,1,0.5409489338022198,0.16416342295377434
43,2,228,0,inner_oof,f3,0,0.3916057202640657,-0.4405676402319362
43,2,158,0,inner_oof,f3,0,0.2888287049585562,-0.9010795261021058
43,2,50,1,inner_oof,f3,1,0.710272265470155,0.8967067334824077
43,2,165,1,inner_oof,f1_f2,1,0.5309495344832336,0.1239566130487797
43,2,191,0,inner_oof,f1_f2,1,0.5321472789368393,0.12876674332866708
43,2,14,1,inner_oof,f1_f2,1,0.5526269217545483,0.21129025618887382
43,2,152,0,inner_oof,f1_f2,0,0.4414617855666338,-0.2352315791149903
43,2,205,1,inner_oof,f1_f2,0,0.4791633245392138,-0.08339500070218103
43,2,309,0,inner_oof,f1_f2,1,0.5457469213313415,0.18350086951418004
43,2,284,1,inner_oof,f1_f2,0,0.47734286505159496,-0.0906906480334764
43,2,134,0,inner_oof,f1_f2,0,0.47842621512261596,-0.08634875166311859
43,2,184,0,inner_oof,f1_f2,1,0.5786358538752763,0.31717594223323486
43,2,2,0,inner_oof,f1_f2,1,0.509698823868317,0.03880016239102892
43,2,296,0,inner_oof,f1_f2,1,0.5205498061848354,0.08224555474863149
43,2,68,0,inner_oof,f1_f2,1,0.5214991809977179,0.08604978147035969
43,2,67,0,inner_oof,f1_f2,1,0.5797567495478648,0.32177490686985405
43,2,289,0,inner_oof,f1_f2,1,0.5534444963319186,0.2145977685726931
43,2,186,0,inner_oof,f1_f2,1,0.5119740488073127,0.04790535471896436
43,2,300,0,inner_oof,f1_f2,1,0.5348051175841039,0.13944599457869758
43,2,56,1,inner_oof,f1_f2,1,0.5507294623048877,0.20361845444012833
43,2,297,1,inner_oof,f1_f2,1,0.5836458117235152,0.3377579999259037
43,2,292,1,inner_oof,f1_f2,1,0.5721915051350805,0.2907980809888555
43,2,305,0,inner_oof,f1_f2,0,0.4860818921217075,-0.05568681755427872
43,2,98,1,inner_oof,f1_f2,1,0.5238903747626666,0.09563432112998949
43,2,221,1,inner_oof,f1_f2,1,0.5150232308712928,0.06011101704771872
43,2,11,1,inner_oof,f1_f2,0,0.491381154688656,-0.03447879650263619
43,2,157,0,inner_oof,f1_f2,1,0.5761012801624262,0.3067889204635257
43,2,35,1,inner_oof,f1_f2,1,0.6084538364031147,0.4408176218111788
43,2,47,1,inner_oof,f1_f2,0,0.48496290937947784,-0.06016650618589747
43,2,75,0,inner_oof,f1_f2,1,0.621800564585341,0.49719774220858937
43,2,269,0,inner_oof,f1_f2,0,0.45728436233713166,-0.17128006076980867
43,2,199,0,inner_oof,f1_f2,1,0.5093842089930891,0.03754124439824572
43,2,148,0,inner_oof,f1_f2,1,0.5381792206332426,0.1530147361705674
43,2,114,0,inner_oof,f1_f2,1,0.5119109235949587,0.047652709737294824
43,2,81,1,inner_oof,f1_f2,1,0.5319569988579214,0.128002482381452
43,2,110,1,inner_oof,f1_f2,1,0.548903888579048,0.19624293568103876
43,2,51,0,inner_oof,f1_f2,1,0.5149461750938102,0.059802516853007914
43,2,60,1,inner_oof,f1_f2,1,0.5194055362294161,0.07766115424159586
43,2,17,0,inner_oof,f1_f2,0,0.39764023256440467,-0.41530722892434985
43,2,159,0,inner_oof,f1_f2,0,0.4337731354142134,-0.26647315074952693
43,2,77,1,inner_oof,f1_f2,1,0.5176507020242997,0.07063215819640552
43,2,29,0,inner_oof,f1_f2,1,0.5302293317964876,0.12106497883055378
43,2,103,0,inner_oof,f1_f2,0,0.47484451906664776,-0.10070695073509855
43,2,16,1,inner_oof,f1_f2,1,0.5521754183696659,0.20946418582016538
43,2,236,1,inner_oof,f1_f2,1,0.5197388034386733,0.07899626889694397
43,2,287,1,inner_oof,f1_f2,0,0.46227724992633557,-0.151178273741228
43,2,277,1,inner_oof,f1_f2,0,0.4674511523806447,-0.13037976961162337
43,2,86,1,inner_oof,f1_f2,1,0.5277176522393201,0.11098438998316773
43,2,164,1,inner_oof,f1_f2,0,0.48069143984751356,-0.07727266767626863
43,2,7,1,inner_oof,f1_f2,0,0.3486780617377985,-0.624855011518988
43,2,250,1,inner_oof,f1_f2,1,0.5204502228383198,0.08184655063437596
43,2,197,1,inner_oof,f1_f2,0,0.4613216012551194,-0.15502331364316305
43,2,215,0,inner_oof,f1_f2,1,0.5084300268643592,0.03372330311094532
43,2,143,1,inner_oof,f1_f2,0,0.4472235292543149,-0.21189517270510505
43,2,79,1,inner_oof,f1_f2,1,0.5004334948216856,0.0017339797212034894
43,2,283,0,inner_oof,f1_f2,0,0.3896471981598317,-0.4487954440469535
43,2,45,0,inner_oof,f1_f2,0,0.44122252140235113,-0.2362019915506899
43,2,188,1,inner_oof,f1_f2,1,0.547257585924363,0.1895962567996965
43,2,303,0,inner_oof,f1_f2,1,0.5086213393361001,0.03448877556767796
43,2,9,0,inner_oof,f1_f2,1,0.5524411123072616,0.2105387219853347
43,2,12,0,inner_oof,f1_f2,0,0.48965803265229124,-0.04137377031068379
43,2,187,1,inner_oof,f1_f2,0,0.47013688769301004,-0.11959479181083557
43,2,162,1,inner_oof,f1_f2,1,0.5622824105259212,0.2504303039797255
43,2,212,1,inner_oof,f1_f2,1,0.533423733260913,0.13389461102078903
43,2,228,0,inner_oof,f1_f2,1,0.5274151544195094,0.10977070953134782
43,2,158,0,inner_oof,f1_f2,1,0.5106453149778233,0.042587695561265335
43,2,50,1,inner_oof,f1_f2,0,0.4963769031622584,-0.014492641011111283
43,2,165,1,inner_oof,f1_f3,1,0.6355468438298717,0.5560877718013644
43,2,191,0,inner_oof,f1_f3,1,0.6406991452771413,0.5783999216263722
43,2,14,1,inner_oof,f1_f3,1,0.6093822868062047,0.44471643342365064
43,2,152,0,inner_oof,f1_f3,1,0.6174933391274569,0.47892221444499516
43,2,205,1,inner_oof,f1_f3,1,0.629573003688094,0.5303854333431824
43,2,309,0,inner_oof,f1_f3,0,0.4194506389860542,-0.3250289767346153
43,2,284,1,inner_oof,f1_f3,0,0.4451332075631496,-0.22035449110060756
43,2,134,0,inner_oof,f1_f3,0,0.4632669680587152,-0.1471973308753278
43,2,184,0,inner_oof,f1_f3,0,0.2622920507828301,-1.034089432918163
43,2,2,0,inner_oof,f1_f3,0,0.48881795488181,-0.044735639682239745
43,2,296,0,inner_oof,f1_f3,1,0.5188029625682362,0.07524733539451818
43,2,68,0,inner_oof,f1_f3,1,0.6949027110187382,0.8231411456099424
43,2,67,0,inner_oof,f1_f3,1,0.551339644482667,0.20608487893356714
43,2,289,0,inner_oof,f1_f3,0,0.46542498884880856,-0.13852111683681645
43,2,186,0,inner_oof,f1_f3,1,0.594670426192873,0.3833068478569803
43,2,300,0,inner_oof,f1_f3,1,0.7488000646201005,1.0922228341132023
43,2,56,1,inner_oof,f1_f3,0,0.4621275535725171,-0.15178050066741172
43,2,297,1,inner_oof,f1_f3,0,0.4716394152836329,-0.11356423326160092
43,2,292,1,inner_oof,f1_f3,0,0.3208674560607903,-0.7497881847405514
43,2,305,0,inner_oof,f1_f3,0,0.21085266993463095,-1.319793390701887
43,2,98,1,inner_oof,f1_f3,1,0.5935626267088193,0.3787128756003109
43,2,221,1,inner_oof,f1_f3,1,0.7204864658571551,0.9468759167708811
43,2,11,1,inner_oof,f1_f3,0,0.20136347620672582,-1.3777943140418545
43,2,157,0,inner_oof,f1_f3,0,0.47224537107147707,-0.11113275327972297
43,2,35,1,inner_oof,f1_f3,1,0.6274094524547779,0.5211192727783942
43,2,47,1,inner_oof,f1_f3,0,0.375309258619823,-0.5095063377303366
43,2,75,0,inner_oof,f1_f3,0,0.25138622389371407,-1.091232700698148
43,2,269,0,inner_oof,f1_f3,1,0.5695005425229717,0.2798136718660817
43,2,199,0,inner_oof,f1_f3,1,0.6465118472174486,0.6037415524835112
43,2,148,0,inner_oof,f1_f3,0,0.3466873595672075,-0.6336323975027885
43,2,114,0,inner_oof,f1_f3,0,0.3850017612013761,-0.46837149523399246
43,2,81,1,inner_oof,f1_f3,0,0.49442778257544523,-0.0222897925145146
43,2,110,1,inner_oof,f1_f3,0,0.2250424913147009,-1.2365189656854159
43,2,51,0,inner_oof,f1_f3,1,0.541815084032546,0.16765192057081785
43,2,60,1,inner_oof,f1_f3,0,0.40015421707888377,-0.4048225782111601
43,2,17,0,inner_oof,f1_f3,1,0.6980221114712736,0.8378969826841385
43,2,159,0,inner_oof,f1_f3,1,0.7932636396460117,1.3447112649108386
43,2,77,1,inner_oof,f1_f3,0,0.4539940868525404,-0.18454563222401216
43,2,29,0,inner_oof,f1_f3,0,0.4194305948238807,-0.32511129017916895
43,2,103,0,inner_oof,f1_f3,0,0.4205454740890076,-0.32053457198648194
43,2,16,1,inner_oof,f1_f3,0,0.24116812024128934,-1.146285965919181
43,2,236,1,inner_oof,f1_f3,1,0.8107677677977252,1.4550066576229117
43,2,287,1,inner_oof,f1_f3,1,0.7404982867033502,1.0485600151193692
43,2,277,1,inner_oof,f1_f3,1,0.5082178906370056,0.032874522946682305
43,2,86,1,inner_oof,f1_f3,1,0.699608308240295,0.8454333565252151
43,2,164,1,inner_oof,f1_f3,1,0.870464974385474,1.9050762095604223
43,2,7,1,inner_oof,f1_f3,0,0.4130262427534463,-0.3514689795458451
43,2,250,1,inner_oof,f1_f3,0,0.324446470105645,-0.7334118377249315
43,2,197,1,inner_oof,f1_f3,1,0.7171086694964129,0.9301645577308071
43,2,215,0,inner_oof,f1_f3,0,0.4368142558090431,-0.25410143153894416
43,2,143,1,inner_oof,f1_f3,1,0.5833176914362177,0.336407881732475
43,2,79,1,inner_oof,f1_f3,0,0.42609544878675204,-0.297799716050454
43,2,283,0,inner_oof,f1_f3,0,0.4497747444415035,-0.20158086041177697
43,2,45,0,inner_oof,f1_f3,1,0.5208679114838859,0.08352016248507707
43,2,188,1,inner_oof,f1_f3,1,0.6011944954656617,0.4104446611883267
43,2,303,0,inner_oof,f1_f3,0,0.4796877263739716,-0.08129383540048452
43,2,9,0,inner_oof,f1_f3,0,0.48620939928409096,-0.05517639701510049
43,2,12,0,inner_oof,f1_f3,1,0.592273421758009,0.3733715909520331
43,2,187,1,inner_oof,f1_f3,1,0.7489760645057496,1.0931587312853415
43,2,162,1,inner_oof,f1_f3,0,0.39451429215576755,-0.4283755906625337
43,2,212,1,inner_oof,f1_f3,1,0.5710292731806024,0.28605179411024284
43,2,228,0,inner_oof,f1_f3,0,0.4469204470053881,-0.21312124043930747
43,2,158,0,inner_oof,f1_f3,0,0.2833315087607692,-0.9279957572379195
43,2,50,1,inner_oof,f1_f3,1,0.7493171123557306,1.0949735303642034
43,2,165,1,inner_oof,f2_f3,1,0.6791458091878578,0.7498490598727784
43,2,191,0,inner_oof,f2_f3,1,0.6869016255810552,0.7856736513359847
43,2,14,1,inner_oof,f2_f3,1,0.6469986910798297,0.6058725065227396
43,2,152,0,inner_oof,f2_f3,1,0.5934440463790174,0.3782213654327141
43,2,205,1,inner_oof,f2_f3,1,0.50732637766859,0.02930760827393769
43,2,309,0,inner_oof,f2_f3,0,0.4081954866911123,-0.37143017264315903
43,2,284,1,inner_oof,f2_f3,0,0.45107053724699026,-0.19634622095795545
43,2,134,0,inner_oof,f2_f3,0,0.44548255458164504,-0.21894018086956746
43,2,184,0,inner_oof,f2_f3,0,0.3015867657338231,-0.8397531987751816
43,2,2,0,inner_oof,f2_f3,1,0.5215252984380548,0.08615444497495506
43,2,296,0,inner_oof,f2_f3,1,0.5624723911601072,0.2512022407656347
43,2,68,0,inner_oof,f2_f3,1,0.5869796631747178,0.35149334041329533
43,2,67,0,inner_oof,f2_f3,1,0.5485100570019917,0.1946525170467133
43,2,289,0,inner_oof,f2_f3,0,0.4883730424857653,-0.04651621572990883
43,2,186,0,inner_oof,f2_f3,1,0.6134515663312087,0.4618441408700413
43,2,300,0,inner_oof,f2_f3,1,0.7559872468094578,1.1308040156359125
43,2,56,1,inner_oof,f2_f3,0,0.46272935843157825,-0.14935961142066406
43,2,297,1,inner_oof,f2_f3,1,0.5040641614244661,0.016257003735592385
43,2,292,1,inner_oof,f2_f3,0,0.32366929333568883,-0.7369598725175671
43,2,305,0,inner_oof,f2_f3,0,0.24105478367155536,-1.1469053702431808
43,2,98,1,inner_oof,f2_f3,0,0.48985310801602433,-0.040593141142893974
43,2,221,1,inner_oof,f2_f3,1,0.7087249968389616,0.889199727632635
43,2,11,1,inner_oof,f2_f3,0,0.21363551201782174,-1.303149062077754
43,2,157,0,inner_oof,f2_f3,1,0.5082783781820592,0.03311653898626271
43,2,35,1,inner_oof,f2_f3,1,0.5617604471012656,0.2483098230194149
43,2,47,1,inner_oof,f2_f3,0,0.36576617723338917,-0.5504234228454313
43,2,75,0,inner_oof,f2_f3,0,0.3178458847825922,-0.7636889814506985
43,2,269,0,inner_oof,f2_f3,1,0.5619330283322581,0.24901087408527045
43,2,199,0,inner_oof,f2_f3,1,0.5759778043860391,0.3062833238934442
43,2,148,0,inner_oof,f2_f3,0,0.4200402610386549,-0.32260811924818455
43,2,114,0,inner_oof,f2_f3,0,0.404025250218491,-0.38872092348057985
43,2,81,1,inner_oof,f2_f3,1,0.5592250642581045,0.2380176161673599
43,2,110,1,inner_oof,f2_f3,0,0.1673393079939726,-1.6046026911291684
43,2,51,0,inner_oof,f2_f3,1,0.6357131347770304,0.5568057671124653
43,2,60,1,inner_oof,f2_f3,0,0.40637272661728363,-0.37898085221254907
43,2,17,0,inner_oof,f2_f3,1,0.7120255025405684,0.9052418032184404
43,2,159,0,inner_oof,f2_f3,1,0.6799824172185616,0.7536910003280458
43,2,77,1,inner_oof,f2_f3,0,0.4448315365429831,-0.22157596452419773
43,2,29,0,inner_oof,f2_f3,1,0.5153411464484579,0.06138385294827739
43,2,103,0,inner_oof,f2_f3,0,0.39413835493159044,-0.4299496492287212
43,2,16,1,inner_oof,f2_f3,0,0.3415358592679862,-0.6564573850374181
43,2,236,1,inner_oof,f2_f3,1,0.8202510185378469,1.5180490834096965
43,2,287,1,inner_oof,f2_f3,1,0.6297488763594858,0.5311396430077083
43,2,277,1,inner_oof,f2_f3,1,0.5782167848745554,0.3154573848822444
43,2,86,1,inner_oof,f2_f3,1,0.6498024422115473,0.6181709355677404
43,2,164,1,inner_oof,f2_f3,1,0.8451784458966026,1.6972745937810765
43,2,7,1,inner_oof,f2_f3,0,0.3282923826261619,-0.7159185308895296
43,2,250,1,inner_oof,f2_f3,0,0.36976727046032526,-0.5332153541578308
43,2,197,1,inner_oof,f2_f3,1,0.6833867941525809,0.7693801577149266
43,2,215,0,inner_oof,f2_f3,0,0.3983004506024518,-0.41255161184259886
43,2,143,1,inner_oof,f2_f3,1,0.6400878186584635,0.5757453226203981
43,2,79,1,inner_oof,f2_f3,0,0.4760236251232174,-0.09597911158005865
43,2,283,0,inner_oof,f2_f3,0,0.39747536031346564,-0.41599561473354196
43,2,45,0,inner_oof,f2_f3,0,0.4812682700941362,-0.0749620027527552
43,2,188,1,inner_oof,f2_f3,1,0.5801594763493406,0.32342809139178297
43,2,303,0,inner_oof,f2_f3,0,0.3075723559351199,-0.8114933840766673
43,2,9,0,inner_oof,f2_f3,0,0.4903184974998472,-0.038730850885168394
43,2,12,0,inner_oof,f2_f3,0,0.4992341124614283,-0.0030635525503282246
43,2,187,1,inner_oof,f2_f3,1,0.7255447816958523,0.9721346872125554
43,2,162,1,inner_oof,f2_f3,0,0.45330852392878696,-0.18731165224069637
43,2,212,1,inner_oof,f2_f3,1,0.5634068859948275,0.2550004054508776
43,2,228,0,inner_oof,f2_f3,0,0.3930838349765742,-0.4343677582149721
43,2,158,0,inner_oof,f2_f3,0,0.2937137856487961,-0.8774147831427972
43,2,50,1,inner_oof,f2_f3,1,0.7031082917036019,0.8621434684174554
43,2,165,1,inner_oof,f1_f2_f3,1,0.673725481947483,0.7250836241985824
43,2,191,0,inner_oof,f1_f2_f3,1,0.6803323832725967,0.7552997194305745
43,2,14,1,inner_oof,f1_f2_f3,1,0.6590749299511037,0.6591745133332853
43,2,152,0,inner_oof,f1_f2_f3,1,0.5788790890084321,0.31817363653826874
43,2,205,1,inner_oof,f1_f2_f3,1,0.5880468529541628,0.35589700449872896
43,2,309,0,inner_oof,f1_f2_f3,0,0.44650558078735186,-0.21479977017227464
43,2,284,1,inner_oof,f1_f2_f3,0,0.43288073888871814,-0.27010735842042094
43,2,134,0,inner_oof,f1_f2_f3,0,0.44528794396967186,-0.2197280231401859
43,2,184,0,inner_oof,f1_f2_f3,0,0.3129241241495874,-0.7864839850254607
43,2,2,0,inner_oof,f1_f2_f3,1,0.5073392916500611,0.029359275312466918
43,2,296,0,inner_oof,f1_f2_f3,1,0.54873399714739,0.19555682918680928
43,2,68,0,inner_oof,f1_f2_f3,1,0.6857650056991107,0.7803939162520508
43,2,67,0,inner_oof,f1_f2_f3,1,0.6074099707507895,0.4364380831339161
43,2,289,0,inner_oof,f1_f2_f3,1,0.5097788083345522,0.03912022168015668
43,2,186,0,inner_oof,f1_f2_f3,1,0.6134789316400613,0.46195954513073656
43,2,300,0,inner_oof,f1_f2_f3,1,0.7761589631489673,1.2434212056088687
43,2,56,1,inner_oof,f1_f2_f3,0,0.4979566542091298,-0.008173428665291832
43,2,297,1,inner_oof,f1_f2_f3,1,0.5395659854205306,0.15859553107814034
43,2,292,1,inner_oof,f1_f2_f3,0,0.36264711675146294,-0.5638932477473163
43,2,305,0,inner_oof,f1_f2_f3,0,0.20786332711587094,-1.33785316114421
43,2,98,1,inner_oof,f1_f2_f3,1,0.5850204141382661,0.34341741425967526
43,2,221,1,inner_oof,f1_f2_f3,1,0.7334048815924437,1.011966814699274
43,2,11,1,inner_oof,f1_f2_f3,0,0.19587652855708126,-1.4122683244512673
43,2,157,0,inner_oof,f1_f2_f3,1,0.5360751810539631,0.14455190343048563
43,2,35,1,inner_oof,f1_f2_f3,1,0.682423317628838,0.764930857173313
43,2,47,1,inner_oof,f1_f2_f3,0,0.3619047273978931,-0.5671066090904392
43,2,75,0,inner_oof,f1_f2_f3,0,0.334999621316529,-0.6856582086785139
43,2,269,0,inner_oof,f1_f2_f3,1,0.5438961679174269,0.17603787530981607
43,2,199,0,inner_oof,f1_f2_f3,1,0.6393176792275731,0.572403908382859
43,2,148,0,inner_oof,f1_f2_f3,0,0.38957453141664694,-0.44910100499109673
43,2,114,0,inner_oof,f1_f2_f3,0,0.3972379926561866,-0.4169868590026711
43,2,81,1,inner_oof,f1_f2_f3,1,0.5375016619314592,0.15028888838183688
43,2,110,1,inner_oof,f1_f2_f3,0,0.22420698656796617,-1.2413160769703548
43,2,51,0,inner_oof,f1_f2_f3,1,0.5837840966808492,0.338327093017436
43,2,60,1,inner_oof,f1_f2_f3,0,0.41410574077989853,-0.34701797455303623
43,2,17,0,inner_oof,f1_f2_f3,1,0.6495595479358153,0.6171037168545905
43,2,159,0,inner_oof,f1_f2_f3,1,0.7402479732882515,1.0472577966067167
43,2,77,1,inner_oof,f1_f2_f3,0,0.46436542342049014,-0.14278037570754065
43,2,29,0,inner_oof,f1_f2_f3,0,0.46755156416337584,-0.12997641846315833
43,2,103,0,inner_oof,f1_f2_f3,0,0.39668052940642756,-0.41931561350083113
43,2,16,1,inner_oof,f1_f2_f3,0,0.29152031150018276,-0.8880117077972242
43,2,236,1,inner_oof,f1_f2_f3,1,0.8298396841670561,1.5844915035443194
43,2,287,1,inner_oof,f1_f2_f3,1,0.6985682145885429,0.8404890927491048
43,2,277,1,inner_oof,f1_f2_f3,1,0.5100949809549505,0.0403854119129991
43,2,86,1,inner_oof,f1_f2_f3,1,0.7092446763986727,0.8917184665779881
43,2,164,1,inner_oof,f1_f2_f3,1,0.865863168154638,1.8648664795146281
43,2,7,1,inner_oof,f1_f2_f3,0,0.29366678342411007,-0.8776413694464779
43,2,250,1,inner_oof,f1_f2_f3,0,0.34698721887215295,-0.6323087559748243
43,2,197,1,inner_oof,f1_f2_f3,1,0.6942713624206012,0.8201649930030536
43,2,215,0,inner_oof,f1_f2_f3,0,0.4317029420188016,-0.2749065539138458
43,2,143,1,inner_oof,f1_f2_f3,1,0.571097538597484,0.2863304853498129
43,2,79,1,inner_oof,f1_f2_f3,0,0.44128521701820306,-0.2359476987189458
43,2,283,0,inner_oof,f1_f2_f3,0,0.3633514413143015,-0.560847266320252
43,2,45,0,inner_oof,f1_f2_f3,0,0.47314169612905,-0.10753672666505854
43,2,188,1,inner_oof,f1_f2_f3,1,0.6310094229937143,0.5365496887126028
43,2,303,0,inner_oof,f1_f2_f3,0,0.43450493122049866,-0.2634942815860103
43,2,9,0,inner_oof,f1_f2_f3,1,0.5250521954681976,0.10029276478859797
43,2,12,0,inner_oof,f1_f2_f3,1,0.5642754269661651,0.25853214747178577
43,2,187,1,inner_oof,f1_f2_f3,1,0.7357171557319201,1.023825836157794
43,2,162,1,inner_oof,f1_f2_f3,0,0.452056894897661,-0.1923634131739069
43,2,212,1,inner_oof,f1_f2_f3,1,0.5956011706537647,0.3871696739607977
43,2,228,0,inner_oof,f1_f2_f3,0,0.45017230514826345,-0.19997453724946412
43,2,158,0,inner_oof,f1_f2_f3,0,0.288367738934243,-0.903324753790772
43,2,50,1,inner_oof,f1_f2_f3,1,0.7433532583068365,1.0634707869245212
43,3,257,0,in_sample,f1,1,0.5813002906414689,0.3281134958197109
43,3,301,1,in_sample,f1,1,0.5170479734023211,0.06821833717892088
43,3,20,0,in_sample,f1,1,0.5394996593436246,0.15832855781984725
43,3,53,1,in_sample,f1,1,0.5474778884400605,0.19048544719231175
43,3,126,0,in_sample,f1,1,0.5484844510921052,0.19454912066070632
43,3,268,1,in_sample,f1,1,0.7168707346330963,0.9289919764834352
43,3,155,1,in_sample,f1,1,0.5904420740763636,0.3657931858903558
43,3,263,1,in_sample,f1,0,0.48015769761061067,-0.07941091431131625
43,3,225,0,in_sample,f1,1,0.644559874016541,0.5952109049411318
43,3,180,0,in_sample,f1,1,0.6215060241349628,0.4959454468614227
43,3,195,0,in_sample,f1,1,0.7001636407648941,0.8480772236267109
43,3,128,1,in_sample,f1,1,0.578283783950093,0.31573210986676237
43,3,41,1,in_sample,f1,0,0.48251958243645077,-0.0699501786506494
43,3,194,0,in_sample,f1,1,0.5808760690293302,0.3263707736196191
43,3,193,1,in_sample,f1,0,0.46033643741535885,-0.15898830530587774
43,3,66,0,in_sample,f1,0,0.4350863645686063,-0.2611283111984166
43,3,282,0,in_sample,f1,0,0.42235432551024443,-0.3131160651337502
43,3,286,0,in_sample,f1,0,0.3453987057302624,-0.6393269207132958
43,3,293,1,in_sample,f1,1,0.5531943756278612,0.2135857775249922
43,3,95,0,in_sample,f1,1,0.5251944079886381,0.10086305469724267
43,3,104,1,in_sample,f1,0,0.49666801655848347,-0.01332813106230369
43,3,117,0,in_sample,f1,0,0.41999769960545524,-0.3227828355975449
43,3,13,0,in_sample,f1,1,0.5914329267196472,0.36989218685722314
43,3,33,1,in_sample,f1,0,0.4549861677998677,-0.18054415647590474
43,3,74,0,in_sample,f1,1,0.6029211841240578,0.41765169228469956
43,3,223,1,in_sample,f1,1,0.5837157229056631,0.33804570318985905
43,3,178,1,in_sample,f1,1,0.5426081002945741,0.1708467567810995
43,3,38,0,in_sample,f1,1,0.556982208804379,0.2289233683607333
43,3,88,1,in_sample,f1,1,0.5587760009054282,0.23619599795741747
43,3,177,1,in_sample,f1,1,0.520695625803578,0.08282982718365958
43,3,313,0,in_sample,f1,0,0.4582640147558662,-0.16733330120441
43,3,171,1,in_sample,f1,0,0.3906765564974421,-0.4444692362236852
43,3,83,1,in_sample,f1,0,0.4818231252696746,-0.0727395543017825
43,3,259,0,in_sample,f1,1,0.5707021530140164,0.28471649007575767
43,3,146,1,in_sample,f1,1,0.618924710440107,0.48498666833621584
43,3,315,0,in_sample,f1,0,0.3941205016976631,-0.4300244142004958
43,3,198,0,in_sample,f1,0,0.38036599988289854,-0.48799503457014487
43,3,233,1,in_sample,f1,0,0.33577216973338364,-0.6821923447937612
43,3,111,0,in_sample,f1,0,0.4392490260269619,-0.24421040060007687
43,3,73,0,in_sample,f1,0,0.3256857396233584,-0.7277633363873164
43,3,87,1,in_sample,f1,0,0.48784845762206774,-0.04861574248596427
43,3,276,0,in_sample,f1,0,0.289137901274236,-0.8995747156762125
43,3,260,0,in_sample,f1,0,0.34727539872361096,-0.6310371750511992
43,3,97,1,in_sample,f1,0,0.35524307126888455,-0.5960711281181079
43,3,169,0,in_sample,f1,1,0.6113077382871168,0.45281256615574045
43,3,156,0,in_sample,f1,1,0.5111650604192747,0.04466766694145271
43,3,149,0,in_sample,f1,1,0.6021860927095932,0.4145821953245414
43,3,116,1,in_sample,f1,0,0.4947175139581354,-0.0211307303852891
43,3,237,1,in_sample,f1,1,0.5710969129206894,0.2863279309954748
43,3,201,0,in_sample,f1,0,0.4568068792446863,-0.17320419399906375
43,3,222,1,in_sample,f1,1,0.5393490747682645,0.15772245127484746
43,3,15,1,in_sample,f1,0,0.3693778545144793,-0.534886748524342
43,3,40,0,in_sample,f1,1,0.6904221368062031,0.8020935651481368
43,3,120,1,in_sample,f1,0,0.44736541140980934,-0.21132126713224833
43,3,24,1,in_sample,f1,0,0.31621562920749463,-0.7712182687547391
43,3,129,1,in_sample,f1,0,0.4053574406158074,-0.38319123720507403
43,3,209,0,in_sample,f1,1,0.5178553788089918,0.07145189877869168
43,3,70,0,in_sample,f1,0,0.3414204187861734,-0.6569707485891957
43,3,196,0,in_sample,f1,0,0.2570576970583869,-1.0613178256478648
43,3,288,1,in_sample,f1,1,0.5044083344820117,0.01763379485060701
43,3,254,0,in_sample,f1,1,0.50373296222191,0.014932126330809328
43,3,131,1,in_sample,f1,1,0.5349479405080818,0.14002007948243822
43,3,140,1,in_sample,f1,0,0.4393335855480135,-0.24386710153767233
43,3,257,0,in_sample,f2,1,0.7270597687022674,0.9797558487093497
43,3,301,1,in_sample,f2,1,0.7250245030325646,0.9695234598096962
43,3,20,0,in_sample,f2,1,0.8857183932882194,2.047733422855798
43,3,53,1,in_sample,f2,1,0.7494043353633242,1.0954379290765095
43,3,126,0,in_sample,f2,1,0.5325242738242639,0.13028105642916754
43,3,268,1,in_sample,f2,1,0.6938911252656713,0.8183742297231654
43,3,155,1,in_sample,f2,0,0.2694486455934005,-0.9974217112642214
43,3,263,1,in_sample,f2,1,0.9075195417783147,2.283717739816122
43,3,225,0,in_sample,f2,0,0.3646213757924183,-0.555361591204999
43,3,180,0,in_sample,f2,1,0.6909213864948414,0.8044303923818421
43,3,195,0,in_sample,f2,1,0.5426791873121706,0.17113318833258223
43,3,128,1,in_sample,f2,1,0.7297320028789329,0.9932632987491687
43,3,41,1,in_sample,f2,1,0.8011700128674116,1.393623051762809
43,3,194,0,in_sample,f2,0,0.2667811867456424,-1.0110153776308224
43,3,193,1,in_sample,f2,1,0.551341433280826,0.2060921103701587
43,3,66,0,in_sample,f2,1,0.722630239592347,0.9575461750013198
43,3,282,0,in_sample,f2,1,0.9084063691244488,2.2943300842360244
43,3,286,0,in_sample,f2,0,0.1365770150796572,-1.8440160356167188
43,3,293,1,in_sample,f2,1,0.5145545814746042,0.05823477790096536
43,3,95,0,in_sample,f2,1,0.9388356395507317,2.7310757518461855
43,3,104,1,in_sample,f2,1,0.5282929518277641,0.11329283060651087
43,3,117,0,in_sample,f2,0,0.21847819287118042,-1.2745568479060727
43,3,13,0,in_sample,f2,0,0.16819141525499726,-1.5984996406153231
43,3,33,1,in_sample,f2,1,0.5953021394702402,0.3859283087798126
43,3,74,0,in_sample,f2,1,0.7875027630594678,1.3099378936934287
43,3,223,1,in_sample,f2,1,0.9313595072338136,2.6077627202923876
43,3,178,1,in_sample,f2,1,0.9226389447281763,2.4787544900599814
43,3,38,0,in_sample,f2,1,0.6842950654516479,0.7735811809030197
43,3,88,1,in_sample,f2,1,0.7376845479161206,1.0339684962701576
43,3,177,1,in_sample,f2,1,0.743326250274064,1.0633292248277058
43,3,313,0,in_sample,f2,0,0.1309695196377494,-1.8924135782585108
43,3,171,1,in_sample,f2,0,0.33189413228210696,-0.6996306061913887
43,3,83,1,in_sample,f2,1,0.7464444398272638,1.0797382153549124
43,3,259,0,in_sample,f2,1,0.8292263525945891,1.580154180547453
43,3,146,1,in_sample,f2,0,0.39877987989459,-0.4105515386981135
43,3,315,0,in_sample,f2,0,0.3291355011421733,-0.7120976539198673
43,3,198,0,in_sample,f2,0,0.22222282216276354,-1.2527594974141543
43,3,233,1,in_sample,f2,0,0.14928036710046455,-1.7402564220022425
43,3,111,0,in_sample,f2,0,0.221992792158087,-1.2540908751249442
43,3,73,0,in_sample,f2,1,0.903844494578284,2.240690597251588
43,3,87,1,in_sample,f2,1,0.628029269543114,0.5237716033247509
43,3,276,0,in_sample,f2,0,0.19961195419676805,-1.3887214144703708
43,3,260,0,in_sample,f2,0,0.11752093762552071,-2.0161185529038748
43,3,97,1,in_sample,f2,1,0.5416165865890324,0.16685236520607474
43,3,169,0,in_sample,f2,0,0.28748170015801167,-0.9076463892144858
43,3,156,0,in_sample,f2,1,0.7531501938617385,1.1154845891877274
43,3,149,0,in_sample,f2,1,0.6230097776285048,0.5023429613345144
43,3,116,1,in_sample,f2,0,0.18611321768026112,-1.475466082531706
43,3,237,1,in_sample,f2,1,0.8210506678885604,1.5234821174526079
43,3,201,0,in_sample,f2,0,0.398731058308289,-0.4107551744812634
43,3,222,1,in_sample,f2,0,0.27067049545899385,-0.9912234279667479
43,3,15,1,in_sample,f2,0,0.2395384962024464,-1.1552113511785842
43,3,40,0,in_sample,f2,1,0.8770358395417888,1.9646549230804016
43,3,120,1,in_sample,f2,1,0.575811281280416,0.3056015228173565
43,3,24,1,in_sample,f2,1,0.966657365938454,3.3670072255701804
43,3,129,1,in_sample,f2,0,0.11764799735885914,-2.0148939793498433
43,3,209,0,in_sample,f2,0,0.34740530703033,-0.6304641218765007
43,3,70,0,in_sample,f2,0,0.1352339074572035,-1.8554531301513975
43,3,196,0,in_sample,f2,0,0.4760876553091445,-0.09572240211662059
43,3,288,1,in_sample,f2,0,0.042038759990819644,-3.1262152682347555
43,3,254,0,in_sample,f2,0,0.3052799492405198,-0.822279737766558
43,3,131,1,in_sample,f2,0,0.4600599197147061,-0.16010142971752028
43,3,140,1,in_sample,f2,0,0.04917260500001056,-2.961995888170114
43,3,257,0,in_sample,f3,0,0.19886887436164766,-1.3933789513568366
43,3,301,1,in_sample,f3,1,0.5918867330784122,0.3717705364386502
43,3,20,0,in_sample,f3,0,0.15761236799898862,-1.676101627356287
43,3,53,1,in_sample,f3,1,0.8951215003847919,2.144156930056168
43,3,126,0,in_sample,f3,1,0.5313648324628575,0.12562428075229853
43,3,268,1,in_sample,f3,1,0.9063282932102747,2.2696054065842066
43,3,155,1,in_sample,f3,1,0.5947260027792611,0.3835374252460122
43,3,263,1,in_sample,f3,1,0.5869211806788767,0.351252115423242
43,3,225,0,in_sample,f3,1,0.652381532153989,0.6295240412241667
43,3,180,0,in_sample,f3,1,0.6172348246037345,0.4778278603524241
43,3,195,0,in_sample,f3,0,0.36287129797070145,-0.5629234588141923
43,3,128,1,in_sample,f3,1,0.6739853927162642,0.7262662501679593
43,3,41,1,in_sample,f3,0,0.464326720881145,-0.14293597706840022
43,3,194,0,in_sample,f3,0,0.1273447251341133,-1.9246428233641468
43,3,193,1,in_sample,f3,1,0.7359853405103872,1.025205570771296
43,3,66,0,in_sample,f3,0,0.4029828403021889,-0.393051875047117
43,3,282,0,in_sample,f3,1,0.5234595652136438,0.09390721061527219
43,3,286,0,in_sample,f3,1,0.5413192231339048,0.16565467320627275
43,3,293,1,in_sample,f3,1,0.7046207403064387,0.8693995443392298
43,3,95,0,in_sample,f3,0,0.4493865672556507,-0.20314952006039316
43,3,104,1,in_sample,f3,1,0.6434179539495563,0.5902301626430476
43,3,117,0,in_sample,f3,0,0.4698974279852317,-0.12055608736722195
43,3,13,0,in_sample,f3,0,0.4541737066419033,-0.1838210424815074
43,3,33,1,in_sample,f3,0,0.35156887661104924,-0.6121501464167316
43,3,74,0,in_sample,f3,0,0.4592351388136814,-0.1634221831162233
43,3,223,1,in_sample,f3,1,0.8710540397947345,1.9103106148646642
43,3,178,1,in_sample,f3,0,0.1969362826232655,-1.4055538220004384
43,3,38,0,in_sample,f3,0,0.42831618992288467,-0.2887243746214646
43,3,88,1,in_sample,f3,1,0.5218380401601712,0.08740776862823606
43,3,177,1,in_sample,f3,1,0.5685546011293353,0.2759563882237007
43,3,313,0,in_sample,f3,0,0.04092883257958304,-3.154130514429614
43,3,171,1,in_sample,f3,0,0.15509761906774777,-1.6951663760443605
43,3,83,1,in_sample,f3,1,0.6677729593587779,0.6981296420188284
43,3,259,0,in_sample,f3,1,0.6195325230123545,0.4875644992601672
43,3,146,1,in_sample,f3,1,0.7590505441930531,1.1474811837653769
43,3,315,0,in_sample,f3,1,0.7640294398755538,1.1748992702837582
43,3,198,0,in_sample,f3,1,0.5922206222161476,0.3731529506958905
43,3,233,1,in_sample,f3,1,0.7109316381703982,0.8999130700715108
43,3,111,0,in_sample,f3,1,0.5667510974725012,0.26860783034065217
43,3,73,0,in_sample,f3,0,0.13034594275623765,-1.897903483090898
43,3,87,1,in_sample,f3,0,0.486998507541073,-0.05201769596269056
43,3,276,0,in_sample,f3,0,0.17730273421580062,-1.5347296563328015
43,3,260,0,in_sample,f3,0,0.2501285468703895,-1.0979268228185077
43,3,97,1,in_sample,f3,1,0.67521538482179,0.7318694884959486
43,3,169,0,in_sample,f3,0,0.11655824157199791,-2.0254342924295585
43,3,156,0,in_sample,f3,0,0.3473078630814981,-0.6308939584646083
43,3,149,0,in_sample,f3,0,0.15313519744948204,-1.7102198880567503
43,3,116,1,in_sample,f3,1,0.5976472944697198,0.39567169047621203
43,3,237,1,in_sample,f3,0,0.11873367464393267,-2.0044769224003387
43,3,201,0,in_sample,f3,0,0.06508881397721171,-2.6646988304227905
43,3,222,1,in_sample,f3,0,0.41674089472406634,-0.33616684895468074
43,3,15,1,in_sample,f3,0,0.3815928684556657,-0.48279277859209924
43,3,40,0,in_sample,f3,1,0.5114371411998848,0.04575654635522986
43,3,120,1,in_sample,f3,1,0.5191723202265573,0.07672689980801868
43,3,24,1,in_sample,f3,0,0.2094506945397431,-1.3282396637987248
43,3,129,1,in_sample,f3,0,0.3535266041924178,-0.6035733043662133
43,3,209,0,in_sample,f3,0,0.29256031413665795,-0.8829815286285402
43,3,70,0,in_sample,f3,1,0.5767474983936357,0.3094356281599044
43,3,196,0,in_sample,f3,0,0.32417653727429213,-0.7346436565872527
43,3,288,1,in_sample,f3,1,0.7181064739024915,0.9350884177856804
43,3,254,0,in_sample,f3,0,0.48419357851910966,-0.06324676055186765
43,3,131,1,in_sample,f3,1,0.7448549034429098,1.071357049489889
43,3,140,1,in_sample,f3,1,0.5647773905699913,0.2605740085097175
43,3,257,0,in_sample,f1_f2,1,0.7463648727853374,1.0793178590167125
43,3,301,1,in_sample,f1_f2,1,0.7269258947530932,0.9790813332581134
43,3,20,0,in_sample,f1_f2,1,0.8879494178601697,2.0699643839094612
43,3,53,1,in_sample,f1_f2,1,0.7586421728725767,1.1452496285501905
43,3,126,0,in_sample,f1_f2,1,0.549375374730886,0.19814727408467248
43,3,268,1,in_sample,f1_f2,1,0.7556944014408862,1.1292171688187065
43,3,155,1,in_sample,f1_f2,0,0.2992885197396799,-0.8506881621413133
43,3,263,1,in_sample,f1_f2,1,0.9019769433990367,2.219386235657064
43,3,225,0,in_sample,f1_f2,0,0.4166243738371636,-0.3366462439290686
43,3,180,0,in_sample,f1_f2,1,0.7241720474056551,0.9652516875112934
43,3,195,0,in_sample,f1_f2,1,0.6142142272618009,0.46506154913631814
43,3,128,1,in_sample,f1_f2,1,0.7480607438043294,1.088296171359433
43,3,41,1,in_sample,f1_f2,1,0.7937900710618735,1.3479243097573583
43,3,194,0,in_sample,f1_f2,0,0.29364912132843685,-0.8777265195944163
43,3,193,1,in_sample,f1_f2,1,0.5374242677076796,0.14997756374226626
43,3,66,0,in_sample,f1_f2,1,0.701202607197135,0.8530311435722164
43,3,282,0,in_sample,f1_f2,1,0.8955493480181931,2.1487225966170267
43,3,286,0,in_sample,f1_f2,0,0.11594045708415991,-2.031447658285265
43,3,293,1,in_sample,f1_f2,1,0.5334372591732157,0.13394895762062525
43,3,95,0,in_sample,f1_f2,1,0.9382882220795085,2.7215823719978562
43,3,104,1,in_sample,f1_f2,1,0.5273030703929051,0.109321027035803
43,3,117,0,in_sample,f1_f2,0,0.20392000728608842,-1.3619718783564583
43,3,13,0,in_sample,f1_f2,0,0.1915487577504949,-1.43997798489006
43,3,33,1,in_sample,f1_f2,1,0.5791372667395126,0.3192327937639656
43,3,74,0,in_sample,f1_f2,1,0.8076596850514675,1.4348745111918328
43,3,223,1,in_sample,f1_f2,1,0.9359977922114635,2.6826955382658153
43,3,178,1,in_sample,f1_f2,1,0.9239941907887025,2.4978960102407766
43,3,38,0,in_sample,f1_f2,1,0.6989453876449446,0.8422809252314316
43,3,88,1,in_sample,f1_f2,1,0.7503914826671876,1.100701287394789
43,3,177,1,in_sample,f1_f2,1,0.7458006242768841,1.0763394018979966
43,3,313,0,in_sample,f1_f2,0,0.12839395022212052,-1.9152342705533065
43,3,171,1,in_sample,f1_f2,0,0.3017066269179495,-0.8391842085535033
43,3,83,1,in_sample,f1_f2,1,0.7385575119223023,1.0384846471638325
43,3,259,0,in_sample,f1_f2,1,0.839471880449401,1.654303853446675
43,3,146,1,in_sample,f1_f2,0,0.4421156902314247,-0.23258002028748603
43,3,315,0,in_sample,f1_f2,0,0.3001835275454421,-0.8464240723667991
43,3,198,0,in_sample,f1_f2,0,0.19815319292167333,-1.397877142836704
43,3,233,1,in_sample,f1_f2,0,0.1251706076190925,-1.944351219531438
43,3,111,0,in_sample,f1_f2,0,0.21171892895882927,-1.3145951271833598
43,3,73,0,in_sample,f1_f2,1,0.8756787501296391,1.9521303598569786
43,3,87,1,in_sample,f1_f2,1,0.6225713174866737,0.5004765576734495
43,3,276,0,in_sample,f1_f2,0,0.15785069370480528,-1.6743077122100818
43,3,260,0,in_sample,f1_f2,0,0.09995670175105241,-2.1977057615979683
43,3,97,1,in_sample,f1_f2,0,0.4899393242467497,-0.04024813533746663
43,3,169,0,in_sample,f1_f2,0,0.3246975931626511,-0.7322663340897186
43,3,156,0,in_sample,f1_f2,1,0.7529398477416821,1.1143535027426463
43,3,149,0,in_sample,f1_f2,1,0.654785504623446,0.6401417585775142
43,3,116,1,in_sample,f1_f2,0,0.1892721359724353,-1.4547465894275695
43,3,237,1,in_sample,f1_f2,1,0.8319021074783102,1.599168271333175
43,3,201,0,in_sample,f1_f2,0,0.386709556261223,-0.46116472015680754
43,3,222,1,in_sample,f1_f2,0,0.2856114062108817,-0.9167948959130658
43,3,15,1,in_sample,f1_f2,0,0.21110424454812382,-1.318282128284575
43,3,40,0,in_sample,f1_f2,1,0.9012950498006309,2.211697574081664
43,3,120,1,in_sample,f1_f2,1,0.5571521171728889,0.2296119720369486
43,3,24,1,in_sample,f1_f2,1,0.9545203897002826,3.043944904355429
43,3,129,1,in_sample,f1_f2,0,0.10808020254031757,-2.1105026477404265
43,3,209,0,in_sample,f1_f2,0,0.3561320911742674,-0.59219188989018
43,3,70,0,in_sample,f1_f2,0,0.11417270779329931,-2.048809719202497
43,3,196,0,in_sample,f1_f2,0,0.3870499004805238,-0.45972990237484157
43,3,288,1,in_sample,f1_f2,0,0.04463491378459558,-3.0635771835931647
43,3,254,0,in_sample,f1_f2,0,0.30995893664652346,-0.8003112816523179
43,3,131,1,in_sample,f1_f2,0,0.4734877874337962,-0.10614840688324922
43,3,140,1,in_sample,f1_f2,0,0.04774640543084038,-2.9929275950103857
43,3,257,0,in_sample,f1_f3,0,0.22647734953204376,-1.2283100148150718
43,3,301,1,in_sample,f1_f3,1,0.5957490576071635,0.3877837044505815
43,3,20,0,in_sample,f1_f3,0,0.1730534163635558,-1.5641397904664802
43,3,53,1,in_sample,f1_f3,1,0.895673215149879,2.1500474963282206
43,3,126,0,in_sample,f1_f3,1,0.5486523066892719,0.1952269386412327
43,3,268,1,in_sample,f1_f3,1,0.9269353950064272,2.540539820908692
43,3,155,1,in_sample,f1_f3,1,0.6242304098879288,0.5075433835290916
43,3,263,1,in_sample,f1_f3,1,0.5778959081986622,0.3141418161765705
43,3,225,0,in_sample,f1_f3,1,0.6962457504736436,0.8294837030067591
43,3,180,0,in_sample,f1_f3,1,0.656180474844262,0.6463189816705023
43,3,195,0,in_sample,f1_f3,0,0.441734871618326,-0.2341241258714291
43,3,128,1,in_sample,f1_f3,1,0.6945497815296817,0.8214770249575296
43,3,41,1,in_sample,f1_f3,0,0.4597459893521858,-0.16136527914239918
43,3,194,0,in_sample,f1_f3,0,0.14882719186608037,-1.7438293260063569
43,3,193,1,in_sample,f1_f3,1,0.7187643290903779,0.9383405236947376
43,3,66,0,in_sample,f1_f3,0,0.3838157423888202,-0.47338343840512415
43,3,282,0,in_sample,f1_f3,0,0.49490822911560967,-0.020367787634266596
43,3,286,0,in_sample,f1_f3,0,0.48260325022964246,-0.06961509988165279
43,3,293,1,in_sample,f1_f3,1,0.7156535976648614,0.9230030263152783
43,3,95,0,in_sample,f1_f3,0,0.4607001337691542,-0.1575243919984733
43,3,104,1,in_sample,f1_f3,1,0.6387204152381089,0.5698146921845657
43,3,117,0,in_sample,f1_f3,0,0.4423231320012924,-0.2317390221821367
43,3,13,0,in_sample,f1_f3,0,0.489793775640143,-0.04083056900103346
43,3,33,1,in_sample,f1_f3,0,0.3415524107225666,-0.6563837876048589
43,3,74,0,in_sample,f1_f3,0,0.49908249953616346,-0.0036700059745994607
43,3,223,1,in_sample,f1_f3,1,0.8783761378346129,1.9771417197042105
43,3,178,1,in_sample,f1_f3,0,0.21460715264844304,-1.2973748753058683
43,3,38,0,in_sample,f1_f3,0,0.45169352514870925,-0.1938304831459862
43,3,88,1,in_sample,f1_f3,1,0.54323016551061,0.1733534880955983
43,3,177,1,in_sample,f1_f3,1,0.5745021683137129,0.3002440194629998
43,3,313,0,in_sample,f1_f3,0,0.04248529137806293,-3.1151831516148554
43,3,171,1,in_sample,f1_f3,0,0.14159407040591257,-1.802112794302714
43,3,83,1,in_sample,f1_f3,1,0.6576308390126376,0.6527541659496418
43,3,259,0,in_sample,f1_f3,1,0.6408006517093462,0.5788408906874025
43,3,146,1,in_sample,f1_f3,1,0.7843732596852608,1.291336144811802
43,3,315,0,in_sample,f1_f3,1,0.7280451567749474,0.9847270398514079
43,3,198,0,in_sample,f1_f3,1,0.5465126789368687,0.18659019639798666
43,3,233,1,in_sample,f1_f3,1,0.6516720903147117,0.6263972011221811
43,3,111,0,in_sample,f1_f3,1,0.5433998253760891,0.17403725909834566
43,3,73,0,in_sample,f1_f3,0,0.10892636625824709,-2.1017549507068893
43,3,87,1,in_sample,f1_f3,0,0.48363545380695633,-0.06548157259951301
43,3,276,0,in_sample,f1_f3,0,0.14035562235454108,-1.8123394278291585
43,3,260,0,in_sample,f1_f3,0,0.215646181973276,-1.2912211988501006
43,3,97,1,in_sample,f1_f3,1,0.6212585842771194,0.4948937032566062
43,3,169,0,in_sample,f1_f3,0,0.14240311970557704,-1.7954722458108496
43,3,156,0,in_sample,f1_f3,0,0.35605144518691356,-0.5925436097192374
43,3,149,0,in_sample,f1_f3,0,0.18184504290544143,-1.5038968409515463
43,3,116,1,in_sample,f1_f3,1,0.5934903788075351,0.3784134059011194
43,3,237,1,in_sample,f1_f3,0,0.13755081119104778,-1.8357828508643785
43,3,201,0,in_sample,f1_f3,0,0.06642308716640519,-2.6429786571437557
43,3,222,1,in_sample,f1_f3,0,0.43395405495818656,-0.2657365855494521
43,3,15,1,in_sample,f1_f3,0,0.34073042117655816,-0.6600409125281593
43,3,40,0,in_sample,f1_f3,1,0.5839587639972206,0.3390459903860664
43,3,120,1,in_sample,f1_f3,1,0.5000119989699215,4.799587969536723e-05
43,3,24,1,in_sample,f1_f3,0,0.17286208743967715,-1.5654773494382312
43,3,129,1,in_sample,f1_f3,0,0.3269833075192773,-0.7218610101762151
43,3,209,0,in_sample,f1_f3,0,0.3042572791422432,-0.8271062816023207
43,3,70,0,in_sample,f1_f3,1,0.5158218132327588,0.06330838920927973
43,3,196,0,in_sample,f1_f3,0,0.2505247061690671,-1.0958158103819167
43,3,288,1,in_sample,f1_f3,1,0.7140865273772844,0.9153149200327921
43,3,254,0,in_sample,f1_f3,0,0.48669693264136765,-0.053224830850891316
43,3,131,1,in_sample,f1_f3,1,0.7487481187496488,1.0919466899963246
43,3,140,1,in_sample,f1_f3,1,0.5414983500497867,0.16637612916408945
43,3,257,0,in_sample,f2_f3,0,0.41481960582445904,-0.34407642484128353
43,3,301,1,in_sample,f2_f3,1,0.7825459449955258,1.2805650494844452
43,3,20,0,in_sample,f2_f3,1,0.6029656684443401,0.4178375061014439
43,3,53,1,in_sample,f2_f3,1,0.9544537200175148,3.0424102044000696
43,3,126,0,in_sample,f2_f3,1,0.5617320812417351,0.24819460242051394
43,3,268,1,in_sample,f2_f3,1,0.9474989373030723,2.892992404137124
43,3,155,1,in_sample,f2_f3,0,0.3557311134273615,-0.5939410185902341
43,3,263,1,in_sample,f2_f3,1,0.9256200719487476,2.5212777397988626
43,3,225,0,in_sample,f2_f3,1,0.514387347234315,0.05756528013862916
43,3,180,0,in_sample,f2_f3,1,0.772155149135738,1.220520581557784
43,3,195,0,in_sample,f2_f3,0,0.4133311699051226,-0.35021135120224645
43,3,128,1,in_sample,f2_f3,1,0.8363843149213666,1.6315679201588738
43,3,41,1,in_sample,f2_f3,1,0.7703851977700231,1.2104875145950862
43,3,194,0,in_sample,f2_f3,0,0.06041260590175243,-2.7442430463047875
43,3,193,1,in_sample,f2_f3,1,0.7602106791651185,1.1538348963236558
43,3,66,0,in_sample,f2_f3,1,0.636659110639152,0.5608928814512542
43,3,282,0,in_sample,f2_f3,1,0.9083089858353014,2.293160230684941
43,3,286,0,in_sample,f2_f3,0,0.1669794090128398,-1.6071878554430965
43,3,293,1,in_sample,f2_f3,1,0.7042955995429815,0.867837845506024
43,3,95,0,in_sample,f2_f3,1,0.9195862375557387,2.436738490875599
43,3,104,1,in_sample,f2_f3,1,0.6597353271450654,0.6621149707646582
43,3,117,0,in_sample,f2_f3,0,0.20976291610236406,-1.3263550846291554
43,3,13,0,in_sample,f2_f3,0,0.1550606220567367,-1.6954487322054967
43,3,33,1,in_sample,f2_f3,0,0.45266649097450545,-0.1899026910174096
43,3,74,0,in_sample,f2_f3,1,0.7523718342506741,1.1113023727977156
43,3,223,1,in_sample,f2_f3,1,0.9862857058061325,4.275507414395285
43,3,178,1,in_sample,f2_f3,1,0.7467786778509403,1.0815049624850053
43,3,38,0,in_sample,f2_f3,1,0.6180210744243596,0.48115711945198236
43,3,88,1,in_sample,f2_f3,1,0.7463105954415266,1.0790311592626909
43,3,177,1,in_sample,f2_f3,1,0.7827496079553314,1.2817622906285326
43,3,313,0,in_sample,f2_f3,0,0.008770502987191571,-4.727551930866199
43,3,171,1,in_sample,f2_f3,0,0.09680128001517166,-2.23328237814197
43,3,83,1,in_sample,f2_f3,1,0.8440142352568304,1.6884046094322624
43,3,259,0,in_sample,f2_f3,1,0.877943795242651,1.973100943677701
43,3,146,1,in_sample,f2_f3,1,0.662840249529276,0.6759771551788558
43,3,315,0,in_sample,f2_f3,1,0.6016440736811989,0.41232013784443944
43,3,198,0,in_sample,f2_f3,0,0.29978773584095336,-0.8483088465603088
43,3,233,1,in_sample,f2_f3,0,0.30410213574612327,-0.827839284975317
43,3,111,0,in_sample,f2_f3,0,0.27961157338255316,-0.946389145810973
43,3,73,0,in_sample,f2_f3,1,0.5980668244151746,0.3974166493083169
43,3,87,1,in_sample,f2_f3,1,0.6132237932851712,0.4608836995394479
43,3,276,0,in_sample,f2_f3,0,0.06035556654531954,-2.745248360430603
43,3,260,0,in_sample,f2_f3,0,0.05010761944688046,-2.94217561325404
43,3,97,1,in_sample,f2_f3,1,0.6994343604691918,0.8446057874165321
43,3,169,0,in_sample,f2_f3,0,0.06074011701183588,-2.738487820557687
43,3,156,0,in_sample,f2_f3,1,0.6205898293954699,0.49205249932148376
43,3,149,0,in_sample,f2_f3,0,0.2506632995438195,-1.095077813306142
43,3,116,1,in_sample,f2_f3,0,0.2609703284444908,-1.0409313543574157
43,3,237,1,in_sample,f2_f3,0,0.4040204581723046,-0.3887408249643538
43,3,201,0,in_sample,f2_f3,0,0.054468398470094104,-2.8541266217193026
43,3,222,1,in_sample,f2_f3,0,0.2219370345683303,-1.2544137397633441
43,3,15,1,in_sample,f2_f3,0,0.17546611423750383,-1.547372296719311
43,3,40,0,in_sample,f2_f3,1,0.873533278011171,1.9325670198935654
43,3,120,1,in_sample,f2_f3,1,0.591693350923372,0.3709700294013324
43,3,24,1,in_sample,f2_f3,1,0.8812711399217891,2.0045229357292635
43,3,129,1,in_sample,f2_f3,0,0.07704061300132797,-2.4832525080689587
43,3,209,0,in_sample,f2_f3,0,0.1954566244022598,-1.4149363964540083
43,3,70,0,in_sample,f2_f3,0,0.18467096904065328,-1.485016054874953
43,3,196,0,in_sample,f2_f3,0,0.31755971025329965,-0.7650091712403446
43,3,288,1,in_sample,f2_f3,0,0.10680790362205142,-2.123769743528311
43,3,254,0,in_sample,f2_f3,0,0.30158488848725473,-0.8397621112301185
43,3,131,1,in_sample,f2_f3,1,0.6996342547809342,0.8455568225005525
43,3,140,1,in_sample,f2_f3,0,0.06972452457445404,-2.590928637511226
43,3,257,0,in_sample,f1_f2_f3,0,0.38898704369558057,-0.4515721276590531
43,3,301,1,in_sample,f1_f2_f3,1,0.7825323681799253,1.2804852664089506
43,3,20,0,in_sample,f1_f2_f3,1,0.5896818799941356,0.3626504437408744
43,3,53,1,in_sample,f1_f2_f3,1,0.9547657891776564,3.0496123863163307
43,3,126,0,in_sample,f1_f2_f3,1,0.5495286325523338,0.19876636128817132
43,3,268,1,in_sample,f1_f2_f3,1,0.9371719010641335,2.7024643157024126
43,3,155,1,in_sample,f1_f2_f3,0,0.3324026425944557,-0.6973382204366718
43,3,263,1,in_sample,f1_f2_f3,1,0.9293203620146259,2.576295999898588
43,3,225,0,in_sample,f1_f2_f3,0,0.4759472091388902,-0.09628548225407318
43,3,180,0,in_sample,f1_f2_f3,1,0.7514920245484471,1.1065856570326136
43,3,195,0,in_sample,f1_f2_f3,0,0.3570009203698272,-0.5884049330252201
43,3,128,1,in_sample,f1_f2_f3,1,0.8282695954895222,1.5734128683112039
43,3,41,1,in_sample,f1_f2_f3,1,0.7757982677578033,1.2413462852232264
43,3,194,0,in_sample,f1_f2_f3,0,0.052787933894279854,-2.887240362891278
43,3,193,1,in_sample,f1_f2_f3,1,0.7719109315601951,1.2191329660200763
43,3,66,0,in_sample,f1_f2_f3,1,0.6529398173753997,0.6319867598779965
43,3,282,0,in_sample,f1_f2_f3,1,0.9172149364858072,2.405094182946578
43,3,286,0,in_sample,f1_f2_f3,0,0.18884510602072035,-1.457531893036779
43,3,293,1,in_sample,f1_f2_f3,1,0.6960463284964442,0.8285409286279798
43,3,95,0,in_sample,f1_f2_f3,1,0.9196173341562709,2.437159088399558
43,3,104,1,in_sample,f1_f2_f3,1,0.6632912313324756,0.6779957878865411
43,3,117,0,in_sample,f1_f2_f3,0,0.22091363874927547,-1.2603500511534271
43,3,13,0,in_sample,f1_f2_f3,0,0.13948116818877,-1.8196059030571785
43,3,33,1,in_sample,f1_f2_f3,0,0.4620538919935737,-0.15207685053708914
43,3,74,0,in_sample,f1_f2_f3,1,0.7331361893506642,1.0105930260380342
43,3,223,1,in_sample,f1_f2_f3,1,0.9860312776469564,4.256867363239561
43,3,178,1,in_sample,f1_f2_f3,1,0.7377159427537208,1.0341307446724985
43,3,38,0,in_sample,f1_f2_f3,1,0.6038415934424521,0.42149775319684135
43,3,88,1,in_sample,f1_f2_f3,1,0.7366777151771934,1.0287718041656353
43,3,177,1,in_sample,f1_f2_f3,1,0.7819154091942785,1.2768635435650721
43,3,313,0,in_sample,f1_f2_f3,0,0.008356980904773246,-4.776265956658063
43,3,171,1,in_sample,f1_f2_f3,0,0.10323186052914958,-2.161819812761993
43,3,83,1,in_sample,f1_f2_f3,1,0.849968111543922,1.734350971740493
43,3,259,0,in_sample,f1_f2_f3,1,0.872724859197548,1.9252691330779117
43,3,146,1,in_sample,f1_f2_f3,1,0.6374986918336759,0.5645241419819642
43,3,315,0,in_sample,f1_f2_f3,1,0.6322511474340013,0.5418864610608234
43,3,198,0,in_sample,f1_f2_f3,0,0.32579374422346125,-0.7272715868660329
43,3,233,1,in_sample,f1_f2_f3,0,0.3430839513243183,-0.6495810572609539
43,3,111,0,in_sample,f1_f2_f3,0,0.29055822547462967,-0.8926744395945787
43,3,73,0,in_sample,f1_f2_f3,1,0.6401966734294708,0.5762178642957707
43,3,87,1,in_sample,f1_f2_f3,1,0.617116265910008,0.4773260668583351
43,3,276,0,in_sample,f1_f2_f3,0,0.0719337291777923,-2.557357875684577
43,3,260,0,in_sample,f1_f2_f3,0,0.0560308030512639,-2.8241919412647167
43,3,97,1,in_sample,f1_f2_f3,1,0.7349123537273758,1.0196907335179697
43,3,169,0,in_sample,f1_f2_f3,0,0.051361861874278436,-2.916131507108873
43,3,156,0,in_sample,f1_f2_f3,1,0.6173585719308661,0.47835167744652196
43,3,149,0,in_sample,f1_f2_f3,0,0.2247200253998987,-1.2383689258389892
43,3,116,1,in_sample,f1_f2_f3,0,0.2598578771851971,-1.046707370265134
43,3,237,1,in_sample,f1_f2_f3,0,0.3795098100727457,-0.49162934807602543
43,3,201,0,in_sample,f1_f2_f3,0,0.05353133413285156,-2.8724706976550856
43,3,222,1,in_sample,f1_f2_f3,0,0.21118540197198143,-1.3177948797525911
43,3,15,1,in_sample,f1_f2_f3,0,0.1929198092122152,-1.4311484260864948
43,3,40,0,in_sample,f1_f2_f3,1,0.8509231294154969,1.7418597119091035
43,3,120,1,in_sample,f1_f2_f3,1,0.6060952645405198,0.43092808403786753
43,3,24,1,in_sample,f1_f2_f3,1,0.9021275179036838,2.2210904541973315
43,3,129,1,in_sample,f1_f2_f3,0,0.08160906435869518,-2.420682817160084
43,3,209,0,in_sample,f1_f2_f3,0,0.18805483965536113,-1.4626991807714396
43,3,70,0,in_sample,f1_f2_f3,0,0.20954311514474047,-1.3276815951477121
43,3,196,0,in_sample,f1_f2_f3,0,0.3773628345959317,-0.5007567994999069
43,3,288,1,in_sample,f1_f2_f3,0,0.10447099837886557,-2.148505101517583
43,3,254,0,in_sample,f1_f2_f3,0,0.2979533751193407,-0.8570628040959072
43,3,131,1,in_sample,f1_f2_f3,1,0.6958418720450829,0.827574715266612
43,3,140,1,in_sample,f1_f2_f3,0,0.07185938219905015,-2.558472064747047
43,3,257,0,inner_oof,f1,0,0.46518965734115525,-0.1394669966603077
43,3,301,1,inner_oof,f1,0,0.4905791291200119,-0.03768794382337633
43,3,20,0,inner_oof,f1,0,0.48176395969962776,-0.07297653078946292
43,3,53,1,inner_oof,f1,0,0.4786206244328756,-0.08556967703977458
43,3,126,0,inner_oof,f1,0,0.47822351572711913,-0.08716107581309077
43,3,268,1,inner_oof,f1,0,0.407386389071261,-0.37478050904695137
43,3,155,1,inner_oof,f1,0,0.46152049872337714,-0.15422295897463406
43,3,263,1,inner_oof,f1,1,0.5050313314073102,0.020126004948439104
43,3,225,0,inner_oof,f1,0,0.4392844544722326,-0.244066564646681
43,3,180,0,inner_oof,f1,0,0.448881073133978,-0.20519264196333928
43,3,195,0,inner_oof,f1,0,0.41505834351114906,-0.34309301263739245
43,3,128,1,inner_oof,f1,0,0.4663961697230691,-0.13461825018234308
43,3,41,1,inner_oof,f1,1,0.5041051655782903,0.016421031297836723
43,3,194,0,inner_oof,f1,0,0.46535945376059595,-0.1387845190958511
43,3,193,1,inner_oof,f1,1,0.5128196321305526,0.05128976931026379
43,3,66,0,inner_oof,f1,1,0.5228065161272214,0.09128941036117492
43,3,282,0,inner_oof,f1,1,0.5278832005405208,0.11164863668278155
43,3,286,0,inner_oof,f1,1,0.5595652818350855,0.23939796483359946
43,3,293,1,inner_oof,f1,0,0.4763635976455918,-0.09461613159389744
43,3,95,0,inner_oof,f1,0,0.48738464513183616,-0.05047213128773838
43,3,104,1,inner_oof,f1,0,0.4985617395463246,-0.0057530576823840865
43,3,117,0,inner_oof,f1,1,0.5288265716212258,0.11543429681951728
43,3,13,0,inner_oof,f1,0,0.46112159187833895,-0.15582819255484878
43,3,33,1,inner_oof,f1,1,0.51492840710435,0.0597313814074384
43,3,74,0,inner_oof,f1,0,0.45647753060969315,-0.1745315699158995
43,3,223,1,inner_oof,f1,0,0.46422210048343665,-0.14335660608589482
43,3,178,1,inner_oof,f1,0,0.4805401206904624,-0.07787885540437227
43,3,38,0,inner_oof,f1,0,0.47486555974228695,-0.10062257463895509
43,3,88,1,inner_oof,f1,0,0.4741553911228799,-0.10347065136287517
43,3,177,1,inner_oof,f1,0,0.4891491953366133,-0.04341003430399981
43,3,313,0,inner_oof,f1,1,0.513636068201447,0.05455780163115284
43,3,171,1,inner_oof,f1,1,0.540682022361135,0.1630886150593651
43,3,83,1,inner_oof,f1,1,0.5043782368183007,0.017513394900388914
43,3,259,0,inner_oof,f1,0,0.46942020288318853,-0.12247204314259642
43,3,146,1,inner_oof,f1,0,0.4499429975501109,-0.20090101104424676
43,3,315,0,inner_oof,f1,1,0.5392768597614179,0.1574317943951901
43,3,198,0,inner_oof,f1,1,0.544912123719673,0.18013400579631536
43,3,233,1,inner_oof,f1,1,0.5636981868165429,0.25618474256805185
43,3,111,0,inner_oof,f1,1,0.5211533881497558,0.08466408911362222
43,3,73,0,inner_oof,f1,1,0.5680822562165522,0.27403106331326577
43,3,87,1,inner_oof,f1,1,0.5020165212709792,0.008066128817129911
43,3,276,0,inner_oof,f1,1,0.584509944832532,0.34131511562914496
43,3,260,0,inner_oof,f1,1,0.5587650472159411,0.23615156937875612
43,3,97,1,inner_oof,f1,1,0.5553863543809348,0.2224583126174
43,3,169,0,inner_oof,f1,0,0.4530633244819596,-0.1883011239861987
43,3,156,0,inner_oof,f1,0,0.4928841982056607,-0.028465129043061976
43,3,149,0,inner_oof,f1,0,0.4567757851062312,-0.1733295063802623
43,3,116,1,inner_oof,f1,0,0.4993256413000726,-0.0026974364352905737
43,3,237,1,inner_oof,f1,0,0.46926302961132116,-0.1231031088822171
43,3,201,0,inner_oof,f1,1,0.5142104060438288,0.05685693606317549
43,3,222,1,inner_oof,f1,0,0.4818232212470021,-0.07273916988443119
43,3,15,1,inner_oof,f1,1,0.5494620863549857,0.1984975422974122
43,3,40,0,inner_oof,f1,0,0.41943697601916213,-0.3250850850161056
43,3,120,1,inner_oof,f1,1,0.5179383438086518,0.07178418449943276
43,3,24,1,inner_oof,f1,1,0.5722528530918736,0.29104870181249654
43,3,129,1,inner_oof,f1,1,0.5347168431421134,0.13909118189256733
43,3,209,0,inner_oof,f1,0,0.4902626668659781,-0.03895425766560306
43,3,70,0,inner_oof,f1,1,0.5612674595507513,0.24630756676315657
43,3,196,0,inner_oof,f1,1,0.5998058642446565,0.4046562745099349
43,3,288,1,inner_oof,f1,0,0.49553055970948895,-0.017878237350616305
43,3,254,0,inner_oof,f1,0,0.49579504382651063,-0.016820221247267446
43,3,131,1,inner_oof,f1,0,0.48355427413433294,-0.0658066412316414
43,3,140,1,inner_oof,f1,1,0.5211198378772757,0.08452964777352924
43,3,257,0,inner_oof,f2,1,0.5295295917130035,0.11825598675870644
43,3,301,1,inner_oof,f2,1,0.5291889818659943,0.11688883354932418
43,3,20,0,inner_oof,f2,1,0.5648695281857957,0.2609488595923458
43,3,53,1,inner_oof,f2,1,0.5333783618016301,0.13371231166904435
43,3,126,0,inner_oof,f2,1,0.5011893353140581,0.004757350228725735
43,3,268,1,inner_oof,f2,1,0.524154615570425,0.09669372984138593
43,3,155,1,inner_oof,f2,0,0.4635857291821069,-0.14591542747751304
43,3,263,1,inner_oof,f2,1,0.5726028781090728,0.29247881016988037
43,3,225,0,inner_oof,f2,0,0.47830073500912546,-0.08685161375759669
43,3,180,0,inner_oof,f2,1,0.5236899214790114,0.09483068865332671
43,3,195,0,inner_oof,f2,1,0.502553882404549,0.010215618458127393
43,3,128,1,inner_oof,f2,1,0.5299791777381659,0.12006072208039995
43,3,41,1,inner_oof,f2,1,0.5432796539659968,0.17355293456448792
43,3,194,0,inner_oof,f2,0,0.46313410384869136,-0.14773168219404356
43,3,193,1,inner_oof,f2,1,0.5037215544656638,0.01488649276997411
43,3,66,0,inner_oof,f2,1,0.5287902544205298,0.11528854416176858
43,3,282,0,inner_oof,f2,1,0.5729498480289498,0.2938967293747721
43,3,286,0,inner_oof,f2,0,0.4356023664024004,-0.2590292036380848
43,3,293,1,inner_oof,f2,0,0.49878280758001164,-0.004868779297803059
43,3,95,0,inner_oof,f2,1,0.5871632071776751,0.35225047716647795
43,3,104,1,inner_oof,f2,1,0.5006218864759083,0.0024875471863548375
43,3,117,0,inner_oof,f2,0,0.454391244710332,-0.18294355406731935
43,3,13,0,inner_oof,f2,0,0.4436835587085909,-0.22622566864016383
43,3,33,1,inner_oof,f2,1,0.5097273906781478,0.03891447276858317
43,3,74,0,inner_oof,f2,1,0.540503982400789,0.16237173010146275
43,3,223,1,inner_oof,f2,1,0.583163753698658,0.3357745780875112
43,3,178,1,inner_oof,f2,1,0.5789678472550265,0.318537741437867
43,3,38,0,inner_oof,f2,1,0.5226616921279413,0.09070891426674017
43,3,88,1,inner_oof,f2,1,0.5313337246340429,0.12549935835342543
43,3,177,1,inner_oof,f2,1,0.5323104762204578,0.12942225599452395
43,3,313,0,inner_oof,f2,0,0.43401324692972987,-0.26549561694565377
43,3,171,1,inner_oof,f2,0,0.4734930120718193,-0.10612744941897774
43,3,83,1,inner_oof,f2,1,0.5328562513365097,0.1316146671980068
43,3,259,0,inner_oof,f2,1,0.549456611543034,0.19847542665001236
43,3,146,1,inner_oof,f2,0,0.4831305328327196,-0.06750348987595778
43,3,315,0,inner_oof,f2,0,0.4730777691784131,-0.10779317620874904
43,3,198,0,inner_oof,f2,0,0.4551133699505419,-0.18003120212552937
43,3,233,1,inner_oof,f2,0,0.4390137051262608,-0.24516584385490664
43,3,111,0,inner_oof,f2,0,0.4550692572437505,-0.18020908798659824
43,3,73,0,inner_oof,f2,1,0.5711953797963207,0.2867299379735116
43,3,87,1,inner_oof,f2,1,0.5143290167355671,0.05733176558036425
43,3,276,0,inner_oof,f2,0,0.45061228449832047,-0.198197123405502
43,3,260,0,inner_oof,f2,0,0.42995766401083024,-0.2820238836839018
43,3,97,1,inner_oof,f2,1,0.5024108953456541,0.009643656120339326
43,3,169,0,inner_oof,f2,0,0.4665698199407771,-0.1339205139859257
43,3,156,0,inner_oof,f2,1,0.5340449281092837,0.1363907532311487
43,3,149,0,inner_oof,f2,1,0.5136138035676333,0.054468676915834756
43,3,116,1,inner_oof,f2,0,0.4477447309916024,-0.20978711011338305
43,3,237,1,inner_oof,f2,1,0.5475814452529936,0.1909034516496236
43,3,201,0,inner_oof,f2,0,0.4831237386158225,-0.06753069772714568
43,3,222,1,inner_oof,f2,0,0.46379167597082804,-0.14508727258759402
43,3,15,1,inner_oof,f2,0,0.4583473170533686,-0.16699775876219453
43,3,40,0,inner_oof,f2,1,0.5621392631477384,0.24984871096503525
43,3,120,1,inner_oof,f2,1,0.5070450291351422,0.02818198162649485
43,3,24,1,inner_oof,f2,1,0.6075958204651245,0.43721751309279944
43,3,129,1,inner_oof,f2,0,0.42999776571292725,-0.28186026796513497
43,3,209,0,inner_oof,f2,0,0.4757974067831373,-0.09688609024663536
43,3,70,0,inner_oof,f2,0,0.43522671202509594,-0.26055731800633597
43,3,196,0,inner_oof,f2,0,0.49364057939735995,-0.02543905421919634
43,3,288,1,inner_oof,f2,0,0.3940441164412243,-0.43034431031865517
43,3,254,0,inner_oof,f2,0,0.4694095923753165,-0.12251464457988666
43,3,131,1,inner_oof,f2,0,0.4914906317976485,-0.0340407595555191
43,3,140,1,inner_oof,f2,0,0.3992951377404023,-0.4084028991096126
43,3,257,0,inner_oof,f3,0,0.4466310801538376,-0.2142919737839382
43,3,301,1,inner_oof,f3,1,0.5133727024387853,0.05350356952147176
43,3,20,0,inner_oof,f3,0,0.4360559248102864,-0.2571845860796762
43,3,53,1,inner_oof,f3,1,0.5799083185939038,0.322397043138088
43,3,126,0,inner_oof,f3,1,0.5040399279929536,0.016160063642860233
43,3,268,1,inner_oof,f3,1,0.5845376427569865,0.3414291665706584
43,3,155,1,inner_oof,f3,1,0.5138186689627845,0.05528875565044793
43,3,263,1,inner_oof,f3,1,0.5125950012571602,0.050390665066873536
43,3,225,0,inner_oof,f3,1,0.5231354782674656,0.09260804216254952
43,3,180,0,inner_oof,f3,1,0.5173914335913206,0.06959380939938606
43,3,195,0,inner_oof,f3,0,0.4779389942733534,-0.08830135295886167
43,3,128,1,inner_oof,f3,1,0.5267955685917904,0.10728506106876358
43,3,41,1,inner_oof,f3,0,0.4938543269272009,-0.024583930364783662
43,3,194,0,inner_oof,f3,0,0.42680678681052714,-0.2948914347510748
43,3,193,1,inner_oof,f3,1,0.5380855704344731,0.15263794383015608
43,3,66,0,inner_oof,f3,0,0.4843726712026051,-0.06252968127802948
43,3,282,0,inner_oof,f3,1,0.5028370151088001,0.011348182219713104
43,3,286,0,inner_oof,f3,1,0.5055580663988796,0.022233181398642533
43,3,293,1,inner_oof,f3,1,0.5322054002627538,0.12900019542010951
43,3,95,0,inner_oof,f3,0,0.49157102666495905,-0.03371908779557044
43,3,104,1,inner_oof,f3,1,0.5216481235503792,0.0866466628935622
43,3,117,0,inner_oof,f3,0,0.494703043793183,-0.02118861752409775
43,3,13,0,inner_oof,f3,0,0.49230392965611347,-0.030786712837929546
43,3,33,1,inner_oof,f3,0,0.47607586657320417,-0.09576966521388301
43,3,74,0,inner_oof,f3,0,0.493077455520141,-0.027691947400607087
43,3,223,1,inner_oof,f3,1,0.5712418318710011,0.2869195940836811
43,3,178,1,inner_oof,f3,0,0.4461746156808646,-0.21613905592696303
43,3,38,0,inner_oof,f3,0,0.4883266522320069,-0.04670187754165835
43,3,88,1,inner_oof,f3,1,0.5025905104497709,0.01036213451659529
43,3,177,1,inner_oof,f3,1,0.5097406047727164,0.03896734918717432
43,3,313,0,inner_oof,f3,0,0.38191679910468956,-0.48142029618331317
43,3,171,1,inner_oof,f3,0,0.4353447922710079,-0.2600769500229023
43,3,83,1,inner_oof,f3,1,0.5257313434097752,0.10301638109680364
43,3,259,0,inner_oof,f3,1,0.5177602701341402,0.07107098089352627
43,3,146,1,inner_oof,f3,1,0.542692964989891,0.1711887036616349
43,3,315,0,inner_oof,f3,1,0.5437251161994053,0.1753483747979049
43,3,198,0,inner_oof,f3,1,0.5134250972256541,0.05371329928070772
43,3,233,1,inner_oof,f3,1,0.5333577470838142,0.13362948390708357
43,3,111,0,inner_oof,f3,1,0.5094619902181748,0.03785247984358123
43,3,73,0,inner_oof,f3,0,0.4277995216730315,-0.29083473802050724
43,3,87,1,inner_oof,f3,0,0.4973024073978377,-0.010790475105928869
43,3,276,0,inner_oof,f3,0,0.4413372481336229,-0.23573666676737287
43,3,260,0,inner_oof,f3,0,0.4577340705784691,-0.16946814224461837
43,3,97,1,inner_oof,f3,1,0.5270074739540641,0.10813514332111016
43,3,169,0,inner_oof,f3,0,0.4230701255255601,-0.3101827777254494
43,3,156,0,inner_oof,f3,0,0.47536662447247846,-0.09861333900223992
43,3,149,0,inner_oof,f3,0,0.4347834702667904,-0.2623607585365071
43,3,116,1,inner_oof,f3,1,0.514278536046791,0.057129677437753115
43,3,237,1,inner_oof,f3,0,0.4238463724595987,-0.3070032791435832
43,3,201,0,inner_oof,f3,0,0.3995915416075651,-0.40716730818670965
43,3,222,1,inner_oof,f3,0,0.48652838576182467,-0.05389950203616156
43,3,15,1,inner_oof,f3,0,0.4809730639116914,-0.0761445134425058
43,3,40,0,inner_oof,f3,1,0.5010107777080655,0.004043116339916978
43,3,120,1,inner_oof,f3,1,0.5021854139281514,0.008741711380503756
43,3,24,1,inner_oof,f3,0,0.449074815333707,-0.20440951848892638
43,3,129,1,inner_oof,f3,0,0.47640043576602414,-0.09446844959863686
43,3,209,0,inner_oof,f3,0,0.4658387494775383,-0.1368582175688151
43,3,70,0,inner_oof,f3,1,0.5110098635615072,0.04404657409710819
43,3,196,0,inner_oof,f3,0,0.4714427421208748,-0.11435348280797798
43,3,288,1,inner_oof,f3,1,0.5346857058388954,0.13896602985812212
43,3,254,0,inner_oof,f3,0,0.4968765240099786,-0.01249406648629734
43,3,131,1,inner_oof,f3,1,0.5398253842690003,0.1596397079318635
43,3,140,1,inner_oof,f3,1,0.5091573877223596,0.03663364727619288
43,3,257,0,inner_oof,f1_f2,0,0.49687558628760725,-0.012497817522208632
43,3,301,1,inner_oof,f1_f2,1,0.5252738769111904,0.10118174210017189
43,3,20,0,inner_oof,f1_f2,1,0.5562809255966731,0.22608178163770568
43,3,53,1,inner_oof,f1_f2,1,0.5165483556630514,0.06621760780470898
43,3,126,0,inner_oof,f1_f2,0,0.47922301724876937,-0.08315581566777401
43,3,268,1,inner_oof,f1_f2,0,0.4246733689555198,-0.30361760369687374
43,3,155,1,inner_oof,f1_f2,0,0.41787220438957473,-0.3315143490598518
43,3,263,1,inner_oof,f1_f2,1,0.5908748727048423,0.36758322971706464
43,3,225,0,inner_oof,f1_f2,0,0.4095917226064049,-0.365653428122938
43,3,180,0,inner_oof,f1_f2,0,0.47159914700719724,-0.11372582699996507
43,3,195,0,inner_oof,f1_f2,0,0.40933855069738456,-0.36670044348765823
43,3,128,1,inner_oof,f1_f2,0,0.49876442177820957,-0.004942322947464439
43,3,41,1,inner_oof,f1_f2,1,0.5565800071718133,0.2272935428945046
43,3,194,0,inner_oof,f1_f2,0,0.4216235956554633,-0.31611191272494243
43,3,193,1,inner_oof,f1_f2,1,0.5212878844770267,0.08520304522694161
43,3,66,0,inner_oof,f1_f2,1,0.5610417591754437,0.24539105464109884
43,3,282,0,inner_oof,f1_f2,1,0.6160549252759161,0.472836616182956
43,3,286,0,inner_oof,f1_f2,0,0.49618455163288644,-0.015262089713191762
43,3,293,1,inner_oof,f1_f2,0,0.4743692478192324,-0.10261295190702752
43,3,95,0,inner_oof,f1_f2,1,0.5880828914546988,0.3560457735684416
43,3,104,1,inner_oof,f1_f2,1,0.5016061767179301,0.006424728971166499
43,3,117,0,inner_oof,f1_f2,0,0.48286770562315967,-0.06855601558434421
43,3,13,0,inner_oof,f1_f2,0,0.39526446836869245,-0.4252361436257662
43,3,33,1,inner_oof,f1_f2,1,0.5305265417293904,0.12225822319229535
43,3,74,0,inner_oof,f1_f2,0,0.4995707942799976,-0.0017168233017018086
43,3,223,1,inner_oof,f1_f2,1,0.5577458209833346,0.23201855821110218
43,3,178,1,inner_oof,f1_f2,1,0.5711227888419219,0.2864335714103196
43,3,38,0,inner_oof,f1_f2,0,0.49999042453502557,-3.830185990238988e-05
43,3,88,1,inner_oof,f1_f2,1,0.5091364283434096,0.036549781693613656
43,3,177,1,inner_oof,f1_f2,1,0.5272343792197142,0.1090454426627927
43,3,313,0,inner_oof,f1_f2,0,0.4422696290462124,-0.23195592286618685
43,3,171,1,inner_oof,f1_f2,1,0.518318906126463,0.07330843760976108
43,3,83,1,inner_oof,f1_f2,1,0.545012244946975,0.1805377555860185
43,3,259,0,inner_oof,f1_f2,1,0.5246165306663993,0.09854579572793545
43,3,146,1,inner_oof,f1_f2,0,0.42686930056148803,-0.29463590875974455
43,3,315,0,inner_oof,f1_f2,1,0.5162435417863961,0.06499703977289749
43,3,198,0,inner_oof,f1_f2,1,0.5020089994310074,0.008036040969674446
43,3,233,1,inner_oof,f1_f2,1,0.5049024079560283,0.019610260247189815
43,3,111,0,inner_oof,f1_f2,0,0.4749540318515982,-0.1002677928341539
43,3,73,0,inner_oof,f1_f2,1,0.6566724230747403,0.6485002729512587
43,3,87,1,inner_oof,f1_f2,1,0.5211957716243091,0.0848339276090137
43,3,276,0,inner_oof,f1_f2,1,0.5423364942211277,0.169752436298104
43,3,260,0,inner_oof,f1_f2,0,0.4886888628012021,-0.045252269392862476
43,3,97,1,inner_oof,f1_f2,1,0.5678333986223153,0.2730168981750541
43,3,169,0,inner_oof,f1_f2,0,0.4118375069585142,-0.3563743874643368
43,3,156,0,inner_oof,f1_f2,1,0.5334355300903173,0.133942010220467
43,3,149,0,inner_oof,f1_f2,0,0.4690804632700533,-0.12383616097130455
43,3,116,1,inner_oof,f1_f2,0,0.4420034735707128,-0.2330349965207286
43,3,237,1,inner_oof,f1_f2,1,0.5222767780359001,0.0891661422459693
43,3,201,0,inner_oof,f1_f2,0,0.4992978548191814,-0.0028085825694796895
43,3,222,1,inner_oof,f1_f2,0,0.44070463735455695,-0.23830281594460406
43,3,15,1,inner_oof,f1_f2,1,0.5109342621280226,0.04374402267057048
43,3,40,0,inner_oof,f1_f2,0,0.48198717163613625,-0.07208250830040419
43,3,120,1,inner_oof,f1_f2,1,0.530866621596209,0.12362368931938333
43,3,24,1,inner_oof,f1_f2,1,0.6984614115269876,0.8399819361199954
43,3,129,1,inner_oof,f1_f2,0,0.46133579781647777,-0.15496618566513568
43,3,209,0,inner_oof,f1_f2,0,0.463841096972058,-0.1448885478580096
43,3,70,0,inner_oof,f1_f2,0,0.4977032435355773,-0.009187090475029913
43,3,196,0,inner_oof,f1_f2,1,0.608061629288996,0.439171630934837
43,3,288,1,inner_oof,f1_f2,0,0.3769246847476301,-0.5026220104514436
43,3,254,0,inner_oof,f1_f2,0,0.4627803115392707,-0.14915466176315437
43,3,131,1,inner_oof,f1_f2,0,0.47417912975752186,-0.10337544268168745
43,3,140,1,inner_oof,f1_f2,0,0.41058272916165645,-0.36155693102169084
43,3,257,0,inner_oof,f1_f3,0,0.3973898677333316,-0.41635260740475855
43,3,301,1,inner_oof,f1_f3,1,0.5079845142894617,0.03194077241328361
43,3,20,0,inner_oof,f1_f3,0,0.4037074736128764,-0.3900408222638816
43,3,53,1,inner_oof,f1_f3,1,0.5754736344389465,0.3042193002933442
43,3,126,0,inner_oof,f1_f3,0,0.48191232218808167,-0.0723822967915014
43,3,268,1,inner_oof,f1_f3,0,0.4961932220630203,-0.015227405977588149
43,3,155,1,inner_oof,f1_f3,0,0.47402918521535137,-0.10397683401418878
43,3,263,1,inner_oof,f1_f3,1,0.5241425299945026,0.09664527451009652
43,3,225,0,inner_oof,f1_f3,0,0.45889714337339627,-0.1647832874920567
43,3,180,0,inner_oof,f1_f3,0,0.463346980622042,-0.146875547653748
43,3,195,0,inner_oof,f1_f3,0,0.37671860667233353,-0.503499584144249
43,3,128,1,inner_oof,f1_f3,0,0.49571997149530017,-0.01712053219355003
43,3,41,1,inner_oof,f1_f3,1,0.5001286762236365,0.0005147049059090851
43,3,194,0,inner_oof,f1_f3,0,0.3742173313905459,-0.5141664074596708
43,3,193,1,inner_oof,f1_f3,1,0.5643136513267192,0.2586876156031194
43,3,66,0,inner_oof,f1_f3,1,0.5107003504242418,0.042807937697723786
43,3,282,0,inner_oof,f1_f3,1,0.5392523042401449,0.1573329628326728
43,3,286,0,inner_oof,f1_f3,1,0.5798222385571846,0.3220437080515354
43,3,293,1,inner_oof,f1_f3,1,0.5142100851388663,0.05685565140567636
43,3,95,0,inner_oof,f1_f3,0,0.4775310976793144,-0.08993618114800168
43,3,104,1,inner_oof,f1_f3,1,0.5275570809620828,0.11034013648338828
43,3,117,0,inner_oof,f1_f3,1,0.5304639109283684,0.12200676460333412
43,3,13,0,inner_oof,f1_f3,0,0.4473948373909962,-0.2112022449889968
43,3,33,1,inner_oof,f1_f3,0,0.4911850680933309,-0.035263381358048615
43,3,74,0,inner_oof,f1_f3,0,0.44285571388798517,-0.22958023316740334
43,3,223,1,inner_oof,f1_f3,1,0.5479341210753339,0.19232714366046852
43,3,178,1,inner_oof,f1_f3,0,0.4144433712328892,-0.3456265512268255
43,3,38,0,inner_oof,f1_f3,0,0.4587803095886945,-0.16525381137423645
43,3,88,1,inner_oof,f1_f3,0,0.47531890401915544,-0.0988046861560942
43,3,177,1,inner_oof,f1_f3,1,0.5018432387525996,0.007372988410443135
43,3,313,0,inner_oof,f1_f3,0,0.3744245296631455,-0.5132817189228206
43,3,171,1,inner_oof,f1_f3,0,0.4715740420850757,-0.11382657202300894
43,3,83,1,inner_oof,f1_f3,1,0.5394037917924227,0.1579426852660004
43,3,259,0,inner_oof,f1_f3,0,0.4882425481291917,-0.047038478748575696
43,3,146,1,inner_oof,f1_f3,0,0.4956309127472075,-0.017476793837800098
43,3,315,0,inner_oof,f1_f3,1,0.6016301355091236,0.412261982138878
43,3,198,0,inner_oof,f1_f3,1,0.5720772503832304,0.29033134763684915
43,3,233,1,inner_oof,f1_f3,1,0.6173329468796285,0.47824320242556423
43,3,111,0,inner_oof,f1_f3,1,0.539364723892359,0.15778543802847042
43,3,73,0,inner_oof,f1_f3,0,0.4950032149617019,-0.019987805574575357
43,3,87,1,inner_oof,f1_f3,1,0.5018728486468049,0.007491429622889928
43,3,276,0,inner_oof,f1_f3,1,0.5317490133503543,0.12716715017996433
43,3,260,0,inner_oof,f1_f3,1,0.520894871995809,0.08362819295198295
43,3,97,1,inner_oof,f1_f3,1,0.6003874760525718,0.40707985270920705
43,3,169,0,inner_oof,f1_f3,0,0.3562775318001087,-0.5915576723758859
43,3,156,0,inner_oof,f1_f3,0,0.4642456678927471,-0.14326185160319735
43,3,149,0,inner_oof,f1_f3,0,0.3739519963812648,-0.515299614002154
43,3,116,1,inner_oof,f1_f3,1,0.5194511480539511,0.07784387742298123
43,3,237,1,inner_oof,f1_f3,0,0.37509903975153536,-0.510403076472608
43,3,201,0,inner_oof,f1_f3,0,0.39658850772294685,-0.4197001337433449
43,3,222,1,inner_oof,f1_f3,0,0.46480401217057216,-0.14101717466717223
43,3,15,1,inner_oof,f1_f3,1,0.538224678220388,0.15319763419670362
43,3,40,0,inner_oof,f1_f3,0,0.4087427969973901,-0.36916502236873694
43,3,120,1,inner_oof,f1_f3,1,0.526699962871317,0.10690154063770033
43,3,24,1,inner_oof,f1_f3,1,0.5264578443679652,0.10593032218214934
43,3,129,1,inner_oof,f1_f3,1,0.5150893188990445,0.06037560908208131
43,3,209,0,inner_oof,f1_f3,0,0.44954997718596895,-0.20248913528037216
43,3,70,0,inner_oof,f1_f3,1,0.5882954289620322,0.35692322037920776
43,3,196,0,inner_oof,f1_f3,1,0.5868011036624166,0.35075686085306385
43,3,288,1,inner_oof,f1_f3,1,0.539912312823895,0.15998964710069352
43,3,254,0,inner_oof,f1_f3,0,0.49397900630081343,-0.024085139032773664
43,3,131,1,inner_oof,f1_f3,1,0.53207782876369,0.1284877919991892
43,3,140,1,inner_oof,f1_f3,1,0.5389545797060642,0.15613473592483218
43,3,257,0,inner_oof,f2_f3,0,0.4809054481017276,-0.07641537030492838
43,3,301,1,inner_oof,f2_f3,1,0.5393588409985578,0.1577617597092575
43,3,20,0,inner_oof,f2_f3,1,0.5033965265699485,0.013586315265124188
43,3,53,1,inner_oof,f2_f3,1,0.6008922128534283,0.40918404848475776
43,3,126,0,inner_oof,f2_f3,1,0.5061450633177429,0.024581490976059397
43,3,268,1,inner_oof,f2_f3,1,0.5969525697662615,0.39278341469966244
43,3,155,1,inner_oof,f2_f3,0,0.4810414527407292,-0.07587056284344311
43,3,263,1,inner_oof,f2_f3,1,0.5774155602852087,0.31217293160747334
43,3,225,0,inner_oof,f2_f3,1,0.5024486102298696,0.009794519219874079
43,3,180,0,inner_oof,f2_f3,1,0.5379678292128415,0.15216423897585815
43,3,195,0,inner_oof,f2_f3,0,0.4844154510866768,-0.06235839487762772
43,3,128,1,inner_oof,f2_f3,1,0.5517826925257293,0.20787611966965142
43,3,41,1,inner_oof,f2_f3,1,0.5349013953928352,0.13983298620636786
43,3,194,0,inner_oof,f2_f3,0,0.4048455214228605,-0.385315433950264
43,3,193,1,inner_oof,f2_f3,1,0.5383284321283767,0.15361509631630726
43,3,66,0,inner_oof,f2_f3,1,0.5135798297362737,0.05433268102223845
43,3,282,0,inner_oof,f2_f3,1,0.5693310448735538,0.2791223567079712
43,3,286,0,inner_oof,f2_f3,0,0.44864159366376183,-0.20616072630168214
43,3,293,1,inner_oof,f2_f3,1,0.528757334158267,0.11515642557223896
43,3,95,0,inner_oof,f2_f3,1,0.5724200000763507,0.2917315826125511
43,3,104,1,inner_oof,f2_f3,1,0.5211149401895436,0.08451002201463363
43,3,117,0,inner_oof,f2_f3,0,0.45605478613766653,-0.1762355846361907
43,3,13,0,inner_oof,f2_f3,0,0.4443789656141998,-0.22340874448527567
43,3,33,1,inner_oof,f2_f3,0,0.48919200811769853,-0.043238702807355096
43,3,74,0,inner_oof,f2_f3,1,0.5317308281192898,0.12709411494632825
43,3,223,1,inner_oof,f2_f3,1,0.6361835493694795,0.5588376373936922
43,3,178,1,inner_oof,f2_f3,1,0.5252801415276649,0.10120686477230362
43,3,38,0,inner_oof,f2_f3,1,0.5115598948622594,0.04624782082441848
43,3,88,1,inner_oof,f2_f3,1,0.5318431518748424,0.12754523323311093
43,3,177,1,inner_oof,f2_f3,1,0.5389710414135691,0.15620098504618338
43,3,313,0,inner_oof,f2_f3,0,0.3419367707863724,-0.654675180510054
43,3,171,1,inner_oof,f2_f3,0,0.42129051886105195,-0.31747792771041805
43,3,83,1,inner_oof,f2_f3,1,0.5534114938370093,0.2144642338666731
43,3,259,0,inner_oof,f2_f3,1,0.5612462666621395,0.24622150343138316
43,3,146,1,inner_oof,f2_f3,1,0.5240278157918835,0.09618535049808716
43,3,315,0,inner_oof,f2_f3,1,0.5159405531444995,0.06378382850442929
43,3,198,0,inner_oof,f2_f3,0,0.4730790632288496,-0.10778798495711453
43,3,233,1,inner_oof,f2_f3,0,0.47606016693019,-0.09583260798527202
43,3,111,0,inner_oof,f2_f3,0,0.46956533500586556,-0.12188934540121947
43,3,73,0,inner_oof,f2_f3,1,0.5017700002470262,0.00708003056291584
43,3,87,1,inner_oof,f2_f3,1,0.5119835974978404,0.04794357141626867
43,3,276,0,inner_oof,f2_f3,0,0.4064931880379891,-0.37848152034132465
43,3,260,0,inner_oof,f2_f3,0,0.40245369693904015,-0.39525172388540986
43,3,97,1,inner_oof,f2_f3,1,0.52742334322418,0.1098035635506362
43,3,169,0,inner_oof,f2_f3,0,0.4045850838836045,-0.38639644280335184
43,3,156,0,inner_oof,f2_f3,1,0.5103734680723773,0.04149982730414446
43,3,149,0,inner_oof,f2_f3,0,0.45617351566714853,-0.1757569794029651
43,3,116,1,inner_oof,f2_f3,0,0.46719332973011585,-0.13141548412978252
43,3,237,1,inner_oof,f2_f3,0,0.47679310613594583,-0.09289431936273371
43,3,201,0,inner_oof,f2_f3,0,0.39837702884835957,-0.41223208980194126
43,3,222,1,inner_oof,f2_f3,0,0.4573267421645515,-0.17110929637180625
43,3,15,1,inner_oof,f2_f3,0,0.44762469801218757,-0.2102725564850029
43,3,40,0,inner_oof,f2_f3,1,0.5580567998912944,0.23327938184211253
43,3,120,1,inner_oof,f2_f3,1,0.5097549709234869,0.039024835639565505
43,3,24,1,inner_oof,f2_f3,1,0.5542190118711705,0.2177321635084695
43,3,129,1,inner_oof,f2_f3,0,0.4184405910561808,-0.329178208736204
43,3,209,0,inner_oof,f2_f3,0,0.44994471599327046,-0.20089406768196932
43,3,70,0,inner_oof,f2_f3,0,0.453050300375769,-0.1883536837065784
43,3,196,0,inner_oof,f2_f3,0,0.4707412539775382,-0.11716884673904364
43,3,288,1,inner_oof,f2_f3,0,0.43613315714531226,-0.25687052637553986
43,3,254,0,inner_oof,f2_f3,0,0.47140353486118336,-0.11451082581532039
43,3,131,1,inner_oof,f2_f3,1,0.5289629188056071,0.11598151305761989
43,3,140,1,inner_oof,f2_f3,0,0.41892521924111353,-0.3271870293690019
43,3,257,0,inner_oof,f1_f2_f3,0,0.4317833114672501,-0.2745789712885086
43,3,301,1,inner_oof,f1_f2_f3,1,0.5375149541765781,0.15034235826368486
43,3,20,0,inner_oof,f1_f2_f3,0,0.4777409310100721,-0.08909516528340805
43,3,53,1,inner_oof,f1_f2_f3,1,0.5993506281267289,0.4027601222121356
43,3,126,0,inner_oof,f1_f2_f3,0,0.4824511305865264,-0.07022432243917197
43,3,268,1,inner_oof,f1_f2_f3,1,0.503392316882794,0.013569475740399156
43,3,155,1,inner_oof,f1_f2_f3,0,0.43319386662993303,-0.26883197206679876
43,3,263,1,inner_oof,f1_f2_f3,1,0.5992896409318919,0.4025061522986229
43,3,225,0,inner_oof,f1_f2_f3,0,0.4299014616025518,-0.28225319690620493
43,3,180,0,inner_oof,f1_f2_f3,0,0.4824781586787817,-0.07011607693305025
43,3,195,0,inner_oof,f1_f2_f3,0,0.3754269365776858,-0.5090044418799432
43,3,128,1,inner_oof,f1_f2_f3,1,0.5220549614784273,0.08827712882051669
43,3,41,1,inner_oof,f1_f2_f3,1,0.5479221319548563,0.19227874244782506
43,3,194,0,inner_oof,f1_f2_f3,0,0.34588849141196876,-0.6371613953930172
43,3,193,1,inner_oof,f1_f2_f3,1,0.5668137004563161,0.26886279065488033
43,3,66,0,inner_oof,f1_f2_f3,1,0.5465084614402631,0.18657317916257388
43,3,282,0,inner_oof,f1_f2_f3,1,0.6174203881992408,0.47861336716109126
43,3,286,0,inner_oof,f1_f2_f3,1,0.5210416219313992,0.08421622685590041
43,3,293,1,inner_oof,f1_f2_f3,1,0.5086826688870082,0.03473416724893077
43,3,95,0,inner_oof,f1_f2_f3,1,0.5696959493754543,0.28061074307028283
43,3,104,1,inner_oof,f1_f2_f3,1,0.5274467522578533,0.10989748244954703
43,3,117,0,inner_oof,f1_f2_f3,0,0.4888538642041076,-0.04459193074723422
43,3,13,0,inner_oof,f1_f2_f3,0,0.38965870226141913,-0.44874707161864225
43,3,33,1,inner_oof,f1_f2_f3,1,0.5076202085370997,0.03048319440829697
43,3,74,0,inner_oof,f1_f2_f3,0,0.4829340932938385,-0.06829015397157201
43,3,223,1,inner_oof,f1_f2_f3,1,0.6219564074608812,0.4978604926672827
43,3,178,1,inner_oof,f1_f2_f3,1,0.5023303986322829,0.009321662027774014
43,3,38,0,inner_oof,f1_f2_f3,0,0.48296421666466477,-0.06816952020016986
43,3,88,1,inner_oof,f1_f2_f3,1,0.5067567921982394,0.02702881417974355
43,3,177,1,inner_oof,f1_f2_f3,1,0.5349139130932075,0.1398833022572125
43,3,313,0,inner_oof,f1_f2_f3,0,0.32831507640340846,-0.7158156207813934
43,3,171,1,inner_oof,f1_f2_f3,0,0.45821042877866197,-0.16754915099350431
43,3,83,1,inner_oof,f1_f2_f3,1,0.572280642299538,0.29116223024432664
43,3,259,0,inner_oof,f1_f2_f3,1,0.5361582852103336,0.14488606359543987
43,3,146,1,inner_oof,f1_f2_f3,0,0.4700171466007679,-0.12007547777796657
43,3,315,0,inner_oof,f1_f2_f3,1,0.5753731028411576,0.30380781055952955
43,3,198,0,inner_oof,f1_f2_f3,1,0.531025026066401,0.12425974366007722
43,3,233,1,inner_oof,f1_f2_f3,1,0.5604543996595066,0.24300641587891664
43,3,111,0,inner_oof,f1_f2_f3,0,0.49594693436346776,-0.01621261765928453
43,3,73,0,inner_oof,f1_f2_f3,1,0.5858188480281076,0.346707165456603
43,3,87,1,inner_oof,f1_f2_f3,1,0.5191879309429981,0.0767894346944267
43,3,276,0,inner_oof,f1_f2_f3,0,0.49837555099148095,-0.0064978188963662475
43,3,260,0,inner_oof,f1_f2_f3,0,0.4612840377984182,-0.15517447289690578
43,3,97,1,inner_oof,f1_f2_f3,1,0.6069501442297983,0.4345101896847869
43,3,169,0,inner_oof,f1_f2_f3,0,0.3310450533213895,-0.7034622347153814
43,3,156,0,inner_oof,f1_f2_f3,1,0.5036303654363516,0.014521716935315343
43,3,149,0,inner_oof,f1_f2_f3,0,0.39245602502786686,-0.43700006658015195
43,3,116,1,inner_oof,f1_f2_f3,0,0.46559481333601566,-0.1378385711461938
43,3,237,1,inner_oof,f1_f2_f3,0,0.43025161261885053,-0.28082465454261274
43,3,201,0,inner_oof,f1_f2_f3,0,0.3949359614667716,-0.4266106723556481
43,3,222,1,inner_oof,f1_f2_f3,0,0.429564408223523,-0.283628573957706
43,3,15,1,inner_oof,f1_f2_f3,1,0.5045186022663417,0.018074901141564126
43,3,40,0,inner_oof,f1_f2_f3,0,0.4658959422729111,-0.13662837528702793
43,3,120,1,inner_oof,f1_f2_f3,1,0.5374801190622005,0.1502022296864229
43,3,24,1,inner_oof,f1_f2_f3,1,0.6500516358887537,0.6192661870744086
43,3,129,1,inner_oof,f1_f2_f3,0,0.45088276711870223,-0.19710459181661788
43,3,209,0,inner_oof,f1_f2_f3,0,0.4299778374355571,-0.2819415752529362
43,3,70,0,inner_oof,f1_f2_f3,1,0.5288653705282215,0.1155900107195248
43,3,196,0,inner_oof,f1_f2_f3,1,0.5956068818095892,0.38719338548991467
43,3,288,1,inner_oof,f1_f2_f3,0,0.4268447411127898,-0.2947362947732471
43,3,254,0,inner_oof,f1_f2_f3,0,0.4643778581701162,-0.14273038286940212
43,3,131,1,inner_oof,f1_f2_f3,1,0.5188607322688887,0.07547874246078584
43,3,140,1,inner_oof,f1_f2_f3,0,0.4370200295762695,-0.25326502267893586
43,4,249,1,in_sample,f1,0,0.3886064850771816,-0.4531735773563122
43,4,19,1,in_sample,f1,1,0.5425231708387559,0.17050455893512714
43,4,61,0,in_sample,f1,0,0.42334981476691497,-0.3090369953476746
43,4,28,0,in_sample,f1,1,0.6802557218295502,0.7549472433895256
43,4,166,1,in_sample,f1,1,0.535804852136707,0.14346497184242163
43,4,85,1,in_sample,f1,1,0.5471488354624652,0.18915734310018867
43,4,23,0,in_sample,f1,1,0.6708616821065609,0.7120848972295505
43,4,91,1,in_sample,f1,1,0.5334509275884897,0.13400387699261665
43,4,217,0,in_sample,f1,1,0.5451275971993241,0.18100294434513078
43,4,202,0,in_sample,f1,1,0.5145012807377866,0.058021394806280435
43,4,262,1,in_sample,f1,1,0.5112735215375376,0.045101729962583006
43,4,258,0,in_sample,f1,1,0.6904627516579792,0.8022835924416455
43,4,203,0,in_sample,f1,1,0.6016446196357947,0.41232241580237966
43,4,34,1,in_sample,f1,1,0.6127701652237186,0.4589715261898391
43,4,213,0,in_sample,f1,1,0.5164773364541687,0.06593322078882084
43,4,42,0,in_sample,f1,1,0.5252895846524829,0.10124473411474037
43,4,5,1,in_sample,f1,1,0.5148278527438125,0.05932880751090876
43,4,118,0,in_sample,f1,0,0.4157690894577228,-0.3401662667124428
43,4,80,0,in_sample,f1,1,0.7114708689755976,0.90253841864075
43,4,261,0,in_sample,f1,0,0.4192767228764107,-0.3257432177792178
43,4,39,1,in_sample,f1,1,0.5750532990272992,0.3024989788780582
43,4,106,1,in_sample,f1,1,0.6509543153090334,0.623236648240644
43,4,64,0,in_sample,f1,1,0.5444933912708986,0.1784455797253891
43,4,231,0,in_sample,f1,1,0.6196063045302455,0.4878775265422013
43,4,137,1,in_sample,f1,1,0.6094155995619863,0.444856384244627
43,4,210,1,in_sample,f1,1,0.566041242121215,0.26571743983123314
43,4,93,0,in_sample,f1,0,0.3988378502884473,-0.41030975396215863
43,4,200,1,in_sample,f1,1,0.500474003009957,0.001896012607820203
43,4,90,1,in_sample,f1,1,0.7542649776757812,1.1214899251781338
43,4,46,1,in_sample,f1,0,0.40819136316524446,-0.37144724222697595
43,4,235,0,in_sample,f1,0,0.48887943929797056,-0.04448957962548289
43,4,109,0,in_sample,f1,0,0.43649232574932123,-0.2554101584932358
43,4,242,1,in_sample,f1,0,0.47932154233895125,-0.08276103685723805
43,4,226,1,in_sample,f1,0,0.37752599597178216,-0.5000624370501171
43,4,123,0,in_sample,f1,0,0.3200347787546379,-0.7536119781384016
43,4,214,0,in_sample,f1,0,0.4386590173206433,-0.24660614779609064
43,4,306,0,in_sample,f1,0,0.4016827127549062,-0.3984586886937715
43,4,4,0,in_sample,f1,0,0.42389104212976997,-0.3068203596770753
43,4,49,1,in_sample,f1,0,0.46670142282180216,-0.13339174800814996
43,4,127,0,in_sample,f1,1,0.6343885285474223,0.5510903716455827
43,4,78,1,in_sample,f1,1,0.5451249770498413,0.1809923776761101
43,4,275,0,in_sample,f1,1,0.6173108443237791,0.47814964092002576
43,4,25,0,in_sample,f1,1,0.5266109653991011,0.10654453612138677
43,4,32,1,in_sample,f1,1,0.6952551803065584,0.824804174412598
43,4,281,0,in_sample,f1,0,0.4592504959411965,-0.16336034370853997
43,4,299,1,in_sample,f1,0,0.48947945368540396,-0.04208839722325921
43,4,265,0,in_sample,f1,0,0.4839730018935345,-0.06412996207547735
43,4,218,1,in_sample,f1,1,0.5363632535768156,0.14571027189250296
43,4,220,1,in_sample,f1,1,0.6784323285465226,0.7465767292852833
43,4,267,1,in_sample,f1,0,0.26099261960034964,-1.040815778377747
43,4,160,0,in_sample,f1,1,0.5250974788198757,0.10047435489270073
43,4,310,0,in_sample,f1,0,0.33384758148565263,-0.6908339550215722
43,4,173,1,in_sample,f1,1,0.5293053048763902,0.11735572309370837
43,4,151,1,in_sample,f1,0,0.43302069872861965,-0.26953726743882345
43,4,144,1,in_sample,f1,0,0.47677388779041463,-0.09297135884384246
43,4,270,1,in_sample,f1,1,0.561210450637477,0.24607605828855805
43,4,312,0,in_sample,f1,1,0.5749497999450804,0.3020754528174147
43,4,107,1,in_sample,f1,1,0.6448369602126212,0.5964205589273638
43,4,102,1,in_sample,f1,1,0.616496016868492,0.47470185468971365
43,4,63,1,in_sample,f1,0,0.4590011463480062,-0.16436445235389036
43,4,256,0,in_sample,f1,1,0.5976795751967503,0.39580593516648077
43,4,92,0,in_sample,f1,0,0.24093800491417405,-1.147543794636495
43,4,57,0,in_sample,f1,0,0.4677048683594242,-0.12936062041519775
43,4,249,1,in_sample,f2,0,0.2597019902804652,-1.0475180385601548
43,4,19,1,in_sample,f2,0,0.20977508898077837,-1.326281650506606
43,4,61,0,in_sample,f2,0,0.3830340425414153,-0.4766899789351119
43,4,28,0,in_sample,f2,1,0.8176255367481571,1.5003423890164487
43,4,166,1,in_sample,f2,1,0.8938988780342433,2.131200036786777
43,4,85,1,in_sample,f2,1,0.9120372299470976,2.3387671541723227
43,4,23,0,in_sample,f2,1,0.7447796172378569,1.0709609407904974
43,4,91,1,in_sample,f2,1,0.6526941870834574,0.630903002586539
43,4,217,0,in_sample,f2,0,0.07776019420487301,-2.4731756251518267
43,4,202,0,in_sample,f2,0,0.21133659097873012,-1.3168875449123292
43,4,262,1,in_sample,f2,1,0.6313400079894683,0.5379697689426478
43,4,258,0,in_sample,f2,1,0.5589404352189734,0.2368629776619862
43,4,203,0,in_sample,f2,1,0.7211099729521896,0.9499741181908933
43,4,34,1,in_sample,f2,1,0.6065149903950221,0.4326864722111804
43,4,213,0,in_sample,f2,1,0.6199200003587505,0.48920868209961466
43,4,42,0,in_sample,f2,1,0.7630127210513322,1.1692682391862712
43,4,5,1,in_sample,f2,0,0.26435683204709604,-1.0234453479617778
43,4,118,0,in_sample,f2,0,0.2849689038353233,-0.9199459679216537
43,4,80,0,in_sample,f2,0,0.3192391833322335,-0.7572704079248604
43,4,261,0,in_sample,f2,1,0.6473431633141546,0.6073810953440245
43,4,39,1,in_sample,f2,1,0.8657816813577229,1.8641650589586016
43,4,106,1,in_sample,f2,1,0.844780858098441,1.6942393170560726
43,4,64,0,in_sample,f2,0,0.025939413560669814,-3.6257099343417742
43,4,231,0,in_sample,f2,0,0.26659018883620783,-1.0119920271883673
43,4,137,1,in_sample,f2,1,0.8410454823232103,1.6660276307988309
43,4,210,1,in_sample,f2,1,0.7755698597097875,1.240033582354131
43,4,93,0,in_sample,f2,0,0.2641353880262098,-1.0245843455604207
43,4,200,1,in_sample,f2,0,0.10746653705675502,-2.116884490528691
43,4,90,1,in_sample,f2,1,0.8903167778978343,2.093980917498677
43,4,46,1,in_sample,f2,1,0.862576138114787,1.836853389087846
43,4,235,0,in_sample,f2,0,0.036757335729348785,-3.2659675504524737
43,4,109,0,in_sample,f2,0,0.42660151315685363,-0.29573056147901194
43,4,242,1,in_sample,f2,0,0.07792912267512829,-2.470822364122161
43,4,226,1,in_sample,f2,1,0.5072370290598038,0.02895013802096829
43,4,123,0,in_sample,f2,0,0.24091008559782956,-1.1476964596072492
43,4,214,0,in_sample,f2,0,0.12025390051063109,-1.9900279973952018
43,4,306,0,in_sample,f2,1,0.7059168612239446,0.8756349579378025
43,4,4,0,in_sample,f2,0,0.35503517399179424,-0.596978915753988
43,4,49,1,in_sample,f2,0,0.28379012922230673,-0.9257382562538543
43,4,127,0,in_sample,f2,1,0.5609646695995357,0.24507803688957652
43,4,78,1,in_sample,f2,0,0.26744783410044276,-1.0076100199906102
43,4,275,0,in_sample,f2,0,0.288582897619353,-0.9022765149060998
43,4,25,0,in_sample,f2,0,0.44321816180839707,-0.22811137689483102
43,4,32,1,in_sample,f2,0,0.3189008281383042,-0.7588277514914133
43,4,281,0,in_sample,f2,0,0.08477199218447362,-2.379208015702904
43,4,299,1,in_sample,f2,1,0.9424617578367597,2.7960455354247404
43,4,265,0,in_sample,f2,1,0.5493365368838,0.1979903940506857
43,4,218,1,in_sample,f2,0,0.11001647410338236,-2.0905728331713247
43,4,220,1,in_sample,f2,0,0.40992661542300574,-0.3642687528989554
43,4,267,1,in_sample,f2,0,0.24451570533739755,-1.1280794521314612
43,4,160,0,in_sample,f2,1,0.761642330154876,1.1617047024419298
43,4,310,0,in_sample,f2,0,0.16627119013321323,-1.6122880505931283
43,4,173,1,in_sample,f2,0,0.18463272262748498,-1.4852700901157574
43,4,151,1,in_sample,f2,1,0.5651610625509167,0.2621350531962631
43,4,144,1,in_sample,f2,1,0.6801752092334155,0.7545771086280378
43,4,270,1,in_sample,f2,1,0.5508209131815276,0.2039880695962078
43,4,312,0,in_sample,f2,0,0.33068014726048106,-0.7051104659006713
43,4,107,1,in_sample,f2,0,0.33185738252957886,-0.699796344025624
43,4,102,1,in_sample,f2,1,0.8334873289141833,1.6105470906704065
43,4,63,1,in_sample,f2,0,0.3671122008276062,-0.5446256282845139
43,4,256,0,in_sample,f2,1,0.8284517063883803,1.5746937223808142
43,4,92,0,in_sample,f2,0,0.3713904376368375,-0.5262564346240592
43,4,57,0,in_sample,f2,0,0.3215021956418639,-0.7468768702237917
43,4,249,1,in_sample,f3,0,0.203819491774504,-1.362591171367819
43,4,19,1,in_sample,f3,1,0.796803161100112,1.366432514518353
43,4,61,0,in_sample,f3,0,0.3606291165402029,-0.5726346460902416
43,4,28,0,in_sample,f3,0,0.21816502124628906,-1.2763919390452747
43,4,166,1,in_sample,f3,1,0.7475196085762168,1.085426949157463
43,4,85,1,in_sample,f3,0,0.4296326294729235,-0.2833501694584211
43,4,23,0,in_sample,f3,1,0.8864962130811523,2.0554406524524396
43,4,91,1,in_sample,f3,1,0.7114883902538248,0.9026237732217505
43,4,217,0,in_sample,f3,0,0.3379030062526272,-0.6726531708878353
43,4,202,0,in_sample,f3,0,0.10030424527864605,-2.193848635981606
43,4,262,1,in_sample,f3,1,0.8070745303226912,1.4311120719564396
43,4,258,0,in_sample,f3,0,0.1042168556586265,-2.1512244784811863
43,4,203,0,in_sample,f3,0,0.39600421335794106,-0.42214237116164477
43,4,34,1,in_sample,f3,1,0.83269740217737,1.604866177676866
43,4,213,0,in_sample,f3,1,0.8276935266062146,1.5693682356100522
43,4,42,0,in_sample,f3,1,0.5849270180884371,0.3430327192478738
43,4,5,1,in_sample,f3,0,0.4008813266386726,-0.4017942576643684
43,4,118,0,in_sample,f3,1,0.9433233687986591,2.8120471611495974
43,4,80,0,in_sample,f3,0,0.4976282458918067,-0.00948708758910893
43,4,261,0,in_sample,f3,1,0.6173873664373757,0.4784735725840686
43,4,39,1,in_sample,f3,1,0.7356936535288678,1.0237049667635267
43,4,106,1,in_sample,f3,1,0.6110054643068937,0.4515406058923819
43,4,64,0,in_sample,f3,1,0.6206601734071671,0.49235126393671724
43,4,231,0,in_sample,f3,1,0.6641371150941804,0.6817856307561391
43,4,137,1,in_sample,f3,0,0.36798051640782536,-0.5408902299169345
43,4,210,1,in_sample,f3,1,0.8288309469058047,1.5773645274904586
43,4,93,0,in_sample,f3,0,0.16131524859920812,-1.6484743762872665
43,4,200,1,in_sample,f3,1,0.6964890060359088,0.8306341747314806
43,4,90,1,in_sample,f3,1,0.8662203798262226,1.8679455358558639
43,4,46,1,in_sample,f3,0,0.38519733666445494,-0.46754557795357404
43,4,235,0,in_sample,f3,1,0.5701906866733184,0.28262918995509856
43,4,109,0,in_sample,f3,0,0.09475530521175195,-2.256907454059246
43,4,242,1,in_sample,f3,1,0.7043935920985936,0.8683084131680032
43,4,226,1,in_sample,f3,1,0.5175531463501488,0.0702414512912141
43,4,123,0,in_sample,f3,0,0.2717671491019864,-0.9856752170088992
43,4,214,0,in_sample,f3,0,0.024074854274856443,-3.7022179838177323
43,4,306,0,in_sample,f3,1,0.7060381593794319,0.8762193210379521
43,4,4,0,in_sample,f3,0,0.48612410694684366,-0.05551782770788067
43,4,49,1,in_sample,f3,0,0.3620789946374815,-0.566352054382275
43,4,127,0,in_sample,f3,0,0.21576109206529423,-1.2905419631379773
43,4,78,1,in_sample,f3,1,0.7282890367158745,0.9859591315432992
43,4,275,0,in_sample,f3,1,0.5930590612048615,0.37662592996114563
43,4,25,0,in_sample,f3,0,0.16075202636953562,-1.652643252598179
43,4,32,1,in_sample,f3,1,0.92811384911945,2.558070777732091
43,4,281,0,in_sample,f3,0,0.03219461884205116,-3.4032316926617048
43,4,299,1,in_sample,f3,1,0.9683632931483687,3.421289264031584
43,4,265,0,in_sample,f3,0,0.44010890638041017,-0.24072007835046544
43,4,218,1,in_sample,f3,0,0.44736479657783595,-0.2113237540191487
43,4,220,1,in_sample,f3,1,0.7853396615251735,1.297059356192949
43,4,267,1,in_sample,f3,0,0.09449612190685483,-2.2599327644989797
43,4,160,0,in_sample,f3,0,0.25093060599986683,-1.0936551973040873
43,4,310,0,in_sample,f3,0,0.36228628257044304,-0.5654547287681098
43,4,173,1,in_sample,f3,0,0.111833996627402,-2.0721430674352943
43,4,151,1,in_sample,f3,1,0.6839551556838487,0.772008237696374
43,4,144,1,in_sample,f3,0,0.37665039564019054,-0.503790099401052
43,4,270,1,in_sample,f3,1,0.6141998471070841,0.4650008623039879
43,4,312,0,in_sample,f3,1,0.8319294100906581,1.5993635243957607
43,4,107,1,in_sample,f3,1,0.867064107666359,1.8752459165046662
43,4,102,1,in_sample,f3,0,0.289377345130646,-0.8984100354726163
43,4,63,1,in_sample,f3,0,0.2033499170551393,-1.3654873151925389
43,4,256,0,in_sample,f3,0,0.4107718482562039,-0.36077551642126654
43,4,92,0,in_sample,f3,0,0.1444152031733589,-1.779092701979859
43,4,57,0,in_sample,f3,1,0.7418898878976964,1.0558145481290389
43,4,249,1,in_sample,f1_f2,0,0.23711344561313435,-1.1685706365147643
43,4,19,1,in_sample,f1_f2,0,0.2261286609339542,-1.2303014977227447
43,4,61,0,in_sample,f1_f2,0,0.3623985969336319,-0.56496862545143
43,4,28,0,in_sample,f1_f2,1,0.8475097500971583,1.7152016847876492
43,4,166,1,in_sample,f1_f2,1,0.8931650481567395,2.123486250725461
43,4,85,1,in_sample,f1_f2,1,0.9121933513560349,2.3407147530212185
43,4,23,0,in_sample,f1_f2,1,0.7829904402238529,1.2831790799132738
43,4,91,1,in_sample,f1_f2,1,0.6595004266944635,0.6610687467061523
43,4,217,0,in_sample,f1_f2,0,0.08768092594839715,-2.3422854070988217
43,4,202,0,in_sample,f1_f2,0,0.221157888144987,-1.2589314723503149
43,4,262,1,in_sample,f1_f2,1,0.6320052775304091,0.5408291476839375
43,4,258,0,in_sample,f1_f2,1,0.6229741667497284,0.5021913437257604
43,4,203,0,in_sample,f1_f2,1,0.743617393242395,1.0648557597765604
43,4,34,1,in_sample,f1_f2,1,0.6404658502136116,0.577386637427033
43,4,213,0,in_sample,f1_f2,1,0.6225525628939717,0.5003967436178962
43,4,42,0,in_sample,f1_f2,1,0.7638135749068931,1.1737023174638832
43,4,5,1,in_sample,f1_f2,0,0.2742669287783424,-0.9730804519317565
43,4,118,0,in_sample,f1_f2,0,0.2676562249010745,-1.0065466276436303
43,4,80,0,in_sample,f1_f2,0,0.39386942847564954,-0.4310759728569075
43,4,261,0,in_sample,f1_f2,1,0.6186512111752218,0.48382722984416227
43,4,39,1,in_sample,f1_f2,1,0.8718209054490926,1.917155556991883
43,4,106,1,in_sample,f1_f2,1,0.8652467972652722,1.8595698035125352
43,4,64,0,in_sample,f1_f2,0,0.030349994223051322,-3.4641388604388004
43,4,231,0,in_sample,f1_f2,0,0.3061772519258997,-0.8180523327428312
43,4,137,1,in_sample,f1_f2,1,0.8547357329330352,1.7722377217499972
43,4,210,1,in_sample,f1_f2,1,0.7854567423451914,1.2977540005387547
43,4,93,0,in_sample,f1_f2,0,0.24381566555411885,-1.1318727043481167
43,4,200,1,in_sample,f1_f2,0,0.1134595158238277,-2.0558807073849112
43,4,90,1,in_sample,f1_f2,1,0.9180140156490382,2.4156643479894035
43,4,46,1,in_sample,f1_f2,1,0.84081560535086,1.6643091344678589
43,4,235,0,in_sample,f1_f2,0,0.03957824226885191,-3.189092989345233
43,4,109,0,in_sample,f1_f2,0,0.4083101250195142,-0.37095564178269685
43,4,242,1,in_sample,f1_f2,0,0.08102083246271807,-2.4285571409754456
43,4,226,1,in_sample,f1_f2,0,0.46572791188048335,-0.13730365399193367
43,4,123,0,in_sample,f1_f2,0,0.20312408485736683,-1.3668819290041423
43,4,214,0,in_sample,f1_f2,0,0.11754028415462091,-2.015932021302487
43,4,306,0,in_sample,f1_f2,1,0.6726786912216208,0.7203255039158848
43,4,4,0,in_sample,f1_f2,0,0.335988717149046,-0.6812215620916473
43,4,49,1,in_sample,f1_f2,0,0.2803442983887391,-0.9427544205458073
43,4,127,0,in_sample,f1_f2,1,0.6048802732649792,0.425841718385008
43,4,78,1,in_sample,f1_f2,0,0.28560443331751784,-0.9168290707260213
43,4,275,0,in_sample,f1_f2,0,0.3285820083528899,-0.7146054297189439
43,4,25,0,in_sample,f1_f2,0,0.45421410884048846,-0.18365806585811667
43,4,32,1,in_sample,f1_f2,0,0.387296516261155,-0.4586905140518097
43,4,281,0,in_sample,f1_f2,0,0.08576225735056077,-2.366511631244355
43,4,299,1,in_sample,f1_f2,1,0.9374875170656509,2.7078371788767774
43,4,265,0,in_sample,f1_f2,1,0.5432610918488365,0.17347812583073735
43,4,218,1,in_sample,f1_f2,0,0.12110553878280506,-1.982002436823695
43,4,220,1,in_sample,f1_f2,0,0.4747230234333978,-0.10119417248628831
43,4,267,1,in_sample,f1_f2,0,0.1908907883940538,-1.4442324277515786
43,4,160,0,in_sample,f1_f2,1,0.7624370124464774,1.1660870993776653
43,4,310,0,in_sample,f1_f2,0,0.14213351080763206,-1.797681647548722
43,4,173,1,in_sample,f1_f2,0,0.19737466393081987,-1.402784254946099
43,4,151,1,in_sample,f1_f2,1,0.5416285388102777,0.16690050770659426
43,4,144,1,in_sample,f1_f2,1,0.6693285912787926,0.7051499479708918
43,4,270,1,in_sample,f1_f2,1,0.5703956339847758,0.2834655086456792
43,4,312,0,in_sample,f1_f2,0,0.35848332389989046,-0.5819530365578699
43,4,107,1,in_sample,f1_f2,0,0.38273492232458767,-0.47795591435492607
43,4,102,1,in_sample,f1_f2,1,0.8491943623445728,1.7282962511650068
43,4,63,1,in_sample,f1_f2,0,0.35836435849701415,-0.5824703759826009
43,4,256,0,in_sample,f1_f2,1,0.8411666379171444,1.666934167503586
43,4,92,0,in_sample,f1_f2,0,0.29013814973875285,-0.8947131860481061
43,4,57,0,in_sample,f1_f2,0,0.31703441008205396,-0.7674341603670065
43,4,249,1,in_sample,f1_f3,0,0.19246153513255823,-1.4340943722046282
43,4,19,1,in_sample,f1_f3,1,0.7964324126155905,1.3641441957959162
43,4,61,0,in_sample,f1_f3,0,0.3465889010338149,-0.634067131140924
43,4,28,0,in_sample,f1_f3,0,0.264960432280804,-1.0203438287052735
43,4,166,1,in_sample,f1_f3,1,0.747663738958268,1.086190762805543
43,4,85,1,in_sample,f1_f3,0,0.4454306216672491,-0.21915041429142862
43,4,23,0,in_sample,f1_f3,1,0.8980543498170318,2.1757907597218713
43,4,91,1,in_sample,f1_f3,1,0.712508522369822,0.9075986565194996
43,4,217,0,in_sample,f1_f3,0,0.35521318140677977,-0.5962016281092372
43,4,202,0,in_sample,f1_f3,0,0.10963549637345195,-2.0944697394189076
43,4,262,1,in_sample,f1_f3,1,0.8009248310522298,1.3920846119778139
43,4,258,0,in_sample,f1_f3,0,0.13591189452213326,-1.8496678961331867
43,4,203,0,in_sample,f1_f3,0,0.4275924323249608,-0.29168078758026117
43,4,34,1,in_sample,f1_f3,1,0.8419332118571705,1.6726830367864423
43,4,213,0,in_sample,f1_f3,1,0.8221379695896343,1.530900087502836
43,4,42,0,in_sample,f1_f3,1,0.5890062552316961,0.35985880884438665
43,4,5,1,in_sample,f1_f3,0,0.40884743461981204,-0.3687320659791969
43,4,118,0,in_sample,f1_f3,1,0.9318945644659038,2.616162653113296
43,4,80,0,in_sample,f1_f3,1,0.5596723305860225,0.23983233555179395
43,4,261,0,in_sample,f1_f3,1,0.5922706342197614,0.37336004767534103
43,4,39,1,in_sample,f1_f3,1,0.7446549904607771,1.070305401770148
43,4,106,1,in_sample,f1_f3,1,0.6473109836616321,0.6072401387303631
43,4,64,0,in_sample,f1_f3,1,0.6282596340621799,0.5247578414933117
43,4,231,0,in_sample,f1_f3,1,0.6882306153913964,0.7918602159507373
43,4,137,1,in_sample,f1_f3,0,0.4020084721590612,-0.3971034229407169
43,4,210,1,in_sample,f1_f3,1,0.8310792722388123,1.5932956457198142
43,4,93,0,in_sample,f1_f3,0,0.15477821157073895,-1.6976058653093633
43,4,200,1,in_sample,f1_f3,1,0.6904275923511137,0.8021190895539159
43,4,90,1,in_sample,f1_f3,1,0.8916162960440867,2.10735813345405
43,4,46,1,in_sample,f1_f3,0,0.36587030046832353,-0.549974606616509
43,4,235,0,in_sample,f1_f3,1,0.5650796058365265,0.26180360408878056
43,4,109,0,in_sample,f1_f3,0,0.09612918644518305,-2.2409934658475414
43,4,242,1,in_sample,f1_f3,1,0.6932195229685902,0.8152142877074069
43,4,226,1,in_sample,f1_f3,0,0.48315425455885924,-0.06740849498921561
43,4,123,0,in_sample,f1_f3,0,0.2398584620058331,-1.1534556424101645
43,4,214,0,in_sample,f1_f3,0,0.025828222986346773,-3.6301198422906173
43,4,306,0,in_sample,f1_f3,1,0.6762080024196431,0.7363993977448665
43,4,4,0,in_sample,f1_f3,0,0.466156044660665,-0.13558313993093957
43,4,49,1,in_sample,f1_f3,0,0.35894864024016954,-0.5799302632853135
43,4,127,0,in_sample,f1_f3,0,0.25165986383842465,-1.0897791729960309
43,4,78,1,in_sample,f1_f3,1,0.7311957799507797,1.000697940607548
43,4,275,0,in_sample,f1_f3,1,0.62137556670982,0.4953909038511295
43,4,25,0,in_sample,f1_f3,0,0.17363005193580514,-1.5601156547917578
43,4,32,1,in_sample,f1_f3,1,0.9364685200163559,2.6905803759842346
43,4,281,0,in_sample,f1_f3,0,0.03490937560689829,-3.3194665730557436
43,4,299,1,in_sample,f1_f3,1,0.9638878302988342,3.2843450098638263
43,4,265,0,in_sample,f1_f3,0,0.4384509411386363,-0.24745121470567988
43,4,218,1,in_sample,f1_f3,0,0.45966317574409155,-0.1616986990990572
43,4,220,1,in_sample,f1_f3,1,0.8107772898280202,1.4550687225641032
43,4,267,1,in_sample,f1_f3,0,0.07878767432283026,-2.4589339804735815
43,4,160,0,in_sample,f1_f3,0,0.26432927893667557,-1.0235870341081406
43,4,310,0,in_sample,f1_f3,0,0.32482563756342603,-0.7316824336784976
43,4,173,1,in_sample,f1_f3,0,0.12335369582822055,-1.9610478044011304
43,4,151,1,in_sample,f1_f3,1,0.6618079707726239,0.6713615715307956
43,4,144,1,in_sample,f1_f3,0,0.37551480931313264,-0.5086297060693832
43,4,270,1,in_sample,f1_f3,1,0.6264321575647914,0.516940852669623
43,4,312,0,in_sample,f1_f3,1,0.8354052059702682,1.6244302240194666
43,4,107,1,in_sample,f1_f3,1,0.8776791732512641,1.9706338000395311
43,4,102,1,in_sample,f1_f3,0,0.3245037789946627,-0.7331503813494527
43,4,63,1,in_sample,f1_f3,0,0.20459600681908766,-1.3578128167902919
43,4,256,0,in_sample,f1_f3,0,0.4409964496450446,-0.23711899967310074
43,4,92,0,in_sample,f1_f3,0,0.11658197513541756,-2.025203828129664
43,4,57,0,in_sample,f1_f3,1,0.7277003269212583,0.9829861255189489
43,4,249,1,in_sample,f2_f3,0,0.1263759266002831,-1.9333891516958757
43,4,19,1,in_sample,f2_f3,0,0.47615554123426296,-0.09545023768696903
43,4,61,0,in_sample,f2_f3,0,0.3013179348363895,-0.8410298271516776
43,4,28,0,in_sample,f2_f3,1,0.580183380975825,0.32352623310468187
43,4,166,1,in_sample,f2_f3,1,0.9348821192415571,2.6642212681339776
43,4,85,1,in_sample,f2_f3,1,0.8582277187080372,1.8006473531934035
43,4,23,0,in_sample,f2_f3,1,0.9234988052047319,2.49086314692057
43,4,91,1,in_sample,f2_f3,1,0.7746429188317068,1.2347160016590693
43,4,217,0,in_sample,f2_f3,0,0.06696603996632652,-2.634255974218191
43,4,202,0,in_sample,f2_f3,0,0.057436543367677326,-2.797922500257723
43,4,262,1,in_sample,f2_f3,1,0.8259430270575032,1.5571431203106731
43,4,258,0,in_sample,f2_f3,0,0.19322848904333528,-1.4291671245734179
43,4,203,0,in_sample,f2_f3,1,0.6225881264854695,0.5005480931780144
43,4,34,1,in_sample,f2_f3,1,0.831861580789985,1.598878493704054
43,4,213,0,in_sample,f2_f3,1,0.8348592195010275,1.6204647859716774
43,4,42,0,in_sample,f2_f3,1,0.7810342234899019,1.2717035230076896
43,4,5,1,in_sample,f2_f3,0,0.23483629672149794,-1.1812011404442777
43,4,118,0,in_sample,f2_f3,1,0.79488228699185,1.3546100128755627
43,4,80,0,in_sample,f2_f3,0,0.3421783718195607,-0.6536016566553519
43,4,261,0,in_sample,f2_f3,1,0.7092135146010532,0.8915673594289439
43,4,39,1,in_sample,f2_f3,1,0.9158742824213237,2.3875667911515874
43,4,106,1,in_sample,f2_f3,1,0.8588554010195598,1.8058156841568818
43,4,64,0,in_sample,f2_f3,0,0.06073712799649617,-2.738540213976849
43,4,231,0,in_sample,f2_f3,0,0.4142586025743927,-0.34638796813742256
43,4,137,1,in_sample,f2_f3,1,0.7361365792713129,1.0259840476228927
43,4,210,1,in_sample,f2_f3,1,0.9065568170379826,2.2723001228693915
43,4,93,0,in_sample,f2_f3,0,0.10609005780467781,-2.131316698964347
43,4,200,1,in_sample,f2_f3,0,0.23445423789585798,-1.1833285727056546
43,4,90,1,in_sample,f2_f3,1,0.9618732457097757,3.227966432729211
43,4,46,1,in_sample,f2_f3,1,0.7735983908235798,1.2287424100491555
43,4,235,0,in_sample,f2_f3,0,0.06986198131881992,-2.5888113820664724
43,4,109,0,in_sample,f2_f3,0,0.12263783365942574,-1.967684297424653
43,4,242,1,in_sample,f2_f3,0,0.18861258464924008,-1.4590505462157208
43,4,226,1,in_sample,f2_f3,1,0.5208098968355406,0.08328770009503142
43,4,123,0,in_sample,f2_f3,0,0.1502565958357161,-1.7325899549316413
43,4,214,0,in_sample,f2_f3,0,0.010716191029763298,-4.525225477931918
43,4,306,0,in_sample,f2_f3,1,0.8061359685610676,1.4250953792959027
43,4,4,0,in_sample,f2_f3,0,0.36568173167085644,-0.550787459502546
43,4,49,1,in_sample,f2_f3,0,0.22750540750510015,-1.22245100137909
43,4,127,0,in_sample,f2_f3,0,0.31716358161305996,-0.7668376552225431
43,4,78,1,in_sample,f2_f3,0,0.47226784818626694,-0.11104256715706129
43,4,275,0,in_sample,f2_f3,0,0.38122439328678653,-0.484354537097064
43,4,25,0,in_sample,f2_f3,0,0.1900810802895749,-1.4494834240335521
43,4,32,1,in_sample,f2_f3,1,0.7858046563741531,1.2998198134188044
43,4,281,0,in_sample,f2_f3,0,0.009638423264535107,-4.63231257199992
43,4,299,1,in_sample,f2_f3,1,0.9934021127219244,5.01438604102557
43,4,265,0,in_sample,f2_f3,0,0.4979815885005862,-0.008073689853967003
43,4,218,1,in_sample,f2_f3,0,0.12412069443771807,-1.9539738679512002
43,4,220,1,in_sample,f2_f3,1,0.6635408665560907,0.6791137484958458
43,4,267,1,in_sample,f2_f3,0,0.06381350599925223,-2.685849841632855
43,4,160,0,in_sample,f2_f3,1,0.5427463334833026,0.17140374742783004
43,4,310,0,in_sample,f2_f3,0,0.1403681622355234,-1.8122355007933022
43,4,173,1,in_sample,f2_f3,0,0.05467708713833375,-2.8500818364823486
43,4,151,1,in_sample,f2_f3,1,0.6938361079552026,0.8181152234432592
43,4,144,1,in_sample,f2_f3,1,0.567175346472823,0.27033582018426316
43,4,270,1,in_sample,f2_f3,1,0.6305021627768794,0.534371698537431
43,4,312,0,in_sample,f2_f3,1,0.6493369676145284,0.6161260518049183
43,4,107,1,in_sample,f2_f3,1,0.6965101557735397,0.8307342265138495
43,4,102,1,in_sample,f2_f3,1,0.6695337704389293,0.7060771309164992
43,4,63,1,in_sample,f2_f3,0,0.1819664406473593,-1.503081083837657
43,4,256,0,in_sample,f2_f3,1,0.74735578625865,1.0845591293646268
43,4,92,0,in_sample,f2_f3,0,0.14158673314854484,-1.802173162106182
43,4,57,0,in_sample,f2_f3,1,0.5415003667238647,0.1663842518156171
43,4,249,1,in_sample,f1_f2_f3,0,0.13099587775366214,-1.8921820137440708
43,4,19,1,in_sample,f1_f2_f3,0,0.47185016607778874,-0.11271852937833082
43,4,61,0,in_sample,f1_f2_f3,0,0.3094337356614722,-0.8027679660314082
43,4,28,0,in_sample,f1_f2_f3,1,0.5424596695655014,0.17024870605094833
43,4,166,1,in_sample,f1_f2_f3,1,0.9360776936537202,2.684030096503168
43,4,85,1,in_sample,f1_f2_f3,1,0.8561756510391447,1.7838827987703683
43,4,23,0,in_sample,f1_f2_f3,1,0.9179445743210058,2.4147420703953086
43,4,91,1,in_sample,f1_f2_f3,1,0.7747995509661928,1.2356134617876788
43,4,217,0,in_sample,f1_f2_f3,0,0.062302318323188936,-2.7114289587206173
43,4,202,0,in_sample,f1_f2_f3,0,0.05349508768978109,-2.873186329805975
43,4,262,1,in_sample,f1_f2_f3,1,0.8299493810897507,1.5852685612673862
43,4,258,0,in_sample,f1_f2_f3,0,0.1645644001763565,-1.6246512812336908
43,4,203,0,in_sample,f1_f2_f3,1,0.604400390220441,0.4238342626845859
43,4,34,1,in_sample,f1_f2_f3,1,0.8253103262211696,1.5527483615158275
43,4,213,0,in_sample,f1_f2_f3,1,0.8385184381360732,1.6472456023305033
43,4,42,0,in_sample,f1_f2_f3,1,0.7811249706118503,1.2722342257512846
43,4,5,1,in_sample,f1_f2_f3,0,0.22904912982700296,-1.213688128046032
43,4,118,0,in_sample,f1_f2_f3,1,0.8128849872328846,1.4688661630927369
43,4,80,0,in_sample,f1_f2_f3,0,0.30339085489223294,-0.8312025616731029
43,4,261,0,in_sample,f1_f2_f3,1,0.7247738443516697,0.9682665234966219
43,4,39,1,in_sample,f1_f2_f3,1,0.9147826605683759,2.3734815800427738
43,4,106,1,in_sample,f1_f2_f3,1,0.8478091311061939,1.717520079714181
43,4,64,0,in_sample,f1_f2_f3,0,0.05720833678115611,-2.802145692758481
43,4,231,0,in_sample,f1_f2_f3,0,0.393081999919208,-0.4343754501589615
43,4,137,1,in_sample,f1_f2_f3,1,0.7208165187518727,0.9485154187250052
43,4,210,1,in_sample,f1_f2_f3,1,0.9063982043735068,2.2704291613155085
43,4,93,0,in_sample,f1_f2_f3,0,0.1086922499258925,-2.1041692725909034
43,4,200,1,in_sample,f1_f2_f3,0,0.23327771111089102,-1.1898950243376643
43,4,90,1,in_sample,f1_f2_f3,1,0.956181723554887,3.082896981601918
43,4,46,1,in_sample,f1_f2_f3,1,0.7869367092026841,1.3065585633909458
43,4,235,0,in_sample,f1_f2_f3,0,0.06839304049030938,-2.6116399362393707
43,4,109,0,in_sample,f1_f2_f3,0,0.12187775155083706,-1.9747673131879862
43,4,242,1,in_sample,f1_f2_f3,0,0.18954628973975907,-1.4529609592468462
43,4,226,1,in_sample,f1_f2_f3,1,0.5441177024770935,0.1769309315715303
43,4,123,0,in_sample,f1_f2_f3,0,0.1640674243538488,-1.6282704912465837
43,4,214,0,in_sample,f1_f2_f3,0,0.010102861350490166,-4.584782351623089
43,4,306,0,in_sample,f1_f2_f3,1,0.8215832536406893,1.52711119032068
43,4,4,0,in_sample,f1_f2_f3,0,0.3768844076042948,-0.502793513838869
43,4,49,1,in_sample,f1_f2_f3,0,0.22764132071021498,-1.2216778171383307
43,4,127,0,in_sample,f1_f2_f3,0,0.28978495778495633,-0.896428677501294
43,4,78,1,in_sample,f1_f2_f3,0,0.4662574484376583,-0.13517566349529908
43,4,275,0,in_sample,f1_f2_f3,0,0.35983259225252606,-0.5760908149811169
43,4,25,0,in_sample,f1_f2_f3,0,0.18098306969188144,-1.5097012662892972
43,4,32,1,in_sample,f1_f2_f3,1,0.7673905236650702,1.1936348489499602
43,4,281,0,in_sample,f1_f2_f3,0,0.008968564851212476,-4.705020585481838
43,4,299,1,in_sample,f1_f2_f3,1,0.9941059108661726,5.127893744139045
43,4,265,0,in_sample,f1_f2_f3,0,0.4998731722339078,-0.0005073110752492616
43,4,218,1,in_sample,f1_f2_f3,0,0.11814547053192265,-2.0101104435197277
43,4,220,1,in_sample,f1_f2_f3,1,0.6373444046688351,0.5638565654323777
43,4,267,1,in_sample,f1_f2_f3,0,0.0720113321253214,-2.556196024108787
43,4,160,0,in_sample,f1_f2_f3,1,0.534970301348995,0.1401099622434253
43,4,310,0,in_sample,f1_f2_f3,0,0.15246379443417044,-1.7154064044597854
43,4,173,1,in_sample,f1_f2_f3,0,0.05042437042912724,-2.935540580607131
43,4,151,1,in_sample,f1_f2_f3,1,0.7082822514671361,0.8870559543325182
43,4,144,1,in_sample,f1_f2_f3,1,0.5704260011076654,0.28358943468139397
43,4,270,1,in_sample,f1_f2_f3,1,0.622457801144175,0.49999348922429676
43,4,312,0,in_sample,f1_f2_f3,1,0.642548876321047,0.5864442501655601
43,4,107,1,in_sample,f1_f2_f3,1,0.6797253311419859,0.7525098239675713
43,4,102,1,in_sample,f1_f2_f3,1,0.648969136564533,0.6145110105869541
43,4,63,1,in_sample,f1_f2_f3,0,0.1809292721901281,-1.5100642453483852
43,4,256,0,in_sample,f1_f2_f3,1,0.7348159026350742,1.0191957034075487
43,4,92,0,in_sample,f1_f2_f3,0,0.16309996842621569,-1.6353413107243817
43,4,57,0,in_sample,f1_f2_f3,1,0.550920063794441,0.20438882031060257
43,4,249,1,inner_oof,f1,0,0.45884525256913,-0.16499226471470135
43,4,19,1,inner_oof,f1,1,0.5086893510425695,0.034760903939964276
43,4,61,0,inner_oof,f1,0,0.4703279446848587,-0.11882784544151347
43,4,28,0,inner_oof,f1,1,0.5552602505855576,0.22194764550348672
43,4,166,1,inner_oof,f1,1,0.5065247791990314,0.026100598428857237
43,4,85,1,inner_oof,f1,1,0.5101823579262607,0.040735063565565624
43,4,23,0,inner_oof,f1,1,0.551867637047867,0.20821958777111296
43,4,91,1,inner_oof,f1,1,0.5057673381210721,0.023070375682187536
43,4,217,0,inner_oof,f1,1,0.5095296839974519,0.03812335266051103
43,4,202,0,inner_oof,f1,0,0.49968362985701165,-0.001265480740835951
43,4,262,1,inner_oof,f1,0,0.498649147587156,-0.00540342279830594
43,4,258,0,inner_oof,f1,1,0.5590009984476908,0.23710864789476782
43,4,203,0,inner_oof,f1,1,0.5280233325982633,0.1122109223641184
43,4,34,1,inner_oof,f1,1,0.5317451948281714,0.12715181426426664
43,4,213,0,inner_oof,f1,1,0.5003171345473605,0.001268538359551829
43,4,42,0,inner_oof,f1,1,0.5031445077335511,0.012578196765707334
43,4,5,1,inner_oof,f1,0,0.4997883151672365,-0.0008467393816441729
43,4,118,0,inner_oof,f1,0,0.46784493793607357,-0.12879800509790024
43,4,80,0,inner_oof,f1,1,0.5669010403587545,0.26921851040377814
43,4,261,0,inner_oof,f1,0,0.4689951928807483,-0.12417855548370577
43,4,39,1,inner_oof,f1,1,0.5192495814642525,0.07703640165921466
43,4,106,1,inner_oof,f1,1,0.5448201319617157,0.17976305188789993
43,4,64,0,inner_oof,f1,1,0.5093249870368627,0.03730427362523117
43,4,231,0,inner_oof,f1,1,0.5340496924091824,0.13640989920829144
43,4,137,1,inner_oof,f1,1,0.5306193829757972,0.1226309818580959
43,4,210,1,inner_oof,f1,1,0.5163081932139497,0.0652559197967475
43,4,93,0,inner_oof,f1,0,0.46225600657784427,-0.1512637338501287
43,4,200,1,inner_oof,f1,0,0.4951897843321867,-0.019241456302143245
43,4,90,1,inner_oof,f1,1,0.5840313674453878,0.33934483785951175
43,4,46,1,inner_oof,f1,0,0.46535143398987217,-0.13881675293278847
43,4,235,0,inner_oof,f1,0,0.4914763388446534,-0.03409794795923699
43,4,109,0,inner_oof,f1,0,0.4746088329335435,-0.10165211013307662
43,4,242,1,inner_oof,f1,0,0.4884131686620292,-0.04635562448535822
43,4,226,1,inner_oof,f1,0,0.45511864162790183,-0.18000994411282092
43,4,123,0,inner_oof,f1,0,0.4350644641506069,-0.2612174152364425
43,4,214,0,inner_oof,f1,0,0.4753120074293012,-0.09883233991621186
43,4,306,0,inner_oof,f1,0,0.46319965535305585,-0.14746804549496184
43,4,4,0,inner_oof,f1,0,0.47050481072394,-0.11811789591275802
43,4,49,1,inner_oof,f1,0,0.4843621634839179,-0.06257175327860447
43,4,127,0,inner_oof,f1,1,0.5390840685099427,0.15665586483434402
43,4,78,1,inner_oof,f1,1,0.5095288382250803,0.03811996834174759
43,4,275,0,inner_oof,f1,1,0.533274305241108,0.1332942280563502
43,4,25,0,inner_oof,f1,1,0.5035688469906054,0.014275630397684574
43,4,32,1,inner_oof,f1,1,0.5607783620842732,0.24432159532209713
43,4,281,0,inner_oof,f1,0,0.4819652849692755,-0.07217016887623916
43,4,299,1,inner_oof,f1,0,0.4916685483735858,-0.03332889134902119
43,4,265,0,inner_oof,f1,0,0.48990426783104835,-0.04038841799447739
43,4,218,1,inner_oof,f1,1,0.5067045302892094,0.026819728655629593
43,4,220,1,inner_oof,f1,1,0.5545981074110156,0.21926671664243452
43,4,267,1,inner_oof,f1,0,0.41260573495923986,-0.3532037553198191
43,4,160,0,inner_oof,f1,1,0.5030828253873691,0.012331457812209328
43,4,310,0,inner_oof,f1,0,0.44001265054769206,-0.24111071546654278
43,4,173,1,inner_oof,f1,1,0.5044344497202579,0.017738263972561286
43,4,151,1,inner_oof,f1,0,0.4734807152601607,-0.10617677535958402
43,4,144,1,inner_oof,f1,0,0.4875960926233958,-0.049625811543600025
43,4,270,1,inner_oof,f1,1,0.5147370127797231,0.05896512976964412
43,4,312,0,inner_oof,f1,1,0.5192157196474508,0.07690075369001627
43,4,107,1,inner_oof,f1,1,0.5426893974721365,0.17117432879571967
43,4,102,1,inner_oof,f1,1,0.5329994514247448,0.13218996259589327
43,4,63,1,inner_oof,f1,0,0.48188499043872246,-0.07249176726475244
43,4,256,0,inner_oof,f1,1,0.5267048096717606,0.10692098329127823
43,4,92,0,inner_oof,f1,0,0.4043465172088477,-0.3873868670746768
43,4,57,0,inner_oof,f1,0,0.4846846290887379,-0.06128065381064559
43,4,249,1,inner_oof,f2,0,0.4977216038663844,-0.009113647614485612
43,4,19,1,inner_oof,f2,0,0.49764069183232607,-0.009437302712696393
43,4,61,0,inner_oof,f2,0,0.4978872889125555,-0.008450894644650719
43,4,28,0,inner_oof,f2,0,0.49846113353881477,-0.0061554852806115865
43,4,166,1,inner_oof,f2,0,0.4986442444005993,-0.005423035688211594
43,4,85,1,inner_oof,f2,0,0.4987044922957511,-0.005182042413323004
43,4,23,0,inner_oof,f2,0,0.49833650279169683,-0.006654013384136638
43,4,91,1,inner_oof,f2,0,0.49820877333881397,-0.007164937296383818
43,4,217,0,inner_oof,f2,0,0.49730780351740617,-0.010768890000611347
43,4,202,0,inner_oof,f2,0,0.49764341849967075,-0.009426395800752297
43,4,262,1,inner_oof,f2,0,0.49818179894033937,-0.00727283629601307
43,4,258,0,inner_oof,f2,0,0.4980944010588503,-0.007622432670602291
43,4,203,0,inner_oof,f2,0,0.4983013856192768,-0.00679448366172153
43,4,34,1,inner_oof,f2,0,0.49815123987876064,-0.00739507418605061
43,4,213,0,inner_oof,f2,0,0.49816764576238043,-0.007329449762314683
43,4,42,0,inner_oof,f2,0,0.4983650371042595,-0.00653987489204667
43,4,5,1,inner_oof,f2,0,0.49772859104783607,-0.009085698310107564
43,4,118,0,inner_oof,f2,0,0.4977586321098434,-0.008965531614828569
43,4,80,0,inner_oof,f2,0,0.49780584930051114,-0.008776659136173178
43,4,261,0,inner_oof,f2,0,0.4982019459707548,-0.0071922471204513274
43,4,39,1,inner_oof,f2,0,0.4985667355760861,-0.005733073398554126
43,4,106,1,inner_oof,f2,0,0.49851741344195094,-0.005930363612653403
43,4,64,0,inner_oof,f2,0,0.49697328048873574,-0.012107025930288649
43,4,231,0,inner_oof,f2,0,0.4977319154139945,-0.009072400571446933
43,4,137,1,inner_oof,f2,0,0.4985092248056207,-0.005963118447556435
43,4,210,1,inner_oof,f2,0,0.4983855771974429,-0.006457713651800891
43,4,93,0,inner_oof,f2,0,0.4977282604498356,-0.009087020729404247
43,4,200,1,inner_oof,f2,0,0.49741121750403583,-0.010355222515953296
43,4,90,1,inner_oof,f2,0,0.4986334412793186,-0.005466248493586002
43,4,46,1,inner_oof,f2,0,0.49855880817112874,-0.005764783280387691
43,4,235,0,inner_oof,f2,0,0.4970776954217897,-0.011689351414682796
43,4,109,0,inner_oof,f2,0,0.4979398131800786,-0.008240793915864887
43,4,242,1,inner_oof,f2,0,0.49730848655387627,-0.010766157775539523
43,4,226,1,inner_oof,f2,0,0.49803405329560546,-0.007863827342107058
43,4,123,0,inner_oof,f2,0,0.4976925267438363,-0.009229958550752383
43,4,214,0,inner_oof,f2,0,0.49744803782770985,-0.010207937328847594
43,4,306,0,inner_oof,f2,0,0.49827980822721774,-0.006880794238789396
43,4,4,0,inner_oof,f2,0,0.49785237454484466,-0.008590554650445385
43,4,49,1,inner_oof,f2,0,0.49775695087718924,-0.008972256680686103
43,4,127,0,inner_oof,f2,0,0.4980967855228864,-0.007612894676089492
43,4,78,1,inner_oof,f2,0,0.49773318730686567,-0.009067312895332939
43,4,275,0,inner_oof,f2,0,0.4977637607328502,-0.008945016711498294
43,4,25,0,inner_oof,f2,0,0.49795943995780445,-0.008162285484743936
43,4,32,1,inner_oof,f2,0,0.49780539727552026,-0.0087784672709633
43,4,281,0,inner_oof,f2,0,0.4973350777219086,-0.010659790051545307
43,4,299,1,inner_oof,f2,0,0.4988372208673702,-0.004651124915301964
43,4,265,0,inner_oof,f2,0,0.4980831180887131,-0.00766756521060123
43,4,218,1,inner_oof,f2,0,0.4974188545072768,-0.01032467368647507
43,4,220,1,inner_oof,f2,0,0.49791991966289295,-0.008320369348685267
43,4,267,1,inner_oof,f2,0,0.4976982206447977,-0.009207182463023983
43,4,160,0,inner_oof,f2,0,0.4983628417396988,-0.006548656444311393
43,4,310,0,inner_oof,f2,0,0.4975576776842033,-0.009769366961909439
43,4,173,1,inner_oof,f2,0,0.4975945449819499,-0.009621894305109693
43,4,151,1,inner_oof,f2,0,0.4981017364116252,-0.007593090834944745
43,4,144,1,inner_oof,f2,0,0.4982446704661046,-0.0070213469810715
43,4,270,1,inner_oof,f2,0,0.4980848589451946,-0.007660601682419887
43,4,312,0,inner_oof,f2,0,0.4978209889273997,-0.00871609947043836
43,4,107,1,inner_oof,f2,0,0.4978225313722536,-0.008709929573925098
43,4,102,1,inner_oof,f2,0,0.49849312119889394,-0.006027533453297937
43,4,63,1,inner_oof,f2,0,0.4978675703032468,-0.008529770503334949
43,4,256,0,inner_oof,f2,0,0.49848271451486936,-0.00606916057010106
43,4,92,0,inner_oof,f2,0,0.49787290203868023,-0.00850844317464698
43,4,57,0,inner_oof,f2,0,0.4978088660651018,-0.008764591845747759
43,4,249,1,inner_oof,f3,0,0.3798174264589634,-0.4903232275664283
43,4,19,1,inner_oof,f3,1,0.6051899588829366,0.4271376497105005
43,4,61,0,inner_oof,f3,0,0.4440476973246989,-0.2247505209460908
43,4,28,0,inner_oof,f3,0,0.3866669881928515,-0.4613442107421171
43,4,166,1,inner_oof,f3,1,0.5824082488019765,0.3326673767520653
43,4,85,1,inner_oof,f3,0,0.4681688600544613,-0.12749698991744968
43,4,23,0,inner_oof,f3,1,0.6589846775309918,0.6587728729404088
43,4,91,1,inner_oof,f3,1,0.5673902825535232,0.271211419799267
43,4,217,0,inner_oof,f3,0,0.43576311342329027,-0.2583753971167595
43,4,202,0,inner_oof,f3,0,0.3165265359687326,-0.7697807517615373
43,4,262,1,inner_oof,f3,1,0.6103733967311237,0.4488820427020041
43,4,258,0,inner_oof,f3,0,0.31963469836231134,-0.7554510861247854
43,4,203,0,inner_oof,f3,0,0.4565704521405723,-0.17415705219260988
43,4,34,1,inner_oof,f3,1,0.6241723389851177,0.5072958245570949
43,4,213,0,inner_oof,f3,1,0.6213687421216164,0.49536189623006044
43,4,42,0,inner_oof,f3,1,0.5207591773499181,0.08308447097489972
43,4,5,1,inner_oof,f3,0,0.45826823756503576,-0.1673162914631626
43,4,118,0,inner_oof,f3,1,0.7136409976278832,0.9131337547505353
43,4,80,0,inner_oof,f3,0,0.4911439454355081,-0.03542792336994059
43,4,261,0,inner_oof,f3,1,0.5321102106019681,0.12861785522642216
43,4,39,1,inner_oof,f3,1,0.577353178438089,0.31191728051535067
43,4,106,1,inner_oof,f3,1,0.529855281345422,0.11956335585493671
43,4,64,0,inner_oof,f3,1,0.5332715971443082,0.13328334748610007
43,4,231,0,inner_oof,f3,1,0.5490835680283029,0.19696862118577121
43,4,137,1,inner_oof,f3,0,0.44668384678845546,-0.21407847729120066
43,4,210,1,inner_oof,f3,1,0.6220009979167839,0.4980501414811008
43,4,93,0,inner_oof,f3,0,0.35745363939993263,-0.5864332970174988
43,4,200,1,inner_oof,f3,1,0.5614402980626997,0.2470094898096965
43,4,90,1,inner_oof,f3,1,0.6446809783936722,0.5957395489544439
43,4,46,1,inner_oof,f3,0,0.45278583807041867,-0.18942099663909526
43,4,235,0,inner_oof,f3,1,0.5156892529000633,0.06277762085037364
43,4,109,0,inner_oof,f3,0,0.3119582243274085,-0.7909802740862297
43,4,242,1,inner_oof,f3,1,0.5645564125687813,0.2596750595610592
43,4,226,1,inner_oof,f3,0,0.49784394680805905,-0.008624266221982844
43,4,123,0,inner_oof,f3,0,0.4100861673078762,-0.3636091781669212
43,4,214,0,inner_oof,f3,0,0.21808278401375128,-1.2768741391441352
43,4,306,0,inner_oof,f3,1,0.5652101013115423,0.26233459986184754
43,4,4,0,inner_oof,f3,0,0.4872770380757948,-0.05090283603907018
43,4,49,1,inner_oof,f3,0,0.44456917702471954,-0.22263839853038073
43,4,127,0,inner_oof,f3,0,0.3855394377816775,-0.4661012575881084
43,4,78,1,inner_oof,f3,1,0.5742536963612463,0.2992276408930199
43,4,275,0,inner_oof,f3,1,0.5235770157222807,0.09437805436552503
43,4,25,0,inner_oof,f3,0,0.3571318019164775,-0.5878348168860325
43,4,32,1,inner_oof,f3,1,0.6958790383720235,0.8277503274307456
43,4,281,0,inner_oof,f3,0,0.2357074910916319,-1.176358989203723
43,4,299,1,inner_oof,f3,1,0.7536087686912919,1.1179527151263384
43,4,265,0,inner_oof,f3,0,0.47173882150440993,-0.1131653294820438
43,4,218,1,inner_oof,f3,0,0.4742022579967339,-0.10328268256724824
43,4,220,1,inner_oof,f3,1,0.5996039883804251,0.40381533154013666
43,4,267,1,inner_oof,f3,0,0.3117399622151989,-0.7919973425654913
43,4,160,0,inner_oof,f3,0,0.4013338222546517,-0.399910588067583
43,4,310,0,inner_oof,f3,0,0.4446436685553739,-0.22233672978729405
43,4,173,1,inner_oof,f3,0,0.3254438481332346,-0.7288649846080807
43,4,151,1,inner_oof,f3,1,0.556581660545164,0.227300242175979
43,4,144,1,inner_oof,f3,0,0.4497685440382594,-0.20160591486302323
43,4,270,1,inner_oof,f3,1,0.530982382776627,0.12408851212955307
43,4,312,0,inner_oof,f3,1,0.6237382834424843,0.5054459068987239
43,4,107,1,inner_oof,f3,1,0.6452429762569226,0.5981938382554659
43,4,102,1,inner_oof,f3,0,0.41720159200425677,-0.33427180362449005
43,4,63,1,inner_oof,f3,0,0.3795881053835791,-0.49129687197555877
43,4,256,0,inner_oof,f3,0,0.46169362537577935,-0.15352634507305957
43,4,92,0,inner_oof,f3,0,0.3474322206617978,-0.6303454126572925
43,4,57,0,inner_oof,f3,1,0.5799850661527995,0.32271208777222926
43,4,249,1,inner_oof,f1_f2,0,0.46199508957025526,-0.1523134249235228
43,4,19,1,inner_oof,f1_f2,1,0.516958434063562,0.0678597651574174
43,4,61,0,inner_oof,f1_f2,0,0.47105306169875666,-0.11591737595307292
43,4,28,0,inner_oof,f1_f2,1,0.550764554308959,0.20376028344204417
43,4,166,1,inner_oof,f1_f2,0,0.49493475722823593,-0.02026166423552403
43,4,85,1,inner_oof,f1_f2,0,0.49766733636951027,-0.009330722217607543
43,4,23,0,inner_oof,f1_f2,1,0.5495513828043208,0.19885826449609142
43,4,91,1,inner_oof,f1_f2,1,0.5026776271175198,0.0107106108598322
43,4,217,0,inner_oof,f1_f2,1,0.5243843981634911,0.09761503084822332
43,4,202,0,inner_oof,f1_f2,1,0.5072702119789636,0.029082897638250525
43,4,262,1,inner_oof,f1_f2,0,0.4955880417039158,-0.017648291234680716
43,4,258,0,inner_oof,f1_f2,1,0.5618819960215767,0.24880356678826826
43,4,203,0,inner_oof,f1_f2,1,0.5246923628241198,0.09884986366013486
43,4,34,1,inner_oof,f1_f2,1,0.5316177217627165,0.12663986660184806
43,4,213,0,inner_oof,f1_f2,0,0.49765137222957706,-0.009394580176760429
43,4,42,0,inner_oof,f1_f2,0,0.4968004966644573,-0.012798188027768526
43,4,5,1,inner_oof,f1_f2,1,0.5057094682444093,0.022838865681455434
43,4,118,0,inner_oof,f1_f2,0,0.4709127500185757,-0.11648051932584329
43,4,80,0,inner_oof,f1_f2,1,0.5758710401959852,0.3058461876117282
43,4,261,0,inner_oof,f1_f2,0,0.46347315458039756,-0.14636813447150926
43,4,39,1,inner_oof,f1_f2,1,0.5100861326322028,0.04035000420124808
43,4,106,1,inner_oof,f1_f2,1,0.5384697929758027,0.15418389446280334
43,4,64,0,inner_oof,f1_f2,1,0.5307170249921782,0.12302302485136934
43,4,231,0,inner_oof,f1_f2,1,0.5422731176968889,0.16949710231937554
43,4,137,1,inner_oof,f1_f2,1,0.5234011786058856,0.09367315020385306
43,4,210,1,inner_oof,f1_f2,1,0.5104919959153275,0.04197414518079981
43,4,93,0,inner_oof,f1_f2,0,0.46551945579189785,-0.1381414385027306
43,4,200,1,inner_oof,f1_f2,1,0.5070210831707229,0.028086178813684408
43,4,90,1,inner_oof,f1_f2,1,0.5783207381315388,0.3158836429375977
43,4,46,1,inner_oof,f1_f2,0,0.4526234928630891,-0.19007624019709946
43,4,235,0,inner_oof,f1_f2,1,0.5095962773724655,0.03838982363668183
43,4,109,0,inner_oof,f1_f2,0,0.4746070043332253,-0.10165944344719513
43,4,242,1,inner_oof,f1_f2,1,0.5017837686466046,0.007135104856780983
43,4,226,1,inner_oof,f1_f2,0,0.4519144958061697,-0.1929383109602769
43,4,123,0,inner_oof,f1_f2,0,0.43707831929484325,-0.2530281084229993
43,4,214,0,inner_oof,f1_f2,0,0.48500425884284315,-0.06000095901359554
43,4,306,0,inner_oof,f1_f2,0,0.4557622251209027,-0.17741500015550252
43,4,4,0,inner_oof,f1_f2,0,0.47192602466041617,-0.11241413281415885
43,4,49,1,inner_oof,f1_f2,0,0.48863698898832414,-0.04545987137626929
43,4,127,0,inner_oof,f1_f2,1,0.540535738115375,0.16249959268925154
43,4,78,1,inner_oof,f1_f2,1,0.5160414103265976,0.06418767030215876
43,4,275,0,inner_oof,f1_f2,1,0.5408238982196073,0.16365991375732034
43,4,25,0,inner_oof,f1_f2,1,0.5052216676995417,0.020887430170621814
43,4,32,1,inner_oof,f1_f2,1,0.5693579427383434,0.2792320582360408
43,4,281,0,inner_oof,f1_f2,0,0.4943537072258939,-0.022586131208960053
43,4,299,1,inner_oof,f1_f2,0,0.47526085499685433,-0.09903745074052414
43,4,265,0,inner_oof,f1_f2,0,0.4881665519557473,-0.04734263271391627
43,4,218,1,inner_oof,f1_f2,1,0.5191880683207339,0.07678998501583825
43,4,220,1,inner_oof,f1_f2,1,0.5605550504814715,0.24341500221523465
43,4,267,1,inner_oof,f1_f2,0,0.41291262990881683,-0.35193762975127635
43,4,160,0,inner_oof,f1_f2,0,0.49677759386174736,-0.012889803016910662
43,4,310,0,inner_oof,f1_f2,0,0.4449959042768321,-0.22091041514899135
43,4,173,1,inner_oof,f1_f2,1,0.5133130113415826,0.05326463498056164
43,4,151,1,inner_oof,f1_f2,0,0.47022892099602437,-0.11922534475651968
43,4,144,1,inner_oof,f1_f2,0,0.4825261516712098,-0.06992386956715618
43,4,270,1,inner_oof,f1_f2,1,0.514712895007888,0.05886857494056445
43,4,312,0,inner_oof,f1_f2,1,0.5246798748786525,0.09879978981737016
43,4,107,1,inner_oof,f1_f2,1,0.54973226252109,0.19958898627301183
43,4,102,1,inner_oof,f1_f2,1,0.5262683844368816,0.10517036973887639
43,4,63,1,inner_oof,f1_f2,0,0.4838131791977161,-0.06476991696469203
43,4,256,0,inner_oof,f1_f2,1,0.5197247928869534,0.07894013927516672
43,4,92,0,inner_oof,f1_f2,0,0.40077129412850804,-0.4022524122807937
43,4,57,0,inner_oof,f1_f2,0,0.48796307668334743,-0.04815699783565252
43,4,249,1,inner_oof,f1_f3,0,0.3749020771652575,-0.511243449688143
43,4,19,1,inner_oof,f1_f3,1,0.6054557163333257,0.42825003799150035
43,4,61,0,inner_oof,f1_f3,0,0.43994540529086057,-0.24138362919985715
43,4,28,0,inner_oof,f1_f3,0,0.3981193572405949,-0.4133073049196748
43,4,166,1,inner_oof,f1_f3,1,0.5826463985447797,0.33364665423621837
43,4,85,1,inner_oof,f1_f3,0,0.4707892077774577,-0.11697637353358943
43,4,23,0,inner_oof,f1_f3,1,0.6654130285787987,0.6875110934412514
43,4,91,1,inner_oof,f1_f3,1,0.5677239784188302,0.2725710240646207
43,4,217,0,inner_oof,f1_f3,0,0.43872063992972576,-0.24635589461555135
43,4,202,0,inner_oof,f1_f3,0,0.3192679417627094,-0.7571380822702877
43,4,262,1,inner_oof,f1_f3,1,0.6088461454042075,0.4424646283848049
43,4,258,0,inner_oof,f1_f3,0,0.331751378991982,-0.7002744615058998
43,4,203,0,inner_oof,f1_f3,0,0.4625411189651018,-0.15011679780424575
43,4,34,1,inner_oof,f1_f3,1,0.6280294705639871,0.5237724638280713
43,4,213,0,inner_oof,f1_f3,1,0.6199750586364949,0.4894423634906595
43,4,42,0,inner_oof,f1_f3,1,0.5213345921990467,0.08539021614398129
43,4,5,1,inner_oof,f1_f3,0,0.4591774943672616,-0.16365430602796285
43,4,118,0,inner_oof,f1_f3,1,0.706326466855487,0.8776088293818782
43,4,80,0,inner_oof,f1_f3,1,0.5036710246456712,0.014684362443363606
43,4,261,0,inner_oof,f1_f3,1,0.5264038165752616,0.10571360542753205
43,4,39,1,inner_oof,f1_f3,1,0.5798951873025705,0.3223431414773912
43,4,106,1,inner_oof,f1_f3,1,0.5377538140592936,0.15130324158959363
43,4,64,0,inner_oof,f1_f3,1,0.5347610450690692,0.13926884722249416
43,4,231,0,inner_oof,f1_f3,1,0.5547224685407632,0.2197701780252552
43,4,137,1,inner_oof,f1_f3,0,0.4532446371166135,-0.18756945066596073
43,4,210,1,inner_oof,f1_f3,1,0.6232968747281669,0.5035655186177834
43,4,93,0,inner_oof,f1_f3,0,0.35355550972786165,-0.6034468306688487
43,4,200,1,inner_oof,f1_f3,1,0.5599957463173573,0.2411447935123555
43,4,90,1,inner_oof,f1_f3,1,0.6567717509670488,0.6489408721858273
43,4,46,1,inner_oof,f1_f3,0,0.4476500792842078,-0.2101699055862789
43,4,235,0,inner_oof,f1_f3,1,0.5142505979507569,0.0570178340229477
43,4,109,0,inner_oof,f1_f3,0,0.3108770927249729,-0.7960220062937035
43,4,242,1,inner_oof,f1_f3,1,0.5618706323983407,0.2487574053460817
43,4,226,1,inner_oof,f1_f3,0,0.4901317208377063,-0.03947824319126354
43,4,123,0,inner_oof,f1_f3,0,0.40042590544541384,-0.4036908164869119
43,4,214,0,inner_oof,f1_f3,0,0.21855508027519818,-1.2741066007718416
43,4,306,0,inner_oof,f1_f3,1,0.5580480123911242,0.2332437515331999
43,4,4,0,inner_oof,f1_f3,0,0.4825017070165047,-0.07002176792064257
43,4,49,1,inner_oof,f1_f3,0,0.4429459683929397,-0.2292144448069735
43,4,127,0,inner_oof,f1_f3,0,0.39419747141588046,-0.429702092315094
43,4,78,1,inner_oof,f1_f3,1,0.5751427592884574,0.30286507871728807
43,4,275,0,inner_oof,f1_f3,1,0.5295064055057068,0.11816291756017477
43,4,25,0,inner_oof,f1_f3,0,0.3600516633311503,-0.5751399187335581
43,4,32,1,inner_oof,f1_f3,1,0.7027490324168247,0.8604230422516725
43,4,281,0,inner_oof,f1_f3,0,0.2367970034427536,-1.1703207978835135
43,4,299,1,inner_oof,f1_f3,1,0.7495981569470289,1.0964702725718702
43,4,265,0,inner_oof,f1_f3,0,0.47068152303084293,-0.11740859316588309
43,4,218,1,inner_oof,f1_f3,0,0.47611280473057005,-0.09562157405935295
43,4,220,1,inner_oof,f1_f3,1,0.6078698598255927,0.43836703778076297
43,4,267,1,inner_oof,f1_f3,0,0.3010850341358501,-0.8421363534230158
43,4,160,0,inner_oof,f1_f3,0,0.40362364014131297,-0.39038908408242656
43,4,310,0,inner_oof,f1_f3,0,0.43513363575056896,-0.26093598718624805
43,4,173,1,inner_oof,f1_f3,0,0.32884154433897106,-0.7134292510228741
43,4,151,1,inner_oof,f1_f3,1,0.5513535425662119,0.20614106378707295
43,4,144,1,inner_oof,f1_f3,0,0.44863771255374574,-0.20617641629535732
43,4,270,1,inner_oof,f1_f3,1,0.5334740589457557,0.13409681870332824
43,4,312,0,inner_oof,f1_f3,1,0.6254950670396451,0.5129384684541413
43,4,107,1,inner_oof,f1_f3,1,0.6504912030724649,0.6211990431360418
43,4,102,1,inner_oof,f1_f3,0,0.4245208582894085,-0.30424184305601
43,4,63,1,inner_oof,f1_f3,0,0.3785720227838529,-0.49561367928161076
43,4,256,0,inner_oof,f1_f3,0,0.467360263081456,-0.13074487835784032
43,4,92,0,inner_oof,f1_f3,0,0.3342456507239063,-0.6890445537173379
43,4,57,0,inner_oof,f1_f3,1,0.5764385886224116,0.30817029679383423
43,4,249,1,inner_oof,f2_f3,0,0.38841729696939914,-0.4539699228160791
43,4,19,1,inner_oof,f2_f3,1,0.6253132420965306,0.5121623468931052
43,4,61,0,inner_oof,f2_f3,0,0.448113235544546,-0.208296929988572
43,4,28,0,inner_oof,f2_f3,0,0.36428145219847474,-0.5568291413080014
43,4,166,1,inner_oof,f2_f3,1,0.5581873373294756,0.23380868389759585
43,4,85,1,inner_oof,f2_f3,0,0.4367649650682627,-0.25430179678231485
43,4,23,0,inner_oof,f2_f3,1,0.6518895667094646,0.6273554048929115
43,4,91,1,inner_oof,f2_f3,1,0.5617663451263357,0.24833378068658657
43,4,217,0,inner_oof,f2_f3,0,0.46530076840532486,-0.1390203946078031
43,4,202,0,inner_oof,f2_f3,0,0.3252450556792549,-0.7297706638288197
43,4,262,1,inner_oof,f2_f3,1,0.6076540504853293,0.4374617492472715
43,4,258,0,inner_oof,f2_f3,0,0.31088959091421425,-0.7959636675736844
43,4,203,0,inner_oof,f2_f3,0,0.4426911256207026,-0.23024732482738547
43,4,34,1,inner_oof,f2_f3,1,0.6232910895930016,0.5035408799048006
43,4,213,0,inner_oof,f2_f3,1,0.6196856955885577,0.4882143791812068
43,4,42,0,inner_oof,f2_f3,1,0.5062804989502206,0.02512331716432168
43,4,5,1,inner_oof,f2_f3,0,0.4699853383928198,-0.12020317026467743
43,4,118,0,inner_oof,f2_f3,1,0.730082175808644,0.9950395395816277
43,4,80,0,inner_oof,f2_f3,1,0.5006763988869524,0.002705597198280417
43,4,261,0,inner_oof,f2_f3,1,0.5253938624611294,0.10166291959064774
43,4,39,1,inner_oof,f2_f3,1,0.5563143810205861,0.22621732166969039
43,4,106,1,inner_oof,f2_f3,1,0.5088922156137453,0.035572613144454396
43,4,64,0,inner_oof,f2_f3,1,0.5811103006831545,0.3273329472912627
43,4,231,0,inner_oof,f2_f3,1,0.5639073872562892,0.2570353956801662
43,4,137,1,inner_oof,f2_f3,0,0.42335671626009025,-0.3090087250545309
43,4,210,1,inner_oof,f2_f3,1,0.6110751366901697,0.4518337534005803
43,4,93,0,inner_oof,f2_f3,0,0.364739530184083,-0.554851620571373
43,4,200,1,inner_oof,f2_f3,1,0.5906317339100288,0.3665775425038075
43,4,90,1,inner_oof,f2_f3,1,0.6244802408986672,0.5086085985954313
43,4,46,1,inner_oof,f2_f3,0,0.4274297214648226,-0.29234560453275493
43,4,235,0,inner_oof,f2_f3,1,0.5585889866614984,0.23543749291406887
43,4,109,0,inner_oof,f2_f3,0,0.3089505202778673,-0.8050302916443359
43,4,242,1,inner_oof,f2_f3,1,0.5982499267929275,0.39817841758170724
43,4,226,1,inner_oof,f2_f3,0,0.49737276107550316,-0.010509052415391688
43,4,123,0,inner_oof,f2_f3,0,0.4213299708635477,-0.31731611179350827
43,4,214,0,inner_oof,f2_f3,0,0.22782888585257577,-1.220611329372729
43,4,306,0,inner_oof,f2_f3,1,0.5563495053227697,0.22635962515819474
43,4,4,0,inner_oof,f2_f3,0,0.494573457167557,-0.021707023642803004
43,4,49,1,inner_oof,f2_f3,0,0.45445649054246556,-0.18268038412902482
43,4,127,0,inner_oof,f2_f3,0,0.3784155655124204,-0.4962787862899522
43,4,78,1,inner_oof,f2_f3,1,0.5897349491293923,0.3628697808304703
43,4,275,0,inner_oof,f2_f3,1,0.5361629734706552,0.14490491523768617
43,4,25,0,inner_oof,f2_f3,0,0.3548344731952653,-0.5978555065296518
43,4,32,1,inner_oof,f2_f3,1,0.710553697835651,0.8980747271553339
43,4,281,0,inner_oof,f2_f3,0,0.2504799059382141,-1.0960544256470106
43,4,299,1,inner_oof,f2_f3,1,0.7337284949973737,1.0136225786368662
43,4,265,0,inner_oof,f2_f3,0,0.4681040152289411,-0.12775742689259179
43,4,218,1,inner_oof,f2_f3,1,0.5004705303282042,0.00188212186841627
43,4,220,1,inner_oof,f2_f3,1,0.6077314414391041,0.43778637263767584
43,4,267,1,inner_oof,f2_f3,0,0.3180682935226201,-0.7626633964717133
43,4,160,0,inner_oof,f2_f3,0,0.38332847425281596,-0.4754442522166178
43,4,310,0,inner_oof,f2_f3,0,0.4634275055561678,-0.1465517115149662
43,4,173,1,inner_oof,f2_f3,0,0.336585291541232,-0.6785487139371618
43,4,151,1,inner_oof,f2_f3,1,0.5552798331153449,0.22202694458687766
43,4,144,1,inner_oof,f2_f3,0,0.4381868663996106,-0.24852383710317297
43,4,270,1,inner_oof,f2_f3,1,0.5294681119288631,0.1180092086541156
43,4,312,0,inner_oof,f2_f3,1,0.6366789143278894,0.5609784925241732
43,4,107,1,inner_oof,f2_f3,1,0.6585635284614311,0.6568993570347643
43,4,102,1,inner_oof,f2_f3,0,0.3939403615245167,-0.43077886340112426
43,4,63,1,inner_oof,f2_f3,0,0.38196536344222903,-0.4812145692186918
43,4,256,0,inner_oof,f2_f3,0,0.4399316619137005,-0.2414394075634577
43,4,92,0,inner_oof,f2_f3,0,0.3483286590440191,-0.6263938999197283
43,4,57,0,inner_oof,f2_f3,1,0.5923348472821794,0.373625962070995
43,4,249,1,inner_oof,f1_f2_f3,0,0.38018211843369804,-0.48877529853152907
43,4,19,1,inner_oof,f1_f2_f3,1,0.6282056587556916,0.5245267396727576
43,4,61,0,inner_oof,f1_f2_f3,0,0.44090868516234905,-0.23747502284541683
43,4,28,0,inner_oof,f1_f2_f3,0,0.382639136988443,-0.47836137609922674
43,4,166,1,inner_oof,f1_f2_f3,1,0.5556907444509434,0.22369108300875454
43,4,85,1,inner_oof,f1_f2_f3,0,0.4378433113502782,-0.24991950673100366
43,4,23,0,inner_oof,f1_f2_f3,1,0.6631597351531276,0.6774070625696359
43,4,91,1,inner_oof,f1_f2_f3,1,0.5617125806947895,0.24811539319625875
43,4,217,0,inner_oof,f1_f2_f3,0,0.4745053003796029,-0.10206731547117684
43,4,202,0,inner_oof,f1_f2_f3,0,0.3315366646558067,-0.7012431430912176
43,4,262,1,inner_oof,f1_f2_f3,1,0.6044533824351123,0.4240558993106153
43,4,258,0,inner_oof,f1_f2_f3,0,0.3323732026667768,-0.697470888784011
43,4,203,0,inner_oof,f1_f2_f3,0,0.4521514008366992,-0.1919818885271098
43,4,34,1,inner_oof,f1_f2_f3,1,0.6304065050976301,0.5339611182502115
43,4,213,0,inner_oof,f1_f2_f3,1,0.6168638846088724,0.4762580724445149
43,4,42,0,inner_oof,f1_f2_f3,1,0.5056087711535933,0.02243602571200415
43,4,5,1,inner_oof,f1_f2_f3,0,0.47311469991399113,-0.1076450243295837
43,4,118,0,inner_oof,f1_f2_f3,1,0.718771330182265,0.9383751584520097
43,4,80,0,inner_oof,f1_f2_f3,1,0.525282791940435,0.10121749359714705
43,4,261,0,inner_oof,f1_f2_f3,1,0.5138678179845202,0.05548550255222677
43,4,39,1,inner_oof,f1_f2_f3,1,0.5585777379403565,0.23539187174013715
43,4,106,1,inner_oof,f1_f2_f3,1,0.5212103717083524,0.08489243315460188
43,4,64,0,inner_oof,f1_f2_f3,1,0.5895270103274814,0.3620104098511895
43,4,231,0,inner_oof,f1_f2_f3,1,0.5761586382681562,0.3070237980738053
43,4,137,1,inner_oof,f1_f2_f3,0,0.43270745776647784,-0.27081323567153237
43,4,210,1,inner_oof,f1_f2_f3,1,0.6122027199140555,0.45658074027267015
43,4,93,0,inner_oof,f1_f2_f3,0,0.3582624759260049,-0.582913488347094
43,4,200,1,inner_oof,f1_f2_f3,1,0.5914697641429183,0.37004463650869135
43,4,90,1,inner_oof,f1_f2_f3,1,0.6451444843034834,0.5977635897908381
43,4,46,1,inner_oof,f1_f2_f3,0,0.41491839333698743,-0.3436694777395495
43,4,235,0,inner_oof,f1_f2_f3,1,0.5610735830367335,0.24552027707144797
43,4,109,0,inner_oof,f1_f2_f3,0,0.3065759250533376,-0.8161763117667342
43,4,242,1,inner_oof,f1_f2_f3,1,0.5973574718993713,0.39446657333629526
43,4,226,1,inner_oof,f1_f2_f3,0,0.4828687858633173,-0.0685516895449956
43,4,123,0,inner_oof,f1_f2_f3,0,0.4044819153042545,-0.3868247305274224
43,4,214,0,inner_oof,f1_f2_f3,0,0.22994479219270028,-1.2086229645629012
43,4,306,0,inner_oof,f1_f2_f3,1,0.5417771383497643,0.1674990697702453
43,4,4,0,inner_oof,f1_f2_f3,0,0.4865026573584193,-0.05400249055589289
43,4,49,1,inner_oof,f1_f2_f3,0,0.45259988038141136,-0.1901715462205708
43,4,127,0,inner_oof,f1_f2_f3,0,0.3937152108232479,-0.43172199204267975
43,4,78,1,inner_oof,f1_f2_f3,1,0.5932411281695307,0.37738038321214745
43,4,275,0,inner_oof,f1_f2_f3,1,0.5487403351735913,0.19558242447876634
43,4,25,0,inner_oof,f1_f2_f3,0,0.3600195876922481,-0.5752791298899976
43,4,32,1,inner_oof,f1_f2_f3,1,0.7246807930175889,0.9678000952302066
43,4,281,0,inner_oof,f1_f2_f3,0,0.2544475689169066,-1.075030663100319
43,4,299,1,inner_oof,f1_f2_f3,1,0.723272795117719,0.9607542599642461
43,4,265,0,inner_oof,f1_f2_f3,0,0.4656858236874382,-0.13747280245136836
43,4,218,1,inner_oof,f1_f2_f3,1,0.5072376654444081,0.028952684092829944
43,4,220,1,inner_oof,f1_f2_f3,1,0.6240178483626753,0.5066372978921433
43,4,267,1,inner_oof,f1_f2_f3,0,0.29878963668493835,-0.8530681627963675
43,4,160,0,inner_oof,f1_f2_f3,0,0.3853892829299466,-0.4667351390768639
43,4,310,0,inner_oof,f1_f2_f3,0,0.447762099453617,-0.20971686931854716
43,4,173,1,inner_oof,f1_f2_f3,0,0.3444464357753951,-0.6435414205257823
43,4,151,1,inner_oof,f1_f2_f3,1,0.5453105797835975,0.1817409105635565
43,4,144,1,inner_oof,f1_f2_f3,0,0.4346851696927135,-0.26276077651489776
43,4,270,1,inner_oof,f1_f2_f3,1,0.533954643337516,0.13602793649965353
43,4,312,0,inner_oof,f1_f2_f3,1,0.6414659352697081,0.5817324052680145
43,4,107,1,inner_oof,f1_f2_f3,1,0.6697611056411054,0.7071047752033592
43,4,102,1,inner_oof,f1_f2_f3,0,0.4046380856167796,-0.3861764282655056
43,4,63,1,inner_oof,f1_f2_f3,0,0.380344920306529,-0.488084474118315
43,4,256,0,inner_oof,f1_f2_f3,0,0.44784533202788934,-0.20938027083487637
43,4,92,0,inner_oof,f1_f2_f3,0,0.32389966871486436,-0.7359076807147017
43,4,57,0,inner_oof,f1_f2_f3,1,0.5872317058688963,0.3525330664863572
43,5,153,0,in_sample,f1,0,0.28882556898388867,-0.9010947933013744
43,5,294,0,in_sample,f1,0,0.35444959754807487,-0.5995371331715279
43,5,179,0,in_sample,f1,1,0.5293068992795029,0.1173621226912761
43,5,113,0,in_sample,f1,0,0.43274069580749946,-0.2706778321347664
43,5,244,1,in_sample,f1,1,0.6132278612974825,0.46090085112819945
43,5,234,1,in_sample,f1,0,0.43072957224888925,-0.27887513907613626
43,5,298,1,in_sample,f1,1,0.563280861804799,0.25448808607176165
43,5,54,0,in_sample,f1,0,0.4461138952010751,-0.21638478878123757
43,5,125,1,in_sample,f1,0,0.48394151268845115,-0.06425604869930554
43,5,172,0,in_sample,f1,0,0.4264913400714498,-0.29618097450583314
43,5,243,0,in_sample,f1,0,0.49322918926777043,-0.027084898578930726
43,5,176,1,in_sample,f1,1,0.7454155336861099,1.0743091540838803
43,5,44,1,in_sample,f1,1,0.5260287077657692,0.10420903379561185
43,5,219,1,in_sample,f1,0,0.35777104508415813,-0.5850516247708092
43,5,183,0,in_sample,f1,0,0.3191742657318762,-0.7575691354012145
43,5,1,1,in_sample,f1,0,0.2427560964102998,-1.1376281783498259
43,5,8,0,in_sample,f1,1,0.6563302192154565,0.6469827884832691
43,5,141,1,in_sample,f1,1,0.6021146325183886,0.4142839042517766
43,5,36,1,in_sample,f1,1,0.5436917166718797,0.17521374790909525
43,5,82,0,in_sample,f1,1,0.5256326077722496,0.102620393829823
43,5,112,1,in_sample,f1,1,0.5397984530583707,0.1595312957609822
43,5,192,0,in_sample,f1,0,0.44832964968062927,-0.20742188942849846
43,5,266,1,in_sample,f1,1,0.5179624560520488,0.07188075794340638
43,5,10,1,in_sample,f1,1,0.5130790860486203,0.05232828158136263
43,5,280,1,in_sample,f1,1,0.5984119682066092,0.3988526601833589
43,5,241,1,in_sample,f1,1,0.5518824460941864,0.2082794685175246
43,5,174,0,in_sample,f1,0,0.36407181353151485,-0.5577345045077009
43,5,59,0,in_sample,f1,1,0.537022534562254,0.1483616752905226
43,5,0,0,in_sample,f1,1,0.5712672923668078,0.28702354723596
43,5,251,1,in_sample,f1,1,0.5549143377465839,0.22054699234477337
43,5,224,1,in_sample,f1,1,0.5172317202625437,0.06895418932607475
43,5,272,0,in_sample,f1,0,0.49665583437833644,-0.01337686195487717
43,5,100,1,in_sample,f1,0,0.4754015007628589,-0.09847349488964786
43,5,27,0,in_sample,f1,0,0.37098608680732753,-0.5279888159618258
43,5,108,1,in_sample,f1,1,0.5898253022315388,0.363243234076394
43,5,189,0,in_sample,f1,1,0.5111671850297826,0.044676169624020656
43,5,216,1,in_sample,f1,0,0.2559161161167153,-1.0673040562680898
43,5,31,0,in_sample,f1,0,0.2670277825138762,-1.0097550913476852
43,5,190,0,in_sample,f1,1,0.7521190279115555,1.109945913526639
43,5,71,1,in_sample,f1,0,0.3000093500663789,-0.8472533366580586
43,5,248,1,in_sample,f1,1,0.5653374657397515,0.262852890634872
43,5,72,0,in_sample,f1,0,0.47950004043056377,-0.08204583173696343
43,5,21,0,in_sample,f1,1,0.5231630794531593,0.09271868407253181
43,5,255,1,in_sample,f1,1,0.5622115777154939,0.2501425123257126
43,5,161,1,in_sample,f1,1,0.5730379933706468,0.29425698875248996
43,5,142,1,in_sample,f1,0,0.38526701732755225,-0.4672513536169037
43,5,96,1,in_sample,f1,0,0.46055281217336297,-0.15811735541057392
43,5,99,0,in_sample,f1,1,0.5686634808643846,0.27640026483054037
43,5,239,0,in_sample,f1,1,0.5759282321989992,0.30608035146623586
43,5,94,0,in_sample,f1,1,0.6945213187809903,0.8213428653793116
43,5,122,1,in_sample,f1,1,0.5196176891971251,0.07851106037262048
43,5,124,1,in_sample,f1,0,0.33984819706119485,-0.6639707743493398
43,5,52,0,in_sample,f1,1,0.5293149850543414,0.11739457732178984
43,5,238,0,in_sample,f1,0,0.49600552066873865,-0.015978257260054703
43,5,204,1,in_sample,f1,0,0.420796890028334,-0.3195029397041981
43,5,211,1,in_sample,f1,0,0.4771732898945356,-0.09137035483222315
43,5,185,0,in_sample,f1,1,0.7185060032820663,0.93706293947688
43,5,18,0,in_sample,f1,0,0.40454042418221026,-0.38658183605468366
43,5,311,0,in_sample,f1,0,0.4779822767562362,-0.08812788599229406
43,5,136,0,in_sample,f1,0,0.42683860777123,-0.29476136485387183
43,5,240,0,in_sample,f1,1,0.5048672864093137,0.01946976065001846
43,5,58,1,in_sample,f1,0,0.46645786253876476,-0.13437036129210367
43,5,153,0,in_sample,f2,1,0.5752603452777927,0.30334630862394085
43,5,294,0,in_sample,f2,0,0.24360396304099202,-1.133021293080412
43,5,179,0,in_sample,f2,0,0.1849917267183864,-1.482887160817941
43,5,113,0,in_sample,f2,1,0.5085423645815517,0.03417278345984796
43,5,244,1,in_sample,f2,1,0.9588563591909283,3.1486719034575072
43,5,234,1,in_sample,f2,1,0.6531416488435982,0.6328775391980904
43,5,298,1,in_sample,f2,1,0.7597175704089323,1.1511317249001498
43,5,54,0,in_sample,f2,0,0.15863738195685623,-1.6684017608571737
43,5,125,1,in_sample,f2,0,0.32647572067463915,-0.7241684611354423
43,5,172,0,in_sample,f2,1,0.8421092747586225,1.674006604463556
43,5,243,0,in_sample,f2,1,0.6699331349923918,0.7078826537151978
43,5,176,1,in_sample,f2,1,0.7380957056258975,1.036094350233867
43,5,44,1,in_sample,f2,0,0.46953561156174123,-0.12200868175987459
43,5,219,1,in_sample,f2,1,0.7002446495472506,0.8484631298703657
43,5,183,0,in_sample,f2,0,0.15694029295369705,-1.68117234899962
43,5,1,1,in_sample,f2,0,0.3056445453916017,-0.8205612014331615
43,5,8,0,in_sample,f2,1,0.5329291722734556,0.1319076187592235
43,5,141,1,in_sample,f2,0,0.31843989438604353,-0.7609507007463099
43,5,36,1,in_sample,f2,1,0.5435728567962652,0.17473466009996633
43,5,82,0,in_sample,f2,0,0.3057565358906822,-0.8200335609007903
43,5,112,1,in_sample,f2,1,0.6695901540639891,0.706331973610376
43,5,192,0,in_sample,f2,1,0.8221317560521874,1.5308575957131294
43,5,266,1,in_sample,f2,0,0.4139066389096827,-0.3478386576396545
43,5,10,1,in_sample,f2,0,0.17451531777794219,-1.5539581886779918
43,5,280,1,in_sample,f2,0,0.43963069207565725,-0.2426610065244017
43,5,241,1,in_sample,f2,1,0.5561665205044836,0.22561830081689122
43,5,174,0,in_sample,f2,1,0.6814488766501541,0.7604382573984525
43,5,59,0,in_sample,f2,0,0.30755073607720185,-0.8115949012746961
43,5,0,0,in_sample,f2,0,0.26077098114174063,-1.0419652214369906
43,5,251,1,in_sample,f2,1,0.6284735031727826,0.5256736827975256
43,5,224,1,in_sample,f2,1,0.6229002918236493,0.5018768303507165
43,5,272,0,in_sample,f2,0,0.4398420813983301,-0.24180298490107588
43,5,100,1,in_sample,f2,1,0.8597105443847627,1.812887927997668
43,5,27,0,in_sample,f2,1,0.580417314376243,0.3244867406978844
43,5,108,1,in_sample,f2,1,0.8029401106935403,1.4047724400455197
43,5,189,0,in_sample,f2,0,0.21590370805264747,-1.289699321934896
43,5,216,1,in_sample,f2,0,0.2682338790439699,-1.0036016730731125
43,5,31,0,in_sample,f2,0,0.15350262233126571,-1.7073894532442895
43,5,190,0,in_sample,f2,1,0.9420579479290778,2.788623379646992
43,5,71,1,in_sample,f2,0,0.02992556305813022,-3.4786597407579887
43,5,248,1,in_sample,f2,1,0.7289033306821927,0.9890656472191048
43,5,72,0,in_sample,f2,0,0.4062031010647141,-0.3796840564631517
43,5,21,0,in_sample,f2,0,0.2951930366438813,-0.8702944506334873
43,5,255,1,in_sample,f2,0,0.10349226435680971,-2.159010052324879
43,5,161,1,in_sample,f2,1,0.6782810243143432,0.7458832740404634
43,5,142,1,in_sample,f2,0,0.374717430956465,-0.5120314335508958
43,5,96,1,in_sample,f2,1,0.668635133259804,0.7020184353993317
43,5,99,0,in_sample,f2,1,0.6683234733048335,0.7006121210261426
43,5,239,0,in_sample,f2,0,0.4875030107443862,-0.049998370067363254
43,5,94,0,in_sample,f2,0,0.17419094031027405,-1.5562115285332856
43,5,122,1,in_sample,f2,1,0.8803442554131609,1.9956942055142175
43,5,124,1,in_sample,f2,1,0.7339003093842917,1.0145021857916292
43,5,52,0,in_sample,f2,0,0.19602222043217266,-1.4113436090870226
43,5,238,0,in_sample,f2,1,0.7441326279182703,1.0675600498519378
43,5,204,1,in_sample,f2,1,0.7656018074204981,1.1836408540907055
43,5,211,1,in_sample,f2,1,0.7365031804679048,1.0278722564259626
43,5,185,0,in_sample,f2,0,0.4243027427841831,-0.305134710966694
43,5,18,0,in_sample,f2,1,0.8555331437358338,1.7786747216995484
43,5,311,0,in_sample,f2,0,0.4668174088914048,-0.1329257441088656
43,5,136,0,in_sample,f2,0,0.21572378437046755,-1.290762460866057
43,5,240,0,in_sample,f2,0,0.2981813073128302,-0.855973382844111
43,5,58,1,in_sample,f2,1,0.6904581951041693,0.8022622727181614
43,5,153,0,in_sample,f3,1,0.8702926816871898,1.9035490561500845
43,5,294,0,in_sample,f3,1,0.5244609602621401,0.09792201165943754
43,5,179,0,in_sample,f3,0,0.2813202879290448,-0.9379219604960682
43,5,113,0,in_sample,f3,0,0.1721546662728212,-1.5704330466499177
43,5,244,1,in_sample,f3,1,0.5229391350010046,0.09182099829469921
43,5,234,1,in_sample,f3,0,0.41079014216000337,-0.3606999342607517
43,5,298,1,in_sample,f3,1,0.653185830814287,0.6330725678963003
43,5,54,0,in_sample,f3,0,0.15568819835632292,-1.6906665809583412
43,5,125,1,in_sample,f3,0,0.4859254514430268,-0.056313070999320876
43,5,172,0,in_sample,f3,0,0.4774092194264209,-0.09042468601008496
43,5,243,0,in_sample,f3,1,0.660629188178258,0.6660993465702104
43,5,176,1,in_sample,f3,1,0.9215049993820711,2.4629732659960784
43,5,44,1,in_sample,f3,1,0.7337723793437294,1.0138472110168266
43,5,219,1,in_sample,f3,0,0.4682010619388562,-0.12736765874547945
43,5,183,0,in_sample,f3,0,0.19995305271287364,-1.3865878074974947
43,5,1,1,in_sample,f3,0,0.3519919840080586,-0.6102946639992806
43,5,8,0,in_sample,f3,0,0.36927392764989897,-0.5353329315771471
43,5,141,1,in_sample,f3,1,0.887054248648109,2.060998513226104
43,5,36,1,in_sample,f3,1,0.8104832325933929,1.453153150265044
43,5,82,0,in_sample,f3,1,0.5790363720183688,0.31881885867730225
43,5,112,1,in_sample,f3,1,0.6157762587084562,0.47165863865117924
43,5,192,0,in_sample,f3,1,0.5512657302149886,0.20578607610709018
43,5,266,1,in_sample,f3,1,0.8637570478961206,1.8468518301692944
43,5,10,1,in_sample,f3,0,0.23992239352334066,-1.153105031121841
43,5,280,1,in_sample,f3,1,0.9514659958707005,2.975739280360336
43,5,241,1,in_sample,f3,1,0.581004598958186,0.326898728583221
43,5,174,0,in_sample,f3,0,0.02587204716955841,-3.6283795374009626
43,5,59,0,in_sample,f3,1,0.5175057832478361,0.07005176573388795
43,5,0,0,in_sample,f3,1,0.5031105061764655,0.012442185215833249
43,5,251,1,in_sample,f3,1,0.5091590912171151,0.03664046354202713
43,5,224,1,in_sample,f3,0,0.3060090896741867,-0.8188440565789888
43,5,272,0,in_sample,f3,1,0.5142957830910176,0.05719872198897086
43,5,100,1,in_sample,f3,1,0.6176002614865179,0.47937492472850246
43,5,27,0,in_sample,f3,0,0.16069071961569129,-1.6530977469895187
43,5,108,1,in_sample,f3,1,0.760906792175583,1.157657402842945
43,5,189,0,in_sample,f3,0,0.3895993939302155,-0.44899645672911925
43,5,216,1,in_sample,f3,0,0.34851971220016403,-0.6255523478827381
43,5,31,0,in_sample,f3,0,0.01892343117990307,-3.9482496091390806
43,5,190,0,in_sample,f3,1,0.8530114920092601,1.7584186130729387
43,5,71,1,in_sample,f3,1,0.7168824067185574,0.929049484483155
43,5,248,1,in_sample,f3,1,0.8008116672528057,1.3913750245024241
43,5,72,0,in_sample,f3,0,0.27773249861773175,-0.9557371555467588
43,5,21,0,in_sample,f3,0,0.4465912276996938,-0.21445322206898068
43,5,255,1,in_sample,f3,0,0.1433263093359135,-1.7879331742207498
43,5,161,1,in_sample,f3,1,0.5004753313732898,0.0019013260659400608
43,5,142,1,in_sample,f3,0,0.4377950576563973,-0.2501155535302693
43,5,96,1,in_sample,f3,1,0.6071148497320268,0.4352006512906192
43,5,99,0,in_sample,f3,1,0.6163019405149702,0.47388106675180347
43,5,239,0,in_sample,f3,0,0.3436423971026361,-0.6471041934174062
43,5,94,0,in_sample,f3,0,0.42011438410973806,-0.3223038527917406
43,5,122,1,in_sample,f3,1,0.5547579127683996,0.2199136748825791
43,5,124,1,in_sample,f3,1,0.6995241271658974,0.8450328248454084
43,5,52,0,in_sample,f3,1,0.5057974293456208,0.023190756680636228
43,5,238,0,in_sample,f3,1,0.8392879213573369,1.6529393870571334
43,5,204,1,in_sample,f3,1,0.572994913086473,0.29408091268619735
43,5,211,1,in_sample,f3,1,0.8144547643000799,1.479220177961634
43,5,185,0,in_sample,f3,1,0.7346570160549376,1.0183804773099572
43,5,18,0,in_sample,f3,0,0.23271143444928932,-1.1930637496253371
43,5,311,0,in_sample,f3,0,0.2134904992095392,-1.304012470771664
43,5,136,0,in_sample,f3,1,0.5870700772877782,0.35186629489315785
43,5,240,0,in_sample,f3,0,0.4810300171781552,-0.07591637099212478
43,5,58,1,in_sample,f3,1,0.6520261990078221,0.6279575512114739
43,5,153,0,in_sample,f1_f2,0,0.4148655433909352,-0.34388718527504913
43,5,294,0,in_sample,f1_f2,0,0.17881319787058217,-1.5244089399615102
43,5,179,0,in_sample,f1_f2,0,0.20623908890353437,-1.3477461748461652
43,5,113,0,in_sample,f1_f2,0,0.4623028790353891,-0.15107517083950417
43,5,244,1,in_sample,f1_f2,1,0.9679596361913445,3.408193911295105
43,5,234,1,in_sample,f1_f2,1,0.6048598126257805,0.4257561098305293
43,5,298,1,in_sample,f1_f2,1,0.7883464160694978,1.314986707445192
43,5,54,0,in_sample,f1_f2,0,0.14565490040737428,-1.7690950821170772
43,5,125,1,in_sample,f1_f2,0,0.3229429679695235,-0.7402797737757236
43,5,172,0,in_sample,f1_f2,1,0.8063783065856388,1.426646774074578
43,5,243,0,in_sample,f1_f2,1,0.6638311492454513,0.6804142580894983
43,5,176,1,in_sample,f1_f2,1,0.8574744928308227,1.7944704512588194
43,5,44,1,in_sample,f1_f2,0,0.4918423149320409,-0.03263363607410631
43,5,219,1,in_sample,f1_f2,1,0.6022157103382775,0.41470583136509925
43,5,183,0,in_sample,f1_f2,0,0.10229697732778084,-2.1719591785035104
43,5,1,1,in_sample,f1_f2,0,0.16679970544910352,-1.6084803388739706
43,5,8,0,in_sample,f1_f2,1,0.6470494265404969,0.6060946563981374
43,5,141,1,in_sample,f1_f2,0,0.39392529390406456,-0.4308419739180582
43,5,36,1,in_sample,f1_f2,1,0.5762566950894372,0.30742535367107493
43,5,82,0,in_sample,f1_f2,0,0.3288926978790043,-0.7131974866253242
43,5,112,1,in_sample,f1_f2,1,0.6928629083293651,0.8135379555564065
43,5,192,0,in_sample,f1_f2,1,0.7943499765630159,1.351348332019601
43,5,266,1,in_sample,f1_f2,0,0.4314919247918825,-0.2757667214245765
43,5,10,1,in_sample,f1_f2,0,0.18788057002688552,-1.4638409154452838
43,5,280,1,in_sample,f1_f2,1,0.5156196610445021,0.062498980290800005
43,5,241,1,in_sample,f1_f2,1,0.5940678826280329,0.3808076463204222
43,5,174,0,in_sample,f1_f2,1,0.5863108306363146,0.34873518346056265
43,5,59,0,in_sample,f1_f2,0,0.3380527269394922,-0.6719840246409138
43,5,0,0,in_sample,f1_f2,0,0.3108439550990235,-0.7961766914671824
43,5,251,1,in_sample,f1_f2,1,0.6641213206488902,0.681714823206549
43,5,224,1,in_sample,f1_f2,1,0.6339468732067287,0.5491866766819841
43,5,272,0,in_sample,f1_f2,0,0.4417491610381995,-0.23406618154140713
43,5,100,1,in_sample,f1_f2,1,0.8461164351686123,1.7044607364358069
43,5,27,0,in_sample,f1_f2,0,0.48646945265843944,-0.054135406451832624
43,5,108,1,in_sample,f1_f2,1,0.8375794078564305,1.6403268559526127
43,5,189,0,in_sample,f1_f2,0,0.2293213980540455,-1.2121469234163866
43,5,216,1,in_sample,f1_f2,0,0.1498336130606373,-1.7359066475035119
43,5,31,0,in_sample,f1_f2,0,0.08475590837230369,-2.3794153373678304
43,5,190,0,in_sample,f1_f2,1,0.971418354836776,3.52599249068497
43,5,71,1,in_sample,f1_f2,0,0.01823098741208793,-3.986233307934696
43,5,248,1,in_sample,f1_f2,1,0.7619273869356091,1.1632755343625019
43,5,72,0,in_sample,f1_f2,0,0.3970403034559153,-0.4178125606835936
43,5,21,0,in_sample,f1_f2,0,0.3166387496650748,-0.7692621036906544
43,5,255,1,in_sample,f1_f2,0,0.12897498651048186,-1.910052212027649
43,5,161,1,in_sample,f1_f2,1,0.7209606845335002,0.9492319191742101
43,5,142,1,in_sample,f1_f2,0,0.3048016431239504,-0.8245359957968483
43,5,96,1,in_sample,f1_f2,1,0.6411074074135635,0.5801738464238108
43,5,99,0,in_sample,f1_f2,1,0.7093614777546486,0.8922849348767238
43,5,239,0,in_sample,f1_f2,1,0.5456465143709782,0.1830958587132661
43,5,94,0,in_sample,f1_f2,0,0.28674746849100735,-0.9112336116547783
43,5,122,1,in_sample,f1_f2,1,0.8818511839049372,2.010078332811876
43,5,124,1,in_sample,f1_f2,1,0.6270035035366613,0.519383101655058
43,5,52,0,in_sample,f1_f2,0,0.21787614785621762,-1.2780863344625364
43,5,238,0,in_sample,f1_f2,1,0.7385636822497319,1.0385166030623778
43,5,204,1,in_sample,f1_f2,1,0.7175877077148504,0.9325271482868575
43,5,211,1,in_sample,f1_f2,1,0.7202084096173405,0.9454956219635242
43,5,185,0,in_sample,f1_f2,1,0.5962776290748466,0.3899789381497795
43,5,18,0,in_sample,f1_f2,1,0.8120377454906542,1.4633056548899885
43,5,311,0,in_sample,f1_f2,0,0.45462024514566163,-0.182019905506957
43,5,136,0,in_sample,f1_f2,0,0.1887631923790426,-1.4580667270081216
43,5,240,0,in_sample,f1_f2,0,0.3082810743387485,-0.808167750467026
43,5,58,1,in_sample,f1_f2,1,0.6670510964087745,0.6948776137535958
43,5,153,0,in_sample,f1_f3,1,0.8840334477997258,2.0311930923729498
43,5,294,0,in_sample,f1_f3,1,0.5406846328618254,0.16309912665448445
43,5,179,0,in_sample,f1_f3,0,0.2753673678650563,-0.9675587228207612
43,5,113,0,in_sample,f1_f3,0,0.1724417148780359,-1.5684202453529958
43,5,244,1,in_sample,f1_f3,1,0.5104756957284486,0.04190891575554745
43,5,234,1,in_sample,f1_f3,0,0.416330705465377,-0.33785463644642916
43,5,298,1,in_sample,f1_f3,1,0.6489588631632971,0.6144659141752107
43,5,54,0,in_sample,f1_f3,0,0.15491989913458207,-1.6965232132224193
43,5,125,1,in_sample,f1_f3,0,0.48707241007627855,-0.05172188694380366
43,5,172,0,in_sample,f1_f3,0,0.48469301455645886,-0.061247080457063716
43,5,243,0,in_sample,f1_f3,1,0.6634193597319569,0.6785695441207088
43,5,176,1,in_sample,f1_f3,1,0.9157254738935255,2.385636980841266
43,5,44,1,in_sample,f1_f3,1,0.7345464786224355,1.017813508247733
43,5,219,1,in_sample,f1_f3,0,0.48313754769355993,-0.0674753984690021
43,5,183,0,in_sample,f1_f3,0,0.20936652448799953,-1.328748070170929
43,5,1,1,in_sample,f1_f3,0,0.3779061051550438,-0.4984452719860899
43,5,8,0,in_sample,f1_f3,0,0.35074591892009116,-0.6157620527411215
43,5,141,1,in_sample,f1_f3,1,0.8858065997646278,2.0486051378195014
43,5,36,1,in_sample,f1_f3,1,0.8110216718290693,1.4566624333895972
43,5,82,0,in_sample,f1_f3,1,0.5772511578113629,0.31149920495545413
43,5,112,1,in_sample,f1_f3,1,0.6131772722137178,0.460687561731033
43,5,192,0,in_sample,f1_f3,1,0.5573027273521685,0.2302224094347758
43,5,266,1,in_sample,f1_f3,1,0.8662332418510186,1.8680565321912241
43,5,10,1,in_sample,f1_f3,0,0.23518935068554606,-1.1792373486511836
43,5,280,1,in_sample,f1_f3,1,0.9516669518291576,2.9800995792458536
43,5,241,1,in_sample,f1_f3,1,0.576459302396524,0.3082551352231675
43,5,174,0,in_sample,f1_f3,0,0.02585220892496935,-3.6291669794018544
43,5,59,0,in_sample,f1_f3,1,0.5134145272277251,0.05367098880998887
43,5,0,0,in_sample,f1_f3,0,0.4950191286265095,-0.019924144577656455
43,5,251,1,in_sample,f1_f3,1,0.5029703281816689,0.01188145249901397
43,5,224,1,in_sample,f1_f3,0,0.30126767176573105,-0.841268589060845
43,5,272,0,in_sample,f1_f3,1,0.5145319491837071,0.05814417208245917
43,5,100,1,in_sample,f1_f3,1,0.6216383041247592,0.4965078134685953
43,5,27,0,in_sample,f1_f3,0,0.16457884329684097,-1.624546231038901
43,5,108,1,in_sample,f1_f3,1,0.7569272143964221,1.1359061710205034
43,5,189,0,in_sample,f1_f3,0,0.38634761322175826,-0.4626911059152752
43,5,216,1,in_sample,f1_f3,0,0.37248282978581115,-0.5215800913002259
43,5,31,0,in_sample,f1_f3,0,0.019737586230999762,-3.9052955565089893
43,5,190,0,in_sample,f1_f3,1,0.8409886779412047,1.6656027896658054
43,5,71,1,in_sample,f1_f3,1,0.737843415587778,1.0347896524205509
43,5,248,1,in_sample,f1_f3,1,0.7996907523920795,1.3843626830321902
43,5,72,0,in_sample,f1_f3,0,0.2760690873112299,-0.964044812631211
43,5,21,0,in_sample,f1_f3,0,0.44287780736241583,-0.2294906901215017
43,5,255,1,in_sample,f1_f3,0,0.13634543646154412,-1.8459812387031787
43,5,161,1,in_sample,f1_f3,0,0.49214486174879535,-0.031423138385785934
43,5,142,1,in_sample,f1_f3,0,0.4489236378571385,-0.20502058614072388
43,5,96,1,in_sample,f1_f3,1,0.6125568836133611,0.4580727677159308
43,5,99,0,in_sample,f1_f3,1,0.6107043635332324,0.45027393944867067
43,5,239,0,in_sample,f1_f3,0,0.3334971249726591,-0.6924102086819935
43,5,94,0,in_sample,f1_f3,0,0.39696485645762486,-0.4181277222016507
43,5,122,1,in_sample,f1_f3,1,0.5531923962997386,0.21357776957738803
43,5,124,1,in_sample,f1_f3,1,0.7169766048200935,0.929513648099974
43,5,52,0,in_sample,f1_f3,1,0.5023488198767929,0.009395348619196463
43,5,238,0,in_sample,f1_f3,1,0.8429673192896022,1.6804742490192601
43,5,204,1,in_sample,f1_f3,1,0.5822766684647169,0.33212638304319075
43,5,211,1,in_sample,f1_f3,1,0.819367223782282,1.5120662543826464
43,5,185,0,in_sample,f1_f3,1,0.7175033608493537,0.9321109780295468
43,5,18,0,in_sample,f1_f3,0,0.2364464333100273,-1.1722615969365053
43,5,311,0,in_sample,f1_f3,0,0.21125081174971366,-1.3174022758630977
43,5,136,0,in_sample,f1_f3,1,0.5958448703485666,0.388181559991588
43,5,240,0,in_sample,f1_f3,0,0.47982915897312006,-0.08072717631238402
43,5,58,1,in_sample,f1_f3,1,0.6573331884400745,0.6514324458814356
43,5,153,0,in_sample,f2_f3,1,0.8857890497057817,2.0484316497589066
43,5,294,0,in_sample,f2_f3,0,0.27940817061828316,-0.9473991697782355
43,5,179,0,in_sample,f2_f3,0,0.09742022343828444,-2.226223259450283
43,5,113,0,in_sample,f2_f3,0,0.19754235387405264,-1.4017260648529781
43,5,244,1,in_sample,f2_f3,1,0.9534090886447032,3.018638588786364
43,5,234,1,in_sample,f2_f3,1,0.5666306859478005,0.2681174602113762
43,5,298,1,in_sample,f2_f3,1,0.840824795396367,1.6643777980681596
43,5,54,0,in_sample,f2_f3,0,0.04344735856754621,-3.0917857654396284
43,5,125,1,in_sample,f2_f3,0,0.32954509392455666,-0.7102432460928341
43,5,172,0,in_sample,f2_f3,1,0.8150034912108339,1.482855443435618
43,5,243,0,in_sample,f2_f3,1,0.7830705642933462,1.28365069277363
43,5,176,1,in_sample,f2_f3,1,0.9624389310243667,3.2435025014474523
43,5,44,1,in_sample,f2_f3,1,0.6972466743612409,0.8342208897041122
43,5,219,1,in_sample,f2_f3,1,0.6644201146383962,0.6830546157243179
43,5,183,0,in_sample,f2_f3,0,0.05606778007672069,-2.8234930452842977
43,5,1,1,in_sample,f2_f3,0,0.2124830335782093,-1.3100227719382636
43,5,8,0,in_sample,f2_f3,0,0.4115741678529365,-0.3574616484489914
43,5,141,1,in_sample,f2_f3,1,0.7696353180217452,1.2062531626522317
43,5,36,1,in_sample,f2_f3,1,0.8196823005227939,1.5141965345890336
43,5,82,0,in_sample,f2_f3,0,0.3885125195781193,-0.4535690866491102
43,5,112,1,in_sample,f2_f3,1,0.750836748625063,1.1030799398259166
43,5,192,0,in_sample,f2_f3,1,0.8352031936277656,1.6229618024307548
43,5,266,1,in_sample,f2_f3,1,0.8009376706522284,1.3921651411374927
43,5,10,1,in_sample,f2_f3,0,0.07653464658002879,-2.4903897475588037
43,5,280,1,in_sample,f2_f3,1,0.9262003706721198,2.5297368853176363
43,5,241,1,in_sample,f2_f3,1,0.6280385920921602,0.5238115102478025
43,5,174,0,in_sample,f2_f3,0,0.06761140300502527,-2.6239730250219524
43,5,59,0,in_sample,f2_f3,0,0.3373953586245403,-0.6749230809159611
43,5,0,0,in_sample,f2_f3,0,0.2805598242234028,-0.9416863966192167
43,5,251,1,in_sample,f2_f3,1,0.6305865375128619,0.5347338868878208
43,5,224,1,in_sample,f2_f3,0,0.431564242292259,-0.2754719228846764
43,5,272,0,in_sample,f2_f3,0,0.46052468570679705,-0.15823056644136008
43,5,100,1,in_sample,f2_f3,1,0.8944117971627582,2.136619642868673
43,5,27,0,in_sample,f2_f3,0,0.22995061941682368,-1.2085900557344336
43,5,108,1,in_sample,f2_f3,1,0.91551685471678,2.382936723976657
43,5,189,0,in_sample,f2_f3,0,0.1684585081814777,-1.5965917201267708
43,5,216,1,in_sample,f2_f3,0,0.18334219487488823,-1.4938658398730977
43,5,31,0,in_sample,f2_f3,0,0.005443939473193924,-5.207793500618827
43,5,190,0,in_sample,f2_f3,1,0.9855149476135462,4.220047046205702
43,5,71,1,in_sample,f2_f3,0,0.08647157640533394,-2.3574987269121013
43,5,248,1,in_sample,f2_f3,1,0.9013795691861695,2.212647995144119
43,5,72,0,in_sample,f2_f3,0,0.22805701824609959,-1.2193150117490212
43,5,21,0,in_sample,f2_f3,0,0.2706202256779231,-0.9914780920265205
43,5,255,1,in_sample,f2_f3,0,0.025668721204110942,-3.6364781908857986
43,5,161,1,in_sample,f2_f3,1,0.669736630038726,0.7069941186634894
43,5,142,1,in_sample,f2_f3,0,0.3335857971305832,-0.6920113084251165
43,5,96,1,in_sample,f2_f3,1,0.7437385022138797,1.0654910986768498
43,5,99,0,in_sample,f2_f3,1,0.7502266987113525,1.0998217141763038
43,5,239,0,in_sample,f2_f3,0,0.34769934501231536,-0.6291674276822855
43,5,94,0,in_sample,f2_f3,0,0.15096045227795962,-1.72708786969235
43,5,122,1,in_sample,f2_f3,1,0.8876696137494788,2.067155210991981
43,5,124,1,in_sample,f2_f3,1,0.8497847871812001,1.7329141079262549
43,5,52,0,in_sample,f2_f3,0,0.21850224485484787,-1.2744159889442999
43,5,238,0,in_sample,f2_f3,1,0.9259740169318639,2.526430020666219
43,5,204,1,in_sample,f2_f3,1,0.7993489379466177,1.3822301790003957
43,5,211,1,in_sample,f2_f3,1,0.911296885366912,2.329573730766034
43,5,185,0,in_sample,f2_f3,1,0.6611742067932225,0.6685312645455017
43,5,18,0,in_sample,f2_f3,1,0.6374044855881986,0.5641165116587397
43,5,311,0,in_sample,f2_f3,0,0.21227275697234474,-1.311279854431254
43,5,136,0,in_sample,f2_f3,0,0.2973879881854998,-0.8597671921332439
43,5,240,0,in_sample,f2_f3,0,0.299314520536152,-0.8505641835909388
43,5,58,1,in_sample,f2_f3,1,0.7918408439873562,1.336057456815622
43,5,153,0,in_sample,f1_f2_f3,1,0.9193124788497722,2.433042154340955
43,5,294,0,in_sample,f1_f2_f3,0,0.31845082820386084,-0.7609003232907832
43,5,179,0,in_sample,f1_f2_f3,0,0.08894308222076554,-2.3266087341218524
43,5,113,0,in_sample,f1_f2_f3,0,0.1987395654569913,-1.3941907796697746
43,5,244,1,in_sample,f1_f2_f3,1,0.947579163262092,2.8946063231273778
43,5,234,1,in_sample,f1_f2_f3,1,0.5847443814988756,0.34228051822860694
43,5,298,1,in_sample,f1_f2_f3,1,0.834465506447223,1.617611814493317
43,5,54,0,in_sample,f1_f2_f3,0,0.042218811991613196,-3.1217534433782177
43,5,125,1,in_sample,f1_f2_f3,0,0.3313173003591973,-0.7022331295352224
43,5,172,0,in_sample,f1_f2_f3,1,0.8298239285892397,1.5843799288078406
43,5,243,0,in_sample,f1_f2_f3,1,0.7902704749373131,1.3265565355313966
43,5,176,1,in_sample,f1_f2_f3,1,0.953387320626345,3.018148649884642
43,5,44,1,in_sample,f1_f2_f3,1,0.6994215980011009,0.8445450798091437
43,5,219,1,in_sample,f1_f2_f3,1,0.7047620777159913,0.8700787199392195
43,5,183,0,in_sample,f1_f2_f3,0,0.06522341372060052,-2.6624890449674146
43,5,1,1,in_sample,f1_f2_f3,0,0.27283067536000194,-0.9803079931532519
43,5,8,0,in_sample,f1_f2_f3,0,0.35493225368021447,-0.597428407773583
43,5,141,1,in_sample,f1_f2_f3,1,0.7616019543713001,1.1614823123212492
43,5,36,1,in_sample,f1_f2_f3,1,0.821313891129327,1.5252746794020928
43,5,82,0,in_sample,f1_f2_f3,0,0.3816913954576805,-0.48237527610624575
43,5,112,1,in_sample,f1_f2_f3,1,0.7456815406773807,1.0757113613308489
43,5,192,0,in_sample,f1_f2_f3,1,0.8466894562019361,1.7088684253912105
43,5,266,1,in_sample,f1_f2_f3,1,0.8102796141175445,1.451828055747007
43,5,10,1,in_sample,f1_f2_f3,0,0.07039197570401319,-2.5806837428578
43,5,280,1,in_sample,f1_f2_f3,1,0.9268236317436752,2.538890759630501
43,5,241,1,in_sample,f1_f2_f3,1,0.6152801692860007,0.46956236693988995
43,5,174,0,in_sample,f1_f2_f3,0,0.06802292517459232,-2.6174634332768694
43,5,59,0,in_sample,f1_f2_f3,0,0.32504141969757555,-0.7306987070422525
43,5,0,0,in_sample,f1_f2_f3,0,0.25974073404906795,-1.0473165274601581
43,5,251,1,in_sample,f1_f2_f3,1,0.6141476225022491,0.4647804721774929
43,5,224,1,in_sample,f1_f2_f3,0,0.41629184461897767,-0.33801456012775083
43,5,272,0,in_sample,f1_f2_f3,0,0.4607572077790863,-0.15729467886986917
43,5,100,1,in_sample,f1_f2_f3,1,0.9004929875067368,2.2027142582524384
43,5,27,0,in_sample,f1_f2_f3,0,0.24621185383977393,-1.1189189954774776
43,5,108,1,in_sample,f1_f2_f3,1,0.911205281837746,2.3284410406153286
43,5,189,0,in_sample,f1_f2_f3,0,0.16139866930243332,-1.6478579104604982
43,5,216,1,in_sample,f1_f2_f3,0,0.2333847667203326,-1.1892965730863136
43,5,31,0,in_sample,f1_f2_f3,0,0.006120781299712587,-5.089925937184016
43,5,190,0,in_sample,f1_f2_f3,1,0.9813495699493942,3.963059531670827
43,5,71,1,in_sample,f1_f2_f3,0,0.1121479257469291,-2.0689863806183046
43,5,248,1,in_sample,f1_f2_f3,1,0.900145779399259,2.1988453989376984
43,5,72,0,in_sample,f1_f2_f3,0,0.22329051037169362,-1.2465927325049377
43,5,21,0,in_sample,f1_f2_f3,0,0.26047469658494127,-1.043502776044475
43,5,255,1,in_sample,f1_f2_f3,0,0.0213079618673108,-3.8271362257945634
43,5,161,1,in_sample,f1_f2_f3,1,0.6486582374960839,0.6131465472910305
43,5,142,1,in_sample,f1_f2_f3,0,0.36343408193196614,-0.5604900381400871
43,5,96,1,in_sample,f1_f2_f3,1,0.7576333154804009,1.1397477112831842
43,5,99,0,in_sample,f1_f2_f3,1,0.7377790908330089,1.0344571316193303
43,5,239,0,in_sample,f1_f2_f3,0,0.3175468822005679,-0.7650683649245149
43,5,94,0,in_sample,f1_f2_f3,0,0.11636930940723507,-2.027270368879093
43,5,122,1,in_sample,f1_f2_f3,1,0.8873994799947583,2.0644489190985063
43,5,124,1,in_sample,f1_f2_f3,1,0.8802147136245089,1.9944650105620436
43,5,52,0,in_sample,f1_f2_f3,0,0.20960463973539853,-1.3273101879617988
43,5,238,0,in_sample,f1_f2_f3,1,0.931937426967579,2.616838200272338
43,5,204,1,in_sample,f1_f2_f3,1,0.8184824459397262,1.506099584345315
43,5,211,1,in_sample,f1_f2_f3,1,0.9195114605227864,2.4357277002838056
43,5,185,0,in_sample,f1_f2_f3,1,0.6002153555158635,0.4063625033424032
43,5,18,0,in_sample,f1_f2_f3,1,0.655231028294701,0.6421133429132088
43,5,311,0,in_sample,f1_f2_f3,0,0.2056162219489084,-1.3515552611454398
43,5,136,0,in_sample,f1_f2_f3,0,0.3183394810962712,-0.7614133970745401
43,5,240,0,in_sample,f1_f2_f3,0,0.2948682608317403,-0.8718559662793349
43,5,58,1,in_sample,f1_f2_f3,1,0.8042090541752607,1.4128117659413535
43,5,153,0,inner_oof,f1,0,0.4667392927840263,-0.1332395940963011
43,5,294,0,inner_oof,f1,0,0.4768741865272371,-0.09256930007151244
43,5,179,0,inner_oof,f1,1,0.5010292560952477,0.004117030196264648
43,5,113,0,inner_oof,f1,0,0.48794810857211435,-0.04821690504300425
43,5,244,1,inner_oof,f1,1,0.5126096260085862,0.0504492012590578
43,5,234,1,inner_oof,f1,0,0.4876718855151247,-0.049322454420769685
43,5,298,1,inner_oof,f1,1,0.5056524718671722,0.02261085073697116
43,5,54,0,inner_oof,f1,0,0.48977778854333,-0.040894544086436835
43,5,125,1,inner_oof,f1,0,0.49490584171297947,-0.020377338235692613
43,5,172,0,inner_oof,f1,0,0.48708875907799226,-0.0516564472464446
43,5,243,0,inner_oof,f1,0,0.49615903498178926,-0.015364162301165673
43,5,176,1,inner_oof,f1,1,0.5332453710764068,0.13317797700201892
43,5,44,1,inner_oof,f1,1,0.5005857765944118,0.002343107449647934
43,5,219,1,inner_oof,f1,0,0.4773615692593094,-0.09061567738621205
43,5,183,0,inner_oof,f1,0,0.4715600645694236,-0.1138826634702069
43,5,1,1,inner_oof,f1,0,0.4588085110968961,-0.1651402339688113
43,5,8,0,inner_oof,f1,1,0.5188774193916165,0.07554558614834997
43,5,141,1,inner_oof,f1,1,0.5110387298438833,0.044162095386218396
43,5,36,1,inner_oof,f1,1,0.5029797966703557,0.011919327794698995
43,5,82,0,inner_oof,f1,1,0.5005322127306536,0.002128851726611942
43,5,112,1,inner_oof,f1,1,0.5024510494744215,0.009804276432320062
43,5,192,0,inner_oof,f1,0,0.4900798666337342,-0.039685741259695415
43,5,266,1,inner_oof,f1,0,0.49949576950074137,-0.002016922680767374
43,5,10,1,inner_oof,f1,0,0.4988365235746452,-0.004653914101295856
43,5,280,1,inner_oof,f1,1,0.51051867878617,0.04208092380145218
43,5,241,1,inner_oof,f1,1,0.504094612256785,0.016378815173355814
43,5,174,0,inner_oof,f1,0,0.4782808039123168,-0.0869314887221511
43,5,59,0,inner_oof,f1,1,0.5020744528200349,0.008297858891862665
43,5,0,0,inner_oof,f1,1,0.506749295873315,0.02699882340929617
43,5,251,1,inner_oof,f1,1,0.5045082038463371,0.018033304072080786
43,5,224,1,inner_oof,f1,0,0.4993970949555325,-0.0024116213466853515
43,5,272,0,inner_oof,f1,0,0.49662120263148096,-0.01351539520381264
43,5,100,1,inner_oof,f1,0,0.49375228623531786,-0.024992155835548605
43,5,27,0,inner_oof,f1,0,0.47928192820631177,-0.08291976539663642
43,5,108,1,inner_oof,f1,1,0.5093185142575873,0.03727837350576196
43,5,189,0,inner_oof,f1,0,0.49857852021581234,-0.00568593445548515
43,5,216,1,inner_oof,f1,0,0.4611644289090172,-0.1556558032935374
43,5,31,0,inner_oof,f1,0,0.46309366451153067,-0.14789432469893862
43,5,190,0,inner_oof,f1,1,0.5344414247146017,0.13798421367331948
43,5,71,1,inner_oof,f1,0,0.46854705244661704,-0.12597813745990294
43,5,248,1,inner_oof,f1,1,0.5059344688306227,0.023738990081516767
43,5,72,0,inner_oof,f1,0,0.4943060961989139,-0.02277659981129712
43,5,21,0,inner_oof,f1,1,0.5001983584877334,0.0007934339925581915
43,5,255,1,inner_oof,f1,1,0.5055059710660507,0.022024774555447144
43,5,161,1,inner_oof,f1,1,0.5069931386502968,0.027974378774600808
43,5,142,1,inner_oof,f1,0,0.48132662340280363,-0.07472826248199027
43,5,96,1,inner_oof,f1,0,0.4917417091877755,-0.03303616752842041
43,5,99,0,inner_oof,f1,1,0.5063911741487648,0.025566089056765558
43,5,239,0,inner_oof,f1,1,0.5073917026521231,0.029568964823990886
43,5,94,0,inner_oof,f1,1,0.5247450364393972,0.09906107433224622
43,5,122,1,inner_oof,f1,0,0.4997193222522541,-0.0011227111089130975
43,5,124,1,inner_oof,f1,0,0.47470678394845317,-0.10125929697180996
43,5,52,0,inner_oof,f1,1,0.5010303503584193,0.004121407267518255
43,5,238,0,inner_oof,f1,0,0.49653349589402834,-0.013866238594395784
43,5,204,1,inner_oof,f1,0,0.4863029728374614,-0.05480181978131894
43,5,211,1,inner_oof,f1,0,0.49399174574337706,-0.024034173887717045
43,5,185,0,inner_oof,f1,1,0.5286356146520074,0.11466793849246001
43,5,18,0,inner_oof,f1,0,0.48404327661605884,-0.06384857533797725
43,5,311,0,inner_oof,f1,0,0.494101056068547,-0.023596870583833637
43,5,136,0,inner_oof,f1,0,0.487136592041357,-0.05146498820036753
43,5,240,0,inner_oof,f1,0,0.4977286513739528,-0.009085457000660505
43,5,58,1,inner_oof,f1,0,0.4925421850222032,-0.02983347245316596
43,5,153,0,inner_oof,f2,1,0.5126816584541577,0.0507375154617557
43,5,294,0,inner_oof,f2,0,0.4529802703294147,-0.1886362994612715
43,5,179,0,inner_oof,f2,0,0.43857626685396306,-0.24694221458516713
43,5,113,0,inner_oof,f2,1,0.5014697848711932,0.0058791564188798405
43,5,244,1,inner_oof,f2,1,0.6282968686426044,0.5249172738503972
43,5,234,1,inner_oof,f2,1,0.5263891109812504,0.10565461864983636
43,5,298,1,inner_oof,f2,1,0.5478587374880366,0.19202281672401111
43,5,54,0,inner_oof,f2,0,0.4309788394267844,-0.2778586300505524
43,5,125,1,inner_oof,f2,0,0.4699113797902395,-0.12050007722357793
43,5,172,0,inner_oof,f2,1,0.5693405355093285,0.2791610635766946
43,5,243,0,inner_oof,f2,1,0.5295042799649073,0.1181543856867665
43,5,176,1,inner_oof,f2,1,0.5431056251728995,0.17285158562695552
43,5,44,1,inner_oof,f2,0,0.4949629634790411,-0.02014882771662433
43,5,219,1,inner_oof,f2,1,0.5353365988304104,0.14158243073667473
43,5,183,0,inner_oof,f2,0,0.4304569934382815,-0.2799868766072422
43,5,1,1,inner_oof,f2,0,0.4659119266519702,-0.13656413906162745
43,5,8,0,inner_oof,f2,1,0.5055414934252768,0.022166881336042575
43,5,141,1,inner_oof,f2,0,0.468384755387247,-0.12662991822432096
43,5,36,1,inner_oof,f2,1,0.5073255012429856,0.029304101818762647
43,5,82,0,inner_oof,f2,0,0.46593380765365816,-0.13647620660826953
43,5,112,1,inner_oof,f2,1,0.5294398983721945,0.11789596144218178
43,5,192,0,inner_oof,f2,1,0.5634818004481518,0.25530496692958277
43,5,266,1,inner_oof,f2,0,0.4855580459499883,-0.05778388909379178
43,5,10,1,inner_oof,f2,0,0.43566207178828653,-0.25878635744189443
43,5,280,1,inner_oof,f2,0,0.48993740821298554,-0.040255802577340696
43,5,241,1,inner_oof,f2,1,0.5094448694493434,0.03778397227889437
43,5,174,0,inner_oof,f2,1,0.5316857046980753,0.12691289244667658
43,5,59,0,inner_oof,f2,0,0.46628377260797577,-0.13506988545124943
43,5,0,0,inner_oof,f2,0,0.4567430073997086,-0.17346160517317474
43,5,251,1,inner_oof,f2,1,0.5219331306111603,0.08778886057327291
43,5,224,1,inner_oof,f2,1,0.5209435041947427,0.08382306285784549
43,5,272,0,inner_oof,f2,0,0.4899731415825708,-0.04011281138969608
43,5,100,1,inner_oof,f2,1,0.5750061262835724,0.3023059411111591
43,5,27,0,inner_oof,f2,1,0.5135618264751591,0.054260614888849715
43,5,108,1,inner_oof,f2,1,0.5583066742867726,0.23429259886899229
43,5,189,0,inner_oof,f2,0,0.44651861320896835,-0.21474703701690562
43,5,216,1,inner_oof,f2,0,0.4583298201696965,-0.16706823559636935
43,5,31,0,inner_oof,f2,0,0.42938616616225167,-0.2843560145993792
43,5,190,0,inner_oof,f2,1,0.6141793581616253,0.46491439673199003
43,5,71,1,inner_oof,f2,0,0.35903796382425224,-0.579542097520534
43,5,248,1,inner_oof,f2,1,0.5411601814315696,0.16501414899989153
43,5,72,0,inner_oof,f2,0,0.4842324811516423,-0.0630909947365817
43,5,21,0,inner_oof,f2,0,0.46385011298566065,-0.14485229424938975
43,5,255,1,inner_oof,f2,0,0.4110516582215975,-0.3596195791433497
43,5,161,1,inner_oof,f2,1,0.531081688869993,0.1244872725089887
43,5,142,1,inner_oof,f2,0,0.4787261075001845,-0.08514697574795968
43,5,96,1,inner_oof,f2,1,0.5292608024779109,0.11717710082727462
43,5,99,0,inner_oof,f2,1,0.5292024113955115,0.1169427354488771
43,5,239,0,inner_oof,f2,0,0.4979629734835742,-0.008148151146657616
43,5,94,0,inner_oof,f2,0,0.4355697474437793,-0.2591618814768558
43,5,122,1,inner_oof,f2,1,0.5824334527921253,0.3327710086809726
43,5,124,1,inner_oof,f2,1,0.5422125783456475,0.16925320400873267
43,5,52,0,inner_oof,f2,0,0.44151412251115907,-0.23501932458775138
43,5,238,0,inner_oof,f2,1,0.544406541588758,0.17809541356338504
43,5,204,1,inner_oof,f2,1,0.5492004067138704,0.19744053448994736
43,5,211,1,inner_oof,f2,1,0.5427655936626845,0.17148135563909048
43,5,185,0,inner_oof,f2,0,0.4873359134637637,-0.05066718260775944
43,5,18,0,inner_oof,f2,1,0.5736121847691875,0.29660423515328893
43,5,311,0,inner_oof,f2,0,0.4945081758290889,-0.021968180129704175
43,5,136,0,inner_oof,f2,0,0.4464748267793622,-0.21492421145431512
43,5,240,0,inner_oof,f2,0,0.4644437043736716,-0.14246565685486298
43,5,58,1,inner_oof,f2,1,0.5334208326345682,0.13388295644046092
43,5,153,0,inner_oof,f3,1,0.5889093640311014,0.35945857505314005
43,5,294,0,inner_oof,f3,1,0.5050826622516051,0.020331349331065
43,5,179,0,inner_oof,f3,0,0.45655542281011763,-0.1742176266769484
43,5,113,0,inner_oof,f3,0,0.4272661796867558,-0.2930138811638879
43,5,244,1,inner_oof,f3,1,0.5047962219031292,0.01918547607734406
43,5,234,1,inner_oof,f3,0,0.4835545365210961,-0.06580559054792723
43,5,298,1,inner_oof,f3,1,0.5301737041691668,0.12084165351263967
43,5,54,0,inner_oof,f3,0,0.42174946640953676,-0.3155957676355085
43,5,125,1,inner_oof,f3,0,0.49784086301177544,-0.008636601636813073
43,5,172,0,inner_oof,f3,0,0.49623923629483535,-0.01504333850907963
43,5,243,0,inner_oof,f3,1,0.5317185091312179,0.1270446398161482
43,5,176,1,inner_oof,f3,1,0.6140877641543976,0.4645278809575348
43,5,44,1,inner_oof,f3,1,0.547941654368049,0.19235755639013788
43,5,219,1,inner_oof,f3,0,0.49450475824007323,-0.021981852136191783
43,5,183,0,inner_oof,f3,0,0.43573625288468887,-0.25848464318741515
43,5,1,1,inner_oof,f3,0,0.4718588477597516,-0.11268369226297767
43,5,8,0,inner_oof,f3,0,0.4753688004123661,-0.09860461406728646
43,5,141,1,inner_oof,f3,1,0.5960492274835772,0.38903023977346984
43,5,36,1,inner_oof,f3,1,0.5682872618004282,0.274866624292643
43,5,82,0,inner_oof,f3,1,0.5154499560628076,0.061819504445098636
43,5,112,1,inner_oof,f3,1,0.5226159061245785,0.09052539402548798
43,5,192,0,inner_oof,f3,1,0.5101461171799226,0.04059004064987961
43,5,266,1,inner_oof,f3,1,0.5863289480400053,0.34880987934841506
43,5,10,1,inner_oof,f3,0,0.44654688588218855,-0.2146326381746639
43,5,280,1,inner_oof,f3,1,0.6366454876165896,0.5608339904758324
43,5,241,1,inner_oof,f3,1,0.5158289688417023,0.06333704034696173
43,5,174,0,inner_oof,f3,0,0.33636599631971903,-0.6795309563385984
43,5,59,0,inner_oof,f3,1,0.5037741400396823,0.015096846885079646
43,5,0,0,inner_oof,f3,1,0.5010691972712497,0.004276795603885185
43,5,251,1,inner_oof,f3,1,0.502205395841966,0.008821640576744838
43,5,224,1,inner_oof,f3,0,0.4621095856975805,-0.1518527870920437
43,5,272,0,inner_oof,f3,1,0.5031706645982483,0.012682828397375955
43,5,100,1,inner_oof,f3,1,0.5229774651312239,0.091974642749506
43,5,27,0,inner_oof,f3,0,0.4234712198563245,-0.3085397067084558
43,5,108,1,inner_oof,f3,1,0.5546230118121485,0.21936753695802894
43,5,189,0,inner_oof,f3,0,0.4794143514261327,-0.08238916731532732
43,5,216,1,inner_oof,f3,0,0.4711447625929158,-0.11554934274275377
43,5,31,0,inner_oof,f3,0,0.323089879582584,-0.7396079530534264
43,5,190,0,inner_oof,f3,1,0.5822947272449811,0.33220062902339836
43,5,71,1,inner_oof,f3,1,0.5439937178202546,0.17643111253527446
43,5,248,1,inner_oof,f3,1,0.5654383993153711,0.26326364987768197
43,5,72,0,inner_oof,f3,0,0.4557253610233083,-0.17756362090741398
43,5,21,0,inner_oof,f3,0,0.4904166761840455,-0.038337990343389555
43,5,255,1,inner_oof,f3,0,0.41730073227851294,-0.33386407505212845
43,5,161,1,inner_oof,f3,1,0.5005742608467862,0.002297044397157541
43,5,142,1,inner_oof,f3,0,0.4887429081260384,-0.04503597793066538
43,5,96,1,inner_oof,f3,1,0.5209072942217158,0.08367796883504122
43,5,99,0,inner_oof,f3,1,0.5227200440179268,0.0909428035223335
43,5,239,0,inner_oof,f3,0,0.4701363019966771,-0.11959714298348646
43,5,94,0,inner_oof,f3,0,0.48535564995535935,-0.058594158581998936
43,5,122,1,inner_oof,f3,1,0.5108091761463425,0.04324344207818933
43,5,124,1,inner_oof,f3,1,0.5400766841434623,0.16065136622258988
43,5,52,0,inner_oof,f3,1,0.5015738844737504,0.006295558688131281
43,5,238,0,inner_oof,f3,1,0.577468489112621,0.3123898506020204
43,5,204,1,inner_oof,f3,1,0.514289432981493,0.05717330077883018
43,5,211,1,inner_oof,f3,1,0.5694879849029912,0.2797624519291075
43,5,185,0,inner_oof,f3,1,0.5481525448076328,0.1932089802908485
43,5,18,0,inner_oof,f3,0,0.444692851287253,-0.22213755974240806
43,5,311,0,inner_oof,f3,0,0.43955319129715137,-0.2429756016373665
43,5,136,0,inner_oof,f3,1,0.5170000373886505,0.0680263705835441
43,5,240,0,inner_oof,f3,0,0.49692043090539045,-0.012318432146519752
43,5,58,1,inner_oof,f3,1,0.5299344002999855,0.1198809670723584
43,5,153,0,inner_oof,f1_f2,0,0.4966615357965988,-0.013354055263336898
43,5,294,0,inner_oof,f1_f2,0,0.44351361626091984,-0.22691419963485449
43,5,179,0,inner_oof,f1_f2,0,0.4421558037608863,-0.23241738802144263
43,5,113,0,inner_oof,f1_f2,0,0.4970282768611131,-0.011887032524905479
43,5,244,1,inner_oof,f1_f2,1,0.6344450071788613,0.551333885258427
43,5,234,1,inner_oof,f1_f2,1,0.5213926249101091,0.08562277154514181
43,5,298,1,inner_oof,f1_f2,1,0.5520853198492417,0.20909983109167574
43,5,54,0,inner_oof,f1_f2,0,0.4287526486360821,-0.2869421295976597
43,5,125,1,inner_oof,f1_f2,0,0.46973087095960786,-0.12122475258839902
43,5,172,0,inner_oof,f1_f2,1,0.5633990995206217,0.2549687505509247
43,5,243,0,inner_oof,f1_f2,1,0.5289961759009304,0.11611498982167137
43,5,176,1,inner_oof,f1_f2,1,0.5620572146953895,0.24951537553412012
43,5,44,1,inner_oof,f1_f2,0,0.4974055739870163,-0.010377797190515386
43,5,219,1,inner_oof,f1_f2,1,0.5246835361392247,0.09881447063308307
43,5,183,0,inner_oof,f1_f2,0,0.41868907315687426,-0.3281571961688025
43,5,1,1,inner_oof,f1_f2,0,0.44655146881496854,-0.2146140945274521
43,5,8,0,inner_oof,f1_f2,1,0.5176091525400703,0.07046575337537607
43,5,141,1,inner_oof,f1_f2,0,0.47685208499570275,-0.09265789590419549
43,5,36,1,inner_oof,f1_f2,1,0.5108430139979748,0.04337885696961955
43,5,82,0,inner_oof,f1_f2,0,0.4688231493379567,-0.12486940085588438
43,5,112,1,inner_oof,f1_f2,1,0.5322928570376099,0.12935148388932705
43,5,192,0,inner_oof,f1_f2,1,0.559203251342529,0.2379291233700273
43,5,266,1,inner_oof,f1_f2,0,0.4875728576181124,-0.049718808905159444
43,5,10,1,inner_oof,f1_f2,0,0.43812768131161645,-0.24876425539640146
43,5,280,1,inner_oof,f1_f2,0,0.49778809816064856,-0.008847665074090603
43,5,241,1,inner_oof,f1_f2,1,0.5135234191136281,0.05410687265572876
43,5,174,0,inner_oof,f1_f2,1,0.5215780104986463,0.08636568568062
43,5,59,0,inner_oof,f1_f2,0,0.46999111019463985,-0.12017999957742585
43,5,0,0,inner_oof,f1_f2,0,0.46309125586735866,-0.14790401205881465
43,5,251,1,inner_oof,f1_f2,1,0.5260165042342168,0.1041600870872507
43,5,224,1,inner_oof,f1_f2,1,0.5223106909431504,0.0893020640934179
43,5,272,0,inner_oof,f1_f2,0,0.49037434807645597,-0.03850736527061445
43,5,100,1,inner_oof,f1_f2,1,0.5724900779197841,0.29201790648188464
43,5,27,0,inner_oof,f1_f2,1,0.5042703959508456,0.017081999160990603
43,5,108,1,inner_oof,f1_f2,1,0.5642731254152485,0.2585227865819395
43,5,189,0,inner_oof,f1_f2,0,0.44867725097199307,-0.20601657724469125
43,5,216,1,inner_oof,f1_f2,0,0.44040392320512983,-0.23952291894993172
43,5,31,0,inner_oof,f1_f2,0,0.4132166283670308,-0.35068372916261104
43,5,190,0,inner_oof,f1_f2,1,0.6316395540369839,0.5392569740342321
43,5,71,1,inner_oof,f1_f2,0,0.347698152018764,-0.6291726876945513
43,5,248,1,inner_oof,f1_f2,1,0.5456596270880165,0.18314875053053126
43,5,72,0,inner_oof,f1_f2,0,0.48348991467077546,-0.06606435898974714
43,5,21,0,inner_oof,f1_f2,0,0.4665946283214067,-0.1338208351991457
43,5,255,1,inner_oof,f1_f2,0,0.4173633480873111,-0.33360657274208655
43,5,161,1,inner_oof,f1_f2,1,0.5363287842730966,0.145571662245851
43,5,142,1,inner_oof,f1_f2,0,0.47113283524573296,-0.11559721162465258
43,5,96,1,inner_oof,f1_f2,1,0.5263958588925624,0.10568168571076546
43,5,99,0,inner_oof,f1_f2,1,0.5341623814510144,0.1368627624993008
43,5,239,0,inner_oof,f1_f2,1,0.5040036728760032,0.016015033791634214
43,5,94,0,inner_oof,f1_f2,0,0.45176522017651005,-0.19354100503638066
43,5,122,1,inner_oof,f1_f2,1,0.582918669579005,0.33476643356161967
43,5,124,1,inner_oof,f1_f2,1,0.5300428028731102,0.12031614280898958
43,5,52,0,inner_oof,f1_f2,0,0.4450498283662567,-0.220692079121399
43,5,238,0,inner_oof,f1_f2,1,0.5438505059643447,0.17585381029266234
43,5,204,1,inner_oof,f1_f2,1,0.5431257239366017,0.17293258296547684
43,5,211,1,inner_oof,f1_f2,1,0.5408836491943919,0.16390052400040409
43,5,185,0,inner_oof,f1_f2,1,0.5049555994503646,0.01982304690340922
43,5,18,0,inner_oof,f1_f2,1,0.5660085380410779,0.2655843019664551
43,5,311,0,inner_oof,f1_f2,0,0.49348267380664307,-0.02607078133437491
43,5,136,0,inner_oof,f1_f2,0,0.44257231612928966,-0.2307289025141911
43,5,240,0,inner_oof,f1_f2,0,0.46586084485739215,-0.13676942182207344
43,5,58,1,inner_oof,f1_f2,1,0.5309165316617077,0.12382409456001986
43,5,153,0,inner_oof,f1_f3,1,0.6023628159277669,0.41531995631498303
43,5,294,0,inner_oof,f1_f3,1,0.5127892092095266,0.05116799776679089
43,5,179,0,inner_oof,f1_f3,0,0.4535726650681557,-0.18624584593065582
43,5,113,0,inner_oof,f1_f3,0,0.428510185528767,-0.28793215267769057
43,5,244,1,inner_oof,f1_f3,0,0.49860197729012623,-0.005592105412309704
43,5,234,1,inner_oof,f1_f3,0,0.4864738070292498,-0.05411797620848109
43,5,298,1,inner_oof,f1_f3,1,0.5273842125674808,0.10964656933382733
43,5,54,0,inner_oof,f1_f3,0,0.4221451096208796,-0.31397366585547243
43,5,125,1,inner_oof,f1_f3,0,0.49833894038751564,-0.0066442628930924695
43,5,172,0,inner_oof,f1_f3,0,0.4997328098932429,-0.0010687605287606258
43,5,243,0,inner_oof,f1_f3,1,0.5326477031208968,0.1307768795708168
43,5,176,1,inner_oof,f1_f3,1,0.6034124542969045,0.41970415378461845
43,5,44,1,inner_oof,f1_f3,1,0.5476012521129815,0.1909834034324206
43,5,219,1,inner_oof,f1_f3,1,0.5017363260095674,0.0069453319570012655
43,5,183,0,inner_oof,f1_f3,0,0.4435063124290331,-0.22694379270301704
43,5,1,1,inner_oof,f1_f3,0,0.4856892479401221,-0.05725864690300189
43,5,8,0,inner_oof,f1_f3,0,0.46596829419836894,-0.13633761774795938
43,5,141,1,inner_oof,f1_f3,1,0.593088911509917,0.3767496170718621
43,5,36,1,inner_oof,f1_f3,1,0.5675871727124291,0.27201359521039664
43,5,82,0,inner_oof,f1_f3,1,0.5142411954409009,0.056980193427553796
43,5,112,1,inner_oof,f1_f3,1,0.5208587370305379,0.08348340066519408
43,5,192,0,inner_oof,f1_f3,1,0.512853312404633,0.05142457925988546
43,5,266,1,inner_oof,f1_f3,1,0.5874377250691486,0.3533830766083092
43,5,10,1,inner_oof,f1_f3,0,0.44414640317210113,-0.22435069956427914
43,5,280,1,inner_oof,f1_f3,1,0.6350706213350168,0.5540323556570244
43,5,241,1,inner_oof,f1_f3,1,0.5132471085842248,0.05300083785771323
43,5,174,0,inner_oof,f1_f3,0,0.33851703433332425,-0.6699098180729183
43,5,59,0,inner_oof,f1_f3,1,0.5016474767729349,0.006589930940151131
43,5,0,0,inner_oof,f1_f3,0,0.49705197563627646,-0.011792234102174476
43,5,251,1,inner_oof,f1_f3,0,0.4990901351249817,-0.0036394635173364782
43,5,224,1,inner_oof,f1_f3,0,0.4599023557810473,-0.16073574893010387
43,5,272,0,inner_oof,f1_f3,1,0.5031469213640388,0.012587851669819159
43,5,100,1,inner_oof,f1_f3,1,0.5246039672924935,0.09849542018963811
43,5,27,0,inner_oof,f1_f3,0,0.42790765484345417,-0.2903930083399546
43,5,108,1,inner_oof,f1_f3,1,0.5511084436178286,0.2051502661246046
43,5,189,0,inner_oof,f1_f3,0,0.47798640121033087,-0.08811135612852083
43,5,216,1,inner_oof,f1_f3,0,0.4840333684689091,-0.063888248357375
43,5,31,0,inner_oof,f1_f3,0,0.33005702857451014,-0.7079271380948602
43,5,190,0,inner_oof,f1_f3,1,0.5700148967419921,0.2819119306206892
43,5,71,1,inner_oof,f1_f3,1,0.5558892539197618,0.22449513137449412
43,5,248,1,inner_oof,f1_f3,1,0.5635301637069916,0.25550159192724414
43,5,72,0,inner_oof,f1_f3,0,0.4553118688039789,-0.17923078443928375
43,5,21,0,inner_oof,f1_f3,0,0.48865672394235193,-0.04538089083972043
43,5,255,1,inner_oof,f1_f3,0,0.411639548300573,-0.3571916895264797
43,5,161,1,inner_oof,f1_f3,0,0.4964488238571017,-0.014204943423391635
43,5,142,1,inner_oof,f1_f3,0,0.49427274993666687,-0.022910002261718063
43,5,96,1,inner_oof,f1_f3,1,0.5232580689639086,0.09309946266523922
43,5,99,0,inner_oof,f1_f3,1,0.5194368116297394,0.07778644487241142
43,5,239,0,inner_oof,f1_f3,0,0.46504901557768713,-0.14003231491999402
43,5,94,0,inner_oof,f1_f3,0,0.47392899704782654,-0.10437867501203241
43,5,122,1,inner_oof,f1_f3,1,0.5097894668811762,0.0391628721982791
43,5,124,1,inner_oof,f1_f3,1,0.5495071669900529,0.19867964855275616
43,5,52,0,inner_oof,f1_f3,0,0.49979313590610996,-0.0008274564227724185
43,5,238,0,inner_oof,f1_f3,1,0.5794651545326711,0.32057818801630605
43,5,204,1,inner_oof,f1_f3,1,0.5185747918331379,0.07433337554805078
43,5,211,1,inner_oof,f1_f3,1,0.5722447427784176,0.29101556875517254
43,5,185,0,inner_oof,f1_f3,1,0.5369832714103142,0.14820375779075043
43,5,18,0,inner_oof,f1_f3,0,0.4479259984644404,-0.2090540612726615
43,5,311,0,inner_oof,f1_f3,0,0.43878314330293033,-0.24610207243860147
43,5,136,0,inner_oof,f1_f3,1,0.5210337367978702,0.08418463038542061
43,5,240,0,inner_oof,f1_f3,0,0.49629639700075123,-0.014814682945217608
43,5,58,1,inner_oof,f1_f3,1,0.5322157747617029,0.12904186635394127
43,5,153,0,inner_oof,f2_f3,1,0.5963850133606458,0.3904250338747924
43,5,294,0,inner_oof,f2_f3,0,0.46558901915955714,-0.13786185813138696
43,5,179,0,inner_oof,f2_f3,0,0.4085670943617609,-0.3698920996141912
43,5,113,0,inner_oof,f2_f3,0,0.43726081322153126,-0.25228642097794823
43,5,244,1,inner_oof,f2_f3,1,0.6230592249787549,0.5025534987676299
43,5,234,1,inner_oof,f2_f3,1,0.511791927604069,0.04717645820139013
43,5,298,1,inner_oof,f2_f3,1,0.5737429973485625,0.29713909927274973
43,5,54,0,inner_oof,f2_f3,0,0.37093435339806746,-0.5282105159392367
43,5,125,1,inner_oof,f2_f3,0,0.4741848080504067,-0.10335266878850578
43,5,172,0,inner_oof,f2_f3,1,0.5621817677996738,0.25002139858415706
43,5,243,0,inner_oof,f2_f3,1,0.5588409318470726,0.23645936507740423
43,5,176,1,inner_oof,f2_f3,1,0.6450170860888091,0.597207148015579
43,5,44,1,inner_oof,f2_f3,1,0.5430000338569806,0.17242606547674225
43,5,219,1,inner_oof,f2_f3,1,0.5299477445116899,0.11993453601049542
43,5,183,0,inner_oof,f2_f3,0,0.38286700564940856,-0.47739686553642857
43,5,1,1,inner_oof,f2_f3,0,0.4467393840989949,-0.21385377575216669
43,5,8,0,inner_oof,f2_f3,0,0.4854643856001206,-0.05815884534492915
43,5,141,1,inner_oof,f2_f3,1,0.5642124716088894,0.25827609890059355
43,5,36,1,inner_oof,f2_f3,1,0.5727447645326409,0.2930586045684444
43,5,82,0,inner_oof,f2_f3,0,0.48683616570442034,-0.052667508192284065
43,5,112,1,inner_oof,f2_f3,1,0.5504554952960816,0.20251125038285822
43,5,192,0,inner_oof,f2_f3,1,0.5695309635988849,0.2799377546603715
43,5,266,1,inner_oof,f2_f3,1,0.5702900857190102,0.28303479060627024
43,5,10,1,inner_oof,f2_f3,0,0.3970307918060184,-0.41785229216473213
43,5,280,1,inner_oof,f2_f3,1,0.62117536684452,0.4945400476951852
43,5,241,1,inner_oof,f2_f3,1,0.5263233020660892,0.10539064952459351
43,5,174,0,inner_oof,f2_f3,0,0.3774643935629201,-0.5003245832458869
43,5,59,0,inner_oof,f2_f3,0,0.47638279355403257,-0.09453917612598783
43,5,0,0,inner_oof,f2_f3,0,0.46529535474517913,-0.1390421540614575
43,5,251,1,inner_oof,f2_f3,1,0.5249826277822878,0.10001379564985763
43,5,224,1,inner_oof,f2_f3,0,0.4870300536470203,-0.051891426368043614
43,5,272,0,inner_oof,f2_f3,0,0.49714928433653094,-0.011402986211317249
43,5,100,1,inner_oof,f2_f3,1,0.5913697810532456,0.3696308718728193
43,5,27,0,inner_oof,f2_f3,0,0.4444487221433889,-0.22312622665015913
43,5,108,1,inner_oof,f2_f3,1,0.6049423274251161,0.42610136615501804
43,5,189,0,inner_oof,f2_f3,0,0.43630543202535504,-0.2561700284055827
43,5,216,1,inner_oof,f2_f3,0,0.4393200294805199,-0.24392213618988506
43,5,31,0,inner_oof,f2_f3,0,0.2838357396982989,-0.9255138649883323
43,5,190,0,inner_oof,f2_f3,1,0.676470378061537,0.7375979828113244
43,5,71,1,inner_oof,f2_f3,0,0.4145557786186292,-0.34516337789563417
43,5,248,1,inner_oof,f2_f3,1,0.5997317473151187,0.4043475133872316
43,5,72,0,inner_oof,f2_f3,0,0.4482603897377433,-0.2077019237814524
43,5,21,0,inner_oof,f2_f3,0,0.4619073957031994,-0.15266624350571825
43,5,255,1,inner_oof,f2_f3,0,0.35010488237417897,-0.6185782188520057
43,5,161,1,inner_oof,f2_f3,1,0.5317027516385145,0.12698135529878007
43,5,142,1,inner_oof,f2_f3,0,0.47373023105634693,-0.10517592309465462
43,5,96,1,inner_oof,f2_f3,1,0.5487306303987232,0.19554323303751175
43,5,99,0,inner_oof,f2_f3,1,0.5503388009046505,0.20203968191975102
43,5,239,0,inner_oof,f2_f3,0,0.4738258023021239,-0.1047925837855704
43,5,94,0,inner_oof,f2_f3,0,0.4318934899142458,-0.2741299121775498
43,5,122,1,inner_oof,f2_f3,1,0.5871093251684437,0.3520281983171533
43,5,124,1,inner_oof,f2_f3,1,0.577720616024634,0.3134232462211658
43,5,52,0,inner_oof,f2_f3,0,0.45201866060237794,-0.1925177706755219
43,5,238,0,inner_oof,f2_f3,1,0.6133610220256519,0.4614623213417298
43,5,204,1,inner_oof,f2_f3,1,0.5605091766191238,0.24322877735223258
43,5,211,1,inner_oof,f2_f3,1,0.6047731864240301,0.42539367757669655
43,5,185,0,inner_oof,f2_f3,1,0.5363797515977297,0.14577661503387027
43,5,18,0,inner_oof,f2_f3,1,0.5186179341967048,0.07450618404822923
43,5,311,0,inner_oof,f2_f3,0,0.442474918542146,-0.2311237099035079
43,5,136,0,inner_oof,f2_f3,0,0.47066856004067187,-0.11746062410325249
43,5,240,0,inner_oof,f2_f3,0,0.468417462850094,-0.12649856374841287
43,5,58,1,inner_oof,f2_f3,1,0.5606955425009258,0.24398535546296274
43,5,153,0,inner_oof,f1_f2_f3,1,0.6221735635806596,0.4987841676806871
43,5,294,0,inner_oof,f1_f2_f3,0,0.4796283406804566,-0.08153177200330318
43,5,179,0,inner_oof,f1_f2_f3,0,0.4020372861932514,-0.39698356447061317
43,5,113,0,inner_oof,f1_f2_f3,0,0.4398736328576403,-0.2416749262719224
43,5,244,1,inner_oof,f1_f2_f3,1,0.6140521350385735,0.46437753955274724
43,5,234,1,inner_oof,f1_f2_f3,1,0.5179838009432877,0.07196624797289669
43,5,298,1,inner_oof,f1_f2_f3,1,0.5693140322809673,0.27905297260464634
43,5,54,0,inner_oof,f1_f2_f3,0,0.370677666044265,-0.5293107197780358
43,5,125,1,inner_oof,f1_f2_f3,0,0.4746732439676787,-0.1013938015470039
43,5,172,0,inner_oof,f1_f2_f3,1,0.5700970383763245,0.2822470765268805
43,5,243,0,inner_oof,f1_f2_f3,1,0.561150888992197,0.24583419038900284
43,5,176,1,inner_oof,f1_f2_f3,1,0.6256012714929086,0.5133918731503658
43,5,44,1,inner_oof,f1_f2_f3,1,0.5422438580643415,0.16937922175422418
43,5,219,1,inner_oof,f1_f2_f3,1,0.5445194931642814,0.1785508211577114
43,5,183,0,inner_oof,f1_f2_f3,0,0.39629752584362093,-0.42091622707805976
43,5,1,1,inner_oof,f1_f2_f3,0,0.47278582406609365,-0.1089643892248679
43,5,8,0,inner_oof,f1_f2_f3,0,0.46751275491499794,-0.13013231280749207
43,5,141,1,inner_oof,f1_f2_f3,1,0.5577385437990307,0.2319890560137449
43,5,36,1,inner_oof,f1_f2_f3,1,0.5714862576846615,0.2879176286285081
43,5,82,0,inner_oof,f1_f2_f3,0,0.4839359068742562,-0.06427849511765049
43,5,112,1,inner_oof,f1_f2_f3,1,0.5476440843266335,0.19115630075530676
43,5,192,0,inner_oof,f1_f2_f3,1,0.5758098210497651,0.3055955444585081
43,5,266,1,inner_oof,f1_f2_f3,1,0.5721300774899482,0.29054714370577484
43,5,10,1,inner_oof,f1_f2_f3,0,0.39158893624876745,-0.44063808764245826
43,5,280,1,inner_oof,f1_f2_f3,1,0.6177721386674927,0.4801027554019268
43,5,241,1,inner_oof,f1_f2_f3,1,0.521559380423519,0.08629102645163328
43,5,174,0,inner_oof,f1_f2_f3,0,0.3826764683601314,-0.478203346873859
43,5,59,0,inner_oof,f1_f2_f3,0,0.47174822143598627,-0.11312760928821414
43,5,0,0,inner_oof,f1_f2_f3,0,0.4568858260257737,-0.1728860369382743
43,5,251,1,inner_oof,f1_f2_f3,1,0.5194384726083141,0.077793098842774
43,5,224,1,inner_oof,f1_f2_f3,0,0.48324719152009615,-0.06703632701660216
43,5,272,0,inner_oof,f1_f2_f3,0,0.49698372812462793,-0.012065233860565964
43,5,100,1,inner_oof,f1_f2_f3,1,0.5957362191421608,0.3877303959484453
43,5,27,0,inner_oof,f1_f2_f3,0,0.4535278311514969,-0.18642674279484403
43,5,108,1,inner_oof,f1_f2_f3,1,0.5993581717117097,0.402791536969638
43,5,189,0,inner_oof,f1_f2_f3,0,0.4327442843221542,-0.2706632135634704
43,5,216,1,inner_oof,f1_f2_f3,0,0.463357420222836,-0.14683356370250447
43,5,31,0,inner_oof,f1_f2_f3,0,0.29564839391757985,-0.8681067820626095
43,5,190,0,inner_oof,f1_f2_f3,1,0.6567098707604442,0.6486663764647982
43,5,71,1,inner_oof,f1_f2_f3,0,0.4346672316197929,-0.2628337747993441
43,5,248,1,inner_oof,f1_f2_f3,1,0.596807977095143,0.39218248314722226
43,5,72,0,inner_oof,f1_f2_f3,0,0.44731703939150086,-0.21151692540536984
43,5,21,0,inner_oof,f1_f2_f3,0,0.4579683621139536,-0.16852426884516744
43,5,255,1,inner_oof,f1_f2_f3,0,0.33866827372412217,-0.6692344844399104
43,5,161,1,inner_oof,f1_f2_f3,1,0.5243888577916641,0.0976329118968991
43,5,142,1,inner_oof,f1_f2_f3,0,0.4840812855830434,-0.06369638483779093
43,5,96,1,inner_oof,f1_f2_f3,1,0.5537761981893587,0.21594000679684358
43,5,99,0,inner_oof,f1_f2_f3,1,0.5445996226731808,0.17887390519751412
43,5,239,0,inner_oof,f1_f2_f3,0,0.464083797742718,-0.14391267527260196
43,5,94,0,inner_oof,f1_f2_f3,0,0.40933280169291414,-0.36672422132261884
43,5,122,1,inner_oof,f1_f2_f3,1,0.5866901811331733,0.3502994015634846
43,5,124,1,inner_oof,f1_f2_f3,1,0.5962367869562111,0.38980928190941533
43,5,52,0,inner_oof,f1_f2_f3,0,0.4476399917361232,-0.2102107030893465
43,5,238,0,inner_oof,f1_f2_f3,1,0.6177999821469856,0.4802206730694009
43,5,204,1,inner_oof,f1_f2_f3,1,0.569552853785438,0.28002704262042216
43,5,211,1,inner_oof,f1_f2_f3,1,0.6106379997420909,0.4499948090014242
43,5,185,0,inner_oof,f1_f2_f3,1,0.5145031574081954,0.05802890780828446
43,5,18,0,inner_oof,f1_f2_f3,1,0.5263857858508383,0.1056412809802473
43,5,311,0,inner_oof,f1_f2_f3,0,0.44104595304531713,-0.23691819203541833
43,5,136,0,inner_oof,f1_f2_f3,0,0.47751904274115586,-0.08998449852541042
43,5,240,0,inner_oof,f1_f2_f3,0,0.4666535122815134,-0.1335842451579957
43,5,58,1,inner_oof,f1_f2_f3,1,0.5656495297401245,0.264122937629882
44,1,115,0,in_sample,f1,1,0.564473959514415,0.2593396633865699
44,1,51,0,in_sample,f1,0,0.4795545164493296,-0.08182756172561019
44,1,82,0,in_sample,f1,0,0.425821118625045,-0.2989216390440746
44,1,122,1,in_sample,f1,0,0.4570907937662494,-0.17206005367015118
44,1,110,1,in_sample,f1,0,0.2493017722679161,-1.1023396442746711
44,1,3,1,in_sample,f1,1,0.5602986380960343,0.2423741503689802
44,1,80,0,in_sample,f1,1,0.8248503483705217,1.549561213308268
44,1,170,1,in_sample,f1,0,0.4877440811108707,-0.04903349739897012
44,1,193,1,in_sample,f1,1,0.5320958211014981,0.12856005896438935
44,1,227,0,in_sample,f1,1,0.5179917699654624,0.07199816537042282
44,1,293,1,in_sample,f1,1,0.6455783089754951,0.5996590963697277
44,1,262,1,in_sample,f1,0,0.4639255718964564,-0.1445488758686344
44,1,145,1,in_sample,f1,0,0.47838366816721695,-0.08651925754413273
44,1,296,0,in_sample,f1,1,0.606668838407553,0.4333311637877707
44,1,39,1,in_sample,f1,0,0.43224328592719363,-0.27270441507497767
44,1,58,1,in_sample,f1,1,0.5078067661192007,0.031229602384157437
44,1,172,0,in_sample,f1,0,0.3837747722489437,-0.4735566762637
44,1,216,1,in_sample,f1,0,0.38390176463417525,-0.4730197252208054
44,1,234,1,in_sample,f1,1,0.5793033668578176,0.3199143024527428
44,1,260,0,in_sample,f1,0,0.2736807728955988,-0.976027260187063
44,1,167,0,in_sample,f1,0,0.42207373215381216,-0.31426627673765983
44,1,283,0,in_sample,f1,1,0.5530102425948458,0.21284084295352923
44,1,285,0,in_sample,f1,1,0.5177833740682899,0.07116351353130917
44,1,93,0,in_sample,f1,1,0.576562633295415,0.308678369144329
44,1,269,0,in_sample,f1,1,0.7648106749468369,1.1792374911520223
44,1,139,0,in_sample,f1,0,0.3872396844078857,-0.4589300163047155
44,1,52,0,in_sample,f1,1,0.5490506712085959,0.19683575435561687
44,1,273,1,in_sample,f1,1,0.6680416509931583,0.6993410171313119
44,1,140,1,in_sample,f1,1,0.6481867673958261,0.6110784305212014
44,1,291,1,in_sample,f1,1,0.7742657667784085,1.2325568344899873
44,1,202,0,in_sample,f1,1,0.5613095168425649,0.24647836215088437
44,1,242,1,in_sample,f1,0,0.4843877138915048,-0.06246945174360776
44,1,212,1,in_sample,f1,0,0.44554415593922564,-0.21869081416495503
44,1,268,1,in_sample,f1,1,0.7057635015545856,0.8748963372898104
44,1,277,1,in_sample,f1,0,0.498457918102927,-0.006168347146250561
44,1,203,0,in_sample,f1,1,0.6276652603222775,0.5222137118902463
44,1,143,1,in_sample,f1,1,0.5634252119917884,0.25507490791373943
44,1,295,1,in_sample,f1,1,0.6857537288480693,0.7803415858881748
44,1,313,0,in_sample,f1,0,0.337582164197816,-0.6740875985798377
44,1,163,1,in_sample,f1,0,0.4036203464676871,-0.39040276717043254
44,1,306,0,in_sample,f1,0,0.4972233844343081,-0.011106576433299986
44,1,186,0,in_sample,f1,0,0.4197200792521742,-0.32392259798371936
44,1,198,0,in_sample,f1,0,0.39170145652764826,-0.4401658277581658
44,1,125,1,in_sample,f1,1,0.5574417760506452,0.2307860249642529
44,1,244,1,in_sample,f1,1,0.58652315205911,0.34961061983921926
44,1,299,1,in_sample,f1,0,0.38306247589356,-0.476569662937348
44,1,118,0,in_sample,f1,0,0.3027440042884046,-0.8342650474850458
44,1,209,0,in_sample,f1,0,0.485359151571656,-0.058580140094237086
44,1,221,1,in_sample,f1,0,0.3881959724071073,-0.4549017192456428
44,1,12,0,in_sample,f1,0,0.32810364201746495,-0.7167745592029634
44,1,130,1,in_sample,f1,1,0.5655652675370471,0.26377998407455905
44,1,179,0,in_sample,f1,1,0.6891014442287422,0.7959218224418505
44,1,131,1,in_sample,f1,1,0.5732839525996805,0.29526235060030703
44,1,50,1,in_sample,f1,0,0.4808753019849317,-0.07653613116887845
44,1,75,0,in_sample,f1,0,0.3772343529649812,-0.5013036593147566
44,1,144,1,in_sample,f1,0,0.42755225554840687,-0.2918449390877415
44,1,25,0,in_sample,f1,1,0.5757834384432116,0.30548753184667704
44,1,286,0,in_sample,f1,1,0.5627725628908921,0.2524220622110745
44,1,105,0,in_sample,f1,1,0.5542438607677728,0.21783274232366934
44,1,189,0,in_sample,f1,1,0.5491830260931461,0.19737033250094055
44,1,166,1,in_sample,f1,0,0.478416225647429,-0.08638878412733143
44,1,294,0,in_sample,f1,1,0.6652915996907159,0.6869657343919131
44,1,87,1,in_sample,f1,0,0.3840154408682503,-0.4725391345010873
44,1,191,0,in_sample,f1,1,0.5532234716270409,0.21370349463960656
44,1,115,0,in_sample,f2,1,0.6645845385517695,0.6837921444978403
44,1,51,0,in_sample,f2,0,0.4833566068904826,-0.06659817686168051
44,1,82,0,in_sample,f2,0,0.2965569145235292,-0.8637478167642595
44,1,122,1,in_sample,f2,0,0.4833683907828032,-0.06655098904482887
44,1,110,1,in_sample,f2,0,0.35260062222600486,-0.6076273457346943
44,1,3,1,in_sample,f2,1,0.5259541677966775,0.10391006604223718
44,1,80,0,in_sample,f2,0,0.27038724059229013,-0.9926587709337213
44,1,170,1,in_sample,f2,1,0.6075628022072859,0.4370790291940033
44,1,193,1,in_sample,f2,1,0.6685449090977454,0.701611245132912
44,1,227,0,in_sample,f2,1,0.5104577139244098,0.041836957006510675
44,1,293,1,in_sample,f2,1,0.5498223662012145,0.199953008867645
44,1,262,1,in_sample,f2,0,0.43246662554175425,-0.27179440022738516
44,1,145,1,in_sample,f2,0,0.2212341559253737,-1.258488745728811
44,1,296,0,in_sample,f2,1,0.7045506813592427,0.8690629566103751
44,1,39,1,in_sample,f2,1,0.7208949718035128,0.9489053003662185
44,1,58,1,in_sample,f2,1,0.5852096305765162,0.34419686721996107
44,1,172,0,in_sample,f2,1,0.6496552084210042,0.6175239851994855
44,1,216,1,in_sample,f2,0,0.24910323599248324,-1.1034007646909498
44,1,234,1,in_sample,f2,0,0.4166121139091803,-0.3366966864510214
44,1,260,0,in_sample,f2,0,0.2628310396326771,-1.0313057292730217
44,1,167,0,in_sample,f2,1,0.5746012606116302,0.3006494010312477
44,1,283,0,in_sample,f2,0,0.22395167465985924,-1.2427845027124835
44,1,285,0,in_sample,f2,0,0.3615739824172014,-0.5685391250146425
44,1,93,0,in_sample,f2,0,0.23415491732126498,-1.184996971212696
44,1,269,0,in_sample,f2,0,0.41128994223660753,-0.358635379246181
44,1,139,0,in_sample,f2,0,0.4875864952689904,-0.04966422461998799
44,1,52,0,in_sample,f2,0,0.4285199392047663,-0.2878923238572589
44,1,273,1,in_sample,f2,0,0.2998257999825866,-0.8481275219720525
44,1,140,1,in_sample,f2,0,0.1182867372641031,-2.008755250551212
44,1,291,1,in_sample,f2,1,0.5968584532489339,0.39239225563341373
44,1,202,0,in_sample,f2,0,0.13536927667448728,-1.8542960794685035
44,1,242,1,in_sample,f2,0,0.365357891199524,-0.5521838348003548
44,1,212,1,in_sample,f2,1,0.6375060801760488,0.5645561132635385
44,1,268,1,in_sample,f2,1,0.7211011387536588,0.9499301915037918
44,1,277,1,in_sample,f2,1,0.8202810934316868,1.518253078285949
44,1,203,0,in_sample,f2,1,0.7659476267302563,1.1855688872818892
44,1,143,1,in_sample,f2,0,0.3892964182366291,-0.45027065117309506
44,1,295,1,in_sample,f2,0,0.39827392667800215,-0.41266228751951706
44,1,313,0,in_sample,f2,0,0.201414777545349,-1.377475338442975
44,1,163,1,in_sample,f2,0,0.09806522736066309,-2.2189093607209602
44,1,306,0,in_sample,f2,1,0.6360135145463623,0.5581030733282301
44,1,186,0,in_sample,f2,1,0.763207146061727,1.1703437584497078
44,1,198,0,in_sample,f2,0,0.2199829423501077,-1.265765779652284
44,1,125,1,in_sample,f2,1,0.7346053198168548,1.0181152979739996
44,1,244,1,in_sample,f2,1,0.9462608904347595,2.868377279992083
44,1,299,1,in_sample,f2,0,0.290774239901905,-0.8916267381161744
44,1,118,0,in_sample,f2,0,0.3264769177970673,-0.7241630169361841
44,1,209,0,in_sample,f2,0,0.29580848517729996,-0.8673381218758999
44,1,221,1,in_sample,f2,1,0.8609627161695139,1.8233090743910942
44,1,12,0,in_sample,f2,0,0.2361671835936786,-1.1738089792440238
44,1,130,1,in_sample,f2,1,0.6075468790414852,0.43701224634302926
44,1,179,0,in_sample,f2,0,0.14047587551099852,-1.8113431229962007
44,1,131,1,in_sample,f2,0,0.3006634968357092,-0.8441403442606913
44,1,50,1,in_sample,f2,0,0.3173327078885185,-0.7660568384880263
44,1,75,0,in_sample,f2,1,0.7012604347235006,0.8533071622113585
44,1,144,1,in_sample,f2,1,0.5371524469062122,0.14888419956020552
44,1,25,0,in_sample,f2,0,0.3574608038206286,-0.5864021041746313
44,1,286,0,in_sample,f2,0,0.30186917193010837,-0.8384127999791307
44,1,105,0,in_sample,f2,0,0.4201676583512993,-0.3220851774554976
44,1,189,0,in_sample,f2,1,0.6581728610795218,0.6551624361008338
44,1,166,1,in_sample,f2,1,0.6171854655088876,0.4776189433853925
44,1,294,0,in_sample,f2,0,0.27424618718572635,-0.9731846601472542
44,1,87,1,in_sample,f2,1,0.5487252131848401,0.19552135640557322
44,1,191,0,in_sample,f2,1,0.6534131454418503,0.6340761677611017
44,1,115,0,in_sample,f3,0,0.4724368224980323,-0.11036459695979732
44,1,51,0,in_sample,f3,1,0.8285167920199916,1.5751517554802632
44,1,82,0,in_sample,f3,1,0.6454319712975974,0.5990195875818962
44,1,122,1,in_sample,f3,1,0.5992032646983818,0.4021464763342721
44,1,110,1,in_sample,f3,0,0.05628167239167581,-2.8194587924859986
44,1,3,1,in_sample,f3,1,0.5652727487907007,0.2625895301646022
44,1,80,0,in_sample,f3,1,0.6836916504969773,0.7707894852328941
44,1,170,1,in_sample,f3,1,0.6280402315287431,0.5238185282063367
44,1,193,1,in_sample,f3,1,0.8165562760825594,1.4931878947809154
44,1,227,0,in_sample,f3,1,0.6387991272170275,0.5701558121721635
44,1,293,1,in_sample,f3,1,0.878848627575999,1.9815718975420806
44,1,262,1,in_sample,f3,1,0.8157053656803521,1.4875174678780372
44,1,145,1,in_sample,f3,1,0.6671846081728617,0.695478824134995
44,1,296,0,in_sample,f3,1,0.6689684801114789,0.7035233469951206
44,1,39,1,in_sample,f3,1,0.7589311098645247,1.1468282651068988
44,1,58,1,in_sample,f3,1,0.6192871189537638,0.4865235103853054
44,1,172,0,in_sample,f3,1,0.5171141039660193,0.06848316850484655
44,1,216,1,in_sample,f3,0,0.3737188860844882,-0.5162954607588262
44,1,234,1,in_sample,f3,1,0.7393032348933852,1.0423502557978175
44,1,260,0,in_sample,f3,0,0.21385409134815062,-1.3018484432689916
44,1,167,0,in_sample,f3,1,0.7735536838970859,1.228487169647067
44,1,283,0,in_sample,f3,0,0.4799041413162397,-0.08042675984193899
44,1,285,0,in_sample,f3,0,0.09161077261844634,-2.2941240814980057
44,1,93,0,in_sample,f3,0,0.2565959125383514,-1.0637372334403168
44,1,269,0,in_sample,f3,1,0.8038917370656699,1.4107977360764794
44,1,139,0,in_sample,f3,0,0.3425573515998905,-0.6519184398687561
44,1,52,0,in_sample,f3,1,0.5158735933831562,0.0635157180934038
44,1,273,1,in_sample,f3,1,0.692594356448827,0.8122762936610846
44,1,140,1,in_sample,f3,1,0.6208119356388532,0.4929959008619328
44,1,291,1,in_sample,f3,1,0.7065877000683386,0.8788685406800312
44,1,202,0,in_sample,f3,0,0.108060972345546,-2.110702149020315
44,1,242,1,in_sample,f3,1,0.752176223457985,1.110252721076515
44,1,212,1,in_sample,f3,1,0.7478343421216722,1.0870952416253061
44,1,268,1,in_sample,f3,1,0.8182565686288219,1.5045799662550854
44,1,277,1,in_sample,f3,1,0.7765880479743931,1.2458926412176703
44,1,203,0,in_sample,f3,0,0.39570264355679957,-0.42340335970238924
44,1,143,1,in_sample,f3,1,0.9012720297332187,2.2114388388445674
44,1,295,1,in_sample,f3,1,0.6261863734264013,0.5158906993783874
44,1,313,0,in_sample,f3,0,0.028096727811030793,-3.543603163746609
44,1,163,1,in_sample,f3,0,0.46073697769950905,-0.15737610100607966
44,1,306,0,in_sample,f3,1,0.7385977089598375,1.0386928348938442
44,1,186,0,in_sample,f3,1,0.7076984902194589,0.8842323044386253
44,1,198,0,in_sample,f3,1,0.7800357598549588,1.2658747762553813
44,1,125,1,in_sample,f3,1,0.7298237406776146,0.9937284955476222
44,1,244,1,in_sample,f3,0,0.38511472529878044,-0.46789442751624755
44,1,299,1,in_sample,f3,1,0.9678749000446638,3.4054651887732046
44,1,118,0,in_sample,f3,1,0.973977538366762,3.622428168113931
44,1,209,0,in_sample,f3,0,0.2188210088090885,-1.27255022138268
44,1,221,1,in_sample,f3,1,0.8624791277971631,1.836035245531921
44,1,12,0,in_sample,f3,1,0.7630462710853986,1.1694537876433575
44,1,130,1,in_sample,f3,0,0.254403991421643,-1.0752603891621217
44,1,179,0,in_sample,f3,0,0.2653433890898175,-1.01837839896434
44,1,131,1,in_sample,f3,1,0.7209220142507101,0.9490397065431017
44,1,50,1,in_sample,f3,1,0.9470048361058199,2.883103537828152
44,1,75,0,in_sample,f3,0,0.05105633990275853,-2.922419702230977
44,1,144,1,in_sample,f3,0,0.34618997551093983,-0.6358291402777856
44,1,25,0,in_sample,f3,0,0.12773240337110797,-1.9211587767953962
44,1,286,0,in_sample,f3,1,0.8592057784785176,1.808709046597871
44,1,105,0,in_sample,f3,1,0.6618844248241814,0.6717031804121594
44,1,189,0,in_sample,f3,0,0.32765138730471166,-0.718826775318707
44,1,166,1,in_sample,f3,1,0.6910260669934973,0.8049206324986936
44,1,294,0,in_sample,f3,1,0.64551362967721,0.5993764273535627
44,1,87,1,in_sample,f3,1,0.5511428852569848,0.2052894882956204
44,1,191,0,in_sample,f3,1,0.8190496307677119,1.5099218907162433
44,1,115,0,in_sample,f1_f2,1,0.7207788442208708,0.9483282145829164
44,1,51,0,in_sample,f1_f2,0,0.46740774285474285,-0.1305541476648133
44,1,82,0,in_sample,f1_f2,0,0.2432026670139895,-1.1352003772920487
44,1,122,1,in_sample,f1_f2,0,0.44563120471856227,-0.21833844602046434
44,1,110,1,in_sample,f1_f2,0,0.15944744658261148,-1.6623450978466667
44,1,3,1,in_sample,f1_f2,1,0.5877595482852713,0.35471113299967477
44,1,80,0,in_sample,f1_f2,1,0.6308344338735732,0.5357982091242337
44,1,170,1,in_sample,f1_f2,1,0.5993195242513738,0.40263059426467124
44,1,193,1,in_sample,f1_f2,1,0.6982045350202478,0.8387625703062644
44,1,227,0,in_sample,f1_f2,1,0.5317306744590263,0.12709349781988205
44,1,293,1,in_sample,f1_f2,1,0.6895616590728985,0.7980708173026096
44,1,262,1,in_sample,f1_f2,0,0.40231723842830797,-0.39581918641943287
44,1,145,1,in_sample,f1_f2,0,0.210602165899194,-1.3212995354279742
44,1,296,0,in_sample,f1_f2,1,0.7861835647119069,1.302072440161474
44,1,39,1,in_sample,f1_f2,1,0.6669195367364602,0.694285311846352
44,1,58,1,in_sample,f1_f2,1,0.5958783841364034,0.3883207307549592
44,1,172,0,in_sample,f1_f2,1,0.5421459676063425,0.1689848513558727
44,1,216,1,in_sample,f1_f2,0,0.17607494181762184,-1.5431698667750464
44,1,234,1,in_sample,f1_f2,0,0.4979231696084759,-0.008307369341714554
44,1,260,0,in_sample,f1_f2,0,0.12335431977509653,-1.9610420344770534
44,1,167,0,in_sample,f1_f2,1,0.5021700574453518,0.008680284284020678
44,1,283,0,in_sample,f1_f2,0,0.2661436877032379,-1.0142769073645452
44,1,285,0,in_sample,f1_f2,0,0.38197591915680124,-0.481169854701237
44,1,93,0,in_sample,f1_f2,0,0.2966129577538216,-0.8634791818807874
44,1,269,0,in_sample,f1_f2,1,0.6913235466176151,0.8063142918324997
44,1,139,0,in_sample,f1_f2,0,0.382070671387173,-0.4807685007963777
44,1,52,0,in_sample,f1_f2,0,0.48012544544543106,-0.07954012679556371
44,1,273,1,in_sample,f1_f2,0,0.4630779165095451,-0.14795766193507087
44,1,140,1,in_sample,f1_f2,0,0.19957751801090903,-1.3889369684395934
44,1,291,1,in_sample,f1_f2,1,0.8328056129370623,1.6056431272266498
44,1,202,0,in_sample,f1_f2,0,0.16936764725851267,-1.5901155018154787
44,1,242,1,in_sample,f1_f2,0,0.3554953833845896,-0.5949697225506183
44,1,212,1,in_sample,f1_f2,1,0.5900940756912064,0.36435429404836583
44,1,268,1,in_sample,f1_f2,1,0.8596476488107129,1.8123665396120352
44,1,277,1,in_sample,f1_f2,1,0.8205896693085077,1.5203476580899806
44,1,203,0,in_sample,f1_f2,1,0.8460015671968659,1.7035787863242506
44,1,143,1,in_sample,f1_f2,0,0.4540175557811725,-0.18445095536735928
44,1,295,1,in_sample,f1_f2,1,0.5900726363394785,0.36426565956210355
44,1,313,0,in_sample,f1_f2,0,0.1179853608470136,-2.0116480973971935
44,1,163,1,in_sample,f1_f2,0,0.07090209723257367,-2.5729141051217397
44,1,306,0,in_sample,f1_f2,1,0.6364507509166293,0.5599922665848275
44,1,186,0,in_sample,f1_f2,1,0.7036640705977142,0.8648073623835573
44,1,198,0,in_sample,f1_f2,0,0.15805426242511994,-1.6727771603425552
44,1,125,1,in_sample,f1_f2,1,0.7778628735543643,1.253255375697702
44,1,244,1,in_sample,f1_f2,1,0.9612205207909293,3.210312632416545
44,1,299,1,in_sample,f1_f2,0,0.20819067988127066,-1.3358662154426226
44,1,118,0,in_sample,f1_f2,0,0.17984741832327428,-1.5173815827360195
44,1,209,0,in_sample,f1_f2,0,0.28805938370098144,-0.9048278515720576
44,1,221,1,in_sample,f1_f2,1,0.8001368427077749,1.3871498475964303
44,1,12,0,in_sample,f1_f2,0,0.13581317125185507,-1.8505087819112964
44,1,130,1,in_sample,f1_f2,1,0.6697496853508311,0.7070531424611611
44,1,179,0,in_sample,f1_f2,0,0.26648179079497086,-1.012546508318849
44,1,131,1,in_sample,f1_f2,0,0.36881238501564934,-0.5373150749100094
44,1,50,1,in_sample,f1_f2,0,0.30544320111561,-0.8215101024367414
44,1,75,0,in_sample,f1_f2,1,0.5930599152051059,0.3766294685394426
44,1,144,1,in_sample,f1_f2,0,0.4699031970945411,-0.12053292699762133
44,1,25,0,in_sample,f1_f2,0,0.43269623662716933,-0.27085894836753405
44,1,286,0,in_sample,f1_f2,0,0.360472207890963,-0.5733152186731703
44,1,105,0,in_sample,f1_f2,0,0.4767340911944041,-0.09313089005596373
44,1,189,0,in_sample,f1_f2,1,0.702559415162822,0.859515484168714
44,1,166,1,in_sample,f1_f2,1,0.6002759476536,0.4066150223399171
44,1,294,0,in_sample,f1_f2,0,0.4293603376274434,-0.28446143208633745
44,1,87,1,in_sample,f1_f2,0,0.43782229152391006,-0.2500049062309728
44,1,191,0,in_sample,f1_f2,1,0.7014953541691983,0.8544287801771365
44,1,115,0,in_sample,f1_f3,1,0.5163148798434045,0.06528269481027404
44,1,51,0,in_sample,f1_f3,1,0.8117318135332551,1.4613025366368344
44,1,82,0,in_sample,f1_f3,1,0.5974101453967344,0.39468557502922214
44,1,122,1,in_sample,f1_f3,1,0.5709658584133067,0.28579291536764595
44,1,110,1,in_sample,f1_f3,0,0.033325724550380534,-3.3675319906549346
44,1,3,1,in_sample,f1_f3,1,0.6012346968064044,0.4106123375214009
44,1,80,0,in_sample,f1_f3,1,0.8467460800925529,1.7093047093265172
44,1,170,1,in_sample,f1_f3,1,0.6173898639740755,0.47848414551447044
44,1,193,1,in_sample,f1_f3,1,0.819661831797231,1.5140580543954383
44,1,227,0,in_sample,f1_f3,1,0.6452090050572302,0.5980454336989693
44,1,293,1,in_sample,f1_f3,1,0.9066468922494099,2.2733638995486096
44,1,262,1,in_sample,f1_f3,1,0.7922649994602352,1.33863269956686
44,1,145,1,in_sample,f1_f3,1,0.6499809080331695,0.6189552887292435
44,1,296,0,in_sample,f1_f3,1,0.7211647187401532,0.950246352193377
44,1,39,1,in_sample,f1_f3,1,0.7178358257491988,0.9337518082248274
44,1,58,1,in_sample,f1_f3,1,0.6207800372635848,0.49286039853994956
44,1,172,0,in_sample,f1_f3,0,0.4451489093379487,-0.22029091871615974
44,1,216,1,in_sample,f1_f3,0,0.3147552322084258,-0.7779808035150123
44,1,234,1,in_sample,f1_f3,1,0.7690523096180069,1.2029677537868266
44,1,260,0,in_sample,f1_f3,0,0.13696578084286473,-1.8407232219365117
44,1,167,0,in_sample,f1_f3,1,0.7282579067001587,0.9858018228187915
44,1,283,0,in_sample,f1_f3,1,0.5162204629652178,0.06490462709337277
44,1,285,0,in_sample,f1_f3,0,0.10567423283068493,-2.1357090148838154
44,1,93,0,in_sample,f1_f3,0,0.3070903391441203,-0.8137576625639966
44,1,269,0,in_sample,f1_f3,1,0.8898784020482491,2.089499635306762
44,1,139,0,in_sample,f1_f3,0,0.28933257085763436,-0.898627778814971
44,1,52,0,in_sample,f1_f3,1,0.5479269317508554,0.1922981196510208
44,1,273,1,in_sample,f1_f3,1,0.7719964523857583,1.219618766114006
44,1,140,1,in_sample,f1_f3,1,0.7026608954834456,0.8600011541679893
44,1,291,1,in_sample,f1_f3,1,0.8341181216417073,1.6150990660825013
44,1,202,0,in_sample,f1_f3,0,0.13569185453921553,-1.8515428155224714
44,1,242,1,in_sample,f1_f3,1,0.7368623895575127,1.0297240287768359
44,1,212,1,in_sample,f1_f3,1,0.7130770825710339,0.9103759254700413
44,1,268,1,in_sample,f1_f3,1,0.8796938613703287,1.9895343127830183
44,1,277,1,in_sample,f1_f3,1,0.7674925480914293,1.1942064943536475
44,1,203,0,in_sample,f1_f3,0,0.48255930533441677,-0.06979109305635178
44,1,143,1,in_sample,f1_f3,1,0.9070558564893738,2.27820532669619
44,1,295,1,in_sample,f1_f3,1,0.7285379375194121,0.9872173039160159
44,1,313,0,in_sample,f1_f3,0,0.022054172900216995,-3.7919524458238953
44,1,163,1,in_sample,f1_f3,0,0.4051499158402792,-0.3840522532212334
44,1,306,0,in_sample,f1_f3,1,0.7297613812322262,0.9934122637680596
44,1,186,0,in_sample,f1_f3,1,0.6573001837710484,0.6512859222184801
44,1,198,0,in_sample,f1_f3,1,0.7197263363780491,0.9431045554618949
44,1,125,1,in_sample,f1_f3,1,0.7504636908119053,1.101086837494282
44,1,244,1,in_sample,f1_f3,0,0.44529619700106254,-0.2196946110102765
44,1,299,1,in_sample,f1_f3,1,0.9508343019364607,2.9621436252411355
44,1,118,0,in_sample,f1_f3,1,0.9500982606141598,2.9465095518896396
44,1,209,0,in_sample,f1_f3,0,0.2241504730595626,-1.241641011739594
44,1,221,1,in_sample,f1_f3,1,0.814271214667729,1.4780060318476804
44,1,12,0,in_sample,f1_f3,1,0.663493576778432,0.6789019356809605
44,1,130,1,in_sample,f1_f3,0,0.29886603876894546,-0.8527035268424545
44,1,179,0,in_sample,f1_f3,0,0.38528917612849206,-0.4671577929629894
44,1,131,1,in_sample,f1_f3,1,0.7499939635384817,1.0985800944657946
44,1,50,1,in_sample,f1_f3,1,0.9377723384940397,2.7127075904204805
44,1,75,0,in_sample,f1_f3,0,0.04345389571286203,-3.0916284813838786
44,1,144,1,in_sample,f1_f3,0,0.31447903870752275,-0.7792616523013668
44,1,25,0,in_sample,f1_f3,0,0.1632917111443122,-1.6339372496233782
44,1,286,0,in_sample,f1_f3,1,0.8690118135780114,1.892249580474223
44,1,105,0,in_sample,f1_f3,1,0.6869139689680879,0.785731044960022
44,1,189,0,in_sample,f1_f3,0,0.36495581947330613,-0.5539182683876432
44,1,166,1,in_sample,f1_f3,1,0.6733709393186995,0.723471194634593
44,1,294,0,in_sample,f1_f3,1,0.7327765447555362,1.008755585731622
44,1,87,1,in_sample,f1_f3,0,0.477737166073697,-0.0891102549396228
44,1,191,0,in_sample,f1_f3,1,0.8296331406177323,1.5830294955375712
44,1,115,0,in_sample,f2_f3,1,0.6419874903232082,0.5840008890007862
44,1,51,0,in_sample,f2_f3,1,0.819178371774514,1.510790786349753
44,1,82,0,in_sample,f2_f3,0,0.4385963298194421,-0.24686073345234294
44,1,122,1,in_sample,f2_f3,1,0.5861843397399413,0.3482137034513104
44,1,110,1,in_sample,f2_f3,0,0.03288787423690787,-3.3812104153094493
44,1,3,1,in_sample,f2_f3,1,0.5935976210509845,0.3788579342214359
44,1,80,0,in_sample,f2_f3,0,0.44907929486892567,-0.2043914125425793
44,1,170,1,in_sample,f2_f3,1,0.7247250553608624,0.9680219520537459
44,1,193,1,in_sample,f2_f3,1,0.8994405910394144,2.191024317776159
44,1,227,0,in_sample,f2_f3,1,0.650712706693432,0.6221734604819974
44,1,293,1,in_sample,f2_f3,1,0.8982406630184583,2.177827447244871
44,1,262,1,in_sample,f2_f3,1,0.7721577732412316,1.220535497107473
44,1,145,1,in_sample,f2_f3,0,0.3675982790868682,-0.5425341175855003
44,1,296,0,in_sample,f2_f3,1,0.8284002397317002,1.5743316288976172
44,1,39,1,in_sample,f2_f3,1,0.8902068076620114,2.092855277303901
44,1,58,1,in_sample,f2_f3,1,0.6982523395279304,0.8389894486306816
44,1,172,0,in_sample,f2_f3,1,0.6672068151298615,0.6955788349328013
44,1,216,1,in_sample,f2_f3,0,0.16940415037737533,-1.5898560519670915
44,1,234,1,in_sample,f2_f3,1,0.6714995339304669,0.7149750651861941
44,1,260,0,in_sample,f2_f3,0,0.09137222839172687,-2.2969939327609152
44,1,167,0,in_sample,f2_f3,1,0.8221848882282448,1.5312209820561746
44,1,283,0,in_sample,f2_f3,0,0.21483793258758507,-1.2960062098179521
44,1,285,0,in_sample,f2_f3,0,0.05615852874114358,-2.821779657309496
44,1,93,0,in_sample,f2_f3,0,0.0985595192712876,-2.213333395727763
44,1,269,0,in_sample,f2_f3,1,0.7423876096120804,1.058415399288368
44,1,139,0,in_sample,f2_f3,0,0.3363095616126584,-0.6797837833830194
44,1,52,0,in_sample,f2_f3,0,0.4484784747418721,-0.20682018185780837
44,1,273,1,in_sample,f2_f3,0,0.4949981397614681,-0.020008108405243585
44,1,140,1,in_sample,f2_f3,0,0.18438575483374053,-1.486911447726545
44,1,291,1,in_sample,f2_f3,1,0.7817058095374068,1.275634816555256
44,1,202,0,in_sample,f2_f3,0,0.01956102132533981,-3.9144615305532833
44,1,242,1,in_sample,f2_f3,1,0.6384583781605364,0.5686793149853631
44,1,212,1,in_sample,f2_f3,1,0.83925193032027,1.6526725810789988
44,1,268,1,in_sample,f2_f3,1,0.92044851746734,2.448456679131917
44,1,277,1,in_sample,f2_f3,1,0.9402174479276277,2.755397329076506
44,1,203,0,in_sample,f2_f3,1,0.6837606601180458,0.7711086126904458
44,1,143,1,in_sample,f2_f3,1,0.8533522549787652,1.7611390036602224
44,1,295,1,in_sample,f2_f3,1,0.5294347914157732,0.11787546256268416
44,1,313,0,in_sample,f2_f3,0,0.0076753068133407045,-4.862042097056365
44,1,163,1,in_sample,f2_f3,0,0.08787686125539507,-2.3398384708909177
44,1,306,0,in_sample,f2_f3,1,0.8317809469965577,1.5983021042896042
44,1,186,0,in_sample,f2_f3,1,0.886157596105281,2.0520797385038936
44,1,198,0,in_sample,f2_f3,1,0.5039000358901916,0.015600459949050682
44,1,125,1,in_sample,f2_f3,1,0.8818131655314098,2.009713487850367
44,1,244,1,in_sample,f2_f3,1,0.9164498999693587,2.395060948972197
44,1,299,1,in_sample,f2_f3,1,0.9246389400293726,2.5071126306116334
44,1,118,0,in_sample,f2_f3,1,0.9472575527016898,2.8881504402337086
44,1,209,0,in_sample,f2_f3,0,0.1085706137415752,-2.1054254471946
44,1,221,1,in_sample,f2_f3,1,0.9744863664141249,3.642697568793979
44,1,12,0,in_sample,f2_f3,1,0.5027957545750134,0.011183134847833953
44,1,130,1,in_sample,f2_f3,0,0.3504706928013776,-0.6169708702242609
44,1,179,0,in_sample,f2_f3,0,0.05790900856274746,-2.7892289030144983
44,1,131,1,in_sample,f2_f3,1,0.5298387812012265,0.11949711925188888
44,1,50,1,in_sample,f2_f3,1,0.8922413475690861,2.113842638263585
44,1,75,0,in_sample,f2_f3,0,0.1155626953546921,-2.0351384292186356
44,1,144,1,in_sample,f2_f3,0,0.3853194941399341,-0.4670297850941986
44,1,25,0,in_sample,f2_f3,0,0.0780010702935181,-2.469821514409743
44,1,286,0,in_sample,f2_f3,1,0.7265593267099567,0.977235459007644
44,1,105,0,in_sample,f2_f3,1,0.5895466765422333,0.3620916808589302
44,1,189,0,in_sample,f2_f3,0,0.488138514070623,-0.04745484725728677
44,1,166,1,in_sample,f2_f3,1,0.7836085551245637,1.2868205913862247
44,1,294,0,in_sample,f2_f3,0,0.41217431376408037,-0.35498410043644746
44,1,87,1,in_sample,f2_f3,1,0.6017765326762191,0.4128728448111386
44,1,191,0,in_sample,f2_f3,1,0.8947934585125095,2.14066743922059
44,1,115,0,in_sample,f1_f2_f3,1,0.6794373859977544,0.7511874613937404
44,1,51,0,in_sample,f1_f2_f3,1,0.8024106594453536,1.4014296817156189
44,1,82,0,in_sample,f1_f2_f3,0,0.3914422492719241,-0.4412538215143532
44,1,122,1,in_sample,f1_f2_f3,1,0.5588303396763294,0.23641640149801907
44,1,110,1,in_sample,f1_f2_f3,0,0.019704108666833153,-3.9070272802586103
44,1,3,1,in_sample,f1_f2_f3,1,0.6273725251908324,0.5209613097320562
44,1,80,0,in_sample,f1_f2_f3,1,0.6684125051862678,0.7010137947912688
44,1,170,1,in_sample,f1_f2_f3,1,0.7157062224230728,0.9232616472876698
44,1,193,1,in_sample,f1_f2_f3,1,0.9010815898819656,2.209300438193992
44,1,227,0,in_sample,f1_f2_f3,1,0.65675578168674,0.6488700314552115
44,1,293,1,in_sample,f1_f2_f3,1,0.9211471063205864,2.458035736791823
44,1,262,1,in_sample,f1_f2_f3,1,0.7461138027286482,1.0779920147648514
44,1,145,1,in_sample,f1_f2_f3,0,0.35138514328064163,-0.6129562032335771
44,1,296,0,in_sample,f1_f2_f3,1,0.8592942011510053,1.8094401784062766
44,1,39,1,in_sample,f1_f2_f3,1,0.8682330159213865,1.885425039630287
44,1,58,1,in_sample,f1_f2_f3,1,0.6993439440275745,0.844175732543297
44,1,172,0,in_sample,f1_f2_f3,1,0.6025611471176694,0.4161480561725168
44,1,216,1,in_sample,f1_f2_f3,0,0.13718908048303727,-1.8388354465339714
44,1,234,1,in_sample,f1_f2_f3,1,0.7048165378980685,0.8703404705477131
44,1,260,0,in_sample,f1_f2_f3,0,0.056634119929270935,-2.8128425740274965
44,1,167,0,in_sample,f1_f2_f3,1,0.7853240588685537,1.2969668059120536
44,1,283,0,in_sample,f1_f2_f3,0,0.23993181991452342,-1.1530533406023127
44,1,285,0,in_sample,f1_f2_f3,0,0.06488724986832671,-2.668015964100144
44,1,93,0,in_sample,f1_f2_f3,0,0.12240227541796299,-1.9698753562627573
44,1,269,0,in_sample,f1_f2_f3,1,0.847129481902399,1.712262278018031
44,1,139,0,in_sample,f1_f2_f3,0,0.28555821412843013,-0.9170556080263371
44,1,52,0,in_sample,f1_f2_f3,0,0.47945441980069686,-0.08222862221031046
44,1,273,1,in_sample,f1_f2_f3,1,0.5924299339663678,0.3740197520199863
44,1,140,1,in_sample,f1_f2_f3,0,0.24439620831472753,-1.128726440809992
44,1,291,1,in_sample,f1_f2_f3,1,0.878989131667609,1.9828921706885974
44,1,202,0,in_sample,f1_f2_f3,0,0.02507514684562471,-3.6604832042526265
44,1,242,1,in_sample,f1_f2_f3,1,0.6207201364231212,0.49260595546366404
44,1,212,1,in_sample,f1_f2_f3,1,0.8147540054629746,1.4812015918820634
44,1,268,1,in_sample,f1_f2_f3,1,0.9484640461540922,2.912564185632938
44,1,277,1,in_sample,f1_f2_f3,1,0.9371313514107641,2.7017758485054175
44,1,203,0,in_sample,f1_f2_f3,1,0.7517957938959984,1.1082129173458433
44,1,143,1,in_sample,f1_f2_f3,1,0.8613482558619707,1.82653354958836
44,1,295,1,in_sample,f1_f2_f3,1,0.6393023056353233,0.5723372384903714
44,1,313,0,in_sample,f1_f2_f3,0,0.006074518949634767,-5.097559434238079
44,1,163,1,in_sample,f1_f2_f3,0,0.07227382549013037,-2.552274581471618
44,1,306,0,in_sample,f1_f2_f3,1,0.8253892090186689,1.5532955980818832
44,1,186,0,in_sample,f1_f2_f3,1,0.8611603616136062,1.824961151052148
44,1,198,0,in_sample,f1_f2_f3,0,0.42759050832807666,-0.29168864842528763
44,1,125,1,in_sample,f1_f2_f3,1,0.8919073078000441,2.1103730920186434
44,1,244,1,in_sample,f1_f2_f3,1,0.9325443682470343,2.626446655881848
44,1,299,1,in_sample,f1_f2_f3,1,0.8892339364831944,2.082939905098894
44,1,118,0,in_sample,f1_f2_f3,1,0.9037659232818102,2.2397868696524927
44,1,209,0,in_sample,f1_f2_f3,0,0.1116953995707499,-2.0735391830288545
44,1,221,1,in_sample,f1_f2_f3,1,0.9642084322962604,3.2935951606528775
44,1,12,0,in_sample,f1_f2_f3,0,0.38751833725561047,-0.457755833970497
44,1,130,1,in_sample,f1_f2_f3,0,0.4003406405520129,-0.40404597365938144
44,1,179,0,in_sample,f1_f2_f3,0,0.09497391526448017,-2.254361488462493
44,1,131,1,in_sample,f1_f2_f3,1,0.5659884404401391,0.2655024860677311
44,1,50,1,in_sample,f1_f2_f3,1,0.8756538258561353,1.951901433931006
44,1,75,0,in_sample,f1_f2_f3,0,0.0997312183488167,-2.200214614205681
44,1,144,1,in_sample,f1_f2_f3,0,0.3530970927363922,-0.6054531478280571
44,1,25,0,in_sample,f1_f2_f3,0,0.1004633452061176,-2.1920868660942707
44,1,286,0,in_sample,f1_f2_f3,1,0.7426430424356305,1.059751440717679
44,1,105,0,in_sample,f1_f2_f3,1,0.6159966435645975,0.47259022149318425
44,1,189,0,in_sample,f1_f2_f3,1,0.5273377032632861,0.10945997335748703
44,1,166,1,in_sample,f1_f2_f3,1,0.7698064954750522,1.2072188994575572
44,1,294,0,in_sample,f1_f2_f3,1,0.5103281111371535,0.041318321777954914
44,1,87,1,in_sample,f1_f2_f3,1,0.5322335151250859,0.12911312379027548
44,1,191,0,in_sample,f1_f2_f3,1,0.9010878963915683,2.209371193683836
44,1,115,0,inner_oof,f1,1,0.5098790316194968,0.039521269798573164
44,1,51,0,inner_oof,f1,0,0.48715212034947986,-0.05140283387949475
44,1,82,0,inner_oof,f1,0,0.47271205645910347,-0.10926033876586853
44,1,122,1,inner_oof,f1,0,0.48114629420594646,-0.0754505965272643
44,1,110,1,inner_oof,f1,0,0.41985262924693745,-0.32337839181270933
44,1,3,1,inner_oof,f1,1,0.5087490592690578,0.03499980949694038
44,1,80,0,inner_oof,f1,1,0.5946872878035419,0.38337680262176327
44,1,170,1,inner_oof,f1,0,0.4893358865284881,-0.042662923696503964
44,1,193,1,inner_oof,f1,1,0.5011668330299527,0.004667340592597602
44,1,227,0,inner_oof,f1,0,0.4973982965438817,-0.010406907749032013
44,1,293,1,inner_oof,f1,1,0.5325089322082375,0.13021942932444025
44,1,262,1,inner_oof,f1,0,0.4829769262921584,-0.06811862264874075
44,1,145,1,inner_oof,f1,0,0.4868397371269438,-0.05265321259594101
44,1,296,0,inner_oof,f1,1,0.5214596971550484,0.08589155409648472
44,1,39,1,inner_oof,f1,0,0.4744539595709968,-0.10227321510669089
44,1,58,1,inner_oof,f1,0,0.4946821773156093,-0.02127209283986299
44,1,172,0,inner_oof,f1,0,0.46112806779212384,-0.15580213135675827
44,1,216,1,inner_oof,f1,0,0.46116362731716826,-0.15565902912213375
44,1,234,1,inner_oof,f1,1,0.513912645359781,0.0556649505431208
44,1,260,0,inner_oof,f1,0,0.428073637152393,-0.28971501660769294
44,1,167,0,inner_oof,f1,0,0.47169284612752793,-0.11334982135932449
44,1,283,0,inner_oof,f1,1,0.5067818140832737,0.027128920068696633
44,1,285,0,inner_oof,f1,0,0.4973426875449929,-0.010629349896954358
44,1,93,0,inner_oof,f1,1,0.5131645752978575,0.05267047425742791
44,1,269,0,inner_oof,f1,1,0.5706937599284095,0.2846822328350232
44,1,139,0,inner_oof,f1,0,0.46209685695955743,-0.15190399622335773
44,1,52,0,inner_oof,f1,1,0.505715606379652,0.022863421427744987
44,1,273,1,inner_oof,f1,1,0.5391162912626347,0.15678554890165064
44,1,140,1,inner_oof,f1,1,0.5332664789255325,0.13326278356804233
44,1,291,1,inner_oof,f1,1,0.5741717111313811,0.29889231265764854
44,1,202,0,inner_oof,f1,1,0.5090224251462476,0.0360936184859249
44,1,242,1,inner_oof,f1,0,0.4884411285015559,-0.04624372518012809
44,1,212,1,inner_oof,f1,0,0.478044600145391,-0.08787810945856238
44,1,268,1,inner_oof,f1,1,0.5507181179335576,0.2035726050911165
44,1,277,1,inner_oof,f1,0,0.49219089019137713,-0.031238979428490847
44,1,203,0,inner_oof,f1,1,0.5273675066370036,0.10957954468873177
44,1,143,1,inner_oof,f1,1,0.5095949905589773,0.03838467448627216
44,1,295,1,inner_oof,f1,1,0.5444753705711999,0.17837292180715117
44,1,313,0,inner_oof,f1,0,0.4478786811453697,-0.20924540793567295
44,1,163,1,inner_oof,f1,0,0.4666394180494387,-0.13364087407553252
44,1,306,0,inner_oof,f1,0,0.4918619533567424,-0.0325550615097462
44,1,186,0,inner_oof,f1,0,0.47105158142451936,-0.11592331696353077
44,1,198,0,inner_oof,f1,0,0.4633401114364764,-0.14690317287556895
44,1,125,1,inner_oof,f1,1,0.5079771907727767,0.03191147088121483
44,1,244,1,inner_oof,f1,1,0.5158894687221969,0.06357928358029037
44,1,299,1,inner_oof,f1,0,0.4609285404221417,-0.15660511913674013
44,1,118,0,inner_oof,f1,0,0.4373475025467956,-0.25193412449206765
44,1,209,0,inner_oof,f1,0,0.48870012713993893,-0.04520718899020709
44,1,221,1,inner_oof,f1,0,0.46236371970033957,-0.15083041918404883
44,1,12,0,inner_oof,f1,0,0.44506717042453314,-0.22062186308057286
44,1,130,1,inner_oof,f1,1,0.5101747588863521,0.04070465480416931
44,1,179,0,inner_oof,f1,1,0.5455050334500855,0.18252519359489228
44,1,131,1,inner_oof,f1,1,0.5122712817523267,0.04909498584220151
44,1,50,1,inner_oof,f1,0,0.4875044472347661,-0.04999262051451698
44,1,75,0,inner_oof,f1,0,0.45929107346006715,-0.16319694943419324
44,1,144,1,inner_oof,f1,0,0.47318217702580706,-0.10737433520759403
44,1,25,0,inner_oof,f1,1,0.5129521236706264,0.05182008770234145
44,1,286,0,inner_oof,f1,1,0.5094183027065019,0.03767766748220925
44,1,105,0,inner_oof,f1,1,0.5071143462546366,0.02845930570504214
44,1,189,0,inner_oof,f1,1,0.5057512191554379,0.02300589126403555
44,1,166,1,inner_oof,f1,0,0.48684842419048086,-0.052618440268462685
44,1,294,0,inner_oof,f1,1,0.5382967019123635,0.1534874258463879
44,1,87,1,inner_oof,f1,0,0.4611954547210831,-0.1555309474155396
44,1,191,0,inner_oof,f1,1,0.5068392795085519,0.027358824425180943
44,1,115,0,inner_oof,f2,1,0.5128852323589725,0.051552343717750665
44,1,51,0,inner_oof,f2,0,0.49380682098458806,-0.02477398307038378
44,1,82,0,inner_oof,f2,0,0.47356057017504144,-0.10585645732726734
44,1,122,1,inner_oof,f2,0,0.49380802073362484,-0.02476918333799529
44,1,110,1,inner_oof,f2,0,0.48005932324694417,-0.07980503553718339
44,1,3,1,inner_oof,f2,0,0.49814234557831305,-0.007430651876590654
44,1,80,0,inner_oof,f2,0,0.4702928553302825,-0.11896869949569269
44,1,170,1,inner_oof,f2,1,0.5066140631308287,0.026457795819687685
44,1,193,1,inner_oof,f2,1,0.5133380404186151,0.05336482244972447
44,1,227,0,inner_oof,f2,0,0.49656394179110847,-0.013744449203337384
44,1,293,1,inner_oof,f2,1,0.5005846007539906,0.0023384040815205218
44,1,262,1,inner_oof,f2,0,0.4885905760280668,-0.04564561954342141
44,1,145,1,inner_oof,f2,0,0.4635627764402882,-0.14600772831676198
44,1,296,0,inner_oof,f2,1,0.5175920496703538,0.0703972570209824
44,1,39,1,inner_oof,f2,1,0.5196195364913714,0.07851846094322665
44,1,58,1,inner_oof,f2,1,0.5042524575303486,0.017010240266499
44,1,172,0,inner_oof,f2,1,0.5112010868417803,0.0448118447557031
44,1,216,1,inner_oof,f2,0,0.46748772014352036,-0.13023287676995426
44,1,234,1,inner_oof,f2,0,0.48694117348547544,-0.052247188042635694
44,1,260,0,inner_oof,f2,0,0.4693136914227337,-0.12289969418953225
44,1,167,0,inner_oof,f2,1,0.5031451555080318,0.012580787966137454
44,1,283,0,inner_oof,f2,0,0.46396001993421215,-0.1444103633850651
44,1,285,0,inner_oof,f2,0,0.4810517891726616,-0.07582915761962163
44,1,93,0,inner_oof,f2,0,0.46542216270776526,-0.13853247572049437
44,1,269,0,inner_oof,f2,0,0.4863836942302131,-0.05447869315127577
44,1,139,0,inner_oof,f2,0,0.4942373707609214,-0.02305153764988264
44,1,52,0,inner_oof,f2,0,0.4881814448243356,-0.047283027895594826
44,1,273,1,inner_oof,f2,0,0.4739566825970183,-0.10426763123116718
44,1,140,1,inner_oof,f2,0,0.4446474389560396,-0.22232146104390585
44,1,291,1,inner_oof,f2,1,0.5054778953898683,0.021912458300257204
44,1,202,0,inner_oof,f2,0,0.44853032205206955,-0.2066105692161383
44,1,242,1,inner_oof,f2,0,0.4814671015138252,-0.07416557109661208
44,1,212,1,inner_oof,f2,1,0.5098547714144844,0.03942419117385717
44,1,268,1,inner_oof,f2,1,0.5196455581392472,0.07862270825780683
44,1,277,1,inner_oof,f2,1,0.5340546830741699,0.13642995489062676
44,1,203,0,inner_oof,f2,1,0.5256252327516617,0.10259081603577459
44,1,143,1,inner_oof,f2,0,0.484055552779616,-0.06379942065978292
44,1,295,1,inner_oof,f2,0,0.4850109757657709,-0.05997406714377628
44,1,313,0,inner_oof,f2,0,0.46055451309883916,-0.15811050909684185
44,1,163,1,inner_oof,f2,0,0.43937538889624717,-0.24369739145252936
44,1,306,0,inner_oof,f2,1,0.5096907405581246,0.03876781698983667
44,1,186,0,inner_oof,f2,1,0.5252390765192698,0.10104218444291085
44,1,198,0,inner_oof,f2,0,0.4633787173518856,-0.14674791546134705
44,1,125,1,inner_oof,f2,1,0.5213765091717503,0.08555819046005576
44,1,244,1,inner_oof,f2,1,0.568015380777583,0.27375851322982614
44,1,299,1,inner_oof,f2,0,0.4728536763316251,-0.10869217575411451
44,1,118,0,inner_oof,f2,0,0.4771013993242479,-0.09165851960995827
44,1,209,0,inner_oof,f2,0,0.47346952891858457,-0.10622164700711782
44,1,221,1,inner_oof,f2,1,0.5417671605594709,0.16745887808518067
44,1,12,0,inner_oof,f2,0,0.4657053112543823,-0.13739448352257155
44,1,130,1,inner_oof,f2,1,0.5066123652151405,0.026451002968604462
44,1,179,0,inner_oof,f2,0,0.44961123476944637,-0.20224158776888057
44,1,131,1,inner_oof,f2,0,0.4740577980359823,-0.10386207345637026
44,1,50,1,inner_oof,f2,0,0.4760384262713691,-0.09591977061913498
44,1,75,0,inner_oof,f2,1,0.5171918823230439,0.06879464851461572
44,1,144,1,inner_oof,f2,0,0.49928597913652045,-0.002856085395394014
44,1,25,0,inner_oof,f2,0,0.48059822179341055,-0.07764609947769993
44,1,286,0,inner_oof,f2,0,0.4742030531597695,-0.10327949342557259
44,1,105,0,inner_oof,f2,0,0.4873124814106864,-0.0507609710983132
44,1,189,0,inner_oof,f2,1,0.5121576677873562,0.04864025861116256
44,1,166,1,inner_oof,f2,1,0.507644737584125,0.030581333464641397
44,1,294,0,inner_oof,f2,0,0.47078634083580406,-0.11698788057854136
44,1,87,1,inner_oof,f2,1,0.5004719089436718,0.001887636335184583
44,1,191,0,inner_oof,f2,1,0.5116217709571956,0.04649545828228199
44,1,115,0,inner_oof,f3,0,0.4909964429051534,-0.03601812174870135
44,1,51,0,inner_oof,f3,1,0.5689883644665914,0.2777248984885569
44,1,82,0,inner_oof,f3,1,0.5239883378769384,0.09602707392350747
44,1,122,1,inner_oof,f3,1,0.5148408882432286,0.05938099544618114
44,1,110,1,inner_oof,f3,0,0.3681199995047195,-0.5402905328594928
44,1,3,1,inner_oof,f3,1,0.50835016911882,0.03340378215900374
44,1,80,0,inner_oof,f3,1,0.5319564866716974,0.1280004252332423
44,1,170,1,inner_oof,f3,1,0.5204957846211455,0.08202910383002632
44,1,193,1,inner_oof,f3,1,0.5652429075146348,0.26246809651870845
44,1,227,0,inner_oof,f3,1,0.5226480799478816,0.09065435353465472
44,1,293,1,inner_oof,f3,1,0.5874360551938488,0.35337618639871954
44,1,262,1,inner_oof,f3,1,0.5649835083792569,0.26141259986928816
44,1,145,1,inner_oof,f3,1,0.5284647025555459,0.11398205380972343
44,1,296,0,inner_oof,f3,1,0.5288378263918587,0.11547946609815934
44,1,39,1,inner_oof,f3,1,0.5493380505495363,0.19799650824555426
44,1,58,1,inner_oof,f3,1,0.5187629320265631,0.0750869869445784
44,1,172,0,inner_oof,f3,0,0.49931817744810914,-0.002727291898056157
44,1,216,1,inner_oof,f3,0,0.472134320229225,-0.11157833511088851
44,1,234,1,inner_oof,f3,1,0.5445190189669297,0.17854890921066255
44,1,260,0,inner_oof,f3,0,0.4359041912655255,-0.25780163631608405
44,1,167,0,inner_oof,f3,1,0.5530981670164417,0.21319654549384867
44,1,283,0,inner_oof,f3,0,0.49238921915935274,-0.03044547487219353
44,1,285,0,inner_oof,f3,0,0.3911443790953066,-0.44250441608748053
44,1,93,0,inner_oof,f3,0,0.4468318997132103,-0.2134794735462911
44,1,269,0,inner_oof,f3,1,0.5614704489288164,0.2471319431836574
44,1,139,0,inner_oof,f3,0,0.4658474437501142,-0.13682327742065897
44,1,52,0,inner_oof,f3,0,0.49908701699377045,-0.0036519360836249713
44,1,273,1,inner_oof,f3,1,0.5338787113498622,0.13572280452515598
44,1,140,1,inner_oof,f3,1,0.519063694710343,0.07629176157245561
44,1,291,1,inner_oof,f3,1,0.5369620300336806,0.14811832514639706
44,1,202,0,inner_oof,f3,0,0.39930491226791087,-0.40836214805786686
44,1,242,1,inner_oof,f3,1,0.5476520151157795,0.1911883146410834
44,1,212,1,inner_oof,f3,1,0.5465839486409284,0.18687776758908567
44,1,268,1,inner_oof,f3,1,0.5657639406677639,0.2645886235049288
44,1,277,1,inner_oof,f3,1,0.5538988602650354,0.21643641036452135
44,1,203,0,inner_oof,f3,0,0.47644561150479303,-0.09428734395589909
44,1,143,1,inner_oof,f3,1,0.5977656133459707,0.39616375610253085
44,1,295,1,inner_oof,f3,1,0.5201274707543033,0.08055341303841575
44,1,313,0,inner_oof,f3,0,0.33735956371247583,-0.6750831985006253
44,1,163,1,inner_oof,f3,0,0.48880965116524316,-0.044768871181671464
44,1,306,0,inner_oof,f3,1,0.5443501645239959,0.17786811469981112
44,1,186,0,inner_oof,f3,1,0.5372102603745309,0.1491167393350368
44,1,198,0,inner_oof,f3,1,0.5548177411962264,0.22015589691144474
44,1,125,1,inner_oof,f3,1,0.5422734461836861,0.16949842572643858
44,1,244,1,inner_oof,f3,0,0.47438022242308187,-0.10256893788365481
44,1,299,1,inner_oof,f3,1,0.6498592384714039,0.6184205338117238
44,1,118,0,inner_oof,f3,1,0.6589921561649957,0.6588061523312296
44,1,209,0,inner_oof,f3,0,0.4372456491503258,-0.25234804780068
44,1,221,1,inner_oof,f3,1,0.5808554073633404,0.3262859070960096
44,1,12,0,inner_oof,f3,1,0.5503804625918016,0.2022080365198177
44,1,130,1,inner_oof,f3,0,0.4463017919797094,-0.21562440063263452
44,1,179,0,inner_oof,f3,0,0.4489197372745172,-0.2050363530139195
44,1,131,1,inner_oof,f3,1,0.5402079976622427,0.1611800278581969
44,1,50,1,inner_oof,f3,1,0.6274254773660612,0.5211878242112694
44,1,75,0,inner_oof,f3,0,0.3636734007757979,-0.5594557380756872
44,1,144,1,inner_oof,f3,0,0.4665927441725744,-0.13382840558813983
44,1,25,0,inner_oof,f3,0,0.4077968909310536,-0.3730804315786934
44,1,286,0,inner_oof,f3,1,0.5796165253548535,0.321199392110402
44,1,105,0,inner_oof,f3,1,0.5273617480879498,0.10955644129110936
44,1,189,0,inner_oof,f3,0,0.4627497387426057,-0.14927763493117843
44,1,166,1,inner_oof,f3,1,0.5335379703151543,0.13435361736444432
44,1,294,0,inner_oof,f3,1,0.524004905220464,0.09609349629166862
44,1,87,1,inner_oof,f3,1,0.5056842346383636,0.022737918152599804
44,1,191,0,inner_oof,f3,1,0.566008211470456,0.2655829725137039
44,1,115,0,inner_oof,f1_f2,1,0.5261158285941647,0.10455846723802345
44,1,51,0,inner_oof,f1_f2,0,0.48518009301952963,-0.05929699649598676
44,1,82,0,inner_oof,f1_f2,0,0.45126046223509253,-0.19557920424431458
44,1,122,1,inner_oof,f1_f2,0,0.47932405111255955,-0.08275098457151708
44,1,110,1,inner_oof,f1_f2,0,0.40641644829026835,-0.3787996134849395
44,1,3,1,inner_oof,f1_f2,1,0.5105152492659303,0.04206719964856977
44,1,80,0,inner_oof,f1_f2,1,0.5676032738478387,0.2720791987523444
44,1,170,1,inner_oof,f1_f2,0,0.49991919166907584,-0.00032323332651122347
44,1,193,1,inner_oof,f1_f2,1,0.5180778740907334,0.07234303054858951
44,1,227,0,inner_oof,f1_f2,0,0.4978888925676825,-0.008444479909699914
44,1,293,1,inner_oof,f1_f2,1,0.5360806793277468,0.14457401163126504
44,1,262,1,inner_oof,f1_f2,0,0.47597959589064065,-0.09615563516624118
44,1,145,1,inner_oof,f1_f2,0,0.45514699121893765,-0.17989562522361055
44,1,296,0,inner_oof,f1_f2,1,0.5419882546525395,0.16834950217325984
44,1,39,1,inner_oof,f1_f2,0,0.49819769931217356,-0.007209233974969531
44,1,58,1,inner_oof,f1_f2,1,0.5028101259012215,0.011240621959254665
44,1,172,0,inner_oof,f1_f2,0,0.4768620698833288,-0.09261787060430939
44,1,216,1,inner_oof,f1_f2,0,0.4341731183245102,-0.26484482393995434
44,1,234,1,inner_oof,f1_f2,1,0.5045237023159715,0.018095303008207095
44,1,260,0,inner_oof,f1_f2,0,0.4041034583659968,-0.3883961338935068
44,1,167,0,inner_oof,f1_f2,0,0.47927604193064044,-0.08294335100623457
44,1,283,0,inner_oof,f1_f2,0,0.474897416552443,-0.10049482498901605
44,1,285,0,inner_oof,f1_f2,0,0.4825580075938569,-0.06979629034265872
44,1,93,0,inner_oof,f1_f2,0,0.4825593403119674,-0.06979095297571214
44,1,269,0,inner_oof,f1_f2,1,0.5595424836202624,0.23930545963450128
44,1,139,0,inner_oof,f1_f2,0,0.46116828191999454,-0.1556402977167669
44,1,52,0,inner_oof,f1_f2,0,0.4977463787449607,-0.009014546064695532
44,1,273,1,inner_oof,f1_f2,1,0.5163727505065484,0.06551442506252218
44,1,140,1,inner_oof,f1_f2,0,0.481588386830254,-0.0736797667556425
44,1,291,1,inner_oof,f1_f2,1,0.5813675478943423,0.32838983704876
44,1,202,0,inner_oof,f1_f2,0,0.4618248735156865,-0.15299826353963764
44,1,242,1,inner_oof,f1_f2,0,0.47429763494979216,-0.10290016020468876
44,1,212,1,inner_oof,f1_f2,0,0.4920849448038122,-0.03166286578597089
44,1,268,1,inner_oof,f1_f2,1,0.5723015303822195,0.2912475664433685
44,1,277,1,inner_oof,f1_f2,1,0.5297424633845886,0.11911047542766062
44,1,203,0,inner_oof,f1_f2,1,0.5555591865948202,0.22315825703524625
44,1,143,1,inner_oof,f1_f2,0,0.4974657271514162,-0.010137178203491429
44,1,295,1,inner_oof,f1_f2,1,0.532501330295712,0.13018889261600175
44,1,313,0,inner_oof,f1_f2,0,0.4146998675441599,-0.34456971475064285
44,1,163,1,inner_oof,f1_f2,0,0.4121475612956471,-0.35509451810915493
44,1,306,0,inner_oof,f1_f2,1,0.5054144674008545,0.021658716238998482
44,1,186,0,inner_oof,f1_f2,1,0.5004135335728012,0.0016541346683695696
44,1,198,0,inner_oof,f1_f2,0,0.4322773032422392,-0.27256580161023025
44,1,125,1,inner_oof,f1_f2,1,0.5326088069798802,0.1306206296300305
44,1,244,1,inner_oof,f1_f2,1,0.5858495283763097,0.3468336132705091
44,1,299,1,inner_oof,f1_f2,0,0.4391637533047709,-0.24455660965475184
44,1,118,0,inner_oof,f1_f2,0,0.42048627801384614,-0.32077749517600385
44,1,209,0,inner_oof,f1_f2,0,0.46668577102772135,-0.13345463422735748
44,1,221,1,inner_oof,f1_f2,1,0.5082499018807787,0.03300260265552252
44,1,12,0,inner_oof,f1_f2,0,0.4169592872668123,-0.33526843249507193
44,1,130,1,inner_oof,f1_f2,1,0.5202378306873865,0.08099557320957317
44,1,179,0,inner_oof,f1_f2,0,0.4985371583402373,-0.0058513833343005195
44,1,131,1,inner_oof,f1_f2,0,0.4902165207823037,-0.03913891236534216
44,1,50,1,inner_oof,f1_f2,0,0.46804895021677523,-0.1279785884943275
44,1,75,0,inner_oof,f1_f2,0,0.48095529694115347,-0.0762156844835097
44,1,144,1,inner_oof,f1_f2,0,0.47693764479744255,-0.09231492431861607
44,1,25,0,inner_oof,f1_f2,0,0.4973336027363503,-0.010665690161477524
44,1,286,0,inner_oof,f1_f2,0,0.4875768329615383,-0.04970289770568739
44,1,105,0,inner_oof,f1_f2,0,0.49825489120760624,-0.0069804635141157215
44,1,189,0,inner_oof,f1_f2,1,0.5213819768750191,0.08558010133251936
44,1,166,1,inner_oof,f1_f2,0,0.4985063938461399,-0.0059744423863367715
44,1,294,0,inner_oof,f1_f2,1,0.5124402967223022,0.04977145882498005
44,1,87,1,inner_oof,f1_f2,0,0.46639553501970016,-0.13462080051555897
44,1,191,0,inner_oof,f1_f2,1,0.5219145574096103,0.0877144246550984
44,1,115,0,inner_oof,f1_f3,1,0.5013097566697314,0.00523903866211381
44,1,51,0,inner_oof,f1_f3,1,0.5596256218182105,0.23964280305361196
44,1,82,0,inner_oof,f1_f3,1,0.5058114822932396,0.023246976047620896
44,1,122,1,inner_oof,f1_f3,1,0.5031974749389063,0.012790074109190544
44,1,110,1,inner_oof,f1_f3,0,0.3223538856842627,-0.7429752304638199
44,1,3,1,inner_oof,f1_f3,1,0.5171151572800664,0.06848738670325452
44,1,80,0,inner_oof,f1_f3,1,0.6019002343871085,0.4133890667239959
44,1,170,1,inner_oof,f1_f3,1,0.5146025236070209,0.05842670959897486
44,1,193,1,inner_oof,f1_f3,1,0.5660943804572244,0.2659337702665456
44,1,227,0,inner_oof,f1_f3,1,0.5225429753007388,0.09023307459540998
44,1,293,1,inner_oof,f1_f3,1,0.6093777628132854,0.44469742792563344
44,1,262,1,inner_oof,f1_f3,1,0.5527548754305857,0.21180781859374545
44,1,145,1,inner_oof,f1_f3,1,0.5204302606180036,0.08176656808515015
44,1,296,0,inner_oof,f1_f3,1,0.5459456089847543,0.18430235867497746
44,1,39,1,inner_oof,f1_f3,1,0.5314816826617788,0.1260935349561918
44,1,58,1,inner_oof,f1_f3,1,0.5168390160294117,0.06738154676514181
44,1,172,0,inner_oof,f1_f3,0,0.47367888498017613,-0.10538187702712871
44,1,216,1,inner_oof,f1_f3,0,0.4477855586787641,-0.20962199733694514
44,1,234,1,inner_oof,f1_f3,1,0.5554468757541973,0.2227034088743864
44,1,260,0,inner_oof,f1_f3,0,0.3899276517158108,-0.4476163403851826
44,1,167,0,inner_oof,f1_f3,1,0.5330968688052404,0.13258134194732413
44,1,283,0,inner_oof,f1_f3,1,0.5003844740335883,0.0015378964374629898
44,1,285,0,inner_oof,f1_f3,0,0.39627391105342347,-0.42101493322984984
44,1,93,0,inner_oof,f1_f3,0,0.46125783144205457,-0.1552799310461839
44,1,269,0,inner_oof,f1_f3,1,0.6119622599863087,0.45556801095225463
44,1,139,0,inner_oof,f1_f3,0,0.4424853014096627,-0.23108162142820227
44,1,52,0,inner_oof,f1_f3,1,0.5060270834758401,0.024109501675776288
44,1,273,1,inner_oof,f1_f3,1,0.5635152938641318,0.2554411367765201
44,1,140,1,inner_oof,f1_f3,1,0.5452025666902837,0.18130528930489626
44,1,291,1,inner_oof,f1_f3,1,0.5917061835006895,0.3710231463187993
44,1,202,0,inner_oof,f1_f3,0,0.4123664872593188,-0.35419098979541175
44,1,242,1,inner_oof,f1_f3,1,0.5400275708797232,0.16045364444780408
44,1,212,1,inner_oof,f1_f3,1,0.5314433680943851,0.1259396674385629
44,1,268,1,inner_oof,f1_f3,1,0.6018342711680814,0.413113787632033
44,1,277,1,inner_oof,f1_f3,1,0.548746142865221,0.19560587813981287
44,1,203,0,inner_oof,f1_f3,1,0.5001264678804671,0.0005058715326565905
44,1,143,1,inner_oof,f1_f3,1,0.6031718723251409,0.41869892567001965
44,1,295,1,inner_oof,f1_f3,1,0.5543614613835619,0.2183087594665426
44,1,313,0,inner_oof,f1_f3,0,0.3124046825424837,-0.7889010567195591
44,1,163,1,inner_oof,f1_f3,0,0.4676673906112183,-0.12951116017426523
44,1,306,0,inner_oof,f1_f3,1,0.5393370237619578,0.1576739469348956
44,1,186,0,inner_oof,f1_f3,1,0.5173122063784552,0.06927651842020582
44,1,198,0,inner_oof,f1_f3,1,0.5286604634013433,0.11476766086246526
44,1,125,1,inner_oof,f1_f3,1,0.5490155677206507,0.1966939769321067
44,1,244,1,inner_oof,f1_f3,0,0.4897512699015443,-0.04100066312378999
44,1,299,1,inner_oof,f1_f3,1,0.6199801800683915,0.4894641008215106
44,1,118,0,inner_oof,f1_f3,1,0.61268514367074,0.4586132276263891
44,1,209,0,inner_oof,f1_f3,0,0.43438960334972804,-0.26396366106769226
44,1,221,1,inner_oof,f1_f3,1,0.5532072820385225,0.21363799433042624
44,1,12,0,inner_oof,f1_f3,1,0.5109402685005757,0.04376805966236602
44,1,130,1,inner_oof,f1_f3,0,0.4585781816556636,-0.16606788291619665
44,1,179,0,inner_oof,f1_f3,0,0.48689615555959975,-0.052427383087128715
44,1,131,1,inner_oof,f1_f3,1,0.5501456763968313,0.20125930430400146
44,1,50,1,inner_oof,f1_f3,1,0.6163431406669235,0.4740552973714134
44,1,75,0,inner_oof,f1_f3,0,0.34423957420158435,-0.6444576660586145
44,1,144,1,inner_oof,f1_f3,0,0.4512265692847584,-0.19571607754366313
44,1,25,0,inner_oof,f1_f3,0,0.4233847557535631,-0.3088938693290663
44,1,286,0,inner_oof,f1_f3,1,0.5857254401193682,0.3463222054312656
44,1,105,0,inner_oof,f1_f3,1,0.5341254823796381,0.1367144747133271
44,1,189,0,inner_oof,f1_f3,0,0.4711861493002547,-0.11538324351315421
44,1,166,1,inner_oof,f1_f3,1,0.5253083807389312,0.10132011143810622
44,1,294,0,inner_oof,f1_f3,1,0.5535552127623109,0.21504576336061543
44,1,87,1,inner_oof,f1_f3,0,0.4798177091503487,-0.0807730503035433
44,1,191,0,inner_oof,f1_f3,1,0.570888802334035,0.2854783613598684
44,1,115,0,inner_oof,f2_f3,1,0.5088323703879001,0.03533315701302207
44,1,51,0,inner_oof,f2_f3,1,0.5682125566399888,0.27456213025636117
44,1,82,0,inner_oof,f2_f3,1,0.5006582924401708,0.0026331712821263814
44,1,122,1,inner_oof,f2_f3,1,0.5128792211144482,0.051528282767824396
44,1,110,1,inner_oof,f2_f3,0,0.3498652285041331,-0.6196316632489173
44,1,3,1,inner_oof,f2_f3,1,0.5108612582069072,0.04345186819915394
44,1,80,0,inner_oof,f2_f3,1,0.5053333373003586,0.02133415834489784
44,1,170,1,inner_oof,f2_f3,1,0.5322556319668483,0.12920196061638242
44,1,193,1,inner_oof,f2_f3,1,0.584716908967834,0.3421673790726768
44,1,227,0,inner_oof,f2_f3,1,0.523784920943954,0.095211544911191
44,1,293,1,inner_oof,f2_f3,1,0.5940431839419625,0.38070522740353485
44,1,262,1,inner_oof,f2_f3,1,0.5586483305469689,0.2356781765538482
44,1,145,1,inner_oof,f2_f3,0,0.4945570581288054,-0.021772627548634627
44,1,296,0,inner_oof,f2_f3,1,0.5523453824088087,0.21015155117367326
44,1,39,1,inner_oof,f2_f3,1,0.5751975138141759,0.30308916158570437
44,1,58,1,inner_oof,f2_f3,1,0.527983794136146,0.11205227085779904
44,1,172,0,inner_oof,f2_f3,1,0.5155358971952391,0.06216359934914156
44,1,216,1,inner_oof,f2_f3,0,0.44142306274975457,-0.2353886244093703
44,1,234,1,inner_oof,f2_f3,1,0.535938999240828,0.14400433646914065
44,1,260,0,inner_oof,f2_f3,0,0.40686298830414325,-0.37694893000722485
44,1,167,0,inner_oof,f2_f3,1,0.561786538618496,0.24841580680985598
44,1,283,0,inner_oof,f2_f3,0,0.4581965249098132,-0.1676051578333527
44,1,285,0,inner_oof,f2_f3,0,0.3739027557400136,-0.5155099490887148
44,1,93,0,inner_oof,f2_f3,0,0.41379058534937424,-0.34831707526366407
44,1,269,0,inner_oof,f2_f3,1,0.5527248465298324,0.21168635155181786
44,1,139,0,inner_oof,f2_f3,0,0.46329955112460636,-0.1470662919876455
44,1,52,0,inner_oof,f2_f3,0,0.49079371358162655,-0.03682930804201387
44,1,273,1,inner_oof,f2_f3,1,0.511216621977079,0.04487401654156106
44,1,140,1,inner_oof,f2_f3,0,0.464678821988484,-0.14152043796083047
44,1,291,1,inner_oof,f2_f3,1,0.5478216577841087,0.19187312754298883
44,1,202,0,inner_oof,f2_f3,0,0.3498111675705015,-0.6198693444670319
44,1,242,1,inner_oof,f2_f3,1,0.5333454864347719,0.13358022212943244
44,1,212,1,inner_oof,f2_f3,1,0.5622035264031393,0.2501098007296333
44,1,268,1,inner_oof,f2_f3,1,0.5917547539999253,0.3712241952022711
44,1,277,1,inner_oof,f2_f3,1,0.5947364528316333,0.3835807817827015
44,1,203,0,inner_oof,f2_f3,1,0.5075366401209245,0.030148843932461714
44,1,143,1,inner_oof,f2_f3,1,0.5875871173154557,0.35399952983923966
44,1,295,1,inner_oof,f2_f3,1,0.5089178678239524,0.035675254543061974
44,1,313,0,inner_oof,f2_f3,0,0.30138941043786155,-0.8406903395242145
44,1,163,1,inner_oof,f2_f3,0,0.428507767640972,-0.2879420260793687
44,1,306,0,inner_oof,f2_f3,1,0.5597648101895681,0.24020760730520696
44,1,186,0,inner_oof,f2_f3,1,0.5688444537663073,0.27713810790252474
44,1,198,0,inner_oof,f2_f3,1,0.5214608658636959,0.08589623755883058
44,1,125,1,inner_oof,f2_f3,1,0.5699073368650337,0.2814730995752496
44,1,244,1,inner_oof,f2_f3,1,0.5508045833080875,0.20392206845976307
44,1,299,1,inner_oof,f2_f3,1,0.6302386212815347,0.5332406364077218
44,1,118,0,inner_oof,f2_f3,1,0.6439682407872426,0.5926294711958102
44,1,209,0,inner_oof,f2_f3,0,0.41250440418289147,-0.3536218669839492
44,1,221,1,inner_oof,f2_f3,1,0.6292095275700288,0.5288271746966119
44,1,12,0,inner_oof,f2_f3,1,0.5193704335179777,0.07752053195951966
44,1,130,1,inner_oof,f2_f3,0,0.45639623823670555,-0.17485922664431677
44,1,179,0,inner_oof,f2_f3,0,0.39950692412689826,-0.4075200138125432
44,1,131,1,inner_oof,f2_f3,1,0.5178200547301891,0.07131042240126427
44,1,50,1,inner_oof,f2_f3,1,0.6100482910643993,0.44751521149835083
44,1,75,0,inner_oof,f2_f3,0,0.3820153066657958,-0.4810030114737761
44,1,144,1,inner_oof,f2_f3,0,0.4694117388463286,-0.12250602643960831
44,1,25,0,inner_oof,f2_f3,0,0.39018669157251423,-0.4465275376408089
44,1,286,0,inner_oof,f2_f3,1,0.5585775052978594,0.23539092822000363
44,1,105,0,inner_oof,f2_f3,1,0.5187688309122236,0.07511061577157177
44,1,189,0,inner_oof,f2_f3,0,0.47914657480473766,-0.08346211629131436
44,1,166,1,inner_oof,f2_f3,1,0.5466245793531316,0.1870417147832935
44,1,294,0,inner_oof,f2_f3,0,0.497712516862138,-0.00914999638924377
44,1,87,1,inner_oof,f2_f3,1,0.5106177356449055,0.04247732833063015
44,1,191,0,inner_oof,f2_f3,1,0.583713315905956,0.3380357975102342
44,1,115,0,inner_oof,f1_f2_f3,1,0.5184522045170766,0.07384235309029993
44,1,51,0,inner_oof,f1_f2_f3,1,0.5592760027140389,0.23822427195578916
44,1,82,0,inner_oof,f1_f2_f3,0,0.48357848396034764,-0.06570969720323507
44,1,122,1,inner_oof,f1_f2_f3,1,0.5017804057200816,0.007121652979805319
44,1,110,1,inner_oof,f1_f2_f3,0,0.3074127029407834,-0.8122431367859773
44,1,3,1,inner_oof,f1_f2_f3,1,0.5192001598372084,0.07683842246187436
44,1,80,0,inner_oof,f1_f2_f3,1,0.5732928601694801,0.29529876319544857
44,1,170,1,inner_oof,f1_f2_f3,1,0.5264901118471652,0.10605975496199016
44,1,193,1,inner_oof,f1_f2_f3,1,0.5852761400770726,0.3444708691992183
44,1,227,0,inner_oof,f1_f2_f3,1,0.5236701772762615,0.09475153430077003
44,1,293,1,inner_oof,f1_f2_f3,1,0.614814195891376,0.4675942757127871
44,1,262,1,inner_oof,f1_f2_f3,1,0.5470153239622697,0.18861851940624896
44,1,145,1,inner_oof,f1_f2_f3,0,0.48729499014590166,-0.050830981298671196
44,1,296,0,inner_oof,f1_f2_f3,1,0.5682459304136668,0.27469815831861377
44,1,39,1,inner_oof,f1_f2_f3,1,0.558006657594131,0.23307607394831503
44,1,58,1,inner_oof,f1_f2_f3,1,0.5260325820617701,0.10422457309699464
44,1,172,0,inner_oof,f1_f2_f3,0,0.49082180766039235,-0.03671689373211397
44,1,216,1,inner_oof,f1_f2_f3,0,0.41885387873017166,-0.32748010385031157
44,1,234,1,inner_oof,f1_f2_f3,1,0.5465198957906661,0.18661931584372538
44,1,260,0,inner_oof,f1_f2_f3,0,0.3642966809102881,-0.5567633819824158
44,1,167,0,inner_oof,f1_f2_f3,1,0.5426370265736336,0.17096330884997932
44,1,283,0,inner_oof,f1_f2_f3,0,0.46622153738643,-0.13531996558611326
44,1,285,0,inner_oof,f1_f2_f3,0,0.3789376798303809,-0.4940596730421589
44,1,93,0,inner_oof,f1_f2_f3,0,0.42775458983827147,-0.29101829520970957
44,1,269,0,inner_oof,f1_f2_f3,1,0.6013857119830308,0.41124225970781225
44,1,139,0,inner_oof,f1_f2_f3,0,0.4410314801263593,-0.23697690008970967
44,1,52,0,inner_oof,f1_f2_f3,0,0.4975272614747454,-0.00989103473900707
44,1,273,1,inner_oof,f1_f2_f3,1,0.5400099274670856,0.1603826157875676
44,1,140,1,inner_oof,f1_f2_f3,0,0.49038762283034526,-0.038454246595738706
44,1,291,1,inner_oof,f1_f2_f3,1,0.5997082169947693,0.4042494932265579
44,1,202,0,inner_oof,f1_f2_f3,0,0.362287406125763,-0.5654498656309311
44,1,242,1,inner_oof,f1_f2_f3,1,0.5262131814113392,0.1049489477706853
44,1,212,1,inner_oof,f1_f2_f3,1,0.5476300956735,0.19109983358066027
44,1,268,1,inner_oof,f1_f2_f3,1,0.6252178018860557,0.5117550198396357
44,1,277,1,inner_oof,f1_f2_f3,1,0.5894205356184892,0.36157042161127395
44,1,203,0,inner_oof,f1_f2_f3,1,0.5297466879309457,0.11912743362746483
44,1,143,1,inner_oof,f1_f2_f3,1,0.5929222268783173,0.3760589824821684
44,1,295,1,inner_oof,f1_f2_f3,1,0.5418599815359351,0.16783277685275913
44,1,313,0,inner_oof,f1_f2_f3,0,0.2794237220893123,-0.947321930956357
44,1,163,1,inner_oof,f1_f2_f3,0,0.4095516532148713,-0.365819125504462
44,1,306,0,inner_oof,f1_f2_f3,1,0.5548112100414881,0.2201294544941152
44,1,186,0,inner_oof,f1_f2_f3,1,0.5496491589553398,0.19925325611424943
44,1,198,0,inner_oof,f1_f2_f3,0,0.49673027459291014,-0.013079088070343886
44,1,125,1,inner_oof,f1_f2_f3,1,0.5759175611098767,0.3060366597024119
44,1,244,1,inner_oof,f1_f2_f3,1,0.5643565654339291,0.25886216182360783
44,1,299,1,inner_oof,f1_f2_f3,1,0.6013592025057312,0.4111316762085144
44,1,118,0,inner_oof,f1_f2_f3,1,0.5992237822528316,0.4022319103714601
44,1,209,0,inner_oof,f1_f2_f3,0,0.4101275910787127,-0.3634379484081015
44,1,221,1,inner_oof,f1_f2_f3,1,0.603162847546477,0.4186612213301712
44,1,12,0,inner_oof,f1_f2_f3,0,0.48194453264845055,-0.07225328642025707
44,1,130,1,inner_oof,f1_f2_f3,0,0.46803475487924096,-0.1280356027644528
44,1,179,0,inner_oof,f1_f2_f3,0,0.43556477877451816,-0.2591820917723397
44,1,131,1,inner_oof,f1_f2_f3,1,0.5276546600649158,0.11073164634973437
44,1,50,1,inner_oof,f1_f2_f3,1,0.5995097747578085,0.40342291936100094
44,1,75,0,inner_oof,f1_f2_f3,0,0.36280916434811583,-0.563192217738944
44,1,144,1,inner_oof,f1_f2_f3,0,0.4546829178197324,-0.1817671355458014
44,1,25,0,inner_oof,f1_f2_f3,0,0.40509372619559764,-0.38428540708215
44,1,286,0,inner_oof,f1_f2_f3,1,0.5647527372710442,0.2604737125427563
44,1,105,0,inner_oof,f1_f2_f3,1,0.5253503740616066,0.10148851690945834
44,1,189,0,inner_oof,f1_f2_f3,0,0.4870238554110967,-0.051916236013582875
44,1,166,1,inner_oof,f1_f2_f3,1,0.5386280662145917,0.1548207730807911
44,1,294,0,inner_oof,f1_f2_f3,1,0.5264275272471808,0.10580871357642149
44,1,87,1,inner_oof,f1_f2_f3,0,0.48584111512200395,-0.056650685405694325
44,1,191,0,inner_oof,f1_f2_f3,1,0.5881021552556149,0.35612529728125975
44,2,147,0,in_sample,f1,1,0.6982111582175599,0.8387940025240006
44,2,280,1,in_sample,f1,1,0.5276382657213752,0.1106658678705188
44,2,53,1,in_sample,f1,0,0.23320220955525953,-1.190317200271633
44,2,222,1,in_sample,f1,1,0.5091884546995593,0.036757957023955255
44,2,33,1,in_sample,f1,1,0.5294123243887098,0.11778528216121409
44,2,192,0,in_sample,f1,1,0.5814857023371164,0.32887533068707164
44,2,40,0,in_sample,f1,0,0.4051781262701798,-0.38393520047623136
44,2,11,1,in_sample,f1,0,0.35342643936688073,-0.6040116032529085
44,2,169,0,in_sample,f1,0,0.422023050291222,-0.31447405439310583
44,2,226,1,in_sample,f1,0,0.4313196503187756,-0.27646903737699335
44,2,30,0,in_sample,f1,0,0.42222156962579305,-0.3136602339725397
44,2,261,0,in_sample,f1,0,0.46915723218746697,-0.12352790945025048
44,2,138,1,in_sample,f1,1,0.6516750919383877,0.626410424418139
44,2,259,0,in_sample,f1,0,0.46184951540914443,-0.15289911838588627
44,2,201,0,in_sample,f1,1,0.5274044527650046,0.10972777388357646
44,2,205,1,in_sample,f1,1,0.5050700200826941,0.020280775442415383
44,2,106,1,in_sample,f1,1,0.5889970198089155,0.35982065834846994
44,2,32,1,in_sample,f1,1,0.5658863331085594,0.2650868280496036
44,2,56,1,in_sample,f1,0,0.3629987415774392,-0.5623722635858093
44,2,107,1,in_sample,f1,0,0.4984938084603044,-0.0060247843826983245
44,2,162,1,in_sample,f1,0,0.4287119835147177,-0.2871081632784472
44,2,55,0,in_sample,f1,1,0.6224876948577049,0.500120696285369
44,2,225,0,in_sample,f1,1,0.5052161389942528,0.020865312939842305
44,2,204,1,in_sample,f1,0,0.3616588215847694,-0.5681716172161437
44,2,200,1,in_sample,f1,0,0.3855268375344722,-0.46615444622814556
44,2,233,1,in_sample,f1,0,0.26034360437364423,-1.044183434315697
44,2,98,1,in_sample,f1,1,0.5420729582514414,0.16869072776786562
44,2,310,0,in_sample,f1,0,0.25796027824011786,-1.0565971623447425
44,2,19,1,in_sample,f1,0,0.46753913948545345,-0.13002632745223952
44,2,158,0,in_sample,f1,0,0.4962411596486431,-0.015035644658804515
44,2,79,1,in_sample,f1,0,0.3768982964655873,-0.5027343731077025
44,2,65,0,in_sample,f1,1,0.5982741168891031,0.39827906514645833
44,2,133,0,in_sample,f1,1,0.702251404851452,0.8580419764833989
44,2,153,0,in_sample,f1,0,0.35879863685427965,-0.5805822156646077
44,2,175,0,in_sample,f1,1,0.5968408884676812,0.3923192576658988
44,2,69,1,in_sample,f1,0,0.2998811113318321,-0.8478640610267848
44,2,270,1,in_sample,f1,0,0.4532788261993459,-0.18743148884348418
44,2,119,1,in_sample,f1,0,0.38809463377161146,-0.45532842885268104
44,2,309,0,in_sample,f1,0,0.3989060690658592,-0.410025240094655
44,2,252,0,in_sample,f1,1,0.5095214457962424,0.03809038789125585
44,2,81,1,in_sample,f1,0,0.41011739918147966,-0.36348007725870646
44,2,28,0,in_sample,f1,1,0.8307515005275853,1.5909626674588542
44,2,174,0,in_sample,f1,0,0.1806827461386303,-1.5117286666192764
44,2,155,1,in_sample,f1,1,0.6198483073873081,0.4889044184484094
44,2,303,0,in_sample,f1,0,0.293886244847502,-0.8765835806145924
44,2,22,1,in_sample,f1,0,0.48008035235571433,-0.07972078524138997
44,2,214,0,in_sample,f1,0,0.3514799125106839,-0.6125404168772781
44,2,230,1,in_sample,f1,0,0.43328987242312844,-0.2684409788155893
44,2,152,0,in_sample,f1,1,0.5019944605510692,0.007977884517804092
44,2,23,0,in_sample,f1,1,0.8027410963163563,1.403515143642689
44,2,24,1,in_sample,f1,0,0.46077913865022957,-0.15720641196612262
44,2,182,0,in_sample,f1,0,0.4589364588144778,-0.16462495678687628
44,2,218,1,in_sample,f1,0,0.4838911938274043,-0.06445753262608814
44,2,103,0,in_sample,f1,0,0.45204657284789246,-0.19240508458935685
44,2,86,1,in_sample,f1,1,0.5577522690794423,0.23204469931283297
44,2,128,1,in_sample,f1,0,0.46239296269064467,-0.15071278120870987
44,2,4,0,in_sample,f1,0,0.375624626118609,-0.5081614382808094
44,2,239,0,in_sample,f1,1,0.6580152646424766,0.6544620269920632
44,2,68,0,in_sample,f1,0,0.3520594451794902,-0.6099989160655546
44,2,137,1,in_sample,f1,1,0.6731201332391679,0.7223310943244392
44,2,278,0,in_sample,f1,0,0.40699411301165755,-0.37640560542297863
44,2,305,0,in_sample,f1,0,0.30956226533548564,-0.8021665422143998
44,2,121,1,in_sample,f1,1,0.5617073428267294,0.24809411764465683
44,2,208,0,in_sample,f1,0,0.4697409458974409,-0.12118430464953102
44,2,147,0,in_sample,f2,0,0.19904795818270068,-1.3922552808060242
44,2,280,1,in_sample,f2,0,0.3706943110371237,-0.5292393671388516
44,2,53,1,in_sample,f2,1,0.647804885150656,0.6094042222711435
44,2,222,1,in_sample,f2,1,0.5286576726919522,0.11475646122997876
44,2,33,1,in_sample,f2,1,0.641936929849431,0.5837809142652702
44,2,192,0,in_sample,f2,1,0.5042952513935202,0.017181428226851585
44,2,40,0,in_sample,f2,1,0.8853871891441615,2.0444654655840697
44,2,11,1,in_sample,f2,1,0.7847160424746557,1.293364033607467
44,2,169,0,in_sample,f2,1,0.5822246408809733,0.33191248446691013
44,2,226,1,in_sample,f2,1,0.7013260422566592,0.8536203530176488
44,2,30,0,in_sample,f2,1,0.8696554559458969,1.89791582218208
44,2,261,0,in_sample,f2,1,0.5169473508383715,0.06781538123279422
44,2,138,1,in_sample,f2,1,0.8045933164322393,1.415254009217969
44,2,259,0,in_sample,f2,1,0.8758676328446031,1.9538665021441561
44,2,201,0,in_sample,f2,0,0.22813386464420843,-1.2188785528949815
44,2,205,1,in_sample,f2,1,0.6239137658619378,0.5061936998794803
44,2,106,1,in_sample,f2,1,0.721087403758392,0.9498618980567172
44,2,32,1,in_sample,f2,0,0.42552091821896837,-0.30014957714603835
44,2,56,1,in_sample,f2,1,0.8738758730034877,1.9356717869168478
44,2,107,1,in_sample,f2,1,0.7009311659786976,0.8517359271607413
44,2,162,1,in_sample,f2,1,0.7204598805266086,0.9467439086175379
44,2,55,0,in_sample,f2,0,0.4845975814386212,-0.06162917326888902
44,2,225,0,in_sample,f2,0,0.2949183436573185,-0.8716151038429905
44,2,204,1,in_sample,f2,1,0.8367062404128395,1.6339222567992073
44,2,200,1,in_sample,f2,0,0.281611225898052,-0.936483402431728
44,2,233,1,in_sample,f2,0,0.2255638107174075,-1.2335321736289857
44,2,98,1,in_sample,f2,0,0.14465173388768715,-1.777179696657214
44,2,310,0,in_sample,f2,0,0.04412959048885712,-3.0754918053742117
44,2,19,1,in_sample,f2,0,0.2745656482580436,-0.9715801931899741
44,2,158,0,in_sample,f2,0,0.2256015341401865,-1.2333162350233828
44,2,79,1,in_sample,f2,0,0.22932076794521628,-1.2121504887329975
44,2,65,0,in_sample,f2,0,0.34485454703445817,-0.6417345512453438
44,2,133,0,in_sample,f2,1,0.7392226624329177,1.0419322474656187
44,2,153,0,in_sample,f2,1,0.8413324881453211,1.668176038046533
44,2,175,0,in_sample,f2,0,0.23872119235784275,-1.1597033490598538
44,2,69,1,in_sample,f2,0,0.3732858732968012,-0.5181459559469559
44,2,270,1,in_sample,f2,1,0.6519387781766325,0.6275722699344986
44,2,119,1,in_sample,f2,1,0.5122785032835651,0.049123889387089184
44,2,309,0,in_sample,f2,0,0.13335021583748258,-1.8716560861337395
44,2,252,0,in_sample,f2,0,0.10555348464913628,-2.1369873204203476
44,2,81,1,in_sample,f2,0,0.4110184258352332,-0.3597568547033673
44,2,28,0,in_sample,f2,1,0.7618810658027843,1.1630201895120265
44,2,174,0,in_sample,f2,0,0.044229313993442335,-3.0731302343077096
44,2,155,1,in_sample,f2,0,0.3704267894406522,-0.5303863204000644
44,2,303,0,in_sample,f2,0,0.3028246942270283,-0.8338828227073809
44,2,22,1,in_sample,f2,0,0.12586806481628376,-1.937997066128902
44,2,214,0,in_sample,f2,0,0.058318142405139196,-2.781754251312064
44,2,230,1,in_sample,f2,0,0.44938282846331057,-0.20316463007163735
44,2,152,0,in_sample,f2,0,0.2238324807492797,-1.2434704539335568
44,2,23,0,in_sample,f2,1,0.6639693433997195,0.6810335831489639
44,2,24,1,in_sample,f2,1,0.9391284555402045,2.73618645494348
44,2,182,0,in_sample,f2,0,0.1982786555998979,-1.397087703800584
44,2,218,1,in_sample,f2,0,0.37471438032735105,-0.5120444535184246
44,2,103,0,in_sample,f2,0,0.271164953657559,-0.9887201117368629
44,2,86,1,in_sample,f2,0,0.3229334525307951,-0.7403232929932506
44,2,128,1,in_sample,f2,1,0.7216224347906979,0.9525237181305577
44,2,4,0,in_sample,f2,0,0.2240326721473904,-1.2423185169944562
44,2,239,0,in_sample,f2,0,0.4905824894174885,-0.0376744978617048
44,2,68,0,in_sample,f2,1,0.5484014755277254,0.1942140733525834
44,2,137,1,in_sample,f2,1,0.6628061735138233,0.6758246820093001
44,2,278,0,in_sample,f2,0,0.2284501468502474,-1.2170832773653237
44,2,305,0,in_sample,f2,0,0.16376750130830503,-1.6304589358796466
44,2,121,1,in_sample,f2,1,0.8177617899045644,1.5012564058452984
44,2,208,0,in_sample,f2,0,0.18961155906224403,-1.452536135948427
44,2,147,0,in_sample,f3,0,0.355487855918347,-0.5950025767494177
44,2,280,1,in_sample,f3,1,0.9395788391120506,2.7440923419537757
44,2,53,1,in_sample,f3,1,0.8409633400305437,1.665413326606367
44,2,222,1,in_sample,f3,0,0.23975059554754788,-1.1540473454035405
44,2,33,1,in_sample,f3,0,0.41111209456114234,-0.35936993872412526
44,2,192,0,in_sample,f3,1,0.6771279500095964,0.7406041359559723
44,2,40,0,in_sample,f3,0,0.2845703240916309,-0.9219028996474735
44,2,11,1,in_sample,f3,0,0.0360171887210342,-3.287077174848708
44,2,169,0,in_sample,f3,0,0.10007631162713193,-2.1963769577983263
44,2,226,1,in_sample,f3,1,0.7590341635827291,1.1473916218531837
44,2,30,0,in_sample,f3,0,0.4025993150482725,-0.3946462404524582
44,2,261,0,in_sample,f3,1,0.6181864121804963,0.48185755030725863
44,2,138,1,in_sample,f3,1,0.6126805844155983,0.45859401479148226
44,2,259,0,in_sample,f3,0,0.22763246952476832,-1.2217281599267618
44,2,201,0,in_sample,f3,0,0.1011377735497928,-2.184646088863432
44,2,205,1,in_sample,f3,0,0.4372522365741332,-0.25232127643554947
44,2,106,1,in_sample,f3,0,0.3771708031375138,-0.5015741752904874
44,2,32,1,in_sample,f3,1,0.8467771408977638,1.7095440871820644
44,2,56,1,in_sample,f3,0,0.34301325083399187,-0.6498947709953145
44,2,107,1,in_sample,f3,1,0.802605970893677,1.4026620183904863
44,2,162,1,in_sample,f3,0,0.2550990101013493,-1.0715995653762622
44,2,55,0,in_sample,f3,0,0.3775368050493645,-0.5000164412575616
44,2,225,0,in_sample,f3,1,0.7430853901955413,1.0620671922379528
44,2,204,1,in_sample,f3,1,0.5000588579917504,0.00023543196808908928
44,2,200,1,in_sample,f3,1,0.7551714890866599,1.1263868513144708
44,2,233,1,in_sample,f3,0,0.3199862481954691,-0.7538350007264348
44,2,98,1,in_sample,f3,0,0.4925717850150709,-0.029715046239135717
44,2,310,0,in_sample,f3,0,0.4422384554418662,-0.2320823029900539
44,2,19,1,in_sample,f3,1,0.5870237040379129,0.3516750041297613
44,2,158,0,in_sample,f3,0,0.2710353517769735,-0.989375975578135
44,2,79,1,in_sample,f3,0,0.2993664904341539,-0.8503163961068144
44,2,65,0,in_sample,f3,1,0.7111838350799501,0.9011405766965881
44,2,133,0,in_sample,f3,0,0.13516561325859883,-1.8560372367306819
44,2,153,0,in_sample,f3,1,0.9166294739818563,2.3974084854872064
44,2,175,0,in_sample,f3,1,0.6874469557523561,0.7882104749303628
44,2,69,1,in_sample,f3,1,0.8778802483878434,1.9725080590758601
44,2,270,1,in_sample,f3,1,0.6409874683226877,0.5796526114727671
44,2,119,1,in_sample,f3,1,0.8542767314728419,1.7685457807578078
44,2,309,0,in_sample,f3,0,0.09012676232783669,-2.3120881408708516
44,2,252,0,in_sample,f3,1,0.6573790392432541,0.6516360109494441
44,2,81,1,in_sample,f3,1,0.5377796793683182,0.15140729649104312
44,2,28,0,in_sample,f3,0,0.2336310383791955,-1.1879206150059156
44,2,174,0,in_sample,f3,0,0.01981414364831235,-3.901346194658232
44,2,155,1,in_sample,f3,1,0.516837063344573,0.06737372715773964
44,2,303,0,in_sample,f3,0,0.1856379061620385,-1.4786070645329064
44,2,22,1,in_sample,f3,0,0.37303279337294065,-0.5192279035657277
44,2,214,0,in_sample,f3,0,0.033157215237673524,-3.3727755546680194
44,2,230,1,in_sample,f3,0,0.24726641503803734,-1.1132450016186664
44,2,152,0,in_sample,f3,1,0.8015613130793287,1.3960812966377207
44,2,23,0,in_sample,f3,1,0.9384442093760381,2.7242794794657486
44,2,24,1,in_sample,f3,0,0.21202871865539236,-1.3127399133465576
44,2,182,0,in_sample,f3,0,0.15289982984238204,-1.7120359522425033
44,2,218,1,in_sample,f3,1,0.5255590795886901,0.1023255083213713
44,2,103,0,in_sample,f3,0,0.40614366786115713,-0.379930466288019
44,2,86,1,in_sample,f3,1,0.7736187383841386,1.2288585899730697
44,2,128,1,in_sample,f3,1,0.6327454003394078,0.5440127905024633
44,2,4,0,in_sample,f3,0,0.48008132797204983,-0.07971687657263223
44,2,239,0,in_sample,f3,0,0.15628580350331206,-1.6861274027161046
44,2,68,0,in_sample,f3,1,0.8121026491368861,1.4637309396980602
44,2,137,1,in_sample,f3,0,0.22139159945740294,-1.2575751476854227
44,2,278,0,in_sample,f3,0,0.08945875923899035,-2.3202614643139463
44,2,305,0,in_sample,f3,0,0.0744955435788162,-2.5195996412894557
44,2,121,1,in_sample,f3,1,0.5035908008153294,0.014363450198286332
44,2,208,0,in_sample,f3,0,0.13026260352200802,-1.8986388829194296
44,2,147,0,in_sample,f1_f2,0,0.25552114174255075,-1.0693793017177466
44,2,280,1,in_sample,f1_f2,0,0.3844154487584004,-0.47084844063442793
44,2,53,1,in_sample,f1_f2,1,0.5520655793857177,0.20902000331293802
44,2,222,1,in_sample,f1_f2,1,0.5317755537619716,0.12727374196381291
44,2,33,1,in_sample,f1_f2,1,0.6471207146208217,0.6064068223340574
44,2,192,0,in_sample,f1_f2,1,0.531783053386274,0.12730386213738407
44,2,40,0,in_sample,f1_f2,1,0.8647401008821797,1.8552308940688809
44,2,11,1,in_sample,f1_f2,1,0.7424602094511461,1.058795044706943
44,2,169,0,in_sample,f1_f2,1,0.5556827077443224,0.2236585324233159
44,2,226,1,in_sample,f1_f2,1,0.67694988652619,0.7397897860541641
44,2,30,0,in_sample,f1_f2,1,0.8502255418206844,1.7363711072063
44,2,261,0,in_sample,f1_f2,1,0.5075525636220026,0.03021255244219251
44,2,138,1,in_sample,f1_f2,1,0.8282937271736169,1.573582533563763
44,2,259,0,in_sample,f1_f2,1,0.8632189809929957,1.8422871571913546
44,2,201,0,in_sample,f1_f2,0,0.24283363395618143,-1.1372064245481697
44,2,205,1,in_sample,f1_f2,1,0.6224610951104835,0.5000075058824978
44,2,106,1,in_sample,f1_f2,1,0.7384784579948734,1.0380752728832388
44,2,32,1,in_sample,f1_f2,0,0.4502253536841218,-0.1997602169138494
44,2,56,1,in_sample,f1_f2,1,0.8445624698864527,1.692574790844784
44,2,107,1,in_sample,f1_f2,1,0.6953483745058763,0.8252440659666292
44,2,162,1,in_sample,f1_f2,1,0.695571048398571,0.826295428714718
44,2,55,0,in_sample,f1_f2,1,0.5265875154004402,0.1064504699119822
44,2,225,0,in_sample,f1_f2,0,0.3035404033080197,-0.8304950562678901
44,2,204,1,in_sample,f1_f2,1,0.8020684748480572,1.3992728460169208
44,2,200,1,in_sample,f1_f2,0,0.25916562968143747,-1.0503097243259658
44,2,233,1,in_sample,f1_f2,0,0.1789122984921116,-1.5237341933172448
44,2,98,1,in_sample,f1_f2,0,0.1601130315121728,-1.657387308690438
44,2,310,0,in_sample,f1_f2,0,0.035341732560844774,-3.306709420434516
44,2,19,1,in_sample,f1_f2,0,0.2737387957438794,-0.9757353840906484
44,2,158,0,in_sample,f1_f2,0,0.23300642306640476,-1.1914124070661303
44,2,79,1,in_sample,f1_f2,0,0.20943171572363176,-1.3283542870743976
44,2,65,0,in_sample,f1_f2,0,0.380675568975987,-0.48668176920707484
44,2,133,0,in_sample,f1_f2,1,0.7837706131113938,1.287776571699526
44,2,153,0,in_sample,f1_f2,1,0.8066441348893323,1.4283502463796085
44,2,175,0,in_sample,f1_f2,0,0.27113718835407336,-0.9888606043793219
44,2,69,1,in_sample,f1_f2,0,0.31659620156711465,-0.769458748007841
44,2,270,1,in_sample,f1_f2,1,0.634183156857327,0.5502050240851614
44,2,119,1,in_sample,f1_f2,0,0.47628927273555266,-0.0949140992037005
44,2,309,0,in_sample,f1_f2,0,0.12615534702662273,-1.9353885568158686
44,2,252,0,in_sample,f1_f2,0,0.1143522134690225,-2.047036062189056
44,2,81,1,in_sample,f1_f2,0,0.38694501255974584,-0.4601720375739699
44,2,28,0,in_sample,f1_f2,1,0.8377039028486577,1.641242273049369
44,2,174,0,in_sample,f1_f2,0,0.030730032378819515,-3.4513027476471203
44,2,155,1,in_sample,f1_f2,0,0.413407658103169,-0.3498959296324615
44,2,303,0,in_sample,f1_f2,0,0.25281285021085176,-1.0836661964359944
44,2,22,1,in_sample,f1_f2,0,0.13091766309649616,-1.8928692701879353
44,2,214,0,in_sample,f1_f2,0,0.053165394654141704,-2.8797167184967383
44,2,230,1,in_sample,f1_f2,0,0.43087916388080416,-0.27826508877360107
44,2,152,0,in_sample,f1_f2,0,0.23258129193574595,-1.1937927493690463
44,2,23,0,in_sample,f1_f2,1,0.7531061621841981,1.1152477656777697
44,2,24,1,in_sample,f1_f2,1,0.9306336445877105,2.5964637347752757
44,2,182,0,in_sample,f1_f2,0,0.19815642111705903,-1.397856825598606
44,2,218,1,in_sample,f1_f2,0,0.37501652836540034,-0.5107551033619
44,2,103,0,in_sample,f1_f2,0,0.2665066716695039,-1.0124192241780374
44,2,86,1,in_sample,f1_f2,0,0.3462545126021318,-0.6355440225108627
44,2,128,1,in_sample,f1_f2,1,0.7059704965016271,0.8758933326232432
44,2,4,0,in_sample,f1_f2,0,0.204363525331359,-1.3592419965072626
44,2,239,0,in_sample,f1_f2,1,0.5447283580538174,0.1793929887440236
44,2,68,0,in_sample,f1_f2,0,0.49882527960798073,-0.004698890213847368
44,2,137,1,in_sample,f1_f2,1,0.7089714964983402,0.8903941107716931
44,2,278,0,in_sample,f1_f2,0,0.21545511093335787,-1.2923512045937455
44,2,305,0,in_sample,f1_f2,0,0.138359053949391,-1.8289865015407316
44,2,121,1,in_sample,f1_f2,1,0.8226723028120724,1.5345585300082525
44,2,208,0,in_sample,f1_f2,0,0.1919497766565253,-1.437390456296844
44,2,147,0,in_sample,f1_f3,0,0.4669060437869993,-0.13256964031085944
44,2,280,1,in_sample,f1_f3,1,0.932245952215656,2.621712473228471
44,2,53,1,in_sample,f1_f3,1,0.7252342366343656,0.9705757225616384
44,2,222,1,in_sample,f1_f3,0,0.2589120470671571,-1.0516308957548661
44,2,33,1,in_sample,f1_f3,0,0.4328852364801201,-0.270089037942269
44,2,192,0,in_sample,f1_f3,1,0.7028146450822377,0.8607371595177856
44,2,40,0,in_sample,f1_f3,0,0.26046350820322284,-1.0435608598065862
44,2,11,1,in_sample,f1_f3,0,0.03359547687269266,-3.359191066534608
44,2,169,0,in_sample,f1_f3,0,0.099917975590046,-2.1981362921004632
44,2,226,1,in_sample,f1_f3,1,0.7191441459172725,0.9402202558136583
44,2,30,0,in_sample,f1_f3,0,0.373592746065408,-0.5168344351118519
44,2,261,0,in_sample,f1_f3,1,0.5975149254088654,0.39512124884755195
44,2,138,1,in_sample,f1_f3,1,0.6781112860395397,0.7451055361830285
44,2,259,0,in_sample,f1_f3,0,0.22991851243962919,-1.2087713848432262
44,2,201,0,in_sample,f1_f3,0,0.1216446218448122,-1.976947412280475
44,2,205,1,in_sample,f1_f3,0,0.4455801412124393,-0.2185451463374545
44,2,106,1,in_sample,f1_f3,0,0.429767991900128,-0.2827978004123164
44,2,32,1,in_sample,f1_f3,1,0.8498060239153993,1.7330804837184037
44,2,56,1,in_sample,f1_f3,0,0.29354416733615385,-0.8782325715709733
44,2,107,1,in_sample,f1_f3,1,0.7879161248849371,1.3124098099279373
44,2,162,1,in_sample,f1_f3,0,0.24319751719771227,-1.135228357241786
44,2,55,0,in_sample,f1_f3,0,0.4472449743148219,-0.21180842637817743
44,2,225,0,in_sample,f1_f3,1,0.7326254684422905,1.0079841988027267
44,2,204,1,in_sample,f1_f3,0,0.4317837115535887,-0.27457734058939026
44,2,200,1,in_sample,f1_f3,1,0.6956379648007872,0.8266114613836746
44,2,233,1,in_sample,f1_f3,0,0.22899416376495463,-1.2139994257430229
44,2,98,1,in_sample,f1_f3,1,0.5156667904886223,0.06268768277735019
44,2,310,0,in_sample,f1_f3,0,0.32445117573367327,-0.7333903686596762
44,2,19,1,in_sample,f1_f3,1,0.5672030222340976,0.27044855901603043
44,2,158,0,in_sample,f1_f3,0,0.28421002560582315,-0.9236733004516502
44,2,79,1,in_sample,f1_f3,0,0.2619892287908774,-1.0356550281974815
44,2,65,0,in_sample,f1_f3,1,0.739795411806114,1.0449054781825167
44,2,133,0,in_sample,f1_f3,0,0.2142502135398404,-1.2994938497492525
44,2,153,0,in_sample,f1_f3,1,0.8760646090174032,1.9556794534493762
44,2,175,0,in_sample,f1_f3,1,0.7184113816594775,0.9365951542874752
44,2,69,1,in_sample,f1_f3,1,0.8064027586020326,1.4268033924331924
44,2,270,1,in_sample,f1_f3,1,0.6117526894869127,0.45468556389457626
44,2,119,1,in_sample,f1_f3,1,0.807067971073287,1.4310699464322187
44,2,309,0,in_sample,f1_f3,0,0.08679234664755585,-2.3534448499112446
44,2,252,0,in_sample,f1_f3,1,0.6533088255260703,0.6336155543366032
44,2,81,1,in_sample,f1_f3,0,0.4919772778966745,-0.03209364283904981
44,2,28,0,in_sample,f1_f3,0,0.4223995151543071,-0.3129308424366066
44,2,174,0,in_sample,f1_f3,0,0.012344161879587564,-4.3821510660743455
44,2,155,1,in_sample,f1_f3,1,0.5773662701428568,0.31197093164084916
44,2,303,0,in_sample,f1_f3,0,0.14098917170839645,-1.8070984365645142
44,2,22,1,in_sample,f1_f3,0,0.37352708745075297,-0.5171150120086059
44,2,214,0,in_sample,f1_f3,0,0.030967220046687366,-3.443369212784106
44,2,230,1,in_sample,f1_f3,0,0.23779094703828627,-1.164828951892521
44,2,152,0,in_sample,f1_f3,1,0.7880498901534296,1.3132104841662395
44,2,23,0,in_sample,f1_f3,1,0.9624567624789009,3.2439958737087147
44,2,24,1,in_sample,f1_f3,0,0.21487030993408535,-1.295814277897098
44,2,182,0,in_sample,f1_f3,0,0.15815657335879987,-1.6720085298778429
44,2,218,1,in_sample,f1_f3,1,0.5175725236648544,0.0703190563000912
44,2,103,0,in_sample,f1_f3,0,0.39102432161822887,-0.44300856825866547
44,2,86,1,in_sample,f1_f3,1,0.780443963049679,1.2682554476005472
44,2,128,1,in_sample,f1_f3,1,0.6081719584656726,0.43963459441057845
44,2,4,0,in_sample,f1_f3,0,0.4208158416446667,-0.31942518258274816
44,2,239,0,in_sample,f1_f3,0,0.22410924298129464,-1.2418781083826658
44,2,68,0,in_sample,f1_f3,1,0.7446043162012982,1.0700389144074332
44,2,137,1,in_sample,f1_f3,0,0.30822537873080835,-0.8084289462593286
44,2,278,0,in_sample,f1_f3,0,0.08751133582655196,-2.3444073252800193
44,2,305,0,in_sample,f1_f3,0,0.060574503130797916,-2.7413944507546555
44,2,121,1,in_sample,f1_f3,1,0.5357300752409551,0.1431643257790262
44,2,208,0,in_sample,f1_f3,0,0.13888679722245653,-1.8245667811917976
44,2,147,0,in_sample,f2_f3,0,0.1493940991943808,-1.7393611447950517
44,2,280,1,in_sample,f2_f3,1,0.8583310421575762,1.8014968019643145
44,2,53,1,in_sample,f2_f3,1,0.8742967059811649,1.939495477919424
44,2,222,1,in_sample,f2_f3,0,0.3018183822122282,-0.8386538132524626
44,2,33,1,in_sample,f2_f3,1,0.5603193385604639,0.24245817467075914
44,2,192,0,in_sample,f2_f3,1,0.6546157519427556,0.6393908654975359
44,2,40,0,in_sample,f2_f3,1,0.7499575594635463,1.0983859519471926
44,2,11,1,in_sample,f2_f3,0,0.17709806592408253,-1.5361334130094544
44,2,169,0,in_sample,f2_f3,0,0.1818369825998916,-1.5039510188255103
44,2,226,1,in_sample,f2_f3,1,0.849682025775035,1.732109313575564
44,2,30,0,in_sample,f2_f3,1,0.802458435861791,1.4017310468121058
44,2,261,0,in_sample,f2_f3,1,0.6156863801579747,0.47127877317277467
44,2,138,1,in_sample,f2_f3,1,0.8416558823776986,1.6706006155968591
44,2,259,0,in_sample,f2_f3,1,0.6832159933874714,0.7685908772370713
44,2,201,0,in_sample,f2_f3,0,0.05231653134403802,-2.8967081446672087
44,2,205,1,in_sample,f2_f3,1,0.5648300432535589,0.26078821754620984
44,2,106,1,in_sample,f2_f3,1,0.6120563394609065,0.45596421193402625
44,2,32,1,in_sample,f2_f3,1,0.7601358842677634,1.153424633837565
44,2,56,1,in_sample,f2_f3,1,0.7729184905992564,1.224864572209457
44,2,107,1,in_sample,f2_f3,1,0.8745096232031158,1.9414342219100906
44,2,162,1,in_sample,f2_f3,0,0.4954778895868414,-0.01808893487587182
44,2,55,0,in_sample,f2_f3,0,0.38758190015753885,-0.457488037229085
44,2,225,0,in_sample,f2_f3,1,0.5253181324496954,0.10135921851431506
44,2,204,1,in_sample,f2_f3,1,0.8159931665196672,1.4894330851664506
44,2,200,1,in_sample,f2_f3,1,0.5239486646710743,0.09586801559088276
44,2,233,1,in_sample,f2_f3,0,0.15095567590208875,-1.7271251357143966
44,2,98,1,in_sample,f2_f3,0,0.16518416557236504,-1.6201501365060107
44,2,310,0,in_sample,f2_f3,0,0.04919248026747806,-2.9615708725774836
44,2,19,1,in_sample,f2_f3,0,0.3597804854427537,-0.5763170262309971
44,2,158,0,in_sample,f2_f3,0,0.12767781064645858,-1.921648852508512
44,2,79,1,in_sample,f2_f3,0,0.1433735225558886,-1.7875487039889255
44,2,65,0,in_sample,f2_f3,1,0.5439401280158689,0.17621508289832621
44,2,133,0,in_sample,f2_f3,0,0.35881960029674104,-0.5804910960672567
44,2,153,0,in_sample,f2_f3,1,0.9707481905818508,3.5021256724575616
44,2,175,0,in_sample,f2_f3,0,0.4047849054995741,-0.3855670150887186
44,2,69,1,in_sample,f2_f3,1,0.7638076187704997,1.173669301913135
44,2,270,1,in_sample,f2_f3,1,0.7423731679311383,1.0583398879209631
44,2,119,1,in_sample,f2_f3,1,0.8202534302927188,1.5180654411090988
44,2,309,0,in_sample,f2_f3,0,0.02679443466251552,-3.5924011253832013
44,2,252,0,in_sample,f2_f3,0,0.20064364395460613,-1.3822764299612706
44,2,81,1,in_sample,f2_f3,0,0.45299551866035487,-0.1885747621133658
44,2,28,0,in_sample,f2_f3,1,0.5203235057175032,0.08133883807780196
44,2,174,0,in_sample,f2_f3,0,0.002490512310850438,-5.992773223543574
44,2,155,1,in_sample,f2_f3,0,0.3983481049179223,-0.412352772201486
44,2,303,0,in_sample,f2_f3,0,0.12294164723699649,-1.9648636968508673
44,2,22,1,in_sample,f2_f3,0,0.10245315583270559,-2.170259635210225
44,2,214,0,in_sample,f2_f3,0,0.005004978204834122,-5.292304675845933
44,2,230,1,in_sample,f2_f3,0,0.25116015795999425,-1.0924343164329757
44,2,152,0,in_sample,f2_f3,1,0.5102980794984319,0.04119814409466982
44,2,23,0,in_sample,f2_f3,1,0.9468300263343712,2.879625758399271
44,2,24,1,in_sample,f2_f3,1,0.8023174770007211,1.40084206149868
44,2,182,0,in_sample,f2_f3,0,0.064938604521639,-2.6671699130359485
44,2,218,1,in_sample,f2_f3,0,0.40929728829445616,-0.3668711067181066
44,2,103,0,in_sample,f2_f3,0,0.23207575117843918,-1.196627261863578
44,2,86,1,in_sample,f2_f3,1,0.5885506918357984,0.35797723575722695
44,2,128,1,in_sample,f2_f3,1,0.7896382196607316,1.322746078790632
44,2,4,0,in_sample,f2_f3,0,0.2354506226671858,-1.177785389761153
44,2,239,0,in_sample,f2_f3,0,0.19523145830893654,-1.4163688898617026
44,2,68,0,in_sample,f2_f3,1,0.8017535902537329,1.397290565962549
44,2,137,1,in_sample,f2_f3,0,0.3972736165380802,-0.4168380812637692
44,2,278,0,in_sample,f2_f3,0,0.0471018272448611,-3.0071962535127392
44,2,305,0,in_sample,f2_f3,0,0.02803619251611096,-3.5458223033070966
44,2,121,1,in_sample,f2_f3,1,0.7991734565502358,1.3811364466817788
44,2,208,0,in_sample,f2_f3,0,0.053576627917917743,-2.8715770814614836
44,2,147,0,in_sample,f1_f2_f3,0,0.13739638449779426,-1.837085209862309
44,2,280,1,in_sample,f1_f2_f3,1,0.8600276119163328,1.8155193204280913
44,2,53,1,in_sample,f1_f2_f3,1,0.8882106205901178,2.0725923403426334
44,2,222,1,in_sample,f1_f2_f3,0,0.2984081736071943,-0.8548895316373823
44,2,33,1,in_sample,f1_f2_f3,1,0.5575962615936808,0.23141225450692032
44,2,192,0,in_sample,f1_f2_f3,1,0.649278110294447,0.615867573790241
44,2,40,0,in_sample,f1_f2_f3,1,0.7577602103945249,1.1404388887575374
44,2,11,1,in_sample,f1_f2_f3,0,0.18154046485340558,-1.505945382065198
44,2,169,0,in_sample,f1_f2_f3,0,0.18286767800132075,-1.4970382223080145
44,2,226,1,in_sample,f1_f2_f3,1,0.8552734125212417,1.7765748397069743
44,2,30,0,in_sample,f1_f2_f3,1,0.8087262757321108,1.4417549974231336
44,2,261,0,in_sample,f1_f2_f3,1,0.6195096336825667,0.4874673931881055
44,2,138,1,in_sample,f1_f2_f3,1,0.8359386888430901,1.6283150652128526
44,2,259,0,in_sample,f1_f2_f3,1,0.6867735271720438,0.7850780988418093
44,2,201,0,in_sample,f1_f2_f3,0,0.05009297793954156,-2.9424832709095803
44,2,205,1,in_sample,f1_f2_f3,1,0.5644698084604971,0.25932277843330176
44,2,106,1,in_sample,f1_f2_f3,1,0.6044353219017528,0.42398036110607634
44,2,32,1,in_sample,f1_f2_f3,1,0.758361585722424,1.143717845005801
44,2,56,1,in_sample,f1_f2_f3,1,0.7833961964850836,1.2855686715821437
44,2,107,1,in_sample,f1_f2_f3,1,0.8769118182908846,1.9635054150783462
44,2,162,1,in_sample,f1_f2_f3,1,0.5009688969657012,0.003875592713818543
44,2,55,0,in_sample,f1_f2_f3,0,0.3749100163409129,-0.5112095724756707
44,2,225,0,in_sample,f1_f2_f3,1,0.5255734940930658,0.10238331748324936
44,2,204,1,in_sample,f1_f2_f3,1,0.8256635029521537,1.5551999863706338
44,2,200,1,in_sample,f1_f2_f3,1,0.5355324548813711,0.14236980949982014
44,2,233,1,in_sample,f1_f2_f3,0,0.1611146192225942,-1.6499580507169513
44,2,98,1,in_sample,f1_f2_f3,0,0.16075481309960957,-1.6526225966515076
44,2,310,0,in_sample,f1_f2_f3,0,0.05248218967899329,-2.893371866120891
44,2,19,1,in_sample,f1_f2_f3,0,0.36126351167830306,-0.5698843466848875
44,2,158,0,in_sample,f1_f2_f3,0,0.1253350509628383,-1.9428503385220863
44,2,79,1,in_sample,f1_f2_f3,0,0.1465836257925968,-1.7616514674735235
44,2,65,0,in_sample,f1_f2_f3,1,0.5355211885196941,0.14232451538030189
44,2,133,0,in_sample,f1_f2_f3,0,0.33785115559426165,-0.6728849407280121
44,2,153,0,in_sample,f1_f2_f3,1,0.9732884562500187,3.595584676782474
44,2,175,0,in_sample,f1_f2_f3,0,0.3954184264481773,-0.4245920930970202
44,2,69,1,in_sample,f1_f2_f3,1,0.7804960297238402,1.2685593329355616
44,2,270,1,in_sample,f1_f2_f3,1,0.7476955507225893,1.086359387009352
44,2,119,1,in_sample,f1_f2_f3,1,0.8290717304314659,1.5790626855569223
44,2,309,0,in_sample,f1_f2_f3,0,0.026679828489512974,-3.596805291484345
44,2,252,0,in_sample,f1_f2_f3,0,0.19809759513488776,-1.3982270967887878
44,2,81,1,in_sample,f1_f2_f3,0,0.4607446996762169,-0.157345021490085
44,2,28,0,in_sample,f1_f2_f3,0,0.4822775786364367,-0.07091939496121369
44,2,174,0,in_sample,f1_f2_f3,0,0.002671715656461017,-5.9223591539069895
44,2,155,1,in_sample,f1_f2_f3,0,0.3863102173320358,-0.46284884197778503
44,2,303,0,in_sample,f1_f2_f3,0,0.12922876390585628,-1.907795099807744
44,2,22,1,in_sample,f1_f2_f3,0,0.10098283276420128,-2.186351600450828
44,2,214,0,in_sample,f1_f2_f3,0,0.004980189665619012,-5.2972946710672
44,2,230,1,in_sample,f1_f2_f3,0,0.25302395380586407,-1.0825489546238527
44,2,152,0,in_sample,f1_f2_f3,1,0.5109686133442463,0.04388149348521142
44,2,23,0,in_sample,f1_f2_f3,1,0.941777608104721,2.7834991406769682
44,2,24,1,in_sample,f1_f2_f3,1,0.8058801781898824,1.4234594625600219
44,2,182,0,in_sample,f1_f2_f3,0,0.06393805812831542,-2.6837668785479543
44,2,218,1,in_sample,f1_f2_f3,0,0.4096722195104834,-0.36532056743756086
44,2,103,0,in_sample,f1_f2_f3,0,0.23280409848871345,-1.1925448605220046
44,2,86,1,in_sample,f1_f2_f3,1,0.5847490196378163,0.3422996195267105
44,2,128,1,in_sample,f1_f2_f3,1,0.7940889635244122,1.3497512859702265
44,2,4,0,in_sample,f1_f2_f3,0,0.24173214596165807,-1.1432064143723901
44,2,239,0,in_sample,f1_f2_f3,0,0.18283826715518467,-1.497235058651957
44,2,68,0,in_sample,f1_f2_f3,1,0.8131477781736224,1.4705948151775978
44,2,137,1,in_sample,f1_f2_f3,0,0.37914095746623805,-0.49319601614731756
44,2,278,0,in_sample,f1_f2_f3,0,0.04701234056600809,-3.009191821912963
44,2,305,0,in_sample,f1_f2_f3,0,0.02891862220856612,-3.513924518328246
44,2,121,1,in_sample,f1_f2_f3,1,0.7973705245595919,1.3699404027110627
44,2,208,0,in_sample,f1_f2_f3,0,0.05241434940266527,-2.8947369318788625
44,2,147,0,inner_oof,f1,1,0.5312276395251078,0.12507335055378863
44,2,280,1,inner_oof,f1,0,0.49892969200392007,-0.004281238523544055
44,2,53,1,inner_oof,f1,0,0.44141888388288814,-0.23540557250657893
44,2,222,1,inner_oof,f1,0,0.49564729860248025,-0.01741124543046182
44,2,33,1,inner_oof,f1,0,0.49924588834705136,-0.0030164488990057133
44,2,192,0,inner_oof,f1,1,0.5086202606416583,0.034484459506863345
44,2,40,0,inner_oof,f1,0,0.4769790622158837,-0.09214890206830097
44,2,11,1,inner_oof,f1,0,0.46723545169462294,-0.13124626871564604
44,2,169,0,inner_oof,f1,0,0.48005836391991713,-0.07980887895863316
44,2,226,1,inner_oof,f1,0,0.481743831581325,-0.07305715062260909
44,2,30,0,inner_oof,f1,0,0.4800944510628569,-0.07966430082591869
44,2,261,0,inner_oof,f1,0,0.4885303605323417,-0.04588660767222209
44,2,138,1,inner_oof,f1,1,0.5218217895271632,0.08734264195298487
44,2,259,0,inner_oof,f1,0,0.48722665264421183,-0.051104508865370935
44,2,201,0,inner_oof,f1,0,0.49888802825737044,-0.004447894303511396
44,2,205,1,inner_oof,f1,0,0.4949155562247067,-0.020338476162518375
44,2,106,1,inner_oof,f1,1,0.5099941708199756,0.03998200856862098
44,2,32,1,inner_oof,f1,1,0.5057877919599923,0.023152201963409315
44,2,56,1,inner_oof,f1,0,0.4690772932197449,-0.12384888985367909
44,2,107,1,inner_oof,f1,0,0.493747387526018,-0.02501175373507935
44,2,162,1,inner_oof,f1,0,0.4812719581726999,-0.07494722970845503
44,2,55,0,inner_oof,f1,1,0.5162210096890896,0.06490681629288049
44,2,225,0,inner_oof,f1,0,0.4949415148524588,-0.020234630967996485
44,2,204,1,inner_oof,f1,0,0.4688207175589987,-0.12487916594117439
44,2,200,1,inner_oof,f1,0,0.47333645638323635,-0.10675544759555013
44,2,233,1,inner_oof,f1,0,0.4478294786887225,-0.20944438196070175
44,2,98,1,inner_oof,f1,1,0.5015067672140077,0.006027087100850502
44,2,310,0,inner_oof,f1,0,0.4472842081799086,-0.21164972551452432
44,2,19,1,inner_oof,f1,0,0.48824189940864404,-0.047041075066481045
44,2,158,0,inner_oof,f1,0,0.49334725124422046,-0.026612565560327234
44,2,79,1,inner_oof,f1,0,0.4717167238714354,-0.11325400352930186
44,2,65,0,inner_oof,f1,1,0.5117014338371343,0.04681428323452193
44,2,133,0,inner_oof,f1,1,0.5320790812234468,0.1284928225444899
44,2,153,0,inner_oof,f1,0,0.4682717020086858,-0.12708395351372004
44,2,175,0,inner_oof,f1,1,0.5114368802331585,0.045755501941865694
44,2,69,1,inner_oof,f1,0,0.45646860691212543,-0.17456753728034582
44,2,270,1,inner_oof,f1,0,0.485694078452767,-0.0572393090163562
44,2,119,1,inner_oof,f1,0,0.4738159337351212,-0.10483216656533183
44,2,309,0,inner_oof,f1,0,0.47582289661871674,-0.09678389169888107
44,2,252,0,inner_oof,f1,0,0.49570647196567014,-0.017174534281543443
44,2,81,1,inner_oof,f1,0,0.4778856928174726,-0.08851497565837263
44,2,28,0,inner_oof,f1,1,0.5643164076869077,0.25869882653652554
44,2,174,0,inner_oof,f1,0,0.4273905953561422,-0.2925054786569278
44,2,155,1,inner_oof,f1,1,0.5157233650150485,0.06291420408422359
44,2,303,0,inner_oof,f1,0,0.4552030276268358,-0.17966966351056937
44,2,22,1,inner_oof,f1,0,0.49047512390430437,-0.038104114068409356
44,2,214,0,inner_oof,f1,0,0.4668583034286554,-0.13276144321473682
44,2,230,1,inner_oof,f1,0,0.48209991884211606,-0.07163093706640117
44,2,152,0,inner_oof,f1,0,0.4943692057806365,-0.022524129105010025
44,2,23,0,inner_oof,f1,1,0.5561121637751799,0.22539809791086562
44,2,24,1,inner_oof,f1,0,0.48703547781231776,-0.05186971510392957
44,2,182,0,inner_oof,f1,0,0.48670622219160037,-0.053187646345931434
44,2,218,1,inner_oof,f1,0,0.4911527879570339,-0.03539254219517649
44,2,103,0,inner_oof,f1,0,0.4854733677840536,-0.05812288623762415
44,2,86,1,inner_oof,f1,1,0.5043204296248361,0.017282148628608066
44,2,128,1,inner_oof,f1,0,0.4873236924230781,-0.05071609818093456
44,2,4,0,inner_oof,f1,0,0.4714764672723773,-0.1142181412297318
44,2,239,0,inner_oof,f1,1,0.5230651457518827,0.09232611031688413
44,2,68,0,inner_oof,f1,0,0.46697068588221813,-0.132309936429744
44,2,137,1,inner_oof,f1,1,0.5260721547825884,0.10438329489473233
44,2,278,0,inner_oof,f1,0,0.4773127784607897,-0.09081124235199878
44,2,305,0,inner_oof,f1,0,0.4584835060823271,-0.16644920825760742
44,2,121,1,inner_oof,f1,1,0.5050331764024556,0.020133385676646715
44,2,208,0,inner_oof,f1,0,0.48863439371695433,-0.0454702578272858
44,2,147,0,inner_oof,f2,0,0.4541125369755814,-0.1840677966987711
44,2,280,1,inner_oof,f2,0,0.4807802543899771,-0.0769168813654774
44,2,53,1,inner_oof,f2,1,0.516108324001016,0.06445560193582192
44,2,222,1,inner_oof,f2,1,0.5007601968193334,0.003040789620361365
44,2,33,1,inner_oof,f2,1,0.5153137704304843,0.06127424587596707
44,2,192,0,inner_oof,f2,0,0.49773151618300476,-0.009073997528272308
44,2,40,0,inner_oof,f2,1,0.5603618933219574,0.2426309094187568
44,2,11,1,inner_oof,f2,1,0.5372745041870753,0.14937514823301504
44,2,169,0,inner_oof,f2,1,0.5075000860261145,0.030002594485698773
44,2,226,1,inner_oof,f2,1,0.5236765678402164,0.09477715398860968
44,2,30,0,inner_oof,f2,1,0.555874532135335,0.2244354993647692
44,2,261,0,inner_oof,f2,0,0.4993031622417373,-0.0027873528377062723
44,2,138,1,inner_oof,f2,1,0.5410347092688389,0.16450884652267952
44,2,259,0,inner_oof,f2,1,0.5575888629116872,0.23138226184795635
44,2,201,0,inner_oof,f2,0,0.45945383623036234,-0.16254157128512922
44,2,205,1,inner_oof,f2,1,0.5129074116327684,0.051641119872216396
44,2,106,1,inner_oof,f2,1,0.5266562966382868,0.10672637703387972
44,2,32,1,inner_oof,f2,0,0.4878840233384458,-0.04847339579064627
44,2,56,1,inner_oof,f2,1,0.5570315247196419,0.22912323005032656
44,2,107,1,inner_oof,f2,1,0.5236182067188254,0.09454318616455488
44,2,162,1,inner_oof,f2,1,0.5265597893566866,0.10633925158565023
44,2,55,0,inner_oof,f2,0,0.4952853853187831,-0.01885901765884289
44,2,225,0,inner_oof,f2,0,0.4701789850574785,-0.11942580037239546
44,2,204,1,inner_oof,f2,1,0.5477684681898225,0.19165840716414537
44,2,200,1,inner_oof,f2,0,0.4681731494312611,-0.1274797625993043
44,2,233,1,inner_oof,f2,0,0.45900201717432243,-0.16436094547015848
44,2,98,1,inner_oof,f2,0,0.44229341267927463,-0.23185950347892523
44,2,310,0,inner_oof,f2,0,0.40298179516996835,-0.3930562191294962
44,2,19,1,inner_oof,f2,0,0.4670883228051382,-0.13183733375813403
44,2,158,0,inner_oof,f2,0,0.4590086747803439,-0.16433413481825773
44,2,79,1,inner_oof,f2,0,0.4596613068299037,-0.16170622373016427
44,2,65,0,inner_oof,f2,0,0.47729459290793025,-0.09088413475757039
44,2,133,0,inner_oof,f2,1,0.5295051081348863,0.11815770994209843
44,2,153,0,inner_oof,f2,1,0.548821774281353,0.19591131137616763
44,2,175,0,inner_oof,f2,0,0.4612790719351448,-0.15519445617919217
44,2,69,1,inner_oof,f2,0,0.48112409046731464,-0.07553953809224707
44,2,270,1,inner_oof,f2,1,0.516671648180157,0.0667113227239535
44,2,119,1,inner_oof,f2,0,0.4987229868357428,-0.005108063763767464
44,2,309,0,inner_oof,f2,0,0.43940194885602907,-0.2435895671422687
44,2,252,0,inner_oof,f2,0,0.4313040245915198,-0.276532742546201
44,2,81,1,inner_oof,f2,0,0.48603509377284826,-0.05587415659893036
44,2,28,0,inner_oof,f2,1,0.5332488187156352,0.13319182880436212
44,2,174,0,inner_oof,f2,0,0.4030523397176746,-0.3927630095867833
44,2,155,1,inner_oof,f2,0,0.48074470604095493,-0.0770592855666482
44,2,303,0,inner_oof,f2,0,0.4713461773751068,-0.11474101021121083
44,2,22,1,inner_oof,f2,0,0.43737401701142536,-0.251826375546396
44,2,214,0,inner_oof,f2,0,0.4117862126029252,-0.3565861526022407
44,2,230,1,inner_oof,f2,0,0.4908930390365741,-0.03643187293110274
44,2,152,0,inner_oof,f2,0,0.45869562579756584,-0.165594869218967
44,2,23,0,inner_oof,f2,1,0.5183290352819322,0.07334900872154804
44,2,24,1,inner_oof,f2,1,0.5813977841287676,0.328514073322611
44,2,182,0,inner_oof,f2,0,0.4539638076303655,-0.1846677839515489
44,2,218,1,inner_oof,f2,0,0.48131321186552745,-0.07478198361408299
44,2,103,0,inner_oof,f2,0,0.4665586477729242,-0.133965403393876
44,2,86,1,inner_oof,f2,0,0.4742416280516529,-0.10312478264430208
44,2,128,1,inner_oof,f2,1,0.5267386830964281,0.10705686509655357
44,2,4,0,inner_oof,f2,0,0.4587311377447745,-0.16545184625093576
44,2,239,0,inner_oof,f2,0,0.4960288742975259,-0.01588483681728124
44,2,68,0,inner_oof,f2,1,0.5032264906479789,0.01290614173531478
44,2,137,1,inner_oof,f2,1,0.5181675680744251,0.07270227843980395
44,2,278,0,inner_oof,f2,0,0.4595091950456599,-0.1623186722478903
44,2,305,0,inner_oof,f2,0,0.4467915183549744,-0.21364284771772385
44,2,121,1,inner_oof,f2,1,0.543685028755779,0.17518679043256347
44,2,208,0,inner_oof,f2,0,0.45225784435854527,-0.19155218800986012
44,2,147,0,inner_oof,f3,0,0.4505617420357925,-0.19840128723676276
44,2,280,1,inner_oof,f3,1,0.7075597399871173,0.8835616575569936
44,2,53,1,inner_oof,f3,1,0.6304245536290192,0.5340385824879641
44,2,222,1,inner_oof,f3,0,0.40623594344084935,-0.3795478969891657
44,2,33,1,inner_oof,f3,0,0.46952543879010733,-0.1220495245182653
44,2,192,0,inner_oof,f3,1,0.5583266893511258,0.23437376323297893
44,2,40,0,inner_oof,f3,0,0.42450019870325995,-0.3043264090521602
44,2,11,1,inner_oof,f3,0,0.2552678934213462,-1.0707110090865366
44,2,169,0,inner_oof,f3,0,0.3279894231554406,-0.7172927183644106
44,2,226,1,inner_oof,f3,1,0.5905367291553355,0.36618462721330824
44,2,30,0,inner_oof,f3,0,0.46667944218569235,-0.13348006250196642
44,2,261,0,inner_oof,f3,1,0.5375622006993642,0.1505324156283597
44,2,138,1,inner_oof,f3,1,0.5356878005134097,0.14299435995585463
44,2,259,0,inner_oof,f3,0,0.4009571829290624,-0.40147843061293703
44,2,201,0,inner_oof,f3,0,0.3288277884269009,-0.7134915788919463
44,2,205,1,inner_oof,f3,0,0.4781732119705511,-0.08736267412739294
44,2,106,1,inner_oof,f3,0,0.4580667820976447,-0.168127793721
44,2,32,1,inner_oof,f3,1,0.6337499595289816,0.5483382202134509
44,2,56,1,inner_oof,f3,0,0.4461625364479816,-0.21618793948190085
44,2,107,1,inner_oof,f3,1,0.6103775696399073,0.4488995894053491
44,2,162,1,inner_oof,f3,0,0.4126957304154029,-0.3528324411420266
44,2,55,0,inner_oof,f3,0,0.45819208487142166,-0.1676230430198356
44,2,225,0,inner_oof,f3,1,0.5838351121574431,0.3385370540304542
44,2,204,1,inner_oof,f3,0,0.49861824725114134,-0.0055270250653579375
44,2,200,1,inner_oof,f3,1,0.5888899724147865,0.35937847646285004
44,2,233,1,inner_oof,f3,0,0.4378560953676291,-0.24986756817784056
44,2,98,1,inner_oof,f3,0,0.49619211292065546,-0.015231842804308423
44,2,310,0,inner_oof,f3,0,0.47980981868422207,-0.08080466369587293
44,2,19,1,inner_oof,f3,1,0.5270609115535034,0.10834952042702856
44,2,158,0,inner_oof,f3,0,0.4191680328213913,-0.32618962938750296
44,2,79,1,inner_oof,f3,0,0.4301766849453678,-0.2811303196734189
44,2,65,0,inner_oof,f3,1,0.5711126539351155,0.28639219469400573
44,2,133,0,inner_oof,f3,0,0.3527409092549613,-0.6070128443859715
44,2,153,0,inner_oof,f3,1,0.6837860642932829,0.7712261009503242
44,2,175,0,inner_oof,f3,1,0.5621271721662612,0.2497995884825306
44,2,69,1,inner_oof,f3,1,0.6532930992869512,0.6335461224540294
44,2,270,1,inner_oof,f3,1,0.5454295724198641,0.1822208326818087
44,2,119,1,inner_oof,f3,1,0.638176061654137,0.5674564686260545
44,2,309,0,inner_oof,f3,0,0.3197792475668306,-0.7547864750352574
44,2,252,0,inner_oof,f3,1,0.5512062246021702,0.2055455277774181
44,2,81,1,inner_oof,f3,1,0.5108625440326899,0.043457013930676656
44,2,28,0,inner_oof,f3,0,0.4035912099550422,-0.3905238121461425
44,2,174,0,inner_oof,f3,0,0.21929973130943206,-1.2697518670885022
44,2,155,1,inner_oof,f3,1,0.5040568401398648,0.0162277166656853
44,2,303,0,inner_oof,f3,0,0.3811394618347066,-0.4847145957564545
44,2,22,1,inner_oof,f3,0,0.4566471059525701,-0.17384811024278546
44,2,214,0,inner_oof,f3,0,0.250024851278386,-1.0984797529081014
44,2,230,1,inner_oof,f3,0,0.4094289026095313,-0.3663267621874288
44,2,152,0,inner_oof,f3,1,0.609870343377461,0.4467672459830015
44,2,23,0,inner_oof,f3,1,0.7062295651697839,0.8771417193509048
44,2,24,1,inner_oof,f3,0,0.3938950003632296,-0.4309688605463182
44,2,182,0,inner_oof,f3,0,0.3634659528686842,-0.5603522798880255
44,2,218,1,inner_oof,f3,1,0.5068878394096129,0.02755310063778177
44,2,103,0,inner_oof,f3,0,0.46786641812699836,-0.12871172774733175
44,2,86,1,inner_oof,f3,1,0.596904173788318,0.3925822717476672
44,2,128,1,inner_oof,f3,1,0.5425648531234827,0.17067250399161138
44,2,4,0,inner_oof,f3,0,0.49214217794241955,-0.031433876262440416
44,2,239,0,inner_oof,f3,0,0.36541045142311035,-0.5519571634797135
44,2,68,0,inner_oof,f3,1,0.6150731006519117,0.4686876791548259
44,2,137,1,inner_oof,f3,0,0.3981704975512705,-0.4130938873105291
44,2,278,0,inner_oof,f3,0,0.31920344317782184,-0.7574348672842196
44,2,305,0,inner_oof,f3,0,0.30533372766423617,-0.8220261790681935
44,2,121,1,inner_oof,f3,0,0.4997627149765074,-0.0009491401652243631
44,2,208,0,inner_oof,f3,0,0.34959565920675206,-0.620817005000052
44,2,147,0,inner_oof,f1_f2,0,0.48127633381749785,-0.07492970254513034
44,2,280,1,inner_oof,f1_f2,0,0.4837384209939975,-0.0650692649632303
44,2,53,1,inner_oof,f1_f2,0,0.4763964424253957,-0.0944844586314322
44,2,222,1,inner_oof,f1_f2,1,0.5002027825419209,0.0008111302121558903
44,2,33,1,inner_oof,f1_f2,1,0.516395091368987,0.06560388456777692
44,2,192,0,inner_oof,f1_f2,1,0.5064622397523554,0.025850398442431095
44,2,40,0,inner_oof,f1_f2,1,0.5432372063306432,0.1733818635276688
44,2,11,1,inner_oof,f1_f2,1,0.5145864415237935,0.058362326411861926
44,2,169,0,inner_oof,f1_f2,0,0.4955866660501425,-0.01765379427838236
44,2,226,1,inner_oof,f1_f2,1,0.5119774006239811,0.047918769681425694
44,2,30,0,inner_oof,f1_f2,1,0.5411701041378479,0.16505411069641104
44,2,261,0,inner_oof,f1_f2,0,0.49383912522884393,-0.024644746368867793
44,2,138,1,inner_oof,f1_f2,1,0.5562527355347281,0.22596757509827742
44,2,259,0,inner_oof,f1_f2,1,0.547758908023854,0.1916198143220765
44,2,201,0,inner_oof,f1_f2,0,0.4636634850762554,-0.14560274899411263
44,2,205,1,inner_oof,f1_f2,1,0.5110984714156344,0.044401178837710636
44,2,106,1,inner_oof,f1_f2,1,0.5345610509775173,0.13846500795314956
44,2,32,1,inner_oof,f1_f2,0,0.4952239483025102,-0.019104787861441572
44,2,56,1,inner_oof,f1_f2,1,0.5345574959869899,0.13845071973086476
44,2,107,1,inner_oof,f1_f2,1,0.5203423389574995,0.08141429582309395
44,2,162,1,inner_oof,f1_f2,1,0.5143588654192129,0.05745125865713842
44,2,55,0,inner_oof,f1_f2,1,0.509501123268142,0.0380090683527069
44,2,225,0,inner_oof,f1_f2,0,0.47098571807568973,-0.11618765846066317
44,2,204,1,inner_oof,f1_f2,1,0.5256129923458647,0.10254172553255035
44,2,200,1,inner_oof,f1_f2,0,0.45401366583828623,-0.18446664787011285
44,2,233,1,inner_oof,f1_f2,0,0.4277186288756227,-0.2911652077685072
44,2,98,1,inner_oof,f1_f2,0,0.4493360451384514,-0.20335370285459609
44,2,310,0,inner_oof,f1_f2,0,0.37578033498847613,-0.5074975764710566
44,2,19,1,inner_oof,f1_f2,0,0.4634017356385012,-0.14665534604075622
44,2,158,0,inner_oof,f1_f2,0,0.4593797049251847,-0.1628400629678285
44,2,79,1,inner_oof,f1_f2,0,0.4449314108926092,-0.22117155262688648
44,2,65,0,inner_oof,f1_f2,0,0.489418753868694,-0.04233130465358978
44,2,133,0,inner_oof,f1_f2,1,0.552632394936796,0.21131239419644487
44,2,153,0,inner_oof,f1_f2,1,0.5262231078052796,0.10498876282049281
44,2,175,0,inner_oof,f1_f2,0,0.47415482726313896,-0.10347291284414041
44,2,69,1,inner_oof,f1_f2,0,0.4543098171064779,-0.18327200226213772
44,2,270,1,inner_oof,f1_f2,1,0.5081642812835855,0.03266002796758611
44,2,119,1,inner_oof,f1_f2,0,0.4829594483170642,-0.06818861576427634
44,2,309,0,inner_oof,f1_f2,0,0.42885687090226626,-0.2865166131647591
44,2,252,0,inner_oof,f1_f2,0,0.43497261453925673,-0.2615911257890783
44,2,81,1,inner_oof,f1_f2,0,0.473919577798549,-0.10441645476141583
44,2,28,0,inner_oof,f1_f2,1,0.5785448021147085,0.31680250924454917
44,2,174,0,inner_oof,f1_f2,0,0.36263128927629784,-0.5639617258221085
44,2,155,1,inner_oof,f1_f2,0,0.4954877632605831,-0.018049436957106063
44,2,303,0,inner_oof,f1_f2,0,0.44431461305986447,-0.223669383794525
44,2,22,1,inner_oof,f1_f2,0,0.43706687886201656,-0.2530746066599304
44,2,214,0,inner_oof,f1_f2,0,0.39702249730764444,-0.417886939700463
44,2,230,1,inner_oof,f1_f2,0,0.4814313959388405,-0.07430859026557134
44,2,152,0,inner_oof,f1_f2,0,0.4597981932575855,-0.16115510302145367
44,2,23,0,inner_oof,f1_f2,1,0.5590312286964733,0.23723127731477966
44,2,24,1,inner_oof,f1_f2,1,0.570111619895193,0.2823065721960587
44,2,182,0,inner_oof,f1_f2,0,0.4500210502688603,-0.20058564423243233
44,2,218,1,inner_oof,f1_f2,0,0.4787886893768151,-0.08489619558479786
44,2,103,0,inner_oof,f1_f2,0,0.46097192920640345,-0.15643049889702976
44,2,86,1,inner_oof,f1_f2,0,0.48137082231110473,-0.07455122049819196
44,2,128,1,inner_oof,f1_f2,1,0.5187734503945588,0.07512911978088652
44,2,4,0,inner_oof,f1_f2,0,0.4438957799141382,-0.2253659179265998
44,2,239,0,inner_oof,f1_f2,1,0.5150063652869893,0.06004349381962849
44,2,68,0,inner_oof,f1_f2,0,0.4823692336242486,-0.07055231621634052
44,2,137,1,inner_oof,f1_f2,1,0.5378532430133555,0.1517032439917529
44,2,278,0,inner_oof,f1_f2,0,0.4486818911860393,-0.20599781876519138
44,2,305,0,inner_oof,f1_f2,0,0.4237792408758796,-0.3072781883071465
44,2,121,1,inner_oof,f1_f2,1,0.5470684112477684,0.18883276499669258
44,2,208,0,inner_oof,f1_f2,0,0.4497611679997355,-0.20163571987724166
44,2,147,0,inner_oof,f1_f3,0,0.45129984350074553,-0.19542016922457345
44,2,280,1,inner_oof,f1_f3,1,0.7073834281683486,0.882709726648172
44,2,53,1,inner_oof,f1_f3,1,0.629267730700238,0.5290766551284681
44,2,222,1,inner_oof,f1_f3,0,0.40633392165923266,-0.3791417149153604
44,2,33,1,inner_oof,f1_f3,0,0.4696199230202218,-0.12167018278535781
44,2,192,0,inner_oof,f1_f3,1,0.5584960030929398,0.2350603889602461
44,2,40,0,inner_oof,f1_f3,0,0.4242195965436476,-0.3054751064684445
44,2,11,1,inner_oof,f1_f3,0,0.2550787051146054,-1.0717064233048177
44,2,169,0,inner_oof,f1_f3,0,0.32789874927088014,-0.7177041304194356
44,2,226,1,inner_oof,f1_f3,1,0.5901548662283096,0.36460562175413197
44,2,30,0,inner_oof,f1_f3,0,0.46640343104082105,-0.13458907315096352
44,2,261,0,inner_oof,f1_f3,1,0.5373663526519218,0.14974460040666004
44,2,138,1,inner_oof,f1_f3,1,0.536143466967648,0.14482647914439106
44,2,259,0,inner_oof,f1_f3,0,0.40090247049472477,-0.4017062234037037
44,2,201,0,inner_oof,f1_f3,0,0.3290619661260066,-0.7124307038683528
44,2,205,1,inner_oof,f1_f3,0,0.47817277945876663,-0.08736440747772936
44,2,106,1,inner_oof,f1_f3,0,0.45838386913932916,-0.16685052957596072
44,2,32,1,inner_oof,f1_f3,1,0.6337703542858528,0.5484260876609628
44,2,56,1,inner_oof,f1_f3,0,0.4456991034752722,-0.21806360537195277
44,2,107,1,inner_oof,f1_f3,1,0.6102023561134081,0.4481628908510784
44,2,162,1,inner_oof,f1_f3,0,0.41251313456092664,-0.35358584244131697
44,2,55,0,inner_oof,f1_f3,0,0.45863030922413006,-0.16585793355812117
44,2,225,0,inner_oof,f1_f3,1,0.5837110276687368,0.3380263805966943
44,2,204,1,inner_oof,f1_f3,0,0.4980811037603705,-0.007675622642522081
44,2,200,1,inner_oof,f1_f3,1,0.588349689212477,0.3571472519498505
44,2,233,1,inner_oof,f1_f3,0,0.43699168253126847,-0.25338023970442786
44,2,98,1,inner_oof,f1_f3,0,0.4962992100577884,-0.014803430100131776
44,2,310,0,inner_oof,f1_f3,0,0.47887174230188256,-0.084563387278593
44,2,19,1,inner_oof,f1_f3,1,0.5268715065431905,0.10758969025421326
44,2,158,0,inner_oof,f1_f3,0,0.4192074376553013,-0.3260277822004815
44,2,79,1,inner_oof,f1_f3,0,0.4297869498126302,-0.28272044289971965
44,2,65,0,inner_oof,f1_f3,1,0.5713247231982442,0.2872580383485216
44,2,133,0,inner_oof,f1_f3,0,0.3535491900485319,-0.6034744814848877
44,2,153,0,inner_oof,f1_f3,1,0.6831102582135189,0.7681023831062272
44,2,175,0,inner_oof,f1_f3,1,0.5623459779514892,0.25068858536966754
44,2,69,1,inner_oof,f1_f3,1,0.652411695725244,0.629657052072287
44,2,270,1,inner_oof,f1_f3,1,0.5451696455758109,0.18117252050601895
44,2,119,1,inner_oof,f1_f3,1,0.6376117239380842,0.5650132920907401
44,2,309,0,inner_oof,f1_f3,0,0.3196272008390277,-0.7554855627262413
44,2,252,0,inner_oof,f1_f3,1,0.5511342000404867,0.20525438017757125
44,2,81,1,inner_oof,f1_f3,1,0.5104890298626382,0.0419622757450763
44,2,28,0,inner_oof,f1_f3,0,0.4049953731946012,-0.3846935388285019
44,2,174,0,inner_oof,f1_f3,0,0.21862988242422232,-1.2736686742248413
44,2,155,1,inner_oof,f1_f3,1,0.504433184118174,0.017733201166111635
44,2,303,0,inner_oof,f1_f3,0,0.38051520634126274,-0.487362014009392
44,2,22,1,inner_oof,f1_f3,0,0.4565860379747132,-0.17409423510241162
44,2,214,0,inner_oof,f1_f3,0,0.2498389241821062,-1.099471544290135
44,2,230,1,inner_oof,f1_f3,0,0.4092663713037594,-0.3669989843017368
44,2,152,0,inner_oof,f1_f3,1,0.6097072572015879,0.4460818556410976
44,2,23,0,inner_oof,f1_f3,1,0.7069876649748712,0.8807985115570482
44,2,24,1,inner_oof,f1_f3,0,0.39384548468934916,-0.431176267789046
44,2,182,0,inner_oof,f1_f3,0,0.36344790562870294,-0.5604302862538748
44,2,218,1,inner_oof,f1_f3,1,0.50677920513907,0.027118482372376455
44,2,103,0,inner_oof,f1_f3,0,0.46769399089526126,-0.12940431261282204
44,2,86,1,inner_oof,f1_f3,1,0.5969425987968907,0.3927419728000199
44,2,128,1,inner_oof,f1_f3,1,0.5423398315923145,0.1697658821909807
44,2,4,0,inner_oof,f1_f3,0,0.4916651551244363,-0.03334246811677612
44,2,239,0,inner_oof,f1_f3,0,0.3660515173682826,-0.5491936121242136
44,2,68,0,inner_oof,f1_f3,1,0.6143950012714141,0.4658245196887824
44,2,137,1,inner_oof,f1_f3,0,0.39884962299628757,-0.410260653428345
44,2,278,0,inner_oof,f1_f3,0,0.3190776618153165,-0.7580137316803036
44,2,305,0,inner_oof,f1_f3,0,0.3049131488501649,-0.8240098252525678
44,2,121,1,inner_oof,f1_f3,0,0.4999346444043423,-0.0002614223841195737
44,2,208,0,inner_oof,f1_f3,0,0.34962880580083766,-0.6206712310486526
44,2,147,0,inner_oof,f2_f3,0,0.4206888124261328,-0.3199463926609112
44,2,280,1,inner_oof,f2_f3,1,0.6896478206793676,0.7984733475045763
44,2,53,1,inner_oof,f2_f3,1,0.6393290676121762,0.5724532966222005
44,2,222,1,inner_oof,f2_f3,0,0.41348490415144273,-0.3495774003306683
44,2,33,1,inner_oof,f2_f3,0,0.4854437647102703,-0.05824139877225625
44,2,192,0,inner_oof,f2_f3,1,0.5569966729080066,0.22898198629166075
44,2,40,0,inner_oof,f2_f3,0,0.4766728992207701,-0.09337619047558474
44,2,11,1,inner_oof,f2_f3,0,0.2892710544895283,-0.8989269738109595
44,2,169,0,inner_oof,f2_f3,0,0.34247913229039917,-0.6522657732828064
44,2,226,1,inner_oof,f2_f3,1,0.6070740624674564,0.4350296575721952
44,2,30,0,inner_oof,f2_f3,1,0.514054836582626,0.056234160663147056
44,2,261,0,inner_oof,f2_f3,1,0.538307449915088,0.15353067163203757
44,2,138,1,inner_oof,f2_f3,1,0.568298408112682,0.2749120571203761
44,2,259,0,inner_oof,f2_f3,0,0.4513908509011599,-0.1950526596364707
44,2,201,0,inner_oof,f2_f3,0,0.310746111947775,-0.7966334723986436
44,2,205,1,inner_oof,f2_f3,0,0.49189288679553267,-0.032431295091941974
44,2,106,1,inner_oof,f2_f3,0,0.48314995587049875,-0.06742570928787955
44,2,32,1,inner_oof,f2_f3,1,0.6223038239850051,0.4993383312088884
44,2,56,1,inner_oof,f2_f3,0,0.49515993767642125,-0.019360854044497194
44,2,107,1,inner_oof,f2_f3,1,0.6257565878302768,0.5140550377595375
44,2,162,1,inner_oof,f2_f3,0,0.43915537790233655,-0.24459061475191007
44,2,55,0,inner_oof,f2_f3,0,0.45922099957845314,-0.1634791186443185
44,2,225,0,inner_oof,f2_f3,1,0.5606741941052737,0.24389868517385632
44,2,204,1,inner_oof,f2_f3,1,0.5383153316145309,0.15356238461835872
44,2,200,1,inner_oof,f2_f3,1,0.5640621465245981,0.2576647390120239
44,2,233,1,inner_oof,f2_f3,0,0.4123933012930515,-0.3540803355651188
44,2,98,1,inner_oof,f2_f3,0,0.45480213452425733,-0.1812863295027134
44,2,310,0,inner_oof,f2_f3,0,0.40902734392932977,-0.367987739730828
44,2,19,1,inner_oof,f2_f3,1,0.503484372817268,0.013937716893040561
44,2,158,0,inner_oof,f2_f3,0,0.3948086871019536,-0.4271433165885459
44,2,79,1,inner_oof,f2_f3,0,0.4056504253936557,-0.3819758881849912
44,2,65,0,inner_oof,f2_f3,1,0.5537678506933428,0.21590622611478594
44,2,133,0,inner_oof,f2_f3,0,0.38251168445807016,-0.4789009457209814
44,2,153,0,inner_oof,f2_f3,1,0.7110780827698568,0.9006257758161228
44,2,175,0,inner_oof,f2_f3,1,0.5328106183352181,0.13143134468076004
44,2,69,1,inner_oof,f2_f3,1,0.6364814946896609,0.5601251396595089
44,2,270,1,inner_oof,f2_f3,1,0.5590476061887121,0.2372977135787423
44,2,119,1,inner_oof,f2_f3,1,0.6343629361273354,0.5509800324581177
44,2,309,0,inner_oof,f2_f3,0,0.2893635197181597,-0.8984772681909403
44,2,252,0,inner_oof,f2_f3,0,0.4989457617976457,-0.004216959058497949
44,2,81,1,inner_oof,f2_f3,1,0.5025477647007706,0.010191147006099525
44,2,28,0,inner_oof,f2_f3,0,0.43535356486511095,-0.26004126299816144
44,2,174,0,inner_oof,f2_f3,0,0.18149363886789777,-1.5062605629447448
44,2,155,1,inner_oof,f2_f3,0,0.4919587813003407,-0.03216764832152245
44,2,303,0,inner_oof,f2_f3,0,0.3679968805905663,-0.540819868432163
44,2,22,1,inner_oof,f2_f3,0,0.41374120254037017,-0.3485206622527125
44,2,214,0,inner_oof,f2_f3,0,0.21174367269569733,-1.314446873346634
44,2,230,1,inner_oof,f2_f3,0,0.4092033499094126,-0.36725965998853705
44,2,152,0,inner_oof,f2_f3,1,0.5773847352041673,0.3120466040801154
44,2,23,0,inner_oof,f2_f3,1,0.7125567912191219,0.9078343098909245
44,2,24,1,inner_oof,f2_f3,0,0.4629114690566564,-0.14862711875021295
44,2,182,0,inner_oof,f2_f3,0,0.3391688233071603,-0.6670004140454437
44,2,218,1,inner_oof,f2_f3,0,0.4951070885261674,-0.019572270673371403
44,2,103,0,inner_oof,f2_f3,0,0.4465301228470523,-0.21470046575580432
44,2,86,1,inner_oof,f2_f3,1,0.5764412434075128,0.30818117006702284
44,2,128,1,inner_oof,f2_f3,1,0.5639608440069784,0.25725277692841225
44,2,4,0,inner_oof,f2_f3,0,0.46362594321842354,-0.14575371455434788
44,2,239,0,inner_oof,f2_f3,0,0.3706990452373011,-0.5292190731275049
44,2,68,0,inner_oof,f2_f3,1,0.6154428264210628,0.47024957785546617
44,2,137,1,inner_oof,f2_f3,0,0.41869043310033155,-0.32815160863013876
44,2,278,0,inner_oof,f2_f3,0,0.3018421903181995,-0.8385408333940625
44,2,305,0,inner_oof,f2_f3,0,0.2809318516393498,-0.9398440163078703
44,2,121,1,inner_oof,f2_f3,1,0.5362573443363112,0.1452843889280471
44,2,208,0,inner_oof,f2_f3,0,0.3251527007787877,-0.7301915213685946
44,2,147,0,inner_oof,f1_f2_f3,0,0.4127378619836788,-0.3526586178776116
44,2,280,1,inner_oof,f1_f2_f3,1,0.6911607087591324,0.8055513223767715
44,2,53,1,inner_oof,f1_f2_f3,1,0.6510813600363755,0.6237958397024277
44,2,222,1,inner_oof,f1_f2_f3,0,0.4126180777358371,-0.353152828568434
44,2,33,1,inner_oof,f1_f2_f3,0,0.4847792316689932,-0.060901890308265635
44,2,192,0,inner_oof,f1_f2_f3,1,0.5552425147279545,0.22187582508389547
44,2,40,0,inner_oof,f1_f2_f3,0,0.4805943186427252,-0.07766173562878023
44,2,11,1,inner_oof,f1_f2_f3,0,0.2920355758876661,-0.8855182139236123
44,2,169,0,inner_oof,f1_f2_f3,0,0.3437026651132501,-0.6468370026455412
44,2,226,1,inner_oof,f1_f2_f3,1,0.6112194307605083,0.45244093341118047
44,2,30,0,inner_oof,f1_f2_f3,1,0.5177778553784483,0.07114141082083215
44,2,261,0,inner_oof,f1_f2_f3,1,0.5403181902618963,0.16162367507436082
44,2,138,1,inner_oof,f1_f2_f3,1,0.564322321944134,0.2587228816272138
44,2,259,0,inner_oof,f1_f2_f3,0,0.45293531695652545,-0.18881771885506274
44,2,201,0,inner_oof,f1_f2_f3,0,0.3080971505281862,-0.8090303977944938
44,2,205,1,inner_oof,f1_f2_f3,0,0.4921574471013602,-0.03137278456746176
44,2,106,1,inner_oof,f1_f2_f3,0,0.48037346596241204,-0.07854649430659531
44,2,32,1,inner_oof,f1_f2_f3,1,0.621874837812169,0.4975135893967618
44,2,56,1,inner_oof,f1_f2_f3,1,0.5008753785293718,0.0035015176950494997
44,2,107,1,inner_oof,f1_f2_f3,1,0.627803285968006,0.5228043628258404
44,2,162,1,inner_oof,f1_f2_f3,0,0.4415547605468611,-0.23485451907788046
44,2,55,0,inner_oof,f1_f2_f3,0,0.45477251425003756,-0.18140578737609547
44,2,225,0,inner_oof,f1_f2_f3,1,0.5615154406920558,0.24731467413912006
44,2,204,1,inner_oof,f1_f2_f3,1,0.5445053455980445,0.17849377880807193
44,2,200,1,inner_oof,f1_f2_f3,1,0.5691777858704011,0.2784973297375433
44,2,233,1,inner_oof,f1_f2_f3,0,0.42062126571133845,-0.32022355926617985
44,2,98,1,inner_oof,f1_f2_f3,0,0.4529390216362168,-0.18880276767421536
44,2,310,0,inner_oof,f1_f2_f3,0,0.41700315917877956,-0.33508796976588445
44,2,19,1,inner_oof,f1_f2_f3,1,0.504974722994255,0.019899548622914445
44,2,158,0,inner_oof,f1_f2_f3,0,0.3939574935266567,-0.43070710727683864
44,2,79,1,inner_oof,f1_f2_f3,0,0.4091050049154295,-0.3676664695022009
44,2,65,0,inner_oof,f1_f2_f3,1,0.5512539713451637,0.20573854102027828
44,2,133,0,inner_oof,f1_f2_f3,0,0.37459196477693335,-0.5125669534370367
44,2,153,0,inner_oof,f1_f2_f3,1,0.7180767188190118,0.9349414326875319
44,2,175,0,inner_oof,f1_f2_f3,1,0.5299939983060664,0.1201202183470978
44,2,69,1,inner_oof,f1_f2_f3,1,0.6452912761783807,0.5984048494265098
44,2,270,1,inner_oof,f1_f2_f3,1,0.5619388982868218,0.24903471979820663
44,2,119,1,inner_oof,f1_f2_f3,1,0.6400519714355358,0.5755897224949637
44,2,309,0,inner_oof,f1_f2_f3,0,0.2902708891919475,-0.8940687755176773
44,2,252,0,inner_oof,f1_f2_f3,0,0.498694598820393,-0.005221616582465449
44,2,81,1,inner_oof,f1_f2_f3,1,0.5062016988709034,0.02480806772887873
44,2,28,0,inner_oof,f1_f2_f3,0,0.42139699192999164,-0.3170412283377138
44,2,174,0,inner_oof,f1_f2_f3,0,0.1868228597951407,-1.4707880763608028
44,2,155,1,inner_oof,f1_f2_f3,0,0.4878919952478657,-0.048441489430272947
44,2,303,0,inner_oof,f1_f2_f3,0,0.37405078406301634,-0.5148776686468468
44,2,22,1,inner_oof,f1_f2_f3,0,0.41354740137907403,-0.3493197016357389
44,2,214,0,inner_oof,f1_f2_f3,0,0.2127510030756258,-1.3084221035775827
44,2,230,1,inner_oof,f1_f2_f3,0,0.4108578359040496,-0.36042026310003383
44,2,152,0,inner_oof,f1_f2_f3,1,0.578467464634536,0.3164853402017199
44,2,23,0,inner_oof,f1_f2_f3,1,0.7049775220805046,0.8711143689559254
44,2,24,1,inner_oof,f1_f2_f3,0,0.4647680646349989,-0.14116168157714937
44,2,182,0,inner_oof,f1_f2_f3,0,0.33889430596465747,-0.66822545032254
44,2,218,1,inner_oof,f1_f2_f3,0,0.4959921300087384,-0.016031823330301308
44,2,103,0,inner_oof,f1_f2_f3,0,0.44787384172376593,-0.20926497830377763
44,2,86,1,inner_oof,f1_f2_f3,1,0.5756528472386844,0.30495290648939377
44,2,128,1,inner_oof,f1_f2_f3,1,0.5666365586234163,0.26814137565592455
44,2,4,0,inner_oof,f1_f2_f3,0,0.46793132376619384,-0.12845103061486043
44,2,239,0,inner_oof,f1_f2_f3,0,0.36424694863397833,-0.5569781360026191
44,2,68,0,inner_oof,f1_f2_f3,1,0.6223383284900281,0.4994851354297837
44,2,137,1,inner_oof,f1_f2_f3,0,0.4120631711824392,-0.3554428424347539
44,2,278,0,inner_oof,f1_f2_f3,0,0.3027634674882799,-0.8341728458684238
44,2,305,0,inner_oof,f1_f2_f3,0,0.2845827203533452,-0.9218420121000316
44,2,121,1,inner_oof,f1_f2_f3,1,0.5352016796910156,0.14104005550711277
44,2,208,0,inner_oof,f1_f2_f3,0,0.3243721559994016,-0.7337509115713918
44,3,176,1,in_sample,f1,1,0.539796778026849,0.1595245529162715
44,3,10,1,in_sample,f1,0,0.45041993988937973,-0.19897411216130664
44,3,279,0,in_sample,f1,0,0.30591519813529905,-0.8192862126625906
44,3,135,0,in_sample,f1,1,0.5850277178238386,0.3434474989416772
44,3,300,0,in_sample,f1,1,0.7596052442227293,1.1505164949883198
44,3,195,0,in_sample,f1,1,0.5017827471401664,0.007131018779052622
44,3,44,1,in_sample,f1,1,0.556340796912749,0.2263243434723046
44,3,251,1,in_sample,f1,1,0.6573737750289252,0.6516126386100258
44,3,48,0,in_sample,f1,0,0.48972082741726797,-0.041122484395781776
44,3,197,1,in_sample,f1,1,0.5712947529106019,0.2871356681495227
44,3,66,0,in_sample,f1,0,0.4421639760782351,-0.23238425537382776
44,3,0,0,in_sample,f1,1,0.7054637140005514,0.8734531292208291
44,3,85,1,in_sample,f1,1,0.6947593059010319,0.8224648367729316
44,3,210,1,in_sample,f1,1,0.6872356956790902,0.7872274274368832
44,3,57,0,in_sample,f1,1,0.5275906381514772,0.11047477471234847
44,3,59,0,in_sample,f1,1,0.6309168383699679,0.5361520715446557
44,3,84,1,in_sample,f1,0,0.4943339116288635,-0.022665323731356185
44,3,315,0,in_sample,f1,1,0.547357402343049,0.1899991289860288
44,3,271,0,in_sample,f1,0,0.46164388068567586,-0.15372650017278006
44,3,215,0,in_sample,f1,1,0.5923382878993962,0.3736402104696263
44,3,54,0,in_sample,f1,0,0.4106540147554528,-0.3612623757487637
44,3,17,0,in_sample,f1,1,0.6072255008085694,0.435664568797825
44,3,6,0,in_sample,f1,1,0.5380567983041543,0.15252218417368127
44,3,298,1,in_sample,f1,1,0.6604318079755882,0.6652190886084425
44,3,307,0,in_sample,f1,0,0.35945572051983443,-0.5777272516749287
44,3,165,1,in_sample,f1,1,0.73668605232788,1.0288147832265104
44,3,207,0,in_sample,f1,0,0.4933079358397587,-0.026769855189026855
44,3,161,1,in_sample,f1,1,0.5554441068138407,0.22269219522079253
44,3,184,0,in_sample,f1,0,0.22464636289110682,-1.2387917859523334
44,3,238,0,in_sample,f1,0,0.49870783789022094,-0.005168659945834026
44,3,134,0,in_sample,f1,1,0.5869445735586026,0.351348603715755
44,3,97,1,in_sample,f1,1,0.5259215280730947,0.10377915485435539
44,3,72,0,in_sample,f1,0,0.42683139808947773,-0.29479083460087235
44,3,2,0,in_sample,f1,0,0.48418451416826463,-0.06328305424694855
44,3,77,1,in_sample,f1,0,0.47145099336522517,-0.11432036984505028
44,3,164,1,in_sample,f1,1,0.8101850947683267,1.4512133192766021
44,3,213,0,in_sample,f1,1,0.6629613036330665,0.676518873146542
44,3,194,0,in_sample,f1,1,0.643241259269124,0.5894601056267207
44,3,289,0,in_sample,f1,1,0.5122881757689903,0.04916260269311278
44,3,73,0,in_sample,f1,0,0.4319881126080972,-0.2737442762544026
44,3,249,1,in_sample,f1,0,0.26687457723942754,-1.010537996196009
44,3,150,1,in_sample,f1,0,0.42320243236779004,-0.3096407408695378
44,3,263,1,in_sample,f1,0,0.4417305002079168,-0.23414185224285441
44,3,245,1,in_sample,f1,1,0.6064741035859039,0.43251515319821643
44,3,287,1,in_sample,f1,0,0.4678305251482272,-0.1288558957804438
44,3,247,1,in_sample,f1,0,0.38048348190377507,-0.4874965995016919
44,3,7,1,in_sample,f1,0,0.4534670984418252,-0.18667179330683306
44,3,256,0,in_sample,f1,1,0.6529805543126306,0.6321665320108854
44,3,168,1,in_sample,f1,0,0.39261878813586937,-0.436317483702045
44,3,78,1,in_sample,f1,0,0.4532945747853402,-0.187367939809893
44,3,124,1,in_sample,f1,0,0.46847874557895647,-0.1262524527970581
44,3,154,1,in_sample,f1,1,0.5820589053013971,0.33123115364726136
44,3,199,0,in_sample,f1,1,0.5320821927722265,0.12850532018827213
44,3,127,0,in_sample,f1,1,0.7257382549259227,0.9731064950157974
44,3,37,1,in_sample,f1,0,0.30169454759798586,-0.8392415441919648
44,3,151,1,in_sample,f1,1,0.5759265594185319,0.30607350240587144
44,3,113,0,in_sample,f1,0,0.3365741131645009,-0.6785987752304693
44,3,187,1,in_sample,f1,0,0.3944687373119525,-0.42856630206620006
44,3,92,0,in_sample,f1,0,0.2937917194326359,-0.8770391299783865
44,3,312,0,in_sample,f1,1,0.5186576451117341,0.07466524872383642
44,3,171,1,in_sample,f1,0,0.4414361501651571,-0.23533554641340723
44,3,101,1,in_sample,f1,1,0.6580599794412163,0.6546607381380986
44,3,292,1,in_sample,f1,0,0.38483172735469034,-0.4690896775003697
44,3,176,1,in_sample,f2,1,0.7766229194065432,1.246093641572283
44,3,10,1,in_sample,f2,1,0.8344600430895368,1.6175722635363636
44,3,279,0,in_sample,f2,0,0.2571869833906295,-1.0606409708500966
44,3,135,0,in_sample,f2,0,0.4569473562479097,-0.1726380750013372
44,3,300,0,in_sample,f2,1,0.8081824582032278,1.4382432305750994
44,3,195,0,in_sample,f2,1,0.5534879164874349,0.21477345812423912
44,3,44,1,in_sample,f2,0,0.23633573612271763,-1.1728748426321995
44,3,251,1,in_sample,f2,1,0.6481398004717948,0.6108724782744803
44,3,48,0,in_sample,f2,0,0.16914225859868054,-1.5917184628592493
44,3,197,1,in_sample,f2,0,0.09971855959896281,-2.2003556119007612
44,3,66,0,in_sample,f2,0,0.3712944768634837,-0.5266674944212015
44,3,0,0,in_sample,f2,0,0.4573412401556305,-0.17105087903856356
44,3,85,1,in_sample,f2,1,0.6261999879134043,0.5159488622349568
44,3,210,1,in_sample,f2,1,0.7343929489599491,1.0170262733303455
44,3,57,0,in_sample,f2,0,0.33485053774585044,-0.6863274943862333
44,3,59,0,in_sample,f2,0,0.44947334028375696,-0.2027988407366265
44,3,84,1,in_sample,f2,1,0.6503240297856073,0.6204638197595687
44,3,315,0,in_sample,f2,1,0.8371699813853946,1.637320307867774
44,3,271,0,in_sample,f2,0,0.42758394601419736,-0.2917154600393605
44,3,215,0,in_sample,f2,0,0.06717396018208315,-2.6309330558211634
44,3,54,0,in_sample,f2,0,0.3826117816476408,-0.47847717902975706
44,3,17,0,in_sample,f2,0,0.47600746820551315,-0.09604388830315805
44,3,6,0,in_sample,f2,1,0.7245360408046677,0.967074705867926
44,3,298,1,in_sample,f2,0,0.44079908698475795,-0.23791963706721958
44,3,307,0,in_sample,f2,1,0.7729293336960602,1.2249263518231412
44,3,165,1,in_sample,f2,1,0.8202674451366123,1.5181605000168144
44,3,207,0,in_sample,f2,0,0.08161102840342627,-2.420656612373585
44,3,161,1,in_sample,f2,1,0.7837539925542082,1.2876785031390718
44,3,184,0,in_sample,f2,0,0.3900707203936384,-0.44701495834755867
44,3,238,0,in_sample,f2,1,0.5848735309815798,0.3428124190757573
44,3,134,0,in_sample,f2,1,0.7103067883067047,0.8968745006088934
44,3,97,1,in_sample,f2,0,0.3749365973238158,-0.5110961510005068
44,3,72,0,in_sample,f2,0,0.4941827547498326,-0.023270030992990798
44,3,2,0,in_sample,f2,0,0.2962100753277293,-0.8654109926317641
44,3,77,1,in_sample,f2,1,0.7031009503187733,0.8621082998563667
44,3,164,1,in_sample,f2,1,0.560176331276709,0.24187771775779493
44,3,213,0,in_sample,f2,0,0.1853521338637183,-1.480498511634642
44,3,194,0,in_sample,f2,1,0.6385793277067358,0.5692033313739985
44,3,289,0,in_sample,f2,1,0.7808046156873087,1.27036144868167
44,3,73,0,in_sample,f2,1,0.9746563233801654,3.6495556641016345
44,3,249,1,in_sample,f2,0,0.47640975998195134,-0.09443106949400834
44,3,150,1,in_sample,f2,1,0.7080137906876767,0.8857569991059112
44,3,263,1,in_sample,f2,1,0.8084675573658229,1.4400833437629117
44,3,245,1,in_sample,f2,0,0.1684545095045744,-1.5966202660142592
44,3,287,1,in_sample,f2,0,0.4996351388959512,-0.0014594446752441686
44,3,247,1,in_sample,f2,0,0.461762132886971,-0.15325070001769908
44,3,7,1,in_sample,f2,0,0.08970085772996622,-2.3172929420350146
44,3,256,0,in_sample,f2,0,0.39645816097575853,-0.4202448507934081
44,3,168,1,in_sample,f2,0,0.2434535775761282,-1.1338376182404275
44,3,78,1,in_sample,f2,0,0.46698851660051305,-0.13223830112728419
44,3,124,1,in_sample,f2,1,0.9453589150478883,2.850778588233429
44,3,154,1,in_sample,f2,1,0.5480145984316914,0.1926520441716687
44,3,199,0,in_sample,f2,1,0.5104897770513797,0.04196526581600324
44,3,127,0,in_sample,f2,1,0.5882849402220113,0.35687991513444733
44,3,37,1,in_sample,f2,1,0.6198798933795452,0.48903846608270973
44,3,151,1,in_sample,f2,1,0.7934105662164346,1.3456074136065308
44,3,113,0,in_sample,f2,0,0.23571523444984976,-1.176316006727747
44,3,187,1,in_sample,f2,1,0.613227322952313,0.4608985813488069
44,3,92,0,in_sample,f2,0,0.14495568001849687,-1.774725263175284
44,3,312,0,in_sample,f2,0,0.20211971817723587,-1.3730983773279208
44,3,171,1,in_sample,f2,0,0.3227711795608704,-0.7410655578311692
44,3,101,1,in_sample,f2,0,0.4922712068974165,-0.0309176350226101
44,3,292,1,in_sample,f2,0,0.41010441666045017,-0.36353374179100345
44,3,176,1,in_sample,f3,1,0.8629048443545747,1.8396291720546762
44,3,10,1,in_sample,f3,0,0.1585329811270934,-1.6691841651123203
44,3,279,0,in_sample,f3,0,0.10543003093843438,-2.1382956022723523
44,3,135,0,in_sample,f3,1,0.5136554049872406,0.05463520642732603
44,3,300,0,in_sample,f3,1,0.977559872214092,3.774208765133233
44,3,195,0,in_sample,f3,0,0.20245517255905898,-1.3710195510746717
44,3,44,1,in_sample,f3,1,0.6535976361959654,0.6348909263683664
44,3,251,1,in_sample,f3,1,0.5143378479472437,0.05736711948052278
44,3,48,0,in_sample,f3,0,0.19077463381440035,-1.4449846483304154
44,3,197,1,in_sample,f3,1,0.8740623276158844,1.9373645652275941
44,3,66,0,in_sample,f3,1,0.6373651278901412,0.5639462244659295
44,3,0,0,in_sample,f3,0,0.34082663587907497,-0.659612622585711
44,3,85,1,in_sample,f3,1,0.5375748859905252,0.15058344488283626
44,3,210,1,in_sample,f3,1,0.7337822263450724,1.0138976184570856
44,3,57,0,in_sample,f3,1,0.9412214221321396,2.773400950492535
44,3,59,0,in_sample,f3,0,0.4931323051568323,-0.027472507122510054
44,3,84,1,in_sample,f3,0,0.1793605893968762,-1.5206855599950901
44,3,315,0,in_sample,f3,1,0.7940950956512001,1.3497887890670315
44,3,271,0,in_sample,f3,0,0.27927881063379223,-0.9480417584887407
44,3,215,0,in_sample,f3,0,0.15984110413818792,-1.6594108130409548
44,3,54,0,in_sample,f3,0,0.09970017931251976,-2.200560366457733
44,3,17,0,in_sample,f3,1,0.9583598701857139,3.136158993528533
44,3,6,0,in_sample,f3,1,0.8217621362061611,1.528332009499612
44,3,298,1,in_sample,f3,1,0.5017104026805727,0.0068416374091141464
44,3,307,0,in_sample,f3,0,0.3415406066033814,-0.6564362754363965
44,3,165,1,in_sample,f3,1,0.85423543062665,1.7682140540565494
44,3,207,0,in_sample,f3,0,0.19029605463716437,-1.4480876395482967
44,3,161,1,in_sample,f3,0,0.3362117298991151,-0.6802221182842157
44,3,184,0,in_sample,f3,0,0.20879413502260913,-1.3322094264013473
44,3,238,0,in_sample,f3,1,0.9739064066119828,3.6196253871145116
44,3,134,0,in_sample,f3,1,0.5309203185435224,0.12383930023066167
44,3,97,1,in_sample,f3,1,0.7749083010600801,1.2362368311178198
44,3,72,0,in_sample,f3,0,0.27828089044661136,-0.9530050173824619
44,3,2,0,in_sample,f3,1,0.5003010939502448,0.0012043759465601971
44,3,77,1,in_sample,f3,1,0.5582668778930163,0.2341312202564792
44,3,164,1,in_sample,f3,1,0.9870193516482292,4.3312299856865755
44,3,213,0,in_sample,f3,1,0.7757591646838906,1.2411214852762118
44,3,194,0,in_sample,f3,0,0.25928215972968555,-1.0497028819006728
44,3,289,0,in_sample,f3,1,0.717470483556001,0.9319487807704093
44,3,73,0,in_sample,f3,0,0.10432672119095399,-2.150048177592563
44,3,249,1,in_sample,f3,0,0.16496801892674234,-1.6217183943762006
44,3,150,1,in_sample,f3,1,0.7525980159127844,1.1125167621649141
44,3,263,1,in_sample,f3,1,0.6435786022108013,0.5909304350498242
44,3,245,1,in_sample,f3,1,0.849279212204109,1.7289589664009681
44,3,287,1,in_sample,f3,1,0.7235024176742054,0.9619018106274109
44,3,247,1,in_sample,f3,1,0.5504803856573662,0.20261183660569348
44,3,7,1,in_sample,f3,1,0.5933577521451203,0.3778637080740782
44,3,256,0,in_sample,f3,0,0.4353728064854092,-0.25996298841792026
44,3,168,1,in_sample,f3,1,0.5625516225036605,0.2515241986657875
44,3,78,1,in_sample,f3,0,0.39133621017313286,-0.44169898294145477
44,3,124,1,in_sample,f3,1,0.8696941292401011,1.8982570354127328
44,3,154,1,in_sample,f3,1,0.6922806034929184,0.81080305238995
44,3,199,0,in_sample,f3,1,0.7046477011524718,0.8695290860441187
44,3,127,0,in_sample,f3,0,0.2771696369815171,-0.9585448387146278
44,3,37,1,in_sample,f3,0,0.17083235681099948,-1.579739651979502
44,3,151,1,in_sample,f3,1,0.5756976200297189,0.3051361962659687
44,3,113,0,in_sample,f3,0,0.4411657392634232,-0.23643230593527734
44,3,187,1,in_sample,f3,1,0.8125537896406156,1.4666901884774055
44,3,92,0,in_sample,f3,0,0.09381724720483273,-2.2678922883738917
44,3,312,0,in_sample,f3,1,0.9588789016630412,3.149243459952534
44,3,171,1,in_sample,f3,0,0.03891350236273764,-3.2067231180288767
44,3,101,1,in_sample,f3,0,0.44392620990381115,-0.22524264673478148
44,3,292,1,in_sample,f3,0,0.2386952745405383,-1.1598459688827556
44,3,176,1,in_sample,f1_f2,1,0.7779262689101242,1.253622300890591
44,3,10,1,in_sample,f1_f2,1,0.8245209556941216,1.5472829278098243
44,3,279,0,in_sample,f1_f2,0,0.23173446670529965,-1.19854324375184
44,3,135,0,in_sample,f1_f2,0,0.47492229908408645,-0.10039504360682046
44,3,300,0,in_sample,f1_f2,1,0.837027608761927,1.6362762477711081
44,3,195,0,in_sample,f1_f2,1,0.5531059206484309,0.21322791383499498
44,3,44,1,in_sample,f1_f2,0,0.2491005417417762,-1.1034151685868159
44,3,251,1,in_sample,f1_f2,1,0.6743105585645107,0.7277464804848005
44,3,48,0,in_sample,f1_f2,0,0.17274965866533165,-1.5662638726575857
44,3,197,1,in_sample,f1_f2,0,0.10926921598505748,-2.0982275229058684
44,3,66,0,in_sample,f1_f2,0,0.3634948126633402,-0.5602275414024198
44,3,0,0,in_sample,f1_f2,1,0.5012801682218593,0.005120684076702298
44,3,85,1,in_sample,f1_f2,1,0.6611115524212099,0.668251598693245
44,3,210,1,in_sample,f1_f2,1,0.7599312566937305,1.152302664699185
44,3,57,0,in_sample,f1_f2,0,0.3431218426425935,-0.6494129378019646
44,3,59,0,in_sample,f1_f2,0,0.4769792852998215,-0.09214800783692788
44,3,84,1,in_sample,f1_f2,1,0.6467730373408436,0.6048846365596363
44,3,315,0,in_sample,f1_f2,1,0.8379331504479494,1.6429294228939118
44,3,271,0,in_sample,f1_f2,0,0.4219949075759114,-0.31458943244832394
44,3,215,0,in_sample,f1_f2,0,0.07563795168624138,-2.5031456584226763
44,3,54,0,in_sample,f1_f2,0,0.36858559882569053,-0.5382894096378696
44,3,17,0,in_sample,f1_f2,0,0.4981853626245198,-0.0072585813711614905
44,3,6,0,in_sample,f1_f2,1,0.7268823549580873,0.9788620052437799
44,3,298,1,in_sample,f1_f2,0,0.47471075199667545,-0.10124338406438352
44,3,307,0,in_sample,f1_f2,1,0.7480558850403793,1.0882703909200075
44,3,165,1,in_sample,f1_f2,1,0.8443173195845167,1.6907085592503517
44,3,207,0,in_sample,f1_f2,0,0.08504812684200239,-2.3756541718488524
44,3,161,1,in_sample,f1_f2,1,0.7869701592988384,1.3067580775850927
44,3,184,0,in_sample,f1_f2,0,0.3363529038251759,-0.6795896087474552
44,3,238,0,in_sample,f1_f2,1,0.5832841182488792,0.33626975511824503
44,3,134,0,in_sample,f1_f2,1,0.7209298433147096,0.9490786199907093
44,3,97,1,in_sample,f1_f2,0,0.3824807107468084,-0.47903208309636147
44,3,72,0,in_sample,f1_f2,0,0.4802022347091213,-0.07923248554579687
44,3,2,0,in_sample,f1_f2,0,0.29755581572534834,-0.8589641217899757
44,3,77,1,in_sample,f1_f2,1,0.6950155134880229,0.8236732554625273
44,3,164,1,in_sample,f1_f2,1,0.6278587440351395,0.5230417087540566
44,3,213,0,in_sample,f1_f2,0,0.21139724850130548,-1.316523652782991
44,3,194,0,in_sample,f1_f2,1,0.6625608563703301,0.6747272334313235
44,3,289,0,in_sample,f1_f2,1,0.7782941025435066,1.2557527592450346
44,3,73,0,in_sample,f1_f2,1,0.9713513920871975,3.52358343708135
44,3,249,1,in_sample,f1_f2,0,0.42816279520465744,-0.28935085798041527
44,3,150,1,in_sample,f1_f2,1,0.691796703854212,0.8085325142420383
44,3,263,1,in_sample,f1_f2,1,0.7968106180378725,1.3664785718166987
44,3,245,1,in_sample,f1_f2,0,0.18570508724523882,-1.4781627381193128
44,3,287,1,in_sample,f1_f2,0,0.4936718302584534,-0.025314030649118947
44,3,247,1,in_sample,f1_f2,0,0.43920512325430405,-0.2443886449650306
44,3,7,1,in_sample,f1_f2,0,0.09064855011778258,-2.305741710202949
44,3,256,0,in_sample,f1_f2,0,0.42889241078368745,-0.28637151759136004
44,3,168,1,in_sample,f1_f2,0,0.232340361450822,-1.1951430841605246
44,3,78,1,in_sample,f1_f2,0,0.45886066963979855,-0.16493017594731668
44,3,124,1,in_sample,f1_f2,1,0.9410252528562935,2.7698606376489794
44,3,154,1,in_sample,f1_f2,1,0.563437595846244,0.2551252536037597
44,3,199,0,in_sample,f1_f2,1,0.516922412551733,0.0677155135218887
44,3,127,0,in_sample,f1_f2,1,0.6322640372746964,0.5419418993451725
44,3,37,1,in_sample,f1_f2,1,0.5783346778660275,0.3159408046771989
44,3,151,1,in_sample,f1_f2,1,0.7989705864025749,1.3798728984170507
44,3,113,0,in_sample,f1_f2,0,0.21682128311948567,-1.2842874821643235
44,3,187,1,in_sample,f1_f2,1,0.5911986781986057,0.3689228615838965
44,3,92,0,in_sample,f1_f2,0,0.1290323627036088,-1.9095415737906114
44,3,312,0,in_sample,f1_f2,0,0.2092677304990845,-1.3293450002039124
44,3,171,1,in_sample,f1_f2,0,0.3162894771184123,-0.7708767547974033
44,3,101,1,in_sample,f1_f2,1,0.5248567788324915,0.09950914631596657
44,3,292,1,in_sample,f1_f2,0,0.39011794045365106,-0.44681648864162293
44,3,176,1,in_sample,f1_f3,1,0.8621480140077378,1.8332464216350086
44,3,10,1,in_sample,f1_f3,0,0.15761549456251622,-1.6760780789521839
44,3,279,0,in_sample,f1_f3,0,0.08917735298773678,-2.323721081769444
44,3,135,0,in_sample,f1_f3,1,0.5404614137092714,0.16220033175133608
44,3,300,0,in_sample,f1_f3,1,0.9822848581774646,4.015461601826516
44,3,195,0,in_sample,f1_f3,0,0.21030187037306936,-1.3231067815384139
44,3,44,1,in_sample,f1_f3,1,0.665419059781437,0.6875381832251498
44,3,251,1,in_sample,f1_f3,1,0.5648645143659353,0.26092846098554834
44,3,48,0,in_sample,f1_f3,0,0.19627011569511932,-1.4097713961682157
44,3,197,1,in_sample,f1_f3,1,0.8773606807539803,1.9676704906468454
44,3,66,0,in_sample,f1_f3,1,0.6167608979089955,0.4758223433122088
44,3,0,0,in_sample,f1_f3,0,0.40995581559082783,-0.3641480358853925
44,3,85,1,in_sample,f1_f3,1,0.5997584870181033,0.4044589051866378
44,3,210,1,in_sample,f1_f3,1,0.7737153876727626,1.2294105362392869
44,3,57,0,in_sample,f1_f3,1,0.9383190484956437,2.7221148725607036
44,3,59,0,in_sample,f1_f3,1,0.5356343965841565,0.14277965205047988
44,3,84,1,in_sample,f1_f3,0,0.18583300414329726,-1.4773170563379319
44,3,315,0,in_sample,f1_f3,1,0.7971280999040818,1.36844064763778
44,3,271,0,in_sample,f1_f3,0,0.2761389076164009,-0.9636954850541439
44,3,215,0,in_sample,f1_f3,0,0.18421021097663637,-1.4880791538171088
44,3,54,0,in_sample,f1_f3,0,0.0961108853952508,-2.2412041109290843
44,3,17,0,in_sample,f1_f3,1,0.9598733539705078,3.1747607496612575
44,3,6,0,in_sample,f1_f3,1,0.82195323855025,1.5296372854644704
44,3,298,1,in_sample,f1_f3,1,0.5538521831754067,0.2162475088044673
44,3,307,0,in_sample,f1_f3,0,0.3071374832235424,-0.8135361155865033
44,3,165,1,in_sample,f1_f3,1,0.8844366471310263,2.0351319961319843
44,3,207,0,in_sample,f1_f3,0,0.19650217427076422,-1.4083009829349336
44,3,161,1,in_sample,f1_f3,0,0.35732238017883117,-0.5870048296391202
44,3,184,0,in_sample,f1_f3,0,0.15789243388889157,-1.6739937538015943
44,3,238,0,in_sample,f1_f3,1,0.9708424094104278,3.5054488814281983
44,3,134,0,in_sample,f1_f3,1,0.5576606896197382,0.23167343619208017
44,3,97,1,in_sample,f1_f3,1,0.7740996971957619,1.231606909133251
44,3,72,0,in_sample,f1_f3,0,0.26649404389273706,-1.0124838236834806
44,3,2,0,in_sample,f1_f3,0,0.4959124000493757,-0.016350764070730557
44,3,77,1,in_sample,f1_f3,1,0.5481693900653979,0.19327699233186046
44,3,164,1,in_sample,f1_f3,1,0.9905155680017664,4.648573865951155
44,3,213,0,in_sample,f1_f3,1,0.8045394220025871,1.4149112550797542
44,3,194,0,in_sample,f1_f3,0,0.3035573968512574,-0.8304146731867853
44,3,289,0,in_sample,f1_f3,1,0.715029674915861,0.9199389928758599
44,3,73,0,in_sample,f1_f3,0,0.10293723528817238,-2.165006395062556
44,3,249,1,in_sample,f1_f3,0,0.13202689725079675,-1.8831550576839233
44,3,150,1,in_sample,f1_f3,1,0.727685200550224,0.9829097898509429
44,3,263,1,in_sample,f1_f3,1,0.622788956010926,0.5014028778017783
44,3,245,1,in_sample,f1_f3,1,0.859507007097697,1.8112013623688854
44,3,287,1,in_sample,f1_f3,1,0.7095991034346919,0.893437797222735
44,3,247,1,in_sample,f1_f3,1,0.5115990270281284,0.04640443348492984
44,3,7,1,in_sample,f1_f3,1,0.5768592007998005,0.30989323502898003
44,3,256,0,in_sample,f1_f3,0,0.4869024597186041,-0.052402149127681485
44,3,168,1,in_sample,f1_f3,1,0.5274032422691288,0.10972291731149719
44,3,78,1,in_sample,f1_f3,0,0.3813320905039305,-0.48389800946144335
44,3,124,1,in_sample,f1_f3,1,0.8582600056431884,1.8009127368932862
44,3,154,1,in_sample,f1_f3,1,0.7090100574914878,0.8905810071442055
44,3,199,0,in_sample,f1_f3,1,0.7076994438853558,0.8842369146128759
44,3,127,0,in_sample,f1_f3,0,0.34920623488932884,-0.6225301163662672
44,3,37,1,in_sample,f1_f3,0,0.14318323301740798,-1.7890989284455132
44,3,151,1,in_sample,f1_f3,1,0.5970299509133208,0.3931050418675635
44,3,113,0,in_sample,f1_f3,0,0.3921458095759976,-0.4383013009901905
44,3,187,1,in_sample,f1_f3,1,0.7839393479918607,1.2887724905002835
44,3,92,0,in_sample,f1_f3,0,0.07818872761820743,-2.4672150198187333
44,3,312,0,in_sample,f1_f3,1,0.9558443537816226,3.0748742839055088
44,3,171,1,in_sample,f1_f3,0,0.040071305609730025,-3.1761984976865882
44,3,101,1,in_sample,f1_f3,0,0.49705770264728616,-0.011769325263292746
44,3,292,1,in_sample,f1_f3,0,0.2197522942497762,-1.2671104639603297
44,3,176,1,in_sample,f2_f3,1,0.9294010653504379,2.577525308492063
44,3,10,1,in_sample,f2_f3,1,0.501535634495749,0.00614255729666402
44,3,279,0,in_sample,f2_f3,0,0.065676480591947,-2.655081879233468
44,3,135,0,in_sample,f2_f3,0,0.47591972086562156,-0.09639569067721615
44,3,300,0,in_sample,f2_f3,1,0.9870354934657042,4.332490642852028
44,3,195,0,in_sample,f2_f3,0,0.2808460040270535,-0.9402690248188348
44,3,44,1,in_sample,f2_f3,0,0.3849200503357209,-0.46871660755393685
44,3,251,1,in_sample,f2_f3,1,0.6391036867319847,0.5714760090576156
44,3,48,0,in_sample,f2_f3,0,0.07338532611383482,-2.535813810196197
44,3,197,1,in_sample,f2_f3,0,0.4329172755084805,-0.2699585315435089
44,3,66,0,in_sample,f2_f3,1,0.5054725507590214,0.021891077213014642
44,3,0,0,in_sample,f2_f3,0,0.3356559296761344,-0.6827135769903703
44,3,85,1,in_sample,f2_f3,1,0.6381932130631407,0.5675307476956309
44,3,210,1,in_sample,f2_f3,1,0.8459953216288169,1.7035308486155012
44,3,57,0,in_sample,f2_f3,1,0.8460747602582482,1.704140696482271
44,3,59,0,in_sample,f2_f3,0,0.45274773693876075,-0.18957477345557486
44,3,84,1,in_sample,f2_f3,0,0.32766603257233395,-0.7187602961144864
44,3,315,0,in_sample,f2_f3,1,0.9246212708088708,2.506859087710823
44,3,271,0,in_sample,f2_f3,0,0.26453376781027127,-1.0225357178916017
44,3,215,0,in_sample,f2_f3,0,0.026724316706231366,-3.5950934863503528
44,3,54,0,in_sample,f2_f3,0,0.09870116339675102,-2.211740141191869
44,3,17,0,in_sample,f2_f3,1,0.9244272990658821,2.504079290404923
44,3,6,0,in_sample,f2_f3,1,0.8893736807661679,2.0843594569815824
44,3,298,1,in_sample,f2_f3,0,0.4523504303301363,-0.1911784432011322
44,3,307,0,in_sample,f2_f3,1,0.6238305427372373,0.5058390392907027
44,3,165,1,in_sample,f2_f3,1,0.9399076142809003,2.7498984477650334
44,3,207,0,in_sample,f2_f3,0,0.03759430857931996,-3.2425834070544
44,3,161,1,in_sample,f2_f3,1,0.6317145008246242,0.5395791025222536
44,3,184,0,in_sample,f2_f3,0,0.1868585705976666,-1.4705530305771697
44,3,238,0,in_sample,f2_f3,1,0.9635502572328858,3.274690246321483
44,3,134,0,in_sample,f2_f3,1,0.7045663130656633,0.8691380527875175
44,3,97,1,in_sample,f2_f3,1,0.6429668250302577,0.5882644243151582
44,3,72,0,in_sample,f2_f3,0,0.31033275413890204,-0.7985641066500855
44,3,2,0,in_sample,f2_f3,0,0.3254370463611421,-0.728895968092054
44,3,77,1,in_sample,f2_f3,1,0.7171459525396005,0.9303483486598569
44,3,164,1,in_sample,f2_f3,1,0.9775648041346532,3.774433615714612
44,3,213,0,in_sample,f2_f3,0,0.44244051720913175,-0.23126316220563203
44,3,194,0,in_sample,f2_f3,0,0.40738295967381294,-0.3747947140147893
44,3,289,0,in_sample,f2_f3,1,0.8642824536445948,1.8513237682925106
44,3,73,0,in_sample,f2_f3,1,0.79195516592788,1.336751176637426
44,3,249,1,in_sample,f2_f3,0,0.19635712922296586,-1.4092198908069011
44,3,150,1,in_sample,f2_f3,1,0.8419958504270587,1.673153790194307
44,3,263,1,in_sample,f2_f3,1,0.8474743167106743,1.7149275371500188
44,3,245,1,in_sample,f2_f3,1,0.5178593695628771,0.07146788218175515
44,3,287,1,in_sample,f2_f3,1,0.6890121495617619,0.795505059173535
44,3,247,1,in_sample,f2_f3,1,0.5104550638149616,0.04182635193064908
44,3,7,1,in_sample,f2_f3,0,0.16078186914143341,-1.6524220654881843
44,3,256,0,in_sample,f2_f3,0,0.36225464917927475,-0.5655916517322006
44,3,168,1,in_sample,f2_f3,0,0.32060823486592793,-0.7509780092205202
44,3,78,1,in_sample,f2_f3,0,0.38451056486007607,-0.47044651535046944
44,3,124,1,in_sample,f2_f3,1,0.9818186055175246,3.989007781845191
44,3,154,1,in_sample,f2_f3,1,0.6976411146950778,0.8360901344390712
44,3,199,0,in_sample,f2_f3,1,0.6805703227531139,0.7563940095027455
44,3,127,0,in_sample,f2_f3,0,0.3822121326542046,-0.48016936625241624
44,3,37,1,in_sample,f2_f3,0,0.2933850937695682,-0.8789997711447775
44,3,151,1,in_sample,f2_f3,1,0.8021079701844874,1.3995216469702219
44,3,113,0,in_sample,f2_f3,0,0.23351940057372556,-1.1885442277667324
44,3,187,1,in_sample,f2_f3,1,0.832524405727373,1.603624902799992
44,3,92,0,in_sample,f2_f3,0,0.033299237392809905,-3.3683545027396917
44,3,312,0,in_sample,f2_f3,1,0.8068912460157599,1.4299353735380227
44,3,171,1,in_sample,f2_f3,0,0.03687438909802889,-3.2626665926760103
44,3,101,1,in_sample,f2_f3,0,0.44861324365869554,-0.20627533620931493
44,3,292,1,in_sample,f2_f3,0,0.22135012486664105,-1.2578157672863233
44,3,176,1,in_sample,f1_f2_f3,1,0.9314293381041032,2.6088555548836676
44,3,10,1,in_sample,f1_f2_f3,1,0.5173361670806321,0.0693724764274588
44,3,279,0,in_sample,f1_f2_f3,0,0.0773075612978538,-2.479504191423158
44,3,135,0,in_sample,f1_f2_f3,0,0.44686804380805817,-0.213333244825867
44,3,300,0,in_sample,f1_f2_f3,1,0.9837012314789187,4.100232670297865
44,3,195,0,in_sample,f1_f2_f3,0,0.27374745301210807,-0.9756918381780291
44,3,44,1,in_sample,f1_f2_f3,0,0.3634534855362322,-0.5604061678007848
44,3,251,1,in_sample,f1_f2_f3,1,0.5931359966732018,0.37694472397732054
44,3,48,0,in_sample,f1_f2_f3,0,0.06856515284440298,-2.60894181394723
44,3,197,1,in_sample,f1_f2_f3,0,0.40725085737478267,-0.37534192575001546
44,3,66,0,in_sample,f1_f2_f3,1,0.5238356742820665,0.09541501968785965
44,3,0,0,in_sample,f1_f2_f3,0,0.2707513452565444,-0.9908139095350402
44,3,85,1,in_sample,f1_f2_f3,1,0.5786939122039939,0.3174140698389406
44,3,210,1,in_sample,f1_f2_f3,1,0.8179383310863894,1.5024414740227496
44,3,57,0,in_sample,f1_f2_f3,1,0.8483485340162142,1.721706657468895
44,3,59,0,in_sample,f1_f2_f3,0,0.4080369025802874,-0.3720866796866591
44,3,84,1,in_sample,f1_f2_f3,0,0.3236525696482302,-0.7370362696905196
44,3,315,0,in_sample,f1_f2_f3,1,0.9259565935292976,2.526175863143823
44,3,271,0,in_sample,f1_f2_f3,0,0.26722529426916647,-1.0087461941123435
44,3,215,0,in_sample,f1_f2_f3,0,0.021081032127586916,-3.838075183917101
44,3,54,0,in_sample,f1_f2_f3,0,0.1024918732273879,-2.16983866537255
44,3,17,0,in_sample,f1_f2_f3,1,0.9200316585035557,2.442777255810793
44,3,6,0,in_sample,f1_f2_f3,1,0.8910593092941782,2.101607377943736
44,3,298,1,in_sample,f1_f2_f3,0,0.39756581440899574,-0.41561793263528324
44,3,307,0,in_sample,f1_f2_f3,1,0.6699896001055764,0.708138021238527
44,3,165,1,in_sample,f1_f2_f3,1,0.9244994616282661,2.505112681507739
44,3,207,0,in_sample,f1_f2_f3,0,0.03409172171248703,-3.344014289903988
44,3,161,1,in_sample,f1_f2_f3,1,0.6185588519071832,0.48343576562137114
44,3,184,0,in_sample,f1_f2_f3,0,0.24607148971626203,-1.1196754472489792
44,3,238,0,in_sample,f1_f2_f3,1,0.9671343307580664,3.381908775885504
44,3,134,0,in_sample,f1_f2_f3,1,0.6860923419818427,0.7819133680571221
44,3,97,1,in_sample,f1_f2_f3,1,0.6390856939506939,0.5713980009360604
44,3,72,0,in_sample,f1_f2_f3,0,0.3248591992380452,-0.7315294074978476
44,3,2,0,in_sample,f1_f2_f3,0,0.3240839335173277,-0.7350663700168977
44,3,77,1,in_sample,f1_f2_f3,1,0.7302988688557581,0.996139435528629
44,3,164,1,in_sample,f1_f2_f3,1,0.9684986659963118,3.4257172111962704
44,3,213,0,in_sample,f1_f2_f3,0,0.3866777245078861,-0.46129893979483894
44,3,194,0,in_sample,f1_f2_f3,0,0.3588627197619681,-0.5803036805784331
44,3,289,0,in_sample,f1_f2_f3,1,0.8692768077242954,1.8945795589476024
44,3,73,0,in_sample,f1_f2_f3,1,0.8129029196167429,1.468984063773127
44,3,249,1,in_sample,f1_f2_f3,0,0.24412859855016317,-1.1301761281148226
44,3,150,1,in_sample,f1_f2_f3,1,0.8613710306289918,1.826724262350587
44,3,263,1,in_sample,f1_f2_f3,1,0.8636167776558907,1.8456603915278718
44,3,245,1,in_sample,f1_f2_f3,0,0.48262227433381294,-0.0695389113328817
44,3,287,1,in_sample,f1_f2_f3,1,0.7029008569129434,0.8611499550850948
44,3,247,1,in_sample,f1_f2_f3,1,0.5495679649849096,0.1989252513404251
44,3,7,1,in_sample,f1_f2_f3,0,0.16115499448343837,-1.649659351691605
44,3,256,0,in_sample,f1_f2_f3,0,0.31180101767705093,-0.7917127941143977
44,3,168,1,in_sample,f1_f2_f3,0,0.3459184755699376,-0.6370288712252694
44,3,78,1,in_sample,f1_f2_f3,0,0.3947198442265073,-0.4275151601044767
44,3,124,1,in_sample,f1_f2_f3,1,0.9846356290737351,4.160220400262338
44,3,154,1,in_sample,f1_f2_f3,1,0.6800399243065945,0.7539552841101811
44,3,199,0,in_sample,f1_f2_f3,1,0.67640734339912,0.737309981459009
44,3,127,0,in_sample,f1_f2_f3,0,0.30710948945320876,-0.8136676660934514
44,3,37,1,in_sample,f1_f2_f3,0,0.3457469833132964,-0.6377869068529687
44,3,151,1,in_sample,f1_f2_f3,1,0.7932520924551288,1.3446408551347577
44,3,113,0,in_sample,f1_f2_f3,0,0.2668957963643895,-1.0104295458339216
44,3,187,1,in_sample,f1_f2_f3,1,0.8573274716704702,1.7932679670871048
44,3,92,0,in_sample,f1_f2_f3,0,0.03924662220877651,-3.1978523630745275
44,3,312,0,in_sample,f1_f2_f3,1,0.8099614219680464,1.4497595255086977
44,3,171,1,in_sample,f1_f2_f3,0,0.03569872759935105,-3.2962887223468584
44,3,101,1,in_sample,f1_f2_f3,0,0.39467930981190263,-0.42768482276275843
44,3,292,1,in_sample,f1_f2_f3,0,0.24057623976666376,-1.1495228908972814
44,3,176,1,inner_oof,f1,0,0.4959371808813376,-0.016251634157729105
44,3,10,1,inner_oof,f1,1,0.5012662844511697,0.005065148633825267
44,3,279,0,inner_oof,f1,1,0.5104858844395177,0.041949688514879714
44,3,135,0,inner_oof,f1,0,0.4932034375270624,-0.027187924506140677
44,3,300,0,inner_oof,f1,0,0.4812145302928147,-0.07517726494845783
44,3,195,0,inner_oof,f1,0,0.4982024771421244,-0.007190122407504189
44,3,44,1,inner_oof,f1,0,0.4949442638239124,-0.020223633957215506
44,3,251,1,inner_oof,f1,0,0.48862401044848663,-0.04551181239235546
44,3,48,0,inner_oof,f1,0,0.49891977461874604,-0.004320908247705475
44,3,197,1,inner_oof,f1,0,0.49404039424075263,-0.02383955202243461
44,3,66,0,inner_oof,f1,1,0.5017629321666894,0.007051757888679585
44,3,0,0,inner_oof,f1,0,0.4853285309858398,-0.05870272776633328
44,3,85,1,inner_oof,f1,0,0.4860858685308713,-0.05567089958703202
44,3,210,1,inner_oof,f1,0,0.48660929315108264,-0.053575638783784435
44,3,57,0,inner_oof,f1,0,0.4966662812810696,-0.013335072480377576
44,3,59,0,inner_oof,f1,0,0.49033960695921436,-0.03864638144691642
44,3,84,1,inner_oof,f1,0,0.4986454047390282,-0.005418394300400373
44,3,315,0,inner_oof,f1,0,0.49548420006837485,-0.018063690887712022
44,3,271,0,inner_oof,f1,1,0.5005936668598299,0.002374668555225168
44,3,215,0,inner_oof,f1,0,0.4927547018763979,-0.02898322121495848
44,3,54,0,inner_oof,f1,1,0.5036786869901897,0.01471501347715383
44,3,17,0,inner_oof,f1,0,0.4918329095100058,-0.03267126779103607
44,3,6,0,inner_oof,f1,0,0.496041266602443,-0.015835264480369596
44,3,298,1,inner_oof,f1,0,0.48842185285309847,-0.046320869070760745
44,3,307,0,inner_oof,f1,1,0.506896134679245,0.027586288021845082
44,3,165,1,inner_oof,f1,0,0.483021348620558,-0.06794072766755765
44,3,207,0,inner_oof,f1,0,0.498706419465419,-0.005174333682977059
44,3,161,1,inner_oof,f1,0,0.49499825139134773,-0.020007661841036348
44,3,184,0,inner_oof,f1,1,0.5167172713346008,0.06689401901532609
44,3,238,0,inner_oof,f1,0,0.4983853136138359,-0.006458767997223265
44,3,134,0,inner_oof,f1,0,0.49308600719239154,-0.027657734161487327
44,3,97,1,inner_oof,f1,0,0.4967658094876109,-0.01293694247859146
44,3,72,0,inner_oof,f1,1,0.5026906069788697,0.010762531801488898
44,3,2,0,inner_oof,f1,0,0.49924919736087287,-0.003003212813742935
44,3,77,1,inner_oof,f1,1,0.5000078825859746,3.15303439012201e-05
44,3,164,1,inner_oof,f1,0,0.47675250443938216,-0.09305707738256111
44,3,213,0,inner_oof,f1,0,0.488253969375707,-0.046992768511551986
44,3,194,0,inner_oof,f1,0,0.4895474869547979,-0.04181614438962152
44,3,289,0,inner_oof,f1,0,0.4975776756012966,-0.009689373400494984
44,3,73,0,inner_oof,f1,1,0.5023777512997976,0.009511076896672487
44,3,249,1,inner_oof,f1,1,0.5133272826571226,0.05332176078521029
44,3,150,1,inner_oof,f1,1,0.502911348586918,0.01164552595806569
44,3,263,1,inner_oof,f1,1,0.5017890590687077,0.007156266815328029
44,3,245,1,inner_oof,f1,0,0.4918797141463666,-0.03248399956719858
44,3,287,1,inner_oof,f1,1,0.5002239577473578,0.0008958310493410518
44,3,247,1,inner_oof,f1,1,0.505555036332931,0.022221059637798076
44,3,7,1,inner_oof,f1,1,0.5010834076139578,0.004333637238109166
44,3,256,0,inner_oof,f1,0,0.4889129370840258,-0.044355522367047866
44,3,168,1,inner_oof,f1,1,0.5047943242736808,0.019177884861320743
44,3,78,1,inner_oof,f1,1,0.5010937560021816,0.004375030987214529
44,3,124,1,inner_oof,f1,1,0.5001852567529943,0.0007410270458867597
44,3,154,1,inner_oof,f1,0,0.49338500468557583,-0.02646152520674207
44,3,199,0,inner_oof,f1,0,0.49639826443598367,-0.014407191455884316
44,3,127,0,inner_oof,f1,0,0.48384856075267196,-0.06462824258697832
44,3,37,1,inner_oof,f1,1,0.5107823925432329,0.043136257696812584
44,3,151,1,inner_oof,f1,0,0.49375891927619614,-0.0249656195331677
44,3,113,0,inner_oof,f1,1,0.5083952699386245,0.033584236039367846
44,3,187,1,inner_oof,f1,1,0.5046791108559459,0.018716989824867993
44,3,92,0,inner_oof,f1,1,0.5113439904350525,0.04538374982089047
44,3,312,0,inner_oof,f1,0,0.4971985810895608,-0.011205792899377053
44,3,171,1,inner_oof,f1,1,0.5018068034795036,0.007227245376287838
44,3,101,1,inner_oof,f1,0,0.4885787230367108,-0.045693056234791814
44,3,292,1,inner_oof,f1,1,0.5052814437717131,0.021126560839376165
44,3,176,1,inner_oof,f2,1,0.520384761856193,0.08158426935250972
44,3,10,1,inner_oof,f2,1,0.5271204474286616,0.1085883650850207
44,3,279,0,inner_oof,f2,0,0.4784881794454464,-0.08610043340105471
44,3,135,0,inner_oof,f2,0,0.49461311839857713,-0.02154836016609595
44,3,300,0,inner_oof,f2,1,0.5238699170056208,0.09555230301474404
44,3,195,0,inner_oof,f2,1,0.5016534827892012,0.006613955266993741
44,3,44,1,inner_oof,f2,0,0.47645265414731186,-0.09425911074838085
44,3,251,1,inner_oof,f2,1,0.5088510240192411,0.03540779487783727
44,3,48,0,inner_oof,f2,0,0.468863757301146,-0.12470633583434118
44,3,197,1,inner_oof,f2,0,0.4578626028578876,-0.1689503242290994
44,3,66,0,inner_oof,f2,0,0.48818119903286494,-0.04728401161110351
44,3,0,0,inner_oof,f2,0,0.49464195979129627,-0.021432981274308364
44,3,85,1,inner_oof,f2,1,0.5071263827077215,0.028507461283256243
44,3,210,1,inner_oof,f2,1,0.5162274367570355,0.06493255166147728
44,3,57,0,inner_oof,f2,0,0.48528168790805093,-0.05889026206210606
44,3,59,0,inner_oof,f2,0,0.49406506551298895,-0.023740852969518538
44,3,84,1,inner_oof,f2,1,0.5090252754548518,0.03610502343515536
44,3,315,0,inner_oof,f2,1,0.5274782663668233,0.11002392031787835
44,3,271,0,inner_oof,f2,0,0.4924494448523225,-0.03020451671190864
44,3,215,0,inner_oof,f2,0,0.45010399499472153,-0.20025052248656652
44,3,54,0,inner_oof,f2,0,0.4890565261920918,-0.04378088703470111
44,3,17,0,inner_oof,f2,0,0.49600497060383725,-0.015980457660116895
44,3,6,0,inner_oof,f2,1,0.5153205514514811,0.06130139543877926
44,3,298,1,inner_oof,f2,0,0.493426901711249,-0.026293907950984102
44,3,307,0,inner_oof,f2,1,0.5200007079838308,0.08004554414737829
44,3,165,1,inner_oof,f2,1,0.5253187692256873,0.10136177216609031
44,3,207,0,inner_oof,f2,0,0.45389018816050974,-0.18496478362189667
44,3,161,1,inner_oof,f2,1,0.5211391963294667,0.08460722011300158
44,3,184,0,inner_oof,f2,0,0.4896280413874485,-0.04149378686520165
44,3,238,0,inner_oof,f2,1,0.5039803060381673,0.015921560481918756
44,3,134,0,inner_oof,f2,1,0.5140458770155,0.05619829407258507
44,3,97,1,inner_oof,f2,0,0.48846402868844524,-0.04615207554922991
44,3,72,0,inner_oof,f2,0,0.497327458347391,-0.010690268417900226
44,3,2,0,inner_oof,f2,0,0.48203062354403287,-0.07190847534492287
44,3,77,1,inner_oof,f2,1,0.5134145339950132,0.053671015898640234
44,3,164,1,inner_oof,f2,1,0.5021460517777024,0.008584259824584533
44,3,213,0,inner_oof,f2,0,0.4708776581678347,-0.11662136396071099
44,3,194,0,inner_oof,f2,1,0.5080939721611218,0.03237871711814461
44,3,289,0,inner_oof,f2,1,0.5208250410485896,0.08334838213761465
44,3,73,0,inner_oof,f2,1,0.5637266390371344,0.25630042987523505
44,3,249,1,inner_oof,f2,0,0.49603427912311954,-0.01586321615294428
44,3,150,1,inner_oof,f2,1,0.5138439915434933,0.05539012354232534
44,3,263,1,inner_oof,f2,1,0.5239032817687324,0.09568606735472035
44,3,245,1,inner_oof,f2,0,0.46877502138087246,-0.12506266525367615
44,3,287,1,inner_oof,f2,0,0.4977238207968908,-0.009104779708502639
44,3,247,1,inner_oof,f2,0,0.4949654143434186,-0.020139023264574667
44,3,7,1,inner_oof,f2,0,0.45575331730139307,-0.17745091261007753
44,3,256,0,inner_oof,f2,0,0.4901143451672529,-0.03954777300486221
44,3,168,1,inner_oof,f2,0,0.477160566004776,-0.09142135675049708
44,3,78,1,inner_oof,f2,0,0.4953472448988731,-0.018611557624139137
44,3,124,1,inner_oof,f2,1,0.5493969677914438,0.19823449727423087
44,3,154,1,inner_oof,f2,1,0.5012514652358473,0.005005871396769099
44,3,199,0,inner_oof,f2,0,0.4985129834296127,-0.005948083818272901
44,3,127,0,inner_oof,f2,1,0.50423594279294,0.016944176556774118
44,3,37,1,inner_oof,f2,1,0.5066374224103052,0.02655124934822506
44,3,151,1,inner_oof,f2,1,0.522189983840035,0.08881827763139244
44,3,113,0,inner_oof,f2,0,0.47639025561876713,-0.0945092611451281
44,3,187,1,inner_oof,f2,1,0.506126108812587,0.02450566153690381
44,3,92,0,inner_oof,f2,0,0.4655522220408212,-0.13800974782964187
44,3,312,0,inner_oof,f2,0,0.4728232931715909,-0.10881406809757604
44,3,171,1,inner_oof,f2,0,0.4842878335243248,-0.06286936561768627
44,3,101,1,inner_oof,f2,0,0.4971884796775391,-0.011246199820488838
44,3,292,1,inner_oof,f2,0,0.4911446156214698,-0.035425241784893695
44,3,176,1,inner_oof,f3,1,0.6103868888348414,0.448938776021066
44,3,10,1,inner_oof,f3,0,0.39972934545664013,-0.4065929626829436
44,3,279,0,inner_oof,f3,0,0.3726246404337346,-0.5209734340600558
44,3,135,0,inner_oof,f3,1,0.5034286961813056,0.013714999705189735
44,3,300,0,inner_oof,f3,1,0.7151714876572712,0.9206350687238605
44,3,195,0,inner_oof,f3,0,0.41729360823658185,-0.33389337277725845
44,3,44,1,inner_oof,f3,1,0.5387210825388731,0.1551950778033079
44,3,251,1,inner_oof,f3,1,0.5035952142295609,0.014381104766873262
44,3,48,0,inner_oof,f3,0,0.4129150093785327,-0.3519278141048525
44,3,197,1,inner_oof,f3,1,0.6160389266278615,0.4727689780920766
44,3,66,0,inner_oof,f3,1,0.5344197446772959,0.13789708035000509
44,3,0,0,inner_oof,f3,0,0.4599769297235494,-0.16043552592934193
44,3,85,1,inner_oof,f3,1,0.5092762982724823,0.03710945115745939
44,3,210,1,inner_oof,f3,1,0.5615871388369246,0.24760587971986614
44,3,57,0,inner_oof,f3,1,0.6629826562656852,0.676614436250026
44,3,59,0,inner_oof,f3,0,0.49842380417233656,-0.0063048041955268
44,3,84,1,inner_oof,f3,0,0.40844787734438015,-0.37038548806885097
44,3,315,0,inner_oof,f3,1,0.5816387111216483,0.32950409703548716
44,3,271,0,inner_oof,f3,0,0.4425643049065635,-0.23076137584509937
44,3,215,0,inner_oof,f3,0,0.40030126656757925,-0.40420998813083125
44,3,54,0,inner_oof,f3,0,0.3690824663743152,-0.5361550572599162
44,3,17,0,inner_oof,f3,1,0.6824520489864984,0.7650634329521496
44,3,6,0,inner_oof,f3,1,0.592192658993408,0.37303715996377285
44,3,298,1,inner_oof,f3,1,0.5005154489157596,0.002061796393430076
44,3,307,0,inner_oof,f3,0,0.46016931225088215,-0.15966105731609434
44,3,165,1,inner_oof,f3,1,0.6062380233018563,0.4315260799897577
44,3,207,0,inner_oof,f3,0,0.4127316135639914,-0.3526843968058179
44,3,161,1,inner_oof,f3,0,0.4587289620396141,-0.16546060876916913
44,3,184,0,inner_oof,f3,0,0.41959637099634284,-0.3244305458182454
44,3,238,0,inner_oof,f3,1,0.7074319149184719,0.8829439824610973
44,3,134,0,inner_oof,f3,1,0.5076465527201854,0.030588595706966808
44,3,97,1,inner_oof,f3,1,0.5748867454205369,0.3018174421232684
44,3,72,0,inner_oof,f3,0,0.4422657778424348,-0.23197153583451957
44,3,2,0,inner_oof,f3,1,0.5001718246495706,0.0006872986253379613
44,3,77,1,inner_oof,f3,1,0.5143661388021189,0.05748037621441203
44,3,164,1,inner_oof,f3,1,0.7420115563837174,1.0564500259537586
44,3,213,0,inner_oof,f3,1,0.5751777888763396,0.303008436417787
44,3,194,0,inner_oof,f3,0,0.43645823373359627,-0.25554876386313397
44,3,289,0,inner_oof,f3,1,0.5566617627980777,0.22762481351488495
44,3,73,0,inner_oof,f3,0,0.3719549884723617,-0.5238389900847795
44,3,249,1,inner_oof,f3,0,0.4025095001641106,-0.3950196843507353
44,3,150,1,inner_oof,f3,1,0.5674983157898318,0.27165156108802374
44,3,263,1,inner_oof,f3,1,0.5360564207054931,0.14447646955656634
44,3,245,1,inner_oof,f3,1,0.603950912139541,0.421954760524222
44,3,287,1,inner_oof,f3,1,0.558463376144891,0.23492807112667452
44,3,247,1,inner_oof,f3,1,0.5124462294581564,0.04979520447500924
44,3,7,1,inner_oof,f3,1,0.5231149513864807,0.09252575862569958
44,3,256,0,inner_oof,f3,0,0.48425733359702905,-0.06299148615376055
44,3,168,1,inner_oof,f3,1,0.5154254023831287,0.06172119601013566
44,3,78,1,inner_oof,f3,0,0.47319995383113206,-0.10730302297246079
44,3,124,1,inner_oof,f3,1,0.6137810037487073,0.46323363672052875
44,3,154,1,inner_oof,f3,1,0.5493603584510367,0.19808661764106858
44,3,199,0,inner_oof,f3,1,0.5529026066103425,0.21240541458223225
44,3,127,0,inner_oof,f3,0,0.44193262132408895,-0.23332227539259595
44,3,37,1,inner_oof,f3,0,0.40497350870058596,-0.38478427339545995
44,3,151,1,inner_oof,f3,1,0.5186895558394813,0.07479306992159054
44,3,113,0,inner_oof,f3,0,0.48569037153552963,-0.05725414883688824
44,3,187,1,inner_oof,f3,1,0.5885580024186529,0.3580074250510035
44,3,92,0,inner_oof,f3,0,0.3652678512435782,-0.552572173444764
44,3,312,0,inner_oof,f3,1,0.6831430206651287,0.7682537355513691
44,3,171,1,inner_oof,f3,0,0.31400070904983374,-0.7814813500988169
44,3,101,1,inner_oof,f3,0,0.48637191499641097,-0.054525845085331356
44,3,292,1,inner_oof,f3,0,0.4298644396549781,-0.2824042553519146
44,3,176,1,inner_oof,f1_f2,1,0.5191356091081905,0.07657983952389275
44,3,10,1,inner_oof,f1_f2,1,0.535846282024819,0.14363154657046895
44,3,279,0,inner_oof,f1_f2,0,0.4981200611162443,-0.007519790970117998
44,3,135,0,inner_oof,f1_f2,0,0.4858477683176188,-0.05662405127546469
44,3,300,0,inner_oof,f1_f2,0,0.49732490011766345,-0.010700501629452672
44,3,195,0,inner_oof,f1_f2,1,0.5023524239896177,0.009409765389130673
44,3,44,1,inner_oof,f1_f2,0,0.4688030647317634,-0.12495005305718421
44,3,251,1,inner_oof,f1_f2,0,0.4936155081760261,-0.02553935539419601
44,3,48,0,inner_oof,f1_f2,0,0.46731694816918284,-0.13091888048573463
44,3,197,1,inner_oof,f1_f2,0,0.44672431599802565,-0.21391474010037625
44,3,66,0,inner_oof,f1_f2,0,0.4936484510347498,-0.02540756258157143
44,3,0,0,inner_oof,f1_f2,0,0.4721679498993964,-0.11144339782268822
44,3,85,1,inner_oof,f1_f2,0,0.48728059790939177,-0.050888587481393036
44,3,210,1,inner_oof,f1_f2,0,0.49826899362132043,-0.0069240531776276065
44,3,57,0,inner_oof,f1_f2,0,0.4815590719953481,-0.07379718556293144
44,3,59,0,inner_oof,f1_f2,0,0.48025311599231013,-0.07902864164599595
44,3,84,1,inner_oof,f1_f2,1,0.511282179276097,0.04513637854462202
44,3,315,0,inner_oof,f1_f2,1,0.526199586184729,0.10489441706303194
44,3,271,0,inner_oof,f1_f2,0,0.4963349506210009,-0.014660460090298484
44,3,215,0,inner_oof,f1_f2,0,0.43597280814942024,-0.2575225880625164
44,3,54,0,inner_oof,f1_f2,0,0.49795762219101586,-0.008169556673112012
44,3,17,0,inner_oof,f1_f2,0,0.48499888519335144,-0.06002247297006527
44,3,6,0,inner_oof,f1_f2,1,0.5137112825332715,0.05485888413187563
44,3,298,1,inner_oof,f1_f2,0,0.4762092794767376,-0.0952347958555812
44,3,307,0,inner_oof,f1_f2,1,0.5377554240715294,0.1513097185679689
44,3,165,1,inner_oof,f1_f2,1,0.5020864684979268,0.008345922435569308
44,3,207,0,inner_oof,f1_f2,0,0.45039015404191357,-0.19909443940736
44,3,161,1,inner_oof,f1_f2,1,0.5183359154694059,0.07337656651790218
44,3,184,0,inner_oof,f1_f2,1,0.5213213803992708,0.08533727261242507
44,3,238,0,inner_oof,f1_f2,1,0.5052461983058446,0.02098556334891599
44,3,134,0,inner_oof,f1_f2,1,0.5071491319946763,0.028598476979209295
44,3,97,1,inner_oof,f1_f2,0,0.48525283465977403,-0.059005775345537366
44,3,72,0,inner_oof,f1_f2,1,0.5053898701389005,0.021560315704502765
44,3,2,0,inner_oof,f1_f2,0,0.48245959324814874,-0.07019043006244588
44,3,77,1,inner_oof,f1_f2,1,0.5185111972477284,0.07407864685972226
44,3,164,1,inner_oof,f1_f2,0,0.46552443953553735,-0.13812140828560443
44,3,213,0,inner_oof,f1_f2,0,0.4510643991033345,-0.1963710109605814
44,3,194,0,inner_oof,f1_f2,0,0.4943882101379977,-0.022448102066065824
44,3,289,0,inner_oof,f1_f2,1,0.5224782568875926,0.0899736751628065
44,3,73,0,inner_oof,f1_f2,1,0.5780698734750652,0.31485502635962903
44,3,249,1,inner_oof,f1_f2,1,0.5224945016637321,0.09003878595714308
44,3,150,1,inner_oof,f1_f2,1,0.5240390850244118,0.09623053181633806
44,3,263,1,inner_oof,f1_f2,1,0.5332007240618915,0.1329985969659885
44,3,245,1,inner_oof,f1_f2,0,0.45501783593274714,-0.18041644961076825
44,3,287,1,inner_oof,f1_f2,1,0.5015280117852301,0.0061120661684003035
44,3,247,1,inner_oof,f1_f2,1,0.5077698109178094,0.0310817457040949
44,3,7,1,inner_oof,f1_f2,0,0.45655943612275107,-0.17420145131818254
44,3,256,0,inner_oof,f1_f2,0,0.47340609297526837,-0.10647610892303228
44,3,168,1,inner_oof,f1_f2,0,0.4867251796325425,-0.053111763016839876
44,3,78,1,inner_oof,f1_f2,1,0.5004142691907615,0.0016570771422272975
44,3,124,1,inner_oof,f1_f2,1,0.558555831787622,0.23530302817114898
44,3,154,1,inner_oof,f1_f2,0,0.4935078206459397,-0.025970176950153474
44,3,199,0,inner_oof,f1_f2,0,0.4957311699327911,-0.01707573516968401
44,3,127,0,inner_oof,f1_f2,0,0.48018463490691526,-0.07930299539869617
44,3,37,1,inner_oof,f1_f2,1,0.5297697041789138,0.11921982589131663
44,3,151,1,inner_oof,f1_f2,1,0.5173411820387901,0.06939256041145371
44,3,113,0,inner_oof,f1_f2,0,0.49214784439385534,-0.03141120486131793
44,3,187,1,inner_oof,f1_f2,1,0.5185864915017111,0.07438023893885984
44,3,92,0,inner_oof,f1_f2,0,0.48525925818139154,-0.05898005889767237
44,3,312,0,inner_oof,f1_f2,0,0.4687071955395392,-0.12533503316210443
44,3,171,1,inner_oof,f1_f2,0,0.4894141339861264,-0.04234979246726253
44,3,101,1,inner_oof,f1_f2,0,0.48063793795618465,-0.07748699575164233
44,3,292,1,inner_oof,f1_f2,1,0.5030640382591529,0.012256306459821443
44,3,176,1,inner_oof,f1_f3,1,0.6234307115860855,0.5041355674951856
44,3,10,1,inner_oof,f1_f3,0,0.3976169928805031,-0.41540425495263394
44,3,279,0,inner_oof,f1_f3,0,0.4248810403834571,-0.30276768092536754
44,3,135,0,inner_oof,f1_f3,0,0.47142948252578837,-0.11440669485022863
44,3,300,0,inner_oof,f1_f3,1,0.6647671117410745,0.6846112922847283
44,3,195,0,inner_oof,f1_f3,0,0.39901907434992456,-0.4095539752089896
44,3,44,1,inner_oof,f1_f3,1,0.5275377560473481,0.1102626014714808
44,3,251,1,inner_oof,f1_f3,0,0.44018607073175603,-0.2404069338046307
44,3,48,0,inner_oof,f1_f3,0,0.3983875169096291,-0.4121883300767335
44,3,197,1,inner_oof,f1_f3,1,0.6180637175213647,0.48133776002854967
44,3,66,0,inner_oof,f1_f3,1,0.5689276119682034,0.2774771766225057
44,3,0,0,inner_oof,f1_f3,0,0.36592135513122903,-0.5497545586571224
44,3,85,1,inner_oof,f1_f3,0,0.42987143089288055,-0.28237572917556863
44,3,210,1,inner_oof,f1_f3,0,0.49866865408193695,-0.005325396257834014
44,3,57,0,inner_oof,f1_f3,1,0.6917466843035252,0.8082979269510477
44,3,59,0,inner_oof,f1_f3,0,0.4455448266969048,-0.2186880989271472
44,3,84,1,inner_oof,f1_f3,0,0.3910724208849407,-0.44280658044046034
44,3,315,0,inner_oof,f1_f3,1,0.5848279899684562,0.3426248533928773
44,3,271,0,inner_oof,f1_f3,0,0.4465263477454291,-0.2147157408624466
44,3,215,0,inner_oof,f1_f3,0,0.3434173685900215,-0.6481020269130534
44,3,54,0,inner_oof,f1_f3,0,0.3751439296915691,-0.5102115708655701
44,3,17,0,inner_oof,f1_f3,1,0.6867095299223718,0.7847806137706773
44,3,6,0,inner_oof,f1_f3,1,0.6016505230887068,0.4123470476203405
44,3,298,1,inner_oof,f1_f3,0,0.43502633953770525,-0.2613725314919939
44,3,307,0,inner_oof,f1_f3,1,0.5121155082314937,0.04847152096957488
44,3,165,1,inner_oof,f1_f3,1,0.5311208745388435,0.12464462400240295
44,3,207,0,inner_oof,f1_f3,0,0.39674671045601667,-0.41903908938032525
44,3,161,1,inner_oof,f1_f3,0,0.42844715278328527,-0.2881895503255271
44,3,184,0,inner_oof,f1_f3,1,0.5287261713264674,0.1150313609874129
44,3,238,0,inner_oof,f1_f3,1,0.7527333206390306,1.113243581488145
44,3,134,0,inner_oof,f1_f3,0,0.47586565389044894,-0.09661246249674874
44,3,97,1,inner_oof,f1_f3,1,0.5850592293519377,0.3435773001471287
44,3,72,0,inner_oof,f1_f3,0,0.46054035054340864,-0.1581675142337213
44,3,2,0,inner_oof,f1_f3,1,0.5091843681066056,0.03674160513238596
44,3,77,1,inner_oof,f1_f3,1,0.5321017207639525,0.12858375527438712
44,3,164,1,inner_oof,f1_f3,1,0.6748608046572165,0.7302530702838589
44,3,213,0,inner_oof,f1_f3,1,0.5273080955069955,0.10934118761867295
44,3,194,0,inner_oof,f1_f3,0,0.36551537662293904,-0.5515047042157666
44,3,289,0,inner_oof,f1_f3,1,0.5679560846647624,0.27351686105497575
44,3,73,0,inner_oof,f1_f3,0,0.37031406884031826,-0.5308696928280352
44,3,249,1,inner_oof,f1_f3,0,0.48326749106867795,-0.06695503767524996
44,3,150,1,inner_oof,f1_f3,1,0.6168271473419159,0.47610263468779823
44,3,263,1,inner_oof,f1_f3,1,0.5711162511292995,0.28640688055186303
44,3,245,1,inner_oof,f1_f3,1,0.5885863894840022,0.35812465190707393
44,3,287,1,inner_oof,f1_f3,1,0.5880458493861044,0.3558928617659877
44,3,247,1,inner_oof,f1_f3,1,0.5677275989314765,0.2725857767852871
44,3,7,1,inner_oof,f1_f3,1,0.5503469672702205,0.20207268192366024
44,3,256,0,inner_oof,f1_f3,0,0.4185061722689582,-0.3289087191377259
44,3,168,1,inner_oof,f1_f3,1,0.5662081858510679,0.26639710198817895
44,3,78,1,inner_oof,f1_f3,0,0.4882813957611869,-0.04688300253365456
44,3,124,1,inner_oof,f1_f3,1,0.6546589765893199,0.6395820511561952
44,3,154,1,inner_oof,f1_f3,1,0.5301095179410324,0.12058397216850811
44,3,199,0,inner_oof,f1_f3,1,0.5552433151638729,0.22187906639463373
44,3,127,0,inner_oof,f1_f3,0,0.33588670644800184,-0.6816788378275905
44,3,37,1,inner_oof,f1_f3,0,0.4688681125484807,-0.12468884703533167
44,3,151,1,inner_oof,f1_f3,0,0.4942894093666174,-0.02284335582294285
44,3,113,0,inner_oof,f1_f3,1,0.5542152712566432,0.21771702302869356
44,3,187,1,inner_oof,f1_f3,1,0.6531146763449326,0.6327584825287326
44,3,92,0,inner_oof,f1_f3,0,0.421063087717748,-0.31841083733074776
44,3,312,0,inner_oof,f1_f3,1,0.7185611775947909,0.93733575136062
44,3,171,1,inner_oof,f1_f3,0,0.29566451645636843,-0.8680293605724196
44,3,101,1,inner_oof,f1_f3,0,0.4188228418665107,-0.3276076109706092
44,3,292,1,inner_oof,f1_f3,0,0.4627354112475973,-0.14933526489947554
44,3,176,1,inner_oof,f2_f3,1,0.6153308844068022,0.4697766218096988
44,3,10,1,inner_oof,f2_f3,0,0.410705345876408,-0.36105028285491625
44,3,279,0,inner_oof,f2_f3,0,0.3688694138100584,-0.5370701030101498
44,3,135,0,inner_oof,f2_f3,1,0.5022115054788783,0.00884607960117547
44,3,300,0,inner_oof,f2_f3,1,0.7185544343104748,0.9373024071414606
44,3,195,0,inner_oof,f2_f3,0,0.4199217155128989,-0.3230947654176381
44,3,44,1,inner_oof,f2_f3,1,0.5309331140396633,0.1238906787817097
44,3,251,1,inner_oof,f2_f3,1,0.5070377293674596,0.02815277676373598
44,3,48,0,inner_oof,f2_f3,0,0.40521027890964534,-0.38380179360000966
44,3,197,1,inner_oof,f2_f3,1,0.60135540207058,0.4111158230090403
44,3,66,0,inner_oof,f2_f3,1,0.5305363385503078,0.12229755713948576
44,3,0,0,inner_oof,f2_f3,0,0.4595789024894006,-0.16203800501821516
44,3,85,1,inner_oof,f2_f3,1,0.5120476468942223,0.0481999170419279
44,3,210,1,inner_oof,f2_f3,1,0.5662882170988491,0.2667229472910505
44,3,57,0,inner_oof,f2_f3,1,0.6563851626430404,0.6472263835801655
44,3,59,0,inner_oof,f2_f3,0,0.497119881385986,-0.011520601876318566
44,3,84,1,inner_oof,f2_f3,0,0.41356379288116185,-0.34925211543953727
44,3,315,0,inner_oof,f2_f3,1,0.5894930527001869,0.3618700820922568
44,3,271,0,inner_oof,f2_f3,0,0.4417820788668765,-0.23393269954712295
44,3,215,0,inner_oof,f2_f3,0,0.38702018888731965,-0.45985514149394047
44,3,54,0,inner_oof,f2_f3,0,0.36862717603697415,-0.5381107640411759
44,3,17,0,inner_oof,f2_f3,1,0.6787620274841286,0.7480883952721906
44,3,6,0,inner_oof,f2_f3,1,0.595955170185246,0.3886396097333516
44,3,298,1,inner_oof,f2_f3,0,0.49896369397883167,-0.004145230020263247
44,3,307,0,inner_oof,f2_f3,0,0.4680326559548978,-0.12804403291903685
44,3,165,1,inner_oof,f2_f3,1,0.6128157900075535,0.45916381048531374
44,3,207,0,inner_oof,f2_f3,0,0.4002847524202214,-0.40427878030547215
44,3,161,1,inner_oof,f2_f3,0,0.4669875633115458,-0.1322421309780784
44,3,184,0,inner_oof,f2_f3,0,0.4183470796100112,-0.32956249113837593
44,3,238,0,inner_oof,f2_f3,1,0.7056253808319892,0.8742313035394674
44,3,134,0,inner_oof,f2_f3,1,0.512714409808748,0.05086860542798546
44,3,97,1,inner_oof,f2_f3,1,0.5704162475253981,0.2835496307806947
44,3,72,0,inner_oof,f2_f3,0,0.44306561061046096,-0.22872957585758205
44,3,2,0,inner_oof,f2_f3,0,0.49489196360645676,-0.020432856440387028
44,3,77,1,inner_oof,f2_f3,1,0.5190992405683144,0.07643415238375019
44,3,164,1,inner_oof,f2_f3,1,0.7392584110514946,1.0421177002732152
44,3,213,0,inner_oof,f2_f3,1,0.5650394217664679,0.2616400995188996
44,3,194,0,inner_oof,f2_f3,0,0.4408372654913263,-0.23776475312409426
44,3,289,0,inner_oof,f2_f3,1,0.5629500565434981,0.25314343903942044
44,3,73,0,inner_oof,f2_f3,0,0.3946643479013614,-0.42774744953656435
44,3,249,1,inner_oof,f2_f3,0,0.40360921204747985,-0.39044902376688473
44,3,150,1,inner_oof,f2_f3,1,0.5713099511782355,0.28719772317741604
44,3,263,1,inner_oof,f2_f3,1,0.5437818765766962,0.17557716828746975
44,3,245,1,inner_oof,f2_f3,1,0.5928154774578379,0.37561672767309484
44,3,287,1,inner_oof,f2_f3,1,0.5572560486219772,0.23003321153489892
44,3,247,1,inner_oof,f2_f3,1,0.5111778698225705,0.04471893014556533
44,3,7,1,inner_oof,f2_f3,1,0.5087836438820476,0.03513819048667345
44,3,256,0,inner_oof,f2_f3,0,0.4819246165546356,-0.07233305492839909
44,3,168,1,inner_oof,f2_f3,1,0.5082690224412382,0.03307910577314736
44,3,78,1,inner_oof,f2_f3,0,0.47278528720787216,-0.10896654303843537
44,3,124,1,inner_oof,f2_f3,1,0.6276174187040409,0.5220090048110552
44,3,154,1,inner_oof,f2_f3,1,0.5494616964165886,0.1984959671293634
44,3,199,0,inner_oof,f2_f3,1,0.5520512158411267,0.20896191948807397
44,3,127,0,inner_oof,f2_f3,0,0.4449725222453633,-0.22100508949215483
44,3,37,1,inner_oof,f2_f3,0,0.40938392417085184,-0.3665127827733639
44,3,151,1,inner_oof,f2_f3,1,0.5262100738872066,0.10493648341965464
44,3,113,0,inner_oof,f2_f3,0,0.4788372061059468,-0.08470177958159827
44,3,187,1,inner_oof,f2_f3,1,0.5894852997071768,0.3618380438305486
44,3,92,0,inner_oof,f2_f3,0,0.3577638043241709,-0.5850831378635163
44,3,312,0,inner_oof,f2_f3,1,0.6727868718424497,0.7208168690944586
44,3,171,1,inner_oof,f2_f3,0,0.3132131027771532,-0.7851402524138228
44,3,101,1,inner_oof,f2_f3,0,0.4863144951182496,-0.054755696074467904
44,3,292,1,inner_oof,f2_f3,0,0.42890309033865814,-0.2863279176890406
44,3,176,1,inner_oof,f1_f2_f3,1,0.6329378170175283,0.5448409123379445
44,3,10,1,inner_oof,f1_f2_f3,0,0.41777489762064224,-0.3319143817705943
44,3,279,0,inner_oof,f1_f2_f3,0,0.41990104199014844,-0.32317963703852925
44,3,135,0,inner_oof,f1_f2_f3,0,0.4678466880065955,-0.12879097574545462
44,3,300,0,inner_oof,f1_f2_f3,1,0.6693663398477864,0.7053205079027384
44,3,195,0,inner_oof,f1_f2_f3,0,0.40302677535578113,-0.39286926271621336
44,3,44,1,inner_oof,f1_f2_f3,1,0.5126768321384524,0.050718197776637705
44,3,251,1,inner_oof,f1_f2_f3,0,0.4437828506492064,-0.22582340670802614
44,3,48,0,inner_oof,f1_f2_f3,0,0.38380477124297313,-0.4734298280392255
44,3,197,1,inner_oof,f1_f2_f3,1,0.5910171271621237,0.36817171749196326
44,3,66,0,inner_oof,f1_f2_f3,1,0.5633220118607233,0.25465536753089996
44,3,0,0,inner_oof,f1_f2_f3,0,0.3614281881195732,-0.5691707666853372
44,3,85,1,inner_oof,f1_f2_f3,0,0.4315657902893048,-0.2754656126850759
44,3,210,1,inner_oof,f1_f2_f3,1,0.5047947774537458,0.019179697748277515
44,3,57,0,inner_oof,f1_f2_f3,1,0.6812998614792679,0.7597518783951179
44,3,59,0,inner_oof,f1_f2_f3,0,0.44095804686167095,-0.23727478158728674
44,3,84,1,inner_oof,f1_f2_f3,0,0.3996426305623352,-0.4069543694638516
44,3,315,0,inner_oof,f1_f2_f3,1,0.599355079635665,0.40277866020106196
44,3,271,0,inner_oof,f1_f2_f3,0,0.4452511909885597,-0.21987681787575736
44,3,215,0,inner_oof,f1_f2_f3,0,0.31845476590502825,-0.7608821805979886
44,3,54,0,inner_oof,f1_f2_f3,0,0.3745571423629999,-0.5127155966403977
44,3,17,0,inner_oof,f1_f2_f3,1,0.6801272355277628,0.7543565860360081
44,3,6,0,inner_oof,f1_f2_f3,1,0.6089117251321041,0.44274000525214496
44,3,298,1,inner_oof,f1_f2_f3,0,0.42948722627647495,-0.2839435593862382
44,3,307,0,inner_oof,f1_f2_f3,1,0.5288413942243692,0.11549378506586745
44,3,165,1,inner_oof,f1_f2_f3,1,0.5405502455456321,0.16255800647724555
44,3,207,0,inner_oof,f1_f2_f3,0,0.3735887334180134,-0.5168515816609099
44,3,161,1,inner_oof,f1_f2_f3,0,0.44220660622233077,-0.23221142401401432
44,3,184,0,inner_oof,f1_f2_f3,1,0.5310020408709333,0.12416744778299763
44,3,238,0,inner_oof,f1_f2_f3,1,0.7515581976234744,1.1069400257012703
44,3,134,0,inner_oof,f1_f2_f3,0,0.4838435174346778,-0.06464843693785517
44,3,97,1,inner_oof,f1_f2_f3,1,0.5773013773884488,0.3117049989596153
44,3,72,0,inner_oof,f1_f2_f3,0,0.4627997753244098,-0.1490763730342831
44,3,2,0,inner_oof,f1_f2_f3,0,0.4998439199029257,-0.0006243204085757195
44,3,77,1,inner_oof,f1_f2_f3,1,0.5415272419078576,0.16649249876100453
44,3,164,1,inner_oof,f1_f2_f3,1,0.6659815344024473,0.6900656663648703
44,3,213,0,inner_oof,f1_f2_f3,1,0.5062433218313388,0.024974585360724305
44,3,194,0,inner_oof,f1_f2_f3,0,0.37021981037336904,-0.5312739418178383
44,3,289,0,inner_oof,f1_f2_f3,1,0.5799207066333781,0.3224478943051872
44,3,73,0,inner_oof,f1_f2_f3,0,0.4123585903692163,-0.3542235785238745
44,3,249,1,inner_oof,f1_f2_f3,0,0.48883589965404445,-0.044663824732483905
44,3,150,1,inner_oof,f1_f2_f3,1,0.6255976070560689,0.5133762281924487
44,3,263,1,inner_oof,f1_f2_f3,1,0.58653961490125,0.3496785043993273
44,3,245,1,inner_oof,f1_f2_f3,1,0.5671169643484718,0.2700980027866076
44,3,287,1,inner_oof,f1_f2_f3,1,0.5871013701747809,0.3519953824002152
44,3,247,1,inner_oof,f1_f2_f3,1,0.5677459951715805,0.2726607375069354
44,3,7,1,inner_oof,f1_f2_f3,1,0.5252365275215148,0.10103196240832832
44,3,256,0,inner_oof,f1_f2_f3,0,0.4115995800761233,-0.35735671866163476
44,3,168,1,inner_oof,f1_f2_f3,1,0.5553501572731213,0.22231172666483945
44,3,78,1,inner_oof,f1_f2_f3,0,0.4881544957048204,-0.04739088477220753
44,3,124,1,inner_oof,f1_f2_f3,1,0.6803258304751383,0.7552695890513306
44,3,154,1,inner_oof,f1_f2_f3,1,0.5294807521927272,0.11805994602032835
44,3,199,0,inner_oof,f1_f2_f3,1,0.553775915782329,0.21593886394887948
44,3,127,0,inner_oof,f1_f2_f3,0,0.3367167245394717,-0.6779601652076886
44,3,37,1,inner_oof,f1_f2_f3,0,0.47999981133869624,-0.08004346352813045
44,3,151,1,inner_oof,f1_f2_f3,1,0.5071329070690908,0.028533564036137583
44,3,113,0,inner_oof,f1_f2_f3,1,0.5445823140742141,0.17880411573689864
44,3,187,1,inner_oof,f1_f2_f3,1,0.6573331324498112,0.6514321973079001
44,3,92,0,inner_oof,f1_f2_f3,0,0.4089341344817886,-0.3683733560860428
44,3,312,0,inner_oof,f1_f2_f3,1,0.7020619798771982,0.8571362118436122
44,3,171,1,inner_oof,f1_f2_f3,0,0.29350379927152154,-0.87842724062277
44,3,101,1,inner_oof,f1_f2_f3,0,0.41591144194234947,-0.33958025418880705
44,3,292,1,inner_oof,f1_f2_f3,0,0.4623383551268941,-0.1509324560039222
44,4,246,0,in_sample,f1,1,0.6363881711586133,0.5597218148324671
44,4,126,0,in_sample,f1,1,0.5553829209619969,0.22244440833847695
44,4,224,1,in_sample,f1,1,0.5171271039375778,0.06853522943045265
44,4,311,0,in_sample,f1,1,0.547855486414032,0.19200969219135822
44,4,100,1,in_sample,f1,0,0.40850161922331524,-0.37016306780894254
44,4,91,1,in_sample,f1,0,0.47633173885260577,-0.09474385257109964
44,4,253,1,in_sample,f1,1,0.6197739054844205,0.4885886816038562
44,4,111,0,in_sample,f1,0,0.330985892993641,-0.7037293914977008
44,4,26,0,in_sample,f1,1,0.5113270907112527,0.04531611616347809
44,4,9,0,in_sample,f1,0,0.4287307570283332,-0.2870315114618975
44,4,20,0,in_sample,f1,1,0.5274544854108816,0.10992850857894139
44,4,272,0,in_sample,f1,0,0.4392215931732699,-0.2443217769760525
44,4,60,1,in_sample,f1,0,0.38518383515128,-0.46760258995289666
44,4,63,1,in_sample,f1,0,0.4398378347297129,-0.24182022110270116
44,4,99,0,in_sample,f1,0,0.3878008793080595,-0.45656557996914465
44,4,95,0,in_sample,f1,0,0.34911490119813837,-0.6229320292820985
44,4,220,1,in_sample,f1,1,0.6410806041971601,0.5800573575397101
44,4,132,1,in_sample,f1,0,0.4384722175085029,-0.24736480022755966
44,4,62,0,in_sample,f1,0,0.47130114343754825,-0.11492174044290727
44,4,223,1,in_sample,f1,0,0.4937364447888979,-0.025055531541549866
44,4,181,1,in_sample,f1,1,0.580289728959073,0.3239628691239082
44,4,266,1,in_sample,f1,1,0.5598346555078244,0.2404910428498761
44,4,274,1,in_sample,f1,1,0.5342123985768346,0.13706377073849074
44,4,109,0,in_sample,f1,0,0.4993641189416631,-0.0025435256046296914
44,4,314,0,in_sample,f1,0,0.41139191495154553,-0.35821424726949835
44,4,116,1,in_sample,f1,0,0.47832162728220756,-0.08676788712359305
44,4,254,0,in_sample,f1,0,0.37211014450794877,-0.5231748639069359
44,4,160,0,in_sample,f1,0,0.36652635716458376,-0.5471479586627949
44,4,47,1,in_sample,f1,1,0.6115886211874053,0.45399483626876935
44,4,76,0,in_sample,f1,1,0.619598330755201,0.48784369567866137
44,4,74,0,in_sample,f1,1,0.510012711100498,0.04005619938747328
44,4,232,1,in_sample,f1,0,0.4618057625746133,-0.15307515576088432
44,4,71,1,in_sample,f1,1,0.6088036107157242,0.4422860291311396
44,4,284,1,in_sample,f1,0,0.42523311034765854,-0.3013270358047885
44,4,308,0,in_sample,f1,0,0.4078864930223745,-0.37270941894285786
44,4,114,0,in_sample,f1,0,0.4872360397412574,-0.05106693597387338
44,4,102,1,in_sample,f1,1,0.5188451002633334,0.07541612541403726
44,4,281,0,in_sample,f1,0,0.4953690031328955,-0.018524517186189818
44,4,15,1,in_sample,f1,1,0.5500978601728732,0.20106609792217497
44,4,149,0,in_sample,f1,0,0.49096605247041997,-0.03613972305084706
44,4,120,1,in_sample,f1,0,0.4731441954141598,-0.1075267005973542
44,4,178,1,in_sample,f1,1,0.548285756351133,0.19374682864389128
44,4,282,0,in_sample,f1,0,0.3951537958726797,-0.42569917189929096
44,4,275,0,in_sample,f1,1,0.6120409250993901,0.4558992943540969
44,4,129,1,in_sample,f1,0,0.37839702108835205,-0.4963576266122008
44,4,250,1,in_sample,f1,0,0.4679014635763973,-0.12857096519646918
44,4,123,0,in_sample,f1,0,0.4860619893430749,-0.05576649049209877
44,4,177,1,in_sample,f1,1,0.5076583221647868,0.0306356845154189
44,4,142,1,in_sample,f1,1,0.5362429747073226,0.14522660669153456
44,4,89,1,in_sample,f1,0,0.31422867225306034,-0.7804232542366756
44,4,61,0,in_sample,f1,1,0.6014776216379043,0.4116256773174896
44,4,104,1,in_sample,f1,1,0.5459763121727774,0.18442621799371345
44,4,258,0,in_sample,f1,0,0.40317512760668145,-0.3922526969124037
44,4,241,1,in_sample,f1,1,0.6306030021732061,0.5348045673485126
44,4,183,0,in_sample,f1,0,0.38879503134813403,-0.45238007410781544
44,4,217,0,in_sample,f1,1,0.6100135943858571,0.44736936168095914
44,4,96,1,in_sample,f1,0,0.3764513515764262,-0.5046379602024929
44,4,27,0,in_sample,f1,1,0.5131568475686841,0.052639541910268046
44,4,136,0,in_sample,f1,0,0.3582887020532943,-0.5827994191495939
44,4,267,1,in_sample,f1,0,0.26252377183764675,-1.0328922173813448
44,4,34,1,in_sample,f1,1,0.5086834524936942,0.03473730262124695
44,4,117,0,in_sample,f1,0,0.4933145099181253,-0.026743554168756265
44,4,265,0,in_sample,f1,1,0.5552974166517998,0.22209814937704114
44,4,246,0,in_sample,f2,1,0.85338574629904,1.7614066551177925
44,4,126,0,in_sample,f2,1,0.7038548432567319,0.8657224178195265
44,4,224,1,in_sample,f2,1,0.9120365893921301,2.3387591697498102
44,4,311,0,in_sample,f2,1,0.660262096289936,0.6644624228867096
44,4,100,1,in_sample,f2,1,0.703973764749633,0.8662930064839991
44,4,91,1,in_sample,f2,1,0.6760591160290592,0.7357194797013512
44,4,253,1,in_sample,f2,1,0.7980687693597597,1.3742675738168326
44,4,111,0,in_sample,f2,0,0.10496175903710513,-2.143270360520805
44,4,26,0,in_sample,f2,0,0.0951321036253153,-2.2525224720503165
44,4,9,0,in_sample,f2,1,0.5408181736088943,0.16363686166239189
44,4,20,0,in_sample,f2,1,0.9200876823181039,2.443538967750593
44,4,272,0,in_sample,f2,0,0.30304386990821786,-0.8328448875302207
44,4,60,1,in_sample,f2,0,0.38467854975641347,-0.4697367647408651
44,4,63,1,in_sample,f2,0,0.17710785484652306,-1.5360662448315927
44,4,99,0,in_sample,f2,1,0.6490163018758376,0.614718056544781
44,4,95,0,in_sample,f2,1,0.920866986563754,2.4541854519928012
44,4,220,1,in_sample,f2,1,0.5150355449117648,0.06016031775427701
44,4,132,1,in_sample,f2,0,0.4807853728761818,-0.07689637713178359
44,4,62,0,in_sample,f2,1,0.71061925035525,0.8983934796773724
44,4,223,1,in_sample,f2,1,0.8956626786475462,2.1499347423998434
44,4,181,1,in_sample,f2,1,0.9414725543120475,2.7779493953724548
44,4,266,1,in_sample,f2,1,0.6961625226047136,0.8290901979468536
44,4,274,1,in_sample,f2,0,0.42606549291675516,-0.2979222169577386
44,4,109,0,in_sample,f2,0,0.0725207842889226,-2.5485971846706406
44,4,314,0,in_sample,f2,1,0.8575639277650191,1.7952024444351335
44,4,116,1,in_sample,f2,0,0.43919282427006334,-0.24443857928372112
44,4,254,0,in_sample,f2,0,0.49384294131517176,-0.02462947970712357
44,4,160,0,in_sample,f2,1,0.83762204647487,1.6406403158596832
44,4,47,1,in_sample,f2,1,0.5081726646579263,0.0326935704172894
44,4,76,0,in_sample,f2,1,0.5176509938478429,0.0706333269470865
44,4,74,0,in_sample,f2,1,0.8486123555018774,1.7237587631892661
44,4,232,1,in_sample,f2,1,0.7154639069818618,0.9220710429959879
44,4,71,1,in_sample,f2,0,0.22271197694846498,-1.2499316142616512
44,4,284,1,in_sample,f2,0,0.3417175030944173,-0.6556497844142809
44,4,308,0,in_sample,f2,0,0.3171298091116909,-0.7669936017190405
44,4,114,0,in_sample,f2,0,0.274525735510076,-0.9717805882137767
44,4,102,1,in_sample,f2,1,0.8569385043196228,1.7900915815609584
44,4,281,0,in_sample,f2,0,0.10132493785437162,-2.182588966286112
44,4,15,1,in_sample,f2,0,0.49818928744191593,-0.007242881895235771
44,4,149,0,in_sample,f2,0,0.32591910508597993,-0.7267009191719769
44,4,120,1,in_sample,f2,1,0.7621813065800135,1.1646758715217085
44,4,178,1,in_sample,f2,1,0.8944556964261391,2.1370845689974662
44,4,282,0,in_sample,f2,1,0.9224493841146334,2.4761016748657134
44,4,275,0,in_sample,f2,0,0.2619764956426167,-1.035720884366978
44,4,129,1,in_sample,f2,0,0.2489022968105158,-1.1044753035826829
44,4,250,1,in_sample,f2,1,0.7521648469219905,1.1101916914391383
44,4,123,0,in_sample,f2,1,0.6654491216111083,0.6876732127306951
44,4,177,1,in_sample,f2,1,0.6450622542796249,0.5974044204718042
44,4,142,1,in_sample,f2,1,0.7344348078212081,1.0172408789835137
44,4,89,1,in_sample,f2,0,0.09929017575387378,-2.2051365149253206
44,4,61,0,in_sample,f2,0,0.32723381206812774,-0.7207229146404222
44,4,104,1,in_sample,f2,1,0.8189157821090702,1.5090190331519813
44,4,258,0,in_sample,f2,1,0.6716428564240481,0.7156248672115163
44,4,241,1,in_sample,f2,0,0.25834434674187773,-1.054591683956665
44,4,183,0,in_sample,f2,0,0.25786371031306665,-1.0571017143783683
44,4,217,0,in_sample,f2,0,0.19741153431278072,-1.4025515300834752
44,4,96,1,in_sample,f2,1,0.604894963665328,0.4259031848585311
44,4,27,0,in_sample,f2,1,0.7836754006409713,1.287214850363329
44,4,136,0,in_sample,f2,0,0.2259985927882257,-1.2310449190390127
44,4,267,1,in_sample,f2,0,0.12364143061495876,-1.9583896449603995
44,4,34,1,in_sample,f2,1,0.5145112103099002,0.05806114655476231
44,4,117,0,in_sample,f2,0,0.009727131723814557,-4.623061463796718
44,4,265,0,in_sample,f2,1,0.5821947136149023,0.3317894493039309
44,4,246,0,in_sample,f3,1,0.6349452093123575,0.5534912568326127
44,4,126,0,in_sample,f3,1,0.5455645833479403,0.18276538525822328
44,4,224,1,in_sample,f3,0,0.45711470936946913,-0.1719636818939351
44,4,311,0,in_sample,f3,0,0.39688484324695417,-0.41846198032912946
44,4,100,1,in_sample,f3,0,0.4797567200673219,-0.0810174059685251
44,4,91,1,in_sample,f3,1,0.5468021797253898,0.18775837166220033
44,4,253,1,in_sample,f3,1,0.8674549917043255,1.878641354716795
44,4,111,0,in_sample,f3,0,0.3344361886175705,-0.6881884232052917
44,4,26,0,in_sample,f3,0,0.40348232320394384,-0.39097619720572385
44,4,9,0,in_sample,f3,0,0.42752360604139134,-0.29196199565562364
44,4,20,0,in_sample,f3,0,0.15819621128642647,-1.6717108508932388
44,4,272,0,in_sample,f3,1,0.5071676109995976,0.028672408152511313
44,4,60,1,in_sample,f3,0,0.3220188888897439,-0.7445092228607367
44,4,63,1,in_sample,f3,0,0.13582045061016335,-1.8504467616267268
44,4,99,0,in_sample,f3,0,0.4114073289284001,-0.35815059259853355
44,4,95,0,in_sample,f3,0,0.2376946149875724,-1.1653605236829552
44,4,220,1,in_sample,f3,1,0.6830200011411238,0.7676854665853413
44,4,132,1,in_sample,f3,1,0.5586664341912869,0.23575160166284306
44,4,62,0,in_sample,f3,1,0.6693618967132027,0.7053004319087274
44,4,223,1,in_sample,f3,1,0.8081717099811631,1.4381738992324873
44,4,181,1,in_sample,f3,1,0.6065374407690495,0.4327805437399051
44,4,266,1,in_sample,f3,1,0.9057719914265934,2.2630701409618257
44,4,274,1,in_sample,f3,1,0.7255405824933849,0.9721135995213284
44,4,109,0,in_sample,f3,0,0.09988963643206378,-2.198451441138509
44,4,314,0,in_sample,f3,0,0.20634263572651002,-1.3471137696723627
44,4,116,1,in_sample,f3,1,0.5230886798303512,0.09242044758572551
44,4,254,0,in_sample,f3,1,0.6764773076842994,0.7376296456016751
44,4,160,0,in_sample,f3,0,0.2019988339477704,-1.3738481338183204
44,4,47,1,in_sample,f3,0,0.3539450552523359,-0.6017428640190033
44,4,76,0,in_sample,f3,0,0.17833182640766576,-1.5276906236518901
44,4,74,0,in_sample,f3,0,0.3412300817145055,-0.6578173596915033
44,4,232,1,in_sample,f3,0,0.1368666432090409,-1.8415621616073679
44,4,71,1,in_sample,f3,1,0.7642604717508268,1.1761811610259898
44,4,284,1,in_sample,f3,0,0.3888938463600833,-0.4519642637827432
44,4,308,0,in_sample,f3,0,0.3384078287528868,-0.6703975485018628
44,4,114,0,in_sample,f3,0,0.17277728610715978,-1.5660705605540872
44,4,102,1,in_sample,f3,0,0.24828789550929303,-1.1077644690083113
44,4,281,0,in_sample,f3,0,0.13128501583474975,-1.8896444368671537
44,4,15,1,in_sample,f3,0,0.4714647489800525,-0.11426516750269584
44,4,149,0,in_sample,f3,0,0.19375092980984693,-1.425819247616288
44,4,120,1,in_sample,f3,1,0.6190176313669371,0.48538065840662464
44,4,178,1,in_sample,f3,0,0.07001529194308333,-2.5864544685415516
44,4,282,0,in_sample,f3,0,0.468908364899883,-0.12452721181576347
44,4,275,0,in_sample,f3,1,0.7017811265949396,0.8557938785086969
44,4,129,1,in_sample,f3,0,0.31985666266902435,-0.7544305998653927
44,4,250,1,in_sample,f3,0,0.12102533625216153,-1.9827561591282934
44,4,123,0,in_sample,f3,0,0.30941039127253195,-0.8028772152988849
44,4,177,1,in_sample,f3,1,0.5995538182851522,0.40360636265197714
44,4,142,1,in_sample,f3,1,0.7739957020649523,1.231012304183479
44,4,89,1,in_sample,f3,1,0.6232328061181411,0.5032926607248279
44,4,61,0,in_sample,f3,0,0.3975031197553072,-0.41587970482968456
44,4,104,1,in_sample,f3,1,0.6735754821918095,0.7244013279915674
44,4,258,0,in_sample,f3,0,0.054132682802228264,-2.860664180765974
44,4,241,1,in_sample,f3,1,0.6087094307056884,0.44189060060556673
44,4,183,0,in_sample,f3,0,0.17266679892412873,-1.5668437976755465
44,4,217,0,in_sample,f3,1,0.5263391608777287,0.10545426118760874
44,4,96,1,in_sample,f3,1,0.5466740253126798,0.18724123537450502
44,4,27,0,in_sample,f3,0,0.17357833400464673,-1.5604761444674393
44,4,136,0,in_sample,f3,1,0.6420113507914369,0.5841047041174406
44,4,267,1,in_sample,f3,0,0.08571125463331106,-2.3671622926075804
44,4,34,1,in_sample,f3,1,0.6272519573538604,0.5204456032598593
44,4,117,0,in_sample,f3,1,0.6040354132120541,0.4223080474094075
44,4,265,0,in_sample,f3,0,0.3052636747442404,-0.822356474963381
44,4,246,0,in_sample,f1_f2,1,0.8532277219719964,1.760144221255651
44,4,126,0,in_sample,f1_f2,1,0.703754088965432,0.8652390997507285
44,4,224,1,in_sample,f1_f2,1,0.9120544610914157,2.3389819575438375
44,4,311,0,in_sample,f1_f2,1,0.6601644108591477,0.6640269720544505
44,4,100,1,in_sample,f1_f2,1,0.7042193842753659,0.8674719165696249
44,4,91,1,in_sample,f1_f2,1,0.6761427913680894,0.7361015790212485
44,4,253,1,in_sample,f1_f2,1,0.7978857890126132,1.3731325271188841
44,4,111,0,in_sample,f1_f2,0,0.10510782010928514,-2.141716560139017
44,4,26,0,in_sample,f1_f2,0,0.09508326793630313,-2.253089918410095
44,4,9,0,in_sample,f1_f2,1,0.5410205194411285,0.1644517024573815
44,4,20,0,in_sample,f1_f2,1,0.9200969615930673,2.4436651778551917
44,4,272,0,in_sample,f1_f2,0,0.30315147128970876,-0.8323354823748706
44,4,60,1,in_sample,f1_f2,0,0.384963411881148,-0.4685334632162487
44,4,63,1,in_sample,f1_f2,0,0.17716198626829022,-1.5356948664513506
44,4,99,0,in_sample,f1_f2,1,0.6493293134021154,0.6160924364100239
44,4,95,0,in_sample,f1_f2,1,0.9210259681361411,2.456369143599586
44,4,220,1,in_sample,f1_f2,1,0.5146268015673787,0.05852390447920623
44,4,132,1,in_sample,f1_f2,0,0.4809498251596604,-0.0762376034186735
44,4,62,0,in_sample,f1_f2,1,0.7107156857078601,0.8988624793859903
44,4,223,1,in_sample,f1_f2,1,0.8957047343454423,2.1503848517430892
44,4,181,1,in_sample,f1_f2,1,0.9414498589630548,2.7775375912642626
44,4,266,1,in_sample,f1_f2,1,0.6960481289538799,0.8285494387941975
44,4,274,1,in_sample,f1_f2,0,0.4259528563539858,-0.29838285042467605
44,4,109,0,in_sample,f1_f2,0,0.07248794260918946,-2.5490855550883533
44,4,314,0,in_sample,f1_f2,1,0.8577248982808771,1.7965208972642617
44,4,116,1,in_sample,f1_f2,0,0.43923645099026964,-0.24426145459892767
44,4,254,0,in_sample,f1_f2,0,0.4942034128216669,-0.02318738755860423
44,4,160,0,in_sample,f1_f2,1,0.8378693768577539,1.6424598874335183
44,4,47,1,in_sample,f1_f2,1,0.5078507585386252,0.03140561521293607
44,4,76,0,in_sample,f1_f2,1,0.5173074579728765,0.06925750200631628
44,4,74,0,in_sample,f1_f2,1,0.8486365176986645,1.7239468529318032
44,4,232,1,in_sample,f1_f2,1,0.7155820517952886,0.9226514650273178
44,4,71,1,in_sample,f1_f2,0,0.22245344387496693,-1.2514256828202348
44,4,284,1,in_sample,f1_f2,0,0.34187550130915023,-0.6549474816372978
44,4,308,0,in_sample,f1_f2,0,0.3173207946416356,-0.7661118318880925
44,4,114,0,in_sample,f1_f2,0,0.2745140823101665,-0.9718391003362294
44,4,102,1,in_sample,f1_f2,1,0.8569509192368848,1.7901928530300357
44,4,281,0,in_sample,f1_f2,0,0.10129076336084196,-2.1829643263302803
44,4,15,1,in_sample,f1_f2,0,0.498042791789825,-0.007828872827237765
44,4,149,0,in_sample,f1_f2,0,0.3259070832456529,-0.7267556400749199
44,4,120,1,in_sample,f1_f2,1,0.7622715386418037,1.16517373846745
44,4,178,1,in_sample,f1_f2,1,0.8944400267874385,2.13691859619874
44,4,282,0,in_sample,f1_f2,1,0.9225662358284334,2.4777362586111753
44,4,275,0,in_sample,f1_f2,0,0.2616880613892399,-1.0372132272975492
44,4,129,1,in_sample,f1_f2,0,0.2491202882132495,-1.103309603201672
44,4,250,1,in_sample,f1_f2,1,0.752266752370707,1.1107384320687497
44,4,123,0,in_sample,f1_f2,1,0.6655078537564707,0.6879370388524332
44,4,177,1,in_sample,f1_f2,1,0.6450633238782232,0.5974090920895854
44,4,142,1,in_sample,f1_f2,1,0.7343882856297184,1.0170023662996734
44,4,89,1,in_sample,f1_f2,0,0.09944745206771269,-2.2033791323483016
44,4,61,0,in_sample,f1_f2,0,0.3269455924890055,-0.722032396404394
44,4,104,1,in_sample,f1_f2,1,0.8188776915360941,1.5087621934893805
44,4,258,0,in_sample,f1_f2,1,0.6719102693558558,0.7168376638552817
44,4,241,1,in_sample,f1_f2,0,0.2580154693555967,-1.0563088528951314
44,4,183,0,in_sample,f1_f2,0,0.25806492577115453,-1.0560505347608586
44,4,217,0,in_sample,f1_f2,0,0.19716816305403487,-1.4040882893418312
44,4,96,1,in_sample,f1_f2,1,0.6052471991634979,0.4273772199113123
44,4,27,0,in_sample,f1_f2,1,0.7836875162623139,1.2872863184859376
44,4,136,0,in_sample,f1_f2,0,0.2262408779274124,-1.2296603501464176
44,4,267,1,in_sample,f1_f2,0,0.12391381595038523,-1.955878178415642
44,4,34,1,in_sample,f1_f2,1,0.5144844047718714,0.057953834180204375
44,4,117,0,in_sample,f1_f2,0,0.009719361658285765,-4.623868432730261
44,4,265,0,in_sample,f1_f2,1,0.582053182879596,0.3312076304140502
44,4,246,0,in_sample,f1_f3,1,0.6046928513578067,0.4250575911770227
44,4,126,0,in_sample,f1_f3,1,0.532310122054899,0.12942083339175353
44,4,224,1,in_sample,f1_f3,0,0.450869069838815,-0.19715991495390306
44,4,311,0,in_sample,f1_f3,0,0.3813675473594389,-0.4837477189615792
44,4,100,1,in_sample,f1_f3,1,0.5025873098015219,0.010349331580355114
44,4,91,1,in_sample,f1_f3,1,0.5539610894220199,0.21668825691735494
44,4,253,1,in_sample,f1_f3,1,0.8596403437450683,1.8123059951402902
44,4,111,0,in_sample,f1_f3,0,0.3704031276976817,-0.5304877824926453
44,4,26,0,in_sample,f1_f3,0,0.39714347878838274,-0.41738160388601553
44,4,9,0,in_sample,f1_f3,0,0.44298179796356096,-0.22906923701169127
44,4,20,0,in_sample,f1_f3,0,0.14715863826599246,-1.7570623765617992
44,4,272,0,in_sample,f1_f3,1,0.5227539880314634,0.09107886092795349
44,4,60,1,in_sample,f1_f3,0,0.34303666791910475,-0.6497908607805176
44,4,63,1,in_sample,f1_f3,0,0.13579847888511848,-1.8506339697171243
44,4,99,0,in_sample,f1_f3,0,0.43694921445082385,-0.2535528550388956
44,4,95,0,in_sample,f1_f3,0,0.2603200157394238,-1.0443059350286652
44,4,220,1,in_sample,f1_f3,1,0.6549904596847624,0.6410486004257359
44,4,132,1,in_sample,f1_f3,1,0.5758529844480771,0.3057722628589981
44,4,62,0,in_sample,f1_f3,1,0.6805965709758858,0.756514752263774
44,4,223,1,in_sample,f1_f3,1,0.8161209380055012,1.4902842825802383
44,4,181,1,in_sample,f1_f3,1,0.5893788081891311,0.36139799970231484
44,4,266,1,in_sample,f1_f3,1,0.9066695954007581,2.2736321661231775
44,4,274,1,in_sample,f1_f3,1,0.7244996942984367,0.966892601595418
44,4,109,0,in_sample,f1_f3,0,0.09346421778369014,-2.2720518368050535
44,4,314,0,in_sample,f1_f3,0,0.21406780916293774,-1.3005776874299322
44,4,116,1,in_sample,f1_f3,1,0.5290030926672061,0.1161427502705693
44,4,254,0,in_sample,f1_f3,1,0.7100430873631693,0.8955933197935432
44,4,160,0,in_sample,f1_f3,0,0.2176720419925273,-1.2792845007480924
44,4,47,1,in_sample,f1_f3,0,0.32280953925103456,-0.740890076304673
44,4,76,0,in_sample,f1_f3,0,0.15366705654416635,-1.7061245408807695
44,4,74,0,in_sample,f1_f3,0,0.3336644126205574,-0.6916576933457647
44,4,232,1,in_sample,f1_f3,0,0.1341875660687278,-1.8644297281095918
44,4,71,1,in_sample,f1_f3,1,0.7500117812739439,1.098675123116191
44,4,284,1,in_sample,f1_f3,0,0.4035619417366382,-0.39064540712577067
44,4,308,0,in_sample,f1_f3,0,0.3548469858613206,-0.5978008490692939
44,4,114,0,in_sample,f1_f3,0,0.1671080853621449,-1.606263058612635
44,4,102,1,in_sample,f1_f3,0,0.23765284194879446,-1.1655910783957182
44,4,281,0,in_sample,f1_f3,0,0.12467030762576357,-1.9489278928002445
44,4,15,1,in_sample,f1_f3,0,0.4571386225531587,-0.17186732066407467
44,4,149,0,in_sample,f1_f3,0,0.1876652882331907,-1.4652524675088516
44,4,120,1,in_sample,f1_f3,1,0.6288837057838126,0.5274308771527284
44,4,178,1,in_sample,f1_f3,0,0.06159165291518151,-2.7236588355834113
44,4,282,0,in_sample,f1_f3,0,0.49494560093357665,-0.020218284971812772
44,4,275,0,in_sample,f1_f3,1,0.6822653546763511,0.7642020795070952
44,4,129,1,in_sample,f1_f3,0,0.34240487543707404,-0.6525955465523089
44,4,250,1,in_sample,f1_f3,0,0.11746877653567171,-2.016621602217684
44,4,123,0,in_sample,f1_f3,0,0.30646585980072605,-0.8166941054824427
44,4,177,1,in_sample,f1_f3,1,0.6004151148316466,0.40719505289044255
44,4,142,1,in_sample,f1_f3,1,0.774205654730473,1.2322129337742163
44,4,89,1,in_sample,f1_f3,1,0.6726344623330229,0.7201246367211718
44,4,61,0,in_sample,f1_f3,0,0.36866882145248836,-0.5379318337956418
44,4,104,1,in_sample,f1_f3,1,0.667911406501733,0.6987537585384971
44,4,258,0,in_sample,f1_f3,0,0.05441254875957548,-2.8552115728911147
44,4,241,1,in_sample,f1_f3,1,0.5784047709524954,0.31622823848314174
44,4,183,0,in_sample,f1_f3,0,0.1819525029558554,-1.5031747195157408
44,4,217,0,in_sample,f1_f3,0,0.49783383170022255,-0.008664727409209455
44,4,96,1,in_sample,f1_f3,1,0.5798755358114804,0.32226247640111017
44,4,27,0,in_sample,f1_f3,0,0.16419638530180103,-1.6273304920611096
44,4,136,0,in_sample,f1_f3,1,0.6797106164967892,0.7524422330295859
44,4,267,1,in_sample,f1_f3,0,0.10159741568344884,-2.179600181362496
44,4,34,1,in_sample,f1_f3,1,0.6287420981748761,0.5268241795520313
44,4,117,0,in_sample,f1_f3,1,0.608584684467145,0.4413668876328016
44,4,265,0,in_sample,f1_f3,0,0.2872565685574693,-0.9087457284476843
44,4,246,0,in_sample,f2_f3,1,0.8792089826801608,1.9849606971156124
44,4,126,0,in_sample,f2_f3,1,0.7126473230396064,0.9082763590099217
44,4,224,1,in_sample,f2_f3,1,0.8724696676604583,1.9229736516063132
44,4,311,0,in_sample,f2_f3,1,0.5647208157800424,0.26034384963470697
44,4,100,1,in_sample,f2_f3,1,0.6686305423667157,0.7019977149099335
44,4,91,1,in_sample,f2_f3,1,0.6895672466642253,0.7980969195753822
44,4,253,1,in_sample,f2_f3,1,0.9360749622294081,2.6839844490876774
44,4,111,0,in_sample,f2_f3,0,0.08201921269777789,-2.415222940524368
44,4,26,0,in_sample,f2_f3,0,0.09295131602113113,-2.2781202520617025
44,4,9,0,in_sample,f2_f3,0,0.4800035902350002,-0.08002832372334645
44,4,20,0,in_sample,f2_f3,1,0.6983132332514178,0.8392784774224347
44,4,272,0,in_sample,f2_f3,0,0.3310993057864256,-0.7032172621049433
44,4,60,1,in_sample,f2_f3,0,0.2707851166759725,-0.9906428741274159
44,4,63,1,in_sample,f2_f3,0,0.057680682343209146,-2.793421872827695
44,4,99,0,in_sample,f2_f3,1,0.565610777643123,0.26396521174011944
44,4,95,0,in_sample,f2_f3,1,0.7765286347608942,1.2455502325030747
44,4,220,1,in_sample,f2_f3,1,0.6592191281708527,0.6598163293056678
44,4,132,1,in_sample,f2_f3,1,0.5305990254933025,0.122549245605681
44,4,62,0,in_sample,f2_f3,1,0.793567410687858,1.346564574868351
44,4,223,1,in_sample,f2_f3,1,0.9534448735405674,3.019444482837563
44,4,181,1,in_sample,f2_f3,1,0.9417214726311633,2.782475841443323
44,4,266,1,in_sample,f2_f3,1,0.9246226312359728,2.5068786070982094
44,4,274,1,in_sample,f2_f3,1,0.6238229018621756,0.5058064787818841
44,4,109,0,in_sample,f2_f3,0,0.0188014230181091,-3.954842302675859
44,4,314,0,in_sample,f2_f3,1,0.628254487214977,0.5247358040520038
44,4,116,1,in_sample,f2_f3,0,0.46584158679075915,-0.13684681509400873
44,4,254,0,in_sample,f2_f3,1,0.6368786752202525,0.561842168202791
44,4,160,0,in_sample,f2_f3,1,0.5910074298025033,0.3681315988034062
44,4,47,1,in_sample,f2_f3,0,0.39226904019263636,-0.437784352319363
44,4,76,0,in_sample,f2_f3,0,0.24409867443784058,-1.1303382989397084
44,4,74,0,in_sample,f2_f3,1,0.7315252575065966,1.0023749076411879
44,4,232,1,in_sample,f2_f3,0,0.34770516036918125,-0.6291417873890456
44,4,71,1,in_sample,f2_f3,0,0.4576692422752318,-0.16972932463570745
44,4,284,1,in_sample,f2_f3,0,0.28404631777369177,-0.9244781596243294
44,4,308,0,in_sample,f2_f3,0,0.232646783220173,-1.1934258611723325
44,4,114,0,in_sample,f2_f3,0,0.11152380764691067,-2.075269762305316
44,4,102,1,in_sample,f2_f3,1,0.6699317484477217,0.7078763832463275
44,4,281,0,in_sample,f2_f3,0,0.032560546188556756,-3.3915515270794048
44,4,15,1,in_sample,f2_f3,0,0.47734064226951045,-0.0906995574580706
44,4,149,0,in_sample,f2_f3,0,0.14801700516416694,-1.7502394005957298
44,4,120,1,in_sample,f2_f3,1,0.8034289316510457,1.407864695882477
44,4,178,1,in_sample,f2_f3,0,0.46338057670076915,-0.14674043795496527
44,4,282,0,in_sample,f2_f3,1,0.8890125206066877,2.080693922645076
44,4,275,0,in_sample,f2_f3,0,0.44204048071847923,-0.23288495043930857
44,4,129,1,in_sample,f2_f3,0,0.17429608360528873,-1.5554807715346877
44,4,250,1,in_sample,f2_f3,0,0.3601472776187166,-0.5747249763063458
44,4,123,0,in_sample,f2_f3,0,0.4948429173531341,-0.020629062128551978
44,4,177,1,in_sample,f2_f3,1,0.6997088629902288,0.8459118777481183
44,4,142,1,in_sample,f2_f3,1,0.8656431408200381,1.8629733577431606
44,4,89,1,in_sample,f2_f3,0,0.17718810891121098,-1.5355156792018405
44,4,61,0,in_sample,f2_f3,0,0.2782214336607944,-0.9533010764378353
44,4,104,1,in_sample,f2_f3,1,0.8696010802429924,1.8974362126497684
44,4,258,0,in_sample,f2_f3,0,0.16670000946728936,-1.609197863477835
44,4,241,1,in_sample,f2_f3,0,0.36033619164123937,-0.573905277557188
44,4,183,0,in_sample,f2_f3,0,0.10426063595024572,-2.1507556033429607
44,4,217,0,in_sample,f2_f3,0,0.241767224770001,-1.1430150476954475
44,4,96,1,in_sample,f2_f3,1,0.6285006457697566,0.5257899296278059
44,4,27,0,in_sample,f2_f3,0,0.4779293194758678,-0.08834012766664867
44,4,136,0,in_sample,f2_f3,0,0.350399677135208,-0.6172828482242421
44,4,267,1,in_sample,f2_f3,0,0.02740837545952256,-3.569115646129851
44,4,34,1,in_sample,f2_f3,1,0.6140012069050342,0.4641626510256257
44,4,117,0,in_sample,f2_f3,0,0.023636940264624845,-3.721023750946071
44,4,265,0,in_sample,f2_f3,0,0.41381163647682295,-0.348230291452738
44,4,246,0,in_sample,f1_f2_f3,1,0.8256624002724063,1.5551923258742584
44,4,126,0,in_sample,f1_f2_f3,1,0.676386251466307,0.7372136202976117
44,4,224,1,in_sample,f1_f2_f3,1,0.8745422974581555,1.9417319906549257
44,4,311,0,in_sample,f1_f2_f3,1,0.509775709491819,0.03910782156767889
44,4,100,1,in_sample,f1_f2_f3,1,0.7521435536921822,1.1100774685625694
44,4,91,1,in_sample,f1_f2_f3,1,0.7206926166236397,0.9478998092574461
44,4,253,1,in_sample,f1_f2_f3,1,0.921706397173448,2.465760832751121
44,4,111,0,in_sample,f1_f2_f3,0,0.13172636256196404,-1.8857801554530509
44,4,26,0,in_sample,f1_f2_f3,0,0.07653249756916455,-2.4904201539946067
44,4,9,0,in_sample,f1_f2_f3,1,0.5454475259608578,0.18229324487251386
44,4,20,0,in_sample,f1_f2_f3,1,0.6552706259018849,0.6422886333134536
44,4,272,0,in_sample,f1_f2_f3,0,0.3783740462398318,-0.4964553046708962
44,4,60,1,in_sample,f1_f2_f3,0,0.34803277578263486,-0.6276976324348851
44,4,63,1,in_sample,f1_f2_f3,0,0.05479809977934759,-2.8477430379073496
44,4,99,0,in_sample,f1_f2_f3,1,0.6716276155202373,0.7155557604244904
44,4,95,0,in_sample,f1_f2_f3,1,0.8657930407049784,1.8642628161507528
44,4,220,1,in_sample,f1_f2_f3,1,0.537364974352357,0.14973905624552886
44,4,132,1,in_sample,f1_f2_f3,1,0.5974288099403794,0.3947631792314965
44,4,62,0,in_sample,f1_f2_f3,1,0.8301661064126982,1.5868049461407638
44,4,223,1,in_sample,f1_f2_f3,1,0.9649958854052528,3.3166582230714265
44,4,181,1,in_sample,f1_f2_f3,1,0.9328873026896188,2.631911147555101
44,4,266,1,in_sample,f1_f2_f3,1,0.9284262257710709,2.562762197204262
44,4,274,1,in_sample,f1_f2_f3,1,0.6126667886253195,0.4585358794332413
44,4,109,0,in_sample,f1_f2_f3,0,0.012773526061196732,-4.347524717371493
44,4,314,0,in_sample,f1_f2_f3,1,0.6934453318124486,0.8162763050128538
44,4,116,1,in_sample,f1_f2_f3,0,0.4861359255456719,-0.05547051690662949
44,4,254,0,in_sample,f1_f2_f3,1,0.7650318522984128,1.1804675066889496
44,4,160,0,in_sample,f1_f2_f3,1,0.699184589690452,0.8434179623363501
44,4,47,1,in_sample,f1_f2_f3,0,0.2724550617465942,-0.9822020784506618
44,4,76,0,in_sample,f1_f2_f3,0,0.13969373143646147,-1.8178360584374647
44,4,74,0,in_sample,f1_f2_f3,1,0.7235288049492554,0.9620337201119996
44,4,232,1,in_sample,f1_f2_f3,0,0.3427061622671547,-0.65125774986477
44,4,71,1,in_sample,f1_f2_f3,0,0.36479035897704704,-0.5546322581424025
44,4,284,1,in_sample,f1_f2_f3,0,0.3301940470790123,-0.7073075448351175
44,4,308,0,in_sample,f1_f2_f3,0,0.28206421800289827,-0.9342453565051557
44,4,114,0,in_sample,f1_f2_f3,0,0.09413625719651804,-2.2641456231378623
44,4,102,1,in_sample,f1_f2_f3,1,0.641277767157367,0.5809143328208937
44,4,281,0,in_sample,f1_f2_f3,0,0.02382744679813215,-3.7128012240653954
44,4,15,1,in_sample,f1_f2_f3,0,0.4210201141645836,-0.31858712782566667
44,4,149,0,in_sample,f1_f2_f3,0,0.12723891529632955,-1.925595304815891
44,4,120,1,in_sample,f1_f2_f3,1,0.8358425939242254,1.6276145499150287
44,4,178,1,in_sample,f1_f2_f3,0,0.3649074245651148,-0.5541270862689007
44,4,282,0,in_sample,f1_f2_f3,1,0.9322060576566401,2.621081037168027
44,4,275,0,in_sample,f1_f2_f3,0,0.3409132872085093,-0.6592269529956747
44,4,129,1,in_sample,f1_f2_f3,0,0.23223337633165198,-1.195743013017028
44,4,250,1,in_sample,f1_f2_f3,0,0.3476255306735778,-0.629492897392526
44,4,123,0,in_sample,f1_f2_f3,0,0.49220843776067674,-0.03116877206414881
44,4,177,1,in_sample,f1_f2_f3,1,0.7079240757906372,0.8853230674734951
44,4,142,1,in_sample,f1_f2_f3,1,0.870304844027467,1.903656803020702
44,4,89,1,in_sample,f1_f2_f3,0,0.31249624324541925,-0.7884748464065585
44,4,61,0,in_sample,f1_f2_f3,0,0.18701269741107354,-1.4695389763106268
44,4,104,1,in_sample,f1_f2_f3,1,0.8655321706615112,1.8620195605984369
44,4,258,0,in_sample,f1_f2_f3,0,0.1799928563662823,-1.5163958887201088
44,4,241,1,in_sample,f1_f2_f3,0,0.24384946355418022,-1.1316893963873509
44,4,183,0,in_sample,f1_f2_f3,0,0.1266884402343739,-1.9305615303432007
44,4,217,0,in_sample,f1_f2_f3,0,0.15868004303780084,-1.6680821689818401
44,4,96,1,in_sample,f1_f2_f3,1,0.7469363524366753,1.0823389487827424
44,4,27,0,in_sample,f1_f2_f3,0,0.4327243385482579,-0.2707444672443655
44,4,136,0,in_sample,f1_f2_f3,0,0.4960886820358415,-0.015645590998692338
44,4,267,1,in_sample,f1_f2_f3,0,0.0525999267172869,-2.8910067413058247
44,4,34,1,in_sample,f1_f2_f3,1,0.6192458025269277,0.4863482740911219
44,4,117,0,in_sample,f1_f2_f3,0,0.020221353881735432,-3.880587505939509
44,4,265,0,in_sample,f1_f2_f3,0,0.339600195876337,-0.6650763842208889
44,4,246,0,inner_oof,f1,0,0.4749554573223904,-0.10026207660863631
44,4,126,0,inner_oof,f1,0,0.48948930716099137,-0.04204896587991148
44,4,224,1,inner_oof,f1,0,0.496128906331414,-0.015484684070837529
44,4,311,0,inner_oof,f1,0,0.49080203243117254,-0.03679602136908163
44,4,100,1,inner_oof,f1,1,0.5150537941428539,0.060233380827633576
44,4,91,1,inner_oof,f1,1,0.5031741613768371,0.012696816074830471
44,4,253,1,inner_oof,f1,0,0.4780180033761222,-0.08798470231261438
44,4,111,0,inner_oof,f1,1,0.5294174782823851,0.11780596933309387
44,4,26,0,inner_oof,f1,0,0.49713074852755557,-0.011477131873126713
44,4,9,0,inner_oof,f1,1,0.5114692660450485,0.04588511319539894
44,4,20,0,inner_oof,f1,0,0.49434298013606776,-0.022629045051148045
44,4,272,0,inner_oof,f1,1,0.5096271939862069,0.038513535808512106
44,4,60,1,inner_oof,f1,1,0.5192532661346102,0.07705116222272713
44,4,63,1,inner_oof,f1,1,0.5095192932182393,0.03808177445644511
44,4,99,0,inner_oof,f1,1,0.5187777159334528,0.07514620602961301
44,4,95,0,inner_oof,f1,1,0.525941828831446,0.10386057689741775
44,4,220,1,inner_oof,f1,0,0.4740802725837454,-0.10377193281765737
44,4,132,1,inner_oof,f1,1,0.5097584489071155,0.03903875287339495
44,4,62,0,inner_oof,f1,1,0.5040447771433889,0.016179461512494143
44,4,223,1,inner_oof,f1,1,0.5001672030464435,0.0006688122107044812
44,4,181,1,inner_oof,f1,0,0.4851117124585272,-0.05957076035806405
44,4,266,1,inner_oof,f1,0,0.4887109780692216,-0.04516376311466674
44,4,274,1,inner_oof,f1,0,0.49317229611285524,-0.02731251328925836
44,4,109,0,inner_oof,f1,0,0.49919582686973485,-0.00321669529468781
44,4,314,0,inner_oof,f1,1,0.5145386626732086,0.058171048753953083
44,4,116,1,inner_oof,f1,1,0.5028300166207713,0.011320187368535975
44,4,254,0,inner_oof,f1,1,0.5216471538839146,0.08664277694356426
44,4,160,0,inner_oof,f1,1,0.5226795428323462,0.09078046417865004
44,4,47,1,inner_oof,f1,0,0.4795080089372317,-0.08201390406093936
44,4,76,0,inner_oof,f1,0,0.4780500869419171,-0.08785611988367102
44,4,74,0,inner_oof,f1,0,0.4973577032576846,-0.010569285359218876
44,4,232,1,inner_oof,f1,1,0.505690912063553,0.022764631309878727
44,4,71,1,inner_oof,f1,0,0.4800124076440914,-0.0799929976104023
44,4,284,1,inner_oof,f1,1,0.5120857653195557,0.04835247959906203
44,4,308,0,inner_oof,f1,1,0.5151635670397051,0.0606728737128929
44,4,114,0,inner_oof,f1,1,0.5012895735995869,0.005158305836051943
44,4,102,1,inner_oof,f1,0,0.495832019811925,-0.01667230693585261
44,4,281,0,inner_oof,f1,0,0.4998853944792203,-0.0004584220911468054
44,4,15,1,inner_oof,f1,0,0.4904113929719852,-0.03835913096213908
44,4,149,0,inner_oof,f1,1,0.5006454775912944,0.0025819117994864745
44,4,120,1,inner_oof,f1,1,0.5037257057666706,0.014903098895005316
44,4,178,1,inner_oof,f1,0,0.49072710181492013,-0.03709584612672964
44,4,282,0,inner_oof,f1,1,0.5174476011681979,0.06981875273398166
44,4,275,0,inner_oof,f1,0,0.4794259715228859,-0.08234260805137805
44,4,129,1,inner_oof,f1,1,0.5204920646444403,0.08201419888283748
44,4,250,1,inner_oof,f1,1,0.5046336869559033,0.018535278465072937
44,4,123,0,inner_oof,f1,1,0.5014923544272467,0.005969435435241411
44,4,177,1,inner_oof,f1,0,0.497764182008511,-0.008943331575153968
44,4,142,1,inner_oof,f1,0,0.4928201447326352,-0.028721395307578265
44,4,89,1,inner_oof,f1,1,0.5327139762735865,0.13104310955617346
44,4,61,0,inner_oof,f1,0,0.4813334023004149,-0.07470110903220466
44,4,104,1,inner_oof,f1,0,0.4911291470487123,-0.035487135524147964
44,4,258,0,inner_oof,f1,1,0.5160060259559975,0.06404598730585363
44,4,241,1,inner_oof,f1,0,0.4760280350245634,-0.0959614313270072
44,4,183,0,inner_oof,f1,1,0.5185973666474669,0.07442379975077552
44,4,217,0,inner_oof,f1,0,0.479793419864509,-0.08087036619452903
44,4,96,1,inner_oof,f1,1,0.5208487444406678,0.08344336065555481
44,4,27,0,inner_oof,f1,0,0.4968147595641855,-0.012741134103050984
44,4,136,0,inner_oof,f1,1,0.5242144936337736,0.0969338037649937
44,4,267,1,inner_oof,f1,1,0.5435440438097477,0.17461852677692008
44,4,34,1,inner_oof,f1,0,0.49758720396151734,-0.00965125906855921
44,4,117,0,inner_oof,f1,1,0.5002400399973832,0.0009601600632974782
44,4,265,0,inner_oof,f1,0,0.48950424139336,-0.04198920257862069
44,4,246,0,inner_oof,f2,1,0.5739244799770938,0.29788121207285617
44,4,126,0,inner_oof,f2,1,0.537089367951642,0.14863048530741885
44,4,224,1,inner_oof,f2,1,0.5972662467214493,0.3940873066097041
44,4,311,0,inner_oof,f2,1,0.5287417517519832,0.11509388919276788
44,4,100,1,inner_oof,f2,1,0.5371130068286992,0.14872556431998865
44,4,91,1,inner_oof,f2,1,0.5316993466274375,0.1269676802832878
44,4,253,1,inner_oof,f2,1,0.558079392985042,0.2333709897898768
44,4,111,0,inner_oof,f2,0,0.41271144727796205,-0.35276759707247346
44,4,26,0,inner_oof,f2,0,0.4083060218672941,-0.37097262554949945
44,4,9,0,inner_oof,f2,1,0.5079092715624716,0.0316397254565516
44,4,20,0,inner_oof,f2,1,0.6014587861307804,0.41154709919143384
44,4,272,0,inner_oof,f2,0,0.466448691126208,-0.1344072128306581
44,4,60,1,inner_oof,f2,0,0.4815330673678297,-0.07390134595929758
44,4,63,1,inner_oof,f2,0,0.4374328651520462,-0.2515872348558267
44,4,99,0,inner_oof,f2,1,0.5266758532117825,0.10680482646301184
44,4,95,0,inner_oof,f2,1,0.6018839619668758,0.41332115688328225
44,4,220,1,inner_oof,f2,1,0.5035992123981483,0.014397098269043174
44,4,132,1,inner_oof,f2,0,0.49788973833334915,-0.008441096786745763
44,4,62,0,inner_oof,f2,1,0.5384426232273306,0.1540745687504752
44,4,223,1,inner_oof,f2,1,0.5896752128772335,0.36262288886125893
44,4,181,1,inner_oof,f2,1,0.6147376302891071,0.4672709774088898
44,4,266,1,inner_oof,f2,1,0.5355713900209919,0.14252634144582818
44,4,274,1,inner_oof,f2,0,0.48868409788999373,-0.045271338800907404
44,4,109,0,inner_oof,f2,0,0.39644293089644994,-0.42030850106824674
44,4,314,0,inner_oof,f2,1,0.5753010031930648,0.30351271244673744
44,4,116,1,inner_oof,f2,0,0.4909112039183165,-0.03635918933963668
44,4,254,0,inner_oof,f2,1,0.5000670758392185,0.00026830335848349214
44,4,160,0,inner_oof,f2,1,0.5689963672737381,0.27775753103382955
44,4,47,1,inner_oof,f2,1,0.5024550368668214,0.009820226385829585
44,4,76,0,inner_oof,f2,1,0.5040354746874277,0.016142249259042566
44,4,74,0,inner_oof,f2,1,0.5723897091083395,0.2916078235308537
44,4,232,1,inner_oof,f2,1,0.5394230095147495,0.1580200367917546
44,4,71,1,inner_oof,f2,0,0.4491989699973637,-0.20390770697428096
44,4,284,1,inner_oof,f2,0,0.4738038519805247,-0.10488062654272298
44,4,308,0,inner_oof,f2,0,0.4691805698170238,-0.123434202637464
44,4,114,0,inner_oof,f2,0,0.4606916563219642,-0.15755851262715187
44,4,102,1,inner_oof,f2,1,0.5750929090081666,0.30266107303342143
44,4,281,0,inner_oof,f2,0,0.41112433434544504,-0.3593193820001362
44,4,15,1,inner_oof,f2,1,0.5007913712675782,0.003165487713575013
44,4,149,0,inner_oof,f2,0,0.47085305692571344,-0.11672010418283674
44,4,120,1,inner_oof,f2,1,0.5494493403756262,0.19844605465212073
44,4,178,1,inner_oof,f2,1,0.5891570165013685,0.36048162340240497
44,4,282,0,inner_oof,f2,1,0.602758719381778,0.4169731271374447
44,4,275,0,inner_oof,f2,0,0.45804560845885367,-0.16821308850675923
44,4,129,1,inner_oof,f2,0,0.455202979618815,-0.1796698570965835
44,4,250,1,inner_oof,f2,1,0.5472008281021364,0.1893671816119171
44,4,123,0,inner_oof,f2,1,0.5297053704004585,0.11896157727831924
44,4,177,1,inner_oof,f2,1,0.5259565947174669,0.10391979995563615
44,4,142,1,inner_oof,f2,1,0.5433604320508113,0.17387849069302122
44,4,89,1,inner_oof,f2,0,0.41021502398237225,-0.36307655208424056
44,4,61,0,inner_oof,f2,0,0.4711012513510749,-0.11572397018405954
44,4,104,1,inner_oof,f2,1,0.5636097225815953,0.25582505607906275
44,4,258,0,inner_oof,f2,1,0.5308655161921421,0.12361925078850933
44,4,241,1,inner_oof,f2,0,0.45726512151863463,-0.17135759014709318
44,4,183,0,inner_oof,f2,0,0.4571613236232202,-0.1717758445374714
44,4,217,0,inner_oof,f2,0,0.4429151732619764,-0.2293392512693959
44,4,96,1,inner_oof,f2,1,0.5188265954597003,0.07534200100534857
44,4,27,0,inner_oof,f2,1,0.554498902300844,0.21886511628970554
44,4,136,0,inner_oof,f2,0,0.4499777594698521,-0.2007605565938311
44,4,267,1,inner_oof,f2,0,0.42019807420126776,-0.3219603326222944
44,4,34,1,inner_oof,f2,1,0.5035117689189622,0.014047306663825594
44,4,117,0,inner_oof,f2,0,0.31734867941181216,-0.765983113186494
44,4,265,0,inner_oof,f2,1,0.5149104598697363,0.05965952849416077
44,4,246,0,inner_oof,f3,1,0.5302395159953529,0.12110586512600197
44,4,126,0,inner_oof,f3,1,0.5094556852463584,0.037827250927429605
44,4,224,1,inner_oof,f3,0,0.48953705389996643,-0.041857894872966275
44,4,311,0,inner_oof,f3,0,0.47571152066464045,-0.09723044443043619
44,4,100,1,inner_oof,f3,0,0.4946431977134758,-0.021428029017031905
44,4,91,1,inner_oof,f3,1,0.509735983883819,0.038948858617418106
44,4,253,1,inner_oof,f3,1,0.6031920271113245,0.4187831307784834
44,4,111,0,inner_oof,f3,0,0.4606264689791756,-0.15782088631150654
44,4,26,0,inner_oof,f3,0,0.47725168282030933,-0.09105613045833882
44,4,9,0,inner_oof,f3,0,0.48280330727667986,-0.06881391289728064
44,4,20,0,inner_oof,f3,0,0.4064269552785185,-0.3787560599567388
44,4,272,0,inner_oof,f3,1,0.5008030798802318,0.0032123222832574298
44,4,60,1,inner_oof,f3,0,0.4574847607409154,-0.17047260151536364
44,4,63,1,inner_oof,f3,0,0.396778398135998,-0.41890669441392375
44,4,99,0,inner_oof,f3,0,0.47909162564670527,-0.08368229692924684
44,4,95,0,inner_oof,f3,0,0.43413223986603394,-0.2650112237250849
44,4,220,1,inner_oof,f3,1,0.5422047665966682,0.16922173273948266
44,4,132,1,inner_oof,f3,1,0.512429912581307,0.049729896553598066
44,4,62,0,inner_oof,f3,1,0.5387242360984519,0.15520776815553053
44,4,223,1,inner_oof,f3,1,0.5792847713640014,0.3198380014932615
44,4,181,1,inner_oof,f3,1,0.523480171085234,0.09398981610953884
44,4,266,1,inner_oof,f3,1,0.623666469410851,0.5051399216886134
44,4,274,1,inner_oof,f3,1,0.5535794360801144,0.21514378166962975
44,4,109,0,inner_oof,f3,0,0.37822681974519407,-0.49708129636787507
44,4,314,0,inner_oof,f3,0,0.4241305535858946,-0.30583966223629594
44,4,116,1,inner_oof,f3,1,0.5043830046462523,0.0175324676762092
44,4,254,0,inner_oof,f3,1,0.5405284119291617,0.16247009409745755
44,4,160,0,inner_oof,f3,0,0.4226644153807582,-0.3118451799739719
44,4,47,1,inner_oof,f3,0,0.4654546142538308,-0.13840204634201114
44,4,76,0,inner_oof,f3,0,0.41425475129763,-0.3464038399989354
44,4,74,0,inner_oof,f3,0,0.4623219545881968,-0.15099843264668963
44,4,232,1,inner_oof,f3,0,0.3972561833606132,-0.4169108877167039
44,4,71,1,inner_oof,f3,1,0.5648783701500127,0.2609848330449181
44,4,284,1,inner_oof,f3,0,0.4738348521835983,-0.10475628482203364
44,4,308,0,inner_oof,f3,0,0.46161954885726547,-0.15382440399321032
44,4,114,0,inner_oof,f3,0,0.41216431229555367,-0.3550253800729259
44,4,102,1,inner_oof,f3,0,0.4373133193758495,-0.25207303951841
44,4,281,0,inner_oof,f3,0,0.39467283406966125,-0.427711928480717
44,4,15,1,inner_oof,f3,0,0.49277632903656515,-0.028896694459807058
44,4,149,0,inner_oof,f3,0,0.4198181868266202,-0.323519796361198
44,4,120,1,inner_oof,f3,1,0.5264267832220301,0.10580572913855826
44,4,178,1,inner_oof,f3,0,0.3579573262079395,-0.5842409928027442
44,4,282,0,inner_oof,f3,0,0.4922001513877738,-0.031201925615127513
44,4,275,0,inner_oof,f3,1,0.5471133454462167,0.18901411036085858
44,4,129,1,inner_oof,f3,0,0.4569316656643211,-0.17270130631112146
44,4,250,1,inner_oof,f3,0,0.3896869654200967,-0.4486282329258847
44,4,123,0,inner_oof,f3,0,0.45423242269312825,-0.18358419122761918
44,4,177,1,inner_oof,f3,1,0.5218451409502082,0.08743622609149415
44,4,142,1,inner_oof,f3,1,0.5679033404541463,0.2733019168181313
44,4,89,1,inner_oof,f3,1,0.5274297881753184,0.10982942115726395
44,4,61,0,inner_oof,f3,0,0.47585619891898473,-0.09665037073835897
44,4,104,1,inner_oof,f3,1,0.5397903133256489,0.15949852927499197
44,4,258,0,inner_oof,f3,0,0.3439279243268002,-0.6458385412469914
44,4,241,1,inner_oof,f3,1,0.523990631273326,0.09603626867520572
44,4,183,0,inner_oof,f3,0,0.4121222286845968,-0.35519907746191187
44,4,217,0,inner_oof,f3,1,0.5051149065083296,0.02046033977177601
44,4,96,1,inner_oof,f3,1,0.5097069529229487,0.038832690859262546
44,4,27,0,inner_oof,f3,0,0.4124688279175951,-0.35376866923974964
44,4,136,0,inner_oof,f3,1,0.5319520901604181,0.12798276706676642
44,4,267,1,inner_oof,f3,0,0.3693561480755631,-0.5349799351948288
44,4,34,1,inner_oof,f3,1,0.5283900812305753,0.11368260053662248
44,4,117,0,inner_oof,f3,1,0.5228933093220407,0.09163730972011501
44,4,265,0,inner_oof,f3,0,0.45314786853265265,-0.18795994667081026
44,4,246,0,inner_oof,f1_f2,1,0.5378318722716383,0.15161726853711863
44,4,126,0,inner_oof,f1_f2,1,0.5252434874511249,0.10105987325006667
44,4,224,1,inner_oof,f1_f2,1,0.6078864735790991,0.4384367373659246
44,4,311,0,inner_oof,f1_f2,1,0.5183488499767385,0.07342837426865595
44,4,100,1,inner_oof,f1_f2,1,0.5778091032228807,0.313785969097887
44,4,91,1,inner_oof,f1_f2,1,0.5473475779787352,0.1899594758787329
44,4,253,1,inner_oof,f1_f2,1,0.525722990381401,0.10298288028829153
44,4,111,0,inner_oof,f1_f2,0,0.46430782920729247,-0.14301193059722628
44,4,26,0,inner_oof,f1_f2,0,0.39348587048361944,-0.43268286499612346
44,4,9,0,inner_oof,f1_f2,1,0.5372726255246494,0.1493675915889655
44,4,20,0,inner_oof,f1_f2,1,0.6091298193883331,0.44365592715924607
44,4,272,0,inner_oof,f1_f2,0,0.4857963630912678,-0.05682983764466806
44,4,60,1,inner_oof,f1_f2,1,0.5231913099432093,0.09283184919398746
44,4,63,1,inner_oof,f1_f2,0,0.45204092135406065,-0.19242790045257369
44,4,99,0,inner_oof,f1_f2,1,0.5736104094930443,0.29659697672598995
44,4,95,0,inner_oof,f1_f2,1,0.6700988756858512,0.7086322908732794
44,4,220,1,inner_oof,f1_f2,0,0.4547370390903187,-0.18154885956464412
44,4,132,1,inner_oof,f1_f2,1,0.5222508608270642,0.08906226745695456
44,4,62,0,inner_oof,f1_f2,1,0.5568428936696274,0.228358793093806
44,4,223,1,inner_oof,f1_f2,1,0.607268887893836,0.43584648679357596
44,4,181,1,inner_oof,f1_f2,1,0.6060933080340127,0.4309198890403506
44,4,266,1,inner_oof,f1_f2,1,0.5218780825776107,0.08756824498434627
44,4,274,1,inner_oof,f1_f2,0,0.47721560276622216,-0.09120075050509321
44,4,109,0,inner_oof,f1_f2,0,0.38408994675987485,-0.4722241738920864
44,4,314,0,inner_oof,f1_f2,1,0.6195007179130211,0.4874295693895663
44,4,116,1,inner_oof,f1_f2,0,0.49983766506434146,-0.0006493397654497024
44,4,254,0,inner_oof,f1_f2,1,0.5493462236827716,0.19802952228859289
44,4,160,0,inner_oof,f1_f2,1,0.6284585186340426,0.5256095082177539
44,4,47,1,inner_oof,f1_f2,0,0.46466372895122465,-0.14158111302863796
44,4,76,0,inner_oof,f1_f2,0,0.4634507609960506,-0.14645818971418492
44,4,74,0,inner_oof,f1_f2,1,0.5819667841308493,0.33085248099317965
44,4,232,1,inner_oof,f1_f2,1,0.5613352661667966,0.24658293236611784
44,4,71,1,inner_oof,f1_f2,0,0.40538803296303455,-0.38306432206142016
44,4,284,1,inner_oof,f1_f2,0,0.499390989752073,-0.002436042196391333
44,4,308,0,inner_oof,f1_f2,1,0.5004617473783721,0.0018469900385526816
44,4,114,0,inner_oof,f1_f2,0,0.4618793698082127,-0.15277900203879893
44,4,102,1,inner_oof,f1_f2,1,0.5819715063244262,0.3308718914380039
44,4,281,0,inner_oof,f1_f2,0,0.40218181871285263,-0.39638239132517344
44,4,15,1,inner_oof,f1_f2,0,0.48538301189197436,-0.05848461704320769
44,4,149,0,inner_oof,f1_f2,0,0.4722310717431728,-0.11119012746984969
44,4,120,1,inner_oof,f1_f2,1,0.5687397987927224,0.27671141087649215
44,4,178,1,inner_oof,f1_f2,1,0.5878011301790695,0.35488275007970466
44,4,282,0,inner_oof,f1_f2,1,0.6552204979952735,0.6420667290658916
44,4,275,0,inner_oof,f1_f2,0,0.41413026238652384,-0.34691690632361727
44,4,129,1,inner_oof,f1_f2,0,0.49539158597016897,-0.018434178125131984
44,4,250,1,inner_oof,f1_f2,1,0.5680317886660156,0.2738253824548357
44,4,123,0,inner_oof,f1_f2,1,0.5415966210766762,0.16677194630092118
44,4,177,1,inner_oof,f1_f2,1,0.5295858030149889,0.11848162047321273
44,4,142,1,inner_oof,f1_f2,1,0.5393651755794884,0.15778725604578087
44,4,89,1,inner_oof,f1_f2,0,0.4682064808180967,-0.12734589521679357
44,4,61,0,inner_oof,f1_f2,0,0.43273644523324617,-0.27069514778266324
44,4,104,1,inner_oof,f1_f2,1,0.5592015455336141,0.2379222031144892
44,4,258,0,inner_oof,f1_f2,1,0.5726940019450439,0.2928511663954348
44,4,241,1,inner_oof,f1_f2,0,0.4064063805077802,-0.37884134675215575
44,4,183,0,inner_oof,f1_f2,0,0.4937157770675363,-0.025138215445318773
44,4,217,0,inner_oof,f1_f2,0,0.3979241203484251,-0.41412214858147967
44,4,96,1,inner_oof,f1_f2,1,0.5689767129559652,0.27767738811639947
44,4,27,0,inner_oof,f1_f2,1,0.5603835336682446,0.24271875149377553
44,4,136,0,inner_oof,f1_f2,0,0.4970838899616546,-0.011664572410578944
44,4,267,1,inner_oof,f1_f2,1,0.5026247809488936,0.010499220241771023
44,4,34,1,inner_oof,f1_f2,1,0.5034249417996232,0.013699981473018302
44,4,117,0,inner_oof,f1_f2,0,0.2971511670787735,-0.8609008479020984
44,4,265,0,inner_oof,f1_f2,0,0.49972759608209294,-0.0010896157794332284
44,4,246,0,inner_oof,f1_f3,0,0.4709577310624318,-0.11629998511781028
44,4,126,0,inner_oof,f1_f3,0,0.48739400319115994,-0.050434675224018996
44,4,224,1,inner_oof,f1_f3,0,0.4818668875803366,-0.07256427396676972
44,4,311,0,inner_oof,f1_f3,0,0.4491336261584685,-0.20417181219070285
44,4,100,1,inner_oof,f1_f3,1,0.5434649630742611,0.17429979082230024
44,4,91,1,inner_oof,f1_f3,1,0.5277126549034651,0.11096433903282249
44,4,253,1,inner_oof,f1_f3,1,0.5725506157378403,0.29226526130916475
44,4,111,0,inner_oof,f1_f3,1,0.5428435428718831,0.1717954544831772
44,4,26,0,inner_oof,f1_f3,0,0.4694264009612718,-0.12244715776547613
44,4,9,0,inner_oof,f1_f3,1,0.5182521266767918,0.07304096207808361
44,4,20,0,inner_oof,f1_f3,0,0.37396785823236817,-0.5152318612924686
44,4,272,0,inner_oof,f1_f3,1,0.5353590179559374,0.14167255768157355
44,4,60,1,inner_oof,f1_f3,1,0.5092113868765631,0.0368497167976404
44,4,63,1,inner_oof,f1_f3,0,0.40418155593371524,-0.38807182371956217
44,4,99,0,inner_oof,f1_f3,1,0.5349284627772245,0.1399417862758398
44,4,95,0,inner_oof,f1_f3,0,0.49921008447058096,-0.0031596647463780214
44,4,220,1,inner_oof,f1_f3,0,0.4834266536097809,-0.06631768049786355
44,4,132,1,inner_oof,f1_f3,1,0.5501919690354824,0.20144635804908945
44,4,62,0,inner_oof,f1_f3,1,0.5662815156035168,0.26669566177401594
44,4,223,1,inner_oof,f1_f3,1,0.6052714440138612,0.4274786965651949
44,4,181,1,inner_oof,f1_f3,0,0.4921686265269596,-0.031328055876476524
44,4,266,1,inner_oof,f1_f3,1,0.6284390681743343,0.5255262089281613
44,4,274,1,inner_oof,f1_f3,1,0.5534521107913228,0.21462857847146907
44,4,109,0,inner_oof,f1_f3,0,0.35282616546244666,-0.6066394496894298
44,4,314,0,inner_oof,f1_f3,0,0.4531865859371026,-0.18780370631970375
44,4,116,1,inner_oof,f1_f3,1,0.5200213748887547,0.08012834439379778
44,4,254,0,inner_oof,f1_f3,1,0.6181532996097523,0.4817172641353586
44,4,160,0,inner_oof,f1_f3,0,0.4750154994589082,-0.10002130543485849
44,4,47,1,inner_oof,f1_f3,0,0.40423085824281063,-0.3878670999319643
44,4,76,0,inner_oof,f1_f3,0,0.3395379155159557,-0.6653540968290014
44,4,74,0,inner_oof,f1_f3,0,0.4514434518493484,-0.194840250451712
44,4,232,1,inner_oof,f1_f3,0,0.3940457326441479,-0.4303375415491947
44,4,71,1,inner_oof,f1_f3,1,0.5294811373387316,0.11806149197887789
44,4,284,1,inner_oof,f1_f3,1,0.508812310277633,0.035252891582524606
44,4,308,0,inner_oof,f1_f3,1,0.5024567870965115,0.009827227473498568
44,4,114,0,inner_oof,f1_f3,0,0.40027654206018204,-0.40431298215131667
44,4,102,1,inner_oof,f1_f3,0,0.41599913986093323,-0.33921926305087174
44,4,281,0,inner_oof,f1_f3,0,0.3747881420737776,-0.5117296531265215
44,4,15,1,inner_oof,f1_f3,0,0.46924192596678266,-0.12318784389774928
44,4,149,0,inner_oof,f1_f3,0,0.40796163645612993,-0.3723982943785024
44,4,120,1,inner_oof,f1_f3,1,0.5501100512263145,0.2011153567748946
44,4,178,1,inner_oof,f1_f3,0,0.306874289646725,-0.8147731992107655
44,4,282,0,inner_oof,f1_f3,1,0.5473765482054084,0.190076405959326
44,4,275,0,inner_oof,f1_f3,1,0.5052721001895141,0.02108918234746368
44,4,129,1,inner_oof,f1_f3,1,0.5121385969250635,0.048563930104618014
44,4,250,1,inner_oof,f1_f3,0,0.38168386730840254,-0.4824071747487445
44,4,123,0,inner_oof,f1_f3,0,0.4533108344419957,-0.1873023288887521
44,4,177,1,inner_oof,f1_f3,1,0.5270799493748551,0.10842589558581715
44,4,142,1,inner_oof,f1_f3,1,0.5703608743474796,0.2833236597297312
44,4,89,1,inner_oof,f1_f3,1,0.6331077946669893,0.5455726129069867
44,4,61,0,inner_oof,f1_f3,0,0.4220842007235258,-0.31422336015448205
44,4,104,1,inner_oof,f1_f3,1,0.53023101360738,0.12107173075547012
44,4,258,0,inner_oof,f1_f3,0,0.3551896545729371,-0.5963043504059167
44,4,241,1,inner_oof,f1_f3,0,0.4662718374260999,-0.13511784433150748
44,4,183,0,inner_oof,f1_f3,0,0.44964584298099847,-0.2021017355433032
44,4,217,0,inner_oof,f1_f3,0,0.4537244776895554,-0.18563333160246331
44,4,96,1,inner_oof,f1_f3,1,0.5787333886271394,0.31757598841722967
44,4,27,0,inner_oof,f1_f3,0,0.3881605655157879,-0.4550508034667536
44,4,136,0,inner_oof,f1_f3,1,0.6150560247380771,0.46861555589381443
44,4,267,1,inner_oof,f1_f3,0,0.4664595984355842,-0.13436338631696987
44,4,34,1,inner_oof,f1_f3,1,0.5347480924708018,0.13921678529114842
44,4,117,0,inner_oof,f1_f3,1,0.5355968118090451,0.142628546256533
44,4,265,0,inner_oof,f1_f3,0,0.4175254489112965,-0.3329399974579927
44,4,246,0,inner_oof,f2_f3,1,0.5890166740922897,0.35990184830022875
44,4,126,0,inner_oof,f2_f3,1,0.5405219636812817,0.1624441305471328
44,4,224,1,inner_oof,f2_f3,1,0.5734313364445548,0.2958648551209223
44,4,311,0,inner_oof,f2_f3,1,0.5038329640951082,0.01533215672397259
44,4,100,1,inner_oof,f2_f3,1,0.5275209672592774,0.11019524212181495
44,4,91,1,inner_oof,f2_f3,1,0.536298309309006,0.14544911599538926
44,4,253,1,inner_oof,f2_f3,1,0.6385828533334683,0.5692186073653966
44,4,111,0,inner_oof,f2_f3,0,0.3949347553006325,-0.42661571989065883
44,4,26,0,inner_oof,f2_f3,0,0.40545873400308935,-0.38277102400546026
44,4,9,0,inner_oof,f2_f3,0,0.4927852291857922,-0.028861086439744096
44,4,20,0,inner_oof,f2_f3,1,0.5032121909933936,0.012848940745609994
44,4,272,0,inner_oof,f2_f3,0,0.4742439558231125,-0.10311544678356212
44,4,60,1,inner_oof,f2_f3,0,0.4486169769592218,-0.20626024360474143
44,4,63,1,inner_oof,f2_f3,0,0.36050486214609334,-0.5731735740836862
44,4,99,0,inner_oof,f2_f3,1,0.5051034309837187,0.020414432879988953
44,4,95,0,inner_oof,f2_f3,1,0.5286607806103899,0.11476893388144202
44,4,220,1,inner_oof,f2_f3,1,0.5416608087721756,0.16703048925121008
44,4,132,1,inner_oof,f2_f3,1,0.5106351246561575,0.04254691580719926
44,4,62,0,inner_oof,f2_f3,1,0.5672455479042336,0.27062179314929397
44,4,223,1,inner_oof,f2_f3,1,0.6431705796968119,0.5891521229842637
44,4,181,1,inner_oof,f2_f3,1,0.6169426569273496,0.476591382266995
44,4,266,1,inner_oof,f2_f3,1,0.6387760909170044,0.5700559746938463
44,4,274,1,inner_oof,f2_f3,1,0.5394290290307204,0.15804426550112755
44,4,109,0,inner_oof,f2_f3,0,0.3138266874050347,-0.7822893554960354
44,4,314,0,inner_oof,f2_f3,0,0.4968864076790592,-0.012454530271974185
44,4,116,1,inner_oof,f2_f3,0,0.4977336925414479,-0.009065291915474324
44,4,254,0,inner_oof,f2_f3,1,0.5372652125730577,0.1493377741200416
44,4,160,0,inner_oof,f2_f3,0,0.49021596546028884,-0.03914113450423101
44,4,47,1,inner_oof,f2_f3,0,0.47291918718393056,-0.10842935951171323
44,4,76,0,inner_oof,f2_f3,0,0.4287715134039057,-0.28686510701692197
44,4,74,0,inner_oof,f2_f3,1,0.5285689534904459,0.11440041842313817
44,4,232,1,inner_oof,f2_f3,0,0.44242266015531234,-0.23133555002922726
44,4,71,1,inner_oof,f2_f3,1,0.516698438747643,0.06681860445886223
44,4,284,1,inner_oof,f2_f3,0,0.45662251730513476,-0.17394721027870025
44,4,308,0,inner_oof,f2_f3,0,0.44209031270121857,-0.23268290997901536
44,4,114,0,inner_oof,f2_f3,0,0.39205235137622485,-0.43869339371909605
44,4,102,1,inner_oof,f2_f3,1,0.5085789678802911,0.0343192395870241
44,4,281,0,inner_oof,f2_f3,0,0.3384086722984602,-0.6703937807913461
44,4,15,1,inner_oof,f2_f3,0,0.49568730487778123,-0.017251208312130145
44,4,149,0,inner_oof,f2_f3,0,0.4068590898423561,-0.3769650844032604
44,4,120,1,inner_oof,f2_f3,1,0.5655786884694919,0.26383460725405106
44,4,178,1,inner_oof,f2_f3,0,0.4474423586369191,-0.21101003430581822
44,4,282,0,inner_oof,f2_f3,1,0.5803659795961463,0.32427595243345786
44,4,275,0,inner_oof,f2_f3,1,0.5082235728758275,0.032897258047761474
44,4,129,1,inner_oof,f2_f3,0,0.426525218272638,-0.2960424694188233
44,4,250,1,inner_oof,f2_f3,0,0.4419334375465714,-0.2333189658667864
44,4,123,0,inner_oof,f2_f3,0,0.48557526535786943,-0.05771495401964724
44,4,177,1,inner_oof,f2_f3,1,0.5421826024717011,0.16913244036826014
44,4,142,1,inner_oof,f2_f3,1,0.5966080949954468,0.39135188213714034
44,4,89,1,inner_oof,f2_f3,0,0.4504593209024724,-0.19881502509096172
44,4,61,0,inner_oof,f2_f3,0,0.4561649246080564,-0.17579160975799651
44,4,104,1,inner_oof,f2_f3,1,0.58877147724295,0.3588890476419374
44,4,258,0,inner_oof,f2_f3,0,0.38649706652542326,-0.4620607675241788
44,4,241,1,inner_oof,f2_f3,0,0.48704755119929904,-0.05182138909593573
44,4,183,0,inner_oof,f2_f3,0,0.3892060690517438,-0.45065069321268625
44,4,217,0,inner_oof,f2_f3,0,0.458420995525556,-0.1667009889962467
44,4,96,1,inner_oof,f2_f3,1,0.5255987039275144,0.1024844215716098
44,4,27,0,inner_oof,f2_f3,0,0.4687760073600512,-0.12505870589596532
44,4,136,0,inner_oof,f2_f3,0,0.48799694150983314,-0.04802146019964902
44,4,267,1,inner_oof,f2_f3,0,0.3242947874868371,-0.7341039647071139
44,4,34,1,inner_oof,f2_f3,1,0.5293895693113339,0.11769394604220229
44,4,117,0,inner_oof,f2_f3,0,0.3660053381741363,-0.5493926160985171
44,4,265,0,inner_oof,f2_f3,0,0.47232467929143956,-0.1108145427037846
44,4,246,0,inner_oof,f1_f2_f3,1,0.5284281733224372,0.11383546239021455
44,4,126,0,inner_oof,f1_f2_f3,1,0.5200587663180196,0.08027815076253324
44,4,224,1,inner_oof,f1_f2_f3,1,0.5851125916665355,0.3437971148999912
44,4,311,0,inner_oof,f1_f2_f3,0,0.47646440232490916,-0.09421201363293544
44,4,100,1,inner_oof,f1_f2_f3,1,0.5983157830241748,0.39845242981320506
44,4,91,1,inner_oof,f1_f2_f3,1,0.5662591341040791,0.2666045349491454
44,4,253,1,inner_oof,f1_f2_f3,1,0.6092379083273642,0.44410993188996084
44,4,111,0,inner_oof,f1_f2_f3,0,0.4828408834030042,-0.06866343077460701
44,4,26,0,inner_oof,f1_f2_f3,0,0.37769512214336215,-0.4993428149744328
44,4,9,0,inner_oof,f1_f2_f3,1,0.5413164415069591,0.16564347019702624
44,4,20,0,inner_oof,f1_f2_f3,0,0.48438129115942796,-0.06249516775467068
44,4,272,0,inner_oof,f1_f2_f3,1,0.5122373132569239,0.048959030195892816
44,4,60,1,inner_oof,f1_f2_f3,1,0.513379127111453,0.053529286616849026
44,4,63,1,inner_oof,f1_f2_f3,0,0.36048684736060593,-0.5732517162516415
44,4,99,0,inner_oof,f1_f2_f3,1,0.5836375742832911,0.33772410156231036
44,4,95,0,inner_oof,f1_f2_f3,1,0.6349139726517634,0.5533564963993381
44,4,220,1,inner_oof,f1_f2_f3,0,0.46524231037185787,-0.13925536027834753
44,4,132,1,inner_oof,f1_f2_f3,1,0.559121825046853,0.23759879329338487
44,4,62,0,inner_oof,f1_f2_f3,1,0.6095276401592512,0.4453271114839433
44,4,223,1,inner_oof,f1_f2_f3,1,0.6897324220067148,0.798868648194181
44,4,181,1,inner_oof,f1_f2_f3,1,0.601900281541538,0.41338926351537497
44,4,266,1,inner_oof,f1_f2_f3,1,0.6487138072268981,0.613390389185818
44,4,274,1,inner_oof,f1_f2_f3,1,0.53557308818199,0.1425331686459453
44,4,109,0,inner_oof,f1_f2_f3,0,0.2692116355298042,-0.998626083285183
44,4,314,0,inner_oof,f1_f2_f3,1,0.5540409391743485,0.21701142550742938
44,4,116,1,inner_oof,f1_f2_f3,1,0.5163108769823138,0.06526666630452857
44,4,254,0,inner_oof,f1_f2_f3,1,0.6365192123681066,0.5602881601937236
44,4,160,0,inner_oof,f1_f2_f3,1,0.5760747254802548,0.30668018365825395
44,4,47,1,inner_oof,f1_f2_f3,0,0.39545736703297263,-0.42442920728323835
44,4,76,0,inner_oof,f1_f2_f3,0,0.3350644363059883,-0.6853672787495574
44,4,74,0,inner_oof,f1_f2_f3,1,0.5315788731080024,0.12648384887782727
44,4,232,1,inner_oof,f1_f2_f3,0,0.45003623833456347,-0.20052427902039857
44,4,71,1,inner_oof,f1_f2_f3,0,0.45781084409186934,-0.1691588420568705
44,4,284,1,inner_oof,f1_f2_f3,0,0.4974477762320702,-0.010208983738668145
44,4,308,0,inner_oof,f1_f2_f3,0,0.4898086233436548,-0.04077115346642779
44,4,114,0,inner_oof,f1_f2_f3,0,0.3718205856175353,-0.5244143761543059
44,4,102,1,inner_oof,f1_f2_f3,0,0.4989132812743959,-0.004346881747069209
44,4,281,0,inner_oof,f1_f2_f3,0,0.3010029791929418,-0.8425263177952633
44,4,15,1,inner_oof,f1_f2_f3,0,0.465900902938174,-0.1366084398930959
44,4,149,0,inner_oof,f1_f2_f3,0,0.3883391259848002,-0.4542990075813452
44,4,120,1,inner_oof,f1_f2_f3,1,0.6055437917056533,0.4286187550579075
44,4,178,1,inner_oof,f1_f2_f3,0,0.3981426886906222,-0.4132099374794822
44,4,282,0,inner_oof,f1_f2_f3,1,0.6690485074943877,0.7038847486487467
44,4,275,0,inner_oof,f1_f2_f3,0,0.4438280603021911,-0.22564025464597084
44,4,129,1,inner_oof,f1_f2_f3,0,0.4897728185010484,-0.040914432572484005
44,4,250,1,inner_oof,f1_f2_f3,0,0.44492568076022704,-0.22119475463060156
44,4,123,0,inner_oof,f1_f2_f3,0,0.49254491542122253,-0.02982254842764495
44,4,177,1,inner_oof,f1_f2_f3,1,0.5541892816643443,0.21761182846055172
44,4,142,1,inner_oof,f1_f2_f3,1,0.6070777956183927,0.4350453079166754
44,4,89,1,inner_oof,f1_f2_f3,1,0.5711452284657815,0.2865251841652261
44,4,61,0,inner_oof,f1_f2_f3,0,0.38254487919142505,-0.47876040940515274
44,4,104,1,inner_oof,f1_f2_f3,1,0.5892444152780996,0.3608427108666822
44,4,258,0,inner_oof,f1_f2_f3,0,0.4133830776825395,-0.3499972923432205
44,4,241,1,inner_oof,f1_f2_f3,0,0.40364995459599634,-0.39027976580375645
44,4,183,0,inner_oof,f1_f2_f3,0,0.43125049621757316,-0.27675097879996885
44,4,217,0,inner_oof,f1_f2_f3,0,0.3815796132794725,-0.4828489497859851
44,4,96,1,inner_oof,f1_f2_f3,1,0.6179420404562869,0.48082234373861255
44,4,27,0,inner_oof,f1_f2_f3,0,0.4508922499250911,-0.1970662910597179
44,4,136,0,inner_oof,f1_f2_f3,1,0.5862172627722294,0.34834942967784394
44,4,267,1,inner_oof,f1_f2_f3,0,0.43391700146905005,-0.2658874330097422
44,4,34,1,inner_oof,f1_f2_f3,1,0.5378968096969406,0.15187851645193795
44,4,117,0,inner_oof,f1_f2_f3,0,0.3430261111899168,-0.6498377044489659
44,4,265,0,inner_oof,f1_f2_f3,0,0.4307144060359243,-0.2789369913538743
44,5,90,1,in_sample,f1,1,0.6530033257829239,0.6322670268339406
44,5,240,0,in_sample,f1,0,0.420343472297424,-0.32136356625557766
44,5,94,0,in_sample,f1,1,0.7071120948881053,0.8813992439766123
44,5,38,0,in_sample,f1,1,0.6354132253985817,0.5555109480408645
44,5,190,0,in_sample,f1,1,0.8733184652945694,1.9306239470529323
44,5,16,1,in_sample,f1,1,0.5042740147277656,0.017096475325531525
44,5,83,1,in_sample,f1,1,0.540260860404923,0.16139285694794375
44,5,243,0,in_sample,f1,1,0.5645527902310056,0.259660324589979
44,5,157,0,in_sample,f1,1,0.5454962879751897,0.18248991958272978
44,5,228,0,in_sample,f1,0,0.3443989222724736,-0.6437518474894828
44,5,36,1,in_sample,f1,1,0.578939050153776,0.31841960740947256
44,5,196,0,in_sample,f1,0,0.24336923823401432,-1.1342955802952834
44,5,67,0,in_sample,f1,0,0.35860688290990406,-0.581415801305262
44,5,188,1,in_sample,f1,1,0.5329329993246203,0.13192299365751056
44,5,206,1,in_sample,f1,1,0.5352434789399302,0.14120808635939885
44,5,304,1,in_sample,f1,1,0.5597629536677058,0.24020007358434414
44,5,290,0,in_sample,f1,0,0.4697286810606251,-0.12123354440763003
44,5,141,1,in_sample,f1,1,0.5818490751073457,0.3303686612872947
44,5,18,0,in_sample,f1,0,0.393619860014194,-0.43212146185050476
44,5,49,1,in_sample,f1,0,0.3237247295687388,-0.7367066433564374
44,5,231,0,in_sample,f1,1,0.6740762991138576,0.7266800003262475
44,5,35,1,in_sample,f1,0,0.2957426606074005,-0.8676541419292462
44,5,29,0,in_sample,f1,1,0.5024188247154266,0.009675374339295446
44,5,13,0,in_sample,f1,1,0.5143260065455953,0.05731971492556029
44,5,1,1,in_sample,f1,0,0.20472785765009663,-1.3570027999581589
44,5,45,0,in_sample,f1,0,0.49119756442710005,-0.03521338050412236
44,5,42,0,in_sample,f1,1,0.644930147529438,0.596827474885169
44,5,88,1,in_sample,f1,1,0.5305060839234209,0.12217608600892585
44,5,8,0,in_sample,f1,1,0.6292444143123126,0.5289767104188029
44,5,255,1,in_sample,f1,1,0.5403765916425071,0.16185881172413277
44,5,264,1,in_sample,f1,1,0.6422242097744305,0.5850309732132347
44,5,14,1,in_sample,f1,1,0.6697333582661551,0.7069793269816721
44,5,257,0,in_sample,f1,1,0.6084545622687233,0.44082066862387587
44,5,46,1,in_sample,f1,0,0.442649192283149,-0.23041729271883787
44,5,237,1,in_sample,f1,1,0.6074710216877672,0.4366941085594758
44,5,108,1,in_sample,f1,1,0.5290645949635223,0.11638959177022673
44,5,302,1,in_sample,f1,0,0.4802446118785875,-0.0790627112641241
44,5,288,1,in_sample,f1,1,0.5782159643892615,0.31545402061335515
44,5,64,0,in_sample,f1,1,0.582255937664155,0.33204115256858535
44,5,276,0,in_sample,f1,0,0.2934114718548142,-0.8788725348506401
44,5,301,1,in_sample,f1,1,0.6108794618421021,0.4510104972323375
44,5,21,0,in_sample,f1,1,0.7252048444349408,0.9704282277501246
44,5,31,0,in_sample,f1,0,0.15222862611391905,-1.7172274832126135
44,5,248,1,in_sample,f1,1,0.632514130741698,0.5430176945298953
44,5,112,1,in_sample,f1,0,0.46501878321690554,-0.14015383867664086
44,5,180,0,in_sample,f1,1,0.6040017664921706,0.42216737218073314
44,5,219,1,in_sample,f1,0,0.4866622477496761,-0.05336366895573571
44,5,297,1,in_sample,f1,0,0.4000584583984858,-0.4052215373794171
44,5,185,0,in_sample,f1,1,0.7255148448775051,0.9719843539088285
44,5,146,1,in_sample,f1,1,0.6360348498457148,0.5581952354749434
44,5,236,1,in_sample,f1,0,0.4878797585790496,-0.048490464854501585
44,5,211,1,in_sample,f1,0,0.41804527769251154,-0.33080290148545677
44,5,173,1,in_sample,f1,0,0.4224519315698472,-0.312716005416511
44,5,156,0,in_sample,f1,0,0.44903844795814746,-0.2045565139373284
44,5,229,0,in_sample,f1,1,0.7142893156278745,0.91630837851747
44,5,43,0,in_sample,f1,0,0.4979943142219597,-0.008022786144168766
44,5,148,0,in_sample,f1,1,0.5719410549023225,0.28977502690982476
44,5,70,0,in_sample,f1,1,0.5683033239828545,0.2749320944992213
44,5,41,1,in_sample,f1,1,0.5258249308133047,0.1033917284037178
44,5,235,0,in_sample,f1,1,0.5503935343723769,0.20226086008648977
44,5,5,1,in_sample,f1,0,0.3830002922057923,-0.4768327981942798
44,5,159,0,in_sample,f1,1,0.5282940981617401,0.11329743067225889
44,5,90,1,in_sample,f2,0,0.4162531376529355,-0.3381738548031457
44,5,240,0,in_sample,f2,0,0.4263631231893634,-0.2967051923008689
44,5,94,0,in_sample,f2,0,0.026422210988403593,-3.6067727463998427
44,5,38,0,in_sample,f2,0,0.4940370541596799,-0.02385291424612882
44,5,190,0,in_sample,f2,1,0.7701803096471159,1.2093296093251467
44,5,16,1,in_sample,f2,1,0.8483109439660386,1.7214145061970476
44,5,83,1,in_sample,f2,0,0.4039235352148531,-0.3891433646781208
44,5,243,0,in_sample,f2,1,0.8143461877973388,1.4785018529603908
44,5,157,0,in_sample,f2,0,0.353277120639325,-0.6046650932065177
44,5,228,0,in_sample,f2,1,0.7004821142331781,0.849594698066982
44,5,36,1,in_sample,f2,0,0.1925780882175368,-1.4333446221947554
44,5,196,0,in_sample,f2,1,0.7145400160640284,0.9175371435621575
44,5,67,0,in_sample,f2,1,0.8343485068520752,1.6167650464196568
44,5,188,1,in_sample,f2,1,0.935521112323216,2.6747658660365428
44,5,206,1,in_sample,f2,1,0.8129602233125317,1.4693608787422903
44,5,304,1,in_sample,f2,1,0.6703226632413447,0.7096447746504759
44,5,290,0,in_sample,f2,0,0.10876844966915376,-2.1033829629135354
44,5,141,1,in_sample,f2,1,0.5321737491141648,0.1288730639069222
44,5,18,0,in_sample,f2,1,0.8674777654276893,1.8788394414206533
44,5,49,1,in_sample,f2,1,0.5198252625348858,0.07934264747435538
44,5,231,0,in_sample,f2,1,0.805096275101756,1.4184561484930722
44,5,35,1,in_sample,f2,1,0.9090155156564155,2.301673172699827
44,5,29,0,in_sample,f2,1,0.5355443991143032,0.14241782902229727
44,5,13,0,in_sample,f2,1,0.5504123438677344,0.20233687047217325
44,5,1,1,in_sample,f2,0,0.34559454994297256,-0.6384608466159909
44,5,45,0,in_sample,f2,0,0.31048075587337265,-0.7978726855179992
44,5,42,0,in_sample,f2,0,0.46118447326997947,-0.15557513947159532
44,5,88,1,in_sample,f2,0,0.41937793346755414,-0.3253275547398534
44,5,8,0,in_sample,f2,1,0.7833080435326306,1.2850492435298055
44,5,255,1,in_sample,f2,0,0.08035148010727325,-2.4375810406869816
44,5,264,1,in_sample,f2,0,0.1640731477195389,-1.6282287609186514
44,5,14,1,in_sample,f2,0,0.1332194170585215,-1.8727883473643345
44,5,257,0,in_sample,f2,1,0.9815692688328639,3.975133142131174
44,5,46,1,in_sample,f2,0,0.2864023264557267,-0.9129217629396039
44,5,237,1,in_sample,f2,0,0.33395096897672955,-0.6903691052558855
44,5,108,1,in_sample,f2,1,0.7682479683018767,1.1984445852537178
44,5,302,1,in_sample,f2,1,0.652685726033486,0.6308656775718094
44,5,288,1,in_sample,f2,0,0.10965435829723398,-2.0942765273703863
44,5,64,0,in_sample,f2,0,0.11864391084354935,-2.0053350704984148
44,5,276,0,in_sample,f2,0,0.30870880491432623,-0.8061626924599498
44,5,301,1,in_sample,f2,0,0.3475097919282295,-0.6300032894791061
44,5,21,0,in_sample,f2,0,0.2329559492220664,-1.1916948557248164
44,5,31,0,in_sample,f2,1,0.6246634794118862,0.5093900599950624
44,5,248,1,in_sample,f2,1,0.627036595789872,0.5195246026273632
44,5,112,1,in_sample,f2,1,0.5314077464909754,0.12579661593385366
44,5,180,0,in_sample,f2,1,0.5194533302743725,0.07785261953636627
44,5,219,1,in_sample,f2,1,0.6854845669114966,0.7790928383659729
44,5,297,1,in_sample,f2,1,0.756341260282931,1.1327240382071269
44,5,185,0,in_sample,f2,0,0.0788029770696949,-2.458723159988833
44,5,146,1,in_sample,f2,0,0.21989406566024286,-1.2662838130596101
44,5,236,1,in_sample,f2,0,0.31882031952089485,-0.7591984369312909
44,5,211,1,in_sample,f2,1,0.529549632154386,0.11833642929723936
44,5,173,1,in_sample,f2,1,0.5337813966253163,0.13533175544596368
44,5,156,0,in_sample,f2,1,0.6142546054250142,0.465231956725926
44,5,229,0,in_sample,f2,0,0.450656371950707,-0.19801903763746007
44,5,43,0,in_sample,f2,0,0.3593594983993503,-0.5781451839220273
44,5,148,0,in_sample,f2,1,0.7416240963037428,1.0544269904319996
44,5,70,0,in_sample,f2,0,0.05998686840313028,-2.7517681666294385
44,5,41,1,in_sample,f2,0,0.27601989979554375,-0.964290942276014
44,5,235,0,in_sample,f2,0,0.01681115887541152,-4.068758323951553
44,5,5,1,in_sample,f2,0,0.07488557540125051,-2.513956144917512
44,5,159,0,in_sample,f2,0,0.15910500488958598,-1.6649024026388461
44,5,90,1,in_sample,f3,1,0.8027433766197445,1.4035295443032465
44,5,240,0,in_sample,f3,1,0.5454282857482442,0.18221564315500524
44,5,94,0,in_sample,f3,0,0.21857959013525421,-1.2739630967696478
44,5,38,0,in_sample,f3,1,0.7554109821092926,1.127682624304497
44,5,190,0,in_sample,f3,1,0.8933659688423105,2.125593614041339
44,5,16,1,in_sample,f3,0,0.14219352490846301,-1.7971895393104202
44,5,83,1,in_sample,f3,1,0.6244072074850832,0.508297173739543
44,5,243,0,in_sample,f3,1,0.7197644239460906,0.9432933770200965
44,5,157,0,in_sample,f3,0,0.46454233425400404,-0.14206913769294358
44,5,228,0,in_sample,f3,0,0.11069473816675804,-2.083664246998006
44,5,36,1,in_sample,f3,1,0.7578978062826542,1.1411886312393595
44,5,196,0,in_sample,f3,0,0.15243312430396017,-1.7156437748062054
44,5,67,0,in_sample,f3,1,0.6775613550895039,0.7425872398744034
44,5,188,1,in_sample,f3,1,0.6891010606870543,0.7959200322047079
44,5,206,1,in_sample,f3,1,0.5263465640800161,0.10548395642436958
44,5,304,1,in_sample,f3,1,0.8929456417431569,2.121188980960661
44,5,290,0,in_sample,f3,1,0.5319078936739842,0.12780525721843816
44,5,141,1,in_sample,f3,1,0.8700912340913264,1.901765669546454
44,5,18,0,in_sample,f3,0,0.14835189613501057,-1.7475862897272403
44,5,49,1,in_sample,f3,0,0.3471709226338103,-0.6314981140872883
44,5,231,0,in_sample,f3,1,0.7149726071463222,0.919658939350695
44,5,35,1,in_sample,f3,1,0.5722734802721244,0.29113297073097155
44,5,29,0,in_sample,f3,0,0.4620672955047771,-0.15202292601676748
44,5,13,0,in_sample,f3,0,0.4509808413548233,-0.1967084800165643
44,5,1,1,in_sample,f3,0,0.4763043346065246,-0.09485371601668295
44,5,45,0,in_sample,f3,1,0.7015640213593799,0.8547567259850481
44,5,42,0,in_sample,f3,0,0.49842249277049405,-0.006310049855069612
44,5,88,1,in_sample,f3,0,0.4053696734612053,-0.38314048776406856
44,5,8,0,in_sample,f3,0,0.33260929407527484,-0.6964071303553926
44,5,255,1,in_sample,f3,0,0.13790951781476077,-1.8327624307833101
44,5,264,1,in_sample,f3,1,0.8047189118216177,1.4160530401106914
44,5,14,1,in_sample,f3,1,0.8954603224119568,2.1477712235928204
44,5,257,0,in_sample,f3,0,0.07653375592514035,-2.4904023493734124
44,5,46,1,in_sample,f3,0,0.4217162302351997,-0.3157320516997191
44,5,237,1,in_sample,f3,0,0.08393490986539555,-2.3900458053366345
44,5,108,1,in_sample,f3,1,0.8253682663189,1.5531502925103973
44,5,302,1,in_sample,f3,1,0.6994095567209601,0.8444878040453182
44,5,288,1,in_sample,f3,1,0.870000536452186,1.9009635043683557
44,5,64,0,in_sample,f3,1,0.7973830740423246,1.3700180762439513
44,5,276,0,in_sample,f3,0,0.15014065741253785,-1.733498285683513
44,5,301,1,in_sample,f3,1,0.5657290184651826,0.26444647692353246
44,5,21,0,in_sample,f3,0,0.4362433491714087,-0.25642246027788684
44,5,31,0,in_sample,f3,0,0.007866004770652125,-4.837307893499329
44,5,248,1,in_sample,f3,1,0.6771878641813812,0.7408781983537854
44,5,112,1,in_sample,f3,1,0.5619437155097455,0.24905428901678117
44,5,180,0,in_sample,f3,1,0.5397067840295479,0.15916228711042474
44,5,219,1,in_sample,f3,0,0.3770637942813176,-0.502029726285999
44,5,297,1,in_sample,f3,0,0.3471855256819708,-0.631433682859441
44,5,185,0,in_sample,f3,1,0.747138252935477,1.0834073604890753
44,5,146,1,in_sample,f3,0,0.4910051360546646,-0.035983337882659505
44,5,236,1,in_sample,f3,1,0.9571481927953464,3.1062104115782905
44,5,211,1,in_sample,f3,1,0.7432016669067163,1.0626763496498552
44,5,173,1,in_sample,f3,0,0.2129947528378581,-1.3069673848494754
44,5,156,0,in_sample,f3,0,0.23998778785314698,-1.1527464636634197
44,5,229,0,in_sample,f3,0,0.2847583954951008,-0.9209793083811516
44,5,43,0,in_sample,f3,1,0.7498117553654653,1.097608569126061
44,5,148,0,in_sample,f3,1,0.5977653367428417,0.3961626057077149
44,5,70,0,in_sample,f3,0,0.3520283146866532,-0.6101353880797666
44,5,41,1,in_sample,f3,1,0.8590158147767363,1.8071396099473704
44,5,235,0,in_sample,f3,1,0.6245434388663751,0.508878103199994
44,5,5,1,in_sample,f3,0,0.3458791554500062,-0.6372026596408342
44,5,159,0,in_sample,f3,1,0.8376269888889664,1.6406766545519933
44,5,90,1,in_sample,f1_f2,0,0.47326087638260844,-0.10705863223420156
44,5,240,0,in_sample,f1_f2,0,0.4036651591987524,-0.39021660229161675
44,5,94,0,in_sample,f1_f2,0,0.04014289114464895,-3.174339061143233
44,5,38,0,in_sample,f1_f2,1,0.5424008293275412,0.17001163789893012
44,5,190,0,in_sample,f1_f2,1,0.8611716930767355,1.8250559281378669
44,5,16,1,in_sample,f1_f2,1,0.8416312921964217,1.670416114965224
44,5,83,1,in_sample,f1_f2,0,0.4217084759952361,-0.3157638481763557
44,5,243,0,in_sample,f1_f2,1,0.8203005778869968,1.5183852535496705
44,5,157,0,in_sample,f1_f2,0,0.3736876856130188,-0.5164287681125037
44,5,228,0,in_sample,f1_f2,1,0.6469921052311856,0.6058436708434358
44,5,36,1,in_sample,f1_f2,0,0.21935814425318692,-1.269410717321711
44,5,196,0,in_sample,f1_f2,1,0.6236647228113152,0.5051324800661957
44,5,67,0,in_sample,f1_f2,1,0.796846435414228,1.3666998130994483
44,5,188,1,in_sample,f1_f2,1,0.9326785305167008,2.62858138941407
44,5,206,1,in_sample,f1_f2,1,0.8129711795825137,1.469432934592517
44,5,304,1,in_sample,f1_f2,1,0.683614213412836,0.7704314304341012
44,5,290,0,in_sample,f1_f2,0,0.11259892384438618,-2.064464893322776
44,5,141,1,in_sample,f1_f2,1,0.5599562919270006,0.2409846720444644
44,5,18,0,in_sample,f1_f2,1,0.8415745747265587,1.669990651299115
44,5,49,1,in_sample,f1_f2,0,0.45800931082113666,-0.16835930944396899
44,5,231,0,in_sample,f1_f2,1,0.8346212174378593,1.6187394953085548
44,5,35,1,in_sample,f1_f2,1,0.873262614069715,1.9301192103209983
44,5,29,0,in_sample,f1_f2,1,0.5362801625230627,0.14537614446424718
44,5,13,0,in_sample,f1_f2,1,0.5546055412435938,0.21929681085943392
44,5,1,1,in_sample,f1_f2,0,0.25527334263987306,-1.0706823452112104
44,5,45,0,in_sample,f1_f2,0,0.3150754491303961,-0.7764965562860211
44,5,42,0,in_sample,f1_f2,1,0.51424631702178,0.05700069639001104
44,5,88,1,in_sample,f1_f2,0,0.43351623008004364,-0.26751919516276695
44,5,8,0,in_sample,f1_f2,1,0.805825628893948,1.4231108022781416
44,5,255,1,in_sample,f1_f2,0,0.09188918227076938,-2.2907831066397093
44,5,264,1,in_sample,f1_f2,0,0.20310786907719985,-1.366982113067591
44,5,14,1,in_sample,f1_f2,0,0.17343548262996958,-1.5614723029682107
44,5,257,0,in_sample,f1_f2,1,0.9817847702181887,3.9871140640433267
44,5,46,1,in_sample,f1_f2,0,0.2781660189206791,-0.9535770435428347
44,5,237,1,in_sample,f1_f2,0,0.3745071477981535,-0.5129290134879614
44,5,108,1,in_sample,f1_f2,1,0.7684884589703685,1.1997958197172363
44,5,302,1,in_sample,f1_f2,1,0.6425124493160815,0.5862856546831455
44,5,288,1,in_sample,f1_f2,0,0.12923835205912,-1.9077098962003052
44,5,64,0,in_sample,f1_f2,0,0.13987498332679746,-1.816328699475922
44,5,276,0,in_sample,f1_f2,0,0.25533289237185963,-1.0703691290525752
44,5,301,1,in_sample,f1_f2,0,0.38939145379059215,-0.4498709310402243
44,5,21,0,in_sample,f1_f2,0,0.3067268981558463,-0.8154662387938963
44,5,31,0,in_sample,f1_f2,0,0.47852631167076226,-0.0859476221421056
44,5,248,1,in_sample,f1_f2,1,0.6659051554578659,0.6897223328157237
44,5,112,1,in_sample,f1_f2,1,0.5196346058345142,0.07857883133980373
44,5,180,0,in_sample,f1_f2,1,0.5554943027755385,0.22289548097274303
44,5,219,1,in_sample,f1_f2,1,0.6765408243386819,0.7379198820030256
44,5,297,1,in_sample,f1_f2,1,0.7230566490964934,0.959674596021077
44,5,185,0,in_sample,f1_f2,0,0.11540797246717949,-2.0366531156908105
44,5,146,1,in_sample,f1_f2,0,0.26365152010031845,-1.0270752532386487
44,5,236,1,in_sample,f1_f2,0,0.3221946080653161,-0.7437044783356286
44,5,211,1,in_sample,f1_f2,1,0.5016957069315705,0.006782853731117644
44,5,173,1,in_sample,f1_f2,1,0.5073242791568418,0.029299212424844484
44,5,156,0,in_sample,f1_f2,1,0.5948498626177088,0.38405133397305635
44,5,229,0,in_sample,f1_f2,1,0.531043224488059,0.12433281886659175
44,5,43,0,in_sample,f1_f2,0,0.3646093009498942,-0.5554137118539759
44,5,148,0,in_sample,f1_f2,1,0.7539296511043027,1.1196815965613425
44,5,70,0,in_sample,f1_f2,0,0.07206333864988468,-2.5554180418270334
44,5,41,1,in_sample,f1_f2,0,0.2911106884718969,-0.8899958275981822
44,5,235,0,in_sample,f1_f2,0,0.02083772528057292,-3.84993232505761
44,5,5,1,in_sample,f1_f2,0,0.07038101390116501,-2.5808512719461123
44,5,159,0,in_sample,f1_f2,0,0.17333205580656078,-1.5621939433515761
44,5,90,1,in_sample,f1_f3,1,0.8161446876261427,1.4904425500305933
44,5,240,0,in_sample,f1_f3,1,0.5279817393167052,0.11204402575521247
44,5,94,0,in_sample,f1_f3,0,0.2601498461934701,-1.0451898743236723
44,5,38,0,in_sample,f1_f3,1,0.7699317510080697,1.2079258762112852
44,5,190,0,in_sample,f1_f3,1,0.9211465275452855,2.458027768561033
44,5,16,1,in_sample,f1_f3,0,0.15053317888297332,-1.7304253658087174
44,5,83,1,in_sample,f1_f3,1,0.62889455692407,0.527477371227985
44,5,243,0,in_sample,f1_f3,1,0.7247723285865338,0.9682589248026219
44,5,157,0,in_sample,f1_f3,0,0.4758631781779284,-0.09662238847540994
44,5,228,0,in_sample,f1_f3,0,0.10483744076284508,-2.144594364942094
44,5,36,1,in_sample,f1_f3,1,0.7634533767672157,1.1717067307484657
44,5,196,0,in_sample,f1_f3,0,0.1311421307877588,-1.8908978522763396
44,5,67,0,in_sample,f1_f3,1,0.6455462503056957,0.5995189869232274
44,5,188,1,in_sample,f1_f3,1,0.6898244266119439,0.7992986081042018
44,5,206,1,in_sample,f1_f3,1,0.5334555853851392,0.13402259195640326
44,5,304,1,in_sample,f1_f3,1,0.8911438731494508,2.1024788150343214
44,5,290,0,in_sample,f1_f3,1,0.5252420261588729,0.10105401314489847
44,5,141,1,in_sample,f1_f3,1,0.8709266009262483,1.9091764757932135
44,5,18,0,in_sample,f1_f3,0,0.14481701009673426,-1.775844523219776
44,5,49,1,in_sample,f1_f3,0,0.3185148794184166,-0.7606052264720473
44,5,231,0,in_sample,f1_f3,1,0.7393268106110773,1.0424725819703209
44,5,35,1,in_sample,f1_f3,1,0.525919314082866,0.10377027502915082
44,5,29,0,in_sample,f1_f3,0,0.4645211192550219,-0.14215442686344776
44,5,13,0,in_sample,f1_f3,0,0.45625330413191395,-0.17543535901655105
44,5,1,1,in_sample,f1_f3,0,0.4083181066149915,-0.3709226045159037
44,5,45,0,in_sample,f1_f3,1,0.6945382178242084,0.8214225184196892
44,5,42,0,in_sample,f1_f3,1,0.5301318876259122,0.12067377681151181
44,5,88,1,in_sample,f1_f3,0,0.41529541206280757,-0.3421166385111119
44,5,8,0,in_sample,f1_f3,0,0.3634770060795665,-0.5603045049370976
44,5,255,1,in_sample,f1_f3,0,0.14998511152614769,-1.7347178325048969
44,5,264,1,in_sample,f1_f3,1,0.8164874373517623,1.4927283998680276
44,5,14,1,in_sample,f1_f3,1,0.9024870888793682,2.2251695931669824
44,5,257,0,in_sample,f1_f3,0,0.09011277321009717,-2.3122587436228574
44,5,46,1,in_sample,f1_f3,0,0.4133218419280704,-0.3502498190372906
44,5,237,1,in_sample,f1_f3,0,0.09831076830544817,-2.2161363617297827
44,5,108,1,in_sample,f1_f3,1,0.8216875642696763,1.527822962132671
44,5,302,1,in_sample,f1_f3,1,0.6904847734314302,0.8023866328667472
44,5,288,1,in_sample,f1_f3,1,0.8704904133838189,1.9053018400538835
44,5,64,0,in_sample,f1_f3,1,0.8014955164391795,1.3956676909912935
44,5,276,0,in_sample,f1_f3,0,0.13527856369136407,-1.8550713288848446
44,5,301,1,in_sample,f1_f3,1,0.5871067787613309,0.3520176938654532
44,5,21,0,in_sample,f1_f3,0,0.4891556693065862,-0.0433841262297239
44,5,31,0,in_sample,f1_f3,0,0.006504914954749727,-5.028671076817525
44,5,248,1,in_sample,f1_f3,1,0.6966803831015086,0.8315396539549674
44,5,112,1,in_sample,f1_f3,1,0.5533688268075792,0.21429159734080874
44,5,180,0,in_sample,f1_f3,1,0.5607685908134656,0.24428192415039296
44,5,219,1,in_sample,f1_f3,0,0.3790728863712011,-0.4934852067694943
44,5,297,1,in_sample,f1_f3,0,0.3336647984407607,-0.6916559580162928
44,5,185,0,in_sample,f1_f3,1,0.7775920991002452,1.2516890050986957
44,5,146,1,in_sample,f1_f3,1,0.5209803205594749,0.08397058760738564
44,5,236,1,in_sample,f1_f3,1,0.9523188776183644,2.994364371824445
44,5,211,1,in_sample,f1_f3,1,0.7233057720452645,0.9609190277028411
44,5,173,1,in_sample,f1_f3,0,0.20994836318748017,-1.3252366954805777
44,5,156,0,in_sample,f1_f3,0,0.23980885646397063,-1.1537277316891659
44,5,229,0,in_sample,f1_f3,0,0.33251586724937937,-0.6968280388236866
44,5,43,0,in_sample,f1_f3,1,0.7430255763363002,1.061753906064355
44,5,148,0,in_sample,f1_f3,1,0.6096390448631677,0.44579521521323867
44,5,70,0,in_sample,f1_f3,0,0.3705800231625388,-0.5297293152627759
44,5,41,1,in_sample,f1_f3,1,0.8545279695233836,1.7705653963226968
44,5,235,0,in_sample,f1_f3,1,0.6310052271484731,0.5365316681927299
44,5,5,1,in_sample,f1_f3,0,0.3291322006075295,-0.7121126016712546
44,5,159,0,in_sample,f1_f3,1,0.8336558468667645,1.6117618096918038
44,5,90,1,in_sample,f2_f3,1,0.701422347588771,0.8540801575197796
44,5,240,0,in_sample,f2_f3,0,0.47571505842844475,-0.0972162599085816
44,5,94,0,in_sample,f2_f3,0,0.016009184938343572,-4.1184539465441325
44,5,38,0,in_sample,f2_f3,1,0.7112131073938355,0.9012830937227181
44,5,190,0,in_sample,f2_f3,1,0.9408898613544293,2.7674236280930584
44,5,16,1,in_sample,f2_f3,1,0.5093787971683268,0.03751958947557199
44,5,83,1,in_sample,f2_f3,1,0.5216989421502602,0.08685031995839215
44,5,243,0,in_sample,f2_f3,1,0.88527204838866,2.0433313094213714
44,5,157,0,in_sample,f2_f3,0,0.34889185133547834,-0.6239137627728611
44,5,228,0,in_sample,f2_f3,0,0.28025883996752143,-0.9431780428157647
44,5,36,1,in_sample,f2_f3,0,0.4257891835028448,-0.2990522556454972
44,5,196,0,in_sample,f2_f3,0,0.3572321898100753,-0.5873975931286812
44,5,67,0,in_sample,f2_f3,1,0.88079280035833,1.9999592589092625
44,5,188,1,in_sample,f2_f3,1,0.9503698189681838,2.9522520547464977
44,5,206,1,in_sample,f2_f3,1,0.7955076447648531,1.3584498656731647
44,5,304,1,in_sample,f2_f3,1,0.9116910051843528,2.334459153596602
44,5,290,0,in_sample,f2_f3,0,0.15528241809897142,-1.6937568376429706
44,5,141,1,in_sample,f2_f3,1,0.8399771252923963,1.6580578877342471
44,5,18,0,in_sample,f2_f3,1,0.5530216384931627,0.21288694485945436
44,5,49,1,in_sample,f2_f3,0,0.3937411169352385,-0.43161346490141883
44,5,231,0,in_sample,f2_f3,1,0.877893550481176,1.9726321440413852
44,5,35,1,in_sample,f2_f3,1,0.9023594722845641,2.223720318487529
44,5,29,0,in_sample,f2_f3,1,0.502512435997592,0.010049828574778888
44,5,13,0,in_sample,f2_f3,1,0.5063575037227349,0.02543138545938231
44,5,1,1,in_sample,f2_f3,0,0.3509646087595959,-0.614801858537292
44,5,45,0,in_sample,f2_f3,1,0.5038946166110596,0.015578781515414364
44,5,42,0,in_sample,f2_f3,0,0.46797346663256667,-0.1282817637679017
44,5,88,1,in_sample,f2_f3,0,0.35923820962952613,-0.5786720609474922
44,5,8,0,in_sample,f2_f3,1,0.634613499381256,0.5520604520488359
44,5,255,1,in_sample,f2_f3,0,0.02751114500444758,-3.5652674198074656
44,5,264,1,in_sample,f2_f3,0,0.43919964100764985,-0.24441090304631286
44,5,14,1,in_sample,f2_f3,1,0.5341271344705182,0.1367211140054565
44,5,257,0,in_sample,f2_f3,1,0.8044083757386246,1.4140781343150728
44,5,46,1,in_sample,f2_f3,0,0.2632489001232022,-1.02915014155739
44,5,237,1,in_sample,f2_f3,0,0.07487332033899018,-2.5141330558046224
44,5,108,1,in_sample,f2_f3,1,0.9085022804744973,2.295483349234284
44,5,302,1,in_sample,f2_f3,1,0.7747046479368903,1.2350696400454702
44,5,288,1,in_sample,f2_f3,0,0.4370709049451214,-0.25305824310761116
44,5,64,0,in_sample,f2_f3,0,0.35304564836880714,-0.6056783740536611
44,5,276,0,in_sample,f2_f3,0,0.11075123580616351,-2.0830904537265846
44,5,301,1,in_sample,f2_f3,0,0.4213615376375019,-0.31718664081376413
44,5,21,0,in_sample,f2_f3,0,0.22779801792385018,-1.2207868005916522
44,5,31,0,in_sample,f2_f3,0,0.03045053878647881,-3.46072780248409
44,5,248,1,in_sample,f2_f3,1,0.741860770640401,1.055662496870063
44,5,112,1,in_sample,f2_f3,1,0.5792933462847331,0.31987318596067404
44,5,180,0,in_sample,f2_f3,1,0.5513264441708158,0.2060315152151836
44,5,219,1,in_sample,f2_f3,1,0.5681581641257626,0.27434043738272873
44,5,297,1,in_sample,f2_f3,1,0.616250594507897,0.47366394038117055
44,5,185,0,in_sample,f2_f3,0,0.22672344099204303,-1.2269058051179882
44,5,146,1,in_sample,f2_f3,0,0.24847726166474712,-1.1067501270061477
44,5,236,1,in_sample,f2_f3,1,0.8662490195669605,1.8681927026007088
44,5,211,1,in_sample,f2_f3,1,0.725307379055039,0.9709428056059524
44,5,173,1,in_sample,f2_f3,0,0.28305870317382537,-0.9293396560812097
44,5,156,0,in_sample,f2_f3,0,0.3725682253462346,-0.5212147631028704
44,5,229,0,in_sample,f2_f3,0,0.2882513736093274,-0.903891871774001
44,5,43,0,in_sample,f2_f3,1,0.5988434325507767,0.4006483889445445
44,5,148,0,in_sample,f2_f3,1,0.7750013523650864,1.2367703826641705
44,5,70,0,in_sample,f2_f3,0,0.054822554007888276,-2.8472710046336327
44,5,41,1,in_sample,f2_f3,1,0.655245821398055,0.642178827799491
44,5,235,0,in_sample,f2_f3,0,0.0441602808017851,-3.074764480568119
44,5,5,1,in_sample,f2_f3,0,0.06508389928408988,-2.664779597607752
44,5,159,0,in_sample,f2_f3,0,0.4764149707881326,-0.09441017977909616
44,5,90,1,in_sample,f1_f2_f3,1,0.6706464810574378,0.7111104447345146
44,5,240,0,in_sample,f1_f2_f3,0,0.4993998423631518,-0.0024006317003019972
44,5,94,0,in_sample,f1_f2_f3,0,0.010616786995371054,-4.534645304576021
44,5,38,0,in_sample,f1_f2_f3,1,0.6850964729662264,0.7772933362601705
44,5,190,0,in_sample,f1_f2_f3,1,0.9087772926300506,2.2987962111437756
44,5,16,1,in_sample,f1_f2_f3,0,0.4980094744222879,-0.007962144374420221
44,5,83,1,in_sample,f1_f2_f3,1,0.5116829984349673,0.046740501279536106
44,5,243,0,in_sample,f1_f2_f3,1,0.8847424039441634,2.0381269445664607
44,5,157,0,in_sample,f1_f2_f3,0,0.330877475977701,-0.7042190447446955
44,5,228,0,in_sample,f1_f2_f3,0,0.30546335924054285,-0.8214150848765287
44,5,36,1,in_sample,f1_f2_f3,0,0.4049658268312883,-0.38481615244121214
44,5,196,0,in_sample,f1_f2_f3,0,0.42591694883835124,-0.29852970280362856
44,5,67,0,in_sample,f1_f2_f3,1,0.9042499872948093,2.245365096029645
44,5,188,1,in_sample,f1_f2_f3,1,0.9529693434095718,3.0087830776690936
44,5,206,1,in_sample,f1_f2_f3,1,0.7945171595728071,1.3523720548164655
44,5,304,1,in_sample,f1_f2_f3,1,0.9143500719288263,2.367945124016975
44,5,290,0,in_sample,f1_f2_f3,0,0.1536171324285156,-1.7065084656304175
44,5,141,1,in_sample,f1_f2_f3,1,0.8375695822005766,1.6402546315631834
44,5,18,0,in_sample,f1_f2_f3,1,0.5769275418777656,0.31017322111363876
44,5,49,1,in_sample,f1_f2_f3,0,0.4410733051882695,-0.2368072417123944
44,5,231,0,in_sample,f1_f2_f3,1,0.8608975400708956,1.8227647128854692
44,5,35,1,in_sample,f1_f2_f3,1,0.9277920088771678,2.553256859154766
44,5,29,0,in_sample,f1_f2_f3,1,0.500054005982449,0.000216023930636286
44,5,13,0,in_sample,f1_f2_f3,1,0.5001513649935323,0.0006054599926250404
44,5,1,1,in_sample,f1_f2_f3,0,0.4439220692716408,-0.22525942024076323
44,5,45,0,in_sample,f1_f2_f3,1,0.5101182264106477,0.040478431741264864
44,5,42,0,in_sample,f1_f2_f3,0,0.421222591407859,-0.3177565478950368
44,5,88,1,in_sample,f1_f2_f3,0,0.34426707610042806,-0.6443358376869232
44,5,8,0,in_sample,f1_f2_f3,1,0.5958738780337139,0.38830201830753086
44,5,255,1,in_sample,f1_f2_f3,0,0.022792392062035396,-3.7582723260127517
44,5,264,1,in_sample,f1_f2_f3,0,0.40033688178349863,-0.40406163078232327
44,5,14,1,in_sample,f1_f2_f3,0,0.49150474755258294,-0.03398428020437083
44,5,257,0,in_sample,f1_f2_f3,1,0.7797941541688816,1.264467208181484
44,5,46,1,in_sample,f1_f2_f3,0,0.26915158792600447,-0.998931322851338
44,5,237,1,in_sample,f1_f2_f3,0,0.05883389062340383,-2.772401588304886
44,5,108,1,in_sample,f1_f2_f3,1,0.9132315142495241,2.353745935400318
44,5,302,1,in_sample,f1_f2_f3,1,0.7871569357006754,1.30787253175571
44,5,288,1,in_sample,f1_f2_f3,0,0.4204743120530228,-0.32082660108117733
44,5,64,0,in_sample,f1_f2_f3,0,0.3319058511681225,-0.6995777570894941
44,5,276,0,in_sample,f1_f2_f3,0,0.12842174852397983,-1.9149858924048255
44,5,301,1,in_sample,f1_f2_f3,0,0.3865024521009375,-0.46203805485608407
44,5,21,0,in_sample,f1_f2_f3,0,0.17359987212087372,-1.5603260069527585
44,5,31,0,in_sample,f1_f2_f3,0,0.041440058590087196,-3.141184085408904
44,5,248,1,in_sample,f1_f2_f3,1,0.7174489792321922,0.931842697254069
44,5,112,1,in_sample,f1_f2_f3,1,0.5921378789885698,0.37281033287052145
44,5,180,0,in_sample,f1_f2_f3,1,0.5206608280082246,0.08269039752780295
44,5,219,1,in_sample,f1_f2_f3,1,0.5705168748646736,0.2839602968482701
44,5,297,1,in_sample,f1_f2_f3,1,0.6441405563571245,0.5933811258413461
44,5,185,0,in_sample,f1_f2_f3,0,0.17664241445539713,-1.5392631648599477
44,5,146,1,in_sample,f1_f2_f3,0,0.21198872141566724,-1.3129793302924286
44,5,236,1,in_sample,f1_f2_f3,1,0.8804522359148149,1.9967196889466046
44,5,211,1,in_sample,f1_f2_f3,1,0.7535013935618379,1.1173745274446316
44,5,173,1,in_sample,f1_f2_f3,0,0.2907357511947764,-0.8918133803195107
44,5,156,0,in_sample,f1_f2_f3,0,0.37712440120701113,-0.5017717082443327
44,5,229,0,in_sample,f1_f2_f3,0,0.22587945633904866,-1.2317261246830196
44,5,43,0,in_sample,f1_f2_f3,1,0.6066601222016034,0.4332946366410873
44,5,148,0,in_sample,f1_f2_f3,1,0.7663901065039345,1.1880387151710985
44,5,70,0,in_sample,f1_f2_f3,0,0.04614038727489604,-3.0288278579625674
44,5,41,1,in_sample,f1_f2_f3,1,0.6598297770088984,0.6625357399520915
44,5,235,0,in_sample,f1_f2_f3,0,0.038514537676363855,-3.2174436731227916
44,5,5,1,in_sample,f1_f2_f3,0,0.06831500065548081,-2.612865402634932
44,5,159,0,in_sample,f1_f2_f3,0,0.4746399812008238,-0.10152719532297838
44,5,90,1,inner_oof,f1,1,0.5638496816756302,0.2568007433934473
44,5,240,0,inner_oof,f1,0,0.4630012473102486,-0.14826602371104963
44,5,94,0,inner_oof,f1,1,0.5896751992865628,0.3626228326917974
44,5,38,0,inner_oof,f1,1,0.5558158039589244,0.22419761916732384
44,5,190,0,inner_oof,f1,1,0.6917459361274768,0.8082944182314247
44,5,16,1,inner_oof,f1,0,0.49887480171176923,-0.004500800750712108
44,5,83,1,inner_oof,f1,1,0.5141939176480752,0.05679092922546805
44,5,243,0,inner_oof,f1,1,0.5246129131351732,0.09853129044893441
44,5,157,0,inner_oof,f1,1,0.5164321242450414,0.06575217587464266
44,5,228,0,inner_oof,f1,0,0.42917827307263356,-0.28520456131471356
44,5,36,1,inner_oof,f1,1,0.530833337923647,0.12349004586381737
44,5,196,0,inner_oof,f1,0,0.3790530992503852,-0.49356927340650086
44,5,67,0,inner_oof,f1,0,0.4356767810563363,-0.2587265300047966
44,5,188,1,inner_oof,f1,1,0.5110664995768932,0.04427322862256099
44,5,206,1,inner_oof,f1,1,0.5120519626926947,0.04821719026795504
44,5,304,1,inner_oof,f1,1,0.5225510153774459,0.09026530043244739
44,5,290,0,inner_oof,f1,0,0.484190710937156,-0.0632582423563561
44,5,141,1,inner_oof,f1,1,0.5320971904500749,0.12856555902302294
44,5,18,0,inner_oof,f1,0,0.4513266656450858,-0.19531185364251774
44,5,49,1,inner_oof,f1,0,0.41953360070298273,-0.32468829738771443
44,5,231,0,inner_oof,f1,1,0.5736854655325158,0.29690385902583494
44,5,35,1,inner_oof,f1,0,0.40605215057184885,-0.38030991889574967
44,5,29,0,inner_oof,f1,0,0.49808675730752083,-0.007653008121819866
44,5,13,0,inner_oof,f1,1,0.5031460919049285,0.01258453370197966
44,5,1,1,inner_oof,f1,0,0.357055538281878,-0.5881670077214316
44,5,45,0,inner_oof,f1,0,0.49332037748016094,-0.0267200797274628
44,5,42,0,inner_oof,f1,1,0.5601442090362989,0.24174734133236925
44,5,88,1,inner_oof,f1,1,0.5100319298245993,0.040133105183685854
44,5,8,0,inner_oof,f1,1,0.553031505795437,0.21292686303907316
44,5,255,1,inner_oof,f1,1,0.5142433576942932,0.05698884946436923
44,5,264,1,inner_oof,f1,1,0.5589092861791911,0.23673662666987877
44,5,14,1,inner_oof,f1,1,0.5716376217136249,0.2885357465519938
44,5,257,0,inner_oof,f1,1,0.5437581326189922,0.17548145901222484
44,5,46,1,inner_oof,f1,0,0.4726185631319064,-0.10963543313574253
44,5,237,1,inner_oof,f1,1,0.5433232533434752,0.17372864995108334
44,5,108,1,inner_oof,f1,1,0.5094176905266388,0.0376752178936557
44,5,302,1,inner_oof,f1,0,0.48866553144895886,-0.04534564268586754
44,5,288,1,inner_oof,f1,1,0.5305196056307195,0.12223037501770986
44,5,64,0,inner_oof,f1,1,0.5322740575272487,0.12927597104339242
44,5,276,0,inner_oof,f1,0,0.4049034363082872,-0.38507507448713535
44,5,301,1,inner_oof,f1,1,0.544831704914637,0.1798097187825057
44,5,21,0,inner_oof,f1,1,0.5987931372079908,0.4004390299667836
44,5,31,0,inner_oof,f1,0,0.32274681115049053,-0.7411770400489349
44,5,248,1,inner_oof,f1,1,0.5545052840560162,0.21889095026746172
44,5,112,1,inner_oof,f1,0,0.4821838262211208,-0.07129487885664351
44,5,180,0,inner_oof,f1,1,0.5417918259227948,0.16755823324658878
44,5,219,1,inner_oof,f1,0,0.4913934385614245,-0.03442964642801322
44,5,297,1,inner_oof,f1,0,0.45415766139597236,-0.18388576735730583
44,5,185,0,inner_oof,f1,1,0.5989519216820479,0.401100014415983
44,5,146,1,inner_oof,f1,1,0.5560972802150612,0.22533780451873855
44,5,236,1,inner_oof,f1,0,0.49191078317727777,-0.032359690781632255
44,5,211,1,inner_oof,f1,0,0.4620045155798706,-0.15227550183904817
44,5,173,1,inner_oof,f1,0,0.4639146326572261,-0.14459286186221268
44,5,156,0,inner_oof,f1,0,0.4753572976133975,-0.09865073724643264
44,5,229,0,inner_oof,f1,1,0.5932581521965767,0.37745093318831086
44,5,43,0,inner_oof,f1,0,0.4962074408120679,-0.015170527696677356
44,5,148,0,inner_oof,f1,1,0.527802017553936,0.11132289466068093
44,5,70,0,inner_oof,f1,1,0.5262304392867377,0.1050181696555454
44,5,41,1,inner_oof,f1,1,0.5080378598670156,0.032154209516522474
44,5,235,0,inner_oof,f1,1,0.5185290448179732,0.07415013522127789
44,5,5,1,inner_oof,f1,0,0.44662821549574355,-0.21430356447576554
44,5,159,0,inner_oof,f1,1,0.5090894442817994,0.03636178299717001
44,5,90,1,inner_oof,f2,0,0.4829769946575568,-0.06811834886980006
44,5,240,0,inner_oof,f2,0,0.4850309902738105,-0.05989393719627736
44,5,94,0,inner_oof,f2,0,0.32819190913362234,-0.7163741945613588
44,5,38,0,inner_oof,f2,0,0.49855510568026873,-0.0057795933671880365
44,5,190,0,inner_oof,f2,1,0.55941679036769,0.2387954695948004
44,5,16,1,inner_oof,f2,1,0.5842771003508095,0.34035642549581857
44,5,83,1,inner_oof,f2,0,0.4804532049906892,-0.07822704798654781
44,5,243,0,inner_oof,f2,1,0.5725297388434185,0.29217995824621174
44,5,157,0,inner_oof,f2,0,0.46979404766635385,-0.12097111816024637
44,5,228,0,inner_oof,f2,1,0.5417649157934181,0.16744983592834523
44,5,36,1,inner_oof,f2,0,0.42914955974219143,-0.2853217670736511
44,5,196,0,inner_oof,f2,1,0.5451082076557087,0.18092474946884157
44,5,67,0,inner_oof,f2,1,0.5792271243003406,0.3196014701467338
44,5,188,1,inner_oof,f2,1,0.629350866375071,0.5294330337033345
44,5,206,1,inner_oof,f2,1,0.5720859889686001,0.2903670438542275
44,5,304,1,inner_oof,f2,1,0.5348667676316503,0.1396937976478213
44,5,290,0,inner_oof,f2,0,0.39694531149618273,-0.41820936987040785
44,5,141,1,inner_oof,f2,1,0.5061272679667165,0.024510298849691727
44,5,18,0,inner_oof,f2,1,0.5918402851569137,0.37157825414499407
44,5,49,1,inner_oof,f2,1,0.5036716871916045,0.014687012769990501
44,5,231,0,inner_oof,f2,1,0.5696127091084389,0.28027119237418013
44,5,35,1,inner_oof,f2,1,0.6119314276572417,0.4554381730729478
44,5,29,0,inner_oof,f2,1,0.5067987334080647,0.02719660985197924
44,5,13,0,inner_oof,f2,1,0.5097688204464305,0.0390802548559529
44,5,1,1,inner_oof,f2,0,0.4681248433071802,-0.12767377438507893
44,5,45,0,inner_oof,f2,0,0.46026157313789,-0.1592896623749898
44,5,42,0,inner_oof,f2,0,0.49202471501515194,-0.03190384578905564
44,5,88,1,inner_oof,f2,0,0.483613229997464,-0.06557056329325017
44,5,8,0,inner_oof,f2,1,0.5631147423221541,0.25381282018896234
44,5,255,1,inner_oof,f2,0,0.3811923623983448,-0.48449032532581665
44,5,264,1,inner_oof,f2,0,0.4197078479628941,-0.3239728179826895
44,5,14,1,inner_oof,f2,0,0.40794288804861617,-0.37247591878863734
44,5,257,0,inner_oof,f2,1,0.687258331023321,0.7873327382041111
44,5,46,1,inner_oof,f2,0,0.4545986120870924,-0.18210715679797276
44,5,237,1,inner_oof,f2,0,0.465562446748391,-0.13796865400138547
44,5,108,1,inner_oof,f2,1,0.5588846414445571,0.2366366606620378
44,5,302,1,inner_oof,f2,1,0.5309776900319993,0.1240696688105869
44,5,288,1,inner_oof,f2,0,0.39737772707027025,-0.4164033054770569
44,5,64,0,inner_oof,f2,0,0.40160941225078484,-0.3987636925255227
44,5,276,0,inner_oof,f2,0,0.45985316038802543,-0.16093380582579964
44,5,301,1,inner_oof,f2,0,0.4685425046372085,-0.12599640097950404
44,5,21,0,inner_oof,f2,0,0.440928222697551,-0.2373957660807257
44,5,31,0,inner_oof,f2,1,0.5249736037571775,0.09997760924170818
44,5,248,1,inner_oof,f2,1,0.5254748166470024,0.10198757642418801
44,5,112,1,inner_oof,f2,1,0.5059747535908007,0.02390015197984028
44,5,180,0,inner_oof,f2,1,0.503597812397946,0.014391497978154633
44,5,219,1,inner_oof,f2,1,0.5382917044316795,0.15346731797522328
44,5,297,1,inner_oof,f2,1,0.5556688517455323,0.2236024125887944
44,5,185,0,inner_oof,f2,0,0.3802037723075934,-0.4886834070964091
44,5,146,1,inner_oof,f2,0,0.4372848167902392,-0.25218887138974033
44,5,236,1,inner_oof,f2,0,0.46216758244733097,-0.15161946222026382
44,5,211,1,inner_oof,f2,1,0.5056049115675438,0.02242058542624189
44,5,173,1,inner_oof,f2,1,0.5064474527382432,0.025791240526710092
44,5,156,0,inner_oof,f2,1,0.5227891510139576,0.09121980520143157
44,5,229,0,inner_oof,f2,0,0.4899209469509393,-0.040321674348777856
44,5,43,0,inner_oof,f2,0,0.4711043664218692,-0.1157114681416775
44,5,148,0,inner_oof,f2,1,0.5518316037518579,0.20807388779760377
44,5,70,0,inner_oof,f2,0,0.36660656144952625,-0.5468025415958693
44,5,41,1,inner_oof,f2,0,0.45207381085022436,-0.19229512170208457
44,5,235,0,inner_oof,f2,0,0.30831705307970236,-0.8079990348080583
44,5,5,1,inner_oof,f2,0,0.37762582048041843,-0.4996376742128371
44,5,159,0,inner_oof,f2,0,0.41793742444209264,-0.33124624106590556
44,5,90,1,inner_oof,f3,1,0.5812250888465126,0.3278045273930495
44,5,240,0,inner_oof,f3,1,0.5053541608187057,0.0214174619334523
44,5,94,0,inner_oof,f3,0,0.41486500929068826,-0.34388938546319814
44,5,38,0,inner_oof,f3,1,0.5642930202419053,0.2586037033829192
44,5,190,0,inner_oof,f3,1,0.6245594544005516,0.508946403525691
44,5,16,1,inner_oof,f3,0,0.38339815018872764,-0.475149509621462
44,5,83,1,inner_oof,f3,1,0.5257822327615684,0.10322048011120398
44,5,243,0,inner_oof,f3,1,0.5528880600361696,0.21234656971346935
44,5,157,0,inner_oof,f3,0,0.4850207808745573,-0.05993481145326636
44,5,228,0,inner_oof,f3,0,0.36655688218236226,-0.5470164923310461
44,5,36,1,inner_oof,f3,1,0.5651258846049843,0.2619919116289393
44,5,196,0,inner_oof,f3,0,0.38824568980397456,-0.45469238761243874
44,5,67,0,inner_oof,f3,1,0.5404106824274169,0.1619960706959884
44,5,188,1,inner_oof,f3,1,0.5437318445624609,0.1753754956902386
44,5,206,1,inner_oof,f3,1,0.5005420077962413,0.002168032034176138
44,5,304,1,inner_oof,f3,1,0.6243003185165537,0.5078414274808377
44,5,290,0,inner_oof,f3,1,0.501941916365593,0.007767704518953294
44,5,141,1,inner_oof,f3,1,0.6113036621597946,0.4527954115348798
44,5,18,0,inner_oof,f3,0,0.386344152517909,-0.46270570294509317
44,5,49,1,inner_oof,f3,0,0.45444759236664833,-0.18271627466872226
44,5,231,0,inner_oof,f3,1,0.5514219154087736,0.2064174748308944
44,5,35,1,inner_oof,f3,1,0.5121828880284278,0.048741199379106315
44,5,29,0,inner_oof,f3,0,0.4843970961481571,-0.06243188611349512
44,5,13,0,inner_oof,f3,0,0.4815978141215488,-0.07364200641554211
44,5,1,1,inner_oof,f3,0,0.48797980859428813,-0.0480900314354296
44,5,45,0,inner_oof,f3,1,0.5473912303183848,0.19013566662725587
44,5,42,0,inner_oof,f3,0,0.49353101886393136,-0.02587736848712004
44,5,88,1,inner_oof,f3,0,0.46993341885717216,-0.12041160079074406
44,5,8,0,inner_oof,f3,0,0.4504135836837458,-0.19899978949448188
44,5,255,1,inner_oof,f3,0,0.3812906744865266,-0.48407356576955346
44,5,264,1,inner_oof,f3,1,0.5819895977362018,0.3309462562525434
44,5,14,1,inner_oof,f3,1,0.6258631339022587,0.5145100286535134
44,5,257,0,inner_oof,f3,0,0.3432028462836815,-0.6490535636197975
44,5,46,1,inner_oof,f3,0,0.47414780813131074,-0.10350106461035706
44,5,237,1,inner_oof,f3,0,0.3489001021844857,-0.623877442232669
44,5,108,1,inner_oof,f3,1,0.5903323350213813,0.36533940023119466
44,5,302,1,inner_oof,f3,1,0.5467529057453187,0.18755953541677056
44,5,288,1,inner_oof,f3,1,0.6112558449638897,0.4525941749529492
44,5,64,0,inner_oof,f3,1,0.579177439020624,0.31939761386469506
44,5,276,0,inner_oof,f3,0,0.38718238762593127,-0.4591714909680721
44,5,301,1,inner_oof,f3,1,0.5105100629103789,0.04204644505150897
44,5,21,0,inner_oof,f3,0,0.47785892441875283,-0.08862225937260579
44,5,31,0,inner_oof,f3,0,0.2248166917311438,-1.2378141614477265
44,5,248,1,inner_oof,f3,1,0.540304195300577,0.16156732898121837
44,5,112,1,inner_oof,f3,1,0.5095451043920856,0.03818505668991052
44,5,180,0,inner_oof,f3,1,0.503908455668862,0.01563414111735937
44,5,219,1,inner_oof,f3,0,0.46251124734229,-0.1502369592601872
44,5,297,1,inner_oof,f3,0,0.4544515997430623,-0.18270011101513117
44,5,185,0,inner_oof,f3,1,0.5615602113704183,0.24749651125147548
44,5,146,1,inner_oof,f3,0,0.49167041813826223,-0.033321410213627126
44,5,236,1,inner_oof,f3,1,0.6802564444460404,0.754950565645898
44,5,211,1,inner_oof,f3,1,0.5602793327414278,0.24229578966051674
44,5,173,1,inner_oof,f3,0,0.412856527628638,-0.35216906439164924
44,5,156,0,inner_oof,f3,0,0.4222654991239372,-0.3134801610472697
44,5,229,0,inner_oof,f3,0,0.4365102011107667,-0.255337484942387
44,5,43,0,inner_oof,f3,1,0.5624371698403732,0.25105912249840784
44,5,148,0,inner_oof,f3,1,0.5187635953463258,0.07508964396535288
44,5,70,0,inner_oof,f3,0,0.45577659265705084,-0.17735707673810974
44,5,41,1,inner_oof,f3,1,0.6056484371888191,0.42905687823127087
44,5,235,0,inner_oof,f3,1,0.5258185697242695,0.10336621600470303
44,5,5,1,inner_oof,f3,0,0.4540928148590313,-0.1841473555483293
44,5,159,0,inner_oof,f3,1,0.5956318032526442,0.38729685538753594
44,5,90,1,inner_oof,f1_f2,1,0.5398659277644746,0.15980291841552194
44,5,240,0,inner_oof,f1_f2,0,0.4588577884206671,-0.1649417793820212
44,5,94,0,inner_oof,f1_f2,0,0.41389198657651843,-0.3478990580444486
44,5,38,0,inner_oof,f1_f2,1,0.5474141333729782,0.19022810972951731
44,5,190,0,inner_oof,f1_f2,1,0.7096482997045716,0.8936765469580072
44,5,16,1,inner_oof,f1_f2,1,0.579338731892397,0.3200594146762384
44,5,83,1,inner_oof,f1_f2,0,0.4966147601634049,-0.013541166255199223
44,5,243,0,inner_oof,f1_f2,1,0.5891365681799533,0.36039714465543754
44,5,157,0,inner_oof,f1_f2,0,0.4886543759803592,-0.04539028752497484
44,5,228,0,inner_oof,f1_f2,0,0.4828115612726431,-0.06878085783119073
44,5,36,1,inner_oof,f1_f2,0,0.4628806373301103,-0.1487511285550536
44,5,196,0,inner_oof,f1_f2,0,0.4434059772323581,-0.22735033266166513
44,5,67,0,inner_oof,f1_f2,1,0.5231027732548277,0.09247694182258279
44,5,188,1,inner_oof,f1_f2,1,0.6302922681246251,0.5334708498255898
44,5,206,1,inner_oof,f1_f2,1,0.5787052356577788,0.3174605142917961
44,5,304,1,inner_oof,f1_f2,1,0.5532404988309385,0.2137723842902544
44,5,290,0,inner_oof,f1_f2,0,0.39560396195868425,-0.42381606042323744
44,5,141,1,inner_oof,f1_f2,1,0.5348327787348715,0.1395571783604977
44,5,18,0,inner_oof,f1_f2,1,0.5478940189473595,0.1921652484596026
44,5,49,1,inner_oof,f1_f2,0,0.4399738695364891,-0.24126810645082858
44,5,231,0,inner_oof,f1_f2,1,0.6253234923031888,0.5122060959839292
44,5,35,1,inner_oof,f1_f2,1,0.5292948206969977,0.11731364187027965
44,5,29,0,inner_oof,f1_f2,1,0.5075686699879891,0.03027699264050529
44,5,13,0,inner_oof,f1_f2,1,0.5144401834266719,0.05777680068744079
44,5,1,1,inner_oof,f1_f2,0,0.35710194350299523,-0.5879648710706507
44,5,45,0,inner_oof,f1_f2,0,0.4609821309534934,-0.15638944182310419
44,5,42,0,inner_oof,f1_f2,1,0.5450441107999218,0.18066626119727514
44,5,88,1,inner_oof,f1_f2,0,0.4961003638240682,-0.015598860994739033
44,5,8,0,inner_oof,f1_f2,1,0.6032565496124844,0.4190527105468712
44,5,255,1,inner_oof,f1_f2,0,0.4046902513829892,-0.3859598929096705
44,5,264,1,inner_oof,f1_f2,0,0.4771912196432625,-0.09129848616376376
44,5,14,1,inner_oof,f1_f2,0,0.47669487291813223,-0.0932881041366812
44,5,257,0,inner_oof,f1_f2,1,0.7063292928100212,0.8776224531142265
44,5,46,1,inner_oof,f1_f2,0,0.43897256021901254,-0.24533291066633608
44,5,237,1,inner_oof,f1_f2,1,0.5068989181705245,0.02759742410619896
44,5,108,1,inner_oof,f1_f2,1,0.5645224497529927,0.25953690648064925
44,5,302,1,inner_oof,f1_f2,1,0.5220352871715015,0.08819827831135374
44,5,288,1,inner_oof,f1_f2,0,0.4329074896292367,-0.2699983926802779
44,5,64,0,inner_oof,f1_f2,0,0.43830560165172344,-0.24804153906476764
44,5,276,0,inner_oof,f1_f2,0,0.3889172977327567,-0.45186558681875183
44,5,301,1,inner_oof,f1_f2,1,0.5108896665872902,0.04356555550649169
44,5,21,0,inner_oof,f1_f2,1,0.5305594162084125,0.12239021362999225
44,5,31,0,inner_oof,f1_f2,0,0.3764354449355694,-0.5047057248071277
44,5,248,1,inner_oof,f1_f2,1,0.5706999235225276,0.2847073901611297
44,5,112,1,inner_oof,f1_f2,0,0.49376199468914284,-0.024953315965376262
44,5,180,0,inner_oof,f1_f2,1,0.5404772382329642,0.16226404725051324
44,5,219,1,inner_oof,f1_f2,1,0.5309885647360462,0.12411333529808538
44,5,297,1,inner_oof,f1_f2,1,0.5164517621621582,0.06583081257691711
44,5,185,0,inner_oof,f1_f2,0,0.4731454608698695,-0.10752162412991673
44,5,146,1,inner_oof,f1_f2,0,0.4912967002994727,-0.0348167154550221
44,5,236,1,inner_oof,f1_f2,0,0.4615805107215646,-0.1539814830244835
44,5,211,1,inner_oof,f1_f2,0,0.47683139966005916,-0.09274081512672272
44,5,173,1,inner_oof,f1_f2,0,0.47917522048651645,-0.08334733417928919
44,5,156,0,inner_oof,f1_f2,1,0.5035860121736273,0.014344294644839536
44,5,229,0,inner_oof,f1_f2,1,0.5705921870425954,0.28426766582004326
44,5,43,0,inner_oof,f1_f2,0,0.4732880098230209,-0.10694978750077412
44,5,148,0,inner_oof,f1_f2,1,0.5729157521500223,0.293757380974683
44,5,70,0,inner_oof,f1_f2,0,0.4004222076078163,-0.4037062187122632
44,5,41,1,inner_oof,f1_f2,0,0.4654644952661162,-0.13836233277298804
44,5,235,0,inner_oof,f1_f2,0,0.3388172274048135,-0.6685695010637653
44,5,5,1,inner_oof,f1_f2,0,0.3492358207081693,-0.6223999347389781
44,5,159,0,inner_oof,f1_f2,0,0.43478812841818154,-0.26234180347563807
44,5,90,1,inner_oof,f1_f3,1,0.6054058375923684,0.4280412392956307
44,5,240,0,inner_oof,f1_f3,0,0.488627911443174,-0.04549620033475564
44,5,94,0,inner_oof,f1_f3,0,0.46678120833004094,-0.13307118763578624
44,5,38,0,inner_oof,f1_f3,1,0.586460291386469,0.3493514210731697
44,5,190,0,inner_oof,f1_f3,1,0.7021931640682414,0.8577634539052704
44,5,16,1,inner_oof,f1_f3,0,0.3943989717507294,-0.42885838442131463
44,5,83,1,inner_oof,f1_f3,1,0.5318189235935575,0.1274479257342963
44,5,243,0,inner_oof,f1_f3,1,0.5614120622025981,0.24689481562592674
44,5,157,0,inner_oof,f1_f3,0,0.4957792818824915,-0.016883273499553784
44,5,228,0,inner_oof,f1_f3,0,0.34772379309839424,-0.6290596358015554
44,5,36,1,inner_oof,f1_f3,1,0.5754446640191223,0.304100717738271
44,5,196,0,inner_oof,f1_f3,0,0.34412532463726025,-0.6449638202060676
44,5,67,0,inner_oof,f1_f3,1,0.5073871173178011,0.029550619479831883
44,5,188,1,inner_oof,f1_f3,1,0.5466568714923401,0.18717201715703694
44,5,206,1,inner_oof,f1_f3,1,0.5078181717120902,0.0312752358966233
44,5,304,1,inner_oof,f1_f3,1,0.6253031751322571,0.5121193803692923
44,5,290,0,inner_oof,f1_f3,0,0.49571781060196607,-0.017129176400606634
44,5,141,1,inner_oof,f1_f3,1,0.617832030886691,0.4803564041498032
44,5,18,0,inner_oof,f1_f3,0,0.37540285375530724,-0.5091071498769644
44,5,49,1,inner_oof,f1_f3,0,0.4216172182983368,-0.31613806479995815
44,5,231,0,inner_oof,f1_f3,1,0.5833905760267442,0.33670775404032943
44,5,35,1,inner_oof,f1_f3,0,0.46705272282817334,-0.13198035400232977
44,5,29,0,inner_oof,f1_f3,0,0.4864056322795123,-0.05439087593237368
44,5,13,0,inner_oof,f1_f3,0,0.48628104471030953,-0.05488959826741897
44,5,1,1,inner_oof,f1_f3,0,0.4206857420756805,-0.3199589910641453
44,5,45,0,inner_oof,f1_f3,1,0.5415398273617263,0.16654319035547915
44,5,42,0,inner_oof,f1_f3,1,0.5246341021928419,0.09861625273598162
44,5,88,1,inner_oof,f1_f3,0,0.4789441045430959,-0.08427342231978041
44,5,8,0,inner_oof,f1_f3,0,0.4817757684270279,-0.07292923300448252
44,5,255,1,inner_oof,f1_f3,0,0.3995178505151738,-0.407474468642603
44,5,264,1,inner_oof,f1_f3,1,0.6037878273967537,0.421272999904671
44,5,14,1,inner_oof,f1_f3,1,0.6487068006065528,0.613359642919952
44,5,257,0,inner_oof,f1_f3,0,0.37733026527934055,-0.5008954182132894
44,5,46,1,inner_oof,f1_f3,0,0.464869582047772,-0.14075359152761252
44,5,237,1,inner_oof,f1_f3,0,0.3825351497293734,-0.47880160048147036
44,5,108,1,inner_oof,f1_f3,1,0.5883285135349511,0.35705982003616815
44,5,302,1,inner_oof,f1_f3,1,0.5387363524242251,0.15525652601273046
44,5,288,1,inner_oof,f1_f3,1,0.6170704897995875,0.47713233764041535
44,5,64,0,inner_oof,f1_f3,1,0.588840393454275,0.3591736918678398
44,5,276,0,inner_oof,f1_f3,0,0.3550373283934022,-0.5969695072914457
44,5,301,1,inner_oof,f1_f3,1,0.5326448324326821,0.13076534765607725
44,5,21,0,inner_oof,f1_f3,1,0.5293723464093937,0.11762481573004241
44,5,31,0,inner_oof,f1_f3,0,0.18584711312772073,-1.477223806799648
44,5,248,1,inner_oof,f1_f3,1,0.5642442737146713,0.2584054416255883
44,5,112,1,inner_oof,f1_f3,1,0.5016808044700072,0.0067232432052500984
44,5,180,0,inner_oof,f1_f3,1,0.5251845803743335,0.1008236442145439
44,5,219,1,inner_oof,f1_f3,0,0.46325826082395327,-0.14723234886043945
44,5,297,1,inner_oof,f1_f3,0,0.43818255129869293,-0.248541365418749
44,5,185,0,inner_oof,f1_f3,1,0.6044739655622353,0.4241419897203229
44,5,146,1,inner_oof,f1_f3,1,0.5209773352987719,0.08395862550595326
44,5,236,1,inner_oof,f1_f3,1,0.6633760254356244,0.6783754820308922
44,5,211,1,inner_oof,f1_f3,1,0.5383735620175674,0.15379668419023287
44,5,173,1,inner_oof,f1_f3,0,0.4051466674601725,-0.38406573180049897
44,5,156,0,inner_oof,f1_f3,0,0.4190268675582119,-0.3267694712198694
44,5,229,0,inner_oof,f1_f3,0,0.48868083733766493,-0.04528438769577384
44,5,43,0,inner_oof,f1_f3,1,0.5566524805259417,0.2275872014834277
44,5,148,0,inner_oof,f1_f3,1,0.5319551809944758,0.1279951811036531
44,5,70,0,inner_oof,f1_f3,0,0.47377242340341963,-0.10500668729726367
44,5,41,1,inner_oof,f1_f3,1,0.6016765568636362,0.41245567352138146
44,5,235,0,inner_oof,f1_f3,1,0.5339259691267662,0.13591270871261177
44,5,5,1,inner_oof,f1_f3,0,0.4342677502318603,-0.26445962943797063
44,5,159,0,inner_oof,f1_f3,1,0.5930123449925481,0.376432363338123
44,5,90,1,inner_oof,f2_f3,1,0.5640152116922378,0.2574738686818622
44,5,240,0,inner_oof,f2_f3,0,0.4949616511486404,-0.020154077571157725
44,5,94,0,inner_oof,f2_f3,0,0.281052930317092,-0.939244722723459
44,5,38,0,inner_oof,f2_f3,1,0.5617211321133847,0.2481501280873234
44,5,190,0,inner_oof,f2_f3,1,0.6674758716559037,0.6967908183775936
44,5,16,1,inner_oof,f2_f3,0,0.4678920183570558,-0.1286089024693698
44,5,83,1,inner_oof,f2_f3,1,0.5099305715143205,0.03972751031103066
44,5,243,0,inner_oof,f2_f3,1,0.6149392123664067,0.4681222094588555
44,5,157,0,inner_oof,f2_f3,0,0.46264345019242714,-0.14970516886275803
44,5,228,0,inner_oof,f2_f3,0,0.41385719176969815,-0.34804249303760704
44,5,36,1,inner_oof,f2_f3,1,0.5011431979232978,0.0045727996614670086
44,5,196,0,inner_oof,f2_f3,0,0.4377486965595495,-0.25030391552399167
44,5,67,0,inner_oof,f2_f3,1,0.609570588397876,0.4455075670328365
44,5,188,1,inner_oof,f2_f3,1,0.6554648013567639,0.6431483460015036
44,5,206,1,inner_oof,f2_f3,1,0.5673610813673868,0.27109245489833217
44,5,304,1,inner_oof,f2_f3,1,0.6475517431927048,0.6082948803690317
44,5,290,0,inner_oof,f2_f3,0,0.413600654609922,-0.34910012834648924
44,5,141,1,inner_oof,f2_f3,1,0.6119340158741461,0.45544907215615016
44,5,18,0,inner_oof,f2_f3,0,0.4776445394806961,-0.08948150038523384
44,5,49,1,inner_oof,f2_f3,0,0.4640280222883772,-0.14413693604980965
44,5,231,0,inner_oof,f2_f3,1,0.6111380163536947,0.45209833683738576
44,5,35,1,inner_oof,f2_f3,1,0.6130358801361955,0.46009149105482783
44,5,29,0,inner_oof,f2_f3,0,0.4946871657092397,-0.021252137010115683
44,5,13,0,inner_oof,f2_f3,0,0.4947034633317318,-0.021186939181554877
44,5,1,1,inner_oof,f2_f3,0,0.4639110093636116,-0.144607430928949
44,5,45,0,inner_oof,f2_f3,1,0.5122467013716621,0.04899660517980817
44,5,42,0,inner_oof,f2_f3,0,0.4901448662378474,-0.03942564112780825
44,5,88,1,inner_oof,f2_f3,0,0.46082028239742906,-0.1570408191359302
44,5,8,0,inner_oof,f2_f3,1,0.5129415957839961,0.05177794790172727
44,5,255,1,inner_oof,f2_f3,0,0.29631080772264407,-0.8649278409087434
44,5,264,1,inner_oof,f2_f3,1,0.5086427519766774,0.03457445166566275
44,5,14,1,inner_oof,f2_f3,1,0.5405227940215631,0.16244747386803515
44,5,257,0,inner_oof,f2_f3,1,0.526025929384657,0.10419789007518843
44,5,46,1,inner_oof,f2_f3,0,0.43925805295882553,-0.24417375191866547
44,5,237,1,inner_oof,f2_f3,0,0.3342385556580776,-0.6890764381686204
44,5,108,1,inner_oof,f2_f3,1,0.636766182110814,0.5613557738172782
44,5,302,1,inner_oof,f2_f3,1,0.5736351423031161,0.296698100455413
44,5,288,1,inner_oof,f2_f3,1,0.5165203675057534,0.06610553261673596
44,5,64,0,inner_oof,f2_f3,0,0.4894577518641506,-0.04217524303667697
44,5,276,0,inner_oof,f2_f3,0,0.36442767591635444,-0.5561977789589684
44,5,301,1,inner_oof,f2_f3,0,0.4851754361266069,-0.059315640451886184
44,5,21,0,inner_oof,f2_f3,0,0.430665235317231,-0.27913752765493666
44,5,31,0,inner_oof,f2_f3,0,0.2592411079475363,-1.0499166431226077
44,5,248,1,inner_oof,f2_f3,1,0.5629245793199759,0.253039889461901
44,5,112,1,inner_oof,f2_f3,1,0.517341716440407,0.06939470059235281
44,5,180,0,inner_oof,f2_f3,1,0.510007109580212,0.04003378432252348
44,5,219,1,inner_oof,f2_f3,1,0.5021381405325765,0.008552614263248229
44,5,297,1,inner_oof,f2_f3,1,0.5100660659202018,0.04026970474273123
44,5,185,0,inner_oof,f2_f3,0,0.4530400129558992,-0.18839519951518996
44,5,146,1,inner_oof,f2_f3,0,0.4400956413686774,-0.24077391094631156
44,5,236,1,inner_oof,f2_f3,1,0.6412851663960693,0.5809464978933536
44,5,211,1,inner_oof,f2_f3,1,0.5641142067393161,0.25787645824394884
44,5,173,1,inner_oof,f2_f3,0,0.4275392815337753,-0.29189794825733784
44,5,156,0,inner_oof,f2_f3,0,0.4506175600133452,-0.19817581345525362
44,5,229,0,inner_oof,f2_f3,0,0.4353112224595586,-0.2602135139652823
44,5,43,0,inner_oof,f2_f3,1,0.5359646782177128,0.1441075861921049
44,5,148,0,inner_oof,f2_f3,1,0.5661754579329844,0.26626385510702
44,5,70,0,inner_oof,f2_f3,0,0.346438294859435,-0.6347322296052187
44,5,41,1,inner_oof,f2_f3,1,0.560211606478844,0.24202089365121043
44,5,235,0,inner_oof,f2_f3,0,0.3533733816750534,-0.604243794667781
44,5,5,1,inner_oof,f2_f3,0,0.3544769372892738,-0.5994176512486825
44,5,159,0,inner_oof,f2_f3,1,0.5201269007407795,0.08055112928369101
44,5,90,1,inner_oof,f1_f2_f3,1,0.5816874962956616,0.32970458586137313
44,5,240,0,inner_oof,f1_f2_f3,0,0.4835733665985369,-0.06573018876088774
44,5,94,0,inner_oof,f1_f2_f3,0,0.315619895589213,-0.7739748439685938
44,5,38,0,inner_oof,f1_f2_f3,1,0.577362310466655,0.3119547044417451
44,5,190,0,inner_oof,f1_f2_f3,1,0.7181367448832755,0.935237961000938
44,5,16,1,inner_oof,f1_f2_f3,0,0.4733842950213723,-0.1065635483024936
44,5,83,1,inner_oof,f1_f2_f3,1,0.5146391848392444,0.058573480028028146
44,5,243,0,inner_oof,f1_f2_f3,1,0.6188477715793869,0.48466047108526067
44,5,157,0,inner_oof,f1_f2_f3,0,0.4708071240759979,-0.11690446305360405
44,5,228,0,inner_oof,f1_f2_f3,0,0.39858047128642476,-0.4113833287968397
44,5,36,1,inner_oof,f1_f2_f3,1,0.510427860452345,0.041717491006284524
44,5,196,0,inner_oof,f1_f2_f3,0,0.40383059418016004,-0.3895293959450106
44,5,67,0,inner_oof,f1_f2_f3,1,0.5852538797319049,0.34437916089636106
44,5,188,1,inner_oof,f1_f2_f3,1,0.6541747534990859,0.6374409433973357
44,5,206,1,inner_oof,f1_f2_f3,1,0.5703872762288007,0.28343140162653185
44,5,304,1,inner_oof,f1_f2_f3,1,0.6475506067504134,0.6082899009666315
44,5,290,0,inner_oof,f1_f2_f3,0,0.41196003887357524,-0.355868555068642
44,5,141,1,inner_oof,f1_f2_f3,1,0.6164845150414284,0.47465320677620215
44,5,18,0,inner_oof,f1_f2_f3,0,0.4667775577087732,-0.1330858548684401
44,5,49,1,inner_oof,f1_f2_f3,0,0.4406219473672933,-0.23863830065292851
44,5,231,0,inner_oof,f1_f2_f3,1,0.6308639120868679,0.5359247910717937
44,5,35,1,inner_oof,f1_f2_f3,1,0.5796582861280299,0.3213707831304086
44,5,29,0,inner_oof,f1_f2_f3,0,0.49578630099646825,-0.016855195046162688
44,5,13,0,inner_oof,f1_f2_f3,0,0.4975919748620952,-0.009632175022728083
44,5,1,1,inner_oof,f1_f2_f3,0,0.41776799681868027,-0.33194275229151077
44,5,45,0,inner_oof,f1_f2_f3,1,0.5091745361649875,0.036702264106044546
44,5,42,0,inner_oof,f1_f2_f3,1,0.5120181772601528,0.04808197019506044
44,5,88,1,inner_oof,f1_f2_f3,0,0.46738060908568496,-0.13066314626405096
44,5,8,0,inner_oof,f1_f2_f3,1,0.5330765999666425,0.1324999100083259
44,5,255,1,inner_oof,f1_f2_f3,0,0.31003243616411724,-0.7999676627598085
44,5,264,1,inner_oof,f1_f2_f3,1,0.5266292519510719,0.10661789025308616
44,5,14,1,inner_oof,f1_f2_f3,1,0.5602350753922575,0.24211615124520436
44,5,257,0,inner_oof,f1_f2_f3,1,0.5462119959070452,0.18537703363077396
44,5,46,1,inner_oof,f1_f2_f3,0,0.43387967164108165,-0.2660394085068215
44,5,237,1,inner_oof,f1_f2_f3,0,0.35763891672649756,-0.5856267156751089
44,5,108,1,inner_oof,f1_f2_f3,1,0.634068921805665,0.5497126532772431
44,5,302,1,inner_oof,f1_f2_f3,1,0.5672990282781101,0.27083965849647385
44,5,288,1,inner_oof,f1_f2_f3,1,0.5236844861377999,0.09480889838382706
44,5,64,0,inner_oof,f1_f2_f3,0,0.49911146640216814,-0.003554138132615403
44,5,276,0,inner_oof,f1_f2_f3,0,0.343054038259873,-0.6497137843828329
44,5,301,1,inner_oof,f1_f2_f3,1,0.5014456643179747,0.005782673385896081
44,5,21,0,inner_oof,f1_f2_f3,0,0.46775765838586464,-0.12914857713083633
44,5,31,0,inner_oof,f1_f2_f3,0,0.22740366611197352,-1.2230300020082463
44,5,248,1,inner_oof,f1_f2_f3,1,0.5788522709152245,0.3180636272236602
44,5,112,1,inner_oof,f1_f2_f3,1,0.5116105738083402,0.04645064549952471
44,5,180,0,inner_oof,f1_f2_f3,1,0.5247071813827956,0.09890928289649449
44,5,219,1,inner_oof,f1_f2_f3,1,0.5014789084484523,0.00591565104523048
44,5,297,1,inner_oof,f1_f2_f3,0,0.4968871700656359,-0.01245148060743731
44,5,185,0,inner_oof,f1_f2_f3,0,0.4870544172754784,-0.05179390635832515
44,5,146,1,inner_oof,f1_f2_f3,0,0.46194221061058777,-0.1525261716156808
44,5,236,1,inner_oof,f1_f2_f3,1,0.6300807392740435,0.5325632011800402
44,5,211,1,inner_oof,f1_f2_f3,1,0.5487179748729948,0.19549212560664259
44,5,173,1,inner_oof,f1_f2_f3,0,0.4216475675422697,-0.31601361048861293
44,5,156,0,inner_oof,f1_f2_f3,0,0.44746581902577637,-0.2109151447626318
44,5,229,0,inner_oof,f1_f2_f3,0,0.47175456469796,-0.1131021549918549
44,5,43,0,inner_oof,f1_f2_f3,1,0.5326726875831055,0.13087724565701653
44,5,148,0,inner_oof,f1_f2_f3,1,0.5738493674622315,0.2975740545808411
44,5,70,0,inner_oof,f1_f2_f3,0,0.3611304831361657,-0.5704608924084196
44,5,41,1,inner_oof,f1_f2_f3,1,0.5587246921086476,0.2359878895393629
44,5,235,0,inner_oof,f1_f2_f3,0,0.3634657266351161,-0.5603532577368762
44,5,5,1,inner_oof,f1_f2_f3,0,0.3445201515583587,-0.6432149766281138
44,5,159,0,inner_oof,f1_f2_f3,1,0.5205146480891797,0.08210468481847988
