variant,seed,fold,source_index,true_label,predicted_label,probability_right,decision_score,float32_predicted_label,float32_probability_right,float32_decision_score
baseline_cssd_lda,42,1,62,0,0,0.26028240704764133,-1.0445012597127854,0,0.2602914273738861,-1.0444543361663818
baseline_cssd_lda,42,1,1,1,1,0.9900092169419256,4.596051279347428,1,0.9900089502334595,4.596025466918945
baseline_cssd_lda,42,1,288,1,1,0.9596822077936114,3.16980933063195,1,0.9596834182739258,3.1698405742645264
baseline_cssd_lda,42,1,79,1,1,0.9977600585496995,6.099063097843905,1,0.9977600574493408,6.099088191986084
baseline_cssd_lda,42,1,6,0,1,0.7102198276411942,0.8964519293258135,1,0.7102200388908386,0.8964530825614929
baseline_cssd_lda,42,1,157,0,0,0.11931929951894084,-1.99889204271087,0,0.11931534856557846,-1.998929738998413
baseline_cssd_lda,42,1,241,1,1,0.8795268800823258,1.9879574697999627,1,0.8795269727706909,1.9879586696624756
baseline_cssd_lda,42,1,278,0,0,0.23126728138237956,-1.2011692351185077,0,0.23127500712871552,-1.2011258602142334
baseline_cssd_lda,42,1,174,0,0,0.0042278702257812955,-5.461820072501918,0,0.004227805882692337,-5.4618353843688965
baseline_cssd_lda,42,1,10,1,1,0.571007107041723,0.2859613039765925,1,0.570993185043335,0.28590452671051025
baseline_cssd_lda,42,1,188,1,1,0.9452723653905569,2.849104318358113,1,0.9452731013298035,2.8491199016571045
baseline_cssd_lda,42,1,171,1,0,0.45279082036154955,-0.18940088819233658,0,0.45278751850128174,-0.1894141286611557
baseline_cssd_lda,42,1,140,1,1,0.8135374093380172,1.4731612785652903,1,0.8135318160057068,1.4731245040893555
baseline_cssd_lda,42,1,109,0,0,0.059230315515754334,-2.7652648562672217,0,0.05923029035329819,-2.7652652263641357
baseline_cssd_lda,42,1,146,1,1,0.9441664379230089,2.827927302473647,1,0.9441688656806946,2.827972650527954
baseline_cssd_lda,42,1,221,1,1,0.7980945955733051,1.3744278384435358,1,0.7980917096138,1.3744102716445923
baseline_cssd_lda,42,1,281,0,0,0.33762542521933586,-0.6738941472964188,0,0.33762842416763306,-0.6738808155059814
baseline_cssd_lda,42,1,228,0,0,0.4447864157677621,-0.2217586737908097,0,0.4447929263114929,-0.2217322438955307
baseline_cssd_lda,42,1,128,1,1,0.9985013089996192,6.501663403120746,1,0.9985013008117676,6.501642227172852
baseline_cssd_lda,42,1,48,0,0,4.677140506430584e-06,-12.272818960521063,0,4.677097876992775e-06,-12.272828102111816
baseline_cssd_lda,42,1,56,1,1,0.7466445641841899,1.0807958667559543,1,0.7466452717781067,1.0807995796203613
baseline_cssd_lda,42,1,267,1,1,0.7851602652477708,1.2959955260888427,1,0.7851524949073792,1.2959494590759277
baseline_cssd_lda,42,1,256,0,0,0.16806634585205008,-1.5993938778004042,0,0.16806738078594208,-1.59938645362854
baseline_cssd_lda,42,1,17,0,0,0.48127096977353,-0.07495118885995189,0,0.48125341534614563,-0.07502149045467377
baseline_cssd_lda,42,1,113,0,1,0.5768535646361443,0.3098701448075091,1,0.5768787264823914,0.3099733591079712
baseline_cssd_lda,42,1,242,1,1,0.9884323645851534,4.4479090697762595,1,0.9884324669837952,4.447922229766846
baseline_cssd_lda,42,1,211,1,1,0.5673251129964396,0.27094592327649947,1,0.5673052072525024,0.27086496353149414
baseline_cssd_lda,42,1,82,0,0,0.2659963179077466,-1.0150315788425819,0,0.26598575711250305,-1.0150856971740723
baseline_cssd_lda,42,1,41,1,0,0.10273722616070345,-2.1671742405378804,0,0.10273848474025726,-2.1671605110168457
baseline_cssd_lda,42,1,95,0,1,0.5615503756697058,0.24745656298402796,1,0.561543345451355,0.2474280446767807
baseline_cssd_lda,42,1,204,1,1,0.8792351350729668,1.985206974898134,1,0.879233717918396,1.9851932525634766
baseline_cssd_lda,42,1,295,1,1,0.9888182180263487,4.482224666473044,1,0.9888179302215576,4.482194423675537
baseline_cssd_lda,42,1,191,0,0,0.09429508710002042,-2.2622844601282392,0,0.09429579973220825,-2.2622761726379395
baseline_cssd_lda,42,1,244,1,0,0.43025235827596847,-0.2808216127229397,0,0.43025436997413635,-0.28081339597702026
baseline_cssd_lda,42,1,265,0,0,0.27347487503455425,-0.9770633129329427,0,0.2734704911708832,-0.9770854115486145
baseline_cssd_lda,42,1,102,1,0,0.31987717232729057,-0.7543363251566874,0,0.31988826394081116,-0.7542853355407715
baseline_cssd_lda,42,1,135,0,0,0.41814618036638107,-0.33038816198450766,0,0.4181465804576874,-0.3303864598274231
baseline_cssd_lda,42,1,45,0,0,0.20927373179353612,-1.3293087334546536,0,0.20927152037620544,-1.329322099685669
baseline_cssd_lda,42,1,309,0,1,0.6239495656948353,0.506346272710887,1,0.6239503622055054,0.5063495635986328
baseline_cssd_lda,42,1,120,1,1,0.6912231950179522,0.8058440726044285,1,0.6912246346473694,0.8058509230613708
baseline_cssd_lda,42,1,234,1,1,0.9455128139944748,2.8537618857588165,1,0.9455121159553528,2.8537473678588867
baseline_cssd_lda,42,1,289,0,0,0.40247437724210333,-0.3951657303565528,0,0.40247318148612976,-0.3951706290245056
baseline_cssd_lda,42,1,112,1,1,0.9987445703059629,6.679021160905984,1,0.9987446069717407,6.67902946472168
baseline_cssd_lda,42,1,13,0,0,0.08342016131087984,-2.396759153589679,0,0.08342337608337402,-2.396717071533203
baseline_cssd_lda,42,1,97,1,1,0.8487521371507913,1.7248472299791882,1,0.8487558364868164,1.7248759269714355
baseline_cssd_lda,42,1,96,1,1,0.7732860493602131,1.2269599375435907,1,0.7732828855514526,1.2269418239593506
baseline_cssd_lda,42,1,255,1,1,0.9527539018217905,3.003986562780497,1,0.9527580738067627,3.0040791034698486
baseline_cssd_lda,42,1,193,1,1,0.961623011169735,3.221164462819362,1,0.9616215825080872,3.2211272716522217
baseline_cssd_lda,42,1,98,1,1,0.9998361532934417,8.716415423235901,1,0.9998360872268677,8.716365814208984
baseline_cssd_lda,42,1,214,0,0,0.0018817320000359965,-6.27367914495837,0,0.0018816333031281829,-6.273731708526611
baseline_cssd_lda,42,1,38,0,0,0.37430527597914337,-0.5137908804455913,0,0.37429606914520264,-0.513830304145813
baseline_cssd_lda,42,1,192,0,1,0.9804820494003313,3.9167097521689285,1,0.9804819226264954,3.916700601577759
baseline_cssd_lda,42,1,68,0,0,0.03315842271435837,-3.372737889734243,0,0.03315981477499008,-3.372694492340088
baseline_cssd_lda,42,1,148,0,1,0.8267911574317852,1.5630540839061935,1,0.8267936706542969,1.563071608543396
baseline_cssd_lda,42,1,99,0,0,0.3595257333387175,-0.5774231880624885,0,0.3595156967639923,-0.5774668455123901
baseline_cssd_lda,42,1,18,0,0,0.05109733809017855,-2.921573820550213,0,0.05109672620892525,-2.921586513519287
baseline_cssd_lda,42,1,253,1,1,0.979524987236182,3.8678624941299704,1,0.9795260429382324,3.867913007736206
baseline_cssd_lda,42,1,261,0,0,0.49842264125000607,-0.006309455931109875,0,0.4984056055545807,-0.006377562880516052
baseline_cssd_lda,42,1,141,1,1,0.9976981404568781,6.071733472800789,1,0.9976981282234192,6.071742534637451
baseline_cssd_lda,42,1,269,0,0,0.027985921444677084,-3.5476687102871,0,0.027986109256744385,-3.547661781311035
baseline_cssd_lda,42,1,86,1,1,0.9753248567930742,3.6769742129298315,1,0.9753236174583435,3.6769237518310547
baseline_cssd_lda,42,1,67,0,0,0.3787367134346112,-0.49491368784008966,0,0.3787323236465454,-0.49493229389190674
baseline_cssd_lda,42,1,162,1,0,0.300355031751479,-0.8456078040479051,0,0.3003554940223694,-0.8456056714057922
baseline_cssd_lda,42,1,246,0,0,0.0957648570643124,-2.2451936592489226,0,0.09576992690563202,-2.2451350688934326
regularized_cssd,42,1,62,0,0,0.2194209590081415,-1.2690439324862042,0,0.2194281667470932,-1.269001841545105
regularized_cssd,42,1,1,1,1,0.9877001123401107,4.385788992658843,1,0.987700343132019,4.385807037353516
regularized_cssd,42,1,288,1,1,0.9683013694305064,3.4192698906295353,1,0.9683021903038025,3.4192962646484375
regularized_cssd,42,1,79,1,1,0.9974744572935892,5.978770568848421,1,0.9974744915962219,5.978781700134277
regularized_cssd,42,1,6,0,1,0.7514126228764428,1.1061605302053479,1,0.7514121532440186,1.106157898902893
regularized_cssd,42,1,157,0,0,0.11588341400120208,-2.032004304566207,0,0.11588291078805923,-2.0320091247558594
regularized_cssd,42,1,241,1,1,0.8914997368055606,2.1061525433438613,1,0.8915002346038818,2.1061575412750244
regularized_cssd,42,1,278,0,0,0.19032252485905682,-1.4479158572387083,0,0.19033141434192657,-1.447858214378357
regularized_cssd,42,1,174,0,0,0.003710288590510168,-5.592928429404237,0,0.003710223129019141,-5.5929460525512695
regularized_cssd,42,1,10,1,1,0.567618478705194,0.27214115097332126,1,0.5676007866859436,0.27206894755363464
regularized_cssd,42,1,188,1,1,0.9656711315937457,3.3368366880787654,1,0.9656720757484436,3.336867094039917
regularized_cssd,42,1,171,1,0,0.4873158589456536,-0.05074745225608024,0,0.4873179495334625,-0.05073915049433708
regularized_cssd,42,1,140,1,1,0.8360831650572899,1.6293688926749097,1,0.8360795974731445,1.6293426752090454
regularized_cssd,42,1,109,0,0,0.0820638235998286,-2.4146305824842997,0,0.0820639431476593,-2.4146289825439453
regularized_cssd,42,1,146,1,1,0.9601730749828922,3.182570363123185,1,0.9601748585700989,3.182617664337158
regularized_cssd,42,1,221,1,1,0.8047949114127876,1.4165367343070105,1,0.8047942519187927,1.4165325164794922
regularized_cssd,42,1,281,0,0,0.3156454479357863,-0.7738565508259085,0,0.3156474232673645,-0.7738472819328308
regularized_cssd,42,1,228,0,0,0.4467156591676234,-0.213949765132589,0,0.4467213749885559,-0.21392665803432465
regularized_cssd,42,1,128,1,1,0.9991471517299491,7.066075692160351,1,0.9991470575332642,7.066042423248291
regularized_cssd,42,1,48,0,0,6.697237161693696e-06,-11.913808783279464,0,6.697237040498294e-06,-11.913808822631836
regularized_cssd,42,1,56,1,1,0.7559001111070437,1.1303317170559326,1,0.7559021711349487,1.130342960357666
regularized_cssd,42,1,267,1,1,0.7893626017082551,1.321087622847881,1,0.7893574237823486,1.321056604385376
regularized_cssd,42,1,256,0,0,0.1848074415134177,-1.4841099270890494,0,0.184806227684021,-1.4841179847717285
regularized_cssd,42,1,17,0,1,0.5296078066529105,0.11856994450201408,1,0.529593825340271,0.11851377785205841
regularized_cssd,42,1,113,0,1,0.565298600234272,0.26269472946893235,1,0.5653223991394043,0.2627917230129242
regularized_cssd,42,1,242,1,1,0.9890885342774158,4.506969709073128,1,0.9890887141227722,4.506987571716309
regularized_cssd,42,1,211,1,1,0.5175728991233489,0.07032055999143022,1,0.5175521373748779,0.07023744285106659
regularized_cssd,42,1,82,0,0,0.2872617088988143,-0.9087206219318336,0,0.2872534692287445,-0.9087609052658081
regularized_cssd,42,1,41,1,0,0.12178805197088628,-1.9756057081825669,0,0.12179172784090042,-1.9755712747573853
regularized_cssd,42,1,95,0,1,0.6422193997102879,0.5850100392261411,1,0.6422120332717896,0.5849780440330505
regularized_cssd,42,1,204,1,1,0.874864101541501,1.944668227361602,1,0.8748635053634644,1.9446626901626587
regularized_cssd,42,1,295,1,1,0.990328858573036,4.6288907278977565,1,0.9903287291526794,4.628869533538818
regularized_cssd,42,1,191,0,0,0.09526987470734297,-2.250923044546238,0,0.0952715128660202,-2.250904083251953
regularized_cssd,42,1,244,1,1,0.5111536622065875,0.04462205136842763,1,0.5111497044563293,0.04460616782307625
regularized_cssd,42,1,265,0,0,0.25228163482548477,-1.0864803279507829,0,0.25228261947631836,-1.0864750146865845
regularized_cssd,42,1,102,1,0,0.3810123694058129,-0.48525344936818027,0,0.38102686405181885,-0.48519212007522583
regularized_cssd,42,1,135,0,0,0.4690837242124678,-0.12382306713516816,0,0.469085693359375,-0.12381522357463837
regularized_cssd,42,1,45,0,0,0.1714769840240087,-1.5751955631194643,0,0.17147397994995117,-1.5752166509628296
regularized_cssd,42,1,309,0,1,0.6783365906437395,0.7461379248628492,1,0.6783329844474792,0.7461212873458862
regularized_cssd,42,1,120,1,1,0.6708662139909822,0.7121054215561202,1,0.6708627939224243,0.7120898962020874
regularized_cssd,42,1,234,1,1,0.9560124844996486,3.0788651170377204,1,0.9560121297836304,3.0788562297821045
regularized_cssd,42,1,289,0,0,0.4023133146870215,-0.39583550422240327,0,0.40231335163116455,-0.39583542943000793
regularized_cssd,42,1,112,1,1,0.9984978324186836,6.499342862783009,1,0.9984978437423706,6.499340057373047
regularized_cssd,42,1,13,0,0,0.09256179048545136,-2.282749048381355,0,0.09256579726934433,-2.282701253890991
regularized_cssd,42,1,97,1,1,0.8236385538014517,1.5411962246558997,1,0.8236424922943115,1.5412237644195557
regularized_cssd,42,1,96,1,1,0.826051617792882,1.5578986616212036,1,0.826046884059906,1.5578659772872925
regularized_cssd,42,1,255,1,1,0.96428424392378,3.2957941718966914,1,0.9642868638038635,3.2958695888519287
regularized_cssd,42,1,193,1,1,0.9596684433910712,3.1694536483997258,1,0.9596672654151917,3.169424057006836
regularized_cssd,42,1,98,1,1,0.9998676696563833,8.930076819417618,1,0.9998676776885986,8.930030822753906
regularized_cssd,42,1,214,0,0,0.0015244934001942725,-6.484567464083568,0,0.0015244509559124708,-6.48459529876709
regularized_cssd,42,1,38,0,0,0.37864987593933414,-0.495282761994722,0,0.378640741109848,-0.4953216314315796
regularized_cssd,42,1,192,0,1,0.9823267777904752,4.017873396088213,1,0.9823264479637146,4.017856121063232
regularized_cssd,42,1,68,0,0,0.03507748523635261,-3.314488324134019,0,0.03507888689637184,-3.3144469261169434
regularized_cssd,42,1,148,0,1,0.8356881403544105,1.626489300326738,1,0.8356895446777344,1.6264994144439697
regularized_cssd,42,1,99,0,0,0.47729999995239486,-0.09086246189783909,0,0.47728025913238525,-0.0909416526556015
regularized_cssd,42,1,18,0,0,0.038266538606874144,-3.224161496415098,0,0.03826478496193886,-3.2242090702056885
regularized_cssd,42,1,253,1,1,0.9799778921004987,3.8906929542991433,1,0.979978621006012,3.8907268047332764
regularized_cssd,42,1,261,0,0,0.48991096096713005,-0.04036163453790054,0,0.48989349603652954,-0.04043148085474968
regularized_cssd,42,1,141,1,1,0.9978388705635415,6.134960838648062,1,0.9978389143943787,6.1349897384643555
regularized_cssd,42,1,269,0,0,0.022295568279769966,-3.7808194804356585,0,0.022295823320746422,-3.7808077335357666
regularized_cssd,42,1,86,1,1,0.9781271916765951,3.8003954781235727,1,0.9781257510185242,3.80033016204834
regularized_cssd,42,1,67,0,0,0.36056183620520665,-0.572926450712823,0,0.3605547547340393,-0.5729571580886841
regularized_cssd,42,1,162,1,0,0.34825908317585097,-0.6267004214589114,0,0.3482529819011688,-0.6267273426055908
regularized_cssd,42,1,246,0,0,0.08351950950837435,-2.395460528710262,0,0.08352410048246384,-2.3954005241394043
shrinkage_lda,42,1,62,0,0,0.1425152492875778,-1.7945543889285442,0,0.14251598715782166,-1.7945483922958374
shrinkage_lda,42,1,1,1,1,0.9649126139303223,3.314195847077716,1,0.9649130702018738,3.314208507537842
shrinkage_lda,42,1,288,1,1,0.9356944171991767,2.677642494072307,1,0.9356946349143982,2.677645683288574
shrinkage_lda,42,1,79,1,1,0.99791208487947,6.169499163021187,1,0.9979121088981628,6.1695027351379395
shrinkage_lda,42,1,6,0,1,0.7440045052584358,1.0668872446107054,1,0.7440044283866882,1.0668867826461792
shrinkage_lda,42,1,157,0,0,0.23581352325000307,-1.1757705019319524,0,0.2358115166425705,-1.1757816076278687
shrinkage_lda,42,1,241,1,1,0.8521156254956247,1.7512915132192106,1,0.8521161675453186,1.751295566558838
shrinkage_lda,42,1,278,0,0,0.08575052609053942,-2.36666126040145,0,0.08575132489204407,-2.3666510581970215
shrinkage_lda,42,1,174,0,0,0.0019049886031331914,-6.261372447627008,0,0.0019049495458602905,-6.261393070220947
shrinkage_lda,42,1,10,1,0,0.4547472497866293,-0.18150767938633017,0,0.4547377824783325,-0.18154580891132355
shrinkage_lda,42,1,188,1,1,0.9715882672633971,3.5321299369860286,1,0.9715885519981384,3.5321402549743652
shrinkage_lda,42,1,171,1,0,0.11244170565207237,-2.0660392875993994,0,0.11244099587202072,-2.0660464763641357
shrinkage_lda,42,1,140,1,1,0.9490375717733035,2.924359728946781,1,0.9490365386009216,2.9243383407592773
shrinkage_lda,42,1,109,0,0,0.1574662948333049,-1.6772022332530563,0,0.15746596455574036,-1.6772048473358154
shrinkage_lda,42,1,146,1,1,0.9665811510133745,3.3646451772051833,1,0.9665809273719788,3.364638566970825
shrinkage_lda,42,1,221,1,1,0.5379346851707673,0.15203089458491448,1,0.537930965423584,0.15201590955257416
shrinkage_lda,42,1,281,0,0,0.0916398497411502,-2.29377472329468,0,0.09163939952850342,-2.2937800884246826
shrinkage_lda,42,1,228,0,1,0.6083434372512588,0.44035424605056395,1,0.6083433032035828,0.4403539001941681
shrinkage_lda,42,1,128,1,1,0.9992408436750009,7.182543395354899,1,0.9992408752441406,7.1825151443481445
shrinkage_lda,42,1,48,0,0,3.0816781527525503e-06,-12.690033172885578,0,3.08169342133624e-06,-12.690028190612793
shrinkage_lda,42,1,56,1,1,0.9039317959650829,2.2416955126960514,1,0.9039317965507507,2.241694927215576
shrinkage_lda,42,1,267,1,1,0.5308957455257303,0.12374063112253397,1,0.5308948755264282,0.12373708188533783
shrinkage_lda,42,1,256,0,0,0.14849806577288055,-1.746429838593378,0,0.14849571883678436,-1.7464483976364136
shrinkage_lda,42,1,17,0,1,0.6212432525718744,0.4948285446439036,1,0.6212433576583862,0.49482885003089905
shrinkage_lda,42,1,113,0,0,0.48725697236626486,-0.05098315096276407,0,0.4872588515281677,-0.050975579768419266
shrinkage_lda,42,1,242,1,1,0.986809729963083,4.314997805351622,1,0.9868098497390747,4.31500768661499
shrinkage_lda,42,1,211,1,0,0.17046275561451812,-1.5823511777061765,0,0.17046134173870087,-1.5823612213134766
shrinkage_lda,42,1,82,0,0,0.05698102256571658,-2.8063681320086,0,0.05698074400424957,-2.806373357772827
shrinkage_lda,42,1,41,1,1,0.6055746912769553,0.42874811923572587,1,0.6055791974067688,0.42876699566841125
shrinkage_lda,42,1,95,0,0,0.4782324278827767,-0.08712535946924144,0,0.47822943329811096,-0.08713740110397339
shrinkage_lda,42,1,204,1,1,0.6737613210248057,0.7252466675116618,1,0.673760712146759,0.7252440452575684
shrinkage_lda,42,1,295,1,1,0.9945806440107133,5.212344197785199,1,0.9945805668830872,5.212342739105225
shrinkage_lda,42,1,191,0,0,0.2196153655583694,-1.2679092413643374,0,0.21961696445941925,-1.2678998708724976
shrinkage_lda,42,1,244,1,1,0.6992424622760136,0.8436931346675233,1,0.6992409229278564,0.8436857461929321
shrinkage_lda,42,1,265,0,0,0.2822757390725679,-0.9332010662467445,0,0.2822786569595337,-0.9331865906715393
shrinkage_lda,42,1,102,1,0,0.37955187539693014,-0.4914507170191941,0,0.3795545995235443,-0.4914391338825226
shrinkage_lda,42,1,135,0,0,0.22041629569760215,-1.2632420533081077,0,0.22041986882686615,-1.263221263885498
shrinkage_lda,42,1,45,0,0,0.42964090999976795,-0.283316378150112,0,0.42963850498199463,-0.28332623839378357
shrinkage_lda,42,1,309,0,0,0.26536954008100644,-1.018244251699861,0,0.26536786556243896,-1.0182528495788574
shrinkage_lda,42,1,120,1,1,0.5008654636399282,0.003461858017083652,1,0.500866174697876,0.003464590758085251
shrinkage_lda,42,1,234,1,1,0.9793321714079657,3.8582925646279933,1,0.9793326258659363,3.858315944671631
shrinkage_lda,42,1,289,0,0,0.2470147402884721,-1.1145976400633726,0,0.24701419472694397,-1.1146005392074585
shrinkage_lda,42,1,112,1,1,0.9995638914894507,7.737183264540097,1,0.9995638728141785,7.73719596862793
shrinkage_lda,42,1,13,0,0,0.010146966385289505,-4.580381698696303,0,0.010147061198949814,-4.580372333526611
shrinkage_lda,42,1,97,1,0,0.4711182407135828,-0.11565578509215335,0,0.47111889719963074,-0.11565323173999786
shrinkage_lda,42,1,96,1,1,0.6731764717175062,0.722587155428585,1,0.673176109790802,0.7225857377052307
shrinkage_lda,42,1,255,1,1,0.9468246704554004,2.879519375543867,1,0.9468246698379517,2.8795182704925537
shrinkage_lda,42,1,193,1,1,0.9734450125083562,3.6016237560522324,1,0.9734447002410889,3.6016128063201904
shrinkage_lda,42,1,98,1,1,0.9999498111365265,9.899667208913943,1,0.9999498128890991,9.899659156799316
shrinkage_lda,42,1,214,0,0,0.0022159997581940863,-6.1098331604962635,0,0.002215993357822299,-6.109836101531982
shrinkage_lda,42,1,38,0,1,0.622718286719664,0.5011020697924327,1,0.6227140426635742,0.5010841488838196
shrinkage_lda,42,1,192,0,1,0.8407334835249594,1.6636957022939258,1,0.840733528137207,1.6636959314346313
shrinkage_lda,42,1,68,0,0,0.12472695184327297,-1.9484089299158063,0,0.1247292086482048,-1.9483882188796997
shrinkage_lda,42,1,148,0,1,0.8910010374774853,2.1010072278250806,1,0.8910009264945984,2.101005792617798
shrinkage_lda,42,1,99,0,1,0.6580996870813359,0.6548372080946401,1,0.6580961346626282,0.6548213362693787
shrinkage_lda,42,1,18,0,0,0.035988646949956314,-3.287899545346378,0,0.03598810359835625,-3.2879152297973633
shrinkage_lda,42,1,253,1,1,0.9688261389333948,3.4365052152575655,1,0.9688264727592468,3.436514139175415
shrinkage_lda,42,1,261,0,0,0.42700973457064967,-0.29406191723282826,0,0.4270079731941223,-0.2940691411495209
shrinkage_lda,42,1,141,1,1,0.997383868738154,5.943439110785928,1,0.9973838925361633,5.943439483642578
shrinkage_lda,42,1,269,0,0,0.023042944965272347,-3.7470830477917882,0,0.023042717948555946,-3.7470932006835938
shrinkage_lda,42,1,86,1,1,0.9920185555567507,4.822622409300513,1,0.9920185208320618,4.822621822357178
shrinkage_lda,42,1,67,0,0,0.27595799009172467,-0.9646007711180644,0,0.2759558856487274,-0.9646113514900208
shrinkage_lda,42,1,162,1,0,0.43032427155635433,-0.2805282570971732,0,0.4303250312805176,-0.28052517771720886
shrinkage_lda,42,1,246,0,0,0.12241774571688582,-1.9697313471051974,0,0.12241855263710022,-1.9697238206863403
regularized_cssd_shrinkage_lda,42,1,62,0,0,0.1081348423004382,-2.1099359644892433,0,0.1081354171037674,-2.1099300384521484
regularized_cssd_shrinkage_lda,42,1,1,1,1,0.9585760341575988,3.141589287110131,1,0.9585766792297363,3.14160418510437
regularized_cssd_shrinkage_lda,42,1,288,1,1,0.9472231524738045,2.8874621061751657,1,0.9472231268882751,2.887460708618164
regularized_cssd_shrinkage_lda,42,1,79,1,1,0.9976540678728326,6.052723772333551,1,0.997654139995575,6.052730560302734
regularized_cssd_shrinkage_lda,42,1,6,0,1,0.7779317747947453,1.2536541718639274,1,0.7779309749603271,1.2536495923995972
regularized_cssd_shrinkage_lda,42,1,157,0,0,0.19359650964175737,-1.426808079658944,0,0.19359558820724487,-1.4268139600753784
regularized_cssd_shrinkage_lda,42,1,241,1,1,0.8613446762736563,1.8265035769990925,1,0.8613453507423401,1.8265094757080078
regularized_cssd_shrinkage_lda,42,1,278,0,0,0.06182086932953763,-2.7196999027624447,0,0.061821091920137405,-2.719696044921875
regularized_cssd_shrinkage_lda,42,1,174,0,0,0.0018970844197252186,-6.265538201155823,0,0.00189704739023,-6.265557765960693
regularized_cssd_shrinkage_lda,42,1,10,1,0,0.46945729583078843,-0.12232311496237913,0,0.46945008635520935,-0.12235215306282043
regularized_cssd_shrinkage_lda,42,1,188,1,1,0.9820829997383355,4.003925828479197,1,0.9820832014083862,4.003939151763916
regularized_cssd_shrinkage_lda,42,1,171,1,0,0.12072922088192754,-1.9855427099195793,0,0.12072862684726715,-1.9855483770370483
regularized_cssd_shrinkage_lda,42,1,140,1,1,0.9533926846128588,3.0182693584270357,1,0.953391969203949,3.018252372741699
regularized_cssd_shrinkage_lda,42,1,109,0,0,0.21198070999891863,-1.313027289294079,0,0.2119806408882141,-1.3130277395248413
regularized_cssd_shrinkage_lda,42,1,146,1,1,0.9769703691786928,3.7476746398432335,1,0.9769703149795532,3.7476725578308105
regularized_cssd_shrinkage_lda,42,1,221,1,1,0.5163019703916939,0.06523100200958143,1,0.5162990093231201,0.0652189552783966
regularized_cssd_shrinkage_lda,42,1,281,0,0,0.08949166411346014,-2.3198575718641896,0,0.08949160575866699,-2.3198583126068115
regularized_cssd_shrinkage_lda,42,1,228,0,1,0.6116962723341152,0.4544480356302042,1,0.6116960048675537,0.454446941614151
regularized_cssd_shrinkage_lda,42,1,128,1,1,0.9994983233796204,7.597053025855683,1,0.9994982481002808,7.59703254699707
regularized_cssd_shrinkage_lda,42,1,48,0,0,4.1653178761217515e-06,-12.388713799133662,0,4.165337486483622e-06,-12.38870906829834
regularized_cssd_shrinkage_lda,42,1,56,1,1,0.9060048393618004,2.265801349115269,1,0.9060050249099731,2.265803813934326
regularized_cssd_shrinkage_lda,42,1,267,1,1,0.5464480595413651,0.1863294656590576,1,0.5464478135108948,0.18632861971855164
regularized_cssd_shrinkage_lda,42,1,256,0,0,0.17525739055212936,-1.5488156526011059,0,0.1752556562423706,-1.5488276481628418
regularized_cssd_shrinkage_lda,42,1,17,0,1,0.6665858861360725,0.692783690190478,1,0.66658616065979,0.6927849054336548
regularized_cssd_shrinkage_lda,42,1,113,0,0,0.4402937911453248,-0.23996980777552013,0,0.4402981102466583,-0.2399522364139557
regularized_cssd_shrinkage_lda,42,1,242,1,1,0.9855011770608354,4.219082851449214,1,0.9855013489723206,4.2190937995910645
regularized_cssd_shrinkage_lda,42,1,211,1,0,0.15744607721613688,-1.6773546307195855,0,0.15744437277317047,-1.6773675680160522
regularized_cssd_shrinkage_lda,42,1,82,0,0,0.0599649208925298,-2.752157453311751,0,0.05996514856815338,-2.7521533966064453
regularized_cssd_shrinkage_lda,42,1,41,1,1,0.6422438765528479,0.5851165667336655,1,0.642248272895813,0.585135817527771
regularized_cssd_shrinkage_lda,42,1,95,0,1,0.570406426522678,0.2835095519658124,1,0.570404052734375,0.28349989652633667
regularized_cssd_shrinkage_lda,42,1,204,1,1,0.6418207237068917,0.5832753853060847,1,0.6418203711509705,0.5832740068435669
regularized_cssd_shrinkage_lda,42,1,295,1,1,0.9950007090090308,5.293447349157117,1,0.9950006604194641,5.293447017669678
regularized_cssd_shrinkage_lda,42,1,191,0,0,0.24733852315832255,-1.1128576233684875,0,0.24734021723270416,-1.1128484010696411
regularized_cssd_shrinkage_lda,42,1,244,1,1,0.7489372208342983,1.0929521386377117,1,0.7489351630210876,1.092941403388977
regularized_cssd_shrinkage_lda,42,1,265,0,0,0.21651117500216507,-1.2861146360201858,0,0.21651417016983032,-1.2860969305038452
regularized_cssd_shrinkage_lda,42,1,102,1,0,0.4517150327788145,-0.19374364240958453,0,0.45171549916267395,-0.19374170899391174
regularized_cssd_shrinkage_lda,42,1,135,0,0,0.238412915011148,-1.1614004181698132,0,0.23841582238674164,-1.1613844633102417
regularized_cssd_shrinkage_lda,42,1,45,0,0,0.3920986932588139,-0.4384989677318202,0,0.39209598302841187,-0.43851032853126526
regularized_cssd_shrinkage_lda,42,1,309,0,0,0.29290689470098535,-0.8813075548962483,0,0.2929045557975769,-0.8813189268112183
regularized_cssd_shrinkage_lda,42,1,120,1,0,0.49177442238350666,-0.032905279180739655,0,0.49177345633506775,-0.03290921449661255
regularized_cssd_shrinkage_lda,42,1,234,1,1,0.9797647364910707,3.879885677363501,1,0.9797651171684265,3.8799033164978027
regularized_cssd_shrinkage_lda,42,1,289,0,0,0.27142354978989547,-0.9874120469245847,0,0.27142301201820374,-0.9874147176742554
regularized_cssd_shrinkage_lda,42,1,112,1,1,0.9995458439957421,7.696615538069456,1,0.9995458722114563,7.696628093719482
regularized_cssd_shrinkage_lda,42,1,13,0,0,0.011598868363488996,-4.445181080549459,0,0.01159895770251751,-4.445173263549805
regularized_cssd_shrinkage_lda,42,1,97,1,0,0.4363497302289859,-0.25598991474027066,0,0.4363492429256439,-0.2559919059276581
regularized_cssd_shrinkage_lda,42,1,96,1,1,0.7420486000140498,1.0566435446637863,1,0.7420485019683838,1.0566428899765015
regularized_cssd_shrinkage_lda,42,1,255,1,1,0.9606683360789253,3.195599333441873,1,0.9606680274009705,3.1955902576446533
regularized_cssd_shrinkage_lda,42,1,193,1,1,0.97213530267572,3.552134436312694,1,0.972135066986084,3.5521254539489746
regularized_cssd_shrinkage_lda,42,1,98,1,1,0.9999425584626601,9.764685426121297,1,0.9999425411224365,9.764679908752441
regularized_cssd_shrinkage_lda,42,1,214,0,0,0.001977733547334548,-6.223824071132893,0,0.00197772728279233,-6.223827362060547
regularized_cssd_shrinkage_lda,42,1,38,0,1,0.6385512539722403,0.5690816945635941,1,0.638547956943512,0.5690674781799316
regularized_cssd_shrinkage_lda,42,1,192,0,1,0.8361436715628308,1.6298104564988392,1,0.8361437320709229,1.6298108100891113
regularized_cssd_shrinkage_lda,42,1,68,0,0,0.13159297620228275,-1.8869468810332133,0,0.1315954327583313,-1.8869253396987915
regularized_cssd_shrinkage_lda,42,1,148,0,1,0.8878949635305515,2.069417194252112,1,0.887894868850708,2.069416046142578
regularized_cssd_shrinkage_lda,42,1,99,0,1,0.746987861927767,1.0826114717613455,1,0.7469833493232727,1.082587480545044
regularized_cssd_shrinkage_lda,42,1,18,0,0,0.027442180099352717,-3.5678482792493282,0,0.02744176797568798,-3.567863702774048
regularized_cssd_shrinkage_lda,42,1,253,1,1,0.9700420031659319,3.4775430777253273,1,0.9700422286987305,3.477550745010376
regularized_cssd_shrinkage_lda,42,1,261,0,0,0.419557787655728,-0.32458897804179254,0,0.4195559620857239,-0.32459643483161926
regularized_cssd_shrinkage_lda,42,1,141,1,1,0.9968648067075315,5.7619243322005875,1,0.9968647360801697,5.761923313140869
regularized_cssd_shrinkage_lda,42,1,269,0,0,0.015991746125737897,-4.1195615631075055,0,0.015991639345884323,-4.119568347930908
regularized_cssd_shrinkage_lda,42,1,86,1,1,0.9918096164323833,4.796570439525948,1,0.9918096661567688,4.796570777893066
regularized_cssd_shrinkage_lda,42,1,67,0,0,0.2605347736127588,-1.0431909176627017,0,0.2605334222316742,-1.0431979894638062
regularized_cssd_shrinkage_lda,42,1,162,1,0,0.49261669126088764,-0.029535381840749997,0,0.49261677265167236,-0.02953508496284485
regularized_cssd_shrinkage_lda,42,1,246,0,0,0.10522918484852725,-2.1404269286826336,0,0.10523016005754471,-2.1404166221618652
toeplitz_lda,42,1,62,0,0,0.11860517744612452,-2.00570553797445,0,0.11860602349042892,-2.00569748878479
toeplitz_lda,42,1,1,1,1,0.9533205698427984,3.016647626864809,1,0.9533212184906006,3.0166614055633545
toeplitz_lda,42,1,288,1,1,0.9024640359819647,2.2249076683710873,1,0.9024640321731567,2.224907875061035
toeplitz_lda,42,1,79,1,1,0.9986199275361414,6.584238245508269,1,0.9986199140548706,6.584245681762695
toeplitz_lda,42,1,6,0,1,0.7774562589473466,1.2509037125962943,1,0.7774566411972046,1.250906229019165
toeplitz_lda,42,1,157,0,0,0.19015588244925574,-1.4489976119458996,0,0.19015376269817352,-1.4490114450454712
toeplitz_lda,42,1,241,1,1,0.8065939032658388,1.4280282173672554,1,0.8065944910049438,1.4280320405960083
toeplitz_lda,42,1,278,0,0,0.09469484619900197,-2.257612497071709,0,0.09469685703516006,-2.257589101791382
toeplitz_lda,42,1,174,0,0,0.001667773169377794,-6.3945968084233895,0,0.0016677355160936713,-6.394619464874268
toeplitz_lda,42,1,10,1,0,0.2684337271676779,-1.002583757605628,0,0.2684245705604553,-1.002630352973938
toeplitz_lda,42,1,188,1,1,0.9722319176329238,3.5557071295741984,1,0.9722322821617126,3.55572247505188
toeplitz_lda,42,1,171,1,0,0.15003774405941583,-1.7343050542164093,0,0.15003617107868195,-1.734317421913147
toeplitz_lda,42,1,140,1,1,0.9526630981862667,3.0019711675115843,1,0.9526618719100952,3.0019443035125732
toeplitz_lda,42,1,109,0,0,0.12960898752129088,-1.9044204206397797,0,0.129608616232872,-1.9044238328933716
toeplitz_lda,42,1,146,1,1,0.9516041589207136,2.9787352669531355,1,0.9516040086746216,2.978731393814087
toeplitz_lda,42,1,221,1,1,0.5478650455461704,0.19204828229869342,1,0.5478618741035461,0.19203558564186096
toeplitz_lda,42,1,281,0,0,0.2701111616503548,-0.9940586622285987,0,0.27011197805404663,-0.9940546154975891
toeplitz_lda,42,1,228,0,0,0.49330090995245734,-0.026797963778749434,0,0.49329981207847595,-0.02680232748389244
toeplitz_lda,42,1,128,1,1,0.998664739139162,6.617292451725484,1,0.9986647367477417,6.617257595062256
toeplitz_lda,42,1,48,0,0,3.407207096649063e-06,-12.589614228287669,0,3.4072079415636836e-06,-12.589613914489746
toeplitz_lda,42,1,56,1,1,0.8179635179826127,1.502610618930685,1,0.8179631233215332,1.5026081800460815
toeplitz_lda,42,1,267,1,1,0.5553918840872435,0.2224807062532611,1,0.5553906559944153,0.22247573733329773
toeplitz_lda,42,1,256,0,0,0.15349339099457732,-1.7074604983011068,0,0.15349145233631134,-1.7074754238128662
toeplitz_lda,42,1,17,0,0,0.38489742041220676,-0.4688121916768746,0,0.38489338755607605,-0.4688292443752289
toeplitz_lda,42,1,113,0,1,0.5994531362104786,0.4031870270830732,1,0.599456787109375,0.40320244431495667
toeplitz_lda,42,1,242,1,1,0.9930957192154022,4.968685430575398,1,0.9930958151817322,4.968695163726807
toeplitz_lda,42,1,211,1,0,0.29411515858527487,-0.8754807235310716,0,0.2941114008426666,-0.87549889087677
toeplitz_lda,42,1,82,0,0,0.06092972816056788,-2.7351691105512677,0,0.0609290674328804,-2.735180616378784
toeplitz_lda,42,1,41,1,0,0.4942278105146147,-0.02308978372382886,0,0.49423283338546753,-0.023069705814123154
toeplitz_lda,42,1,95,0,0,0.3407324961292652,-0.6600316754712916,0,0.34072864055633545,-0.66004878282547
toeplitz_lda,42,1,204,1,1,0.7920719154708965,1.3374599175937318,1,0.7920712232589722,1.3374557495117188
toeplitz_lda,42,1,295,1,1,0.9917403297201927,4.788076639586342,1,0.991740345954895,4.788074970245361
toeplitz_lda,42,1,191,0,0,0.17453741069951803,-1.553804836869248,0,0.17453879117965698,-1.553795337677002
toeplitz_lda,42,1,244,1,1,0.5983821532052591,0.3987285954063867,1,0.5983802080154419,0.3987205922603607
toeplitz_lda,42,1,265,0,0,0.2902626684330283,-0.8941086797945159,0,0.2902666926383972,-0.8940892219543457
toeplitz_lda,42,1,102,1,0,0.3426907643722762,-0.6513261071089435,0,0.3426929712295532,-0.6513162851333618
toeplitz_lda,42,1,135,0,0,0.1920801729460726,-1.4365499773566885,0,0.19208404421806335,-1.4365249872207642
toeplitz_lda,42,1,45,0,0,0.2501858341271671,-1.0976214187587197,0,0.2501830756664276,-1.0976362228393555
toeplitz_lda,42,1,309,0,1,0.544242564823708,0.17743431111501562,1,0.5442397594451904,0.1774229109287262
toeplitz_lda,42,1,120,1,1,0.731310092599177,1.0012796190124988,1,0.7313128113746643,1.001293659210205
toeplitz_lda,42,1,234,1,1,0.9804866630079423,3.916950863213935,1,0.980487048625946,3.916971206665039
toeplitz_lda,42,1,289,0,0,0.09486448269217297,-2.2556353001646103,0,0.09486405551433563,-2.2556402683258057
toeplitz_lda,42,1,112,1,1,0.9995603694478505,7.729136110746808,1,0.9995604157447815,7.72914981842041
toeplitz_lda,42,1,13,0,0,0.03154485093254451,-3.4242917998247986,0,0.03154545649886131,-3.424272060394287
toeplitz_lda,42,1,97,1,1,0.6758857118121896,0.7349278014690819,1,0.6758856177330017,0.7349273562431335
toeplitz_lda,42,1,96,1,1,0.7016040333501595,0.8549478381809104,1,0.7016022801399231,0.8549394607543945
toeplitz_lda,42,1,255,1,1,0.9489533523782945,2.922619768972961,1,0.9489536881446838,2.9226267337799072
toeplitz_lda,42,1,193,1,1,0.9830569505736,4.060809367557415,1,0.9830567240715027,4.060794830322266
toeplitz_lda,42,1,98,1,1,0.999978567279325,10.750570367223657,1,0.9999785423278809,10.750560760498047
toeplitz_lda,42,1,214,0,0,0.0017848594721685518,-6.326629139694382,0,0.0017848416464403272,-6.326639175415039
toeplitz_lda,42,1,38,0,1,0.7268935693022391,0.9789184944614846,1,0.7268891334533691,0.9788960218429565
toeplitz_lda,42,1,192,0,1,0.7861217920429041,1.3017050008191464,1,0.7861213088035583,1.3017020225524902
toeplitz_lda,42,1,68,0,0,0.051195357761639505,-2.919554061761672,0,0.05119667947292328,-2.9195268154144287
toeplitz_lda,42,1,148,0,1,0.8521941959616126,1.7519151531041233,1,0.8521937131881714,1.7519116401672363
toeplitz_lda,42,1,99,0,0,0.435978846296024,-0.2574980328596941,0,0.43597257137298584,-0.25752368569374084
toeplitz_lda,42,1,18,0,0,0.02406116064119993,-3.702800971023775,0,0.024060817435383797,-3.702815532684326
toeplitz_lda,42,1,253,1,1,0.953249640677172,3.0150548800376384,1,0.9532501697540283,3.015066385269165
toeplitz_lda,42,1,261,0,0,0.42618242867197464,-0.29744403489651616,0,0.426175594329834,-0.29747191071510315
toeplitz_lda,42,1,141,1,1,0.9976284223031847,6.041825456111497,1,0.9976285099983215,6.041829586029053
toeplitz_lda,42,1,269,0,0,0.008552534827876754,-4.752938251247497,0,0.008552417159080505,-4.7529520988464355
toeplitz_lda,42,1,86,1,1,0.9911255286873287,4.715662431830015,1,0.9911254048347473,4.715646743774414
toeplitz_lda,42,1,67,0,0,0.3096501367977171,-0.8017554480393787,0,0.3096481263637543,-0.8017648458480835
toeplitz_lda,42,1,162,1,1,0.5719529423015934,0.289823581860591,1,0.571954071521759,0.28982827067375183
toeplitz_lda,42,1,246,0,0,0.12809876038647464,-1.9178746282356516,0,0.12810026109218597,-1.9178611040115356
baseline_cssd_lda,42,2,238,0,0,0.012327050697156899,-4.383555528721701,0,0.012327179312705994,-4.383544921875
baseline_cssd_lda,42,2,11,1,1,0.9624441845280212,3.243647835405331,1,0.9624442458152771,3.243650197982788
baseline_cssd_lda,42,2,161,1,1,0.9920279787435062,4.823813242524585,1,0.9920276999473572,4.823781490325928
baseline_cssd_lda,42,2,200,1,1,0.5821516350345142,0.33161235162307423,1,0.5821710824966431,0.3316922187805176
baseline_cssd_lda,42,2,139,0,0,0.05983453368832546,-2.7544729070617695,0,0.05983748659491539,-2.754420518875122
baseline_cssd_lda,42,2,220,1,0,0.15786169364907926,-1.674224967050166,0,0.15785843133926392,-1.674249529838562
baseline_cssd_lda,42,2,302,1,1,0.9975990319699096,6.029479422103622,1,0.9975988268852234,6.029416561126709
baseline_cssd_lda,42,2,208,0,0,0.0020672600788968236,-6.179461782054032,0,0.002067319815978408,-6.1794328689575195
baseline_cssd_lda,42,2,165,1,1,0.9489025383598869,2.9215712724172747,1,0.948901891708374,2.9215593338012695
baseline_cssd_lda,42,2,235,0,0,0.0015515625911328007,-6.466939965043668,0,0.0015515892300754786,-6.466922760009766
baseline_cssd_lda,42,2,190,0,0,0.43437522899776765,-0.264022166088154,0,0.4343608319759369,-0.26408082246780396
baseline_cssd_lda,42,2,78,1,1,0.9531077438967535,3.0118754081179544,1,0.9531062245368958,3.0118420124053955
baseline_cssd_lda,42,2,183,0,1,0.6411401012079733,0.5803159414074293,1,0.6411449909210205,0.5803373456001282
baseline_cssd_lda,42,2,7,1,1,0.5705825827219309,0.2842284672984774,1,0.5705855488777161,0.2842404246330261
baseline_cssd_lda,42,2,216,1,0,0.32860500124254455,-0.7145012102052606,0,0.3285982608795166,-0.7145317196846008
baseline_cssd_lda,42,2,301,1,1,0.5930548358243923,0.3766084219915169,1,0.5930580496788025,0.3766217529773712
baseline_cssd_lda,42,2,110,1,0,0.3611823413603337,-0.5702361278811464,0,0.36119505763053894,-0.5701810121536255
baseline_cssd_lda,42,2,4,0,1,0.640226770843822,0.5763485290801336,1,0.6402051448822021,0.5762545466423035
baseline_cssd_lda,42,2,5,1,1,0.9941863307479643,5.141712732246084,1,0.9941856265068054,5.14157772064209
baseline_cssd_lda,42,2,205,1,1,0.5855091657659102,0.34543097600517425,1,0.5854938626289368,0.3453679382801056
baseline_cssd_lda,42,2,254,0,0,0.0031168690244623076,-5.767804562244692,0,0.0031168656423687935,-5.767805576324463
baseline_cssd_lda,42,2,182,0,0,0.008982065140344392,-4.703502804945602,0,0.008981184102594852,-4.703601837158203
baseline_cssd_lda,42,2,223,1,1,0.6795770515801313,0.7518287847770595,1,0.6795779466629028,0.751832902431488
baseline_cssd_lda,42,2,274,1,1,0.9798857047578358,3.8860051687092767,1,0.9798851013183594,3.8859736919403076
baseline_cssd_lda,42,2,83,1,1,0.9791584116766068,3.8497430100056445,1,0.9791585803031921,3.849749803543091
baseline_cssd_lda,42,2,36,1,1,0.9378231989043215,2.7135794864962195,1,0.937825083732605,2.713611364364624
baseline_cssd_lda,42,2,50,1,1,0.9749210733455802,3.6603285993307066,1,0.9749211668968201,3.6603333950042725
baseline_cssd_lda,42,2,8,0,1,0.8785133385585367,1.9784266164661621,1,0.8785183429718018,1.9784740209579468
baseline_cssd_lda,42,2,23,0,1,0.8425035053456802,1.676974621010586,1,0.8424975872039795,1.6769304275512695
baseline_cssd_lda,42,2,310,0,0,0.0005183743084435971,-7.5642944647729395,0,0.0005183968460187316,-7.564250946044922
baseline_cssd_lda,42,2,0,0,0,0.025877528134758576,-3.6281620843687303,0,0.02587793581187725,-3.628145933151245
baseline_cssd_lda,42,2,226,1,1,0.752039039802328,1.1095169220174712,1,0.7520347833633423,1.1094942092895508
baseline_cssd_lda,42,2,206,1,1,0.7420778401144158,1.0567963099503104,1,0.7420557737350464,1.0566811561584473
baseline_cssd_lda,42,2,22,1,1,0.9205416776248242,2.4497296394653914,1,0.9205424785614014,2.449740409851074
baseline_cssd_lda,42,2,58,1,0,0.20003948398712657,-1.3860476044671035,0,0.20002517104148865,-1.3861370086669922
baseline_cssd_lda,42,2,287,1,0,0.47402077335128134,-0.10401057252418966,0,0.4740288555622101,-0.10397805273532867
baseline_cssd_lda,42,2,197,1,1,0.9968042933448614,5.7427462164605,1,0.9968043565750122,5.742748260498047
baseline_cssd_lda,42,2,294,0,1,0.765623132943637,1.183759692325795,1,0.7656198740005493,1.1837414503097534
baseline_cssd_lda,42,2,25,0,1,0.5844278450286711,0.34097706855724824,1,0.5844257473945618,0.34096843004226685
baseline_cssd_lda,42,2,9,0,0,0.009128617391556432,-4.687170493062144,0,0.009128328412771225,-4.687202453613281
baseline_cssd_lda,42,2,126,0,0,0.007139901901231908,-4.934890729067606,0,0.007140523288398981,-4.934803009033203
baseline_cssd_lda,42,2,104,1,0,0.05501737248439853,-2.843517545032544,0,0.05501396209001541,-2.843583106994629
baseline_cssd_lda,42,2,116,1,0,0.08059124065402168,-2.4343408437106735,0,0.08059374243021011,-2.434307098388672
baseline_cssd_lda,42,2,314,0,0,0.011863088926008335,-4.42238945337709,0,0.011864000000059605,-4.422311782836914
baseline_cssd_lda,42,2,52,0,0,0.3404054529114953,-0.66148790795399,0,0.34042611718177795,-0.6613959074020386
baseline_cssd_lda,42,2,172,0,1,0.8154795593329719,1.4860161096842475,1,0.8154746294021606,1.4859832525253296
baseline_cssd_lda,42,2,189,0,0,0.05875613097593336,-2.7738067608232244,0,0.05875590071082115,-2.773810863494873
baseline_cssd_lda,42,2,308,0,0,0.00894762845070501,-4.70737886050834,0,0.008947620168328285,-4.7073798179626465
baseline_cssd_lda,42,2,167,0,0,0.001083485835475033,-6.826487736777634,0,0.001083527342416346,-6.826449394226074
baseline_cssd_lda,42,2,306,0,0,0.13420248970990536,-1.8643012827856742,0,0.13419757783412933,-1.864343523979187
baseline_cssd_lda,42,2,103,0,0,0.04316775884177443,-3.098534185986078,0,0.04316501319408417,-3.0986006259918213
baseline_cssd_lda,42,2,202,0,0,0.009911342852097098,-4.6041146478792445,0,0.009911558590829372,-4.604092597961426
baseline_cssd_lda,42,2,122,1,1,0.8327343216220798,1.605131212879246,1,0.8327338099479675,1.6051273345947266
baseline_cssd_lda,42,2,290,0,0,0.17620376740185817,-1.5422821141230536,0,0.1762007474899292,-1.5423029661178589
baseline_cssd_lda,42,2,201,0,0,0.046952634144662934,-3.0105252948629513,0,0.0469520278275013,-3.0105388164520264
baseline_cssd_lda,42,2,224,1,1,0.523322340224224,0.09335710672607123,1,0.5233107209205627,0.09331052005290985
baseline_cssd_lda,42,2,163,1,1,0.9932946450061276,4.998120882111193,1,0.9932946562767029,4.998122215270996
baseline_cssd_lda,42,2,307,0,0,0.08136717977954944,-2.423914504884226,0,0.08136588335037231,-2.423931837081909
baseline_cssd_lda,42,2,260,0,0,0.10273243630593526,-2.1672262022945317,0,0.10272618383169174,-2.1672940254211426
baseline_cssd_lda,42,2,54,0,0,0.08706526493532195,-2.350006384905586,0,0.08706993609666824,-2.349947690963745
baseline_cssd_lda,42,2,160,0,1,0.7441951638277238,1.0678885223724126,1,0.7441946268081665,1.0678855180740356
baseline_cssd_lda,42,2,298,1,1,0.9998161017862529,8.600944224450982,1,0.9998161196708679,8.600873947143555
baseline_cssd_lda,42,2,248,1,1,0.9956147571581903,5.425115388353231,1,0.9956146478652954,5.425081253051758
baseline_cssd_lda,42,2,137,1,1,0.997712145196173,6.077850191401829,1,0.9977121353149414,6.077853202819824
regularized_cssd,42,2,238,0,0,0.015025929023435008,-4.1828380065915916,0,0.015026615001261234,-4.182791709899902
regularized_cssd,42,2,11,1,1,0.963161521795543,3.263678223160231,1,0.9631616473197937,3.2636818885803223
regularized_cssd,42,2,161,1,1,0.9922445024062001,4.851567592289527,1,0.9922444224357605,4.851552486419678
regularized_cssd,42,2,200,1,1,0.5023834320571259,0.00953380044110308,1,0.5024031400680542,0.009612709283828735
regularized_cssd,42,2,139,0,0,0.09102516528598932,-2.3011813993206602,0,0.09102717787027359,-2.301156997680664
regularized_cssd,42,2,220,1,0,0.11284102073407105,-2.0620442668466246,0,0.11284004896879196,-2.062053918838501
regularized_cssd,42,2,302,1,1,0.9971496723108523,5.857466915054086,1,0.9971495270729065,5.857423782348633
regularized_cssd,42,2,208,0,0,0.002544574474325769,-5.971244026210714,0,0.002544654533267021,-5.971212387084961
regularized_cssd,42,2,165,1,1,0.9542174794097651,3.0369892395331943,1,0.9542168378829956,3.0369741916656494
regularized_cssd,42,2,235,0,0,0.0009941574058038407,-6.912620355997154,0,0.000994178932160139,-6.912598609924316
regularized_cssd,42,2,190,0,1,0.5204589812933231,0.08188164318398239,1,0.5204469561576843,0.08183351159095764
regularized_cssd,42,2,78,1,1,0.9352831540652603,2.670827784464173,1,0.9352801442146301,2.670778512954712
regularized_cssd,42,2,183,0,1,0.5432372404321053,0.17338200096122194,1,0.5432408452033997,0.17339664697647095
regularized_cssd,42,2,7,1,1,0.609158508351936,0.4437764246965292,1,0.609162449836731,0.44379308819770813
regularized_cssd,42,2,216,1,0,0.41129748336863553,-0.3586042344280167,0,0.4112941324710846,-0.3586181104183197
regularized_cssd,42,2,301,1,1,0.6104351951837331,0.44914190654733244,1,0.6104379892349243,0.4491535425186157
regularized_cssd,42,2,110,1,0,0.2819638439228483,-0.934741074755211,0,0.2819797396659851,-0.9346625804901123
regularized_cssd,42,2,4,0,1,0.603215249120167,0.418880152315932,1,0.603196918964386,0.41880372166633606
regularized_cssd,42,2,5,1,1,0.9919287077175495,4.811337633887678,1,0.991927981376648,4.811241626739502
regularized_cssd,42,2,205,1,1,0.566763052820582,0.2686565196703484,1,0.5667511224746704,0.26860785484313965
regularized_cssd,42,2,254,0,0,0.0036180028654196456,-5.618208536352162,0,0.0036179758608341217,-5.618216037750244
regularized_cssd,42,2,182,0,0,0.0058007986014192445,-5.143941992426061,0,0.005800394807010889,-5.144011974334717
regularized_cssd,42,2,223,1,1,0.6763029209747373,0.7368329464413038,1,0.6763047575950623,0.736841082572937
regularized_cssd,42,2,274,1,1,0.9816892712339382,3.981787674449388,1,0.9816885590553284,3.981745719909668
regularized_cssd,42,2,83,1,1,0.9827182995501127,4.040674342701456,1,0.9827187061309814,4.0406999588012695
regularized_cssd,42,2,36,1,1,0.9147267516849519,2.372764602144202,1,0.9147301912307739,2.3728079795837402
regularized_cssd,42,2,50,1,1,0.980231135397834,3.9036801911098453,1,0.9802312254905701,3.9036865234375
regularized_cssd,42,2,8,0,1,0.9077181292846276,2.286086194839632,1,0.9077204465866089,2.28611421585083
regularized_cssd,42,2,23,0,1,0.8391065670809841,1.6515954766925287,1,0.8391017317771912,1.651559591293335
regularized_cssd,42,2,310,0,0,0.0002737330837999852,-8.203083302525327,0,0.0002737480099312961,-8.203028678894043
regularized_cssd,42,2,0,0,0,0.02665497542885231,-3.597762789614815,0,0.026654642075300217,-3.59777569770813
regularized_cssd,42,2,226,1,1,0.8530412543521714,1.7586560046183246,1,0.8530386686325073,1.7586349248886108
regularized_cssd,42,2,206,1,1,0.7792093669956139,1.2610648830386644,1,0.7791987657546997,1.2610034942626953
regularized_cssd,42,2,22,1,1,0.8808165453357377,2.0001854278281246,1,0.8808181285858154,2.0002007484436035
regularized_cssd,42,2,58,1,0,0.21899052991516382,-1.2715587888699411,0,0.21898138523101807,-1.2716121673583984
regularized_cssd,42,2,287,1,0,0.48092190169918125,-0.07634945987364206,0,0.4809311330318451,-0.07631245255470276
regularized_cssd,42,2,197,1,1,0.996625101635847,5.68800946325671,1,0.9966251850128174,5.688019275665283
regularized_cssd,42,2,294,0,1,0.7414195331812853,1.0533597075748817,1,0.7414125204086304,1.0533230304718018
regularized_cssd,42,2,25,0,1,0.5420084267516002,0.1684307639070027,1,0.5420029163360596,0.16840843856334686
regularized_cssd,42,2,9,0,0,0.012524014128067409,-4.367504246832212,0,0.012523679062724113,-4.3675312995910645
regularized_cssd,42,2,126,0,0,0.004833491948609041,-5.327340890759736,0,0.0048338742926716805,-5.327261447906494
regularized_cssd,42,2,104,1,0,0.06307018576023143,-2.6983602086990355,0,0.06306686252355576,-2.6984164714813232
regularized_cssd,42,2,116,1,0,0.08446918486482105,-2.383117231201735,0,0.0844709724187851,-2.383094072341919
regularized_cssd,42,2,314,0,0,0.014122372801343609,-4.245771973186137,0,0.014123303815722466,-4.2457051277160645
regularized_cssd,42,2,52,0,0,0.34848976214497346,-0.6256842578702567,0,0.3485051095485687,-0.6256166696548462
regularized_cssd,42,2,172,0,1,0.7929136422721663,1.3425784223116954,1,0.7929126024246216,1.3425719738006592
regularized_cssd,42,2,189,0,0,0.054092827656207744,-2.8614428363580138,0,0.0540933758020401,-2.8614320755004883
regularized_cssd,42,2,308,0,0,0.007625093172953327,-4.868656424333883,0,0.007624850142747164,-4.868688583374023
regularized_cssd,42,2,167,0,0,0.001070003887367672,-6.8390224207108155,0,0.0010700378334149718,-6.838990688323975
regularized_cssd,42,2,306,0,0,0.14214689194679922,-1.7975719088401152,0,0.14214254915714264,-1.7976075410842896
regularized_cssd,42,2,103,0,0,0.04845191950398962,-2.9775182609243784,0,0.04845063015818596,-2.977546215057373
regularized_cssd,42,2,202,0,0,0.013182608621939328,-4.315586576267567,0,0.013182882219552994,-4.315565586090088
regularized_cssd,42,2,122,1,1,0.754148763480318,1.1208630241776905,1,0.7541471719741821,1.120854377746582
regularized_cssd,42,2,290,0,0,0.26497972343106196,-1.020244778296651,0,0.2649776339530945,-1.0202555656433105
regularized_cssd,42,2,201,0,0,0.02922772361197109,-3.5029742183455075,0,0.029226915910840034,-3.503002643585205
regularized_cssd,42,2,224,1,1,0.6774776879287047,0.7422043007051231,1,0.677467405796051,0.7421572208404541
regularized_cssd,42,2,163,1,1,0.9933457761796103,5.005827003108916,1,0.9933458566665649,5.005845069885254
regularized_cssd,42,2,307,0,0,0.06633980615811756,-2.644322442305651,0,0.06633933633565903,-2.6443300247192383
regularized_cssd,42,2,260,0,0,0.0714014402658625,-2.5653584836439154,0,0.07139722257852554,-2.5654220581054688
regularized_cssd,42,2,54,0,0,0.08425983530867708,-2.385827359445627,0,0.08426443487405777,-2.385767698287964
regularized_cssd,42,2,160,0,1,0.694792549542778,0.8226216003080669,1,0.6947935223579407,0.8226261138916016
regularized_cssd,42,2,298,1,1,0.9998712593756268,8.957582092561408,1,0.9998712539672852,8.957518577575684
regularized_cssd,42,2,248,1,1,0.9956661429384873,5.436954081700838,1,0.9956660270690918,5.4369330406188965
regularized_cssd,42,2,137,1,1,0.997584718233063,6.023521121738472,1,0.9975845813751221,6.023488521575928
shrinkage_lda,42,2,238,0,0,0.07531811074602018,-2.5077291544126012,0,0.07531733810901642,-2.5077402591705322
shrinkage_lda,42,2,11,1,1,0.7027054580040075,0.8602144540957354,1,0.7027067542076111,0.8602204918861389
shrinkage_lda,42,2,161,1,1,0.9790056647287161,3.842284776405381,1,0.9790047407150269,3.8422389030456543
shrinkage_lda,42,2,200,1,1,0.8645051453801862,1.8532235906491676,1,0.8645073771476746,1.8532425165176392
shrinkage_lda,42,2,139,0,0,0.013329980826038344,-4.304319960672815,0,0.013330225832760334,-4.3043012619018555
shrinkage_lda,42,2,220,1,0,0.25522870061614256,-1.070917182182014,0,0.25522491335868835,-1.070937156677246
shrinkage_lda,42,2,302,1,1,0.978118674613368,3.79999745588208,1,0.9781185984611511,3.799992322921753
shrinkage_lda,42,2,208,0,0,0.003806790304607035,-5.567154830058613,0,0.0038066960405558348,-5.5671796798706055
shrinkage_lda,42,2,165,1,1,0.9383890292549973,2.7233246551742343,1,0.9383897185325623,2.7233359813690186
shrinkage_lda,42,2,235,0,0,0.0018855956985088884,-6.2716241119050125,0,0.0018856198294088244,-6.271611213684082
shrinkage_lda,42,2,190,0,1,0.6906925999850396,0.8033592578021232,1,0.6906899809837341,0.8033469915390015
shrinkage_lda,42,2,78,1,1,0.9630951014606427,3.261807868353124,1,0.9630951881408691,3.2618086338043213
shrinkage_lda,42,2,183,0,0,0.4229662172679608,-0.31060850248100874,0,0.4229651391506195,-0.3106130063533783
shrinkage_lda,42,2,7,1,1,0.552414588204957,0.2104314461080793,1,0.552415668964386,0.21043580770492554
shrinkage_lda,42,2,216,1,0,0.31542658765379294,-0.7748699193895421,0,0.31542709469795227,-0.7748676538467407
shrinkage_lda,42,2,301,1,1,0.5748505031414956,0.30166914806993717,1,0.5748488903045654,0.3016624450683594
shrinkage_lda,42,2,110,1,0,0.11473694214774989,-2.0432427928054935,0,0.11473964154720306,-2.0432162284851074
shrinkage_lda,42,2,4,0,1,0.5249711956900174,0.09996795288545124,1,0.524974524974823,0.09998130798339844
shrinkage_lda,42,2,5,1,1,0.9843740089258713,4.143070292852852,1,0.984373927116394,4.143060684204102
shrinkage_lda,42,2,205,1,1,0.7468122388286039,1.0816824473991864,1,0.7468109726905823,1.0816755294799805
shrinkage_lda,42,2,254,0,0,0.0022890331262400915,-6.0773341092224085,0,0.002289039082825184,-6.07733154296875
shrinkage_lda,42,2,182,0,0,0.010668458725841028,-4.529737898669092,0,0.010668403469026089,-4.529743194580078
shrinkage_lda,42,2,223,1,1,0.7710213659965517,1.214087387330724,1,0.7710211277008057,1.2140860557556152
shrinkage_lda,42,2,274,1,1,0.9941083359553023,5.1283077125279375,1,0.9941082000732422,5.128274917602539
shrinkage_lda,42,2,83,1,1,0.9579860373657233,3.1268311963803574,1,0.9579858779907227,3.1268274784088135
shrinkage_lda,42,2,36,1,1,0.94799220420184,2.9029526522653764,1,0.9479928016662598,2.9029641151428223
shrinkage_lda,42,2,50,1,1,0.9849264964259177,4.179628543184532,1,0.9849264621734619,4.179629325866699
shrinkage_lda,42,2,8,0,1,0.9571443133869886,3.1061158317778252,1,0.9571443200111389,3.106116533279419
shrinkage_lda,42,2,23,0,1,0.7478954535178547,1.087419331711212,1,0.7478972673416138,1.0874290466308594
shrinkage_lda,42,2,310,0,0,0.0029781630790522776,-5.8134659783216245,0,0.002978256205096841,-5.813434600830078
shrinkage_lda,42,2,0,0,0,0.033089199319151844,-3.3748993232721682,0,0.033089086413383484,-3.3749029636383057
shrinkage_lda,42,2,226,1,1,0.8377582933521656,1.6416423864968268,1,0.8377557396888733,1.6416234970092773
shrinkage_lda,42,2,206,1,1,0.780623320856347,1.269302481445914,1,0.7806215882301331,1.2692925930023193
shrinkage_lda,42,2,22,1,1,0.9153187098203659,2.3803776392775235,1,0.9153186678886414,2.3803768157958984
shrinkage_lda,42,2,58,1,1,0.6294349124862515,0.5297933484567741,1,0.6294294595718384,0.5297699570655823
shrinkage_lda,42,2,287,1,0,0.08558878575147716,-2.3687261094674605,0,0.085589200258255,-2.368720769882202
shrinkage_lda,42,2,197,1,1,0.9953119342333895,5.358036108879138,1,0.9953118562698364,5.358033180236816
shrinkage_lda,42,2,294,0,1,0.8376211597854287,1.640633796642975,1,0.8376202583312988,1.640627145767212
shrinkage_lda,42,2,25,0,0,0.2893049031929171,-0.8987623403951133,0,0.2893029451370239,-0.8987718820571899
shrinkage_lda,42,2,9,0,0,0.014871627007759737,-4.193316790653192,0,0.014871715568006039,-4.193310737609863
shrinkage_lda,42,2,126,0,0,0.05656857272618089,-2.8140701042603617,0,0.05656929314136505,-2.814056634902954
shrinkage_lda,42,2,104,1,0,0.2944830270141964,-0.8737094608959193,0,0.29447928071022034,-0.8737275004386902
shrinkage_lda,42,2,116,1,0,0.35349455154360504,-0.6037135534680302,0,0.35349830985069275,-0.6036971211433411
shrinkage_lda,42,2,314,0,0,0.02188227822490529,-3.7999529369462772,0,0.021882155910134315,-3.7999587059020996
shrinkage_lda,42,2,52,0,0,0.3546515851241258,-0.5986544918711469,0,0.3546615540981293,-0.5986109972000122
shrinkage_lda,42,2,172,0,1,0.8867483144673154,2.0579485453106567,1,0.886748194694519,2.057947874069214
shrinkage_lda,42,2,189,0,0,0.018799999383131486,-3.954919475989274,0,0.018800219520926476,-3.9549076557159424
shrinkage_lda,42,2,308,0,0,0.0032427855882906915,-5.728074514266476,0,0.0032429134007543325,-5.728034973144531
shrinkage_lda,42,2,167,0,0,0.001595669431023768,-6.438864980958839,0,0.001595666748471558,-6.43886661529541
shrinkage_lda,42,2,306,0,0,0.36594719161709355,-0.5496432071557653,0,0.3659500777721405,-0.5496308207511902
shrinkage_lda,42,2,103,0,0,0.1099520256469936,-2.0912312248628724,0,0.10995300859212875,-2.0912210941314697
shrinkage_lda,42,2,202,0,0,0.03926018694690921,-3.1974926756670285,0,0.03925997391343117,-3.197498321533203
shrinkage_lda,42,2,122,1,1,0.7994954526403608,1.3831439179160532,1,0.799494743347168,1.3831393718719482
shrinkage_lda,42,2,290,0,0,0.372301674420464,-0.5223551993991786,0,0.3722992539405823,-0.5223655700683594
shrinkage_lda,42,2,201,0,0,0.03429525058534675,-3.3378512673814997,0,0.03429623693227768,-3.3378214836120605
shrinkage_lda,42,2,224,1,1,0.7209504294796962,0.9491809443107171,1,0.7209469676017761,0.9491637945175171
shrinkage_lda,42,2,163,1,1,0.9936248827322733,5.048957268060351,1,0.9936248064041138,5.048956871032715
shrinkage_lda,42,2,307,0,0,0.0823526708322804,-2.4108022549963524,0,0.08235178142786026,-2.410814046859741
shrinkage_lda,42,2,260,0,0,0.263493913249444,-1.0278872322036172,0,0.2634901702404022,-1.0279064178466797
shrinkage_lda,42,2,54,0,0,0.129315336629257,-1.907025980043093,0,0.12931491434574127,-1.9070297479629517
shrinkage_lda,42,2,160,0,1,0.5787216150900641,0.31752769702495254,1,0.5787255167961121,0.317543625831604
shrinkage_lda,42,2,298,1,1,0.9999223801710689,9.463610013113577,1,0.9999223947525024,9.463641166687012
shrinkage_lda,42,2,248,1,1,0.9814285799263957,3.96738540099469,1,0.9814282655715942,3.967366933822632
shrinkage_lda,42,2,137,1,1,0.9975528319302585,6.010373645603342,1,0.9975528120994568,6.010335922241211
regularized_cssd_shrinkage_lda,42,2,238,0,0,0.07650345353628954,-2.490831175936572,0,0.07650342583656311,-2.4908316135406494
regularized_cssd_shrinkage_lda,42,2,11,1,1,0.7043382978345472,0.8680428748057566,1,0.7043390870094299,0.8680466413497925
regularized_cssd_shrinkage_lda,42,2,161,1,1,0.9807223191464964,3.929341366256696,1,0.9807217121124268,3.929309129714966
regularized_cssd_shrinkage_lda,42,2,200,1,1,0.7876457032761576,1.3107922829044951,1,0.7876500487327576,1.3108184337615967
regularized_cssd_shrinkage_lda,42,2,139,0,0,0.01857345625541439,-3.967273691681303,0,0.018573762848973274,-3.967256784439087
regularized_cssd_shrinkage_lda,42,2,220,1,0,0.19532496657275264,-1.4157738439859813,0,0.19532203674316406,-1.415792465209961
regularized_cssd_shrinkage_lda,42,2,302,1,1,0.9775928374187383,3.7757125958498503,1,0.9775928854942322,3.775714635848999
regularized_cssd_shrinkage_lda,42,2,208,0,0,0.0057763734069927195,-5.148186110278898,0,0.005776274483650923,-5.148203372955322
regularized_cssd_shrinkage_lda,42,2,165,1,1,0.9396518944149463,2.7453799250068047,1,0.9396524429321289,2.745389223098755
regularized_cssd_shrinkage_lda,42,2,235,0,0,0.0016514171231604147,-6.404468714944041,0,0.001651431666687131,-6.4044599533081055
regularized_cssd_shrinkage_lda,42,2,190,0,1,0.7525905378973378,1.1124766001304187,1,0.7525871992111206,1.1124589443206787
regularized_cssd_shrinkage_lda,42,2,78,1,1,0.9417670851555981,2.7833072462996364,1,0.9417666792869568,2.7833006381988525
regularized_cssd_shrinkage_lda,42,2,183,0,0,0.34571681324887493,-0.6379202838821658,0,0.3457162380218506,-0.6379228234291077
regularized_cssd_shrinkage_lda,42,2,7,1,1,0.5895373898648084,0.36205330333986896,1,0.5895391702651978,0.3620605170726776
regularized_cssd_shrinkage_lda,42,2,216,1,0,0.3859449360021334,-0.46438989845961387,0,0.3859453797340393,-0.46438804268836975
regularized_cssd_shrinkage_lda,42,2,301,1,1,0.5901890706280226,0.36474703879166226,1,0.5901884436607361,0.3647443950176239
regularized_cssd_shrinkage_lda,42,2,110,1,0,0.08400208785943988,-2.389172431345056,0,0.08400428295135498,-2.389143943786621
regularized_cssd_shrinkage_lda,42,2,4,0,0,0.49251430145172787,-0.029945031647223397,0,0.49251866340637207,-0.029927529394626617
regularized_cssd_shrinkage_lda,42,2,5,1,1,0.978867181143385,3.8355687372901235,1,0.9788668751716614,3.8355541229248047
regularized_cssd_shrinkage_lda,42,2,205,1,1,0.7719962138778769,1.21961741109413,1,0.7719964981079102,1.2196191549301147
regularized_cssd_shrinkage_lda,42,2,254,0,0,0.0026974063886612684,-5.912763513488102,0,0.002697418909519911,-5.912758827209473
regularized_cssd_shrinkage_lda,42,2,182,0,0,0.007899261536894131,-4.833055374237723,0,0.007899212650954723,-4.833061695098877
regularized_cssd_shrinkage_lda,42,2,223,1,1,0.7932031871444859,1.3443426839302,1,0.7932030558586121,1.3443422317504883
regularized_cssd_shrinkage_lda,42,2,274,1,1,0.9945874239547446,5.213602858714464,1,0.9945873022079468,5.213573932647705
regularized_cssd_shrinkage_lda,42,2,83,1,1,0.9687104152627983,3.432680431997892,1,0.9687104225158691,3.4326822757720947
regularized_cssd_shrinkage_lda,42,2,36,1,1,0.9204090814526021,2.4479182272255207,1,0.9204099774360657,2.4479305744171143
regularized_cssd_shrinkage_lda,42,2,50,1,1,0.9848185378627178,4.172382311372313,1,0.9848185777664185,4.172387599945068
regularized_cssd_shrinkage_lda,42,2,8,0,1,0.9614004767890636,3.2151511270455577,1,0.9614003300666809,3.215146780014038
regularized_cssd_shrinkage_lda,42,2,23,0,1,0.6733429748834899,0.7233440531470448,1,0.6733453273773193,0.723354697227478
regularized_cssd_shrinkage_lda,42,2,310,0,0,0.001869062120379534,-6.280447702836344,0,0.0018691380973905325,-6.280406951904297
regularized_cssd_shrinkage_lda,42,2,0,0,0,0.03192437721773459,-3.4119403128726713,0,0.031924258917570114,-3.4119441509246826
regularized_cssd_shrinkage_lda,42,2,226,1,1,0.8904360595914265,2.095202987827446,1,0.8904343247413635,2.0951852798461914
regularized_cssd_shrinkage_lda,42,2,206,1,1,0.7853745922379375,1.297266572431567,1,0.7853736877441406,1.297261357307434
regularized_cssd_shrinkage_lda,42,2,22,1,1,0.8734190789469081,1.9315336894966837,1,0.8734192252159119,1.9315345287322998
regularized_cssd_shrinkage_lda,42,2,58,1,1,0.6293075894898315,0.5292475141237671,1,0.6293042302131653,0.5292332768440247
regularized_cssd_shrinkage_lda,42,2,287,1,0,0.11155824250184782,-2.0749222851554254,0,0.11155922710895538,-2.0749123096466064
regularized_cssd_shrinkage_lda,42,2,197,1,1,0.9948546476779749,5.264502798282599,1,0.9948545694351196,5.264503479003906
regularized_cssd_shrinkage_lda,42,2,294,0,1,0.8277443650357602,1.5697247456069428,1,0.8277433514595032,1.5697180032730103
regularized_cssd_shrinkage_lda,42,2,25,0,0,0.21612719484129198,-1.2883796694931897,0,0.21612568199634552,-1.2883886098861694
regularized_cssd_shrinkage_lda,42,2,9,0,0,0.021278833967770496,-3.828533918653916,0,0.021278953179717064,-3.8285281658172607
regularized_cssd_shrinkage_lda,42,2,126,0,0,0.03192305019872501,-3.411983252093049,0,0.031923409551382065,-3.4119715690612793
regularized_cssd_shrinkage_lda,42,2,104,1,0,0.25984300516997705,-1.0467846965024878,0,0.2598399817943573,-1.0468003749847412
regularized_cssd_shrinkage_lda,42,2,116,1,0,0.36268567047356315,-0.5637264492322606,0,0.36269035935401917,-0.5637061595916748
regularized_cssd_shrinkage_lda,42,2,314,0,0,0.03146588603347391,-3.426879729816343,0,0.031465932726860046,-3.4268782138824463
regularized_cssd_shrinkage_lda,42,2,52,0,0,0.39580127224018874,-0.42299091577520664,0,0.3958089351654053,-0.4229588210582733
regularized_cssd_shrinkage_lda,42,2,172,0,1,0.8851864931289343,2.0424892168716537,1,0.8851863145828247,2.042487621307373
regularized_cssd_shrinkage_lda,42,2,189,0,0,0.022565715235169734,-3.7684993322992923,0,0.022566035389900208,-3.7684848308563232
regularized_cssd_shrinkage_lda,42,2,308,0,0,0.003265595633424893,-5.721042163725292,0,0.0032657103147357702,-5.721006870269775
regularized_cssd_shrinkage_lda,42,2,167,0,0,0.0029327945400606297,-5.828862438952915,0,0.002932787174358964,-5.828865051269531
regularized_cssd_shrinkage_lda,42,2,306,0,0,0.3212367437914582,-0.7480940304874497,0,0.3212389349937439,-0.7480840086936951
regularized_cssd_shrinkage_lda,42,2,103,0,0,0.10179834241049845,-2.1774007849296395,0,0.10179949551820755,-2.1773881912231445
regularized_cssd_shrinkage_lda,42,2,202,0,0,0.05569870359935071,-2.830488413172656,0,0.05569843947887421,-2.830493450164795
regularized_cssd_shrinkage_lda,42,2,122,1,1,0.7088587094443535,0.8898475413190082,1,0.7088577747344971,0.8898429274559021
regularized_cssd_shrinkage_lda,42,2,290,0,0,0.45182827998508257,-0.19328639944307136,0,0.45182618498802185,-0.19329491257667542
regularized_cssd_shrinkage_lda,42,2,201,0,0,0.021276442580655405,-3.828648751717868,0,0.02127692848443985,-3.828625440597534
regularized_cssd_shrinkage_lda,42,2,224,1,1,0.73897167462219,1.0406306630937388,1,0.7389699220657349,1.0406217575073242
regularized_cssd_shrinkage_lda,42,2,163,1,1,0.9921684985973278,4.841738708674681,1,0.9921684861183167,4.841743469238281
regularized_cssd_shrinkage_lda,42,2,307,0,0,0.08284480494051731,-2.404307662588016,0,0.08284374326467514,-2.4043216705322266
regularized_cssd_shrinkage_lda,42,2,260,0,0,0.22481744917184848,-1.2378098151932047,0,0.22481386363506317,-1.237830400466919
regularized_cssd_shrinkage_lda,42,2,54,0,0,0.10916205395898328,-2.0993290204833817,0,0.10916219651699066,-2.099327564239502
regularized_cssd_shrinkage_lda,42,2,160,0,1,0.5285325529283783,0.11425433987370914,1,0.5285355448722839,0.11426635831594467
regularized_cssd_shrinkage_lda,42,2,298,1,1,0.999921718901924,9.45512610383172,1,0.9999216794967651,9.455157279968262
regularized_cssd_shrinkage_lda,42,2,248,1,1,0.9877303359385927,4.388279841670137,1,0.9877302050590515,4.388266563415527
regularized_cssd_shrinkage_lda,42,2,137,1,1,0.996796062397891,5.740165643763175,1,0.9967959523200989,5.740129470825195
toeplitz_lda,42,2,238,0,0,0.12667629338892716,-1.9306713234585255,0,0.1266755312681198,-1.930678129196167
toeplitz_lda,42,2,11,1,1,0.7348040713597943,1.0191349879399,1,0.7348039150238037,1.019134283065796
toeplitz_lda,42,2,161,1,1,0.9866187873433886,4.300432048504408,1,0.9866182208061218,4.300390243530273
toeplitz_lda,42,2,200,1,1,0.8094420602063557,1.4463889015425215,1,0.8094463348388672,1.4464166164398193
toeplitz_lda,42,2,139,0,0,0.01349917948622575,-4.291535252405434,0,0.01349948812276125,-4.2915120124816895
toeplitz_lda,42,2,220,1,0,0.19764928081383165,-1.401051666943971,0,0.19764584302902222,-1.4010733366012573
toeplitz_lda,42,2,302,1,1,0.9822514802474468,4.013545247212496,1,0.9822513461112976,4.01353645324707
toeplitz_lda,42,2,208,0,0,0.002269050311714438,-6.086122271404189,0,0.002269010990858078,-6.086139678955078
toeplitz_lda,42,2,165,1,1,0.8566535521286276,1.7877691676937675,1,0.8566541075706482,1.787773609161377
toeplitz_lda,42,2,235,0,0,0.0013706537602816472,-6.59109586171327,0,0.0013706706231459975,-6.591083526611328
toeplitz_lda,42,2,190,0,1,0.7167289420327234,0.9282934832898966,1,0.7167254686355591,0.9282762408256531
toeplitz_lda,42,2,78,1,1,0.9375645426024003,2.7091522593964985,1,0.9375641942024231,2.709146738052368
toeplitz_lda,42,2,183,0,0,0.45994988553466726,-0.16054440075926882,0,0.459949791431427,-0.16054479777812958
toeplitz_lda,42,2,7,1,1,0.5458690855152555,0.1839936625067613,1,0.5458707213401794,0.18400023877620697
toeplitz_lda,42,2,216,1,1,0.5261828085774537,0.10482712198192307,1,0.5261837244033813,0.10483087599277496
toeplitz_lda,42,2,301,1,1,0.5700376807228066,0.2820048899149056,1,0.5700374841690063,0.28200411796569824
toeplitz_lda,42,2,110,1,0,0.1001379570427231,-2.195692660289504,0,0.10014141350984573,-2.1956543922424316
toeplitz_lda,42,2,4,0,0,0.48022499497452215,-0.07914130168988043,0,0.48022714257240295,-0.07913275063037872
toeplitz_lda,42,2,5,1,1,0.9858577646639629,4.24434635531825,1,0.9858574867248535,4.244325637817383
toeplitz_lda,42,2,205,1,1,0.7385041032829237,1.0382080661441953,1,0.738501787185669,1.038196086883545
toeplitz_lda,42,2,254,0,0,0.0013840150630830379,-6.581381564418827,0,0.00138401600997895,-6.581380844116211
toeplitz_lda,42,2,182,0,0,0.012322792723700092,-4.38390531654698,0,0.012322652153670788,-4.383916854858398
toeplitz_lda,42,2,223,1,1,0.7368978693014141,1.0299070198838542,1,0.7368986010551453,1.0299105644226074
toeplitz_lda,42,2,274,1,1,0.980883078474785,3.9378793798371676,1,0.9808823466300964,3.937839984893799
toeplitz_lda,42,2,83,1,1,0.9375724335281176,2.7092870690836657,1,0.9375724792480469,2.709286689758301
toeplitz_lda,42,2,36,1,1,0.8871903951216723,2.0623581248504275,1,0.8871913552284241,2.0623679161071777
toeplitz_lda,42,2,50,1,1,0.9843496311375872,4.141486663947484,1,0.98434978723526,4.141491889953613
toeplitz_lda,42,2,8,0,1,0.9225563807624275,2.477598313506138,1,0.9225569367408752,2.4776053428649902
toeplitz_lda,42,2,23,0,1,0.5366321372093472,0.14679156794829795,1,0.5366337895393372,0.14679817855358124
toeplitz_lda,42,2,310,0,0,0.0008923000587686736,-7.020815394800717,0,0.0008923319401219487,-7.020779609680176
toeplitz_lda,42,2,0,0,0,0.04135308332108272,-3.1433758433430192,0,0.04135272279381752,-3.1433849334716797
toeplitz_lda,42,2,226,1,1,0.7041377770821802,0.8670801602457434,1,0.7041345238685608,0.8670645952224731
toeplitz_lda,42,2,206,1,1,0.7675446401421379,1.1944984348400045,1,0.7675414681434631,1.1944806575775146
toeplitz_lda,42,2,22,1,1,0.9599091152423801,3.175689612662219,1,0.9599093198776245,3.1756954193115234
toeplitz_lda,42,2,58,1,1,0.6306075140639211,0.534823936485689,1,0.6306004524230957,0.534793496131897
toeplitz_lda,42,2,287,1,0,0.04754586259388324,-2.9973471826265055,0,0.04754628613591194,-2.997337818145752
toeplitz_lda,42,2,197,1,1,0.9944027429227842,5.179865628456225,1,0.9944028258323669,5.179866790771484
toeplitz_lda,42,2,294,0,1,0.7989729539536669,1.3798876388716226,1,0.7989708781242371,1.3798747062683105
toeplitz_lda,42,2,25,0,0,0.2370176966201764,-1.169100029911157,0,0.23701602220535278,-1.1691092252731323
toeplitz_lda,42,2,9,0,0,0.00751007254555107,-4.883971738259627,0,0.007510086987167597,-4.883969783782959
toeplitz_lda,42,2,126,0,0,0.07245521250025476,-2.549572469373193,0,0.07245674729347229,-2.5495495796203613
toeplitz_lda,42,2,104,1,0,0.16588436514304145,-1.6150810935579196,0,0.16588065028190613,-1.6151078939437866
toeplitz_lda,42,2,116,1,0,0.23168133853798736,-1.1988416841593093,0,0.23168615996837616,-1.1988146305084229
toeplitz_lda,42,2,314,0,0,0.026243505092520054,-3.6137427337814074,0,0.026243405416607857,-3.6137466430664062
toeplitz_lda,42,2,52,0,0,0.3416185483809196,-0.6560897180837539,0,0.34162798523902893,-0.6560478210449219
toeplitz_lda,42,2,172,0,1,0.8290813404670117,1.579130501012404,1,0.8290814757347107,1.5791312456130981
toeplitz_lda,42,2,189,0,0,0.022578813729436424,-3.767905639751568,0,0.022579044103622437,-3.767895221710205
toeplitz_lda,42,2,308,0,0,0.003420429035189046,-5.674562994814182,0,0.00342055456712842,-5.674526214599609
toeplitz_lda,42,2,167,0,0,0.001040666043887799,-6.866853136086639,0,0.0010406678775325418,-6.866851329803467
toeplitz_lda,42,2,306,0,0,0.1871758321877295,-1.4684663562552784,0,0.18717636168003082,-1.4684628248214722
toeplitz_lda,42,2,103,0,0,0.0728708048266191,-2.5434048486619494,0,0.07287108153104782,-2.543400764465332
toeplitz_lda,42,2,202,0,0,0.06226588511113429,-2.7120527639177237,0,0.06226518377661705,-2.712064743041992
toeplitz_lda,42,2,122,1,1,0.7131012273804351,0.9104939393218938,1,0.7131012678146362,0.9104940891265869
toeplitz_lda,42,2,290,0,0,0.3435696053300636,-0.6474269365085423,0,0.3435681164264679,-0.6474335193634033
toeplitz_lda,42,2,201,0,0,0.0522913465764011,-2.8972162274568785,0,0.05229268968105316,-2.897189140319824
toeplitz_lda,42,2,224,1,1,0.5369750906638874,0.1481708548311399,1,0.5369714498519897,0.14815615117549896
toeplitz_lda,42,2,163,1,1,0.9939518317566234,5.101933289976086,1,0.9939518570899963,5.101933002471924
toeplitz_lda,42,2,307,0,0,0.05815183389693328,-2.784786663286339,0,0.058150798082351685,-2.7848055362701416
toeplitz_lda,42,2,260,0,0,0.14211409524504087,-1.797840889885509,0,0.14211104810237885,-1.797865867614746
toeplitz_lda,42,2,54,0,0,0.18807915651053733,-1.4625399325384238,0,0.1880803257226944,-1.4625322818756104
toeplitz_lda,42,2,160,0,0,0.44247438579702625,-0.23112586946943237,0,0.44247815012931824,-0.23111046850681305
toeplitz_lda,42,2,298,1,1,0.9999761767148847,10.644823265813708,1,0.9999761581420898,10.644847869873047
toeplitz_lda,42,2,248,1,1,0.9773527138868929,3.76480757783178,1,0.9773523211479187,3.764787435531616
toeplitz_lda,42,2,137,1,1,0.9968400651568712,5.754038932879158,1,0.9968400001525879,5.754000663757324
baseline_cssd_lda,42,3,152,0,0,0.4617172618876494,-0.1534312411562382,0,0.461713582277298,-0.1534460186958313
baseline_cssd_lda,42,3,156,0,0,0.11238384290236564,-2.066619213315291,0,0.1123790591955185,-2.066667079925537
baseline_cssd_lda,42,3,237,1,1,0.9419632642895257,2.7868900918783517,1,0.9419629573822021,2.7868845462799072
baseline_cssd_lda,42,3,186,0,0,0.13222612521325486,-1.8814176410491985,0,0.13222160935401917,-1.881456971168518
baseline_cssd_lda,42,3,101,1,1,0.9725901763661015,3.569061321610974,1,0.9725895524024963,3.5690364837646484
baseline_cssd_lda,42,3,258,0,1,0.5749268201966942,0.3019814216005069,1,0.5749213099479675,0.3019590377807617
baseline_cssd_lda,42,3,134,0,1,0.6265420796313673,0.5174106030682578,1,0.626543402671814,0.51741623878479
baseline_cssd_lda,42,3,81,1,0,0.4791123831895088,-0.08359912145838501,0,0.4791173040866852,-0.08357938379049301
baseline_cssd_lda,42,3,40,0,0,0.24961750891289508,-1.1006532827235276,0,0.24961407482624054,-1.100671648979187
baseline_cssd_lda,42,3,60,1,1,0.8697676800082195,1.8989062091218012,1,0.8697629570960999,1.8988641500473022
baseline_cssd_lda,42,3,154,1,1,0.7700389574895264,1.208531193522659,1,0.7700378894805908,1.2085251808166504
baseline_cssd_lda,42,3,14,1,1,0.9662441886822186,3.354263995893578,1,0.9662432670593262,3.3542368412017822
baseline_cssd_lda,42,3,312,0,0,0.0015554433266734865,-6.464438022159776,0,0.0015555026475340128,-6.464399814605713
baseline_cssd_lda,42,3,304,1,1,0.9971338239793867,5.85190624327101,1,0.9971338510513306,5.851927757263184
baseline_cssd_lda,42,3,106,1,1,0.7132118480801479,0.9110347018397583,1,0.7132017016410828,0.9109852313995361
baseline_cssd_lda,42,3,232,1,0,0.35829385962194465,-0.5827769870028361,0,0.3582916855812073,-0.5827865600585938
baseline_cssd_lda,42,3,55,0,0,0.4349227441963437,-0.26179404196722833,0,0.4349214434623718,-0.26179933547973633
baseline_cssd_lda,42,3,35,1,1,0.9977975834893651,6.115995262111218,1,0.9977976083755493,6.1159749031066895
baseline_cssd_lda,42,3,89,1,1,0.6733987889459546,0.723597819713761,1,0.6734079718589783,0.7236396670341492
baseline_cssd_lda,42,3,277,1,1,0.9894614419263362,4.542120068454495,1,0.9894611239433289,4.5420942306518555
baseline_cssd_lda,42,3,32,1,1,0.6108284529871357,0.4507959141076093,1,0.6108280420303345,0.4507943391799927
baseline_cssd_lda,42,3,250,1,0,0.09642808052630158,-2.2375582568654053,0,0.09642811864614487,-2.237557888031006
baseline_cssd_lda,42,3,233,1,1,0.8041003923928708,1.4121218056220288,1,0.8041024208068848,1.4121347665786743
baseline_cssd_lda,42,3,268,1,1,0.866102068371942,1.8669249580400404,1,0.866104006767273,1.8669414520263672
baseline_cssd_lda,42,3,51,0,1,0.6475508737466553,0.6082910708289208,1,0.6475447416305542,0.6082643270492554
baseline_cssd_lda,42,3,215,0,0,0.02067559611401782,-3.8579088770458085,0,0.02067549340426922,-3.8579139709472656
baseline_cssd_lda,42,3,153,0,0,0.09592483233382049,-2.2433476187653607,0,0.09592094272375107,-2.2433924674987793
baseline_cssd_lda,42,3,80,0,0,0.2547340256410419,-1.0735212031127943,0,0.2547450661659241,-1.073462963104248
baseline_cssd_lda,42,3,117,0,0,0.0001859221979852361,-8.589996322677203,0,0.00018591704429127276,-8.5900239944458
baseline_cssd_lda,42,3,239,0,0,0.20731801687410298,-1.341168183350006,0,0.207314595580101,-1.3411890268325806
baseline_cssd_lda,42,3,210,1,1,0.9924224507376591,4.874959043169281,1,0.9924224019050598,4.8749542236328125
baseline_cssd_lda,42,3,85,1,1,0.793781766199106,1.3478735743966779,1,0.7937856316566467,1.347896933555603
baseline_cssd_lda,42,3,195,0,0,0.27280869093945126,-0.9804188078106946,0,0.2727956771850586,-0.9804844260215759
baseline_cssd_lda,42,3,198,0,0,0.00017492911376126564,-8.650954785907128,0,0.00017491303151473403,-8.651046752929688
baseline_cssd_lda,42,3,282,0,0,0.35945205676982683,-0.5777431639488775,0,0.35945525765419006,-0.5777292251586914
baseline_cssd_lda,42,3,132,1,1,0.899725796445724,2.1941815772774014,1,0.8997248411178589,2.1941709518432617
baseline_cssd_lda,42,3,207,0,0,0.0035496433628931477,-5.63735218340307,0,0.003549502696841955,-5.637392044067383
baseline_cssd_lda,42,3,247,1,1,0.9820165919016121,4.000158643750841,1,0.9820169806480408,4.000178813934326
baseline_cssd_lda,42,3,87,1,0,0.09615122167406312,-2.24073988791375,0,0.09614970535039902,-2.240757465362549
baseline_cssd_lda,42,3,53,1,1,0.8970551587467226,2.1649240296656993,1,0.8970550894737244,2.164923906326294
baseline_cssd_lda,42,3,127,0,0,0.28855771370681854,-0.9023991852477558,0,0.28853967785835266,-0.9024870991706848
baseline_cssd_lda,42,3,100,1,1,0.9395179470137449,2.7430202452261847,1,0.9395178556442261,2.7430176734924316
baseline_cssd_lda,42,3,143,1,1,0.7784760544253341,1.2568075421211207,1,0.7784863710403442,1.2568674087524414
baseline_cssd_lda,42,3,240,0,0,0.06371930306008886,-2.687427773968481,0,0.06372702866792679,-2.68729829788208
baseline_cssd_lda,42,3,271,0,1,0.6107921710610756,0.45064329017168525,1,0.610794186592102,0.45065170526504517
baseline_cssd_lda,42,3,243,0,1,0.801980429714343,1.3987183400795924,1,0.8019865155220032,1.398756742477417
baseline_cssd_lda,42,3,30,0,1,0.8646593368878441,1.854540568778707,1,0.8646596670150757,1.8545434474945068
baseline_cssd_lda,42,3,93,0,0,0.13061934459833746,-1.895493740950594,0,0.13061828911304474,-1.895503044128418
baseline_cssd_lda,42,3,20,0,0,0.00488135448809209,-5.317439231382437,0,0.004881248343735933,-5.317461013793945
baseline_cssd_lda,42,3,270,1,1,0.9297494072139604,2.582846348815548,1,0.9297478199005127,2.582822799682617
baseline_cssd_lda,42,3,276,0,0,0.03494575124308917,-3.3183874215186657,0,0.0349452830851078,-3.318401336669922
baseline_cssd_lda,42,3,185,0,0,0.0010412299593436582,-6.866310838981383,0,0.001041191047988832,-6.8663482666015625
baseline_cssd_lda,42,3,180,0,0,0.053450345072500544,-2.8740703374605916,0,0.053453173488378525,-2.874014377593994
baseline_cssd_lda,42,3,142,1,1,0.943959181911732,2.824002606056389,1,0.943960428237915,2.8240249156951904
baseline_cssd_lda,42,3,63,1,1,0.7832381212078943,1.284637345413646,1,0.7832326889038086,1.284605622291565
baseline_cssd_lda,42,3,293,1,1,0.9955051644313863,5.400321224966229,1,0.9955054521560669,5.400387287139893
baseline_cssd_lda,42,3,47,1,1,0.612635091361961,0.4584023102845967,1,0.6126242876052856,0.45835673809051514
baseline_cssd_lda,42,3,149,0,0,0.03094766547847875,-3.4440210517459837,0,0.030947336927056313,-3.4440319538116455
baseline_cssd_lda,42,3,144,1,1,0.8308366377645288,1.5915683019355282,1,0.8308374881744385,1.5915745496749878
baseline_cssd_lda,42,3,184,0,0,0.00315799767630431,-5.754654104287321,0,0.0031584245152771473,-5.754518508911133
baseline_cssd_lda,42,3,199,0,1,0.5255267616038607,0.10219589813010416,1,0.5255319476127625,0.10221676528453827
baseline_cssd_lda,42,3,131,1,1,0.9550257601891614,3.055648436925999,1,0.955024778842926,3.0556247234344482
baseline_cssd_lda,42,3,305,0,0,0.012516719938207419,-4.3680942194674355,0,0.012516363523900509,-4.3681230545043945
regularized_cssd,42,3,152,0,1,0.6536037423245906,0.6349178960877526,1,0.6536095142364502,0.6349433064460754
regularized_cssd,42,3,156,0,0,0.0518309999867248,-2.906544330818371,0,0.05182957649230957,-2.9065732955932617
regularized_cssd,42,3,237,1,1,0.9539680298185496,3.031294000135887,1,0.9539681077003479,3.031296968460083
regularized_cssd,42,3,186,0,0,0.14250401122067652,-1.7946463529912249,0,0.14250193536281586,-1.794663429260254
regularized_cssd,42,3,101,1,1,0.9844021925638335,4.144904190410417,1,0.9844014048576355,4.144855976104736
regularized_cssd,42,3,258,0,0,0.43029575869746517,-0.28064456808017324,0,0.43028542399406433,-0.2806866466999054
regularized_cssd,42,3,134,0,1,0.6648118729228357,0.6848121552058858,1,0.664810836315155,0.6848075985908508
regularized_cssd,42,3,81,1,0,0.4085329172848144,-0.3700335394239435,0,0.40853649377822876,-0.3700188398361206
regularized_cssd,42,3,40,0,0,0.2345448687827535,-1.182823692009592,0,0.23454426229000092,-1.182827115058899
regularized_cssd,42,3,60,1,1,0.8933917553256906,2.125864329549598,1,0.8933889865875244,2.125835657119751
regularized_cssd,42,3,154,1,1,0.7999931362055527,1.3862514629566711,1,0.8000019192695618,1.3863062858581543
regularized_cssd,42,3,14,1,1,0.973174157094303,3.5911973455723967,1,0.9731734395027161,3.591169595718384
regularized_cssd,42,3,312,0,0,0.0010430352322156379,-6.8645767442730055,0,0.001043057069182396,-6.864555835723877
regularized_cssd,42,3,304,1,1,0.9961404344499166,5.553333620738517,1,0.9961405396461487,5.553347587585449
regularized_cssd,42,3,106,1,1,0.6744175430925211,0.7282336658385222,1,0.6744027733802795,0.7281662821769714
regularized_cssd,42,3,232,1,0,0.3521053136451174,-0.6097978447444625,0,0.3521062731742859,-0.6097936630249023
regularized_cssd,42,3,55,0,0,0.46507828923571914,-0.13991464580443636,0,0.46507298946380615,-0.13993598520755768
regularized_cssd,42,3,35,1,1,0.9978247650929428,6.128441012861801,1,0.9978247880935669,6.1284332275390625
regularized_cssd,42,3,89,1,1,0.7775266807728154,1.251310778740721,1,0.7775344848632812,1.2513556480407715
regularized_cssd,42,3,277,1,1,0.9953224170891307,5.360285217469901,1,0.9953225255012512,5.360298156738281
regularized_cssd,42,3,32,1,1,0.6418318022202567,0.5833235767860491,1,0.6418274641036987,0.583304762840271
regularized_cssd,42,3,250,1,0,0.15044465737029986,-1.731117794840867,0,0.15044116973876953,-1.7311451435089111
regularized_cssd,42,3,233,1,1,0.7895336261218493,1.322116528141444,1,0.7895330786705017,1.322113275527954
regularized_cssd,42,3,268,1,1,0.8386532228025945,1.6482413546663612,1,0.8386549353599548,1.6482539176940918
regularized_cssd,42,3,51,0,1,0.7007849026171747,0.8510382923265286,1,0.7007864713668823,0.8510456681251526
regularized_cssd,42,3,215,0,0,0.024517181720935446,-3.6835583801721037,0,0.024516455829143524,-3.683588743209839
regularized_cssd,42,3,153,0,0,0.08666114525194928,-2.3551013243537318,0,0.08665680885314941,-2.355156183242798
regularized_cssd,42,3,80,0,0,0.21253258684352305,-1.3097266632653897,0,0.21254050731658936,-1.309679388999939
regularized_cssd,42,3,117,0,0,8.14868428370748e-05,-9.41498749816874,0,8.148722554324195e-05,-9.414982795715332
regularized_cssd,42,3,239,0,0,0.2088871362091258,-1.331646554568993,0,0.20887282490730286,-1.3317331075668335
regularized_cssd,42,3,210,1,1,0.995342034401453,5.364507645277177,1,0.9953420162200928,5.3645124435424805
regularized_cssd,42,3,85,1,1,0.7558885158111124,1.130268876088506,1,0.755892276763916,1.1302893161773682
regularized_cssd,42,3,195,0,0,0.25793873359966346,-1.056709718977444,0,0.2579329311847687,-1.0567400455474854
regularized_cssd,42,3,198,0,0,0.00021278022848769535,-8.455037913185922,0,0.0002127759507857263,-8.455058097839355
regularized_cssd,42,3,282,0,0,0.19469167781821423,-1.4198080451609418,0,0.19469305872917175,-1.4197992086410522
regularized_cssd,42,3,132,1,1,0.9490350217242735,2.9243070053864346,1,0.9490336179733276,2.924278974533081
regularized_cssd,42,3,207,0,0,0.0025035239892409,-5.987549280913365,0,0.0025034358259290457,-5.987584590911865
regularized_cssd,42,3,247,1,1,0.9810774263497563,3.9482957999952175,1,0.9810774922370911,3.9482994079589844
regularized_cssd,42,3,87,1,0,0.1062830989102204,-2.1292827811292256,0,0.10628126561641693,-2.1293020248413086
regularized_cssd,42,3,53,1,1,0.8560702809398526,1.7830273583204719,1,0.8560740351676941,1.783057689666748
regularized_cssd,42,3,127,0,0,0.25126045271550157,-1.0919011277554986,0,0.25124841928482056,-1.0919650793075562
regularized_cssd,42,3,100,1,1,0.9430640452276694,2.807207161156627,1,0.9430648684501648,2.8072214126586914
regularized_cssd,42,3,143,1,1,0.7727209269549262,1.2237392984038884,1,0.7727271914482117,1.2237749099731445
regularized_cssd,42,3,240,0,0,0.050477055920779786,-2.934440799504759,0,0.05048172175884247,-2.9343433380126953
regularized_cssd,42,3,271,0,1,0.5964740239113853,0.3907948305202402,1,0.5964860916137695,0.3908449709415436
regularized_cssd,42,3,243,0,1,0.7624474666521784,1.16614481785567,1,0.7624528408050537,1.1661745309829712
regularized_cssd,42,3,30,0,1,0.8539311216016433,1.7657722563619416,1,0.8539283871650696,1.7657500505447388
regularized_cssd,42,3,93,0,0,0.14845764220734614,-1.74674956388382,0,0.14846083521842957,-1.7467243671417236
regularized_cssd,42,3,20,0,0,0.0031574039594079962,-5.754842721781978,0,0.003157339058816433,-5.754863262176514
regularized_cssd,42,3,270,1,1,0.9144966239798554,2.369817915388401,1,0.9144943356513977,2.36978816986084
regularized_cssd,42,3,276,0,0,0.025377532028885447,-3.6481859669010794,0,0.025376582518219948,-3.648224353790283
regularized_cssd,42,3,185,0,0,0.000593713274576533,-7.428520168281112,0,0.0005936962552368641,-7.428548812866211
regularized_cssd,42,3,180,0,0,0.0442080479171671,-3.073633413940593,0,0.04420987144112587,-3.0735902786254883
regularized_cssd,42,3,142,1,1,0.8893511048866866,2.0841300201462327,1,0.8893469572067261,2.0840883255004883
regularized_cssd,42,3,63,1,1,0.8008941517189202,1.3918922089412358,1,0.8008891344070435,1.3918606042861938
regularized_cssd,42,3,293,1,1,0.9965481335215013,5.665382348055296,1,0.9965481162071228,5.6653852462768555
regularized_cssd,42,3,47,1,1,0.5275311376295149,0.11023604727233366,1,0.5275172591209412,0.11018037050962448
regularized_cssd,42,3,149,0,0,0.015204642037420453,-4.170833082746983,0,0.015204155817627907,-4.170865535736084
regularized_cssd,42,3,144,1,1,0.8611603209780107,1.8249608111850923,1,0.8611637353897095,1.8249889612197876
regularized_cssd,42,3,184,0,0,0.0029529410678281335,-5.821996323531504,0,0.0029531451873481274,-5.821927070617676
regularized_cssd,42,3,199,0,0,0.38109999181970006,-0.4848819355479535,0,0.38110092282295227,-0.4848780333995819
regularized_cssd,42,3,131,1,1,0.9377071380378814,2.711590836697456,1,0.9377071261405945,2.7115907669067383
regularized_cssd,42,3,305,0,0,0.007007029222050646,-4.953809765458697,0,0.007006776984781027,-4.953845977783203
shrinkage_lda,42,3,152,0,0,0.12975555228665855,-1.903121833245386,0,0.12975585460662842,-1.9031190872192383
shrinkage_lda,42,3,156,0,0,0.09135973955886453,-2.2971443675658145,0,0.09135986864566803,-2.297142744064331
shrinkage_lda,42,3,237,1,1,0.8536008576118721,1.763126961181521,1,0.8536012768745422,1.763130784034729
shrinkage_lda,42,3,186,0,0,0.4464872164409393,-0.21487407842769188,0,0.4464852809906006,-0.21488189697265625
shrinkage_lda,42,3,101,1,1,0.9942061465498735,5.145146970407167,1,0.9942060708999634,5.1451334953308105
shrinkage_lda,42,3,258,0,0,0.08448994557434128,-2.3828488064985898,0,0.08448947221040726,-2.38285493850708
shrinkage_lda,42,3,134,0,1,0.5638025863609668,0.2566092415933665,1,0.5638015270233154,0.25660499930381775
shrinkage_lda,42,3,81,1,1,0.6196126040479165,0.48790425411667626,1,0.6196112632751465,0.4878985583782196
shrinkage_lda,42,3,40,0,0,0.1212648390132424,-1.9805066505370406,0,0.12126470357179642,-1.9805079698562622
shrinkage_lda,42,3,60,1,1,0.7047083514584782,0.8698205242643358,1,0.7047081589698792,0.8698198795318604
shrinkage_lda,42,3,154,1,1,0.7936117115213066,1.3468350231923654,1,0.7936092615127563,1.3468199968338013
shrinkage_lda,42,3,14,1,1,0.9465408425350081,2.8738961703529,1,0.9465407729148865,2.8738961219787598
shrinkage_lda,42,3,312,0,0,0.0011319856315062829,-6.782649365486196,0,0.0011319821933284402,-6.782652378082275
shrinkage_lda,42,3,304,1,1,0.9993261869784795,7.301883861545203,1,0.999326229095459,7.301892280578613
shrinkage_lda,42,3,106,1,1,0.5984442755750826,0.3989870995009246,1,0.598448634147644,0.39900514483451843
shrinkage_lda,42,3,232,1,0,0.4290601771872498,-0.28568663272825096,0,0.42905670404434204,-0.28570085763931274
shrinkage_lda,42,3,55,0,0,0.2354508201243623,-1.1777842928601985,0,0.23545195162296295,-1.1777780055999756
shrinkage_lda,42,3,35,1,1,0.9964984414575881,5.6510394084234665,1,0.9964984655380249,5.651040077209473
shrinkage_lda,42,3,89,1,0,0.4854869037264719,-0.05806869676965337,0,0.48548781871795654,-0.0580650195479393
shrinkage_lda,42,3,277,1,1,0.9814273119349705,3.9673158348465583,1,0.9814274907112122,3.9673256874084473
shrinkage_lda,42,3,32,1,1,0.9344013975403225,2.656351715973374,1,0.9344015121459961,2.65635347366333
shrinkage_lda,42,3,250,1,0,0.25631486541169557,-1.065211107323839,0,0.25631311535835266,-1.0652203559875488
shrinkage_lda,42,3,233,1,1,0.67324014999095,0.7228766035989154,1,0.6732392311096191,0.7228724956512451
shrinkage_lda,42,3,268,1,1,0.8865315815695537,2.055792203399527,1,0.8865348100662231,2.0558247566223145
shrinkage_lda,42,3,51,0,1,0.8719025436191019,1.9178863035642417,1,0.8719019889831543,1.9178810119628906
shrinkage_lda,42,3,215,0,0,0.25427665719895365,-1.0759318014266932,0,0.25427618622779846,-1.0759342908859253
shrinkage_lda,42,3,153,0,0,0.026649438511623425,-3.597976225189199,0,0.02664932794868946,-3.597980499267578
shrinkage_lda,42,3,80,0,0,0.22038585576252914,-1.2634192104973732,0,0.22038722038269043,-1.263411283493042
shrinkage_lda,42,3,117,0,0,6.459099646802725e-05,-9.647370937366508,0,6.459048017859459e-05,-9.647378921508789
shrinkage_lda,42,3,239,0,0,0.07096134024301837,-2.5720151271998644,0,0.07096047699451447,-2.572028160095215
shrinkage_lda,42,3,210,1,1,0.9554604072640425,3.065814808148546,1,0.9554604291915894,3.0658140182495117
shrinkage_lda,42,3,85,1,1,0.8112600579010394,1.458218566154047,1,0.811261773109436,1.458229660987854
shrinkage_lda,42,3,195,0,0,0.2571198981193928,-1.0609921556628124,0,0.25711625814437866,-1.0610111951828003
shrinkage_lda,42,3,198,0,0,7.015795266673405e-05,-9.564691230831109,0,7.015712617430836e-05,-9.564702987670898
shrinkage_lda,42,3,282,0,0,0.3108530772077012,-0.7961341089090657,0,0.31084856390953064,-0.7961552143096924
shrinkage_lda,42,3,132,1,1,0.5662174270509391,0.26643472659316647,1,0.5662181377410889,0.26643750071525574
shrinkage_lda,42,3,207,0,0,0.00227432337163529,-6.083795776305371,0,0.0022743139415979385,-6.083799839019775
shrinkage_lda,42,3,247,1,1,0.9800573745695857,3.894751693043381,1,0.9800577163696289,3.894766330718994
shrinkage_lda,42,3,87,1,0,0.34049363609621697,-0.6610951861636084,0,0.34049373865127563,-0.6610947251319885
shrinkage_lda,42,3,53,1,1,0.9321958882856455,2.6209201353027254,1,0.9321956634521484,2.620917320251465
shrinkage_lda,42,3,127,0,0,0.09736614201611543,-2.2268384659935423,0,0.09736650437116623,-2.226834297180176
shrinkage_lda,42,3,100,1,1,0.9674877194967745,3.3930848521951162,1,0.9674878120422363,3.3930888175964355
shrinkage_lda,42,3,143,1,1,0.7244279976306689,0.9665334286103149,1,0.7244312763214111,0.9665499329566956
shrinkage_lda,42,3,240,0,0,0.3513327285030067,-0.6131861875949869,0,0.3513360917568207,-0.613171398639679
shrinkage_lda,42,3,271,0,1,0.6297665634886809,0.531215500387288,1,0.6297677159309387,0.531220555305481
shrinkage_lda,42,3,243,0,1,0.6157117220043239,0.471385875353199,1,0.6157153248786926,0.4714012145996094
shrinkage_lda,42,3,30,0,1,0.7406405008851576,1.0493002268193536,1,0.7406409978866577,1.0493029356002808
shrinkage_lda,42,3,93,0,0,0.19880884999535015,-1.3937557474945128,0,0.19881029427051544,-1.3937466144561768
shrinkage_lda,42,3,20,0,0,0.018554537996940013,-3.9683120511167465,0,0.01855458877980709,-3.968309164047241
shrinkage_lda,42,3,270,1,1,0.8955504990709191,2.1487349020430626,1,0.8955504894256592,2.1487345695495605
shrinkage_lda,42,3,276,0,0,0.04456632165528685,-3.065186896909573,0,0.04456645995378494,-3.065183639526367
shrinkage_lda,42,3,185,0,0,0.0010900973485662043,-6.820397584181017,0,0.0010900779161602259,-6.820415496826172
shrinkage_lda,42,3,180,0,0,0.051389027660686384,-2.915574100216584,0,0.05138954147696495,-2.9155635833740234
shrinkage_lda,42,3,142,1,1,0.7287086839913763,0.9880808313679772,1,0.7287101149559021,0.9880883693695068
shrinkage_lda,42,3,63,1,1,0.501841504364877,0.007366050765357901,1,0.5018380880355835,0.007352448999881744
shrinkage_lda,42,3,293,1,1,0.9738510035497483,3.6174475050615165,1,0.9738504886627197,3.617429733276367
shrinkage_lda,42,3,47,1,1,0.5373887149227147,0.1498345521690913,1,0.537385106086731,0.1498199701309204
shrinkage_lda,42,3,149,0,0,0.17401811092824565,-1.5574134676248532,0,0.17401763796806335,-1.5574166774749756
shrinkage_lda,42,3,144,1,1,0.875800534450154,1.953249498260569,1,0.8758012056350708,1.9532560110092163
shrinkage_lda,42,3,184,0,0,0.011906468654912928,-4.4186955237450825,0,0.011906788684427738,-4.418668270111084
shrinkage_lda,42,3,199,0,0,0.31182890122737733,-0.7915828532068051,0,0.3118290901184082,-0.7915819883346558
shrinkage_lda,42,3,131,1,1,0.9574492712720076,3.1135757579914927,1,0.9574490189552307,3.113570213317871
shrinkage_lda,42,3,305,0,0,0.038331679675258426,-3.222392909989404,0,0.03833181411027908,-3.2223892211914062
regularized_cssd_shrinkage_lda,42,3,152,0,0,0.26527097257754173,-1.0187499194849727,0,0.26527222990989685,-1.0187433958053589
regularized_cssd_shrinkage_lda,42,3,156,0,0,0.05831297921414873,-2.781848273064156,0,0.058312997221946716,-2.7818479537963867
regularized_cssd_shrinkage_lda,42,3,237,1,1,0.8632149078977163,1.8422526609075929,1,0.8632159233093262,1.8422614336013794
regularized_cssd_shrinkage_lda,42,3,186,0,0,0.4551380844065184,-0.17993154155549898,0,0.4551370441913605,-0.17993572354316711
regularized_cssd_shrinkage_lda,42,3,101,1,1,0.9962282912130255,5.576448281452178,1,0.9962282180786133,5.576433181762695
regularized_cssd_shrinkage_lda,42,3,258,0,0,0.049880024898031124,-2.9469676462314345,0,0.0498797781765461,-2.9469728469848633
regularized_cssd_shrinkage_lda,42,3,134,0,1,0.6110747651362333,0.4518321900316742,1,0.6110748648643494,0.4518326222896576
regularized_cssd_shrinkage_lda,42,3,81,1,1,0.603831622903489,0.42145607347089786,1,0.6038303971290588,0.4214509427547455
regularized_cssd_shrinkage_lda,42,3,40,0,0,0.12132202738303823,-1.9799700803200087,0,0.12132221460342407,-1.9799681901931763
regularized_cssd_shrinkage_lda,42,3,60,1,1,0.7810243055391767,1.2716455309441725,1,0.7810239195823669,1.2716432809829712
regularized_cssd_shrinkage_lda,42,3,154,1,1,0.7987505474811658,1.3785034952222748,1,0.798749566078186,1.3784974813461304
regularized_cssd_shrinkage_lda,42,3,14,1,1,0.9584273805492702,3.1378520316866183,1,0.9584273099899292,3.1378486156463623
regularized_cssd_shrinkage_lda,42,3,312,0,0,0.0006164218950304474,-7.390962322372912,0,0.0006164196529425681,-7.390965938568115
regularized_cssd_shrinkage_lda,42,3,304,1,1,0.9988884805169778,6.800915158449822,1,0.9988885521888733,6.800920486450195
regularized_cssd_shrinkage_lda,42,3,106,1,1,0.5749180214162144,0.3019454180742538,1,0.5749205946922302,0.30195602774620056
regularized_cssd_shrinkage_lda,42,3,232,1,0,0.4052147054833477,-0.3837834272424321,0,0.40521255135536194,-0.3837924599647522
regularized_cssd_shrinkage_lda,42,3,55,0,0,0.23342739122403905,-1.1890583511214559,0,0.2334291785955429,-1.1890482902526855
regularized_cssd_shrinkage_lda,42,3,35,1,1,0.9968473310952001,5.756348264476032,1,0.9968473315238953,5.75634765625
regularized_cssd_shrinkage_lda,42,3,89,1,1,0.624948832146959,0.5106073135497299,1,0.6249492764472961,0.5106093287467957
regularized_cssd_shrinkage_lda,42,3,277,1,1,0.9904889161413643,4.6457408354337675,1,0.9904890060424805,4.645756244659424
regularized_cssd_shrinkage_lda,42,3,32,1,1,0.9325670650555964,2.6268075209675805,1,0.9325670003890991,2.6268064975738525
regularized_cssd_shrinkage_lda,42,3,250,1,0,0.37692113485975215,-0.5026371258748867,0,0.3769196569919586,-0.5026434063911438
regularized_cssd_shrinkage_lda,42,3,233,1,1,0.7441567173772347,1.06768657451959,1,0.7441555857658386,1.0676807165145874
regularized_cssd_shrinkage_lda,42,3,268,1,1,0.8511706187809805,1.7438120432457525,1,0.8511736989021301,1.743836522102356
regularized_cssd_shrinkage_lda,42,3,51,0,1,0.8754753048617104,1.950262893671604,1,0.8754745721817017,1.9502562284469604
regularized_cssd_shrinkage_lda,42,3,215,0,0,0.2645118118999586,-1.0226485724573013,0,0.26450976729393005,-1.0226590633392334
regularized_cssd_shrinkage_lda,42,3,153,0,0,0.028658063856545124,-3.5232436902305944,0,0.02865801565349102,-3.523245334625244
regularized_cssd_shrinkage_lda,42,3,80,0,0,0.17334997086262718,-1.5620689201979334,0,0.1733519732952118,-1.562054991722107
regularized_cssd_shrinkage_lda,42,3,117,0,0,3.962132992051314e-05,-10.136103328243996,0,3.9621016185265034e-05,-10.13611125946045
regularized_cssd_shrinkage_lda,42,3,239,0,0,0.08108268276941331,-2.4277267389717725,0,0.08108161389827728,-2.427741050720215
regularized_cssd_shrinkage_lda,42,3,210,1,1,0.9610942807422395,3.2069312466314894,1,0.961094081401825,3.2069272994995117
regularized_cssd_shrinkage_lda,42,3,85,1,1,0.7583185331209518,1.1434829191934415,1,0.7583218812942505,1.1435009241104126
regularized_cssd_shrinkage_lda,42,3,195,0,0,0.23467370281018796,-1.182106224555191,0,0.23467320203781128,-1.182108998298645
regularized_cssd_shrinkage_lda,42,3,198,0,0,0.0001008286599314195,-9.201987084279672,0,0.00010082757944473997,-9.201997756958008
regularized_cssd_shrinkage_lda,42,3,282,0,0,0.16466407923946327,-1.62392642898611,0,0.16466091573238373,-1.623949408531189
regularized_cssd_shrinkage_lda,42,3,132,1,1,0.7294191935974385,0.9916778088108729,1,0.7294186353683472,0.9916749596595764
regularized_cssd_shrinkage_lda,42,3,207,0,0,0.0020578507826714237,-6.184033179122616,0,0.002057858044281602,-6.184029579162598
regularized_cssd_shrinkage_lda,42,3,247,1,1,0.9727571578726383,3.5753436578472404,1,0.9727578163146973,3.5753672122955322
regularized_cssd_shrinkage_lda,42,3,87,1,0,0.40816260004380345,-0.37156631038977933,0,0.40816226601600647,-0.37156760692596436
regularized_cssd_shrinkage_lda,42,3,53,1,1,0.8983276737188964,2.178779739799153,1,0.8983273506164551,2.178776264190674
regularized_cssd_shrinkage_lda,42,3,127,0,0,0.09021811414433513,-2.31097465600293,0,0.0902184322476387,-2.3109707832336426
regularized_cssd_shrinkage_lda,42,3,100,1,1,0.9675878782717271,3.396273770788228,1,0.9675880074501038,3.39628005027771
regularized_cssd_shrinkage_lda,42,3,143,1,1,0.7247954834390864,0.9683750054047008,1,0.7247993350028992,0.9683943390846252
regularized_cssd_shrinkage_lda,42,3,240,0,0,0.3593469421686935,-0.5781997244197089,0,0.3593524098396301,-0.5781759023666382
regularized_cssd_shrinkage_lda,42,3,271,0,1,0.6432347841169317,0.5894318893497643,1,0.643235981464386,0.5894371867179871
regularized_cssd_shrinkage_lda,42,3,243,0,1,0.5708373662273516,0.2852683995761183,1,0.570841372013092,0.28528496623039246
regularized_cssd_shrinkage_lda,42,3,30,0,1,0.7017138928195424,0.8554726437422925,1,0.7017148733139038,0.8554770350456238
regularized_cssd_shrinkage_lda,42,3,93,0,0,0.22431469209951585,-1.2406969654921023,0,0.22431616485118866,-1.240688443183899
regularized_cssd_shrinkage_lda,42,3,20,0,0,0.01344186366612134,-4.295848264525139,0,0.013441823422908783,-4.295851230621338
regularized_cssd_shrinkage_lda,42,3,270,1,1,0.8832040464580168,2.0231278316381003,1,0.8832038044929504,2.0231258869171143
regularized_cssd_shrinkage_lda,42,3,276,0,0,0.03622869641296339,-3.2810025061360597,0,0.03622881695628166,-3.280998945236206
regularized_cssd_shrinkage_lda,42,3,185,0,0,0.0008833600667012241,-7.030893913460876,0,0.0008833487518131733,-7.030906677246094
regularized_cssd_shrinkage_lda,42,3,180,0,0,0.041299199872661604,-3.1447359084427475,0,0.04129963740706444,-3.1447248458862305
regularized_cssd_shrinkage_lda,42,3,142,1,1,0.5375010022706966,0.1502862348113924,1,0.5375025272369385,0.1502922922372818
regularized_cssd_shrinkage_lda,42,3,63,1,1,0.5430710447636047,0.17271222906961176,1,0.5430704951286316,0.17270997166633606
regularized_cssd_shrinkage_lda,42,3,293,1,1,0.9781770476760748,3.8027284091709417,1,0.9781766533851624,3.8027098178863525
regularized_cssd_shrinkage_lda,42,3,47,1,0,0.4662003969805689,-0.13540491515684117,0,0.46619728207588196,-0.1354174017906189
regularized_cssd_shrinkage_lda,42,3,149,0,0,0.12695547956935221,-1.9281500811682228,0,0.1269555538892746,-1.9281493425369263
regularized_cssd_shrinkage_lda,42,3,144,1,1,0.8738304010097038,1.935259282031451,1,0.8738312721252441,1.9352668523788452
regularized_cssd_shrinkage_lda,42,3,184,0,0,0.010816738841328645,-4.515784786907872,0,0.010817071422934532,-4.515753746032715
regularized_cssd_shrinkage_lda,42,3,199,0,0,0.21067286855207876,-1.3208743058116692,0,0.21067193150520325,-1.3208799362182617
regularized_cssd_shrinkage_lda,42,3,131,1,1,0.9592633893687705,3.1590384749655773,1,0.9592633247375488,3.159036874771118
regularized_cssd_shrinkage_lda,42,3,305,0,0,0.02707683998880438,-3.5816263572917095,0,0.02707674913108349,-3.581629753112793
toeplitz_lda,42,3,152,0,0,0.14577353007559374,-1.7681420923554232,0,0.14577394723892212,-1.7681387662887573
toeplitz_lda,42,3,156,0,0,0.0581437344009966,-2.784934554393103,0,0.05814376473426819,-2.7849340438842773
toeplitz_lda,42,3,237,1,1,0.9499823021276876,2.9440664548355473,1,0.9499826431274414,2.9440746307373047
toeplitz_lda,42,3,186,0,0,0.4271491048977154,-0.2934923208073024,0,0.4271458089351654,-0.2935056686401367
toeplitz_lda,42,3,101,1,1,0.9899123166111474,4.5863011568838,1,0.989912211894989,4.586288928985596
toeplitz_lda,42,3,258,0,0,0.2645773274643631,-1.0223118366669783,0,0.26457512378692627,-1.0223232507705688
toeplitz_lda,42,3,134,0,1,0.6070071117090945,0.4347489913971896,1,0.6070062518119812,0.4347453713417053
toeplitz_lda,42,3,81,1,0,0.33453520762330174,-0.6877436039100703,0,0.33453211188316345,-0.687757670879364
toeplitz_lda,42,3,40,0,0,0.23370948172635134,-1.1874825515774234,0,0.23370860517024994,-1.1874874830245972
toeplitz_lda,42,3,60,1,1,0.8430888831081625,1.681392878521491,1,0.8430886268615723,1.6813912391662598
toeplitz_lda,42,3,154,1,1,0.9057272121628368,2.2625455925086717,1,0.9057275056838989,2.2625484466552734
toeplitz_lda,42,3,14,1,1,0.9039380421526667,2.2417674430680448,1,0.9039369225502014,2.2417545318603516
toeplitz_lda,42,3,312,0,0,0.0013485959119872574,-6.607341786883695,0,0.0013485972303897142,-6.6073408126831055
toeplitz_lda,42,3,304,1,1,0.9991722719577386,7.095997838107897,1,0.9991723299026489,7.096013069152832
toeplitz_lda,42,3,106,1,1,0.7485959847082072,1.0911381639671398,1,0.7486001253128052,1.0911602973937988
toeplitz_lda,42,3,232,1,0,0.4798627119738398,-0.08059274589426862,0,0.47985878586769104,-0.08060844242572784
toeplitz_lda,42,3,55,0,0,0.15056726835239323,-1.7301588020325154,0,0.1505684107542038,-1.7301498651504517
toeplitz_lda,42,3,35,1,1,0.9973031809816156,5.9129818798792,1,0.9973031282424927,5.912981986999512
toeplitz_lda,42,3,89,1,0,0.48898999489035927,-0.04404714056430768,0,0.48899155855178833,-0.04404096305370331
toeplitz_lda,42,3,277,1,1,0.9874753999612818,4.367456871608768,1,0.987475574016571,4.3674726486206055
toeplitz_lda,42,3,32,1,1,0.8407177849158128,1.663578466290972,1,0.8407182693481445,1.6635822057724
toeplitz_lda,42,3,250,1,0,0.22778213160175723,-1.220877114198548,0,0.22777794301509857,-1.2209008932113647
toeplitz_lda,42,3,233,1,1,0.8178794736634262,1.502046282520924,1,0.8178786039352417,1.5020402669906616
toeplitz_lda,42,3,268,1,1,0.8976172625579409,2.171025647761649,1,0.8976207375526428,2.1710634231567383
toeplitz_lda,42,3,51,0,1,0.7939119220413674,1.348668885358489,1,0.7939109802246094,1.348663330078125
toeplitz_lda,42,3,215,0,0,0.25279614377445975,-1.0837546397031022,0,0.25279414653778076,-1.0837651491165161
toeplitz_lda,42,3,153,0,0,0.02388897726754109,-3.7101591823872964,0,0.023888850584626198,-3.7101645469665527
toeplitz_lda,42,3,80,0,0,0.2900872125084703,-0.8949605174143038,0,0.29009056091308594,-0.8949442505836487
toeplitz_lda,42,3,117,0,0,7.243132290335316e-05,-9.53279928140009,0,7.243045547511429e-05,-9.532811164855957
toeplitz_lda,42,3,239,0,0,0.16044282952998717,-1.6549368980087007,0,0.16044077277183533,-1.6549521684646606
toeplitz_lda,42,3,210,1,1,0.9811870524278237,3.954217783208742,1,0.9811869859695435,3.9542126655578613
toeplitz_lda,42,3,85,1,1,0.8188532217580561,1.5085972192256196,1,0.8188555836677551,1.5086132287979126
toeplitz_lda,42,3,195,0,0,0.22845164368220966,-1.217074785235747,0,0.22844931483268738,-1.2170881032943726
toeplitz_lda,42,3,198,0,0,0.00012191578155529802,-9.01205814351483,0,0.00012191192945465446,-9.012089729309082
toeplitz_lda,42,3,282,0,0,0.36706337818331614,-0.5448357678766231,0,0.36705678701400757,-0.5448642373085022
toeplitz_lda,42,3,132,1,1,0.7016401506879263,0.8551203607080731,1,0.7016400694847107,0.8551199436187744
toeplitz_lda,42,3,207,0,0,0.005456912741830167,-5.205400224963514,0,0.005456898361444473,-5.205402851104736
toeplitz_lda,42,3,247,1,1,0.9903978152843627,4.6361160489075095,1,0.9903980493545532,4.636133670806885
toeplitz_lda,42,3,87,1,0,0.14377177188499837,-1.7843098374338253,0,0.1437721699476242,-1.7843066453933716
toeplitz_lda,42,3,53,1,1,0.9625404769470921,3.246315154483918,1,0.9625403881072998,3.2463126182556152
toeplitz_lda,42,3,127,0,0,0.08763361295866982,-2.3428770156567404,0,0.08763319998979568,-2.3428821563720703
toeplitz_lda,42,3,100,1,1,0.9552054451472757,3.0598398545852,1,0.9552057385444641,3.0598461627960205
toeplitz_lda,42,3,143,1,1,0.7429612140126929,1.0614168497412675,1,0.7429658770561218,1.061441421508789
toeplitz_lda,42,3,240,0,0,0.17401978438597845,-1.557401825074504,0,0.1740252822637558,-1.5573636293411255
toeplitz_lda,42,3,271,0,1,0.589598748995016,0.36230687697727376,1,0.5896033644676208,0.3623258173465729
toeplitz_lda,42,3,243,0,1,0.7532256182585603,1.1158903238149023,1,0.7532302737236023,1.1159154176712036
toeplitz_lda,42,3,30,0,1,0.7655986430638941,1.183623221091928,1,0.7655996680259705,1.1836289167404175
toeplitz_lda,42,3,93,0,0,0.14365580687724683,-1.7852521816958957,0,0.1436578780412674,-1.7852354049682617
toeplitz_lda,42,3,20,0,0,0.015635962584038418,-4.142422230367745,0,0.01563592627644539,-4.142424583435059
toeplitz_lda,42,3,270,1,1,0.9434120082319389,2.813706296318877,1,0.9434120655059814,2.8137073516845703
toeplitz_lda,42,3,276,0,0,0.05561274507409778,-2.8321239067616535,0,0.05561260133981705,-2.8321266174316406
toeplitz_lda,42,3,185,0,0,0.001149484945473015,-6.76729116432399,0,0.0011494571808725595,-6.76731538772583
toeplitz_lda,42,3,180,0,0,0.07685261617497759,-2.4858993888521717,0,0.07685378938913345,-2.4858827590942383
toeplitz_lda,42,3,142,1,1,0.7609424872324078,1.1578536175751644,1,0.7609436511993408,1.1578600406646729
toeplitz_lda,42,3,63,1,1,0.5540338150591684,0.21698259227009933,1,0.554029643535614,0.21696563065052032
toeplitz_lda,42,3,293,1,1,0.987984354812971,4.409457296203562,1,0.9879841804504395,4.409438610076904
toeplitz_lda,42,3,47,1,1,0.6481159589646479,0.6107679369146829,1,0.6481092572212219,0.6107385158538818
toeplitz_lda,42,3,149,0,0,0.16801739479909186,-1.5997440188781036,0,0.16801686584949493,-1.5997477769851685
toeplitz_lda,42,3,144,1,1,0.9265907770746249,2.535462438758697,1,0.9265912771224976,2.5354702472686768
toeplitz_lda,42,3,184,0,0,0.006943492192792177,-4.962982722810517,0,0.006943782325834036,-4.962940692901611
toeplitz_lda,42,3,199,0,0,0.25444027138531905,-1.075069131453031,0,0.25444066524505615,-1.0750669240951538
toeplitz_lda,42,3,131,1,1,0.9400244862180377,2.751969548801714,1,0.9400238990783691,2.7519588470458984
toeplitz_lda,42,3,305,0,0,0.0075599204264593985,-4.877305972977719,0,0.007559942081570625,-4.877303123474121
baseline_cssd_lda,42,4,29,0,0,0.0021808520884136423,-6.125856378695205,0,0.002180853160098195,-6.125855922698975
baseline_cssd_lda,42,4,230,1,1,0.9706518911132804,3.4987397874282182,1,0.9706516265869141,3.498728036880493
baseline_cssd_lda,42,4,114,0,0,0.0196291978172027,-3.910912727366866,0,0.019629620015621185,-3.910890817642212
baseline_cssd_lda,42,4,175,0,0,0.03307204334768736,-3.3754356771220335,0,0.03307066112756729,-3.375478982925415
baseline_cssd_lda,42,4,138,1,1,0.9994599371992724,7.523284918836966,1,0.9994599223136902,7.5232930183410645
baseline_cssd_lda,42,4,119,1,1,0.8545876403793023,1.7710454948868972,1,0.8545888066291809,1.771054983139038
baseline_cssd_lda,42,4,213,0,0,0.3796508592121232,-0.49103041101808165,0,0.3796449303627014,-0.49105560779571533
baseline_cssd_lda,42,4,209,0,0,0.005862504780573892,-5.133298573039209,0,0.005862392019480467,-5.133317947387695
baseline_cssd_lda,42,4,124,1,1,0.8405950544977095,1.6626622476426889,1,0.840599775314331,1.662697196006775
baseline_cssd_lda,42,4,37,1,1,0.9260547197173838,2.5276079614359777,1,0.9260566234588623,2.5276362895965576
baseline_cssd_lda,42,4,169,0,0,0.14534373200926587,-1.771597859717135,0,0.14534355700016022,-1.771599292755127
baseline_cssd_lda,42,4,72,0,0,0.04970674653572912,-2.950629955741684,0,0.049703702330589294,-2.9506943225860596
baseline_cssd_lda,42,4,90,1,1,0.9435800214387556,2.8168578490190166,1,0.9435772895812988,2.8168065547943115
baseline_cssd_lda,42,4,123,0,0,0.005584148420511634,-5.182223536206327,0,0.0055839987471699715,-5.182250499725342
baseline_cssd_lda,42,4,61,0,0,0.1334824556817533,-1.8705123051985562,0,0.13348203897476196,-1.8705159425735474
baseline_cssd_lda,42,4,158,0,0,0.06678107514512797,-2.6372200852757883,0,0.06677725166082382,-2.6372814178466797
baseline_cssd_lda,42,4,284,1,1,0.563509838297491,0.25541895662468517,1,0.5634875297546387,0.25532805919647217
baseline_cssd_lda,42,4,297,1,1,0.9533140018203509,3.0165000422578903,1,0.9533137679100037,3.016493558883667
baseline_cssd_lda,42,4,251,1,1,0.8425836240606043,1.6775785434988972,1,0.8425846099853516,1.6775861978530884
baseline_cssd_lda,42,4,21,0,0,0.0006585032926197419,-7.3248823164104575,0,0.0006585040828213096,-7.324881076812744
baseline_cssd_lda,42,4,194,0,0,0.0025074385949788907,-5.98598293948685,0,0.002507460070773959,-5.985974311828613
baseline_cssd_lda,42,4,107,1,1,0.5796828702134605,0.3214716812350856,1,0.579679548740387,0.32145822048187256
baseline_cssd_lda,42,4,252,0,0,0.008430074866415335,-4.767483817140591,0,0.00843015220016241,-4.76747465133667
baseline_cssd_lda,42,4,212,1,1,0.7989053630457434,1.3794668666317584,1,0.7989127039909363,1.3795123100280762
baseline_cssd_lda,42,4,187,1,1,0.6064913413779022,0.43258738016850595,1,0.6064807772636414,0.4325431287288666
baseline_cssd_lda,42,4,147,0,0,0.4235824864632849,-0.30808397965205514,0,0.42358851432800293,-0.3080591857433319
baseline_cssd_lda,42,4,272,0,0,0.010781965047665385,-4.519039932043387,0,0.010782206431031227,-4.519017219543457
baseline_cssd_lda,42,4,129,1,1,0.9859210623930953,4.248896399144911,1,0.9859206080436707,4.248865127563477
baseline_cssd_lda,42,4,74,0,1,0.6966777833740629,0.8315273514744064,1,0.6966736316680908,0.8315076231956482
baseline_cssd_lda,42,4,280,1,1,0.9802274672658478,3.9034909152368966,1,0.9802267551422119,3.9034550189971924
baseline_cssd_lda,42,4,231,0,0,0.010390293864650197,-4.556438541047063,0,0.010390696115791798,-4.556399345397949
baseline_cssd_lda,42,4,227,0,0,0.04127133247445206,-3.145439972134568,0,0.041272930800914764,-3.145399570465088
baseline_cssd_lda,42,4,88,1,1,0.9668455031105077,3.3728603532063337,1,0.9668462872505188,3.3728864192962646
baseline_cssd_lda,42,4,262,1,1,0.9996482983223508,7.952375484842176,1,0.9996483325958252,7.952334403991699
baseline_cssd_lda,42,4,70,0,0,0.02173177326055725,-3.8070084977037535,0,0.02173137664794922,-3.8070271015167236
baseline_cssd_lda,42,4,179,0,0,0.000861419684214585,-7.056066943264373,0,0.0008613950340077281,-7.056095600128174
baseline_cssd_lda,42,4,249,1,1,0.69599643235443,0.8283050973801622,1,0.6959953904151917,0.8283001184463501
baseline_cssd_lda,42,4,296,0,0,0.15667876269905137,-1.6831503380562838,0,0.1566692441701889,-1.6832224130630493
baseline_cssd_lda,42,4,173,1,1,0.9036821050397821,2.238823518157659,1,0.9036808609962463,2.2388088703155518
baseline_cssd_lda,42,4,43,0,1,0.7049609245588266,0.8710345684279833,1,0.7049676775932312,0.8710671663284302
baseline_cssd_lda,42,4,166,1,1,0.974179753964192,3.6304369246814883,1,0.9741796255111694,3.6304330825805664
baseline_cssd_lda,42,4,108,1,1,0.9375569783158986,2.709023044988422,1,0.9375544190406799,2.708979606628418
baseline_cssd_lda,42,4,2,0,0,0.0549699314034283,-2.844430411627524,0,0.05497149005532265,-2.844400405883789
baseline_cssd_lda,42,4,219,1,1,0.8713681371351063,1.9131099995352294,1,0.871368408203125,1.9131122827529907
baseline_cssd_lda,42,4,19,1,1,0.7924701511703893,1.3398796617971924,1,0.7924681901931763,1.3398677110671997
baseline_cssd_lda,42,4,263,1,1,0.6989753007341386,0.8424230877211951,1,0.698974609375,0.8424197435379028
baseline_cssd_lda,42,4,218,1,1,0.9316099408770755,2.6116867291038366,1,0.9316118955612183,2.6117169857025146
baseline_cssd_lda,42,4,49,1,1,0.8916994994115558,2.108219415519164,1,0.8916959166526794,2.108182668685913
baseline_cssd_lda,42,4,311,0,0,0.01970547674640812,-3.9069564559066565,0,0.01970542035996914,-3.906959295272827
baseline_cssd_lda,42,4,170,1,0,0.17042630764992475,-1.5826089550706093,0,0.1704278290271759,-1.5825982093811035
baseline_cssd_lda,42,4,91,1,1,0.9993918918512739,7.404549522500301,1,0.9993919134140015,7.404556751251221
baseline_cssd_lda,42,4,259,0,0,0.3173248467710333,-0.7660931265047096,0,0.3173241913318634,-0.7660961747169495
baseline_cssd_lda,42,4,257,0,0,0.018993130839411242,-3.9445020827141217,0,0.018993355333805084,-3.9444899559020996
baseline_cssd_lda,42,4,111,0,0,0.048544835953871816,-2.9755047407297575,0,0.04854515939950943,-2.9754977226257324
baseline_cssd_lda,42,4,130,1,1,0.9922650180781692,4.854237080094285,1,0.992264986038208,4.854229927062988
baseline_cssd_lda,42,4,291,1,0,0.2650703639180255,-1.019779446448446,0,0.2650739848613739,-1.0197608470916748
baseline_cssd_lda,42,4,313,0,0,0.010657941804122757,-4.53073481095172,0,0.010657657869160175,-4.53076171875
baseline_cssd_lda,42,4,315,0,0,0.27177678038878234,-0.985626552508756,0,0.2717821002006531,-0.9855996370315552
baseline_cssd_lda,42,4,105,0,0,0.3091808228093559,-0.8039518139027866,0,0.30918607115745544,-0.8039272427558899
baseline_cssd_lda,42,4,136,0,0,0.11215190138558873,-2.068946453467454,0,0.11215383559465408,-2.068927049636841
baseline_cssd_lda,42,4,46,1,1,0.7320156256682079,1.0048731861957938,1,0.7320176959037781,1.0048836469650269
baseline_cssd_lda,42,4,264,1,1,0.8832673708398546,2.0237418541606518,1,0.8832728862762451,2.0237953662872314
baseline_cssd_lda,42,4,75,0,0,0.0005084656850051836,-7.583604232537541,0,0.000508469995111227,-7.5835957527160645
regularized_cssd,42,4,29,0,0,0.002045864327173376,-6.189886964939504,0,0.0020458621438592672,-6.189888000488281
regularized_cssd,42,4,230,1,1,0.9725016873278152,3.5657471651175663,1,0.9725012183189392,3.5657296180725098
regularized_cssd,42,4,114,0,0,0.02206121029794211,-3.7916262046250924,0,0.022061651572585106,-3.7916057109832764
regularized_cssd,42,4,175,0,0,0.03071656807761719,-3.4517548827097086,0,0.03071552701294422,-3.4517898559570312
regularized_cssd,42,4,138,1,1,0.9993321496572352,7.310778373850752,1,0.9993321299552917,7.310786247253418
regularized_cssd,42,4,119,1,1,0.8080178695566712,1.4371818769757227,1,0.8080217838287354,1.437206745147705
regularized_cssd,42,4,213,0,0,0.37666920546516164,-0.5037099850449092,0,0.37666866183280945,-0.5037121772766113
regularized_cssd,42,4,209,0,0,0.005925939280077012,-5.122472508907576,0,0.005925842095166445,-5.122488975524902
regularized_cssd,42,4,124,1,1,0.829414682756676,1.581484684564077,1,0.829414427280426,1.581483006477356
regularized_cssd,42,4,37,1,1,0.9333282917662968,2.6389763072754673,1,0.9333291053771973,2.6389899253845215
regularized_cssd,42,4,169,0,0,0.13895254972373916,-1.8240171076097678,0,0.1389523595571518,-1.8240185976028442
regularized_cssd,42,4,72,0,0,0.04998102932816878,-2.944838433527417,0,0.04997820779681206,-2.9448978900909424
regularized_cssd,42,4,90,1,1,0.9396887569506677,2.7460301725589997,1,0.9396854639053345,2.7459716796875
regularized_cssd,42,4,123,0,0,0.005326534469658521,-5.22971367455032,0,0.005326520651578903,-5.2297163009643555
regularized_cssd,42,4,61,0,0,0.14822728177752426,-1.7485729451045653,0,0.14822688698768616,-1.7485761642456055
regularized_cssd,42,4,158,0,0,0.06255643403850386,-2.7070874657758033,0,0.06255451589822769,-2.707120180130005
regularized_cssd,42,4,284,1,1,0.588614338632684,0.3582400727268935,1,0.5885913968086243,0.35814517736434937
regularized_cssd,42,4,297,1,1,0.960768755894755,3.198260278566024,1,0.9607685804367065,3.1982550621032715
regularized_cssd,42,4,251,1,1,0.8263694623205087,1.560112269412928,1,0.8263697028160095,1.5601139068603516
regularized_cssd,42,4,21,0,0,0.0005971065272998734,-7.422817737935155,0,0.0005971136852167547,-7.4228057861328125
regularized_cssd,42,4,194,0,0,0.001833743453502633,-6.2995603716995845,0,0.0018337641377002,-6.299549102783203
regularized_cssd,42,4,107,1,1,0.58363460831117,0.3377118961670739,1,0.5836320519447327,0.33770155906677246
regularized_cssd,42,4,252,0,0,0.009873292122501763,-4.6079995764843495,0,0.009873802773654461,-4.60794734954834
regularized_cssd,42,4,212,1,1,0.8234080483724174,1.5396101707391026,1,0.8234137892723083,1.5396498441696167
regularized_cssd,42,4,187,1,1,0.6259355115262001,0.5148191374375215,1,0.625924289226532,0.5147712826728821
regularized_cssd,42,4,147,0,0,0.45234173115896903,-0.19121355886185898,0,0.45234718918800354,-0.19119161367416382
regularized_cssd,42,4,272,0,0,0.009460889996972924,-4.651082891813857,0,0.009461215697228909,-4.651048183441162
regularized_cssd,42,4,129,1,1,0.9878746984353195,4.400261558430939,1,0.987874448299408,4.4002366065979
regularized_cssd,42,4,74,0,1,0.7199566723067292,0.944246699887947,1,0.7199527621269226,0.9442272782325745
regularized_cssd,42,4,280,1,1,0.9828376961878869,4.047728655987386,1,0.9828370809555054,4.047693252563477
regularized_cssd,42,4,231,0,0,0.009359938024745754,-4.661912592287932,0,0.009360341355204582,-4.661869049072266
regularized_cssd,42,4,227,0,0,0.039038924614191395,-3.2033746884463628,0,0.03904028609395027,-3.203338384628296
regularized_cssd,42,4,88,1,1,0.9705037303584637,3.493551443830079,1,0.9705045223236084,3.4935765266418457
regularized_cssd,42,4,262,1,1,0.9996735828284476,8.027007856878175,1,0.99967360496521,8.026968955993652
regularized_cssd,42,4,70,0,0,0.020710277101929016,-3.856197480916245,0,0.020710090175271034,-3.8562066555023193
regularized_cssd,42,4,179,0,0,0.0006867486813306886,-7.282855168548682,0,0.0006867330521345139,-7.2828779220581055
regularized_cssd,42,4,249,1,1,0.737068885452093,1.0307892791929167,1,0.737064778804779,1.0307682752609253
regularized_cssd,42,4,296,0,0,0.1760981025543683,-1.5430102256985856,0,0.17608821392059326,-1.5430783033370972
regularized_cssd,42,4,173,1,1,0.9336823465495491,2.644680152357451,1,0.9336820840835571,2.6446757316589355
regularized_cssd,42,4,43,0,1,0.7109786267185618,0.9001417271084113,1,0.7109852433204651,0.9001740217208862
regularized_cssd,42,4,166,1,1,0.9714745990039152,3.5280201689579123,1,0.9714745283126831,3.528017044067383
regularized_cssd,42,4,108,1,1,0.939939422793809,2.7504617563493907,1,0.9399372339248657,2.7504234313964844
regularized_cssd,42,4,2,0,0,0.04936257732391767,-2.9579401377698677,0,0.049363911151885986,-2.957911729812622
regularized_cssd,42,4,219,1,1,0.8734506287524664,1.9318190882330268,1,0.873451828956604,1.931829810142517
regularized_cssd,42,4,19,1,1,0.8134531073777549,1.472605639495134,1,0.8134502172470093,1.472586750984192
regularized_cssd,42,4,263,1,1,0.717538828750872,0.9322859686614107,1,0.7175384759902954,0.9322840571403503
regularized_cssd,42,4,218,1,1,0.9260801839256481,2.527979883451009,1,0.9260826110839844,2.528015375137329
regularized_cssd,42,4,49,1,1,0.8886631983810273,2.077158453176294,1,0.8886602520942688,2.0771291255950928
regularized_cssd,42,4,311,0,0,0.019522136201791537,-3.916491057374739,0,0.019522003829479218,-3.9164979457855225
regularized_cssd,42,4,170,1,0,0.1904070331000285,-1.4473675511403628,0,0.19040849804878235,-1.4473580121994019
regularized_cssd,42,4,91,1,1,0.9994236153025452,7.458158691802533,1,0.999423623085022,7.458159923553467
regularized_cssd,42,4,259,0,0,0.306660846195692,-0.8157768775038752,0,0.30666089057922363,-0.8157767057418823
regularized_cssd,42,4,257,0,0,0.01940944105978299,-3.9223954010724484,0,0.019409634172916412,-3.9223852157592773
regularized_cssd,42,4,111,0,0,0.04999719194679058,-2.9444980976488355,0,0.04999735206365585,-2.9444947242736816
regularized_cssd,42,4,130,1,1,0.9923882226092589,4.870417679672981,1,0.9923882484436035,4.870417594909668
regularized_cssd,42,4,291,1,0,0.29248070469754717,-0.8833662040077948,0,0.2924859821796417,-0.8833407759666443
regularized_cssd,42,4,313,0,0,0.013047383231683161,-4.326034435936977,0,0.013046890497207642,-4.326072692871094
regularized_cssd,42,4,315,0,0,0.29940090492947763,-0.850152324655778,0,0.29940730333328247,-0.8501219153404236
regularized_cssd,42,4,105,0,0,0.27037411301557973,-0.992725315498148,0,0.2703789472579956,-0.9927008748054504
regularized_cssd,42,4,136,0,0,0.12307131287530972,-1.9636617076596208,0,0.12306996434926987,-1.9636741876602173
regularized_cssd,42,4,46,1,1,0.742038571430449,1.0565911527994905,1,0.7420414686203003,1.0566060543060303
regularized_cssd,42,4,264,1,1,0.8585675345902181,1.8034430161498392,1,0.858571469783783,1.803475022315979
regularized_cssd,42,4,75,0,0,0.0004461330313066629,-7.714447141369199,0,0.0004461437347345054,-7.714423179626465
shrinkage_lda,42,4,29,0,0,0.008838012704548679,-4.719815935194479,0,0.008837993256747723,-4.719818115234375
shrinkage_lda,42,4,230,1,1,0.821227610360713,1.5246868760948602,1,0.8212277293205261,1.52468740940094
shrinkage_lda,42,4,114,0,0,0.11635599025521222,-2.0273999044099296,0,0.11635580658912659,-2.0274016857147217
shrinkage_lda,42,4,175,0,0,0.08884959412768413,-2.3277629968544207,0,0.08884859830141068,-2.327775239944458
shrinkage_lda,42,4,138,1,1,0.9990021400504057,6.908899264424713,1,0.9990021586418152,6.908897399902344
shrinkage_lda,42,4,119,1,1,0.9363153830972314,2.688009326955057,1,0.9363167881965637,2.6880321502685547
shrinkage_lda,42,4,213,0,0,0.4971137355904199,-0.01154518587603029,0,0.497114360332489,-0.0115426667034626
shrinkage_lda,42,4,209,0,0,0.11517839346276207,-2.0389038762308904,0,0.11517716944217682,-2.0389158725738525
shrinkage_lda,42,4,124,1,1,0.7666546573607981,1.1895169353098805,1,0.7666559219360352,1.1895238161087036
shrinkage_lda,42,4,37,1,1,0.9707207660419023,3.5011603272242464,1,0.9707207679748535,3.501159429550171
shrinkage_lda,42,4,169,0,0,0.3006196575324852,-0.8443488484535211,0,0.3006182014942169,-0.8443558216094971
shrinkage_lda,42,4,72,0,0,0.0856660149959515,-2.3677397258499364,0,0.08566627651453018,-2.367736339569092
shrinkage_lda,42,4,90,1,1,0.9437701363888624,2.8204346401587315,1,0.9437702298164368,2.8204362392425537
shrinkage_lda,42,4,123,0,0,0.00228195270925864,-6.080439190800737,0,0.002281938912346959,-6.080445289611816
shrinkage_lda,42,4,61,0,0,0.2188429313088896,-1.2724219780357338,0,0.2188427597284317,-1.2724229097366333
shrinkage_lda,42,4,158,0,0,0.11103443383377136,-2.080218133618056,0,0.11103387176990509,-2.080223798751831
shrinkage_lda,42,4,284,1,1,0.8486294660212821,1.7238919568564999,1,0.8486281633377075,1.7238821983337402
shrinkage_lda,42,4,297,1,1,0.9105653944518259,2.320558025211203,1,0.9105652570724487,2.320556879043579
shrinkage_lda,42,4,251,1,1,0.8242253709618347,1.5452413433143823,1,0.8242253065109253,1.5452407598495483
shrinkage_lda,42,4,21,0,0,0.0009395398973771846,-6.969180291863896,0,0.0009395302040502429,-6.96919059753418
shrinkage_lda,42,4,194,0,0,0.01227915196162554,-4.387497253519143,0,0.012279104441404343,-4.387501239776611
shrinkage_lda,42,4,107,1,1,0.5470560313862329,0.18878280291595512,1,0.547055184841156,0.18877936899662018
shrinkage_lda,42,4,252,0,0,0.02181179876001664,-3.8032510354193727,0,0.021811891347169876,-3.8032467365264893
shrinkage_lda,42,4,212,1,1,0.8329769400203784,1.6068740721405088,1,0.8329779505729675,1.6068816184997559
shrinkage_lda,42,4,187,1,1,0.5569903957568911,0.22895654715518,1,0.5569935441017151,0.22896923124790192
shrinkage_lda,42,4,147,0,1,0.6651316311621832,0.6862474368993061,1,0.6651336550712585,0.6862566471099854
shrinkage_lda,42,4,272,0,0,0.024602798779650294,-3.679984565908453,0,0.024602828547358513,-3.679983377456665
shrinkage_lda,42,4,129,1,1,0.9883391421243347,4.439788147648445,1,0.9883390665054321,4.439785957336426
shrinkage_lda,42,4,74,0,1,0.7366452002868583,1.028604194168461,1,0.7366440296173096,1.0285979509353638
shrinkage_lda,42,4,280,1,1,0.9574095710034479,3.1126017171880807,1,0.9574094414710999,3.1125986576080322
shrinkage_lda,42,4,231,0,0,0.029104599253054888,-3.5073225276401048,0,0.02910441718995571,-3.507328987121582
shrinkage_lda,42,4,227,0,0,0.21866606410311798,-1.2734568885813795,0,0.21866600215435028,-1.2734571695327759
shrinkage_lda,42,4,88,1,1,0.9279052896503392,2.554948992881239,1,0.9279048442840576,2.5549426078796387
shrinkage_lda,42,4,262,1,1,0.99919858170263,7.128325788661206,1,0.9991986155509949,7.128328323364258
shrinkage_lda,42,4,70,0,0,0.027031390829373354,-3.583353005773534,0,0.02703128196299076,-3.583357095718384
shrinkage_lda,42,4,179,0,0,0.003176906800223549,-5.74866529602407,0,0.0031768931075930595,-5.748669624328613
shrinkage_lda,42,4,249,1,0,0.3631893789021844,-0.5615479100618934,0,0.3631886839866638,-0.5615508556365967
shrinkage_lda,42,4,296,0,0,0.12626979300602417,-1.934350808199091,0,0.12626813352108002,-1.9343658685684204
shrinkage_lda,42,4,173,1,1,0.852661033025526,1.755626256301988,1,0.8526613116264343,1.7556281089782715
shrinkage_lda,42,4,43,0,1,0.8488601318137572,1.72568874065291,1,0.8488562703132629,1.7256581783294678
shrinkage_lda,42,4,166,1,1,0.9694393842489606,3.457005837018124,1,0.9694390892982483,3.456998109817505
shrinkage_lda,42,4,108,1,1,0.9617655902738175,3.225034863491865,1,0.961765468120575,3.2250311374664307
shrinkage_lda,42,4,2,0,0,0.06239215868597687,-2.7098921765684594,0,0.062392670661211014,-2.709883451461792
shrinkage_lda,42,4,219,1,1,0.7275085032513842,0.9820182782712031,1,0.7275096774101257,0.9820243120193481
shrinkage_lda,42,4,19,1,1,0.6130514637477531,0.4601571833971386,1,0.6130459308624268,0.46013396978378296
shrinkage_lda,42,4,263,1,1,0.5175113840027861,0.07007419625804145,1,0.5175108313560486,0.07007195055484772
shrinkage_lda,42,4,218,1,1,0.8386157220863824,1.6479642421822953,1,0.8386154174804688,1.6479623317718506
shrinkage_lda,42,4,49,1,1,0.8565515297310589,1.7869386005882393,1,0.8565513491630554,1.7869371175765991
shrinkage_lda,42,4,311,0,0,0.06080783707073231,-2.7373014247730905,0,0.06080858036875725,-2.737288475036621
shrinkage_lda,42,4,170,1,0,0.19224443298307814,-1.435491845894373,0,0.1922437846660614,-1.4354959726333618
shrinkage_lda,42,4,91,1,1,0.9992553285685093,7.201822519586882,1,0.999255359172821,7.20182991027832
shrinkage_lda,42,4,259,0,0,0.18519667953832955,-1.4815283665378358,0,0.1851949393749237,-1.4815398454666138
shrinkage_lda,42,4,257,0,0,0.139783378183427,-1.8170903177462356,0,0.13978345692157745,-1.8170896768569946
shrinkage_lda,42,4,111,0,0,0.15428641415825098,-1.7013700440068602,0,0.15428505837917328,-1.7013804912567139
shrinkage_lda,42,4,130,1,1,0.9849839669358508,4.183506862607452,1,0.9849839806556702,4.183509349822998
shrinkage_lda,42,4,291,1,1,0.759893505639792,1.1520957478785345,1,0.7598944902420044,1.152100920677185
shrinkage_lda,42,4,313,0,0,0.07771469995669314,-2.47381018363526,0,0.07771413773298264,-2.473818063735962
shrinkage_lda,42,4,315,0,0,0.4784629226854892,-0.08620164801259339,0,0.4784599542617798,-0.08621342480182648
shrinkage_lda,42,4,105,0,0,0.29292832328165813,-0.8812040936026295,0,0.2929287552833557,-0.8812019228935242
shrinkage_lda,42,4,136,0,0,0.07463294869614766,-2.517608389791974,0,0.07463367283344269,-2.5175979137420654
shrinkage_lda,42,4,46,1,1,0.8070998467756813,1.431274672253469,1,0.8071003556251526,1.4312779903411865
shrinkage_lda,42,4,264,1,1,0.6809054931597627,0.7579362013590554,1,0.6809059977531433,0.7579386234283447
shrinkage_lda,42,4,75,0,0,0.0029412060795116204,-5.825990010700906,0,0.002941187471151352,-5.825996398925781
regularized_cssd_shrinkage_lda,42,4,29,0,0,0.008484757796104641,-4.7609629673855975,0,0.008484737947583199,-4.760965347290039
regularized_cssd_shrinkage_lda,42,4,230,1,1,0.8540606326443312,1.7668109463146315,1,0.8540605306625366,1.7668099403381348
regularized_cssd_shrinkage_lda,42,4,114,0,0,0.13192777467042735,-1.8840203088525478,0,0.13192757964134216,-1.8840219974517822
regularized_cssd_shrinkage_lda,42,4,175,0,0,0.08082668071954616,-2.4311675821453305,0,0.08082608878612518,-2.431175470352173
regularized_cssd_shrinkage_lda,42,4,138,1,1,0.9987569855199326,6.688972029568089,1,0.998757004737854,6.688969612121582
regularized_cssd_shrinkage_lda,42,4,119,1,1,0.9030340283584258,2.231400127244763,1,0.9030360579490662,2.2314233779907227
regularized_cssd_shrinkage_lda,42,4,213,0,0,0.4783999200975959,-0.08645412818322326,0,0.4784007668495178,-0.08645068109035492
regularized_cssd_shrinkage_lda,42,4,209,0,0,0.10627130356664176,-2.1294069657027688,0,0.1062701940536499,-2.1294186115264893
regularized_cssd_shrinkage_lda,42,4,124,1,1,0.7410462116333593,1.051413364743834,1,0.7410473227500916,1.0514190196990967
regularized_cssd_shrinkage_lda,42,4,37,1,1,0.9727945424828762,3.576755303896457,1,0.9727945923805237,3.576756238937378
regularized_cssd_shrinkage_lda,42,4,169,0,0,0.2793996666614293,-0.9474414071279202,0,0.2793981730937958,-0.9474487900733948
regularized_cssd_shrinkage_lda,42,4,72,0,0,0.08507331339176394,-2.3753305429067773,0,0.08507344126701355,-2.37532901763916
regularized_cssd_shrinkage_lda,42,4,90,1,1,0.943874562213855,2.8224041320749844,1,0.943874716758728,2.8224072456359863
regularized_cssd_shrinkage_lda,42,4,123,0,0,0.0024876635920347925,-5.993920562483551,0,0.002487650141119957,-5.993926048278809
regularized_cssd_shrinkage_lda,42,4,61,0,0,0.2660916592311349,-1.0145433114780118,0,0.2660914361476898,-1.0145444869995117
regularized_cssd_shrinkage_lda,42,4,158,0,0,0.10230437006843106,-2.171878678466907,0,0.10230372101068497,-2.1718857288360596
regularized_cssd_shrinkage_lda,42,4,284,1,1,0.8316993025538008,1.5977187150417078,1,0.8316972851753235,1.5977046489715576
regularized_cssd_shrinkage_lda,42,4,297,1,1,0.9264073279793738,2.532768561114395,1,0.926406979560852,2.532764434814453
regularized_cssd_shrinkage_lda,42,4,251,1,1,0.798403038200585,1.3763430647072243,1,0.7984027862548828,1.3763415813446045
regularized_cssd_shrinkage_lda,42,4,21,0,0,0.000854237125024185,-7.064447136560987,0,0.0008542319992557168,-7.064453125
regularized_cssd_shrinkage_lda,42,4,194,0,0,0.009573310192921246,-4.639156811745001,0,0.009573251940310001,-4.639163017272949
regularized_cssd_shrinkage_lda,42,4,107,1,1,0.5465133707343336,0.18659298774372202,1,0.546512246131897,0.18658842146396637
regularized_cssd_shrinkage_lda,42,4,252,0,0,0.026684421967242914,-3.5966284164655917,0,0.026684552431106567,-3.596623420715332
regularized_cssd_shrinkage_lda,42,4,212,1,1,0.8457950452595855,1.7019944744468771,1,0.8457961678504944,1.7020032405853271
regularized_cssd_shrinkage_lda,42,4,187,1,1,0.547856866497467,0.19201526356362908,1,0.5478601455688477,0.19202840328216553
regularized_cssd_shrinkage_lda,42,4,147,0,1,0.6789362091428807,0.7488873461037795,1,0.6789380311965942,0.7488957047462463
regularized_cssd_shrinkage_lda,42,4,272,0,0,0.02379242984969529,-3.714307781596345,0,0.023792602121829987,-3.7143003940582275
regularized_cssd_shrinkage_lda,42,4,129,1,1,0.9888621230660419,4.486203275553534,1,0.9888620972633362,4.486203670501709
regularized_cssd_shrinkage_lda,42,4,74,0,1,0.76468089353975,1.1785161213119493,1,0.7646798491477966,1.1785101890563965
regularized_cssd_shrinkage_lda,42,4,280,1,1,0.9643641706903167,3.298117420680149,1,0.9643641114234924,3.29811429977417
regularized_cssd_shrinkage_lda,42,4,231,0,0,0.028495293310365197,-3.5291071869396022,0,0.028495123609900475,-3.529113292694092
regularized_cssd_shrinkage_lda,42,4,227,0,0,0.2035716806923509,-1.3641189485731573,0,0.203571155667305,-1.3641221523284912
regularized_cssd_shrinkage_lda,42,4,88,1,1,0.9332784547853386,2.6381756898477295,1,0.9332777857780457,2.63816499710083
regularized_cssd_shrinkage_lda,42,4,262,1,1,0.999207479200299,7.1394989718674315,1,0.9992075562477112,7.139503002166748
regularized_cssd_shrinkage_lda,42,4,70,0,0,0.027786822196840644,-3.555013212524722,0,0.02778678573668003,-3.5550146102905273
regularized_cssd_shrinkage_lda,42,4,179,0,0,0.0024716465091890075,-6.000396041442857,0,0.0024716376792639494,-6.000399589538574
regularized_cssd_shrinkage_lda,42,4,249,1,0,0.431884325181173,-0.27416726423264226,0,0.43188372254371643,-0.27416980266571045
regularized_cssd_shrinkage_lda,42,4,296,0,0,0.1486351878275559,-1.7453458233062966,0,0.14863358438014984,-1.7453584671020508
regularized_cssd_shrinkage_lda,42,4,173,1,1,0.8797533651009917,1.990096676872971,1,0.8797535300254822,1.990098237991333
regularized_cssd_shrinkage_lda,42,4,43,0,1,0.858842662317904,1.8057106030897634,1,0.8588390946388245,1.8056814670562744
regularized_cssd_shrinkage_lda,42,4,166,1,1,0.9655031723010276,3.331782018464173,1,0.965502917766571,3.331773042678833
regularized_cssd_shrinkage_lda,42,4,108,1,1,0.9587227505777617,3.1452904437150835,1,0.9587224721908569,3.145285129547119
regularized_cssd_shrinkage_lda,42,4,2,0,0,0.060120032827466696,-2.7494090616961033,0,0.060120414942502975,-2.7494022846221924
regularized_cssd_shrinkage_lda,42,4,219,1,1,0.7191987344815994,0.9404905445628731,1,0.7192001342773438,0.9404973983764648
regularized_cssd_shrinkage_lda,42,4,19,1,1,0.6591180824333119,0.6593665682018369,1,0.6591147780418396,0.6593518257141113
regularized_cssd_shrinkage_lda,42,4,263,1,1,0.5588285654292592,0.2364092048825427,1,0.5588284134864807,0.236408531665802
regularized_cssd_shrinkage_lda,42,4,218,1,1,0.8236891669993097,1.5415447003088336,1,0.8236885666847229,1.5415401458740234
regularized_cssd_shrinkage_lda,42,4,49,1,1,0.859883967560195,1.8143265762201042,1,0.8598839044570923,1.814326524734497
regularized_cssd_shrinkage_lda,42,4,311,0,0,0.057435613646437726,-2.797939673692297,0,0.05743610858917236,-2.7979304790496826
regularized_cssd_shrinkage_lda,42,4,170,1,0,0.20803892673725452,-1.3367870307191334,0,0.208038330078125,-1.3367905616760254
regularized_cssd_shrinkage_lda,42,4,91,1,1,0.9992255331781366,7.162560970284967,1,0.9992254972457886,7.162567615509033
regularized_cssd_shrinkage_lda,42,4,259,0,0,0.18529456989625115,-1.4808797839813916,0,0.18529294431209564,-1.4808905124664307
regularized_cssd_shrinkage_lda,42,4,257,0,0,0.14781051471473633,-1.7518777551808575,0,0.14781054854393005,-1.7518775463104248
regularized_cssd_shrinkage_lda,42,4,111,0,0,0.1717572640620524,-1.5732240461664082,0,0.17175567150115967,-1.573235273361206
regularized_cssd_shrinkage_lda,42,4,130,1,1,0.9856313080614518,4.228230689052375,1,0.9856312274932861,4.2282304763793945
regularized_cssd_shrinkage_lda,42,4,291,1,1,0.7754928987709638,1.2395914876144267,1,0.7754939198493958,1.2395973205566406
regularized_cssd_shrinkage_lda,42,4,313,0,0,0.09569192589747295,-2.2460361662606756,0,0.09569119662046432,-2.246044635772705
regularized_cssd_shrinkage_lda,42,4,315,0,1,0.5169058899289843,0.06764934731331951,1,0.5169034600257874,0.06763967871665955
regularized_cssd_shrinkage_lda,42,4,105,0,0,0.25668334946891247,-1.0632789103043072,0,0.25668349862098694,-1.0632781982421875
regularized_cssd_shrinkage_lda,42,4,136,0,0,0.0917009511052041,-2.2930409222507357,0,0.09170172363519669,-2.293031692504883
regularized_cssd_shrinkage_lda,42,4,46,1,1,0.8068495633873091,1.429667886659994,1,0.8068501353263855,1.4296717643737793
regularized_cssd_shrinkage_lda,42,4,264,1,1,0.636112135531283,0.5585291059984182,1,0.6361121535301208,0.558529257774353
regularized_cssd_shrinkage_lda,42,4,75,0,0,0.0027170084381596374,-5.905503136647769,0,0.002716988790780306,-5.905510425567627
toeplitz_lda,42,4,29,0,0,0.007373673404363617,-4.902438276994868,0,0.007373610977083445,-4.902446746826172
toeplitz_lda,42,4,230,1,1,0.9180673381143135,2.41637302761432,1,0.918067455291748,2.4163739681243896
toeplitz_lda,42,4,114,0,0,0.11537527039983554,-2.036973484249029,0,0.11537495255470276,-2.0369765758514404
toeplitz_lda,42,4,175,0,0,0.07007398088199715,-2.585553479949069,0,0.07007263600826263,-2.585574150085449
toeplitz_lda,42,4,138,1,1,0.9970432921500454,5.8207177549213105,1,0.9970433115959167,5.820715427398682
toeplitz_lda,42,4,119,1,1,0.8533074745835757,1.7607812127630589,1,0.8533119559288025,1.7608171701431274
toeplitz_lda,42,4,213,0,0,0.43051567397589263,-0.2797475281868118,0,0.43051743507385254,-0.2797403633594513
toeplitz_lda,42,4,209,0,0,0.0629716906085865,-2.7000282245978218,0,0.06297082453966141,-2.700042963027954
toeplitz_lda,42,4,124,1,1,0.6033623463130464,0.4194947694504611,1,0.6033643484115601,0.4195031225681305
toeplitz_lda,42,4,37,1,1,0.9589561537449967,3.1512044368951475,1,0.958956241607666,3.1512067317962646
toeplitz_lda,42,4,169,0,0,0.1817570727501919,-1.5044882392162426,0,0.18175646662712097,-1.5044922828674316
toeplitz_lda,42,4,72,0,0,0.0985087134522498,-2.213905371382503,0,0.09850801527500153,-2.2139132022857666
toeplitz_lda,42,4,90,1,1,0.9413361610530306,2.7754768084512014,1,0.9413358569145203,2.775470495223999
toeplitz_lda,42,4,123,0,0,0.001847528472563949,-6.292057256601042,0,0.0018475226825103164,-6.292060375213623
toeplitz_lda,42,4,61,0,0,0.15073841335334376,-1.7288212776924874,0,0.15073847770690918,-1.72882080078125
toeplitz_lda,42,4,158,0,0,0.09680483025734664,-2.2332417724930798,0,0.09680470079183578,-2.233243227005005
toeplitz_lda,42,4,284,1,1,0.8508254596614155,1.7410899752105793,1,0.8508232831954956,1.7410728931427002
toeplitz_lda,42,4,297,1,1,0.9459039035337099,2.861378952797323,1,0.9459038376808167,2.8613765239715576
toeplitz_lda,42,4,251,1,1,0.7767410201592357,1.2467745452214438,1,0.7767421007156372,1.2467806339263916
toeplitz_lda,42,4,21,0,0,0.0005409403512300422,-7.521660454990633,0,0.0005409352597780526,-7.521669864654541
toeplitz_lda,42,4,194,0,0,0.005681825444288975,-5.164784688425501,0,0.005681770388036966,-5.164794445037842
toeplitz_lda,42,4,107,1,0,0.4867494336947205,-0.053014678459789244,0,0.4867481589317322,-0.053019843995571136
toeplitz_lda,42,4,252,0,0,0.016605501417817276,-4.081276309509295,0,0.016605617478489876,-4.081269264221191
toeplitz_lda,42,4,212,1,1,0.8441630983142601,1.6895357620582474,1,0.8441638946533203,1.6895418167114258
toeplitz_lda,42,4,187,1,0,0.3883871139554392,-0.4540969846170757,0,0.3883896768093109,-0.45408621430397034
toeplitz_lda,42,4,147,0,1,0.5511957808975053,0.20550331025864713,1,0.5511996150016785,0.20551899075508118
toeplitz_lda,42,4,272,0,0,0.02085728812138874,-3.8489739676677606,0,0.02085740491747856,-3.848968267440796
toeplitz_lda,42,4,129,1,1,0.9868627365502481,4.319078228071264,1,0.9868627786636353,4.319085121154785
toeplitz_lda,42,4,74,0,1,0.7585786097396686,1.1449025179003949,1,0.7585768699645996,1.1448930501937866
toeplitz_lda,42,4,280,1,1,0.9581699741859497,3.1314107857420597,1,0.9581699967384338,3.131410837173462
toeplitz_lda,42,4,231,0,0,0.01459751157840338,-4.2121991010451305,0,0.01459758635610342,-4.212193965911865
toeplitz_lda,42,4,227,0,0,0.15137289418793895,-1.7238735835097747,0,0.15137284994125366,-1.7238739728927612
toeplitz_lda,42,4,88,1,1,0.9555588091078682,3.0681295476147943,1,0.9555587768554688,3.068128824234009
toeplitz_lda,42,4,262,1,1,0.9993354849798576,7.315788340482635,1,0.9993354678153992,7.315788745880127
toeplitz_lda,42,4,70,0,0,0.02043430151289978,-3.869894373116932,0,0.020434224978089333,-3.8698980808258057
toeplitz_lda,42,4,179,0,0,0.002813920762001702,-5.870358591899286,0,0.002813903847709298,-5.870364665985107
toeplitz_lda,42,4,249,1,1,0.5405843665247638,0.1626953947971315,1,0.5405832529067993,0.16269108653068542
toeplitz_lda,42,4,296,0,0,0.14223954291867683,-1.796812314647898,0,0.14223667979240417,-1.7968357801437378
toeplitz_lda,42,4,173,1,1,0.88695127466564,2.059971124644955,1,0.886951208114624,2.0599703788757324
toeplitz_lda,42,4,43,0,1,0.854921925198687,1.7737381047944885,1,0.8549184799194336,1.773710012435913
toeplitz_lda,42,4,166,1,1,0.9595259734939584,3.1657789373632728,1,0.9595256447792053,3.1657698154449463
toeplitz_lda,42,4,108,1,1,0.957887183165391,3.1243778759276672,1,0.9578869938850403,3.124373197555542
toeplitz_lda,42,4,2,0,0,0.041050481431945535,-3.151035870070129,0,0.04105106741189957,-3.1510210037231445
toeplitz_lda,42,4,219,1,1,0.7864782171832957,1.3038261715170165,1,0.7864792346954346,1.3038320541381836
toeplitz_lda,42,4,19,1,1,0.6937394486907822,0.8176602413305907,1,0.6937332153320312,0.8176310062408447
toeplitz_lda,42,4,263,1,1,0.5831100476863513,0.3355536459318147,1,0.5831093788146973,0.33555081486701965
toeplitz_lda,42,4,218,1,1,0.8263960012977094,1.5602972431326423,1,0.8263960480690002,1.5602976083755493
toeplitz_lda,42,4,49,1,1,0.8712220405481088,1.9118071936075705,1,0.8712217211723328,1.911804437637329
toeplitz_lda,42,4,311,0,0,0.026432386210962628,-3.6063772680051125,0,0.02643304504454136,-3.606351613998413
toeplitz_lda,42,4,170,1,0,0.16068935348580893,-1.6531078763181843,0,0.16068904101848602,-1.6531102657318115
toeplitz_lda,42,4,91,1,1,0.9988751903255291,6.789015993138387,1,0.9988752007484436,6.789024829864502
toeplitz_lda,42,4,259,0,0,0.3455808263951506,-0.6385215281675524,0,0.3455788493156433,-0.6385303139686584
toeplitz_lda,42,4,257,0,0,0.12481414375980916,-1.9476104900115248,0,0.12481487542390823,-1.947603702545166
toeplitz_lda,42,4,111,0,0,0.13179659785109316,-1.88516621271196,0,0.13179649412631989,-1.885167121887207
toeplitz_lda,42,4,130,1,1,0.9856679730877502,4.2308228793878015,1,0.9856679439544678,4.2308244705200195
toeplitz_lda,42,4,291,1,1,0.5693748352841363,0.27930095444974234,1,0.5693774223327637,0.2793116271495819
toeplitz_lda,42,4,313,0,0,0.06379321855587396,-2.6861894799509303,0,0.06379258632659912,-2.6862001419067383
toeplitz_lda,42,4,315,0,0,0.469459838708434,-0.1223129053585762,0,0.4694587290287018,-0.12231728434562683
toeplitz_lda,42,4,105,0,0,0.2936347831359863,-0.8777956471826203,0,0.29363614320755005,-0.8777890801429749
toeplitz_lda,42,4,136,0,0,0.16362353697427184,-1.6315105434911956,0,0.16362538933753967,-1.6314970254898071
toeplitz_lda,42,4,46,1,1,0.7826343361148176,1.2810845608231052,1,0.7826361656188965,1.281095266342163
toeplitz_lda,42,4,264,1,1,0.7175688438121354,0.9324340666170106,1,0.717567503452301,0.9324275255203247
toeplitz_lda,42,4,75,0,0,0.0017654561689622616,-6.337579152896829,0,0.0017654408002272248,-6.337587833404541
baseline_cssd_lda,42,5,145,1,0,0.4866725714343646,-0.05332234483421261,0,0.4866674542427063,-0.05334293097257614
baseline_cssd_lda,42,5,151,1,1,0.8732832095415244,1.9303053128612229,1,0.8732784390449524,1.9302620887756348
baseline_cssd_lda,42,5,286,0,0,0.08975202463970054,-2.316666477011778,0,0.08975165337324142,-2.316671133041382
baseline_cssd_lda,42,5,283,0,0,0.0007543542491638055,-7.1888938348955245,0,0.000754343462176621,-7.188908100128174
baseline_cssd_lda,42,5,236,1,1,0.9354507443740492,2.6735999071875494,1,0.9354504346847534,2.673595905303955
baseline_cssd_lda,42,5,64,0,0,0.3543293406452085,-0.600062737101698,0,0.35432422161102295,-0.6000850796699524
baseline_cssd_lda,42,5,229,0,0,0.0015976998686287438,-6.437591288603837,0,0.0015978066949173808,-6.437524318695068
baseline_cssd_lda,42,5,115,0,0,0.3810531829689654,-0.4850803982042832,0,0.3810385763645172,-0.4851422607898712
baseline_cssd_lda,42,5,12,0,0,0.09598986664117114,-2.2425979397217874,0,0.09599078446626663,-2.2425873279571533
baseline_cssd_lda,42,5,279,0,0,0.4469495734979462,-0.2130034072463226,0,0.4469504952430725,-0.21299967169761658
baseline_cssd_lda,42,5,225,0,1,0.7406072084234375,1.0491269189904775,1,0.7406030297279358,1.049104928970337
baseline_cssd_lda,42,5,181,1,1,0.9973234642414935,5.920551823961203,1,0.9973235726356506,5.92058801651001
baseline_cssd_lda,42,5,42,0,0,0.4474567132184322,-0.21095197464079396,0,0.4474598169326782,-0.2109394073486328
baseline_cssd_lda,42,5,125,1,1,0.9999234709688877,9.477763865495069,1,0.9999234676361084,9.477745056152344
baseline_cssd_lda,42,5,27,0,0,0.47879687990873643,-0.08486337441234992,0,0.4787948429584503,-0.08487161248922348
baseline_cssd_lda,42,5,176,1,1,0.8608696652693363,1.8225319632403705,1,0.8608677387237549,1.8225162029266357
baseline_cssd_lda,42,5,168,1,1,0.9934468390863929,5.021233036368034,1,0.9934467673301697,5.021223068237305
baseline_cssd_lda,42,5,150,1,1,0.9965254757941154,5.658817154126064,1,0.9965257048606873,5.658890247344971
baseline_cssd_lda,42,5,196,0,0,0.34693670631108237,-0.632531691379606,0,0.34693461656570435,-0.6325410008430481
baseline_cssd_lda,42,5,84,1,1,0.9921222263496839,4.835800979476537,1,0.992122232913971,4.835805892944336
baseline_cssd_lda,42,5,133,0,0,0.1802757404549002,-1.5144804447022286,0,0.1802804321050644,-1.514448642730713
baseline_cssd_lda,42,5,65,0,0,0.31523177796921936,-0.7757722476738754,0,0.31523221731185913,-0.7757701873779297
baseline_cssd_lda,42,5,300,0,1,0.9756300916180357,3.689734401912789,1,0.9756303429603577,3.689743995666504
baseline_cssd_lda,42,5,299,1,1,0.7674044051319144,1.1937126168829069,1,0.7673905491828918,1.1936349868774414
baseline_cssd_lda,42,5,177,1,1,0.9324404003502589,2.6247950695673765,1,0.932437539100647,2.624748945236206
baseline_cssd_lda,42,5,71,1,1,0.5506746170129271,0.2033967939847378,1,0.5506738424301147,0.20339369773864746
baseline_cssd_lda,42,5,39,1,1,0.7503147926059635,1.1002918879285064,1,0.7503128051757812,1.1002811193466187
baseline_cssd_lda,42,5,33,1,1,0.9956165830048163,5.425533670519986,1,0.9956165552139282,5.425511360168457
baseline_cssd_lda,42,5,155,1,0,0.24393547033549748,-1.1312230047581147,0,0.2439344972372055,-1.1312283277511597
baseline_cssd_lda,42,5,77,1,1,0.9998904979474099,9.119457755720074,1,0.9998904466629028,9.119451522827148
baseline_cssd_lda,42,5,24,1,1,0.8920863349826538,2.11223140654576,1,0.8920850157737732,2.112217426300049
baseline_cssd_lda,42,5,31,0,0,0.049063872725732705,-2.9643239222659155,0,0.04906591400504112,-2.964280128479004
baseline_cssd_lda,42,5,178,1,1,0.99930465269986,7.270403535616353,1,0.9993046522140503,7.270483016967773
baseline_cssd_lda,42,5,44,1,1,0.8205886983269834,1.5203410627595924,1,0.8205839991569519,1.5203092098236084
baseline_cssd_lda,42,5,217,0,0,0.003380618868327685,-5.6863101430374785,0,0.0033805875573307276,-5.686319351196289
baseline_cssd_lda,42,5,94,0,1,0.6435338025065801,0.5907351371357259,1,0.6435428261756897,0.590774416923523
baseline_cssd_lda,42,5,118,0,0,0.07312353680291052,-2.539669995706727,0,0.07312587648630142,-2.539635419845581
baseline_cssd_lda,42,5,275,0,1,0.7697344884139038,1.2068125938235115,1,0.7697380185127258,1.2068325281143188
baseline_cssd_lda,42,5,15,1,1,0.9644661268699096,3.3010882976164355,1,0.9644668102264404,3.3011062145233154
baseline_cssd_lda,42,5,285,0,0,0.02389055642169476,-3.7100914628861625,0,0.02388671599328518,-3.7102560997009277
baseline_cssd_lda,42,5,164,1,1,0.9508277591455708,2.9620036766314257,1,0.9508222341537476,2.961885929107666
baseline_cssd_lda,42,5,73,0,0,0.03949017652194187,-3.1914122642890073,0,0.03949024900794029,-3.1914103031158447
baseline_cssd_lda,42,5,76,0,1,0.7880964662591845,1.3134893598857043,1,0.7880991101264954,1.3135052919387817
baseline_cssd_lda,42,5,34,1,1,0.9953817593256088,5.373112515127662,1,0.995381772518158,5.373128890991211
baseline_cssd_lda,42,5,92,0,1,0.6830505033574205,0.7678263556592714,1,0.6830469369888306,0.7678098082542419
baseline_cssd_lda,42,5,59,0,0,0.0009291835109471199,-6.980274687185199,0,0.0009292034665122628,-6.980253219604492
baseline_cssd_lda,42,5,66,0,1,0.880977755289514,2.001721970247349,1,0.8809756636619568,2.001701831817627
baseline_cssd_lda,42,5,292,1,0,0.4056975665515481,-0.3817803649639089,0,0.4056888222694397,-0.3818166255950928
baseline_cssd_lda,42,5,26,0,0,0.09405346861680276,-2.2651168525397214,0,0.0940522700548172,-2.2651309967041016
baseline_cssd_lda,42,5,69,1,1,0.7912193195991823,1.3322908731968357,1,0.7912263870239258,1.3323334455490112
baseline_cssd_lda,42,5,121,1,0,0.45964062867360833,-0.16178947852537173,0,0.45964860916137695,-0.16175734996795654
baseline_cssd_lda,42,5,57,0,0,1.0741186484183946e-05,-11.441414260353415,0,1.0741313417383935e-05,-11.441402435302734
baseline_cssd_lda,42,5,203,0,0,0.05658259786753728,-2.813807337103194,0,0.056580111384391785,-2.8138539791107178
baseline_cssd_lda,42,5,3,1,1,0.9995044533212356,7.609353333751439,1,0.9995044469833374,7.609355926513672
baseline_cssd_lda,42,5,245,1,1,0.5600680539466678,0.2414382543610456,1,0.5600645542144775,0.2414240837097168
baseline_cssd_lda,42,5,273,1,1,0.977477204857663,3.7704470579584317,1,0.977475643157959,3.7703771591186523
baseline_cssd_lda,42,5,303,0,0,0.2769316852668588,-0.9597328533840037,0,0.276931494474411,-0.9597338438034058
baseline_cssd_lda,42,5,28,0,0,0.0005654446556396509,-7.4773325306289555,0,0.0005654635024257004,-7.477299213409424
baseline_cssd_lda,42,5,222,1,1,0.9393204211655124,2.7395494439052666,1,0.9393138289451599,2.7394344806671143
baseline_cssd_lda,42,5,266,1,1,0.9969338935000154,5.7842759466938425,1,0.9969338178634644,5.784244537353516
baseline_cssd_lda,42,5,159,0,1,0.5724299180234256,0.29177210461315783,1,0.5724328756332397,0.29178422689437866
baseline_cssd_lda,42,5,16,1,1,0.852305763584017,1.752801173352665,1,0.8523085117340088,1.752822756767273
regularized_cssd,42,5,145,1,1,0.52367130610921,0.09475605977512958,1,0.5236693024635315,0.09474807232618332
regularized_cssd,42,5,151,1,1,0.9128295902661767,2.3486842796418284,1,0.9128276705741882,2.348660469055176
regularized_cssd,42,5,286,0,0,0.09697622191102222,-2.2312830718797576,0,0.09697627276182175,-2.2312824726104736
regularized_cssd,42,5,283,0,0,0.0007805388670590447,-7.15474517796121,0,0.0007805240456946194,-7.154764175415039
regularized_cssd,42,5,236,1,1,0.9410172509950174,2.769716460631466,1,0.9410175681114197,2.7697227001190186
regularized_cssd,42,5,64,0,0,0.35038690004247064,-0.617338982195081,0,0.3503831624984741,-0.6173555254936218
regularized_cssd,42,5,229,0,0,0.0013057457148132731,-6.639674373491596,0,0.0013058206532150507,-6.639616966247559
regularized_cssd,42,5,115,0,0,0.3198137025777295,-0.7546280806286368,0,0.31979984045028687,-0.7546918392181396
regularized_cssd,42,5,12,0,0,0.08271077377159909,-2.4060729584596325,0,0.08271130174398422,-2.4060659408569336
regularized_cssd,42,5,279,0,0,0.30244621833969415,-0.8356761459943096,0,0.30245089530944824,-0.835654079914093
regularized_cssd,42,5,225,0,1,0.7914547331111559,1.333716561362296,1,0.7914468050003052,1.3336683511734009
regularized_cssd,42,5,181,1,1,0.9981832063242007,6.308863602087774,1,0.9981833100318909,6.308905124664307
regularized_cssd,42,5,42,0,0,0.4937334471808306,-0.025067523856655893,0,0.4937356412410736,-0.025058753788471222
regularized_cssd,42,5,125,1,1,0.9998633881209197,8.898230030876798,1,0.9998633861541748,8.898229598999023
regularized_cssd,42,5,27,0,1,0.5076498412273821,0.030601752814249206,1,0.5076472759246826,0.030591420829296112
regularized_cssd,42,5,176,1,1,0.87963062377318,1.988936923395445,1,0.8796265721321106,1.9888986349105835
regularized_cssd,42,5,168,1,1,0.9870040346454142,4.330035175260589,1,0.987003743648529,4.330013751983643
regularized_cssd,42,5,150,1,1,0.9966745949862293,5.702832857178109,1,0.996674656867981,5.702850341796875
regularized_cssd,42,5,196,0,0,0.3719845282920383,-0.5237125398469389,0,0.37198057770729065,-0.5237293839454651
regularized_cssd,42,5,84,1,1,0.988450103474811,4.449461686256276,1,0.9884500503540039,4.449456214904785
regularized_cssd,42,5,133,0,0,0.14286851238019305,-1.791666621202022,0,0.14287175238132477,-1.7916401624679565
regularized_cssd,42,5,65,0,0,0.32211909473266087,-0.7440502799817296,0,0.32211822271347046,-0.7440542578697205
regularized_cssd,42,5,300,0,1,0.9778387369988703,3.786998910953894,1,0.9778388738632202,3.78700590133667
regularized_cssd,42,5,299,1,1,0.8123667965162825,1.4654629462521565,1,0.8123574256896973,1.465401291847229
regularized_cssd,42,5,177,1,1,0.9067306782618755,2.2743542284677076,1,0.9067285060882568,2.2743282318115234
regularized_cssd,42,5,71,1,1,0.5519788534933815,0.20866930332978256,1,0.5519803166389465,0.20867517590522766
regularized_cssd,42,5,39,1,1,0.713649767184194,0.9131766679574205,1,0.7136480212211609,0.9131683111190796
regularized_cssd,42,5,33,1,1,0.9953638318266965,5.369220130110549,1,0.995363712310791,5.369198322296143
regularized_cssd,42,5,155,1,0,0.29502028772939026,-0.8711248995379127,0,0.29501891136169434,-0.8711314797401428
regularized_cssd,42,5,77,1,1,0.9998190687103016,8.617212266037184,1,0.9998190999031067,8.61721420288086
regularized_cssd,42,5,24,1,1,0.9389699085069521,2.7334163866722694,1,0.9389694929122925,2.733409881591797
regularized_cssd,42,5,31,0,0,0.03783371929828224,-3.2359865347733088,0,0.037835221737623215,-3.235945224761963
regularized_cssd,42,5,178,1,1,0.998409157245159,6.441899259188606,1,0.9984093308448792,6.441978454589844
regularized_cssd,42,5,44,1,1,0.8531624201401427,1.7596228628313237,1,0.8531575202941895,1.7595833539962769
regularized_cssd,42,5,217,0,0,0.004814961694192072,-5.331200598312423,0,0.004814895335584879,-5.331214427947998
regularized_cssd,42,5,94,0,1,0.6483853418324662,0.6119493280935062,1,0.648391604423523,0.611976683139801
regularized_cssd,42,5,118,0,0,0.06142556534186073,-2.726536043110741,0,0.06142713502049446,-2.726508855819702
regularized_cssd,42,5,275,0,1,0.7003050113289607,0.8487507175785973,1,0.7003094553947449,0.848771870136261
regularized_cssd,42,5,15,1,1,0.9605264063531408,3.1918495410479366,1,0.9605273604393005,3.191875457763672
regularized_cssd,42,5,285,0,0,0.039249820070650886,-3.197767556694357,0,0.039242569357156754,-3.1979598999023438
regularized_cssd,42,5,164,1,1,0.9504491840912314,2.953935971193933,1,0.950442910194397,2.953801393508911
regularized_cssd,42,5,73,0,0,0.037248479203726634,-3.2521842350850108,0,0.037248868495225906,-3.25217342376709
regularized_cssd,42,5,76,0,1,0.7221719528426548,0.9552608854552681,1,0.7221757769584656,0.9552797675132751
regularized_cssd,42,5,34,1,1,0.9947197842958899,5.2384941237370946,1,0.9947198629379272,5.238516807556152
regularized_cssd,42,5,92,0,1,0.6133705380475235,0.46150244824075526,1,0.6133700013160706,0.46150028705596924
regularized_cssd,42,5,59,0,0,0.0010069456919334953,-6.899826144250321,0,0.001006998005323112,-6.899774074554443
regularized_cssd,42,5,66,0,1,0.8812955336509393,2.0047560940715163,1,0.8812932372093201,2.0047338008880615
regularized_cssd,42,5,292,1,0,0.2557860446707098,-1.0679872358289277,0,0.25577807426452637,-1.0680290460586548
regularized_cssd,42,5,26,0,0,0.07644766236712086,-2.491621116530646,0,0.07644736766815186,-2.4916253089904785
regularized_cssd,42,5,69,1,1,0.730728155929667,0.9983200688030722,1,0.7307392954826355,0.9983767867088318
regularized_cssd,42,5,121,1,0,0.4901096923288575,-0.03956639163998177,0,0.4901163578033447,-0.0395396426320076
regularized_cssd,42,5,57,0,0,1.7512930052346868e-05,-10.952553576640065,0,1.7513077182229608e-05,-10.952545166015625
regularized_cssd,42,5,203,0,0,0.06982244088074584,-2.589420031020894,0,0.069819375872612,-2.5894672870635986
regularized_cssd,42,5,3,1,1,0.9994451819583603,7.496315378864883,1,0.9994451403617859,7.496310710906982
regularized_cssd,42,5,245,1,1,0.5900888136671167,0.36433253967734636,1,0.5900842547416687,0.364313542842865
regularized_cssd,42,5,273,1,1,0.9849320362268608,4.1800017544350965,1,0.984931230545044,4.179943561553955
regularized_cssd,42,5,303,0,0,0.2326278350039984,-1.1935320034212742,0,0.23262789845466614,-1.1935316324234009
regularized_cssd,42,5,28,0,0,0.00029408356728291503,-8.131352461737597,0,0.0002940880658570677,-8.13133716583252
regularized_cssd,42,5,222,1,1,0.9323148451744111,2.622803697270842,1,0.9323071837425232,2.6226820945739746
regularized_cssd,42,5,266,1,1,0.9969414797353616,5.786760846528177,1,0.9969413876533508,5.786746978759766
regularized_cssd,42,5,159,0,1,0.5460166273201889,0.1845888549312098,1,0.546019434928894,0.18460017442703247
regularized_cssd,42,5,16,1,1,0.8847167834311143,2.037875721538736,1,0.8847189545631409,2.0378973484039307
shrinkage_lda,42,5,145,1,1,0.8753464206417912,1.9490811924853957,1,0.8753453493118286,1.9490712881088257
shrinkage_lda,42,5,151,1,1,0.7820585949882431,1.277703425080347,1,0.7820560932159424,1.2776885032653809
shrinkage_lda,42,5,286,0,0,0.2592971927407891,-1.0496246088329706,0,0.25929591059684753,-1.0496312379837036
shrinkage_lda,42,5,283,0,0,0.0006054104980105381,-7.408998227075395,0,0.0006054157856851816,-7.408989429473877
shrinkage_lda,42,5,236,1,1,0.9730961409488803,3.5882131506229005,1,0.9730960130691528,3.5882086753845215
shrinkage_lda,42,5,64,0,0,0.2278777842245631,-1.2203333969509143,0,0.2278759926557541,-1.2203435897827148
shrinkage_lda,42,5,229,0,0,0.009158018350852646,-4.683925250145599,0,0.009158162400126457,-4.6839094161987305
shrinkage_lda,42,5,115,0,0,0.30233763044476847,-0.8361908999934081,0,0.30233728885650635,-0.8361925482749939
shrinkage_lda,42,5,12,0,0,0.025360840191662737,-3.648861050386156,0,0.02536068670451641,-3.64886736869812
shrinkage_lda,42,5,279,0,0,0.1440675089828282,-1.7819095052989777,0,0.14406564831733704,-1.7819246053695679
shrinkage_lda,42,5,225,0,1,0.7723894180877576,1.2218526557841027,1,0.7723884582519531,1.2218471765518188
shrinkage_lda,42,5,181,1,1,0.9973021679954739,5.912605312092802,1,0.9973021745681763,5.912606239318848
shrinkage_lda,42,5,42,0,0,0.2241293876052599,-1.2417622613436912,0,0.224129781126976,-1.241760015487671
shrinkage_lda,42,5,125,1,1,0.9929174898619618,4.943019184669977,1,0.9929174184799194,4.94300651550293
shrinkage_lda,42,5,27,0,0,0.23685156291298728,-1.1700189282889217,0,0.23685072362422943,-1.1700235605239868
shrinkage_lda,42,5,176,1,1,0.9140101870902233,2.3636128823052402,1,0.914008378982544,2.363589286804199
shrinkage_lda,42,5,168,1,1,0.9945835012198269,5.212874432588007,1,0.9945834279060364,5.212864875793457
shrinkage_lda,42,5,150,1,1,0.9961143628754483,5.546575106759809,1,0.9961143732070923,5.546572208404541
shrinkage_lda,42,5,196,0,0,0.21116325990277257,-1.3179278015002787,0,0.21116451919078827,-1.3179203271865845
shrinkage_lda,42,5,84,1,1,0.9937265604588883,5.065137303345888,1,0.9937266111373901,5.065140247344971
shrinkage_lda,42,5,133,0,0,0.17704747870161264,-1.536480571361926,0,0.17704689502716064,-1.5364845991134644
shrinkage_lda,42,5,65,0,0,0.1713056058504444,-1.5764023130673552,0,0.17130720615386963,-1.5763911008834839
shrinkage_lda,42,5,300,0,1,0.9276749620531408,2.551511039490382,1,0.9276751279830933,2.551514148712158
shrinkage_lda,42,5,299,1,0,0.3941500939451556,-0.4299004897595001,0,0.3941451609134674,-0.4299211800098419
shrinkage_lda,42,5,177,1,1,0.6749622037389111,0.7307152230880837,1,0.6749647855758667,0.7307268977165222
shrinkage_lda,42,5,71,1,0,0.4188052444165643,-0.32767990682444487,0,0.41880160570144653,-0.3276948928833008
shrinkage_lda,42,5,39,1,1,0.8692943120164452,1.8947336078191157,1,0.8692919015884399,1.8947124481201172
shrinkage_lda,42,5,33,1,1,0.9970412830891539,5.820036478123074,1,0.9970412850379944,5.82003116607666
shrinkage_lda,42,5,155,1,0,0.23113661318040515,-1.2019043685306157,0,0.23113572597503662,-1.2019093036651611
shrinkage_lda,42,5,77,1,1,0.999951279052501,9.929352764774675,1,0.9999512434005737,9.929359436035156
shrinkage_lda,42,5,24,1,1,0.6471673228652686,0.6066109323517802,1,0.6471672654151917,0.6066107153892517
shrinkage_lda,42,5,31,0,0,0.0019650021553586955,-6.230295001481922,0,0.001965050585567951,-6.2302703857421875
shrinkage_lda,42,5,178,1,1,0.9956093697852901,5.423882207978394,1,0.9956093430519104,5.42387580871582
shrinkage_lda,42,5,44,1,1,0.8170086985178007,1.496211122876397,1,0.8170077800750732,1.4962050914764404
shrinkage_lda,42,5,217,0,0,0.004040021120043747,-5.507457155236858,0,0.004040049389004707,-5.507450103759766
shrinkage_lda,42,5,94,0,0,0.33393710483331956,-0.6904314369066066,0,0.3339393734931946,-0.6904211640357971
shrinkage_lda,42,5,118,0,0,0.46398727507202425,-0.14430077388980972,0,0.46398577094078064,-0.14430680871009827
shrinkage_lda,42,5,275,0,0,0.47724596965968674,-0.09107903051456323,0,0.4772453308105469,-0.09108152985572815
shrinkage_lda,42,5,15,1,1,0.8659715331986195,1.8657998202217712,1,0.8659715056419373,1.865799903869629
shrinkage_lda,42,5,285,0,0,0.0343671521042069,-3.3356824598251107,0,0.034366752952337265,-3.3356945514678955
shrinkage_lda,42,5,164,1,1,0.7820125679825153,1.2774334021738112,1,0.7820093631744385,1.2774144411087036
shrinkage_lda,42,5,73,0,0,0.034584457033751,-3.3291542606669537,0,0.03458457067608833,-3.329150915145874
shrinkage_lda,42,5,76,0,0,0.46432115247210515,-0.14295836468272483,0,0.4643194377422333,-0.14296528697013855
shrinkage_lda,42,5,34,1,1,0.9561502303150384,3.0821455789204624,1,0.956150233745575,3.0821452140808105
shrinkage_lda,42,5,92,0,1,0.5508362288568549,0.20404997200784758,1,0.5508389472961426,0.2040608823299408
shrinkage_lda,42,5,59,0,0,0.00036475436880690023,-7.9159215721874805,0,0.0003647510311566293,-7.91593074798584
shrinkage_lda,42,5,66,0,1,0.9139579721703905,2.3629487155150333,1,0.9139578938484192,2.3629472255706787
shrinkage_lda,42,5,292,1,1,0.549519905819631,0.19873110850595754,1,0.5495234727859497,0.19874557852745056
shrinkage_lda,42,5,26,0,0,0.025875155800710727,-3.6282561993736646,0,0.025874624028801918,-3.62827730178833
shrinkage_lda,42,5,69,1,1,0.8241393664892095,1.544647823393753,1,0.8241399526596069,1.5446515083312988
shrinkage_lda,42,5,121,1,0,0.1478082152497109,-1.7518960104441008,0,0.1478094607591629,-1.751886010169983
shrinkage_lda,42,5,57,0,0,1.4353377929152506e-05,-11.151510894219182,0,1.4353428923641331e-05,-11.151507377624512
shrinkage_lda,42,5,203,0,0,0.0843547160477709,-2.3845983271873274,0,0.08435478061437607,-2.3845975399017334
shrinkage_lda,42,5,3,1,1,0.9998207783795591,8.626708177236639,1,0.9998207688331604,8.626699447631836
shrinkage_lda,42,5,245,1,1,0.9482866335655007,2.908940526152392,1,0.9482869505882263,2.9089460372924805
shrinkage_lda,42,5,273,1,1,0.9908611673073598,4.686041767824765,1,0.9908610582351685,4.686031818389893
shrinkage_lda,42,5,303,0,0,0.10425255356904542,-2.1508421503741104,0,0.1042531281709671,-2.1508359909057617
shrinkage_lda,42,5,28,0,0,0.012773121121345621,-4.3475568295465195,0,0.012773256748914719,-4.347546100616455
shrinkage_lda,42,5,222,1,1,0.7988243972824761,1.3789629714780611,1,0.7988237738609314,1.378959059715271
shrinkage_lda,42,5,266,1,1,0.9975827289103197,6.022695826574214,1,0.9975827932357788,6.022706031799316
shrinkage_lda,42,5,159,0,1,0.606732005009938,0.4335958856082489,1,0.6067317724227905,0.43359503149986267
shrinkage_lda,42,5,16,1,0,0.38704044033336665,-0.4597697780241783,0,0.38704171776771545,-0.45976439118385315
regularized_cssd_shrinkage_lda,42,5,145,1,1,0.8498192226792726,1.7331838970786653,1,0.8498185873031616,1.7331788539886475
regularized_cssd_shrinkage_lda,42,5,151,1,1,0.8516424987825555,1.7475419266213577,1,0.851641833782196,1.7475366592407227
regularized_cssd_shrinkage_lda,42,5,286,0,0,0.30569973379595755,-0.8203011690778939,0,0.30569854378700256,-0.8203067779541016
regularized_cssd_shrinkage_lda,42,5,283,0,0,0.0009060943476295791,-7.005460615787379,0,0.0009061006712727249,-7.005453586578369
regularized_cssd_shrinkage_lda,42,5,236,1,1,0.974026374974107,3.6243567812386255,1,0.9740263223648071,3.624356985092163
regularized_cssd_shrinkage_lda,42,5,64,0,0,0.22656086800689074,-1.227833333503461,0,0.22655953466892242,-1.2278409004211426
regularized_cssd_shrinkage_lda,42,5,229,0,0,0.007692653494348589,-4.859767102624031,0,0.007692741695791483,-4.859755516052246
regularized_cssd_shrinkage_lda,42,5,115,0,0,0.2550636000078744,-1.0717859197412596,0,0.25506216287612915,-1.0717934370040894
regularized_cssd_shrinkage_lda,42,5,12,0,0,0.02519442990940665,-3.6556151010758144,0,0.025194384157657623,-3.6556169986724854
regularized_cssd_shrinkage_lda,42,5,279,0,0,0.07949948994831957,-2.4491669488805394,0,0.07949861139059067,-2.44917893409729
regularized_cssd_shrinkage_lda,42,5,225,0,1,0.8352148690861976,1.6230466316273229,1,0.8352138996124268,1.6230394840240479
regularized_cssd_shrinkage_lda,42,5,181,1,1,0.9978519464102052,6.141042789986652,1,0.9978519678115845,6.14104700088501
regularized_cssd_shrinkage_lda,42,5,42,0,0,0.24773232642289078,-1.1107433751907032,0,0.24773232638835907,-1.1107432842254639
regularized_cssd_shrinkage_lda,42,5,125,1,1,0.985229630425229,4.200251623118596,1,0.9852295517921448,4.200244426727295
regularized_cssd_shrinkage_lda,42,5,27,0,0,0.2628120480149361,-1.0314037523573996,0,0.2628110349178314,-1.0314090251922607
regularized_cssd_shrinkage_lda,42,5,176,1,1,0.9247208113775188,2.5082881493256455,1,0.9247192144393921,2.508265256881714
regularized_cssd_shrinkage_lda,42,5,168,1,1,0.9873590247383925,4.358090184310519,1,0.9873589873313904,4.358086109161377
regularized_cssd_shrinkage_lda,42,5,150,1,1,0.9959950402030567,5.516208735602847,1,0.995995044708252,5.516210556030273
regularized_cssd_shrinkage_lda,42,5,196,0,0,0.21986972211136133,-1.2664257299429547,0,0.21987061202526093,-1.2664204835891724
regularized_cssd_shrinkage_lda,42,5,84,1,1,0.989747904245233,4.569968119961044,1,0.9897478818893433,4.5699663162231445
regularized_cssd_shrinkage_lda,42,5,133,0,0,0.1287822095499441,-1.9117693125191033,0,0.1287814974784851,-1.9117755889892578
regularized_cssd_shrinkage_lda,42,5,65,0,0,0.1662707202514123,-1.6122914401841568,0,0.1662714183330536,-1.6122863292694092
regularized_cssd_shrinkage_lda,42,5,300,0,1,0.9201593025502677,2.4445134424415498,1,0.9201598763465881,2.444521427154541
regularized_cssd_shrinkage_lda,42,5,299,1,0,0.4845834879089131,-0.061685600983134636,0,0.4845784604549408,-0.06170566380023956
regularized_cssd_shrinkage_lda,42,5,177,1,1,0.5813358754219363,0.32825970217617173,1,0.5813393592834473,0.32827383279800415
regularized_cssd_shrinkage_lda,42,5,71,1,0,0.4146549028450929,-0.34475496808608863,0,0.41465261578559875,-0.3447644114494324
regularized_cssd_shrinkage_lda,42,5,39,1,1,0.8399508918414137,1.6578627339019845,1,0.839949369430542,1.657851219177246
regularized_cssd_shrinkage_lda,42,5,33,1,1,0.9957705187465733,5.461437477758714,1,0.9957705140113831,5.461430072784424
regularized_cssd_shrinkage_lda,42,5,155,1,0,0.27542530060266657,-0.9672684105646228,0,0.2754243016242981,-0.9672734141349792
regularized_cssd_shrinkage_lda,42,5,77,1,1,0.9998820359420098,9.045012602182197,1,0.9998819828033447,9.045018196105957
regularized_cssd_shrinkage_lda,42,5,24,1,1,0.7764399309612451,1.2450391376690566,1,0.776439905166626,1.2450392246246338
regularized_cssd_shrinkage_lda,42,5,31,0,0,0.002242162626600327,-6.098069740529697,0,0.0022422373294830322,-6.098036289215088
regularized_cssd_shrinkage_lda,42,5,178,1,1,0.9867116872390657,4.307492977437334,1,0.9867115020751953,4.3074846267700195
regularized_cssd_shrinkage_lda,42,5,44,1,1,0.8586708470399751,1.8042940789780835,1,0.8586702346801758,1.8042887449264526
regularized_cssd_shrinkage_lda,42,5,217,0,0,0.007797747491105446,-4.846092061282914,0,0.0077977715991437435,-4.846088886260986
regularized_cssd_shrinkage_lda,42,5,94,0,0,0.3657662680510059,-0.5504230313586198,0,0.36576709151268005,-0.5504194498062134
regularized_cssd_shrinkage_lda,42,5,118,0,0,0.4166912652168028,-0.3363710320112476,0,0.4166899025440216,-0.3363766074180603
regularized_cssd_shrinkage_lda,42,5,275,0,0,0.4278439449962379,-0.29065326300440486,0,0.4278435707092285,-0.290654718875885
regularized_cssd_shrinkage_lda,42,5,15,1,1,0.8461279032189248,1.7045488170755199,1,0.8461278676986694,1.7045481204986572
regularized_cssd_shrinkage_lda,42,5,285,0,0,0.06482230367300983,-2.669086824156839,0,0.06482090801000595,-2.66910982131958
regularized_cssd_shrinkage_lda,42,5,164,1,1,0.7612702676742209,1.1596563578969423,1,0.7612671256065369,1.1596388816833496
regularized_cssd_shrinkage_lda,42,5,73,0,0,0.04084940046566323,-3.1561559559353727,0,0.04084935784339905,-3.1561570167541504
regularized_cssd_shrinkage_lda,42,5,76,0,0,0.39242093856419996,-0.43714722250513194,0,0.39242008328437805,-0.437150776386261
regularized_cssd_shrinkage_lda,42,5,34,1,1,0.9457583610684862,2.85853824468456,1,0.9457583427429199,2.8585379123687744
regularized_cssd_shrinkage_lda,42,5,92,0,0,0.48706889867029246,-0.05173594196594644,0,0.4870709180831909,-0.051727816462516785
regularized_cssd_shrinkage_lda,42,5,59,0,0,0.0005383775708094365,-7.526411916925536,0,0.0005383779644034803,-7.526411056518555
regularized_cssd_shrinkage_lda,42,5,66,0,1,0.8930338709380367,2.1221122760127518,1,0.8930335640907288,2.1221094131469727
regularized_cssd_shrinkage_lda,42,5,292,1,0,0.3794721778217245,-0.4917891605351603,0,0.3794730305671692,-0.49178558588027954
regularized_cssd_shrinkage_lda,42,5,26,0,0,0.02490414382899591,-3.667501571727122,0,0.024903863668441772,-3.667513132095337
regularized_cssd_shrinkage_lda,42,5,69,1,1,0.7927327040219199,1.3414768502927128,1,0.7927334904670715,1.3414815664291382
regularized_cssd_shrinkage_lda,42,5,121,1,0,0.16167966119200056,-1.6457833157713488,0,0.16168071329593658,-1.6457756757736206
regularized_cssd_shrinkage_lda,42,5,57,0,0,3.127846929612449e-05,-10.372549300071961,0,3.127865420538001e-05,-10.372543334960938
regularized_cssd_shrinkage_lda,42,5,203,0,0,0.10478270154129371,-2.1451777837458295,0,0.10478267073631287,-2.1451780796051025
regularized_cssd_shrinkage_lda,42,5,3,1,1,0.9997145732059867,8.161239507474908,1,0.9997145533561707,8.161230087280273
regularized_cssd_shrinkage_lda,42,5,245,1,1,0.9464445951842488,2.8719957103497338,1,0.9464446902275085,2.8719983100891113
regularized_cssd_shrinkage_lda,42,5,273,1,1,0.9933688905076463,5.009329951560041,1,0.9933688044548035,5.009316921234131
regularized_cssd_shrinkage_lda,42,5,303,0,0,0.07844406625303635,-2.4636776348452845,0,0.07844482362270355,-2.463667154312134
regularized_cssd_shrinkage_lda,42,5,28,0,0,0.006107003141921643,-5.0921933831062605,0,0.006107051391154528,-5.0921854972839355
regularized_cssd_shrinkage_lda,42,5,222,1,1,0.7633888317291763,1.171349356955696,1,0.7633867263793945,1.1713378429412842
regularized_cssd_shrinkage_lda,42,5,266,1,1,0.9964553031099536,5.638751631952788,1,0.9964554309844971,5.638765811920166
regularized_cssd_shrinkage_lda,42,5,159,0,1,0.5938980929094033,0.3801036130938067,1,0.5938970446586609,0.38009917736053467
regularized_cssd_shrinkage_lda,42,5,16,1,1,0.5034310568186917,0.013724442699085904,1,0.5034324526786804,0.013730064034461975
toeplitz_lda,42,5,145,1,1,0.7788390128094393,1.2589134805789217,1,0.7788363695144653,1.2588979005813599
toeplitz_lda,42,5,151,1,1,0.8308900130313335,1.5919481174362162,1,0.8308866024017334,1.5919239521026611
toeplitz_lda,42,5,286,0,0,0.2053183650979591,-1.353379800248323,0,0.20531655848026276,-1.3533909320831299
toeplitz_lda,42,5,283,0,0,0.0003432499911204154,-7.976708230270458,0,0.00034325290471315384,-7.9766998291015625
toeplitz_lda,42,5,236,1,1,0.9456349402532354,2.8561349328792955,1,0.9456347823143005,2.856132745742798
toeplitz_lda,42,5,64,0,0,0.33658948317205284,-0.6785299423297393,0,0.33658620715141296,-0.6785445809364319
toeplitz_lda,42,5,229,0,0,0.005004359736783543,-5.292428875638438,0,0.005004463717341423,-5.292407989501953
toeplitz_lda,42,5,115,0,0,0.49496493978202044,-0.020140921702664547,0,0.4949639141559601,-0.020145004615187645
toeplitz_lda,42,5,12,0,0,0.07980518648476463,-2.4449969055601275,0,0.07980473339557648,-2.445003032684326
toeplitz_lda,42,5,279,0,0,0.2359103388847917,-1.175233326903275,0,0.23590706288814545,-1.1752514839172363
toeplitz_lda,42,5,225,0,1,0.7809851210402545,1.2714164305292521,1,0.7809832096099854,1.2714052200317383
toeplitz_lda,42,5,181,1,1,0.9979610105476316,6.193259889325222,1,0.9979610443115234,6.193267822265625
toeplitz_lda,42,5,42,0,0,0.24643068995443834,-1.1177402206813007,0,0.24643145501613617,-1.1177361011505127
toeplitz_lda,42,5,125,1,1,0.9957405110378141,5.4543375013969,1,0.9957404136657715,5.454321384429932
toeplitz_lda,42,5,27,0,0,0.15316830629051184,-1.7099646082763282,0,0.15316733717918396,-1.7099721431732178
toeplitz_lda,42,5,176,1,1,0.7781683135180907,1.2550239167464827,1,0.7781633734703064,1.2549951076507568
toeplitz_lda,42,5,168,1,1,0.9934007029672873,5.014170977145979,1,0.9934006929397583,5.014159202575684
toeplitz_lda,42,5,150,1,1,0.9985099860498478,6.507478671425454,1,0.99850994348526,6.507471561431885
toeplitz_lda,42,5,196,0,0,0.3250374462757273,-0.7307168183672085,0,0.32503774762153625,-0.7307155132293701
toeplitz_lda,42,5,84,1,1,0.9980355393987396,6.230571181834434,1,0.9980356097221375,6.230576038360596
toeplitz_lda,42,5,133,0,0,0.13755175546956,-1.83577489106393,0,0.1375509798526764,-1.835781455039978
toeplitz_lda,42,5,65,0,0,0.17141754508511983,-1.5756139907312054,0,0.17141976952552795,-1.5755982398986816
toeplitz_lda,42,5,300,0,1,0.973577859740167,3.606775495911931,1,0.9735779762268066,3.6067817211151123
toeplitz_lda,42,5,299,1,1,0.6354288676010427,0.5555784699500277,1,0.6354206204414368,0.5555428862571716
toeplitz_lda,42,5,177,1,1,0.8461571289825183,1.7047733105515468,1,0.8461592793464661,1.7047895193099976
toeplitz_lda,42,5,71,1,0,0.4676482468823366,-0.12958805683054497,0,0.4676443636417389,-0.12960369884967804
toeplitz_lda,42,5,39,1,1,0.7520184573936097,1.1094065496339527,1,0.7520135641098022,1.1093801259994507
toeplitz_lda,42,5,33,1,1,0.9981627051020735,6.297621968488984,1,0.9981626868247986,6.297616958618164
toeplitz_lda,42,5,155,1,0,0.26903534998265227,-0.999522316648194,0,0.26903393864631653,-0.9995296001434326
toeplitz_lda,42,5,77,1,1,0.9999600900556737,10.12884512314209,1,0.9999600648880005,10.128850936889648
toeplitz_lda,42,5,24,1,1,0.7497670601656179,1.0973703284610552,1,0.7497683763504028,1.0973775386810303
toeplitz_lda,42,5,31,0,0,0.00962266140390447,-4.633965140977761,0,0.009623021818697453,-4.633927345275879
toeplitz_lda,42,5,178,1,1,0.9994988480833371,7.598099998436224,1,0.9994988441467285,7.598097324371338
toeplitz_lda,42,5,44,1,1,0.6632525732836401,0.6778226990838158,1,0.6632502675056458,0.6778125166893005
toeplitz_lda,42,5,217,0,0,0.004186429449991316,-5.4717118511691565,0,0.004186443984508514,-5.471708297729492
toeplitz_lda,42,5,94,0,0,0.479008283423401,-0.08401625212086095,0,0.47901099920272827,-0.08400531113147736
toeplitz_lda,42,5,118,0,0,0.2543274593973322,-1.0756639032933835,0,0.25432541966438293,-1.0756746530532837
toeplitz_lda,42,5,275,0,1,0.5934994228935395,0.37845089298810497,1,0.5934983491897583,0.37844640016555786
toeplitz_lda,42,5,15,1,1,0.9531337651840984,3.0124577798006635,1,0.9531338214874268,3.012460231781006
toeplitz_lda,42,5,285,0,0,0.06299969247729714,-2.699553765370749,0,0.06299818307161331,-2.6995792388916016
toeplitz_lda,42,5,164,1,1,0.9173882833612048,2.407379292116225,1,0.9173861145973206,2.4073500633239746
toeplitz_lda,42,5,73,0,0,0.045604151101013374,-3.0410797760449304,0,0.04560435935854912,-3.0410749912261963
toeplitz_lda,42,5,76,0,0,0.4183356390510042,-0.3296095074177342,0,0.41833436489105225,-0.3296147584915161
toeplitz_lda,42,5,34,1,1,0.9685060855883756,3.4259604324609443,1,0.9685060977935791,3.4259588718414307
toeplitz_lda,42,5,92,0,1,0.6428281895630417,0.5876605594928151,1,0.6428321003913879,0.5876777768135071
toeplitz_lda,42,5,59,0,0,0.00015731405553068991,-8.757109070529994,0,0.00015731516759842634,-8.757102012634277
toeplitz_lda,42,5,66,0,1,0.9715553693288755,3.5309388466876284,1,0.971555233001709,3.530933380126953
toeplitz_lda,42,5,292,1,0,0.33284971033248445,-0.6953242745929198,0,0.33285024762153625,-0.6953219175338745
toeplitz_lda,42,5,26,0,0,0.09112951522987142,-2.2999208640761717,0,0.09112761169672012,-2.2999439239501953
toeplitz_lda,42,5,69,1,1,0.8427102060895977,1.6785332088835383,1,0.8427121639251709,1.6785482168197632
toeplitz_lda,42,5,121,1,0,0.15641302744469077,-1.6851628854810825,0,0.15641452372074127,-1.6851515769958496
toeplitz_lda,42,5,57,0,0,1.2528173926307597e-05,-11.287518007553118,0,1.2528347724583e-05,-11.287504196166992
toeplitz_lda,42,5,203,0,0,0.06388914211343867,-2.6845844804094003,0,0.06388895213603973,-2.6845877170562744
toeplitz_lda,42,5,3,1,1,0.9998841960016678,9.06349565480475,1,0.9998841285705566,9.063488006591797
toeplitz_lda,42,5,245,1,1,0.9350810539095608,2.6674937056636665,1,0.9350816607475281,2.667503833770752
toeplitz_lda,42,5,273,1,1,0.992866904589995,4.935851342350521,1,0.9928667545318604,4.935832500457764
toeplitz_lda,42,5,303,0,0,0.15108235842799156,-1.726137067032135,0,0.15108340978622437,-1.7261288166046143
toeplitz_lda,42,5,28,0,0,0.003142102992431294,-5.759715910664158,0,0.0031421398743987083,-5.759704113006592
toeplitz_lda,42,5,222,1,1,0.8617806235638145,1.830158633981321,1,0.861778974533081,1.8301444053649902
toeplitz_lda,42,5,266,1,1,0.9979332423418331,6.179705352074093,1,0.9979332685470581,6.179709434509277
toeplitz_lda,42,5,159,0,1,0.6910474225608402,0.8050206562505289,1,0.6910485029220581,0.8050256967544556
toeplitz_lda,42,5,16,1,1,0.6885502672073083,0.7933503714918416,1,0.6885519623756409,0.7933584451675415
baseline_cssd_lda,43,1,150,1,1,0.9944372419642424,5.186082956321691,1,0.9944372177124023,5.1860809326171875
baseline_cssd_lda,43,1,89,1,1,0.8738329855212431,1.9352827243416681,1,0.8738219141960144,1.9351818561553955
baseline_cssd_lda,43,1,308,0,0,0.010855165667877545,-4.512199701020837,0,0.010854390449821949,-4.512271881103516
baseline_cssd_lda,43,1,181,1,1,0.9813337208449339,3.9621939437617915,1,0.9813336730003357,3.962189197540283
baseline_cssd_lda,43,1,55,0,0,0.29572288591477847,-0.8677490870840389,0,0.2957353889942169,-0.8676890134811401
baseline_cssd_lda,43,1,3,1,1,0.9992082864140382,7.140518838285123,1,0.9992082715034485,7.140527725219727
baseline_cssd_lda,43,1,229,0,0,0.004089902555550583,-5.495135845178471,0,0.004090145230293274,-5.4950761795043945
baseline_cssd_lda,43,1,115,0,0,0.21250533707443986,-1.3098894897459368,0,0.2124921679496765,-1.3099682331085205
baseline_cssd_lda,43,1,264,1,1,0.8387475301816603,1.6489384713782564,1,0.8387416005134583,1.6488945484161377
baseline_cssd_lda,43,1,133,0,0,0.11000011759134955,-2.0907398957969514,0,0.10999597609043121,-2.0907821655273438
baseline_cssd_lda,43,1,252,0,0,0.018832254528966415,-3.9531723731156134,0,0.01883183978497982,-3.9531948566436768
baseline_cssd_lda,43,1,278,0,0,0.10208210127671496,-2.17430123331909,0,0.10207259654998779,-2.1744048595428467
baseline_cssd_lda,43,1,245,1,0,0.30653949503165373,-0.81634768258209,0,0.30655333399772644,-0.8162826299667358
baseline_cssd_lda,43,1,135,0,0,0.49564340241792654,-0.017426831350898397,0,0.4956431984901428,-0.01742757484316826
baseline_cssd_lda,43,1,279,0,1,0.6536983708708508,0.635335882665107,1,0.6536943316459656,0.6353179216384888
baseline_cssd_lda,43,1,307,0,1,0.6128534394867836,0.45932248937905595,1,0.6128538250923157,0.4593238830566406
baseline_cssd_lda,43,1,163,1,1,0.9683040293910765,3.4193565552377905,1,0.9683058857917786,3.419414520263672
baseline_cssd_lda,43,1,145,1,1,0.7864881450414132,1.3038852914634398,1,0.7864786386489868,1.303828477859497
baseline_cssd_lda,43,1,247,1,1,0.9667967943369875,3.371341905702023,1,0.9667975902557373,3.3713669776916504
baseline_cssd_lda,43,1,295,1,1,0.9578235951645643,3.12280268480641,1,0.9578253030776978,3.122845411300659
baseline_cssd_lda,43,1,273,1,1,0.989696730823442,4.564937323039138,1,0.9896960258483887,4.564865589141846
baseline_cssd_lda,43,1,37,1,1,0.9392771743133349,2.7387909476172716,1,0.9392814636230469,2.738865613937378
baseline_cssd_lda,43,1,168,1,1,0.9946656457470986,5.228238808589594,1,0.9946658611297607,5.228275775909424
baseline_cssd_lda,43,1,304,1,1,0.9958077869316724,5.470325480856936,1,0.9958078861236572,5.470336437225342
baseline_cssd_lda,43,1,84,1,1,0.978705664589266,3.827789854097742,1,0.9787065386772156,3.8278329372406006
baseline_cssd_lda,43,1,76,0,1,0.8138822807727031,1.4754363647404276,1,0.8138793706893921,1.4754167795181274
baseline_cssd_lda,43,1,175,0,0,0.03926989121582112,-3.1972354269628305,0,0.03926604241132736,-3.1973373889923096
baseline_cssd_lda,43,1,182,0,0,0.02835085934485294,-3.534337431190095,0,0.02834996208548546,-3.534369945526123
baseline_cssd_lda,43,1,230,1,1,0.9607021068880047,3.196493471432847,1,0.9607009291648865,3.196460723876953
baseline_cssd_lda,43,1,302,1,1,0.9949998731124758,5.293279320016511,1,0.9949997663497925,5.293243408203125
baseline_cssd_lda,43,1,147,0,0,0.39508099731479385,-0.42600376883590785,0,0.3950919210910797,-0.42595797777175903
baseline_cssd_lda,43,1,167,0,0,0.008062796711405631,-4.81239931928526,0,0.008062300272285938,-4.8124613761901855
baseline_cssd_lda,43,1,232,1,0,0.25857235202072176,-1.0534020350547968,0,0.2585660219192505,-1.0534350872039795
baseline_cssd_lda,43,1,154,1,1,0.7127962451045022,0.9090036970947091,1,0.7128116488456726,0.9090790748596191
baseline_cssd_lda,43,1,119,1,1,0.8820770150405859,2.012247629286345,1,0.8820908665657043,2.0123801231384277
baseline_cssd_lda,43,1,206,1,1,0.65045915583661,0.6210580877011542,1,0.6504417657852173,0.6209814548492432
baseline_cssd_lda,43,1,69,1,1,0.5581510333326858,0.23366147550117905,1,0.5581609606742859,0.233701691031456
baseline_cssd_lda,43,1,26,0,0,0.04077734143854377,-3.1579966555438608,0,0.04077596962451935,-3.158031702041626
baseline_cssd_lda,43,1,65,0,0,0.15913545909134574,-1.6646747944331197,0,0.15913520753383636,-1.664676547050476
baseline_cssd_lda,43,1,274,1,1,0.9924855562918249,4.883385463330788,1,0.9924853444099426,4.883347511291504
baseline_cssd_lda,43,1,101,1,1,0.9897227505958041,4.5674921974649365,1,0.9897235631942749,4.567569732666016
baseline_cssd_lda,43,1,208,0,0,0.02646856034177242,-3.6049724933167573,0,0.026470327749848366,-3.6049039363861084
baseline_cssd_lda,43,1,30,0,1,0.8653581865593062,1.860525491126059,1,0.8653497695922852,1.8604528903961182
baseline_cssd_lda,43,1,6,0,1,0.8024165999056574,1.4014671500871458,1,0.8024085164070129,1.401416301727295
baseline_cssd_lda,43,1,48,0,0,8.229152967604285e-06,-11.70781923948179,0,8.22893616714282e-06,-11.707845687866211
baseline_cssd_lda,43,1,105,0,0,0.47921430618700384,-0.08319072021090235,0,0.47922033071517944,-0.08316661417484283
baseline_cssd_lda,43,1,227,0,0,0.02688129461726663,-3.5890753967703954,0,0.026879850775003433,-3.5891306400299072
baseline_cssd_lda,43,1,285,0,0,0.025402739943462815,-3.647167279057033,0,0.025400592014193535,-3.64725399017334
baseline_cssd_lda,43,1,290,0,0,0.053374435151142194,-2.8755717352869983,0,0.05337362736463547,-2.8755877017974854
baseline_cssd_lda,43,1,246,0,0,0.028611932820270653,-3.5249021834023706,0,0.02861160971224308,-3.524913787841797
baseline_cssd_lda,43,1,138,1,1,0.9996662827458818,8.004882695114507,1,0.9996663331985474,8.004878997802734
baseline_cssd_lda,43,1,22,1,1,0.9015561758050648,2.214636281660864,1,0.9015597701072693,2.21467661857605
baseline_cssd_lda,43,1,207,0,0,0.004301688509491066,-5.444436689343107,0,0.004301678854972124,-5.444438934326172
baseline_cssd_lda,43,1,121,1,0,0.4911901808682836,-0.03524292390350081,0,0.49119311571121216,-0.035231124609708786
baseline_cssd_lda,43,1,170,1,0,0.18696129199563663,-1.4698771189834157,0,0.18695363402366638,-1.4699275493621826
baseline_cssd_lda,43,1,253,1,1,0.8488470037805955,1.7255864186608119,1,0.8488672375679016,1.7257444858551025
baseline_cssd_lda,43,1,314,0,0,0.025947295931629102,-3.6253980119694305,0,0.025949105620384216,-3.62532639503479
baseline_cssd_lda,43,1,291,1,0,0.2182427676070305,-1.275936191778654,0,0.21824586391448975,-1.2759180068969727
baseline_cssd_lda,43,1,132,1,1,0.8661225294274414,1.8671014045789216,1,0.8661240339279175,1.8671146631240845
baseline_cssd_lda,43,1,130,1,1,0.9875758139022761,4.375608202776499,1,0.987575888633728,4.375619888305664
baseline_cssd_lda,43,1,271,0,0,0.29136596570024154,-0.8887591304916731,0,0.2913680672645569,-0.8887490034103394
baseline_cssd_lda,43,1,43,0,1,0.7981357957935178,1.3746835382078302,1,0.7981481552124023,1.3747602701187134
baseline_cssd_lda,43,1,139,0,0,0.08426748743485526,-2.3857281914926505,0,0.0842747762799263,-2.385633707046509
baseline_cssd_lda,43,1,62,0,0,0.12725091005268904,-1.9254872961469183,0,0.12725383043289185,-1.9254610538482666
regularized_cssd,43,1,150,1,1,0.9934022491579063,5.014406857319439,1,0.9934023022651672,5.014413833618164
regularized_cssd,43,1,89,1,1,0.8356270282118263,1.6260443111080694,1,0.8356243968009949,1.6260250806808472
regularized_cssd,43,1,308,0,0,0.006320261945971469,-5.057654305176663,0,0.006320078391581774,-5.05768346786499
regularized_cssd,43,1,181,1,1,0.9861797661363352,4.267704916267393,1,0.9861800074577332,4.267726421356201
regularized_cssd,43,1,55,0,0,0.3765141652629988,-0.5043703758430409,0,0.3765186667442322,-0.5043511986732483
regularized_cssd,43,1,3,1,1,0.9993727760841865,7.373579537871705,1,0.9993727803230286,7.373579502105713
regularized_cssd,43,1,229,0,0,0.0038311363886885897,-5.560755318579374,0,0.0038312782999128103,-5.560718059539795
regularized_cssd,43,1,115,0,0,0.19691542645795282,-1.4056857011317816,0,0.19690446555614471,-1.4057549238204956
regularized_cssd,43,1,264,1,1,0.8876816556921947,2.06727598355551,1,0.8876823782920837,2.0672826766967773
regularized_cssd,43,1,133,0,0,0.10753541763114763,-2.116166569604186,0,0.10753500461578369,-2.116170883178711
regularized_cssd,43,1,252,0,0,0.01969463945851314,-3.907517625508328,0,0.019695082679390907,-3.90749454498291
regularized_cssd,43,1,278,0,0,0.09145732259120153,-2.2959694187111244,0,0.09145359694957733,-2.2960143089294434
regularized_cssd,43,1,245,1,0,0.32931902990724926,-0.7112665928193044,0,0.3293229043483734,-0.711249053478241
regularized_cssd,43,1,135,0,0,0.43414047051577237,-0.26497771976273465,0,0.4341353476047516,-0.2649987041950226
regularized_cssd,43,1,279,0,1,0.6184109729689252,0.4828090572430255,1,0.6184103488922119,0.4828064739704132
regularized_cssd,43,1,307,0,1,0.5214082240917864,0.085685282786993,1,0.5214096903800964,0.0856911763548851
regularized_cssd,43,1,163,1,1,0.9705329625625791,3.4945731029338525,1,0.9705336689949036,3.494598150253296
regularized_cssd,43,1,145,1,1,0.8332556292364227,1.6088785472376785,1,0.8332498669624329,1.608837366104126
regularized_cssd,43,1,247,1,1,0.9785245018019453,3.819133160108808,1,0.9785246253013611,3.8191375732421875
regularized_cssd,43,1,295,1,1,0.962241094265637,3.238043675641194,1,0.9622411131858826,3.2380428314208984
regularized_cssd,43,1,273,1,1,0.9883358165854678,4.439499635343407,1,0.9883354902267456,4.439467430114746
regularized_cssd,43,1,37,1,1,0.9442631341258042,2.8297630781969167,1,0.9442653656005859,2.829806089401245
regularized_cssd,43,1,168,1,1,0.9927755924023555,4.923039411750137,1,0.992775559425354,4.923036575317383
regularized_cssd,43,1,304,1,1,0.9959019874082725,5.493146724061924,1,0.9959020018577576,5.493152141571045
regularized_cssd,43,1,84,1,1,0.9745370014910466,3.6447361284222506,1,0.9745373725891113,3.6447513103485107
regularized_cssd,43,1,76,0,1,0.7457930467881926,1.0762994328496402,1,0.745795726776123,1.0763136148452759
regularized_cssd,43,1,175,0,0,0.03224782577545079,-3.4015254129815933,0,0.03224603086709976,-3.401582956314087
regularized_cssd,43,1,182,0,0,0.024894069305801972,-3.6679165173507444,0,0.02489350736141205,-3.6679396629333496
regularized_cssd,43,1,230,1,1,0.9659023377092578,3.343833902005929,1,0.9659020304679871,3.3438243865966797
regularized_cssd,43,1,302,1,1,0.994389834680055,5.1775491296816485,1,0.9943898320198059,5.177542209625244
regularized_cssd,43,1,147,0,0,0.38252020264502,-0.4788648818884811,0,0.3825285732746124,-0.4788292944431305
regularized_cssd,43,1,167,0,0,0.0057718029403634845,-5.1489822551024025,0,0.00577175198122859,-5.148991107940674
regularized_cssd,43,1,232,1,0,0.27835433333060494,-0.9526393696131088,0,0.2783490717411041,-0.9526656270027161
regularized_cssd,43,1,154,1,1,0.7092496849930461,0.8917427547208417,1,0.7092663645744324,0.8918236494064331
regularized_cssd,43,1,119,1,1,0.8584511866810289,1.8024851918286182,1,0.8584664463996887,1.8026108741760254
regularized_cssd,43,1,206,1,1,0.7159123084719166,0.9242747217719868,1,0.7159056663513184,0.9242419004440308
regularized_cssd,43,1,69,1,1,0.5259215568166281,0.10377927013833826,1,0.5259302854537964,0.10381420701742172
regularized_cssd,43,1,26,0,0,0.03718922059997241,-3.2538379512632094,0,0.03718878701329231,-3.253849983215332
regularized_cssd,43,1,65,0,0,0.1995581969513401,-1.3890579212112812,0,0.19955745339393616,-1.389062523841858
regularized_cssd,43,1,274,1,1,0.9925542607971461,4.892639732191956,1,0.9925540089607239,4.892604351043701
regularized_cssd,43,1,101,1,1,0.9928482697932761,4.933223538178544,1,0.9928485155105591,4.933261871337891
regularized_cssd,43,1,208,0,0,0.027872214643941812,-3.5518569605348356,0,0.02787281572818756,-3.55183482170105
regularized_cssd,43,1,30,0,1,0.8037007301779558,1.4095865921676092,1,0.8036922812461853,1.4095327854156494
regularized_cssd,43,1,6,0,1,0.7965650204039255,1.364962315422214,1,0.7965628504753113,1.3649486303329468
regularized_cssd,43,1,48,0,0,1.2755100328960525e-05,-11.269566585366327,0,1.2755064744851552e-05,-11.269569396972656
regularized_cssd,43,1,105,0,0,0.4289683445602543,-0.28606151941620594,0,0.4289758503437042,-0.28603097796440125
regularized_cssd,43,1,227,0,0,0.02714054024724259,-3.579211071473007,0,0.027140408754348755,-3.5792160034179688
regularized_cssd,43,1,285,0,0,0.028631985440281928,-3.524180937261054,0,0.02862880378961563,-3.5242953300476074
regularized_cssd,43,1,290,0,0,0.06259786622815254,-2.706381170039262,0,0.06259720027446747,-2.706392526626587
regularized_cssd,43,1,246,0,0,0.024252908045225677,-3.694666896153861,0,0.0242534838616848,-3.6946425437927246
regularized_cssd,43,1,138,1,1,0.9996227101528228,7.882119479468439,1,0.9996227025985718,7.882113456726074
regularized_cssd,43,1,22,1,1,0.8658082431006331,1.8643936571010151,1,0.8658120632171631,1.8644267320632935
regularized_cssd,43,1,207,0,0,0.0035932406841608236,-5.625101074250685,0,0.0035932320170104504,-5.62510347366333
regularized_cssd,43,1,121,1,1,0.5738409994585003,0.29753983617892354,1,0.5738472938537598,0.29756560921669006
regularized_cssd,43,1,170,1,0,0.18215860581430618,-1.5017906550705273,0,0.18215544521808624,-1.5018118619918823
regularized_cssd,43,1,253,1,1,0.8835081075750405,2.0260787907077864,1,0.88350909948349,2.026088237762451
regularized_cssd,43,1,314,0,0,0.02255826475027443,-3.768837177626564,0,0.022559281438589096,-3.7687909603118896
regularized_cssd,43,1,291,1,0,0.2642139729984249,-1.0241800736303575,0,0.26421716809272766,-1.0241636037826538
regularized_cssd,43,1,132,1,1,0.8374440515984414,1.6393322170375364,1,0.8374446034431458,1.6393364667892456
regularized_cssd,43,1,130,1,1,0.9865080453561692,4.292077925398827,1,0.9865081310272217,4.292079925537109
regularized_cssd,43,1,271,0,0,0.2412211869560313,-1.1459960152306008,0,0.24123354256153107,-1.1459285020828247
regularized_cssd,43,1,43,0,1,0.8713689996847871,1.9131176950048046,1,0.871378481388092,1.9132024049758911
regularized_cssd,43,1,139,0,0,0.056828009623018816,-2.8092193210592824,0,0.05683039873838425,-2.8091747760772705
regularized_cssd,43,1,62,0,0,0.10601659585952039,-2.132091564830407,0,0.10601849108934402,-2.1320714950561523
shrinkage_lda,43,1,150,1,1,0.9964104871553392,5.626142812951786,1,0.9964105486869812,5.626152038574219
shrinkage_lda,43,1,89,1,1,0.8211445712629748,1.5241213668023001,1,0.8211442232131958,1.5241187810897827
shrinkage_lda,43,1,308,0,0,0.007451737234143618,-4.891828447851987,0,0.007451838813722134,-4.891814708709717
shrinkage_lda,43,1,181,1,1,0.9919275163234207,4.8111888348469325,1,0.9919275045394897,4.811185836791992
shrinkage_lda,43,1,55,0,0,0.20624209733912643,-1.3477277977163187,0,0.20624329149723053,-1.3477205038070679
shrinkage_lda,43,1,3,1,1,0.9998025411175085,8.529782706834446,1,0.9998025298118591,8.529773712158203
shrinkage_lda,43,1,229,0,0,0.013570622080430802,-4.2861844192475775,0,0.013570839539170265,-4.286168098449707
shrinkage_lda,43,1,115,0,0,0.1902712031226465,-1.448248933661147,0,0.19026724994182587,-1.4482746124267578
shrinkage_lda,43,1,264,1,1,0.5934671572115623,0.37831715525686294,1,0.5934668183326721,0.378315806388855
shrinkage_lda,43,1,133,0,0,0.10660963254541743,-2.1258497577257547,0,0.106608547270298,-2.125861167907715
shrinkage_lda,43,1,252,0,0,0.03288913975277529,-3.381170627787449,0,0.032889459282159805,-3.3811604976654053
shrinkage_lda,43,1,278,0,0,0.08106494974757075,-2.427964763387527,0,0.08106394857168198,-2.427978277206421
shrinkage_lda,43,1,245,1,1,0.8391710987042672,1.6520735423646895,1,0.8391704559326172,1.652068853378296
shrinkage_lda,43,1,135,0,0,0.3637633290249955,-0.5590671571115933,0,0.3637638986110687,-0.5590646862983704
shrinkage_lda,43,1,279,0,0,0.4007807505888907,-0.4022130357279651,0,0.4007812738418579,-0.40221089124679565
shrinkage_lda,43,1,307,0,0,0.454774980906986,-0.18139583935703546,0,0.4547730088233948,-0.18140389025211334
shrinkage_lda,43,1,163,1,1,0.9881931302405674,4.427196609525314,1,0.9881932139396667,4.42720365524292
shrinkage_lda,43,1,145,1,1,0.9734504019248159,3.60183226614958,1,0.9734501242637634,3.6018226146698
shrinkage_lda,43,1,247,1,1,0.9424572627204354,2.795962644939877,1,0.9424576163291931,2.795969247817993
shrinkage_lda,43,1,295,1,1,0.9868336763102037,4.316839176833193,1,0.9868335127830505,4.316824436187744
shrinkage_lda,43,1,273,1,1,0.9960808091927541,5.53794318225064,1,0.9960808157920837,5.537944316864014
shrinkage_lda,43,1,37,1,1,0.9626225798450921,3.2485946308130886,1,0.962622344493866,3.2485883235931396
shrinkage_lda,43,1,168,1,1,0.9940640041241453,5.1207667839541156,1,0.9940641522407532,5.120785713195801
shrinkage_lda,43,1,304,1,1,0.999735489330122,8.237364422017716,1,0.9997355341911316,8.237375259399414
shrinkage_lda,43,1,84,1,1,0.9855478824755566,4.222356767093077,1,0.9855479598045349,4.2223639488220215
shrinkage_lda,43,1,76,0,0,0.4941388791944443,-0.02344555715365737,0,0.4941376745700836,-0.023450251668691635
shrinkage_lda,43,1,175,0,0,0.06377694668449968,-2.6864619650925916,0,0.06377605348825455,-2.686476945877075
shrinkage_lda,43,1,182,0,0,0.02521110641280317,-3.654936300065455,0,0.025210950523614883,-3.654942750930786
shrinkage_lda,43,1,230,1,1,0.8746001493177343,1.9422593722391135,1,0.8746009469032288,1.9422664642333984
shrinkage_lda,43,1,302,1,1,0.9883132217574787,4.437541535518726,1,0.9883132576942444,4.437543869018555
shrinkage_lda,43,1,147,0,1,0.5155631004304064,0.062272517629897606,1,0.5155671238899231,0.06228852644562721
shrinkage_lda,43,1,167,0,0,0.007373815331179735,-4.9024188864226925,0,0.007373779080808163,-4.902423858642578
shrinkage_lda,43,1,232,1,0,0.46860086179555194,-0.12576204642122185,0,0.46859943866729736,-0.1257678121328354
shrinkage_lda,43,1,154,1,1,0.8504618512677988,1.7382280206082499,1,0.8504657745361328,1.738258719444275
shrinkage_lda,43,1,119,1,1,0.951972479609861,2.986761938328986,1,0.9519747495651245,2.9868104457855225
shrinkage_lda,43,1,206,1,1,0.7550174861083546,1.1255540732624443,1,0.7550158500671387,1.1255453824996948
shrinkage_lda,43,1,69,1,1,0.7436356764187017,1.0649516609001992,1,0.7436370253562927,1.0649586915969849
shrinkage_lda,43,1,26,0,0,0.011777771442910007,-4.429693621235218,0,0.011777693405747414,-4.4297003746032715
shrinkage_lda,43,1,65,0,0,0.10808514625252487,-2.1104513648496126,0,0.10808443278074265,-2.1104588508605957
shrinkage_lda,43,1,274,1,1,0.9977330319838418,6.0870424745217235,1,0.9977328777313232,6.087008476257324
shrinkage_lda,43,1,101,1,1,0.998178945655236,6.306516920839069,1,0.9981789588928223,6.306530952453613
shrinkage_lda,43,1,208,0,0,0.022503649618984833,-3.771317056882257,0,0.022503487765789032,-3.771324396133423
shrinkage_lda,43,1,30,0,1,0.7822882524175566,1.2790513528177991,1,0.7822888493537903,1.2790549993515015
shrinkage_lda,43,1,6,0,1,0.8664609841502275,1.8700233924957894,1,0.8664595484733582,1.8700110912322998
shrinkage_lda,43,1,48,0,0,4.661914875316239e-06,-12.276079614854595,0,4.661903403757606e-06,-12.276082038879395
shrinkage_lda,43,1,105,0,1,0.5150318544608302,0.06014554259307592,1,0.5150325894355774,0.06014842167496681
shrinkage_lda,43,1,227,0,0,0.1543618192769637,-1.7007922632283559,0,0.15436173975467682,-1.700792908668518
shrinkage_lda,43,1,285,0,0,0.07878472770001649,-2.4589745793442055,0,0.07878277450799942,-2.4590015411376953
shrinkage_lda,43,1,290,0,0,0.2363699181725773,-1.1726854580787995,0,0.2363698035478592,-1.1726861000061035
shrinkage_lda,43,1,246,0,0,0.09658982951710333,-2.2357032299898045,0,0.09658975154161453,-2.235704183578491
shrinkage_lda,43,1,138,1,1,0.9998570739288337,8.85304010995252,1,0.9998570680618286,8.85304069519043
shrinkage_lda,43,1,22,1,1,0.8454506215198787,1.6993561180300572,1,0.8454513549804688,1.6993615627288818
shrinkage_lda,43,1,207,0,0,0.0019749253992278506,-6.225247775749489,0,0.0019749468192458153,-6.225236892700195
shrinkage_lda,43,1,121,1,0,0.23315661811478272,-1.19057217629613,0,0.23315706849098206,-1.1905696392059326
shrinkage_lda,43,1,170,1,0,0.19045212356278907,-1.4470750714893157,0,0.19045007228851318,-1.447088360786438
shrinkage_lda,43,1,253,1,1,0.9480901268538526,2.904940562147587,1,0.9480897188186646,2.9049336910247803
shrinkage_lda,43,1,314,0,0,0.04781785282259532,-2.9913572877787815,0,0.047817107290029526,-2.9913735389709473
shrinkage_lda,43,1,291,1,1,0.6880087773935711,0.7908265409494074,1,0.6880108714103699,0.7908362746238708
shrinkage_lda,43,1,132,1,1,0.7580666950211351,1.1421092810148306,1,0.7580676078796387,1.142114281654358
shrinkage_lda,43,1,130,1,1,0.9837619300594382,4.104025445137035,1,0.9837620854377747,4.104032516479492
shrinkage_lda,43,1,271,0,0,0.36602848355974676,-0.5492928723706246,0,0.3660273253917694,-0.5492979288101196
shrinkage_lda,43,1,43,0,1,0.957420623220437,3.11287279468861,1,0.9574208855628967,3.1128790378570557
shrinkage_lda,43,1,139,0,0,0.04812237728144285,-2.9846891858889433,0,0.048122767359018326,-2.984680652618408
shrinkage_lda,43,1,62,0,0,0.16328828523658173,-1.6339623246335184,0,0.1632901132106781,-1.6339489221572876
regularized_cssd_shrinkage_lda,43,1,150,1,1,0.9956327541704864,5.429245903420938,1,0.9956327080726624,5.429245948791504
regularized_cssd_shrinkage_lda,43,1,89,1,1,0.7528788723017582,1.1140257427406612,1,0.7528783082962036,1.1140227317810059
regularized_cssd_shrinkage_lda,43,1,308,0,0,0.004566684736994658,-5.384390633921526,0,0.0045667425729334354,-5.384377956390381
regularized_cssd_shrinkage_lda,43,1,181,1,1,0.9934721707097545,5.025131583306858,1,0.9934722185134888,5.025132656097412
regularized_cssd_shrinkage_lda,43,1,55,0,0,0.24807830881058787,-1.1088877268149997,0,0.24807970225811005,-1.1088802814483643
regularized_cssd_shrinkage_lda,43,1,3,1,1,0.999730618967775,8.219114286625127,1,0.99973064661026,8.219109535217285
regularized_cssd_shrinkage_lda,43,1,229,0,0,0.013747483982674316,-4.273056598960808,0,0.01374761387705803,-4.273046970367432
regularized_cssd_shrinkage_lda,43,1,115,0,0,0.19224426964285965,-1.4354928977582495,0,0.1922415941953659,-1.4355100393295288
regularized_cssd_shrinkage_lda,43,1,264,1,1,0.7186667813547235,0.9378580046764652,1,0.7186649441719055,0.9378490447998047
regularized_cssd_shrinkage_lda,43,1,133,0,0,0.10649582923746398,-2.1270451801886603,0,0.10649506747722626,-2.1270532608032227
regularized_cssd_shrinkage_lda,43,1,252,0,0,0.028117492540012157,-3.542843027074194,0,0.028117576614022255,-3.542840003967285
regularized_cssd_shrinkage_lda,43,1,278,0,0,0.06841962861627048,-2.6112227164631427,0,0.0684184581041336,-2.611241102218628
regularized_cssd_shrinkage_lda,43,1,245,1,1,0.8287433654552937,1.5767473177254339,1,0.8287438154220581,1.5767502784729004
regularized_cssd_shrinkage_lda,43,1,135,0,0,0.29119426079694277,-0.8895908890012638,0,0.2911951541900635,-0.8895865082740784
regularized_cssd_shrinkage_lda,43,1,279,0,0,0.36200597593629397,-0.5666681968287924,0,0.3620055615901947,-0.5666698813438416
regularized_cssd_shrinkage_lda,43,1,307,0,0,0.3733316909703594,-0.5179501115196139,0,0.37333062291145325,-0.5179546475410461
regularized_cssd_shrinkage_lda,43,1,163,1,1,0.9858778973985998,4.2457913801977485,1,0.9858778715133667,4.245791435241699
regularized_cssd_shrinkage_lda,43,1,145,1,1,0.9719840599643459,3.5465657699318465,1,0.9719839096069336,3.5465593338012695
regularized_cssd_shrinkage_lda,43,1,247,1,1,0.9622004057062662,3.2369243813117485,1,0.9622007012367249,3.2369325160980225
regularized_cssd_shrinkage_lda,43,1,295,1,1,0.9872340899225359,4.348128841585621,1,0.9872339963912964,4.348121643066406
regularized_cssd_shrinkage_lda,43,1,273,1,1,0.994656742041611,5.226562123264341,1,0.9946566820144653,5.226555824279785
regularized_cssd_shrinkage_lda,43,1,37,1,1,0.9723944063589577,3.561743069675539,1,0.9723944664001465,3.5617451667785645
regularized_cssd_shrinkage_lda,43,1,168,1,1,0.9914323512275193,4.751157377551478,1,0.9914324283599854,4.751171588897705
regularized_cssd_shrinkage_lda,43,1,304,1,1,0.999654696742476,7.970742156828872,1,0.9996546506881714,7.9707465171813965
regularized_cssd_shrinkage_lda,43,1,84,1,1,0.9852590347860143,4.2022742188286175,1,0.9852590560913086,4.202274322509766
regularized_cssd_shrinkage_lda,43,1,76,0,0,0.46240869472183305,-0.1506494952148999,0,0.4624083936214447,-0.150650754570961
regularized_cssd_shrinkage_lda,43,1,175,0,0,0.062217152388320866,-2.7128876928602264,0,0.062216535210609436,-2.7128982543945312
regularized_cssd_shrinkage_lda,43,1,182,0,0,0.02381930504196569,-3.7131513194525123,0,0.023819202557206154,-3.713155746459961
regularized_cssd_shrinkage_lda,43,1,230,1,1,0.8853067784098927,2.0436733016838478,1,0.8853070139884949,2.043675422668457
regularized_cssd_shrinkage_lda,43,1,302,1,1,0.9866557374814421,4.30323466313554,1,0.9866558313369751,4.303238391876221
regularized_cssd_shrinkage_lda,43,1,147,0,1,0.5187003117072386,0.07483615362373192,1,0.5187029242515564,0.07484661042690277
regularized_cssd_shrinkage_lda,43,1,167,0,0,0.008221941493532631,-4.792692978302383,0,0.008221886120736599,-4.792699813842773
regularized_cssd_shrinkage_lda,43,1,232,1,1,0.5218766543317457,0.08756252104253123,1,0.5218759179115295,0.08755961060523987
regularized_cssd_shrinkage_lda,43,1,154,1,1,0.8705870055545482,1.906158905378218,1,0.8705878257751465,1.906166434288025
regularized_cssd_shrinkage_lda,43,1,119,1,1,0.9435585590879274,2.8164547720498154,1,0.9435606598854065,2.8164939880371094
regularized_cssd_shrinkage_lda,43,1,206,1,1,0.7720523404134673,1.2199363068057942,1,0.772051215171814,1.2199296951293945
regularized_cssd_shrinkage_lda,43,1,69,1,1,0.7004177956140413,0.8492881559077088,1,0.7004193067550659,0.8492952585220337
regularized_cssd_shrinkage_lda,43,1,26,0,0,0.010777700363611056,-4.5194398601114285,0,0.010777676478028297,-4.519442081451416
regularized_cssd_shrinkage_lda,43,1,65,0,0,0.11358359021000444,-2.0546477851953027,0,0.11358354240655899,-2.0546483993530273
regularized_cssd_shrinkage_lda,43,1,274,1,1,0.9975819171856664,6.022359267173883,1,0.9975818395614624,6.0223307609558105
regularized_cssd_shrinkage_lda,43,1,101,1,1,0.9987469175232562,6.680894913574523,1,0.9987468719482422,6.680898189544678
regularized_cssd_shrinkage_lda,43,1,208,0,0,0.02762754414203141,-3.5609256648663434,0,0.02762734331190586,-3.5609331130981445
regularized_cssd_shrinkage_lda,43,1,30,0,1,0.6716830094494946,0.7158069408111709,1,0.6716843247413635,0.7158130407333374
regularized_cssd_shrinkage_lda,43,1,6,0,1,0.8509879536909645,1.7423708226093002,1,0.8509868383407593,1.7423620223999023
regularized_cssd_shrinkage_lda,43,1,48,0,0,9.514762248026592e-06,-11.562656529791077,0,9.514717930869665e-06,-11.562661170959473
regularized_cssd_shrinkage_lda,43,1,105,0,0,0.4811504820749242,-0.07543382120467701,0,0.481150358915329,-0.07543434202671051
regularized_cssd_shrinkage_lda,43,1,227,0,0,0.1690624567517922,-1.5922864202560054,0,0.16906258463859558,-1.5922855138778687
regularized_cssd_shrinkage_lda,43,1,285,0,0,0.08238083723636928,-2.41042959710827,0,0.08237908035516739,-2.4104528427124023
regularized_cssd_shrinkage_lda,43,1,290,0,0,0.23623857971981946,-1.1734132378825273,0,0.23623809218406677,-1.1734158992767334
regularized_cssd_shrinkage_lda,43,1,246,0,0,0.07014481696880846,-2.584466938010306,0,0.07014487683773041,-2.584465980529785
regularized_cssd_shrinkage_lda,43,1,138,1,1,0.999850155688648,8.805763871665466,1,0.9998501539230347,8.805760383605957
regularized_cssd_shrinkage_lda,43,1,22,1,1,0.7737665655442192,1.2297028711722542,1,0.7737668752670288,1.22970449924469
regularized_cssd_shrinkage_lda,43,1,207,0,0,0.0016732546048747405,-6.391310027874174,0,0.0016732661752030253,-6.391303062438965
regularized_cssd_shrinkage_lda,43,1,121,1,0,0.268598860322943,-1.0017430228740434,0,0.26859918236732483,-1.0017414093017578
regularized_cssd_shrinkage_lda,43,1,170,1,0,0.1842041684611387,-1.4881193635624415,0,0.18420284986495972,-1.4881281852722168
regularized_cssd_shrinkage_lda,43,1,253,1,1,0.9648045801270815,3.3110096162997813,1,0.9648045301437378,3.3110079765319824
regularized_cssd_shrinkage_lda,43,1,314,0,0,0.03935167265929057,-3.195069916317016,0,0.03935155272483826,-3.195073127746582
regularized_cssd_shrinkage_lda,43,1,291,1,1,0.7575197256483743,1.1391292133152455,1,0.7575207948684692,1.1391352415084839
regularized_cssd_shrinkage_lda,43,1,132,1,1,0.6906625629987849,0.8032186628917194,1,0.6906631588935852,0.8032214641571045
regularized_cssd_shrinkage_lda,43,1,130,1,1,0.9832355094392925,4.071585681408281,1,0.9832355976104736,4.071589946746826
regularized_cssd_shrinkage_lda,43,1,271,0,0,0.29562030559672925,-0.8682416698763566,0,0.29562118649482727,-0.8682374358177185
regularized_cssd_shrinkage_lda,43,1,43,0,1,0.9655151973050806,3.3321431167003004,1,0.9655148386955261,3.3321309089660645
regularized_cssd_shrinkage_lda,43,1,139,0,0,0.03873948208326548,-3.2113861738297116,0,0.03873990476131439,-3.2113747596740723
regularized_cssd_shrinkage_lda,43,1,62,0,0,0.13007900265157177,-1.9002604213024872,0,0.13007976114749908,-1.9002536535263062
toeplitz_lda,43,1,150,1,1,0.9983862116917305,6.427555785553565,1,0.9983862638473511,6.427563190460205
toeplitz_lda,43,1,89,1,1,0.8692843299313364,1.8946457569922737,1,0.8692839741706848,1.8946430683135986
toeplitz_lda,43,1,308,0,0,0.007764067217119401,-4.850454591666553,0,0.007764183916151524,-4.850439548492432
toeplitz_lda,43,1,181,1,1,0.9900756316408282,4.602788152652652,1,0.9900757670402527,4.6027960777282715
toeplitz_lda,43,1,55,0,0,0.16415732311060874,-1.6276151545745472,0,0.1641586422920227,-1.6276055574417114
toeplitz_lda,43,1,3,1,1,0.999822585912979,8.636846653179585,1,0.9998225569725037,8.63683795928955
toeplitz_lda,43,1,229,0,0,0.005825409863196792,-5.1396834754767955,0,0.005825516302138567,-5.139665126800537
toeplitz_lda,43,1,115,0,0,0.2689319344316224,-1.0000482526364998,0,0.2689254581928253,-1.000081181526184
toeplitz_lda,43,1,264,1,1,0.6414968618212954,0.5818668784670648,1,0.6414948105812073,0.5818578004837036
toeplitz_lda,43,1,133,0,0,0.08119246378647328,-2.426254240667257,0,0.08119162172079086,-2.4262654781341553
toeplitz_lda,43,1,252,0,0,0.015115883376187156,-4.176777915952085,0,0.01511611882597208,-4.176762104034424
toeplitz_lda,43,1,278,0,0,0.07050934876418558,-2.5788914416579285,0,0.07050860673189163,-2.5789027214050293
toeplitz_lda,43,1,245,1,1,0.8003611669342542,1.388553185067234,1,0.8003604412078857,1.388548493385315
toeplitz_lda,43,1,135,0,0,0.3781535148596896,-0.49739301667986396,0,0.3781542181968689,-0.49738994240760803
toeplitz_lda,43,1,279,0,1,0.5632552312866737,0.25438389576839915,1,0.5632554292678833,0.254384845495224
toeplitz_lda,43,1,307,0,1,0.5166601081786557,0.06666511137686315,1,0.516656219959259,0.0666494369506836
toeplitz_lda,43,1,163,1,1,0.9875495160907002,4.373467148022615,1,0.9875496029853821,4.373478412628174
toeplitz_lda,43,1,145,1,1,0.9368936489956989,2.6977483598784255,1,0.9368927478790283,2.69773268699646
toeplitz_lda,43,1,247,1,1,0.956762728208461,3.0968525315782784,1,0.9567629098892212,3.0968573093414307
toeplitz_lda,43,1,295,1,1,0.9752114400687232,3.672272055446842,1,0.9752110242843628,3.672255516052246
toeplitz_lda,43,1,273,1,1,0.996773081891577,5.732995607397237,1,0.9967730641365051,5.73298978805542
toeplitz_lda,43,1,37,1,1,0.9355214091709941,2.674770787152557,1,0.9355211853981018,2.674766778945923
toeplitz_lda,43,1,168,1,1,0.9954715809116048,5.392843684068854,1,0.995471715927124,5.392866611480713
toeplitz_lda,43,1,304,1,1,0.9996224124365336,7.88133040110296,1,0.9996223449707031,7.881345272064209
toeplitz_lda,43,1,84,1,1,0.9958121850095435,5.471379554611902,1,0.9958122372627258,5.471390724182129
toeplitz_lda,43,1,76,0,0,0.482092464361667,-0.07166079326938657,0,0.48209095001220703,-0.07166680693626404
toeplitz_lda,43,1,175,0,0,0.05037146711521124,-2.936646004011558,0,0.05037017539143562,-2.9366729259490967
toeplitz_lda,43,1,182,0,0,0.024573375439760663,-3.681211381313431,0,0.024573149159550667,-3.681220769882202
toeplitz_lda,43,1,230,1,1,0.9418809250913485,2.7853849384454916,1,0.9418813586235046,2.785392999649048
toeplitz_lda,43,1,302,1,1,0.9858836196605592,4.246202465533703,1,0.9858836531639099,4.2462077140808105
toeplitz_lda,43,1,147,0,0,0.2857146053549825,-0.9162891656352664,0,0.2857198417186737,-0.9162635803222656
toeplitz_lda,43,1,167,0,0,0.003202559290343489,-5.740597312137695,0,0.003202545689418912,-5.740601539611816
toeplitz_lda,43,1,232,1,1,0.5023176655904362,0.009270728759996648,1,0.5023145079612732,0.009258057922124863
toeplitz_lda,43,1,154,1,1,0.9245729914497186,2.5061665856039674,1,0.9245770573616028,2.506225347518921
toeplitz_lda,43,1,119,1,1,0.8713779694284902,1.913197723599194,1,0.8713856935501099,1.913266658782959
toeplitz_lda,43,1,206,1,1,0.7329444074476088,1.0096130079767238,1,0.7329419255256653,1.009600043296814
toeplitz_lda,43,1,69,1,1,0.7403119731151464,1.0475906686803242,1,0.7403154969215393,1.047608733177185
toeplitz_lda,43,1,26,0,0,0.03232830944368111,-3.3989495673671115,0,0.03232787549495697,-3.398963451385498
toeplitz_lda,43,1,65,0,0,0.1029345534195712,-2.165035438443679,0,0.10293383151292801,-2.165043354034424
toeplitz_lda,43,1,274,1,1,0.9937922577072378,5.075730918643664,1,0.9937919974327087,5.075689792633057
toeplitz_lda,43,1,101,1,1,0.9970224811156055,5.8136829538764445,1,0.9970225691795349,5.81370210647583
toeplitz_lda,43,1,208,0,0,0.017830140468913024,-4.008873956364206,0,0.017830124124884605,-4.008874893188477
toeplitz_lda,43,1,30,0,1,0.8247415651205353,1.5488084275511669,1,0.8247419595718384,1.5488111972808838
toeplitz_lda,43,1,6,0,1,0.906778767240882,2.274922988269795,1,0.9067776203155518,2.2749099731445312
toeplitz_lda,43,1,48,0,0,4.207071761192907e-06,-12.378739488851728,0,4.2070359995705076e-06,-12.378747940063477
toeplitz_lda,43,1,105,0,1,0.5294219756402155,0.1178240212616608,1,0.5294234752655029,0.11783012747764587
toeplitz_lda,43,1,227,0,0,0.08447419868321482,-2.383052399767423,0,0.08447414636611938,-2.3830530643463135
toeplitz_lda,43,1,285,0,0,0.11307852215461256,-2.059673989135618,0,0.11307426542043686,-2.0597164630889893
toeplitz_lda,43,1,290,0,0,0.21367096241058098,-1.3029380547822191,0,0.2136712521314621,-1.3029361963272095
toeplitz_lda,43,1,246,0,0,0.11432181671402103,-2.047336235365389,0,0.11432214081287384,-2.047333002090454
toeplitz_lda,43,1,138,1,1,0.9994163257966352,7.445583757147121,1,0.9994163513183594,7.445584774017334
toeplitz_lda,43,1,22,1,1,0.9243035920844819,2.5023098727995388,1,0.9243045449256897,2.5023229122161865
toeplitz_lda,43,1,207,0,0,0.003866772275183551,-5.5514608897963775,0,0.003866837127134204,-5.551444053649902
toeplitz_lda,43,1,121,1,0,0.2081620062589801,-1.336040164753515,0,0.20816250145435333,-1.336037278175354
toeplitz_lda,43,1,170,1,0,0.12427228803826504,-1.9525801820448623,0,0.12427085638046265,-1.952593445777893
toeplitz_lda,43,1,253,1,1,0.919778949689167,2.4393474159599435,1,0.9197785258293152,2.439340591430664
toeplitz_lda,43,1,314,0,0,0.05367922025847842,-2.869555635387817,0,0.053678371012210846,-2.869572401046753
toeplitz_lda,43,1,291,1,0,0.42230265148504237,-0.3133278724535281,0,0.4223058223724365,-0.313314825296402
toeplitz_lda,43,1,132,1,1,0.8356900561581881,1.6265032524373104,1,0.8356899619102478,1.626502513885498
toeplitz_lda,43,1,130,1,1,0.9843015471577325,4.138370138049611,1,0.9843016862869263,4.138378620147705
toeplitz_lda,43,1,271,0,0,0.24953901514149918,-1.1010723879114142,0,0.24954047799110413,-1.1010645627975464
toeplitz_lda,43,1,43,0,1,0.9608386504350745,3.200116217392444,1,0.9608393311500549,3.200134515762329
toeplitz_lda,43,1,139,0,0,0.035989974695196374,-3.287861275266076,0,0.035990502685308456,-3.287846088409424
toeplitz_lda,43,1,62,0,0,0.13299596208778897,-1.874724866589203,0,0.13299769163131714,-1.8747098445892334
baseline_cssd_lda,43,2,165,1,1,0.7941663270344963,1.3502244893341022,1,0.7941693663597107,1.350243091583252
baseline_cssd_lda,43,2,191,0,0,0.1295723636230507,-1.904745109420594,0,0.12957486510276794,-1.9047229290008545
baseline_cssd_lda,43,2,14,1,1,0.9589470311429162,3.1509726836974776,1,0.95894455909729,3.150908946990967
baseline_cssd_lda,43,2,152,0,0,0.43722258617583615,-0.2524417766996362,0,0.4372023940086365,-0.2525237202644348
baseline_cssd_lda,43,2,205,1,1,0.6809755559791569,0.7582586843278315,1,0.6809667944908142,0.7582183480262756
baseline_cssd_lda,43,2,309,0,1,0.9650311591308772,3.3177029859828577,1,0.9650277495384216,3.3176021575927734
baseline_cssd_lda,43,2,284,1,1,0.6142995418541908,0.465421609325287,1,0.6142913699150085,0.4653870463371277
baseline_cssd_lda,43,2,134,0,1,0.8988445966411336,2.1844521756069444,1,0.8988515734672546,2.1845295429229736
baseline_cssd_lda,43,2,184,0,0,0.048754306895688354,-2.9709788414288782,0,0.04875455051660538,-2.970973491668701
baseline_cssd_lda,43,2,2,0,0,0.07962131923100753,-2.447503308360954,0,0.07962128520011902,-2.4475038051605225
baseline_cssd_lda,43,2,296,0,0,0.012827480375708081,-4.343255042106579,0,0.012826742604374886,-4.343313217163086
baseline_cssd_lda,43,2,68,0,0,0.005371135526601192,-5.221330323412917,0,0.005371653940528631,-5.221233367919922
baseline_cssd_lda,43,2,67,0,1,0.568461856696855,0.27557831268786737,1,0.5684423446655273,0.275498628616333
baseline_cssd_lda,43,2,289,0,1,0.5384230979509331,0.15399600345446526,1,0.5384206175804138,0.1539861112833023
baseline_cssd_lda,43,2,186,0,0,0.08725361103699436,-2.3476391168414033,0,0.08725479245185852,-2.3476243019104004
baseline_cssd_lda,43,2,300,0,1,0.9983247040927579,6.390088767483027,1,0.9983248114585876,6.390131950378418
baseline_cssd_lda,43,2,56,1,1,0.6189645198358735,0.4851554579401207,1,0.6189643144607544,0.48515456914901733
baseline_cssd_lda,43,2,297,1,1,0.9819339040553178,3.9954869691091144,1,0.9819337725639343,3.995480537414551
baseline_cssd_lda,43,2,292,1,1,0.530252742355381,0.12115896487473488,1,0.5302436947822571,0.12112264335155487
baseline_cssd_lda,43,2,305,0,0,0.00042894424822621314,-7.753754568724995,0,0.00042894502985291183,-7.753752708435059
baseline_cssd_lda,43,2,98,1,1,0.9999019852907662,9.230294976820172,1,0.9999020099639893,9.230246543884277
baseline_cssd_lda,43,2,221,1,1,0.558981862554332,0.23703102379734148,1,0.558989405632019,0.23706166446208954
baseline_cssd_lda,43,2,11,1,1,0.9837068592414505,4.1005837385067005,1,0.9837073683738708,4.100617408752441
baseline_cssd_lda,43,2,157,0,0,0.0310981547925991,-3.439014825827157,0,0.03109786845743656,-3.4390242099761963
baseline_cssd_lda,43,2,35,1,1,0.9989530259567444,6.860803616439579,1,0.9989529848098755,6.860825538635254
baseline_cssd_lda,43,2,47,1,0,0.4467979290968214,-0.21361691106427344,0,0.446768194437027,-0.21373717486858368
baseline_cssd_lda,43,2,75,0,0,3.0777455757440936e-05,-10.388697313993124,0,3.077818109886721e-05,-10.388673782348633
baseline_cssd_lda,43,2,269,0,0,0.01468370429045869,-4.206224374804672,0,0.014682766050100327,-4.206289291381836
baseline_cssd_lda,43,2,199,0,0,0.2644723399072489,-1.0228514757203335,0,0.2644713521003723,-1.022856593132019
baseline_cssd_lda,43,2,148,0,1,0.8688318640439371,1.8906696436077917,1,0.8688296675682068,1.8906503915786743
baseline_cssd_lda,43,2,114,0,0,0.0033122662532642016,-5.706804891261565,0,0.003312199143692851,-5.706825256347656
baseline_cssd_lda,43,2,81,1,1,0.5778049937218027,0.3137691231565181,1,0.5777766704559326,0.3136531114578247
baseline_cssd_lda,43,2,110,1,1,0.7467207814364507,1.0811988178320393,1,0.7467313408851624,1.0812546014785767
baseline_cssd_lda,43,2,51,0,1,0.8895469977878547,2.0861222307597886,1,0.889544665813446,2.0860981941223145
baseline_cssd_lda,43,2,60,1,1,0.8669173423622406,1.8739732135289973,1,0.8669161796569824,1.8739633560180664
baseline_cssd_lda,43,2,17,0,1,0.5026920357288484,0.010768246966988304,1,0.5026769638061523,0.010707899928092957
baseline_cssd_lda,43,2,159,0,1,0.5967018013233538,0.39174125792326,1,0.5966969728469849,0.3917211890220642
baseline_cssd_lda,43,2,77,1,1,0.9998102665091716,8.569700398838174,1,0.9998102784156799,8.5696382522583
baseline_cssd_lda,43,2,29,0,0,0.00023415081486696102,-8.359310964001727,0,0.00023414273164235055,-8.359345436096191
baseline_cssd_lda,43,2,103,0,0,0.011870492548139829,-4.421758066604011,0,0.01186920516192913,-4.421867847442627
baseline_cssd_lda,43,2,16,1,1,0.6811815441487126,0.7592070184058803,1,0.6811698079109192,0.7591529488563538
baseline_cssd_lda,43,2,236,1,1,0.8801477640904312,1.9938301905094555,1,0.8801555037498474,1.993903398513794
baseline_cssd_lda,43,2,287,1,1,0.7554313518729021,1.127792874145328,1,0.7554265260696411,1.1277666091918945
baseline_cssd_lda,43,2,277,1,1,0.9989961942877611,6.9029524802824405,1,0.9989961981773376,6.902935028076172
baseline_cssd_lda,43,2,86,1,1,0.9771592533851934,3.756103568032657,1,0.9771565794944763,3.755984306335449
baseline_cssd_lda,43,2,164,1,1,0.8831540188737189,2.0226429452527084,1,0.8831393122673035,2.0225002765655518
baseline_cssd_lda,43,2,7,1,1,0.7675127831097452,1.1943198924415237,1,0.7674990296363831,1.1942427158355713
baseline_cssd_lda,43,2,250,1,0,0.09511786231989305,-2.2526879219893265,0,0.09511228650808334,-2.2527527809143066
baseline_cssd_lda,43,2,197,1,1,0.9989962270907131,6.902985192239011,1,0.9989963173866272,6.903040885925293
baseline_cssd_lda,43,2,215,0,0,0.009504097493635183,-4.646482708600519,0,0.00950391124933958,-4.646502494812012
baseline_cssd_lda,43,2,143,1,1,0.9428341256612216,2.802933248604954,1,0.942834734916687,2.802945137023926
baseline_cssd_lda,43,2,79,1,1,0.9992308516523404,7.169457252938897,1,0.9992308616638184,7.169499397277832
baseline_cssd_lda,43,2,283,0,0,0.0025953444343387727,-5.951437322997135,0,0.002595476107671857,-5.951386451721191
baseline_cssd_lda,43,2,45,0,0,0.26218898913854977,-1.0346221326464295,0,0.2621641159057617,-1.0347506999969482
baseline_cssd_lda,43,2,188,1,1,0.9197794425111794,2.439354095083935,1,0.9197818040847778,2.4393863677978516
baseline_cssd_lda,43,2,303,0,0,0.3581438285306688,-0.5834295852210551,0,0.35815730690956116,-0.5833709239959717
baseline_cssd_lda,43,2,9,0,0,0.005191398781732131,-5.255547182420444,0,0.005191539879888296,-5.255519866943359
baseline_cssd_lda,43,2,12,0,0,0.11395930721334471,-2.0509214478012527,0,0.11396990716457367,-2.050816535949707
baseline_cssd_lda,43,2,187,1,1,0.920682020803661,2.4516498956262565,1,0.9206812977790833,2.4516396522521973
baseline_cssd_lda,43,2,162,1,1,0.5738524278840297,0.2975865692866064,1,0.5738536715507507,0.2975916266441345
baseline_cssd_lda,43,2,212,1,0,0.38219220675132637,-0.48025375382263463,0,0.38217803835868835,-0.48031383752822876
baseline_cssd_lda,43,2,228,0,0,0.4956463110038298,-0.01741519612453124,0,0.4956674873828888,-0.017330482602119446
baseline_cssd_lda,43,2,158,0,0,0.07648119431354838,-2.491146278280036,0,0.07647698372602463,-2.491205930709839
baseline_cssd_lda,43,2,50,1,1,0.9949242144311263,5.27818526301178,1,0.9949240684509277,5.278162002563477
regularized_cssd,43,2,165,1,1,0.7510850706442271,1.1044077329234243,1,0.7510872483253479,1.1044193506240845
regularized_cssd,43,2,191,0,0,0.13830307799362504,-1.8294561158956688,0,0.13830357789993286,-1.8294519186019897
regularized_cssd,43,2,14,1,1,0.9694373157817743,3.45693602155193,1,0.9694349765777588,3.456855297088623
regularized_cssd,43,2,152,0,1,0.5962687102392051,0.3899418892529751,1,0.5962648391723633,0.3899258077144623
regularized_cssd,43,2,205,1,1,0.6261828425360737,0.515875615095782,1,0.6261749863624573,0.5158421397209167
regularized_cssd,43,2,309,0,1,0.9748455884394882,3.6572457965006393,1,0.9748441576957703,3.657189130783081
regularized_cssd,43,2,284,1,1,0.7161027024323294,0.9252110513504521,1,0.7160886526107788,0.9251418709754944
regularized_cssd,43,2,134,0,1,0.9246338460932224,2.5070395300290107,1,0.9246389865875244,2.507112979888916
regularized_cssd,43,2,184,0,0,0.040071394242941566,-3.1761961934686207,0,0.04007289186120033,-3.176157236099243
regularized_cssd,43,2,2,0,0,0.04840123057496443,-2.978618246761915,0,0.048401959240436554,-2.978602409362793
regularized_cssd,43,2,296,0,0,0.014868715472324429,-4.193515543172575,0,0.014867518097162247,-4.193597316741943
regularized_cssd,43,2,68,0,0,0.006545568271792196,-5.022399973612677,0,0.006546412128955126,-5.022270202636719
regularized_cssd,43,2,67,0,0,0.45922268542402284,-0.16347233010855172,0,0.4592075049877167,-0.16353343427181244
regularized_cssd,43,2,289,0,0,0.4640146304772183,-0.14419078210175756,0,0.4640105068683624,-0.14420738816261292
regularized_cssd,43,2,186,0,0,0.14278997042954866,-1.7923081515647834,0,0.14279115200042725,-1.792298436164856
regularized_cssd,43,2,300,0,1,0.9968841605287598,5.768135966068455,1,0.9968841671943665,5.768156051635742
regularized_cssd,43,2,56,1,1,0.6498750262425161,0.6184899184563257,1,0.6498726606369019,0.6184796094894409
regularized_cssd,43,2,297,1,1,0.9836622474747237,4.097804058075116,1,0.9836621880531311,4.0978007316589355
regularized_cssd,43,2,292,1,1,0.7283830124468984,0.9864340858969884,1,0.7283650636672974,0.9863434433937073
regularized_cssd,43,2,305,0,0,0.00043285367491205807,-7.744677872919482,0,0.0004328505019657314,-7.744685173034668
regularized_cssd,43,2,98,1,1,0.9999326069169041,9.604900774649403,1,0.9999326467514038,9.604838371276855
regularized_cssd,43,2,221,1,1,0.6832286525663769,0.7686493682200763,1,0.6832271814346313,0.7686424851417542
regularized_cssd,43,2,11,1,1,0.9815094931275268,3.971834227377018,1,0.9815095663070679,3.971839427947998
regularized_cssd,43,2,157,0,0,0.030942585900280505,-3.4441904414581623,0,0.030941104516386986,-3.444239854812622
regularized_cssd,43,2,35,1,1,0.9986696593967969,6.620989050608721,1,0.9986696243286133,6.620978832244873
regularized_cssd,43,2,47,1,0,0.4103032575527632,-0.36271187004855654,0,0.4102816879749298,-0.36280107498168945
regularized_cssd,43,2,75,0,0,3.437967765244808e-05,-10.278010553804423,0,3.437968553043902e-05,-10.278010368347168
regularized_cssd,43,2,269,0,0,0.010043258204994963,-4.590759662989981,0,0.010043010115623474,-4.590784549713135
regularized_cssd,43,2,199,0,0,0.228762185330847,-1.2153138036954918,0,0.22875197231769562,-1.2153717279434204
regularized_cssd,43,2,148,0,1,0.8588239155666584,1.805555976260271,1,0.8588240742683411,1.8055576086044312
regularized_cssd,43,2,114,0,0,0.0017877776908800322,-6.324992566247994,0,0.0017877903301268816,-6.324985504150391
regularized_cssd,43,2,81,1,0,0.43771632640394686,-0.25043543589062306,0,0.43770891427993774,-0.2504655420780182
regularized_cssd,43,2,110,1,1,0.6480480536434803,0.6104702002136927,1,0.6480656862258911,0.6105474233627319
regularized_cssd,43,2,51,0,1,0.8929838729506233,2.1215889781152217,1,0.8929839134216309,2.1215898990631104
regularized_cssd,43,2,60,1,1,0.8989840672425707,2.185987057085228,1,0.8989831805229187,2.1859772205352783
regularized_cssd,43,2,17,0,1,0.5463137113400568,0.18578740858695264,1,0.5462980270385742,0.1857241839170456
regularized_cssd,43,2,159,0,1,0.5595832648736131,0.2394709328694038,1,0.5595800280570984,0.2394576519727707
regularized_cssd,43,2,77,1,1,0.9998003956526529,8.518973789757073,1,0.9998003840446472,8.51893424987793
regularized_cssd,43,2,29,0,0,0.00027971673055924467,-8.181453387600724,0,0.0002797112974803895,-8.181472778320312
regularized_cssd,43,2,103,0,0,0.009556088800919833,-4.640974715672471,0,0.009555408731102943,-4.641046524047852
regularized_cssd,43,2,16,1,1,0.6738349594679519,0.7255817011077297,1,0.6738330125808716,0.7255730032920837
regularized_cssd,43,2,236,1,1,0.9054400117514289,2.2591865969899665,1,0.9054445624351501,2.259239435195923
regularized_cssd,43,2,287,1,1,0.7913628670505565,1.3331600702385893,1,0.7913722991943359,1.3332172632217407
regularized_cssd,43,2,277,1,1,0.9990994056302187,7.011554601598583,1,0.9990993738174438,7.011553764343262
regularized_cssd,43,2,86,1,1,0.9851277745847761,4.19327594582397,1,0.9851271510124207,4.193236351013184
regularized_cssd,43,2,164,1,1,0.8720896713760552,1.9195627919797371,1,0.8720773458480835,1.9194519519805908
regularized_cssd,43,2,7,1,1,0.7833010933876358,1.2850082973442583,1,0.783294677734375,1.2849706411361694
regularized_cssd,43,2,250,1,0,0.2039451959016653,-1.361816722632996,0,0.2039349377155304,-1.3618799448013306
regularized_cssd,43,2,197,1,1,0.9990471880512596,6.955139733179778,1,0.9990472197532654,6.955203056335449
regularized_cssd,43,2,215,0,0,0.006013947682308357,-5.107641789472947,0,0.006013725884258747,-5.1076788902282715
regularized_cssd,43,2,143,1,1,0.9367026960282829,2.6945232014715206,1,0.93670254945755,2.69452166557312
regularized_cssd,43,2,79,1,1,0.9994226522341422,7.456488244727925,1,0.9994226694107056,7.456523895263672
regularized_cssd,43,2,283,0,0,0.0015508704904812858,-6.467386824595968,0,0.001550936372950673,-6.467344284057617
regularized_cssd,43,2,45,0,0,0.19954202542129987,-1.389159164207493,0,0.19953300058841705,-1.3892157077789307
regularized_cssd,43,2,188,1,1,0.9397568690783068,2.747232635618974,1,0.9397575855255127,2.7472448348999023
regularized_cssd,43,2,303,0,0,0.2714484594585581,-0.9872860868840617,0,0.2714463174343109,-0.9872968792915344
regularized_cssd,43,2,9,0,0,0.004381458097495722,-5.425982626206036,0,0.004381566774100065,-5.425957679748535
regularized_cssd,43,2,12,0,0,0.1306464210092249,-1.8952553249618536,0,0.13065311312675476,-1.8951963186264038
regularized_cssd,43,2,187,1,1,0.8864655775362695,2.0551362225744016,1,0.8864620327949524,2.055101156234741
regularized_cssd,43,2,162,1,1,0.6104261364347505,0.4491038133769165,1,0.6104278564453125,0.44911113381385803
regularized_cssd,43,2,212,1,0,0.4913579863924503,-0.034571497306498056,0,0.49136465787887573,-0.03454490378499031
regularized_cssd,43,2,228,0,1,0.5564285274599291,0.22667978579373482,1,0.5564476251602173,0.22675709426403046
regularized_cssd,43,2,158,0,0,0.05832759609230686,-2.7815821198240602,0,0.05832543224096298,-2.7816214561462402
regularized_cssd,43,2,50,1,1,0.9970456950455371,5.821533188258513,1,0.9970456957817078,5.821518421173096
shrinkage_lda,43,2,165,1,1,0.7624933832953309,1.1663983479026965,1,0.7624939680099487,1.166401743888855
shrinkage_lda,43,2,191,0,0,0.10016347710024143,-2.1954094833961526,0,0.10016313195228577,-2.19541335105896
shrinkage_lda,43,2,14,1,1,0.9725121435846156,3.566138240141016,1,0.9725120663642883,3.5661346912384033
shrinkage_lda,43,2,152,0,0,0.2150851097018479,-1.2945414830276893,0,0.21508215367794037,-1.2945590019226074
shrinkage_lda,43,2,205,1,1,0.7818125695517041,1.2762605648422223,1,0.7818114161491394,1.2762538194656372
shrinkage_lda,43,2,309,0,1,0.7805416819063548,1.2688258229444598,1,0.7805388569831848,1.268809199333191
shrinkage_lda,43,2,284,1,1,0.9282355759694848,2.559896687766536,1,0.9282345771789551,2.559882164001465
shrinkage_lda,43,2,134,0,1,0.7891208431697323,1.3196342160619028,1,0.7891221642494202,1.3196423053741455
shrinkage_lda,43,2,184,0,0,0.03641749203396966,-3.275608908181099,0,0.03641876205801964,-3.2755727767944336
shrinkage_lda,43,2,2,0,0,0.07650053989765261,-2.4908724167247103,0,0.07650134712457657,-2.490860939025879
shrinkage_lda,43,2,296,0,0,0.020124604542097378,-3.88548224305931,0,0.020124219357967377,-3.8855018615722656
shrinkage_lda,43,2,68,0,0,0.06800153591650596,-2.6178008747766848,0,0.06800270825624466,-2.6177823543548584
shrinkage_lda,43,2,67,0,0,0.4114579492353851,-0.35794155237601843,0,0.4114527702331543,-0.3579629957675934
shrinkage_lda,43,2,289,0,0,0.3180024829837362,-0.7629668262235684,0,0.31800150871276855,-0.7629712820053101
shrinkage_lda,43,2,186,0,0,0.4166558551620955,-0.3365167184049125,0,0.4166547358036041,-0.3365212678909302
shrinkage_lda,43,2,300,0,1,0.9744140499356914,3.6397929407027343,1,0.9744144082069397,3.6398074626922607
shrinkage_lda,43,2,56,1,1,0.9063207173149951,2.2695161738408673,1,0.9063208103179932,2.269517183303833
shrinkage_lda,43,2,297,1,1,0.974314893542538,3.6358232420741174,1,0.9743150472640991,3.635831117630005
shrinkage_lda,43,2,292,1,1,0.7682511790464956,1.1984626188728718,1,0.7682521343231201,1.19846773147583
shrinkage_lda,43,2,305,0,0,0.002452728315833134,-6.008098534535478,0,0.002452733926475048,-6.008096218109131
shrinkage_lda,43,2,98,1,1,0.999928382030174,9.54409291972895,1,0.99992835521698,9.544088363647461
shrinkage_lda,43,2,221,1,0,0.33950565573406644,-0.6654979552481577,0,0.33950385451316833,-0.6655060648918152
shrinkage_lda,43,2,11,1,1,0.7268557131468713,0.9787278101498393,1,0.7268566489219666,0.9787324070930481
shrinkage_lda,43,2,157,0,0,0.1694804811407126,-1.5893136666393695,0,0.1694791465997696,-1.5893231630325317
shrinkage_lda,43,2,35,1,1,0.9989167132269016,6.8266716769582985,1,0.998916745185852,6.826671600341797
shrinkage_lda,43,2,47,1,0,0.4727399242199808,-0.10914853505189825,0,0.4727346897125244,-0.10916957259178162
shrinkage_lda,43,2,75,0,0,0.00018974678768516964,-8.569630306235368,0,0.00018974147678818554,-8.569658279418945
shrinkage_lda,43,2,269,0,0,0.01585561625636886,-4.128248842233347,0,0.015855401754379272,-4.128262519836426
shrinkage_lda,43,2,199,0,0,0.23757608930790727,-1.166014766047469,0,0.2375742793083191,-1.1660246849060059
shrinkage_lda,43,2,148,0,1,0.9129475525707882,2.350167652755922,1,0.9129474759101868,2.3501672744750977
shrinkage_lda,43,2,114,0,0,0.031195082620573935,-3.435802793889593,0,0.031194867566227913,-3.435809850692749
shrinkage_lda,43,2,81,1,1,0.575361317623826,0.30375957370716533,1,0.5753558874130249,0.3037373721599579
shrinkage_lda,43,2,110,1,0,0.16567583486148096,-1.6165889369424553,0,0.16567741334438324,-1.6165775060653687
shrinkage_lda,43,2,51,0,1,0.8512221049957163,1.7442185311802239,1,0.8512205481529236,1.7442057132720947
shrinkage_lda,43,2,60,1,1,0.6935399683019278,0.8167215262464714,1,0.6935395002365112,0.8167194128036499
shrinkage_lda,43,2,17,0,1,0.5117058107408566,0.046831800447076244,1,0.5117079019546509,0.04684010520577431
shrinkage_lda,43,2,159,0,0,0.4299181039288802,-0.28218529325653585,0,0.4299149811267853,-0.282198041677475
shrinkage_lda,43,2,77,1,1,0.9998990488600445,9.200772964755597,1,0.9998990297317505,9.200772285461426
shrinkage_lda,43,2,29,0,0,0.0009454605817760369,-6.962892453271207,0,0.0009454609244130552,-6.962892055511475
shrinkage_lda,43,2,103,0,0,0.05230273814550313,-2.896986382919563,0,0.05230354890227318,-2.89697003364563
shrinkage_lda,43,2,16,1,0,0.3001656413944888,-0.8465092162126806,0,0.30016499757766724,-0.8465121388435364
shrinkage_lda,43,2,236,1,1,0.9598072007693919,3.173044575796731,1,0.9598073959350586,3.173048496246338
shrinkage_lda,43,2,287,1,0,0.26499839056458213,-1.020148936291911,0,0.26499828696250916,-1.0201495885849
shrinkage_lda,43,2,277,1,1,0.9934463727868301,5.021161413089873,1,0.9934465289115906,5.021185398101807
shrinkage_lda,43,2,86,1,1,0.9937937884343484,5.075979072884552,1,0.9937938451766968,5.075995445251465
shrinkage_lda,43,2,164,1,1,0.800044447099095,1.386572178643864,1,0.8000428080558777,1.3865619897842407
shrinkage_lda,43,2,7,1,1,0.5315878963335164,0.12652008636895107,1,0.5315918922424316,0.1265360414981842
shrinkage_lda,43,2,250,1,0,0.17472450436277134,-1.5525067920080193,0,0.17472369968891144,-1.5525124073028564
shrinkage_lda,43,2,197,1,1,0.9950340939989296,5.30018124348999,1,0.9950340986251831,5.3001837730407715
shrinkage_lda,43,2,215,0,0,0.25802201658025115,-1.056274653923008,0,0.25802093744277954,-1.056280255317688
shrinkage_lda,43,2,143,1,1,0.9280274890207486,2.5567770999769746,1,0.9280288815498352,2.5567984580993652
shrinkage_lda,43,2,79,1,1,0.9983639864306535,6.413855393313412,1,0.9983640313148499,6.413867473602295
shrinkage_lda,43,2,283,0,0,0.001898450826120204,-6.2648168248978475,0,0.001898488961160183,-6.264796733856201
shrinkage_lda,43,2,45,0,0,0.3055606479212049,-0.8209565532513401,0,0.3055592179298401,-0.8209632039070129
shrinkage_lda,43,2,188,1,1,0.9298110534812513,2.5837905555698684,1,0.929811418056488,2.583796739578247
shrinkage_lda,43,2,303,0,0,0.23618921586289648,-1.1736868478335687,0,0.23618842661380768,-1.1736912727355957
shrinkage_lda,43,2,9,0,0,0.009236351023787991,-4.675329111573323,0,0.009236498735845089,-4.6753129959106445
shrinkage_lda,43,2,12,0,0,0.04041489152783004,-3.1673026931469166,0,0.04041508212685585,-3.167297840118408
shrinkage_lda,43,2,187,1,1,0.8273832438851746,1.5671941477373428,1,0.8273839354515076,1.5671987533569336
shrinkage_lda,43,2,162,1,1,0.5648287456068755,0.260782938206374,1,0.5648319125175476,0.26079580187797546
shrinkage_lda,43,2,212,1,1,0.8473862174323448,1.7142461404847331,1,0.8473867177963257,1.714249610900879
shrinkage_lda,43,2,228,0,1,0.8099194468373613,1.4494868480452077,1,0.8099201917648315,1.4494915008544922
shrinkage_lda,43,2,158,0,0,0.09045922733044329,-2.3080406042636867,0,0.09046036750078201,-2.3080267906188965
shrinkage_lda,43,2,50,1,1,0.9867129547206366,4.307589649720093,1,0.9867129325866699,4.307590961456299
regularized_cssd_shrinkage_lda,43,2,165,1,1,0.7676970623373718,1.1953529195674784,1,0.7676976323127747,1.1953561305999756
regularized_cssd_shrinkage_lda,43,2,191,0,0,0.09172401004958859,-2.292764108514525,0,0.09172429889440536,-2.2927606105804443
regularized_cssd_shrinkage_lda,43,2,14,1,1,0.9717095380883857,3.536532217760072,1,0.9717093110084534,3.536524534225464
regularized_cssd_shrinkage_lda,43,2,152,0,0,0.3365955456455284,-0.6785027926300196,0,0.3365935981273651,-0.6785115003585815
regularized_cssd_shrinkage_lda,43,2,205,1,1,0.7593977386772802,1.149380467840054,1,0.7593977451324463,1.1493805646896362
regularized_cssd_shrinkage_lda,43,2,309,0,1,0.7644834967772275,1.177419449806529,1,0.7644809484481812,1.1774051189422607
regularized_cssd_shrinkage_lda,43,2,284,1,1,0.9414876368494525,2.7782231488611098,1,0.9414864778518677,2.778202772140503
regularized_cssd_shrinkage_lda,43,2,134,0,1,0.8420876430112655,1.6738439213928327,1,0.8420891761779785,1.6738553047180176
regularized_cssd_shrinkage_lda,43,2,184,0,0,0.026135443278276323,-3.6179798620474117,0,0.026136476546525955,-3.6179392337799072
regularized_cssd_shrinkage_lda,43,2,2,0,0,0.07037145271221742,-2.58099741516354,0,0.07037244737148285,-2.580982208251953
regularized_cssd_shrinkage_lda,43,2,296,0,0,0.02297595791563958,-3.7500628986119473,0,0.022975360974669456,-3.750089406967163
regularized_cssd_shrinkage_lda,43,2,68,0,0,0.0671603293970002,-2.6311506063535997,0,0.0671619325876236,-2.631124973297119
regularized_cssd_shrinkage_lda,43,2,67,0,0,0.3603693060083896,-0.5737616135146795,0,0.3603655695915222,-0.5737777352333069
regularized_cssd_shrinkage_lda,43,2,289,0,0,0.2769257800036017,-0.9597623444275755,0,0.2769247889518738,-0.9597672820091248
regularized_cssd_shrinkage_lda,43,2,186,0,1,0.5124454142280686,0.04979194153295827,1,0.5124438405036926,0.04978557676076889
regularized_cssd_shrinkage_lda,43,2,300,0,1,0.9680312343663267,3.41050500148173,1,0.9680317640304565,3.4105210304260254
regularized_cssd_shrinkage_lda,43,2,56,1,1,0.8906421967997796,2.0973176675255973,1,0.8906422853469849,2.0973188877105713
regularized_cssd_shrinkage_lda,43,2,297,1,1,0.9792403055294896,3.8537637316343605,1,0.9792402982711792,3.853764772415161
regularized_cssd_shrinkage_lda,43,2,292,1,1,0.8238251138376806,1.542481093844655,1,0.8238248229026794,1.5424789190292358
regularized_cssd_shrinkage_lda,43,2,305,0,0,0.0017354883364640002,-6.354729447206388,0,0.001735485391691327,-6.35473108291626
regularized_cssd_shrinkage_lda,43,2,98,1,1,0.9999364041697141,9.662899053457364,1,0.9999363422393799,9.662893295288086
regularized_cssd_shrinkage_lda,43,2,221,1,0,0.40372478528796446,-0.38996890884607716,0,0.40372249484062195,-0.38997840881347656
regularized_cssd_shrinkage_lda,43,2,11,1,1,0.6775234222760277,0.7424136173955498,1,0.677524745464325,0.7424197196960449
regularized_cssd_shrinkage_lda,43,2,157,0,0,0.153683955556369,-1.705994607793444,0,0.15368327498435974,-1.7059998512268066
regularized_cssd_shrinkage_lda,43,2,35,1,1,0.9990603770039133,6.969091766423851,1,0.999060332775116,6.969088554382324
regularized_cssd_shrinkage_lda,43,2,47,1,0,0.44784886027987236,-0.20936600259272842,0,0.4478433132171631,-0.20938843488693237
regularized_cssd_shrinkage_lda,43,2,75,0,0,0.0001579882448399194,-8.752831926726154,0,0.00015798350796103477,-8.752861976623535
regularized_cssd_shrinkage_lda,43,2,269,0,0,0.01384601352403864,-4.2658151563030975,0,0.013845882378518581,-4.265824794769287
regularized_cssd_shrinkage_lda,43,2,199,0,0,0.18044620622583565,-1.5133273313143065,0,0.18044348061084747,-1.513345718383789
regularized_cssd_shrinkage_lda,43,2,148,0,1,0.9232195037100134,2.486916368388794,1,0.9232195019721985,2.486917018890381
regularized_cssd_shrinkage_lda,43,2,114,0,0,0.016169624753655364,-4.108319032322433,0,0.01616949960589409,-4.1083269119262695
regularized_cssd_shrinkage_lda,43,2,81,1,0,0.4048546271048595,-0.38527764264673625,0,0.4048510789871216,-0.3852923512458801
regularized_cssd_shrinkage_lda,43,2,110,1,0,0.11343903902193925,-2.056084297556004,0,0.11344078183174133,-2.0560669898986816
regularized_cssd_shrinkage_lda,43,2,51,0,1,0.8468781307426504,1.710322665455434,1,0.8468769192695618,1.710313081741333
regularized_cssd_shrinkage_lda,43,2,60,1,1,0.7739408514810987,1.2306987672545626,1,0.7739408016204834,1.2306984663009644
regularized_cssd_shrinkage_lda,43,2,17,0,1,0.6202341921191677,0.49054236825974495,1,0.6202345490455627,0.4905439615249634
regularized_cssd_shrinkage_lda,43,2,159,0,0,0.4294996815939695,-0.28389272733659876,0,0.4294965863227844,-0.28390538692474365
regularized_cssd_shrinkage_lda,43,2,77,1,1,0.9998722452131518,8.965270096197676,1,0.9998722076416016,8.965271949768066
regularized_cssd_shrinkage_lda,43,2,29,0,0,0.0009312706687776589,-6.978028889285515,0,0.0009312685579061508,-6.978031158447266
regularized_cssd_shrinkage_lda,43,2,103,0,0,0.038433775082354106,-3.219626806882112,0,0.03843444958329201,-3.2196085453033447
regularized_cssd_shrinkage_lda,43,2,16,1,0,0.2971237359367139,-0.8610321936725778,0,0.2971247136592865,-0.8610274791717529
regularized_cssd_shrinkage_lda,43,2,236,1,1,0.9727987609153982,3.576914710635707,1,0.9727988839149475,3.5769169330596924
regularized_cssd_shrinkage_lda,43,2,287,1,0,0.30282036012869923,-0.8339033516809149,0,0.3028201460838318,-0.8339043855667114
regularized_cssd_shrinkage_lda,43,2,277,1,1,0.9959383934697529,5.502106809274141,1,0.9959385395050049,5.502128601074219
regularized_cssd_shrinkage_lda,43,2,86,1,1,0.995667582886341,5.43728783862648,1,0.9956676959991455,5.437307834625244
regularized_cssd_shrinkage_lda,43,2,164,1,1,0.8059966059248292,1.4242038773432566,1,0.8059945106506348,1.4241905212402344
regularized_cssd_shrinkage_lda,43,2,7,1,1,0.6110813299924216,0.4518598127285174,1,0.6110842823982239,0.45187222957611084
regularized_cssd_shrinkage_lda,43,2,250,1,0,0.26229356651777197,-1.0340815994720227,0,0.26229235529899597,-1.034087896347046
regularized_cssd_shrinkage_lda,43,2,197,1,1,0.9959851600177128,5.5137348662605445,1,0.9959851503372192,5.513740062713623
regularized_cssd_shrinkage_lda,43,2,215,0,0,0.26454761044728864,-1.0224645690718854,0,0.2645460367202759,-1.022472620010376
regularized_cssd_shrinkage_lda,43,2,143,1,1,0.9254342738542785,2.5185821459934274,1,0.9254356622695923,2.5186026096343994
regularized_cssd_shrinkage_lda,43,2,79,1,1,0.9986546762716347,6.609774375166381,1,0.9986547231674194,6.609787940979004
regularized_cssd_shrinkage_lda,43,2,283,0,0,0.0016077503611803719,-6.4313103241210055,0,0.0016077856998890638,-6.431288242340088
regularized_cssd_shrinkage_lda,43,2,45,0,0,0.28425048725176844,-0.9234744164256006,0,0.28424790501594543,-0.9234871864318848
regularized_cssd_shrinkage_lda,43,2,188,1,1,0.9520096029976309,2.987574193480791,1,0.9520096182823181,2.987575054168701
regularized_cssd_shrinkage_lda,43,2,303,0,0,0.18961131305821186,-1.4525377369228523,0,0.1896117776632309,-1.4525346755981445
regularized_cssd_shrinkage_lda,43,2,9,0,0,0.01141918020754061,-4.4609759833296465,0,0.011419334448873997,-4.460962295532227
regularized_cssd_shrinkage_lda,43,2,12,0,0,0.04522220278239643,-3.049890462104594,0,0.045222602784633636,-3.0498812198638916
regularized_cssd_shrinkage_lda,43,2,187,1,1,0.7669688690712709,1.1912741588542803,1,0.7669705152511597,1.1912832260131836
regularized_cssd_shrinkage_lda,43,2,162,1,1,0.6120102093202061,0.4557699376728014,1,0.6120124459266663,0.45577937364578247
regularized_cssd_shrinkage_lda,43,2,212,1,1,0.8558544256938686,1.7812765766284226,1,0.8558560609817505,1.78128981590271
regularized_cssd_shrinkage_lda,43,2,228,0,1,0.7738384968465433,1.2301138316328228,1,0.7738389372825623,1.2301161289215088
regularized_cssd_shrinkage_lda,43,2,158,0,0,0.06250793185509954,-2.707914838791739,0,0.06250838190317154,-2.707907199859619
regularized_cssd_shrinkage_lda,43,2,50,1,1,0.9921805900272201,4.843296036455383,1,0.9921807050704956,4.843303203582764
toeplitz_lda,43,2,165,1,1,0.5372865406036372,0.14942356305417148,1,0.5372861623764038,0.14942212402820587
toeplitz_lda,43,2,191,0,0,0.11290186339341152,-2.061436639146776,0,0.11290142685174942,-2.061440944671631
toeplitz_lda,43,2,14,1,1,0.9317499274238249,2.6138859630153544,1,0.9317486882209778,2.6138665676116943
toeplitz_lda,43,2,152,0,0,0.2233899125420271,-1.246019675099249,0,0.22338730096817017,-1.2460347414016724
toeplitz_lda,43,2,205,1,1,0.8247925391904867,1.549161124938714,1,0.8247907757759094,1.5491490364074707
toeplitz_lda,43,2,309,0,1,0.9442043987152082,2.828647630511906,1,0.9442033767700195,2.8286287784576416
toeplitz_lda,43,2,284,1,1,0.9271596923927503,2.5438563407783397,1,0.9271578192710876,2.5438287258148193
toeplitz_lda,43,2,134,0,1,0.8132689918219338,1.4713927957357522,1,0.8132714033126831,1.4714086055755615
toeplitz_lda,43,2,184,0,0,0.02860332191171426,-3.5252120483501477,0,0.028604697436094284,-3.5251624584198
toeplitz_lda,43,2,2,0,0,0.03868510697938432,-3.212847334140733,0,0.038685739040374756,-3.2128303050994873
toeplitz_lda,43,2,296,0,0,0.02280042121286064,-3.7579118983048847,0,0.022799819707870483,-3.757938861846924
toeplitz_lda,43,2,68,0,0,0.02630519034990009,-3.611331646007657,0,0.026305805891752243,-3.6113076210021973
toeplitz_lda,43,2,67,0,0,0.4613578259807847,-0.15487754325641095,0,0.46135213971138,-0.1549004316329956
toeplitz_lda,43,2,289,0,0,0.1175730619769435,-2.0156160512013517,0,0.1175721064209938,-2.015625238418579
toeplitz_lda,43,2,186,0,0,0.3878042442866548,-0.45655140637070313,0,0.38780224323272705,-0.4565598964691162
toeplitz_lda,43,2,300,0,1,0.9931214955426558,4.972451755637694,1,0.9931215643882751,4.972468376159668
toeplitz_lda,43,2,56,1,1,0.8900552074553096,2.0913051378028724,1,0.8900551795959473,2.0913047790527344
toeplitz_lda,43,2,297,1,1,0.9875731736552643,4.37539304323733,1,0.9875732064247131,4.375399589538574
toeplitz_lda,43,2,292,1,1,0.5324962725839837,0.13016857593745224,1,0.5324926972389221,0.13015417754650116
toeplitz_lda,43,2,305,0,0,0.0003773906049122619,-7.881852357749162,0,0.00037739137769676745,-7.881850242614746
toeplitz_lda,43,2,98,1,1,0.9999776450239243,10.70843926325096,1,0.9999775886535645,10.708430290222168
toeplitz_lda,43,2,221,1,0,0.362203590445717,-0.5658126668557545,0,0.3622016906738281,-0.5658209919929504
toeplitz_lda,43,2,11,1,1,0.7960364141350558,1.361703453949833,1,0.796035885810852,1.361700177192688
toeplitz_lda,43,2,157,0,0,0.0531366258974777,-2.8802883667211843,0,0.053135909140110016,-2.880302667617798
toeplitz_lda,43,2,35,1,1,0.9990414373364204,6.949116598523769,1,0.9990413784980774,6.949112415313721
toeplitz_lda,43,2,47,1,1,0.6186194170369703,0.48369246647012853,1,0.6186087727546692,0.48364728689193726
toeplitz_lda,43,2,75,0,0,0.00010629848121730304,-9.1491532562889,0,0.00010629549069562927,-9.149181365966797
toeplitz_lda,43,2,269,0,0,0.006503816183885721,-5.028841110997184,0,0.0065036965534091,-5.028859615325928
toeplitz_lda,43,2,199,0,0,0.11603645713464453,-2.030511393312202,0,0.1160353571176529,-2.030522108078003
toeplitz_lda,43,2,148,0,1,0.8166586446909623,1.4938714471627803,1,0.8166592121124268,1.49387526512146
toeplitz_lda,43,2,114,0,0,0.029558827811639297,-3.4913683440403167,0,0.02955867163836956,-3.4913737773895264
toeplitz_lda,43,2,81,1,0,0.18516688688049082,-1.48172581340983,0,0.18516261875629425,-1.481754183769226
toeplitz_lda,43,2,110,1,0,0.17162628548722944,-1.5741450444360032,0,0.1716301590204239,-1.5741177797317505
toeplitz_lda,43,2,51,0,1,0.7339712435564305,1.0148654402617356,1,0.7339686751365662,1.0148524045944214
toeplitz_lda,43,2,60,1,1,0.8529334088547439,1.7577959922581243,1,0.8529331088066101,1.7577933073043823
toeplitz_lda,43,2,17,0,0,0.2932146835533267,-0.8798219164458347,0,0.29321321845054626,-0.8798289895057678
toeplitz_lda,43,2,159,0,1,0.5857652395197032,0.3464862267442217,1,0.5857642889022827,0.3464823365211487
toeplitz_lda,43,2,77,1,1,0.9998671232940867,8.925955997368218,1,0.9998670816421509,8.925950050354004
toeplitz_lda,43,2,29,0,0,0.0009204756228310608,-6.989699140651228,0,0.0009204692323692143,-6.989706039428711
toeplitz_lda,43,2,103,0,0,0.030253495708729004,-3.4674229631417104,0,0.03025379590690136,-3.4674127101898193
toeplitz_lda,43,2,16,1,1,0.6039705532312388,0.42203687480089136,1,0.603969931602478,0.4220343232154846
toeplitz_lda,43,2,236,1,1,0.8851358466097861,2.0419909769818254,1,0.885136604309082,2.041998863220215
toeplitz_lda,43,2,287,1,0,0.17767192309342764,-1.5322007148013534,0,0.17767278850078583,-1.53219473361969
toeplitz_lda,43,2,277,1,1,0.9945187146897858,5.200919297188895,1,0.9945189356803894,5.200949668884277
toeplitz_lda,43,2,86,1,1,0.9940681714109681,5.121473259337593,1,0.9940682649612427,5.121487140655518
toeplitz_lda,43,2,164,1,1,0.9211885176220732,2.4586060015771407,1,0.9211869239807129,2.458583354949951
toeplitz_lda,43,2,7,1,1,0.5930791178236161,0.376709035840628,1,0.5930818915367126,0.3767206072807312
toeplitz_lda,43,2,250,1,0,0.17510297873965278,-1.5498843050333349,0,0.17510049045085907,-1.5499016046524048
toeplitz_lda,43,2,197,1,1,0.9971678522466859,5.86388376585903,1,0.9971678853034973,5.863895416259766
toeplitz_lda,43,2,215,0,0,0.3046996204346251,-0.8250175127174443,0,0.3046970069408417,-0.8250297904014587
toeplitz_lda,43,2,143,1,1,0.946274162591246,2.868638310174086,1,0.9462752342224121,2.8686602115631104
toeplitz_lda,43,2,79,1,1,0.9993427806972973,7.326835365742522,1,0.9993427395820618,7.3268537521362305
toeplitz_lda,43,2,283,0,0,0.0010182858127156,-6.888615836588663,0,0.001018310198560357,-6.888591766357422
toeplitz_lda,43,2,45,0,0,0.140567444063678,-1.8105849502729638,0,0.1405654102563858,-1.810601830482483
toeplitz_lda,43,2,188,1,1,0.9447602578674974,2.839248539529051,1,0.9447607398033142,2.83925724029541
toeplitz_lda,43,2,303,0,0,0.28880321453333596,-0.9012036267046393,0,0.2888035476207733,-0.9012020230293274
toeplitz_lda,43,2,9,0,0,0.005112449975724648,-5.270950979099217,0,0.005112535785883665,-5.270934104919434
toeplitz_lda,43,2,12,0,0,0.1484660453844317,-1.7466830940560978,0,0.14846689999103546,-1.7466763257980347
toeplitz_lda,43,2,187,1,1,0.6059705302428627,0.4304056520858277,1,0.6059707999229431,0.4304068684577942
toeplitz_lda,43,2,162,1,1,0.8840147024566535,2.031010256480113,1,0.8840157985687256,2.0310206413269043
toeplitz_lda,43,2,212,1,1,0.8041954346555762,1.4127252713797451,1,0.804196834564209,1.4127343893051147
toeplitz_lda,43,2,228,0,1,0.722784197241773,0.9583144210293724,1,0.722786009311676,0.9583232998847961
toeplitz_lda,43,2,158,0,0,0.08517795033265925,-2.3739869636951116,0,0.08517961949110031,-2.3739655017852783
toeplitz_lda,43,2,50,1,1,0.9908985639220439,4.690179959961114,1,0.9908986687660217,4.690182685852051
baseline_cssd_lda,43,3,257,0,0,0.006148007340470686,-5.0854602751884315,0,0.00614769896492362,-5.085510730743408
baseline_cssd_lda,43,3,301,1,0,0.3518036601376593,-0.6111204077946357,0,0.3518065810203552,-0.6111075282096863
baseline_cssd_lda,43,3,20,0,0,0.003725274834428542,-5.588882417865929,0,0.003725379006937146,-5.5888543128967285
baseline_cssd_lda,43,3,53,1,1,0.8827879918244802,2.0191007411864907,1,0.8827887177467346,2.0191075801849365
baseline_cssd_lda,43,3,126,0,0,0.005634554316627729,-5.173186738309944,0,0.005634837318211794,-5.173136234283447
baseline_cssd_lda,43,3,268,1,1,0.8185850220609727,1.506790164027991,1,0.8185802102088928,1.5067579746246338
baseline_cssd_lda,43,3,155,1,0,0.31653048073011913,-0.769762517528414,0,0.31652963161468506,-0.7697664499282837
baseline_cssd_lda,43,3,263,1,1,0.8942285371924371,2.1346806216237,1,0.8942297101020813,2.134692668914795
baseline_cssd_lda,43,3,225,0,1,0.6268889524397371,0.5188933256263153,1,0.6268911361694336,0.5189025402069092
baseline_cssd_lda,43,3,180,0,0,0.08436962022093791,-2.384405380899315,0,0.08437054604291916,-2.3843934535980225
baseline_cssd_lda,43,3,195,0,0,0.08404666951386605,-2.388593180113804,0,0.0840442106127739,-2.388625144958496
baseline_cssd_lda,43,3,128,1,1,0.9941533576551508,5.136023939790101,1,0.9941529631614685,5.135951995849609
baseline_cssd_lda,43,3,41,1,0,0.40227644369494464,-0.3959888434750767,0,0.4022890031337738,-0.3959365487098694
baseline_cssd_lda,43,3,194,0,0,0.0024136168431704553,-6.024212357388911,0,0.002413591369986534,-6.0242228507995605
baseline_cssd_lda,43,3,193,1,1,0.9291659758516143,2.5739479312900087,1,0.9291653633117676,2.5739386081695557
baseline_cssd_lda,43,3,66,0,1,0.8897910079589657,2.0886081217745733,1,0.889789879322052,2.0885965824127197
baseline_cssd_lda,43,3,282,0,0,0.07006673039105675,-2.5856647512076774,0,0.07006914168596268,-2.585627794265747
baseline_cssd_lda,43,3,286,0,0,0.0787521472601096,-2.459423568560261,0,0.07875349372625351,-2.459404945373535
baseline_cssd_lda,43,3,293,1,1,0.9966373055734358,5.69164435270897,1,0.9966375827789307,5.6917338371276855
baseline_cssd_lda,43,3,95,0,0,0.30634226479487536,-0.817275672632206,0,0.30633682012557983,-0.817301332950592
baseline_cssd_lda,43,3,104,1,0,0.03323941942043916,-3.370214371368892,0,0.03323744609951973,-3.3702757358551025
baseline_cssd_lda,43,3,117,0,0,5.9558976230474986e-05,-9.728483978423442,0,5.9556521591730416e-05,-9.728525161743164
baseline_cssd_lda,43,3,13,0,0,0.020799002615871635,-3.851831895930374,0,0.020799919962882996,-3.8517868518829346
baseline_cssd_lda,43,3,33,1,1,0.9885631687098634,4.45941358171394,1,0.9885627031326294,4.4593729972839355
baseline_cssd_lda,43,3,74,0,1,0.5511344247720388,0.20525528860490413,1,0.551127016544342,0.20522527396678925
baseline_cssd_lda,43,3,223,1,1,0.5029700409377618,0.011880303482839139,1,0.5029644966125488,0.011858131736516953
baseline_cssd_lda,43,3,178,1,1,0.9836909803314826,4.099593494685739,1,0.9836898446083069,4.099520683288574
baseline_cssd_lda,43,3,38,0,0,0.09439704623464497,-2.261091186335609,0,0.09439317137002945,-2.261136531829834
baseline_cssd_lda,43,3,88,1,1,0.9462868527760503,2.8688879513126966,1,0.9462891221046448,2.8689334392547607
baseline_cssd_lda,43,3,177,1,1,0.7576972783055318,1.1400960763774168,1,0.757697343826294,1.1400961875915527
baseline_cssd_lda,43,3,313,0,0,0.0070759204419857955,-4.943956672616391,0,0.007075798697769642,-4.943974018096924
baseline_cssd_lda,43,3,171,1,0,0.11979419109604585,-1.994380557723654,0,0.11978971213102341,-1.9944230318069458
baseline_cssd_lda,43,3,83,1,1,0.9792585340946445,3.854660807029801,1,0.9792584776878357,3.8546555042266846
baseline_cssd_lda,43,3,259,0,0,0.21267123831554055,-1.3088984103478742,0,0.2126760184764862,-1.3088699579238892
baseline_cssd_lda,43,3,146,1,1,0.8029586758143656,1.4048897761942807,1,0.8029595017433167,1.4048951864242554
baseline_cssd_lda,43,3,315,0,0,0.3151171770335554,-0.7763032020297016,0,0.31515738368034363,-0.7761169075965881
baseline_cssd_lda,43,3,198,0,0,6.854944926316799e-06,-11.890533424103301,0,6.854748335172189e-06,-11.890562057495117
baseline_cssd_lda,43,3,233,1,1,0.9173588626558992,2.406991152576996,1,0.9173580408096313,2.406980276107788
baseline_cssd_lda,43,3,111,0,0,0.03814576911828318,-3.227448061678411,0,0.03814535588026047,-3.227459192276001
baseline_cssd_lda,43,3,73,0,0,0.01694018373320109,-4.060981433744175,0,0.01693960651755333,-4.061016082763672
baseline_cssd_lda,43,3,87,1,0,0.09862085863867488,-2.2126431824245505,0,0.09861867874860764,-2.21266770362854
baseline_cssd_lda,43,3,276,0,0,0.025355877913759768,-3.6490618278548803,0,0.025355109944939613,-3.64909291267395
baseline_cssd_lda,43,3,260,0,0,0.08070089500415231,-2.432861871573528,0,0.08069533109664917,-2.432936906814575
baseline_cssd_lda,43,3,97,1,1,0.6755780840077333,0.7335238666006125,1,0.6755879521369934,0.7335688471794128
baseline_cssd_lda,43,3,169,0,0,0.15299107235441606,-1.711331665844824,0,0.1529858261346817,-1.7113721370697021
baseline_cssd_lda,43,3,156,0,0,0.04989547926042866,-2.9466415977037412,0,0.04989364370703697,-2.9466803073883057
baseline_cssd_lda,43,3,149,0,0,0.058950647578420244,-2.7702949728538204,0,0.05895295366644859,-2.7702534198760986
baseline_cssd_lda,43,3,116,1,0,0.08301806667050667,-2.4020295152928615,0,0.0830204039812088,-2.40199875831604
baseline_cssd_lda,43,3,237,1,1,0.946562707924308,2.8743283651758476,1,0.9465616345405579,2.8743069171905518
baseline_cssd_lda,43,3,201,0,0,0.33120915617187174,-0.7027213036529549,0,0.33120548725128174,-0.7027378678321838
baseline_cssd_lda,43,3,222,1,1,0.8914327035050795,2.1054597227382534,1,0.8914253115653992,2.1053836345672607
baseline_cssd_lda,43,3,15,1,1,0.8398655347569288,1.657227931295095,1,0.8398658633232117,1.6572303771972656
baseline_cssd_lda,43,3,40,0,0,0.17322548764093199,-1.5629378578988486,0,0.17322517931461334,-1.562940001487732
baseline_cssd_lda,43,3,120,1,0,0.323715897319169,-0.7367469869924943,0,0.32369816303253174,-0.7368279099464417
baseline_cssd_lda,43,3,24,1,1,0.9158832383348303,2.38768303399896,1,0.9158807992935181,2.387651205062866
baseline_cssd_lda,43,3,129,1,1,0.9816411708287334,3.9791152225584683,1,0.9816412925720215,3.979125738143921
baseline_cssd_lda,43,3,209,0,0,0.0006724018831215285,-7.303981727789923,0,0.0006723820115439594,-7.304011344909668
baseline_cssd_lda,43,3,70,0,0,0.0184615414864274,-3.973431466626869,0,0.018461380153894424,-3.973440408706665
baseline_cssd_lda,43,3,196,0,0,0.16119324119344597,-1.6493764555914323,0,0.16119594871997833,-1.649356484413147
baseline_cssd_lda,43,3,288,1,1,0.6432276590818985,0.5894008413914651,1,0.643233597278595,0.5894266963005066
baseline_cssd_lda,43,3,254,0,0,0.0003319230367231781,-8.010275454885017,0,0.0003319153329357505,-8.010298728942871
baseline_cssd_lda,43,3,131,1,1,0.9438438430049158,2.821824404114936,1,0.9438437819480896,2.821824073791504
baseline_cssd_lda,43,3,140,1,1,0.7955849841517767,1.3589253545013442,1,0.7955753207206726,1.358865737915039
regularized_cssd,43,3,257,0,0,0.01215179468979508,-4.398052177621699,0,0.012151199392974377,-4.398101806640625
regularized_cssd,43,3,301,1,0,0.49439291984721506,-0.022429260857784183,0,0.4944012761116028,-0.022395847365260124
regularized_cssd,43,3,20,0,0,0.0007535117364676752,-7.190012168314035,0,0.0007535115000791848,-7.190012454986572
regularized_cssd,43,3,53,1,1,0.8644102193920622,1.8524134386715043,1,0.8644115924835205,1.852425217628479
regularized_cssd,43,3,126,0,0,0.003577502028562964,-5.629506562907898,0,0.0035775681026279926,-5.629487991333008
regularized_cssd,43,3,268,1,1,0.8999133400932058,2.196262060127064,1,0.8999090790748596,2.1962151527404785
regularized_cssd,43,3,155,1,1,0.7688736576282864,1.201962163955776,1,0.7688740491867065,1.2019644975662231
regularized_cssd,43,3,263,1,1,0.829291201563834,1.5806121901856758,1,0.8292921185493469,1.5806187391281128
regularized_cssd,43,3,225,0,1,0.5598378445581226,0.24050398439347964,1,0.5598379969596863,0.240504652261734
regularized_cssd,43,3,180,0,0,0.06416516271578576,-2.679978578424982,0,0.06416782736778259,-2.67993426322937
regularized_cssd,43,3,195,0,0,0.06950789706081922,-2.5942732162558038,0,0.06950643658638,-2.5942957401275635
regularized_cssd,43,3,128,1,1,0.9957091727993114,5.446975684738535,1,0.9957090616226196,5.446949005126953
regularized_cssd,43,3,41,1,1,0.6104002282265503,0.4489948678957767,1,0.6104193329811096,0.44907528162002563
regularized_cssd,43,3,194,0,0,0.001471819068603848,-6.51978327832257,0,0.0014717577723786235,-6.519824981689453
regularized_cssd,43,3,193,1,1,0.9501971471372623,2.9485972175768254,1,0.9501972198486328,2.948598861694336
regularized_cssd,43,3,66,0,1,0.9333267277862937,2.638951173921209,1,0.9333250522613525,2.6389238834381104
regularized_cssd,43,3,282,0,0,0.08884974296790572,-2.327761158308598,0,0.08884955197572708,-2.327763557434082
regularized_cssd,43,3,286,0,0,0.04932297356317238,-2.958784422477847,0,0.04932411387562752,-2.9587600231170654
regularized_cssd,43,3,293,1,1,0.9973997236225476,5.949533877615837,1,0.9973999261856079,5.949618339538574
regularized_cssd,43,3,95,0,1,0.6874784584616398,0.7883570961796831,1,0.6874775290489197,0.7883530259132385
regularized_cssd,43,3,104,1,0,0.05132946400465984,-2.91679663430345,0,0.0513276644051075,-2.9168336391448975
regularized_cssd,43,3,117,0,0,0.00016427412514382093,-8.713809743133751,0,0.00016427409718744457,-8.713809967041016
regularized_cssd,43,3,13,0,0,0.04931739625210675,-2.958903372875575,0,0.0493183508515358,-2.958883047103882
regularized_cssd,43,3,33,1,1,0.9820826518940802,4.003906060275711,1,0.9820823669433594,4.003891944885254
regularized_cssd,43,3,74,0,1,0.5598574418937231,0.24058351314120707,1,0.5598483681678772,0.24054673314094543
regularized_cssd,43,3,223,1,1,0.599741825807788,0.40438949790973316,1,0.5997477173805237,0.4044140875339508
regularized_cssd,43,3,178,1,1,0.9924928978117536,4.884370325785747,1,0.9924926161766052,4.884328842163086
regularized_cssd,43,3,38,0,0,0.13766380180834326,-1.83483072176174,0,0.13766126334667206,-1.8348520994186401
regularized_cssd,43,3,88,1,1,0.978380257648427,3.81229151096215,1,0.9783805012702942,3.812305212020874
regularized_cssd,43,3,177,1,1,0.7843366562111155,1.2911197383698383,1,0.784338116645813,1.291128158569336
regularized_cssd,43,3,313,0,0,0.005778475940278916,-5.14782007329113,0,0.005778443533927202,-5.147825717926025
regularized_cssd,43,3,171,1,0,0.26514674526123,-1.0193873974399341,0,0.2651436924934387,-1.019403100013733
regularized_cssd,43,3,83,1,1,0.9685407964116931,3.427099023002688,1,0.9685410857200623,3.427107572555542
regularized_cssd,43,3,259,0,0,0.38585292813126904,-0.4647781485389407,0,0.38585710525512695,-0.46476060152053833
regularized_cssd,43,3,146,1,1,0.9154668360093331,2.382290207826993,1,0.9154685139656067,2.382312059402466
regularized_cssd,43,3,315,0,0,0.2375590519593079,-1.1661088278923966,0,0.23757915198802948,-1.1659977436065674
regularized_cssd,43,3,198,0,0,1.8035598059183136e-05,-10.923145047367491,0,1.8034923414234072e-05,-10.923182487487793
regularized_cssd,43,3,233,1,1,0.8995306046385133,2.1920199195118872,1,0.899529755115509,2.1920104026794434
regularized_cssd,43,3,111,0,0,0.02420487377038946,-3.6966986443726353,0,0.02420564368367195,-3.6966660022735596
regularized_cssd,43,3,73,0,0,0.022831121379209528,-3.756534913369924,0,0.022831005975604057,-3.756540060043335
regularized_cssd,43,3,87,1,0,0.12294555286814147,-1.9648274760726288,0,0.12294135242700577,-1.9648663997650146
regularized_cssd,43,3,276,0,0,0.05132280925985314,-2.9169333051533775,0,0.05132218450307846,-2.9169461727142334
regularized_cssd,43,3,260,0,0,0.05309017661668803,-2.8812119518607613,0,0.05308893322944641,-2.8812367916107178
regularized_cssd,43,3,97,1,1,0.7886614007364857,1.3168754957349453,1,0.7886645197868347,1.3168941736221313
regularized_cssd,43,3,169,0,0,0.19607236789818755,-1.4110254402497573,0,0.1960647702217102,-1.4110735654830933
regularized_cssd,43,3,156,0,0,0.046575459600999854,-3.0189864979013987,0,0.04657215625047684,-3.0190608501434326
regularized_cssd,43,3,149,0,0,0.036610568292061156,-3.2701207744737717,0,0.03661096841096878,-3.2701094150543213
regularized_cssd,43,3,116,1,0,0.05708357221584819,-2.8044612816667076,0,0.05708331614732742,-2.8044660091400146
regularized_cssd,43,3,237,1,1,0.9621556905281167,3.2356956536600068,1,0.9621549844741821,3.235677480697632
regularized_cssd,43,3,201,0,0,0.13276352993602994,-1.8767421094135757,0,0.13275939226150513,-1.87677800655365
regularized_cssd,43,3,222,1,1,0.8390807864398825,1.651404530873151,1,0.839073896408081,1.6513539552688599
regularized_cssd,43,3,15,1,1,0.8205549872910421,1.5201120999780455,1,0.8205554485321045,1.5201150178909302
regularized_cssd,43,3,40,0,0,0.15036107075870755,-1.7317719301371268,0,0.1503603756427765,-1.7317774295806885
regularized_cssd,43,3,120,1,0,0.4874725604946586,-0.05012024738857576,0,0.48747262358665466,-0.05012011528015137
regularized_cssd,43,3,24,1,1,0.9658623186603998,3.342619497967001,1,0.9658623337745667,3.3426196575164795
regularized_cssd,43,3,129,1,1,0.9893898215643765,4.53527464108963,1,0.9893897175788879,4.535268783569336
regularized_cssd,43,3,209,0,0,0.003075968981246746,-5.781054602012178,0,0.0030759386718273163,-5.781064510345459
regularized_cssd,43,3,70,0,0,0.017439508369243018,-4.031423682691437,0,0.017438970506191254,-4.031455039978027
regularized_cssd,43,3,196,0,0,0.3815561822005503,-0.48294824502655265,0,0.3815593123435974,-0.482934832572937
regularized_cssd,43,3,288,1,1,0.7657182413347028,1.184289783043661,1,0.765718400478363,1.1842905282974243
regularized_cssd,43,3,254,0,0,0.0016968040196688654,-6.37731054052414,0,0.001696815830655396,-6.377303600311279
regularized_cssd,43,3,131,1,1,0.9228857650624148,2.4822175689458894,1,0.9228859543800354,2.4822206497192383
regularized_cssd,43,3,140,1,1,0.8485545109885106,1.7233085748593244,1,0.848545491695404,1.723238468170166
shrinkage_lda,43,3,257,0,0,0.020337548183650862,-3.874739233665899,0,0.020337292924523354,-3.8747520446777344
shrinkage_lda,43,3,301,1,0,0.3555244340811177,-0.5948429315015232,0,0.35552334785461426,-0.5948476791381836
shrinkage_lda,43,3,20,0,0,0.015864838396446146,-4.127658008157154,0,0.01586499623954296,-4.127647876739502
shrinkage_lda,43,3,53,1,1,0.9316765216426222,2.6127322137474778,1,0.93167644739151,2.6127312183380127
shrinkage_lda,43,3,126,0,0,0.09126673788880024,-2.298265205533523,0,0.09126625210046768,-2.2982709407806396
shrinkage_lda,43,3,268,1,1,0.9120081221628339,2.338404383001357,1,0.9120082259178162,2.3384063243865967
shrinkage_lda,43,3,155,1,0,0.2250526618185986,-1.2364606489654104,0,0.22505389153957367,-1.236453652381897
shrinkage_lda,43,3,263,1,1,0.7936353183177667,1.3469791558242674,1,0.7936344146728516,1.3469737768173218
shrinkage_lda,43,3,225,0,1,0.7565518078256669,1.133866857719143,1,0.7565498352050781,1.1338560581207275
shrinkage_lda,43,3,180,0,0,0.13677135323171757,-1.842369023044487,0,0.13677212595939636,-1.8423625230789185
shrinkage_lda,43,3,195,0,0,0.09364377449529697,-2.269934463260929,0,0.09364250302314758,-2.269949436187744
shrinkage_lda,43,3,128,1,1,0.9933081100684831,5.0001445627420695,1,0.9933080673217773,5.000141143798828
shrinkage_lda,43,3,41,1,1,0.7608178182852221,1.157168403273028,1,0.7608187794685364,1.1571736335754395
shrinkage_lda,43,3,194,0,0,0.01315352697260695,-4.317824544717103,0,0.013153405860066414,-4.31783390045166
shrinkage_lda,43,3,193,1,1,0.9638928467588191,3.2844891371830798,1,0.963892936706543,3.2844927310943604
shrinkage_lda,43,3,66,0,1,0.8503536728128236,1.7373776572944304,1,0.8503536581993103,1.7373778820037842
shrinkage_lda,43,3,282,0,0,0.1311190470155747,-1.8911004563909115,0,0.1311165988445282,-1.8911219835281372
shrinkage_lda,43,3,286,0,0,0.3516689662674327,-0.6117111240663162,0,0.35166820883750916,-0.6117143630981445
shrinkage_lda,43,3,293,1,1,0.9867195931965954,4.308096122599036,1,0.9867193102836609,4.308076858520508
shrinkage_lda,43,3,95,0,0,0.23459144248083144,-1.1825642948924127,0,0.2345869094133377,-1.1825895309448242
shrinkage_lda,43,3,104,1,0,0.1475112646899095,-1.7542554517150437,0,0.14751176536083221,-1.754251480102539
shrinkage_lda,43,3,117,0,0,3.0345243795087723e-05,-10.402840418893856,0,3.034494693565648e-05,-10.402850151062012
shrinkage_lda,43,3,13,0,0,0.005856513587932948,-5.134327073095239,0,0.005856561474502087,-5.134318828582764
shrinkage_lda,43,3,33,1,1,0.993318475031414,5.001705082492285,1,0.9933184385299683,5.001694202423096
shrinkage_lda,43,3,74,0,1,0.5368506568451308,0.14767039190994452,1,0.5368497371673584,0.14766672253608704
shrinkage_lda,43,3,223,1,1,0.7010500148072503,0.8523029464926195,1,0.7010502815246582,0.8523043394088745
shrinkage_lda,43,3,178,1,1,0.9471412384581593,2.8858247452259893,1,0.9471423625946045,2.8858482837677
shrinkage_lda,43,3,38,0,0,0.4349607296719843,-0.2616394833390403,0,0.4349575638771057,-0.26165229082107544
shrinkage_lda,43,3,88,1,1,0.8814238464917726,2.005983207479618,1,0.8814257383346558,2.0060014724731445
shrinkage_lda,43,3,177,1,0,0.4890202399513249,-0.043926101792137406,0,0.48902130126953125,-0.04392188787460327
shrinkage_lda,43,3,313,0,0,0.018426896669599808,-3.9753451193932827,0,0.018426788970828056,-3.975351095199585
shrinkage_lda,43,3,171,1,0,0.0238904004829631,-3.710098149875042,0,0.02389051578938961,-3.7100932598114014
shrinkage_lda,43,3,83,1,1,0.9760240102897662,3.706434285972386,1,0.9760238528251648,3.706430196762085
shrinkage_lda,43,3,259,0,0,0.12212819918461534,-1.9724292642310712,0,0.12212786823511124,-1.9724323749542236
shrinkage_lda,43,3,146,1,1,0.8686271180212581,1.8888742328758725,1,0.868625283241272,1.8888580799102783
shrinkage_lda,43,3,315,0,0,0.3883246929890854,-0.4543597703535476,0,0.3883197009563446,-0.45438072085380554
shrinkage_lda,43,3,198,0,0,9.043646619653809e-06,-11.613439034081544,0,9.043676072906237e-06,-11.613435745239258
shrinkage_lda,43,3,233,1,1,0.7998976324117923,1.3856546864504384,1,0.799896776676178,1.385649561882019
shrinkage_lda,43,3,111,0,0,0.10312319813767706,-2.162994136093213,0,0.1031210795044899,-2.1630170345306396
shrinkage_lda,43,3,73,0,0,0.046024086747056075,-3.031473538585616,0,0.04602434113621712,-3.0314676761627197
shrinkage_lda,43,3,87,1,0,0.31395519351137474,-0.7816926612714137,0,0.3139539659023285,-0.7816982269287109
shrinkage_lda,43,3,276,0,0,0.028203953032438018,-3.5396838076455097,0,0.028204143047332764,-3.5396769046783447
shrinkage_lda,43,3,260,0,0,0.21576042157252556,-1.2905459256726095,0,0.21575911343097687,-1.2905536890029907
shrinkage_lda,43,3,97,1,0,0.36549278347182634,-0.5516021259248417,0,0.3654964864253998,-0.5515861511230469
shrinkage_lda,43,3,169,0,0,0.23985083169106955,-1.1534974926231012,0,0.23984967172145844,-1.1535038948059082
shrinkage_lda,43,3,156,0,0,0.07522642103425448,-2.50904641526282,0,0.075226329267025,-2.509047746658325
shrinkage_lda,43,3,149,0,0,0.27159324514781336,-0.9865540965727374,0,0.2715926170349121,-0.9865572452545166
shrinkage_lda,43,3,116,1,0,0.40214192149017464,-0.39654833402914413,0,0.4021456837654114,-0.3965325355529785
shrinkage_lda,43,3,237,1,1,0.8498189336643983,1.7331816325441096,1,0.8498183488845825,1.7331774234771729
shrinkage_lda,43,3,201,0,0,0.2613564093766744,-1.0389304896099727,0,0.26135972142219543,-1.0389132499694824
shrinkage_lda,43,3,222,1,1,0.8548025879319574,1.7727762719605926,1,0.8548035025596619,1.7727837562561035
shrinkage_lda,43,3,15,1,1,0.7435720566419276,1.0646179740966666,1,0.7435715198516846,1.064615249633789
shrinkage_lda,43,3,40,0,0,0.21965140855662282,-1.267698948821655,0,0.21965163946151733,-1.2676975727081299
shrinkage_lda,43,3,120,1,0,0.32883883790825963,-0.7134415137221889,0,0.3288328945636749,-0.7134685516357422
shrinkage_lda,43,3,24,1,1,0.8830790523833361,2.0219166786049083,1,0.8830788731575012,2.0219149589538574
shrinkage_lda,43,3,129,1,1,0.993227939946152,4.988154852281961,1,0.993228018283844,4.988158226013184
shrinkage_lda,43,3,209,0,0,0.012156675015637289,-4.397645704288521,0,0.012156506069004536,-4.397659778594971
shrinkage_lda,43,3,70,0,0,0.012887834678064133,-4.338499857447558,0,0.012887705117464066,-4.338510036468506
shrinkage_lda,43,3,196,0,0,0.12233033528111051,-1.9705452349100199,0,0.1223299503326416,-1.9705488681793213
shrinkage_lda,43,3,288,1,1,0.6596905073043782,0.6619153205150008,1,0.6596937775611877,0.6619298458099365
shrinkage_lda,43,3,254,0,0,0.0003176687571273444,-8.054183643101602,0,0.00031766833853907883,-8.054184913635254
shrinkage_lda,43,3,131,1,1,0.960134633116028,3.1815655683858974,1,0.9601345062255859,3.1815621852874756
shrinkage_lda,43,3,140,1,1,0.9405422243759375,2.761190136150166,1,0.9405417442321777,2.7611820697784424
regularized_cssd_shrinkage_lda,43,3,257,0,0,0.062223280701208805,-2.712782664025614,0,0.06222229450941086,-2.712799549102783
regularized_cssd_shrinkage_lda,43,3,301,1,1,0.579229558591363,0.3196114580933851,1,0.5792281627655029,0.31960588693618774
regularized_cssd_shrinkage_lda,43,3,20,0,0,0.0015432499039363464,-6.472320316997266,0,0.0015432472573593259,-6.4723219871521
regularized_cssd_shrinkage_lda,43,3,53,1,1,0.9310966006540715,2.6036575178063597,1,0.9310965538024902,2.6036555767059326
regularized_cssd_shrinkage_lda,43,3,126,0,0,0.051204350738550716,-2.919368938918346,0,0.05120360851287842,-2.919384241104126
regularized_cssd_shrinkage_lda,43,3,268,1,1,0.9176884664855472,2.411346734124977,1,0.9176883697509766,2.4113454818725586
regularized_cssd_shrinkage_lda,43,3,155,1,1,0.6163007450374313,0.4738760113226624,1,0.6163009405136108,0.4738767147064209
regularized_cssd_shrinkage_lda,43,3,263,1,1,0.6853252228090942,0.7783538512980699,1,0.6853212118148804,0.7783353328704834
regularized_cssd_shrinkage_lda,43,3,225,0,1,0.645195577827083,0.5979867780660258,1,0.6451945304870605,0.5979822278022766
regularized_cssd_shrinkage_lda,43,3,180,0,0,0.09160151974824794,-2.294235274554924,0,0.09160143882036209,-2.294236183166504
regularized_cssd_shrinkage_lda,43,3,195,0,0,0.07043827711643172,-2.579976384902105,0,0.07043807208538055,-2.579979658126831
regularized_cssd_shrinkage_lda,43,3,128,1,1,0.9950138441166315,5.296091401920699,1,0.9950138926506042,5.2960968017578125
regularized_cssd_shrinkage_lda,43,3,41,1,1,0.897190825037599,2.1663939767307188,1,0.897192120552063,2.166407585144043
regularized_cssd_shrinkage_lda,43,3,194,0,0,0.006936425927407401,-4.964008038412134,0,0.006936437450349331,-4.964006423950195
regularized_cssd_shrinkage_lda,43,3,193,1,1,0.9684005341116949,3.4225055584229276,1,0.968400776386261,3.422513484954834
regularized_cssd_shrinkage_lda,43,3,66,0,1,0.9212684197422917,2.459707088739412,1,0.9212680459022522,2.4597015380859375
regularized_cssd_shrinkage_lda,43,3,282,0,0,0.15317696822511329,-1.7098978294428873,0,0.15317372977733612,-1.7099227905273438
regularized_cssd_shrinkage_lda,43,3,286,0,0,0.2022080335774311,-1.3725508331122924,0,0.202206552028656,-1.3725600242614746
regularized_cssd_shrinkage_lda,43,3,293,1,1,0.9934767535075012,5.025838482824082,1,0.9934766888618469,5.025816917419434
regularized_cssd_shrinkage_lda,43,3,95,0,1,0.5250882270499733,0.10043725437152934,1,0.5250837802886963,0.1004193127155304
regularized_cssd_shrinkage_lda,43,3,104,1,0,0.21075337489829477,-1.320390240840194,0,0.2107553780078888,-1.3203781843185425
regularized_cssd_shrinkage_lda,43,3,117,0,0,3.4211447749434346e-05,-10.282916028356542,0,3.4211218007840216e-05,-10.282922744750977
regularized_cssd_shrinkage_lda,43,3,13,0,0,0.009447381095458516,-4.652525417964576,0,0.009447443298995495,-4.6525187492370605
regularized_cssd_shrinkage_lda,43,3,33,1,1,0.9871837475132026,4.344142098762787,1,0.987183690071106,4.344135284423828
regularized_cssd_shrinkage_lda,43,3,74,0,1,0.6087448209098276,0.4420391875570195,1,0.6087436676025391,0.44203445315361023
regularized_cssd_shrinkage_lda,43,3,223,1,1,0.8479810886149219,1.718853404267365,1,0.8479814529418945,1.7188559770584106
regularized_cssd_shrinkage_lda,43,3,178,1,1,0.9748795450885872,3.658631468900051,1,0.9748801589012146,3.658655881881714
regularized_cssd_shrinkage_lda,43,3,38,0,0,0.4598622083276279,-0.16089737927561465,0,0.45986208319664,-0.16089782118797302
regularized_cssd_shrinkage_lda,43,3,88,1,1,0.9356929255912494,2.6776177046003893,1,0.9356931447982788,2.677621841430664
regularized_cssd_shrinkage_lda,43,3,177,1,1,0.5303556630363295,0.12157216544221605,1,0.5303568840026855,0.12157716602087021
regularized_cssd_shrinkage_lda,43,3,313,0,0,0.032335789838944466,-3.398710475417012,0,0.03233566880226135,-3.398714303970337
regularized_cssd_shrinkage_lda,43,3,171,1,0,0.05903334385832348,-2.7688052700545294,0,0.059033557772636414,-2.76880145072937
regularized_cssd_shrinkage_lda,43,3,83,1,1,0.9621259390977466,3.234878887058094,1,0.9621260762214661,3.234884262084961
regularized_cssd_shrinkage_lda,43,3,259,0,0,0.26806460988012554,-1.0044642121045733,0,0.26806315779685974,-1.0044715404510498
regularized_cssd_shrinkage_lda,43,3,146,1,1,0.9589964151189445,3.152227837726157,1,0.9589959383010864,3.152217388153076
regularized_cssd_shrinkage_lda,43,3,315,0,0,0.3133446667115547,-0.7845287117617357,0,0.3133378326892853,-0.7845604419708252
regularized_cssd_shrinkage_lda,43,3,198,0,0,2.399027348103067e-05,-10.637838090823537,0,2.3990565750864334e-05,-10.637825965881348
regularized_cssd_shrinkage_lda,43,3,233,1,1,0.8505007801550989,1.7385341547370716,1,0.8504990339279175,1.7385200262069702
regularized_cssd_shrinkage_lda,43,3,111,0,0,0.10884319643587886,-2.102612116336955,0,0.10884144902229309,-2.102630138397217
regularized_cssd_shrinkage_lda,43,3,73,0,0,0.06327211289519158,-2.69494815392307,0,0.0632723867893219,-2.69494366645813
regularized_cssd_shrinkage_lda,43,3,87,1,0,0.41747306106009924,-0.3331554136754439,0,0.4174706041812897,-0.3331655263900757
regularized_cssd_shrinkage_lda,43,3,276,0,0,0.060264574260378075,-2.7468539341107183,0,0.060264650732278824,-2.7468526363372803
regularized_cssd_shrinkage_lda,43,3,260,0,0,0.18415373073920177,-1.4884550397750107,0,0.18415194749832153,-1.4884669780731201
regularized_cssd_shrinkage_lda,43,3,97,1,0,0.3912732756722837,-0.44196320785414667,0,0.3912743330001831,-0.44195878505706787
regularized_cssd_shrinkage_lda,43,3,169,0,0,0.28650383365244797,-0.9124251468275766,0,0.28650134801864624,-0.9124373197555542
regularized_cssd_shrinkage_lda,43,3,156,0,0,0.04707959527862073,-3.007691693517864,0,0.04707988724112511,-3.0076851844787598
regularized_cssd_shrinkage_lda,43,3,149,0,0,0.1328100216653246,-1.8763383757278491,0,0.13281090557575226,-1.8763307332992554
regularized_cssd_shrinkage_lda,43,3,116,1,0,0.22295543350981417,-1.2485258040972913,0,0.2229572981595993,-1.248515009880066
regularized_cssd_shrinkage_lda,43,3,237,1,1,0.9005308208598566,2.2031365516211583,1,0.9005314707756042,2.203143358230591
regularized_cssd_shrinkage_lda,43,3,201,0,0,0.09123081788278808,-2.298698381488288,0,0.09123294800519943,-2.298672676086426
regularized_cssd_shrinkage_lda,43,3,222,1,1,0.8373138150242538,1.6383758289739385,1,0.8373143076896667,1.6383793354034424
regularized_cssd_shrinkage_lda,43,3,15,1,1,0.8240910377828851,1.54431440546997,1,0.8240905404090881,1.5443109273910522
regularized_cssd_shrinkage_lda,43,3,40,0,0,0.17694730648877632,-1.5371682399669402,0,0.17694692313671112,-1.5371708869934082
regularized_cssd_shrinkage_lda,43,3,120,1,0,0.33913811527259247,-0.6671374249528794,0,0.3391374945640564,-0.6671402454376221
regularized_cssd_shrinkage_lda,43,3,24,1,1,0.9540056466579182,3.0321509548381336,1,0.9540058970451355,3.032155752182007
regularized_cssd_shrinkage_lda,43,3,129,1,1,0.9929998228686393,4.954795032449867,1,0.992999792098999,4.954793453216553
regularized_cssd_shrinkage_lda,43,3,209,0,0,0.05282610983864396,-2.8864771254591606,0,0.05282535403966904,-2.8864922523498535
regularized_cssd_shrinkage_lda,43,3,70,0,0,0.013601753009707299,-4.283861492461211,0,0.013601584360003471,-4.283874034881592
regularized_cssd_shrinkage_lda,43,3,196,0,0,0.29974448563236944,-0.8485148917823002,0,0.2997433841228485,-0.8485202193260193
regularized_cssd_shrinkage_lda,43,3,288,1,1,0.7970488228060815,1.3679504914583778,1,0.7970491647720337,1.367952585220337
regularized_cssd_shrinkage_lda,43,3,254,0,0,0.0011624444690123163,-6.756067069603638,0,0.0011624470353126526,-6.7560648918151855
regularized_cssd_shrinkage_lda,43,3,131,1,1,0.9584228254876149,3.1377377162450593,1,0.9584226608276367,3.1377339363098145
regularized_cssd_shrinkage_lda,43,3,140,1,1,0.9418406550954521,2.784649534833389,1,0.9418408274650574,2.7846531867980957
toeplitz_lda,43,3,257,0,0,0.018022056806623516,-3.997972461116795,0,0.018021926283836365,-3.9979798793792725
toeplitz_lda,43,3,301,1,0,0.38506803368097203,-0.46809160827982,0,0.3850678503513336,-0.4680924117565155
toeplitz_lda,43,3,20,0,0,0.011231829784428443,-4.477708203220975,0,0.011231875978410244,-4.477704048156738
toeplitz_lda,43,3,53,1,1,0.9689031270804735,3.439057369921642,1,0.968903124332428,3.4390549659729004
toeplitz_lda,43,3,126,0,0,0.0789443618786184,-2.456777120658052,0,0.07894452661275864,-2.456774950027466
toeplitz_lda,43,3,268,1,1,0.9297681876873107,2.583133919295344,1,0.929767906665802,2.5831305980682373
toeplitz_lda,43,3,155,1,0,0.20659359549353615,-1.3455820236188356,0,0.20659425854682922,-1.3455779552459717
toeplitz_lda,43,3,263,1,1,0.8199069083979522,1.5157169147017842,1,0.8199062347412109,1.515712022781372
toeplitz_lda,43,3,225,0,1,0.7648779997310831,1.179611814120067,1,0.7648748159408569,1.1795941591262817
toeplitz_lda,43,3,180,0,0,0.20071981620592175,-1.3818015659905065,0,0.2007215917110443,-1.3817905187606812
toeplitz_lda,43,3,195,0,0,0.09395182829697385,-2.2663102882904975,0,0.09395144879817963,-2.266314744949341
toeplitz_lda,43,3,128,1,1,0.9934817094300297,5.026603492543064,1,0.9934816360473633,5.02659273147583
toeplitz_lda,43,3,41,1,1,0.7160038633023545,0.9247249277283911,1,0.7160047888755798,0.9247294664382935
toeplitz_lda,43,3,194,0,0,0.006856461045643116,-4.975683778343447,0,0.006856371182948351,-4.975697040557861
toeplitz_lda,43,3,193,1,1,0.9771905503079702,3.757506758892632,1,0.9771904945373535,3.757507801055908
toeplitz_lda,43,3,66,0,1,0.9450705903683149,2.8452107238577877,1,0.9450703859329224,2.8452067375183105
toeplitz_lda,43,3,282,0,0,0.0990181925336577,-2.2081814696947073,0,0.09901580214500427,-2.2082083225250244
toeplitz_lda,43,3,286,0,0,0.22502179974777498,-1.2366376149719287,0,0.22502049803733826,-1.236644983291626
toeplitz_lda,43,3,293,1,1,0.9935212317516542,5.032725025260595,1,0.9935211539268494,5.032702445983887
toeplitz_lda,43,3,95,0,0,0.17776779334653744,-1.5315446781207394,0,0.17776377499103546,-1.5315722227096558
toeplitz_lda,43,3,104,1,0,0.07035514739897115,-2.581246684976761,0,0.07035493105649948,-2.581249952316284
toeplitz_lda,43,3,117,0,0,2.9587766521894128e-05,-10.428119987038428,0,2.9587241442641243e-05,-10.42813777923584
toeplitz_lda,43,3,13,0,0,0.015328625980823582,-4.16258589563187,0,0.015328880399465561,-4.162569046020508
toeplitz_lda,43,3,33,1,1,0.9963070526097193,5.597630605852648,1,0.9963070154190063,5.597621917724609
toeplitz_lda,43,3,74,0,1,0.6292936547823862,0.5291877806410037,1,0.6292923092842102,0.5291820168495178
toeplitz_lda,43,3,223,1,1,0.658133157469401,0.6549859659059145,1,0.6581345200538635,0.6549919843673706
toeplitz_lda,43,3,178,1,1,0.9928482168768593,4.933216085801368,1,0.9928483963012695,4.9332356452941895
toeplitz_lda,43,3,38,0,0,0.4650011189711533,-0.14022484338491514,0,0.46499720215797424,-0.14024068415164948
toeplitz_lda,43,3,88,1,1,0.9182599574795426,2.4189365302878882,1,0.9182617664337158,2.4189605712890625
toeplitz_lda,43,3,177,1,1,0.7201421735178042,0.9451669440853798,1,0.7201440334320068,0.945176362991333
toeplitz_lda,43,3,313,0,0,0.014529029207629234,-4.216971007448755,0,0.01452887337654829,-4.216981887817383
toeplitz_lda,43,3,171,1,0,0.046543754847150724,-3.019700700698605,0,0.04654384404420853,-3.0196986198425293
toeplitz_lda,43,3,83,1,1,0.9737874193946208,3.614953553282349,1,0.9737873077392578,3.6149492263793945
toeplitz_lda,43,3,259,0,0,0.27565976891307453,-0.9660938304807735,0,0.2756592929363251,-0.9660961031913757
toeplitz_lda,43,3,146,1,1,0.8618070872957689,1.8303808218509756,1,0.8618045449256897,1.8303593397140503
toeplitz_lda,43,3,315,0,0,0.3578347798796809,-0.5847742516360955,0,0.35783180594444275,-0.584787130355835
toeplitz_lda,43,3,198,0,0,1.2349219769815949e-05,-11.301905324123108,0,1.2349109965725802e-05,-11.30191421508789
toeplitz_lda,43,3,233,1,1,0.936660615217025,2.6938136848837093,1,0.9366602301597595,2.6938068866729736
toeplitz_lda,43,3,111,0,0,0.08167434214209006,-2.419812171960901,0,0.08167298138141632,-2.419830322265625
toeplitz_lda,43,3,73,0,0,0.059788682658975016,-2.7552882658294373,0,0.059789132326841354,-2.7552802562713623
toeplitz_lda,43,3,87,1,0,0.14434604239534649,-1.7796525502685272,0,0.14434528350830078,-1.7796587944030762
toeplitz_lda,43,3,276,0,0,0.03711783359358553,-3.255833499389638,0,0.03711791709065437,-3.255831241607666
toeplitz_lda,43,3,260,0,0,0.11478457800068106,-2.042773893187726,0,0.11478281766176224,-2.0427911281585693
toeplitz_lda,43,3,97,1,1,0.5963529971960606,0.390292028334473,1,0.5963571071624756,0.39030906558036804
toeplitz_lda,43,3,169,0,0,0.13226362724981844,-1.8810908434824258,0,0.1322629451751709,-1.8810968399047852
toeplitz_lda,43,3,156,0,0,0.03277109291683376,-3.3848883729496544,0,0.03277096152305603,-3.384892463684082
toeplitz_lda,43,3,149,0,0,0.26727818069376247,-1.0084761287579869,0,0.26727795600891113,-1.0084773302078247
toeplitz_lda,43,3,116,1,0,0.3033109354938084,-0.8315807366976844,0,0.3033169209957123,-0.8315524458885193
toeplitz_lda,43,3,237,1,1,0.9487823784889304,2.919095812681491,1,0.9487823843955994,2.919095039367676
toeplitz_lda,43,3,201,0,0,0.37221380193008224,-0.5227312340224093,0,0.3722173571586609,-0.5227160453796387
toeplitz_lda,43,3,222,1,1,0.8864014781824133,2.0544994895829323,1,0.8864015340805054,2.054499626159668
toeplitz_lda,43,3,15,1,1,0.8887325805252958,2.0778598926168774,1,0.8887327313423157,2.0778613090515137
toeplitz_lda,43,3,40,0,0,0.43876567552413953,-0.24617300716982915,0,0.43876540660858154,-0.24617402255535126
toeplitz_lda,43,3,120,1,1,0.5152291786417794,0.06093556277244114,1,0.5152222514152527,0.06090797483921051
toeplitz_lda,43,3,24,1,1,0.9002168613257493,2.199636473443688,1,0.9002168774604797,2.199636459350586
toeplitz_lda,43,3,129,1,1,0.9926101612641245,4.900232087335352,1,0.9926101565361023,4.900238990783691
toeplitz_lda,43,3,209,0,0,0.004754728897377681,-5.34384953025162,0,0.004754640627652407,-5.343868255615234
toeplitz_lda,43,3,70,0,0,0.011092152051816562,-4.490363314381422,0,0.011092049069702625,-4.490372657775879
toeplitz_lda,43,3,196,0,0,0.21242708380834177,-1.3103571639422098,0,0.212426096200943,-1.3103630542755127
toeplitz_lda,43,3,288,1,1,0.541072227886015,0.16465993959281175,1,0.5410760045051575,0.1646752506494522
toeplitz_lda,43,3,254,0,0,0.00019931397605786795,-8.520429873633098,0,0.00019931270799133927,-8.52043628692627
toeplitz_lda,43,3,131,1,1,0.9485512916533606,2.9143505075678107,1,0.9485509395599365,2.9143433570861816
toeplitz_lda,43,3,140,1,1,0.9282760682277394,2.5605047074842986,1,0.9282751679420471,2.5604910850524902
baseline_cssd_lda,43,4,249,1,1,0.6251591208791931,0.5115045971640133,1,0.6251689195632935,0.5115464329719543
baseline_cssd_lda,43,4,19,1,1,0.8519544058883723,1.7500127165392312,1,0.8519500494003296,1.7499786615371704
baseline_cssd_lda,43,4,61,0,0,0.019686756836164956,-3.907925988604358,0,0.019686240702867508,-3.9079527854919434
baseline_cssd_lda,43,4,28,0,0,3.6645621884423676e-05,-10.214179947924794,0,3.664485120680183e-05,-10.214200973510742
baseline_cssd_lda,43,4,166,1,1,0.9959774544351808,5.511809693911198,1,0.9959773421287537,5.511776447296143
baseline_cssd_lda,43,4,85,1,1,0.7824246984009003,1.279852680849029,1,0.7824282646179199,1.2798736095428467
baseline_cssd_lda,43,4,23,0,1,0.8314125240373953,1.5956713302361112,1,0.8313999176025391,1.5955810546875
baseline_cssd_lda,43,4,91,1,1,0.9990807380897131,6.9910197966498515,1,0.9990807771682739,6.991039276123047
baseline_cssd_lda,43,4,217,0,0,0.011375167931876004,-4.464882191005602,0,0.011376024223864079,-4.464806079864502
baseline_cssd_lda,43,4,202,0,0,0.01738780879421455,-4.034445210102616,0,0.017389168962836266,-4.034365653991699
baseline_cssd_lda,43,4,262,1,1,0.999901217762391,9.22249396354233,1,0.9999011754989624,9.222527503967285
baseline_cssd_lda,43,4,258,0,0,0.2583065215898326,-1.054789108039449,0,0.25831469893455505,-1.0547465085983276
baseline_cssd_lda,43,4,203,0,0,0.058695837937972895,-2.7748974997864817,0,0.058697376400232315,-2.774869680404663
baseline_cssd_lda,43,4,34,1,1,0.9844863796941092,4.1504016957582035,1,0.9844857454299927,4.150362968444824
baseline_cssd_lda,43,4,213,0,0,0.4689329755220019,-0.12442838749986107,0,0.4689396917819977,-0.1244015097618103
baseline_cssd_lda,43,4,42,0,1,0.5469386996447211,0.1883092924784623,1,0.5469726920127869,0.18844634294509888
baseline_cssd_lda,43,4,5,1,1,0.9953318076899761,5.3623042455375955,1,0.9953314661979675,5.362224578857422
baseline_cssd_lda,43,4,118,0,0,0.09523437058521977,-2.2513350249395843,0,0.09523595869541168,-2.251316547393799
baseline_cssd_lda,43,4,80,0,0,0.06192918008804469,-2.717833971600086,0,0.06193036958575249,-2.717813491821289
baseline_cssd_lda,43,4,261,0,0,0.43296458092386636,-0.2697658438784394,0,0.4329603612422943,-0.2697829604148865
baseline_cssd_lda,43,4,39,1,1,0.7552480982225217,1.1268012505204947,1,0.7552345991134644,1.1267281770706177
baseline_cssd_lda,43,4,106,1,1,0.6556570464414867,0.6439997384206549,1,0.6556400060653687,0.6439240574836731
baseline_cssd_lda,43,4,64,0,0,0.05711140336704798,-2.803944333040317,0,0.05711072310805321,-2.803956985473633
baseline_cssd_lda,43,4,231,0,0,0.003357570277190071,-5.693174478816529,0,0.00335802068002522,-5.693039894104004
baseline_cssd_lda,43,4,137,1,1,0.9983362570898731,6.397020321177871,1,0.9983363747596741,6.397097587585449
baseline_cssd_lda,43,4,210,1,1,0.9941842411917773,5.141351273809219,1,0.9941843152046204,5.141352653503418
baseline_cssd_lda,43,4,93,0,0,0.08133601859675783,-2.4243314688463435,0,0.08133924007415771,-2.424288272857666
baseline_cssd_lda,43,4,200,1,1,0.6828478745728253,0.7668905538328649,1,0.6828709840774536,0.7669973969459534
baseline_cssd_lda,43,4,90,1,1,0.8619429796811258,1.8315223290800495,1,0.8619458675384521,1.8315465450286865
baseline_cssd_lda,43,4,46,1,1,0.9511005741771759,2.967854158638811,1,0.951103925704956,2.967926502227783
baseline_cssd_lda,43,4,235,0,0,0.003907286474530662,-5.540997202334662,0,0.003907457925379276,-5.540953159332275
baseline_cssd_lda,43,4,109,0,0,0.025467219420802455,-3.6445660444650207,0,0.025466658174991608,-3.6445887088775635
baseline_cssd_lda,43,4,242,1,1,0.9832435548390237,4.072073886343974,1,0.9832437634468079,4.072082996368408
baseline_cssd_lda,43,4,226,1,1,0.6553177702608197,0.6424973440636165,1,0.6553153395652771,0.6424867510795593
baseline_cssd_lda,43,4,123,0,0,0.0021244957068388454,-6.152094063548825,0,0.0021244294475764036,-6.152125358581543
baseline_cssd_lda,43,4,214,0,0,0.003135410190581947,-5.761854935277604,0,0.0031354303937405348,-5.761848449707031
baseline_cssd_lda,43,4,306,0,0,0.2362227585227841,-1.173500926019665,0,0.23621346056461334,-1.1735525131225586
baseline_cssd_lda,43,4,4,0,1,0.749922599266481,1.0981995273475191,1,0.7499117851257324,1.0981419086456299
baseline_cssd_lda,43,4,49,1,1,0.9212373957177717,2.459279442416563,1,0.9212362766265869,2.459264039993286
baseline_cssd_lda,43,4,127,0,0,0.3687682590264207,-0.5375046325488533,0,0.36875268816947937,-0.5375714898109436
baseline_cssd_lda,43,4,78,1,1,0.9728411178394003,3.5785166335535874,1,0.9728419780731201,3.578547477722168
baseline_cssd_lda,43,4,275,0,1,0.6139068247820088,0.4637644385515163,1,0.6138923168182373,0.46370330452919006
baseline_cssd_lda,43,4,25,0,1,0.5069665471719738,0.027867992129416874,1,0.5069741010665894,0.027898069471120834
baseline_cssd_lda,43,4,32,1,1,0.5481377939470536,0.1931494246588717,1,0.5481227040290833,0.19308839738368988
baseline_cssd_lda,43,4,281,0,0,0.2518542686388828,-1.0887471658408674,0,0.2518594563007355,-1.0887196063995361
baseline_cssd_lda,43,4,299,1,1,0.6955232800781664,0.8260698524692048,1,0.6955031156539917,0.8259746432304382
baseline_cssd_lda,43,4,265,0,0,0.19448637248977504,-1.4211180242659696,0,0.19447562098503113,-1.4211865663528442
baseline_cssd_lda,43,4,218,1,1,0.9332730445732216,2.638088809688392,1,0.9332713484764099,2.6380615234375
baseline_cssd_lda,43,4,220,1,0,0.4871488780332989,-0.05141581171528342,0,0.4871683716773987,-0.051337841898202896
baseline_cssd_lda,43,4,267,1,1,0.890395576473042,2.094788097579931,1,0.8903948068618774,2.094780206680298
baseline_cssd_lda,43,4,160,0,1,0.773105467996804,1.2259301863333805,1,0.7731132507324219,1.2259743213653564
baseline_cssd_lda,43,4,310,0,0,0.0006661797043311135,-7.313284695796838,0,0.0006662614759989083,-7.313161849975586
baseline_cssd_lda,43,4,173,1,1,0.8856195038750917,2.0467568285055138,1,0.8856278657913208,2.046839952468872
baseline_cssd_lda,43,4,151,1,1,0.836486220956867,1.6323127857545299,1,0.8364797830581665,1.6322658061981201
baseline_cssd_lda,43,4,144,1,1,0.748810730015769,1.092279536024987,1,0.7488134503364563,1.0922940969467163
baseline_cssd_lda,43,4,270,1,1,0.9773456298332045,3.7644875792797583,1,0.9773449897766113,3.7644591331481934
baseline_cssd_lda,43,4,312,0,0,0.00042125273254826944,-7.771856248072865,0,0.00042127419146709144,-7.771805286407471
baseline_cssd_lda,43,4,107,1,1,0.7152527196200229,0.9210338828805722,1,0.715260922908783,0.9210740923881531
baseline_cssd_lda,43,4,102,1,1,0.530386072987849,0.12169425570750791,1,0.530421257019043,0.12183547019958496
baseline_cssd_lda,43,4,63,1,1,0.8071984115499361,1.4319078801941652,1,0.8071980476379395,1.4319055080413818
baseline_cssd_lda,43,4,256,0,0,0.11095021901680009,-2.081071607162502,0,0.11094912886619568,-2.081082582473755
baseline_cssd_lda,43,4,92,0,0,0.4021868260630411,-0.39636156486177765,0,0.40219706296920776,-0.39631906151771545
baseline_cssd_lda,43,4,57,0,0,1.4648435938981265e-05,-11.131162341501703,0,1.4648096112068743e-05,-11.131185531616211
regularized_cssd,43,4,249,1,1,0.6708138112119386,0.7118681048430835,1,0.6708200573921204,0.7118963003158569
regularized_cssd,43,4,19,1,1,0.8071788331108912,1.4317820831681112,1,0.807170033454895,1.4317253828048706
regularized_cssd,43,4,61,0,0,0.025766560646650186,-3.6325733934222804,0,0.025765854865312576,-3.632601499557495
regularized_cssd,43,4,28,0,0,4.791925623597097e-05,-9.945945204825323,0,4.791863830178045e-05,-9.945958137512207
regularized_cssd,43,4,166,1,1,0.9952024009938267,5.3348305488348835,1,0.9952021837234497,5.334785461425781
regularized_cssd,43,4,85,1,1,0.8055610767856184,1.4214209301490492,1,0.8055692911148071,1.4214733839035034
regularized_cssd,43,4,23,0,1,0.8259260851672678,1.5570252773445654,1,0.825918436050415,1.5569716691970825
regularized_cssd,43,4,91,1,1,0.9991207723977046,7.0355871462324515,1,0.9991207718849182,7.035620212554932
regularized_cssd,43,4,217,0,0,0.01397754124898891,-4.256227286967674,0,0.013978136703372002,-4.256184101104736
regularized_cssd,43,4,202,0,0,0.0324830262054743,-3.3940152864196067,0,0.032483745366334915,-3.3939924240112305
regularized_cssd,43,4,262,1,1,0.9998961742753598,9.172692957919242,1,0.9998961687088013,9.172661781311035
regularized_cssd,43,4,258,0,0,0.19171341252363983,-1.4389150692848593,0,0.1917053759098053,-1.438966989517212
regularized_cssd,43,4,203,0,0,0.040818558663975345,-3.156943408257542,0,0.0408184751868248,-3.1569454669952393
regularized_cssd,43,4,34,1,1,0.9898793768527828,4.583007856366935,1,0.9898793697357178,4.583003997802734
regularized_cssd,43,4,213,0,1,0.5584645502682395,0.23493283272125598,1,0.5584630966186523,0.2349269539117813
regularized_cssd,43,4,42,0,0,0.46835049295361203,-0.1267675186950028,0,0.46836546063423157,-0.12670736014842987
regularized_cssd,43,4,5,1,1,0.9951629752101607,5.326606699054842,1,0.995162844657898,5.326587200164795
regularized_cssd,43,4,118,0,0,0.13541835339613706,-1.8538768436463209,0,0.13542060554027557,-1.8538576364517212
regularized_cssd,43,4,80,0,0,0.10652979343841769,-2.1266882927786033,0,0.1065278947353363,-2.1267082691192627
regularized_cssd,43,4,261,0,1,0.5035264796341301,0.014106152439541164,1,0.503515899181366,0.014063728973269463
regularized_cssd,43,4,39,1,1,0.7112253705908077,0.9013428016439753,1,0.7112240791320801,0.901336669921875
regularized_cssd,43,4,106,1,1,0.6538106220651341,0.6358317804199549,1,0.6537915468215942,0.6357475519180298
regularized_cssd,43,4,64,0,0,0.05536584959386394,-2.836834739751051,0,0.05536581948399544,-2.8368353843688965
regularized_cssd,43,4,231,0,0,0.002699264525755315,-5.912073026838108,0,0.0026994310319423676,-5.91201114654541
regularized_cssd,43,4,137,1,1,0.9980115776754144,6.2184233545342344,1,0.998011589050293,6.218459129333496
regularized_cssd,43,4,210,1,1,0.9931013706687626,4.969509999877046,1,0.9931013584136963,4.969510078430176
regularized_cssd,43,4,93,0,0,0.09194071263106715,-2.2901657295359477,0,0.09194239228963852,-2.2901456356048584
regularized_cssd,43,4,200,1,1,0.676197884307837,0.7363531863028632,1,0.6762094497680664,0.7364060282707214
regularized_cssd,43,4,90,1,1,0.894500671215428,2.1375610626647337,1,0.8944988250732422,2.1375412940979004
regularized_cssd,43,4,46,1,1,0.9548714220452914,3.0520609914498107,1,0.9548726677894592,3.0520896911621094
regularized_cssd,43,4,235,0,0,0.001875940620925604,-6.276767378456464,0,0.0018760310485959053,-6.276719093322754
regularized_cssd,43,4,109,0,0,0.04686895069228546,-3.012396982525535,0,0.04686790332198143,-3.012420415878296
regularized_cssd,43,4,242,1,1,0.985454640049821,4.2158310591976615,1,0.9854552745819092,4.215869903564453
regularized_cssd,43,4,226,1,1,0.7980573856359221,1.374196936954525,1,0.7980578541755676,1.3741997480392456
regularized_cssd,43,4,123,0,0,0.0009335033632738001,-6.975632052775824,0,0.0009334627538919449,-6.975675582885742
regularized_cssd,43,4,214,0,0,0.0016228562517728799,-6.421943389318807,0,0.001622879644855857,-6.421928882598877
regularized_cssd,43,4,306,0,0,0.21340945386944746,-1.3044952022209966,0,0.21340593695640564,-1.3045161962509155
regularized_cssd,43,4,4,0,1,0.759650571435197,1.1507647362999716,1,0.7596506476402283,1.150765299797058
regularized_cssd,43,4,49,1,1,0.9287429179023337,2.5675377585238057,1,0.9287415146827698,2.567517042160034
regularized_cssd,43,4,127,0,0,0.29910635864983404,-0.8515569266566001,0,0.2990945279598236,-0.8516134023666382
regularized_cssd,43,4,78,1,1,0.9543606750627864,3.0402719322522533,1,0.9543591737747192,3.0402376651763916
regularized_cssd,43,4,275,0,0,0.47371122885133743,-0.10525214246309555,0,0.4737045466899872,-0.10527889430522919
regularized_cssd,43,4,25,0,0,0.4797008944558803,-0.08124107605770053,0,0.47969740629196167,-0.0812549740076065
regularized_cssd,43,4,32,1,1,0.609930175929032,0.4470187257474971,1,0.6099324226379395,0.4470280408859253
regularized_cssd,43,4,281,0,0,0.2228710136835572,-1.2490131520063752,0,0.2228746861219406,-1.2489919662475586
regularized_cssd,43,4,299,1,1,0.6908456027809249,0.8040755390608046,1,0.6908283829689026,0.8039949536323547
regularized_cssd,43,4,265,0,0,0.1935446062807788,-1.4271405782477617,0,0.19354061782360077,-1.4271661043167114
regularized_cssd,43,4,218,1,1,0.9423065694085648,2.7931873543982895,1,0.9423061013221741,2.7931790351867676
regularized_cssd,43,4,220,1,0,0.4615536319833075,-0.15408963699010458,0,0.4615511894226074,-0.1540994495153427
regularized_cssd,43,4,267,1,1,0.7277029570359549,0.9829993987394963,1,0.7277066707611084,0.9830179214477539
regularized_cssd,43,4,160,0,1,0.6899894063877109,0.8000697745739787,1,0.6900041103363037,0.8001384735107422
regularized_cssd,43,4,310,0,0,0.0005388719981825549,-7.52549347819707,0,0.0005388973513618112,-7.52544641494751
regularized_cssd,43,4,173,1,1,0.9270102782206238,2.5416460194283297,1,0.92701256275177,2.5416791439056396
regularized_cssd,43,4,151,1,1,0.8500133743693842,1.734705956254307,1,0.8500092029571533,1.7346731424331665
regularized_cssd,43,4,144,1,1,0.8252773492633175,1.55251964698141,1,0.8252802491188049,1.5525397062301636
regularized_cssd,43,4,270,1,1,0.9717715836728923,3.5387916388648857,1,0.971771776676178,3.5387985706329346
regularized_cssd,43,4,312,0,0,0.0003985869461492861,-7.827186233567964,0,0.00039858699892647564,-7.827186107635498
regularized_cssd,43,4,107,1,1,0.8047783289313609,1.4164311840751678,1,0.8047780990600586,1.4164297580718994
regularized_cssd,43,4,102,1,1,0.5196566776766117,0.07866725521742901,1,0.5196620225906372,0.07868872582912445
regularized_cssd,43,4,63,1,1,0.812544895565603,1.4666317950352141,1,0.8125422596931458,1.4666141271591187
regularized_cssd,43,4,256,0,0,0.15223084544392185,-1.7172102865483967,0,0.15222656726837158,-1.7172434329986572
regularized_cssd,43,4,92,0,0,0.41055372784975125,-0.36167677018383915,0,0.41054362058639526,-0.3617185056209564
regularized_cssd,43,4,57,0,0,9.313899619545534e-06,-11.583993376892423,0,9.314010640082415e-06,-11.58398151397705
shrinkage_lda,43,4,249,1,0,0.3217056648271325,-0.745944273283532,0,0.32170483469963074,-0.745948076248169
shrinkage_lda,43,4,19,1,1,0.7186602819965118,0.9378258592764039,1,0.7186629772186279,0.937839150428772
shrinkage_lda,43,4,61,0,0,0.053325761879507674,-2.8765354887412267,0,0.05332478880882263,-2.8765547275543213
shrinkage_lda,43,4,28,0,0,0.002828406046256201,-5.865209546996615,0,0.002828439464792609,-5.865197658538818
shrinkage_lda,43,4,166,1,1,0.9953770498077982,5.372088538872298,1,0.9953770637512207,5.3720831871032715
shrinkage_lda,43,4,85,1,1,0.7322354523169546,1.0059940774766196,1,0.7322388887405396,1.0060116052627563
shrinkage_lda,43,4,23,0,1,0.8494406928986966,1.7302210508642057,1,0.8494415283203125,1.7302273511886597
shrinkage_lda,43,4,91,1,1,0.9989955976395211,6.902357673434791,1,0.9989956021308899,6.902362823486328
shrinkage_lda,43,4,217,0,0,0.006324416316924935,-5.056993030374248,0,0.0063244616612792015,-5.056985855102539
shrinkage_lda,43,4,202,0,0,0.038394718949449465,-3.2206841329291107,0,0.03839471563696861,-3.220684289932251
shrinkage_lda,43,4,262,1,1,0.9997203902193379,8.181835918428893,1,0.9997203946113586,8.181829452514648
shrinkage_lda,43,4,258,0,0,0.023212492055727663,-3.739578549522247,0,0.023212332278490067,-3.7395856380462646
shrinkage_lda,43,4,203,0,0,0.07414854131016493,-2.524643413755177,0,0.07414798438549042,-2.524651527404785
shrinkage_lda,43,4,34,1,1,0.9230251317915695,2.4841774808343473,1,0.9230253100395203,2.4841792583465576
shrinkage_lda,43,4,213,0,1,0.6459208103181008,0.6011563238384704,1,0.6459194421768188,0.6011503338813782
shrinkage_lda,43,4,42,0,0,0.33808842129301636,-0.6718245173783228,0,0.33808887004852295,-0.6718224883079529
shrinkage_lda,43,4,5,1,1,0.9758732475055629,3.700011421777093,1,0.9758732318878174,3.7000114917755127
shrinkage_lda,43,4,118,0,0,0.3617060361514222,-0.567967108511277,0,0.36170563101768494,-0.5679689049720764
shrinkage_lda,43,4,80,0,0,0.0726139913178317,-2.5472122640986585,0,0.07261312752962112,-2.5472252368927
shrinkage_lda,43,4,261,0,0,0.3808756644191786,-0.4858331359904138,0,0.38087785243988037,-0.4858238101005554
shrinkage_lda,43,4,39,1,1,0.8069392494865167,1.4302434771143402,1,0.8069361448287964,1.4302237033843994
shrinkage_lda,43,4,106,1,1,0.5673909377287313,0.2712140889885307,1,0.5673943161964417,0.27122777700424194
shrinkage_lda,43,4,64,0,0,0.10440434095662168,-2.1492177831029826,0,0.1044037714600563,-2.149223804473877
shrinkage_lda,43,4,231,0,0,0.008759590707777425,-4.728807916534715,0,0.008759565651416779,-4.728810787200928
shrinkage_lda,43,4,137,1,1,0.9976422947536949,6.047705997237515,1,0.9976422190666199,6.0476861000061035
shrinkage_lda,43,4,210,1,1,0.9493076888055274,2.9299587241747878,1,0.9493072628974915,2.929949998855591
shrinkage_lda,43,4,93,0,0,0.1856168579264561,-1.4787463001980556,0,0.18561872839927673,-1.478734016418457
shrinkage_lda,43,4,200,1,1,0.8813918381767207,2.00567699003049,1,0.881392776966095,2.005685806274414
shrinkage_lda,43,4,90,1,1,0.9274524951055402,2.54819998774658,1,0.9274531602859497,2.5482094287872314
shrinkage_lda,43,4,46,1,1,0.9490583192334199,2.9247887860441315,1,0.9490583539009094,2.9247896671295166
shrinkage_lda,43,4,235,0,0,0.005458406770968794,-5.205124973690414,0,0.005458467174321413,-5.205113887786865
shrinkage_lda,43,4,109,0,0,0.10451433957071363,-2.1480419256882692,0,0.10451392829418182,-2.1480462551116943
shrinkage_lda,43,4,242,1,1,0.9726769183882851,3.5723201549124424,1,0.9726771712303162,3.5723302364349365
shrinkage_lda,43,4,226,1,1,0.6347232101389537,0.5525336197370458,1,0.6347192525863647,0.5525166392326355
shrinkage_lda,43,4,123,0,0,0.0013007943799955711,-6.643478498454272,0,0.0013007876696065068,-6.643483638763428
shrinkage_lda,43,4,214,0,0,0.003675248999847723,-5.602452374231048,0,0.0036752510350197554,-5.602451801300049
shrinkage_lda,43,4,306,0,0,0.4718228001552061,-0.11282834147333676,0,0.47182416915893555,-0.11282286047935486
shrinkage_lda,43,4,4,0,0,0.49092038833926227,-0.03632243952506781,0,0.490924209356308,-0.036307185888290405
shrinkage_lda,43,4,49,1,1,0.8424029297100958,1.6762168509072954,1,0.8424021005630493,1.676210880279541
shrinkage_lda,43,4,127,0,0,0.1011227381775503,-2.184811489172624,0,0.10112329572439194,-2.184805393218994
shrinkage_lda,43,4,78,1,1,0.9683165801384832,3.419765568112261,1,0.9683167338371277,3.419769048690796
shrinkage_lda,43,4,275,0,1,0.6717142312193578,0.7159485235647134,1,0.6717132329940796,0.7159438729286194
shrinkage_lda,43,4,25,0,0,0.31551416453401154,-0.7744643747725698,0,0.31551387906074524,-0.774465799331665
shrinkage_lda,43,4,32,1,1,0.8668642747200378,1.8735133199418976,1,0.8668628931045532,1.8735010623931885
shrinkage_lda,43,4,281,0,0,0.08467106494164332,-2.3805095674100434,0,0.08467069268226624,-2.38051438331604
shrinkage_lda,43,4,299,1,0,0.29479261245779637,-0.8722198257845033,0,0.2947889268398285,-0.8722374439239502
shrinkage_lda,43,4,265,0,0,0.2849162173973962,-0.9202045512887408,0,0.28492021560668945,-0.9201849102973938
shrinkage_lda,43,4,218,1,1,0.9195712128275583,2.4365353268747683,1,0.9195711016654968,2.436533212661743
shrinkage_lda,43,4,220,1,1,0.5585065281897139,0.23510307368380845,1,0.5585006475448608,0.23507922887802124
shrinkage_lda,43,4,267,1,1,0.5583429809296573,0.23443982881945108,1,0.5583438277244568,0.23444333672523499
shrinkage_lda,43,4,160,0,1,0.6535854226527097,0.6348369819199586,1,0.6535887122154236,0.6348515152931213
shrinkage_lda,43,4,310,0,0,0.004600054537173349,-5.37707645230323,0,0.004600119311362505,-5.3770623207092285
shrinkage_lda,43,4,173,1,1,0.8773286026130814,1.967372397192806,1,0.8773289322853088,1.9673757553100586
shrinkage_lda,43,4,151,1,1,0.7935376148932295,1.3463827012528067,1,0.7935377359390259,1.3463832139968872
shrinkage_lda,43,4,144,1,1,0.8003684679312767,1.3885988788487185,1,0.8003686666488647,1.38860023021698
shrinkage_lda,43,4,270,1,1,0.9469070438553392,2.8811566630146928,1,0.9469069838523865,2.8811545372009277
shrinkage_lda,43,4,312,0,0,0.0007026484036351439,-7.259951032963761,0,0.0007026450475677848,-7.259955883026123
shrinkage_lda,43,4,107,1,1,0.5625525627234279,0.2515280193424859,1,0.5625520348548889,0.2515258193016052
shrinkage_lda,43,4,102,1,0,0.3857045915031399,-0.465404164294519,0,0.3857048749923706,-0.4654030501842499
shrinkage_lda,43,4,63,1,1,0.6281765500497812,0.5244021129025251,1,0.6281780004501343,0.5244082808494568
shrinkage_lda,43,4,256,0,0,0.07809465799736014,-2.4685208973606985,0,0.07809345424175262,-2.4685375690460205
shrinkage_lda,43,4,92,0,0,0.297078160797938,-0.8612504319901387,0,0.29707998037338257,-0.8612416386604309
shrinkage_lda,43,4,57,0,0,2.3728630040450215e-05,-10.64880449139458,0,2.3728740416117944e-05,-10.648799896240234
regularized_cssd_shrinkage_lda,43,4,249,1,0,0.33124553294682507,-0.7025570861276338,0,0.3312455713748932,-0.702556848526001
regularized_cssd_shrinkage_lda,43,4,19,1,1,0.6876378999984865,0.7890992994542345,1,0.687637984752655,0.7890996932983398
regularized_cssd_shrinkage_lda,43,4,61,0,0,0.08413833399608214,-2.387403056036135,0,0.08413756638765335,-2.3874130249023438
regularized_cssd_shrinkage_lda,43,4,28,0,0,0.003385162066345568,-5.684962591275274,0,0.0033851952757686377,-5.684952735900879
regularized_cssd_shrinkage_lda,43,4,166,1,1,0.993494959140885,5.02865159500918,1,0.9934949278831482,5.0286455154418945
regularized_cssd_shrinkage_lda,43,4,85,1,1,0.7482801124161557,1.08946047764687,1,0.7482846975326538,1.0894845724105835
regularized_cssd_shrinkage_lda,43,4,23,0,1,0.7054925407509316,0.8735918669497839,1,0.7054944038391113,0.8736007213592529
regularized_cssd_shrinkage_lda,43,4,91,1,1,0.9992108831588573,7.14380673209131,1,0.9992108345031738,7.1438212394714355
regularized_cssd_shrinkage_lda,43,4,217,0,0,0.010225848303315686,-4.5725581253667835,0,0.010225893929600716,-4.572553634643555
regularized_cssd_shrinkage_lda,43,4,202,0,0,0.10864968144124652,-2.104608750060703,0,0.10864921659231186,-2.1046135425567627
regularized_cssd_shrinkage_lda,43,4,262,1,1,0.9995308642547952,7.6641491501679,1,0.9995309114456177,7.6641435623168945
regularized_cssd_shrinkage_lda,43,4,258,0,0,0.022939246081907515,-3.751699587883601,0,0.022939106449484825,-3.7517058849334717
regularized_cssd_shrinkage_lda,43,4,203,0,0,0.07556621923651394,-2.5041720733517865,0,0.07556578516960144,-2.504178285598755
regularized_cssd_shrinkage_lda,43,4,34,1,1,0.9297920420030292,2.583499284006246,1,0.9297919273376465,2.583498239517212
regularized_cssd_shrinkage_lda,43,4,213,0,1,0.6225372675471754,0.5003316522560645,1,0.6225373148918152,0.500331699848175
regularized_cssd_shrinkage_lda,43,4,42,0,0,0.30335539378525184,-0.8313703551060305,0,0.30335533618927,-0.8313705325126648
regularized_cssd_shrinkage_lda,43,4,5,1,1,0.9678160306351392,3.4035735354456245,1,0.9678158760070801,3.4035704135894775
regularized_cssd_shrinkage_lda,43,4,118,0,0,0.3680764989969978,-0.5404775498292409,0,0.3680761158466339,-0.5404792428016663
regularized_cssd_shrinkage_lda,43,4,80,0,0,0.1382555470554491,-1.8298550054460152,0,0.13825441896915436,-1.8298643827438354
regularized_cssd_shrinkage_lda,43,4,261,0,0,0.30262047261774044,-0.8348503234033269,0,0.302621990442276,-0.834843099117279
regularized_cssd_shrinkage_lda,43,4,39,1,1,0.7755967528823527,1.2401880930066465,1,0.7755947709083557,1.240176796913147
regularized_cssd_shrinkage_lda,43,4,106,1,1,0.5719598345302791,0.28985173382755014,1,0.5719614624977112,0.28985854983329773
regularized_cssd_shrinkage_lda,43,4,64,0,0,0.09413810205055821,-2.2641239890597245,0,0.09413782507181168,-2.264127254486084
regularized_cssd_shrinkage_lda,43,4,231,0,0,0.012707097947426664,-4.352806024500743,0,0.012707013636827469,-4.352812767028809
regularized_cssd_shrinkage_lda,43,4,137,1,1,0.9964029982880236,5.624051151845369,1,0.9964028596878052,5.624026298522949
regularized_cssd_shrinkage_lda,43,4,210,1,1,0.9227637825181537,2.4805047927642336,1,0.9227632284164429,2.4804975986480713
regularized_cssd_shrinkage_lda,43,4,93,0,0,0.17513321119714448,-1.5496750139861981,0,0.17513424158096313,-1.5496679544448853
regularized_cssd_shrinkage_lda,43,4,200,1,1,0.8242324732706324,1.5452903668111015,1,0.8242347836494446,1.5453059673309326
regularized_cssd_shrinkage_lda,43,4,90,1,1,0.9536088467975697,3.023144796217763,1,0.953609049320221,3.023148536682129
regularized_cssd_shrinkage_lda,43,4,46,1,1,0.9214127125722283,2.461698100630395,1,0.9214125275611877,2.4616951942443848
regularized_cssd_shrinkage_lda,43,4,235,0,0,0.004123213762690587,-5.486990642558224,0,0.004123251885175705,-5.486981391906738
regularized_cssd_shrinkage_lda,43,4,109,0,0,0.24115000920792615,-1.1463849325736246,0,0.2411489188671112,-1.1463907957077026
regularized_cssd_shrinkage_lda,43,4,242,1,1,0.9678601946819848,3.4049923468848435,1,0.9678604602813721,3.4049999713897705
regularized_cssd_shrinkage_lda,43,4,226,1,1,0.7461566718530931,1.078218335653785,1,0.746154248714447,1.0782054662704468
regularized_cssd_shrinkage_lda,43,4,123,0,0,0.0008308147242168214,-7.092272583139403,0,0.0008308070828206837,-7.092281818389893
regularized_cssd_shrinkage_lda,43,4,214,0,0,0.0029861199150776454,-5.810789834303071,0,0.002986133098602295,-5.810785293579102
regularized_cssd_shrinkage_lda,43,4,306,0,0,0.4236548252778996,-0.307787710526681,0,0.4236571788787842,-0.30777814984321594
regularized_cssd_shrinkage_lda,43,4,4,0,0,0.4622927586398328,-0.1511158839088272,0,0.4622965455055237,-0.15110079944133759
regularized_cssd_shrinkage_lda,43,4,49,1,1,0.8296137996127053,1.5828926633595637,1,0.8296136856079102,1.582891583442688
regularized_cssd_shrinkage_lda,43,4,127,0,0,0.10589496425509388,-2.1333755583306457,0,0.10589619725942612,-2.1333625316619873
regularized_cssd_shrinkage_lda,43,4,78,1,1,0.9348173554684098,2.663157923129533,1,0.9348171353340149,2.6631550788879395
regularized_cssd_shrinkage_lda,43,4,275,0,0,0.46733560427869286,-0.13084393601313604,0,0.4673352539539337,-0.13084538280963898
regularized_cssd_shrinkage_lda,43,4,25,0,0,0.27748861414710535,-0.9569532765841496,0,0.2774880528450012,-0.9569560885429382
regularized_cssd_shrinkage_lda,43,4,32,1,1,0.8799233102174604,1.991704136016953,1,0.879922091960907,1.9916929006576538
regularized_cssd_shrinkage_lda,43,4,281,0,0,0.10441117196275589,-2.149144729508725,0,0.1044108048081398,-2.14914870262146
regularized_cssd_shrinkage_lda,43,4,299,1,0,0.40032764361811357,-0.40410011250076383,0,0.4003235697746277,-0.40411701798439026
regularized_cssd_shrinkage_lda,43,4,265,0,0,0.26679077211317487,-1.0109663754953444,0,0.2667945325374603,-1.0109471082687378
regularized_cssd_shrinkage_lda,43,4,218,1,1,0.8756308030364334,1.9516900075662633,1,0.8756305575370789,1.9516875743865967
regularized_cssd_shrinkage_lda,43,4,220,1,0,0.4089325116500244,-0.3683800701352915,0,0.4089284837245941,-0.36839666962623596
regularized_cssd_shrinkage_lda,43,4,267,1,0,0.35403184518215625,-0.6013633393904386,0,0.3540324568748474,-0.601360559463501
regularized_cssd_shrinkage_lda,43,4,160,0,1,0.5831085948671858,0.3355476695354669,1,0.583111584186554,0.33556005358695984
regularized_cssd_shrinkage_lda,43,4,310,0,0,0.004540191976039111,-5.390235452401294,0,0.004540285095572472,-5.390214920043945
regularized_cssd_shrinkage_lda,43,4,173,1,1,0.8720215623246508,1.9189523569717533,1,0.8720220327377319,1.9189571142196655
regularized_cssd_shrinkage_lda,43,4,151,1,1,0.8455388859586842,1.7000317833472376,1,0.845539391040802,1.7000356912612915
regularized_cssd_shrinkage_lda,43,4,144,1,1,0.7948702971672603,1.3545364773116535,1,0.794870138168335,1.354535698890686
regularized_cssd_shrinkage_lda,43,4,270,1,1,0.936093430591473,2.6842931267596652,1,0.9360935688018799,2.6842949390411377
regularized_cssd_shrinkage_lda,43,4,312,0,0,0.00047478480397065753,-7.652174003307532,0,0.00047478341730311513,-7.652176856994629
regularized_cssd_shrinkage_lda,43,4,107,1,1,0.6270838092753525,0.5197264941550548,1,0.6270831823348999,0.5197235941886902
regularized_cssd_shrinkage_lda,43,4,102,1,0,0.4110450711251218,-0.3596467887001258,0,0.41104352474212646,-0.35965320467948914
regularized_cssd_shrinkage_lda,43,4,63,1,1,0.628521687503045,0.5258800499528913,1,0.6285237073898315,0.5258885622024536
regularized_cssd_shrinkage_lda,43,4,256,0,0,0.13726272215084154,-1.838213446463299,0,0.13726137578487396,-1.8382247686386108
regularized_cssd_shrinkage_lda,43,4,92,0,0,0.32055606916692003,-0.7512175109978287,0,0.3205580711364746,-0.7512083053588867
regularized_cssd_shrinkage_lda,43,4,57,0,0,2.8668798291441594e-05,-10.459672524930344,0,2.8668733648373745e-05,-10.459674835205078
toeplitz_lda,43,4,249,1,0,0.442514910578287,-0.23096159744230638,0,0.4425138831138611,-0.23096585273742676
toeplitz_lda,43,4,19,1,1,0.7992970672200858,1.3819068069893556,1,0.7992980480194092,1.3819128274917603
toeplitz_lda,43,4,61,0,0,0.031224565046821386,-3.434827709489237,0,0.031223967671394348,-3.434847354888916
toeplitz_lda,43,4,28,0,0,0.0008887952830427905,-7.024754436264745,0,0.0008888032753020525,-7.024745464324951
toeplitz_lda,43,4,166,1,1,0.9940520380349149,5.118740923428717,1,0.994051992893219,5.118733882904053
toeplitz_lda,43,4,85,1,1,0.6920172615994147,0.8095671625652869,1,0.6920220255851746,0.8095893859863281
toeplitz_lda,43,4,23,0,1,0.7103061166342433,0.8968712364374527,1,0.7103070020675659,0.8968755006790161
toeplitz_lda,43,4,91,1,1,0.9980592699349277,6.242748438774388,1,0.9980593323707581,6.242761135101318
toeplitz_lda,43,4,217,0,0,0.009650648992197225,-4.631032594520121,0,0.00965068582445383,-4.631028652191162
toeplitz_lda,43,4,202,0,0,0.038509359484823154,-3.2175835154770995,0,0.0385090708732605,-3.2175912857055664
toeplitz_lda,43,4,262,1,1,0.9997961339648093,8.497843583257952,1,0.9997960925102234,8.497832298278809
toeplitz_lda,43,4,258,0,0,0.05748837755535962,-2.796965452852,0,0.05748775228857994,-2.7969770431518555
toeplitz_lda,43,4,203,0,0,0.048951230919866154,-2.9667408279897907,0,0.048950616270303726,-2.9667539596557617
toeplitz_lda,43,4,34,1,1,0.9342077878862612,2.653197410063672,1,0.9342082142829895,2.653205394744873
toeplitz_lda,43,4,213,0,1,0.5510111880628031,0.20475714426365765,1,0.5510101318359375,0.20475280284881592
toeplitz_lda,43,4,42,0,0,0.40063807014278136,-0.4028071875896299,0,0.4006388187408447,-0.4028039872646332
toeplitz_lda,43,4,5,1,1,0.9806328542206099,3.9246200189351845,1,0.9806327223777771,3.9246115684509277
toeplitz_lda,43,4,118,0,0,0.20591836809943914,-1.349706448028946,0,0.2059173882007599,-1.3497124910354614
toeplitz_lda,43,4,80,0,0,0.07475651006710893,-2.5158206355553894,0,0.07475612312555313,-2.5158262252807617
toeplitz_lda,43,4,261,0,0,0.36908938182623724,-0.536125359556424,0,0.3690882921218872,-0.5361300110816956
toeplitz_lda,43,4,39,1,1,0.7135869694123553,0.9128693888330539,1,0.7135822176933289,0.9128462672233582
toeplitz_lda,43,4,106,1,1,0.6676469778263223,0.697561833743271,1,0.6676499247550964,0.6975750923156738
toeplitz_lda,43,4,64,0,0,0.10065771330061618,-2.1899379195800805,0,0.10065679997205734,-2.189948081970215
toeplitz_lda,43,4,231,0,0,0.004188625344548154,-5.4711852567294414,0,0.004188665188848972,-5.471175670623779
toeplitz_lda,43,4,137,1,1,0.9977650831403627,6.101313832862376,1,0.997765064239502,6.1012959480285645
toeplitz_lda,43,4,210,1,1,0.976029289175743,3.7066598926117886,1,0.9760288596153259,3.706643581390381
toeplitz_lda,43,4,93,0,0,0.13439886336217663,-1.8626122502860596,0,0.1344011425971985,-1.8625926971435547
toeplitz_lda,43,4,200,1,1,0.8205177421099493,1.5198591726257287,1,0.8205206990242004,1.5198793411254883
toeplitz_lda,43,4,90,1,1,0.917857053814404,2.413580687956547,1,0.9178568720817566,2.413578510284424
toeplitz_lda,43,4,46,1,1,0.9453768302281165,2.851125462621174,1,0.9453771114349365,2.8511314392089844
toeplitz_lda,43,4,235,0,0,0.00483262240389638,-5.327521680610198,0,0.004832677077502012,-5.327510356903076
toeplitz_lda,43,4,109,0,0,0.07233793254717635,-2.551318868562747,0,0.07233744114637375,-2.551326274871826
toeplitz_lda,43,4,242,1,1,0.9838651893294588,4.110509793602308,1,0.9838654398918152,4.110522747039795
toeplitz_lda,43,4,226,1,1,0.5187620366030956,0.07508340020013005,1,0.5187585353851318,0.07506948709487915
toeplitz_lda,43,4,123,0,0,0.0010944546748221614,-6.816403999597114,0,0.0010944526875391603,-6.816405773162842
toeplitz_lda,43,4,214,0,0,0.0024082670900399624,-6.026436668266367,0,0.0024082562886178493,-6.0264410972595215
toeplitz_lda,43,4,306,0,0,0.2816903474207059,-0.9360923382413676,0,0.28168973326683044,-0.9360954761505127
toeplitz_lda,43,4,4,0,1,0.5081950463844976,0.03278312131445088,1,0.5081982016563416,0.03279575705528259
toeplitz_lda,43,4,49,1,1,0.8898280623599174,2.088986040777149,1,0.8898276090621948,2.088982105255127
toeplitz_lda,43,4,127,0,0,0.1050655525333145,-2.142166007340171,0,0.10506532341241837,-2.1421685218811035
toeplitz_lda,43,4,78,1,1,0.9580850952647237,3.1292951147010966,1,0.9580851197242737,3.129295825958252
toeplitz_lda,43,4,275,0,1,0.7078026342707965,0.8847358057017555,1,0.7078009247779846,0.8847275972366333
toeplitz_lda,43,4,25,0,0,0.23761913137423735,-1.1657771549084779,0,0.23761948943138123,-1.165775179862976
toeplitz_lda,43,4,32,1,1,0.7534167598535306,1.116918915935172,1,0.7534139156341553,1.1169036626815796
toeplitz_lda,43,4,281,0,0,0.16065528826716272,-1.653360479356378,0,0.16065534949302673,-1.65336012840271
toeplitz_lda,43,4,299,1,1,0.5303522704922373,0.12155854506859776,1,0.5303441286087036,0.12152588367462158
toeplitz_lda,43,4,265,0,0,0.30046589837061216,-0.8450802797771978,0,0.3004694879055023,-0.8450632095336914
toeplitz_lda,43,4,218,1,1,0.8931225312645575,2.123040758256728,1,0.8931224346160889,2.123039722442627
toeplitz_lda,43,4,220,1,1,0.5107026065571144,0.04281696636512544,1,0.5106953978538513,0.042788147926330566
toeplitz_lda,43,4,267,1,1,0.5422498905415396,0.1694035251698044,1,0.5422503352165222,0.1694052517414093
toeplitz_lda,43,4,160,0,1,0.642058504177104,0.5843098739826134,1,0.6420620679855347,0.5843254327774048
toeplitz_lda,43,4,310,0,0,0.0014374122360344323,-6.5434723940459865,0,0.0014374405145645142,-6.543452739715576
toeplitz_lda,43,4,173,1,1,0.9169439419760731,2.401530560712987,1,0.9169439673423767,2.401531219482422
toeplitz_lda,43,4,151,1,1,0.824642018257004,1.5481198804287397,1,0.8246407508850098,1.5481114387512207
toeplitz_lda,43,4,144,1,1,0.8460778465564313,1.7041643950918792,1,0.8460784554481506,1.7041689157485962
toeplitz_lda,43,4,270,1,1,0.9706660413453165,3.499236633073662,1,0.9706659913063049,3.499235153198242
toeplitz_lda,43,4,312,0,0,0.0009719272638670782,-6.935257187824881,0,0.0009719256195239723,-6.935258865356445
toeplitz_lda,43,4,107,1,1,0.6007069558957254,0.4084116277462879,1,0.6007057428359985,0.4084063768386841
toeplitz_lda,43,4,102,1,0,0.3764752394384669,-0.5045361965656786,0,0.37647587060928345,-0.5045335292816162
toeplitz_lda,43,4,63,1,1,0.6450094700131117,0.5971738858525311,1,0.6450105309486389,0.5971783995628357
toeplitz_lda,43,4,256,0,0,0.08643059556979395,-2.3580176208026615,0,0.08642944693565369,-2.3580322265625
toeplitz_lda,43,4,92,0,0,0.356446742258435,-0.5908199481096585,0,0.35644856095314026,-0.5908119678497314
toeplitz_lda,43,4,57,0,0,2.103918517930315e-05,-10.76910285865761,0,2.103940278175287e-05,-10.769092559814453
baseline_cssd_lda,43,5,153,0,0,0.12779768378309117,-1.9205729929918909,0,0.12780174612998962,-1.9205366373062134
baseline_cssd_lda,43,5,294,0,1,0.8938257689101997,2.1304294325586293,1,0.8938218951225281,2.1303882598876953
baseline_cssd_lda,43,5,179,0,0,0.0007915900588079636,-7.140674999135812,0,0.000791577564086765,-7.140690803527832
baseline_cssd_lda,43,5,113,0,0,0.3598621801682606,-0.5759623713727264,0,0.3598630130290985,-0.575958788394928
baseline_cssd_lda,43,5,244,1,1,0.5038611514477326,0.015444912809593897,1,0.5038595795631409,0.015438534319400787
baseline_cssd_lda,43,5,234,1,1,0.9469185482492135,2.8813855198595926,1,0.9469190239906311,2.881394386291504
baseline_cssd_lda,43,5,298,1,1,0.999624425517657,7.886678106293884,1,0.9996243715286255,7.886634826660156
baseline_cssd_lda,43,5,54,0,0,0.09644154805847863,-2.2374036977281837,0,0.09644660353660583,-2.2373456954956055
baseline_cssd_lda,43,5,125,1,1,0.9998001119775172,8.51755332779521,1,0.9998001456260681,8.517539978027344
baseline_cssd_lda,43,5,172,0,1,0.8255835164416165,1.5546444061526568,1,0.8255847096443176,1.5546526908874512
baseline_cssd_lda,43,5,243,0,1,0.7912021465446221,1.3321869177593446,1,0.7912051677703857,1.3322051763534546
baseline_cssd_lda,43,5,176,1,1,0.9275489478704081,2.549634376264536,1,0.9275429248809814,2.5495450496673584
baseline_cssd_lda,43,5,44,1,1,0.7766332115073811,1.246152969932683,1,0.7766282558441162,1.246124267578125
baseline_cssd_lda,43,5,219,1,1,0.9113130149593822,2.329773284695645,1,0.91131192445755,2.3297598361968994
baseline_cssd_lda,43,5,183,0,0,0.4573288355319439,-0.17110086146515646,0,0.4573316276073456,-0.17108961939811707
baseline_cssd_lda,43,5,1,1,1,0.9751087006804844,3.6680306351724608,1,0.9751088619232178,3.6680362224578857
baseline_cssd_lda,43,5,8,0,1,0.8116876883036473,1.4610138289235777,1,0.8116892576217651,1.461024284362793
baseline_cssd_lda,43,5,141,1,1,0.9927866235139798,4.924578612661857,1,0.9927865862846375,4.924575328826904
baseline_cssd_lda,43,5,36,1,1,0.9004175850178662,2.2018730464721465,1,0.9004194140434265,2.2018930912017822
baseline_cssd_lda,43,5,82,0,0,0.22075850970345426,-1.2612516104171392,0,0.22075265645980835,-1.2612855434417725
baseline_cssd_lda,43,5,112,1,1,0.9985039533178534,6.503432028395815,1,0.9985040426254272,6.503451347351074
baseline_cssd_lda,43,5,192,0,1,0.9557494821838339,3.072628757340265,1,0.9557507634162903,3.0726587772369385
baseline_cssd_lda,43,5,266,1,1,0.9905549584184765,4.652775446696,1,0.9905548691749573,4.652770519256592
baseline_cssd_lda,43,5,10,1,1,0.6653665969521112,0.6873025490120505,1,0.6653634309768677,0.6872882843017578
baseline_cssd_lda,43,5,280,1,1,0.993363100993516,5.008451420519347,1,0.9933629035949707,5.008430004119873
baseline_cssd_lda,43,5,241,1,1,0.8284583888810999,1.5747407433527971,1,0.8284569382667542,1.574730634689331
baseline_cssd_lda,43,5,174,0,0,0.00523887427810166,-5.246395990854889,0,0.005238779354840517,-5.2464141845703125
baseline_cssd_lda,43,5,59,0,0,0.00643009792099974,-5.040314652027048,0,0.006430189125239849,-5.040300369262695
baseline_cssd_lda,43,5,0,0,0,0.013543073019458398,-4.288244461712747,0,0.013543197885155678,-4.288235187530518
baseline_cssd_lda,43,5,251,1,1,0.9442863155763352,2.8302036229435124,1,0.9442883133888245,2.8302419185638428
baseline_cssd_lda,43,5,224,1,1,0.5980407687742069,0.3973082582195364,1,0.5980319380760193,0.39727136492729187
baseline_cssd_lda,43,5,272,0,0,0.008511301183284626,-4.757812718427366,0,0.008511640131473541,-4.757772445678711
baseline_cssd_lda,43,5,100,1,1,0.9563144399610677,3.0860691574603165,1,0.9563145041465759,3.086071014404297
baseline_cssd_lda,43,5,27,0,1,0.659481389508316,0.6609839722072254,1,0.659477174282074,0.6609653830528259
baseline_cssd_lda,43,5,108,1,1,0.9744241484531627,3.6401980721964167,1,0.974423348903656,3.640166997909546
baseline_cssd_lda,43,5,189,0,0,0.08598334175572912,-2.3636952199618895,0,0.08598315715789795,-2.3636975288391113
baseline_cssd_lda,43,5,216,1,0,0.1844193109927547,-1.4866883323538829,0,0.18441766500473022,-1.4866993427276611
baseline_cssd_lda,43,5,31,0,0,0.05291743615718883,-2.884653383461681,0,0.05292018875479698,-2.88459849357605
baseline_cssd_lda,43,5,190,0,0,0.1160127133479428,-2.0307428979908524,0,0.11601092666387558,-2.0307602882385254
baseline_cssd_lda,43,5,71,1,0,0.39714199424925406,-0.4173878044404876,0,0.39714139699935913,-0.4173903167247772
baseline_cssd_lda,43,5,248,1,1,0.9975221167578905,5.997869656402469,1,0.9975220561027527,5.997852802276611
baseline_cssd_lda,43,5,72,0,0,0.034330313104043594,-3.336793108858198,0,0.03432676941156387,-3.336899995803833
baseline_cssd_lda,43,5,21,0,0,0.0006081831165216031,-7.404426174718871,0,0.0006081793690100312,-7.40443229675293
baseline_cssd_lda,43,5,255,1,1,0.9793933263368236,3.861318337650445,1,0.9793952107429504,3.8614096641540527
baseline_cssd_lda,43,5,161,1,1,0.9976574429723755,6.054166894270814,1,0.9976575374603271,6.054191589355469
baseline_cssd_lda,43,5,142,1,1,0.935180673280178,2.669135933337148,1,0.9351792335510254,2.669112205505371
baseline_cssd_lda,43,5,96,1,1,0.9240524294323711,2.4987255705713336,1,0.9240520000457764,2.498720407485962
baseline_cssd_lda,43,5,99,0,0,0.42586306598538126,-0.29875007562233735,0,0.4258488714694977,-0.29880812764167786
baseline_cssd_lda,43,5,239,0,0,0.06072783931140096,-2.7387030475284906,0,0.060727789998054504,-2.738703966140747
baseline_cssd_lda,43,5,94,0,0,0.20381410754071122,-1.3626243509506912,0,0.20381933450698853,-1.362592101097107
baseline_cssd_lda,43,5,122,1,1,0.8051877015614166,1.4190388969963776,1,0.805186927318573,1.4190340042114258
baseline_cssd_lda,43,5,124,1,1,0.9284960990528579,2.5638141725277768,1,0.9284952282905579,2.5638010501861572
baseline_cssd_lda,43,5,52,0,0,0.3987345932917619,-0.4107404297146526,0,0.39874154329299927,-0.4107114374637604
baseline_cssd_lda,43,5,238,0,0,0.02645970130932989,-3.605316349393582,0,0.02646070532500744,-3.6052772998809814
baseline_cssd_lda,43,5,204,1,1,0.9436177963386174,2.8175676366081355,1,0.9436191320419312,2.817591905593872
baseline_cssd_lda,43,5,211,1,1,0.6468666507842017,0.6052944239520236,1,0.6468591094017029,0.6052613854408264
baseline_cssd_lda,43,5,185,0,0,0.0012007230627274024,-6.723629906868852,0,0.0012006635079160333,-6.723679542541504
baseline_cssd_lda,43,5,18,0,0,0.06513911954362524,-2.6638724438762313,0,0.06513827294111252,-2.663886308670044
baseline_cssd_lda,43,5,311,0,0,0.0034953199703124022,-5.652828913737673,0,0.0034953688737004995,-5.652814865112305
baseline_cssd_lda,43,5,136,0,0,0.07199078104447794,-2.5565035971869863,0,0.0719936192035675,-2.5564610958099365
baseline_cssd_lda,43,5,240,0,0,0.19884609739881215,-1.3935219210845822,0,0.19885975122451782,-1.3934361934661865
baseline_cssd_lda,43,5,58,1,0,0.2609485306523665,-1.04104437850292,0,0.2609374225139618,-1.0411019325256348
regularized_cssd,43,5,153,0,0,0.15147481963036005,-1.7230803564930612,0,0.1514788419008255,-1.7230491638183594
regularized_cssd,43,5,294,0,1,0.8737136017043671,1.934200305181567,1,0.8737097382545471,1.9341659545898438
regularized_cssd,43,5,179,0,0,0.0007710992775348197,-7.166922031326296,0,0.0007710849167779088,-7.166940689086914
regularized_cssd,43,5,113,0,0,0.40470256887897793,-0.3859087654074725,0,0.40470317006111145,-0.3859063684940338
regularized_cssd,43,5,244,1,1,0.6174448273812588,0.47871683113470487,1,0.6174399256706238,0.47869595885276794
regularized_cssd,43,5,234,1,1,0.9586802692705266,3.1442174916397225,1,0.9586807489395142,3.1442294120788574
regularized_cssd,43,5,298,1,1,0.9996551422650569,7.97203367124926,1,0.9996551275253296,7.971991539001465
regularized_cssd,43,5,54,0,0,0.08299907848490107,-2.4022789720363216,0,0.08300240337848663,-2.402235269546509
regularized_cssd,43,5,125,1,1,0.9998180788024188,8.611755007226396,1,0.9998181462287903,8.611736297607422
regularized_cssd,43,5,172,0,1,0.8102732076327926,1.4517863817391536,1,0.8102749586105347,1.4517978429794312
regularized_cssd,43,5,243,0,1,0.7751061249015146,1.2373713306293888,1,0.7751080393791199,1.2373820543289185
regularized_cssd,43,5,176,1,1,0.9355064969937699,2.6745236004899113,1,0.9355015754699707,2.674441337585449
regularized_cssd,43,5,44,1,1,0.8194526145260359,1.512643307369999,1,0.8194489479064941,1.5126186609268188
regularized_cssd,43,5,219,1,1,0.9204088656226858,2.4479152809952165,1,0.9204079508781433,2.447902202606201
regularized_cssd,43,5,183,0,0,0.36123297042436475,-0.5700167043246106,0,0.36124280095100403,-0.5699741244316101
regularized_cssd,43,5,1,1,1,0.9808349808835884,3.9353175339135342,1,0.9808349013328552,3.935314416885376
regularized_cssd,43,5,8,0,1,0.8703831429412562,1.9043506635313907,1,0.8703839182853699,1.90435791015625
regularized_cssd,43,5,141,1,1,0.9906327371593349,4.661122933301108,1,0.9906327724456787,4.661123752593994
regularized_cssd,43,5,36,1,1,0.8999917135679312,2.1971325092594607,1,0.8999926447868347,2.1971426010131836
regularized_cssd,43,5,82,0,0,0.18997611754385865,-1.4501653646232266,0,0.189970925450325,-1.4501991271972656
regularized_cssd,43,5,112,1,1,0.9983708997926825,6.418097007999149,1,0.9983709454536438,6.418105125427246
regularized_cssd,43,5,192,0,1,0.9479785771116006,2.9026762916515385,1,0.9479799270629883,2.902703285217285
regularized_cssd,43,5,266,1,1,0.9913970862541843,4.7470141930306475,1,0.9913970232009888,4.747012138366699
regularized_cssd,43,5,10,1,1,0.6112236695700214,0.4524587712838112,1,0.6112187504768372,0.4524379074573517
regularized_cssd,43,5,280,1,1,0.9942605884776792,5.154642650912683,1,0.9942604303359985,5.154616832733154
regularized_cssd,43,5,241,1,1,0.8495361487929404,1.7309676292063585,1,0.8495355248451233,1.730963110923767
regularized_cssd,43,5,174,0,0,0.005040934482937836,-5.285110117950779,0,0.005040854215621948,-5.285126209259033
regularized_cssd,43,5,59,0,0,0.003898552459177307,-5.543243787434832,0,0.003898613154888153,-5.5432281494140625
regularized_cssd,43,5,0,0,0,0.017226341045126686,-4.043939169799215,0,0.0172266885638237,-4.043918609619141
regularized_cssd,43,5,251,1,1,0.9488181972663228,2.91983315379055,1,0.9488195180892944,2.919860363006592
regularized_cssd,43,5,224,1,1,0.6728656729492365,0.7211748426583305,1,0.6728596687316895,0.7211475968360901
regularized_cssd,43,5,272,0,0,0.008104604291266542,-4.807185322647356,0,0.00810479000210762,-4.807162284851074
regularized_cssd,43,5,100,1,1,0.9572476846607024,3.1086388177142843,1,0.9572478532791138,3.108642101287842
regularized_cssd,43,5,27,0,1,0.637148342139365,0.5630084099497443,1,0.6371456384658813,0.5629968047142029
regularized_cssd,43,5,108,1,1,0.9700676720730708,3.4784267361990193,1,0.970066487789154,3.4783854484558105
regularized_cssd,43,5,189,0,0,0.06309061555039978,-2.6980145343588644,0,0.0630904883146286,-2.69801664352417
regularized_cssd,43,5,216,1,0,0.17804773124580747,-1.5296306587493909,0,0.1780451238155365,-1.5296485424041748
regularized_cssd,43,5,31,0,0,0.03461062708351043,-3.3283707391595025,0,0.034612417221069336,-3.328317165374756
regularized_cssd,43,5,190,0,0,0.11202440021589169,-2.0702275582563368,0,0.11202096939086914,-2.0702619552612305
regularized_cssd,43,5,71,1,0,0.37745640331872765,-0.500358586593463,0,0.37745773792266846,-0.5003529191017151
regularized_cssd,43,5,248,1,1,0.9981074772921608,6.26795025807481,1,0.9981074333190918,6.267935752868652
regularized_cssd,43,5,72,0,0,0.0338724718260897,-3.3506931982676837,0,0.033868927508592606,-3.350801467895508
regularized_cssd,43,5,21,0,0,0.0005303681518182818,-7.541408657640149,0,0.0005303639336489141,-7.541416645050049
regularized_cssd,43,5,255,1,1,0.978432944820871,3.814785328780446,1,0.9784345626831055,3.8148653507232666
regularized_cssd,43,5,161,1,1,0.9975540870762383,6.010887932738802,1,0.9975541234016418,6.0109148025512695
regularized_cssd,43,5,142,1,1,0.8759759273858126,1.954862929656768,1,0.8759720325469971,1.9548274278640747
regularized_cssd,43,5,96,1,1,0.9368969210791385,2.6978037040010814,1,0.9368952512741089,2.6977760791778564
regularized_cssd,43,5,99,0,1,0.5619051547162295,0.24889764312290974,1,0.5618902444839478,0.24883709847927094
regularized_cssd,43,5,239,0,0,0.058840952791903094,-2.7722740561224843,0,0.05884045362472534,-2.7722830772399902
regularized_cssd,43,5,94,0,0,0.2248199295848927,-1.2377955824602314,0,0.2248244285583496,-1.2377697229385376
regularized_cssd,43,5,122,1,1,0.8048775499300123,1.4170628433971086,1,0.8048774003982544,1.4170622825622559
regularized_cssd,43,5,124,1,1,0.8891724638619943,2.082315949755785,1,0.8891723155975342,2.0823144912719727
regularized_cssd,43,5,52,0,0,0.4513868986562804,-0.19506861947099347,0,0.4513917565345764,-0.19504912197589874
regularized_cssd,43,5,238,0,0,0.03251172777840604,-3.3931024241322096,0,0.03251289948821068,-3.3930652141571045
regularized_cssd,43,5,204,1,1,0.9461487251512638,2.866173694049159,1,0.9461501836776733,2.8662028312683105
regularized_cssd,43,5,211,1,1,0.6730751697375345,0.7221267493270319,1,0.6730678677558899,0.7220938205718994
regularized_cssd,43,5,185,0,0,0.0008298402324047935,-7.093447182040563,0,0.0008298077736981213,-7.093486309051514
regularized_cssd,43,5,18,0,0,0.06317974559329466,-2.696507664224822,0,0.0631793886423111,-2.6965136528015137
regularized_cssd,43,5,311,0,0,0.0050678114860532334,-5.2797655177331215,0,0.005067914724349976,-5.279745101928711
regularized_cssd,43,5,136,0,0,0.05851314972082373,-2.77820887069161,0,0.058514803647994995,-2.7781789302825928
regularized_cssd,43,5,240,0,0,0.16885859721064625,-1.5937382783783136,0,0.1688721477985382,-1.593641757965088
regularized_cssd,43,5,58,1,0,0.2609858528782056,-1.0408508620450028,0,0.26097571849823,-1.0409033298492432
shrinkage_lda,43,5,153,0,0,0.02974030662612062,-3.4850605095883243,0,0.02974041737616062,-3.4850566387176514
shrinkage_lda,43,5,294,0,1,0.8673286857686016,1.8775432640394925,1,0.867327868938446,1.8775361776351929
shrinkage_lda,43,5,179,0,0,0.0009255393609894582,-6.984207929485912,0,0.0009255361510440707,-6.984211444854736
shrinkage_lda,43,5,113,0,0,0.2939447270973316,-0.8763017780655421,0,0.2939443588256836,-0.876303493976593
shrinkage_lda,43,5,244,1,1,0.8435592926462093,1.6849531216660265,1,0.843558669090271,1.6849483251571655
shrinkage_lda,43,5,234,1,1,0.9717219810907324,3.53698495000103,1,0.9717221260070801,3.5369911193847656
shrinkage_lda,43,5,298,1,1,0.9999322419199947,9.59949908286813,1,0.9999322891235352,9.59951400756836
shrinkage_lda,43,5,54,0,0,0.07261614349004152,-2.5471803053152184,0,0.07261693477630615,-2.547168493270874
shrinkage_lda,43,5,125,1,1,0.9882092643487319,4.428580372532454,1,0.9882091283798218,4.428565502166748
shrinkage_lda,43,5,172,0,1,0.9183757327721562,2.420479991585169,1,0.9183759689331055,2.420483350753784
shrinkage_lda,43,5,243,0,1,0.7511456257748288,1.1047316592119676,1,0.7511491179466248,1.104750156402588
shrinkage_lda,43,5,176,1,1,0.9699916320206031,3.4758111692630926,1,0.9699908494949341,3.47578501701355
shrinkage_lda,43,5,44,1,1,0.7386827187581122,1.0391331841572045,1,0.738681435585022,1.0391262769699097
shrinkage_lda,43,5,219,1,1,0.7167686850304192,0.9284892423637552,1,0.71677166223526,0.928503692150116
shrinkage_lda,43,5,183,0,0,0.3057942258014117,-0.8198560101216084,0,0.3057943880558014,-0.819855272769928
shrinkage_lda,43,5,1,1,1,0.953877455146366,3.0292333366338875,1,0.9538784027099609,3.029254198074341
shrinkage_lda,43,5,8,0,1,0.987125240823835,4.3395281801716115,1,0.9871253371238708,4.339540004730225
shrinkage_lda,43,5,141,1,1,0.9786789239267918,3.826507554935338,1,0.9786790013313293,3.8265092372894287
shrinkage_lda,43,5,36,1,1,0.9370383412078329,2.700198249988559,1,0.9370375275611877,2.700183629989624
shrinkage_lda,43,5,82,0,0,0.019741881019605504,-3.9050736044865726,0,0.019741708412766457,-3.9050824642181396
shrinkage_lda,43,5,112,1,1,0.9993442810927683,7.329122421939019,1,0.9993442893028259,7.329135417938232
shrinkage_lda,43,5,192,0,1,0.8898282192035151,2.0889876406666232,1,0.8898280262947083,2.0889856815338135
shrinkage_lda,43,5,266,1,1,0.9978169224182644,6.12483419903129,1,0.9978169202804565,6.124838829040527
shrinkage_lda,43,5,10,1,1,0.72108814846079,0.9498656008295647,1,0.7210826277732849,0.9498381614685059
shrinkage_lda,43,5,280,1,1,0.9956208990573062,5.4265231225990656,1,0.9956209063529968,5.426517009735107
shrinkage_lda,43,5,241,1,1,0.8463330849196519,1.7061256286168163,1,0.8463332653045654,1.7061269283294678
shrinkage_lda,43,5,174,0,0,0.002280496991811311,-6.0810787796199,0,0.002280449727550149,-6.081099510192871
shrinkage_lda,43,5,59,0,0,0.0012174704628479928,-6.709761751614194,0,0.0012174707371741533,-6.709761619567871
shrinkage_lda,43,5,0,0,0,0.09458115955248257,-2.258939346603703,0,0.09458152949810028,-2.25893497467041
shrinkage_lda,43,5,251,1,1,0.9628834933127063,3.2558706265687674,1,0.9628840088844299,3.2558841705322266
shrinkage_lda,43,5,224,1,1,0.7700414313081629,1.2085451637196207,1,0.7700392603874207,1.208532691001892
shrinkage_lda,43,5,272,0,0,0.013271200624459438,-4.308798908157741,0,0.01327128242701292,-4.308792591094971
shrinkage_lda,43,5,100,1,1,0.9823600870120488,4.019793810615397,1,0.9823602437973022,4.019806385040283
shrinkage_lda,43,5,27,0,0,0.36675506714949135,-0.5461630537483674,0,0.3667528033256531,-0.5461728572845459
shrinkage_lda,43,5,108,1,1,0.9861783810465359,4.267603294909443,1,0.9861781597137451,4.267587184906006
shrinkage_lda,43,5,189,0,0,0.026919686954203857,-3.5876087444859115,0,0.026919836178421974,-3.5876030921936035
shrinkage_lda,43,5,216,1,0,0.1513329412099096,-1.7241846342496534,0,0.15133331716060638,-1.7241816520690918
shrinkage_lda,43,5,31,0,0,0.0015199935315541432,-6.487528049795846,0,0.001520022051408887,-6.487509250640869
shrinkage_lda,43,5,190,0,1,0.6305612309107653,0.5346252517641927,1,0.6305568814277649,0.5346066355705261
shrinkage_lda,43,5,71,1,0,0.26415745843341065,-1.0244707989415245,0,0.26415595412254333,-1.024478554725647
shrinkage_lda,43,5,248,1,1,0.9931924721864489,4.982895442972928,1,0.9931924939155579,4.982895851135254
shrinkage_lda,43,5,72,0,0,0.042481791783573655,-3.115269181781202,0,0.04248129948973656,-3.115281343460083
shrinkage_lda,43,5,21,0,0,0.0005627656810914124,-7.4820842893611745,0,0.0005627569044008851,-7.482100009918213
shrinkage_lda,43,5,255,1,1,0.9711726518914657,3.5171797371472566,1,0.9711722135543823,3.517164468765259
shrinkage_lda,43,5,161,1,1,0.9955034707138534,5.399942780451302,1,0.9955034852027893,5.399940013885498
shrinkage_lda,43,5,142,1,1,0.5812503897045425,0.3279084748596396,1,0.5812503695487976,0.32790830731391907
shrinkage_lda,43,5,96,1,1,0.8553485058525485,1.7771816343039621,1,0.8553472757339478,1.7771714925765991
shrinkage_lda,43,5,99,0,1,0.8682886572087251,1.8859114827459322,1,0.8682859539985657,1.8858880996704102
shrinkage_lda,43,5,239,0,0,0.02992299349655929,-3.4787482583739333,0,0.02992251329123974,-3.478764772415161
shrinkage_lda,43,5,94,0,0,0.11741488185075853,-2.017141574025066,0,0.11741506308317184,-2.0171399116516113
shrinkage_lda,43,5,122,1,1,0.8824707288269664,2.0160382008632123,1,0.8824705481529236,2.0160367488861084
shrinkage_lda,43,5,124,1,1,0.9006265147256328,2.2042053182766583,1,0.9006258249282837,2.204197883605957
shrinkage_lda,43,5,52,0,0,0.46870681099856965,-0.12533657737467369,0,0.468707799911499,-0.12533260881900787
shrinkage_lda,43,5,238,0,0,0.15805996489655866,-1.672734308801982,0,0.15806064009666443,-1.672729253768921
shrinkage_lda,43,5,204,1,1,0.6896677395386168,0.7985664132715251,1,0.6896659135818481,0.7985580563545227
shrinkage_lda,43,5,211,1,0,0.42975359444490735,-0.28285654960053497,0,0.42974916100502014,-0.2828746736049652
shrinkage_lda,43,5,185,0,0,0.0005656481539632317,-7.4769725009710575,0,0.0005656389403156936,-7.476988792419434
shrinkage_lda,43,5,18,0,0,0.13539152162557905,-1.8541060370322906,0,0.1353907436132431,-1.8541127443313599
shrinkage_lda,43,5,311,0,0,0.012947722811027983,-4.333803075799696,0,0.012948062270879745,-4.333776473999023
shrinkage_lda,43,5,136,0,0,0.006354971347546144,-5.052142632860525,0,0.0063551184721291065,-5.052119255065918
shrinkage_lda,43,5,240,0,1,0.5580342991919437,0.23318814949325517,1,0.5580413341522217,0.23321662843227386
shrinkage_lda,43,5,58,1,1,0.5643363195279442,0.258779814372817,1,0.5643326640129089,0.25876495242118835
regularized_cssd_shrinkage_lda,43,5,153,0,0,0.04630060424339714,-3.0251935113862456,0,0.046300724148750305,-3.025190830230713
regularized_cssd_shrinkage_lda,43,5,294,0,1,0.8486236558424597,1.7238467272092362,1,0.8486228585243225,1.723840355873108
regularized_cssd_shrinkage_lda,43,5,179,0,0,0.0009977689186666649,-6.9089905858641085,0,0.0009977667359635234,-6.908992767333984
regularized_cssd_shrinkage_lda,43,5,113,0,0,0.35202012992219855,-0.6101712699330659,0,0.3520195484161377,-0.6101738810539246
regularized_cssd_shrinkage_lda,43,5,244,1,1,0.9051578854237236,2.2558958303175864,1,0.9051567316055298,2.2558820247650146
regularized_cssd_shrinkage_lda,43,5,234,1,1,0.9743758458993906,3.638261681751504,1,0.9743760228157043,3.6382691860198975
regularized_cssd_shrinkage_lda,43,5,298,1,1,0.9999051365574531,9.262977279414626,1,0.9999051094055176,9.262991905212402
regularized_cssd_shrinkage_lda,43,5,54,0,0,0.05816008733311957,-2.78463598121864,0,0.05816062167286873,-2.7846262454986572
regularized_cssd_shrinkage_lda,43,5,125,1,1,0.9919592798130696,4.815163403198733,1,0.9919592142105103,4.815155029296875
regularized_cssd_shrinkage_lda,43,5,172,0,1,0.9020994986453862,2.22077315228618,1,0.9020997881889343,2.2207770347595215
regularized_cssd_shrinkage_lda,43,5,243,0,1,0.717422434126385,0.9317117536794073,1,0.717426061630249,0.9317294359207153
regularized_cssd_shrinkage_lda,43,5,176,1,1,0.9639797047945012,3.286987705957326,1,0.9639788866043091,3.2869648933410645
regularized_cssd_shrinkage_lda,43,5,44,1,1,0.8190916706681428,1.5102055723992023,1,0.8190909624099731,1.5102007389068604
regularized_cssd_shrinkage_lda,43,5,219,1,1,0.7701426861120283,1.2091170623083223,1,0.7701442837715149,1.2091262340545654
regularized_cssd_shrinkage_lda,43,5,183,0,0,0.20867805316432797,-1.3329122485716571,0,0.20867890119552612,-1.3329070806503296
regularized_cssd_shrinkage_lda,43,5,1,1,1,0.9674181095042489,3.390874152225791,1,0.9674186706542969,3.390892267227173
regularized_cssd_shrinkage_lda,43,5,8,0,1,0.9884906274818004,4.453017455991295,1,0.9884907007217407,4.453024864196777
regularized_cssd_shrinkage_lda,43,5,141,1,1,0.9760849575682745,3.7090419779104296,1,0.9760849475860596,3.7090442180633545
regularized_cssd_shrinkage_lda,43,5,36,1,1,0.9384459455212943,2.7243095343049144,1,0.9384454488754272,2.7243003845214844
regularized_cssd_shrinkage_lda,43,5,82,0,0,0.024153599062649727,-3.698871799435303,0,0.02415359765291214,-3.6988718509674072
regularized_cssd_shrinkage_lda,43,5,112,1,1,0.9990545718864434,6.962926827526605,1,0.9990546107292175,6.962934494018555
regularized_cssd_shrinkage_lda,43,5,192,0,1,0.8629313011580175,1.839852831686448,1,0.8629318475723267,1.8398572206497192
regularized_cssd_shrinkage_lda,43,5,266,1,1,0.9975112485140804,5.993482251955539,1,0.9975112676620483,5.993488788604736
regularized_cssd_shrinkage_lda,43,5,10,1,1,0.6162248657996472,0.4735551457603032,1,0.6162188649177551,0.473529577255249
regularized_cssd_shrinkage_lda,43,5,280,1,1,0.9955967850463179,5.42100739592091,1,0.9955968260765076,5.421001434326172
regularized_cssd_shrinkage_lda,43,5,241,1,1,0.8648481824016409,1.8561552584729808,1,0.8648489117622375,1.856161117553711
regularized_cssd_shrinkage_lda,43,5,174,0,0,0.0017908263912071781,-6.3232856627635154,0,0.001790797570720315,-6.323301792144775
regularized_cssd_shrinkage_lda,43,5,59,0,0,0.0008286213101859857,-7.094918345541949,0,0.000828624120913446,-7.09491491317749
regularized_cssd_shrinkage_lda,43,5,0,0,0,0.1139948631574295,-2.0505693610222715,0,0.11399506777524948,-2.050567388534546
regularized_cssd_shrinkage_lda,43,5,251,1,1,0.9478575864832395,2.90022556914819,1,0.9478581547737122,2.900236129760742
regularized_cssd_shrinkage_lda,43,5,224,1,1,0.8229820993145003,1.53668358863483,1,0.822981059551239,1.5366766452789307
regularized_cssd_shrinkage_lda,43,5,272,0,0,0.01224152700147608,-4.390604183009238,0,0.012241591699421406,-4.390598773956299
regularized_cssd_shrinkage_lda,43,5,100,1,1,0.9798282553658729,3.8830944619682164,1,0.979828417301178,3.883103847503662
regularized_cssd_shrinkage_lda,43,5,27,0,0,0.4052755753528744,-0.38353087771706773,0,0.4052737057209015,-0.38353872299194336
regularized_cssd_shrinkage_lda,43,5,108,1,1,0.9785335113583908,3.819561982618213,1,0.9785332083702087,3.819547176361084
regularized_cssd_shrinkage_lda,43,5,189,0,0,0.021173372750347235,-3.8336101452685694,0,0.021173473447561264,-3.8336052894592285
regularized_cssd_shrinkage_lda,43,5,216,1,0,0.16501589185945956,-1.621370908940313,0,0.16501574218273163,-1.621372103691101
regularized_cssd_shrinkage_lda,43,5,31,0,0,0.0012299620862350033,-6.6995412151616645,0,0.001229997375048697,-6.699512481689453
regularized_cssd_shrinkage_lda,43,5,190,0,1,0.6007419303182444,0.40855744285467455,1,0.6007383465766907,0.4085423946380615
regularized_cssd_shrinkage_lda,43,5,71,1,0,0.28913425707170637,-0.8995924458807283,0,0.2891334295272827,-0.8995964527130127
regularized_cssd_shrinkage_lda,43,5,248,1,1,0.9958832173639693,5.488558054362702,1,0.9958832263946533,5.488560676574707
regularized_cssd_shrinkage_lda,43,5,72,0,0,0.049262067445357445,-2.9600840922984237,0,0.049261424690485,-2.9600977897644043
regularized_cssd_shrinkage_lda,43,5,21,0,0,0.0005620818776162344,-7.483300789068842,0,0.0005620760493911803,-7.483311176300049
regularized_cssd_shrinkage_lda,43,5,255,1,1,0.966710716137992,3.3686637554368137,1,0.9667101502418518,3.3686466217041016
regularized_cssd_shrinkage_lda,43,5,161,1,1,0.9941110330712547,5.128768315530035,1,0.9941110014915466,5.1287689208984375
regularized_cssd_shrinkage_lda,43,5,142,1,0,0.3771323007980583,-0.5017380790190107,0,0.377132773399353,-0.501736044883728
regularized_cssd_shrinkage_lda,43,5,96,1,1,0.8407981003745066,1.6641783545929585,1,0.8407964706420898,1.6641663312911987
regularized_cssd_shrinkage_lda,43,5,99,0,1,0.9121542439541411,2.3402265985471176,1,0.9121525287628174,2.340204954147339
regularized_cssd_shrinkage_lda,43,5,239,0,0,0.030247186288831145,-3.4676380428914224,0,0.030246740207076073,-3.467653274536133
regularized_cssd_shrinkage_lda,43,5,94,0,0,0.20330061701020047,-1.3657916663250051,0,0.20330053567886353,-1.365792155265808
regularized_cssd_shrinkage_lda,43,5,122,1,1,0.887429831720778,2.064752710123362,1,0.8874298334121704,2.0647525787353516
regularized_cssd_shrinkage_lda,43,5,124,1,1,0.8195755059200569,1.5134741556026332,1,0.8195747137069702,1.5134690999984741
regularized_cssd_shrinkage_lda,43,5,52,0,1,0.5261579061802304,0.10472723875788054,1,0.5261586308479309,0.10473010689020157
regularized_cssd_shrinkage_lda,43,5,238,0,0,0.14891448158522502,-1.743140423117481,0,0.1489156037569046,-1.7431315183639526
regularized_cssd_shrinkage_lda,43,5,204,1,1,0.6955435271000869,0.8261654625111317,1,0.6955419778823853,0.8261584043502808
regularized_cssd_shrinkage_lda,43,5,211,1,0,0.484174400238127,-0.06332355051067096,0,0.48417097330093384,-0.06333725899457932
regularized_cssd_shrinkage_lda,43,5,185,0,0,0.00047326311198556353,-7.655385686866522,0,0.0004732564266305417,-7.655399799346924
regularized_cssd_shrinkage_lda,43,5,18,0,0,0.09350700176886367,-2.2715469874866714,0,0.09350640326738358,-2.2715539932250977
regularized_cssd_shrinkage_lda,43,5,311,0,0,0.021807483796239896,-3.8034532932082876,0,0.021808192133903503,-3.803420066833496
regularized_cssd_shrinkage_lda,43,5,136,0,0,0.010327523078439184,-4.562561582054368,0,0.010327747091650963,-4.562539577484131
regularized_cssd_shrinkage_lda,43,5,240,0,0,0.42621809880370326,-0.29729817676193204,0,0.4262239933013916,-0.297274112701416
regularized_cssd_shrinkage_lda,43,5,58,1,1,0.519541766735253,0.07820690411217546,1,0.5195388793945312,0.07819543033838272
toeplitz_lda,43,5,153,0,0,0.03054277602127694,-3.4576081584349088,0,0.030542822554707527,-3.457606554031372
toeplitz_lda,43,5,294,0,1,0.8801242682620397,1.993607474076816,1,0.8801229000091553,1.9935945272445679
toeplitz_lda,43,5,179,0,0,0.001086360012582418,-6.8238356585774085,0,0.0010863535571843386,-6.823841571807861
toeplitz_lda,43,5,113,0,0,0.37496517659336404,-0.5109742063941257,0,0.37496405839920044,-0.5109791159629822
toeplitz_lda,43,5,244,1,1,0.7935009187802934,1.3461587347570132,1,0.7934995889663696,1.3461507558822632
toeplitz_lda,43,5,234,1,1,0.9737738797536039,3.614423250273797,1,0.9737740755081177,3.6144299507141113
toeplitz_lda,43,5,298,1,1,0.9999651333610575,10.263945222903128,1,0.9999651908874512,10.263955116271973
toeplitz_lda,43,5,54,0,0,0.09697678530065706,-2.231276638439387,0,0.09697841852903366,-2.231257915496826
toeplitz_lda,43,5,125,1,1,0.9915783277355149,4.768489529300515,1,0.991578221321106,4.768471717834473
toeplitz_lda,43,5,172,0,1,0.8630776916837734,1.8410910397694282,1,0.863078236579895,1.8410961627960205
toeplitz_lda,43,5,243,0,1,0.7975108977193246,1.3708094302168872,1,0.7975151538848877,1.370835781097412
toeplitz_lda,43,5,176,1,1,0.9341859698352206,2.65284248959053,1,0.9341835975646973,2.6528029441833496
toeplitz_lda,43,5,44,1,0,0.46046539823738475,-0.15846920604295844,0,0.4604628384113312,-0.1584794670343399
toeplitz_lda,43,5,219,1,1,0.811224752993375,1.4579880082567658,1,0.8112266659736633,1.4580007791519165
toeplitz_lda,43,5,183,0,0,0.34953265867258826,-0.6210940899073937,0,0.3495332896709442,-0.621091365814209
toeplitz_lda,43,5,1,1,1,0.9256925656403469,2.522331171578378,1,0.9256940484046936,2.5223519802093506
toeplitz_lda,43,5,8,0,1,0.9530493271918414,3.0105691263583854,1,0.953049898147583,3.010582447052002
toeplitz_lda,43,5,141,1,1,0.9892655688510582,4.523506378567399,1,0.9892656803131104,4.5235137939453125
toeplitz_lda,43,5,36,1,1,0.8772589814497774,1.9667256572341274,1,0.8772570490837097,1.9667075872421265
toeplitz_lda,43,5,82,0,0,0.02359922877810288,-3.7226590957774968,0,0.023598888888955116,-3.7226738929748535
toeplitz_lda,43,5,112,1,1,0.9988774008930106,6.790985421247445,1,0.9988774657249451,6.7910027503967285
toeplitz_lda,43,5,192,0,1,0.8783412803505644,1.9768154752726486,1,0.878341019153595,1.976812720298767
toeplitz_lda,43,5,266,1,1,0.9972657205527092,5.8991493096022545,1,0.9972656965255737,5.899153232574463
toeplitz_lda,43,5,10,1,0,0.4820471998245566,-0.07184208455195829,0,0.48203861713409424,-0.07187654078006744
toeplitz_lda,43,5,280,1,1,0.9947594817253045,5.246080580202111,1,0.9947595000267029,5.246078968048096
toeplitz_lda,43,5,241,1,1,0.8257293997721329,1.555657851758346,1,0.8257297873497009,1.555660605430603
toeplitz_lda,43,5,174,0,0,0.002912457597461295,-5.835841311952866,0,0.002912395866587758,-5.835862636566162
toeplitz_lda,43,5,59,0,0,0.000678863198437292,-7.294411832029541,0,0.0006788707687519491,-7.294400691986084
toeplitz_lda,43,5,0,0,0,0.06428037854914304,-2.6780614519539503,0,0.06428046524524689,-2.6780600547790527
toeplitz_lda,43,5,251,1,1,0.9432007329322089,2.8097557043848504,1,0.9432018399238586,2.8097758293151855
toeplitz_lda,43,5,224,1,1,0.6896814835082752,0.7986306303644113,1,0.6896794438362122,0.7986210584640503
toeplitz_lda,43,5,272,0,0,0.01513732350514195,-4.1753387673613,0,0.015137430280447006,-4.1753315925598145
toeplitz_lda,43,5,100,1,1,0.9678750200788101,3.4054690492582784,1,0.9678754806518555,3.4054834842681885
toeplitz_lda,43,5,27,0,0,0.2734551962736259,-0.9771623594990939,0,0.2734527289867401,-0.9771748185157776
toeplitz_lda,43,5,108,1,1,0.9878765082144763,4.400412657986164,1,0.987876296043396,4.40039587020874
toeplitz_lda,43,5,189,0,0,0.031401018492782054,-3.4290103499943423,0,0.03140110522508621,-3.4290075302124023
toeplitz_lda,43,5,216,1,0,0.3330200790778792,-0.6945571562036765,0,0.3330214321613312,-0.6945510506629944
toeplitz_lda,43,5,31,0,0,0.006486326501764132,-5.031551478772387,0,0.006486527156084776,-5.031520366668701
toeplitz_lda,43,5,190,0,0,0.4894599202533359,-0.0421665656231327,0,0.4894563853740692,-0.04218078777194023
toeplitz_lda,43,5,71,1,0,0.2897783828920588,-0.8964606241932949,0,0.28977689146995544,-0.896467924118042
toeplitz_lda,43,5,248,1,1,0.9930015186999196,4.955039025064416,1,0.9930015802383423,4.955038547515869
toeplitz_lda,43,5,72,0,0,0.06440813432885639,-2.675939405846228,0,0.06440678983926773,-2.67596173286438
toeplitz_lda,43,5,21,0,0,0.0003746058739552173,-7.889261411414402,0,0.0003746009315364063,-7.889274597167969
toeplitz_lda,43,5,255,1,1,0.9688379003374314,3.4368947103851006,1,0.9688376188278198,3.436884641647339
toeplitz_lda,43,5,161,1,1,0.9962760789437429,5.589247246321635,1,0.9962761402130127,5.5892486572265625
toeplitz_lda,43,5,142,1,1,0.7238274793668984,0.9635273306264027,1,0.7238262891769409,0.9635211229324341
toeplitz_lda,43,5,96,1,1,0.8793558988165462,1.9863448074126238,1,0.8793540000915527,1.9863272905349731
toeplitz_lda,43,5,99,0,1,0.6967617576990854,0.8319247665057263,1,0.696755588054657,0.831895649433136
toeplitz_lda,43,5,239,0,0,0.07740686639504422,-2.478112838880961,0,0.07740557193756104,-2.478131055831909
toeplitz_lda,43,5,94,0,0,0.18320929779952272,-1.4947536804505261,0,0.18320952355861664,-1.4947521686553955
toeplitz_lda,43,5,122,1,1,0.8596424419253978,1.812323384614154,1,0.8596430420875549,1.8123277425765991
toeplitz_lda,43,5,124,1,1,0.8143585356283753,1.4785835279126516,1,0.814357578754425,1.4785773754119873
toeplitz_lda,43,5,52,0,0,0.4656969283618864,-0.13742817362648535,0,0.4656970798969269,-0.13742749392986298
toeplitz_lda,43,5,238,0,0,0.20220820635094178,-1.3725497621135647,0,0.20220935344696045,-1.3725426197052002
toeplitz_lda,43,5,204,1,1,0.8276373041654834,1.5689740666254857,1,0.8276358246803284,1.568963885307312
toeplitz_lda,43,5,211,1,1,0.53639574451004,0.1458409272984169,1,0.5363896489143372,0.14581646025180817
toeplitz_lda,43,5,185,0,0,0.0007308808667788314,-7.220528936348391,0,0.0007308661588467658,-7.2205491065979
toeplitz_lda,43,5,18,0,0,0.1333459161749024,-1.8716932912737696,0,0.13334494829177856,-1.8717015981674194
toeplitz_lda,43,5,311,0,0,0.00502384646464417,-5.288522902257688,0,0.0050240266136825085,-5.288486957550049
toeplitz_lda,43,5,136,0,0,0.0330558568686085,-3.375941967774929,0,0.033056579530239105,-3.3759193420410156
toeplitz_lda,43,5,240,0,0,0.3975725845423073,-0.4155896657913398,0,0.39758312702178955,-0.41554564237594604
toeplitz_lda,43,5,58,1,1,0.5445146930575245,0.1785314673110711,1,0.5445092916488647,0.17850972712039948
baseline_cssd_lda,44,1,115,0,0,0.3939617685309163,-0.430689201907826,0,0.3939494490623474,-0.4307408034801483
baseline_cssd_lda,44,1,51,0,1,0.7315359245472972,1.0024292222496771,1,0.731537401676178,1.0024365186691284
baseline_cssd_lda,44,1,82,0,0,0.2433967281394383,-1.1341462984717836,0,0.24339790642261505,-1.134139895439148
baseline_cssd_lda,44,1,122,1,1,0.7356672256690673,1.0235690592452857,1,0.7356660962104797,1.0235633850097656
baseline_cssd_lda,44,1,110,1,0,0.41253303915958917,-0.3535037100699312,0,0.41254785656929016,-0.35344260931015015
baseline_cssd_lda,44,1,3,1,1,0.9992392361447814,7.180426503392345,1,0.9992392063140869,7.180373668670654
baseline_cssd_lda,44,1,80,0,0,0.047872910021683895,-2.990148732109345,0,0.04787108302116394,-2.9901888370513916
baseline_cssd_lda,44,1,170,1,0,0.46843106422529723,-0.1264439404037696,0,0.4684324860572815,-0.12643815577030182
baseline_cssd_lda,44,1,193,1,1,0.9688886736308678,3.438577772579891,1,0.9688877463340759,3.438546657562256
baseline_cssd_lda,44,1,227,0,0,0.019210530927660004,-3.932899213558721,0,0.019211873412132263,-3.932827949523926
baseline_cssd_lda,44,1,293,1,1,0.9977100143623648,6.07691712154615,1,0.9977098703384399,6.076842784881592
baseline_cssd_lda,44,1,262,1,1,0.9998620179197343,8.888248742784166,1,0.9998619556427002,8.888228416442871
baseline_cssd_lda,44,1,145,1,1,0.8194450854114927,1.5125924186185988,1,0.8194494247436523,1.5126216411590576
baseline_cssd_lda,44,1,296,0,0,0.041470207846024155,-3.1404253578553387,0,0.041467901319265366,-3.1404833793640137
baseline_cssd_lda,44,1,39,1,1,0.7919925676393111,1.3369781959103553,1,0.7919824719429016,1.3369169235229492
baseline_cssd_lda,44,1,58,1,0,0.2962654101532048,-0.8651455735247262,0,0.29625341296195984,-0.8652029633522034
baseline_cssd_lda,44,1,172,0,1,0.6559287384375371,0.6452033609883401,1,0.6559301614761353,0.6452094912528992
baseline_cssd_lda,44,1,216,1,0,0.1463831316484229,-1.7632550873083024,0,0.14638297259807587,-1.763256311416626
baseline_cssd_lda,44,1,234,1,1,0.985458377151068,4.216091811844663,1,0.9854581356048584,4.216075420379639
baseline_cssd_lda,44,1,260,0,0,0.11437606441985483,-2.046800578603229,0,0.1143668070435524,-2.046891927719116
baseline_cssd_lda,44,1,167,0,0,0.0006753152955598672,-7.299655328194325,0,0.0006753602647222579,-7.299588680267334
baseline_cssd_lda,44,1,283,0,0,0.002669086115455844,-5.9233464895395205,0,0.0026690580416470766,-5.923357009887695
baseline_cssd_lda,44,1,285,0,0,0.0341188115616608,-3.3431919424316856,0,0.03411104902625084,-3.3434274196624756
baseline_cssd_lda,44,1,93,0,0,0.023113014144016866,-3.7439751289456487,0,0.023113641887903214,-3.7439472675323486
baseline_cssd_lda,44,1,269,0,0,0.01284726710623773,-4.3416936598700016,0,0.012847311794757843,-4.3416900634765625
baseline_cssd_lda,44,1,139,0,0,0.10217695653079464,-2.1732668145255967,0,0.10217627137899399,-2.173274278640747
baseline_cssd_lda,44,1,52,0,0,0.30050599156839053,-0.8448895361272022,0,0.30051374435424805,-0.8448525667190552
baseline_cssd_lda,44,1,273,1,1,0.9925522500375795,4.89236768774214,1,0.9925518035888672,4.892299652099609
baseline_cssd_lda,44,1,140,1,1,0.8483683068160423,1.7218603562756458,1,0.8483566045761108,1.7217694520950317
baseline_cssd_lda,44,1,291,1,0,0.1011695312056766,-2.184296802673283,0,0.10117171704769135,-2.1842727661132812
baseline_cssd_lda,44,1,202,0,0,0.019948736098361466,-3.8944390925368384,0,0.019948765635490417,-3.894437551498413
baseline_cssd_lda,44,1,242,1,1,0.973671393813782,3.61041783293422,1,0.9736711382865906,3.610408067703247
baseline_cssd_lda,44,1,212,1,1,0.7794101451951775,1.2622322928300502,1,0.7794154286384583,1.2622628211975098
baseline_cssd_lda,44,1,268,1,1,0.9502802150918,2.9503539637847997,1,0.9502798914909363,2.9503467082977295
baseline_cssd_lda,44,1,277,1,1,0.9958852626312001,5.489057043586963,1,0.9958853125572205,5.4890642166137695
baseline_cssd_lda,44,1,203,0,0,0.20185842738524218,-1.374719393846965,0,0.2018495500087738,-1.3747745752334595
baseline_cssd_lda,44,1,143,1,1,0.887213784410674,2.0625918435233634,1,0.887211263179779,2.0625665187835693
baseline_cssd_lda,44,1,295,1,1,0.947887966159461,2.9008404182000334,1,0.9478924870491028,2.900932788848877
baseline_cssd_lda,44,1,313,0,0,0.00884062783185214,-4.719517445113595,0,0.00883987732231617,-4.719603061676025
baseline_cssd_lda,44,1,163,1,1,0.9875935774919969,4.377056971584867,1,0.9875941872596741,4.37710428237915
baseline_cssd_lda,44,1,306,0,0,0.13325228156012311,-1.8725037669436106,0,0.13325437903404236,-1.8724855184555054
baseline_cssd_lda,44,1,186,0,0,0.12309216511691316,-1.9634685108228005,0,0.12309696525335312,-1.9634240865707397
baseline_cssd_lda,44,1,198,0,0,0.00011084357090942962,-9.10727977198009,0,0.000110841981950216,-9.107294082641602
baseline_cssd_lda,44,1,125,1,1,0.9999105099635941,9.321293769912897,1,0.9999104738235474,9.321292877197266
baseline_cssd_lda,44,1,244,1,0,0.4228792617587011,-0.3109647912281245,0,0.4228794276714325,-0.3109641373157501
baseline_cssd_lda,44,1,299,1,1,0.9503330671332628,2.9514731431362593,1,0.9503291845321655,2.9513907432556152
baseline_cssd_lda,44,1,118,0,0,0.05596760536788026,-2.825387434124259,0,0.05596721172332764,-2.825394868850708
baseline_cssd_lda,44,1,209,0,0,0.0008757838660212357,-7.039515058167808,0,0.0008757446194067597,-7.039559841156006
baseline_cssd_lda,44,1,221,1,1,0.8423805688333852,1.6760484300885476,1,0.8423728346824646,1.675990343093872
baseline_cssd_lda,44,1,12,0,0,0.07916767511689114,-2.453709888963654,0,0.07916823774576187,-2.453702211380005
baseline_cssd_lda,44,1,130,1,1,0.9965779514581435,5.67408800124069,1,0.9965780377388,5.674111843109131
baseline_cssd_lda,44,1,179,0,0,0.0005621361852096572,-7.483204120745819,0,0.0005621349555440247,-7.483206272125244
baseline_cssd_lda,44,1,131,1,1,0.9665135525312685,3.3625545170225255,1,0.966513454914093,3.3625497817993164
baseline_cssd_lda,44,1,50,1,1,0.9817799954337612,3.9868471035692545,1,0.9817801117897034,3.9868524074554443
baseline_cssd_lda,44,1,75,0,0,0.00022320619908815096,-8.407191323037068,0,0.00022320471180137247,-8.407197952270508
baseline_cssd_lda,44,1,144,1,1,0.9416977427755077,2.782043545537249,1,0.9416999816894531,2.7820839881896973
baseline_cssd_lda,44,1,25,0,1,0.7011963325327505,0.853001195590539,1,0.7012001872062683,0.8530195355415344
baseline_cssd_lda,44,1,286,0,0,0.050616635791119816,-2.931532390702122,0,0.050615981221199036,-2.9315459728240967
baseline_cssd_lda,44,1,105,0,0,0.1929115869027881,-1.4312012350139949,0,0.19291940331459045,-1.431151032447815
baseline_cssd_lda,44,1,189,0,0,0.048299253893632474,-2.9808345298478027,0,0.048299387097358704,-2.9808316230773926
baseline_cssd_lda,44,1,166,1,1,0.9947749881153838,5.249059496570908,1,0.9947751760482788,5.249105930328369
baseline_cssd_lda,44,1,294,0,1,0.7394832060160845,1.0432842445917614,1,0.7394654750823975,1.0431921482086182
baseline_cssd_lda,44,1,87,1,0,0.1527020723738184,-1.7135635936751221,0,0.15270152688026428,-1.713567852973938
baseline_cssd_lda,44,1,191,0,0,0.41163742625593325,-0.3572004513456559,0,0.411628782749176,-0.35723617672920227
regularized_cssd,44,1,115,0,0,0.3938411295407788,-0.43119451071942155,0,0.3938268721103668,-0.43125423789024353
regularized_cssd,44,1,51,0,1,0.5260917896247197,0.10446204855805685,1,0.5260866284370422,0.10444138944149017
regularized_cssd,44,1,82,0,0,0.12655159862122078,-1.9317989374715134,0,0.126552551984787,-1.9317902326583862
regularized_cssd,44,1,122,1,1,0.8092950121946898,1.4454358458623895,1,0.8092937469482422,1.4454277753829956
regularized_cssd,44,1,110,1,0,0.3876673320803085,-0.4571281295537946,0,0.3876784145832062,-0.45708149671554565
regularized_cssd,44,1,3,1,1,0.9994566427336357,7.517200000339778,1,0.9994565844535828,7.517168998718262
regularized_cssd,44,1,80,0,0,0.029910335608730777,-3.4791844115436596,0,0.029909789562225342,-3.479203224182129
regularized_cssd,44,1,170,1,1,0.6002901088983271,0.4066740414660517,1,0.6002874374389648,0.40666288137435913
regularized_cssd,44,1,193,1,1,0.9855198651874557,4.220391586687587,1,0.9855194091796875,4.220358848571777
regularized_cssd,44,1,227,0,0,0.013927675649314956,-4.259851788657521,0,0.013928644359111786,-4.259781360626221
regularized_cssd,44,1,293,1,1,0.9976861549794961,6.066528101074544,1,0.9976860284805298,6.066459655761719
regularized_cssd,44,1,262,1,1,0.9999153178914142,9.376521525677655,1,0.999915361404419,9.37646770477295
regularized_cssd,44,1,145,1,1,0.8605708180767573,1.820039095121966,1,0.8605704307556152,1.820035457611084
regularized_cssd,44,1,296,0,0,0.04646146382067884,-3.0215566057604444,0,0.04645590856671333,-3.021682024002075
regularized_cssd,44,1,39,1,1,0.7626978336211735,1.1675276360757025,1,0.762690544128418,1.1674871444702148
regularized_cssd,44,1,58,1,0,0.17050027506208007,-1.5820858680409868,0,0.1704927533864975,-1.5821391344070435
regularized_cssd,44,1,172,0,1,0.58723704456906,0.352555091720717,1,0.5872381925582886,0.35255977511405945
regularized_cssd,44,1,216,1,0,0.1346961898758213,-1.8600588738272803,0,0.13469691574573517,-1.8600527048110962
regularized_cssd,44,1,234,1,1,0.9942157557182126,5.146816523147556,1,0.9942159056663513,5.146836757659912
regularized_cssd,44,1,260,0,0,0.052577023579512716,-2.8914664320405654,0,0.05257494002580643,-2.8915083408355713
regularized_cssd,44,1,167,0,0,0.0007541143108398042,-7.189212196760925,0,0.0007541512604802847,-7.1891632080078125
regularized_cssd,44,1,283,0,0,0.0009941065763600099,-6.912671536349219,0,0.0009940890595316887,-6.912689208984375
regularized_cssd,44,1,285,0,0,0.03615721919898735,-3.283051560970529,0,0.03615095838904381,-3.283231258392334
regularized_cssd,44,1,93,0,0,0.016554257903993747,-4.08441912422907,0,0.016555001959204674,-4.084373474121094
regularized_cssd,44,1,269,0,0,0.009023930020675077,-4.698810446767083,0,0.009023895487189293,-4.698814392089844
regularized_cssd,44,1,139,0,0,0.07541336341164318,-2.5063622653820814,0,0.07541120052337646,-2.5063931941986084
regularized_cssd,44,1,52,0,0,0.33795206610391937,-0.6724338918481558,0,0.33795875310897827,-0.6724039912223816
regularized_cssd,44,1,273,1,1,0.9908617152260115,4.686102277587329,1,0.9908616542816162,4.686097621917725
regularized_cssd,44,1,140,1,1,0.9096910748050355,2.3098687687318624,1,0.9096831679344177,2.309772491455078
regularized_cssd,44,1,291,1,0,0.09825328429505514,-2.2167849995120545,0,0.09825645387172699,-2.2167491912841797
regularized_cssd,44,1,202,0,0,0.014497888005398979,-4.219148285641814,0,0.014497269876301289,-4.219191551208496
regularized_cssd,44,1,242,1,1,0.9853096693619978,4.205766479277573,1,0.9853095412254333,4.205759525299072
regularized_cssd,44,1,212,1,1,0.8654681073442583,1.8614692340645813,1,0.8654740452766418,1.8615204095840454
regularized_cssd,44,1,268,1,1,0.8959278920479762,2.152775927530575,1,0.895927906036377,2.152776002883911
regularized_cssd,44,1,277,1,1,0.9967272020502023,5.718831852519115,1,0.9967273473739624,5.718863487243652
regularized_cssd,44,1,203,0,0,0.10952878736407645,-2.0955633620087095,0,0.10952747613191605,-2.095576763153076
regularized_cssd,44,1,143,1,1,0.8967994971167715,2.162158585069771,1,0.8968021869659424,2.1621875762939453
regularized_cssd,44,1,295,1,1,0.9422824894583651,2.792744509206495,1,0.9422819018363953,2.792734146118164
regularized_cssd,44,1,313,0,0,0.009512067666763588,-4.645636409460732,0,0.009511600248515606,-4.645686149597168
regularized_cssd,44,1,163,1,1,0.9904275533050819,4.6392478861346,1,0.9904279708862305,4.639287948608398
regularized_cssd,44,1,306,0,0,0.2328121774606051,-1.1924996276719937,0,0.23280321061611176,-1.1925498247146606
regularized_cssd,44,1,186,0,0,0.08789958903983329,-2.3395549543853753,0,0.08790174871683121,-2.3395280838012695
regularized_cssd,44,1,198,0,0,0.00010689238354839397,-9.143581092752594,0,0.00010688990005291998,-9.143604278564453
regularized_cssd,44,1,125,1,1,0.9999374728962681,9.679847906454823,1,0.9999374151229858,9.679848670959473
regularized_cssd,44,1,244,1,0,0.38852642218259403,-0.4535105671303374,0,0.3885190188884735,-0.45354175567626953
regularized_cssd,44,1,299,1,1,0.9543167696411411,3.039264379997684,1,0.9543156027793884,3.0392377376556396
regularized_cssd,44,1,118,0,0,0.036648669965250964,-3.269041036457188,0,0.03664885088801384,-3.269035816192627
regularized_cssd,44,1,209,0,0,0.000991165419716015,-6.915637458601094,0,0.0009911470115184784,-6.915656089782715
regularized_cssd,44,1,221,1,1,0.8560342627510789,1.7827350664256496,1,0.8560261130332947,1.7826684713363647
regularized_cssd,44,1,12,0,0,0.07379507504500248,-2.5298035158378953,0,0.07379618287086487,-2.529787302017212
regularized_cssd,44,1,130,1,1,0.9950441710962558,5.302222689117885,1,0.9950442314147949,5.302241802215576
regularized_cssd,44,1,179,0,0,0.00031709236617468394,-8.056000307932756,0,0.00031708829919807613,-8.056013107299805
regularized_cssd,44,1,131,1,1,0.9098852235121239,2.312234311404514,1,0.9098846912384033,2.312227249145508
regularized_cssd,44,1,50,1,1,0.9780460438105816,3.796609388787012,1,0.9780460596084595,3.796609401702881
regularized_cssd,44,1,75,0,0,0.00011058227675379498,-9.109640139674484,0,0.00011058111704187468,-9.109650611877441
regularized_cssd,44,1,144,1,1,0.9591401676017777,3.1558897368452805,1,0.9591416716575623,3.1559271812438965
regularized_cssd,44,1,25,0,0,0.4549289556114292,-0.18077487759757482,0,0.45492488145828247,-0.18079134821891785
regularized_cssd,44,1,286,0,0,0.05864944465962498,-2.775737498775366,0,0.05864911153912544,-2.7757434844970703
regularized_cssd,44,1,105,0,0,0.11479906337579651,-2.042631341164885,0,0.1148013100028038,-2.042609214782715
regularized_cssd,44,1,189,0,0,0.046369527353602044,-3.023633745759982,0,0.046370211988687515,-3.023618221282959
regularized_cssd,44,1,166,1,1,0.9912934401554094,4.7349338489340145,1,0.991293728351593,4.734965801239014
regularized_cssd,44,1,294,0,1,0.623033229192969,0.502442812285511,1,0.6230199337005615,0.502386212348938
regularized_cssd,44,1,87,1,0,0.06097118914188661,-2.734444717776756,0,0.06097017228603363,-2.7344624996185303
regularized_cssd,44,1,191,0,0,0.45563736245538455,-0.1779184025456904,0,0.45562952756881714,-0.177949920296669
shrinkage_lda,44,1,115,0,0,0.24716204438884054,-1.1138058345714452,0,0.24715837836265564,-1.1138254404067993
shrinkage_lda,44,1,51,0,1,0.8829623813422821,2.0207871863519706,1,0.8829606175422668,2.0207700729370117
shrinkage_lda,44,1,82,0,0,0.048465485279772284,-2.9772240591992016,0,0.048464469611644745,-2.977246046066284
shrinkage_lda,44,1,122,1,1,0.8468479604197384,1.7100900241790302,1,0.8468483686447144,1.7100931406021118
shrinkage_lda,44,1,110,1,0,0.12590491384747282,-1.9376621939086014,0,0.1259065717458725,-1.9376471042633057
shrinkage_lda,44,1,3,1,1,0.9993357074980924,7.3161234773230825,1,0.9993357062339783,7.3161115646362305
shrinkage_lda,44,1,80,0,0,0.07423788014492051,-2.523342777651135,0,0.07423876225948334,-2.523329973220825
shrinkage_lda,44,1,170,1,0,0.2924177117722407,-0.8836706313856397,0,0.2924177050590515,-0.8836707472801208
shrinkage_lda,44,1,193,1,1,0.9762676511158603,3.7168977322301915,1,0.9762672781944275,3.7168848514556885
shrinkage_lda,44,1,227,0,0,0.20830965396857506,-1.3351446444722936,0,0.2083110809326172,-1.33513605594635
shrinkage_lda,44,1,293,1,1,0.9945745862627481,5.211220932787953,1,0.9945744872093201,5.211198806762695
shrinkage_lda,44,1,262,1,1,0.9998370671317189,8.72200934688431,1,0.9998370409011841,8.722015380859375
shrinkage_lda,44,1,145,1,1,0.9481272465639776,2.9056950492251064,1,0.9481267929077148,2.905687093734741
shrinkage_lda,44,1,296,0,0,0.041173839634008065,-3.1479066923316843,0,0.0411735363304615,-3.147914409637451
shrinkage_lda,44,1,39,1,1,0.8940378794578332,2.1326664681637526,1,0.8940354585647583,2.132641077041626
shrinkage_lda,44,1,58,1,1,0.6617365897077376,0.6710426636480329,1,0.6617301106452942,0.6710134744644165
shrinkage_lda,44,1,172,0,1,0.84274423788966,1.6787899789193077,1,0.8427459597587585,1.678802728652954
shrinkage_lda,44,1,216,1,0,0.26048775938866825,-1.0434349633863373,0,0.2604849934577942,-1.0434492826461792
shrinkage_lda,44,1,234,1,1,0.9837087644943556,4.100702618041329,1,0.9837092161178589,4.100729465484619
shrinkage_lda,44,1,260,0,0,0.26062605278494005,-1.0427171788391736,0,0.26062119007110596,-1.0427424907684326
shrinkage_lda,44,1,167,0,0,0.0019625830999034847,-6.231529253814712,0,0.0019626065623015165,-6.231517314910889
shrinkage_lda,44,1,283,0,0,0.0018447904592164563,-6.293543085999067,0,0.001844809390604496,-6.293532848358154
shrinkage_lda,44,1,285,0,0,0.13325498220153936,-1.8724803841800441,0,0.13325124979019165,-1.872512698173523
shrinkage_lda,44,1,93,0,0,0.0443904663316726,-3.069324667910192,0,0.04439131170511246,-3.0693047046661377
shrinkage_lda,44,1,269,0,0,0.013908878194368623,-4.2612214106951525,0,0.013908786699175835,-4.261228084564209
shrinkage_lda,44,1,139,0,0,0.03350531550859232,-3.361971700740792,0,0.03350576385855675,-3.3619577884674072
shrinkage_lda,44,1,52,0,0,0.3893915719277694,-0.4498704341765214,0,0.38939911127090454,-0.4498387277126312
shrinkage_lda,44,1,273,1,1,0.9928070029278417,4.927428363735388,1,0.9928070306777954,4.927430629730225
shrinkage_lda,44,1,140,1,1,0.9128672879518601,2.349158129601695,1,0.9128641486167908,2.349118947982788
shrinkage_lda,44,1,291,1,0,0.46434332525888977,-0.14286921989945506,0,0.46434441208839417,-0.14286476373672485
shrinkage_lda,44,1,202,0,0,0.019463549154090425,-3.919556378571576,0,0.01946319453418255,-3.9195749759674072
shrinkage_lda,44,1,242,1,1,0.9911507108584512,4.718529469536729,1,0.9911508560180664,4.7185468673706055
shrinkage_lda,44,1,212,1,1,0.8391223442768414,1.6517123436102799,1,0.839123547077179,1.6517208814620972
shrinkage_lda,44,1,268,1,1,0.8995232944745548,2.191939035375886,1,0.89952552318573,2.1919634342193604
shrinkage_lda,44,1,277,1,1,0.9911741620162373,4.721206708619988,1,0.9911743402481079,4.7212300300598145
shrinkage_lda,44,1,203,0,0,0.17105045354294646,-1.578200729613156,0,0.17104966938495636,-1.5782063007354736
shrinkage_lda,44,1,143,1,1,0.8360843071544527,1.6293772262476491,1,0.8360854983329773,1.6293857097625732
shrinkage_lda,44,1,295,1,1,0.9710961704870029,3.5144514106728986,1,0.9710959196090698,3.51444149017334
shrinkage_lda,44,1,313,0,0,0.018481701184230127,-3.9723195398669944,0,0.01848142221570015,-3.972334861755371
shrinkage_lda,44,1,163,1,1,0.9891038888339261,4.508393418605881,1,0.9891039133071899,4.508389472961426
shrinkage_lda,44,1,306,0,0,0.24625536348534807,-1.1186845718147933,0,0.24625547230243683,-1.118683934211731
shrinkage_lda,44,1,186,0,0,0.23888416784412156,-1.1588067756561264,0,0.23888403177261353,-1.158807635307312
shrinkage_lda,44,1,198,0,0,8.690264333668568e-05,-9.350635201592281,0,8.690070535521954e-05,-9.35065746307373
shrinkage_lda,44,1,125,1,1,0.9874530023810398,4.3656474997093,1,0.9874528050422668,4.365630626678467
shrinkage_lda,44,1,244,1,1,0.6981963705688878,0.8387238241794028,1,0.6981907486915588,0.8386969566345215
shrinkage_lda,44,1,299,1,1,0.8161726827629647,1.4906291299371188,1,0.8161682486534119,1.4905993938446045
shrinkage_lda,44,1,118,0,0,0.2088643048294597,-1.3317847200273911,0,0.20886358618736267,-1.3317891359329224
shrinkage_lda,44,1,209,0,0,0.013242851422541124,-4.31096606752312,0,0.013242715038359165,-4.310976505279541
shrinkage_lda,44,1,221,1,1,0.6054408487631306,0.42818779950716845,1,0.6054380536079407,0.42817622423171997
shrinkage_lda,44,1,12,0,0,0.03333138619841695,-3.3673562600156037,0,0.03333185985684395,-3.3673415184020996
shrinkage_lda,44,1,130,1,1,0.9925414657337062,4.890909874903371,1,0.9925415515899658,4.890920162200928
shrinkage_lda,44,1,179,0,0,0.000928896511431731,-6.980583894965476,0,0.0009288922883570194,-6.980588436126709
shrinkage_lda,44,1,131,1,1,0.8958889805921841,2.152358675628509,1,0.8958883881568909,2.152352809906006
shrinkage_lda,44,1,50,1,1,0.9800115034526418,3.8924073743660346,1,0.9800117015838623,3.892413854598999
shrinkage_lda,44,1,75,0,0,0.0007824505884915007,-7.1522970263787755,0,0.000782419228926301,-7.152337074279785
shrinkage_lda,44,1,144,1,1,0.9378589683701362,2.7141930786213058,1,0.9378595948219299,2.714202642440796
shrinkage_lda,44,1,25,0,0,0.3433706634047053,-0.6483091686153102,0,0.343366414308548,-0.6483280658721924
shrinkage_lda,44,1,286,0,0,0.25721515172107234,-1.0604935302569456,0,0.25721481442451477,-1.0604952573776245
shrinkage_lda,44,1,105,0,0,0.1776757280667733,-1.5321746722186853,0,0.17767839133739471,-1.5321564674377441
shrinkage_lda,44,1,189,0,0,0.026644599141126487,-3.5981628072482703,0,0.02664460800588131,-3.5981624126434326
shrinkage_lda,44,1,166,1,1,0.9900136055928618,4.5964950787506,1,0.990013599395752,4.596489429473877
shrinkage_lda,44,1,294,0,1,0.8652102028605372,1.8592559797600094,1,0.8652093410491943,1.8592487573623657
shrinkage_lda,44,1,87,1,0,0.2927161263725112,-0.8822288164717609,0,0.2927180528640747,-0.8822193741798401
shrinkage_lda,44,1,191,0,0,0.289340296748722,-0.8985902053362032,0,0.28934019804000854,-0.8985905647277832
regularized_cssd_shrinkage_lda,44,1,115,0,0,0.33636635094632134,-0.6795293676803511,0,0.33636048436164856,-0.6795557141304016
regularized_cssd_shrinkage_lda,44,1,51,0,1,0.7739354477242367,1.2306678812118914,1,0.773932933807373,1.2306534051895142
regularized_cssd_shrinkage_lda,44,1,82,0,0,0.03876742039579564,-3.210636184627873,0,0.03876674920320511,-3.2106542587280273
regularized_cssd_shrinkage_lda,44,1,122,1,1,0.8644993579384973,1.8531741836563285,1,0.8644989728927612,1.8531708717346191
regularized_cssd_shrinkage_lda,44,1,110,1,0,0.10839390251038294,-2.107252602786511,0,0.108395516872406,-2.107235908508301
regularized_cssd_shrinkage_lda,44,1,3,1,1,0.9995095772782442,7.619752298290216,1,0.9995095729827881,7.6197404861450195
regularized_cssd_shrinkage_lda,44,1,80,0,0,0.04243305475096459,-3.1164679836237994,0,0.04243361949920654,-3.1164541244506836
regularized_cssd_shrinkage_lda,44,1,170,1,0,0.4018005910041,-0.39796823495362227,0,0.40180110931396484,-0.39796608686447144
regularized_cssd_shrinkage_lda,44,1,193,1,1,0.9888967701859105,4.489353907967377,1,0.9888966083526611,4.489339351654053
regularized_cssd_shrinkage_lda,44,1,227,0,0,0.15643714890971364,-1.6849800865641256,0,0.15643692016601562,-1.6849818229675293
regularized_cssd_shrinkage_lda,44,1,293,1,1,0.9947110457290302,5.236831742697145,1,0.9947109222412109,5.2368083000183105
regularized_cssd_shrinkage_lda,44,1,262,1,1,0.9998662749746228,8.919591181807304,1,0.999866247177124,8.919598579406738
regularized_cssd_shrinkage_lda,44,1,145,1,1,0.9413868740246236,2.7763955215782725,1,0.9413862228393555,2.776384115219116
regularized_cssd_shrinkage_lda,44,1,296,0,0,0.05877116507500116,-2.7735349479826206,0,0.05876991152763367,-2.773557662963867
regularized_cssd_shrinkage_lda,44,1,39,1,1,0.9056889538879341,2.262097608326228,1,0.9056879878044128,2.2620863914489746
regularized_cssd_shrinkage_lda,44,1,58,1,1,0.518682765293457,0.07476586974727113,1,0.5186781883239746,0.07474744319915771
regularized_cssd_shrinkage_lda,44,1,172,0,1,0.8426004738410191,1.6777055863476014,1,0.8426017761230469,1.6777153015136719
regularized_cssd_shrinkage_lda,44,1,216,1,0,0.22679165537499407,-1.226516761302547,0,0.22679060697555542,-1.22652268409729
regularized_cssd_shrinkage_lda,44,1,234,1,1,0.9906279050979153,4.66060234292863,1,0.9906281232833862,4.660617351531982
regularized_cssd_shrinkage_lda,44,1,260,0,0,0.227752124552951,-1.2210477161344075,0,0.22774863243103027,-1.2210675477981567
regularized_cssd_shrinkage_lda,44,1,167,0,0,0.0028793219991657746,-5.847316954284555,0,0.0028793432284146547,-5.847309589385986
regularized_cssd_shrinkage_lda,44,1,283,0,0,0.001178371195586695,-6.742443070757487,0,0.0011783891823142767,-6.742427825927734
regularized_cssd_shrinkage_lda,44,1,285,0,0,0.11701405617426432,-2.021015215996795,0,0.11701100319623947,-2.0210447311401367
regularized_cssd_shrinkage_lda,44,1,93,0,0,0.05057065592079842,-2.9324896281054014,0,0.050571832805871964,-2.932465076446533
regularized_cssd_shrinkage_lda,44,1,269,0,0,0.013036908504896912,-4.326848193553348,0,0.013036812655627728,-4.326855659484863
regularized_cssd_shrinkage_lda,44,1,139,0,0,0.019357874846246934,-3.9251082813593148,0,0.019358206540346146,-3.925090789794922
regularized_cssd_shrinkage_lda,44,1,52,0,0,0.4619534348839648,-0.15248101296903477,0,0.46195468306541443,-0.15247592329978943
regularized_cssd_shrinkage_lda,44,1,273,1,1,0.992231258571302,4.849848030704484,1,0.9922311902046204,4.849834442138672
regularized_cssd_shrinkage_lda,44,1,140,1,1,0.9598738043206437,3.1747724421197403,1,0.9598727226257324,3.1747429370880127
regularized_cssd_shrinkage_lda,44,1,291,1,0,0.4415622905697584,-0.23482398179745556,0,0.4415638744831085,-0.2348174750804901
regularized_cssd_shrinkage_lda,44,1,202,0,0,0.013267864359092605,-4.309053712267794,0,0.013267493806779385,-4.30908203125
regularized_cssd_shrinkage_lda,44,1,242,1,1,0.9946678376234108,5.228651994813614,1,0.9946680068969727,5.228670597076416
regularized_cssd_shrinkage_lda,44,1,212,1,1,0.8725318757819531,1.9235328600479753,1,0.8725329637527466,1.9235429763793945
regularized_cssd_shrinkage_lda,44,1,268,1,1,0.8289396079005324,1.5781306388206657,1,0.8289427757263184,1.5781527757644653
regularized_cssd_shrinkage_lda,44,1,277,1,1,0.994104079160078,5.127581179847516,1,0.9941042065620422,5.1276044845581055
regularized_cssd_shrinkage_lda,44,1,203,0,0,0.07852305323593885,-2.4625855062498654,0,0.07852264493703842,-2.4625911712646484
regularized_cssd_shrinkage_lda,44,1,143,1,1,0.8512849386979504,1.7447147657795463,1,0.8512870073318481,1.7447311878204346
regularized_cssd_shrinkage_lda,44,1,295,1,1,0.9698749125196531,3.4718088112980277,1,0.9698746800422668,3.471801996231079
regularized_cssd_shrinkage_lda,44,1,313,0,0,0.017673925434819073,-4.0178328905620635,0,0.017673738300800323,-4.017843723297119
regularized_cssd_shrinkage_lda,44,1,163,1,1,0.9893484820475071,4.531344214795171,1,0.9893484115600586,4.531332492828369
regularized_cssd_shrinkage_lda,44,1,306,0,0,0.3492763196536569,-0.6222217421544846,0,0.34927433729171753,-0.6222305297851562
regularized_cssd_shrinkage_lda,44,1,186,0,0,0.1522246304330186,-1.717258444598924,0,0.1522240787744522,-1.7172627449035645
regularized_cssd_shrinkage_lda,44,1,198,0,0,0.00011201491107341803,-9.0967665397615,0,0.0001120128872571513,-9.096784591674805
regularized_cssd_shrinkage_lda,44,1,125,1,1,0.99229861644568,4.858624091530958,1,0.9922985434532166,4.858609676361084
regularized_cssd_shrinkage_lda,44,1,244,1,1,0.7109375380440439,0.8999417789969613,1,0.7109315991401672,0.8999128341674805
regularized_cssd_shrinkage_lda,44,1,299,1,1,0.8672324912875499,1.8767075530766208,1,0.8672293424606323,1.8766801357269287
regularized_cssd_shrinkage_lda,44,1,118,0,0,0.12976252663554216,-1.9030600705094538,0,0.12976191937923431,-1.9030654430389404
regularized_cssd_shrinkage_lda,44,1,209,0,0,0.00910456955901534,-4.689832572699979,0,0.009104461409151554,-4.689844608306885
regularized_cssd_shrinkage_lda,44,1,221,1,1,0.5611124308219941,0.2456780232721717,1,0.5611103177070618,0.24566936492919922
regularized_cssd_shrinkage_lda,44,1,12,0,0,0.03438320749814726,-3.335198769305818,0,0.03438357636332512,-3.3351876735687256
regularized_cssd_shrinkage_lda,44,1,130,1,1,0.9901588498955389,4.61129279992832,1,0.9901589751243591,4.611299514770508
regularized_cssd_shrinkage_lda,44,1,179,0,0,0.0005458235550953127,-7.51266882104164,0,0.0005458197556436062,-7.512675762176514
regularized_cssd_shrinkage_lda,44,1,131,1,1,0.8655508304820791,1.8621798966954817,1,0.8655505776405334,1.862178087234497
regularized_cssd_shrinkage_lda,44,1,50,1,1,0.9768614772078646,3.7428459762933777,1,0.9768616557121277,3.7428526878356934
regularized_cssd_shrinkage_lda,44,1,75,0,0,0.0005574507538149727,-7.491578786308596,0,0.0005574317183345556,-7.491612911224365
regularized_cssd_shrinkage_lda,44,1,144,1,1,0.9394472559896075,2.7417768897032775,1,0.9394475221633911,2.7417821884155273
regularized_cssd_shrinkage_lda,44,1,25,0,0,0.18985133686964853,-1.4509764371865632,0,0.18984881043434143,-1.4509928226470947
regularized_cssd_shrinkage_lda,44,1,286,0,0,0.24537917295726286,-1.1234107483586147,0,0.24537791311740875,-1.1234174966812134
regularized_cssd_shrinkage_lda,44,1,105,0,0,0.11956855018642751,-1.9965222225719697,0,0.11956954747438431,-1.996512770652771
regularized_cssd_shrinkage_lda,44,1,189,0,0,0.03013190943875145,-3.471575348663179,0,0.030132021754980087,-3.471571445465088
regularized_cssd_shrinkage_lda,44,1,166,1,1,0.9867737165654135,4.312234730154488,1,0.9867736101150513,4.312230587005615
regularized_cssd_shrinkage_lda,44,1,294,0,1,0.8510844422252974,1.7431319317563418,1,0.8510845303535461,1.7431325912475586
regularized_cssd_shrinkage_lda,44,1,87,1,0,0.19460921163771613,-1.4203341061074903,0,0.19461002945899963,-1.4203288555145264
regularized_cssd_shrinkage_lda,44,1,191,0,0,0.3368393662880145,-0.6774110851494064,0,0.33683836460113525,-0.677415668964386
toeplitz_lda,44,1,115,0,0,0.36951115794670497,-0.5343145209147243,0,0.36950647830963135,-0.534334659576416
toeplitz_lda,44,1,51,0,1,0.8253171912525004,1.5527959788127421,1,0.8253145217895508,1.5527772903442383
toeplitz_lda,44,1,82,0,0,0.05485001158321302,-2.8467412348997163,0,0.05484874173998833,-2.8467657566070557
toeplitz_lda,44,1,122,1,1,0.8014393015162478,1.3953143988763546,1,0.801440417766571,1.3953216075897217
toeplitz_lda,44,1,110,1,0,0.15344122699202178,-1.7078620221067828,0,0.15344446897506714,-1.7078371047973633
toeplitz_lda,44,1,3,1,1,0.9993361201676472,7.316745299939943,1,0.9993360638618469,7.316731929779053
toeplitz_lda,44,1,80,0,0,0.07934072996626226,-2.451338395746074,0,0.07934197783470154,-2.4513213634490967
toeplitz_lda,44,1,170,1,0,0.2347141378612564,-1.1818811009713455,0,0.23471488058567047,-1.1818770170211792
toeplitz_lda,44,1,193,1,1,0.9847358883615531,4.166869043056008,1,0.9847357273101807,4.166855812072754
toeplitz_lda,44,1,227,0,0,0.13324344852750417,-1.8725802481368363,0,0.1332443207502365,-1.872572660446167
toeplitz_lda,44,1,293,1,1,0.9969465540573733,5.788426391651229,1,0.9969465136528015,5.788402080535889
toeplitz_lda,44,1,262,1,1,0.9998510475929225,8.811734755128887,1,0.9998509883880615,8.811736106872559
toeplitz_lda,44,1,145,1,1,0.8928179735702018,2.1198541524330574,1,0.8928171992301941,2.1198461055755615
toeplitz_lda,44,1,296,0,0,0.043665136053612434,-3.0865581461022495,0,0.04366442933678627,-3.0865750312805176
toeplitz_lda,44,1,39,1,1,0.7799150525204572,1.2651714099954463,1,0.7799088954925537,1.265135645866394
toeplitz_lda,44,1,58,1,1,0.6076673338725095,0.43751746600884817,1,0.6076582670211792,0.43747952580451965
toeplitz_lda,44,1,172,0,1,0.735802311645579,1.0242638418970713,1,0.7358051538467407,1.0242786407470703
toeplitz_lda,44,1,216,1,0,0.4310809751744354,-0.27744216272860733,0,0.43107903003692627,-0.2774501144886017
toeplitz_lda,44,1,234,1,1,0.9866513087827803,4.3028983492289115,1,0.9866516590118408,4.302920341491699
toeplitz_lda,44,1,260,0,0,0.16877855429359562,-1.5943087142833139,0,0.16877391934394836,-1.59434175491333
toeplitz_lda,44,1,167,0,0,0.0007968332708456091,-7.1340679460750716,0,0.000796847976744175,-7.134049415588379
toeplitz_lda,44,1,283,0,0,0.001493906098717594,-6.504866023421767,0,0.0014939201064407825,-6.504856586456299
toeplitz_lda,44,1,285,0,0,0.16705371133773078,-1.6066537752074963,0,0.16704706847667694,-1.6067014932632446
toeplitz_lda,44,1,93,0,0,0.03681460530812783,-3.2643512613108028,0,0.0368155911564827,-3.2643234729766846
toeplitz_lda,44,1,269,0,0,0.007624887646296486,-4.868683585789275,0,0.007624824997037649,-4.868691921234131
toeplitz_lda,44,1,139,0,0,0.027360703818962447,-3.5709054835822576,0,0.027361098676919937,-3.5708906650543213
toeplitz_lda,44,1,52,0,0,0.39803178855566024,-0.4136727661670534,0,0.39803794026374817,-0.4136471152305603
toeplitz_lda,44,1,273,1,1,0.9935590203235332,5.038612814471348,1,0.993558943271637,5.038597106933594
toeplitz_lda,44,1,140,1,1,0.9256033127912876,2.5210343408644036,1,0.9256000518798828,2.5209879875183105
toeplitz_lda,44,1,291,1,0,0.2693641157205967,-0.9978511749686074,0,0.2693658173084259,-0.9978424906730652
toeplitz_lda,44,1,202,0,0,0.02803509478382784,-3.545862587583441,0,0.028034474700689316,-3.5458853244781494
toeplitz_lda,44,1,242,1,1,0.993047776013379,4.961717169227591,1,0.9930478930473328,4.961735725402832
toeplitz_lda,44,1,212,1,1,0.8134688368464904,1.4727092986405628,1,0.813470721244812,1.472721815109253
toeplitz_lda,44,1,268,1,1,0.9151066938308139,2.377645417256314,1,0.9151086807250977,2.377671003341675
toeplitz_lda,44,1,277,1,1,0.9913121098876073,4.737099314226184,1,0.9913123250007629,4.737124919891357
toeplitz_lda,44,1,203,0,0,0.14575239558849096,-1.7683118252934575,0,0.14575093984603882,-1.768323540687561
toeplitz_lda,44,1,143,1,1,0.8597613984096224,1.8133096380260043,1,0.8597626686096191,1.8133201599121094
toeplitz_lda,44,1,295,1,1,0.9500656001024141,2.9458208929983085,1,0.9500653743743896,2.9458158016204834
toeplitz_lda,44,1,313,0,0,0.018740287716284762,-3.958161537167152,0,0.018739940598607063,-3.9581804275512695
toeplitz_lda,44,1,163,1,1,0.9899288820176636,4.587961382548373,1,0.9899289011955261,4.5879597663879395
toeplitz_lda,44,1,306,0,0,0.1506521724059731,-1.7294951076431946,0,0.1506519317626953,-1.729496955871582
toeplitz_lda,44,1,186,0,0,0.22927858166714982,-1.2123892051189598,0,0.2292785346508026,-1.2123894691467285
toeplitz_lda,44,1,198,0,0,0.00018495550534325172,-8.595210300859893,0,0.00018494937103241682,-8.595243453979492
toeplitz_lda,44,1,125,1,1,0.991332617621234,4.7394832882736,1,0.991332471370697,4.739465236663818
toeplitz_lda,44,1,244,1,1,0.6025596773560096,0.41614191890300856,1,0.6025522947311401,0.41611096262931824
toeplitz_lda,44,1,299,1,1,0.9263121885471429,2.531373909528198,1,0.9263092279434204,2.5313308238983154
toeplitz_lda,44,1,118,0,0,0.09960230238176121,-2.201651271357706,0,0.09960126876831055,-2.20166277885437
toeplitz_lda,44,1,209,0,0,0.006312031734691987,-5.058965630941723,0,0.0063119265250861645,-5.0589823722839355
toeplitz_lda,44,1,221,1,1,0.619454144584786,0.48723199467350775,1,0.6194509267807007,0.48721832036972046
toeplitz_lda,44,1,12,0,0,0.08851382845165438,-2.331917629411656,0,0.08851491659879684,-2.331904172897339
toeplitz_lda,44,1,130,1,1,0.991824926870012,4.798456944391895,1,0.9918249845504761,4.798464775085449
toeplitz_lda,44,1,179,0,0,0.0009624202776800825,-6.9450964399156865,0,0.0009624151862226427,-6.945101737976074
toeplitz_lda,44,1,131,1,1,0.8302702520207553,1.5875437982981326,1,0.8302691578865051,1.5875362157821655
toeplitz_lda,44,1,50,1,1,0.9842348880232675,4.1340651800659325,1,0.9842349886894226,4.134073257446289
toeplitz_lda,44,1,75,0,0,0.0005957038535966301,-7.425171022972546,0,0.0005956828827038407,-7.425206184387207
toeplitz_lda,44,1,144,1,1,0.9619295625169898,3.2295031662776488,1,0.9619299173355103,3.229512929916382
toeplitz_lda,44,1,25,0,0,0.31360716767661656,-0.783308961373201,0,0.313604474067688,-0.7833214998245239
toeplitz_lda,44,1,286,0,0,0.1574315609579541,-1.6774640619832866,0,0.15743061900138855,-1.6774711608886719
toeplitz_lda,44,1,105,0,0,0.1802945952813487,-1.5143528596641531,0,0.18029822409152985,-1.5143282413482666
toeplitz_lda,44,1,189,0,0,0.027807602235550812,-3.554244279936553,0,0.02780758962035179,-3.5542447566986084
toeplitz_lda,44,1,166,1,1,0.9850047661533947,4.1849140728434095,1,0.9850046634674072,4.184909343719482
toeplitz_lda,44,1,294,0,1,0.8438732405880071,1.6873340568053092,1,0.8438711166381836,1.687318205833435
toeplitz_lda,44,1,87,1,0,0.12950476779808232,-1.9053445846778378,0,0.1295056939125061,-1.9053363800048828
toeplitz_lda,44,1,191,0,0,0.24946623668730472,-1.101461055684129,0,0.24946539103984833,-1.1014655828475952
baseline_cssd_lda,44,2,147,0,0,0.4653492900296753,-0.13882537015684343,0,0.46536824107170105,-0.1387491524219513
baseline_cssd_lda,44,2,280,1,1,0.9758649151366593,3.699657584911523,1,0.9758654832839966,3.699683666229248
baseline_cssd_lda,44,2,53,1,1,0.8112448578832137,1.458119298726643,1,0.8112467527389526,1.4581316709518433
baseline_cssd_lda,44,2,222,1,1,0.8888117653311127,2.078660902677471,1,0.8888072371482849,2.078615427017212
baseline_cssd_lda,44,2,33,1,1,0.9967564223953408,5.727829509983031,1,0.9967562556266785,5.727797031402588
baseline_cssd_lda,44,2,192,0,1,0.9565435375055603,3.091566730661158,1,0.9565451145172119,3.091604709625244
baseline_cssd_lda,44,2,40,0,0,0.12142311935805063,-1.979022117317967,0,0.12142321467399597,-1.9790211915969849
baseline_cssd_lda,44,2,11,1,1,0.988780369988892,4.478807310435095,1,0.9887802600860596,4.478797912597656
baseline_cssd_lda,44,2,169,0,0,0.19677685064054584,-1.4065622210954776,0,0.19677208364009857,-1.4065923690795898
baseline_cssd_lda,44,2,226,1,1,0.7009571635690754,0.8518599487782933,1,0.7009584307670593,0.8518660068511963
baseline_cssd_lda,44,2,30,0,1,0.8719143054911384,1.9179916172977363,1,0.8719072937965393,1.917928695678711
baseline_cssd_lda,44,2,261,0,1,0.5758099601926303,0.30559611412579857,1,0.5757842063903809,0.3054907023906708
baseline_cssd_lda,44,2,138,1,1,0.9998669491030728,8.924645759535455,1,0.9998669624328613,8.924633026123047
baseline_cssd_lda,44,2,259,0,0,0.29781958499604655,-0.8577024887480569,0,0.29782360792160034,-0.8576833009719849
baseline_cssd_lda,44,2,201,0,0,0.12120803192630439,-1.9810398593580776,0,0.12121126055717468,-1.981009602546692
baseline_cssd_lda,44,2,205,1,1,0.5143784235632314,0.05752955589356784,1,0.5143638849258423,0.057471245527267456
baseline_cssd_lda,44,2,106,1,1,0.8035441161758486,1.4085941923782712,1,0.803537130355835,1.4085501432418823
baseline_cssd_lda,44,2,32,1,1,0.5908337475217698,0.36741311203519,1,0.5908259153366089,0.3673807680606842
baseline_cssd_lda,44,2,56,1,1,0.6567489380313056,0.6488396730514017,1,0.656753420829773,0.6488597393035889
baseline_cssd_lda,44,2,107,1,1,0.6533346763487687,0.6337296898133933,1,0.6533358097076416,0.6337345838546753
baseline_cssd_lda,44,2,162,1,1,0.5531477186978141,0.21339701515882248,1,0.5531569719314575,0.2134346067905426
baseline_cssd_lda,44,2,55,0,0,0.37440188716056033,-0.5133783875818699,0,0.37440136075019836,-0.5133805871009827
baseline_cssd_lda,44,2,225,0,1,0.5399397614991822,0.160100146384396,1,0.5399277806282043,0.16005189716815948
baseline_cssd_lda,44,2,204,1,1,0.9386916037694021,2.728570191705894,1,0.9386942982673645,2.72861647605896
baseline_cssd_lda,44,2,200,1,1,0.5590194517392862,0.2371835037149017,1,0.5590303540229797,0.23722758889198303
baseline_cssd_lda,44,2,233,1,1,0.9447829637167019,2.8396836991036043,1,0.9447835087776184,2.8396944999694824
baseline_cssd_lda,44,2,98,1,1,0.9999270155919516,9.525191740934385,1,0.9999270439147949,9.525135040283203
baseline_cssd_lda,44,2,310,0,0,0.0006767171968135089,-7.297580156017493,0,0.0006767551531083882,-7.2975239753723145
baseline_cssd_lda,44,2,19,1,1,0.9609514906474447,3.2031192269346818,1,0.9609525203704834,3.2031466960906982
baseline_cssd_lda,44,2,158,0,0,0.17285975857681257,-1.5654936374678068,0,0.17285048961639404,-1.5655584335327148
baseline_cssd_lda,44,2,79,1,1,0.990456420951988,4.64229729078118,1,0.9904568791389465,4.642343997955322
baseline_cssd_lda,44,2,65,0,0,0.29461635588996515,-0.8730678093826103,0,0.29462048411369324,-0.873047947883606
baseline_cssd_lda,44,2,133,0,0,0.2859214117776123,-0.9152760347555045,0,0.28592628240585327,-0.9152522087097168
baseline_cssd_lda,44,2,153,0,0,0.22262287588230084,-1.2504463915156434,0,0.2226228415966034,-1.2504466772079468
baseline_cssd_lda,44,2,175,0,0,0.05573607050531076,-2.8297781906837125,0,0.055730853229761124,-2.8298773765563965
baseline_cssd_lda,44,2,69,1,0,0.33375535228958897,-0.6912486955838836,0,0.3337637484073639,-0.6912108659744263
baseline_cssd_lda,44,2,270,1,1,0.9655502883232346,3.3331975576770674,1,0.9655478000640869,3.3331217765808105
baseline_cssd_lda,44,2,119,1,1,0.7940080433021115,1.349256468427823,1,0.7940069437026978,1.3492497205734253
baseline_cssd_lda,44,2,309,0,1,0.6676779326927486,0.6977013396423388,1,0.6676890254020691,0.6977514028549194
baseline_cssd_lda,44,2,252,0,0,0.013141238652457412,-4.318771655853232,0,0.013140982948243618,-4.318791389465332
baseline_cssd_lda,44,2,81,1,1,0.5413886454593352,0.1659342751511506,1,0.5413723587989807,0.1658685803413391
baseline_cssd_lda,44,2,28,0,0,5.058776347183257e-05,-9.891750250492944,0,5.058887109044008e-05,-9.891728401184082
baseline_cssd_lda,44,2,174,0,0,0.0016914388482151075,-6.380482851851196,0,0.0016914819134399295,-6.380457401275635
baseline_cssd_lda,44,2,155,1,0,0.29634961860081366,-0.8647417142280807,0,0.29635244607925415,-0.8647282123565674
baseline_cssd_lda,44,2,303,0,0,0.33741350090921063,-0.6748419301414682,0,0.33741334080696106,-0.6748425960540771
baseline_cssd_lda,44,2,22,1,1,0.931862898168081,2.6156638201182565,1,0.9318639039993286,2.6156792640686035
baseline_cssd_lda,44,2,214,0,0,0.003394973665872483,-5.682058525074567,0,0.003394945291802287,-5.682066917419434
baseline_cssd_lda,44,2,230,1,1,0.9535894222680408,3.0227058022167443,1,0.9535894393920898,3.0227062702178955
baseline_cssd_lda,44,2,152,0,0,0.3066727091558727,-0.8157210839106048,0,0.3066662847995758,-0.815751314163208
baseline_cssd_lda,44,2,23,0,1,0.9611007455287399,3.207104152355043,1,0.9610984921455383,3.207045316696167
baseline_cssd_lda,44,2,24,1,1,0.9547213207100224,3.0485832212754596,1,0.9547218084335327,3.048596143722534
baseline_cssd_lda,44,2,182,0,0,0.021871870096400035,-3.800439332925698,0,0.021870894357562065,-3.8004848957061768
baseline_cssd_lda,44,2,218,1,1,0.9409035985257711,2.767670654765177,1,0.9409034848213196,2.7676689624786377
baseline_cssd_lda,44,2,103,0,0,0.0250916220064799,-3.6598094894767073,0,0.025089291855692863,-3.659904718399048
baseline_cssd_lda,44,2,86,1,1,0.9493567936346433,2.9309796032715267,1,0.9493529796600342,2.9308996200561523
baseline_cssd_lda,44,2,128,1,1,0.9983463319083612,6.403104335717193,1,0.9983463287353516,6.403079986572266
baseline_cssd_lda,44,2,4,0,1,0.9130300814725414,2.3512065331836216,1,0.9130228161811829,2.3511154651641846
baseline_cssd_lda,44,2,239,0,0,0.051449691226315916,-2.9143303674903804,0,0.0514490082859993,-2.914344310760498
baseline_cssd_lda,44,2,68,0,0,0.02235147548293069,-3.7782578875433774,0,0.02235288731753826,-3.778193235397339
baseline_cssd_lda,44,2,137,1,1,0.9994981152245522,7.596637984837566,1,0.9994981288909912,7.59667444229126
baseline_cssd_lda,44,2,278,0,0,0.13908382094635194,-1.8229203668999554,0,0.1390877366065979,-1.8228875398635864
baseline_cssd_lda,44,2,305,0,0,0.0036375778754376927,-5.612793027708814,0,0.003637714544311166,-5.612755298614502
baseline_cssd_lda,44,2,121,1,1,0.6433912848113374,0.5901139243845241,1,0.6433927416801453,0.5901203155517578
baseline_cssd_lda,44,2,208,0,0,0.01986119837286203,-3.898926198121938,0,0.019861984997987747,-3.898885726928711
regularized_cssd,44,2,147,0,0,0.4571399743169408,-0.17186187358292793,0,0.4571417272090912,-0.1718546748161316
regularized_cssd,44,2,280,1,1,0.9796471808623086,3.873973052455228,1,0.9796469211578369,3.8739635944366455
regularized_cssd,44,2,53,1,1,0.8129295879675984,1.4691594172154918,1,0.8129333257675171,1.469184160232544
regularized_cssd,44,2,222,1,1,0.9285883180859444,2.565204027166752,1,0.928581953048706,2.565108299255371
regularized_cssd,44,2,33,1,1,0.9965390522768155,5.662745868326421,1,0.9965389966964722,5.662725448608398
regularized_cssd,44,2,192,0,1,0.9586183609068903,3.1426557581299654,1,0.9586197137832642,3.142690658569336
regularized_cssd,44,2,40,0,0,0.12738612705936925,-1.9242703145342408,0,0.12738677859306335,-1.9242644309997559
regularized_cssd,44,2,11,1,1,0.9949733993239986,5.287972056744386,1,0.9949734210968018,5.287965297698975
regularized_cssd,44,2,169,0,0,0.134920858495781,-1.8581326226432262,0,0.13491660356521606,-1.8581690788269043
regularized_cssd,44,2,226,1,1,0.8399811894777514,1.658088124020186,1,0.8399818539619446,1.658092737197876
regularized_cssd,44,2,30,0,1,0.8761105034944235,1.956102217447002,1,0.8761066198348999,1.956066608428955
regularized_cssd,44,2,261,0,1,0.5435815690682371,0.17476977592392928,1,0.543556272983551,0.17466777563095093
regularized_cssd,44,2,138,1,1,0.9997959464431949,8.496923990838575,1,0.9997959733009338,8.496922492980957
regularized_cssd,44,2,259,0,0,0.3876746516040907,-0.45709729521166736,0,0.38767752051353455,-0.45708519220352173
regularized_cssd,44,2,201,0,0,0.057199302863610677,-2.8023131998812287,0,0.05719735100865364,-2.802349328994751
regularized_cssd,44,2,205,1,0,0.3814798318845978,-0.48327181539184383,0,0.3814653754234314,-0.4833329916000366
regularized_cssd,44,2,106,1,1,0.8063420367689701,1.4264144888402757,1,0.806328296661377,1.4263261556625366
regularized_cssd,44,2,32,1,1,0.6185305954063852,0.48331600786634754,1,0.6185314059257507,0.48331958055496216
regularized_cssd,44,2,56,1,1,0.6717665810674659,0.7161859322080523,1,0.6717656850814819,0.7161818146705627
regularized_cssd,44,2,107,1,1,0.8716253057927468,1.9154063501530965,1,0.8716246485710144,1.9154000282287598
regularized_cssd,44,2,162,1,1,0.5145331047910134,0.05814879841990939,1,0.5145323872566223,0.05814605578780174
regularized_cssd,44,2,55,0,0,0.42872244602628706,-0.28706544498534364,0,0.42871740460395813,-0.28708598017692566
regularized_cssd,44,2,225,0,1,0.7602288064639992,1.1539343407690206,1,0.7602267265319824,1.1539229154586792
regularized_cssd,44,2,204,1,1,0.8340880394662941,1.6148816702604165,1,0.8340900540351868,1.6148964166641235
regularized_cssd,44,2,200,1,0,0.4911840472653062,-0.03526746593983199,0,0.4911850392818451,-0.035263482481241226
regularized_cssd,44,2,233,1,1,0.973454385649242,3.6019864181641807,1,0.9734538197517395,3.6019670963287354
regularized_cssd,44,2,98,1,1,0.9999011137693581,9.22144166296539,1,0.9999010562896729,9.221421241760254
regularized_cssd,44,2,310,0,0,0.00045613259760997256,-7.692270769829305,0,0.00045616808347404003,-7.692193031311035
regularized_cssd,44,2,19,1,1,0.9315704374437216,2.6110668720346513,1,0.9315674304962158,2.6110198497772217
regularized_cssd,44,2,158,0,0,0.10113103230228553,-2.184720244915265,0,0.10112966597080231,-2.1847352981567383
regularized_cssd,44,2,79,1,1,0.9951676909714952,5.327586843435895,1,0.9951678514480591,5.327624320983887
regularized_cssd,44,2,65,0,0,0.35378717446763397,-0.602433370543421,0,0.35379087924957275,-0.6024172902107239
regularized_cssd,44,2,133,0,0,0.17773143659547908,-1.5317934334041015,0,0.17773470282554626,-1.5317710638046265
regularized_cssd,44,2,153,0,0,0.1472071461165893,-1.7566759216797396,0,0.14720876514911652,-1.7566629648208618
regularized_cssd,44,2,175,0,0,0.01128267076695234,-4.473140487876747,0,0.01128202024847269,-4.473198890686035
regularized_cssd,44,2,69,1,1,0.5035887809308548,0.014355370243895438,1,0.5035936236381531,0.014374669641256332
regularized_cssd,44,2,270,1,1,0.9661003725169498,3.34986370848634,1,0.9661001563072205,3.349855899810791
regularized_cssd,44,2,119,1,1,0.5695776139525739,0.2801280382911778,1,0.569612979888916,0.2802722454071045
regularized_cssd,44,2,309,0,1,0.7338038105205166,1.0140081134112509,1,0.733805775642395,1.0140182971954346
regularized_cssd,44,2,252,0,0,0.021572689883305074,-3.8145183395600055,0,0.021572170779109,-3.8145430088043213
regularized_cssd,44,2,81,1,0,0.3089778416707219,-0.8049023257772596,0,0.30898720026016235,-0.8048584461212158
regularized_cssd,44,2,28,0,0,1.87281825277028e-05,-10.885462353218845,0,1.872840766736772e-05,-10.88545036315918
regularized_cssd,44,2,174,0,0,0.0022394727712677746,-6.099272826648247,0,0.002239479450508952,-6.099269866943359
regularized_cssd,44,2,155,1,0,0.32132764341559616,-0.7476771743596036,0,0.3213272988796234,-0.747678816318512
regularized_cssd,44,2,303,0,0,0.21122733462432203,-1.3175431804976523,0,0.21122437715530396,-1.3175609111785889
regularized_cssd,44,2,22,1,1,0.8320017720945334,1.5998811395743737,1,0.8320040702819824,1.5998977422714233
regularized_cssd,44,2,214,0,0,0.001705593985918305,-6.372134799911413,0,0.0017055245116353035,-6.372175693511963
regularized_cssd,44,2,230,1,1,0.9630680172060058,3.2610461218128672,1,0.9630675315856934,3.261031150817871
regularized_cssd,44,2,152,0,1,0.6173984403384579,0.47852045240947905,1,0.6173931360244751,0.47849786281585693
regularized_cssd,44,2,23,0,1,0.9521597801730785,2.9908661523485214,1,0.9521580934524536,2.9908289909362793
regularized_cssd,44,2,24,1,1,0.9679027117524562,3.406360029539898,1,0.9679035544395447,3.4063851833343506
regularized_cssd,44,2,182,0,0,0.01843451604021849,-3.9749239506225376,0,0.01843385025858879,-3.9749608039855957
regularized_cssd,44,2,218,1,1,0.9687264822000532,3.4332106411920233,1,0.9687277674674988,3.4332542419433594
regularized_cssd,44,2,103,0,0,0.06192830119333895,-2.717849100549463,0,0.061927054077386856,-2.7178704738616943
regularized_cssd,44,2,86,1,1,0.9497451773155632,2.9390871980550006,1,0.9497447609901428,2.939077854156494
regularized_cssd,44,2,128,1,1,0.9990455825042107,6.953454482390865,1,0.9990455508232117,6.953453063964844
regularized_cssd,44,2,4,0,1,0.9420334823198748,2.788175255330464,1,0.9420313239097595,2.7881360054016113
regularized_cssd,44,2,239,0,0,0.08225053038170119,-2.4121546064271167,0,0.08225016295909882,-2.4121594429016113
regularized_cssd,44,2,68,0,0,0.02169844942169873,-3.8085771536622137,0,0.02169964648783207,-3.808520793914795
regularized_cssd,44,2,137,1,1,0.9993527941282726,7.342198704352944,1,0.999352753162384,7.34220027923584
regularized_cssd,44,2,278,0,0,0.12371795945091692,-1.9576835488172393,0,0.12372442334890366,-1.9576239585876465
regularized_cssd,44,2,305,0,0,0.004177827413060369,-5.473777346289995,0,0.004177853465080261,-5.473771095275879
regularized_cssd,44,2,121,1,1,0.6927213476046408,0.8128728240828501,1,0.6927206516265869,0.8128696084022522
regularized_cssd,44,2,208,0,0,0.06324478973948262,-2.695409251164981,0,0.06324780732393265,-2.6953582763671875
shrinkage_lda,44,2,147,0,1,0.558329783591521,0.23438631095312834,1,0.5583328604698181,0.2343987077474594
shrinkage_lda,44,2,280,1,1,0.9680518855929197,3.4111725245700573,1,0.968052089214325,3.4111804962158203
shrinkage_lda,44,2,53,1,1,0.8453247183157531,1.6983928730185935,1,0.8453245162963867,1.6983914375305176
shrinkage_lda,44,2,222,1,1,0.684597138649711,0.7749797998736742,1,0.6845983266830444,0.7749854326248169
shrinkage_lda,44,2,33,1,1,0.9982665774083708,6.355922521511009,1,0.9982665777206421,6.355909824371338
shrinkage_lda,44,2,192,0,1,0.8843345555803764,2.0341335233343165,1,0.8843364715576172,2.034152030944824
shrinkage_lda,44,2,40,0,0,0.13780731066761603,-1.8336223732788421,0,0.1378074735403061,-1.8336210250854492
shrinkage_lda,44,2,11,1,1,0.8579690476264508,1.798523015499902,1,0.8579692244529724,1.7985247373580933
shrinkage_lda,44,2,169,0,0,0.17469087776579093,-1.55274001056184,0,0.1746903359889984,-1.5527437925338745
shrinkage_lda,44,2,226,1,1,0.6725409046156635,0.7196997866486623,1,0.6725373864173889,0.7196837663650513
shrinkage_lda,44,2,30,0,1,0.6471923826504679,0.6067206809491514,1,0.6471902132034302,0.6067112684249878
shrinkage_lda,44,2,261,0,1,0.5212894934761167,0.08520949291187874,1,0.5212869644165039,0.08519922196865082
shrinkage_lda,44,2,138,1,1,0.9999011803133959,9.222114891364175,1,0.9999011754989624,9.222114562988281
shrinkage_lda,44,2,259,0,0,0.06412870575003256,-2.6805858695841804,0,0.06412842869758606,-2.6805903911590576
shrinkage_lda,44,2,201,0,0,0.1143705397026745,-2.046855121059327,0,0.11437180638313293,-2.046842575073242
shrinkage_lda,44,2,205,1,1,0.5920435478593956,0.3724197589937799,1,0.5920384526252747,0.3723987936973572
shrinkage_lda,44,2,106,1,1,0.8287776602486918,1.5769889724125683,1,0.8287818431854248,1.5770180225372314
shrinkage_lda,44,2,32,1,1,0.9145628341260104,2.37066497048108,1,0.9145628213882446,2.3706648349761963
shrinkage_lda,44,2,56,1,1,0.8624036929452427,1.8353993954434467,1,0.8624060153961182,1.8354194164276123
shrinkage_lda,44,2,107,1,0,0.4301596989113309,-0.2811996154885942,0,0.43015995621681213,-0.28119850158691406
shrinkage_lda,44,2,162,1,1,0.5971340353282051,0.3935376902219795,1,0.597138524055481,0.39355647563934326
shrinkage_lda,44,2,55,0,0,0.3451467121857457,-0.6404416431269795,0,0.3451468050479889,-0.6404412984848022
shrinkage_lda,44,2,225,0,1,0.6879158297802449,0.7903935622416955,1,0.6879101991653442,0.7903673052787781
shrinkage_lda,44,2,204,1,1,0.7147097434845767,0.9183694011840244,1,0.7147055864334106,0.9183491468429565
shrinkage_lda,44,2,200,1,1,0.819662128644122,1.5140600626114118,1,0.8196625709533691,1.5140631198883057
shrinkage_lda,44,2,233,1,1,0.7452363934061424,1.0733653924015414,1,0.7452376484870911,1.0733721256256104
shrinkage_lda,44,2,98,1,1,0.9998925636224849,9.13850428051974,1,0.9998925924301147,9.138501167297363
shrinkage_lda,44,2,310,0,0,0.005309854003584666,-5.232866937342181,0,0.005309912841767073,-5.232855796813965
shrinkage_lda,44,2,19,1,1,0.8325262294195156,1.6036379827147749,1,0.8325262665748596,1.6036380529403687
shrinkage_lda,44,2,158,0,0,0.2358399719682425,-1.1756237378654781,0,0.2358415424823761,-1.1756149530410767
shrinkage_lda,44,2,79,1,1,0.9829493587375615,4.054369788045322,1,0.9829496145248413,4.054386138916016
shrinkage_lda,44,2,65,0,0,0.3745017418178397,-0.5129520912268608,0,0.37450405955314636,-0.5129420757293701
shrinkage_lda,44,2,133,0,0,0.30685125274025266,-0.814881507259292,0,0.3068538308143616,-0.8148694038391113
shrinkage_lda,44,2,153,0,0,0.08303846487383834,-2.40176159228941,0,0.08303797990083694,-2.4017679691314697
shrinkage_lda,44,2,175,0,0,0.13507135330107967,-1.8568438323842824,0,0.13507011532783508,-1.8568544387817383
shrinkage_lda,44,2,69,1,0,0.4645197858445614,-0.14215978749711589,0,0.4645191729068756,-0.14216221868991852
shrinkage_lda,44,2,270,1,1,0.9471700997181928,2.8864013729662377,1,0.9471694231033325,2.8863887786865234
shrinkage_lda,44,2,119,1,1,0.947982058971721,2.902746898090238,1,0.9479847550392151,2.9028022289276123
shrinkage_lda,44,2,309,0,0,0.2474025663282912,-1.1125136351046552,0,0.24740101397037506,-1.1125218868255615
shrinkage_lda,44,2,252,0,0,0.02158788724893605,-3.8137985825743996,0,0.021587805822491646,-3.813802480697632
shrinkage_lda,44,2,81,1,1,0.7157403654625225,0.9234294564825263,1,0.7157407999038696,0.9234314560890198
shrinkage_lda,44,2,28,0,0,0.0015884377354473049,-6.443414601457127,0,0.0015884542372077703,-6.443404197692871
shrinkage_lda,44,2,174,0,0,0.00046576924458347093,-7.671354352030868,0,0.00046576614840887487,-7.671360969543457
shrinkage_lda,44,2,155,1,0,0.10019508107698015,-2.1950588866793135,0,0.10019543021917343,-2.1950550079345703
shrinkage_lda,44,2,303,0,0,0.17453817503662641,-1.5537995317118816,0,0.17453837394714355,-1.5537980794906616
shrinkage_lda,44,2,22,1,1,0.9281356540307114,2.558397642877651,1,0.9281351566314697,2.558389902114868
shrinkage_lda,44,2,214,0,0,0.003062889724102031,-5.78532886438727,0,0.0030629015527665615,-5.785325050354004
shrinkage_lda,44,2,230,1,1,0.8557213557727209,1.780198345017408,1,0.8557217121124268,1.7802011966705322
shrinkage_lda,44,2,152,0,0,0.08003828650093653,-2.4418269519631375,0,0.08003693073987961,-2.441845417022705
shrinkage_lda,44,2,23,0,1,0.9430046441899628,2.806101420032925,1,0.9430049657821655,2.8061060905456543
shrinkage_lda,44,2,24,1,1,0.8433383671377906,1.6832799871206892,1,0.8433393239974976,1.6832873821258545
shrinkage_lda,44,2,182,0,0,0.01636942514829572,-4.095835119902345,0,0.016369523480534554,-4.095829010009766
shrinkage_lda,44,2,218,1,1,0.9655575307056464,3.333415311099476,1,0.9655573964118958,3.333411693572998
shrinkage_lda,44,2,103,0,0,0.08048335836482223,-2.435797707784709,0,0.08048293739557266,-2.4358034133911133
shrinkage_lda,44,2,86,1,1,0.9857281037808847,4.2350882555917035,1,0.9857282042503357,4.235095024108887
shrinkage_lda,44,2,128,1,1,0.9982622140462166,6.353404118694235,1,0.9982622265815735,6.353417873382568
shrinkage_lda,44,2,4,0,1,0.860612849837274,1.820389437076919,1,0.8606125116348267,1.8203870058059692
shrinkage_lda,44,2,239,0,0,0.01202511133113555,-4.40866020684235,0,0.012024881318211555,-4.408679485321045
shrinkage_lda,44,2,68,0,0,0.09882244449837595,-2.2103775531326724,0,0.09882330894470215,-2.2103679180145264
shrinkage_lda,44,2,137,1,1,0.9994391509729108,7.485497796220479,1,0.9994391798973083,7.4854960441589355
shrinkage_lda,44,2,278,0,0,0.09399445064247149,-2.265809686333967,0,0.09399143606424332,-2.2658450603485107
shrinkage_lda,44,2,305,0,0,0.006139228760966916,-5.086898002363406,0,0.006139276549220085,-5.08689022064209
shrinkage_lda,44,2,121,1,0,0.19208975413826596,-1.436488238228656,0,0.19208957254886627,-1.4364893436431885
shrinkage_lda,44,2,208,0,0,0.008714008368823384,-4.734071193544714,0,0.008713842369616032,-4.734090328216553
regularized_cssd_shrinkage_lda,44,2,147,0,1,0.620383791101389,0.4911775386642384,1,0.6203857064247131,0.49118566513061523
regularized_cssd_shrinkage_lda,44,2,280,1,1,0.9787478652201769,3.829816715622214,1,0.978748083114624,3.8298287391662598
regularized_cssd_shrinkage_lda,44,2,53,1,1,0.8486385392230761,1.7239625905333857,1,0.8486382365226746,1.7239599227905273
regularized_cssd_shrinkage_lda,44,2,222,1,1,0.7500773874943438,1.0990250645687272,1,0.7500762343406677,1.0990190505981445
regularized_cssd_shrinkage_lda,44,2,33,1,1,0.9964586010188227,5.63968575290265,1,0.9964585900306702,5.639671802520752
regularized_cssd_shrinkage_lda,44,2,192,0,1,0.872798321864884,1.9259306681089559,1,0.8727998733520508,1.9259446859359741
regularized_cssd_shrinkage_lda,44,2,40,0,0,0.1788595596788811,-1.5240932398027267,0,0.17885909974575043,-1.5240963697433472
regularized_cssd_shrinkage_lda,44,2,11,1,1,0.9233354271334222,2.4885528687180214,1,0.9233351349830627,2.4885497093200684
regularized_cssd_shrinkage_lda,44,2,169,0,0,0.19866214147702782,-1.394677053708674,0,0.19866123795509338,-1.394682765007019
regularized_cssd_shrinkage_lda,44,2,226,1,1,0.855847744446544,1.7812224204556,1,0.8558472394943237,1.7812179327011108
regularized_cssd_shrinkage_lda,44,2,30,0,1,0.5962943255865949,0.39004829627039245,1,0.5962966084480286,0.39005783200263977
regularized_cssd_shrinkage_lda,44,2,261,0,0,0.3685068313661395,-0.5386278742855171,0,0.3685051202774048,-0.5386353135108948
regularized_cssd_shrinkage_lda,44,2,138,1,1,0.9998108487597662,8.572774480896113,1,0.9998108744621277,8.57276725769043
regularized_cssd_shrinkage_lda,44,2,259,0,0,0.10176208940150763,-2.17779733504313,0,0.10176154971122742,-2.1778032779693604
regularized_cssd_shrinkage_lda,44,2,201,0,0,0.027740895504700065,-3.5567146409097434,0,0.02774141915142536,-3.5566952228546143
regularized_cssd_shrinkage_lda,44,2,205,1,1,0.5191605955534694,0.07667993210073176,1,0.5191595554351807,0.0766756534576416
regularized_cssd_shrinkage_lda,44,2,106,1,1,0.7428959696479995,1.0610752306294005,1,0.74289870262146,1.0610896348953247
regularized_cssd_shrinkage_lda,44,2,32,1,1,0.9213735760372543,2.4611577483619405,1,0.9213734865188599,2.4611568450927734
regularized_cssd_shrinkage_lda,44,2,56,1,1,0.7399817734917719,1.0458738249651327,1,0.739983320236206,1.045881986618042
regularized_cssd_shrinkage_lda,44,2,107,1,1,0.6600512017112484,0.6635223973602786,1,0.6600511074066162,0.6635220646858215
regularized_cssd_shrinkage_lda,44,2,162,1,1,0.5211390579319519,0.08460666553165541,1,0.5211409330368042,0.0846143364906311
regularized_cssd_shrinkage_lda,44,2,55,0,0,0.33831251075496793,-0.6708233175025144,0,0.33831438422203064,-0.6708148717880249
regularized_cssd_shrinkage_lda,44,2,225,0,1,0.8215163329108524,1.5266547229623775,1,0.8215135335922241,1.5266355276107788
regularized_cssd_shrinkage_lda,44,2,204,1,0,0.3423173651556656,-0.6529842220492577,0,0.34231576323509216,-0.6529912948608398
regularized_cssd_shrinkage_lda,44,2,200,1,1,0.7867449955599809,1.3054155214458094,1,0.7867477536201477,1.3054319620132446
regularized_cssd_shrinkage_lda,44,2,233,1,1,0.9201429649789513,2.444291080950183,1,0.920142412185669,2.4442837238311768
regularized_cssd_shrinkage_lda,44,2,98,1,1,0.9998479972118206,8.79145967965868,1,0.9998480081558228,8.79145336151123
regularized_cssd_shrinkage_lda,44,2,310,0,0,0.0029625782129044215,-5.818728396554562,0,0.0029626500327140093,-5.818704128265381
regularized_cssd_shrinkage_lda,44,2,19,1,1,0.7290006766240756,0.9895583360531888,1,0.7289968729019165,0.9895393252372742
regularized_cssd_shrinkage_lda,44,2,158,0,0,0.10115852255227747,-2.1844178701929797,0,0.10115767270326614,-2.184427261352539
regularized_cssd_shrinkage_lda,44,2,79,1,1,0.992530540947509,4.889435203299395,1,0.9925306439399719,4.889444828033447
regularized_cssd_shrinkage_lda,44,2,65,0,0,0.2163414617458794,-1.2871153866492429,0,0.21634173393249512,-1.2871137857437134
regularized_cssd_shrinkage_lda,44,2,133,0,0,0.1425366098397287,-1.7943796065693711,0,0.1425372213125229,-1.7943745851516724
regularized_cssd_shrinkage_lda,44,2,153,0,0,0.04104778122420427,-3.1511044657634697,0,0.04104750230908394,-3.151111602783203
regularized_cssd_shrinkage_lda,44,2,175,0,0,0.029269140015996977,-3.501515532487751,0,0.029269030317664146,-3.5015194416046143
regularized_cssd_shrinkage_lda,44,2,69,1,1,0.6446268208007894,0.5955031306023092,1,0.6446273326873779,0.5955055356025696
regularized_cssd_shrinkage_lda,44,2,270,1,1,0.9340846249800134,2.651195316386044,1,0.9340842366218567,2.6511895656585693
regularized_cssd_shrinkage_lda,44,2,119,1,1,0.868950741590025,1.8917131687220048,1,0.8689570426940918,1.8917683362960815
regularized_cssd_shrinkage_lda,44,2,309,0,0,0.32727289325229847,-0.7205454008619676,0,0.32727012038230896,-0.7205580472946167
regularized_cssd_shrinkage_lda,44,2,252,0,0,0.04484436545077534,-3.0586763456795767,0,0.04484456405043602,-3.058671712875366
regularized_cssd_shrinkage_lda,44,2,81,1,1,0.5488298812468854,0.19594405144252247,1,0.5488315224647522,0.19595062732696533
regularized_cssd_shrinkage_lda,44,2,28,0,0,0.0004071975296661545,-7.805804878924451,0,0.0004072034207638353,-7.805790424346924
regularized_cssd_shrinkage_lda,44,2,174,0,0,0.0008963503352573584,-7.016282469941005,0,0.0008963383152149618,-7.016295909881592
regularized_cssd_shrinkage_lda,44,2,155,1,0,0.23384714030619674,-1.1867140502235392,0,0.23384720087051392,-1.186713695526123
regularized_cssd_shrinkage_lda,44,2,303,0,0,0.0780689717151804,-2.4688777253987633,0,0.07806991040706635,-2.468864679336548
regularized_cssd_shrinkage_lda,44,2,22,1,1,0.7629694772246945,1.1690291059228144,1,0.7629697322845459,1.1690303087234497
regularized_cssd_shrinkage_lda,44,2,214,0,0,0.0013340802989658933,-6.61817816819661,0,0.0013340781442821026,-6.618179798126221
regularized_cssd_shrinkage_lda,44,2,230,1,1,0.8251430733080375,1.5515887157129338,1,0.8251434564590454,1.5515910387039185
regularized_cssd_shrinkage_lda,44,2,152,0,0,0.27209318172984115,-0.9840284556047088,0,0.2720915973186493,-0.984036386013031
regularized_cssd_shrinkage_lda,44,2,23,0,1,0.8687816590263737,1.8902291775137383,1,0.8687825202941895,1.8902368545532227
regularized_cssd_shrinkage_lda,44,2,24,1,1,0.9232328088575169,2.4871040831002222,1,0.9232330322265625,2.4871065616607666
regularized_cssd_shrinkage_lda,44,2,182,0,0,0.017200455465160667,-4.045469313209251,0,0.017200464382767677,-4.045468807220459
regularized_cssd_shrinkage_lda,44,2,218,1,1,0.9055690972432946,2.26069520350606,1,0.9055687189102173,2.260690450668335
regularized_cssd_shrinkage_lda,44,2,103,0,0,0.158958415549002,-1.6659984745988246,0,0.15895892679691315,-1.6659947633743286
regularized_cssd_shrinkage_lda,44,2,86,1,1,0.9757618724565956,3.6952916618474054,1,0.9757619500160217,3.695295572280884
regularized_cssd_shrinkage_lda,44,2,128,1,1,0.9990195877917537,6.926556560949455,1,0.9990196228027344,6.9265546798706055
regularized_cssd_shrinkage_lda,44,2,4,0,1,0.8580959554348764,1.7995648427206863,1,0.8580964803695679,1.7995693683624268
regularized_cssd_shrinkage_lda,44,2,239,0,0,0.05216522542674572,-2.8997641053120615,0,0.052164532244205475,-2.899778127670288
regularized_cssd_shrinkage_lda,44,2,68,0,0,0.10089183010810251,-2.18735439579984,0,0.10089246928691864,-2.187347412109375
regularized_cssd_shrinkage_lda,44,2,137,1,1,0.999003566476251,6.910331199977867,1,0.9990035891532898,6.910315990447998
regularized_cssd_shrinkage_lda,44,2,278,0,0,0.06716767774062923,-2.6310333199728486,0,0.06716734170913696,-2.6310386657714844
regularized_cssd_shrinkage_lda,44,2,305,0,0,0.009790946099211774,-4.616457995172067,0,0.009790945798158646,-4.616457939147949
regularized_cssd_shrinkage_lda,44,2,121,1,0,0.3056414342314771,-0.8205758611337423,0,0.3056424558162689,-0.8205710649490356
regularized_cssd_shrinkage_lda,44,2,208,0,0,0.058549422546500314,-2.7775506258836895,0,0.058548759669065475,-2.7775626182556152
toeplitz_lda,44,2,147,0,0,0.4282419673634088,-0.2890275018736156,0,0.4282474219799042,-0.28900521993637085
toeplitz_lda,44,2,280,1,1,0.9724740440088012,3.5647139714235596,1,0.9724743962287903,3.564728021621704
toeplitz_lda,44,2,53,1,1,0.9142725372645396,2.3669554815626825,1,0.9142723679542542,2.3669533729553223
toeplitz_lda,44,2,222,1,1,0.7293008903346416,0.9910784831903783,1,0.7292991876602173,0.9910697340965271
toeplitz_lda,44,2,33,1,1,0.9989564557784828,6.864088365180905,1,0.9989564418792725,6.864075183868408
toeplitz_lda,44,2,192,0,1,0.8796829324322962,1.9894310505323651,1,0.8796847462654114,1.9894483089447021
toeplitz_lda,44,2,40,0,0,0.3035406083003393,-0.8304940865954035,0,0.3035409152507782,-0.8304926156997681
toeplitz_lda,44,2,11,1,1,0.9436498622765795,2.8181705041824268,1,0.943649411201477,2.818161964416504
toeplitz_lda,44,2,169,0,0,0.07150859198691878,-2.563743516999517,0,0.07150822132825851,-2.563749074935913
toeplitz_lda,44,2,226,1,0,0.4853245547214744,-0.058718646533696406,0,0.4853212237358093,-0.058731984347105026
toeplitz_lda,44,2,30,0,1,0.6730192545600365,0.7218726525630801,1,0.6730170249938965,0.7218625545501709
toeplitz_lda,44,2,261,0,1,0.5008671362862971,0.0034685486226440077,1,0.5008590817451477,0.0034362562000751495
toeplitz_lda,44,2,138,1,1,0.9997299613685463,8.21667545464382,1,0.9997299313545227,8.216673851013184
toeplitz_lda,44,2,259,0,0,0.21157868054777101,-1.3154356749755616,0,0.2115781009197235,-1.315439224243164
toeplitz_lda,44,2,201,0,0,0.13231837231132634,-1.8806139289540365,0,0.13231977820396423,-1.8806016445159912
toeplitz_lda,44,2,205,1,1,0.5785815315000814,0.3169531458046541,1,0.5785742998123169,0.3169235587120056
toeplitz_lda,44,2,106,1,1,0.916110244181179,2.3906332052182657,1,0.9161124229431152,2.3906619548797607
toeplitz_lda,44,2,32,1,1,0.7531063937285688,1.1152490109603477,1,0.7531061172485352,1.1152474880218506
toeplitz_lda,44,2,56,1,1,0.8378346958615415,1.642204609816527,1,0.8378369808197021,1.642221450805664
toeplitz_lda,44,2,107,1,0,0.3808908633158548,-0.4857686823237802,0,0.38089069724082947,-0.4857694208621979
toeplitz_lda,44,2,162,1,1,0.8821977914057854,2.013409264441046,1,0.882200300693512,2.0134329795837402
toeplitz_lda,44,2,55,0,0,0.272923627185865,-0.9798395218812758,0,0.27292367815971375,-0.9798392057418823
toeplitz_lda,44,2,225,0,1,0.7032330924279743,0.8627413973523421,1,0.7032262086868286,0.8627081513404846
toeplitz_lda,44,2,204,1,1,0.7988042926231952,1.3788378724743304,1,0.798800528049469,1.378814458847046
toeplitz_lda,44,2,200,1,1,0.7301059663067937,0.9951602687724259,1,0.7301070690155029,0.9951656460762024
toeplitz_lda,44,2,233,1,1,0.8981604045934919,2.1769496952132057,1,0.8981608748435974,2.176954507827759
toeplitz_lda,44,2,98,1,1,0.9999783866058062,10.742175720262988,1,0.9999784231185913,10.742171287536621
toeplitz_lda,44,2,310,0,0,0.00108290987747853,-6.827020033402491,0,0.001082933391444385,-6.826998233795166
toeplitz_lda,44,2,19,1,1,0.9207435372695939,2.452492578234439,1,0.9207427501678467,2.452481508255005
toeplitz_lda,44,2,158,0,0,0.2317129600827091,-1.19866404858395,0,0.23171521723270416,-1.1986513137817383
toeplitz_lda,44,2,79,1,1,0.9900192447122789,4.597065614450864,1,0.9900194406509399,4.597085475921631
toeplitz_lda,44,2,65,0,0,0.3991166274981448,-0.40914718629382485,0,0.3991190195083618,-0.40913721919059753
toeplitz_lda,44,2,133,0,0,0.20981184600617256,-1.3260599290196238,0,0.20981493592262268,-1.326041340827942
toeplitz_lda,44,2,153,0,0,0.08550709408627956,-2.369770366191991,0,0.08550650626420975,-2.3697779178619385
toeplitz_lda,44,2,175,0,0,0.09253367020381638,-2.2830838828086684,0,0.09253153204917908,-2.283109426498413
toeplitz_lda,44,2,69,1,0,0.2740936628902224,-0.9739511109150671,0,0.2740955054759979,-0.9739418029785156
toeplitz_lda,44,2,270,1,1,0.9801664649644772,3.9003482257582602,1,0.9801661372184753,3.9003336429595947
toeplitz_lda,44,2,119,1,1,0.8436105046076102,1.6853412398008738,1,0.8436200022697449,1.6854130029678345
toeplitz_lda,44,2,309,0,1,0.5727964788270175,0.29326993827020315,1,0.5727935433387756,0.29325780272483826
toeplitz_lda,44,2,252,0,0,0.008146601524780084,-4.801974463105239,0,0.008146587759256363,-4.801976203918457
toeplitz_lda,44,2,81,1,0,0.38179470683786015,-0.48193754438602876,0,0.38179439306259155,-0.48193877935409546
toeplitz_lda,44,2,28,0,0,0.0004091412128032862,-7.801040972999603,0,0.0004091448208782822,-7.801032066345215
toeplitz_lda,44,2,174,0,0,0.0005504650844387086,-7.504196412346493,0,0.0005504610599018633,-7.504203796386719
toeplitz_lda,44,2,155,1,0,0.07741058364290614,-2.478060788697702,0,0.07741076499223709,-2.478058338165283
toeplitz_lda,44,2,303,0,0,0.17660896491989744,-1.5394931707242088,0,0.17660993337631226,-1.5394866466522217
toeplitz_lda,44,2,22,1,1,0.9784331298962309,3.8147940993643625,1,0.9784331321716309,3.8147940635681152
toeplitz_lda,44,2,214,0,0,0.0018298423880412109,-6.301693923996634,0,0.001829837099649012,-6.30169677734375
toeplitz_lda,44,2,230,1,1,0.9359648508339105,2.682145784923051,1,0.9359649419784546,2.682147264480591
toeplitz_lda,44,2,152,0,0,0.11601558600991967,-2.030714887014212,0,0.11601372063159943,-2.030733108520508
toeplitz_lda,44,2,23,0,1,0.8359667450502782,1.628519652293536,1,0.8359671235084534,1.6285220384597778
toeplitz_lda,44,2,24,1,1,0.8661972409473758,1.8677458753343892,1,0.8661985397338867,1.8677575588226318
toeplitz_lda,44,2,182,0,0,0.020734701086513794,-3.854993917812466,0,0.020734744146466255,-3.854991912841797
toeplitz_lda,44,2,218,1,1,0.9392479024414819,2.7382778418877027,1,0.9392477869987488,2.7382750511169434
toeplitz_lda,44,2,103,0,0,0.05739234651708959,-2.7987391755051596,0,0.057391922920942307,-2.7987470626831055
toeplitz_lda,44,2,86,1,1,0.9829751239195854,4.055908240214007,1,0.9829750657081604,4.055907249450684
toeplitz_lda,44,2,128,1,1,0.9986187712808572,6.583399616277594,1,0.9986187219619751,6.583405017852783
toeplitz_lda,44,2,4,0,1,0.871200407519869,1.911614389695977,1,0.8711994886398315,1.9116063117980957
toeplitz_lda,44,2,239,0,0,0.029295867459708805,-3.500575254242812,0,0.029295319691300392,-3.5005946159362793
toeplitz_lda,44,2,68,0,0,0.03034401474326247,-3.464342063960951,0,0.03034459426999092,-3.464322328567505
toeplitz_lda,44,2,137,1,1,0.9994963278796574,7.593081257465304,1,0.999496340751648,7.593082427978516
toeplitz_lda,44,2,278,0,0,0.05671177461709093,-2.811390028831886,0,0.05671035125851631,-2.8114166259765625
toeplitz_lda,44,2,305,0,0,0.0008789127551924829,-7.035945620595749,0,0.000878920138347894,-7.035937309265137
toeplitz_lda,44,2,121,1,0,0.1609829518199781,-1.6509325558423353,0,0.16098250448703766,-1.6509358882904053
toeplitz_lda,44,2,208,0,0,0.008978014315176478,-4.703957984605664,0,0.008977917023003101,-4.7039690017700195
baseline_cssd_lda,44,3,176,1,1,0.879160871870056,1.9845077564424476,1,0.8791565895080566,1.9844670295715332
baseline_cssd_lda,44,3,10,1,1,0.7192200386102385,0.940596038097399,1,0.7192214131355286,0.9406028389930725
baseline_cssd_lda,44,3,279,0,1,0.5779600507632023,0.314404773963758,1,0.5779618620872498,0.31441235542297363
baseline_cssd_lda,44,3,135,0,0,0.46099945081858895,-0.15631973808487176,0,0.4609964191913605,-0.156331866979599
baseline_cssd_lda,44,3,300,0,1,0.9884521140274115,4.449637810830438,1,0.988452136516571,4.449642658233643
baseline_cssd_lda,44,3,195,0,0,0.11512998780872422,-2.039378936546079,0,0.1151343360543251,-2.0393362045288086
baseline_cssd_lda,44,3,44,1,1,0.6755123870552787,0.7332241321697058,1,0.6755087375640869,0.7332074642181396
baseline_cssd_lda,44,3,251,1,1,0.9093490147820652,2.305712169627547,1,0.9093499779701233,2.3057236671447754
baseline_cssd_lda,44,3,48,0,0,1.2938228031210983e-05,-11.255311277266374,0,1.293820605496876e-05,-11.2553129196167
baseline_cssd_lda,44,3,197,1,1,0.9954120945773351,5.37973323183156,1,0.995412290096283,5.379775047302246
baseline_cssd_lda,44,3,66,0,1,0.8770853101354251,1.9651137261972573,1,0.8770834803581238,1.9650967121124268
baseline_cssd_lda,44,3,0,0,0,0.004250630971752176,-5.4564281525383915,0,0.004250631667673588,-5.456428050994873
baseline_cssd_lda,44,3,85,1,1,0.8157491988967679,1.4878090744535049,1,0.8157562017440796,1.4878556728363037
baseline_cssd_lda,44,3,210,1,1,0.9797382349365277,3.8785498131460097,1,0.9797377586364746,3.878527879714966
baseline_cssd_lda,44,3,57,0,0,4.94739424552851e-05,-9.914014966873088,0,4.94751293445006e-05,-9.91399097442627
baseline_cssd_lda,44,3,59,0,0,0.00233321339746494,-6.058172881421287,0,0.002333421492949128,-6.058083534240723
baseline_cssd_lda,44,3,84,1,1,0.9798689400298134,3.8851549335487263,1,0.9798691868782043,3.885164737701416
baseline_cssd_lda,44,3,315,0,0,0.25468597952506505,-1.07377430011048,0,0.25468993186950684,-1.0737534761428833
baseline_cssd_lda,44,3,271,0,0,0.26500227094325735,-1.020129013942645,0,0.2650182843208313,-1.0200468301773071
baseline_cssd_lda,44,3,215,0,0,0.020287396636522237,-3.8772594288874216,0,0.02028685249388218,-3.877286911010742
baseline_cssd_lda,44,3,54,0,0,0.09728393286466037,-2.2277742254244646,0,0.09728783369064331,-2.2277297973632812
baseline_cssd_lda,44,3,17,0,0,0.3722115583628319,-0.5227408354406544,0,0.37220215797424316,-0.5227810740470886
baseline_cssd_lda,44,3,6,0,1,0.5750047869905855,0.3023004606099917,1,0.575002908706665,0.3022927939891815
baseline_cssd_lda,44,3,298,1,1,0.9999127896751431,9.347100615608099,1,0.9999127388000488,9.347031593322754
baseline_cssd_lda,44,3,307,0,1,0.614819257748494,0.4676156502533366,1,0.6148212552070618,0.4676242768764496
baseline_cssd_lda,44,3,165,1,1,0.8446097314819961,1.6929348506109765,1,0.8446109294891357,1.6929435729980469
baseline_cssd_lda,44,3,207,0,0,0.0028218034386523244,-5.867553288952065,0,0.0028218128718435764,-5.867549896240234
baseline_cssd_lda,44,3,161,1,1,0.9976157404087418,6.03647954029225,1,0.9976156949996948,6.036467552185059
baseline_cssd_lda,44,3,184,0,0,0.027068712922468794,-3.5819349038134525,0,0.027068912982940674,-3.5819272994995117
baseline_cssd_lda,44,3,238,0,0,0.10494887434370373,-2.1434075197161646,0,0.10495202988386154,-2.143373966217041
baseline_cssd_lda,44,3,134,0,1,0.8464541517712016,1.7070568300339604,1,0.8464577794075012,1.7070848941802979
baseline_cssd_lda,44,3,97,1,1,0.9289738731848642,2.5710328221645025,1,0.928974986076355,2.571049690246582
baseline_cssd_lda,44,3,72,0,0,0.06671911321521161,-2.6382147463624825,0,0.06671440601348877,-2.6382904052734375
baseline_cssd_lda,44,3,2,0,0,0.10268729514486533,-2.1677160123283348,0,0.10268821567296982,-2.16770601272583
baseline_cssd_lda,44,3,77,1,1,0.9998421920851653,8.75397417306218,1,0.9998421669006348,8.75397777557373
baseline_cssd_lda,44,3,164,1,1,0.97646430354054,3.725419927220441,1,0.9764618277549744,3.725313425064087
baseline_cssd_lda,44,3,213,0,0,0.41033030213258526,-0.3626000956887765,0,0.4103318154811859,-0.3625938892364502
baseline_cssd_lda,44,3,194,0,0,0.0011832611414754315,-6.738297011480137,0,0.001183264423161745,-6.7382941246032715
baseline_cssd_lda,44,3,289,0,0,0.3800595829232612,-0.48929533433644495,0,0.38005197048187256,-0.48932769894599915
baseline_cssd_lda,44,3,73,0,0,0.009992775658300646,-4.595849842674063,0,0.009992915205657482,-4.5958356857299805
baseline_cssd_lda,44,3,249,1,1,0.6765981155920499,0.7381816972385586,1,0.6765967607498169,0.7381755709648132
baseline_cssd_lda,44,3,150,1,1,0.9933668943228356,5.009026954043717,1,0.9933668971061707,5.009035110473633
baseline_cssd_lda,44,3,263,1,1,0.7928090871999994,1.3419417928288013,1,0.7928073406219482,1.3419311046600342
baseline_cssd_lda,44,3,245,1,1,0.7383436536150345,1.0373773837521225,1,0.7383438348770142,1.0373783111572266
baseline_cssd_lda,44,3,287,1,1,0.6567277637089208,0.6487457457470773,1,0.6567355394363403,0.6487802267074585
baseline_cssd_lda,44,3,247,1,1,0.984907775636477,4.1783683396139395,1,0.9849077463150024,4.178362846374512
baseline_cssd_lda,44,3,7,1,1,0.7145450565213837,0.917561855138787,1,0.7145488858222961,0.9175805449485779
baseline_cssd_lda,44,3,256,0,0,0.1089882581783701,-2.1011174523425935,0,0.10898995399475098,-2.101099967956543
baseline_cssd_lda,44,3,168,1,1,0.9963210022152382,5.601429123048707,1,0.9963209629058838,5.601419925689697
baseline_cssd_lda,44,3,78,1,1,0.950869776294228,2.9629027202107854,1,0.9508682489395142,2.962869167327881
baseline_cssd_lda,44,3,124,1,1,0.9564073309359988,3.088294905206885,1,0.9564076066017151,3.08830189704895
baseline_cssd_lda,44,3,154,1,1,0.8831744825868701,2.022841265571251,1,0.8831883668899536,2.0229759216308594
baseline_cssd_lda,44,3,199,0,0,0.2219468915004587,-1.2543566589240585,0,0.2219455987215042,-1.2543641328811646
baseline_cssd_lda,44,3,127,0,0,0.3836962587704907,-0.4738886816152148,0,0.38368532061576843,-0.47393500804901123
baseline_cssd_lda,44,3,37,1,1,0.9451500408153527,2.8467422456459643,1,0.9451498985290527,2.8467400074005127
baseline_cssd_lda,44,3,151,1,1,0.9394915186864802,2.74255524912512,1,0.9394899606704712,2.742528200149536
baseline_cssd_lda,44,3,113,0,1,0.6393555909193582,0.5725683234234618,1,0.639367938041687,0.5726216435432434
baseline_cssd_lda,44,3,187,1,1,0.8303406097314328,1.588043149251047,1,0.8303378224372864,1.5880231857299805
baseline_cssd_lda,44,3,92,0,0,0.4931301326906852,-0.027481198627364867,0,0.49313342571258545,-0.027467992156744003
baseline_cssd_lda,44,3,312,0,0,0.000279685010473505,-8.181566826505412,0,0.00027968408539891243,-8.181570053100586
baseline_cssd_lda,44,3,171,1,0,0.23835687965858934,-1.1617090550535292,0,0.2383546531200409,-1.1617213487625122
baseline_cssd_lda,44,3,101,1,1,0.9850140732328808,4.185544383438943,1,0.9850142598152161,4.185554027557373
baseline_cssd_lda,44,3,292,1,0,0.39610445561671626,-0.42172328993485064,0,0.3960900902748108,-0.42178329825401306
regularized_cssd,44,3,176,1,1,0.9171238929160901,2.4038957630137365,1,0.9171178936958313,2.4038166999816895
regularized_cssd,44,3,10,1,0,0.4516803091966434,-0.19388384517502066,0,0.4516855776309967,-0.19386257231235504
regularized_cssd,44,3,279,0,0,0.4992922094999174,-0.002831163891425799,0,0.49929508566856384,-0.0028197206556797028
regularized_cssd,44,3,135,0,1,0.5251146889587905,0.10054336945213893,1,0.5251109600067139,0.10052858293056488
regularized_cssd,44,3,300,0,1,0.9787539114678897,3.8301074343377595,1,0.9787539839744568,3.8301122188568115
regularized_cssd,44,3,195,0,0,0.1428103674098778,-1.7921415208413851,0,0.142818421125412,-1.792075753211975
regularized_cssd,44,3,44,1,1,0.7148639172052204,0.9191256491925521,1,0.7148551344871521,0.9190826416015625
regularized_cssd,44,3,251,1,1,0.9739634139757719,3.6218710365988476,1,0.9739652872085571,3.6219427585601807
regularized_cssd,44,3,48,0,0,3.5982382889378257e-06,-12.535062598219115,0,3.59828209184343e-06,-12.535050392150879
regularized_cssd,44,3,197,1,1,0.9952901731981212,5.353383191070027,1,0.9952902793884277,5.353414058685303
regularized_cssd,44,3,66,0,1,0.890189161191711,2.0926747425029557,1,0.8901888132095337,2.0926716327667236
regularized_cssd,44,3,0,0,0,0.016723268040468295,-4.074089552766815,0,0.01672310382127762,-4.074099540710449
regularized_cssd,44,3,85,1,1,0.7829964914348644,1.2832146931419843,1,0.7830057144165039,1.2832688093185425
regularized_cssd,44,3,210,1,1,0.9920817314667004,4.830632932089662,1,0.9920814037322998,4.830600738525391
regularized_cssd,44,3,57,0,0,3.7637903752311464e-05,-10.187461298207358,0,3.763974746107124e-05,-10.18741226196289
regularized_cssd,44,3,59,0,0,0.0008351969911491361,-7.087007397431234,0,0.0008352688746526837,-7.086921215057373
regularized_cssd,44,3,84,1,1,0.9837019797460756,4.100279341445554,1,0.9837019443511963,4.100278377532959
regularized_cssd,44,3,315,0,0,0.2728997870174942,-0.9799596653040693,0,0.27289116382598877,-0.9800031185150146
regularized_cssd,44,3,271,0,0,0.4709315711639056,-0.11640497926174981,0,0.47095581889152527,-0.11630763113498688
regularized_cssd,44,3,215,0,0,0.028494743843613907,-3.5291270354281834,0,0.028494568541646004,-3.5291333198547363
regularized_cssd,44,3,54,0,0,0.07970018425326468,-2.4464276060061017,0,0.07970487326383591,-2.446363687515259
regularized_cssd,44,3,17,0,1,0.5331085825386364,0.13262840315780955,1,0.5330959558486938,0.13257764279842377
regularized_cssd,44,3,6,0,1,0.6691737881406185,0.7044506016027703,1,0.6691723465919495,0.7044441103935242
regularized_cssd,44,3,298,1,1,0.99991918823774,9.423307215478522,1,0.9999191761016846,9.42326545715332
regularized_cssd,44,3,307,0,1,0.5787215997901862,0.3175276342698441,1,0.5787212252616882,0.31752604246139526
regularized_cssd,44,3,165,1,1,0.8940882690935934,2.133198485399515,1,0.8940876126289368,2.1331911087036133
regularized_cssd,44,3,207,0,0,0.003929926250986946,-5.535196950226565,0,0.00392994936555624,-5.535191059112549
regularized_cssd,44,3,161,1,1,0.997041893785115,5.820243517610704,1,0.9970417618751526,5.820216178894043
regularized_cssd,44,3,184,0,0,0.01729910983492905,-4.039649745652485,0,0.017299171537160873,-4.039646148681641
regularized_cssd,44,3,238,0,0,0.23086370399407205,-1.2034406813916827,0,0.23087692260742188,-1.2033661603927612
regularized_cssd,44,3,134,0,1,0.8610490344739046,1.8240303485197735,1,0.8610510230064392,1.8240467309951782
regularized_cssd,44,3,97,1,1,0.9241263015851322,2.4997786574296548,1,0.9241259098052979,2.4997737407684326
regularized_cssd,44,3,72,0,0,0.07620693945722898,-2.4950355585686728,0,0.07620080560445786,-2.4951226711273193
regularized_cssd,44,3,2,0,0,0.10323129108980461,-2.161825963887752,0,0.10323274880647659,-2.1618101596832275
regularized_cssd,44,3,77,1,1,0.9998124765957023,8.581419356433567,1,0.9998125433921814,8.5814208984375
regularized_cssd,44,3,164,1,1,0.9486827627722073,2.917047752842584,1,0.9486767649650574,2.916923999786377
regularized_cssd,44,3,213,0,0,0.4595158321099651,-0.1622919487662367,0,0.45951783657073975,-0.16228385269641876
regularized_cssd,44,3,194,0,0,0.0020990650477876716,-6.164161977557174,0,0.0020990287885069847,-6.16417932510376
regularized_cssd,44,3,289,0,0,0.38854758312217275,-0.4534214969399019,0,0.3885391056537628,-0.453457236289978
regularized_cssd,44,3,73,0,0,0.020958702331532846,-3.844019879290523,0,0.02095934748649597,-3.8439884185791016
regularized_cssd,44,3,249,1,1,0.6932684468434451,0.8154443479904865,1,0.6932629942893982,0.8154188990592957
regularized_cssd,44,3,150,1,1,0.9922169500936941,4.847993502888431,1,0.9922173023223877,4.848045825958252
regularized_cssd,44,3,263,1,1,0.7758360115572916,1.2415632972690696,1,0.7758376598358154,1.2415724992752075
regularized_cssd,44,3,245,1,1,0.7727338344609918,1.2238127952866205,1,0.7727295160293579,1.2237881422042847
regularized_cssd,44,3,287,1,1,0.646697559776923,0.6045542738145172,1,0.6467078328132629,0.6045994758605957
regularized_cssd,44,3,247,1,1,0.9853677201862212,4.209784857172838,1,0.9853672981262207,4.209755897521973
regularized_cssd,44,3,7,1,1,0.576233644994255,0.30733095828575396,1,0.5762444734573364,0.30737531185150146
regularized_cssd,44,3,256,0,0,0.1369259265628244,-1.8410604223043556,0,0.13692446053028107,-1.8410727977752686
regularized_cssd,44,3,168,1,1,0.9971902167823052,5.871834207271785,1,0.9971901774406433,5.871803283691406
regularized_cssd,44,3,78,1,1,0.9565513351631523,3.091754334726471,1,0.9565498232841492,3.0917184352874756
regularized_cssd,44,3,124,1,1,0.9428925152688109,2.8040171052714538,1,0.9428941011428833,2.804046869277954
regularized_cssd,44,3,154,1,1,0.8891211712226185,2.0817955544024436,1,0.8891335725784302,2.081921339035034
regularized_cssd,44,3,199,0,0,0.19280929745476166,-1.4318583464911903,0,0.19280709326267242,-1.4318724870681763
regularized_cssd,44,3,127,0,0,0.390331966373694,-0.44591702897094987,0,0.3903210461139679,-0.4459628462791443
regularized_cssd,44,3,37,1,1,0.9291860561998789,2.574253066903916,1,0.9291843175888062,2.5742266178131104
regularized_cssd,44,3,151,1,1,0.890792923385333,2.0988661258652757,1,0.8907938003540039,2.0988755226135254
regularized_cssd,44,3,113,0,1,0.6838671345990128,0.7716010657437404,1,0.6838791370391846,0.7716565132141113
regularized_cssd,44,3,187,1,1,0.8386758303861529,1.648408439104921,1,0.8386713266372681,1.6483750343322754
regularized_cssd,44,3,92,0,0,0.45969317513474106,-0.16157791603607424,0,0.45967909693717957,-0.16163471341133118
regularized_cssd,44,3,312,0,0,0.0001434480449647927,-8.84939418598255,0,0.00014344345254357904,-8.84942626953125
regularized_cssd,44,3,171,1,0,0.4375192721174523,-0.25123611656784917,0,0.4375177025794983,-0.2512425184249878
regularized_cssd,44,3,101,1,1,0.9922243751318114,4.848955442582929,1,0.9922242164611816,4.848941802978516
regularized_cssd,44,3,292,1,1,0.6771408419591975,0.740663104708918,1,0.6771364808082581,0.7406433820724487
shrinkage_lda,44,3,176,1,1,0.934441972019954,2.657013855948679,1,0.9344408512115479,2.6569957733154297
shrinkage_lda,44,3,10,1,1,0.8038517667618514,1.4105442170644131,1,0.8038497567176819,1.4105316400527954
shrinkage_lda,44,3,279,0,0,0.22262777641370926,-1.2504180751037695,0,0.22262558341026306,-1.250430703163147
shrinkage_lda,44,3,135,0,0,0.27453122472565145,-0.9717530267351223,0,0.2745344936847687,-0.9717365503311157
shrinkage_lda,44,3,300,0,1,0.9505900934765942,2.9569320017880436,1,0.9505906701087952,2.956943988800049
shrinkage_lda,44,3,195,0,0,0.0947256533722976,-2.2572531887549463,0,0.09472637623548508,-2.257244825363159
shrinkage_lda,44,3,44,1,1,0.7722096458731206,1.2208303686583037,1,0.7722100615501404,1.2208325862884521
shrinkage_lda,44,3,251,1,1,0.8721408488304687,1.9200216581861775,1,0.8721404671669006,1.9200185537338257
shrinkage_lda,44,3,48,0,0,1.1968683927449384e-05,-11.333205023265023,0,1.1968704711762257e-05,-11.333203315734863
shrinkage_lda,44,3,197,1,1,0.9859912746577082,4.253967131114165,1,0.9859912991523743,4.253972053527832
shrinkage_lda,44,3,66,0,1,0.9064582217646024,2.2711367791801544,1,0.9064580202102661,2.2711336612701416
shrinkage_lda,44,3,0,0,0,0.007174772282317351,-4.9299836207561745,0,0.007174768950790167,-4.929984092712402
shrinkage_lda,44,3,85,1,1,0.8211475110371292,1.5241413836187356,1,0.8211510181427002,1.524165391921997
shrinkage_lda,44,3,210,1,1,0.8946784600141764,2.1394464346799396,1,0.8946778774261475,2.1394400596618652
shrinkage_lda,44,3,57,0,0,2.4065527144929427e-05,-10.634706084586496,0,2.4065722755040042e-05,-10.634697914123535
shrinkage_lda,44,3,59,0,0,0.001205927065750548,-6.719300003885407,0,0.0012059302534908056,-6.719297409057617
shrinkage_lda,44,3,84,1,1,0.9827169188368836,4.040593046374076,1,0.9827169179916382,4.040590286254883
shrinkage_lda,44,3,315,0,0,0.3716674107019363,-0.525070229959564,0,0.3716600835323334,-0.5251015424728394
shrinkage_lda,44,3,271,0,0,0.3197064580095504,-0.7551211283418034,0,0.3197101354598999,-0.7551041841506958
shrinkage_lda,44,3,215,0,0,0.2117092125440184,-1.3146533472301527,0,0.21170713007450104,-1.3146657943725586
shrinkage_lda,44,3,54,0,0,0.0644696449518202,-2.674919101005112,0,0.06447029113769531,-2.674908399581909
shrinkage_lda,44,3,17,0,0,0.3782478585546481,-0.4969918357026588,0,0.37824907898902893,-0.49698662757873535
shrinkage_lda,44,3,6,0,0,0.41057114309581383,-0.36160480663131633,0,0.4105694591999054,-0.3616117835044861
shrinkage_lda,44,3,298,1,1,0.9999527104786732,9.959174532798736,1,0.9999526739120483,9.959185600280762
shrinkage_lda,44,3,307,0,0,0.24556823573255637,-1.1223899811992344,0,0.24556735157966614,-1.1223948001861572
shrinkage_lda,44,3,165,1,1,0.8698227631983102,1.8993925884959146,1,0.8698239922523499,1.89940345287323
shrinkage_lda,44,3,207,0,0,0.0010592803570510251,-6.849105668072286,0,0.0010592787293717265,-6.849107265472412
shrinkage_lda,44,3,161,1,1,0.9954279310158841,5.383206891915063,1,0.9954279661178589,5.383209228515625
shrinkage_lda,44,3,184,0,0,0.025166958966009432,-3.6567342343066302,0,0.02516760304570198,-3.656708002090454
shrinkage_lda,44,3,238,0,0,0.1549244592357208,-1.6964883823643142,0,0.1549229621887207,-1.6964998245239258
shrinkage_lda,44,3,134,0,1,0.7848428396474224,1.29411475399089,1,0.7848436236381531,1.2941193580627441
shrinkage_lda,44,3,97,1,1,0.6148217260559403,0.46762607313351445,1,0.6148210167884827,0.46762293577194214
shrinkage_lda,44,3,72,0,0,0.06822208083849131,-2.614326223721127,0,0.06822185218334198,-2.6143298149108887
shrinkage_lda,44,3,2,0,0,0.10028971611416758,-2.1940096462610077,0,0.1002902016043663,-2.1940042972564697
shrinkage_lda,44,3,77,1,1,0.9999595376064551,10.115097106457661,1,0.9999595880508423,10.115103721618652
shrinkage_lda,44,3,164,1,1,0.9101648471200221,2.3156493776169844,1,0.9101641774177551,2.315640687942505
shrinkage_lda,44,3,213,0,1,0.5193389514678529,0.07739441478292201,1,0.5193373560905457,0.07738791406154633
shrinkage_lda,44,3,194,0,0,0.007868081150846992,-4.83704186664318,0,0.007868059910833836,-4.837044715881348
shrinkage_lda,44,3,289,0,0,0.2437580949013988,-1.1321849861074993,0,0.24375689029693604,-1.1321914196014404
shrinkage_lda,44,3,73,0,0,0.014045150939741872,-4.251333354160919,0,0.014045185409486294,-4.251330852508545
shrinkage_lda,44,3,249,1,0,0.2828477995894672,-0.9303791496731958,0,0.28284621238708496,-0.9303869009017944
shrinkage_lda,44,3,150,1,1,0.9967670085201876,5.731109186735405,1,0.9967670440673828,5.731113910675049
shrinkage_lda,44,3,263,1,1,0.6037185272588514,0.42098332633076463,1,0.6037187576293945,0.42098429799079895
shrinkage_lda,44,3,245,1,1,0.9483129550941115,2.909477401161915,1,0.9483132362365723,2.909482002258301
shrinkage_lda,44,3,287,1,0,0.13650339207708265,-1.8446405045927539,0,0.1365039050579071,-1.8446362018585205
shrinkage_lda,44,3,247,1,1,0.9810791625048038,3.94838932431533,1,0.9810795783996582,3.9484119415283203
shrinkage_lda,44,3,7,1,1,0.5340213399116462,0.1362959612678184,1,0.5340224504470825,0.13630026578903198
shrinkage_lda,44,3,256,0,0,0.09051571013863408,-2.307354296097012,0,0.09051544219255447,-2.3073575496673584
shrinkage_lda,44,3,168,1,1,0.9922802631443056,4.856225313307842,1,0.9922802448272705,4.856224060058594
shrinkage_lda,44,3,78,1,1,0.9388622511107985,2.7315392741828957,1,0.9388617873191833,2.731532096862793
shrinkage_lda,44,3,124,1,1,0.9436638063457911,2.818432765475227,1,0.9436641335487366,2.8184380531311035
shrinkage_lda,44,3,154,1,1,0.8970866760660646,2.1652653674742837,1,0.8970876336097717,2.1652750968933105
shrinkage_lda,44,3,199,0,0,0.12390958875241494,-1.9559171180962143,0,0.12390932440757751,-1.955919623374939
shrinkage_lda,44,3,127,0,0,0.0862685441728523,-2.3600716785737745,0,0.08626843988895416,-2.3600730895996094
shrinkage_lda,44,3,37,1,1,0.9860045581987038,4.2549292865324775,1,0.986004650592804,4.2549357414245605
shrinkage_lda,44,3,151,1,1,0.8922858758642912,2.1143058509864403,1,0.8922854065895081,2.1143007278442383
shrinkage_lda,44,3,113,0,0,0.3553622241699527,-0.5955509521389268,0,0.355365127325058,-0.595538318157196
shrinkage_lda,44,3,187,1,1,0.7043115560010316,0.8679144634565039,1,0.7043144702911377,0.8679286241531372
shrinkage_lda,44,3,92,0,0,0.2912413882954561,-0.889362569162798,0,0.2912445366382599,-0.8893473148345947
shrinkage_lda,44,3,312,0,0,0.0001800294607388316,-8.622210004027389,0,0.00018002938304562122,-8.622210502624512
shrinkage_lda,44,3,171,1,0,0.039566998078414135,-3.189388837494092,0,0.039566949009895325,-3.189390182495117
shrinkage_lda,44,3,101,1,1,0.997146092908697,5.856208327061667,1,0.9971460700035095,5.856199264526367
shrinkage_lda,44,3,292,1,1,0.5409827687678458,0.16429967746615204,1,0.5409808158874512,0.16429197788238525
regularized_cssd_shrinkage_lda,44,3,176,1,1,0.953961117426168,3.031136600411821,1,0.9539600014686584,3.0311119556427
regularized_cssd_shrinkage_lda,44,3,10,1,1,0.5184809846218666,0.07395763075519657,1,0.5184741020202637,0.0739300400018692
regularized_cssd_shrinkage_lda,44,3,279,0,0,0.18218777770097674,-1.501594852355956,0,0.18218660354614258,-1.5016027688980103
regularized_cssd_shrinkage_lda,44,3,135,0,0,0.38604019455904237,-0.4639879675275566,0,0.3860459625720978,-0.4639635980129242
regularized_cssd_shrinkage_lda,44,3,300,0,1,0.9304872670374247,2.594198448103259,1,0.9304879903793335,2.5942089557647705
regularized_cssd_shrinkage_lda,44,3,195,0,0,0.13398105270339386,-1.866208395201037,0,0.1339815855026245,-1.8662039041519165
regularized_cssd_shrinkage_lda,44,3,44,1,1,0.7666717626201265,1.1896125537865967,1,0.7666711211204529,1.1896090507507324
regularized_cssd_shrinkage_lda,44,3,251,1,1,0.9689544853944433,3.4407632992938257,1,0.9689548015594482,3.4407739639282227
regularized_cssd_shrinkage_lda,44,3,48,0,0,5.204288481051583e-06,-12.166022360065032,0,5.204343324294314e-06,-12.166011810302734
regularized_cssd_shrinkage_lda,44,3,197,1,1,0.983605036956938,4.094250275134291,1,0.9836052060127258,4.094256401062012
regularized_cssd_shrinkage_lda,44,3,66,0,1,0.9159261645035025,2.3882403482277974,1,0.9159260988235474,2.388239622116089
regularized_cssd_shrinkage_lda,44,3,0,0,0,0.041313349050767854,-3.14437860655884,0,0.04131285101175308,-3.1443910598754883
regularized_cssd_shrinkage_lda,44,3,85,1,1,0.7540637407063528,1.120404507385223,1,0.7540689706802368,1.1204328536987305
regularized_cssd_shrinkage_lda,44,3,210,1,1,0.9668108244625073,3.3717790602090267,1,0.9668106436729431,3.371772527694702
regularized_cssd_shrinkage_lda,44,3,57,0,0,2.730616824992383e-05,-10.508370631532962,0,2.7306512492941692e-05,-10.508358001708984
regularized_cssd_shrinkage_lda,44,3,59,0,0,0.00042737285171876314,-7.757426272504978,0,0.0004273765080142766,-7.757417678833008
regularized_cssd_shrinkage_lda,44,3,84,1,1,0.9866462946294325,4.302517708919287,1,0.986646294593811,4.302519798278809
regularized_cssd_shrinkage_lda,44,3,315,0,0,0.39798623651645143,-0.4138628849074273,0,0.39798009395599365,-0.41388851404190063
regularized_cssd_shrinkage_lda,44,3,271,0,1,0.6323251842248134,0.5422048990891035,1,0.6323261260986328,0.5422088503837585
regularized_cssd_shrinkage_lda,44,3,215,0,0,0.23767208920202365,-1.1654848450501216,0,0.23767073452472687,-1.165492296218872
regularized_cssd_shrinkage_lda,44,3,54,0,0,0.046534339526760435,-3.019912885711213,0,0.0465346984565258,-3.019904851913452
regularized_cssd_shrinkage_lda,44,3,17,0,1,0.5834890434596284,0.3371129067943395,1,0.583488941192627,0.3371123671531677
regularized_cssd_shrinkage_lda,44,3,6,0,1,0.5729718798799531,0.29398677411502316,1,0.5729709267616272,0.2939828634262085
regularized_cssd_shrinkage_lda,44,3,298,1,1,0.9999442412233995,9.794419971872234,1,0.9999442100524902,9.794448852539062
regularized_cssd_shrinkage_lda,44,3,307,0,0,0.23377288371668054,-1.18712856061737,0,0.233770951628685,-1.1871393918991089
regularized_cssd_shrinkage_lda,44,3,165,1,1,0.909322916394205,2.3053956109122087,1,0.9093233346939087,2.305401086807251
regularized_cssd_shrinkage_lda,44,3,207,0,0,0.002112937907184975,-6.157560753563357,0,0.0021129499655216932,-6.157555103302002
regularized_cssd_shrinkage_lda,44,3,161,1,1,0.9940898381623625,5.125154368279445,1,0.9940898418426514,5.125150680541992
regularized_cssd_shrinkage_lda,44,3,184,0,0,0.014758056401628548,-4.201098108633844,0,0.014758550561964512,-4.201064109802246
regularized_cssd_shrinkage_lda,44,3,238,0,0,0.36408109048265874,-0.5576944355752107,0,0.36407801508903503,-0.5577077269554138
regularized_cssd_shrinkage_lda,44,3,134,0,1,0.8268304819552469,1.5633287066880566,1,0.8268314599990845,1.5633355379104614
regularized_cssd_shrinkage_lda,44,3,97,1,1,0.651038932843391,0.6236090845408195,1,0.6510387659072876,0.623608410358429
regularized_cssd_shrinkage_lda,44,3,72,0,0,0.07872380803572819,-2.459814247985245,0,0.07872190326452255,-2.4598405361175537
regularized_cssd_shrinkage_lda,44,3,2,0,0,0.12282062061498102,-1.9659865870209734,0,0.12282206118106842,-1.9659732580184937
regularized_cssd_shrinkage_lda,44,3,77,1,1,0.9999130467365512,9.35005282834964,1,0.9999130964279175,9.350056648254395
regularized_cssd_shrinkage_lda,44,3,164,1,1,0.7972123551955201,1.368961739650467,1,0.7972116470336914,1.36895751953125
regularized_cssd_shrinkage_lda,44,3,213,0,1,0.5723784251234451,0.29156172139126746,1,0.5723778605461121,0.2915593981742859
regularized_cssd_shrinkage_lda,44,3,194,0,0,0.012461080612493698,-4.372605671913471,0,0.012460856698453426,-4.372623920440674
regularized_cssd_shrinkage_lda,44,3,289,0,0,0.257836426985651,-1.0572442877539623,0,0.25783514976501465,-1.0572509765625
regularized_cssd_shrinkage_lda,44,3,73,0,0,0.03732722408788052,-3.249990628760353,0,0.03732714429497719,-3.249992847442627
regularized_cssd_shrinkage_lda,44,3,249,1,0,0.33157896160485767,-0.7010522958331683,0,0.3315770924091339,-0.7010607123374939
regularized_cssd_shrinkage_lda,44,3,150,1,1,0.9936129693482826,5.047078290333876,1,0.9936129450798035,5.047077178955078
regularized_cssd_shrinkage_lda,44,3,263,1,1,0.6286075916628995,0.5262479933421911,1,0.62861168384552,0.526265561580658
regularized_cssd_shrinkage_lda,44,3,245,1,1,0.9580083974549565,3.127386884653952,1,0.9580084085464478,3.1273860931396484
regularized_cssd_shrinkage_lda,44,3,287,1,0,0.18527906944544562,-1.4809824661565636,0,0.18527884781360626,-1.4809839725494385
regularized_cssd_shrinkage_lda,44,3,247,1,1,0.9840855469486294,4.124485137949089,1,0.9840859174728394,4.124508857727051
regularized_cssd_shrinkage_lda,44,3,7,1,0,0.35415424679831037,-0.6008281594864141,0,0.35415661334991455,-0.600817859172821
regularized_cssd_shrinkage_lda,44,3,256,0,0,0.14208089163858725,-1.7981132609107426,0,0.14207962155342102,-1.7981235980987549
regularized_cssd_shrinkage_lda,44,3,168,1,1,0.9937774607594153,5.073335237574614,1,0.9937775135040283,5.073336601257324
regularized_cssd_shrinkage_lda,44,3,78,1,1,0.947716327503059,2.8973710919057014,1,0.9477160573005676,2.897364377975464
regularized_cssd_shrinkage_lda,44,3,124,1,1,0.9074943379107522,2.2834174724820726,1,0.907494843006134,2.28342342376709
regularized_cssd_shrinkage_lda,44,3,154,1,1,0.8856960220202782,2.0475124282982318,1,0.8856960535049438,2.047513246536255
regularized_cssd_shrinkage_lda,44,3,199,0,0,0.10911374897357984,-2.099825848273719,0,0.10911212861537933,-2.0998425483703613
regularized_cssd_shrinkage_lda,44,3,127,0,0,0.0985434570539233,-2.2135141969603365,0,0.09854494780302048,-2.2134974002838135
regularized_cssd_shrinkage_lda,44,3,37,1,1,0.9758756402144609,3.7001130509957525,1,0.9758757948875427,3.7001185417175293
regularized_cssd_shrinkage_lda,44,3,151,1,1,0.7969107964028534,1.3670974392048763,1,0.7969100475311279,1.3670923709869385
regularized_cssd_shrinkage_lda,44,3,113,0,0,0.45157179999398006,-0.19432198302537607,0,0.4515753984451294,-0.19430755078792572
regularized_cssd_shrinkage_lda,44,3,187,1,1,0.691846467169252,0.8087659207599387,1,0.6918472647666931,0.8087697625160217
regularized_cssd_shrinkage_lda,44,3,92,0,0,0.297190264299997,-0.8607136547172612,0,0.29719099402427673,-0.8607102632522583
regularized_cssd_shrinkage_lda,44,3,312,0,0,0.0001018745551609669,-9.19166647318617,0,0.00010187434236286208,-9.191668510437012
regularized_cssd_shrinkage_lda,44,3,171,1,0,0.12165301105353711,-1.9768688986750182,0,0.12165170907974243,-1.9768810272216797
regularized_cssd_shrinkage_lda,44,3,101,1,1,0.9975893728111932,6.025454783590595,1,0.9975893497467041,6.025434494018555
regularized_cssd_shrinkage_lda,44,3,292,1,1,0.830181569786291,1.5869146269411865,1,0.830182671546936,1.586922287940979
toeplitz_lda,44,3,176,1,1,0.8538926365275112,1.765463749824516,1,0.853888750076294,1.7654327154159546
toeplitz_lda,44,3,10,1,1,0.6065687084350007,0.4329115646160746,1,0.6065654158592224,0.43289774656295776
toeplitz_lda,44,3,279,0,0,0.37439504845163724,-0.5134075848523239,0,0.37439143657684326,-0.5134230256080627
toeplitz_lda,44,3,135,0,0,0.3250506342882554,-0.7306567062939429,0,0.325055330991745,-0.7306353449821472
toeplitz_lda,44,3,300,0,1,0.9813535844594179,3.963278895903126,1,0.9813538789749146,3.9632937908172607
toeplitz_lda,44,3,195,0,0,0.09955814755145859,-2.202143719041305,0,0.0995597168803215,-2.2021262645721436
toeplitz_lda,44,3,44,1,1,0.52233441092661,0.0893971335182373,1,0.5223344564437866,0.08939725160598755
toeplitz_lda,44,3,251,1,1,0.775240818462039,1.2381441898410515,1,0.7752413749694824,1.238147258758545
toeplitz_lda,44,3,48,0,0,1.152151395851902e-05,-11.371282969740719,0,1.1521485248522367e-05,-11.371285438537598
toeplitz_lda,44,3,197,1,1,0.990067398019326,4.6019505435927,1,0.9900674819946289,4.601961612701416
toeplitz_lda,44,3,66,0,1,0.9632150663439467,3.2651883665777874,1,0.9632148146629333,3.2651803493499756
toeplitz_lda,44,3,0,0,0,0.009108064548694962,-4.689445247212484,0,0.009108023717999458,-4.689449787139893
toeplitz_lda,44,3,85,1,1,0.8311699015297382,1.5939413535253566,1,0.8311737775802612,1.5939689874649048
toeplitz_lda,44,3,210,1,1,0.9596802263980285,3.1697581227536533,1,0.9596797823905945,3.1697466373443604
toeplitz_lda,44,3,57,0,0,1.871545336849027e-05,-10.886142276400218,0,1.871574750111904e-05,-10.886126518249512
toeplitz_lda,44,3,59,0,0,0.0003815139276723749,-7.870981613523302,0,0.00038152243359945714,-7.870959281921387
toeplitz_lda,44,3,84,1,1,0.9960454038851473,5.52891436690904,1,0.9960454106330872,5.528913497924805
toeplitz_lda,44,3,315,0,0,0.29779782555675777,-0.8578065418114221,0,0.2977922558784485,-0.8578332662582397
toeplitz_lda,44,3,271,0,0,0.21281701014570845,-1.3080280479196615,0,0.21282242238521576,-1.3079956769943237
toeplitz_lda,44,3,215,0,0,0.26361831619482123,-1.0272462914128109,0,0.2636142075061798,-1.0272674560546875
toeplitz_lda,44,3,54,0,0,0.062217321327823295,-2.712884797395723,0,0.06221839413046837,-2.7128663063049316
toeplitz_lda,44,3,17,0,0,0.20125483382220305,-1.3784700189373105,0,0.20125499367713928,-1.3784689903259277
toeplitz_lda,44,3,6,0,0,0.45162417175501207,-0.19411051430344906,0,0.4516220688819885,-0.19411903619766235
toeplitz_lda,44,3,298,1,1,0.9999867107851019,11.228544472316646,1,0.9999867677688599,11.228554725646973
toeplitz_lda,44,3,307,0,0,0.2484288039715631,-1.107009641912132,0,0.24842654168605804,-1.107021689414978
toeplitz_lda,44,3,165,1,1,0.7412031512216956,1.052231359644571,1,0.741204559803009,1.0522387027740479
toeplitz_lda,44,3,207,0,0,0.002074557026261384,-6.175930917509193,0,0.0020745638757944107,-6.175927639007568
toeplitz_lda,44,3,161,1,1,0.9965862748642161,5.676531603561967,1,0.9965863227844238,5.6765336990356445
toeplitz_lda,44,3,184,0,0,0.019270926760385162,-3.929698672655356,0,0.01927161030471325,-3.9296624660491943
toeplitz_lda,44,3,238,0,0,0.22063913145887534,-1.2619457069117082,0,0.2206364870071411,-1.2619611024856567
toeplitz_lda,44,3,134,0,1,0.804361209029812,1.4137783774703019,1,0.8043623566627502,1.4137853384017944
toeplitz_lda,44,3,97,1,1,0.8516800930535762,1.747839504249816,1,0.8516795039176941,1.7478346824645996
toeplitz_lda,44,3,72,0,0,0.09158965696018921,-2.294377846140836,0,0.09158840775489807,-2.2943928241729736
toeplitz_lda,44,3,2,0,0,0.06093300759443919,-2.73511179656489,0,0.060933709144592285,-2.7350995540618896
toeplitz_lda,44,3,77,1,1,0.9999453492884919,9.814493671858912,1,0.9999454021453857,9.814501762390137
toeplitz_lda,44,3,164,1,1,0.9691321653993815,3.446686305889839,1,0.9691317677497864,3.4466726779937744
toeplitz_lda,44,3,213,0,0,0.41611959372382756,-0.3387234742250487,0,0.4161182641983032,-0.33872899413108826
toeplitz_lda,44,3,194,0,0,0.0041805271211595154,-5.473128644900184,0,0.0041804928332567215,-5.473136901855469
toeplitz_lda,44,3,289,0,0,0.09809567846920064,-2.2185651274462423,0,0.09809470176696777,-2.218576192855835
toeplitz_lda,44,3,73,0,0,0.013512249987782431,-4.290554227257456,0,0.01351230964064598,-4.2905497550964355
toeplitz_lda,44,3,249,1,0,0.38462170775721727,-0.46997691405384145,0,0.38461992144584656,-0.4699844419956207
toeplitz_lda,44,3,150,1,1,0.9982679726529501,6.356729150636074,1,0.9982678890228271,6.3567280769348145
toeplitz_lda,44,3,263,1,1,0.7059117799697855,0.8756104816782921,1,0.7059113383293152,0.8756085634231567
toeplitz_lda,44,3,245,1,1,0.9482718670250362,2.9086394490667677,1,0.9482722878456116,2.908646821975708
toeplitz_lda,44,3,287,1,0,0.08572747733086872,-2.366955295345149,0,0.08572810888290405,-2.3669471740722656
toeplitz_lda,44,3,247,1,1,0.9884565547683651,4.450026927521419,1,0.9884568452835083,4.450048446655273
toeplitz_lda,44,3,7,1,1,0.5783546157848082,0.31602256366086146,1,0.5783544778823853,0.31602197885513306
toeplitz_lda,44,3,256,0,0,0.10785925381664103,-2.1127967355218904,0,0.10785938054323196,-2.112795352935791
toeplitz_lda,44,3,168,1,1,0.9951637415780958,5.326765919576321,1,0.9951636791229248,5.326762676239014
toeplitz_lda,44,3,78,1,1,0.9254482804126186,2.5187851404177066,1,0.9254473447799683,2.518771171569824
toeplitz_lda,44,3,124,1,1,0.9125967200971901,2.3457612650172157,1,0.9125971794128418,2.3457672595977783
toeplitz_lda,44,3,154,1,1,0.9545657010248427,3.0449891698725677,1,0.954567015171051,3.0450193881988525
toeplitz_lda,44,3,199,0,0,0.060661166615214264,-2.7398725249345883,0,0.06066109985113144,-2.7398736476898193
toeplitz_lda,44,3,127,0,0,0.06777940415903588,-2.621311102162927,0,0.06777893006801605,-2.6213185787200928
toeplitz_lda,44,3,37,1,1,0.9799811278176962,3.8908578764003505,1,0.9799813628196716,3.890868902206421
toeplitz_lda,44,3,151,1,1,0.9291285014176845,2.5733786934403415,1,0.9291276931762695,2.5733659267425537
toeplitz_lda,44,3,113,0,0,0.45445574460941845,-0.18268339282430057,0,0.4544597566127777,-0.18266719579696655
toeplitz_lda,44,3,187,1,1,0.5001286106067463,0.000514442438330584,1,0.5001319050788879,0.0005274750292301178
toeplitz_lda,44,3,92,0,0,0.3544825642330743,-0.5993930605269248,0,0.354488343000412,-0.5993678569793701
toeplitz_lda,44,3,312,0,0,0.00018137170580696894,-8.614780621101572,0,0.00018137208826374263,-8.614778518676758
toeplitz_lda,44,3,171,1,0,0.04245983268235773,-3.1158091547032583,0,0.042459674179553986,-3.1158130168914795
toeplitz_lda,44,3,101,1,1,0.9968498515320859,5.757150573953801,1,0.9968498349189758,5.757140636444092
toeplitz_lda,44,3,292,1,0,0.268039962145066,-1.0045898375004167,0,0.2680363357067108,-1.0046082735061646
baseline_cssd_lda,44,4,246,0,0,0.022145487322716036,-3.787727155799187,0,0.02214639075100422,-3.7876853942871094
baseline_cssd_lda,44,4,126,0,0,0.0068971169315925835,-4.969730778720542,0,0.00689762644469738,-4.969656467437744
baseline_cssd_lda,44,4,224,1,1,0.5058178412300578,0.023272415235319532,1,0.5058038234710693,0.02321648597717285
baseline_cssd_lda,44,4,311,0,0,0.002911484976485099,-5.836176295166972,0,0.002911508083343506,-5.83616828918457
baseline_cssd_lda,44,4,100,1,1,0.9641380620928285,3.2915579946637505,1,0.9641374349594116,3.291539192199707
baseline_cssd_lda,44,4,91,1,1,0.9982184650469287,6.328496829313883,1,0.9982184767723083,6.328546047210693
baseline_cssd_lda,44,4,253,1,1,0.9615584481621761,3.219416398023421,1,0.9615585803985596,3.2194197177886963
baseline_cssd_lda,44,4,111,0,0,0.1638073324299763,-1.6301681151857152,0,0.1638110727071762,-1.630140781402588
baseline_cssd_lda,44,4,26,0,0,0.07649301952869826,-2.4909788696452946,0,0.07649367302656174,-2.490969657897949
baseline_cssd_lda,44,4,9,0,0,0.005856475653231106,-5.134333588626706,0,0.0058563812635838985,-5.134349822998047
baseline_cssd_lda,44,4,20,0,0,0.0018611082800307547,-6.284720276932105,0,0.0018609955441206694,-6.284780979156494
baseline_cssd_lda,44,4,272,0,0,0.007789847349400612,-4.847113668300129,0,0.007790540345013142,-4.847023963928223
baseline_cssd_lda,44,4,60,1,1,0.9240457292508008,2.4986301024248325,1,0.9240438938140869,2.498603582382202
baseline_cssd_lda,44,4,63,1,1,0.7549964145570414,1.1254401554079778,1,0.7549958825111389,1.1254372596740723
baseline_cssd_lda,44,4,99,0,0,0.4557507729940033,-0.17746117017199992,0,0.45572787523269653,-0.1775534749031067
baseline_cssd_lda,44,4,95,0,0,0.24293684107582758,-1.1366451868571834,0,0.24293743073940277,-1.1366419792175293
baseline_cssd_lda,44,4,220,1,0,0.09448343851454433,-2.2600810017086266,0,0.09448368102312088,-2.260078191757202
baseline_cssd_lda,44,4,132,1,1,0.9033978909568442,2.2355625149309244,1,0.9033985733985901,2.235570192337036
baseline_cssd_lda,44,4,62,0,0,0.11473625257836009,-2.0432495817693717,0,0.11473869532346725,-2.0432255268096924
baseline_cssd_lda,44,4,223,1,1,0.7145084549523847,0.9173824165699409,1,0.7145095467567444,0.9173876643180847
baseline_cssd_lda,44,4,181,1,1,0.992975983248648,4.951371236495415,1,0.9929759502410889,4.951370716094971
baseline_cssd_lda,44,4,266,1,1,0.9902723403853769,4.623006662257808,1,0.9902721047401428,4.622985363006592
baseline_cssd_lda,44,4,274,1,1,0.9732872876715889,3.595539729021131,1,0.9732877016067505,3.5955557823181152
baseline_cssd_lda,44,4,109,0,0,0.2389419144704125,-1.1584891961409205,0,0.23894083499908447,-1.1584951877593994
baseline_cssd_lda,44,4,314,0,0,0.0070132942898781196,-4.952909743796317,0,0.007013887632638216,-4.952824592590332
baseline_cssd_lda,44,4,116,1,0,0.07526034990242199,-2.5085588041386213,0,0.0752636194229126,-2.508511781692505
baseline_cssd_lda,44,4,254,0,0,0.0013227822195740924,-6.626694360586058,0,0.0013227666495367885,-6.626706123352051
baseline_cssd_lda,44,4,160,0,1,0.7009984442528625,0.8520568911618474,1,0.7009962201118469,0.8520461916923523
baseline_cssd_lda,44,4,47,1,0,0.4791609181318903,-0.08340464307901796,0,0.47914355993270874,-0.08347415924072266
baseline_cssd_lda,44,4,76,0,1,0.64275530414625,0.5873431288370909,1,0.6427580118179321,0.5873549580574036
baseline_cssd_lda,44,4,74,0,1,0.7273918425793408,0.9814298746772445,1,0.7273834943771362,0.9813877940177917
baseline_cssd_lda,44,4,232,1,0,0.04533096106597464,-3.047374458054585,0,0.04532977566123009,-3.0474019050598145
baseline_cssd_lda,44,4,71,1,1,0.5297761638201055,0.11924575639815127,1,0.5297775864601135,0.11925148963928223
baseline_cssd_lda,44,4,284,1,1,0.618720954601686,0.48412286105217195,1,0.6187002658843994,0.48403531312942505
baseline_cssd_lda,44,4,308,0,0,0.010241616288779754,-4.571001408627584,0,0.010242093354463577,-4.570954322814941
baseline_cssd_lda,44,4,114,0,0,0.018208309481244585,-3.987501103278622,0,0.01820899173617363,-3.9874629974365234
baseline_cssd_lda,44,4,102,1,1,0.5171564465655899,0.06865273805769057,1,0.5171563029289246,0.06865212321281433
baseline_cssd_lda,44,4,281,0,0,0.2315807052973623,-1.1994071090437333,0,0.23158159852027893,-1.199402093887329
baseline_cssd_lda,44,4,15,1,1,0.6898753371437663,0.7995365555730389,1,0.6898820400238037,0.799567699432373
baseline_cssd_lda,44,4,149,0,0,0.04377715593053888,-3.083878859150304,0,0.043776918202638626,-3.0838844776153564
baseline_cssd_lda,44,4,120,1,0,0.49477193632678046,-0.0209130168593204,0,0.49476924538612366,-0.02092379331588745
baseline_cssd_lda,44,4,178,1,1,0.9839381317921294,4.115114992360881,1,0.9839387536048889,4.115152359008789
baseline_cssd_lda,44,4,282,0,0,0.12516092405468304,-1.9444396544774871,0,0.12516169250011444,-1.9444324970245361
baseline_cssd_lda,44,4,275,0,0,0.47210963400459777,-0.1116773879385724,0,0.4721037745475769,-0.11170095205307007
baseline_cssd_lda,44,4,129,1,1,0.9866078648381453,4.29960505399896,1,0.986607551574707,4.29958438873291
baseline_cssd_lda,44,4,250,1,0,0.05989627389760562,-2.7533759182893585,0,0.05989397317171097,-2.7534167766571045
baseline_cssd_lda,44,4,123,0,0,0.0005354276034567478,-7.531909300511828,0,0.0005354231689125299,-7.531917572021484
baseline_cssd_lda,44,4,177,1,1,0.7719552130412418,1.2193844904531612,1,0.7719563245773315,1.219390869140625
baseline_cssd_lda,44,4,142,1,1,0.7996360895230705,1.384021470526242,1,0.7996351718902588,1.3840155601501465
baseline_cssd_lda,44,4,89,1,1,0.7834517773469327,1.2858962520956871,1,0.783451497554779,1.2858948707580566
baseline_cssd_lda,44,4,61,0,0,0.05360919672775753,-2.870934960926137,0,0.05360793694853783,-2.870959758758545
baseline_cssd_lda,44,4,104,1,0,0.030560167278072377,-3.457020974603174,0,0.030559122562408447,-3.4570562839508057
baseline_cssd_lda,44,4,258,0,0,0.15380150664310488,-1.705091104660705,0,0.1537940502166748,-1.705148458480835
baseline_cssd_lda,44,4,241,1,1,0.8258224710026877,1.556304763599406,1,0.8258209228515625,1.5562939643859863
baseline_cssd_lda,44,4,183,0,0,0.4854795029368851,-0.058098324903022525,0,0.48548877239227295,-0.05806112289428711
baseline_cssd_lda,44,4,217,0,0,0.005756091878761347,-5.151723805802915,0,0.005756055936217308,-5.151730060577393
baseline_cssd_lda,44,4,96,1,1,0.8415516941251349,1.6698190484508453,1,0.8415483832359314,1.6697938442230225
baseline_cssd_lda,44,4,27,0,1,0.6384966505119006,0.5688451225055304,1,0.6384891867637634,0.5688127279281616
baseline_cssd_lda,44,4,136,0,0,0.07115551041035059,-2.569073559983268,0,0.07115711271762848,-2.56904935836792
baseline_cssd_lda,44,4,267,1,1,0.64652578890198,0.603802557813786,1,0.6465300917625427,0.603821337223053
baseline_cssd_lda,44,4,34,1,1,0.9800450722427755,3.8941224444817513,1,0.9800454378128052,3.8941397666931152
baseline_cssd_lda,44,4,117,0,0,7.564244863288638e-05,-9.48941729719257,0,7.5638854468707e-05,-9.48946475982666
baseline_cssd_lda,44,4,265,0,1,0.5741505890698926,0.29880592390183797,1,0.5741494297981262,0.2988011837005615
regularized_cssd,44,4,246,0,0,0.019690747924004385,-3.907719208330996,0,0.019691582769155502,-3.9076759815216064
regularized_cssd,44,4,126,0,0,0.007408998742675786,-4.897623389550207,0,0.007409485522657633,-4.897557258605957
regularized_cssd,44,4,224,1,1,0.5461612344088737,0.1851722401734921,1,0.5461475849151611,0.1851169764995575
regularized_cssd,44,4,311,0,0,0.0023144660157468156,-6.066259132262961,0,0.002314492128789425,-6.066247940063477
regularized_cssd,44,4,100,1,1,0.9596639552281298,3.169337696125962,1,0.9596636295318604,3.169329881668091
regularized_cssd,44,4,91,1,1,0.998773040065202,6.701988053496366,1,0.9987730383872986,6.702029705047607
regularized_cssd,44,4,253,1,1,0.9746972238913301,3.6512127658425566,1,0.9746979475021362,3.65124249458313
regularized_cssd,44,4,111,0,0,0.11335272205381267,-2.0569428546350537,0,0.1133556142449379,-2.0569140911102295
regularized_cssd,44,4,26,0,0,0.058757132581748375,-2.773788650007318,0,0.05875808373093605,-2.7737715244293213
regularized_cssd,44,4,9,0,0,0.004757329263330617,-5.343300165962517,0,0.004757213406264782,-5.343324661254883
regularized_cssd,44,4,20,0,0,0.0007957371694216636,-7.135445561876805,0,0.0007956901099532843,-7.135504722595215
regularized_cssd,44,4,272,0,0,0.005374687842783775,-5.220665598975672,0,0.005375107284635305,-5.220587253570557
regularized_cssd,44,4,60,1,1,0.8788258206376715,1.9813577124048025,1,0.8788231611251831,1.9813328981399536
regularized_cssd,44,4,63,1,1,0.7265090064667915,0.976982189086139,1,0.7265060544013977,0.9769672155380249
regularized_cssd,44,4,99,0,0,0.36883049045753713,-0.5372372997823525,0,0.3688095510005951,-0.537327229976654
regularized_cssd,44,4,95,0,0,0.3388495452975468,-0.668425241065074,0,0.3388517498970032,-0.668415367603302
regularized_cssd,44,4,220,1,0,0.10784878786718038,-2.1129055048311702,0,0.10784860700368881,-2.1129074096679688
regularized_cssd,44,4,132,1,1,0.9083041964501865,2.293102725212485,1,0.9083037972450256,2.293097972869873
regularized_cssd,44,4,62,0,0,0.09898232829564334,-2.2085835387133637,0,0.09898417443037033,-2.2085628509521484
regularized_cssd,44,4,223,1,1,0.7130451465310211,0.9102198391278091,1,0.7130476832389832,0.9102320075035095
regularized_cssd,44,4,181,1,1,0.9956656265915513,5.436834427617541,1,0.9956657290458679,5.436840057373047
regularized_cssd,44,4,266,1,1,0.9930236821467394,4.958233263454973,1,0.9930235147476196,4.9582061767578125
regularized_cssd,44,4,274,1,1,0.9704223654334819,3.4907129182481693,1,0.9704222083091736,3.490708827972412
regularized_cssd,44,4,109,0,0,0.28580765290287874,-0.9158332774888625,0,0.2858094871044159,-0.915824294090271
regularized_cssd,44,4,314,0,0,0.006391510546481741,-5.04637262257484,0,0.00639194855466485,-5.046303749084473
regularized_cssd,44,4,116,1,0,0.05582203393008477,-2.828146007012017,0,0.05582426115870476,-2.82810378074646
regularized_cssd,44,4,254,0,0,0.0015308755325714894,-6.480383415216093,0,0.0015308718429878354,-6.480385780334473
regularized_cssd,44,4,160,0,1,0.5071355497118752,0.028544136759764305,1,0.5071344971656799,0.028539977967739105
regularized_cssd,44,4,47,1,1,0.5048927631510189,0.019571677325298187,1,0.5048759579658508,0.019504420459270477
regularized_cssd,44,4,76,0,1,0.612679161198498,0.4585880173299104,1,0.6126814484596252,0.45859774947166443
regularized_cssd,44,4,74,0,1,0.6794222489954987,0.7511179634190088,1,0.6794138550758362,0.7510793209075928
regularized_cssd,44,4,232,1,0,0.04090299714375456,-3.154788879612311,0,0.0409025177359581,-3.1548011302948
regularized_cssd,44,4,71,1,1,0.5060318732096609,0.02412866339752695,1,0.5060344338417053,0.024138979613780975
regularized_cssd,44,4,284,1,1,0.6042345489827006,0.42314070831863493,1,0.6042124032974243,0.4230482280254364
regularized_cssd,44,4,308,0,0,0.005530075649307632,-5.192008360613389,0,0.005529917776584625,-5.192037105560303
regularized_cssd,44,4,114,0,0,0.014336358756629046,-4.23051628096544,0,0.014336739666759968,-4.230489253997803
regularized_cssd,44,4,102,1,1,0.5882922104789199,0.3569099320749844,1,0.5882862210273743,0.3568851947784424
regularized_cssd,44,4,281,0,0,0.2685188423412808,-1.0021503738261357,0,0.2685187757015228,-1.0021507740020752
regularized_cssd,44,4,15,1,1,0.6869150694244418,0.7857361618631886,1,0.6869192123413086,0.7857553362846375
regularized_cssd,44,4,149,0,0,0.025406717442861736,-3.6470066325591137,0,0.02540660835802555,-3.6470110416412354
regularized_cssd,44,4,120,1,0,0.43355737962678076,-0.2673516363070432,0,0.4335504174232483,-0.26737990975379944
regularized_cssd,44,4,178,1,1,0.9836219109219266,4.095297176627275,1,0.9836223721504211,4.0953288078308105
regularized_cssd,44,4,282,0,0,0.10384804436933441,-2.1551812730901387,0,0.10385040193796158,-2.155155897140503
regularized_cssd,44,4,275,0,0,0.3055333925372755,-0.8210850024519424,0,0.30553096532821655,-0.8210963606834412
regularized_cssd,44,4,129,1,1,0.9878497777193819,4.3981831750245535,1,0.9878495335578918,4.398168087005615
regularized_cssd,44,4,250,1,0,0.06625989456928214,-2.6456133340936763,0,0.06625650078058243,-2.6456682682037354
regularized_cssd,44,4,123,0,0,0.0005146909193460402,-7.571429170658052,0,0.0005146844778209925,-7.571441650390625
regularized_cssd,44,4,177,1,1,0.7421634678188271,1.0572437380190918,1,0.7421646118164062,1.0572497844696045
regularized_cssd,44,4,142,1,1,0.8387411762090651,1.6488914926997,1,0.8387405276298523,1.648886799812317
regularized_cssd,44,4,89,1,1,0.7198636365118972,0.9437853032646851,1,0.71986323595047,0.9437832832336426
regularized_cssd,44,4,61,0,0,0.03671270052664372,-3.267228946692078,0,0.03671162575483322,-3.267259359359741
regularized_cssd,44,4,104,1,0,0.027236008101899897,-3.575601570528521,0,0.02723497897386551,-3.5756404399871826
regularized_cssd,44,4,258,0,0,0.12141004453372974,-1.979144684685217,0,0.12140316516160965,-1.9792091846466064
regularized_cssd,44,4,241,1,1,0.7738115013295696,1.229959589048718,1,0.773809015750885,1.229945421218872
regularized_cssd,44,4,183,0,0,0.2596848387099443,-1.0476072522175672,0,0.25969189405441284,-1.0475707054138184
regularized_cssd,44,4,217,0,0,0.005056290356133698,-5.28205307910762,0,0.005056238267570734,-5.2820634841918945
regularized_cssd,44,4,96,1,1,0.8271666561706706,1.5656783939398182,1,0.8271641731262207,1.5656611919403076
regularized_cssd,44,4,27,0,1,0.73547121924209,1.0225613510838136,1,0.7354673743247986,1.0225416421890259
regularized_cssd,44,4,136,0,0,0.07842163032367502,-2.463988032973461,0,0.07842366397380829,-2.4639599323272705
regularized_cssd,44,4,267,1,1,0.7545556901346309,1.1230590083569176,1,0.7545585036277771,1.1230744123458862
regularized_cssd,44,4,34,1,1,0.9864503811222274,4.287754606469789,1,0.9864505529403687,4.287770748138428
regularized_cssd,44,4,117,0,0,5.8731757104911164e-05,-9.742471237041837,0,5.8728703152155504e-05,-9.742523193359375
regularized_cssd,44,4,265,0,0,0.3692428747491694,-0.5354662592551285,0,0.36923378705978394,-0.5355052947998047
shrinkage_lda,44,4,246,0,0,0.10370553570822787,-2.15671350640553,0,0.10370657593011856,-2.1567022800445557
shrinkage_lda,44,4,126,0,0,0.08907549182258419,-2.3249757939219178,0,0.0890759751200676,-2.32496976852417
shrinkage_lda,44,4,224,1,1,0.7838126374655998,1.2880245581306364,1,0.7838115692138672,1.2880183458328247
shrinkage_lda,44,4,311,0,0,0.015465115860816269,-4.15358243289031,0,0.0154652651399374,-4.1535725593566895
shrinkage_lda,44,4,100,1,1,0.980952403480723,3.9415830133741347,1,0.9809524416923523,3.9415831565856934
shrinkage_lda,44,4,91,1,1,0.9968022568201992,5.742107107412646,1,0.9968023300170898,5.742125511169434
shrinkage_lda,44,4,253,1,1,0.9242717442833558,2.501854774012636,1,0.9242721199989319,2.5018601417541504
shrinkage_lda,44,4,111,0,0,0.11462871127050697,-2.0443087847664367,0,0.11462781578302383,-2.0443177223205566
shrinkage_lda,44,4,26,0,0,0.022355959775951915,-3.7780526945765,0,0.022355956956744194,-3.778052806854248
shrinkage_lda,44,4,9,0,0,0.00955044669868985,-4.6415710061721365,0,0.009550504386425018,-4.641564846038818
shrinkage_lda,44,4,20,0,0,0.00886139129021141,-4.717150609279991,0,0.008861318230628967,-4.717158794403076
shrinkage_lda,44,4,272,0,0,0.014776775003941449,-4.199811548151138,0,0.014776879921555519,-4.199804306030273
shrinkage_lda,44,4,60,1,1,0.8934574918643327,2.12655471567028,1,0.8934568166732788,2.1265475749969482
shrinkage_lda,44,4,63,1,1,0.5369281474438682,0.1479820507618882,1,0.5369293689727783,0.1479870229959488
shrinkage_lda,44,4,99,0,1,0.8274675286725603,1.5677844078705183,1,0.8274641633033752,1.567760944366455
shrinkage_lda,44,4,95,0,0,0.28838996896035785,-0.9032164290354643,0,0.2883891761302948,-0.9032203555107117
shrinkage_lda,44,4,220,1,0,0.20963971450286237,-1.3270984870014568,0,0.20963747799396515,-1.3271119594573975
shrinkage_lda,44,4,132,1,1,0.7494428116664466,1.0956428214422014,1,0.7494423985481262,1.0956408977508545
shrinkage_lda,44,4,62,0,0,0.11885424152693695,-2.0033251776344905,0,0.11885493993759155,-2.0033185482025146
shrinkage_lda,44,4,223,1,1,0.6753671641260747,0.7325616819158035,1,0.675367534160614,0.7325635552406311
shrinkage_lda,44,4,181,1,1,0.9940968664668005,5.1263513358363095,1,0.9940968751907349,5.126345157623291
shrinkage_lda,44,4,266,1,1,0.9947806020644221,5.250140155176328,1,0.9947806000709534,5.2501444816589355
shrinkage_lda,44,4,274,1,1,0.9935158206806115,5.031884726888156,1,0.9935157299041748,5.0318708419799805
shrinkage_lda,44,4,109,0,0,0.32218024889481656,-0.7437702306649003,0,0.32218024134635925,-0.7437702417373657
shrinkage_lda,44,4,314,0,0,0.01924568206068778,-3.931035260733915,0,0.01924576237797737,-3.9310309886932373
shrinkage_lda,44,4,116,1,0,0.40167644167961364,-0.39848478195948106,0,0.4016800820827484,-0.39846962690353394
shrinkage_lda,44,4,254,0,0,0.0010260314311766995,-6.8810303398658945,0,0.0010260322596877813,-6.8810296058654785
shrinkage_lda,44,4,160,0,1,0.6205015604453008,0.4916776344787732,1,0.6205047965049744,0.4916912317276001
shrinkage_lda,44,4,47,1,0,0.3816359936222266,-0.48261003310947426,0,0.38163378834724426,-0.48261940479278564
shrinkage_lda,44,4,76,0,1,0.5996987380670993,0.4042100074371524,1,0.5996976494789124,0.4042055606842041
shrinkage_lda,44,4,74,0,1,0.7745407769302682,1.2341309942000742,1,0.7745391726493835,1.2341219186782837
shrinkage_lda,44,4,232,1,0,0.2241039622913302,-1.2419084776253606,0,0.22410288453102112,-1.2419146299362183
shrinkage_lda,44,4,71,1,0,0.3208977320959464,-0.7496492509196957,0,0.32089653611183167,-0.7496547698974609
shrinkage_lda,44,4,284,1,1,0.9324468366041827,2.624897244464513,1,0.9324455857276917,2.6248779296875
shrinkage_lda,44,4,308,0,0,0.004671730089263421,-5.361543130388187,0,0.004671865608543158,-5.361514091491699
shrinkage_lda,44,4,114,0,0,0.05988697165867787,-2.753541131011809,0,0.05988681688904762,-2.7535438537597656
shrinkage_lda,44,4,102,1,0,0.4464956070701929,-0.21484012707685346,0,0.44649821519851685,-0.2148294895887375
shrinkage_lda,44,4,281,0,0,0.13016566629917295,-1.899494777182253,0,0.13016657531261444,-1.8994866609573364
shrinkage_lda,44,4,15,1,1,0.6146482323919003,0.46689352507973814,1,0.6146498918533325,0.4669005870819092
shrinkage_lda,44,4,149,0,0,0.19431689580847367,-1.4222001842874095,0,0.19431649148464203,-1.4222028255462646
shrinkage_lda,44,4,120,1,1,0.5287637399117388,0.11518213364576024,1,0.5287600755691528,0.11516724526882172
shrinkage_lda,44,4,178,1,1,0.9888275036174528,4.483064823420137,1,0.9888274669647217,4.483064651489258
shrinkage_lda,44,4,282,0,0,0.2422952067820204,-1.1401370094632997,0,0.2422916144132614,-1.140156626701355
shrinkage_lda,44,4,275,0,1,0.5534954189994625,0.21480381562714834,1,0.5534964799880981,0.21480821073055267
shrinkage_lda,44,4,129,1,1,0.992498395408939,4.885108452709605,1,0.9924984574317932,4.885120391845703
shrinkage_lda,44,4,250,1,0,0.11124668435869904,-2.07806959470497,0,0.11124571412801743,-2.0780794620513916
shrinkage_lda,44,4,123,0,0,0.0002714091994694235,-8.211611468750238,0,0.0002714088768698275,-8.211612701416016
shrinkage_lda,44,4,177,1,0,0.3921219621528872,-0.4384013468567332,0,0.392127126455307,-0.43837970495224
shrinkage_lda,44,4,142,1,1,0.5710913644980191,0.2863052793449068,1,0.5710932016372681,0.28631287813186646
shrinkage_lda,44,4,89,1,1,0.737012169534445,1.0304966451983213,1,0.7370110154151917,1.0304909944534302
shrinkage_lda,44,4,61,0,0,0.08314136722161881,-2.400410919143458,0,0.0831412523984909,-2.4004123210906982
shrinkage_lda,44,4,104,1,0,0.27697253405688405,-0.9595288640516673,0,0.2769704759120941,-0.9595392942428589
shrinkage_lda,44,4,258,0,0,0.02721382361428819,-3.5764392356662413,0,0.027213694527745247,-3.576444149017334
shrinkage_lda,44,4,241,1,1,0.7705555518009479,1.2114508061172935,1,0.7705561518669128,1.2114543914794922
shrinkage_lda,44,4,183,0,1,0.5370689430571617,0.14854833394173983,1,0.5370699167251587,0.14855216443538666
shrinkage_lda,44,4,217,0,0,0.00787850470338589,-4.835707447472997,0,0.007878491654992104,-4.835709095001221
shrinkage_lda,44,4,96,1,1,0.774304278793135,1.2327771956265732,1,0.7743018269538879,1.232763409614563
shrinkage_lda,44,4,27,0,1,0.5091722081161029,0.036692948774936784,1,0.5091725587844849,0.03669451177120209
shrinkage_lda,44,4,136,0,0,0.03170948056007484,-3.4189164581708487,0,0.03170998394489288,-3.4189000129699707
shrinkage_lda,44,4,267,1,0,0.34436573413682364,-0.6438988386936804,0,0.34436503052711487,-0.6439019441604614
shrinkage_lda,44,4,34,1,1,0.9331540032172622,2.6361788314482,1,0.9331541657447815,2.6361820697784424
shrinkage_lda,44,4,117,0,0,1.558853420440474e-05,-11.068959312185498,0,1.558840085635893e-05,-11.068967819213867
shrinkage_lda,44,4,265,0,1,0.6144028501160762,0.4658576493542953,1,0.6144041419029236,0.4658631682395935
regularized_cssd_shrinkage_lda,44,4,246,0,0,0.0803598439905298,-2.4374678601949227,0,0.08035995811223984,-2.4374663829803467
regularized_cssd_shrinkage_lda,44,4,126,0,0,0.1045111997360455,-2.1480754745682717,0,0.10451094061136246,-2.148078203201294
regularized_cssd_shrinkage_lda,44,4,224,1,1,0.8155206083730273,1.4862889338424061,1,0.8155195116996765,1.4862812757492065
regularized_cssd_shrinkage_lda,44,4,311,0,0,0.009179970153009098,-4.681508959922604,0,0.009180013090372086,-4.681504249572754
regularized_cssd_shrinkage_lda,44,4,100,1,1,0.9795982014795593,3.871519429371249,1,0.979598343372345,3.8715274333953857
regularized_cssd_shrinkage_lda,44,4,91,1,1,0.9989299934676739,6.839019946151363,1,0.998930037021637,6.839028358459473
regularized_cssd_shrinkage_lda,44,4,253,1,1,0.9505442776981434,2.955956974109802,1,0.9505444765090942,2.955961227416992
regularized_cssd_shrinkage_lda,44,4,111,0,0,0.14823043202068767,-1.7485479940793187,0,0.14822860062122345,-1.7485625743865967
regularized_cssd_shrinkage_lda,44,4,26,0,0,0.018531013834249533,-3.9696046628846426,0,0.018531126901507378,-3.9695985317230225
regularized_cssd_shrinkage_lda,44,4,9,0,0,0.011646203600252043,-4.441060471488552,0,0.01164612639695406,-4.441067218780518
regularized_cssd_shrinkage_lda,44,4,20,0,0,0.0015998632644349472,-6.4362359687041595,0,0.001599848154000938,-6.436245441436768
regularized_cssd_shrinkage_lda,44,4,272,0,0,0.008315571158114715,-4.781275140210605,0,0.008315700106322765,-4.781259536743164
regularized_cssd_shrinkage_lda,44,4,60,1,1,0.8425212675941703,1.6771084885390621,1,0.8425203561782837,1.6771016120910645
regularized_cssd_shrinkage_lda,44,4,63,1,0,0.43883283923394256,-0.24590026608961024,0,0.4388348460197449,-0.24589216709136963
regularized_cssd_shrinkage_lda,44,4,99,0,1,0.7441106851519059,1.0674448070246236,1,0.7441034913063049,1.0674068927764893
regularized_cssd_shrinkage_lda,44,4,95,0,0,0.39430550267466735,-0.42924973278745937,0,0.3943033814430237,-0.4292585551738739
regularized_cssd_shrinkage_lda,44,4,220,1,0,0.23148614333998463,-1.1999385778513056,0,0.23148368299007416,-1.199952483177185
regularized_cssd_shrinkage_lda,44,4,132,1,1,0.7278144546682423,0.9835621600595132,1,0.7278148531913757,0.9835644364356995
regularized_cssd_shrinkage_lda,44,4,62,0,0,0.12225521603953808,-1.9712450780844484,0,0.12225610017776489,-1.9712368249893188
regularized_cssd_shrinkage_lda,44,4,223,1,1,0.797680285002416,1.3718586781204045,1,0.7976803779602051,1.371859073638916
regularized_cssd_shrinkage_lda,44,4,181,1,1,0.996248769429535,5.581913056624974,1,0.9962487816810608,5.581920146942139
regularized_cssd_shrinkage_lda,44,4,266,1,1,0.9963713595838547,5.615262001968763,1,0.9963713884353638,5.615257263183594
regularized_cssd_shrinkage_lda,44,4,274,1,1,0.99164443711919,4.77643708239811,1,0.9916443228721619,4.776427268981934
regularized_cssd_shrinkage_lda,44,4,109,0,0,0.37272032995540066,-0.5205641331411509,0,0.3727189004421234,-0.5205701589584351
regularized_cssd_shrinkage_lda,44,4,314,0,0,0.009447546880668052,-4.65250770248053,0,0.009447670541703701,-4.652494430541992
regularized_cssd_shrinkage_lda,44,4,116,1,0,0.26206588124767793,-1.0352586233370071,0,0.2620684504508972,-1.035245418548584
regularized_cssd_shrinkage_lda,44,4,254,0,0,0.000892085263890514,-7.021056359222484,0,0.0008920883992686868,-7.021052837371826
regularized_cssd_shrinkage_lda,44,4,160,0,0,0.3802940547365946,-0.4883003019748031,0,0.3802960515022278,-0.4882918894290924
regularized_cssd_shrinkage_lda,44,4,47,1,0,0.4485062526733527,-0.2067078783505975,0,0.4485052227973938,-0.206712007522583
regularized_cssd_shrinkage_lda,44,4,76,0,1,0.6166566168037025,0.4753811828170398,1,0.6166543364524841,0.4753715693950653
regularized_cssd_shrinkage_lda,44,4,74,0,1,0.6953620720860203,0.8253087271119137,1,0.695359468460083,0.8252963423728943
regularized_cssd_shrinkage_lda,44,4,232,1,0,0.2610363402301821,-1.0405891126385287,0,0.2610355615615845,-1.040593147277832
regularized_cssd_shrinkage_lda,44,4,71,1,0,0.25000480438608613,-1.0985866654397873,0,0.2500043213367462,-1.0985890626907349
regularized_cssd_shrinkage_lda,44,4,284,1,1,0.9241535141138287,2.5001668237165844,1,0.9241518974304199,2.50014328956604
regularized_cssd_shrinkage_lda,44,4,308,0,0,0.0023542107874617337,-6.0491927434780175,0,0.0023542921990156174,-6.049158096313477
regularized_cssd_shrinkage_lda,44,4,114,0,0,0.03816747691844104,-3.2268565796740702,0,0.0381668359041214,-3.2268741130828857
regularized_cssd_shrinkage_lda,44,4,102,1,0,0.39479765024120755,-0.42718950875036105,0,0.3947955071926117,-0.4271985590457916
regularized_cssd_shrinkage_lda,44,4,281,0,0,0.10182559860981767,-2.177102728020819,0,0.1018267273902893,-2.1770904064178467
regularized_cssd_shrinkage_lda,44,4,15,1,1,0.666842503349184,0.6939385500364064,1,0.6668437719345093,0.6939443945884705
regularized_cssd_shrinkage_lda,44,4,149,0,0,0.15504805758222617,-1.6955446350798744,0,0.1550481617450714,-1.695543885231018
regularized_cssd_shrinkage_lda,44,4,120,1,0,0.32553425109619233,-0.7284532121642155,0,0.32553359866142273,-0.7284561991691589
regularized_cssd_shrinkage_lda,44,4,178,1,1,0.987398457710385,4.361254453448715,1,0.9873987436294556,4.361275672912598
regularized_cssd_shrinkage_lda,44,4,282,0,0,0.1361101915939858,-1.847980434119697,0,0.136107936501503,-1.8479995727539062
regularized_cssd_shrinkage_lda,44,4,275,0,0,0.48443833913391865,-0.0622667537888717,0,0.4844401478767395,-0.06225947290658951
regularized_cssd_shrinkage_lda,44,4,129,1,1,0.9917476903490822,4.788975611674927,1,0.9917476177215576,4.788967132568359
regularized_cssd_shrinkage_lda,44,4,250,1,0,0.17620775662017127,-1.5422546320842698,0,0.17620541155338287,-1.5422707796096802
regularized_cssd_shrinkage_lda,44,4,123,0,0,0.00013319382154156084,-8.923571983064285,0,0.00013319324352778494,-8.923576354980469
regularized_cssd_shrinkage_lda,44,4,177,1,0,0.34922125569887263,-0.6224640221224087,0,0.3492238521575928,-0.6224527359008789
regularized_cssd_shrinkage_lda,44,4,142,1,1,0.6260964143619564,0.5155064040247049,1,0.6260976791381836,0.5155118703842163
regularized_cssd_shrinkage_lda,44,4,89,1,1,0.6319294452776637,0.5405031061150327,1,0.6319283246994019,0.5404980778694153
regularized_cssd_shrinkage_lda,44,4,61,0,0,0.08087782373486022,-2.4304793912960876,0,0.08087757974863052,-2.4304826259613037
regularized_cssd_shrinkage_lda,44,4,104,1,0,0.17556890336969325,-1.5466619909758883,0,0.17556899785995483,-1.546661376953125
regularized_cssd_shrinkage_lda,44,4,258,0,0,0.016452760201856917,-4.090672412445622,0,0.016452712938189507,-4.090675354003906
regularized_cssd_shrinkage_lda,44,4,241,1,1,0.6789702261494852,0.7490434047812666,1,0.678970992565155,0.749047040939331
regularized_cssd_shrinkage_lda,44,4,183,0,0,0.3290826463553119,-0.7123370365047352,0,0.3290836215019226,-0.7123326659202576
regularized_cssd_shrinkage_lda,44,4,217,0,0,0.0051971494475086585,-5.254434285269348,0,0.0051971361972391605,-5.25443696975708
regularized_cssd_shrinkage_lda,44,4,96,1,1,0.7560005738146295,1.1308762616021695,1,0.7559996843338013,1.1308715343475342
regularized_cssd_shrinkage_lda,44,4,27,0,1,0.6178559846120906,0.48045785450080714,1,0.6178542375564575,0.4804503619670868
regularized_cssd_shrinkage_lda,44,4,136,0,0,0.02674136540668445,-3.5944382256688856,0,0.026741718873381615,-3.5944247245788574
regularized_cssd_shrinkage_lda,44,4,267,1,0,0.4414073069942612,-0.23545252470070133,0,0.44140732288360596,-0.23545238375663757
regularized_cssd_shrinkage_lda,44,4,34,1,1,0.9502564319987864,2.9498507077516143,1,0.9502566456794739,2.9498541355133057
regularized_cssd_shrinkage_lda,44,4,117,0,0,8.886010436463537e-06,-11.631023492917475,0,8.885875104169827e-06,-11.631038665771484
regularized_cssd_shrinkage_lda,44,4,265,0,0,0.42168177287699976,-0.31587334626674257,0,0.4216829240322113,-0.3158685863018036
toeplitz_lda,44,4,246,0,0,0.1628246738992723,-1.6373595165458772,0,0.16282737255096436,-1.63733971118927
toeplitz_lda,44,4,126,0,0,0.08516282778262613,-2.3741810505786978,0,0.08516433835029602,-2.374161720275879
toeplitz_lda,44,4,224,1,1,0.7099255785027094,0.8950226296207318,1,0.7099244594573975,0.8950173854827881
toeplitz_lda,44,4,311,0,0,0.004533736789608637,-5.391664735816953,0,0.004533796105533838,-5.391651630401611
toeplitz_lda,44,4,100,1,1,0.9758824572278298,3.700402654440189,1,0.9758825302124023,3.7004053592681885
toeplitz_lda,44,4,91,1,1,0.9918515245942663,4.801742580322294,1,0.9918517470359802,4.801771640777588
toeplitz_lda,44,4,253,1,1,0.923705765393192,2.493796211938197,1,0.923706591129303,2.4938082695007324
toeplitz_lda,44,4,111,0,0,0.10634296511350833,-2.1286526806685604,0,0.10634295642375946,-2.128652811050415
toeplitz_lda,44,4,26,0,0,0.06305936189345587,-2.698543392062573,0,0.06305942684412003,-2.698542356491089
toeplitz_lda,44,4,9,0,0,0.006150226880051851,-5.085097089349274,0,0.006150237284600735,-5.085095405578613
toeplitz_lda,44,4,20,0,0,0.0037171729641924875,-5.591067756652144,0,0.0037171056028455496,-5.591085910797119
toeplitz_lda,44,4,272,0,0,0.01189417588553114,-4.419740942511854,0,0.011894363909959793,-4.419724941253662
toeplitz_lda,44,4,60,1,1,0.9694910395215748,3.458750805624728,1,0.969490647315979,3.4587390422821045
toeplitz_lda,44,4,63,1,1,0.5980989642452531,0.3975503537099908,1,0.5980997085571289,0.39755338430404663
toeplitz_lda,44,4,99,0,1,0.6770808275666372,0.7403886048154513,1,0.6770724654197693,0.7403503656387329
toeplitz_lda,44,4,95,0,0,0.1528126841986761,-1.7127089372106452,0,0.15281212329864502,-1.712713360786438
toeplitz_lda,44,4,220,1,0,0.13205782499185276,-1.8828851990043791,0,0.13205596804618835,-1.8829014301300049
toeplitz_lda,44,4,132,1,1,0.9096558414791134,2.3094399707434827,1,0.9096552729606628,2.3094325065612793
toeplitz_lda,44,4,62,0,0,0.09580807653963302,-2.2446946548890563,0,0.09580904245376587,-2.2446835041046143
toeplitz_lda,44,4,223,1,1,0.6418410985527241,0.5833640162960109,1,0.6418427228927612,0.5833711624145508
toeplitz_lda,44,4,181,1,1,0.9924424210941537,4.8776181085166925,1,0.9924424886703491,4.877624034881592
toeplitz_lda,44,4,266,1,1,0.9919465691280035,4.81357104815403,1,0.9919465184211731,4.813568592071533
toeplitz_lda,44,4,274,1,1,0.9797270225036676,3.8779851429431536,1,0.9797266721725464,3.8779678344726562
toeplitz_lda,44,4,109,0,0,0.21190385225824124,-1.3134874526016445,0,0.21190392971038818,-1.313486933708191
toeplitz_lda,44,4,314,0,0,0.02374979655406609,-3.716144945249822,0,0.023750053718686104,-3.7161338329315186
toeplitz_lda,44,4,116,1,0,0.27444342241594827,-0.9721939252599465,0,0.27444949746131897,-0.9721634387969971
toeplitz_lda,44,4,254,0,0,0.0007746681329720144,-7.162300867497974,0,0.0007746680057607591,-7.162301063537598
toeplitz_lda,44,4,160,0,1,0.5958062363732646,0.38802113152933315,1,0.5958097577095032,0.3880356550216675
toeplitz_lda,44,4,47,1,0,0.41796847653036406,-0.33111859562002127,0,0.4179621636867523,-0.33114463090896606
toeplitz_lda,44,4,76,0,1,0.6841592142627237,0.7729524159138854,1,0.6841583847999573,0.7729485034942627
toeplitz_lda,44,4,74,0,1,0.8427863475389834,1.6791077589250398,1,0.8427844047546387,1.6790928840637207
toeplitz_lda,44,4,232,1,0,0.19766163501076411,-1.4009737656258385,0,0.19765952229499817,-1.400987148284912
toeplitz_lda,44,4,71,1,0,0.3544906543711151,-0.5993577055269083,0,0.3544897735118866,-0.5993615388870239
toeplitz_lda,44,4,284,1,1,0.9354462882562914,2.6735261115753546,1,0.9354444146156311,2.673494338989258
toeplitz_lda,44,4,308,0,0,0.003722639032957615,-5.589592859455019,0,0.0037227978464215994,-5.589550018310547
toeplitz_lda,44,4,114,0,0,0.05085651683158436,-2.926551709017391,0,0.05085643380880356,-2.92655348777771
toeplitz_lda,44,4,102,1,0,0.429530409116993,-0.28376732518834974,0,0.42953231930732727,-0.2837594151496887
toeplitz_lda,44,4,281,0,0,0.33779981942297654,-0.6731144279999886,0,0.3378034830093384,-0.6730979681015015
toeplitz_lda,44,4,15,1,1,0.7959727269756157,1.3613112464596269,1,0.7959749698638916,1.3613247871398926
toeplitz_lda,44,4,149,0,0,0.17235781252248145,-1.5690082989201126,0,0.17235717177391052,-1.5690128803253174
toeplitz_lda,44,4,120,1,1,0.723934103218628,0.9640607769159194,1,0.7239318490028381,0.9640493392944336
toeplitz_lda,44,4,178,1,1,0.9982013730977013,6.318931490866813,1,0.9982013702392578,6.318935394287109
toeplitz_lda,44,4,282,0,0,0.26114267576475364,-1.0400379279176368,0,0.2611376643180847,-1.0400638580322266
toeplitz_lda,44,4,275,0,1,0.7061830672337946,0.8769176101826903,1,0.7061835527420044,0.8769198656082153
toeplitz_lda,44,4,129,1,1,0.9938004705198226,5.077063053746107,1,0.9938005805015564,5.077084064483643
toeplitz_lda,44,4,250,1,0,0.07485778094425903,-2.514357416730657,0,0.07485611736774445,-2.5143814086914062
toeplitz_lda,44,4,123,0,0,0.00023050013479727693,-8.375028584019901,0,0.00023050101299304515,-8.375024795532227
toeplitz_lda,44,4,177,1,1,0.5734722913210623,0.2960322879404589,1,0.573478102684021,0.2960559129714966
toeplitz_lda,44,4,142,1,1,0.7392280027224618,1.0419599501952233,1,0.7392284274101257,1.0419620275497437
toeplitz_lda,44,4,89,1,1,0.7724677820913678,1.2222984563265487,1,0.7724666595458984,1.2222920656204224
toeplitz_lda,44,4,61,0,0,0.05007205428255259,-2.9429230813930984,0,0.0500718429684639,-2.942927598953247
toeplitz_lda,44,4,104,1,0,0.13953453270799104,-1.8191613669459377,0,0.13953249156475067,-1.8191783428192139
toeplitz_lda,44,4,258,0,0,0.08675020029415836,-2.3539767186645015,0,0.08674924820661545,-2.3539886474609375
toeplitz_lda,44,4,241,1,1,0.7347888152965768,1.0190566997791592,1,0.7347894310951233,1.0190597772598267
toeplitz_lda,44,4,183,0,1,0.6000373457488365,0.4056207178166976,1,0.6000400185585022,0.4056318402290344
toeplitz_lda,44,4,217,0,0,0.010032199489945983,-4.59187254880808,0,0.010032112710177898,-4.591881275177002
toeplitz_lda,44,4,96,1,1,0.8197297478659682,1.5145175845034395,1,0.8197259902954102,1.5144922733306885
toeplitz_lda,44,4,27,0,1,0.5245301314265939,0.09819936199374357,1,0.5245300531387329,0.09819911420345306
toeplitz_lda,44,4,136,0,0,0.1363671843713104,-1.8457965638860183,0,0.13636983931064606,-1.8457739353179932
toeplitz_lda,44,4,267,1,0,0.333607215632778,-0.6919149631683992,0,0.3336062431335449,-0.691919207572937
toeplitz_lda,44,4,34,1,1,0.9589313635923589,3.1505747757584044,1,0.9589316844940186,3.1505842208862305
toeplitz_lda,44,4,117,0,0,1.808160837267229e-05,-10.920597166519482,0,1.8081263988278806e-05,-10.920616149902344
toeplitz_lda,44,4,265,0,1,0.6986174193178588,0.840722776833004,1,0.6986179947853088,0.8407254219055176
baseline_cssd_lda,44,5,90,1,1,0.9428389112165045,2.803022041306666,1,0.9428370594978333,2.802988290786743
baseline_cssd_lda,44,5,240,0,0,0.23494751073808787,-1.1805823142524152,0,0.23496060073375702,-1.1805094480514526
baseline_cssd_lda,44,5,94,0,1,0.5844284403391118,0.34097951968670565,1,0.5844409465789795,0.34103086590766907
baseline_cssd_lda,44,5,38,0,0,0.3947223508558179,-0.42750466844376644,0,0.3947170376777649,-0.42752692103385925
baseline_cssd_lda,44,5,190,0,0,0.3066783271389664,-0.815694661965588,0,0.3066726624965668,-0.8157212734222412
baseline_cssd_lda,44,5,16,1,1,0.7903597449041787,1.3270952243453198,1,0.7903581857681274,1.3270856142044067
baseline_cssd_lda,44,5,83,1,1,0.956412309268717,3.0884143181028865,1,0.9564133882522583,3.0884411334991455
baseline_cssd_lda,44,5,243,0,1,0.8272001374494287,1.565912608971715,1,0.8271991014480591,1.5659053325653076
baseline_cssd_lda,44,5,157,0,0,0.2213022974491739,-1.2580932836055958,0,0.22129899263381958,-1.2581124305725098
baseline_cssd_lda,44,5,228,0,0,0.1959986341304943,-1.4114932775359244,0,0.19600681960582733,-1.411441445350647
baseline_cssd_lda,44,5,36,1,1,0.8967366119942065,2.1614792974760446,1,0.8967370986938477,2.161484479904175
baseline_cssd_lda,44,5,196,0,1,0.51677647775728,0.06713111068315808,1,0.5167763829231262,0.06713080406188965
baseline_cssd_lda,44,5,67,0,0,0.4444763420400396,-0.22301436697902025,0,0.4444693326950073,-0.22304271161556244
baseline_cssd_lda,44,5,188,1,1,0.9264023612194638,2.5326957121935063,1,0.9264017939567566,2.5326874256134033
baseline_cssd_lda,44,5,206,1,1,0.7582325111968053,1.1430136073774455,1,0.758223831653595,1.1429661512374878
baseline_cssd_lda,44,5,304,1,1,0.9978187067026736,6.1256536466505835,1,0.9978187084197998,6.125654220581055
baseline_cssd_lda,44,5,290,0,0,0.06051712099259672,-2.742403278556808,0,0.06051594018936157,-2.7424240112304688
baseline_cssd_lda,44,5,141,1,1,0.9963945389007359,5.621693634502655,1,0.9963945746421814,5.621699810028076
baseline_cssd_lda,44,5,18,0,0,0.020828741887402934,-3.850372704529307,0,0.020828399807214737,-3.8503894805908203
baseline_cssd_lda,44,5,49,1,1,0.9324455553277037,2.6248769036067703,1,0.9324448108673096,2.624864101409912
baseline_cssd_lda,44,5,231,0,0,0.02739017901066513,-3.5697984767092237,0,0.027392039075493813,-3.5697286128997803
baseline_cssd_lda,44,5,35,1,1,0.996669223822015,5.701213580107092,1,0.9966692328453064,5.701198101043701
baseline_cssd_lda,44,5,29,0,0,0.0032577414246018174,-5.723458078832639,0,0.0032577391248196363,-5.723458766937256
baseline_cssd_lda,44,5,13,0,0,0.09552356716056681,-2.2479832554464227,0,0.09552552551031113,-2.2479605674743652
baseline_cssd_lda,44,5,1,1,1,0.9440670619791662,2.8260437660799553,1,0.9440664052963257,2.8260326385498047
baseline_cssd_lda,44,5,45,0,0,0.22500569221326866,-1.2367299839250083,0,0.22500203549861908,-1.2367509603500366
baseline_cssd_lda,44,5,42,0,1,0.6271469099529621,0.5199963377358923,1,0.6271582245826721,0.5200446844100952
baseline_cssd_lda,44,5,88,1,1,0.9703626588690084,3.4886347857742495,1,0.9703626036643982,3.4886314868927
baseline_cssd_lda,44,5,8,0,1,0.710616345990606,0.8983793561477917,1,0.7106200456619263,0.8983974456787109
baseline_cssd_lda,44,5,255,1,1,0.97477070430529,3.6541964213950404,1,0.9747734665870667,3.6543080806732178
baseline_cssd_lda,44,5,264,1,1,0.9093952532541643,2.306273217716903,1,0.9093964099884033,2.3062872886657715
baseline_cssd_lda,44,5,14,1,1,0.9604249348938644,3.18917657614126,1,0.9604228734970093,3.1891210079193115
baseline_cssd_lda,44,5,257,0,0,0.013121026948792032,-4.320331356904123,0,0.01312081329524517,-4.320347785949707
baseline_cssd_lda,44,5,46,1,1,0.8149320285915036,1.4823815386440358,1,0.8149356245994568,1.482405424118042
baseline_cssd_lda,44,5,237,1,1,0.9428625453779312,2.803460659419784,1,0.9428625702857971,2.803462028503418
baseline_cssd_lda,44,5,108,1,1,0.9781100050466223,3.799592462317137,1,0.9781090021133423,3.799546241760254
baseline_cssd_lda,44,5,302,1,1,0.9956145577446892,5.4250697153306415,1,0.9956144094467163,5.425041198730469
baseline_cssd_lda,44,5,288,1,1,0.8288330167062766,1.577379116955194,1,0.8288329243659973,1.5773786306381226
baseline_cssd_lda,44,5,64,0,0,0.25101493440895317,-1.0932066071886395,0,0.2510133385658264,-1.093214988708496
baseline_cssd_lda,44,5,276,0,0,0.11821805621133902,-2.009413943045435,0,0.11821606010198593,-2.0094330310821533
baseline_cssd_lda,44,5,301,1,0,0.3533852684090915,-0.6041917744911864,0,0.35339248180389404,-0.6041601896286011
baseline_cssd_lda,44,5,21,0,0,0.002750844472914978,-5.893092698384804,0,0.002750805579125881,-5.893106937408447
baseline_cssd_lda,44,5,31,0,0,0.0455233710935916,-3.042937313204969,0,0.04552373290061951,-3.04292893409729
baseline_cssd_lda,44,5,248,1,1,0.9973553005117751,5.932549632280216,1,0.9973553419113159,5.932548999786377
baseline_cssd_lda,44,5,112,1,1,0.9960280561922213,5.524519827057618,1,0.9960280656814575,5.524510860443115
baseline_cssd_lda,44,5,180,0,0,0.043200642531552765,-3.0977383430989374,0,0.04320155456662178,-3.0977163314819336
baseline_cssd_lda,44,5,219,1,1,0.8595513166266309,1.8115683490868328,1,0.8595474362373352,1.8115359544754028
baseline_cssd_lda,44,5,297,1,1,0.9544265415424659,3.04178518436731,1,0.9544272422790527,3.0418007373809814
baseline_cssd_lda,44,5,185,0,0,0.00662625579665703,-5.010067063966211,0,0.006625954993069172,-5.010112762451172
baseline_cssd_lda,44,5,146,1,1,0.8564285625761205,1.7859381749731047,1,0.8564344644546509,1.785986304283142
baseline_cssd_lda,44,5,236,1,1,0.8289930701096523,1.5785077144073216,1,0.8289938569068909,1.578513503074646
baseline_cssd_lda,44,5,211,1,1,0.7068912039139676,0.8803329121210539,1,0.706885039806366,0.8803030252456665
baseline_cssd_lda,44,5,173,1,1,0.9289584737641106,2.5707994552542726,1,0.9289579391479492,2.5707907676696777
baseline_cssd_lda,44,5,156,0,0,0.1012135996122593,-2.183812277996883,0,0.10120700299739838,-2.183884859085083
baseline_cssd_lda,44,5,229,0,0,0.018531032509083733,-3.9696036360966556,0,0.018531519919633865,-3.969576835632324
baseline_cssd_lda,44,5,43,0,1,0.9024960402533749,2.2252713127015014,1,0.9024984836578369,2.22529935836792
baseline_cssd_lda,44,5,148,0,1,0.7556096965497261,1.1287584168655669,1,0.7556136846542358,1.1287802457809448
baseline_cssd_lda,44,5,70,0,0,0.05780390737990212,-2.791157044054298,0,0.057801757007837296,-2.791196584701538
baseline_cssd_lda,44,5,41,1,1,0.5394561685086265,0.1581535031851662,1,0.5394685864448547,0.15820357203483582
baseline_cssd_lda,44,5,235,0,0,0.0035868446132607543,-5.6268891080206185,0,0.0035869223065674305,-5.626867294311523
baseline_cssd_lda,44,5,5,1,1,0.990559203145377,4.653229246161116,1,0.9905585050582886,4.653159141540527
baseline_cssd_lda,44,5,159,0,0,0.304596571302214,-0.8255039660988563,0,0.3045975863933563,-0.8254992961883545
regularized_cssd,44,5,90,1,1,0.9417826763492213,2.7835915757713376,1,0.9417809844017029,2.7835605144500732
regularized_cssd,44,5,240,0,0,0.15606799158753182,-1.6877801767907643,0,0.15607713162899017,-1.6877107620239258
regularized_cssd,44,5,94,0,1,0.5284206421668519,0.11380524009583004,1,0.5284311771392822,0.11384755373001099
regularized_cssd,44,5,38,0,0,0.3975147680886569,-0.4158310678853877,0,0.3975125849246979,-0.41584011912345886
regularized_cssd,44,5,190,0,0,0.30271281176648457,-0.8344128205702173,0,0.3027074635028839,-0.8344380855560303
regularized_cssd,44,5,16,1,1,0.816388768505815,1.4920700234678816,1,0.8163882493972778,1.4920663833618164
regularized_cssd,44,5,83,1,1,0.9628861367651884,3.2559445948523726,1,0.9628871083259583,3.255972146987915
regularized_cssd,44,5,243,0,1,0.8277339982587222,1.569652040697338,1,0.8277332782745361,1.5696468353271484
regularized_cssd,44,5,157,0,0,0.21102585139155225,-1.3187529111396084,0,0.21102412045001984,-1.3187633752822876
regularized_cssd,44,5,228,0,0,0.18063008645682163,-1.5120844279862868,0,0.180637389421463,-1.5120350122451782
regularized_cssd,44,5,36,1,1,0.8924731474056032,2.116255818309892,1,0.8924738168716431,2.116262674331665
regularized_cssd,44,5,196,0,1,0.5708657639475087,0.2853843180743876,1,0.57086580991745,0.2853844165802002
regularized_cssd,44,5,67,0,0,0.4428147434881886,-0.22974628527434657,0,0.44280803203582764,-0.22977349162101746
regularized_cssd,44,5,188,1,1,0.935822692256674,2.679776340911943,1,0.9358221888542175,2.6797685623168945
regularized_cssd,44,5,206,1,1,0.808076924738591,1.4375626158077957,1,0.8080704212188721,1.4375208616256714
regularized_cssd,44,5,304,1,1,0.9981156695242421,6.272296598389895,1,0.9981156587600708,6.272292137145996
regularized_cssd,44,5,290,0,0,0.09330374031500621,-2.273947313276798,0,0.09330199658870697,-2.273967981338501
regularized_cssd,44,5,141,1,1,0.9967354284564054,5.721356840058366,1,0.9967353940010071,5.721358299255371
regularized_cssd,44,5,18,0,0,0.014394145586551851,-4.226434965284319,0,0.014393959194421768,-4.226448059082031
regularized_cssd,44,5,49,1,1,0.9425406713672316,2.7975017016324224,1,0.9425401091575623,2.797492265701294
regularized_cssd,44,5,231,0,0,0.026996095634143045,-3.5846958454819515,0,0.026997573673725128,-3.584639549255371
regularized_cssd,44,5,35,1,1,0.9973955765510407,5.947936132188605,1,0.9973955154418945,5.9479217529296875
regularized_cssd,44,5,29,0,0,0.002509666861373728,-5.985092437845253,0,0.0025096649769693613,-5.985093116760254
regularized_cssd,44,5,13,0,0,0.08806368693684169,-2.337509887554329,0,0.08806434273719788,-2.3375017642974854
regularized_cssd,44,5,1,1,1,0.932269222545866,2.6220809464773183,1,0.9322692155838013,2.6220812797546387
regularized_cssd,44,5,45,0,0,0.1770617333566792,-1.5363827399176981,0,0.1770591288805008,-1.536400556564331
regularized_cssd,44,5,42,0,1,0.5853539803513061,0.3447915673061678,1,0.5853637456893921,0.3448317050933838
regularized_cssd,44,5,88,1,1,0.9771380243569074,3.755152837500763,1,0.9771379232406616,3.7551510334014893
regularized_cssd,44,5,8,0,1,0.7230037768993778,0.9594105749937607,1,0.7230068445205688,0.9594258666038513
regularized_cssd,44,5,255,1,1,0.9744072617954239,3.639520702147811,1,0.9744101166725159,3.639634132385254
regularized_cssd,44,5,264,1,1,0.9110910825805202,2.327030427221032,1,0.9110924601554871,2.3270483016967773
regularized_cssd,44,5,14,1,1,0.9618106821305895,3.2262617955963555,1,0.9618086218833923,3.226205587387085
regularized_cssd,44,5,257,0,0,0.014076993180163765,-4.249036489784999,0,0.01407690905034542,-4.249042510986328
regularized_cssd,44,5,46,1,1,0.8447722167574986,1.6941734175848002,1,0.8447739481925964,1.694186806678772
regularized_cssd,44,5,237,1,1,0.9577332300263642,3.1205680761631984,1,0.9577333331108093,3.120570182800293
regularized_cssd,44,5,108,1,1,0.9782346832726494,3.8054318766554456,1,0.9782338738441467,3.8053958415985107
regularized_cssd,44,5,302,1,1,0.9959800040928466,5.512446296661718,1,0.995979905128479,5.51241397857666
regularized_cssd,44,5,288,1,1,0.8327825937475927,1.6054778165903376,1,0.832782506942749,1.6054773330688477
regularized_cssd,44,5,64,0,0,0.27231888833314305,-0.9828891556386026,0,0.27231720089912415,-0.9828976988792419
regularized_cssd,44,5,276,0,0,0.13123916619961284,-1.8900465125390344,0,0.13123612105846405,-1.8900731801986694
regularized_cssd,44,5,301,1,0,0.42939103462655587,-0.2843361444543945,0,0.42939794063568115,-0.28430795669555664
regularized_cssd,44,5,21,0,0,0.002298842921195157,-6.073047871057206,0,0.0022988063283264637,-6.073063850402832
regularized_cssd,44,5,31,0,0,0.04787175254785064,-2.9901741261270876,0,0.047872189432382584,-2.9901645183563232
regularized_cssd,44,5,248,1,1,0.9978346344251843,6.132998361685809,1,0.9978346228599548,6.1329851150512695
regularized_cssd,44,5,112,1,1,0.9957583275054012,5.458546937335399,1,0.9957582354545593,5.458537578582764
regularized_cssd,44,5,180,0,0,0.04102479138513103,-3.151688671365011,0,0.04102605953812599,-3.15165638923645
regularized_cssd,44,5,219,1,1,0.8815454490532111,2.007147208583626,1,0.8815425038337708,2.0071191787719727
regularized_cssd,44,5,297,1,1,0.9608567965200068,3.2005985774761743,1,0.9608572721481323,3.200611114501953
regularized_cssd,44,5,185,0,0,0.007040441508165897,-4.94901905418989,0,0.007040088996291161,-4.949069499969482
regularized_cssd,44,5,146,1,1,0.8557633137766649,1.7805382307272133,1,0.8557679653167725,1.7805759906768799
regularized_cssd,44,5,236,1,1,0.8340176813264274,1.6143733340963247,1,0.8340184092521667,1.6143783330917358
regularized_cssd,44,5,211,1,1,0.7152806243514487,0.9211708989653594,1,0.715275228023529,0.9211446046829224
regularized_cssd,44,5,173,1,1,0.9426994692898247,2.8004376497982033,1,0.9426991939544678,2.8004329204559326
regularized_cssd,44,5,156,0,0,0.07927951871941319,-2.452176676021902,0,0.07927418500185013,-2.452249765396118
regularized_cssd,44,5,229,0,0,0.016599028394049243,-4.081672779813655,0,0.016599440947175026,-4.0816473960876465
regularized_cssd,44,5,43,0,1,0.896323860130934,2.1570297979965,1,0.896327018737793,2.1570632457733154
regularized_cssd,44,5,148,0,1,0.7635448892735939,1.1722135337391375,1,0.7635483145713806,1.1722323894500732
regularized_cssd,44,5,70,0,0,0.04805301453191437,-2.9862044748620793,0,0.04805075004696846,-2.9862539768218994
regularized_cssd,44,5,41,1,1,0.570277821943712,0.282984746670092,1,0.5702869296073914,0.2830219268798828
regularized_cssd,44,5,235,0,0,0.002381014279357838,-6.037844860883634,0,0.0023810521233826876,-6.0378289222717285
regularized_cssd,44,5,5,1,1,0.9909382520398784,4.694590190623229,1,0.9909375905990601,4.694519996643066
regularized_cssd,44,5,159,0,0,0.267694211655979,-1.0063528425804458,0,0.2676956057548523,-1.0063456296920776
shrinkage_lda,44,5,90,1,1,0.9788167362776586,3.833133007352777,1,0.9788169264793396,3.833141565322876
shrinkage_lda,44,5,240,0,0,0.4362713542720847,-0.2563085891851206,0,0.43627360463142395,-0.25629958510398865
shrinkage_lda,44,5,94,0,1,0.709145124597276,0.8912357619039091,1,0.7091425061225891,0.891223132610321
shrinkage_lda,44,5,38,0,1,0.6944830751664846,0.8211626145726308,1,0.6944819092750549,0.821156919002533
shrinkage_lda,44,5,190,0,1,0.5384018294754106,0.15391042445918646,1,0.5384010672569275,0.1539071500301361
shrinkage_lda,44,5,16,1,0,0.3295288684475702,-0.7103166836945979,0,0.329525887966156,-0.7103303074836731
shrinkage_lda,44,5,83,1,1,0.96062877235796,3.1945527546283907,1,0.9606291055679321,3.194561719894409
shrinkage_lda,44,5,243,0,1,0.7631951327148339,1.1702772854313395,1,0.7631927728652954,1.1702641248703003
shrinkage_lda,44,5,157,0,0,0.39215901460367064,-0.4382459035461576,0,0.3921581208705902,-0.4382496178150177
shrinkage_lda,44,5,228,0,0,0.2767798411309234,-0.9604912904247267,0,0.27678194642066956,-0.9604808688163757
shrinkage_lda,44,5,36,1,1,0.9191531417892244,2.4308960222846245,1,0.9191537499427795,2.430903673171997
shrinkage_lda,44,5,196,0,1,0.6591931985555655,0.6597009087708356,1,0.6591929793357849,0.6597000360488892
shrinkage_lda,44,5,67,0,0,0.3762539643718589,-0.5054789387950654,0,0.3762543201446533,-0.5054774284362793
shrinkage_lda,44,5,188,1,1,0.9653932012862307,3.328485323442724,1,0.9653932452201843,3.328486204147339
shrinkage_lda,44,5,206,1,1,0.6923020512177757,0.8109037345679689,1,0.6923028826713562,0.8109078407287598
shrinkage_lda,44,5,304,1,1,0.9994624406276749,7.527933640013959,1,0.9994624257087708,7.527931213378906
shrinkage_lda,44,5,290,0,0,0.2043986268281526,-1.3590261326907964,0,0.2043970674276352,-1.3590357303619385
shrinkage_lda,44,5,141,1,1,0.9963063117189068,5.597429259167383,1,0.996306300163269,5.597421646118164
shrinkage_lda,44,5,18,0,0,0.011092458070699961,-4.490335416535917,0,0.011092284694314003,-4.49035120010376
shrinkage_lda,44,5,49,1,1,0.9024434801911737,2.2246741620238097,1,0.9024433493614197,2.224672555923462
shrinkage_lda,44,5,231,0,0,0.027142374728596895,-3.5791415961715387,0,0.027142027392983437,-3.5791547298431396
shrinkage_lda,44,5,35,1,1,0.9984551064448124,6.47125417919087,1,0.9984550476074219,6.471230506896973
shrinkage_lda,44,5,29,0,0,0.009428096769343744,-4.6545882073082065,0,0.009428092278540134,-4.65458869934082
shrinkage_lda,44,5,13,0,0,0.011620551986637605,-4.443291427262156,0,0.011620566248893738,-4.4432902336120605
shrinkage_lda,44,5,1,1,1,0.8585250774681062,1.8030934152526898,1,0.8585262894630432,1.8031030893325806
shrinkage_lda,44,5,45,0,0,0.30440184807312265,-0.8264234285036404,0,0.3043983280658722,-0.8264400362968445
shrinkage_lda,44,5,42,0,0,0.37451223003280154,-0.5129073179177916,0,0.37451305985450745,-0.5129038095474243
shrinkage_lda,44,5,88,1,1,0.9198909281694765,2.4408660027047446,1,0.9198909401893616,2.440866231918335
shrinkage_lda,44,5,8,0,1,0.9168599333958446,2.4004279812688543,1,0.9168592095375061,2.400418519973755
shrinkage_lda,44,5,255,1,1,0.977169068002267,3.756543402093424,1,0.9771687984466553,3.7565317153930664
shrinkage_lda,44,5,264,1,1,0.8482839720901622,1.7212049164035568,1,0.8482828736305237,1.721196174621582
shrinkage_lda,44,5,14,1,1,0.9560588258443544,3.0799676560744658,1,0.9560585618019104,3.0799617767333984
shrinkage_lda,44,5,257,0,0,0.039661246646272824,-3.186911534357538,0,0.03966040164232254,-3.186933755874634
shrinkage_lda,44,5,46,1,1,0.7435034922583569,1.064258413465629,1,0.743501603603363,1.0642485618591309
shrinkage_lda,44,5,237,1,1,0.9015702241068747,2.214794577742926,1,0.9015710949897766,2.214804172515869
shrinkage_lda,44,5,108,1,1,0.9819665714306284,3.9973300881804867,1,0.981966495513916,3.997328519821167
shrinkage_lda,44,5,302,1,1,0.9744195084988422,3.640011907551383,1,0.9744197130203247,3.6400201320648193
shrinkage_lda,44,5,288,1,1,0.9040656297827856,2.2432376429678866,1,0.9040651321411133,2.243231773376465
shrinkage_lda,44,5,64,0,0,0.23079974773663844,-1.2038009000322127,0,0.23079967498779297,-1.2038012742996216
shrinkage_lda,44,5,276,0,0,0.123643839077038,-1.9583674174756724,0,0.12364404648542404,-1.9583654403686523
shrinkage_lda,44,5,301,1,1,0.5234492110409836,0.09386570258898719,1,0.5234484672546387,0.0938626155257225
shrinkage_lda,44,5,21,0,0,0.002336006931311908,-6.056973507197262,0,0.0023359826300293207,-6.056983947753906
shrinkage_lda,44,5,31,0,0,0.004771739480796635,-5.340261208955211,0,0.004771830979734659,-5.3402419090271
shrinkage_lda,44,5,248,1,1,0.9952255980944182,5.33970073249996,1,0.9952255487442017,5.339697360992432
shrinkage_lda,44,5,112,1,1,0.9986389993967075,6.5981731844357245,1,0.9986390471458435,6.5981855392456055
shrinkage_lda,44,5,180,0,0,0.061948169483707106,-2.717507144540611,0,0.061947643756866455,-2.7175161838531494
shrinkage_lda,44,5,219,1,1,0.7713706783502025,1.2160670247779481,1,0.7713688611984253,1.2160567045211792
shrinkage_lda,44,5,297,1,1,0.9364314803789439,2.6899579802742073,1,0.936430811882019,2.6899468898773193
shrinkage_lda,44,5,185,0,0,0.00594782496734689,-5.1187640942306905,0,0.0059478371404111385,-5.118762016296387
shrinkage_lda,44,5,146,1,1,0.9044948086579816,2.248195959746843,1,0.9044955968856812,2.2482051849365234
shrinkage_lda,44,5,236,1,1,0.9526991846890682,3.00277167055566,1,0.9526991248130798,3.002769708633423
shrinkage_lda,44,5,211,1,0,0.4101007047048209,-0.3635490856212199,0,0.41009771823883057,-0.36356133222579956
shrinkage_lda,44,5,173,1,1,0.8200976420546244,1.5170091609969472,1,0.8200986385345459,1.5170161724090576
shrinkage_lda,44,5,156,0,0,0.07562405535485171,-2.5033444302955568,0,0.07562491297721863,-2.5033321380615234
shrinkage_lda,44,5,229,0,0,0.055893054592359354,-2.8267993239197926,0,0.05589267238974571,-2.8268065452575684
shrinkage_lda,44,5,43,0,1,0.9541323973938952,3.0350434008750717,1,0.954131007194519,3.035010576248169
shrinkage_lda,44,5,148,0,1,0.8296611455510124,1.583227644453107,1,0.8296629190444946,1.5832399129867554
shrinkage_lda,44,5,70,0,0,0.04187642686190111,-3.13025369652308,0,0.04187633469700813,-3.130255937576294
shrinkage_lda,44,5,41,1,1,0.8469436256927889,1.710827821761222,1,0.8469444513320923,1.710834264755249
shrinkage_lda,44,5,235,0,0,0.0029047028898352453,-5.838515239626335,0,0.002904727356508374,-5.838506698608398
shrinkage_lda,44,5,5,1,1,0.976798548403264,3.7400655911820015,1,0.9767986536026001,3.7400693893432617
shrinkage_lda,44,5,159,0,0,0.25627588184257744,-1.0654156294735406,0,0.25627401471138,-1.0654253959655762
regularized_cssd_shrinkage_lda,44,5,90,1,1,0.9841267973321173,4.127122427230019,1,0.9841268658638,4.127126693725586
regularized_cssd_shrinkage_lda,44,5,240,0,0,0.2905507710028843,-0.8927106030757754,0,0.2905522286891937,-0.8927034735679626
regularized_cssd_shrinkage_lda,44,5,94,0,1,0.6932380013616875,0.8153011783461477,1,0.6932357549667358,0.815290629863739
regularized_cssd_shrinkage_lda,44,5,38,0,1,0.7083041407172396,0.8871618970856485,1,0.7083030343055725,0.8871566653251648
regularized_cssd_shrinkage_lda,44,5,190,0,1,0.5211960850925982,0.08483518373952403,1,0.5211949348449707,0.08483055233955383
regularized_cssd_shrinkage_lda,44,5,16,1,0,0.43554006378242444,-0.2592826219451685,0,0.43553730845451355,-0.2592937648296356
regularized_cssd_shrinkage_lda,44,5,83,1,1,0.9652226452567051,3.3233923460012473,1,0.965222954750061,3.3234002590179443
regularized_cssd_shrinkage_lda,44,5,243,0,1,0.7899029964816299,1.3243408030774728,1,0.7899023294448853,1.3243366479873657
regularized_cssd_shrinkage_lda,44,5,157,0,0,0.3509868694787235,-0.6147041345538241,0,0.3509850800037384,-0.6147119402885437
regularized_cssd_shrinkage_lda,44,5,228,0,0,0.27693275907053366,-0.9597274908212567,0,0.2769349217414856,-0.9597165584564209
regularized_cssd_shrinkage_lda,44,5,36,1,1,0.906669706572031,2.2736334798970175,1,0.906670331954956,2.2736408710479736
regularized_cssd_shrinkage_lda,44,5,196,0,1,0.7343300160798454,1.016703664187395,1,0.7343294620513916,1.0167008638381958
regularized_cssd_shrinkage_lda,44,5,67,0,0,0.32594008458259954,-0.7266054273880009,0,0.32593944668769836,-0.7266083359718323
regularized_cssd_shrinkage_lda,44,5,188,1,1,0.9706507080629154,3.498698258462171,1,0.9706507921218872,3.4987003803253174
regularized_cssd_shrinkage_lda,44,5,206,1,1,0.7413544856349569,1.0530204452668215,1,0.7413550019264221,1.053023099899292
regularized_cssd_shrinkage_lda,44,5,304,1,1,0.9996064199424146,7.839832403242723,1,0.9996064305305481,7.839829444885254
regularized_cssd_shrinkage_lda,44,5,290,0,0,0.29183420207597816,-0.8864924042386303,0,0.2918323278427124,-0.8865013718605042
regularized_cssd_shrinkage_lda,44,5,141,1,1,0.9972747852341747,5.902479105901658,1,0.9972748160362244,5.902471542358398
regularized_cssd_shrinkage_lda,44,5,18,0,0,0.007353652273752127,-4.905177357519251,0,0.007353539112955332,-4.905192852020264
regularized_cssd_shrinkage_lda,44,5,49,1,1,0.9398934881802046,2.749648372978581,1,0.9398936033248901,2.749650239944458
regularized_cssd_shrinkage_lda,44,5,231,0,0,0.02650554821501927,-3.603538047868453,0,0.026505246758461,-3.6035497188568115
regularized_cssd_shrinkage_lda,44,5,35,1,1,0.998914946608155,6.825040441638392,1,0.9989149570465088,6.825018882751465
regularized_cssd_shrinkage_lda,44,5,29,0,0,0.004952050552490915,-5.30298918256701,0,0.0049520558677613735,-5.302988052368164
regularized_cssd_shrinkage_lda,44,5,13,0,0,0.009794609802745954,-4.616080172224487,0,0.009794618003070354,-4.616079330444336
regularized_cssd_shrinkage_lda,44,5,1,1,1,0.8710577805230552,1.910343919807676,1,0.8710593581199646,1.9103578329086304
regularized_cssd_shrinkage_lda,44,5,45,0,0,0.22207049670807505,-1.253641023135338,0,0.22206835448741913,-1.2536534070968628
regularized_cssd_shrinkage_lda,44,5,42,0,0,0.3344076367820843,-0.6883166976936232,0,0.33440861105918884,-0.6883123517036438
regularized_cssd_shrinkage_lda,44,5,88,1,1,0.9436792818109017,2.8187239008695038,1,0.9436787962913513,2.8187143802642822
regularized_cssd_shrinkage_lda,44,5,8,0,1,0.9131321416119675,2.352492508641049,1,0.9131314158439636,2.3524842262268066
regularized_cssd_shrinkage_lda,44,5,255,1,1,0.9748761456582584,3.6584926658337915,1,0.9748758673667908,3.6584794521331787
regularized_cssd_shrinkage_lda,44,5,264,1,1,0.8736687591024662,1.9337939561963633,1,0.8736677169799805,1.93378484249115
regularized_cssd_shrinkage_lda,44,5,14,1,1,0.94920330267186,2.9277916647368993,1,0.9492030143737793,2.927786111831665
regularized_cssd_shrinkage_lda,44,5,257,0,0,0.04417317599812635,-3.0744590232125537,0,0.04417233541607857,-3.0744788646698
regularized_cssd_shrinkage_lda,44,5,46,1,1,0.7929129528366986,1.3425742236033547,1,0.7929121851921082,1.3425694704055786
regularized_cssd_shrinkage_lda,44,5,237,1,1,0.9298171810715695,2.5838844508624206,1,0.9298180341720581,2.5838968753814697
regularized_cssd_shrinkage_lda,44,5,108,1,1,0.9789842631283616,3.841244036044332,1,0.9789841771125793,3.841240882873535
regularized_cssd_shrinkage_lda,44,5,302,1,1,0.9830798798420073,4.062186922440401,1,0.9830800294876099,4.06219482421875
regularized_cssd_shrinkage_lda,44,5,288,1,1,0.910493956981994,2.3196811193575195,1,0.9104940891265869,2.3196825981140137
regularized_cssd_shrinkage_lda,44,5,64,0,0,0.2354970603425581,-1.1775274398076652,0,0.2354968637228012,-1.1775285005569458
regularized_cssd_shrinkage_lda,44,5,276,0,0,0.1375314517584369,-1.8359460514227717,0,0.13753126561641693,-1.8359476327896118
regularized_cssd_shrinkage_lda,44,5,301,1,1,0.5796424605776762,0.32130583269957735,1,0.5796413421630859,0.3213013708591461
regularized_cssd_shrinkage_lda,44,5,21,0,0,0.0014605881142959567,-6.527454450547469,0,0.0014605813194066286,-6.527459144592285
regularized_cssd_shrinkage_lda,44,5,31,0,0,0.0047242152481679145,-5.350318407250543,0,0.004724329337477684,-5.35029411315918
regularized_cssd_shrinkage_lda,44,5,248,1,1,0.9972445993736074,5.891433225290718,1,0.9972445964813232,5.8914289474487305
regularized_cssd_shrinkage_lda,44,5,112,1,1,0.9987467470893844,6.68075874048055,1,0.9987467527389526,6.6807684898376465
regularized_cssd_shrinkage_lda,44,5,180,0,0,0.05903943963681196,-2.768695537233561,0,0.059039220213890076,-2.7686994075775146
regularized_cssd_shrinkage_lda,44,5,219,1,1,0.7918874351945293,1.3363401441664906,1,0.7918859720230103,1.3363314867019653
regularized_cssd_shrinkage_lda,44,5,297,1,1,0.9537567713828745,3.0264936373582674,1,0.9537563920021057,3.0264854431152344
regularized_cssd_shrinkage_lda,44,5,185,0,0,0.004753843066975732,-5.344036742804081,0,0.0047538504004478455,-5.3440351486206055
regularized_cssd_shrinkage_lda,44,5,146,1,1,0.9155049370316387,2.382782650569864,1,0.9155054688453674,2.3827896118164062
regularized_cssd_shrinkage_lda,44,5,236,1,1,0.958687345486921,3.144396142627143,1,0.958687424659729,3.1443986892700195
regularized_cssd_shrinkage_lda,44,5,211,1,0,0.4418651959048462,-0.2335956686852213,0,0.4418623149394989,-0.2336074411869049
regularized_cssd_shrinkage_lda,44,5,173,1,1,0.8446804218157459,1.693473567712609,1,0.8446811437606812,1.693479299545288
regularized_cssd_shrinkage_lda,44,5,156,0,0,0.05677400446667614,-2.810227356716369,0,0.05677483230829239,-2.8102118968963623
regularized_cssd_shrinkage_lda,44,5,229,0,0,0.035747740450772385,-3.2948658774402677,0,0.035747725516557693,-3.2948663234710693
regularized_cssd_shrinkage_lda,44,5,43,0,1,0.9512747619911811,2.9716058097207823,1,0.9512734413146973,2.971576690673828
regularized_cssd_shrinkage_lda,44,5,148,0,1,0.8432102873398455,1.682310880339002,1,0.8432113528251648,1.682318925857544
regularized_cssd_shrinkage_lda,44,5,70,0,0,0.030681159280730435,-3.452944836769705,0,0.030681001022458076,-3.4529502391815186
regularized_cssd_shrinkage_lda,44,5,41,1,1,0.8306913557876208,1.5905349664684216,1,0.8306927680969238,1.5905450582504272
regularized_cssd_shrinkage_lda,44,5,235,0,0,0.0018857188140603057,-6.271558698032278,0,0.001885725068859756,-6.271555423736572
regularized_cssd_shrinkage_lda,44,5,5,1,1,0.9815928760556546,3.97643887531638,1,0.9815927147865295,3.9764325618743896
regularized_cssd_shrinkage_lda,44,5,159,0,0,0.20076004813738008,-1.3815508113405308,0,0.20075835287570953,-1.381561279296875
toeplitz_lda,44,5,90,1,1,0.9689967944259998,3.4421706990073275,1,0.9689967632293701,3.4421708583831787
toeplitz_lda,44,5,240,0,0,0.3267214953899514,-0.723050957671773,0,0.3267263174057007,-0.7230290174484253
toeplitz_lda,44,5,94,0,1,0.7366885331949918,1.0288275725774583,1,0.7366873025894165,1.0288211107254028
toeplitz_lda,44,5,38,0,1,0.7280116058622674,0.9845575934137221,1,0.7280097007751465,0.9845479130744934
toeplitz_lda,44,5,190,0,0,0.45815405523081393,-0.16777623360519878,0,0.45815378427505493,-0.1677774041891098
toeplitz_lda,44,5,16,1,1,0.6295513391335193,0.5302925376007553,1,0.6295487880706787,0.530281662940979
toeplitz_lda,44,5,83,1,1,0.9438742145428389,2.822397569214103,1,0.9438747763633728,2.8224077224731445
toeplitz_lda,44,5,243,0,1,0.8138489778303253,1.475216526457351,1,0.8138483762741089,1.475212574005127
toeplitz_lda,44,5,157,0,0,0.2563023985532627,-1.065276510833608,0,0.25630107522010803,-1.0652834177017212
toeplitz_lda,44,5,228,0,0,0.22558715564465237,-1.2333985382236328,0,0.2255886048078537,-1.233390212059021
toeplitz_lda,44,5,36,1,1,0.8577447107013451,1.796683259805035,1,0.8577447533607483,1.7966837882995605
toeplitz_lda,44,5,196,0,1,0.7244227022184557,0.9665069029093771,1,0.7244214415550232,0.966500461101532
toeplitz_lda,44,5,67,0,0,0.41237863213864806,-0.3541408709130477,0,0.4123794734477997,-0.3541373610496521
toeplitz_lda,44,5,188,1,1,0.9712366887507087,3.5194695362446686,1,0.9712367653846741,3.5194716453552246
toeplitz_lda,44,5,206,1,1,0.674168143502244,0.7270980801777182,1,0.6741682291030884,0.7270984053611755
toeplitz_lda,44,5,304,1,1,0.9992493956507713,7.193880990750218,1,0.9992493987083435,7.193884372711182
toeplitz_lda,44,5,290,0,0,0.2169055010571809,-1.2837915973207843,0,0.2169041633605957,-1.2837995290756226
toeplitz_lda,44,5,141,1,1,0.997203826635102,5.876703361959432,1,0.9972038269042969,5.876700401306152
toeplitz_lda,44,5,18,0,0,0.018323769307618826,-3.981062463695726,0,0.01832352578639984,-3.9810760021209717
toeplitz_lda,44,5,49,1,1,0.8960436593634186,2.15401812932722,1,0.8960435390472412,2.1540167331695557
toeplitz_lda,44,5,231,0,0,0.01706418348087309,-4.053562090921865,0,0.01706416718661785,-4.053563117980957
toeplitz_lda,44,5,35,1,1,0.9978400796265914,6.135521665762523,1,0.9978400468826294,6.135499000549316
toeplitz_lda,44,5,29,0,0,0.011403219059347018,-4.462390855520309,0,0.011403164826333523,-4.462395668029785
toeplitz_lda,44,5,13,0,0,0.0353622941866165,-3.306106479947576,0,0.03536258637905121,-3.306097984313965
toeplitz_lda,44,5,1,1,1,0.8336991919683068,1.6120744111377472,1,0.8337005972862244,1.6120845079421997
toeplitz_lda,44,5,45,0,0,0.21438867100138218,-1.2986715904374533,0,0.21438533067703247,-1.2986913919448853
toeplitz_lda,44,5,42,0,0,0.41344792169188455,-0.34972989781114605,0,0.41344931721687317,-0.34972408413887024
toeplitz_lda,44,5,88,1,1,0.9369360451849389,2.6984656577729904,1,0.9369363784790039,2.698472261428833
toeplitz_lda,44,5,8,0,1,0.8153428867513997,1.48510808127328,1,0.8153425455093384,1.4851058721542358
toeplitz_lda,44,5,255,1,1,0.9748162447074356,3.656049830863108,1,0.9748161435127258,3.656046152114868
toeplitz_lda,44,5,264,1,1,0.8501311644325057,1.7356301666670133,1,0.8501299619674683,1.735620379447937
toeplitz_lda,44,5,14,1,1,0.9194992928786544,2.43556330651394,1,0.9194980263710022,2.4355461597442627
toeplitz_lda,44,5,257,0,0,0.04380098574027912,-3.0833097426830807,0,0.04380038008093834,-3.0833241939544678
toeplitz_lda,44,5,46,1,1,0.7541321205966091,1.120773262853446,1,0.7541312575340271,1.120768666267395
toeplitz_lda,44,5,237,1,1,0.9408035242413592,2.7658723141283197,1,0.9408041834831238,2.7658843994140625
toeplitz_lda,44,5,108,1,1,0.98606941901857,4.259640262676872,1,0.9860694408416748,4.259636878967285
toeplitz_lda,44,5,302,1,1,0.9718024904846139,3.539918925735972,1,0.9718025922775269,3.5399255752563477
toeplitz_lda,44,5,288,1,1,0.8138354596808317,1.475127299551014,1,0.8138346672058105,1.475122094154358
toeplitz_lda,44,5,64,0,0,0.34123721331124673,-0.6577856345534486,0,0.34123629331588745,-0.6577897071838379
toeplitz_lda,44,5,276,0,0,0.16735529571791233,-1.6044879539858814,0,0.16735482215881348,-1.6044913530349731
toeplitz_lda,44,5,301,1,0,0.4964367107509124,-0.014253398300725029,0,0.4964376986026764,-0.01424943283200264
toeplitz_lda,44,5,21,0,0,0.0019216694883330335,-6.252637427322992,0,0.0019216430373489857,-6.252651214599609
toeplitz_lda,44,5,31,0,0,0.016538108036449825,-4.085411593812949,0,0.016538497060537338,-4.085387706756592
toeplitz_lda,44,5,248,1,1,0.9942814041579138,5.158296976261845,1,0.9942814111709595,5.158294200897217
toeplitz_lda,44,5,112,1,1,0.9977778854443539,6.107071446781576,1,0.9977778792381287,6.10708475112915
toeplitz_lda,44,5,180,0,0,0.1049214031804157,-2.1437000033727998,0,0.10492132604122162,-2.1437008380889893
toeplitz_lda,44,5,219,1,1,0.8117920413662174,1.461696686240746,1,0.8117905855178833,1.4616872072219849
toeplitz_lda,44,5,297,1,1,0.9544473670239201,3.042264073590795,1,0.9544470310211182,3.042255163192749
toeplitz_lda,44,5,185,0,0,0.007092066566547424,-4.941661169857331,0,0.007092018146067858,-4.9416680335998535
toeplitz_lda,44,5,146,1,1,0.8669560424379399,1.8743086931301576,1,0.866957426071167,1.8743205070495605
toeplitz_lda,44,5,236,1,1,0.8957423654238459,2.150787741696441,1,0.8957425951957703,2.1507904529571533
toeplitz_lda,44,5,211,1,1,0.5857534422919322,0.34643760752081937,1,0.5857493281364441,0.34642064571380615
toeplitz_lda,44,5,173,1,1,0.8756013073657467,1.9514191878771276,1,0.875601589679718,1.9514216184616089
toeplitz_lda,44,5,156,0,0,0.05432097226058627,-2.856992835485002,0,0.05432121083140373,-2.8569881916046143
toeplitz_lda,44,5,229,0,0,0.03306649737101028,-3.375609120636307,0,0.033066410571336746,-3.3756117820739746
toeplitz_lda,44,5,43,0,1,0.945056076428562,2.8449311721816697,1,0.9450544714927673,2.844899892807007
toeplitz_lda,44,5,148,0,1,0.7385051142919918,1.0382133013987347,1,0.7385071516036987,1.0382238626480103
toeplitz_lda,44,5,70,0,0,0.04214974733930647,-3.123462763182658,0,0.0421496257185936,-3.1234657764434814
toeplitz_lda,44,5,41,1,1,0.8127694912243181,1.46810701572289,1,0.8127707242965698,1.4681147336959839
toeplitz_lda,44,5,235,0,0,0.0016704814922754645,-6.392971497079244,0,0.0016704901354387403,-6.392966270446777
toeplitz_lda,44,5,5,1,1,0.9791959635271734,3.851584760461246,1,0.9791959524154663,3.8515806198120117
toeplitz_lda,44,5,159,0,0,0.2979747746106381,-0.8569605030184053,0,0.29797470569610596,-0.8569608330726624
baseline_toeplitz_nested_fusion,42,1,62,0,0,0.2811503821816245,-0.938762487122864,0,0.28115376830101013,-0.9387457966804504
baseline_toeplitz_nested_fusion,42,1,1,1,1,0.9165754304991928,2.39670150236436,1,0.9165751934051514,2.396698236465454
baseline_toeplitz_nested_fusion,42,1,288,1,1,0.8468755089584278,1.7103024475686794,1,0.8468767404556274,1.7103118896484375
baseline_toeplitz_nested_fusion,42,1,79,1,1,0.9823180842428212,4.017372761967209,1,0.9823182821273804,4.017382621765137
baseline_toeplitz_nested_fusion,42,1,6,0,1,0.6705700817726157,0.7107645788659631,1,0.6705703139305115,0.7107657194137573
baseline_toeplitz_nested_fusion,42,1,157,0,0,0.2608852471982586,-1.0413725453522362,0,0.2608821988105774,-1.0413882732391357
baseline_toeplitz_nested_fusion,42,1,241,1,1,0.7493770560894495,1.0952926753380594,1,0.7493773698806763,1.0952943563461304
baseline_toeplitz_nested_fusion,42,1,278,0,0,0.25572456011101924,-1.0683102530475794,0,0.25572848320007324,-1.0682896375656128
baseline_toeplitz_nested_fusion,42,1,174,0,0,0.02411541330344509,-3.700493135858081,0,0.024115128442645073,-3.700505256652832
baseline_toeplitz_nested_fusion,42,1,10,1,0,0.4472950220458085,-0.21160598392709837,0,0.44728705286979675,-0.21163828670978546
baseline_toeplitz_nested_fusion,42,1,188,1,1,0.8860799528143098,2.051310324866607,1,0.8860809206962585,2.0513200759887695
baseline_toeplitz_nested_fusion,42,1,171,1,0,0.35572392486974114,-0.5939723842706506,0,0.3557220697402954,-0.5939803719520569
baseline_toeplitz_nested_fusion,42,1,140,1,1,0.8112401567099122,1.4580885978085825,1,0.811237096786499,1.4580687284469604
baseline_toeplitz_nested_fusion,42,1,109,0,0,0.19465428851231809,-1.4200465347641549,0,0.19465410709381104,-1.420047640800476
baseline_toeplitz_nested_fusion,42,1,146,1,1,0.8647782570823981,1.8555571527996784,1,0.8647797107696533,1.8555694818496704
baseline_toeplitz_nested_fusion,42,1,221,1,1,0.6238830872752057,0.5060629575229169,1,0.6238808631896973,0.5060535073280334
baseline_toeplitz_nested_fusion,42,1,281,0,0,0.378523608950868,-0.495819477212797,0,0.37852486968040466,-0.49581417441368103
baseline_toeplitz_nested_fusion,42,1,228,0,0,0.48923410639689724,-0.04307023127832967,0,0.4892357289791107,-0.04306375980377197
baseline_toeplitz_nested_fusion,42,1,128,1,1,0.9844589687671583,4.148608517343261,1,0.9844586849212646,4.148590564727783
baseline_toeplitz_nested_fusion,42,1,48,0,0,0.00042164407402423405,-7.770927293304476,0,0.0004216430534143001,-7.77092981338501
baseline_toeplitz_nested_fusion,42,1,56,1,1,0.7002570540481869,0.8485222271776175,1,0.7002571225166321,0.8485224843025208
baseline_toeplitz_nested_fusion,42,1,267,1,1,0.6207190751893803,0.4926014477617138,1,0.6207154393196106,0.49258601665496826
baseline_toeplitz_nested_fusion,42,1,256,0,0,0.2676124490462005,-1.0067699667790826,0,0.26761192083358765,-1.0067726373672485
baseline_toeplitz_nested_fusion,42,1,17,0,0,0.4639908282028149,-0.1442864872597021,0,0.4639842212200165,-0.14431311190128326
baseline_toeplitz_nested_fusion,42,1,113,0,1,0.5639134937167691,0.2570602272242643,1,0.5639223456382751,0.25709614157676697
baseline_toeplitz_nested_fusion,42,1,242,1,1,0.9522688017594759,2.993262114466041,1,0.9522690773010254,2.9932689666748047
baseline_toeplitz_nested_fusion,42,1,211,1,0,0.4565181953118362,-0.17436767043013313,0,0.4565106928348541,-0.17439788579940796
baseline_toeplitz_nested_fusion,42,1,82,0,0,0.2369571654263087,-1.1694347811834176,0,0.23695355653762817,-1.1694546937942505
baseline_toeplitz_nested_fusion,42,1,41,1,0,0.3489714156953839,-0.6235635341501155,0,0.3489738702774048,-0.6235527396202087
baseline_toeplitz_nested_fusion,42,1,95,0,0,0.47236343147679305,-0.1106590582724312,0,0.47235989570617676,-0.1106732189655304
baseline_toeplitz_nested_fusion,42,1,204,1,1,0.743594655049731,1.0647364969148994,1,0.7435935735702515,1.0647310018539429
baseline_toeplitz_nested_fusion,42,1,295,1,1,0.9499900175016971,2.944228841179623,1,0.9499895572662354,2.9442191123962402
baseline_toeplitz_nested_fusion,42,1,191,0,0,0.2396608951441719,-1.1545395370606137,0,0.23966194689273834,-1.154533863067627
baseline_toeplitz_nested_fusion,42,1,244,1,1,0.5197322791795354,0.07897013113864389,1,0.5197322368621826,0.07896998524665833
baseline_toeplitz_nested_fusion,42,1,265,0,0,0.36501609592370915,-0.553658199628769,0,0.36501604318618774,-0.5536584258079529
baseline_toeplitz_nested_fusion,42,1,102,1,0,0.3995469259745361,-0.40735327355792716,0,0.3995513617992401,-0.4073348045349121
baseline_toeplitz_nested_fusion,42,1,135,0,0,0.3685653700013768,-0.5383763302463583,0,0.36856740713119507,-0.5383676290512085
baseline_toeplitz_nested_fusion,42,1,45,0,0,0.32611731181538023,-0.7257988737949019,0,0.32611536979675293,-0.7258077263832092
baseline_toeplitz_nested_fusion,42,1,309,0,1,0.5601312495394872,0.2416947424397588,1,0.5601305365562439,0.2416919767856598
baseline_toeplitz_nested_fusion,42,1,120,1,1,0.6460495621673013,0.6017193252511759,1,0.6460511088371277,0.6017259955406189
baseline_toeplitz_nested_fusion,42,1,234,1,1,0.8976424712080685,2.1712999813790517,1,0.8976426720619202,2.171302318572998
baseline_toeplitz_nested_fusion,42,1,289,0,0,0.3043532282914829,-0.8266530575422528,0,0.3043525815010071,-0.8266561627388
baseline_toeplitz_nested_fusion,42,1,112,1,1,0.9897142989408808,4.566661630510065,1,0.9897143244743347,4.566668510437012
baseline_toeplitz_nested_fusion,42,1,13,0,0,0.1407791204476708,-1.8088338841617873,0,0.140781432390213,-1.8088146448135376
baseline_toeplitz_nested_fusion,42,1,97,1,1,0.6876321103330655,0.7890723448393474,1,0.6876339316368103,0.789080798625946
baseline_toeplitz_nested_fusion,42,1,96,1,1,0.6636491455120715,0.6795987895723923,1,0.6636472940444946,0.6795905232429504
baseline_toeplitz_nested_fusion,42,1,255,1,1,0.868730318690597,1.8897788988142648,1,0.8687337636947632,1.8898087739944458
baseline_toeplitz_nested_fusion,42,1,193,1,1,0.9112010143037854,2.328388297691042,1,0.911199688911438,2.3283722400665283
baseline_toeplitz_nested_fusion,42,1,98,1,1,0.9979085786527743,6.1678177622826045,1,0.9979085922241211,6.167799949645996
baseline_toeplitz_nested_fusion,42,1,214,0,0,0.019437194690710837,-3.9209382153687193,0,0.019436834380030632,-3.920957088470459
baseline_toeplitz_nested_fusion,42,1,38,0,1,0.5497810140687112,0.1997859429039468,1,0.5497762560844421,0.19976681470870972
baseline_toeplitz_nested_fusion,42,1,192,0,1,0.8362447843836275,1.6305486494120505,1,0.8362442851066589,1.630544900894165
baseline_toeplitz_nested_fusion,42,1,68,0,0,0.1262024889711908,-1.9349609957215497,0,0.12620492279529572,-1.9349390268325806
baseline_toeplitz_nested_fusion,42,1,148,0,1,0.7454654790352653,1.0745723582553655,1,0.7454662322998047,1.074576497077942
baseline_toeplitz_nested_fusion,42,1,99,0,0,0.4439468786205858,-0.2251589192080054,0,0.44394156336784363,-0.22518038749694824
baseline_toeplitz_nested_fusion,42,1,18,0,0,0.11332718029241871,-2.0571970166726086,0,0.1133263111114502,-2.0572056770324707
baseline_toeplitz_nested_fusion,42,1,253,1,1,0.8982964915107796,2.1784383816502095,1,0.8982982039451599,2.178457260131836
baseline_toeplitz_nested_fusion,42,1,261,0,0,0.48313114839734195,-0.06750102481154921,0,0.483123779296875,-0.0675305426120758
baseline_toeplitz_nested_fusion,42,1,141,1,1,0.9787750749694383,3.8311256662959683,1,0.978775143623352,3.831129550933838
baseline_toeplitz_nested_fusion,42,1,269,0,0,0.0698385858697054,-2.589171471484318,0,0.06983839720487595,-2.589174270629883
baseline_toeplitz_nested_fusion,42,1,86,1,1,0.9358164387750503,2.679672222603297,1,0.935815155506134,2.6796517372131348
baseline_toeplitz_nested_fusion,42,1,67,0,0,0.40632759676937935,-0.37916793467579546,0,0.4063255190849304,-0.37917661666870117
baseline_toeplitz_nested_fusion,42,1,162,1,0,0.4686253308864578,-0.12566378284495602,0,0.46862590312957764,-0.12566158175468445
baseline_toeplitz_nested_fusion,42,1,246,0,0,0.21943638322415934,-1.2689538797048494,0,0.21944017708301544,-1.2689317464828491
baseline_toeplitz_nested_fusion,42,2,238,0,0,0.06806992157031884,-2.6167223534594837,0,0.0680701807141304,-2.616718292236328
baseline_toeplitz_nested_fusion,42,2,11,1,1,0.8620145273832331,1.8321237149116396,1,0.8620145916938782,1.8321245908737183
baseline_toeplitz_nested_fusion,42,2,161,1,1,0.9652517809885152,3.324260661019254,1,0.9652509689331055,3.3242359161376953
baseline_toeplitz_nested_fusion,42,2,200,1,1,0.6143069144336641,0.4654527258195448,1,0.6143178343772888,0.4654986560344696
baseline_toeplitz_nested_fusion,42,2,139,0,0,0.09067102467643176,-2.3054690949941112,0,0.09067361056804657,-2.3054378032684326
baseline_toeplitz_nested_fusion,42,2,220,1,0,0.24101651779970945,-1.1471145448468598,0,0.24101342260837555,-1.1471314430236816
baseline_toeplitz_nested_fusion,42,2,302,1,1,0.9794997195943931,3.866603386737219,1,0.9794990420341492,3.866569757461548
baseline_toeplitz_nested_fusion,42,2,208,0,0,0.01208508629513893,-4.403624419495729,0,0.012085216119885445,-4.403613567352295
baseline_toeplitz_nested_fusion,42,2,165,1,1,0.862365866994539,1.8350806659132444,1,0.8623652458190918,1.8350756168365479
baseline_toeplitz_nested_fusion,42,2,235,0,0,0.009420190094990665,-4.655435169943645,0,0.009420297108590603,-4.655423641204834
baseline_toeplitz_nested_fusion,42,2,190,0,1,0.5141352845350095,0.05655620839921596,1,0.5141270756721497,0.0565231554210186
baseline_toeplitz_nested_fusion,42,2,78,1,1,0.8886607969057286,2.077134181593944,1,0.8886590600013733,2.077116012573242
baseline_toeplitz_nested_fusion,42,2,183,0,1,0.5613564296987723,0.24666888028980838,1,0.5613590478897095,0.24667951464653015
baseline_toeplitz_nested_fusion,42,2,7,1,1,0.5429029776957636,0.17203495469611152,1,0.542904794216156,0.1720423400402069
baseline_toeplitz_nested_fusion,42,2,216,1,0,0.4146185137003439,-0.3449048946599091,0,0.4146150052547455,-0.344919353723526
baseline_toeplitz_nested_fusion,42,2,301,1,1,0.5595226553579256,0.2392250060340877,1,0.5595242381095886,0.23923152685165405
baseline_toeplitz_nested_fusion,42,2,110,1,0,0.3177452822185653,-0.7641530121016595,0,0.31775304675102234,-0.7641171813011169
baseline_toeplitz_nested_fusion,42,2,4,0,1,0.5651458773646869,0.26207326326456476,1,0.5651347637176514,0.2620280385017395
baseline_toeplitz_nested_fusion,42,2,5,1,1,0.9698641107078151,3.471439172853644,1,0.9698619842529297,3.471367120742798
baseline_toeplitz_nested_fusion,42,2,205,1,1,0.5951191093480012,0.38516864259375283,1,0.5951108932495117,0.3851345181465149
baseline_toeplitz_nested_fusion,42,2,254,0,0,0.01334302517768814,-4.303328646069459,0,0.013343020342290401,-4.303328990936279
baseline_toeplitz_nested_fusion,42,2,182,0,0,0.03553656297039735,-3.3010098136146553,0,0.03553478792309761,-3.3010616302490234
baseline_toeplitz_nested_fusion,42,2,223,1,1,0.6426451764910069,0.5868635553020398,1,0.6426458358764648,0.5868664383888245
baseline_toeplitz_nested_fusion,42,2,274,1,1,0.9414356705266133,2.777280220000309,1,0.9414343237876892,2.7772560119628906
baseline_toeplitz_nested_fusion,42,2,83,1,1,0.9239067962909568,2.496652243230813,1,0.9239069819450378,2.4966554641723633
baseline_toeplitz_nested_fusion,42,2,36,1,1,0.8568793646083837,1.7896092651753719,1,0.8568815588951111,1.789627194404602
baseline_toeplitz_nested_fusion,42,2,50,1,1,0.9374847747905741,2.7077903870626114,1,0.9374849796295166,2.707793712615967
baseline_toeplitz_nested_fusion,42,2,8,0,1,0.8190991666417624,1.5102561599888853,1,0.8191028833389282,1.5102813243865967
baseline_toeplitz_nested_fusion,42,2,23,0,1,0.7029496468820193,0.8613835996381776,1,0.702945351600647,0.861362874507904
baseline_toeplitz_nested_fusion,42,2,310,0,0,0.004983415396686073,-5.2966439263672935,0,0.004983560647815466,-5.296614646911621
baseline_toeplitz_nested_fusion,42,2,0,0,0,0.07602635560967959,-2.497603483339356,0,0.0760267823934555,-2.4975974559783936
baseline_toeplitz_nested_fusion,42,2,226,1,1,0.6750595334275531,0.7311588988806064,1,0.6750563383102417,0.7311442494392395
baseline_toeplitz_nested_fusion,42,2,206,1,1,0.684539380885291,0.7747123217765433,1,0.6845260858535767,0.7746508717536926
baseline_toeplitz_nested_fusion,42,2,22,1,1,0.8693652739104611,1.895358297115962,1,0.8693659901618958,1.895364761352539
baseline_toeplitz_nested_fusion,42,2,58,1,0,0.356804655310508,-0.5892600320889062,0,0.3567928969860077,-0.5893113017082214
baseline_toeplitz_nested_fusion,42,2,287,1,0,0.3313702201998288,-0.7019942731639992,0,0.33137428760528564,-0.70197594165802
baseline_toeplitz_nested_fusion,42,2,197,1,1,0.9815164197831667,3.9722159607248084,1,0.9815164804458618,3.972217082977295
baseline_toeplitz_nested_fusion,42,2,294,0,1,0.7063835811850712,0.8778841885057047,1,0.7063811421394348,0.8778724074363708
baseline_toeplitz_nested_fusion,42,2,25,0,0,0.47785846739861576,-0.08862409104497096,0,0.47785690426826477,-0.08863036334514618
baseline_toeplitz_nested_fusion,42,2,9,0,0,0.032305918602742484,-3.3996655537961677,0,0.03230543062090874,-3.3996810913085938
baseline_toeplitz_nested_fusion,42,2,126,0,0,0.04631022376035666,-3.024975684151891,0,0.04631238058209419,-3.0249269008636475
baseline_toeplitz_nested_fusion,42,2,104,1,0,0.14451804398853402,-1.7782606297144017,0,0.14451327919960022,-1.7782992124557495
baseline_toeplitz_nested_fusion,42,2,116,1,0,0.18475216951226006,-1.4844768507824333,0,0.1847555786371231,-1.4844542741775513
baseline_toeplitz_nested_fusion,42,2,314,0,0,0.0476190827049705,-2.9957314999096623,0,0.047620806843042374,-2.9956934452056885
baseline_toeplitz_nested_fusion,42,2,52,0,0,0.38203416276947705,-0.48092314042591755,0,0.3820471465587616,-0.4808681309223175
baseline_toeplitz_nested_fusion,42,2,172,0,1,0.744934978278542,1.0717784372944894,1,0.7449318766593933,1.0717620849609375
baseline_toeplitz_nested_fusion,42,2,189,0,0,0.09945613839953066,-2.2032821446118342,0,0.09945616126060486,-2.203281879425049
baseline_toeplitz_nested_fusion,42,2,308,0,0,0.0271544939809271,-3.578682731667435,0,0.027154691517353058,-3.5786752700805664
baseline_toeplitz_nested_fusion,42,2,167,0,0,0.007433041162696234,-4.894359391550568,0,0.0074331872165203094,-4.894339561462402
baseline_toeplitz_nested_fusion,42,2,306,0,0,0.22154577049974403,-1.2566809893906,0,0.22154226899147034,-1.2567013502120972
baseline_toeplitz_nested_fusion,42,2,103,0,0,0.10868323052424646,-2.1042623763653827,0,0.10868009179830551,-2.104294776916504
baseline_toeplitz_nested_fusion,42,2,202,0,0,0.05244697840809641,-2.894080170669024,0,0.05244740471243858,-2.894071578979492
baseline_toeplitz_nested_fusion,42,2,122,1,1,0.7288052598434035,0.9885694018730693,1,0.7288048267364502,0.9885675311088562
baseline_toeplitz_nested_fusion,42,2,290,0,0,0.28494699942108326,-0.9200534705994736,0,0.2849445939064026,-0.9200652241706848
baseline_toeplitz_nested_fusion,42,2,201,0,0,0.10566688077319128,-2.1357868109021614,0,0.10566677898168564,-2.1357879638671875
baseline_toeplitz_nested_fusion,42,2,224,1,1,0.5171981271977069,0.06881965759082082,1,0.5171915292739868,0.06879319250583649
baseline_toeplitz_nested_fusion,42,2,163,1,1,0.9729530191609203,3.582760411518023,1,0.9729529619216919,3.582760810852051
baseline_toeplitz_nested_fusion,42,2,307,0,0,0.13966520997881043,-1.8180734027622427,0,0.1396636813879013,-1.8180861473083496
baseline_toeplitz_nested_fusion,42,2,260,0,0,0.18562221206185026,-1.4787108810328133,0,0.18561626970767975,-1.478750228881836
baseline_toeplitz_nested_fusion,42,2,54,0,0,0.18263599918493767,-1.4985894325613274,0,0.18264061212539673,-1.498558521270752
baseline_toeplitz_nested_fusion,42,2,160,0,1,0.6167318819063397,0.475699586751562,1,0.6167322993278503,0.47570136189460754
baseline_toeplitz_nested_fusion,42,2,298,1,1,0.9986011811982705,6.570727313475345,1,0.9986011385917664,6.57069730758667
baseline_toeplitz_nested_fusion,42,2,248,1,1,0.9709957895161493,3.510881123501406,1,0.9709951877593994,3.510859966278076
baseline_toeplitz_nested_fusion,42,2,137,1,1,0.9861107677121954,4.262654804389465,1,0.9861106872558594,4.262648105621338
baseline_toeplitz_nested_fusion,42,3,152,0,0,0.33849806762546697,-0.6699945210555004,0,0.3384972810745239,-0.6699979901313782
baseline_toeplitz_nested_fusion,42,3,156,0,0,0.1673856865813209,-1.6042698757373153,0,0.16738362610340118,-1.604284644126892
baseline_toeplitz_nested_fusion,42,3,237,1,1,0.8594701268432582,1.8108959812769028,1,0.8594701886177063,1.8108969926834106
baseline_toeplitz_nested_fusion,42,3,186,0,0,0.3274337102012676,-0.7198150558213674,0,0.32743000984191895,-0.7198317646980286
baseline_toeplitz_nested_fusion,42,3,101,1,1,0.9308505579704484,2.599828757546841,1,0.9308497905731201,2.5998170375823975
baseline_toeplitz_nested_fusion,42,3,258,0,0,0.4303460807405527,-0.2804392933289076,0,0.4303434491157532,-0.28045007586479187
baseline_toeplitz_nested_fusion,42,3,134,0,1,0.567150140754843,0.270233144704079,1,0.5671502947807312,0.27023372054100037
baseline_toeplitz_nested_fusion,42,3,81,1,0,0.42807103384394357,-0.2897256498904254,0,0.42807137966156006,-0.2897241711616516
baseline_toeplitz_nested_fusion,42,3,40,0,0,0.3158620838693563,-0.7728538542011998,0,0.3158605098724365,-0.7728611826896667
baseline_toeplitz_nested_fusion,42,3,60,1,1,0.7530398050523917,1.1148909187751166,1,0.7530372738838196,1.1148773431777954
baseline_toeplitz_nested_fusion,42,3,154,1,1,0.7488200907649801,1.0923293031834858,1,0.7488200068473816,1.0923285484313965
baseline_toeplitz_nested_fusion,42,3,14,1,1,0.852567925629386,1.7548853271714562,1,0.8525663018226624,1.7548725605010986
baseline_toeplitz_nested_fusion,42,3,312,0,0,0.014138052079824224,-4.2446464411297695,0,0.014138216152787209,-4.244634628295898
baseline_toeplitz_nested_fusion,42,3,304,1,1,0.9844003979973491,4.144787321541866,1,0.9844005703926086,4.144798755645752
baseline_toeplitz_nested_fusion,42,3,106,1,1,0.648130991190364,0.6108338505465539,1,0.6481291651725769,0.610825777053833
baseline_toeplitz_nested_fusion,42,3,232,1,0,0.4392986170292684,-0.24400906678094197,0,0.4392966032028198,-0.24401725828647614
baseline_toeplitz_nested_fusion,42,3,55,0,0,0.3337662390420045,-0.691199736549968,0,0.33376652002334595,-0.6911984086036682
baseline_toeplitz_nested_fusion,42,3,35,1,1,0.9788481672623602,3.83464998488327,1,0.9788479804992676,3.834643602371216
baseline_toeplitz_nested_fusion,42,3,89,1,1,0.5438110455326869,0.1756947462305879,1,0.5438147783279419,0.17570985853672028
baseline_toeplitz_nested_fusion,42,3,277,1,1,0.9443177407540843,2.830801108553456,1,0.9443175792694092,2.830798387527466
baseline_toeplitz_nested_fusion,42,3,32,1,1,0.6586270688927379,0.6571819504485976,1,0.6586272120475769,0.6571826934814453
baseline_toeplitz_nested_fusion,42,3,250,1,0,0.24257033108076448,-1.1386389933580852,0,0.24256889522075653,-1.1386468410491943
baseline_toeplitz_nested_fusion,42,3,233,1,1,0.7116703162466043,0.9035102045158458,1,0.7116706967353821,0.9035122990608215
baseline_toeplitz_nested_fusion,42,3,268,1,1,0.7802931876920775,1.2673757444857674,1,0.7802962064743042,1.2673934698104858
baseline_toeplitz_nested_fusion,42,3,51,0,1,0.6460749739866151,0.601830456070841,1,0.6460726261138916,0.6018202900886536
baseline_toeplitz_nested_fusion,42,3,215,0,0,0.16816665854322552,-1.5986766071876028,0,0.16816595196723938,-1.5986816883087158
baseline_toeplitz_nested_fusion,42,3,153,0,0,0.12277587489613341,-1.966401980651937,0,0.1227741539478302,-1.966417908668518
baseline_toeplitz_nested_fusion,42,3,80,0,0,0.3390952826958955,-0.6673285423610686,0,0.33910056948661804,-0.6673049926757812
baseline_toeplitz_nested_fusion,42,3,117,0,0,0.0027912112461636433,-5.8784845250096405,0,0.0027911746874451637,-5.87849760055542
baseline_toeplitz_nested_fusion,42,3,239,0,0,0.268352733315813,-1.0029962374987798,0,0.2683504819869995,-1.0030077695846558
baseline_toeplitz_nested_fusion,42,3,210,1,1,0.9425421576872497,2.7975291462355507,1,0.9425420165061951,2.7975261211395264
baseline_toeplitz_nested_fusion,42,3,85,1,1,0.7079893836158784,0.8856389396012345,1,0.7079920172691345,0.8856515288352966
baseline_toeplitz_nested_fusion,42,3,195,0,0,0.32187669900904803,-0.7451605813957731,0,0.32187125086784363,-0.7451854944229126
baseline_toeplitz_nested_fusion,42,3,198,0,0,0.0032536514847481767,-5.724718423445377,0,0.0032535239588469267,-5.724757671356201
baseline_toeplitz_nested_fusion,42,3,282,0,0,0.4021591177667866,-0.3964768096771002,0,0.40215787291526794,-0.3964819312095642
baseline_toeplitz_nested_fusion,42,3,132,1,1,0.7176536958682075,0.9328527885997216,1,0.7176530361175537,0.9328493475914001
baseline_toeplitz_nested_fusion,42,3,207,0,0,0.028708560715881522,-3.521431205629848,0,0.028708187863230705,-3.52144455909729
baseline_toeplitz_nested_fusion,42,3,247,1,1,0.9399616912961715,2.750856283614713,1,0.9399623870849609,2.750868558883667
baseline_toeplitz_nested_fusion,42,3,87,1,0,0.20972537956054946,-1.326581547332497,0,0.20972464978694916,-1.3265860080718994
baseline_toeplitz_nested_fusion,42,3,53,1,1,0.847759511728524,1.7171355706805576,1,0.8477593660354614,1.7171348333358765
baseline_toeplitz_nested_fusion,42,3,127,0,0,0.25079699229977054,-1.0943661688493351,0,0.2507915198802948,-1.0943952798843384
baseline_toeplitz_nested_fusion,42,3,100,1,1,0.8624302459316396,1.8356231805652,1,0.8624303936958313,1.8356244564056396
baseline_toeplitz_nested_fusion,42,3,143,1,1,0.6701470769951517,0.70885033894962,1,0.670153021812439,0.7088771462440491
baseline_toeplitz_nested_fusion,42,3,240,0,0,0.19930319521148632,-1.3906550952877137,0,0.19931165874004364,-1.3906021118164062
baseline_toeplitz_nested_fusion,42,3,271,0,1,0.556104151973628,0.22536564200359566,1,0.5561063289642334,0.22537456452846527
baseline_toeplitz_nested_fusion,42,3,243,0,1,0.6837803945376859,0.7711998792412679,1,0.6837847828865051,0.7712202072143555
baseline_toeplitz_nested_fusion,42,3,30,0,1,0.718268032097298,0.935886652617953,1,0.7182685732841492,0.935889482498169
baseline_toeplitz_nested_fusion,42,3,93,0,0,0.22808072228298223,-1.219180370618947,0,0.22808118164539337,-1.2191777229309082
baseline_toeplitz_nested_fusion,42,3,20,0,0,0.044407658422012296,-3.06891945961834,0,0.04440733417868614,-3.068927049636841
baseline_toeplitz_nested_fusion,42,3,270,1,1,0.8460540780730769,1.7039818952103585,1,0.8460531830787659,1.703974962234497
baseline_toeplitz_nested_fusion,42,3,276,0,0,0.11810816589057906,-2.0104685467430756,0,0.1181076243519783,-2.0104737281799316
baseline_toeplitz_nested_fusion,42,3,185,0,0,0.011854769950689329,-4.423099366849329,0,0.011854534037411213,-4.42311954498291
baseline_toeplitz_nested_fusion,42,3,180,0,0,0.14717069530853924,-1.7569663100421284,0,0.14717358350753784,-1.7569433450698853
baseline_toeplitz_nested_fusion,42,3,142,1,1,0.7737835757237311,1.2298000459826965,1,0.7737851738929749,1.2298091650009155
baseline_toeplitz_nested_fusion,42,3,63,1,1,0.607626291016121,0.43734531515979624,1,0.6076226234436035,0.4373297691345215
baseline_toeplitz_nested_fusion,42,3,293,1,1,0.957404954367523,3.1124885049547695,1,0.9574055075645447,3.1125030517578125
baseline_toeplitz_nested_fusion,42,3,47,1,1,0.5769406838797597,0.3102270638721262,1,0.576934814453125,0.31020310521125793
baseline_toeplitz_nested_fusion,42,3,149,0,0,0.1623623419837819,-1.6407551014709472,0,0.16236171126365662,-1.6407597064971924
baseline_toeplitz_nested_fusion,42,3,144,1,1,0.7862367469158187,1.3023888431758823,1,0.7862375378608704,1.3023934364318848
baseline_toeplitz_nested_fusion,42,3,184,0,0,0.02995654569406416,-3.477593014006656,0,0.029958173632621765,-3.477536916732788
baseline_toeplitz_nested_fusion,42,3,199,0,0,0.41089280010257,-0.3602758168385426,0,0.4108945429325104,-0.36026859283447266
baseline_toeplitz_nested_fusion,42,3,131,1,1,0.8618817094474819,1.8310075373210881,1,0.8618804216384888,1.8309966325759888
baseline_toeplitz_nested_fusion,42,3,305,0,0,0.04668287708678066,-3.0165701712951947,0,0.046682510524988174,-3.016578435897827
baseline_toeplitz_nested_fusion,42,4,29,0,0,0.04079600072602547,-3.157519717904732,0,0.04079588130116463,-3.157522678375244
baseline_toeplitz_nested_fusion,42,4,230,1,1,0.8440318795981625,1.688538635950904,1,0.844031572341919,1.688536286354065
baseline_toeplitz_nested_fusion,42,4,114,0,0,0.16755190407209744,-1.603077694356119,0,0.1675524115562439,-1.603074073791504
baseline_toeplitz_nested_fusion,42,4,175,0,0,0.15592665390207874,-1.6888536643878653,0,0.15592437982559204,-1.6888710260391235
baseline_toeplitz_nested_fusion,42,4,138,1,1,0.9790168444578474,3.842828849346632,1,0.9790168404579163,3.842829704284668
baseline_toeplitz_nested_fusion,42,4,119,1,1,0.7433347130517698,1.0633735812689933,1,0.7433376908302307,1.0633890628814697
baseline_toeplitz_nested_fusion,42,4,213,0,0,0.4514707820190765,-0.19472988954998094,0,0.4514700770378113,-0.19473278522491455
baseline_toeplitz_nested_fusion,42,4,209,0,0,0.1072187673712166,-2.1194702685297093,0,0.10721784830093384,-2.1194798946380615
baseline_toeplitz_nested_fusion,42,4,124,1,1,0.6319765852907419,0.5407057817977869,1,0.6319791674613953,0.5407166481018066
baseline_toeplitz_nested_fusion,42,4,37,1,1,0.8516244042516922,1.74739872147594,1,0.8516253232955933,1.7474056482315063
baseline_toeplitz_nested_fusion,42,4,169,0,0,0.28235241187899074,-0.9328226459677604,0,0.2823520302772522,-0.932824432849884
baseline_toeplitz_nested_fusion,42,4,72,0,0,0.1889443488506863,-1.4568841509920938,0,0.18894171714782715,-1.4569013118743896
baseline_toeplitz_nested_fusion,42,4,90,1,1,0.8417811645542858,1.671540971665341,1,0.841779351234436,1.6715271472930908
baseline_toeplitz_nested_fusion,42,4,123,0,0,0.030297458774081815,-3.465925525782154,0,0.030297251418232918,-3.465932607650757
baseline_toeplitz_nested_fusion,42,4,61,0,0,0.2615218232509516,-1.0380738166174934,0,0.26152169704437256,-1.0380744934082031
baseline_toeplitz_nested_fusion,42,4,158,0,0,0.19862847557099111,-1.394888542429954,0,0.19862623512744904,-1.3949025869369507
baseline_toeplitz_nested_fusion,42,4,284,1,1,0.672931767491175,0.721475127667981,1,0.6729259490966797,0.7214487195014954
baseline_toeplitz_nested_fusion,42,4,297,1,1,0.8516440207662125,1.7475539726805602,1,0.8516437411308289,1.7475515604019165
baseline_toeplitz_nested_fusion,42,4,251,1,1,0.7009054213103489,0.8516131181998066,1,0.7009062767028809,0.8516170978546143
baseline_toeplitz_nested_fusion,42,4,21,0,0,0.012174841053550087,-4.396134103725137,0,0.012174803763628006,-4.396137237548828
baseline_toeplitz_nested_fusion,42,4,194,0,0,0.03826537931760338,-3.2241929974068304,0,0.038265325129032135,-3.2241945266723633
baseline_toeplitz_nested_fusion,42,4,107,1,1,0.5172279291339053,0.06893900678274521,1,0.5172266960144043,0.0689341127872467
baseline_toeplitz_nested_fusion,42,4,252,0,0,0.0722709455362053,-2.552317534388946,0,0.07227125763893127,-2.5523128509521484
baseline_toeplitz_nested_fusion,42,4,212,1,1,0.7212037156172035,0.9504402916890424,1,0.7212061882019043,0.9504526257514954
baseline_toeplitz_nested_fusion,42,4,187,1,0,0.48608610824290477,-0.05566993999579173,0,0.48608464002609253,-0.05567571520805359
baseline_toeplitz_nested_fusion,42,4,147,0,1,0.5065223189921856,0.026090755926016396,1,0.5065251588821411,0.026102054864168167
baseline_toeplitz_nested_fusion,42,4,272,0,0,0.0823306068998062,-2.411094254685744,0,0.08233115077018738,-2.4110870361328125
baseline_toeplitz_nested_fusion,42,4,129,1,1,0.9283513449827848,2.5616358831100454,1,0.9283510446548462,2.561631679534912
baseline_toeplitz_nested_fusion,42,4,74,0,1,0.651801259230978,0.6269662874039473,1,0.6517994403839111,0.626958429813385
baseline_toeplitz_nested_fusion,42,4,280,1,1,0.8853162509731642,2.0437665952265425,1,0.8853154182434082,2.0437588691711426
baseline_toeplitz_nested_fusion,42,4,231,0,0,0.07213069762641103,-2.55441116664655,0,0.07213141024112701,-2.5544004440307617
baseline_toeplitz_nested_fusion,42,4,227,0,0,0.21120520941509602,-1.3176759817194694,0,0.21120668947696686,-1.3176671266555786
baseline_toeplitz_nested_fusion,42,4,88,1,1,0.8702418485457049,1.9030988154683985,1,0.8702424168586731,1.903104305267334
baseline_toeplitz_nested_fusion,42,4,262,1,1,0.9889419402928803,4.4934760770809055,1,0.9889418482780457,4.493467330932617
baseline_toeplitz_nested_fusion,42,4,70,0,0,0.0943457468868193,-2.26169142137013,0,0.09434528648853302,-2.2616968154907227
baseline_toeplitz_nested_fusion,42,4,179,0,0,0.02359655796335357,-3.7227750113605946,0,0.02359636127948761,-3.7227835655212402
baseline_toeplitz_nested_fusion,42,4,249,1,1,0.5648900762109582,0.26103245930780977,1,0.5648894309997559,0.26102975010871887
baseline_toeplitz_nested_fusion,42,4,296,0,0,0.26463895861118725,-1.021995114668568,0,0.2646341621875763,-1.0220197439193726
baseline_toeplitz_nested_fusion,42,4,173,1,1,0.7820898025672931,1.2778865314575298,1,0.7820891737937927,1.2778829336166382
baseline_toeplitz_nested_fusion,42,4,43,0,1,0.704644331199636,0.8695128936901628,1,0.7046436667442322,0.869509756565094
baseline_toeplitz_nested_fusion,42,4,166,1,1,0.8804047882881555,1.9962689835409593,1,0.8804043531417847,1.9962648153305054
baseline_toeplitz_nested_fusion,42,4,108,1,1,0.8553843271593708,1.777471181981631,1,0.8553829789161682,1.777459740638733
baseline_toeplitz_nested_fusion,42,4,2,0,0,0.1440684654170688,-1.7819017491104432,0,0.14406995475292206,-1.78188955783844
baseline_toeplitz_nested_fusion,42,4,219,1,1,0.7160233951654774,0.9248209838141791,1,0.7160239815711975,0.9248237013816833
baseline_toeplitz_nested_fusion,42,4,19,1,1,0.6496507511502634,0.6175044017518221,1,0.6496476531028748,0.6174909472465515
baseline_toeplitz_nested_fusion,42,4,263,1,1,0.5813759578299762,0.3284243919945392,1,0.5813755393028259,0.3284226059913635
baseline_toeplitz_nested_fusion,42,4,218,1,1,0.7639391501581445,1.1743985295007435,1,0.7639403939247131,1.1744053363800049
baseline_toeplitz_nested_fusion,42,4,49,1,1,0.7674489946676566,1.1939624420527988,1,0.7674473524093628,1.1939531564712524
baseline_toeplitz_nested_fusion,42,4,311,0,0,0.10103571555316389,-2.185769231921223,0,0.10103652626276016,-2.185760259628296
baseline_toeplitz_nested_fusion,42,4,170,1,0,0.2796163120950551,-0.946365620453097,0,0.2796166241168976,-0.9463641047477722
baseline_toeplitz_nested_fusion,42,4,91,1,1,0.9848824877739906,4.176668510405647,1,0.9848825335502625,4.176673412322998
baseline_toeplitz_nested_fusion,42,4,259,0,0,0.403992640722504,-0.38885635300832,0,0.4039916694164276,-0.388860285282135
baseline_toeplitz_nested_fusion,42,4,257,0,0,0.1711833185925823,-1.5772639776506352,0,0.17118407785892487,-1.5772587060928345
baseline_toeplitz_nested_fusion,42,4,111,0,0,0.2074874663265631,-1.3401373863862533,0,0.20748764276504517,-1.340136170387268
baseline_toeplitz_nested_fusion,42,4,130,1,1,0.9347741365643368,2.66244886619769,1,0.9347740411758423,2.662447929382324
baseline_toeplitz_nested_fusion,42,4,291,1,0,0.47412909591664426,-0.10357611424772482,0,0.47413110733032227,-0.10356805473566055
baseline_toeplitz_nested_fusion,42,4,313,0,0,0.12117949786371612,-1.9813077701478545,0,0.12117844074964523,-1.9813176393508911
baseline_toeplitz_nested_fusion,42,4,315,0,0,0.4389628471569832,-0.24537235055958706,0,0.4389638900756836,-0.24536803364753723
baseline_toeplitz_nested_fusion,42,4,105,0,0,0.38079268150239703,-0.48618505749592217,0,0.3807945251464844,-0.4861771762371063
baseline_toeplitz_nested_fusion,42,4,136,0,0,0.2600527274901546,-1.0456945218006588,0,0.2600545287132263,-1.0456851720809937
baseline_toeplitz_nested_fusion,42,4,46,1,1,0.67169699046781,0.7158703403079698,1,0.6716983914375305,0.7158766388893127
baseline_toeplitz_nested_fusion,42,4,264,1,1,0.6923534837208724,0.8111451903492799,1,0.6923554539680481,0.8111546039581299
baseline_toeplitz_nested_fusion,42,4,75,0,0,0.01775872248737197,-4.01296017533038,0,0.017758700996637344,-4.012961387634277
baseline_toeplitz_nested_fusion,42,5,145,1,1,0.5776567725638255,0.3131615545832436,1,0.5776535272598267,0.3131480813026428
baseline_toeplitz_nested_fusion,42,5,151,1,1,0.7916925113311551,1.335157774176387,1,0.7916882038116455,1.3351315259933472
baseline_toeplitz_nested_fusion,42,5,286,0,0,0.20041872333882674,-1.3836793917897354,0,0.20041795074939728,-1.3836842775344849
baseline_toeplitz_nested_fusion,42,5,283,0,0,0.00509621537060755,-5.274147853563113,0,0.005096190609037876,-5.274152755737305
baseline_toeplitz_nested_fusion,42,5,236,1,1,0.8796380115968064,1.989006700295669,1,0.8796378374099731,1.9890044927597046
baseline_toeplitz_nested_fusion,42,5,64,0,0,0.3995518829165717,-0.4073326118569073,0,0.3995485007762909,-0.4073467254638672
baseline_toeplitz_nested_fusion,42,5,229,0,0,0.013668958870637444,-4.278864553550417,0,0.013669455423951149,-4.278827667236328
baseline_toeplitz_nested_fusion,42,5,115,0,0,0.45111936219688287,-0.1961490347137515,0,0.4511118233203888,-0.19617940485477448
baseline_toeplitz_nested_fusion,42,5,12,0,0,0.16686542265140714,-1.6080075514027408,0,0.16686592996120453,-1.6080039739608765
baseline_toeplitz_nested_fusion,42,5,279,0,0,0.4154560326716533,-0.3414552093834186,0,0.4154554307460785,-0.3414577543735504
baseline_toeplitz_nested_fusion,42,5,225,0,1,0.6984920829576927,0.8401275696151811,1,0.6984893083572388,0.8401144742965698
baseline_toeplitz_nested_fusion,42,5,181,1,1,0.9869481180469848,4.325685138419622,1,0.9869483709335327,4.325704574584961
baseline_toeplitz_nested_fusion,42,5,42,0,0,0.41901672597488154,-0.32681113026484276,0,0.419018417596817,-0.32680416107177734
baseline_toeplitz_nested_fusion,42,5,125,1,1,0.9971017517485133,5.840746319408081,1,0.9971017241477966,5.840733528137207
baseline_toeplitz_nested_fusion,42,5,27,0,0,0.39946778885876727,-0.40768314729959276,0,0.3994664251804352,-0.40768882632255554
baseline_toeplitz_nested_fusion,42,5,176,1,1,0.7692052687555161,1.2038291572040851,1,0.769202709197998,1.2038148641586304
baseline_toeplitz_nested_fusion,42,5,168,1,1,0.97386278134802,3.6179101115999925,1,0.9738625884056091,3.6179027557373047
baseline_toeplitz_nested_fusion,42,5,150,1,1,0.9862922128786501,4.275988598269488,1,0.9862926006317139,4.276021957397461
baseline_toeplitz_nested_fusion,42,5,196,0,0,0.39289185108501923,-0.4351725588168679,0,0.39289090037345886,-0.43517667055130005
baseline_toeplitz_nested_fusion,42,5,84,1,1,0.978521168445837,3.8189745489283604,1,0.9785212278366089,3.8189778327941895
baseline_toeplitz_nested_fusion,42,5,133,0,0,0.24655132286995005,-1.1170907249327002,0,0.24655385315418243,-1.117077112197876
baseline_toeplitz_nested_fusion,42,5,65,0,0,0.3308972527754898,-0.7041297190178271,0,0.3308982849121094,-0.7041250467300415
baseline_toeplitz_nested_fusion,42,5,300,0,1,0.9340381168935801,2.6504402012728008,1,0.9340384602546692,2.6504464149475098
baseline_toeplitz_nested_fusion,42,5,299,1,1,0.6767023237258197,0.7386579799570023,1,0.6766924262046814,0.7386126518249512
baseline_toeplitz_nested_fusion,42,5,177,1,1,0.8444965318691721,1.6920725950498483,1,0.8444941639900208,1.6920546293258667
baseline_toeplitz_nested_fusion,42,5,71,1,1,0.5262415124279887,0.10506258450821843,1,0.5262402296066284,0.10505738854408264
baseline_toeplitz_nested_fusion,42,5,39,1,1,0.6954932942579741,0.8259282606549836,1,0.6954908967018127,0.8259168863296509
baseline_toeplitz_nested_fusion,42,5,33,1,1,0.9839397201245695,4.115215499909332,1,0.983939528465271,4.115203857421875
baseline_toeplitz_nested_fusion,42,5,155,1,0,0.32385559364084354,-0.736108954304396,0,0.3238546848297119,-0.7361131906509399
baseline_toeplitz_nested_fusion,42,5,77,1,1,0.9988670669186666,6.781811786599247,1,0.9988670349121094,6.7818098068237305
baseline_toeplitz_nested_fusion,42,5,24,1,1,0.7865142648299515,1.3040408431901744,1,0.7865134477615356,1.304036021232605
baseline_toeplitz_nested_fusion,42,5,31,0,0,0.07788241971092344,-2.47147249309831,0,0.07788456231355667,-2.471442699432373
baseline_toeplitz_nested_fusion,42,5,178,1,1,0.9950394744316953,5.301270712692237,1,0.9950396418571472,5.3013081550598145
baseline_toeplitz_nested_fusion,42,5,44,1,1,0.715646457661265,0.9229679394517386,1,0.7156429290771484,0.9229503870010376
baseline_toeplitz_nested_fusion,42,5,217,0,0,0.018625806076389802,-3.964405785545239,0,0.018625745549798012,-3.964409112930298
baseline_toeplitz_nested_fusion,42,5,94,0,1,0.5744422688437643,0.299998985643506,1,0.5744474530220032,0.3000202476978302
baseline_toeplitz_nested_fusion,42,5,118,0,0,0.1940906995608613,-1.4236456323842088,0,0.19409285485744476,-1.4236317873001099
baseline_toeplitz_nested_fusion,42,5,275,0,1,0.6688021088398017,0.7027721597141803,1,0.6688039898872375,0.7027806043624878
baseline_toeplitz_nested_fusion,42,5,15,1,1,0.9108791906245057,2.3244174186388236,1,0.9108799695968628,2.3244266510009766
baseline_toeplitz_nested_fusion,42,5,285,0,0,0.0858002329059428,-2.3660273901211424,0,0.0857936441898346,-2.3661115169525146
baseline_toeplitz_nested_fusion,42,5,164,1,1,0.882818208204611,2.019392794719165,1,0.8828117847442627,2.0193300247192383
baseline_toeplitz_nested_fusion,42,5,73,0,0,0.0996878621812896,-2.2006975968556883,0,0.09968804568052292,-2.200695514678955
baseline_toeplitz_nested_fusion,42,5,76,0,1,0.6422477903492512,0.5851336005607354,1,0.6422492265701294,0.5851399302482605
baseline_toeplitz_nested_fusion,42,5,34,1,1,0.9679399643247697,3.407559805082288,1,0.9679401516914368,3.4075675010681152
baseline_toeplitz_nested_fusion,42,5,92,0,1,0.6327103723810624,0.5438620569638135,1,0.6327095031738281,0.5438582301139832
baseline_toeplitz_nested_fusion,42,5,59,0,0,0.0046764328730071305,-5.360532264707243,0,0.004676487762480974,-5.360520362854004
baseline_toeplitz_nested_fusion,42,5,66,0,1,0.8617734900591466,1.8300987476255497,1,0.8617722392082214,1.8300880193710327
baseline_toeplitz_nested_fusion,42,5,292,1,0,0.42370651805692955,-0.3075760070236919,0,0.4237024486064911,-0.3075926899909973
baseline_toeplitz_nested_fusion,42,5,26,0,0,0.17019882309080475,-1.5842188249471783,0,0.17019709944725037,-1.5842310190200806
baseline_toeplitz_nested_fusion,42,5,69,1,1,0.74488350879915,1.0715075730426424,1,0.7448880076408386,1.0715314149856567
baseline_toeplitz_nested_fusion,42,5,121,1,0,0.3921343337334404,-0.4383494447321785,0,0.39213860034942627,-0.4383315145969391
baseline_toeplitz_nested_fusion,42,5,57,0,0,0.0003087975270230752,-8.082515902975887,0,0.0003088002558797598,-8.082507133483887
baseline_toeplitz_nested_fusion,42,5,203,0,0,0.12603670988959012,-1.9364651597635423,0,0.1260341852903366,-1.9364880323410034
baseline_toeplitz_nested_fusion,42,5,3,1,1,0.9970138281438339,5.81077238818397,1,0.9970138072967529,5.810771942138672
baseline_toeplitz_nested_fusion,42,5,245,1,1,0.6874344377669099,0.7881522154276503,1,0.6874334812164307,0.7881479263305664
baseline_toeplitz_nested_fusion,42,5,273,1,1,0.9527901345316983,3.0047917788915806,1,0.9527884721755981,3.0047543048858643
baseline_toeplitz_nested_fusion,42,5,303,0,0,0.3042050413018227,-0.8273530653451509,0,0.30420535802841187,-0.8273515701293945
baseline_toeplitz_nested_fusion,42,5,28,0,0,0.007508738100174383,-4.884150786004941,0,0.007508878596127033,-4.884131908416748
baseline_toeplitz_nested_fusion,42,5,222,1,1,0.8552549561134725,1.7764257420294003,1,0.8552477955818176,1.7763676643371582
baseline_toeplitz_nested_fusion,42,5,266,1,1,0.9860426134007301,4.2576906986749865,1,0.9860424399375916,4.257676601409912
baseline_toeplitz_nested_fusion,42,5,159,0,1,0.5912828926842932,0.3692713231311393,1,0.5912845730781555,0.3692782521247864
baseline_toeplitz_nested_fusion,42,5,16,1,1,0.7428668698511455,1.0609228825442902,1,0.7428691983222961,1.0609350204467773
baseline_toeplitz_nested_fusion,43,1,150,1,1,0.9815590869867798,3.9745704830539985,1,0.9815590977668762,3.9745728969573975
baseline_toeplitz_nested_fusion,43,1,89,1,1,0.7782138943757791,1.2552879856560433,1,0.778208315372467,1.255255937576294
baseline_toeplitz_nested_fusion,43,1,308,0,0,0.03604541751225951,-3.286264439025368,0,0.03604485094547272,-3.286280870437622
baseline_toeplitz_nested_fusion,43,1,181,1,1,0.9481402938196847,2.9059603661046696,1,0.9481403231620789,2.9059619903564453
baseline_toeplitz_nested_fusion,43,1,55,0,0,0.2803146972904126,-0.9429011459533825,0,0.2803191542625427,-0.9428790211677551
baseline_toeplitz_nested_fusion,43,1,3,1,1,0.9955646974939488,5.413714289100546,1,0.9955646991729736,5.413713455200195
baseline_toeplitz_nested_fusion,43,1,229,0,0,0.0241679072114861,-3.6982649307717352,0,0.024168508127331734,-3.69823956489563
baseline_toeplitz_nested_fusion,43,1,115,0,0,0.3013656548686238,-0.8408031662591762,0,0.3013579249382019,-0.8408399224281311
baseline_toeplitz_nested_fusion,43,1,264,1,1,0.6613292934821752,0.6692236224186101,1,0.6613254547119141,0.6692066192626953
baseline_toeplitz_nested_fusion,43,1,133,0,0,0.16493321156744215,-1.62197109422235,0,0.16493085026741028,-1.621988296508789
baseline_toeplitz_nested_fusion,43,1,252,0,0,0.0542288812913858,-2.858786961703215,0,0.05422884225845337,-2.858787775039673
baseline_toeplitz_nested_fusion,43,1,278,0,0,0.15373895319198727,-1.7055718230289079,0,0.1537342518568039,-1.7056078910827637
baseline_toeplitz_nested_fusion,43,1,245,1,1,0.5540617937824276,0.21709583031125088,1,0.5540663003921509,0.21711404621601105
baseline_toeplitz_nested_fusion,43,1,135,0,0,0.43717117580794507,-0.2526507145689134,0,0.43717139959335327,-0.25264978408813477
baseline_toeplitz_nested_fusion,43,1,279,0,1,0.5580570888363486,0.23328055341802562,1,0.5580558180809021,0.2332753986120224
baseline_toeplitz_nested_fusion,43,1,307,0,1,0.5269588072871096,0.10793990805786091,1,0.5269574522972107,0.1079343855381012
baseline_toeplitz_nested_fusion,43,1,163,1,1,0.9341359356749661,2.652028982416774,1,0.9341372847557068,2.6520512104034424
baseline_toeplitz_nested_fusion,43,1,145,1,1,0.7966964971532632,1.3657738492563212,1,0.7966926693916321,1.3657503128051758
baseline_toeplitz_nested_fusion,43,1,247,1,1,0.8959466166737732,2.1529767629337426,1,0.8959475159645081,2.1529862880706787
baseline_toeplitz_nested_fusion,43,1,295,1,1,0.9084479906648331,2.2948304198845513,1,0.9084485769271851,2.294837236404419
baseline_toeplitz_nested_fusion,43,1,273,1,1,0.9712533930575702,3.5200676542865432,1,0.9712527394294739,3.5200436115264893
baseline_toeplitz_nested_fusion,43,1,37,1,1,0.857945734821524,1.79833171761401,1,0.857948362827301,1.7983530759811401
baseline_toeplitz_nested_fusion,43,1,168,1,1,0.9732736281733164,3.595014476987652,1,0.9732741713523865,3.595034599304199
baseline_toeplitz_nested_fusion,43,1,304,1,1,0.9901800962742672,4.613475523591129,1,0.9901801347732544,4.6134843826293945
baseline_toeplitz_nested_fusion,43,1,84,1,1,0.960612749201414,3.194129181118594,1,0.960613489151001,3.1941468715667725
baseline_toeplitz_nested_fusion,43,1,76,0,1,0.5909634665482311,0.3679497232675193,1,0.5909614562988281,0.3679414391517639
baseline_toeplitz_nested_fusion,43,1,175,0,0,0.10378413272696571,-2.1558682121085244,0,0.10378026962280273,-2.155909776687622
baseline_toeplitz_nested_fusion,43,1,182,0,0,0.07296651233397711,-2.541989088941704,0,0.072965607047081,-2.5420024394989014
baseline_toeplitz_nested_fusion,43,1,230,1,1,0.8787930497246875,1.98105001415739,1,0.8787923455238342,1.9810431003570557
baseline_toeplitz_nested_fusion,43,1,302,1,1,0.9600760313639838,3.180035619431453,1,0.9600757360458374,3.1800265312194824
baseline_toeplitz_nested_fusion,43,1,147,0,0,0.36883710370990186,-0.537208891782917,0,0.3688426613807678,-0.5371851325035095
baseline_toeplitz_nested_fusion,43,1,167,0,0,0.0237470864373815,-3.7162618389580695,0,0.023746611550450325,-3.716282367706299
baseline_toeplitz_nested_fusion,43,1,232,1,0,0.40635876017717876,-0.3790387483617478,0,0.4063551723957062,-0.3790537118911743
baseline_toeplitz_nested_fusion,43,1,154,1,1,0.7634448562028868,1.1716595501236065,1,0.7634530663490295,1.1717050075531006
baseline_toeplitz_nested_fusion,43,1,119,1,1,0.7834684650740031,1.2859946175050398,1,0.7834798097610474,1.2860615253448486
baseline_toeplitz_nested_fusion,43,1,206,1,1,0.6260685596424631,0.5153874192405025,1,0.6260618567466736,0.5153589248657227
baseline_toeplitz_nested_fusion,43,1,69,1,1,0.6012458369389896,0.41065880306305247,1,0.6012504696846008,0.41067802906036377
baseline_toeplitz_nested_fusion,43,1,26,0,0,0.08954713752002273,-2.3191769639636144,0,0.0895458459854126,-2.319192886352539
baseline_toeplitz_nested_fusion,43,1,65,0,0,0.19911257456036757,-1.3918500285848208,0,0.19911201298236847,-1.3918535709381104
baseline_toeplitz_nested_fusion,43,1,274,1,1,0.9667107515786054,3.368664856723698,1,0.9667099118232727,3.368637800216675
baseline_toeplitz_nested_fusion,43,1,101,1,1,0.9721170888025272,3.551462259647785,1,0.9721179604530334,3.5514931678771973
baseline_toeplitz_nested_fusion,43,1,208,0,0,0.06368452610738234,-2.688010849630592,0,0.06368577480316162,-2.6879899501800537
baseline_toeplitz_nested_fusion,43,1,30,0,1,0.7504668878800281,1.1011039097267237,1,0.7504628896713257,1.101082682609558
baseline_toeplitz_nested_fusion,43,1,6,0,1,0.7747594051026793,1.2353833945727397,1,0.7747557759284973,1.2353628873825073
baseline_toeplitz_nested_fusion,43,1,48,0,0,0.00023516380964165874,-8.354993032885286,0,0.00023516138026025146,-8.355003356933594
baseline_toeplitz_nested_fusion,43,1,105,0,0,0.4901284936606298,-0.03949115693152626,0,0.4901309311389923,-0.039481427520513535
baseline_toeplitz_nested_fusion,43,1,227,0,0,0.11240937037681943,-2.0663633336945484,0,0.11240766942501068,-2.066380500793457
baseline_toeplitz_nested_fusion,43,1,285,0,0,0.12329896857081456,-1.9615539901492032,0,0.12329434603452682,-1.9615967273712158
baseline_toeplitz_nested_fusion,43,1,290,0,0,0.191979781515833,-1.4371970192066468,0,0.19197912514209747,-1.4372012615203857
baseline_toeplitz_nested_fusion,43,1,246,0,0,0.12794258784437007,-1.9192736305366795,0,0.12794233858585358,-1.9192758798599243
baseline_toeplitz_nested_fusion,43,1,138,1,1,0.994662376578659,5.227622857831425,1,0.994662344455719,5.227621555328369
baseline_toeplitz_nested_fusion,43,1,22,1,1,0.8280280708736317,1.5717157950911325,1,0.8280304670333862,1.5717331171035767
baseline_toeplitz_nested_fusion,43,1,207,0,0,0.021064386742844,-3.838882090103687,0,0.021064501255750656,-3.838876485824585
baseline_toeplitz_nested_fusion,43,1,121,1,0,0.359790818038433,-0.5762721682014476,0,0.3597918748855591,-0.5762674808502197
baseline_toeplitz_nested_fusion,43,1,170,1,0,0.22246673388727353,-1.2513488493256977,0,0.2224632203578949,-1.2513692378997803
baseline_toeplitz_nested_fusion,43,1,253,1,1,0.8017763974790673,1.3974340636871851,1,0.8017836809158325,1.3974800109863281
baseline_toeplitz_nested_fusion,43,1,314,0,0,0.09431173322911737,-2.2620895640370238,0,0.09431308507919312,-2.2620737552642822
baseline_toeplitz_nested_fusion,43,1,291,1,0,0.36127079377136334,-0.5698527887556697,0,0.36127322912216187,-0.5698422193527222
baseline_toeplitz_nested_fusion,43,1,132,1,1,0.7563183785907128,1.1325998802576833,1,0.7563191056251526,1.132603645324707
baseline_toeplitz_nested_fusion,43,1,130,1,1,0.9456752417796309,2.8569191383780854,1,0.9456756114959717,2.8569257259368896
baseline_toeplitz_nested_fusion,43,1,271,0,0,0.3209047019891896,-0.7496172677273583,0,0.32090601325035095,-0.7496111989021301
baseline_toeplitz_nested_fusion,43,1,43,0,1,0.8289381839927651,1.578120597101532,1,0.8289424777030945,1.5781511068344116
baseline_toeplitz_nested_fusion,43,1,139,0,0,0.11511349966027798,-2.0395407933672898,0,0.11511704325675964,-2.039505958557129
baseline_toeplitz_nested_fusion,43,1,62,0,0,0.2039272253993357,-1.3619274150836136,0,0.20392948389053345,-1.3619135618209839
baseline_toeplitz_nested_fusion,43,2,165,1,1,0.6440710479713952,0.5930779049748339,1,0.6440725326538086,0.5930845141410828
baseline_toeplitz_nested_fusion,43,2,191,0,0,0.23540004916827495,-1.1780663532591005,0,0.23540134727954865,-1.1780591011047363
baseline_toeplitz_nested_fusion,43,2,14,1,1,0.8678397342064978,1.8819917386816802,1,0.8678364753723145,1.8819630146026611
baseline_toeplitz_nested_fusion,43,2,152,0,0,0.41207541496769634,-0.3553923042885014,0,0.4120670557022095,-0.35542675852775574
baseline_toeplitz_nested_fusion,43,2,205,1,1,0.6725130621552742,0.7195733647302669,1,0.6725090742111206,0.7195552587509155
baseline_toeplitz_nested_fusion,43,2,309,0,1,0.8805858744168158,1.99798995365304,1,0.8805814385414124,1.997947335243225
baseline_toeplitz_nested_fusion,43,2,284,1,1,0.7021181827944409,0.8574049201296798,1,0.7021140456199646,0.8573850989341736
baseline_toeplitz_nested_fusion,43,2,134,0,1,0.7747048193440483,1.2350706221114742,1,0.7747105956077576,1.2351034879684448
baseline_toeplitz_nested_fusion,43,2,184,0,0,0.12538734794528023,-1.9423733754479584,0,0.12538890540599823,-1.9423590898513794
baseline_toeplitz_nested_fusion,43,2,2,0,0,0.15865285358237116,-1.668285848426089,0,0.1586533784866333,-1.66828191280365
baseline_toeplitz_nested_fusion,43,2,296,0,0,0.07481684284963552,-2.5149486942219648,0,0.07481484860181808,-2.51497745513916
baseline_toeplitz_nested_fusion,43,2,68,0,0,0.056906543621898995,-2.807755046445509,0,0.056908801198005676,-2.807713031768799
baseline_toeplitz_nested_fusion,43,2,67,0,1,0.5285426161581264,0.11429472434815377,1,0.5285337567329407,0.11425913870334625
baseline_toeplitz_nested_fusion,43,2,289,0,0,0.4026159837967978,-0.394576935971507,0,0.4026145339012146,-0.39458292722702026
baseline_toeplitz_nested_fusion,43,2,186,0,0,0.2799743773455376,-0.9445887088952057,0,0.2799750566482544,-0.9445853233337402
baseline_toeplitz_nested_fusion,43,2,300,0,1,0.9754925492914814,3.683965340328289,1,0.9754930138587952,3.683985710144043
baseline_toeplitz_nested_fusion,43,2,56,1,1,0.679643124030608,0.7521322310202821,1,0.6796430349349976,0.7521318197250366
baseline_toeplitz_nested_fusion,43,2,297,1,1,0.933222384932619,2.6372756065416563,1,0.9332223534584045,2.637274742126465
baseline_toeplitz_nested_fusion,43,2,292,1,1,0.531795159163279,0.12735248177517708,1,0.5317908525466919,0.12733526527881622
baseline_toeplitz_nested_fusion,43,2,305,0,0,0.007996461252079123,-4.820727574237736,0,0.007996470667421818,-4.82072639465332
baseline_toeplitz_nested_fusion,43,2,98,1,1,0.9979281243068269,6.17722692503,1,0.9979280233383179,6.177206516265869
baseline_toeplitz_nested_fusion,43,2,221,1,0,0.49938160312627666,-0.002473588756142925,0,0.49938398599624634,-0.002464164048433304
baseline_toeplitz_nested_fusion,43,2,11,1,1,0.8728459639925787,1.9263598623588136,1,0.872847318649292,1.926371693611145
baseline_toeplitz_nested_fusion,43,2,157,0,0,0.12375630403229076,-1.95732990216581,0,0.12375552952289581,-1.9573370218276978
baseline_toeplitz_nested_fusion,43,2,35,1,1,0.9872907358732093,4.352633374937547,1,0.9872907996177673,4.352640628814697
baseline_toeplitz_nested_fusion,43,2,47,1,1,0.5224401742036874,0.08982103645326048,1,0.5224261283874512,0.08976468443870544
baseline_toeplitz_nested_fusion,43,2,75,0,0,0.0021839710006614226,-6.124424139929721,0,0.0021839754190295935,-6.124422073364258
baseline_toeplitz_nested_fusion,43,2,269,0,0,0.05841528594853864,-2.77998672052037,0,0.058413680642843246,-2.7800159454345703
baseline_toeplitz_nested_fusion,43,2,199,0,0,0.3016119153413966,-0.8396338010136635,0,0.30161094665527344,-0.839638352394104
baseline_toeplitz_nested_fusion,43,2,148,0,1,0.7559295279696139,1.130491151473693,1,0.7559283375740051,1.130484938621521
baseline_toeplitz_nested_fusion,43,2,114,0,0,0.049268213361618206,-2.9599528760864047,0,0.04926778003573418,-2.9599621295928955
baseline_toeplitz_nested_fusion,43,2,81,1,0,0.4497370463186585,-0.2017331911204785,0,0.4497245252132416,-0.20178376138210297
baseline_toeplitz_nested_fusion,43,2,110,1,1,0.5157604954024704,0.06306287299958446,1,0.5157673954963684,0.06309054791927338
baseline_toeplitz_nested_fusion,43,2,51,0,1,0.7473504734205212,1.0845309917806643,1,0.7473481893539429,1.0845186710357666
baseline_toeplitz_nested_fusion,43,2,60,1,1,0.7667303071644156,1.189939854965673,1,0.7667295932769775,1.189935564994812
baseline_toeplitz_nested_fusion,43,2,17,0,0,0.4587171768454907,-0.16550807302118675,0,0.4587111175060272,-0.1655324548482895
baseline_toeplitz_nested_fusion,43,2,159,0,1,0.5702044339615483,0.2826852847813567,1,0.5702023506164551,0.2826767861843109
baseline_toeplitz_nested_fusion,43,2,77,1,1,0.9958714634351729,5.485695194958737,1,0.995871365070343,5.485670566558838
baseline_toeplitz_nested_fusion,43,2,29,0,0,0.007957081037009997,-4.8257041427218645,0,0.007956968620419502,-4.825718402862549
baseline_toeplitz_nested_fusion,43,2,103,0,0,0.07783986201011135,-2.472065228791775,0,0.07783707231283188,-2.472104072570801
baseline_toeplitz_nested_fusion,43,2,16,1,1,0.6080933192959506,0.4393046038512001,1,0.6080883741378784,0.43928372859954834
baseline_toeplitz_nested_fusion,43,2,236,1,1,0.786783735009025,1.3056464347609227,1,0.7867887020111084,1.3056758642196655
baseline_toeplitz_nested_fusion,43,2,287,1,1,0.5227292968212293,0.09097989134573164,1,0.5227271914482117,0.09097154438495636
baseline_toeplitz_nested_fusion,43,2,277,1,1,0.9807948522489713,3.933184961514641,1,0.9807948470115662,3.9331860542297363
baseline_toeplitz_nested_fusion,43,2,86,1,1,0.9389606625909855,2.73325505356835,1,0.9389582276344299,2.7332136631011963
baseline_toeplitz_nested_fusion,43,2,164,1,1,0.8053663497312699,1.4201781917374232,1,0.805357038974762,1.4201189279556274
baseline_toeplitz_nested_fusion,43,2,7,1,1,0.643639922007355,0.5911977677050487,1,0.6436339616775513,0.5911717414855957
baseline_toeplitz_nested_fusion,43,2,250,1,0,0.23483815502803762,-1.1811907986336552,0,0.2348330020904541,-1.181219458580017
baseline_toeplitz_nested_fusion,43,2,197,1,1,0.9836695413251669,4.098258014208678,1,0.9836698770523071,4.098281383514404
baseline_toeplitz_nested_fusion,43,2,215,0,0,0.13028365738811137,-1.8984530622070797,0,0.1302824765443802,-1.898463487625122
baseline_toeplitz_nested_fusion,43,2,143,1,1,0.8599523896423761,1.814894588053843,1,0.8599535822868347,1.8149044513702393
baseline_toeplitz_nested_fusion,43,2,79,1,1,0.9896711173191812,4.562428568480602,1,0.9896713495254517,4.562448978424072
baseline_toeplitz_nested_fusion,43,2,283,0,0,0.019888551814299577,-3.8975220073606187,0,0.01988903433084488,-3.8974971771240234
baseline_toeplitz_nested_fusion,43,2,45,0,0,0.3123206723702131,-0.7892921796695005,0,0.3123094439506531,-0.7893445491790771
baseline_toeplitz_nested_fusion,43,2,188,1,1,0.8417391699122201,1.6712256965450063,1,0.8417410850524902,1.671239972114563
baseline_toeplitz_nested_fusion,43,2,303,0,0,0.4028338591728068,-0.39367115069218805,0,0.4028392434120178,-0.39364874362945557
baseline_toeplitz_nested_fusion,43,2,9,0,0,0.03791379626365916,-3.23378899216373,0,0.03791432082653046,-3.2337746620178223
baseline_toeplitz_nested_fusion,43,2,12,0,0,0.23966429440724063,-1.1545208827947326,0,0.23967178165912628,-1.1544798612594604
baseline_toeplitz_nested_fusion,43,2,187,1,1,0.7457548876774035,1.0760981665755311,1,0.7457541823387146,1.0760945081710815
baseline_toeplitz_nested_fusion,43,2,162,1,1,0.6607811427377661,0.6667771890641154,1,0.6607821583747864,0.6667816638946533
baseline_toeplitz_nested_fusion,43,2,212,1,1,0.5550583610318423,0.2211301380509859,1,0.5550533533096313,0.22110988199710846
baseline_toeplitz_nested_fusion,43,2,228,0,1,0.5699311370531172,0.28157019908905817,1,0.5699394345283508,0.28160417079925537
baseline_toeplitz_nested_fusion,43,2,158,0,0,0.18606281890294676,-1.475798837194528,0,0.18606023490428925,-1.4758158922195435
baseline_toeplitz_nested_fusion,43,2,50,1,1,0.9607096926014902,3.1966944170924516,1,0.9607093930244446,3.196686267852783
baseline_toeplitz_nested_fusion,43,3,257,0,0,0.06773143617752676,-2.6220705143297827,0,0.06773050129413605,-2.6220853328704834
baseline_toeplitz_nested_fusion,43,3,301,1,0,0.4186406707330379,-0.32835606834266673,0,0.4186413586139679,-0.3283531367778778
baseline_toeplitz_nested_fusion,43,3,20,0,0,0.05176435860370218,-2.9079011836397117,0,0.05176476761698723,-2.907892942428589
baseline_toeplitz_nested_fusion,43,3,53,1,1,0.836968457537378,1.6358426905124963,1,0.8369686007499695,1.6358436346054077
baseline_toeplitz_nested_fusion,43,3,126,0,0,0.10662176774006996,-2.1257223524922635,0,0.10662303119897842,-2.125709056854248
baseline_toeplitz_nested_fusion,43,3,268,1,1,0.7723029915267946,1.2213611141321987,1,0.7723013758659363,1.221351981163025
baseline_toeplitz_nested_fusion,43,3,155,1,0,0.34016224472717715,-0.6625712852911222,0,0.34016233682632446,-0.6625708341598511
baseline_toeplitz_nested_fusion,43,3,263,1,1,0.7345697651775861,1.017932937205003,1,0.7345700860023499,1.0179343223571777
baseline_toeplitz_nested_fusion,43,3,225,0,1,0.6236630885320783,0.5051255170119333,1,0.6236622333526611,0.5051218271255493
baseline_toeplitz_nested_fusion,43,3,180,0,0,0.25458768157739076,-1.0742922113135154,0,0.2545889616012573,-1.0742855072021484
baseline_toeplitz_nested_fusion,43,3,195,0,0,0.20219258888680922,-1.372646575340613,0,0.20219109952449799,-1.3726558685302734
baseline_toeplitz_nested_fusion,43,3,128,1,1,0.9498253004216447,2.9407671662032002,1,0.949824333190918,2.9407455921173096
baseline_toeplitz_nested_fusion,43,3,41,1,1,0.5481153695841328,0.19305888841864863,1,0.5481189489364624,0.1930733025074005
baseline_toeplitz_nested_fusion,43,3,194,0,0,0.039809984682417136,-3.183013445253351,0,0.03980971872806549,-3.1830203533172607
baseline_toeplitz_nested_fusion,43,3,193,1,1,0.8676322485747802,1.8801839035876613,1,0.8676319718360901,1.8801820278167725
baseline_toeplitz_nested_fusion,43,3,66,0,1,0.810525331079372,1.4534272519871205,1,0.8105247020721436,1.453423023223877
baseline_toeplitz_nested_fusion,43,3,282,0,0,0.19751907973982194,-1.401872893392137,0,0.19751907885074615,-1.4018728733062744
baseline_toeplitz_nested_fusion,43,3,286,0,0,0.2603673184132557,-1.044060289596098,0,0.260367751121521,-1.044058084487915
baseline_toeplitz_nested_fusion,43,3,293,1,1,0.9560733764158548,3.0803140676448355,1,0.956074059009552,3.0803287029266357
baseline_toeplitz_nested_fusion,43,3,95,0,0,0.3236960075809932,-0.7368378407337677,0,0.32369258999824524,-0.7368534207344055
baseline_toeplitz_nested_fusion,43,3,104,1,0,0.15168926468357666,-1.7214128847303836,0,0.15168717503547668,-1.7214291095733643
baseline_toeplitz_nested_fusion,43,3,117,0,0,0.0026450428006416834,-5.93241948497864,0,0.002644999185577035,-5.932435989379883
baseline_toeplitz_nested_fusion,43,3,13,0,0,0.08532197220793358,-2.3721401123964925,0,0.0853232890367508,-2.3721232414245605
baseline_toeplitz_nested_fusion,43,3,33,1,1,0.9509808739973795,2.965283402341661,1,0.9509802460670471,2.965270519256592
baseline_toeplitz_nested_fusion,43,3,74,0,1,0.5520315055576617,0.2088822148974042,1,0.5520291924476624,0.20887282490730286
baseline_toeplitz_nested_fusion,43,3,223,1,1,0.5506548615929906,0.20331695251970597,1,0.5506539940834045,0.2033134549856186
baseline_toeplitz_nested_fusion,43,3,178,1,1,0.9341900910452415,2.6529095221127275,1,0.9341894388198853,2.652898073196411
baseline_toeplitz_nested_fusion,43,3,38,0,0,0.3483192719398323,-0.6264352538253372,0,0.3483155071735382,-0.626451849937439
baseline_toeplitz_nested_fusion,43,3,88,1,1,0.8180544359546147,1.503221338324187,1,0.8180572986602783,1.5032405853271484
baseline_toeplitz_nested_fusion,43,3,177,1,1,0.6410759366627518,0.580037072459946,1,0.6410766839981079,0.5800402760505676
baseline_toeplitz_nested_fusion,43,3,313,0,0,0.06533445554281278,-2.660669211742972,0,0.06533396989107132,-2.660677194595337
baseline_toeplitz_nested_fusion,43,3,171,1,0,0.17823639018275308,-1.5283420704310817,0,0.17823496460914612,-1.5283517837524414
baseline_toeplitz_nested_fusion,43,3,83,1,1,0.8955921964867685,2.1491807525681774,1,0.8955919146537781,2.1491777896881104
baseline_toeplitz_nested_fusion,43,3,259,0,0,0.3388506061695469,-0.668420505678401,0,0.33885201811790466,-0.6684142351150513
baseline_toeplitz_nested_fusion,43,3,146,1,1,0.7197286125481606,0.9431158392808082,1,0.7197273969650269,0.9431099891662598
baseline_toeplitz_nested_fusion,43,3,315,0,0,0.39928325363248574,-0.4084524456785015,0,0.39929327368736267,-0.4084106683731079
baseline_toeplitz_nested_fusion,43,3,198,0,0,0.0011565740275414345,-6.761135824986276,0,0.001156562240794301,-6.761146068572998
baseline_toeplitz_nested_fusion,43,3,233,1,1,0.8147720554598435,1.4813211882936133,1,0.814771294593811,1.4813162088394165
baseline_toeplitz_nested_fusion,43,3,111,0,0,0.16358110370131063,-1.631820645268169,0,0.16357989609241486,-1.6318295001983643
baseline_toeplitz_nested_fusion,43,3,73,0,0,0.12446107761877065,-1.950846570597089,0,0.12446044385433197,-1.9508522748947144
baseline_toeplitz_nested_fusion,43,3,87,1,0,0.2376652324337772,-1.165522689637808,0,0.23766377568244934,-1.1655306816101074
baseline_toeplitz_nested_fusion,43,3,276,0,0,0.11741201309435223,-2.0171692573676228,0,0.1174112930893898,-2.0171761512756348
baseline_toeplitz_nested_fusion,43,3,260,0,0,0.21274439046238286,-1.308461585138615,0,0.21274034678936005,-1.3084858655929565
baseline_toeplitz_nested_fusion,43,3,97,1,1,0.5727095884451535,0.2929148589978794,1,0.5727137327194214,0.2929317355155945
baseline_toeplitz_nested_fusion,43,3,169,0,0,0.25434532604580196,-1.0755696944573756,0,0.25434306263923645,-1.075581669807434
baseline_toeplitz_nested_fusion,43,3,156,0,0,0.13161723839127287,-1.8867345859293267,0,0.13161601126194,-1.8867454528808594
baseline_toeplitz_nested_fusion,43,3,149,0,0,0.26032271467241597,-1.044291918540504,0,0.260324627161026,-1.0442819595336914
baseline_toeplitz_nested_fusion,43,3,116,1,0,0.29034634778075186,-0.8937025241791725,0,0.2903498709201813,-0.8936854600906372
baseline_toeplitz_nested_fusion,43,3,237,1,1,0.8419342366048534,1.6726907369476631,1,0.84193354845047,1.672685146331787
baseline_toeplitz_nested_fusion,43,3,201,0,0,0.40868857530519864,-0.36938938752080297,0,0.40868884325027466,-0.3693884015083313
baseline_toeplitz_nested_fusion,43,3,222,1,1,0.7670642925015355,1.19180813918789,1,0.7670609951019287,1.1917893886566162
baseline_toeplitz_nested_fusion,43,3,15,1,1,0.7481452798772558,1.088744769732508,1,0.7481454610824585,1.0887459516525269
baseline_toeplitz_nested_fusion,43,3,40,0,0,0.380060989929293,-0.48928936269106604,0,0.38006076216697693,-0.4892902374267578
baseline_toeplitz_nested_fusion,43,3,120,1,0,0.4547204437660985,-0.18161578955003177,0,0.4547131657600403,-0.18164509534835815
baseline_toeplitz_nested_fusion,43,3,24,1,1,0.7875852707369986,1.3104310113628208,1,0.7875839471817017,1.3104231357574463
baseline_toeplitz_nested_fusion,43,3,129,1,1,0.9316305187949163,2.6120097531737807,1,0.9316308498382568,2.6120145320892334
baseline_toeplitz_nested_fusion,43,3,209,0,0,0.0259965881451341,-3.6234495023439197,0,0.025996247306466103,-3.6234629154205322
baseline_toeplitz_nested_fusion,43,3,70,0,0,0.07499282974155919,-2.512408983592996,0,0.07499246299266815,-2.5124142169952393
baseline_toeplitz_nested_fusion,43,3,196,0,0,0.29558883906241296,-0.8683927896302566,0,0.2955894470214844,-0.8683897852897644
baseline_toeplitz_nested_fusion,43,3,288,1,1,0.5452279287342335,0.18140757393109805,1,0.5452308058738708,0.18141913414001465
baseline_toeplitz_nested_fusion,43,3,254,0,0,0.007645248037564125,-4.865996372950777,0,0.007645182311534882,-4.866004943847656
baseline_toeplitz_nested_fusion,43,3,131,1,1,0.8399832507442163,1.6581034594447361,1,0.8399829268455505,1.6581008434295654
baseline_toeplitz_nested_fusion,43,3,140,1,1,0.7644377074239534,1.1771651501099447,1,0.764434278011322,1.1771458387374878
baseline_toeplitz_nested_fusion,43,4,249,1,1,0.5125320736199728,0.05013879549492624,1,0.5125340223312378,0.050146445631980896
baseline_toeplitz_nested_fusion,43,4,19,1,1,0.7452834177212558,1.0736130875027017,1,0.7452824711799622,1.0736080408096313
baseline_toeplitz_nested_fusion,43,4,61,0,0,0.08075943687808079,-2.432073033645846,0,0.08075831830501556,-2.4320881366729736
baseline_toeplitz_nested_fusion,43,4,28,0,0,0.003974581359853379,-5.523853353697932,0,0.00397457554936409,-5.523854732513428
baseline_toeplitz_nested_fusion,43,4,166,1,1,0.9746536452394046,3.6494472489635488,1,0.974653422832489,3.6494367122650146
baseline_toeplitz_nested_fusion,43,4,85,1,1,0.6689400363835308,0.7033949064654588,1,0.6689433455467224,0.7034099102020264
baseline_toeplitz_nested_fusion,43,4,23,0,1,0.6933497832620493,0.8158268707401828,1,0.693345844745636,0.8158081769943237
baseline_toeplitz_nested_fusion,43,4,91,1,1,0.9890558268580373,4.5039435963379395,1,0.9890559911727905,4.50395393371582
baseline_toeplitz_nested_fusion,43,4,217,0,0,0.04276820256333022,-3.108250678987109,0,0.04276898503303528,-3.108231544494629
baseline_toeplitz_nested_fusion,43,4,202,0,0,0.08615886739089289,-2.3614638534753576,0,0.08616001904010773,-2.3614492416381836
baseline_toeplitz_nested_fusion,43,4,262,1,1,0.9976465880560685,6.049532927195756,1,0.9976466298103333,6.049535274505615
baseline_toeplitz_nested_fusion,43,4,258,0,0,0.184594856677709,-1.4855216383979806,0,0.1845955103635788,-1.4855172634124756
baseline_toeplitz_nested_fusion,43,4,203,0,0,0.12371641967219034,-1.9576977519444547,0,0.12371645867824554,-1.9576973915100098
baseline_toeplitz_nested_fusion,43,4,34,1,1,0.9008603111706855,2.206820354154536,1,0.9008598923683167,2.206815242767334
baseline_toeplitz_nested_fusion,43,4,213,0,1,0.5260125150582523,0.10414408707104739,1,0.5260135531425476,0.104148268699646
baseline_toeplitz_nested_fusion,43,4,42,0,0,0.4743352820003177,-0.10274917361273218,0,0.474343478679657,-0.10271628201007843
baseline_toeplitz_nested_fusion,43,4,5,1,1,0.9555376678799686,3.0676318235676083,1,0.9555367231369019,3.0676097869873047
baseline_toeplitz_nested_fusion,43,4,118,0,0,0.2504503242439356,-1.0962119994252633,0,0.25045058131217957,-1.0962105989456177
baseline_toeplitz_nested_fusion,43,4,80,0,0,0.14958558032301272,-1.7378551105508124,0,0.14958585798740387,-1.737852931022644
baseline_toeplitz_nested_fusion,43,4,261,0,0,0.4331791666192996,-0.2688918411414878,0,0.4331776797771454,-0.2688978910446167
baseline_toeplitz_nested_fusion,43,4,39,1,1,0.6716540693489396,0.7156757109919127,1,0.6716480255126953,0.715648353099823
baseline_toeplitz_nested_fusion,43,4,106,1,1,0.6239316478869441,0.5062699093236487,1,0.623928964138031,0.5062586665153503
baseline_toeplitz_nested_fusion,43,4,64,0,0,0.16684309341580436,-1.608168177306223,0,0.1668420433998108,-1.6081757545471191
baseline_toeplitz_nested_fusion,43,4,231,0,0,0.022421272333020933,-3.7750686624836045,0,0.02242204360663891,-3.775033473968506
baseline_toeplitz_nested_fusion,43,4,137,1,1,0.9866515822612217,4.302919113902161,1,0.9866517782211304,4.302928447723389
baseline_toeplitz_nested_fusion,43,4,210,1,1,0.9486822680101248,2.917037590118105,1,0.9486819505691528,2.9170305728912354
baseline_toeplitz_nested_fusion,43,4,93,0,0,0.20244957853882992,-1.3710541963908938,0,0.2024526298046112,-1.3710353374481201
baseline_toeplitz_nested_fusion,43,4,200,1,1,0.7133052268968324,0.9114912755430281,1,0.7133121490478516,0.9115250110626221
baseline_toeplitz_nested_fusion,43,4,90,1,1,0.827120226614011,1.565353659877048,1,0.8271209001541138,1.565358281135559
baseline_toeplitz_nested_fusion,43,4,46,1,1,0.8835495700739731,2.026481708404369,1,0.8835515379905701,2.026501178741455
baseline_toeplitz_nested_fusion,43,4,235,0,0,0.02473938294747814,-3.6743083096598355,0,0.024739744141697884,-3.674293279647827
baseline_toeplitz_nested_fusion,43,4,109,0,0,0.12275646363922703,-1.966582224139371,0,0.12275552749633789,-1.9665908813476562
baseline_toeplitz_nested_fusion,43,4,242,1,1,0.9456838824009769,2.8570873429162553,1,0.9456842541694641,2.85709547996521
baseline_toeplitz_nested_fusion,43,4,226,1,1,0.5549026414974638,0.22049963624466584,1,0.5549004673957825,0.22049082815647125
baseline_toeplitz_nested_fusion,43,4,123,0,0,0.011018507285400752,-4.497099278813189,0,0.011018412187695503,-4.497107982635498
baseline_toeplitz_nested_fusion,43,4,214,0,0,0.017201397725983458,-4.045413574802092,0,0.017201382666826248,-4.045414447784424
baseline_toeplitz_nested_fusion,43,4,306,0,0,0.34085928340024946,-0.6594673087422844,0,0.34085631370544434,-0.6594805717468262
baseline_toeplitz_nested_fusion,43,4,4,0,1,0.5758040100291053,0.30557175349893895,1,0.575802206993103,0.30556434392929077
baseline_toeplitz_nested_fusion,43,4,49,1,1,0.826414753269748,1.5604279557600684,1,0.8264139890670776,1.5604227781295776
baseline_toeplitz_nested_fusion,43,4,127,0,0,0.2560330746673676,-1.066689944593221,0,0.2560299038887024,-1.0667065382003784
baseline_toeplitz_nested_fusion,43,4,78,1,1,0.9083808505992581,2.2940234252228464,1,0.9083815217018127,2.2940311431884766
baseline_toeplitz_nested_fusion,43,4,275,0,1,0.6343157793765523,0.5507767293594336,1,0.6343116760253906,0.550758957862854
baseline_toeplitz_nested_fusion,43,4,25,0,0,0.38004071884084095,-0.4893753985085808,0,0.38004252314567566,-0.48936760425567627
baseline_toeplitz_nested_fusion,43,4,32,1,1,0.6445579295834327,0.5952024177739995,1,0.6445531845092773,0.5951814651489258
baseline_toeplitz_nested_fusion,43,4,281,0,0,0.27509428362512556,-0.9689277115654207,0,0.27509555220603943,-0.9689213037490845
baseline_toeplitz_nested_fusion,43,4,299,1,1,0.5705004577967109,0.2838932962092012,1,0.5704914331436157,0.28385651111602783
baseline_toeplitz_nested_fusion,43,4,265,0,0,0.3374897752202449,-0.6745007771611558,0,0.3374880254268646,-0.6745086908340454
baseline_toeplitz_nested_fusion,43,4,218,1,1,0.8343857487670564,1.617034527504766,1,0.8343847990036011,1.6170278787612915
baseline_toeplitz_nested_fusion,43,4,220,1,1,0.5116547185579997,0.04662732012762994,1,0.511655867099762,0.046631984412670135
baseline_toeplitz_nested_fusion,43,4,267,1,1,0.6448965829836636,0.5966809048908128,1,0.6448963284492493,0.5966799259185791
baseline_toeplitz_nested_fusion,43,4,160,0,1,0.642847770643033,0.5877458439409309,1,0.642851710319519,0.5877630710601807
baseline_toeplitz_nested_fusion,43,4,310,0,0,0.009582856870308482,-4.638150451621068,0,0.009583206847310066,-4.638113498687744
baseline_toeplitz_nested_fusion,43,4,173,1,1,0.8332961268613448,1.6091700497531227,1,0.8332988619804382,1.609189510345459
baseline_toeplitz_nested_fusion,43,4,151,1,1,0.754515996314736,1.1228446921886723,1,0.7545133233070374,1.1228300333023071
baseline_toeplitz_nested_fusion,43,4,144,1,1,0.7447101030623274,1.070595269076181,1,0.74471116065979,1.0706007480621338
baseline_toeplitz_nested_fusion,43,4,270,1,1,0.9245813452177681,2.5062863799758506,1,0.9245809316635132,2.506279468536377
baseline_toeplitz_nested_fusion,43,4,312,0,0,0.007225250031079426,-4.922921960639727,0,0.007225323468446732,-4.922911643981934
baseline_toeplitz_nested_fusion,43,4,107,1,1,0.6075903542597161,0.43719458666066713,1,0.607591986656189,0.43720144033432007
baseline_toeplitz_nested_fusion,43,4,102,1,0,0.45892617479384334,-0.16466637228099168,0,0.4589345455169678,-0.16463278234004974
baseline_toeplitz_nested_fusion,43,4,63,1,1,0.6549487556825208,0.6408640567206798,1,0.6549491286277771,0.6408655643463135
baseline_toeplitz_nested_fusion,43,4,256,0,0,0.17953192423750433,-1.5195219584807462,0,0.1795305758714676,-1.5195311307907104
baseline_toeplitz_nested_fusion,43,4,92,0,0,0.41994659080482855,-0.32299264567929614,0,0.41994985938072205,-0.32297924160957336
baseline_toeplitz_nested_fusion,43,4,57,0,0,0.0005805410465158379,-7.4509693408014215,0,0.0005805399850942194,-7.4509711265563965
baseline_toeplitz_nested_fusion,43,5,153,0,0,0.17325867338263118,-1.562706161237786,0,0.17326059937477112,-1.562692642211914
baseline_toeplitz_nested_fusion,43,5,294,0,1,0.7746797583534917,1.2349270424435954,1,0.7746766209602356,1.2349090576171875
baseline_toeplitz_nested_fusion,43,5,179,0,0,0.013891329932780423,-4.2625016618963985,0,0.013891231268644333,-4.262508869171143
baseline_toeplitz_nested_fusion,43,5,113,0,0,0.4127284841290177,-0.35269730787068465,0,0.412728488445282,-0.3526972532272339
baseline_toeplitz_nested_fusion,43,5,244,1,1,0.5789225522078101,0.31835192906185794,1,0.5789214968681335,0.31834766268730164
baseline_toeplitz_nested_fusion,43,5,234,1,1,0.8704064624986402,1.904557383103563,1,0.870406985282898,1.9045621156692505
baseline_toeplitz_nested_fusion,43,5,298,1,1,0.9952269586118719,5.339987100966449,1,0.9952268600463867,5.3399739265441895
baseline_toeplitz_nested_fusion,43,5,54,0,0,0.20220743766092583,-1.372554527120258,0,0.20221152901649475,-1.3725290298461914
baseline_toeplitz_nested_fusion,43,5,125,1,1,0.9853093619620104,4.205745242185308,1,0.9853091835975647,4.205735683441162
baseline_toeplitz_nested_fusion,43,5,172,0,1,0.7293394431792966,0.9912737742249191,1,0.7293403148651123,0.9912779331207275
baseline_toeplitz_nested_fusion,43,5,243,0,1,0.688978193625038,0.7953465945198209,1,0.6889809966087341,0.7953596115112305
baseline_toeplitz_nested_fusion,43,5,176,1,1,0.8246206318039699,1.5479719944792623,1,0.8246145844459534,1.5479302406311035
baseline_toeplitz_nested_fusion,43,5,44,1,1,0.595357342842907,0.3861574518595926,1,0.5953542590141296,0.38614463806152344
baseline_toeplitz_nested_fusion,43,5,219,1,1,0.7638090137464062,1.1736770343738447,1,0.7638087272644043,1.173675298690796
baseline_toeplitz_nested_fusion,43,5,183,0,0,0.44147954920860366,-0.23515953737856035,0,0.44148069620132446,-0.23515485227108002
baseline_toeplitz_nested_fusion,43,5,1,1,1,0.8716513380523274,1.915639020032932,1,0.8716521859169006,1.9156461954116821
baseline_toeplitz_nested_fusion,43,5,8,0,1,0.7768109875655924,1.247178059677941,1,0.7768121361732483,1.2471849918365479
baseline_toeplitz_nested_fusion,43,5,141,1,1,0.9458435483239942,2.860200062178924,1,0.9458435773849487,2.860200881958008
baseline_toeplitz_nested_fusion,43,5,36,1,1,0.7779612601538823,1.2538248583323401,1,0.7779617309570312,1.2538275718688965
baseline_toeplitz_nested_fusion,43,5,82,0,0,0.19900798937743,-1.3925060012207715,0,0.19900548458099365,-1.3925217390060425
baseline_toeplitz_nested_fusion,43,5,112,1,1,0.9817634310714546,3.9859215141453825,1,0.9817636609077454,3.9859328269958496
baseline_toeplitz_nested_fusion,43,5,192,0,1,0.8274586582740234,1.5677222762768894,1,0.8274600505828857,1.567732334136963
baseline_toeplitz_nested_fusion,43,5,266,1,1,0.957032846472894,3.103401760864733,1,0.9570327997207642,3.103400945663452
baseline_toeplitz_nested_fusion,43,5,10,1,1,0.5517482056471262,0.20773667752406297,1,0.551744818687439,0.20772303640842438
baseline_toeplitz_nested_fusion,43,5,280,1,1,0.9555956102238188,3.06899648831906,1,0.9555952548980713,3.06898832321167
baseline_toeplitz_nested_fusion,43,5,241,1,1,0.716634814414767,0.9278299122530225,1,0.716634213924408,0.9278269410133362
baseline_toeplitz_nested_fusion,43,5,174,0,0,0.03420475599819444,-3.3405871503394824,0,0.03420436009764671,-3.3405990600585938
baseline_toeplitz_nested_fusion,43,5,59,0,0,0.025886332196209724,-3.627812883907491,0,0.025886530056595802,-3.62780499458313
baseline_toeplitz_nested_fusion,43,5,0,0,0,0.09827534961436564,-2.2165359789994135,0,0.09827568382024765,-2.2165322303771973
baseline_toeplitz_nested_fusion,43,5,251,1,1,0.8438473865209805,1.687137836021727,1,0.8438498377799988,1.6871564388275146
baseline_toeplitz_nested_fusion,43,5,224,1,1,0.5791848333518943,0.3194279520287402,1,0.5791810154914856,0.31941235065460205
baseline_toeplitz_nested_fusion,43,5,272,0,0,0.05980678125313317,-2.7549663525902854,0,0.05980769917368889,-2.7549500465393066
baseline_toeplitz_nested_fusion,43,5,100,1,1,0.8728116421825511,1.9260506531943409,1,0.8728121519088745,1.9260549545288086
baseline_toeplitz_nested_fusion,43,5,27,0,0,0.4935758930953894,-0.02569784171812403,0,0.49357345700263977,-0.025707606226205826
baseline_toeplitz_nested_fusion,43,5,108,1,1,0.9145435902025393,2.3704187133008583,1,0.9145423769950867,2.370403289794922
baseline_toeplitz_nested_fusion,43,5,189,0,0,0.15263274798243973,-1.714099496224468,0,0.15263274312019348,-1.7140995264053345
baseline_toeplitz_nested_fusion,43,5,216,1,0,0.32655235068039373,-0.723819988679977,0,0.3265518248081207,-0.7238223552703857
baseline_toeplitz_nested_fusion,43,5,31,0,0,0.09137540860610707,-2.2969556282981047,0,0.09137768298387527,-2.2969281673431396
baseline_toeplitz_nested_fusion,43,5,190,0,0,0.3193086689150965,-0.756950695976177,0,0.31930652260780334,-0.7569604516029358
baseline_toeplitz_nested_fusion,43,5,71,1,0,0.4033859327572622,-0.39137669760700855,0,0.4033852517604828,-0.3913794159889221
baseline_toeplitz_nested_fusion,43,5,248,1,1,0.9661315096124145,3.3508148682081265,1,0.966131329536438,3.350808620452881
baseline_toeplitz_nested_fusion,43,5,72,0,0,0.13287760179051358,-1.8757517240137294,0,0.1328725665807724,-1.8757953643798828
baseline_toeplitz_nested_fusion,43,5,21,0,0,0.009752170464346384,-4.620465372701613,0,0.009752116166055202,-4.620471000671387
baseline_toeplitz_nested_fusion,43,5,255,1,1,0.9012394269157201,2.211072489695148,1,0.9012420773506165,2.2111027240753174
baseline_toeplitz_nested_fusion,43,5,161,1,1,0.9714708095810576,3.5278834332748508,1,0.9714710712432861,3.527892589569092
baseline_toeplitz_nested_fusion,43,5,142,1,1,0.763630088999275,1.1726854978122345,1,0.7636283040046692,1.172675371170044
baseline_toeplitz_nested_fusion,43,5,96,1,1,0.7965452611824213,1.3648403863511753,1,0.7965442538261414,1.364834189414978
baseline_toeplitz_nested_fusion,43,5,99,0,1,0.5196751901879126,0.0787414199952435,1,0.5196682214736938,0.07871346175670624
baseline_toeplitz_nested_fusion,43,5,239,0,0,0.16618503683465963,-1.6129096637452192,0,0.16618438065052032,-1.6129144430160522
baseline_toeplitz_nested_fusion,43,5,94,0,0,0.29370408630341976,-0.8774615395952456,0,0.2937065660953522,-0.8774495720863342
baseline_toeplitz_nested_fusion,43,5,122,1,1,0.7182221213927814,0.9356597864231541,1,0.7182219624519348,0.9356590509414673
baseline_toeplitz_nested_fusion,43,5,124,1,1,0.7794512512351208,1.2624713947513087,1,0.7794501781463623,1.262465238571167
baseline_toeplitz_nested_fusion,43,5,52,0,0,0.4498749179364932,-0.2011760903185583,0,0.44987753033638,-0.20116554200649261
baseline_toeplitz_nested_fusion,43,5,238,0,0,0.16120950090295866,-1.6492562052440634,0,0.16121162474155426,-1.649240493774414
baseline_toeplitz_nested_fusion,43,5,204,1,1,0.7982811954190927,1.3755862395319147,1,0.7982822060585022,1.3755924701690674
baseline_toeplitz_nested_fusion,43,5,211,1,1,0.5578090067640413,0.23227472186663073,1,0.5578045845031738,0.23225684463977814
baseline_toeplitz_nested_fusion,43,5,185,0,0,0.01460728806567895,-4.211519667289669,0,0.01460695918649435,-4.21154260635376
baseline_toeplitz_nested_fusion,43,5,18,0,0,0.1921516407794912,-1.4360895106462643,0,0.1921505630016327,-1.4360965490341187
baseline_toeplitz_nested_fusion,43,5,311,0,0,0.03387874037933719,-3.350501663685665,0,0.033879201859235764,-3.35048770904541
baseline_toeplitz_nested_fusion,43,5,136,0,0,0.1455522744066515,-1.769920028891825,0,0.14555487036705017,-1.7698991298675537
baseline_toeplitz_nested_fusion,43,5,240,0,0,0.34944698921999584,-0.6214709128735924,0,0.34945642948150635,-0.6214293241500854
baseline_toeplitz_nested_fusion,43,5,58,1,0,0.4137700849011097,-0.34840159013364547,0,0.41376379132270813,-0.34842753410339355
baseline_toeplitz_nested_fusion,44,1,115,0,0,0.43443274424013995,-0.2637880761144139,0,0.43442773818969727,-0.2638084590435028
baseline_toeplitz_nested_fusion,44,1,51,0,1,0.7093865763387541,0.8924066766196324,1,0.7093854546546936,0.8924012184143066
baseline_toeplitz_nested_fusion,44,1,82,0,0,0.2092975760885745,-1.3291646462521336,0,0.20929627120494843,-1.3291726112365723
baseline_toeplitz_nested_fusion,44,1,122,1,1,0.6977671535846034,0.836687721339255,1,0.6977674961090088,0.8366891145706177
baseline_toeplitz_nested_fusion,44,1,110,1,0,0.3321238014014012,-0.6985950297259427,0,0.33212924003601074,-0.6985705494880676
baseline_toeplitz_nested_fusion,44,1,3,1,1,0.9903088019523868,4.626798759870592,1,0.9903085827827454,4.6267805099487305
baseline_toeplitz_nested_fusion,44,1,80,0,0,0.163984982537727,-1.6288717226554674,0,0.1639845371246338,-1.6288748979568481
baseline_toeplitz_nested_fusion,44,1,170,1,0,0.3917607939464165,-0.43991680159536023,0,0.39176151156425476,-0.4399138391017914
baseline_toeplitz_nested_fusion,44,1,193,1,1,0.9239216307484764,2.496863269483986,1,0.923920750617981,2.4968504905700684
baseline_toeplitz_nested_fusion,44,1,227,0,0,0.16314293001527136,-1.6350266034145946,0,0.16314570605754852,-1.635006308555603
baseline_toeplitz_nested_fusion,44,1,293,1,1,0.9774005169383208,3.76696948108756,1,0.9773998856544495,3.766942024230957
baseline_toeplitz_nested_fusion,44,1,262,1,1,0.9963923834751521,5.621093827451054,1,0.9963923096656799,5.621088981628418
baseline_toeplitz_nested_fusion,44,1,145,1,1,0.7748655764189085,1.2359919025796504,1,0.7748662829399109,1.2359960079193115
baseline_toeplitz_nested_fusion,44,1,296,0,0,0.12886253960463093,-1.9110535316909325,0,0.1288602203130722,-1.911074161529541
baseline_toeplitz_nested_fusion,44,1,39,1,1,0.7032453395250564,0.8628000818740948,1,0.7032393217086792,0.8627712726593018
baseline_toeplitz_nested_fusion,44,1,58,1,1,0.501483505106296,0.005934037837965922,1,0.5014763474464417,0.005905387923121452
baseline_toeplitz_nested_fusion,44,1,172,0,1,0.6458859743226464,0.6010040101645214,1,0.6458876729011536,0.6010112166404724
baseline_toeplitz_nested_fusion,44,1,216,1,0,0.38003159478826354,-0.4894141239609704,0,0.3800308108329773,-0.48941749334335327
baseline_toeplitz_nested_fusion,44,1,234,1,1,0.9392905255013354,2.7390250570065184,1,0.9392908215522766,2.7390294075012207
baseline_toeplitz_nested_fusion,44,1,260,0,0,0.25586417824656466,-1.0675768243301826,0,0.25585752725601196,-1.067611813545227
baseline_toeplitz_nested_fusion,44,1,167,0,0,0.0110990678664051,-4.48973302807935,0,0.011099322699010372,-4.489709854125977
baseline_toeplitz_nested_fusion,44,1,283,0,0,0.019628768771710308,-3.9109350227569233,0,0.01962878368794918,-3.9109342098236084
baseline_toeplitz_nested_fusion,44,1,285,0,0,0.19965585082353882,-1.388446683152849,0,0.19964374601840973,-1.3885225057601929
baseline_toeplitz_nested_fusion,44,1,93,0,0,0.10650571525559922,-2.1269412900167977,0,0.10650737583637238,-2.1269237995147705
baseline_toeplitz_nested_fusion,44,1,269,0,0,0.05250931530891709,-2.8928265171341434,0,0.05250919610261917,-2.892828941345215
baseline_toeplitz_nested_fusion,44,1,139,0,0,0.1344173466573474,-1.8624533807013401,0,0.13441778719425201,-1.8624495267868042
baseline_toeplitz_nested_fusion,44,1,52,0,0,0.4211269402013836,-0.3181489042168747,0,0.42113155126571655,-0.3181299865245819
baseline_toeplitz_nested_fusion,44,1,273,1,1,0.960391845859946,3.18830636426185,1,0.9603909850120544,3.188283681869507
baseline_toeplitz_nested_fusion,44,1,140,1,1,0.8087782562055436,1.4420910664003066,1,0.8087720274925232,1.4420510530471802
baseline_toeplitz_nested_fusion,44,1,291,1,0,0.29514076785429433,-0.870545690466961,0,0.29514268040657043,-0.8705365061759949
baseline_toeplitz_nested_fusion,44,1,202,0,0,0.09343090025455031,-2.272445125893452,0,0.09343016892671585,-2.272453784942627
baseline_toeplitz_nested_fusion,44,1,242,1,1,0.9451118687973525,2.8460061644110812,1,0.9451121091842651,2.846011161804199
baseline_toeplitz_nested_fusion,44,1,212,1,1,0.7160185697781746,0.9247972525881611,1,0.7160210609436035,0.9248095154762268
baseline_toeplitz_nested_fusion,44,1,268,1,1,0.8437247623512394,1.6862075339264941,1,0.8437259197235107,1.6862157583236694
baseline_toeplitz_nested_fusion,44,1,277,1,1,0.9614782361093749,3.2172485519863714,1,0.9614786505699158,3.2172601222991943
baseline_toeplitz_nested_fusion,44,1,203,0,0,0.2746884747133895,-0.9709636162969897,0,0.274684876203537,-0.9709816575050354
baseline_toeplitz_nested_fusion,44,1,143,1,1,0.777577574258757,1.2516050205821814,1,0.7775772213935852,1.2516030073165894
baseline_toeplitz_nested_fusion,44,1,295,1,1,0.8691835539338484,1.8937591617105243,1,0.8691859245300293,1.8937798738479614
baseline_toeplitz_nested_fusion,44,1,313,0,0,0.06704489063196194,-2.6329946809333435,0,0.06704313308000565,-2.6330227851867676
baseline_toeplitz_nested_fusion,44,1,163,1,1,0.9472731302110848,2.8884622790971584,1,0.9472736120223999,2.8884730339050293
baseline_toeplitz_nested_fusion,44,1,306,0,0,0.25401094093248433,-1.0773335933386812,0,0.2540116608142853,-1.0773298740386963
baseline_toeplitz_nested_fusion,44,1,186,0,0,0.2891266247052321,-0.8996295802010659,0,0.2891288101673126,-0.899618923664093
baseline_toeplitz_nested_fusion,44,1,198,0,0,0.004089317849071342,-5.49527940593172,0,0.004089247900992632,-5.495296478271484
baseline_toeplitz_nested_fusion,44,1,125,1,1,0.9845196281468036,4.1525809456560445,1,0.9845194816589355,4.152573585510254
baseline_toeplitz_nested_fusion,44,1,244,1,1,0.5331505144575185,0.13279687044998956,1,0.5331475734710693,0.13278508186340332
baseline_toeplitz_nested_fusion,44,1,299,1,1,0.8514353245597579,1.7459031542230943,1,0.8514306545257568,1.7458664178848267
baseline_toeplitz_nested_fusion,44,1,118,0,0,0.18359426488138075,-1.4921832151300967,0,0.18359331786632538,-1.4921895265579224
baseline_toeplitz_nested_fusion,44,1,209,0,0,0.0259779413310171,-3.6241861833179363,0,0.025977497920393944,-3.624203681945801
baseline_toeplitz_nested_fusion,44,1,221,1,1,0.655830463595026,0.644767941546081,1,0.6558260321617126,0.6447484493255615
baseline_toeplitz_nested_fusion,44,1,12,0,0,0.1897076342866903,-1.4519110077358426,0,0.18970872461795807,-1.4519039392471313
baseline_toeplitz_nested_fusion,44,1,130,1,1,0.963948238465767,3.2860818724538796,1,0.9639485478401184,3.286090850830078
baseline_toeplitz_nested_fusion,44,1,179,0,0,0.011413921978021983,-4.461441881802326,0,0.011413888074457645,-4.461444854736328
baseline_toeplitz_nested_fusion,44,1,131,1,1,0.8147696840374674,1.481305475111912,1,0.8147690296173096,1.4813015460968018
baseline_toeplitz_nested_fusion,44,1,50,1,1,0.9320026661004028,2.617867178255637,1,0.9320029616355896,2.6178715229034424
baseline_toeplitz_nested_fusion,44,1,75,0,0,0.007597522682414024,-4.872306516789324,0,0.00759740499779582,-4.872322082519531
baseline_toeplitz_nested_fusion,44,1,144,1,1,0.8780881272102903,1.9744485317479268,1,0.8780896067619324,1.9744623899459839
baseline_toeplitz_nested_fusion,44,1,25,0,0,0.48824363267229076,-0.04703413817627847,0,0.48824355006217957,-0.04703453183174133
baseline_toeplitz_nested_fusion,44,1,286,0,0,0.21157740067618147,-1.315443347479075,0,0.21157638728618622,-1.3154493570327759
baseline_toeplitz_nested_fusion,44,1,105,0,0,0.2918182949487437,-0.8865693753180671,0,0.29182276129722595,-0.8865476250648499
baseline_toeplitz_nested_fusion,44,1,189,0,0,0.11375750026020887,-2.052921622882668,0,0.11375753581523895,-2.0529212951660156
baseline_toeplitz_nested_fusion,44,1,166,1,1,0.9500402471304904,2.9452866104196342,1,0.9500407576560974,2.945296049118042
baseline_toeplitz_nested_fusion,44,1,294,0,1,0.7219937977113686,0.9543731245959367,1,0.7219880223274231,0.9543445706367493
baseline_toeplitz_nested_fusion,44,1,87,1,0,0.24851411088515782,-1.1065528038864882,0,0.24851451814174652,-1.106550693511963
baseline_toeplitz_nested_fusion,44,1,191,0,0,0.38577758088729525,-0.4650961205926608,0,0.385775089263916,-0.4651065766811371
baseline_toeplitz_nested_fusion,44,2,147,0,0,0.4725353789489884,-0.1099691737901421,0,0.4725448787212372,-0.10993105173110962
baseline_toeplitz_nested_fusion,44,2,280,1,1,0.9054966393389544,2.259848169511341,1,0.9054978489875793,2.2598624229431152
baseline_toeplitz_nested_fusion,44,2,53,1,1,0.7406320500517161,1.0492562336420839,1,0.7406330108642578,1.049261450767517
baseline_toeplitz_nested_fusion,44,2,222,1,1,0.7508788581221996,1.1033050396047108,1,0.7508748173713684,1.103283166885376
baseline_toeplitz_nested_fusion,44,2,33,1,1,0.9763382975255088,3.719951330899982,1,0.9763379693031311,3.7199349403381348
baseline_toeplitz_nested_fusion,44,2,192,0,1,0.8488484989232605,1.7255980716735082,1,0.8488510847091675,1.7256182432174683
baseline_toeplitz_nested_fusion,44,2,40,0,0,0.2628764940056946,-1.0310711401796695,0,0.26287662982940674,-1.0310704708099365
baseline_toeplitz_nested_fusion,44,2,11,1,1,0.9233817713948279,2.4892077493489464,1,0.9233813881874084,2.4892024993896484
baseline_toeplitz_nested_fusion,44,2,169,0,0,0.257769844187423,-1.057592268115002,0,0.25776705145835876,-1.057606816291809
baseline_toeplitz_nested_fusion,44,2,226,1,1,0.5928693158107043,0.37583977137340957,1,0.5928694605827332,0.37584033608436584
baseline_toeplitz_nested_fusion,44,2,30,0,1,0.728365959600456,0.9863478929766065,1,0.7283599972724915,0.9863178730010986
baseline_toeplitz_nested_fusion,44,2,261,0,1,0.5347210616229796,0.13910813756990972,1,0.5347079038619995,0.13905517756938934
baseline_toeplitz_nested_fusion,44,2,138,1,1,0.9954493243967883,5.387918511371826,1,0.9954492449760437,5.387913227081299
baseline_toeplitz_nested_fusion,44,2,259,0,0,0.3534408137279273,-0.6039487008019323,0,0.35344263911247253,-0.6039406061172485
baseline_toeplitz_nested_fusion,44,2,201,0,0,0.230612167731705,-1.2048578036461137,0,0.23061494529247284,-1.2048420906066895
baseline_toeplitz_nested_fusion,44,2,205,1,1,0.5196305840960764,0.07856271954561111,1,0.519622802734375,0.07853148132562637
baseline_toeplitz_nested_fusion,44,2,106,1,1,0.7370638992654959,1.030763550612924,1,0.7370609641075134,1.0307483673095703
baseline_toeplitz_nested_fusion,44,2,32,1,1,0.5866372663590556,0.3500811867697817,1,0.5866336822509766,0.35006633400917053
baseline_toeplitz_nested_fusion,44,2,56,1,1,0.637392600257208,0.5640650870886708,1,0.6373953819274902,0.5640770196914673
baseline_toeplitz_nested_fusion,44,2,107,1,1,0.5515460438861344,0.20691930939412045,1,0.551546573638916,0.20692142844200134
baseline_toeplitz_nested_fusion,44,2,162,1,1,0.6054695397050778,0.4283079059949481,1,0.6054745316505432,0.4283287823200226
baseline_toeplitz_nested_fusion,44,2,55,0,0,0.4029879306092371,-0.3930307172854397,0,0.40298768877983093,-0.39303168654441833
baseline_toeplitz_nested_fusion,44,2,225,0,1,0.5534907876891362,0.21478507588990287,1,0.5534840226173401,0.2147577702999115
baseline_toeplitz_nested_fusion,44,2,204,1,1,0.8116805592459526,1.4609671889664315,1,0.8116832375526428,1.460984468460083
baseline_toeplitz_nested_fusion,44,2,200,1,1,0.5674449598501573,0.27143417886675675,1,0.5674501061439514,0.2714550197124481
baseline_toeplitz_nested_fusion,44,2,233,1,1,0.8378870843180402,1.6425902443367817,1,0.8378878235816956,1.6425960063934326
baseline_toeplitz_nested_fusion,44,2,98,1,1,0.9977060550013345,6.075185656611486,1,0.9977059364318848,6.075159549713135
baseline_toeplitz_nested_fusion,44,2,310,0,0,0.011858372081765727,-4.4227919126554145,0,0.011858707293868065,-4.422763347625732
baseline_toeplitz_nested_fusion,44,2,19,1,1,0.8643925200990233,1.8522624358120636,1,0.8643937706947327,1.8522732257843018
baseline_toeplitz_nested_fusion,44,2,158,0,0,0.28808111148088006,-0.9047219067332598,0,0.2880755364894867,-0.9047491550445557
baseline_toeplitz_nested_fusion,44,2,79,1,1,0.9456264872531392,2.855970520061127,1,0.945627748966217,2.8559951782226562
baseline_toeplitz_nested_fusion,44,2,65,0,0,0.3865828401102914,-0.4616990472180095,0,0.3865853548049927,-0.46168842911720276
baseline_toeplitz_nested_fusion,44,2,133,0,0,0.34711903914385905,-0.6317270434736172,0,0.3471221923828125,-0.6317132115364075
baseline_toeplitz_nested_fusion,44,2,153,0,0,0.2778645752220567,-0.9550788347378469,0,0.2778643071651459,-0.9550802707672119
baseline_toeplitz_nested_fusion,44,2,175,0,0,0.16045676544025683,-1.654833443482143,0,0.16045014560222626,-1.654882550239563
baseline_toeplitz_nested_fusion,44,2,69,1,0,0.38403000529931286,-0.47247756411032854,0,0.3840344250202179,-0.47245892882347107
baseline_toeplitz_nested_fusion,44,2,270,1,1,0.8956148198187668,2.149422718865891,1,0.8956114053726196,2.149386167526245
baseline_toeplitz_nested_fusion,44,2,119,1,1,0.7084419440874502,0.8878289651549163,1,0.7084437608718872,0.8878377676010132
baseline_toeplitz_nested_fusion,44,2,309,0,1,0.5900299897704799,0.3640893544860038,1,0.5900350213050842,0.3641100227832794
baseline_toeplitz_nested_fusion,44,2,252,0,0,0.06050111492035392,-2.7426848388335046,0,0.060500599443912506,-2.7426939010620117
baseline_toeplitz_nested_fusion,44,2,81,1,0,0.4990142343538464,-0.003943067693436331,0,0.4990067780017853,-0.003972979262471199
baseline_toeplitz_nested_fusion,44,2,28,0,0,0.0031538317869209656,-5.755978309520385,0,0.0031538670882582664,-5.755967140197754
baseline_toeplitz_nested_fusion,44,2,174,0,0,0.015990418072285392,-4.119645962373195,0,0.015990575775504112,-4.119636058807373
baseline_toeplitz_nested_fusion,44,2,155,1,0,0.3103407771129985,-0.7985266209966311,0,0.3103421628475189,-0.7985200881958008
baseline_toeplitz_nested_fusion,44,2,303,0,0,0.36397296069143315,-0.5581614960096946,0,0.36397314071655273,-0.5581607222557068
baseline_toeplitz_nested_fusion,44,2,22,1,1,0.8594751115287568,1.8109372522553233,1,0.8594759106636047,1.8109443187713623
baseline_toeplitz_nested_fusion,44,2,214,0,0,0.026444053074750586,-3.6059239965064807,0,0.02644393965601921,-3.605928421020508
baseline_toeplitz_nested_fusion,44,2,230,1,1,0.8591808243559108,1.8085027803791505,1,0.8591808676719666,1.808503270149231
baseline_toeplitz_nested_fusion,44,2,152,0,0,0.331209346395246,-0.7027204448942248,0,0.33120566606521606,-0.7027370929718018
baseline_toeplitz_nested_fusion,44,2,23,0,1,0.8479250448886977,1.718418716391803,1,0.8479216694831848,1.7183927297592163
baseline_toeplitz_nested_fusion,44,2,24,1,1,0.8437148990143345,1.6861327304576241,1,0.8437159657478333,1.6861406564712524
baseline_toeplitz_nested_fusion,44,2,182,0,0,0.08687135281731222,-2.352448455629091,0,0.0868697464466095,-2.352468729019165
baseline_toeplitz_nested_fusion,44,2,218,1,1,0.8458532146812974,1.7024405395742206,1,0.8458530306816101,1.702439308166504
baseline_toeplitz_nested_fusion,44,2,103,0,0,0.10764891601739891,-2.1149844928007067,0,0.10764465481042862,-2.1150288581848145
baseline_toeplitz_nested_fusion,44,2,86,1,1,0.8800798399118496,1.993186441778004,1,0.880075991153717,1.993150234222412
baseline_toeplitz_nested_fusion,44,2,128,1,1,0.9816397989218731,3.979039100423647,1,0.981639564037323,3.9790291786193848
baseline_toeplitz_nested_fusion,44,2,4,0,1,0.7986802755030639,1.3780663964427378,1,0.7986734509468079,1.3780241012573242
baseline_toeplitz_nested_fusion,44,2,239,0,0,0.1308473148546042,-1.8934877039797522,0,0.13084623217582703,-1.8934972286224365
baseline_toeplitz_nested_fusion,44,2,68,0,0,0.09295221346407645,-2.2781096077195584,0,0.09295494854450226,-2.2780771255493164
baseline_toeplitz_nested_fusion,44,2,137,1,1,0.9908504604559346,4.684860070352922,1,0.9908506274223328,4.684876918792725
baseline_toeplitz_nested_fusion,44,2,278,0,0,0.21642907437111836,-1.2865986890821846,0,0.21643084287643433,-1.2865883111953735
baseline_toeplitz_nested_fusion,44,2,305,0,0,0.02423358475306142,-3.6954837583570552,0,0.024234013631939888,-3.695465564727783
baseline_toeplitz_nested_fusion,44,2,121,1,0,0.4988467469613307,-0.004613020335065998,0,0.4988473355770111,-0.004610681906342506
baseline_toeplitz_nested_fusion,44,2,208,0,0,0.07332275017884708,-2.536734407094928,0,0.07332387566566467,-2.5367178916931152
baseline_toeplitz_nested_fusion,44,3,176,1,1,0.7777313497157079,1.252494369033737,1,0.7777273058891296,1.2524709701538086
baseline_toeplitz_nested_fusion,44,3,10,1,1,0.6027103396636659,0.41677107825938653,1,0.6027092337608337,0.41676652431488037
baseline_toeplitz_nested_fusion,44,3,279,0,0,0.4625849331669547,-0.14994055294901398,0,0.4625836908817291,-0.14994563162326813
baseline_toeplitz_nested_fusion,44,3,135,0,0,0.4119063840777438,-0.35609004555990487,0,0.41190803050994873,-0.35608330368995667
baseline_toeplitz_nested_fusion,44,3,300,0,1,0.9428794513317542,2.803774515660962,1,0.942879855632782,2.8037819862365723
baseline_toeplitz_nested_fusion,44,3,195,0,0,0.19018534985579474,-1.448806272297662,0,0.19018806517124176,-1.4487886428833008
baseline_toeplitz_nested_fusion,44,3,44,1,1,0.5537147165826952,0.21569120564754873,1,0.5537137389183044,0.2156873643398285
baseline_toeplitz_nested_fusion,44,3,251,1,1,0.748865103370327,1.0925686334515703,1,0.7488658428192139,1.0925726890563965
baseline_toeplitz_nested_fusion,44,3,48,0,0,0.0004654017607292573,-7.672144013749382,0,0.0004654011281672865,-7.672145366668701
baseline_toeplitz_nested_fusion,44,3,197,1,1,0.9645753710621962,3.3042806635737705,1,0.9645758867263794,3.304295301437378
baseline_toeplitz_nested_fusion,44,3,66,0,1,0.8716125752731616,1.9152925825743647,1,0.8716117143630981,1.9152848720550537
baseline_toeplitz_nested_fusion,44,3,0,0,0,0.033885441619536355,-3.350296946242311,0,0.03388537839055061,-3.3502988815307617
baseline_toeplitz_nested_fusion,44,3,85,1,1,0.7428147365533884,1.0606499738401591,1,0.7428191304206848,1.0606729984283447
baseline_toeplitz_nested_fusion,44,3,210,1,1,0.9103460374829895,2.317867389270867,1,0.910345196723938,2.317857027053833
baseline_toeplitz_nested_fusion,44,3,57,0,0,0.0007887178387948748,-7.144312890803303,0,0.0007887279498390853,-7.1442999839782715
baseline_toeplitz_nested_fusion,44,3,59,0,0,0.0073484354950224436,-4.905892277983851,0,0.007348661310970783,-4.9058613777160645
baseline_toeplitz_nested_fusion,44,3,84,1,1,0.9667254100519425,3.3691204533978425,1,0.9667255282402039,3.369122266769409
baseline_toeplitz_nested_fusion,44,3,315,0,0,0.34840621248546566,-0.626052266188144,0,0.3484046459197998,-0.6260592937469482
baseline_toeplitz_nested_fusion,44,3,271,0,0,0.30705937593230526,-0.8139031801310995,0,0.30706650018692017,-0.8138696551322937
baseline_toeplitz_nested_fusion,44,3,215,0,0,0.2052996742933957,-1.3534943572619316,0,0.2052970975637436,-1.3535101413726807
baseline_toeplitz_nested_fusion,44,3,54,0,0,0.15188653252887918,-1.7198806872623007,0,0.1518889218568802,-1.7198621034622192
baseline_toeplitz_nested_fusion,44,3,17,0,0,0.32529095758044896,-0.7295615137546922,0,0.3252890110015869,-0.7295704483985901
baseline_toeplitz_nested_fusion,44,3,6,0,0,0.49732922050729084,-0.010683219577048902,0,0.4973278045654297,-0.010688790120184422
baseline_toeplitz_nested_fusion,44,3,298,1,1,0.9992355302327894,7.175563317086987,1,0.9992355108261108,7.175551891326904
baseline_toeplitz_nested_fusion,44,3,307,0,0,0.4065051875335634,-0.37843178306602754,0,0.406504362821579,-0.3784351348876953
baseline_toeplitz_nested_fusion,44,3,165,1,1,0.7041883605996052,0.8673229796524982,1,0.7041894793510437,0.8673282265663147
baseline_toeplitz_nested_fusion,44,3,207,0,0,0.016185257412118282,-4.107336817984593,0,0.01618529111146927,-4.107334613800049
baseline_toeplitz_nested_fusion,44,3,161,1,1,0.9808322006092753,3.935169639571364,1,0.9808321595191956,3.9351677894592285
baseline_toeplitz_nested_fusion,44,3,184,0,0,0.07068167224453875,-2.576265029931953,0,0.07068284600973129,-2.576247215270996
baseline_toeplitz_nested_fusion,44,3,238,0,0,0.258331909959372,-1.0546565942509234,0,0.2583320736885071,-1.05465567111969
baseline_toeplitz_nested_fusion,44,3,134,0,1,0.7372026190569948,1.031479457907754,1,0.7372044324874878,1.0314888954162598
baseline_toeplitz_nested_fusion,44,3,97,1,1,0.7991627007997008,1.3810694320170271,1,0.7991629242897034,1.3810710906982422
baseline_toeplitz_nested_fusion,44,3,72,0,0,0.16395004451179007,-1.6291265918813451,0,0.1639467179775238,-1.6291508674621582
baseline_toeplitz_nested_fusion,44,3,2,0,0,0.15241267854887863,-1.7158020357373869,0,0.15241368114948273,-1.7157942056655884
baseline_toeplitz_nested_fusion,44,3,77,1,1,0.9983550891828628,6.408422845572426,1,0.9983550906181335,6.408426761627197
baseline_toeplitz_nested_fusion,44,3,164,1,1,0.9172436234270964,2.4054720418026156,1,0.9172412753105164,2.4054412841796875
baseline_toeplitz_nested_fusion,44,3,213,0,0,0.4428322305532491,-0.2296754102081756,0,0.44283199310302734,-0.22967641055583954
baseline_toeplitz_nested_fusion,44,3,194,0,0,0.018036724229293432,-3.997143995868889,0,0.018036672845482826,-3.9971468448638916
baseline_toeplitz_nested_fusion,44,3,289,0,0,0.25056775497457273,-1.0955865503308906,0,0.25056540966033936,-1.0955990552902222
baseline_toeplitz_nested_fusion,44,3,73,0,0,0.04867682068495313,-2.9726508803632874,0,0.04867708310484886,-2.9726452827453613
baseline_toeplitz_nested_fusion,44,3,249,1,0,0.49198777376385744,-0.032051648572768626,0,0.49198660254478455,-0.03205639868974686
baseline_toeplitz_nested_fusion,44,3,150,1,1,0.9819935768071071,3.9988562291113716,1,0.9819936156272888,3.9988574981689453
baseline_toeplitz_nested_fusion,44,3,263,1,1,0.6697598203376959,0.7070989641202591,1,0.6697590947151184,0.7070955634117126
baseline_toeplitz_nested_fusion,44,3,245,1,1,0.823590705062689,1.5408668547748272,1,0.8235911726951599,1.540870189666748
baseline_toeplitz_nested_fusion,44,3,287,1,0,0.28968346009301427,-0.8969218916157748,0,0.2896858751773834,-0.8969101905822754
baseline_toeplitz_nested_fusion,44,3,247,1,1,0.9506055861079978,2.9572619018742277,1,0.9506059288978577,2.9572701454162598
baseline_toeplitz_nested_fusion,44,3,7,1,1,0.5888960063433316,0.35940339995514253,1,0.5888969898223877,0.3594074845314026
baseline_toeplitz_nested_fusion,44,3,256,0,0,0.19412749573554805,-1.4234104089808899,0,0.19412826001644135,-1.423405647277832
baseline_toeplitz_nested_fusion,44,3,168,1,1,0.9753580315988513,3.6783535936034935,1,0.9753579497337341,3.6783499717712402
baseline_toeplitz_nested_fusion,44,3,78,1,1,0.8599949683714281,1.8152481763319845,1,0.8599932193756104,1.8152340650558472
baseline_toeplitz_nested_fusion,44,3,124,1,1,0.854137129627558,1.7674248179145189,1,0.854137659072876,1.7674288749694824
baseline_toeplitz_nested_fusion,44,3,154,1,1,0.8618499255916227,1.8307405652897706,1,0.8618552684783936,1.8307852745056152
baseline_toeplitz_nested_fusion,44,3,199,0,0,0.18160866040515874,-1.5054864779778783,0,0.18160831928253174,-1.5054887533187866
baseline_toeplitz_nested_fusion,44,3,127,0,0,0.2190507445647041,-1.2712067605774262,0,0.21904832124710083,-1.2712209224700928
baseline_toeplitz_nested_fusion,44,3,37,1,1,0.9167312243258304,2.398740688994619,1,0.9167315363883972,2.398745059967041
baseline_toeplitz_nested_fusion,44,3,151,1,1,0.8567175288307312,1.7882902548975546,1,0.8567160367965698,1.7882781028747559
baseline_toeplitz_nested_fusion,44,3,113,0,1,0.5143114976362285,0.0572616316536112,1,0.5143163800239563,0.0572812482714653
baseline_toeplitz_nested_fusion,44,3,187,1,1,0.5926571160974647,0.3749607153468924,1,0.5926573872566223,0.37496188282966614
baseline_toeplitz_nested_fusion,44,3,92,0,0,0.43346746236978734,-0.26771777962600546,0,0.4334709942340851,-0.26770347356796265
baseline_toeplitz_nested_fusion,44,3,312,0,0,0.0032342495267655836,-5.73071887246961,0,0.0032342502381652594,-5.730718612670898
baseline_toeplitz_nested_fusion,44,3,171,1,0,0.1609451235361706,-1.6512126520360404,0,0.16094450652599335,-1.6512172222137451
baseline_toeplitz_nested_fusion,44,3,101,1,1,0.9718195395823902,3.5405412835676255,1,0.9718195199966431,3.540538787841797
baseline_toeplitz_nested_fusion,44,3,292,1,0,0.36825580964744836,-0.5397067185220641,0,0.36825063824653625,-0.5397288799285889
baseline_toeplitz_nested_fusion,44,4,246,0,0,0.20598169156942908,-1.349319230494754,0,0.20598438382148743,-1.3493027687072754
baseline_toeplitz_nested_fusion,44,4,126,0,0,0.13057912056226004,-1.8958480033047957,0,0.13058161735534668,-1.8958261013031006
baseline_toeplitz_nested_fusion,44,4,224,1,1,0.6188180548413285,0.48453448797110243,1,0.6188151836395264,0.4845222234725952
baseline_toeplitz_nested_fusion,44,4,311,0,0,0.031356615147197606,-3.4304712659660908,0,0.03135683760046959,-3.430464029312134
baseline_toeplitz_nested_fusion,44,4,100,1,1,0.912717233444722,2.347273082679342,1,0.9127170443534851,2.347270965576172
baseline_toeplitz_nested_fusion,44,4,91,1,1,0.9673603157626172,3.389042182058584,1,0.9673609733581543,3.389064311981201
baseline_toeplitz_nested_fusion,44,4,253,1,1,0.8559664861721109,1.7821852162938734,1,0.8559672832489014,1.782191514968872
baseline_toeplitz_nested_fusion,44,4,111,0,0,0.23285732554221492,-1.1922468710282972,0,0.23285816609859467,-1.19224214553833
baseline_toeplitz_nested_fusion,44,4,26,0,0,0.167213975730389,-1.6055024514815939,0,0.16721424460411072,-1.6055004596710205
baseline_toeplitz_nested_fusion,44,4,9,0,0,0.04046960854871307,-3.1658927029926938,0,0.040469519793987274,-3.1658949851989746
baseline_toeplitz_nested_fusion,44,4,20,0,0,0.026567140461123264,-3.6011537231783484,0,0.0265666451305151,-3.601172924041748
baseline_toeplitz_nested_fusion,44,4,272,0,0,0.05676032638944689,-2.8104828084968663,0,0.05676155537366867,-2.810459852218628
baseline_toeplitz_nested_fusion,44,4,60,1,1,0.8905415026455125,2.0962842498297576,1,0.8905405402183533,2.0962743759155273
baseline_toeplitz_nested_fusion,44,4,63,1,1,0.6111002771292864,0.45193953682965626,1,0.6111004948616028,0.4519404470920563
baseline_toeplitz_nested_fusion,44,4,99,0,1,0.5934425875995574,0.37821531913828244,1,0.5934343934059143,0.37818148732185364
baseline_toeplitz_nested_fusion,44,4,95,0,0,0.2860836547847111,-0.9144815246138474,0,0.2860833406448364,-0.9144830703735352
baseline_toeplitz_nested_fusion,44,4,220,1,0,0.2330330182067004,-1.1912635993636995,0,0.23303177952766418,-1.1912705898284912
baseline_toeplitz_nested_fusion,44,4,132,1,1,0.8210713551833384,1.5236229241445138,1,0.8210710883140564,1.523620843887329
baseline_toeplitz_nested_fusion,44,4,62,0,0,0.21106907655795035,-1.3184933105582977,0,0.21107064187526703,-1.3184839487075806
baseline_toeplitz_nested_fusion,44,4,223,1,1,0.6224972882972755,0.5001615201986646,1,0.6224982738494873,0.5001657009124756
baseline_toeplitz_nested_fusion,44,4,181,1,1,0.9600737976070892,3.1799773440763213,1,0.9600738883018494,3.1799800395965576
baseline_toeplitz_nested_fusion,44,4,266,1,1,0.9565835159624952,3.092528913668983,1,0.9565833210945129,3.0925240516662598
baseline_toeplitz_nested_fusion,44,4,274,1,1,0.9228969734671312,2.482375072453207,1,0.9228966236114502,2.482369899749756
baseline_toeplitz_nested_fusion,44,4,109,0,0,0.32396540170822896,-0.7356075303989769,0,0.3239652216434479,-0.7356083393096924
baseline_toeplitz_nested_fusion,44,4,314,0,0,0.075358763917991,-2.5071455816222548,0,0.07536014914512634,-2.5071256160736084
baseline_toeplitz_nested_fusion,44,4,116,1,0,0.30610570176113083,-0.8183891679967042,0,0.3061104416847229,-0.8183668851852417
baseline_toeplitz_nested_fusion,44,4,254,0,0,0.012359224597037513,-4.380916328790914,0,0.012359198182821274,-4.380918502807617
baseline_toeplitz_nested_fusion,44,4,160,0,1,0.5984905811476035,0.39917979517248947,1,0.5984916687011719,0.39918455481529236
baseline_toeplitz_nested_fusion,44,4,47,1,0,0.47611588865137666,-0.09560921016050096,0,0.4761098623275757,-0.09563343226909637
baseline_toeplitz_nested_fusion,44,4,76,0,1,0.6291370735621514,0.5285166321325081,1,0.6291370987892151,0.5285168886184692
baseline_toeplitz_nested_fusion,44,4,74,0,1,0.733620476644597,1.0130697616693642,1,0.7336176633834839,1.0130555629730225
baseline_toeplitz_nested_fusion,44,4,232,1,0,0.24786185541480052,-1.1100484536385558,0,0.24785980582237244,-1.1100594997406006
baseline_toeplitz_nested_fusion,44,4,71,1,0,0.45449670168506834,-0.18251819508903722,0,0.45449650287628174,-0.18251892924308777
baseline_toeplitz_nested_fusion,44,4,284,1,1,0.7990261387578151,1.3802188035399083,1,0.799021303653717,1.3801887035369873
baseline_toeplitz_nested_fusion,44,4,308,0,0,0.03567101083369212,-3.297094174005868,0,0.03567197546362877,-3.2970662117004395
baseline_toeplitz_nested_fusion,44,4,114,0,0,0.12187368503728412,-1.9748053101652914,0,0.12187429517507553,-1.9747995138168335
baseline_toeplitz_nested_fusion,44,4,102,1,0,0.48824833335571177,-0.04701532504593787,0,0.4882492125034332,-0.047011807560920715
baseline_toeplitz_nested_fusion,44,4,281,0,0,0.3894262335363495,-0.4497246560482167,0,0.3894282579421997,-0.4497162401676178
baseline_toeplitz_nested_fusion,44,4,15,1,1,0.6974953810278159,0.835399344807396,1,0.6974978446960449,0.8354110717773438
baseline_toeplitz_nested_fusion,44,4,149,0,0,0.23264646026110747,-1.193427670242116,0,0.2326458841562271,-1.1934309005737305
baseline_toeplitz_nested_fusion,44,4,120,1,1,0.6244111516209513,0.5083139914789462,1,0.6244094967842102,0.5083068013191223
baseline_toeplitz_nested_fusion,44,4,178,1,1,0.9756764171021297,3.691684622237025,1,0.9756765961647034,3.691693067550659
baseline_toeplitz_nested_fusion,44,4,282,0,0,0.3209135329142471,-0.7495767452261959,0,0.3209111988544464,-0.7495874166488647
baseline_toeplitz_nested_fusion,44,4,275,0,1,0.6111993644415742,0.45235649074664375,1,0.6111986041069031,0.4523533582687378
baseline_toeplitz_nested_fusion,44,4,129,1,1,0.9591401002759429,3.155888018926034,1,0.9591403603553772,3.1558940410614014
baseline_toeplitz_nested_fusion,44,4,250,1,0,0.17255232183513575,-1.5676453709813858,0,0.17254969477653503,-1.5676636695861816
baseline_toeplitz_nested_fusion,44,4,123,0,0,0.006082203449835995,-5.096287463752938,0,0.0060822078958153725,-5.096286773681641
baseline_toeplitz_nested_fusion,44,4,177,1,1,0.6039860141916725,0.42210151402630425,1,0.6039888858795166,0.4221135079860687
baseline_toeplitz_nested_fusion,44,4,142,1,1,0.6884089144546726,0.7926913088414551,1,0.6884089112281799,0.7926912307739258
baseline_toeplitz_nested_fusion,44,4,89,1,1,0.7022151796335215,0.8578687343780391,1,0.7022144794464111,0.857865571975708
baseline_toeplitz_nested_fusion,44,4,61,0,0,0.14373231616783963,-1.7846303878665954,0,0.1437315195798874,-1.7846368551254272
baseline_toeplitz_nested_fusion,44,4,104,1,0,0.20197563843300856,-1.3739920369518368,0,0.20197337865829468,-1.3740060329437256
baseline_toeplitz_nested_fusion,44,4,258,0,0,0.21271261051441365,-1.3086513443968881,0,0.21271000802516937,-1.3086669445037842
baseline_toeplitz_nested_fusion,44,4,241,1,1,0.6926861095697652,0.8127072825907606,1,0.6926859617233276,0.8127067685127258
baseline_toeplitz_nested_fusion,44,4,183,0,1,0.5612184594890841,0.2461085811752689,1,0.5612213611602783,0.24612025916576385
baseline_toeplitz_nested_fusion,44,4,217,0,0,0.050058839656978056,-2.943200939506008,0,0.05005858466029167,-2.943206310272217
baseline_toeplitz_nested_fusion,44,4,96,1,1,0.7426135444030442,1.0595971070213612,1,0.7426104545593262,1.0595810413360596
baseline_toeplitz_nested_fusion,44,4,27,0,1,0.5538844154459247,0.21637795196311485,1,0.5538829565048218,0.21637211740016937
baseline_toeplitz_nested_fusion,44,4,136,0,0,0.22635854151150783,-1.228988325309453,0,0.22636108100414276,-1.2289737462997437
baseline_toeplitz_nested_fusion,44,4,267,1,0,0.4652801538804903,-0.13910325199760648,0,0.4652805030345917,-0.13910186290740967
baseline_toeplitz_nested_fusion,44,4,34,1,1,0.9004528609886924,2.2022665247647524,1,0.900453507900238,2.2022740840911865
baseline_toeplitz_nested_fusion,44,4,117,0,0,0.001347644578032412,-6.608048413938462,0,0.0013476214371621609,-6.608065605163574
baseline_toeplitz_nested_fusion,44,4,265,0,1,0.624444816182372,0.5084575395555522,1,0.6244449019432068,0.5084578990936279
baseline_toeplitz_nested_fusion,44,5,90,1,1,0.8983810181496337,2.179363927764519,1,0.8983807563781738,2.179361343383789
baseline_toeplitz_nested_fusion,44,5,240,0,0,0.374524456837714,-0.5128551233493173,0,0.37452882528305054,-0.5128364562988281
baseline_toeplitz_nested_fusion,44,5,94,0,1,0.6470817498303724,0.6062361944612374,1,0.6470819115638733,0.6062368750572205
baseline_toeplitz_nested_fusion,44,5,38,0,1,0.626008264503184,0.5151298735264354,1,0.626006543636322,0.5151224732398987
baseline_toeplitz_nested_fusion,44,5,190,0,0,0.4580362864708138,-0.16825064091228625,0,0.45803555846214294,-0.1682535856962204
baseline_toeplitz_nested_fusion,44,5,16,1,1,0.6010646822861142,0.4099032604245548,1,0.6010630130767822,0.4098963439464569
baseline_toeplitz_nested_fusion,44,5,83,1,1,0.8646361426603997,1.8543423817669056,1,0.8646370768547058,1.8543504476547241
baseline_toeplitz_nested_fusion,44,5,243,0,1,0.7238099050570224,0.9634394174030627,1,0.7238093018531799,0.963436484336853
baseline_toeplitz_nested_fusion,44,5,157,0,0,0.3290339210504355,-0.7125577337652258,0,0.3290327191352844,-0.7125632762908936
baseline_toeplitz_nested_fusion,44,5,228,0,0,0.305638765592455,-0.8205884357536699,0,0.30564069747924805,-0.8205792903900146
baseline_toeplitz_nested_fusion,44,5,36,1,1,0.7678154720096765,1.196016998668799,1,0.7678155899047852,1.1960177421569824
baseline_toeplitz_nested_fusion,44,5,196,0,1,0.6335592868200344,0.5475168381383143,1,0.633558452129364,0.5475131869316101
baseline_toeplitz_nested_fusion,44,5,67,0,0,0.4446371141582627,-0.22236327275926612,0,0.4446369707584381,-0.22236374020576477
baseline_toeplitz_nested_fusion,44,5,188,1,1,0.9002225616640673,2.1996999345090584,1,0.9002225995063782,2.199700355529785
baseline_toeplitz_nested_fusion,44,5,206,1,1,0.6236498580254751,0.5050691471995897,1,0.6236489415168762,0.5050652027130127
baseline_toeplitz_nested_fusion,44,5,304,1,1,0.9898638468458962,4.581458852412038,1,0.9898638129234314,4.581460952758789
baseline_toeplitz_nested_fusion,44,5,290,0,0,0.2761678019545867,-0.9635509357975689,0,0.27616652846336365,-0.963557243347168
baseline_toeplitz_nested_fusion,44,5,141,1,1,0.9780143668419875,3.795135158185613,1,0.978014349937439,3.7951340675354004
baseline_toeplitz_nested_fusion,44,5,18,0,0,0.07041734719625374,-2.5802960831501562,0,0.07041677087545395,-2.5803048610687256
baseline_toeplitz_nested_fusion,44,5,49,1,1,0.8080596874395524,1.4374514747702654,1,0.8080593347549438,1.43744957447052
baseline_toeplitz_nested_fusion,44,5,231,0,0,0.06932895988129713,-2.597043164062529,0,0.06932932883501053,-2.5970375537872314
baseline_toeplitz_nested_fusion,44,5,35,1,1,0.9810712820126622,3.9479648804594047,1,0.9810710549354553,3.947950839996338
baseline_toeplitz_nested_fusion,44,5,29,0,0,0.04684260212216816,-3.0129869598282175,0,0.04684248939156532,-3.0129895210266113
baseline_toeplitz_nested_fusion,44,5,13,0,0,0.11287690287919425,-2.061685881964792,0,0.11287757009267807,-2.0616791248321533
baseline_toeplitz_nested_fusion,44,5,1,1,1,0.7593430328059778,1.1490810820317785,1,0.7593439221382141,1.1490857601165771
baseline_toeplitz_nested_fusion,44,5,45,0,0,0.3010368203937228,-0.8423654808757709,0,0.3010340929031372,-0.8423784375190735
baseline_toeplitz_nested_fusion,44,5,42,0,0,0.4610958866715943,-0.1559316392468174,0,0.46109774708747864,-0.15592418611049652
baseline_toeplitz_nested_fusion,44,5,88,1,1,0.8604318911865992,1.818881744907101,1,0.8604323267936707,1.8188852071762085
baseline_toeplitz_nested_fusion,44,5,8,0,1,0.7133214718142504,0.911570713796183,1,0.7133215069770813,0.9115709662437439
baseline_toeplitz_nested_fusion,44,5,255,1,1,0.9147649540439513,2.3732544646782108,1,0.9147655963897705,2.3732619285583496
baseline_toeplitz_nested_fusion,44,5,264,1,1,0.7638746772687703,1.17404104812077,1,0.7638738751411438,1.1740367412567139
baseline_toeplitz_nested_fusion,44,5,14,1,1,0.8381897961796078,1.6448204948867575,1,0.8381878137588501,1.6448060274124146
baseline_toeplitz_nested_fusion,44,5,257,0,0,0.10770851406575759,-2.1143642225797787,0,0.10770761221647263,-2.1143736839294434
baseline_toeplitz_nested_fusion,44,5,46,1,1,0.6805558263790524,0.7563273279217816,1,0.6805557012557983,0.7563267350196838
baseline_toeplitz_nested_fusion,44,5,237,1,1,0.857897524825951,1.7979362039323123,1,0.8578983545303345,1.797943115234375
baseline_toeplitz_nested_fusion,44,5,108,1,1,0.9385563205350876,2.7262218912809355,1,0.9385560154914856,2.7262160778045654
baseline_toeplitz_nested_fusion,44,5,302,1,1,0.9213007275232965,2.460152594664736,1,0.9213008284568787,2.4601540565490723
baseline_toeplitz_nested_fusion,44,5,288,1,1,0.7239970769686707,0.9643758986871853,1,0.7239964604377747,0.9643728733062744
baseline_toeplitz_nested_fusion,44,5,64,0,0,0.3849659577427626,-0.4685227106073754,0,0.38496527075767517,-0.4685257077217102
baseline_toeplitz_nested_fusion,44,5,276,0,0,0.25324907063333174,-1.081358228281783,0,0.2532483637332916,-1.0813618898391724
baseline_toeplitz_nested_fusion,44,5,301,1,0,0.4841417570149213,-0.06345425461293044,0,0.4841430187225342,-0.06344930082559586
baseline_toeplitz_nested_fusion,44,5,21,0,0,0.017337862726611197,-4.037372648414747,0,0.01733771152794361,-4.037381649017334
baseline_toeplitz_nested_fusion,44,5,31,0,0,0.0711163589849137,-2.56966608458177,0,0.07111730426549911,-2.5696518421173096
baseline_toeplitz_nested_fusion,44,5,248,1,1,0.9682215032528722,3.4166710286371202,1,0.9682214856147766,3.4166693687438965
baseline_toeplitz_nested_fusion,44,5,112,1,1,0.9804820783793657,3.9167112664634938,1,0.9804822206497192,3.916718006134033
baseline_toeplitz_nested_fusion,44,5,180,0,0,0.18555407834643042,-1.479161664270111,0,0.18555429577827454,-1.479160189628601
baseline_toeplitz_nested_fusion,44,5,219,1,1,0.7265035523068712,0.9769547391628037,1,0.7265018820762634,0.9769464731216431
baseline_toeplitz_nested_fusion,44,5,297,1,1,0.8780770402008161,1.9743449666774007,1,0.8780766725540161,1.9743412733078003
baseline_toeplitz_nested_fusion,44,5,185,0,0,0.03834895454723279,-3.2219243796322217,0,0.038348667323589325,-3.2219321727752686
baseline_toeplitz_nested_fusion,44,5,146,1,1,0.7698531889078739,1.2074824185262831,1,0.7698550820350647,1.2074931859970093
baseline_toeplitz_nested_fusion,44,5,236,1,1,0.7934058542080811,1.3455786663566962,1,0.7934061884880066,1.3455805778503418
baseline_toeplitz_nested_fusion,44,5,211,1,1,0.5665408474486473,0.2677516181297622,1,0.5665378570556641,0.267739474773407
baseline_toeplitz_nested_fusion,44,5,173,1,1,0.7889356702493701,1.318521816906855,1,0.7889357805252075,1.318522334098816
baseline_toeplitz_nested_fusion,44,5,156,0,0,0.14150556105559256,-1.8028411856173499,0,0.1415051370859146,-1.8028446435928345
baseline_toeplitz_nested_fusion,44,5,229,0,0,0.09543129248454078,-2.2490517256904905,0,0.0954313725233078,-2.2490508556365967
baseline_toeplitz_nested_fusion,44,5,43,0,1,0.8572665760181549,1.7927702048496346,1,0.8572647571563721,1.7927550077438354
baseline_toeplitz_nested_fusion,44,5,148,0,1,0.663588383277035,0.6793265925800792,1,0.663590133190155,0.6793344020843506
baseline_toeplitz_nested_fusion,44,5,70,0,0,0.11863591971506064,-2.0054114934677587,0,0.11863540858030319,-2.0054163932800293
baseline_toeplitz_nested_fusion,44,5,41,1,1,0.6981022746823663,0.8382773152327807,1,0.6981040835380554,0.8382859230041504
baseline_toeplitz_nested_fusion,44,5,235,0,0,0.016405155515858874,-4.093618422699959,0,0.016405226662755013,-4.093614101409912
baseline_toeplitz_nested_fusion,44,5,5,1,1,0.9288741682520645,2.569522694491982,1,0.928873598575592,2.569514274597168
baseline_toeplitz_nested_fusion,44,5,159,0,0,0.3640500345548997,-0.5578285738028964,0,0.36405009031295776,-0.5578283667564392
